/* Auto-generated by tools/font_gen/gen_fonts.js. Do not edit. */
#include <prim/text.h>
#include <ui/fonts.h>   /* UI_API extern decl -> correct visibility */

static const uint8_t ui_font_mono_16_bmp[] = {
    0x0b, 0x80, 0x0f, 0xb0, 0x0f, 0xb0, 0x0f, 0xa0, 0x0f, 0x80, 0x0f, 0x80, 0x0f, 0x80, 0x0f, 0x80,
    0x08, 0x40, 0x00, 0x00, 0x4d, 0xb0, 0x5f, 0xe0, 0x00, 0x00, 0x8b, 0x03, 0xb6, 0xbf, 0x04, 0xf8,
    0xbf, 0x04, 0xf6, 0xbb, 0x04, 0xf4, 0xbb, 0x04, 0xf4, 0x00, 0x00, 0x00, 0x00, 0x08, 0x60, 0x0b,
    0x30, 0x00, 0x0b, 0x70, 0x2f, 0x10, 0x00, 0x0f, 0x40, 0x4e, 0x00, 0x08, 0x8f, 0x88, 0xbd, 0x80,
    0x0b, 0xde, 0xbb, 0xed, 0xb0, 0x00, 0x8a, 0x00, 0xc6, 0x00, 0x00, 0xb8, 0x00, 0xf3, 0x00, 0x48,
    0xda, 0x89, 0xf8, 0x40, 0x6b, 0xfb, 0xbd, 0xeb, 0x60, 0x04, 0xf0, 0x08, 0x90, 0x00, 0x07, 0xb0,
    0x0b, 0x80, 0x00, 0x08, 0x80, 0x0e, 0x40, 0x00, 0x00, 0x0b, 0x40, 0x00, 0x00, 0x0b, 0x40, 0x00,
    0x02, 0x9e, 0xc8, 0x10, 0x2e, 0xde, 0xbf, 0xc0, 0x8f, 0x2b, 0x47, 0xf4, 0x8f, 0x0b, 0x41, 0x41,
    0x6f, 0x8b, 0x40, 0x00, 0x0c, 0xff, 0x93, 0x00, 0x01, 0x7e, 0xff, 0x80, 0x00, 0x0b, 0x6b, 0xf3,
    0x00, 0x0b, 0x42, 0xf8, 0xdc, 0x0b, 0x42, 0xf8, 0x8f, 0x9c, 0x8c, 0xe2, 0x08, 0xff, 0xfd, 0x40,
    0x00, 0x0b, 0x50, 0x00, 0x00, 0x0b, 0x40, 0x00, 0x00, 0x03, 0x10, 0x00, 0x19, 0xb8, 0x10, 0x01,
    0xa3, 0x9c, 0x6d, 0x80, 0x0a, 0x90, 0xb8, 0x08, 0xb0, 0x5d, 0x10, 0xb8, 0x08, 0xb1, 0xe4, 0x00,
    0x8e, 0x8e, 0x7a, 0x80, 0x00, 0x07, 0x86, 0x6d, 0x10, 0x00, 0x00, 0x02, 0xe3, 0x34, 0x00, 0x00,
    0x0b, 0x89, 0xed, 0xc1, 0x00, 0x7c, 0x0f, 0x50, 0xd6, 0x03, 0xe3, 0x0f, 0x40, 0xb8, 0x0c, 0x70,
    0x0f, 0x62, 0xe5, 0x8b, 0x00, 0x06, 0xff, 0xb0, 0x00, 0x00, 0x00, 0x00, 0x00, 0x00, 0x3a, 0xba,
    0x30, 0x00, 0x01, 0xed, 0x8c, 0xe2, 0x00, 0x04, 0xf5, 0x02, 0xf7, 0x00, 0x02, 0xf7, 0x00, 0x42,
    0x00, 0x00, 0x8e, 0x30, 0x00, 0x00, 0x04, 0xbf, 0xc1, 0x00, 0x00, 0x4f, 0xb8, 0xe9, 0x03, 0xb6,
    0x8f, 0x10, 0x5f, 0x8d, 0xb0, 0xbf, 0x00, 0x08, 0xfd, 0x10, 0x8f, 0x00, 0x08, 0xfd, 0x10, 0x6f,
    0x94, 0x8f, 0x7e, 0xb0, 0x08, 0xff, 0xe6, 0x04, 0xf8, 0x00, 0x03, 0x00, 0x00, 0x00, 0x0b, 0x80,
    0xfb, 0x0f, 0xa0, 0xf8, 0x0f, 0x80, 0x00, 0x00, 0x00, 0x14, 0x00, 0x08, 0xeb, 0x00, 0x9f, 0xa3,
    0x05, 0xf8, 0x00, 0x0b, 0xd0, 0x00, 0x0f, 0x90, 0x00, 0x0f, 0x80, 0x00, 0x0f, 0x80, 0x00, 0x0f,
    0x80, 0x00, 0x0f, 0x80, 0x00, 0x0f, 0x80, 0x00, 0x0d, 0xc0, 0x00, 0x08, 0xf4, 0x00, 0x01, 0xee,
    0x30, 0x00, 0x3e, 0xf8, 0x00, 0x01, 0x89, 0x24, 0x00, 0x00, 0x4f, 0xd3, 0x00, 0x05, 0xdf, 0x40,
    0x00, 0x1d, 0xe1, 0x00, 0x06, 0xf6, 0x00, 0x00, 0xf9, 0x00, 0x00, 0xdb, 0x00, 0x00, 0xbb, 0x00,
    0x00, 0xbb, 0x00, 0x00, 0xbb, 0x00, 0x00, 0xfb, 0x00, 0x02, 0xf8, 0x00, 0x09, 0xf2, 0x00, 0x7f,
    0x80, 0x3d, 0xf9, 0x10, 0x4a, 0x60, 0x00, 0x00, 0x00, 0xf8, 0x00, 0x00, 0x00, 0x00, 0xf8, 0x00,
    0x00, 0x18, 0x30, 0xe8, 0x06, 0x70, 0x4e, 0xfb, 0xdb, 0xef, 0xb0, 0x00, 0x59, 0xfd, 0x83, 0x00,
    0x00, 0x0c, 0xcf, 0x60, 0x00, 0x00, 0x8f, 0x28, 0xf3, 0x00, 0x02, 0xe8, 0x01, 0xc9, 0x00, 0x00,
    0x20, 0x00, 0x20, 0x00, 0x00, 0x00, 0x00, 0x00, 0x00, 0x0f, 0x80, 0x00, 0x00, 0x0f, 0x80, 0x00,
    0x00, 0x0f, 0x80, 0x00, 0xff, 0xff, 0xff, 0xf8, 0x88, 0x8f, 0xb8, 0x84, 0x00, 0x0f, 0x80, 0x00,
    0x00, 0x0f, 0x80, 0x00, 0x00, 0x08, 0x40, 0x00, 0x04, 0x40, 0x0f, 0xc0, 0x3f, 0x80, 0x6f, 0x60,
    0x8f, 0x20, 0x68, 0x00, 0xbf, 0xff, 0xf4, 0x68, 0x88, 0x82, 0x17, 0x50, 0x8f, 0xf2, 0x5f, 0xe1,
    0x02, 0x10, 0x00, 0x00, 0x01, 0x42, 0x00, 0x00, 0x08, 0xf2, 0x00, 0x00, 0x0d, 0xc0, 0x00, 0x00,
    0x4f, 0x60, 0x00, 0x00, 0x9f, 0x10, 0x00, 0x01, 0xe9, 0x00, 0x00, 0x06, 0xf5, 0x00, 0x00, 0x0b,
    0xd0, 0x00, 0x00, 0x2f, 0x80, 0x00, 0x00, 0x8f, 0x20, 0x00, 0x00, 0xdc, 0x00, 0x00, 0x04, 0xf6,
    0x00, 0x00, 0x09, 0xf1, 0x00, 0x00, 0x1e, 0x90, 0x00, 0x00, 0x6f, 0x50, 0x00, 0x00, 0x8a, 0x00,
    0x00, 0x00, 0x03, 0x9b, 0xb8, 0x10, 0x3e, 0xd8, 0x9f, 0xb0, 0x9e, 0x10, 0x07, 0xf3, 0xbb, 0x00,
    0x04, 0xf4, 0xbb, 0x00, 0x04, 0xf4, 0xbb, 0x1a, 0x84, 0xf4, 0xbb, 0x2e, 0xa4, 0xf4, 0xbb, 0x00,
    0x04, 0xf4, 0xbb, 0x00, 0x04, 0xf4, 0xad, 0x00, 0x05, 0xf4, 0x5f, 0xa4, 0x5e, 0xd0, 0x08, 0xef,
    0xfb, 0x30, 0x00, 0x03, 0x20, 0x00, 0x00, 0x4b, 0xb3, 0x00, 0x08, 0xfe, 0xf4, 0x00, 0x7f, 0x88,
    0xf4, 0x00, 0x74, 0x08, 0xf4, 0x00, 0x00, 0x08, 0xf4, 0x00, 0x00, 0x08, 0xf4, 0x00, 0x00, 0x08,
    0xf4, 0x00, 0x00, 0x08, 0xf4, 0x00, 0x00, 0x08, 0xf4, 0x00, 0x00, 0x08, 0xf4, 0x00, 0x48, 0x8b,
    0xf9, 0x86, 0x8f, 0xff, 0xff, 0xfb, 0x03, 0x9b, 0xb8, 0x00, 0x3e, 0xd8, 0xaf, 0xb0, 0x9e, 0x10,
    0x08, 0xf3, 0x88, 0x00, 0x04, 0xf4, 0x00, 0x00, 0x07, 0xf3, 0x00, 0x00, 0x1e, 0xb0, 0x00, 0x01,
    0xce, 0x30, 0x00, 0x1c, 0xe3, 0x00, 0x00, 0xaf, 0x60, 0x00, 0x09, 0xf6, 0x00, 0x00, 0x8f, 0xc8,
    0x88, 0x84, 0xbf, 0xff, 0xff, 0xf8, 0x6b, 0xbb, 0xbb, 0xb0, 0x6b, 0xbb, 0xbf, 0xe0, 0x00, 0x00,
    0x9e, 0x30, 0x00, 0x09, 0xf4, 0x00, 0x00, 0x7f, 0x91, 0x00, 0x00, 0xbf, 0xfe, 0x40, 0x00, 0x00,
    0x2c, 0xe0, 0x00, 0x00, 0x06, 0xf4, 0x43, 0x00, 0x04, 0xf4, 0xdc, 0x00, 0x07, 0xf3, 0x8f, 0x84,
    0x6e, 0xc0, 0x08, 0xff, 0xfb, 0x30, 0x00, 0x04, 0x10, 0x00, 0x00, 0x00, 0x9a, 0x00, 0x00, 0x7f,
    0x70, 0x00, 0x1e, 0xb0, 0x00, 0x0a, 0xf2, 0x00, 0x04, 0xf8, 0x00, 0x01, 0xdd, 0x00, 0x8b, 0x8f,
    0x40, 0x0b, 0xff, 0xb0, 0x00, 0xbf, 0xff, 0xff, 0xff, 0xf8, 0x88, 0x88, 0xdf, 0x00, 0x00, 0x0b,
    0xf0, 0x00, 0x00, 0xbf, 0x6b, 0xbb, 0xbb, 0xb0, 0x8f, 0xbb, 0xbb, 0xb0, 0x8f, 0x00, 0x00, 0x00,
    0x8f, 0x00, 0x00, 0x00, 0x8f, 0x44, 0x41, 0x00, 0x8f, 0xff, 0xfe, 0x60, 0x00, 0x00, 0x3c, 0xe1,
    0x00, 0x00, 0x05, 0xf4, 0x33, 0x00, 0x04, 0xf4, 0xbc, 0x00, 0x06, 0xf4, 0x8f, 0xa4, 0x6e, 0xd0,
    0x08, 0xff, 0xfb, 0x30, 0x00, 0x03, 0x10, 0x00, 0x00, 0x00, 0x5b, 0x40, 0x00, 0x00, 0x1d, 0xc0,
    0x00, 0x00, 0x08, 0xf4, 0x00, 0x00, 0x01, 0xea, 0x00, 0x00, 0x00, 0x9e, 0x44, 0x00, 0x00, 0x2f,
    0xdf, 0xfe, 0x60, 0x09, 0xf7, 0x02, 0xbf, 0x20, 0xea, 0x00, 0x02, 0xf8, 0x0f, 0x80, 0x00, 0x0f,
    0x80, 0xdc, 0x00, 0x03, 0xf7, 0x08, 0xfa, 0x45, 0xde, 0x20, 0x08, 0xef, 0xfd, 0x30, 0x00, 0x00,
    0x32, 0x00, 0x00, 0x8b, 0xbb, 0xbb, 0xb8, 0xbe, 0xbb, 0xbb, 0xfb, 0xbb, 0x00, 0x03, 0xf8, 0x88,
    0x00, 0x09, 0xf2, 0x00, 0x00, 0x1e, 0xa0, 0x00, 0x00, 0x7f, 0x50, 0x00, 0x00, 0xdd, 0x00, 0x00,
    0x04, 0xf7, 0x00, 0x00, 0x09, 0xf1, 0x00, 0x00, 0x1f, 0x90, 0x00, 0x00, 0x8f, 0x40, 0x00, 0x00,
    0xdd, 0x00, 0x00, 0x03, 0x9b, 0xb8, 0x10, 0x2e, 0xe8, 0x9f, 0xb0, 0x8f, 0x20, 0x08, 0xf3, 0xaf,
    0x00, 0x04, 0xf4, 0x6f, 0x50, 0x0a, 0xe1, 0x08, 0xec, 0xdc, 0x30, 0x3d, 0xd8, 0xaf, 0x80, 0xbd,
    0x10, 0x06, 0xf6, 0xf8, 0x00, 0x00, 0xf8, 0xeb, 0x00, 0x02, 0xf8, 0x8f, 0xa4, 0x5c, 0xe2, 0x08,
    0xef, 0xfd, 0x40, 0x00, 0x03, 0x20, 0x00, 0x00, 0x39, 0xbb, 0x81, 0x00, 0x3f, 0xd8, 0x9f, 0xc0,
    0x0c, 0xd1, 0x00, 0x7f, 0x60, 0xf8, 0x00, 0x00, 0xf8, 0x0f, 0x90, 0x00, 0x0f, 0x80, 0xae, 0x30,
    0x07, 0xf5, 0x03, 0xee, 0xbc, 0xfd, 0x00, 0x01, 0x78, 0xaf, 0x60, 0x00, 0x00, 0x1d, 0xc0, 0x00,
    0x00, 0x08, 0xf4, 0x00, 0x00, 0x02, 0xfb, 0x00, 0x00, 0x00, 0xaf, 0x20, 0x00, 0x5e, 0xc1, 0x8f,
    0xf3, 0x17, 0x50, 0x00, 0x00, 0x00, 0x00, 0x00, 0x00, 0x04, 0x20, 0x7f, 0xf2, 0x7f, 0xe1, 0x02,
    0x10, 0x5e, 0xc1, 0x8f, 0xf3, 0x18, 0x60, 0x00, 0x00, 0x00, 0x00, 0x00, 0x00, 0x04, 0x40, 0x1f,
    0xb0, 0x4f, 0x80, 0x7f, 0x40, 0x9f, 0x10, 0x67, 0x00, 0x00, 0x00, 0x00, 0x22, 0x00, 0x00, 0x29,
    0xf4, 0x00, 0x4b, 0xfc, 0x60, 0x4b, 0xfb, 0x40, 0x00, 0xbd, 0x40, 0x00, 0x00, 0x8f, 0xd6, 0x00,
    0x00, 0x02, 0x9f, 0xd6, 0x00, 0x00, 0x02, 0x9f, 0xd3, 0x00, 0x00, 0x02, 0x94, 0xbf, 0xff, 0xff,
    0xf4, 0x68, 0x88, 0x88, 0x82, 0x00, 0x00, 0x00, 0x00, 0x00, 0x00, 0x00, 0x00, 0xbf, 0xff, 0xff,
    0xf4, 0x34, 0x44, 0x44, 0x41, 0x51, 0x00, 0x00, 0x00, 0xbe, 0x81, 0x00, 0x00, 0x29, 0xee, 0x81,
    0x00, 0x00, 0x18, 0xee, 0x81, 0x00, 0x00, 0x18, 0xf4, 0x00, 0x01, 0x8e, 0xe3, 0x02, 0x8e, 0xd8,
    0x10, 0x8f, 0xd6, 0x00, 0x00, 0x96, 0x00, 0x00, 0x00, 0xbb, 0xa7, 0x10, 0xbb, 0xcf, 0xe2, 0x00,
    0x03, 0xf9, 0x00, 0x00, 0xbb, 0x00, 0x00, 0xdb, 0x03, 0x5a, 0xf6, 0x0b, 0xfe, 0x80, 0x0b, 0xb0,
    0x00, 0x06, 0x60, 0x00, 0x00, 0x00, 0x00, 0x2d, 0xd1, 0x00, 0x3f, 0xe2, 0x00, 0x00, 0x00, 0x00,
    0x00, 0x29, 0xbb, 0x93, 0x00, 0x04, 0xeb, 0x77, 0xbe, 0x30, 0x0d, 0xa0, 0x00, 0x0b, 0xa0, 0x3f,
    0x30, 0x00, 0x07, 0xf0, 0x4f, 0x00, 0x5b, 0xa7, 0xf0, 0x4f, 0x00, 0xe9, 0x4b, 0xf0, 0x4f, 0x04,
    0xf4, 0x06, 0xf0, 0x4f, 0x04, 0xf4, 0x04, 0xf0, 0x4f, 0x04, 0xf4, 0x05, 0xf0, 0x4f, 0x01, 0xf7,
    0x0a, 0xd0, 0x4f, 0x00, 0x6e, 0xfd, 0x30, 0x3f, 0x40, 0x00, 0x00, 0x00, 0x0d, 0xb0, 0x00, 0x00,
    0x00, 0x03, 0xed, 0x88, 0x80, 0x00, 0x00, 0x29, 0xbf, 0xf0, 0x00, 0x00, 0x04, 0xba, 0x00, 0x00,
    0x00, 0x8f, 0xf3, 0x00, 0x00, 0x0c, 0x9f, 0x70, 0x00, 0x01, 0xf7, 0xca, 0x00, 0x00, 0x5f, 0x38,
    0xe0, 0x00, 0x08, 0xe0, 0x5f, 0x30, 0x00, 0xca, 0x01, 0xf7, 0x00, 0x2f, 0x94, 0x4d, 0xa0, 0x06,
    0xff, 0xff, 0xfe, 0x00, 0x9e, 0x00, 0x06, 0xf3, 0x0d, 0xa0, 0x00, 0x2f, 0x82, 0xf8, 0x00, 0x00,
    0xdb, 0x6b, 0xbb, 0x96, 0x00, 0x8f, 0xbb, 0xcf, 0x90, 0x8f, 0x00, 0x0a, 0xf3, 0x8f, 0x00, 0x04,
    0xf4, 0x8f, 0x00, 0x0a, 0xe1, 0x8f, 0xbb, 0xdc, 0x30, 0x8f, 0x88, 0xaf, 0x80, 0x8f, 0x00, 0x07,
    0xf4, 0x8f, 0x00, 0x00, 0xf8, 0x8f, 0x00, 0x04, 0xf8, 0x8f, 0x88, 0x8e, 0xe2, 0x8f, 0xff, 0xfb,
    0x30, 0x02, 0x9b, 0xb8, 0x10, 0x1e, 0xe8, 0x9f, 0xc0, 0x7f, 0x40, 0x06, 0xf5, 0x8f, 0x00, 0x02,
    0x84, 0x8f, 0x00, 0x00, 0x00, 0x8f, 0x00, 0x00, 0x00, 0x8f, 0x00, 0x00, 0x00, 0x8f, 0x00, 0x00,
    0x00, 0x8f, 0x00, 0x01, 0x42, 0x8f, 0x10, 0x05, 0xf6, 0x3f, 0xc4, 0x5c, 0xe1, 0x06, 0xef, 0xfd,
    0x30, 0x00, 0x03, 0x20, 0x00, 0x6b, 0xbb, 0x84, 0x00, 0x8f, 0xbb, 0xdf, 0x60, 0x8f, 0x00, 0x0a,
    0xf1, 0x8f, 0x00, 0x05, 0xf4, 0x8f, 0x00, 0x04, 0xf4, 0x8f, 0x00, 0x04, 0xf4, 0x8f, 0x00, 0x04,
    0xf4, 0x8f, 0x00, 0x04, 0xf4, 0x8f, 0x00, 0x04, 0xf4, 0x8f, 0x00, 0x08, 0xf2, 0x8f, 0x88, 0x9f,
    0xa0, 0x8f, 0xff, 0xe8, 0x10, 0x6b, 0xbb, 0xbb, 0xb3, 0x8f, 0xbb, 0xbb, 0xb3, 0x8f, 0x00, 0x00,
    0x00, 0x8f, 0x00, 0x00, 0x00, 0x8f, 0x00, 0x00, 0x00, 0x8f, 0xbb, 0xbb, 0x80, 0x8f, 0x88, 0x88,
    0x60, 0x8f, 0x00, 0x00, 0x00, 0x8f, 0x00, 0x00, 0x00, 0x8f, 0x00, 0x00, 0x00, 0x8f, 0x88, 0x88,
    0x82, 0x8f, 0xff, 0xff, 0xf4, 0x6b, 0xbb, 0xbb, 0xb6, 0x8f, 0xbb, 0xbb, 0xb6, 0x8f, 0x00, 0x00,
    0x00, 0x8f, 0x00, 0x00, 0x00, 0x8f, 0x00, 0x00, 0x00, 0x8f, 0x88, 0x88, 0x80, 0x8f, 0xff, 0xff,
    0xf0, 0x8f, 0x00, 0x00, 0x00, 0x8f, 0x00, 0x00, 0x00, 0x8f, 0x00, 0x00, 0x00, 0x8f, 0x00, 0x00,
    0x00, 0x8f, 0x00, 0x00, 0x00, 0x02, 0x9b, 0xb8, 0x10, 0x2e, 0xe8, 0x9f, 0xb0, 0x8f, 0x30, 0x07,
    0xf3, 0xbf, 0x00, 0x02, 0x82, 0xbf, 0x00, 0x00, 0x00, 0xbf, 0x02, 0x44, 0x41, 0xbf, 0x08, 0xff,
    0xf4, 0xbf, 0x02, 0x47, 0xf4, 0xbf, 0x00, 0x04, 0xf4, 0x8f, 0x10, 0x05, 0xf4, 0x4f, 0xa4, 0x5e,
    0xe1, 0x06, 0xef, 0xfd, 0x30, 0x00, 0x03, 0x20, 0x00, 0x6b, 0x00, 0x06, 0xb3, 0x8f, 0x00, 0x08,
    0xf4, 0x8f, 0x00, 0x08, 0xf4, 0x8f, 0x00, 0x08, 0xf4, 0x8f, 0x00, 0x08, 0xf4, 0x8f, 0xbb, 0xbd,
    0xf4, 0x8f, 0xbb, 0xbd, 0xf4, 0x8f, 0x00, 0x08, 0xf4, 0x8f, 0x00, 0x08, 0xf4, 0x8f, 0x00, 0x08,
    0xf4, 0x8f, 0x00, 0x08, 0xf4, 0x8f, 0x00, 0x08, 0xf4, 0x6b, 0xbb, 0xbb, 0xb6, 0xbb, 0xfd, 0xbb,
    0x00, 0x0f, 0x80, 0x00, 0x00, 0xf8, 0x00, 0x00, 0x0f, 0x80, 0x00, 0x00, 0xf8, 0x00, 0x00, 0x0f,
    0x80, 0x00, 0x00, 0xf8, 0x00, 0x00, 0x0f, 0x80, 0x00, 0x00, 0xf8, 0x00, 0x48, 0x8f, 0xb8, 0x88,
    0xff, 0xff, 0xff, 0x00, 0x00, 0x00, 0x6b, 0x00, 0x00, 0x00, 0x8f, 0x00, 0x00, 0x00, 0x8f, 0x00,
    0x00, 0x00, 0x8f, 0x00, 0x00, 0x00, 0x8f, 0x00, 0x00, 0x00, 0x8f, 0x00, 0x00, 0x00, 0x8f, 0x00,
    0x00, 0x00, 0x8f, 0x28, 0x20, 0x00, 0x8f, 0x4f, 0x60, 0x00, 0xcd, 0x0d, 0xe6, 0x48, 0xf8, 0x03,
    0xbf, 0xff, 0x80, 0x00, 0x01, 0x40, 0x00, 0x6b, 0x00, 0x01, 0xb8, 0x8f, 0x00, 0x08, 0xf4, 0x8f,
    0x00, 0x1e, 0xb0, 0x8f, 0x00, 0x8f, 0x40, 0x8f, 0x01, 0xeb, 0x00, 0x8f, 0xbc, 0xf4, 0x00, 0x8f,
    0xbc, 0xf4, 0x00, 0x8f, 0x01, 0xeb, 0x00, 0x8f, 0x00, 0x8f, 0x40, 0x8f, 0x00, 0x1e, 0xb0, 0x8f,
    0x00, 0x08, 0xf4, 0x8f, 0x00, 0x01, 0xeb, 0xb8, 0x00, 0x00, 0x0f, 0xb0, 0x00, 0x00, 0xfb, 0x00,
    0x00, 0x0f, 0xb0, 0x00, 0x00, 0xfb, 0x00, 0x00, 0x0f, 0xb0, 0x00, 0x00, 0xfb, 0x00, 0x00, 0x0f,
    0xb0, 0x00, 0x00, 0xfb, 0x00, 0x00, 0x0f, 0xb0, 0x00, 0x00, 0xfd, 0x88, 0x88, 0x6f, 0xff, 0xff,
    0xfb, 0xbb, 0x50, 0x09, 0xb6, 0xfe, 0xa0, 0x1f, 0xc8, 0xfa, 0xe0, 0x6b, 0xc8, 0xf8, 0xe4, 0xa7,
    0xf8, 0xf8, 0x98, 0xe2, 0xf8, 0xf8, 0x5f, 0xc0, 0xf8, 0xf8, 0x1b, 0x70, 0xf8, 0xf8, 0x00, 0x00,
    0xf8, 0xf8, 0x00, 0x00, 0xf8, 0xf8, 0x00, 0x00, 0xf8, 0xf8, 0x00, 0x00, 0xf8, 0xf8, 0x00, 0x00,
    0xf8, 0x6b, 0x60, 0x03, 0xb3, 0x8f, 0xd0, 0x04, 0xf4, 0x8d, 0xf3, 0x04, 0xf4, 0x8b, 0xc8, 0x04,
    0xf4, 0x8b, 0x7d, 0x04, 0xf4, 0x8b, 0x2f, 0x44, 0xf4, 0x8b, 0x0b, 0x94, 0xf4, 0x8b, 0x06, 0xe4,
    0xf4, 0x8b, 0x01, 0xf8, 0xf4, 0x8b, 0x00, 0xad, 0xf4, 0x8b, 0x00, 0x6f, 0xf4, 0x8b, 0x00, 0x1e,
    0xf4, 0x02, 0x9b, 0xb8, 0x00, 0x2e, 0xe8, 0xaf, 0x90, 0x8f, 0x20, 0x08, 0xf2, 0xaf, 0x00, 0x04,
    0xf4, 0xbf, 0x00, 0x04, 0xf4, 0xbf, 0x00, 0x04, 0xf4, 0xbf, 0x00, 0x04, 0xf4, 0xbf, 0x00, 0x04,
    0xf4, 0xbf, 0x00, 0x04, 0xf4, 0x8f, 0x10, 0x07, 0xf3, 0x4f, 0xa4, 0x6e, 0xc0, 0x06, 0xef, 0xfb,
    0x30, 0x00, 0x03, 0x10, 0x00, 0x6b, 0xbb, 0xb7, 0x10, 0x8f, 0xbb, 0xbf, 0xe2, 0x8f, 0x00, 0x03,
    0xf9, 0x8f, 0x00, 0x00, 0xbb, 0x8f, 0x00, 0x00, 0xdb, 0x8f, 0x44, 0x49, 0xf8, 0x8f, 0xff, 0xff,
    0x80, 0x8f, 0x44, 0x42, 0x00, 0x8f, 0x00, 0x00, 0x00, 0x8f, 0x00, 0x00, 0x00, 0x8f, 0x00, 0x00,
    0x00, 0x8f, 0x00, 0x00, 0x00, 0x03, 0x9b, 0xb8, 0x10, 0x3e, 0xe8, 0x9f, 0xb0, 0x9f, 0x20, 0x08,
    0xf3, 0xbb, 0x00, 0x04, 0xf4, 0xbb, 0x00, 0x04, 0xf4, 0xbb, 0x00, 0x04, 0xf4, 0xbb, 0x00, 0x04,
    0xf4, 0xbb, 0x00, 0x04, 0xf4, 0xbb, 0x00, 0x04, 0xf4, 0xae, 0x00, 0x06, 0xf4, 0x5f, 0xa4, 0x6e,
    0xd0, 0x07, 0xef, 0xfe, 0x30, 0x00, 0x03, 0xbe, 0x10, 0x00, 0x00, 0x2f, 0xa0, 0x00, 0x00, 0x08,
    0xf4, 0x6b, 0xbb, 0xa7, 0x10, 0x8f, 0xbb, 0xcf, 0xc1, 0x8f, 0x00, 0x07, 0xf6, 0x8f, 0x00, 0x00,
    0xf8, 0x8f, 0x00, 0x02, 0xf8, 0x8f, 0x44, 0x5c, 0xf2, 0x8f, 0xff, 0xfd, 0x50, 0x8f, 0x01, 0xe9,
    0x00, 0x8f, 0x00, 0x9f, 0x20, 0x8f, 0x00, 0x2f, 0x90, 0x8f, 0x00, 0x09, 0xf2, 0x8f, 0x00, 0x03,
    0xf8, 0x03, 0x9b, 0xb8, 0x00, 0x2e, 0xd8, 0xaf, 0x90, 0x8f, 0x20, 0x08, 0xf2, 0xaf, 0x00, 0x02,
    0x41, 0x7f, 0x70, 0x00, 0x00, 0x0c, 0xff, 0xa6, 0x00, 0x00, 0x69, 0xef, 0x90, 0x00, 0x00, 0x08,
    0xf5, 0x43, 0x00, 0x01, 0xf8, 0xcc, 0x00, 0x02, 0xf7, 0x8f, 0xa4, 0x5c, 0xe2, 0x08, 0xef, 0xfd,
    0x40, 0x00, 0x03, 0x20, 0x00, 0x3b, 0xbb, 0xbb, 0xbb, 0x83, 0xbb, 0xbf, 0xdb, 0xb8, 0x00, 0x00,
    0xf8, 0x00, 0x00, 0x00, 0x0f, 0x80, 0x00, 0x00, 0x00, 0xf8, 0x00, 0x00, 0x00, 0x0f, 0x80, 0x00,
    0x00, 0x00, 0xf8, 0x00, 0x00, 0x00, 0x0f, 0x80, 0x00, 0x00, 0x00, 0xf8, 0x00, 0x00, 0x00, 0x0f,
    0x80, 0x00, 0x00, 0x00, 0xf8, 0x00, 0x00, 0x00, 0x0f, 0x80, 0x00, 0x6b, 0x00, 0x03, 0xb3, 0x8f,
    0x00, 0x04, 0xf4, 0x8f, 0x00, 0x04, 0xf4, 0x8f, 0x00, 0x04, 0xf4, 0x8f, 0x00, 0x04, 0xf4, 0x8f,
    0x00, 0x04, 0xf4, 0x8f, 0x00, 0x04, 0xf4, 0x8f, 0x00, 0x04, 0xf4, 0x8f, 0x00, 0x04, 0xf4, 0x8f,
    0x10, 0x07, 0xf3, 0x4f, 0xa4, 0x6e, 0xd0, 0x06, 0xef, 0xfd, 0x30, 0x00, 0x03, 0x20, 0x00, 0x2b,
    0x60, 0x00, 0x09, 0x80, 0xea, 0x00, 0x01, 0xf8, 0x0a, 0xd0, 0x00, 0x5f, 0x50, 0x7f, 0x20, 0x08,
    0xf1, 0x03, 0xf6, 0x00, 0xbc, 0x00, 0x0e, 0x90, 0x0f, 0x80, 0x00, 0xad, 0x04, 0xf4, 0x00, 0x07,
    0xf2, 0x8f, 0x00, 0x00, 0x3f, 0x6b, 0xb0, 0x00, 0x00, 0xe9, 0xe8, 0x00, 0x00, 0x09, 0xdf, 0x40,
    0x00, 0x00, 0x6f, 0xf0, 0x00, 0x88, 0x00, 0xb8, 0x00, 0xb3, 0x8b, 0x01, 0xfb, 0x04, 0xf4, 0x8f,
    0x04, 0xbe, 0x04, 0xf0, 0x4f, 0x06, 0x9f, 0x07, 0xf0, 0x4f, 0x28, 0x8d, 0x38, 0xb0, 0x1f, 0x49,
    0x6b, 0x48, 0xb0, 0x0f, 0x5b, 0x4a, 0x6b, 0x80, 0x0d, 0x8e, 0x28, 0x8b, 0x80, 0x0b, 0x8f, 0x07,
    0x9e, 0x50, 0x0a, 0xcd, 0x04, 0xbf, 0x40, 0x08, 0xfb, 0x04, 0xcf, 0x10, 0x07, 0xf9, 0x00, 0xff,
    0x00, 0x1b, 0x80, 0x00, 0x1b, 0x80, 0x09, 0xf3, 0x00, 0x8f, 0x30, 0x01, 0xeb, 0x01, 0xe9, 0x00,
    0x00, 0x8f, 0x49, 0xe2, 0x00, 0x00, 0x1d, 0xcf, 0x80, 0x00, 0x00, 0x06, 0xfe, 0x10, 0x00, 0x00,
    0x05, 0xfe, 0x10, 0x00, 0x00, 0x0d, 0xcf, 0x80, 0x00, 0x00, 0x8f, 0x49, 0xe2, 0x00, 0x01, 0xe9,
    0x02, 0xf9, 0x00, 0x08, 0xf2, 0x00, 0x9f, 0x30, 0x2f, 0x90, 0x00, 0x1e, 0xb0, 0x4b, 0x40, 0x00,
    0x08, 0xa0, 0x0d, 0xb0, 0x00, 0x2f, 0x80, 0x08, 0xf4, 0x00, 0x8e, 0x10, 0x01, 0xe9, 0x01, 0xe9,
    0x00, 0x00, 0x8f, 0x28, 0xf2, 0x00, 0x00, 0x1e, 0x9e, 0x90, 0x00, 0x00, 0x08, 0xff, 0x20, 0x00,
    0x00, 0x01, 0xf9, 0x00, 0x00, 0x00, 0x00, 0xf8, 0x00, 0x00, 0x00, 0x00, 0xf8, 0x00, 0x00, 0x00,
    0x00, 0xf8, 0x00, 0x00, 0x00, 0x00, 0xf8, 0x00, 0x00, 0x6b, 0xbb, 0xbb, 0xb0, 0x6b, 0xbb, 0xbd,
    0xf0, 0x00, 0x00, 0x1e, 0xb0, 0x00, 0x00, 0x8f, 0x20, 0x00, 0x03, 0xf8, 0x00, 0x00, 0x0b, 0xe1,
    0x00, 0x00, 0x5f, 0x60, 0x00, 0x01, 0xdb, 0x00, 0x00, 0x08, 0xf3, 0x00, 0x00, 0x2f, 0x90, 0x00,
    0x00, 0x9f, 0x88, 0x88, 0x82, 0xbf, 0xff, 0xff, 0xf4, 0x34, 0x44, 0x1b, 0xff, 0xf4, 0xbc, 0x44,
    0x1b, 0xb0, 0x00, 0xbb, 0x00, 0x0b, 0xb0, 0x00, 0xbb, 0x00, 0x0b, 0xb0, 0x00, 0xbb, 0x00, 0x0b,
    0xb0, 0x00, 0xbb, 0x00, 0x0b, 0xb0, 0x00, 0xbb, 0x00, 0x0b, 0xb0, 0x00, 0xbe, 0xbb, 0x38, 0xbb,
    0xb3, 0x33, 0x00, 0x00, 0x00, 0x8f, 0x20, 0x00, 0x00, 0x3f, 0x70, 0x00, 0x00, 0x0c, 0xd0, 0x00,
    0x00, 0x07, 0xf3, 0x00, 0x00, 0x01, 0xf9, 0x00, 0x00, 0x00, 0xae, 0x00, 0x00, 0x00, 0x5f, 0x60,
    0x00, 0x00, 0x0e, 0xa0, 0x00, 0x00, 0x08, 0xf2, 0x00, 0x00, 0x03, 0xf7, 0x00, 0x00, 0x00, 0xcd,
    0x00, 0x00, 0x00, 0x7f, 0x40, 0x00, 0x00, 0x1f, 0x90, 0x00, 0x00, 0x0a, 0xe1, 0x00, 0x00, 0x04,
    0xb4, 0x34, 0x44, 0x2b, 0xff, 0xf8, 0x34, 0x7f, 0x80, 0x04, 0xf8, 0x00, 0x4f, 0x80, 0x04, 0xf8,
    0x00, 0x4f, 0x80, 0x04, 0xf8, 0x00, 0x4f, 0x80, 0x04, 0xf8, 0x00, 0x4f, 0x80, 0x04, 0xf8, 0x00,
    0x4f, 0x80, 0x04, 0xf8, 0x8b, 0xcf, 0x88, 0xbb, 0xb6, 0x00, 0x1b, 0x80, 0x00, 0x00, 0x8d, 0xf2,
    0x00, 0x00, 0xd7, 0xc8, 0x00, 0x06, 0xe1, 0x6e, 0x10, 0x0d, 0x90, 0x0e, 0x70, 0x4f, 0x20, 0x08,
    0xd0, 0x56, 0x00, 0x02, 0x82, 0x08, 0x88, 0x88, 0x88, 0x60, 0xbb, 0xbb, 0xbb, 0xb8, 0x28, 0x40,
    0x00, 0x9e, 0x30, 0x00, 0xa8, 0x00, 0x05, 0xcf, 0xe9, 0x20, 0x4f, 0xb8, 0x8e, 0xc0, 0x48, 0x00,
    0x08, 0xf3, 0x01, 0x44, 0x49, 0xf4, 0x3e, 0xeb, 0xbd, 0xf4, 0xcd, 0x10, 0x08, 0xf4, 0xfb, 0x00,
    0x08, 0xf4, 0xbe, 0x64, 0x6c, 0xf4, 0x3d, 0xff, 0xc6, 0xf4, 0x00, 0x22, 0x00, 0x00, 0x6b, 0x00,
    0x00, 0x00, 0x8f, 0x00, 0x00, 0x00, 0x8f, 0x00, 0x00, 0x00, 0x8f, 0x3c, 0xfb, 0x30, 0x8f, 0xc8,
    0x8e, 0xd0, 0x8f, 0x20, 0x07, 0xf3, 0x8f, 0x00, 0x04, 0xf4, 0x8f, 0x00, 0x04, 0xf4, 0x8f, 0x00,
    0x04, 0xf4, 0x8f, 0x10, 0x06, 0xf4, 0x8f, 0xa4, 0x5d, 0xe0, 0x8f, 0x6f, 0xfe, 0x40, 0x00, 0x00,
    0x30, 0x00, 0x03, 0xaf, 0xea, 0x20, 0x2e, 0xd8, 0x8e, 0xe1, 0x8f, 0x20, 0x05, 0xf6, 0xbf, 0x00,
    0x00, 0x00, 0xbf, 0x00, 0x00, 0x00, 0xbf, 0x00, 0x00, 0x00, 0x8f, 0x10, 0x04, 0xf6, 0x4f, 0xb4,
    0x5c, 0xe2, 0x06, 0xef, 0xfd, 0x50, 0x00, 0x03, 0x20, 0x00, 0x00, 0x00, 0x06, 0xb3, 0x00, 0x00,
    0x08, 0xf4, 0x00, 0x00, 0x08, 0xf4, 0x06, 0xdf, 0x98, 0xf4, 0x4f, 0xc8, 0x8b, 0xf4, 0x8f, 0x10,
    0x08, 0xf4, 0xbf, 0x00, 0x08, 0xf4, 0xbf, 0x00, 0x08, 0xf4, 0xbf, 0x00, 0x08, 0xf4, 0x9f, 0x00,
    0x08, 0xf4, 0x6f, 0x94, 0x6e, 0xf4, 0x08, 0xff, 0xd9, 0xf4, 0x00, 0x13, 0x00, 0x00, 0x04, 0xaf,
    0xe9, 0x10, 0x3f, 0xb5, 0x7e, 0xb0, 0x8f, 0x10, 0x06, 0xf3, 0xbc, 0x44, 0x47, 0xf4, 0xbf, 0xff,
    0xff, 0xf4, 0xbb, 0x00, 0x00, 0x00, 0x9e, 0x00, 0x02, 0x41, 0x4f, 0x94, 0x5c, 0xe1, 0x06, 0xef,
    0xfd, 0x30, 0x00, 0x03, 0x20, 0x00, 0x00, 0x00, 0x5a, 0xbb, 0x60, 0x00, 0x5f, 0xcb, 0xb6, 0x00,
    0x08, 0xf0, 0x00, 0x00, 0x00, 0x8f, 0x00, 0x00, 0x28, 0x8b, 0xf8, 0x88, 0x43, 0xbb, 0xdf, 0xbb,
    0xb6, 0x00, 0x08, 0xf0, 0x00, 0x00, 0x00, 0x8f, 0x00, 0x00, 0x00, 0x08, 0xf0, 0x00, 0x00, 0x00,
    0x8f, 0x00, 0x00, 0x00, 0x08, 0xf0, 0x00, 0x00, 0x00, 0x8f, 0x00, 0x00, 0x06, 0xdf, 0xa7, 0xb3,
    0x4f, 0xc8, 0x8f, 0xf4, 0x8f, 0x10, 0x08, 0xf4, 0xbf, 0x00, 0x08, 0xf4, 0xbf, 0x00, 0x08, 0xf4,
    0xaf, 0x00, 0x08, 0xf4, 0x7f, 0x60, 0x1b, 0xf4, 0x1c, 0xff, 0xf9, 0xf4, 0x00, 0x57, 0x28, 0xf4,
    0x00, 0x00, 0x08, 0xf2, 0x04, 0x88, 0x8f, 0xb0, 0x08, 0xff, 0xc9, 0x10, 0x6b, 0x00, 0x00, 0x00,
    0x8f, 0x00, 0x00, 0x00, 0x8f, 0x00, 0x00, 0x00, 0x8f, 0x4d, 0xfa, 0x30, 0x8f, 0xb8, 0x8e, 0xd0,
    0x8f, 0x20, 0x08, 0xf3, 0x8f, 0x00, 0x04, 0xf4, 0x8f, 0x00, 0x04, 0xf4, 0x8f, 0x00, 0x04, 0xf4,
    0x8f, 0x00, 0x04, 0xf4, 0x8f, 0x00, 0x04, 0xf4, 0x8f, 0x00, 0x04, 0xf4, 0x00, 0x05, 0x60, 0x00,
    0x00, 0x1f, 0xf4, 0x00, 0x00, 0x08, 0x80, 0x00, 0x00, 0x00, 0x00, 0x00, 0x3b, 0xbb, 0xb0, 0x00,
    0x3b, 0xbd, 0xf0, 0x00, 0x00, 0x08, 0xf0, 0x00, 0x00, 0x08, 0xf0, 0x00, 0x00, 0x08, 0xf0, 0x00,
    0x00, 0x08, 0xf0, 0x00, 0x00, 0x08, 0xf0, 0x00, 0x68, 0x8b, 0xf8, 0x88, 0xbf, 0xff, 0xff, 0xff,
    0x00, 0x00, 0x57, 0x00, 0x00, 0x0f, 0xf4, 0x00, 0x00, 0x89, 0x10, 0x00, 0x00, 0x00, 0x8b, 0xbb,
    0xbb, 0x08, 0xbb, 0xbd, 0xf0, 0x00, 0x00, 0x8f, 0x00, 0x00, 0x08, 0xf0, 0x00, 0x00, 0x8f, 0x00,
    0x00, 0x08, 0xf0, 0x00, 0x00, 0x8f, 0x00, 0x00, 0x08, 0xf0, 0x00, 0x00, 0x8f, 0x00, 0x00, 0x0b,
    0xe0, 0x48, 0x8c, 0xf8, 0x08, 0xfe, 0xb6, 0x00, 0x6b, 0x00, 0x00, 0x00, 0x8f, 0x00, 0x00, 0x00,
    0x8f, 0x00, 0x00, 0x00, 0x8f, 0x00, 0x03, 0xb7, 0x8f, 0x00, 0x0c, 0xe1, 0x8f, 0x00, 0x8f, 0x50,
    0x8f, 0x45, 0xfa, 0x00, 0x8f, 0xff, 0xf4, 0x00, 0x8f, 0x45, 0xeb, 0x00, 0x8f, 0x00, 0x7f, 0x70,
    0x8f, 0x00, 0x0b, 0xe1, 0x8f, 0x00, 0x03, 0xfa, 0x6b, 0xbb, 0xb0, 0x00, 0x06, 0xbb, 0xdf, 0x00,
    0x00, 0x00, 0x08, 0xf0, 0x00, 0x00, 0x00, 0x8f, 0x00, 0x00, 0x00, 0x08, 0xf0, 0x00, 0x00, 0x00,
    0x8f, 0x00, 0x00, 0x00, 0x08, 0xf0, 0x00, 0x00, 0x00, 0x8f, 0x00, 0x00, 0x00, 0x08, 0xf0, 0x00,
    0x00, 0x00, 0x8f, 0x10, 0x00, 0x00, 0x06, 0xfa, 0x88, 0x60, 0x00, 0x08, 0xef, 0xfb, 0x0b, 0x8e,
    0xb6, 0xec, 0x20, 0xfa, 0x5f, 0xa5, 0xe8, 0x0f, 0x40, 0xb8, 0x0b, 0xb0, 0xf4, 0x0b, 0x80, 0xbb,
    0x0f, 0x40, 0xb8, 0x0b, 0xb0, 0xf4, 0x0b, 0x80, 0xbb, 0x0f, 0x40, 0xb8, 0x0b, 0xb0, 0xf4, 0x0b,
    0x80, 0xbb, 0x0f, 0x40, 0xb8, 0x0b, 0xb0, 0x6b, 0x4d, 0xfa, 0x30, 0x8f, 0xb8, 0x8e, 0xd0, 0x8f,
    0x20, 0x08, 0xf3, 0x8f, 0x00, 0x04, 0xf4, 0x8f, 0x00, 0x04, 0xf4, 0x8f, 0x00, 0x04, 0xf4, 0x8f,
    0x00, 0x04, 0xf4, 0x8f, 0x00, 0x04, 0xf4, 0x8f, 0x00, 0x04, 0xf4, 0x04, 0xaf, 0xd9, 0x10, 0x3f,
    0xd8, 0x8f, 0xb0, 0x8f, 0x10, 0x08, 0xf3, 0xbc, 0x00, 0x04, 0xf4, 0xbb, 0x00, 0x04, 0xf4, 0xbb,
    0x00, 0x04, 0xf4, 0x9f, 0x00, 0x06, 0xf4, 0x4f, 0xa4, 0x6e, 0xd0, 0x06, 0xef, 0xfb, 0x30, 0x00,
    0x01, 0x00, 0x00, 0x6b, 0x3c, 0xfb, 0x30, 0x8f, 0xb8, 0x8e, 0xd0, 0x8f, 0x20, 0x07, 0xf3, 0x8f,
    0x00, 0x04, 0xf4, 0x8f, 0x00, 0x04, 0xf4, 0x8f, 0x00, 0x04, 0xf4, 0x8f, 0x10, 0x06, 0xf4, 0x8f,
    0xa4, 0x5d, 0xe0, 0x8f, 0x6f, 0xfe, 0x40, 0x8f, 0x00, 0x30, 0x00, 0x8f, 0x00, 0x00, 0x00, 0x8f,
    0x00, 0x00, 0x00, 0x06, 0xdf, 0x97, 0xb3, 0x4f, 0xc8, 0x8e, 0xf4, 0x8f, 0x10, 0x08, 0xf4, 0xbf,
    0x00, 0x08, 0xf4, 0xbf, 0x00, 0x08, 0xf4, 0xbf, 0x00, 0x08, 0xf4, 0x9f, 0x00, 0x08, 0xf4, 0x6f,
    0x94, 0x6b, 0xf4, 0x08, 0xff, 0xc8, 0xf4, 0x00, 0x13, 0x08, 0xf4, 0x00, 0x00, 0x08, 0xf4, 0x00,
    0x00, 0x08, 0xf4, 0x3b, 0x4a, 0xfd, 0x60, 0x4f, 0xc8, 0x8c, 0xf3, 0x4f, 0x80, 0x02, 0xf8, 0x4f,
    0x40, 0x00, 0xf8, 0x4f, 0x40, 0x00, 0x00, 0x4f, 0x40, 0x00, 0x00, 0x4f, 0x40, 0x00, 0x00, 0x4f,
    0x40, 0x00, 0x00, 0x4f, 0x40, 0x00, 0x00, 0x08, 0xcf, 0xea, 0x30, 0x6f, 0xa5, 0x7d, 0xe0, 0x8f,
    0x00, 0x04, 0x82, 0x7f, 0x85, 0x40, 0x00, 0x1a, 0xff, 0xff, 0x80, 0x00, 0x03, 0x4a, 0xf3, 0x67,
    0x00, 0x04, 0xf4, 0x8f, 0x74, 0x4a, 0xf2, 0x1b, 0xff, 0xfe, 0x60, 0x00, 0x03, 0x10, 0x00, 0x00,
    0x03, 0x30, 0x00, 0x00, 0x00, 0xbb, 0x00, 0x00, 0x00, 0x0b, 0xb0, 0x00, 0x03, 0xbb, 0xee, 0xbb,
    0xb3, 0x3b, 0xbe, 0xeb, 0xbb, 0x30, 0x00, 0xbb, 0x00, 0x00, 0x00, 0x0b, 0xb0, 0x00, 0x00, 0x00,
    0xbb, 0x00, 0x00, 0x00, 0x0b, 0xb0, 0x00, 0x00, 0x00, 0xbb, 0x00, 0x00, 0x00, 0x09, 0xf8, 0x88,
    0x20, 0x00, 0x1b, 0xff, 0xf4, 0x6b, 0x00, 0x03, 0xb3, 0x8f, 0x00, 0x04, 0xf4, 0x8f, 0x00, 0x04,
    0xf4, 0x8f, 0x00, 0x04, 0xf4, 0x8f, 0x00, 0x04, 0xf4, 0x8f, 0x00, 0x04, 0xf4, 0x8f, 0x10, 0x08,
    0xf3, 0x4f, 0xa4, 0x6e, 0xc0, 0x06, 0xef, 0xfb, 0x30, 0x00, 0x03, 0x10, 0x00, 0x1b, 0x70, 0x00,
    0x0b, 0x80, 0xcd, 0x00, 0x05, 0xf6, 0x07, 0xf3, 0x00, 0x9f, 0x10, 0x2f, 0x80, 0x0e, 0xa0, 0x00,
    0xad, 0x04, 0xf6, 0x00, 0x06, 0xf3, 0x8f, 0x10, 0x00, 0x1f, 0x8d, 0xa0, 0x00, 0x00, 0xad, 0xf6,
    0x00, 0x00, 0x06, 0xfe, 0x00, 0x00, 0x68, 0x00, 0xb8, 0x03, 0xb1, 0x6f, 0x03, 0xfb, 0x04, 0xf0,
    0x4f, 0x26, 0xaf, 0x08, 0xb0, 0x0f, 0x48, 0x8e, 0x28, 0x90, 0x0d, 0x7b, 0x5b, 0x4b, 0x80, 0x0b,
    0x8d, 0x38, 0x8e, 0x40, 0x08, 0xbf, 0x07, 0xaf, 0x10, 0x06, 0xfc, 0x04, 0xee, 0x00, 0x04, 0xfa,
    0x01, 0xfb, 0x00, 0x08, 0xb1, 0x00, 0x5b, 0x50, 0x3f, 0x90, 0x1e, 0xb0, 0x00, 0x8f, 0x49, 0xe2,
    0x00, 0x00, 0xcd, 0xf7, 0x00, 0x00, 0x06, 0xfd, 0x00, 0x00, 0x00, 0xcc, 0xf7, 0x00, 0x00, 0x8f,
    0x48, 0xf3, 0x00, 0x4f, 0x80, 0x1e, 0xc0, 0x1d, 0xd1, 0x00, 0x5f, 0x80, 0x1b, 0x80, 0x00, 0x0b,
    0x80, 0xae, 0x00, 0x05, 0xf6, 0x05, 0xf6, 0x00, 0xae, 0x00, 0x0d, 0xb0, 0x1f, 0x90, 0x00, 0x8f,
    0x26, 0xf3, 0x00, 0x02, 0xf8, 0xad, 0x00, 0x00, 0x0a, 0xcf, 0x70, 0x00, 0x00, 0x5f, 0xf2, 0x00,
    0x00, 0x00, 0xfa, 0x00, 0x00, 0x00, 0x5f, 0x60, 0x00, 0x00, 0x0a, 0xe0, 0x00, 0x00, 0x01, 0xf9,
    0x00, 0x00, 0x6b, 0xbb, 0xbb, 0xb0, 0x48, 0x88, 0x8e, 0xf0, 0x00, 0x00, 0x8f, 0x60, 0x00, 0x06,
    0xf8, 0x00, 0x00, 0x3e, 0xa0, 0x00, 0x01, 0xdc, 0x10, 0x00, 0x0c, 0xe1, 0x00, 0x00, 0x7f, 0xa8,
    0x88, 0x82, 0x8f, 0xff, 0xff, 0xf4, 0x00, 0x00, 0x04, 0x40, 0x00, 0x02, 0xdf, 0xf0, 0x00, 0x09,
    0xf6, 0x40, 0x00, 0x0a, 0xf0, 0x00, 0x00, 0x08, 0xf0, 0x00, 0x00, 0x08, 0xf1, 0x00, 0x00, 0x08,
    0xf3, 0x00, 0x68, 0x8d, 0x90, 0x00, 0xbf, 0xfd, 0x50, 0x00, 0x00, 0x09, 0xf1, 0x00, 0x00, 0x08,
    0xf3, 0x00, 0x00, 0x08, 0xf0, 0x00, 0x00, 0x08, 0xf0, 0x00, 0x00, 0x0b, 0xf1, 0x00, 0x00, 0x06,
    0xfd, 0xb0, 0x00, 0x00, 0x5a, 0xb0, 0x42, 0xf8, 0xf8, 0xf8, 0xf8, 0xf8, 0xf8, 0xf8, 0xf8, 0xf8,
    0xf8, 0xf8, 0xf8, 0xf8, 0xf8, 0xb6, 0x24, 0x20, 0x00, 0x00, 0x8f, 0xf9, 0x00, 0x00, 0x24, 0x9f,
    0x30, 0x00, 0x00, 0x5f, 0x40, 0x00, 0x00, 0x8f, 0x10, 0x00, 0x00, 0x9f, 0x00, 0x00, 0x00, 0xbc,
    0x00, 0x00, 0x00, 0x5f, 0x98, 0x84, 0x00, 0x1b, 0xff, 0xf8, 0x00, 0x9e, 0x20, 0x00, 0x00, 0xbd,
    0x00, 0x00, 0x00, 0x8f, 0x00, 0x00, 0x00, 0x7f, 0x40, 0x00, 0x00, 0x5f, 0x40, 0x00, 0x6b, 0xee,
    0x10, 0x00, 0x6b, 0x92, 0x00, 0x00, 0x03, 0x41, 0x00, 0x42, 0x8f, 0xfc, 0x10, 0xf8, 0xe8, 0x1d,
    0xc5, 0xf8, 0xf8, 0x03, 0xdf, 0xc1, 0x00, 0x00, 0x00, 0x00, 0x4d, 0xb0, 0x5f, 0xe0, 0x00, 0x00,
    0x04, 0x20, 0x0f, 0x80, 0x0f, 0x80, 0x0f, 0x80, 0x0f, 0x80, 0x0f, 0x90, 0x0f, 0xb0, 0x0f, 0xb0,
    0x0f, 0xb0, 0x00, 0x00, 0x00, 0x00, 0x00, 0x0b, 0x40, 0x00, 0x00, 0x0b, 0x40, 0x00, 0x03, 0xaf,
    0xea, 0x20, 0x2e, 0xdd, 0x9e, 0xe1, 0x8f, 0x2b, 0x45, 0xf6, 0xbf, 0x0b, 0x40, 0x00, 0xbf, 0x0b,
    0x40, 0x00, 0xbf, 0x0b, 0x40, 0x00, 0x8f, 0x1b, 0x44, 0xf6, 0x4f, 0xcc, 0x8c, 0xe2, 0x06, 0xef,
    0xfd, 0x50, 0x00, 0x0b, 0x50, 0x00, 0x00, 0x0b, 0x40, 0x00, 0x00, 0x03, 0x10, 0x00, 0x03, 0xab,
    0xb8, 0x10, 0x3f, 0xd8, 0x9f, 0xb0, 0x9f, 0x10, 0x08, 0xf3, 0xbf, 0x00, 0x01, 0x41, 0x6f, 0x40,
    0x00, 0x00, 0x3e, 0xd4, 0x44, 0x00, 0xbf, 0xff, 0xff, 0x00, 0x34, 0xf9, 0x44, 0x00, 0x04, 0xf6,
    0x00, 0x00, 0x1c, 0xc1, 0x00, 0x00, 0xaf, 0x88, 0x88, 0x84, 0xbf, 0xff, 0xff, 0xf8, 0x00, 0x00,
    0x00, 0x00, 0x01, 0xc6, 0x04, 0x20, 0x96, 0x09, 0xfe, 0xff, 0xdf, 0x60, 0x2f, 0x70, 0x1c, 0xc0,
    0x07, 0xc0, 0x00, 0x4f, 0x00, 0x7c, 0x00, 0x04, 0xf0, 0x02, 0xf6, 0x01, 0xbc, 0x00, 0x9f, 0xef,
    0xff, 0xf6, 0x1c, 0x61, 0x43, 0x1c, 0x90, 0x00, 0x00, 0x00, 0x10, 0x4b, 0x40, 0x00, 0x08, 0xa0,
    0x0d, 0xb0, 0x00, 0x2f, 0x80, 0x08, 0xf4, 0x00, 0x8e, 0x10, 0x01, 0xe9, 0x01, 0xe9, 0x00, 0x00,
    0x8f, 0x28, 0xf2, 0x00, 0x00, 0x1e, 0x9e, 0x90, 0x00, 0x08, 0x8c, 0xff, 0x98, 0x60, 0x0b, 0xbb,
    0xfd, 0xbb, 0x80, 0x04, 0x44, 0xf9, 0x44, 0x30, 0x0f, 0xff, 0xff, 0xff, 0xb0, 0x04, 0x44, 0xf9,
    0x44, 0x30, 0x00, 0x00, 0xf8, 0x00, 0x00, 0x42, 0xf8, 0xf8, 0xf8, 0xf8, 0xf8, 0xb6, 0x00, 0x00,
    0x42, 0xf8, 0xf8, 0xf8, 0xf8, 0xf8, 0xb6, 0x05, 0xbb, 0xb9, 0x30, 0x5f, 0xb8, 0x8e, 0xe1, 0x9f,
    0x00, 0x03, 0x82, 0x8f, 0x30, 0x00, 0x00, 0x1c, 0xfc, 0x96, 0x00, 0x1a, 0xa8, 0xbf, 0xc0, 0x8f,
    0x10, 0x07, 0xf5, 0xbf, 0x00, 0x04, 0xf6, 0x6f, 0x83, 0x09, 0xd1, 0x08, 0xff, 0xfe, 0x50, 0x00,
    0x04, 0x6c, 0xf2, 0x00, 0x00, 0x04, 0xf8, 0xbe, 0x20, 0x07, 0xf6, 0x5e, 0xff, 0xff, 0xc0, 0x02,
    0x68, 0x85, 0x00, 0x05, 0x50, 0x18, 0x20, 0xff, 0x08, 0xfa, 0x08, 0x80, 0x29, 0x30, 0x00, 0x4a,
    0xbb, 0x81, 0x00, 0x6c, 0x30, 0x06, 0xd1, 0x1d, 0x14, 0xa9, 0x26, 0x94, 0x90, 0xe6, 0x8a, 0x0c,
    0x48, 0x4f, 0x01, 0x40, 0xf4, 0x84, 0xf0, 0x00, 0x0f, 0x48, 0x2f, 0x14, 0x90, 0xd2, 0xc0, 0x9e,
    0xe6, 0x3b, 0x0b, 0x60, 0x00, 0x1c, 0x50, 0x19, 0xc8, 0x9d, 0x60, 0x00, 0x01, 0x44, 0x00, 0x00,
    0x06, 0x9a, 0x30, 0x80, 0x4b, 0x0b, 0xbc, 0xb4, 0xb0, 0x4b, 0x08, 0x86, 0x80, 0x00, 0x03, 0x40,
    0x03, 0x40, 0x00, 0x3f, 0x90, 0x6f, 0x60, 0x01, 0xec, 0x03, 0xe9, 0x00, 0x0b, 0xd1, 0x1d, 0xc0,
    0x00, 0x6f, 0x60, 0x8f, 0x20, 0x00, 0x0c, 0xe1, 0x1d, 0xc0, 0x00, 0x01, 0xeb, 0x03, 0xf9, 0x00,
    0x00, 0x4f, 0x80, 0x6f, 0x60, 0x00, 0x03, 0x40, 0x04, 0x30, 0x48, 0x88, 0x88, 0x88, 0xff, 0xff,
    0xff, 0x00, 0x00, 0x08, 0xf0, 0x00, 0x00, 0x8f, 0x00, 0x00, 0x00, 0x00, 0xbf, 0xff, 0xf4, 0x68,
    0x88, 0x82, 0x00, 0x4a, 0xbb, 0x81, 0x00, 0x6c, 0x30, 0x06, 0xd1, 0x1d, 0x18, 0x88, 0x16, 0x94,
    0x90, 0xf4, 0x89, 0x0c, 0x48, 0x0f, 0x07, 0xa0, 0xf4, 0x80, 0xfb, 0xe3, 0x0f, 0x48, 0x0f, 0x0d,
    0x30, 0xd2, 0xc0, 0xf0, 0x69, 0x3b, 0x0b, 0x60, 0x00, 0x1c, 0x50, 0x19, 0xc8, 0x9d, 0x60, 0x00,
    0x01, 0x44, 0x00, 0x00, 0xbf, 0xff, 0xf8, 0x34, 0x44, 0x42, 0x08, 0xbb, 0x30, 0x7c, 0x37, 0xe1,
    0xa8, 0x00, 0xf4, 0x7c, 0x24, 0xe1, 0x08, 0xdc, 0x50, 0x00, 0x00, 0x00, 0x00, 0x00, 0x0f, 0x80,
    0x00, 0x00, 0x0f, 0x80, 0x00, 0x00, 0x0f, 0x80, 0x00, 0xff, 0xff, 0xff, 0xf8, 0x44, 0x4f, 0x94,
    0x42, 0x00, 0x0f, 0x80, 0x00, 0x00, 0x0f, 0x80, 0x00, 0x44, 0x4f, 0x94, 0x42, 0xff, 0xff, 0xff,
    0xf8, 0x01, 0x44, 0x00, 0x2e, 0xcd, 0xc0, 0x99, 0x01, 0xf4, 0x00, 0x02, 0xf3, 0x00, 0x3d, 0x80,
    0x04, 0xe6, 0x00, 0x5f, 0x84, 0x41, 0x8f, 0xff, 0xf4, 0x24, 0x44, 0x41, 0x6b, 0xbc, 0xf4, 0x00,
    0x2c, 0x70, 0x00, 0xbb, 0x40, 0x00, 0x37, 0xf2, 0x64, 0x00, 0xb8, 0x9c, 0x25, 0xf3, 0x1a, 0xfd,
    0x60, 0x00, 0x77, 0x00, 0x7f, 0x30, 0x1b, 0x60, 0x00, 0x6b, 0x00, 0x06, 0xb3, 0x8f, 0x00, 0x08,
    0xf4, 0x8f, 0x00, 0x08, 0xf4, 0x8f, 0x00, 0x08, 0xf4, 0x8f, 0x00, 0x08, 0xf4, 0x8f, 0x00, 0x08,
    0xf4, 0x8f, 0x10, 0x08, 0xf4, 0x8f, 0xa4, 0x6b, 0xf4, 0x8f, 0x8f, 0xf8, 0xf4, 0x8f, 0x03, 0x10,
    0x00, 0x8f, 0x00, 0x00, 0x00, 0x8f, 0x00, 0x00, 0x00, 0x06, 0xab, 0x63, 0xb3, 0x8f, 0xff, 0x84,
    0xf4, 0xef, 0xff, 0x84, 0xf4, 0xff, 0xff, 0x84, 0xf4, 0xff, 0xff, 0x84, 0xf4, 0xbf, 0xff, 0x84,
    0xf4, 0x1a, 0xff, 0x84, 0xf4, 0x00, 0x0f, 0x84, 0xf4, 0x00, 0x0f, 0x84, 0xf4, 0x00, 0x0f, 0x84,
    0xf4, 0x00, 0x0f, 0x84, 0xf4, 0x00, 0x0f, 0x84, 0xf4, 0x00, 0x0f, 0x84, 0xf4, 0x00, 0x0f, 0x84,
    0xf4, 0x00, 0x0f, 0x84, 0xf4, 0x3b, 0x80, 0x8f, 0xf2, 0x3b, 0x90, 0x08, 0x00, 0x5d, 0x30, 0x05,
    0xd8, 0x69, 0xf7, 0x34, 0x30, 0x00, 0x43, 0x00, 0x3c, 0xeb, 0x00, 0x77, 0x4b, 0x00, 0x00, 0x4b,
    0x00, 0x00, 0x4b, 0x00, 0x00, 0x4b, 0x00, 0x24, 0x7c, 0x43, 0x8f, 0xff, 0xfb, 0x05, 0xba, 0x10,
    0xd1, 0x59, 0x0b, 0x04, 0xb0, 0xd0, 0x5a, 0x06, 0x9a, 0x30, 0x14, 0x20, 0x24, 0x10, 0x00, 0x0c,
    0xd1, 0x1e, 0xc0, 0x00, 0x01, 0xeb, 0x03, 0xf8, 0x00, 0x00, 0x4f, 0x80, 0x6f, 0x60, 0x00, 0x09,
    0xf2, 0x0d, 0xe0, 0x00, 0x3f, 0x80, 0x6f, 0x60, 0x01, 0xeb, 0x03, 0xf9, 0x00, 0x0b, 0xe1, 0x1d,
    0xc0, 0x00, 0x14, 0x20, 0x24, 0x10, 0x00, 0x05, 0xb6, 0x00, 0x01, 0xb4, 0x3c, 0xc8, 0x00, 0x0a,
    0xb0, 0x21, 0xb8, 0x00, 0x7e, 0x20, 0x00, 0xb8, 0x02, 0xe5, 0x00, 0x24, 0xc9, 0x4b, 0xa0, 0x00,
    0x48, 0x88, 0xce, 0x10, 0x00, 0x00, 0x03, 0xf4, 0x14, 0x00, 0x00, 0x0c, 0x80, 0x98, 0x00, 0x00,
    0x8d, 0x16, 0xc1, 0x30, 0x04, 0xf4, 0x2e, 0x24, 0xb0, 0x1d, 0x80, 0x4f, 0xff, 0xb0, 0x8c, 0x00,
    0x00, 0x04, 0xb0, 0x05, 0xb6, 0x00, 0x01, 0xb4, 0x3c, 0xc8, 0x00, 0x0a, 0xb0, 0x21, 0xb8, 0x00,
    0x7e, 0x20, 0x00, 0xb8, 0x02, 0xe5, 0x00, 0x24, 0xc9, 0x4b, 0xa0, 0x00, 0x48, 0x88, 0xce, 0x10,
    0x00, 0x00, 0x03, 0xf4, 0x34, 0x00, 0x00, 0x0c, 0x88, 0xba, 0xb0, 0x00, 0x8d, 0x18, 0x10, 0xf0,
    0x04, 0xf4, 0x00, 0x19, 0x90, 0x1d, 0x80, 0x06, 0xc7, 0x00, 0x8c, 0x00, 0x0f, 0xcb, 0xb3, 0x3b,
    0xbb, 0x30, 0x01, 0xb4, 0x14, 0x8c, 0x10, 0x0a, 0xb0, 0x00, 0xf9, 0x10, 0x7e, 0x20, 0x00, 0x0a,
    0x72, 0xe5, 0x00, 0x7a, 0x4c, 0x6b, 0xa0, 0x00, 0x07, 0x86, 0x8e, 0x10, 0x00, 0x00, 0x03, 0xf4,
    0x14, 0x00, 0x00, 0x0c, 0x80, 0x98, 0x00, 0x00, 0x8d, 0x16, 0xc1, 0x30, 0x04, 0xf4, 0x2e, 0x24,
    0xb0, 0x1d, 0x80, 0x4f, 0xff, 0xb0, 0x8c, 0x00, 0x00, 0x04, 0xb0, 0x00, 0x05, 0xe8, 0x00, 0x00,
    0x7f, 0xa0, 0x00, 0x00, 0x00, 0x00, 0x00, 0x14, 0x20, 0x00, 0x04, 0xf8, 0x00, 0x08, 0xcf, 0x80,
    0x09, 0xf9, 0x84, 0x02, 0xf9, 0x00, 0x00, 0x4f, 0x60, 0x00, 0x01, 0xfa, 0x00, 0x00, 0x08, 0xfc,
    0x88, 0x40, 0x06, 0xbe, 0xf8, 0x00, 0x24, 0x10, 0x00, 0x00, 0x03, 0xe9, 0x00, 0x00, 0x00, 0x04,
    0xf7, 0x00, 0x00, 0x00, 0x00, 0x00, 0x00, 0x00, 0x04, 0xba, 0x00, 0x00, 0x00, 0x8f, 0xf3, 0x00,
    0x00, 0x0c, 0x9f, 0x70, 0x00, 0x01, 0xf7, 0xca, 0x00, 0x00, 0x5f, 0x38, 0xe0, 0x00, 0x08, 0xe0,
    0x5f, 0x30, 0x00, 0xca, 0x01, 0xf7, 0x00, 0x2f, 0x94, 0x4d, 0xa0, 0x06, 0xff, 0xff, 0xfe, 0x00,
    0x9e, 0x00, 0x06, 0xf3, 0x0d, 0xa0, 0x00, 0x2f, 0x82, 0xf8, 0x00, 0x00, 0xdb, 0x00, 0x00, 0x02,
    0x41, 0x00, 0x00, 0x02, 0xe9, 0x00, 0x00, 0x00, 0xcc, 0x10, 0x00, 0x00, 0x00, 0x00, 0x00, 0x00,
    0x04, 0xba, 0x00, 0x00, 0x00, 0x8f, 0xf3, 0x00, 0x00, 0x0c, 0x9f, 0x70, 0x00, 0x01, 0xf7, 0xca,
    0x00, 0x00, 0x5f, 0x38, 0xe0, 0x00, 0x08, 0xe0, 0x5f, 0x30, 0x00, 0xca, 0x01, 0xf7, 0x00, 0x2f,
    0x94, 0x4d, 0xa0, 0x06, 0xff, 0xff, 0xfe, 0x00, 0x9e, 0x00, 0x06, 0xf3, 0x0d, 0xa0, 0x00, 0x2f,
    0x82, 0xf8, 0x00, 0x00, 0xdb, 0x00, 0x00, 0x42, 0x00, 0x00, 0x00, 0x9f, 0xe3, 0x00, 0x00, 0x9e,
    0x36, 0xe3, 0x00, 0x00, 0x00, 0x00, 0x00, 0x00, 0x04, 0xba, 0x00, 0x00, 0x00, 0x8f, 0xf3, 0x00,
    0x00, 0x0c, 0x9f, 0x70, 0x00, 0x01, 0xf7, 0xca, 0x00, 0x00, 0x5f, 0x38, 0xe0, 0x00, 0x08, 0xe0,
    0x5f, 0x30, 0x00, 0xca, 0x01, 0xf7, 0x00, 0x2f, 0x94, 0x4d, 0xa0, 0x06, 0xff, 0xff, 0xfe, 0x00,
    0x9e, 0x00, 0x06, 0xf3, 0x0d, 0xa0, 0x00, 0x2f, 0x82, 0xf8, 0x00, 0x00, 0xdb, 0x00, 0x03, 0x00,
    0x00, 0x00, 0x08, 0xfe, 0x3c, 0x70, 0x00, 0xb4, 0x6e, 0xd2, 0x00, 0x00, 0x00, 0x00, 0x00, 0x00,
    0x04, 0xba, 0x00, 0x00, 0x00, 0x8f, 0xf3, 0x00, 0x00, 0x0c, 0x9f, 0x70, 0x00, 0x01, 0xf7, 0xca,
    0x00, 0x00, 0x5f, 0x38, 0xe0, 0x00, 0x08, 0xe0, 0x5f, 0x30, 0x00, 0xca, 0x01, 0xf7, 0x00, 0x2f,
    0x94, 0x4d, 0xa0, 0x06, 0xff, 0xff, 0xfe, 0x00, 0x9e, 0x00, 0x06, 0xf3, 0x0d, 0xa0, 0x00, 0x2f,
    0x82, 0xf8, 0x00, 0x00, 0xdb, 0x00, 0x11, 0x00, 0x30, 0x00, 0x0e, 0xe0, 0x6f, 0x80, 0x00, 0xcc,
    0x05, 0xe7, 0x00, 0x00, 0x00, 0x00, 0x00, 0x00, 0x04, 0xba, 0x00, 0x00, 0x00, 0x8f, 0xf3, 0x00,
    0x00, 0x0c, 0x9f, 0x70, 0x00, 0x01, 0xf7, 0xca, 0x00, 0x00, 0x5f, 0x38, 0xe0, 0x00, 0x08, 0xe0,
    0x5f, 0x30, 0x00, 0xca, 0x01, 0xf7, 0x00, 0x2f, 0x94, 0x4d, 0xa0, 0x06, 0xff, 0xff, 0xfe, 0x00,
    0x9e, 0x00, 0x06, 0xf3, 0x0d, 0xa0, 0x00, 0x2f, 0x82, 0xf8, 0x00, 0x00, 0xdb, 0x00, 0x08, 0xec,
    0x30, 0x00, 0x02, 0xe1, 0x6a, 0x00, 0x00, 0x1e, 0x38, 0xa0, 0x00, 0x00, 0x5b, 0xa1, 0x00, 0x00,
    0x04, 0xba, 0x00, 0x00, 0x00, 0x8f, 0xf3, 0x00, 0x00, 0x0c, 0x9f, 0x70, 0x00, 0x01, 0xf7, 0xca,
    0x00, 0x00, 0x5f, 0x38, 0xe0, 0x00, 0x08, 0xe0, 0x5f, 0x30, 0x00, 0xca, 0x01, 0xf7, 0x00, 0x2f,
    0x94, 0x4d, 0xa0, 0x06, 0xff, 0xff, 0xfe, 0x00, 0x9e, 0x00, 0x06, 0xf3, 0x0d, 0xa0, 0x00, 0x2f,
    0x82, 0xf8, 0x00, 0x00, 0xdb, 0x00, 0x4b, 0xbb, 0xbb, 0xb3, 0x00, 0x8f, 0xcf, 0xcb, 0xb3, 0x00,
    0xbb, 0x4f, 0x40, 0x00, 0x00, 0xe8, 0x4f, 0x40, 0x00, 0x02, 0xf7, 0x4f, 0x40, 0x00, 0x05, 0xf4,
    0x4f, 0xcb, 0x80, 0x08, 0xf0, 0x4f, 0xcb, 0x80, 0x0b, 0xe8, 0x9f, 0x40, 0x00, 0x0d, 0xdb, 0xcf,
    0x40, 0x00, 0x1f, 0x80, 0x4f, 0x40, 0x00, 0x4f, 0x40, 0x4f, 0x98, 0x82, 0x8f, 0x10, 0x4f, 0xff,
    0xf4, 0x02, 0x9b, 0xb8, 0x10, 0x1e, 0xe8, 0x9f, 0xc0, 0x7f, 0x40, 0x06, 0xf5, 0x8f, 0x00, 0x02,
    0x84, 0x8f, 0x00, 0x00, 0x00, 0x8f, 0x00, 0x00, 0x00, 0x8f, 0x00, 0x00, 0x00, 0x8f, 0x00, 0x00,
    0x00, 0x8f, 0x00, 0x01, 0x42, 0x8f, 0x10, 0x05, 0xf6, 0x3f, 0xc4, 0x5c, 0xe1, 0x06, 0xef, 0xfd,
    0x30, 0x00, 0x3e, 0x50, 0x00, 0x00, 0x04, 0xd8, 0x00, 0x00, 0x69, 0xe8, 0x00, 0x00, 0x34, 0x30,
    0x00, 0x02, 0x41, 0x00, 0x00, 0x01, 0xcc, 0x00, 0x00, 0x00, 0x3e, 0x80, 0x00, 0x00, 0x00, 0x00,
    0x00, 0x6b, 0xbb, 0xbb, 0xb3, 0x8f, 0xbb, 0xbb, 0xb3, 0x8f, 0x00, 0x00, 0x00, 0x8f, 0x00, 0x00,
    0x00, 0x8f, 0x00, 0x00, 0x00, 0x8f, 0xbb, 0xbb, 0x80, 0x8f, 0x88, 0x88, 0x60, 0x8f, 0x00, 0x00,
    0x00, 0x8f, 0x00, 0x00, 0x00, 0x8f, 0x00, 0x00, 0x00, 0x8f, 0x88, 0x88, 0x82, 0x8f, 0xff, 0xff,
    0xf4, 0x00, 0x00, 0x24, 0x10, 0x00, 0x01, 0xcc, 0x00, 0x00, 0x09, 0xe1, 0x00, 0x00, 0x00, 0x00,
    0x00, 0x6b, 0xbb, 0xbb, 0xb3, 0x8f, 0xbb, 0xbb, 0xb3, 0x8f, 0x00, 0x00, 0x00, 0x8f, 0x00, 0x00,
    0x00, 0x8f, 0x00, 0x00, 0x00, 0x8f, 0xbb, 0xbb, 0x80, 0x8f, 0x88, 0x88, 0x60, 0x8f, 0x00, 0x00,
    0x00, 0x8f, 0x00, 0x00, 0x00, 0x8f, 0x00, 0x00, 0x00, 0x8f, 0x88, 0x88, 0x82, 0x8f, 0xff, 0xff,
    0xf4, 0x00, 0x03, 0x30, 0x00, 0x00, 0x6f, 0xf6, 0x00, 0x06, 0xe3, 0x6f, 0x60, 0x00, 0x00, 0x00,
    0x00, 0x6b, 0xbb, 0xbb, 0xb3, 0x8f, 0xbb, 0xbb, 0xb3, 0x8f, 0x00, 0x00, 0x00, 0x8f, 0x00, 0x00,
    0x00, 0x8f, 0x00, 0x00, 0x00, 0x8f, 0xbb, 0xbb, 0x80, 0x8f, 0x88, 0x88, 0x60, 0x8f, 0x00, 0x00,
    0x00, 0x8f, 0x00, 0x00, 0x00, 0x8f, 0x00, 0x00, 0x00, 0x8f, 0x88, 0x88, 0x82, 0x8f, 0xff, 0xff,
    0xf4, 0x01, 0x20, 0x02, 0x00, 0x0c, 0xf2, 0x3f, 0xa0, 0x0a, 0xd1, 0x2e, 0x80, 0x00, 0x00, 0x00,
    0x00, 0x6b, 0xbb, 0xbb, 0xb3, 0x8f, 0xbb, 0xbb, 0xb3, 0x8f, 0x00, 0x00, 0x00, 0x8f, 0x00, 0x00,
    0x00, 0x8f, 0x00, 0x00, 0x00, 0x8f, 0xbb, 0xbb, 0x80, 0x8f, 0x88, 0x88, 0x60, 0x8f, 0x00, 0x00,
    0x00, 0x8f, 0x00, 0x00, 0x00, 0x8f, 0x00, 0x00, 0x00, 0x8f, 0x88, 0x88, 0x82, 0x8f, 0xff, 0xff,
    0xf4, 0x02, 0x41, 0x00, 0x00, 0x3e, 0x90, 0x00, 0x00, 0x4f, 0x70, 0x00, 0x00, 0x00, 0x00, 0x6b,
    0xbb, 0xbb, 0xb6, 0xbb, 0xfd, 0xbb, 0x00, 0x0f, 0x80, 0x00, 0x00, 0xf8, 0x00, 0x00, 0x0f, 0x80,
    0x00, 0x00, 0xf8, 0x00, 0x00, 0x0f, 0x80, 0x00, 0x00, 0xf8, 0x00, 0x00, 0x0f, 0x80, 0x00, 0x00,
    0xf8, 0x00, 0x48, 0x8f, 0xb8, 0x88, 0xff, 0xff, 0xff, 0x00, 0x00, 0x24, 0x10, 0x00, 0x2e, 0x90,
    0x00, 0x0c, 0xc1, 0x00, 0x00, 0x00, 0x00, 0x6b, 0xbb, 0xbb, 0xb6, 0xbb, 0xfd, 0xbb, 0x00, 0x0f,
    0x80, 0x00, 0x00, 0xf8, 0x00, 0x00, 0x0f, 0x80, 0x00, 0x00, 0xf8, 0x00, 0x00, 0x0f, 0x80, 0x00,
    0x00, 0xf8, 0x00, 0x00, 0x0f, 0x80, 0x00, 0x00, 0xf8, 0x00, 0x48, 0x8f, 0xb8, 0x88, 0xff, 0xff,
    0xff, 0x00, 0x04, 0x20, 0x00, 0x09, 0xfe, 0x30, 0x09, 0xe3, 0x6e, 0x30, 0x00, 0x00, 0x00, 0x6b,
    0xbb, 0xbb, 0xb6, 0xbb, 0xfd, 0xbb, 0x00, 0x0f, 0x80, 0x00, 0x00, 0xf8, 0x00, 0x00, 0x0f, 0x80,
    0x00, 0x00, 0xf8, 0x00, 0x00, 0x0f, 0x80, 0x00, 0x00, 0xf8, 0x00, 0x00, 0x0f, 0x80, 0x00, 0x00,
    0xf8, 0x00, 0x48, 0x8f, 0xb8, 0x88, 0xff, 0xff, 0xff, 0x01, 0x10, 0x03, 0x00, 0xee, 0x06, 0xf8,
    0x0c, 0xc0, 0x5e, 0x70, 0x00, 0x00, 0x00, 0x6b, 0xbb, 0xbb, 0xb6, 0xbb, 0xfd, 0xbb, 0x00, 0x0f,
    0x80, 0x00, 0x00, 0xf8, 0x00, 0x00, 0x0f, 0x80, 0x00, 0x00, 0xf8, 0x00, 0x00, 0x0f, 0x80, 0x00,
    0x00, 0xf8, 0x00, 0x00, 0x0f, 0x80, 0x00, 0x00, 0xf8, 0x00, 0x48, 0x8f, 0xb8, 0x88, 0xff, 0xff,
    0xff, 0x06, 0xbb, 0xb8, 0x40, 0x00, 0x8f, 0xbb, 0xdf, 0x60, 0x08, 0xf0, 0x00, 0xaf, 0x10, 0x8f,
    0x00, 0x05, 0xf4, 0x08, 0xf0, 0x00, 0x4f, 0x46, 0xbf, 0x86, 0x04, 0xf4, 0x8d, 0xfb, 0x80, 0x4f,
    0x40, 0x8f, 0x00, 0x04, 0xf4, 0x08, 0xf0, 0x00, 0x4f, 0x40, 0x8f, 0x00, 0x08, 0xf2, 0x08, 0xf8,
    0x89, 0xfa, 0x00, 0x8f, 0xff, 0xe8, 0x10, 0x00, 0x30, 0x00, 0x00, 0x08, 0xfe, 0x3c, 0x70, 0x0b,
    0x46, 0xed, 0x20, 0x00, 0x00, 0x00, 0x00, 0x6b, 0x60, 0x03, 0xb3, 0x8f, 0xd0, 0x04, 0xf4, 0x8d,
    0xf3, 0x04, 0xf4, 0x8b, 0xc8, 0x04, 0xf4, 0x8b, 0x7d, 0x04, 0xf4, 0x8b, 0x2f, 0x44, 0xf4, 0x8b,
    0x0b, 0x94, 0xf4, 0x8b, 0x06, 0xe4, 0xf4, 0x8b, 0x01, 0xf8, 0xf4, 0x8b, 0x00, 0xad, 0xf4, 0x8b,
    0x00, 0x6f, 0xf4, 0x8b, 0x00, 0x1e, 0xf4, 0x02, 0x41, 0x00, 0x00, 0x03, 0xe9, 0x00, 0x00, 0x00,
    0x4f, 0x70, 0x00, 0x00, 0x00, 0x00, 0x00, 0x02, 0x9b, 0xb8, 0x00, 0x2e, 0xe8, 0xaf, 0x90, 0x8f,
    0x20, 0x08, 0xf2, 0xaf, 0x00, 0x04, 0xf4, 0xbf, 0x00, 0x04, 0xf4, 0xbf, 0x00, 0x04, 0xf4, 0xbf,
    0x00, 0x04, 0xf4, 0xbf, 0x00, 0x04, 0xf4, 0xbf, 0x00, 0x04, 0xf4, 0x8f, 0x10, 0x07, 0xf3, 0x4f,
    0xa4, 0x6e, 0xc0, 0x06, 0xef, 0xfb, 0x30, 0x00, 0x03, 0x10, 0x00, 0x00, 0x00, 0x24, 0x10, 0x00,
    0x02, 0xe9, 0x00, 0x00, 0x0c, 0xc1, 0x00, 0x00, 0x00, 0x00, 0x00, 0x02, 0x9b, 0xb8, 0x00, 0x2e,
    0xe8, 0xaf, 0x90, 0x8f, 0x20, 0x08, 0xf2, 0xaf, 0x00, 0x04, 0xf4, 0xbf, 0x00, 0x04, 0xf4, 0xbf,
    0x00, 0x04, 0xf4, 0xbf, 0x00, 0x04, 0xf4, 0xbf, 0x00, 0x04, 0xf4, 0xbf, 0x00, 0x04, 0xf4, 0x8f,
    0x10, 0x07, 0xf3, 0x4f, 0xa4, 0x6e, 0xc0, 0x06, 0xef, 0xfb, 0x30, 0x00, 0x03, 0x10, 0x00, 0x00,
    0x04, 0x20, 0x00, 0x00, 0x9f, 0xe3, 0x00, 0x09, 0xe3, 0x6e, 0x30, 0x00, 0x00, 0x00, 0x00, 0x02,
    0x9b, 0xb8, 0x00, 0x2e, 0xe8, 0xaf, 0x90, 0x8f, 0x20, 0x08, 0xf2, 0xaf, 0x00, 0x04, 0xf4, 0xbf,
    0x00, 0x04, 0xf4, 0xbf, 0x00, 0x04, 0xf4, 0xbf, 0x00, 0x04, 0xf4, 0xbf, 0x00, 0x04, 0xf4, 0xbf,
    0x00, 0x04, 0xf4, 0x8f, 0x10, 0x07, 0xf3, 0x4f, 0xa4, 0x6e, 0xc0, 0x06, 0xef, 0xfb, 0x30, 0x00,
    0x03, 0x10, 0x00, 0x00, 0x30, 0x00, 0x00, 0x08, 0xfe, 0x3c, 0x70, 0x0b, 0x46, 0xed, 0x20, 0x00,
    0x00, 0x00, 0x00, 0x02, 0x9b, 0xb8, 0x00, 0x2e, 0xe8, 0xaf, 0x90, 0x8f, 0x20, 0x08, 0xf2, 0xaf,
    0x00, 0x04, 0xf4, 0xbf, 0x00, 0x04, 0xf4, 0xbf, 0x00, 0x04, 0xf4, 0xbf, 0x00, 0x04, 0xf4, 0xbf,
    0x00, 0x04, 0xf4, 0xbf, 0x00, 0x04, 0xf4, 0x8f, 0x10, 0x07, 0xf3, 0x4f, 0xa4, 0x6e, 0xc0, 0x06,
    0xef, 0xfb, 0x30, 0x00, 0x03, 0x10, 0x00, 0x01, 0x10, 0x03, 0x00, 0x0e, 0xe0, 0x6f, 0x80, 0x0c,
    0xc0, 0x5e, 0x70, 0x00, 0x00, 0x00, 0x00, 0x02, 0x9b, 0xb8, 0x00, 0x2e, 0xe8, 0xaf, 0x90, 0x8f,
    0x20, 0x08, 0xf2, 0xaf, 0x00, 0x04, 0xf4, 0xbf, 0x00, 0x04, 0xf4, 0xbf, 0x00, 0x04, 0xf4, 0xbf,
    0x00, 0x04, 0xf4, 0xbf, 0x00, 0x04, 0xf4, 0xbf, 0x00, 0x04, 0xf4, 0x8f, 0x10, 0x07, 0xf3, 0x4f,
    0xa4, 0x6e, 0xc0, 0x06, 0xef, 0xfb, 0x30, 0x00, 0x03, 0x10, 0x00, 0x02, 0x00, 0x01, 0x22, 0xf6,
    0x01, 0xc9, 0x06, 0xf7, 0xcc, 0x10, 0x07, 0xfd, 0x10, 0x01, 0xcd, 0xf6, 0x01, 0xcc, 0x16, 0xf6,
    0x19, 0x10, 0x06, 0x60, 0x00, 0x39, 0xbb, 0x89, 0xc0, 0x02, 0xee, 0x8a, 0xff, 0x40, 0x08, 0xf2,
    0x00, 0xcf, 0x20, 0x0b, 0xf0, 0x05, 0xff, 0x40, 0x0b, 0xf0, 0x0d, 0xbf, 0x40, 0x0b, 0xf0, 0x8e,
    0x5f, 0x40, 0x0b, 0xf1, 0xe6, 0x4f, 0x40, 0x0b, 0xf8, 0xd0, 0x4f, 0x40, 0x0b, 0xff, 0x40, 0x4f,
    0x40, 0x08, 0xfb, 0x00, 0x6f, 0x30, 0x06, 0xfa, 0x46, 0xed, 0x00, 0x0c, 0xbe, 0xff, 0xb3, 0x00,
    0x4b, 0x10, 0x31, 0x00, 0x00, 0x02, 0x41, 0x00, 0x00, 0x03, 0xe9, 0x00, 0x00, 0x00, 0x4f, 0x70,
    0x00, 0x00, 0x00, 0x00, 0x00, 0x6b, 0x00, 0x03, 0xb3, 0x8f, 0x00, 0x04, 0xf4, 0x8f, 0x00, 0x04,
    0xf4, 0x8f, 0x00, 0x04, 0xf4, 0x8f, 0x00, 0x04, 0xf4, 0x8f, 0x00, 0x04, 0xf4, 0x8f, 0x00, 0x04,
    0xf4, 0x8f, 0x00, 0x04, 0xf4, 0x8f, 0x00, 0x04, 0xf4, 0x8f, 0x10, 0x07, 0xf3, 0x4f, 0xa4, 0x6e,
    0xd0, 0x06, 0xef, 0xfd, 0x30, 0x00, 0x03, 0x20, 0x00, 0x00, 0x00, 0x24, 0x10, 0x00, 0x02, 0xe9,
    0x00, 0x00, 0x0c, 0xc1, 0x00, 0x00, 0x00, 0x00, 0x00, 0x6b, 0x00, 0x03, 0xb3, 0x8f, 0x00, 0x04,
    0xf4, 0x8f, 0x00, 0x04, 0xf4, 0x8f, 0x00, 0x04, 0xf4, 0x8f, 0x00, 0x04, 0xf4, 0x8f, 0x00, 0x04,
    0xf4, 0x8f, 0x00, 0x04, 0xf4, 0x8f, 0x00, 0x04, 0xf4, 0x8f, 0x00, 0x04, 0xf4, 0x8f, 0x10, 0x07,
    0xf3, 0x4f, 0xa4, 0x6e, 0xd0, 0x06, 0xef, 0xfd, 0x30, 0x00, 0x03, 0x20, 0x00, 0x00, 0x04, 0x20,
    0x00, 0x00, 0x9f, 0xe3, 0x00, 0x09, 0xe3, 0x6e, 0x30, 0x00, 0x00, 0x00, 0x00, 0x6b, 0x00, 0x03,
    0xb3, 0x8f, 0x00, 0x04, 0xf4, 0x8f, 0x00, 0x04, 0xf4, 0x8f, 0x00, 0x04, 0xf4, 0x8f, 0x00, 0x04,
    0xf4, 0x8f, 0x00, 0x04, 0xf4, 0x8f, 0x00, 0x04, 0xf4, 0x8f, 0x00, 0x04, 0xf4, 0x8f, 0x00, 0x04,
    0xf4, 0x8f, 0x10, 0x07, 0xf3, 0x4f, 0xa4, 0x6e, 0xd0, 0x06, 0xef, 0xfd, 0x30, 0x00, 0x03, 0x20,
    0x00, 0x01, 0x10, 0x03, 0x00, 0x0e, 0xe0, 0x6f, 0x80, 0x0c, 0xc0, 0x5e, 0x70, 0x00, 0x00, 0x00,
    0x00, 0x6b, 0x00, 0x03, 0xb3, 0x8f, 0x00, 0x04, 0xf4, 0x8f, 0x00, 0x04, 0xf4, 0x8f, 0x00, 0x04,
    0xf4, 0x8f, 0x00, 0x04, 0xf4, 0x8f, 0x00, 0x04, 0xf4, 0x8f, 0x00, 0x04, 0xf4, 0x8f, 0x00, 0x04,
    0xf4, 0x8f, 0x00, 0x04, 0xf4, 0x8f, 0x10, 0x07, 0xf3, 0x4f, 0xa4, 0x6e, 0xd0, 0x06, 0xef, 0xfd,
    0x30, 0x00, 0x03, 0x20, 0x00, 0x00, 0x00, 0x02, 0x41, 0x00, 0x00, 0x00, 0x2e, 0x90, 0x00, 0x00,
    0x00, 0xcc, 0x10, 0x00, 0x00, 0x00, 0x00, 0x00, 0x00, 0x4b, 0x40, 0x00, 0x08, 0xa0, 0x0d, 0xb0,
    0x00, 0x2f, 0x80, 0x08, 0xf4, 0x00, 0x8e, 0x10, 0x01, 0xe9, 0x01, 0xe9, 0x00, 0x00, 0x8f, 0x28,
    0xf2, 0x00, 0x00, 0x1e, 0x9e, 0x90, 0x00, 0x00, 0x08, 0xff, 0x20, 0x00, 0x00, 0x01, 0xf9, 0x00,
    0x00, 0x00, 0x00, 0xf8, 0x00, 0x00, 0x00, 0x00, 0xf8, 0x00, 0x00, 0x00, 0x00, 0xf8, 0x00, 0x00,
    0x00, 0x00, 0xf8, 0x00, 0x00, 0x6b, 0x00, 0x00, 0x00, 0x8f, 0x00, 0x00, 0x00, 0x8f, 0x44, 0x43,
    0x00, 0x8f, 0xff, 0xff, 0xb1, 0x8f, 0x00, 0x17, 0xf8, 0x8f, 0x00, 0x00, 0xcb, 0x8f, 0x00, 0x00,
    0xdb, 0x8f, 0x44, 0x4a, 0xf8, 0x8f, 0xff, 0xff, 0x80, 0x8f, 0x44, 0x30, 0x00, 0x8f, 0x00, 0x00,
    0x00, 0x8f, 0x00, 0x00, 0x00, 0x02, 0x9b, 0xb8, 0x10, 0x1e, 0xe8, 0x9f, 0xb0, 0x7f, 0x40, 0x08,
    0xf3, 0x8f, 0x00, 0x04, 0xf4, 0x8f, 0x00, 0x0a, 0xe0, 0x8f, 0x08, 0xdd, 0x30, 0x8f, 0x06, 0x9e,
    0xb0, 0x8f, 0x00, 0x04, 0xf7, 0x8f, 0x00, 0x00, 0xf9, 0x8f, 0x00, 0x03, 0xf8, 0x8f, 0x06, 0x8e,
    0xe2, 0x8f, 0x0b, 0xfb, 0x30, 0x03, 0x83, 0x00, 0x00, 0x00, 0xae, 0x10, 0x00, 0x00, 0x1a, 0x80,
    0x00, 0x00, 0x00, 0x00, 0x00, 0x05, 0xcf, 0xe9, 0x20, 0x4f, 0xb8, 0x8e, 0xc0, 0x48, 0x00, 0x08,
    0xf3, 0x01, 0x44, 0x49, 0xf4, 0x3e, 0xeb, 0xbd, 0xf4, 0xcd, 0x10, 0x08, 0xf4, 0xfb, 0x00, 0x08,
    0xf4, 0xbe, 0x64, 0x6c, 0xf4, 0x3d, 0xff, 0xc6, 0xf4, 0x00, 0x22, 0x00, 0x00, 0x00, 0x00, 0x58,
    0x10, 0x00, 0x04, 0xf7, 0x00, 0x00, 0x0a, 0x80, 0x00, 0x00, 0x00, 0x00, 0x00, 0x05, 0xcf, 0xe9,
    0x20, 0x4f, 0xb8, 0x8e, 0xc0, 0x48, 0x00, 0x08, 0xf3, 0x01, 0x44, 0x49, 0xf4, 0x3e, 0xeb, 0xbd,
    0xf4, 0xcd, 0x10, 0x08, 0xf4, 0xfb, 0x00, 0x08, 0xf4, 0xbe, 0x64, 0x6c, 0xf4, 0x3d, 0xff, 0xc6,
    0xf4, 0x00, 0x22, 0x00, 0x00, 0x00, 0x18, 0x70, 0x00, 0x01, 0xcc, 0xe9, 0x00, 0x08, 0xa1, 0x3b,
    0x60, 0x00, 0x00, 0x00, 0x00, 0x05, 0xcf, 0xe9, 0x20, 0x4f, 0xb8, 0x8e, 0xc0, 0x48, 0x00, 0x08,
    0xf3, 0x01, 0x44, 0x49, 0xf4, 0x3e, 0xeb, 0xbd, 0xf4, 0xcd, 0x10, 0x08, 0xf4, 0xfb, 0x00, 0x08,
    0xf4, 0xbe, 0x64, 0x6c, 0xf4, 0x3d, 0xff, 0xc6, 0xf4, 0x00, 0x22, 0x00, 0x00, 0x01, 0x86, 0x04,
    0x40, 0x09, 0xbc, 0xac, 0x70, 0x06, 0x21, 0x88, 0x10, 0x00, 0x00, 0x00, 0x00, 0x05, 0xcf, 0xe9,
    0x20, 0x4f, 0xb8, 0x8e, 0xc0, 0x48, 0x00, 0x08, 0xf3, 0x01, 0x44, 0x49, 0xf4, 0x3e, 0xeb, 0xbd,
    0xf4, 0xcd, 0x10, 0x08, 0xf4, 0xfb, 0x00, 0x08, 0xf4, 0xbe, 0x64, 0x6c, 0xf4, 0x3d, 0xff, 0xc6,
    0xf4, 0x00, 0x22, 0x00, 0x00, 0x05, 0x60, 0x17, 0x30, 0x0f, 0xf2, 0x5f, 0xb0, 0x07, 0x80, 0x19,
    0x50, 0x00, 0x00, 0x00, 0x00, 0x05, 0xcf, 0xe9, 0x20, 0x4f, 0xb8, 0x8e, 0xc0, 0x48, 0x00, 0x08,
    0xf3, 0x01, 0x44, 0x49, 0xf4, 0x3e, 0xeb, 0xbd, 0xf4, 0xcd, 0x10, 0x08, 0xf4, 0xfb, 0x00, 0x08,
    0xf4, 0xbe, 0x64, 0x6c, 0xf4, 0x3d, 0xff, 0xc6, 0xf4, 0x00, 0x22, 0x00, 0x00, 0x00, 0x16, 0x60,
    0x00, 0x00, 0xc8, 0xa8, 0x00, 0x00, 0xf0, 0x4b, 0x00, 0x00, 0xba, 0xc8, 0x00, 0x00, 0x04, 0x30,
    0x00, 0x05, 0xcf, 0xe9, 0x20, 0x4f, 0xb8, 0x8e, 0xc0, 0x48, 0x00, 0x08, 0xf3, 0x01, 0x44, 0x49,
    0xf4, 0x3e, 0xeb, 0xbd, 0xf4, 0xcd, 0x10, 0x08, 0xf4, 0xfb, 0x00, 0x08, 0xf4, 0xbe, 0x64, 0x6c,
    0xf4, 0x3d, 0xff, 0xc6, 0xf4, 0x00, 0x22, 0x00, 0x00, 0x06, 0xed, 0x68, 0xfd, 0x30, 0x2f, 0x86,
    0xdd, 0x5c, 0xd0, 0x28, 0x00, 0xc8, 0x06, 0xf0, 0x00, 0x34, 0xc9, 0x47, 0xf0, 0x0b, 0xff, 0xff,
    0xff, 0xf0, 0x6f, 0x30, 0xb8, 0x00, 0x00, 0x8f, 0x00, 0xb8, 0x01, 0x40, 0x6f, 0x54, 0xeb, 0x1a,
    0xe0, 0x0a, 0xff, 0x6a, 0xff, 0x60, 0x00, 0x21, 0x00, 0x31, 0x00, 0x03, 0xaf, 0xea, 0x20, 0x2e,
    0xd8, 0x8e, 0xe1, 0x8f, 0x20, 0x05, 0xf6, 0xbf, 0x00, 0x00, 0x00, 0xbf, 0x00, 0x00, 0x00, 0xbf,
    0x00, 0x00, 0x00, 0x8f, 0x10, 0x04, 0xf6, 0x4f, 0xb4, 0x5c, 0xe2, 0x06, 0xef, 0xfd, 0x50, 0x00,
    0x4e, 0x50, 0x00, 0x00, 0x04, 0xd8, 0x00, 0x00, 0x69, 0xf8, 0x00, 0x00, 0x34, 0x30, 0x00, 0x03,
    0x83, 0x00, 0x00, 0x00, 0xbd, 0x10, 0x00, 0x00, 0x1a, 0x70, 0x00, 0x00, 0x00, 0x00, 0x00, 0x04,
    0xaf, 0xe9, 0x10, 0x3f, 0xb5, 0x7e, 0xb0, 0x8f, 0x10, 0x06, 0xf3, 0xbc, 0x44, 0x47, 0xf4, 0xbf,
    0xff, 0xff, 0xf4, 0xbb, 0x00, 0x00, 0x00, 0x9e, 0x00, 0x02, 0x41, 0x4f, 0x94, 0x5c, 0xe1, 0x06,
    0xef, 0xfd, 0x30, 0x00, 0x03, 0x20, 0x00, 0x00, 0x00, 0x67, 0x00, 0x00, 0x05, 0xf6, 0x00, 0x00,
    0x1a, 0x80, 0x00, 0x00, 0x00, 0x00, 0x00, 0x04, 0xaf, 0xe9, 0x10, 0x3f, 0xb5, 0x7e, 0xb0, 0x8f,
    0x10, 0x06, 0xf3, 0xbc, 0x44, 0x47, 0xf4, 0xbf, 0xff, 0xff, 0xf4, 0xbb, 0x00, 0x00, 0x00, 0x9e,
    0x00, 0x02, 0x41, 0x4f, 0x94, 0x5c, 0xe1, 0x06, 0xef, 0xfd, 0x30, 0x00, 0x03, 0x20, 0x00, 0x00,
    0x18, 0x70, 0x00, 0x01, 0xca, 0xe9, 0x00, 0x08, 0x80, 0x3b, 0x60, 0x00, 0x00, 0x00, 0x00, 0x04,
    0xaf, 0xe9, 0x10, 0x3f, 0xb5, 0x7e, 0xb0, 0x8f, 0x10, 0x06, 0xf3, 0xbc, 0x44, 0x47, 0xf4, 0xbf,
    0xff, 0xff, 0xf4, 0xbb, 0x00, 0x00, 0x00, 0x9e, 0x00, 0x02, 0x41, 0x4f, 0x94, 0x5c, 0xe1, 0x06,
    0xef, 0xfd, 0x30, 0x00, 0x03, 0x20, 0x00, 0x05, 0x50, 0x18, 0x20, 0x0f, 0xf0, 0x8f, 0xa0, 0x08,
    0x80, 0x29, 0x30, 0x00, 0x00, 0x00, 0x00, 0x04, 0xaf, 0xe9, 0x10, 0x3f, 0xb5, 0x7e, 0xb0, 0x8f,
    0x10, 0x06, 0xf3, 0xbc, 0x44, 0x47, 0xf4, 0xbf, 0xff, 0xff, 0xf4, 0xbb, 0x00, 0x00, 0x00, 0x9e,
    0x00, 0x02, 0x41, 0x4f, 0x94, 0x5c, 0xe1, 0x06, 0xef, 0xfd, 0x30, 0x00, 0x03, 0x20, 0x00, 0x01,
    0x85, 0x00, 0x00, 0x00, 0x8f, 0x30, 0x00, 0x00, 0x08, 0x90, 0x00, 0x00, 0x00, 0x00, 0x00, 0x3b,
    0xbb, 0xb0, 0x00, 0x3b, 0xbd, 0xf0, 0x00, 0x00, 0x08, 0xf0, 0x00, 0x00, 0x08, 0xf0, 0x00, 0x00,
    0x08, 0xf0, 0x00, 0x00, 0x08, 0xf0, 0x00, 0x00, 0x08, 0xf0, 0x00, 0x68, 0x8b, 0xf8, 0x88, 0xbf,
    0xff, 0xff, 0xff, 0x00, 0x00, 0x48, 0x10, 0x00, 0x02, 0xe9, 0x00, 0x00, 0x08, 0xa0, 0x00, 0x00,
    0x00, 0x00, 0x00, 0x3b, 0xbb, 0xb0, 0x00, 0x3b, 0xbd, 0xf0, 0x00, 0x00, 0x08, 0xf0, 0x00, 0x00,
    0x08, 0xf0, 0x00, 0x00, 0x08, 0xf0, 0x00, 0x00, 0x08, 0xf0, 0x00, 0x00, 0x08, 0xf0, 0x00, 0x68,
    0x8b, 0xf8, 0x88, 0xbf, 0xff, 0xff, 0xff, 0x00, 0x07, 0x81, 0x00, 0x00, 0x9d, 0xcc, 0x10, 0x06,
    0xa1, 0x1a, 0x80, 0x00, 0x00, 0x00, 0x00, 0x3b, 0xbb, 0xb0, 0x00, 0x3b, 0xbd, 0xf0, 0x00, 0x00,
    0x08, 0xf0, 0x00, 0x00, 0x08, 0xf0, 0x00, 0x00, 0x08, 0xf0, 0x00, 0x00, 0x08, 0xf0, 0x00, 0x00,
    0x08, 0xf0, 0x00, 0x68, 0x8b, 0xf8, 0x88, 0xbf, 0xff, 0xff, 0xff, 0x03, 0x70, 0x06, 0x40, 0x0b,
    0xf4, 0x3f, 0xe0, 0x05, 0x91, 0x09, 0x50, 0x00, 0x00, 0x00, 0x00, 0x3b, 0xbb, 0xb0, 0x00, 0x3b,
    0xbd, 0xf0, 0x00, 0x00, 0x08, 0xf0, 0x00, 0x00, 0x08, 0xf0, 0x00, 0x00, 0x08, 0xf0, 0x00, 0x00,
    0x08, 0xf0, 0x00, 0x00, 0x08, 0xf0, 0x00, 0x68, 0x8b, 0xf8, 0x88, 0xbf, 0xff, 0xff, 0xff, 0x03,
    0xb7, 0x06, 0x60, 0x00, 0x8f, 0xde, 0x50, 0x19, 0xef, 0xe2, 0x00, 0x4b, 0x53, 0xe8, 0x00, 0x00,
    0x00, 0x7f, 0x40, 0x08, 0xef, 0xbc, 0xd0, 0x7f, 0xa4, 0x6e, 0xf3, 0xcd, 0x00, 0x04, 0xf8, 0xfb,
    0x00, 0x00, 0xf8, 0xcc, 0x00, 0x04, 0xf7, 0x6f, 0xa4, 0x6d, 0xe1, 0x08, 0xef, 0xfb, 0x30, 0x00,
    0x01, 0x00, 0x00, 0x01, 0x86, 0x04, 0x40, 0x09, 0xbc, 0xac, 0x70, 0x06, 0x21, 0x88, 0x10, 0x00,
    0x00, 0x00, 0x00, 0x6b, 0x4d, 0xfa, 0x30, 0x8f, 0xb8, 0x8e, 0xd0, 0x8f, 0x20, 0x08, 0xf3, 0x8f,
    0x00, 0x04, 0xf4, 0x8f, 0x00, 0x04, 0xf4, 0x8f, 0x00, 0x04, 0xf4, 0x8f, 0x00, 0x04, 0xf4, 0x8f,
    0x00, 0x04, 0xf4, 0x8f, 0x00, 0x04, 0xf4, 0x03, 0x83, 0x00, 0x00, 0x00, 0xbd, 0x10, 0x00, 0x00,
    0x1a, 0x70, 0x00, 0x00, 0x00, 0x00, 0x00, 0x04, 0xaf, 0xd9, 0x10, 0x3f, 0xd8, 0x8f, 0xb0, 0x8f,
    0x10, 0x08, 0xf3, 0xbc, 0x00, 0x04, 0xf4, 0xbb, 0x00, 0x04, 0xf4, 0xbb, 0x00, 0x04, 0xf4, 0x9f,
    0x00, 0x06, 0xf4, 0x4f, 0xa4, 0x6e, 0xd0, 0x06, 0xef, 0xfb, 0x30, 0x00, 0x01, 0x00, 0x00, 0x00,
    0x00, 0x67, 0x00, 0x00, 0x05, 0xf6, 0x00, 0x00, 0x1a, 0x80, 0x00, 0x00, 0x00, 0x00, 0x00, 0x04,
    0xaf, 0xd9, 0x10, 0x3f, 0xd8, 0x8f, 0xb0, 0x8f, 0x10, 0x08, 0xf3, 0xbc, 0x00, 0x04, 0xf4, 0xbb,
    0x00, 0x04, 0xf4, 0xbb, 0x00, 0x04, 0xf4, 0x9f, 0x00, 0x06, 0xf4, 0x4f, 0xa4, 0x6e, 0xd0, 0x06,
    0xef, 0xfb, 0x30, 0x00, 0x01, 0x00, 0x00, 0x00, 0x18, 0x70, 0x00, 0x01, 0xca, 0xe9, 0x00, 0x08,
    0x80, 0x3b, 0x60, 0x00, 0x00, 0x00, 0x00, 0x04, 0xaf, 0xd9, 0x10, 0x3f, 0xd8, 0x8f, 0xb0, 0x8f,
    0x10, 0x08, 0xf3, 0xbc, 0x00, 0x04, 0xf4, 0xbb, 0x00, 0x04, 0xf4, 0xbb, 0x00, 0x04, 0xf4, 0x9f,
    0x00, 0x06, 0xf4, 0x4f, 0xa4, 0x6e, 0xd0, 0x06, 0xef, 0xfb, 0x30, 0x00, 0x01, 0x00, 0x00, 0x01,
    0x85, 0x06, 0x40, 0x0a, 0xad, 0x8d, 0x60, 0x06, 0x21, 0x87, 0x00, 0x00, 0x00, 0x00, 0x00, 0x04,
    0xaf, 0xd9, 0x10, 0x3f, 0xd8, 0x8f, 0xb0, 0x8f, 0x10, 0x08, 0xf3, 0xbc, 0x00, 0x04, 0xf4, 0xbb,
    0x00, 0x04, 0xf4, 0xbb, 0x00, 0x04, 0xf4, 0x9f, 0x00, 0x06, 0xf4, 0x4f, 0xa4, 0x6e, 0xd0, 0x06,
    0xef, 0xfb, 0x30, 0x00, 0x01, 0x00, 0x00, 0x05, 0x50, 0x18, 0x20, 0x0f, 0xf0, 0x8f, 0xa0, 0x08,
    0x80, 0x29, 0x30, 0x00, 0x00, 0x00, 0x00, 0x04, 0xaf, 0xd9, 0x10, 0x3f, 0xd8, 0x8f, 0xb0, 0x8f,
    0x10, 0x08, 0xf3, 0xbc, 0x00, 0x04, 0xf4, 0xbb, 0x00, 0x04, 0xf4, 0xbb, 0x00, 0x04, 0xf4, 0x9f,
    0x00, 0x06, 0xf4, 0x4f, 0xa4, 0x6e, 0xd0, 0x06, 0xef, 0xfb, 0x30, 0x00, 0x01, 0x00, 0x00, 0x00,
    0x3b, 0xa0, 0x00, 0x08, 0xff, 0x30, 0x00, 0x19, 0x70, 0x00, 0x00, 0x00, 0x00, 0x8f, 0xff, 0xff,
    0xf2, 0x44, 0x44, 0x44, 0x00, 0x04, 0x20, 0x00, 0x07, 0xfe, 0x20, 0x00, 0x7f, 0xe1, 0x00, 0x00,
    0x31, 0x00, 0x00, 0x00, 0x00, 0x05, 0x70, 0x00, 0x4b, 0xfe, 0x9e, 0x70, 0x02, 0xfc, 0x88, 0xfd,
    0x00, 0x08, 0xf1, 0x08, 0xff, 0x30, 0x0b, 0xb0, 0x4f, 0x8f, 0x40, 0x0b, 0xb1, 0xd8, 0x4f, 0x40,
    0x0b, 0xba, 0xc0, 0x4f, 0x40, 0x08, 0xef, 0x30, 0x5f, 0x30, 0x05, 0xfc, 0x46, 0xed, 0x00, 0x0b,
    0xde, 0xff, 0xb3, 0x00, 0x38, 0x10, 0x31, 0x00, 0x00, 0x03, 0x83, 0x00, 0x00, 0x00, 0xbd, 0x10,
    0x00, 0x00, 0x1a, 0x70, 0x00, 0x00, 0x00, 0x00, 0x00, 0x6b, 0x00, 0x03, 0xb3, 0x8f, 0x00, 0x04,
    0xf4, 0x8f, 0x00, 0x04, 0xf4, 0x8f, 0x00, 0x04, 0xf4, 0x8f, 0x00, 0x04, 0xf4, 0x8f, 0x00, 0x04,
    0xf4, 0x8f, 0x10, 0x08, 0xf3, 0x4f, 0xa4, 0x6e, 0xc0, 0x06, 0xef, 0xfb, 0x30, 0x00, 0x03, 0x10,
    0x00, 0x00, 0x00, 0x67, 0x00, 0x00, 0x05, 0xf6, 0x00, 0x00, 0x1a, 0x80, 0x00, 0x00, 0x00, 0x00,
    0x00, 0x6b, 0x00, 0x03, 0xb3, 0x8f, 0x00, 0x04, 0xf4, 0x8f, 0x00, 0x04, 0xf4, 0x8f, 0x00, 0x04,
    0xf4, 0x8f, 0x00, 0x04, 0xf4, 0x8f, 0x00, 0x04, 0xf4, 0x8f, 0x10, 0x08, 0xf3, 0x4f, 0xa4, 0x6e,
    0xc0, 0x06, 0xef, 0xfb, 0x30, 0x00, 0x03, 0x10, 0x00, 0x00, 0x18, 0x70, 0x00, 0x01, 0xca, 0xe9,
    0x00, 0x08, 0x80, 0x3b, 0x60, 0x00, 0x00, 0x00, 0x00, 0x6b, 0x00, 0x03, 0xb3, 0x8f, 0x00, 0x04,
    0xf4, 0x8f, 0x00, 0x04, 0xf4, 0x8f, 0x00, 0x04, 0xf4, 0x8f, 0x00, 0x04, 0xf4, 0x8f, 0x00, 0x04,
    0xf4, 0x8f, 0x10, 0x08, 0xf3, 0x4f, 0xa4, 0x6e, 0xc0, 0x06, 0xef, 0xfb, 0x30, 0x00, 0x03, 0x10,
    0x00, 0x05, 0x50, 0x18, 0x20, 0x0f, 0xf0, 0x8f, 0xa0, 0x08, 0x80, 0x29, 0x30, 0x00, 0x00, 0x00,
    0x00, 0x6b, 0x00, 0x03, 0xb3, 0x8f, 0x00, 0x04, 0xf4, 0x8f, 0x00, 0x04, 0xf4, 0x8f, 0x00, 0x04,
    0xf4, 0x8f, 0x00, 0x04, 0xf4, 0x8f, 0x00, 0x04, 0xf4, 0x8f, 0x10, 0x08, 0xf3, 0x4f, 0xa4, 0x6e,
    0xc0, 0x06, 0xef, 0xfb, 0x30, 0x00, 0x03, 0x10, 0x00, 0x00, 0x00, 0x06, 0x70, 0x00, 0x00, 0x05,
    0xf6, 0x00, 0x00, 0x01, 0xa8, 0x00, 0x00, 0x00, 0x00, 0x00, 0x00, 0x1b, 0x80, 0x00, 0x0b, 0x80,
    0xae, 0x00, 0x05, 0xf6, 0x05, 0xf6, 0x00, 0xae, 0x00, 0x0d, 0xb0, 0x1f, 0x90, 0x00, 0x8f, 0x26,
    0xf3, 0x00, 0x02, 0xf8, 0xad, 0x00, 0x00, 0x0a, 0xcf, 0x70, 0x00, 0x00, 0x5f, 0xf2, 0x00, 0x00,
    0x00, 0xfa, 0x00, 0x00, 0x00, 0x5f, 0x60, 0x00, 0x00, 0x0a, 0xe0, 0x00, 0x00, 0x01, 0xf9, 0x00,
    0x00, 0x8b, 0x00, 0x00, 0x00, 0xbf, 0x00, 0x00, 0x00, 0xbf, 0x00, 0x00, 0x00, 0xbf, 0x5d, 0xfa,
    0x10, 0xbf, 0xb8, 0x8e, 0xb0, 0xbf, 0x20, 0x08, 0xf2, 0xbf, 0x00, 0x08, 0xf4, 0xbf, 0x00, 0x08,
    0xf4, 0xbf, 0x00, 0x08, 0xf4, 0xbf, 0x10, 0x08, 0xf3, 0xbf, 0xa4, 0x5e, 0xd0, 0xbf, 0x6f, 0xfd,
    0x30, 0xbf, 0x01, 0x30, 0x00, 0xbf, 0x00, 0x00, 0x00, 0x8b, 0x00, 0x00, 0x00, 0x00, 0x55, 0x01,
    0x82, 0x00, 0x0f, 0xf0, 0x8f, 0xa0, 0x00, 0x88, 0x02, 0x93, 0x00, 0x00, 0x00, 0x00, 0x00, 0x1b,
    0x80, 0x00, 0x0b, 0x80, 0xae, 0x00, 0x05, 0xf6, 0x05, 0xf6, 0x00, 0xae, 0x00, 0x0d, 0xb0, 0x1f,
    0x90, 0x00, 0x8f, 0x26, 0xf3, 0x00, 0x02, 0xf8, 0xad, 0x00, 0x00, 0x0a, 0xcf, 0x70, 0x00, 0x00,
    0x5f, 0xf2, 0x00, 0x00, 0x00, 0xfa, 0x00, 0x00, 0x00, 0x5f, 0x60, 0x00, 0x00, 0x0a, 0xe0, 0x00,
    0x00, 0x01, 0xf9, 0x00, 0x00, 0x00, 0x8b, 0xbb, 0xb6, 0x00, 0x06, 0x88, 0x88, 0x40, 0x00, 0x00,
    0x00, 0x00, 0x00, 0x00, 0x4b, 0xa0, 0x00, 0x00, 0x08, 0xff, 0x30, 0x00, 0x00, 0xc9, 0xf7, 0x00,
    0x00, 0x1f, 0x7c, 0xa0, 0x00, 0x05, 0xf3, 0x8e, 0x00, 0x00, 0x8e, 0x05, 0xf3, 0x00, 0x0c, 0xa0,
    0x1f, 0x70, 0x02, 0xf9, 0x44, 0xda, 0x00, 0x6f, 0xff, 0xff, 0xe0, 0x09, 0xe0, 0x00, 0x6f, 0x30,
    0xda, 0x00, 0x02, 0xf8, 0x2f, 0x80, 0x00, 0x0d, 0xb0, 0x0b, 0xff, 0xff, 0x80, 0x03, 0x44, 0x44,
    0x20, 0x00, 0x00, 0x00, 0x00, 0x05, 0xcf, 0xe9, 0x20, 0x4f, 0xb8, 0x8e, 0xc0, 0x48, 0x00, 0x08,
    0xf3, 0x01, 0x44, 0x49, 0xf4, 0x3e, 0xeb, 0xbd, 0xf4, 0xcd, 0x10, 0x08, 0xf4, 0xfb, 0x00, 0x08,
    0xf4, 0xbe, 0x64, 0x6c, 0xf4, 0x3d, 0xff, 0xc6, 0xf4, 0x00, 0x22, 0x00, 0x00, 0x00, 0x32, 0x00,
    0x32, 0x00, 0x0a, 0xa0, 0x1e, 0x50, 0x00, 0x3d, 0xff, 0x80, 0x00, 0x00, 0x02, 0x00, 0x00, 0x00,
    0x04, 0xba, 0x00, 0x00, 0x00, 0x8f, 0xf3, 0x00, 0x00, 0x0c, 0x9f, 0x70, 0x00, 0x01, 0xf7, 0xca,
    0x00, 0x00, 0x5f, 0x38, 0xe0, 0x00, 0x08, 0xe0, 0x5f, 0x30, 0x00, 0xca, 0x01, 0xf7, 0x00, 0x2f,
    0x94, 0x4d, 0xa0, 0x06, 0xff, 0xff, 0xfe, 0x00, 0x9e, 0x00, 0x06, 0xf3, 0x0d, 0xa0, 0x00, 0x2f,
    0x82, 0xf8, 0x00, 0x00, 0xdb, 0x06, 0x40, 0x06, 0x40, 0x08, 0xd5, 0x6f, 0x40, 0x00, 0x8b, 0xb5,
    0x00, 0x00, 0x00, 0x00, 0x00, 0x05, 0xcf, 0xe9, 0x20, 0x4f, 0xb8, 0x8e, 0xc0, 0x48, 0x00, 0x08,
    0xf3, 0x01, 0x44, 0x49, 0xf4, 0x3e, 0xeb, 0xbd, 0xf4, 0xcd, 0x10, 0x08, 0xf4, 0xfb, 0x00, 0x08,
    0xf4, 0xbe, 0x64, 0x6c, 0xf4, 0x3d, 0xff, 0xc6, 0xf4, 0x00, 0x22, 0x00, 0x00, 0x00, 0x04, 0xba,
    0x00, 0x00, 0x00, 0x08, 0xff, 0x30, 0x00, 0x00, 0x0c, 0x9f, 0x70, 0x00, 0x00, 0x1f, 0x7c, 0xa0,
    0x00, 0x00, 0x5f, 0x38, 0xe0, 0x00, 0x00, 0x8e, 0x05, 0xf3, 0x00, 0x00, 0xca, 0x01, 0xf7, 0x00,
    0x02, 0xf9, 0x44, 0xda, 0x00, 0x06, 0xff, 0xff, 0xfe, 0x00, 0x09, 0xe0, 0x00, 0x6f, 0x30, 0x0d,
    0xa0, 0x00, 0x2f, 0x80, 0x2f, 0x80, 0x00, 0x0d, 0xb0, 0x00, 0x00, 0x00, 0x6d, 0x10, 0x00, 0x00,
    0x00, 0xe8, 0x00, 0x00, 0x00, 0x00, 0xbe, 0xb3, 0x00, 0x00, 0x00, 0x04, 0x41, 0x05, 0xcf, 0xe9,
    0x20, 0x04, 0xfb, 0x88, 0xec, 0x00, 0x48, 0x00, 0x08, 0xf3, 0x00, 0x14, 0x44, 0x9f, 0x40, 0x3e,
    0xeb, 0xbd, 0xf4, 0x0c, 0xd1, 0x00, 0x8f, 0x40, 0xfb, 0x00, 0x08, 0xf4, 0x0b, 0xe6, 0x46, 0xcf,
    0x40, 0x3d, 0xff, 0xc6, 0xf4, 0x00, 0x02, 0x20, 0x9a, 0x00, 0x00, 0x00, 0x3f, 0x40, 0x00, 0x00,
    0x01, 0xed, 0xb0, 0x00, 0x00, 0x01, 0x44, 0x00, 0x00, 0x00, 0x24, 0x10, 0x00, 0x01, 0xda, 0x00,
    0x00, 0x0a, 0xc1, 0x00, 0x00, 0x00, 0x00, 0x00, 0x02, 0x9b, 0xb8, 0x10, 0x1e, 0xe8, 0x9f, 0xc0,
    0x7f, 0x40, 0x06, 0xf5, 0x8f, 0x00, 0x02, 0x84, 0x8f, 0x00, 0x00, 0x00, 0x8f, 0x00, 0x00, 0x00,
    0x8f, 0x00, 0x00, 0x00, 0x8f, 0x00, 0x00, 0x00, 0x8f, 0x00, 0x01, 0x42, 0x8f, 0x10, 0x05, 0xf6,
    0x3f, 0xc4, 0x5c, 0xe1, 0x06, 0xef, 0xfd, 0x30, 0x00, 0x03, 0x20, 0x00, 0x00, 0x00, 0x58, 0x10,
    0x00, 0x03, 0xf8, 0x00, 0x00, 0x09, 0x80, 0x00, 0x00, 0x00, 0x00, 0x00, 0x03, 0xaf, 0xea, 0x20,
    0x2e, 0xd8, 0x8e, 0xe1, 0x8f, 0x20, 0x05, 0xf6, 0xbf, 0x00, 0x00, 0x00, 0xbf, 0x00, 0x00, 0x00,
    0xbf, 0x00, 0x00, 0x00, 0x8f, 0x10, 0x04, 0xf6, 0x4f, 0xb4, 0x5c, 0xe2, 0x06, 0xef, 0xfd, 0x50,
    0x00, 0x03, 0x20, 0x00, 0x00, 0x04, 0x30, 0x00, 0x00, 0x9e, 0xf6, 0x00, 0x09, 0xe3, 0x6f, 0x60,
    0x00, 0x00, 0x00, 0x00, 0x02, 0x9b, 0xb8, 0x10, 0x1e, 0xe8, 0x9f, 0xc0, 0x7f, 0x40, 0x06, 0xf5,
    0x8f, 0x00, 0x02, 0x84, 0x8f, 0x00, 0x00, 0x00, 0x8f, 0x00, 0x00, 0x00, 0x8f, 0x00, 0x00, 0x00,
    0x8f, 0x00, 0x00, 0x00, 0x8f, 0x00, 0x01, 0x42, 0x8f, 0x10, 0x05, 0xf6, 0x3f, 0xc4, 0x5c, 0xe1,
    0x06, 0xef, 0xfd, 0x30, 0x00, 0x03, 0x20, 0x00, 0x00, 0x18, 0x70, 0x00, 0x01, 0xcc, 0xe9, 0x00,
    0x08, 0xa1, 0x1a, 0x60, 0x00, 0x00, 0x00, 0x00, 0x03, 0xaf, 0xea, 0x20, 0x2e, 0xd8, 0x8e, 0xe1,
    0x8f, 0x20, 0x05, 0xf6, 0xbf, 0x00, 0x00, 0x00, 0xbf, 0x00, 0x00, 0x00, 0xbf, 0x00, 0x00, 0x00,
    0x8f, 0x10, 0x04, 0xf6, 0x4f, 0xb4, 0x5c, 0xe2, 0x06, 0xef, 0xfd, 0x50, 0x00, 0x03, 0x20, 0x00,
    0x00, 0x01, 0x00, 0x00, 0x00, 0x3f, 0xe0, 0x00, 0x00, 0x2e, 0xc0, 0x00, 0x00, 0x00, 0x00, 0x00,
    0x02, 0x9b, 0xb8, 0x10, 0x1e, 0xe8, 0x9f, 0xc0, 0x7f, 0x40, 0x06, 0xf5, 0x8f, 0x00, 0x02, 0x84,
    0x8f, 0x00, 0x00, 0x00, 0x8f, 0x00, 0x00, 0x00, 0x8f, 0x00, 0x00, 0x00, 0x8f, 0x00, 0x00, 0x00,
    0x8f, 0x00, 0x01, 0x42, 0x8f, 0x10, 0x05, 0xf6, 0x3f, 0xc4, 0x5c, 0xe1, 0x06, 0xef, 0xfd, 0x30,
    0x00, 0x03, 0x20, 0x00, 0x00, 0x06, 0x50, 0x00, 0x00, 0x4f, 0xf0, 0x00, 0x00, 0x18, 0x80, 0x00,
    0x00, 0x00, 0x00, 0x00, 0x03, 0xaf, 0xea, 0x20, 0x2e, 0xd8, 0x8e, 0xe1, 0x8f, 0x20, 0x05, 0xf6,
    0xbf, 0x00, 0x00, 0x00, 0xbf, 0x00, 0x00, 0x00, 0xbf, 0x00, 0x00, 0x00, 0x8f, 0x10, 0x04, 0xf6,
    0x4f, 0xb4, 0x5c, 0xe2, 0x06, 0xef, 0xfd, 0x50, 0x00, 0x03, 0x20, 0x00, 0x04, 0x30, 0x04, 0x30,
    0x06, 0xf6, 0x9e, 0x30, 0x00, 0x6f, 0xe3, 0x00, 0x00, 0x00, 0x00, 0x00, 0x02, 0x9b, 0xb8, 0x10,
    0x1e, 0xe8, 0x9f, 0xc0, 0x7f, 0x40, 0x06, 0xf5, 0x8f, 0x00, 0x02, 0x84, 0x8f, 0x00, 0x00, 0x00,
    0x8f, 0x00, 0x00, 0x00, 0x8f, 0x00, 0x00, 0x00, 0x8f, 0x00, 0x00, 0x00, 0x8f, 0x00, 0x01, 0x42,
    0x8f, 0x10, 0x05, 0xf6, 0x3f, 0xc4, 0x5c, 0xe1, 0x06, 0xef, 0xfd, 0x30, 0x00, 0x03, 0x20, 0x00,
    0x05, 0x70, 0x18, 0x50, 0x01, 0xca, 0xcc, 0x10, 0x00, 0x1a, 0xa1, 0x00, 0x00, 0x00, 0x00, 0x00,
    0x03, 0xaf, 0xea, 0x20, 0x2e, 0xd8, 0x8e, 0xe1, 0x8f, 0x20, 0x05, 0xf6, 0xbf, 0x00, 0x00, 0x00,
    0xbf, 0x00, 0x00, 0x00, 0xbf, 0x00, 0x00, 0x00, 0x8f, 0x10, 0x04, 0xf6, 0x4f, 0xb4, 0x5c, 0xe2,
    0x06, 0xef, 0xfd, 0x50, 0x00, 0x03, 0x20, 0x00, 0x04, 0x20, 0x04, 0x30, 0x06, 0xe5, 0x9e, 0x30,
    0x00, 0x6f, 0xe3, 0x00, 0x00, 0x00, 0x00, 0x00, 0x6b, 0xbb, 0x84, 0x00, 0x8f, 0xbb, 0xdf, 0x60,
    0x8f, 0x00, 0x0a, 0xf1, 0x8f, 0x00, 0x05, 0xf4, 0x8f, 0x00, 0x04, 0xf4, 0x8f, 0x00, 0x04, 0xf4,
    0x8f, 0x00, 0x04, 0xf4, 0x8f, 0x00, 0x04, 0xf4, 0x8f, 0x00, 0x04, 0xf4, 0x8f, 0x00, 0x08, 0xf2,
    0x8f, 0x88, 0x9f, 0xa0, 0x8f, 0xff, 0xe8, 0x10, 0x00, 0x00, 0x03, 0xb3, 0x88, 0x00, 0x00, 0x04,
    0xf4, 0xb8, 0x00, 0x00, 0x04, 0xf4, 0xf7, 0x01, 0xaf, 0xb6, 0xf4, 0x41, 0x0a, 0xf8, 0x8c, 0xf4,
    0x00, 0x0f, 0x90, 0x06, 0xf4, 0x00, 0x0f, 0x80, 0x04, 0xf4, 0x00, 0x0f, 0x80, 0x04, 0xf4, 0x00,
    0x0f, 0x80, 0x04, 0xf4, 0x00, 0x0f, 0x80, 0x06, 0xf4, 0x00, 0x0b, 0xe5, 0x4b, 0xf4, 0x00, 0x03,
    0xef, 0xe7, 0xf4, 0x00, 0x00, 0x03, 0x00, 0x00, 0x00, 0x06, 0xbb, 0xb8, 0x40, 0x00, 0x8f, 0xbb,
    0xdf, 0x60, 0x08, 0xf0, 0x00, 0xaf, 0x10, 0x8f, 0x00, 0x05, 0xf4, 0x08, 0xf0, 0x00, 0x4f, 0x46,
    0xbf, 0x86, 0x04, 0xf4, 0x8d, 0xfb, 0x80, 0x4f, 0x40, 0x8f, 0x00, 0x04, 0xf4, 0x08, 0xf0, 0x00,
    0x4f, 0x40, 0x8f, 0x00, 0x08, 0xf2, 0x08, 0xf8, 0x89, 0xfa, 0x00, 0x8f, 0xff, 0xe8, 0x10, 0x00,
    0x00, 0x06, 0xb3, 0x00, 0x00, 0x44, 0x9f, 0x72, 0x00, 0x0f, 0xff, 0xff, 0x80, 0x00, 0x00, 0x8f,
    0x40, 0x06, 0xef, 0xa8, 0xf4, 0x04, 0xfc, 0x88, 0xef, 0x40, 0x8f, 0x20, 0x08, 0xf4, 0x08, 0xf0,
    0x00, 0x8f, 0x40, 0x8f, 0x00, 0x08, 0xf4, 0x08, 0xf1, 0x00, 0x8f, 0x40, 0x6f, 0xa4, 0x6e, 0xf4,
    0x00, 0x8f, 0xfd, 0x9f, 0x40, 0x00, 0x13, 0x00, 0x00, 0x00, 0x08, 0xbb, 0xbb, 0x60, 0x06, 0x88,
    0x88, 0x40, 0x00, 0x00, 0x00, 0x00, 0x6b, 0xbb, 0xbb, 0xb3, 0x8f, 0xbb, 0xbb, 0xb3, 0x8f, 0x00,
    0x00, 0x00, 0x8f, 0x00, 0x00, 0x00, 0x8f, 0x00, 0x00, 0x00, 0x8f, 0xbb, 0xbb, 0x80, 0x8f, 0x88,
    0x88, 0x60, 0x8f, 0x00, 0x00, 0x00, 0x8f, 0x00, 0x00, 0x00, 0x8f, 0x00, 0x00, 0x00, 0x8f, 0x88,
    0x88, 0x82, 0x8f, 0xff, 0xff, 0xf4, 0x0b, 0xff, 0xff, 0x80, 0x03, 0x44, 0x44, 0x20, 0x00, 0x00,
    0x00, 0x00, 0x04, 0xaf, 0xe9, 0x10, 0x3f, 0xb5, 0x7e, 0xb0, 0x8f, 0x10, 0x06, 0xf3, 0xbc, 0x44,
    0x47, 0xf4, 0xbf, 0xff, 0xff, 0xf4, 0xbb, 0x00, 0x00, 0x00, 0x9e, 0x00, 0x02, 0x41, 0x4f, 0x94,
    0x5c, 0xe1, 0x06, 0xef, 0xfd, 0x30, 0x00, 0x03, 0x20, 0x00, 0x03, 0x20, 0x03, 0x20, 0x08, 0xb0,
    0x1d, 0x70, 0x01, 0xce, 0xfb, 0x10, 0x00, 0x01, 0x10, 0x00, 0x6b, 0xbb, 0xbb, 0xb3, 0x8f, 0xbb,
    0xbb, 0xb3, 0x8f, 0x00, 0x00, 0x00, 0x8f, 0x00, 0x00, 0x00, 0x8f, 0x00, 0x00, 0x00, 0x8f, 0xbb,
    0xbb, 0x80, 0x8f, 0x88, 0x88, 0x60, 0x8f, 0x00, 0x00, 0x00, 0x8f, 0x00, 0x00, 0x00, 0x8f, 0x00,
    0x00, 0x00, 0x8f, 0x88, 0x88, 0x82, 0x8f, 0xff, 0xff, 0xf4, 0x06, 0x40, 0x07, 0x40, 0x08, 0xc4,
    0x7f, 0x30, 0x00, 0x8b, 0xa5, 0x00, 0x00, 0x00, 0x00, 0x00, 0x04, 0xaf, 0xe9, 0x10, 0x3f, 0xb5,
    0x7e, 0xb0, 0x8f, 0x10, 0x06, 0xf3, 0xbc, 0x44, 0x47, 0xf4, 0xbf, 0xff, 0xff, 0xf4, 0xbb, 0x00,
    0x00, 0x00, 0x9e, 0x00, 0x02, 0x41, 0x4f, 0x94, 0x5c, 0xe1, 0x06, 0xef, 0xfd, 0x30, 0x00, 0x03,
    0x20, 0x00, 0x00, 0x01, 0x10, 0x00, 0x00, 0x2f, 0xe1, 0x00, 0x00, 0x2d, 0xc0, 0x00, 0x00, 0x00,
    0x00, 0x00, 0x6b, 0xbb, 0xbb, 0xb3, 0x8f, 0xbb, 0xbb, 0xb3, 0x8f, 0x00, 0x00, 0x00, 0x8f, 0x00,
    0x00, 0x00, 0x8f, 0x00, 0x00, 0x00, 0x8f, 0xbb, 0xbb, 0x80, 0x8f, 0x88, 0x88, 0x60, 0x8f, 0x00,
    0x00, 0x00, 0x8f, 0x00, 0x00, 0x00, 0x8f, 0x00, 0x00, 0x00, 0x8f, 0x88, 0x88, 0x82, 0x8f, 0xff,
    0xff, 0xf4, 0x00, 0x07, 0x40, 0x00, 0x00, 0x5f, 0xf0, 0x00, 0x00, 0x19, 0x60, 0x00, 0x00, 0x00,
    0x00, 0x00, 0x04, 0xaf, 0xe9, 0x10, 0x3f, 0xb5, 0x7e, 0xb0, 0x8f, 0x10, 0x06, 0xf3, 0xbc, 0x44,
    0x47, 0xf4, 0xbf, 0xff, 0xff, 0xf4, 0xbb, 0x00, 0x00, 0x00, 0x9e, 0x00, 0x02, 0x41, 0x4f, 0x94,
    0x5c, 0xe1, 0x06, 0xef, 0xfd, 0x30, 0x00, 0x03, 0x20, 0x00, 0x6b, 0xbb, 0xbb, 0xb3, 0x8f, 0xbb,
    0xbb, 0xb3, 0x8f, 0x00, 0x00, 0x00, 0x8f, 0x00, 0x00, 0x00, 0x8f, 0x00, 0x00, 0x00, 0x8f, 0xbb,
    0xbb, 0x80, 0x8f, 0x88, 0x88, 0x60, 0x8f, 0x00, 0x00, 0x00, 0x8f, 0x00, 0x00, 0x00, 0x8f, 0x00,
    0x00, 0x00, 0x8f, 0x88, 0x88, 0x82, 0x8f, 0xff, 0xff, 0xf4, 0x00, 0x00, 0x5d, 0x30, 0x00, 0x00,
    0xb9, 0x00, 0x00, 0x00, 0x8f, 0xb6, 0x00, 0x00, 0x04, 0x42, 0x03, 0xaf, 0xe9, 0x10, 0x2e, 0xb5,
    0x7e, 0xb0, 0x8f, 0x10, 0x06, 0xf3, 0xbf, 0x44, 0x47, 0xf4, 0xbf, 0xff, 0xff, 0xf4, 0xbf, 0x00,
    0x00, 0x00, 0x8f, 0x00, 0x02, 0x41, 0x4f, 0x94, 0x4c, 0xe1, 0x06, 0xef, 0xfd, 0x30, 0x00, 0x08,
    0xc1, 0x00, 0x00, 0x0e, 0x80, 0x00, 0x00, 0x0c, 0xeb, 0x30, 0x00, 0x00, 0x44, 0x10, 0x04, 0x30,
    0x04, 0x30, 0x06, 0xf6, 0x9e, 0x30, 0x00, 0x6f, 0xe3, 0x00, 0x00, 0x00, 0x00, 0x00, 0x6b, 0xbb,
    0xbb, 0xb3, 0x8f, 0xbb, 0xbb, 0xb3, 0x8f, 0x00, 0x00, 0x00, 0x8f, 0x00, 0x00, 0x00, 0x8f, 0x00,
    0x00, 0x00, 0x8f, 0xbb, 0xbb, 0x80, 0x8f, 0x88, 0x88, 0x60, 0x8f, 0x00, 0x00, 0x00, 0x8f, 0x00,
    0x00, 0x00, 0x8f, 0x00, 0x00, 0x00, 0x8f, 0x88, 0x88, 0x82, 0x8f, 0xff, 0xff, 0xf4, 0x07, 0x70,
    0x38, 0x30, 0x03, 0xea, 0xe9, 0x00, 0x00, 0x3b, 0x80, 0x00, 0x00, 0x00, 0x00, 0x00, 0x04, 0xaf,
    0xe9, 0x10, 0x3f, 0xb5, 0x7e, 0xb0, 0x8f, 0x10, 0x06, 0xf3, 0xbc, 0x44, 0x47, 0xf4, 0xbf, 0xff,
    0xff, 0xf4, 0xbb, 0x00, 0x00, 0x00, 0x9e, 0x00, 0x02, 0x41, 0x4f, 0x94, 0x5c, 0xe1, 0x06, 0xef,
    0xfd, 0x30, 0x00, 0x03, 0x20, 0x00, 0x00, 0x04, 0x20, 0x00, 0x00, 0x9f, 0xe3, 0x00, 0x09, 0xe3,
    0x6e, 0x30, 0x00, 0x00, 0x00, 0x00, 0x02, 0x9b, 0xb8, 0x10, 0x2e, 0xe8, 0x9f, 0xb0, 0x8f, 0x30,
    0x07, 0xf3, 0xbf, 0x00, 0x02, 0x82, 0xbf, 0x00, 0x00, 0x00, 0xbf, 0x02, 0x44, 0x41, 0xbf, 0x08,
    0xff, 0xf4, 0xbf, 0x02, 0x47, 0xf4, 0xbf, 0x00, 0x04, 0xf4, 0x8f, 0x10, 0x05, 0xf4, 0x4f, 0xa4,
    0x5e, 0xe1, 0x06, 0xef, 0xfd, 0x30, 0x00, 0x03, 0x20, 0x00, 0x00, 0x38, 0x70, 0x00, 0x03, 0xea,
    0xe9, 0x00, 0x1a, 0x80, 0x3b, 0x60, 0x00, 0x00, 0x00, 0x00, 0x06, 0xdf, 0xa7, 0xb3, 0x4f, 0xc8,
    0x8f, 0xf4, 0x8f, 0x10, 0x08, 0xf4, 0xbf, 0x00, 0x08, 0xf4, 0xbf, 0x00, 0x08, 0xf4, 0xaf, 0x00,
    0x08, 0xf4, 0x7f, 0x60, 0x1b, 0xf4, 0x1c, 0xff, 0xf9, 0xf4, 0x00, 0x57, 0x28, 0xf4, 0x00, 0x00,
    0x08, 0xf2, 0x04, 0x88, 0x8f, 0xb0, 0x08, 0xff, 0xc9, 0x10, 0x03, 0x20, 0x03, 0x20, 0x0a, 0xa0,
    0x1e, 0x50, 0x03, 0xdf, 0xf8, 0x00, 0x00, 0x02, 0x00, 0x00, 0x02, 0x9b, 0xb8, 0x10, 0x2e, 0xe8,
    0x9f, 0xb0, 0x8f, 0x30, 0x07, 0xf3, 0xbf, 0x00, 0x02, 0x82, 0xbf, 0x00, 0x00, 0x00, 0xbf, 0x02,
    0x44, 0x41, 0xbf, 0x08, 0xff, 0xf4, 0xbf, 0x02, 0x47, 0xf4, 0xbf, 0x00, 0x04, 0xf4, 0x8f, 0x10,
    0x05, 0xf4, 0x4f, 0xa4, 0x5e, 0xe1, 0x06, 0xef, 0xfd, 0x30, 0x00, 0x03, 0x20, 0x00, 0x06, 0x40,
    0x08, 0x20, 0x09, 0xc4, 0x7f, 0x20, 0x01, 0x8b, 0xa4, 0x00, 0x00, 0x00, 0x00, 0x00, 0x06, 0xdf,
    0xa7, 0xb3, 0x4f, 0xc8, 0x8f, 0xf4, 0x8f, 0x10, 0x08, 0xf4, 0xbf, 0x00, 0x08, 0xf4, 0xbf, 0x00,
    0x08, 0xf4, 0xaf, 0x00, 0x08, 0xf4, 0x7f, 0x60, 0x1b, 0xf4, 0x1c, 0xff, 0xf9, 0xf4, 0x00, 0x57,
    0x28, 0xf4, 0x00, 0x00, 0x08, 0xf2, 0x04, 0x88, 0x8f, 0xb0, 0x08, 0xff, 0xc9, 0x10, 0x00, 0x02,
    0x00, 0x00, 0x00, 0x4f, 0xd0, 0x00, 0x00, 0x3e, 0xb0, 0x00, 0x00, 0x00, 0x00, 0x00, 0x02, 0x9b,
    0xb8, 0x10, 0x2e, 0xe8, 0x9f, 0xb0, 0x8f, 0x30, 0x07, 0xf3, 0xbf, 0x00, 0x02, 0x82, 0xbf, 0x00,
    0x00, 0x00, 0xbf, 0x02, 0x44, 0x41, 0xbf, 0x08, 0xff, 0xf4, 0xbf, 0x02, 0x47, 0xf4, 0xbf, 0x00,
    0x04, 0xf4, 0x8f, 0x10, 0x05, 0xf4, 0x4f, 0xa4, 0x5e, 0xe1, 0x06, 0xef, 0xfd, 0x30, 0x00, 0x03,
    0x20, 0x00, 0x00, 0x17, 0x40, 0x00, 0x00, 0x7f, 0xe0, 0x00, 0x00, 0x19, 0x50, 0x00, 0x00, 0x00,
    0x00, 0x00, 0x06, 0xdf, 0xa7, 0xb3, 0x4f, 0xc8, 0x8f, 0xf4, 0x8f, 0x10, 0x08, 0xf4, 0xbf, 0x00,
    0x08, 0xf4, 0xbf, 0x00, 0x08, 0xf4, 0xaf, 0x00, 0x08, 0xf4, 0x7f, 0x60, 0x1b, 0xf4, 0x1c, 0xff,
    0xf9, 0xf4, 0x00, 0x57, 0x28, 0xf4, 0x00, 0x00, 0x08, 0xf2, 0x04, 0x88, 0x8f, 0xb0, 0x08, 0xff,
    0xc9, 0x10, 0x02, 0x9b, 0xb8, 0x10, 0x2e, 0xe8, 0x9f, 0xb0, 0x8f, 0x30, 0x07, 0xf3, 0xbf, 0x00,
    0x02, 0x82, 0xbf, 0x00, 0x00, 0x00, 0xbf, 0x02, 0x44, 0x41, 0xbf, 0x08, 0xff, 0xf4, 0xbf, 0x02,
    0x47, 0xf4, 0xbf, 0x00, 0x04, 0xf4, 0x8f, 0x10, 0x05, 0xf4, 0x4f, 0xa4, 0x5e, 0xe1, 0x06, 0xef,
    0xfd, 0x30, 0x00, 0x03, 0x20, 0x00, 0x00, 0x05, 0x81, 0x00, 0x00, 0x2e, 0xa0, 0x00, 0x00, 0x7a,
    0x10, 0x00, 0x00, 0x00, 0x00, 0x00, 0x00, 0x01, 0xe7, 0x00, 0x00, 0x08, 0xf2, 0x00, 0x00, 0x2f,
    0xc0, 0x00, 0x00, 0x7b, 0x60, 0x00, 0x00, 0x00, 0x00, 0x00, 0x06, 0xdf, 0xa7, 0xb3, 0x4f, 0xc8,
    0x8f, 0xf4, 0x8f, 0x10, 0x08, 0xf4, 0xbf, 0x00, 0x08, 0xf4, 0xbf, 0x00, 0x08, 0xf4, 0xaf, 0x00,
    0x08, 0xf4, 0x7f, 0x60, 0x1b, 0xf4, 0x1c, 0xff, 0xf9, 0xf4, 0x00, 0x57, 0x28, 0xf4, 0x00, 0x00,
    0x08, 0xf2, 0x04, 0x88, 0x8f, 0xb0, 0x08, 0xff, 0xc9, 0x10, 0x00, 0x04, 0x20, 0x00, 0x00, 0x9f,
    0xe3, 0x00, 0x09, 0xe3, 0x6e, 0x30, 0x00, 0x00, 0x00, 0x00, 0x6b, 0x00, 0x06, 0xb3, 0x8f, 0x00,
    0x08, 0xf4, 0x8f, 0x00, 0x08, 0xf4, 0x8f, 0x00, 0x08, 0xf4, 0x8f, 0x00, 0x08, 0xf4, 0x8f, 0xbb,
    0xbd, 0xf4, 0x8f, 0xbb, 0xbd, 0xf4, 0x8f, 0x00, 0x08, 0xf4, 0x8f, 0x00, 0x08, 0xf4, 0x8f, 0x00,
    0x08, 0xf4, 0x8f, 0x00, 0x08, 0xf4, 0x8f, 0x00, 0x08, 0xf4, 0x00, 0x58, 0x10, 0x00, 0x00, 0x06,
    0xfd, 0xc1, 0x00, 0x00, 0x3b, 0x61, 0xa8, 0x00, 0x00, 0x00, 0x00, 0x00, 0x00, 0x00, 0x00, 0x6b,
    0x00, 0x00, 0x00, 0x00, 0x8f, 0x00, 0x00, 0x00, 0x00, 0x8f, 0x00, 0x00, 0x00, 0x00, 0x8f, 0x4d,
    0xfa, 0x30, 0x00, 0x8f, 0xb8, 0x8e, 0xd0, 0x00, 0x8f, 0x20, 0x08, 0xf3, 0x00, 0x8f, 0x00, 0x04,
    0xf4, 0x00, 0x8f, 0x00, 0x04, 0xf4, 0x00, 0x8f, 0x00, 0x04, 0xf4, 0x00, 0x8f, 0x00, 0x04, 0xf4,
    0x00, 0x8f, 0x00, 0x04, 0xf4, 0x00, 0x8f, 0x00, 0x04, 0xf4, 0x06, 0xb0, 0x00, 0x6b, 0x30, 0x08,
    0xf0, 0x00, 0x8f, 0x40, 0x8d, 0xfb, 0xbb, 0xdf, 0xc6, 0x6b, 0xf8, 0x88, 0xbf, 0x94, 0x08, 0xf0,
    0x00, 0x8f, 0x40, 0x08, 0xfb, 0xbb, 0xdf, 0x40, 0x08, 0xfb, 0xbb, 0xdf, 0x40, 0x08, 0xf0, 0x00,
    0x8f, 0x40, 0x08, 0xf0, 0x00, 0x8f, 0x40, 0x08, 0xf0, 0x00, 0x8f, 0x40, 0x08, 0xf0, 0x00, 0x8f,
    0x40, 0x08, 0xf0, 0x00, 0x8f, 0x40, 0x06, 0xb0, 0x00, 0x00, 0x04, 0x9f, 0x44, 0x30, 0x00, 0xff,
    0xff, 0xfb, 0x00, 0x00, 0x8f, 0x00, 0x00, 0x00, 0x08, 0xf5, 0xdf, 0xb3, 0x00, 0x8f, 0xb6, 0x7e,
    0xd0, 0x08, 0xf2, 0x00, 0x8f, 0x30, 0x8f, 0x00, 0x04, 0xf4, 0x08, 0xf0, 0x00, 0x4f, 0x40, 0x8f,
    0x00, 0x04, 0xf4, 0x08, 0xf0, 0x00, 0x4f, 0x40, 0x8f, 0x00, 0x04, 0xf4, 0x00, 0x30, 0x00, 0x00,
    0x8f, 0xe3, 0xc7, 0x0b, 0x46, 0xed, 0x20, 0x00, 0x00, 0x00, 0x6b, 0xbb, 0xbb, 0xb6, 0xbb, 0xfd,
    0xbb, 0x00, 0x0f, 0x80, 0x00, 0x00, 0xf8, 0x00, 0x00, 0x0f, 0x80, 0x00, 0x00, 0xf8, 0x00, 0x00,
    0x0f, 0x80, 0x00, 0x00, 0xf8, 0x00, 0x00, 0x0f, 0x80, 0x00, 0x00, 0xf8, 0x00, 0x48, 0x8f, 0xb8,
    0x88, 0xff, 0xff, 0xff, 0x00, 0x77, 0x04, 0x60, 0x07, 0xcb, 0xab, 0x90, 0x04, 0x40, 0x78, 0x10,
    0x00, 0x00, 0x00, 0x00, 0x3b, 0xbb, 0xb0, 0x00, 0x3b, 0xbd, 0xf0, 0x00, 0x00, 0x08, 0xf0, 0x00,
    0x00, 0x08, 0xf0, 0x00, 0x00, 0x08, 0xf0, 0x00, 0x00, 0x08, 0xf0, 0x00, 0x00, 0x08, 0xf0, 0x00,
    0x68, 0x8b, 0xf8, 0x88, 0xbf, 0xff, 0xff, 0xff, 0x08, 0xbb, 0xbb, 0x60, 0x68, 0x88, 0x84, 0x00,
    0x00, 0x00, 0x06, 0xbb, 0xbb, 0xbb, 0x6b, 0xbf, 0xdb, 0xb0, 0x00, 0xf8, 0x00, 0x00, 0x0f, 0x80,
    0x00, 0x00, 0xf8, 0x00, 0x00, 0x0f, 0x80, 0x00, 0x00, 0xf8, 0x00, 0x00, 0x0f, 0x80, 0x00, 0x00,
    0xf8, 0x00, 0x00, 0x0f, 0x80, 0x04, 0x88, 0xfb, 0x88, 0x8f, 0xff, 0xff, 0xf0, 0x08, 0xff, 0xff,
    0xb0, 0x02, 0x44, 0x44, 0x30, 0x00, 0x00, 0x00, 0x00, 0x3b, 0xbb, 0xb0, 0x00, 0x3b, 0xbd, 0xf0,
    0x00, 0x00, 0x08, 0xf0, 0x00, 0x00, 0x08, 0xf0, 0x00, 0x00, 0x08, 0xf0, 0x00, 0x00, 0x08, 0xf0,
    0x00, 0x00, 0x08, 0xf0, 0x00, 0x68, 0x8b, 0xf8, 0x88, 0xbf, 0xff, 0xff, 0xff, 0x03, 0x20, 0x03,
    0x20, 0xaa, 0x01, 0xe5, 0x03, 0xdf, 0xf8, 0x00, 0x00, 0x20, 0x00, 0x6b, 0xbb, 0xbb, 0xb6, 0xbb,
    0xfd, 0xbb, 0x00, 0x0f, 0x80, 0x00, 0x00, 0xf8, 0x00, 0x00, 0x0f, 0x80, 0x00, 0x00, 0xf8, 0x00,
    0x00, 0x0f, 0x80, 0x00, 0x00, 0xf8, 0x00, 0x00, 0x0f, 0x80, 0x00, 0x00, 0xf8, 0x00, 0x48, 0x8f,
    0xb8, 0x88, 0xff, 0xff, 0xff, 0x04, 0x60, 0x05, 0x60, 0x05, 0xe5, 0x5e, 0x70, 0x00, 0x5b, 0xb7,
    0x00, 0x00, 0x00, 0x00, 0x00, 0x3b, 0xbb, 0xb0, 0x00, 0x3b, 0xbd, 0xf0, 0x00, 0x00, 0x08, 0xf0,
    0x00, 0x00, 0x08, 0xf0, 0x00, 0x00, 0x08, 0xf0, 0x00, 0x00, 0x08, 0xf0, 0x00, 0x00, 0x08, 0xf0,
    0x00, 0x68, 0x8b, 0xf8, 0x88, 0xbf, 0xff, 0xff, 0xff, 0x6b, 0xbb, 0xbb, 0xb6, 0xbb, 0xfd, 0xbb,
    0x00, 0x0f, 0x80, 0x00, 0x00, 0xf8, 0x00, 0x00, 0x0f, 0x80, 0x00, 0x00, 0xf8, 0x00, 0x00, 0x0f,
    0x80, 0x00, 0x00, 0xf8, 0x00, 0x00, 0x0f, 0x80, 0x00, 0x00, 0xf8, 0x00, 0x48, 0x8f, 0xb8, 0x88,
    0xff, 0xff, 0xff, 0x00, 0x6c, 0x10, 0x00, 0x0f, 0x70, 0x00, 0x00, 0xce, 0xb3, 0x00, 0x00, 0x44,
    0x10, 0x00, 0x05, 0x60, 0x00, 0x00, 0x1f, 0xf4, 0x00, 0x00, 0x08, 0x80, 0x00, 0x00, 0x00, 0x00,
    0x00, 0x3b, 0xbb, 0xb0, 0x00, 0x3b, 0xbd, 0xf0, 0x00, 0x00, 0x08, 0xf0, 0x00, 0x00, 0x08, 0xf0,
    0x00, 0x00, 0x08, 0xf0, 0x00, 0x00, 0x08, 0xf0, 0x00, 0x00, 0x08, 0xf0, 0x00, 0x68, 0x8b, 0xf8,
    0x88, 0xbf, 0xff, 0xff, 0xff, 0x00, 0x3d, 0x30, 0x00, 0x00, 0xbb, 0x00, 0x00, 0x00, 0x8f, 0xb6,
    0x00, 0x00, 0x03, 0x42, 0x00, 0x00, 0x02, 0x00, 0x00, 0x04, 0xfd, 0x00, 0x00, 0x3e, 0xb0, 0x00,
    0x00, 0x00, 0x00, 0x6b, 0xbb, 0xbb, 0xb6, 0xbb, 0xfd, 0xbb, 0x00, 0x0f, 0x80, 0x00, 0x00, 0xf8,
    0x00, 0x00, 0x0f, 0x80, 0x00, 0x00, 0xf8, 0x00, 0x00, 0x0f, 0x80, 0x00, 0x00, 0xf8, 0x00, 0x00,
    0x0f, 0x80, 0x00, 0x00, 0xf8, 0x00, 0x48, 0x8f, 0xb8, 0x88, 0xff, 0xff, 0xff, 0x3b, 0xbb, 0xb0,
    0x00, 0x3b, 0xbd, 0xf0, 0x00, 0x00, 0x08, 0xf0, 0x00, 0x00, 0x08, 0xf0, 0x00, 0x00, 0x08, 0xf0,
    0x00, 0x00, 0x08, 0xf0, 0x00, 0x00, 0x08, 0xf0, 0x00, 0x68, 0x8b, 0xf8, 0x88, 0xbf, 0xff, 0xff,
    0xff, 0x6b, 0x00, 0x00, 0x00, 0x06, 0xb0, 0x8f, 0x00, 0x00, 0x00, 0x08, 0xf0, 0x8f, 0x00, 0x00,
    0x00, 0x08, 0xf0, 0x8f, 0x00, 0x00, 0x00, 0x08, 0xf0, 0x8f, 0x00, 0x00, 0x00, 0x08, 0xf0, 0x8f,
    0x00, 0x00, 0x00, 0x08, 0xf0, 0x8f, 0x00, 0x00, 0x00, 0x08, 0xf0, 0x8f, 0x00, 0x00, 0x00, 0x08,
    0xf0, 0x8f, 0x00, 0xf8, 0x00, 0x08, 0xf0, 0x8f, 0x00, 0xca, 0x00, 0x08, 0xe0, 0x8f, 0x00, 0x8f,
    0x74, 0x6e, 0x90, 0x8f, 0x00, 0x08, 0xff, 0xf9, 0x10, 0x00, 0x00, 0x00, 0x04, 0x00, 0x00, 0x00,
    0x00, 0x00, 0x00, 0xcc, 0x01, 0xe8, 0x0a, 0x80, 0x1a, 0x80, 0x00, 0x00, 0x00, 0x08, 0x80, 0x0b,
    0x60, 0xbb, 0x00, 0xf8, 0x0b, 0xb0, 0x0f, 0x80, 0xbb, 0x00, 0xf8, 0x0b, 0xb0, 0x0f, 0x80, 0xbb,
    0x00, 0xf8, 0x0b, 0xb0, 0x0f, 0x80, 0xbb, 0x00, 0xf8, 0x0b, 0xb0, 0x0f, 0x80, 0x00, 0x00, 0xf8,
    0x00, 0x00, 0x3f, 0x70, 0x00, 0x4f, 0xc1, 0x00, 0x01, 0x40, 0x00, 0x00, 0x00, 0x00, 0x24, 0x00,
    0x00, 0x00, 0x00, 0x3e, 0xf9, 0x00, 0x00, 0x00, 0x3e, 0x83, 0xe9, 0x00, 0x00, 0x00, 0x00, 0x00,
    0x00, 0x00, 0x00, 0x00, 0x6b, 0x00, 0x00, 0x00, 0x00, 0x08, 0xf0, 0x00, 0x00, 0x00, 0x00, 0x8f,
    0x00, 0x00, 0x00, 0x00, 0x08, 0xf0, 0x00, 0x00, 0x00, 0x00, 0x8f, 0x00, 0x00, 0x00, 0x00, 0x08,
    0xf0, 0x00, 0x00, 0x00, 0x00, 0x8f, 0x00, 0x00, 0x00, 0x00, 0x08, 0xf0, 0x00, 0x28, 0x20, 0x00,
    0x8f, 0x00, 0x04, 0xf6, 0x00, 0x0c, 0xd0, 0x00, 0x0d, 0xe6, 0x48, 0xf8, 0x00, 0x00, 0x3b, 0xff,
    0xf8, 0x00, 0x00, 0x00, 0x01, 0x40, 0x00, 0x00, 0x00, 0x00, 0x00, 0x78, 0x10, 0x00, 0x00, 0x9e,
    0xcc, 0x10, 0x00, 0x6b, 0x31, 0xa8, 0x00, 0x00, 0x00, 0x00, 0x00, 0x8b, 0xbb, 0xbb, 0x00, 0x08,
    0xbb, 0xbd, 0xf0, 0x00, 0x00, 0x00, 0x8f, 0x00, 0x00, 0x00, 0x08, 0xf0, 0x00, 0x00, 0x00, 0x8f,
    0x00, 0x00, 0x00, 0x08, 0xf0, 0x00, 0x00, 0x00, 0x8f, 0x00, 0x00, 0x00, 0x08, 0xf0, 0x00, 0x00,
    0x00, 0x8f, 0x00, 0x00, 0x00, 0x0b, 0xe0, 0x00, 0x48, 0x8c, 0xf8, 0x00, 0x08, 0xfe, 0xb6, 0x00,
    0x00, 0x6b, 0x00, 0x01, 0xb8, 0x8f, 0x00, 0x08, 0xf4, 0x8f, 0x00, 0x1e, 0xb0, 0x8f, 0x00, 0x8f,
    0x40, 0x8f, 0x01, 0xeb, 0x00, 0x8f, 0xbc, 0xf4, 0x00, 0x8f, 0xbc, 0xf4, 0x00, 0x8f, 0x01, 0xeb,
    0x00, 0x8f, 0x00, 0x8f, 0x40, 0x8f, 0x00, 0x1e, 0xb0, 0x8f, 0x00, 0x08, 0xf4, 0x8f, 0x00, 0x01,
    0xeb, 0x00, 0x00, 0x00, 0x00, 0x00, 0x05, 0x81, 0x00, 0x00, 0x2e, 0x80, 0x00, 0x00, 0x8a, 0x10,
    0x00, 0x6b, 0x00, 0x00, 0x00, 0x8f, 0x00, 0x00, 0x00, 0x8f, 0x00, 0x00, 0x00, 0x8f, 0x00, 0x03,
    0xb7, 0x8f, 0x00, 0x0c, 0xe1, 0x8f, 0x00, 0x8f, 0x50, 0x8f, 0x45, 0xfa, 0x00, 0x8f, 0xff, 0xf4,
    0x00, 0x8f, 0x45, 0xeb, 0x00, 0x8f, 0x00, 0x7f, 0x70, 0x8f, 0x00, 0x0b, 0xe1, 0x8f, 0x00, 0x03,
    0xfa, 0x00, 0x00, 0x00, 0x00, 0x00, 0x05, 0x81, 0x00, 0x00, 0x2e, 0x80, 0x00, 0x00, 0x8a, 0x10,
    0x00, 0x6b, 0x30, 0x02, 0xb8, 0x08, 0xf4, 0x00, 0xbe, 0x20, 0x8f, 0x40, 0x6f, 0x70, 0x08, 0xf7,
    0x4e, 0xb0, 0x00, 0x8f, 0xff, 0xf5, 0x00, 0x08, 0xf7, 0x4e, 0xc0, 0x00, 0x8f, 0x40, 0x5f, 0x80,
    0x08, 0xf4, 0x00, 0xbf, 0x20, 0x8f, 0x40, 0x02, 0xeb, 0x00, 0x00, 0x24, 0x10, 0x00, 0x01, 0xe9,
    0x00, 0x00, 0x0b, 0xc1, 0x00, 0x00, 0x00, 0x00, 0x00, 0x00, 0x0b, 0x80, 0x00, 0x00, 0x0f, 0xb0,
    0x00, 0x00, 0x0f, 0xb0, 0x00, 0x00, 0x0f, 0xb0, 0x00, 0x00, 0x0f, 0xb0, 0x00, 0x00, 0x0f, 0xb0,
    0x00, 0x00, 0x0f, 0xb0, 0x00, 0x00, 0x0f, 0xb0, 0x00, 0x00, 0x0f, 0xb0, 0x00, 0x00, 0x0f, 0xb0,
    0x00, 0x00, 0x0f, 0xd8, 0x88, 0x86, 0x0f, 0xff, 0xff, 0xfb, 0x00, 0x00, 0x24, 0x10, 0x00, 0x00,
    0x1d, 0xb0, 0x00, 0x00, 0x0a, 0xd1, 0x00, 0x00, 0x00, 0x00, 0x00, 0x00, 0x6b, 0xbb, 0xb0, 0x00,
    0x06, 0xbb, 0xdf, 0x00, 0x00, 0x00, 0x08, 0xf0, 0x00, 0x00, 0x00, 0x8f, 0x00, 0x00, 0x00, 0x08,
    0xf0, 0x00, 0x00, 0x00, 0x8f, 0x00, 0x00, 0x00, 0x08, 0xf0, 0x00, 0x00, 0x00, 0x8f, 0x00, 0x00,
    0x00, 0x08, 0xf0, 0x00, 0x00, 0x00, 0x8f, 0x10, 0x00, 0x00, 0x06, 0xfa, 0x88, 0x60, 0x00, 0x08,
    0xef, 0xfb, 0xb8, 0x00, 0x00, 0x0f, 0xb0, 0x00, 0x00, 0xfb, 0x00, 0x00, 0x0f, 0xb0, 0x00, 0x00,
    0xfb, 0x00, 0x00, 0x0f, 0xb0, 0x00, 0x00, 0xfb, 0x00, 0x00, 0x0f, 0xb0, 0x00, 0x00, 0xfb, 0x00,
    0x00, 0x0f, 0xb0, 0x00, 0x00, 0xfd, 0x88, 0x88, 0x6f, 0xff, 0xff, 0xfb, 0x00, 0x00, 0x00, 0x00,
    0x00, 0x87, 0x00, 0x00, 0x8f, 0x40, 0x00, 0x1b, 0x70, 0x00, 0x6b, 0xbb, 0xb0, 0x00, 0x06, 0xbb,
    0xdf, 0x00, 0x00, 0x00, 0x08, 0xf0, 0x00, 0x00, 0x00, 0x8f, 0x00, 0x00, 0x00, 0x08, 0xf0, 0x00,
    0x00, 0x00, 0x8f, 0x00, 0x00, 0x00, 0x08, 0xf0, 0x00, 0x00, 0x00, 0x8f, 0x00, 0x00, 0x00, 0x08,
    0xf0, 0x00, 0x00, 0x00, 0x8f, 0x10, 0x00, 0x00, 0x06, 0xfa, 0x88, 0x60, 0x00, 0x08, 0xef, 0xfb,
    0x00, 0x00, 0x00, 0x00, 0x00, 0x00, 0x03, 0x84, 0x00, 0x00, 0x00, 0xcd, 0x10, 0x00, 0x00, 0x4b,
    0x30, 0x00, 0xb8, 0x03, 0xb2, 0x0f, 0xb0, 0x5f, 0x00, 0xfb, 0x08, 0xe0, 0x0f, 0xb0, 0x23, 0x00,
    0xfb, 0x00, 0x00, 0x0f, 0xb0, 0x00, 0x00, 0xfb, 0x00, 0x00, 0x0f, 0xb0, 0x00, 0x00, 0xfb, 0x00,
    0x00, 0x0f, 0xb0, 0x00, 0x00, 0xfd, 0x88, 0x88, 0x6f, 0xff, 0xff, 0xfb, 0x6b, 0xbb, 0xb0, 0x3b,
    0x36, 0xbb, 0xdf, 0x04, 0xf2, 0x00, 0x08, 0xf0, 0x5f, 0x00, 0x00, 0x8f, 0x02, 0x40, 0x00, 0x08,
    0xf0, 0x00, 0x00, 0x00, 0x8f, 0x00, 0x00, 0x00, 0x08, 0xf0, 0x00, 0x00, 0x00, 0x8f, 0x00, 0x00,
    0x00, 0x08, 0xf0, 0x00, 0x00, 0x00, 0x8f, 0x10, 0x00, 0x00, 0x06, 0xfa, 0x88, 0x60, 0x00, 0x08,
    0xef, 0xfb, 0xb8, 0x00, 0x00, 0x0f, 0xb0, 0x00, 0x00, 0xfb, 0x00, 0x00, 0x0f, 0xb0, 0x00, 0x00,
    0xfb, 0x00, 0x00, 0x0f, 0xb0, 0x07, 0xf8, 0xfb, 0x00, 0xbf, 0xbf, 0xb0, 0x06, 0xb6, 0xfb, 0x00,
    0x00, 0x0f, 0xb0, 0x00, 0x00, 0xfd, 0x88, 0x88, 0x6f, 0xff, 0xff, 0xfb, 0x8b, 0xbb, 0x80, 0x00,
    0x00, 0x08, 0xbb, 0xeb, 0x00, 0x00, 0x00, 0x00, 0x0b, 0xb0, 0x00, 0x00, 0x00, 0x00, 0xbb, 0x00,
    0x00, 0x00, 0x00, 0x0b, 0xb0, 0x00, 0x00, 0x00, 0x00, 0xbb, 0x00, 0x3d, 0xb0, 0x00, 0x0b, 0xb0,
    0x08, 0xff, 0x30, 0x00, 0xbb, 0x00, 0x3a, 0x80, 0x00, 0x0b, 0xb0, 0x00, 0x00, 0x00, 0x00, 0xbb,
    0x00, 0x00, 0x00, 0x00, 0x09, 0xf8, 0x88, 0x40, 0x00, 0x00, 0x1a, 0xff, 0xf8, 0x00, 0x00, 0xb8,
    0x00, 0x00, 0x00, 0x0f, 0xb0, 0x00, 0x00, 0x00, 0xfb, 0x00, 0x00, 0x00, 0x0f, 0xb0, 0x83, 0x00,
    0x00, 0xfd, 0xce, 0x20, 0x00, 0x0f, 0xf8, 0x10, 0x00, 0x4d, 0xfb, 0x00, 0x00, 0x0b, 0x8f, 0xb0,
    0x00, 0x00, 0x10, 0xfb, 0x00, 0x00, 0x00, 0x0f, 0xb0, 0x00, 0x00, 0x00, 0xfd, 0x88, 0x88, 0x60,
    0x0f, 0xff, 0xff, 0xfb, 0x6b, 0xbb, 0xb0, 0x00, 0x06, 0xbb, 0xdf, 0x00, 0x00, 0x00, 0x08, 0xf0,
    0x00, 0x00, 0x00, 0x8f, 0x04, 0x60, 0x00, 0x08, 0xf9, 0xf5, 0x00, 0x00, 0x8f, 0xb3, 0x00, 0x01,
    0xaf, 0xf0, 0x00, 0x00, 0x8b, 0x9f, 0x00, 0x00, 0x02, 0x08, 0xf0, 0x00, 0x00, 0x00, 0x8f, 0x10,
    0x00, 0x00, 0x06, 0xfa, 0x88, 0x60, 0x00, 0x08, 0xef, 0xfb, 0x00, 0x00, 0x24, 0x10, 0x00, 0x02,
    0xe9, 0x00, 0x00, 0x0c, 0xc1, 0x00, 0x00, 0x00, 0x00, 0x00, 0x6b, 0x60, 0x03, 0xb3, 0x8f, 0xd0,
    0x04, 0xf4, 0x8d, 0xf3, 0x04, 0xf4, 0x8b, 0xc8, 0x04, 0xf4, 0x8b, 0x7d, 0x04, 0xf4, 0x8b, 0x2f,
    0x44, 0xf4, 0x8b, 0x0b, 0x94, 0xf4, 0x8b, 0x06, 0xe4, 0xf4, 0x8b, 0x01, 0xf8, 0xf4, 0x8b, 0x00,
    0xad, 0xf4, 0x8b, 0x00, 0x6f, 0xf4, 0x8b, 0x00, 0x1e, 0xf4, 0x00, 0x00, 0x58, 0x10, 0x00, 0x04,
    0xf7, 0x00, 0x00, 0x0a, 0x80, 0x00, 0x00, 0x00, 0x00, 0x00, 0x6b, 0x4d, 0xfa, 0x30, 0x8f, 0xb8,
    0x8e, 0xd0, 0x8f, 0x20, 0x08, 0xf3, 0x8f, 0x00, 0x04, 0xf4, 0x8f, 0x00, 0x04, 0xf4, 0x8f, 0x00,
    0x04, 0xf4, 0x8f, 0x00, 0x04, 0xf4, 0x8f, 0x00, 0x04, 0xf4, 0x8f, 0x00, 0x04, 0xf4, 0x6b, 0x60,
    0x03, 0xb3, 0x8f, 0xd0, 0x04, 0xf4, 0x8d, 0xf3, 0x04, 0xf4, 0x8b, 0xc8, 0x04, 0xf4, 0x8b, 0x7d,
    0x04, 0xf4, 0x8b, 0x2f, 0x44, 0xf4, 0x8b, 0x0b, 0x94, 0xf4, 0x8b, 0x06, 0xe4, 0xf4, 0x8b, 0x01,
    0xf8, 0xf4, 0x8b, 0x00, 0xad, 0xf4, 0x8b, 0x00, 0x6f, 0xf4, 0x8b, 0x00, 0x1e, 0xf4, 0x00, 0x00,
    0x00, 0x00, 0x00, 0x05, 0x81, 0x00, 0x00, 0x2e, 0x80, 0x00, 0x00, 0x8a, 0x10, 0x00, 0x6b, 0x4d,
    0xfa, 0x30, 0x8f, 0xb8, 0x8e, 0xd0, 0x8f, 0x20, 0x08, 0xf3, 0x8f, 0x00, 0x04, 0xf4, 0x8f, 0x00,
    0x04, 0xf4, 0x8f, 0x00, 0x04, 0xf4, 0x8f, 0x00, 0x04, 0xf4, 0x8f, 0x00, 0x04, 0xf4, 0x8f, 0x00,
    0x04, 0xf4, 0x00, 0x00, 0x00, 0x00, 0x00, 0x05, 0x81, 0x00, 0x00, 0x2e, 0x80, 0x00, 0x00, 0x8a,
    0x10, 0x00, 0x04, 0x20, 0x04, 0x30, 0x06, 0xe5, 0x9e, 0x30, 0x00, 0x6f, 0xe3, 0x00, 0x00, 0x00,
    0x00, 0x00, 0x6b, 0x60, 0x03, 0xb3, 0x8f, 0xd0, 0x04, 0xf4, 0x8d, 0xf3, 0x04, 0xf4, 0x8b, 0xc8,
    0x04, 0xf4, 0x8b, 0x7d, 0x04, 0xf4, 0x8b, 0x2f, 0x44, 0xf4, 0x8b, 0x0b, 0x94, 0xf4, 0x8b, 0x06,
    0xe4, 0xf4, 0x8b, 0x01, 0xf8, 0xf4, 0x8b, 0x00, 0xad, 0xf4, 0x8b, 0x00, 0x6f, 0xf4, 0x8b, 0x00,
    0x1e, 0xf4, 0x07, 0x70, 0x18, 0x50, 0x03, 0xe9, 0xcc, 0x10, 0x00, 0x3b, 0xa1, 0x00, 0x00, 0x00,
    0x00, 0x00, 0x6b, 0x4d, 0xfa, 0x30, 0x8f, 0xb8, 0x8e, 0xd0, 0x8f, 0x20, 0x08, 0xf3, 0x8f, 0x00,
    0x04, 0xf4, 0x8f, 0x00, 0x04, 0xf4, 0x8f, 0x00, 0x04, 0xf4, 0x8f, 0x00, 0x04, 0xf4, 0x8f, 0x00,
    0x04, 0xf4, 0x8f, 0x00, 0x04, 0xf4, 0x00, 0x9a, 0x00, 0x00, 0x00, 0x07, 0xf4, 0x00, 0x00, 0x00,
    0x1a, 0x80, 0x00, 0x00, 0x00, 0x00, 0x00, 0x00, 0x00, 0x00, 0x00, 0x6b, 0x4d, 0xfa, 0x30, 0x00,
    0x8f, 0xb8, 0x8e, 0xd0, 0x00, 0x8f, 0x20, 0x08, 0xf3, 0x00, 0x8f, 0x00, 0x04, 0xf4, 0x00, 0x8f,
    0x00, 0x04, 0xf4, 0x00, 0x8f, 0x00, 0x04, 0xf4, 0x00, 0x8f, 0x00, 0x04, 0xf4, 0x00, 0x8f, 0x00,
    0x04, 0xf4, 0x00, 0x8f, 0x00, 0x04, 0xf4, 0x6b, 0x70, 0x03, 0xb3, 0x8f, 0xd0, 0x04, 0xf4, 0x8d,
    0xf5, 0x04, 0xf4, 0x8b, 0xba, 0x04, 0xf4, 0x8b, 0x5f, 0x24, 0xf4, 0x8b, 0x0d, 0x84, 0xf4, 0x8b,
    0x08, 0xe4, 0xf4, 0x8b, 0x01, 0xf9, 0xf4, 0x8b, 0x00, 0x9d, 0xf4, 0x8b, 0x00, 0x4f, 0xf4, 0x8b,
    0x00, 0x0d, 0xf4, 0x8b, 0x00, 0x06, 0xf4, 0x00, 0x00, 0x08, 0xf3, 0x00, 0x28, 0x9f, 0xb0, 0x00,
    0x4f, 0xb8, 0x10, 0x6b, 0x4d, 0xfa, 0x30, 0x8f, 0xa8, 0x8e, 0xd0, 0x8f, 0x30, 0x08, 0xf3, 0x8f,
    0x00, 0x08, 0xf4, 0x8f, 0x00, 0x08, 0xf4, 0x8f, 0x00, 0x08, 0xf4, 0x8f, 0x00, 0x08, 0xf4, 0x8f,
    0x00, 0x08, 0xf4, 0x8f, 0x00, 0x08, 0xf4, 0x00, 0x00, 0x08, 0xf2, 0x00, 0x28, 0xaf, 0xa0, 0x00,
    0x4f, 0xb8, 0x10, 0x08, 0xbb, 0xbb, 0x60, 0x06, 0x88, 0x88, 0x40, 0x00, 0x00, 0x00, 0x00, 0x02,
    0x9b, 0xb8, 0x00, 0x2e, 0xe8, 0xaf, 0x90, 0x8f, 0x20, 0x08, 0xf2, 0xaf, 0x00, 0x04, 0xf4, 0xbf,
    0x00, 0x04, 0xf4, 0xbf, 0x00, 0x04, 0xf4, 0xbf, 0x00, 0x04, 0xf4, 0xbf, 0x00, 0x04, 0xf4, 0xbf,
    0x00, 0x04, 0xf4, 0x8f, 0x10, 0x07, 0xf3, 0x4f, 0xa4, 0x6e, 0xc0, 0x06, 0xef, 0xfb, 0x30, 0x00,
    0x03, 0x10, 0x00, 0x0b, 0xff, 0xff, 0x80, 0x03, 0x44, 0x44, 0x20, 0x00, 0x00, 0x00, 0x00, 0x04,
    0xaf, 0xd9, 0x10, 0x3f, 0xd8, 0x8f, 0xb0, 0x8f, 0x10, 0x08, 0xf3, 0xbc, 0x00, 0x04, 0xf4, 0xbb,
    0x00, 0x04, 0xf4, 0xbb, 0x00, 0x04, 0xf4, 0x9f, 0x00, 0x06, 0xf4, 0x4f, 0xa4, 0x6e, 0xd0, 0x06,
    0xef, 0xfb, 0x30, 0x00, 0x01, 0x00, 0x00, 0x03, 0x20, 0x03, 0x20, 0x0a, 0xa0, 0x1e, 0x50, 0x03,
    0xdf, 0xf8, 0x00, 0x00, 0x02, 0x00, 0x00, 0x02, 0x9b, 0xb8, 0x00, 0x2e, 0xe8, 0xaf, 0x90, 0x8f,
    0x20, 0x08, 0xf2, 0xaf, 0x00, 0x04, 0xf4, 0xbf, 0x00, 0x04, 0xf4, 0xbf, 0x00, 0x04, 0xf4, 0xbf,
    0x00, 0x04, 0xf4, 0xbf, 0x00, 0x04, 0xf4, 0xbf, 0x00, 0x04, 0xf4, 0x8f, 0x10, 0x07, 0xf3, 0x4f,
    0xa4, 0x6e, 0xc0, 0x06, 0xef, 0xfb, 0x30, 0x00, 0x03, 0x10, 0x00, 0x06, 0x40, 0x07, 0x40, 0x08,
    0xc4, 0x7f, 0x30, 0x00, 0x8b, 0xa5, 0x00, 0x00, 0x00, 0x00, 0x00, 0x04, 0xaf, 0xd9, 0x10, 0x3f,
    0xd8, 0x8f, 0xb0, 0x8f, 0x10, 0x08, 0xf3, 0xbc, 0x00, 0x04, 0xf4, 0xbb, 0x00, 0x04, 0xf4, 0xbb,
    0x00, 0x04, 0xf4, 0x9f, 0x00, 0x06, 0xf4, 0x4f, 0xa4, 0x6e, 0xd0, 0x06, 0xef, 0xfb, 0x30, 0x00,
    0x01, 0x00, 0x00, 0x00, 0x04, 0x20, 0x42, 0x00, 0x8e, 0x29, 0xd1, 0x05, 0xf3, 0x6e, 0x30, 0x00,
    0x00, 0x00, 0x00, 0x02, 0x9b, 0xb8, 0x00, 0x2e, 0xe8, 0xaf, 0x90, 0x8f, 0x20, 0x08, 0xf2, 0xaf,
    0x00, 0x04, 0xf4, 0xbf, 0x00, 0x04, 0xf4, 0xbf, 0x00, 0x04, 0xf4, 0xbf, 0x00, 0x04, 0xf4, 0xbf,
    0x00, 0x04, 0xf4, 0xbf, 0x00, 0x04, 0xf4, 0x8f, 0x10, 0x07, 0xf3, 0x4f, 0xa4, 0x6e, 0xc0, 0x06,
    0xef, 0xfb, 0x30, 0x00, 0x03, 0x10, 0x00, 0x00, 0x28, 0x33, 0x83, 0x00, 0xcb, 0x1c, 0x90, 0x06,
    0xa1, 0x6a, 0x10, 0x00, 0x00, 0x00, 0x00, 0x04, 0xaf, 0xd9, 0x10, 0x3f, 0xd8, 0x8f, 0xb0, 0x8f,
    0x10, 0x08, 0xf3, 0xbc, 0x00, 0x04, 0xf4, 0xbb, 0x00, 0x04, 0xf4, 0xbb, 0x00, 0x04, 0xf4, 0x9f,
    0x00, 0x06, 0xf4, 0x4f, 0xa4, 0x6e, 0xd0, 0x06, 0xef, 0xfb, 0x30, 0x00, 0x01, 0x00, 0x00, 0x03,
    0xbb, 0x3b, 0xbb, 0xb3, 0x1e, 0xe8, 0xbf, 0xdb, 0xb3, 0x4f, 0x50, 0x4f, 0x80, 0x00, 0x7f, 0x40,
    0x0f, 0x80, 0x00, 0x8f, 0x40, 0x0f, 0x80, 0x00, 0x8f, 0x40, 0x0f, 0xdb, 0x80, 0x8f, 0x40, 0x0f,
    0xdb, 0x80, 0x8f, 0x40, 0x0f, 0x80, 0x00, 0x8f, 0x40, 0x0f, 0x80, 0x00, 0x4f, 0x40, 0x2f, 0x80,
    0x00, 0x2f, 0xb4, 0x8f, 0xb8, 0x82, 0x08, 0xff, 0x6f, 0xff, 0xf4, 0x00, 0x11, 0x00, 0x00, 0x00,
    0x08, 0xed, 0x58, 0xfd, 0x30, 0x3f, 0x87, 0xfd, 0x5c, 0xd0, 0x8f, 0x00, 0xf8, 0x08, 0xf0, 0x8f,
    0x00, 0xf9, 0x49, 0xf0, 0x8f, 0x00, 0xff, 0xff, 0xf0, 0x8f, 0x00, 0xf8, 0x00, 0x00, 0x8f, 0x00,
    0xf8, 0x00, 0x00, 0x5f, 0x64, 0xfc, 0x3a, 0xd0, 0x0b, 0xff, 0x7c, 0xfe, 0x50, 0x00, 0x21, 0x00,
    0x31, 0x00, 0x00, 0x00, 0x24, 0x10, 0x00, 0x02, 0xe9, 0x00, 0x00, 0x0c, 0xc1, 0x00, 0x00, 0x00,
    0x00, 0x00, 0x6b, 0xbb, 0xa7, 0x10, 0x8f, 0xbb, 0xcf, 0xc1, 0x8f, 0x00, 0x07, 0xf6, 0x8f, 0x00,
    0x00, 0xf8, 0x8f, 0x00, 0x02, 0xf8, 0x8f, 0x44, 0x5c, 0xf2, 0x8f, 0xff, 0xfd, 0x50, 0x8f, 0x01,
    0xe9, 0x00, 0x8f, 0x00, 0x9f, 0x20, 0x8f, 0x00, 0x2f, 0x90, 0x8f, 0x00, 0x09, 0xf2, 0x8f, 0x00,
    0x03, 0xf8, 0x00, 0x00, 0x38, 0x20, 0x00, 0x01, 0xe9, 0x00, 0x00, 0x08, 0xa1, 0x00, 0x00, 0x00,
    0x00, 0x00, 0x3b, 0x4a, 0xfd, 0x60, 0x4f, 0xc8, 0x8c, 0xf3, 0x4f, 0x80, 0x02, 0xf8, 0x4f, 0x40,
    0x00, 0xf8, 0x4f, 0x40, 0x00, 0x00, 0x4f, 0x40, 0x00, 0x00, 0x4f, 0x40, 0x00, 0x00, 0x4f, 0x40,
    0x00, 0x00, 0x4f, 0x40, 0x00, 0x00, 0x6b, 0xbb, 0xa7, 0x10, 0x8f, 0xbb, 0xcf, 0xc1, 0x8f, 0x00,
    0x07, 0xf6, 0x8f, 0x00, 0x00, 0xf8, 0x8f, 0x00, 0x02, 0xf8, 0x8f, 0x44, 0x5c, 0xf2, 0x8f, 0xff,
    0xfd, 0x50, 0x8f, 0x01, 0xe9, 0x00, 0x8f, 0x00, 0x9f, 0x20, 0x8f, 0x00, 0x2f, 0x90, 0x8f, 0x00,
    0x09, 0xf2, 0x8f, 0x00, 0x03, 0xf8, 0x00, 0x00, 0x00, 0x00, 0x00, 0x05, 0x81, 0x00, 0x00, 0x2e,
    0x80, 0x00, 0x00, 0x8a, 0x10, 0x00, 0x03, 0xb4, 0xaf, 0xd6, 0x00, 0x4f, 0xc8, 0x8c, 0xf3, 0x04,
    0xf8, 0x00, 0x2f, 0x80, 0x4f, 0x40, 0x00, 0xf8, 0x04, 0xf4, 0x00, 0x00, 0x00, 0x4f, 0x40, 0x00,
    0x00, 0x04, 0xf4, 0x00, 0x00, 0x00, 0x4f, 0x40, 0x00, 0x00, 0x04, 0xf4, 0x00, 0x00, 0x00, 0x00,
    0x00, 0x00, 0x00, 0x01, 0x85, 0x00, 0x00, 0x00, 0x8e, 0x30, 0x00, 0x00, 0x2b, 0x60, 0x00, 0x00,
    0x00, 0x04, 0x20, 0x04, 0x30, 0x06, 0xe5, 0x9e, 0x30, 0x00, 0x6f, 0xe3, 0x00, 0x00, 0x00, 0x00,
    0x00, 0x6b, 0xbb, 0xa7, 0x10, 0x8f, 0xbb, 0xcf, 0xc1, 0x8f, 0x00, 0x07, 0xf6, 0x8f, 0x00, 0x00,
    0xf8, 0x8f, 0x00, 0x02, 0xf8, 0x8f, 0x44, 0x5c, 0xf2, 0x8f, 0xff, 0xfd, 0x50, 0x8f, 0x01, 0xe9,
    0x00, 0x8f, 0x00, 0x9f, 0x20, 0x8f, 0x00, 0x2f, 0x90, 0x8f, 0x00, 0x09, 0xf2, 0x8f, 0x00, 0x03,
    0xf8, 0x05, 0x81, 0x07, 0x70, 0x01, 0xcc, 0x9e, 0x30, 0x00, 0x1a, 0xb3, 0x00, 0x00, 0x00, 0x00,
    0x00, 0x3b, 0x4a, 0xfd, 0x60, 0x4f, 0xc8, 0x8c, 0xf3, 0x4f, 0x80, 0x02, 0xf8, 0x4f, 0x40, 0x00,
    0xf8, 0x4f, 0x40, 0x00, 0x00, 0x4f, 0x40, 0x00, 0x00, 0x4f, 0x40, 0x00, 0x00, 0x4f, 0x40, 0x00,
    0x00, 0x4f, 0x40, 0x00, 0x00, 0x00, 0x00, 0x24, 0x10, 0x00, 0x02, 0xe9, 0x00, 0x00, 0x0c, 0xc1,
    0x00, 0x00, 0x00, 0x00, 0x00, 0x03, 0x9b, 0xb8, 0x00, 0x2e, 0xd8, 0xaf, 0x90, 0x8f, 0x20, 0x08,
    0xf2, 0xaf, 0x00, 0x02, 0x41, 0x7f, 0x70, 0x00, 0x00, 0x0c, 0xff, 0xa6, 0x00, 0x00, 0x69, 0xef,
    0x90, 0x00, 0x00, 0x08, 0xf5, 0x43, 0x00, 0x01, 0xf8, 0xcc, 0x00, 0x02, 0xf7, 0x8f, 0xa4, 0x5c,
    0xe2, 0x08, 0xef, 0xfd, 0x40, 0x00, 0x03, 0x20, 0x00, 0x00, 0x00, 0x67, 0x00, 0x00, 0x05, 0xf6,
    0x00, 0x00, 0x1a, 0x80, 0x00, 0x00, 0x00, 0x00, 0x00, 0x08, 0xcf, 0xea, 0x30, 0x6f, 0xa5, 0x7d,
    0xe0, 0x8f, 0x00, 0x04, 0x82, 0x7f, 0x85, 0x40, 0x00, 0x1a, 0xff, 0xff, 0x80, 0x00, 0x03, 0x4a,
    0xf3, 0x67, 0x00, 0x04, 0xf4, 0x8f, 0x74, 0x4a, 0xf2, 0x1b, 0xff, 0xfe, 0x60, 0x00, 0x03, 0x10,
    0x00, 0x00, 0x04, 0x20, 0x00, 0x00, 0x9f, 0xe3, 0x00, 0x09, 0xe3, 0x6e, 0x30, 0x00, 0x00, 0x00,
    0x00, 0x03, 0x9b, 0xb8, 0x00, 0x2e, 0xd8, 0xaf, 0x90, 0x8f, 0x20, 0x08, 0xf2, 0xaf, 0x00, 0x02,
    0x41, 0x7f, 0x70, 0x00, 0x00, 0x0c, 0xff, 0xa6, 0x00, 0x00, 0x69, 0xef, 0x90, 0x00, 0x00, 0x08,
    0xf5, 0x43, 0x00, 0x01, 0xf8, 0xcc, 0x00, 0x02, 0xf7, 0x8f, 0xa4, 0x5c, 0xe2, 0x08, 0xef, 0xfd,
    0x40, 0x00, 0x03, 0x20, 0x00, 0x00, 0x18, 0x70, 0x00, 0x01, 0xca, 0xe9, 0x00, 0x08, 0x80, 0x3b,
    0x60, 0x00, 0x00, 0x00, 0x00, 0x08, 0xcf, 0xea, 0x30, 0x6f, 0xa5, 0x7d, 0xe0, 0x8f, 0x00, 0x04,
    0x82, 0x7f, 0x85, 0x40, 0x00, 0x1a, 0xff, 0xff, 0x80, 0x00, 0x03, 0x4a, 0xf3, 0x67, 0x00, 0x04,
    0xf4, 0x8f, 0x74, 0x4a, 0xf2, 0x1b, 0xff, 0xfe, 0x60, 0x00, 0x03, 0x10, 0x00, 0x03, 0x9b, 0xb8,
    0x00, 0x2e, 0xd8, 0xaf, 0x90, 0x8f, 0x20, 0x08, 0xf2, 0xaf, 0x00, 0x02, 0x41, 0x7f, 0x70, 0x00,
    0x00, 0x0c, 0xff, 0xa6, 0x00, 0x00, 0x69, 0xef, 0x90, 0x00, 0x00, 0x08, 0xf5, 0x43, 0x00, 0x01,
    0xf8, 0xcc, 0x00, 0x02, 0xf7, 0x8f, 0xa4, 0x5c, 0xe2, 0x08, 0xef, 0xfd, 0x40, 0x00, 0x5e, 0x50,
    0x00, 0x00, 0x05, 0xd8, 0x00, 0x00, 0x69, 0xf7, 0x00, 0x00, 0x34, 0x30, 0x00, 0x08, 0xcf, 0xea,
    0x30, 0x6f, 0xa5, 0x7d, 0xe0, 0x8f, 0x00, 0x04, 0x82, 0x7f, 0x85, 0x40, 0x00, 0x1a, 0xff, 0xff,
    0x80, 0x00, 0x03, 0x4a, 0xf3, 0x67, 0x00, 0x04, 0xf4, 0x8f, 0x74, 0x4a, 0xf2, 0x1b, 0xff, 0xfe,
    0x60, 0x00, 0x2f, 0x60, 0x00, 0x00, 0x04, 0xd8, 0x00, 0x00, 0x48, 0xe8, 0x00, 0x00, 0x24, 0x30,
    0x00, 0x04, 0x20, 0x04, 0x30, 0x06, 0xe5, 0x9e, 0x30, 0x00, 0x6f, 0xe3, 0x00, 0x00, 0x00, 0x00,
    0x00, 0x03, 0x9b, 0xb8, 0x00, 0x2e, 0xd8, 0xaf, 0x90, 0x8f, 0x20, 0x08, 0xf2, 0xaf, 0x00, 0x02,
    0x41, 0x7f, 0x70, 0x00, 0x00, 0x0c, 0xff, 0xa6, 0x00, 0x00, 0x69, 0xef, 0x90, 0x00, 0x00, 0x08,
    0xf5, 0x43, 0x00, 0x01, 0xf8, 0xcc, 0x00, 0x02, 0xf7, 0x8f, 0xa4, 0x5c, 0xe2, 0x08, 0xef, 0xfd,
    0x40, 0x00, 0x03, 0x20, 0x00, 0x07, 0x70, 0x38, 0x30, 0x03, 0xea, 0xe9, 0x00, 0x00, 0x3b, 0x80,
    0x00, 0x00, 0x00, 0x00, 0x00, 0x08, 0xcf, 0xea, 0x30, 0x6f, 0xa5, 0x7d, 0xe0, 0x8f, 0x00, 0x04,
    0x82, 0x7f, 0x85, 0x40, 0x00, 0x1a, 0xff, 0xff, 0x80, 0x00, 0x03, 0x4a, 0xf3, 0x67, 0x00, 0x04,
    0xf4, 0x8f, 0x74, 0x4a, 0xf2, 0x1b, 0xff, 0xfe, 0x60, 0x00, 0x03, 0x10, 0x00, 0x3b, 0xbb, 0xbb,
    0xbb, 0x83, 0xbb, 0xbf, 0xdb, 0xb8, 0x00, 0x00, 0xf8, 0x00, 0x00, 0x00, 0x0f, 0x80, 0x00, 0x00,
    0x00, 0xf8, 0x00, 0x00, 0x00, 0x0f, 0x80, 0x00, 0x00, 0x00, 0xf8, 0x00, 0x00, 0x00, 0x0f, 0x80,
    0x00, 0x00, 0x00, 0xf8, 0x00, 0x00, 0x00, 0x0f, 0x80, 0x00, 0x00, 0x00, 0xf8, 0x00, 0x00, 0x00,
    0x0f, 0x80, 0x00, 0x00, 0x00, 0x8a, 0x20, 0x00, 0x00, 0x01, 0x7f, 0x30, 0x00, 0x00, 0x8b, 0xe3,
    0x00, 0x00, 0x04, 0x42, 0x00, 0x00, 0x03, 0x30, 0x00, 0x00, 0x00, 0xbb, 0x00, 0x00, 0x00, 0x0b,
    0xb0, 0x00, 0x03, 0xbb, 0xee, 0xbb, 0xb3, 0x3b, 0xbe, 0xeb, 0xbb, 0x30, 0x00, 0xbb, 0x00, 0x00,
    0x00, 0x0b, 0xb0, 0x00, 0x00, 0x00, 0xbb, 0x00, 0x00, 0x00, 0x0b, 0xb0, 0x00, 0x00, 0x00, 0xbb,
    0x00, 0x00, 0x00, 0x09, 0xf8, 0x88, 0x20, 0x00, 0x1b, 0xff, 0xf4, 0x00, 0x00, 0x5d, 0x30, 0x00,
    0x00, 0x00, 0x5e, 0x70, 0x00, 0x00, 0x69, 0xf5, 0x00, 0x00, 0x03, 0x43, 0x00, 0x00, 0x42, 0x00,
    0x43, 0x00, 0x06, 0xe5, 0x9e, 0x30, 0x00, 0x06, 0xfe, 0x30, 0x00, 0x00, 0x00, 0x00, 0x00, 0x3b,
    0xbb, 0xbb, 0xbb, 0x83, 0xbb, 0xbf, 0xdb, 0xb8, 0x00, 0x00, 0xf8, 0x00, 0x00, 0x00, 0x0f, 0x80,
    0x00, 0x00, 0x00, 0xf8, 0x00, 0x00, 0x00, 0x0f, 0x80, 0x00, 0x00, 0x00, 0xf8, 0x00, 0x00, 0x00,
    0x0f, 0x80, 0x00, 0x00, 0x00, 0xf8, 0x00, 0x00, 0x00, 0x0f, 0x80, 0x00, 0x00, 0x00, 0xf8, 0x00,
    0x00, 0x00, 0x0f, 0x80, 0x00, 0x00, 0x00, 0x00, 0x86, 0x00, 0x00, 0x33, 0x0e, 0x80, 0x00, 0x0b,
    0xb0, 0xf5, 0x00, 0x00, 0xbb, 0x00, 0x00, 0x3b, 0xbe, 0xeb, 0xbb, 0x33, 0xbb, 0xee, 0xbb, 0xb3,
    0x00, 0x0b, 0xb0, 0x00, 0x00, 0x00, 0xbb, 0x00, 0x00, 0x00, 0x0b, 0xb0, 0x00, 0x00, 0x00, 0xbb,
    0x00, 0x00, 0x00, 0x0b, 0xb0, 0x00, 0x00, 0x00, 0x9f, 0x88, 0x82, 0x00, 0x01, 0xbf, 0xff, 0x40,
    0x3b, 0xbb, 0xbb, 0xbb, 0x83, 0xbb, 0xbf, 0xdb, 0xb8, 0x00, 0x00, 0xf8, 0x00, 0x00, 0x00, 0x0f,
    0x80, 0x00, 0x00, 0x00, 0xf8, 0x00, 0x00, 0x00, 0x0f, 0x80, 0x00, 0x04, 0xff, 0xff, 0xfb, 0x00,
    0x14, 0x4f, 0x94, 0x30, 0x00, 0x00, 0xf8, 0x00, 0x00, 0x00, 0x0f, 0x80, 0x00, 0x00, 0x00, 0xf8,
    0x00, 0x00, 0x00, 0x0f, 0x80, 0x00, 0x00, 0x03, 0x30, 0x00, 0x00, 0x00, 0xbb, 0x00, 0x00, 0x00,
    0x0b, 0xb0, 0x00, 0x03, 0xbb, 0xee, 0xbb, 0xb3, 0x3b, 0xbe, 0xeb, 0xbb, 0x30, 0x00, 0xbb, 0x00,
    0x00, 0x00, 0x0b, 0xb0, 0x00, 0x00, 0xbf, 0xff, 0xff, 0xb0, 0x03, 0x4c, 0xc4, 0x43, 0x00, 0x00,
    0xbb, 0x00, 0x00, 0x00, 0x09, 0xf8, 0x88, 0x20, 0x00, 0x1b, 0xff, 0xf4, 0x00, 0x30, 0x00, 0x00,
    0x08, 0xfe, 0x3c, 0x70, 0x0b, 0x46, 0xed, 0x20, 0x00, 0x00, 0x00, 0x00, 0x6b, 0x00, 0x03, 0xb3,
    0x8f, 0x00, 0x04, 0xf4, 0x8f, 0x00, 0x04, 0xf4, 0x8f, 0x00, 0x04, 0xf4, 0x8f, 0x00, 0x04, 0xf4,
    0x8f, 0x00, 0x04, 0xf4, 0x8f, 0x00, 0x04, 0xf4, 0x8f, 0x00, 0x04, 0xf4, 0x8f, 0x00, 0x04, 0xf4,
    0x8f, 0x10, 0x07, 0xf3, 0x4f, 0xa4, 0x6e, 0xd0, 0x06, 0xef, 0xfd, 0x30, 0x00, 0x03, 0x20, 0x00,
    0x01, 0x85, 0x06, 0x40, 0x0a, 0xad, 0x8d, 0x60, 0x06, 0x21, 0x87, 0x00, 0x00, 0x00, 0x00, 0x00,
    0x6b, 0x00, 0x03, 0xb3, 0x8f, 0x00, 0x04, 0xf4, 0x8f, 0x00, 0x04, 0xf4, 0x8f, 0x00, 0x04, 0xf4,
    0x8f, 0x00, 0x04, 0xf4, 0x8f, 0x00, 0x04, 0xf4, 0x8f, 0x10, 0x08, 0xf3, 0x4f, 0xa4, 0x6e, 0xc0,
    0x06, 0xef, 0xfb, 0x30, 0x00, 0x03, 0x10, 0x00, 0x08, 0xbb, 0xbb, 0x60, 0x06, 0x88, 0x88, 0x40,
    0x00, 0x00, 0x00, 0x00, 0x6b, 0x00, 0x03, 0xb3, 0x8f, 0x00, 0x04, 0xf4, 0x8f, 0x00, 0x04, 0xf4,
    0x8f, 0x00, 0x04, 0xf4, 0x8f, 0x00, 0x04, 0xf4, 0x8f, 0x00, 0x04, 0xf4, 0x8f, 0x00, 0x04, 0xf4,
    0x8f, 0x00, 0x04, 0xf4, 0x8f, 0x00, 0x04, 0xf4, 0x8f, 0x10, 0x07, 0xf3, 0x4f, 0xa4, 0x6e, 0xd0,
    0x06, 0xef, 0xfd, 0x30, 0x00, 0x03, 0x20, 0x00, 0x0b, 0xff, 0xff, 0x80, 0x03, 0x44, 0x44, 0x20,
    0x00, 0x00, 0x00, 0x00, 0x6b, 0x00, 0x03, 0xb3, 0x8f, 0x00, 0x04, 0xf4, 0x8f, 0x00, 0x04, 0xf4,
    0x8f, 0x00, 0x04, 0xf4, 0x8f, 0x00, 0x04, 0xf4, 0x8f, 0x00, 0x04, 0xf4, 0x8f, 0x10, 0x08, 0xf3,
    0x4f, 0xa4, 0x6e, 0xc0, 0x06, 0xef, 0xfb, 0x30, 0x00, 0x03, 0x10, 0x00, 0x03, 0x20, 0x03, 0x20,
    0x0a, 0xa0, 0x1e, 0x50, 0x03, 0xdf, 0xf8, 0x00, 0x00, 0x02, 0x00, 0x00, 0x6b, 0x00, 0x03, 0xb3,
    0x8f, 0x00, 0x04, 0xf4, 0x8f, 0x00, 0x04, 0xf4, 0x8f, 0x00, 0x04, 0xf4, 0x8f, 0x00, 0x04, 0xf4,
    0x8f, 0x00, 0x04, 0xf4, 0x8f, 0x00, 0x04, 0xf4, 0x8f, 0x00, 0x04, 0xf4, 0x8f, 0x00, 0x04, 0xf4,
    0x8f, 0x10, 0x07, 0xf3, 0x4f, 0xa4, 0x6e, 0xd0, 0x06, 0xef, 0xfd, 0x30, 0x00, 0x03, 0x20, 0x00,
    0x06, 0x40, 0x07, 0x40, 0x08, 0xc4, 0x7f, 0x30, 0x00, 0x8b, 0xa5, 0x00, 0x00, 0x00, 0x00, 0x00,
    0x6b, 0x00, 0x03, 0xb3, 0x8f, 0x00, 0x04, 0xf4, 0x8f, 0x00, 0x04, 0xf4, 0x8f, 0x00, 0x04, 0xf4,
    0x8f, 0x00, 0x04, 0xf4, 0x8f, 0x00, 0x04, 0xf4, 0x8f, 0x10, 0x08, 0xf3, 0x4f, 0xa4, 0x6e, 0xc0,
    0x06, 0xef, 0xfb, 0x30, 0x00, 0x03, 0x10, 0x00, 0x00, 0x8e, 0xc3, 0x00, 0x02, 0xe1, 0x6a, 0x00,
    0x01, 0xe3, 0x8a, 0x00, 0x00, 0x5b, 0xa1, 0x00, 0x6b, 0x00, 0x03, 0xb3, 0x8f, 0x00, 0x04, 0xf4,
    0x8f, 0x00, 0x04, 0xf4, 0x8f, 0x00, 0x04, 0xf4, 0x8f, 0x00, 0x04, 0xf4, 0x8f, 0x00, 0x04, 0xf4,
    0x8f, 0x00, 0x04, 0xf4, 0x8f, 0x00, 0x04, 0xf4, 0x8f, 0x00, 0x04, 0xf4, 0x8f, 0x10, 0x07, 0xf3,
    0x4f, 0xa4, 0x6e, 0xd0, 0x06, 0xef, 0xfd, 0x30, 0x00, 0x03, 0x20, 0x00, 0x00, 0x17, 0x50, 0x00,
    0x00, 0xd8, 0xc8, 0x00, 0x03, 0xd0, 0x4b, 0x00, 0x00, 0xc9, 0xd6, 0x00, 0x00, 0x04, 0x30, 0x00,
    0x6b, 0x00, 0x03, 0xb3, 0x8f, 0x00, 0x04, 0xf4, 0x8f, 0x00, 0x04, 0xf4, 0x8f, 0x00, 0x04, 0xf4,
    0x8f, 0x00, 0x04, 0xf4, 0x8f, 0x00, 0x04, 0xf4, 0x8f, 0x10, 0x08, 0xf3, 0x4f, 0xa4, 0x6e, 0xc0,
    0x06, 0xef, 0xfb, 0x30, 0x00, 0x03, 0x10, 0x00, 0x00, 0x04, 0x20, 0x42, 0x00, 0x8e, 0x29, 0xd1,
    0x05, 0xf3, 0x6e, 0x30, 0x00, 0x00, 0x00, 0x00, 0x6b, 0x00, 0x03, 0xb3, 0x8f, 0x00, 0x04, 0xf4,
    0x8f, 0x00, 0x04, 0xf4, 0x8f, 0x00, 0x04, 0xf4, 0x8f, 0x00, 0x04, 0xf4, 0x8f, 0x00, 0x04, 0xf4,
    0x8f, 0x00, 0x04, 0xf4, 0x8f, 0x00, 0x04, 0xf4, 0x8f, 0x00, 0x04, 0xf4, 0x8f, 0x10, 0x07, 0xf3,
    0x4f, 0xa4, 0x6e, 0xd0, 0x06, 0xef, 0xfd, 0x30, 0x00, 0x03, 0x20, 0x00, 0x00, 0x28, 0x33, 0x83,
    0x00, 0xcb, 0x1c, 0x90, 0x06, 0xa1, 0x6a, 0x10, 0x00, 0x00, 0x00, 0x00, 0x6b, 0x00, 0x03, 0xb3,
    0x8f, 0x00, 0x04, 0xf4, 0x8f, 0x00, 0x04, 0xf4, 0x8f, 0x00, 0x04, 0xf4, 0x8f, 0x00, 0x04, 0xf4,
    0x8f, 0x00, 0x04, 0xf4, 0x8f, 0x10, 0x08, 0xf3, 0x4f, 0xa4, 0x6e, 0xc0, 0x06, 0xef, 0xfb, 0x30,
    0x00, 0x03, 0x10, 0x00, 0x6b, 0x00, 0x03, 0xb3, 0x8f, 0x00, 0x04, 0xf4, 0x8f, 0x00, 0x04, 0xf4,
    0x8f, 0x00, 0x04, 0xf4, 0x8f, 0x00, 0x04, 0xf4, 0x8f, 0x00, 0x04, 0xf4, 0x8f, 0x00, 0x04, 0xf4,
    0x8f, 0x00, 0x04, 0xf4, 0x8f, 0x00, 0x04, 0xf4, 0x8f, 0x10, 0x07, 0xf3, 0x4f, 0xa4, 0x6e, 0xd0,
    0x06, 0xef, 0xfd, 0x30, 0x00, 0x08, 0xd1, 0x00, 0x00, 0x0e, 0x80, 0x00, 0x00, 0x0b, 0xeb, 0x30,
    0x00, 0x00, 0x44, 0x10, 0x6b, 0x00, 0x03, 0xb3, 0x8f, 0x00, 0x04, 0xf4, 0x8f, 0x00, 0x04, 0xf4,
    0x8f, 0x00, 0x04, 0xf4, 0x8f, 0x00, 0x04, 0xf4, 0x8f, 0x00, 0x04, 0xf4, 0x8f, 0x10, 0x08, 0xf3,
    0x4f, 0xa4, 0x6e, 0xd0, 0x06, 0xef, 0xfc, 0x30, 0x00, 0x08, 0xc1, 0x00, 0x00, 0x0f, 0x80, 0x00,
    0x00, 0x0c, 0xeb, 0x30, 0x00, 0x00, 0x44, 0x10, 0x00, 0x00, 0x42, 0x00, 0x00, 0x00, 0x09, 0xfe,
    0x30, 0x00, 0x00, 0x9e, 0x36, 0xe3, 0x00, 0x00, 0x00, 0x00, 0x00, 0x00, 0x88, 0x00, 0xb8, 0x00,
    0xb3, 0x8b, 0x01, 0xfb, 0x04, 0xf4, 0x8f, 0x04, 0xbe, 0x04, 0xf0, 0x4f, 0x06, 0x9f, 0x07, 0xf0,
    0x4f, 0x28, 0x8d, 0x38, 0xb0, 0x1f, 0x49, 0x6b, 0x48, 0xb0, 0x0f, 0x5b, 0x4a, 0x6b, 0x80, 0x0d,
    0x8e, 0x28, 0x8b, 0x80, 0x0b, 0x8f, 0x07, 0x9e, 0x50, 0x0a, 0xcd, 0x04, 0xbf, 0x40, 0x08, 0xfb,
    0x04, 0xcf, 0x10, 0x07, 0xf9, 0x00, 0xff, 0x00, 0x00, 0x01, 0x87, 0x00, 0x00, 0x00, 0x1c, 0xae,
    0x90, 0x00, 0x00, 0x88, 0x03, 0xb6, 0x00, 0x00, 0x00, 0x00, 0x00, 0x00, 0x68, 0x00, 0xb8, 0x03,
    0xb1, 0x6f, 0x03, 0xfb, 0x04, 0xf0, 0x4f, 0x26, 0xaf, 0x08, 0xb0, 0x0f, 0x48, 0x8e, 0x28, 0x90,
    0x0d, 0x7b, 0x5b, 0x4b, 0x80, 0x0b, 0x8d, 0x38, 0x8e, 0x40, 0x08, 0xbf, 0x07, 0xaf, 0x10, 0x06,
    0xfc, 0x04, 0xee, 0x00, 0x04, 0xfa, 0x01, 0xfb, 0x00, 0x00, 0x00, 0x42, 0x00, 0x00, 0x00, 0x09,
    0xfe, 0x30, 0x00, 0x00, 0x9e, 0x36, 0xe3, 0x00, 0x00, 0x00, 0x00, 0x00, 0x00, 0x4b, 0x40, 0x00,
    0x08, 0xa0, 0x0d, 0xb0, 0x00, 0x2f, 0x80, 0x08, 0xf4, 0x00, 0x8e, 0x10, 0x01, 0xe9, 0x01, 0xe9,
    0x00, 0x00, 0x8f, 0x28, 0xf2, 0x00, 0x00, 0x1e, 0x9e, 0x90, 0x00, 0x00, 0x08, 0xff, 0x20, 0x00,
    0x00, 0x01, 0xf9, 0x00, 0x00, 0x00, 0x00, 0xf8, 0x00, 0x00, 0x00, 0x00, 0xf8, 0x00, 0x00, 0x00,
    0x00, 0xf8, 0x00, 0x00, 0x00, 0x00, 0xf8, 0x00, 0x00, 0x00, 0x01, 0x87, 0x00, 0x00, 0x01, 0xca,
    0xe9, 0x00, 0x00, 0x88, 0x03, 0xb6, 0x00, 0x00, 0x00, 0x00, 0x00, 0x1b, 0x80, 0x00, 0x0b, 0x80,
    0xae, 0x00, 0x05, 0xf6, 0x05, 0xf6, 0x00, 0xae, 0x00, 0x0d, 0xb0, 0x1f, 0x90, 0x00, 0x8f, 0x26,
    0xf3, 0x00, 0x02, 0xf8, 0xad, 0x00, 0x00, 0x0a, 0xcf, 0x70, 0x00, 0x00, 0x5f, 0xf2, 0x00, 0x00,
    0x00, 0xfa, 0x00, 0x00, 0x00, 0x5f, 0x60, 0x00, 0x00, 0x0a, 0xe0, 0x00, 0x00, 0x01, 0xf9, 0x00,
    0x00, 0x00, 0x11, 0x00, 0x30, 0x00, 0x00, 0xee, 0x06, 0xf8, 0x00, 0x00, 0xcc, 0x05, 0xe7, 0x00,
    0x00, 0x00, 0x00, 0x00, 0x00, 0x4b, 0x40, 0x00, 0x08, 0xa0, 0x0d, 0xb0, 0x00, 0x2f, 0x80, 0x08,
    0xf4, 0x00, 0x8e, 0x10, 0x01, 0xe9, 0x01, 0xe9, 0x00, 0x00, 0x8f, 0x28, 0xf2, 0x00, 0x00, 0x1e,
    0x9e, 0x90, 0x00, 0x00, 0x08, 0xff, 0x20, 0x00, 0x00, 0x01, 0xf9, 0x00, 0x00, 0x00, 0x00, 0xf8,
    0x00, 0x00, 0x00, 0x00, 0xf8, 0x00, 0x00, 0x00, 0x00, 0xf8, 0x00, 0x00, 0x00, 0x00, 0xf8, 0x00,
    0x00, 0x00, 0x00, 0x24, 0x10, 0x00, 0x02, 0xe9, 0x00, 0x00, 0x0c, 0xc1, 0x00, 0x00, 0x00, 0x00,
    0x00, 0x6b, 0xbb, 0xbb, 0xb0, 0x6b, 0xbb, 0xbd, 0xf0, 0x00, 0x00, 0x1e, 0xb0, 0x00, 0x00, 0x8f,
    0x20, 0x00, 0x03, 0xf8, 0x00, 0x00, 0x0b, 0xe1, 0x00, 0x00, 0x5f, 0x60, 0x00, 0x01, 0xdb, 0x00,
    0x00, 0x08, 0xf3, 0x00, 0x00, 0x2f, 0x90, 0x00, 0x00, 0x9f, 0x88, 0x88, 0x82, 0xbf, 0xff, 0xff,
    0xf4, 0x00, 0x00, 0x67, 0x00, 0x00, 0x05, 0xf6, 0x00, 0x00, 0x1a, 0x80, 0x00, 0x00, 0x00, 0x00,
    0x00, 0x6b, 0xbb, 0xbb, 0xb0, 0x48, 0x88, 0x8e, 0xf0, 0x00, 0x00, 0x8f, 0x60, 0x00, 0x06, 0xf8,
    0x00, 0x00, 0x3e, 0xa0, 0x00, 0x01, 0xdc, 0x10, 0x00, 0x0c, 0xe1, 0x00, 0x00, 0x7f, 0xa8, 0x88,
    0x82, 0x8f, 0xff, 0xff, 0xf4, 0x00, 0x02, 0x00, 0x00, 0x00, 0x4f, 0xd0, 0x00, 0x00, 0x3e, 0xb0,
    0x00, 0x00, 0x00, 0x00, 0x00, 0x6b, 0xbb, 0xbb, 0xb0, 0x6b, 0xbb, 0xbd, 0xf0, 0x00, 0x00, 0x1e,
    0xb0, 0x00, 0x00, 0x8f, 0x20, 0x00, 0x03, 0xf8, 0x00, 0x00, 0x0b, 0xe1, 0x00, 0x00, 0x5f, 0x60,
    0x00, 0x01, 0xdb, 0x00, 0x00, 0x08, 0xf3, 0x00, 0x00, 0x2f, 0x90, 0x00, 0x00, 0x9f, 0x88, 0x88,
    0x82, 0xbf, 0xff, 0xff, 0xf4, 0x00, 0x07, 0x40, 0x00, 0x00, 0x5f, 0xf0, 0x00, 0x00, 0x19, 0x60,
    0x00, 0x00, 0x00, 0x00, 0x00, 0x6b, 0xbb, 0xbb, 0xb0, 0x48, 0x88, 0x8e, 0xf0, 0x00, 0x00, 0x8f,
    0x60, 0x00, 0x06, 0xf8, 0x00, 0x00, 0x3e, 0xa0, 0x00, 0x01, 0xdc, 0x10, 0x00, 0x0c, 0xe1, 0x00,
    0x00, 0x7f, 0xa8, 0x88, 0x82, 0x8f, 0xff, 0xff, 0xf4, 0x04, 0x20, 0x04, 0x30, 0x06, 0xe5, 0x9e,
    0x30, 0x00, 0x6f, 0xe3, 0x00, 0x00, 0x00, 0x00, 0x00, 0x6b, 0xbb, 0xbb, 0xb0, 0x6b, 0xbb, 0xbd,
    0xf0, 0x00, 0x00, 0x1e, 0xb0, 0x00, 0x00, 0x8f, 0x20, 0x00, 0x03, 0xf8, 0x00, 0x00, 0x0b, 0xe1,
    0x00, 0x00, 0x5f, 0x60, 0x00, 0x01, 0xdb, 0x00, 0x00, 0x08, 0xf3, 0x00, 0x00, 0x2f, 0x90, 0x00,
    0x00, 0x9f, 0x88, 0x88, 0x82, 0xbf, 0xff, 0xff, 0xf4, 0x07, 0x70, 0x38, 0x30, 0x03, 0xea, 0xe9,
    0x00, 0x00, 0x3b, 0x80, 0x00, 0x00, 0x00, 0x00, 0x00, 0x6b, 0xbb, 0xbb, 0xb0, 0x48, 0x88, 0x8e,
    0xf0, 0x00, 0x00, 0x8f, 0x60, 0x00, 0x06, 0xf8, 0x00, 0x00, 0x3e, 0xa0, 0x00, 0x01, 0xdc, 0x10,
    0x00, 0x0c, 0xe1, 0x00, 0x00, 0x7f, 0xa8, 0x88, 0x82, 0x8f, 0xff, 0xff, 0xf4, 0x02, 0x8b, 0xbb,
    0x31, 0xee, 0xbb, 0xb3, 0x6f, 0x50, 0x00, 0x08, 0xf4, 0x00, 0x00, 0x8f, 0x40, 0x00, 0x08, 0xf4,
    0x00, 0x00, 0x8f, 0x40, 0x00, 0x08, 0xf4, 0x00, 0x00, 0x8f, 0x40, 0x00, 0x08, 0xf4, 0x00, 0x00,
    0x8f, 0x40, 0x00, 0x08, 0xf4, 0x00, 0x00, 0x00, 0x04, 0xba, 0x00, 0x00, 0x00, 0x8f, 0xf3, 0x00,
    0x00, 0x0c, 0x9f, 0x70, 0x00, 0x01, 0xf7, 0xca, 0x00, 0x00, 0x5f, 0x38, 0xe0, 0x00, 0x08, 0xe0,
    0x5f, 0x30, 0x00, 0xca, 0x01, 0xf7, 0x00, 0x2f, 0x94, 0x4d, 0xa0, 0x06, 0xff, 0xff, 0xfe, 0x00,
    0x9e, 0x00, 0x06, 0xf3, 0x0d, 0xa0, 0x00, 0x2f, 0x82, 0xf8, 0x00, 0x00, 0xdb, 0x6b, 0xbb, 0x96,
    0x00, 0x8f, 0xbb, 0xcf, 0x90, 0x8f, 0x00, 0x0a, 0xf3, 0x8f, 0x00, 0x04, 0xf4, 0x8f, 0x00, 0x0a,
    0xe1, 0x8f, 0xbb, 0xdc, 0x30, 0x8f, 0x88, 0xaf, 0x80, 0x8f, 0x00, 0x07, 0xf4, 0x8f, 0x00, 0x00,
    0xf8, 0x8f, 0x00, 0x04, 0xf8, 0x8f, 0x88, 0x8e, 0xe2, 0x8f, 0xff, 0xfb, 0x30, 0xbb, 0xbb, 0xbb,
    0xbf, 0xeb, 0xbb, 0xbb, 0xfb, 0x00, 0x00, 0x0f, 0xb0, 0x00, 0x00, 0xfb, 0x00, 0x00, 0x0f, 0xb0,
    0x00, 0x00, 0xfb, 0x00, 0x00, 0x0f, 0xb0, 0x00, 0x00, 0xfb, 0x00, 0x00, 0x0f, 0xb0, 0x00, 0x00,
    0xfb, 0x00, 0x00, 0x0f, 0xb0, 0x00, 0x00, 0x00, 0x04, 0xba, 0x00, 0x00, 0x00, 0x8f, 0xf3, 0x00,
    0x00, 0x0c, 0x9f, 0x70, 0x00, 0x01, 0xf6, 0xca, 0x00, 0x00, 0x5f, 0x38, 0xe0, 0x00, 0x08, 0xe0,
    0x5f, 0x30, 0x00, 0xca, 0x01, 0xf7, 0x00, 0x2f, 0x70, 0x0c, 0xa0, 0x06, 0xf3, 0x00, 0x9e, 0x00,
    0x9e, 0x00, 0x06, 0xf3, 0x0d, 0xd8, 0x88, 0x9f, 0x82, 0xff, 0xff, 0xff, 0xfb, 0x6b, 0xbb, 0xbb,
    0xb3, 0x8f, 0xbb, 0xbb, 0xb3, 0x8f, 0x00, 0x00, 0x00, 0x8f, 0x00, 0x00, 0x00, 0x8f, 0x00, 0x00,
    0x00, 0x8f, 0xbb, 0xbb, 0x80, 0x8f, 0x88, 0x88, 0x60, 0x8f, 0x00, 0x00, 0x00, 0x8f, 0x00, 0x00,
    0x00, 0x8f, 0x00, 0x00, 0x00, 0x8f, 0x88, 0x88, 0x82, 0x8f, 0xff, 0xff, 0xf4, 0x6b, 0xbb, 0xbb,
    0xb0, 0x6b, 0xbb, 0xbd, 0xf0, 0x00, 0x00, 0x1e, 0xb0, 0x00, 0x00, 0x8f, 0x20, 0x00, 0x03, 0xf8,
    0x00, 0x00, 0x0b, 0xe1, 0x00, 0x00, 0x5f, 0x60, 0x00, 0x01, 0xdb, 0x00, 0x00, 0x08, 0xf3, 0x00,
    0x00, 0x2f, 0x90, 0x00, 0x00, 0x9f, 0x88, 0x88, 0x82, 0xbf, 0xff, 0xff, 0xf4, 0x6b, 0x00, 0x06,
    0xb3, 0x8f, 0x00, 0x08, 0xf4, 0x8f, 0x00, 0x08, 0xf4, 0x8f, 0x00, 0x08, 0xf4, 0x8f, 0x00, 0x08,
    0xf4, 0x8f, 0xbb, 0xbd, 0xf4, 0x8f, 0xbb, 0xbd, 0xf4, 0x8f, 0x00, 0x08, 0xf4, 0x8f, 0x00, 0x08,
    0xf4, 0x8f, 0x00, 0x08, 0xf4, 0x8f, 0x00, 0x08, 0xf4, 0x8f, 0x00, 0x08, 0xf4, 0x03, 0x9b, 0xb8,
    0x00, 0x2e, 0xe8, 0xaf, 0xa0, 0x8f, 0x20, 0x08, 0xf2, 0xbf, 0x00, 0x04, 0xf4, 0xbf, 0x00, 0x04,
    0xf4, 0xbf, 0x48, 0x86, 0xf4, 0xbf, 0x6b, 0xb7, 0xf4, 0xbf, 0x00, 0x04, 0xf4, 0xbf, 0x00, 0x04,
    0xf4, 0x8f, 0x10, 0x07, 0xf3, 0x4f, 0xa4, 0x6e, 0xd0, 0x06, 0xef, 0xfb, 0x30, 0x00, 0x03, 0x10,
    0x00, 0x6b, 0xbb, 0xbb, 0xb6, 0xbb, 0xfd, 0xbb, 0x00, 0x0f, 0x80, 0x00, 0x00, 0xf8, 0x00, 0x00,
    0x0f, 0x80, 0x00, 0x00, 0xf8, 0x00, 0x00, 0x0f, 0x80, 0x00, 0x00, 0xf8, 0x00, 0x00, 0x0f, 0x80,
    0x00, 0x00, 0xf8, 0x00, 0x48, 0x8f, 0xb8, 0x88, 0xff, 0xff, 0xff, 0x6b, 0x00, 0x01, 0xb8, 0x8f,
    0x00, 0x08, 0xf4, 0x8f, 0x00, 0x1e, 0xb0, 0x8f, 0x00, 0x8f, 0x40, 0x8f, 0x01, 0xeb, 0x00, 0x8f,
    0xbc, 0xf4, 0x00, 0x8f, 0xbc, 0xf4, 0x00, 0x8f, 0x01, 0xeb, 0x00, 0x8f, 0x00, 0x8f, 0x40, 0x8f,
    0x00, 0x1e, 0xb0, 0x8f, 0x00, 0x08, 0xf4, 0x8f, 0x00, 0x01, 0xeb, 0x00, 0x04, 0xba, 0x00, 0x00,
    0x00, 0x8f, 0xf3, 0x00, 0x00, 0x0c, 0x9f, 0x70, 0x00, 0x01, 0xf7, 0xca, 0x00, 0x00, 0x5f, 0x38,
    0xe0, 0x00, 0x08, 0xe0, 0x5f, 0x30, 0x00, 0xca, 0x01, 0xf7, 0x00, 0x2f, 0x70, 0x0d, 0xa0, 0x06,
    0xf3, 0x00, 0x9e, 0x00, 0x9e, 0x00, 0x06, 0xf3, 0x0d, 0xa0, 0x00, 0x2f, 0x82, 0xf8, 0x00, 0x00,
    0xdb, 0xbb, 0x50, 0x09, 0xb6, 0xfe, 0xa0, 0x1f, 0xc8, 0xfa, 0xe0, 0x6b, 0xc8, 0xf8, 0xe4, 0xa7,
    0xf8, 0xf8, 0x98, 0xe2, 0xf8, 0xf8, 0x5f, 0xc0, 0xf8, 0xf8, 0x1b, 0x70, 0xf8, 0xf8, 0x00, 0x00,
    0xf8, 0xf8, 0x00, 0x00, 0xf8, 0xf8, 0x00, 0x00, 0xf8, 0xf8, 0x00, 0x00, 0xf8, 0xf8, 0x00, 0x00,
    0xf8, 0x6b, 0x60, 0x03, 0xb3, 0x8f, 0xd0, 0x04, 0xf4, 0x8d, 0xf3, 0x04, 0xf4, 0x8b, 0xc8, 0x04,
    0xf4, 0x8b, 0x7d, 0x04, 0xf4, 0x8b, 0x2f, 0x44, 0xf4, 0x8b, 0x0b, 0x94, 0xf4, 0x8b, 0x06, 0xe4,
    0xf4, 0x8b, 0x01, 0xf8, 0xf4, 0x8b, 0x00, 0xad, 0xf4, 0x8b, 0x00, 0x6f, 0xf4, 0x8b, 0x00, 0x1e,
    0xf4, 0x8b, 0xbb, 0xbb, 0xb3, 0x8b, 0xbb, 0xbb, 0xb3, 0x00, 0x00, 0x00, 0x00, 0x00, 0x00, 0x00,
    0x00, 0x00, 0x00, 0x00, 0x00, 0x3b, 0xbb, 0xbb, 0x80, 0x3b, 0xbb, 0xbb, 0x80, 0x00, 0x00, 0x00,
    0x00, 0x00, 0x00, 0x00, 0x00, 0x00, 0x00, 0x00, 0x00, 0x68, 0x88, 0x88, 0x82, 0xbf, 0xff, 0xff,
    0xf4, 0x02, 0x9b, 0xb8, 0x00, 0x2e, 0xe8, 0xaf, 0x90, 0x8f, 0x20, 0x08, 0xf2, 0xaf, 0x00, 0x04,
    0xf4, 0xbf, 0x00, 0x04, 0xf4, 0xbf, 0x00, 0x04, 0xf4, 0xbf, 0x00, 0x04, 0xf4, 0xbf, 0x00, 0x04,
    0xf4, 0xbf, 0x00, 0x04, 0xf4, 0x8f, 0x10, 0x07, 0xf3, 0x4f, 0xa4, 0x6e, 0xc0, 0x06, 0xef, 0xfb,
    0x30, 0x00, 0x03, 0x10, 0x00, 0x6b, 0xbb, 0xbb, 0xb3, 0x8f, 0xbb, 0xbd, 0xf4, 0x8f, 0x00, 0x08,
    0xf4, 0x8f, 0x00, 0x08, 0xf4, 0x8f, 0x00, 0x08, 0xf4, 0x8f, 0x00, 0x08, 0xf4, 0x8f, 0x00, 0x08,
    0xf4, 0x8f, 0x00, 0x08, 0xf4, 0x8f, 0x00, 0x08, 0xf4, 0x8f, 0x00, 0x08, 0xf4, 0x8f, 0x00, 0x08,
    0xf4, 0x8f, 0x00, 0x08, 0xf4, 0x6b, 0xbb, 0xb7, 0x10, 0x8f, 0xbb, 0xbf, 0xe2, 0x8f, 0x00, 0x03,
    0xf9, 0x8f, 0x00, 0x00, 0xbb, 0x8f, 0x00, 0x00, 0xdb, 0x8f, 0x44, 0x49, 0xf8, 0x8f, 0xff, 0xff,
    0x80, 0x8f, 0x44, 0x42, 0x00, 0x8f, 0x00, 0x00, 0x00, 0x8f, 0x00, 0x00, 0x00, 0x8f, 0x00, 0x00,
    0x00, 0x8f, 0x00, 0x00, 0x00, 0x8b, 0xbb, 0xbb, 0xb8, 0xbf, 0xcb, 0xbb, 0xb8, 0x3e, 0xa0, 0x00,
    0x00, 0x06, 0xf9, 0x00, 0x00, 0x00, 0x8f, 0x60, 0x00, 0x00, 0x09, 0xf4, 0x00, 0x00, 0x08, 0xf5,
    0x00, 0x00, 0x6f, 0x80, 0x00, 0x03, 0xea, 0x00, 0x00, 0x1d, 0xc1, 0x00, 0x00, 0xaf, 0xa8, 0x88,
    0x86, 0xbf, 0xff, 0xff, 0xfb, 0x3b, 0xbb, 0xbb, 0xbb, 0x83, 0xbb, 0xbf, 0xdb, 0xb8, 0x00, 0x00,
    0xf8, 0x00, 0x00, 0x00, 0x0f, 0x80, 0x00, 0x00, 0x00, 0xf8, 0x00, 0x00, 0x00, 0x0f, 0x80, 0x00,
    0x00, 0x00, 0xf8, 0x00, 0x00, 0x00, 0x0f, 0x80, 0x00, 0x00, 0x00, 0xf8, 0x00, 0x00, 0x00, 0x0f,
    0x80, 0x00, 0x00, 0x00, 0xf8, 0x00, 0x00, 0x00, 0x0f, 0x80, 0x00, 0x4b, 0x40, 0x00, 0x08, 0xa0,
    0x0d, 0xb0, 0x00, 0x2f, 0x80, 0x08, 0xf4, 0x00, 0x8e, 0x10, 0x01, 0xe9, 0x01, 0xe9, 0x00, 0x00,
    0x8f, 0x28, 0xf2, 0x00, 0x00, 0x1e, 0x9e, 0x90, 0x00, 0x00, 0x08, 0xff, 0x20, 0x00, 0x00, 0x01,
    0xf9, 0x00, 0x00, 0x00, 0x00, 0xf8, 0x00, 0x00, 0x00, 0x00, 0xf8, 0x00, 0x00, 0x00, 0x00, 0xf8,
    0x00, 0x00, 0x00, 0x00, 0xf8, 0x00, 0x00, 0x00, 0x00, 0x42, 0x00, 0x00, 0x00, 0x0f, 0x80, 0x00,
    0x03, 0xbf, 0xff, 0xf8, 0x00, 0xdc, 0x5f, 0x97, 0xf8, 0x4f, 0x50, 0xf8, 0x09, 0xc4, 0xf4, 0x0f,
    0x80, 0x8f, 0x4f, 0x40, 0xf8, 0x08, 0xf4, 0xf4, 0x0f, 0x80, 0x8f, 0x4f, 0x40, 0xf8, 0x08, 0xf4,
    0xf5, 0x0f, 0x80, 0x9c, 0x0d, 0xc5, 0xf9, 0x7f, 0x80, 0x3b, 0xff, 0xff, 0x80, 0x00, 0x00, 0xf8,
    0x00, 0x00, 0x00, 0x08, 0x40, 0x00, 0x1b, 0x80, 0x00, 0x1b, 0x80, 0x09, 0xf3, 0x00, 0x8f, 0x30,
    0x01, 0xeb, 0x01, 0xe9, 0x00, 0x00, 0x8f, 0x49, 0xe2, 0x00, 0x00, 0x1d, 0xcf, 0x80, 0x00, 0x00,
    0x06, 0xfe, 0x10, 0x00, 0x00, 0x05, 0xfe, 0x10, 0x00, 0x00, 0x0d, 0xcf, 0x80, 0x00, 0x00, 0x8f,
    0x49, 0xe2, 0x00, 0x01, 0xe9, 0x02, 0xf9, 0x00, 0x08, 0xf2, 0x00, 0x9f, 0x30, 0x2f, 0x90, 0x00,
    0x1e, 0xb0, 0x3b, 0x30, 0x86, 0x08, 0x84, 0xf4, 0x0b, 0x80, 0xbb, 0x4f, 0x40, 0xb8, 0x0b, 0xb4,
    0xf4, 0x0b, 0x80, 0xbb, 0x4f, 0x40, 0xb8, 0x0b, 0xb4, 0xf4, 0x0b, 0x80, 0xbb, 0x3f, 0x50, 0xb8,
    0x0b, 0xb0, 0xdc, 0x2b, 0x87, 0xf8, 0x03, 0xdf, 0xff, 0xfa, 0x00, 0x00, 0x4f, 0x92, 0x00, 0x00,
    0x00, 0xf8, 0x00, 0x00, 0x00, 0x0f, 0x80, 0x00, 0x00, 0x39, 0xbb, 0x81, 0x00, 0x3e, 0xe8, 0x9f,
    0xb0, 0x09, 0xf2, 0x00, 0x8f, 0x30, 0xbb, 0x00, 0x04, 0xf7, 0x0b, 0xb0, 0x00, 0x4f, 0x80, 0xbb,
    0x00, 0x04, 0xf8, 0x0b, 0xb0, 0x00, 0x4f, 0x80, 0xbb, 0x00, 0x04, 0xf8, 0x0b, 0xc0, 0x00, 0x4f,
    0x60, 0x5f, 0x50, 0x1a, 0xe1, 0x28, 0xbf, 0x48, 0xf9, 0x64, 0xff, 0xf4, 0x8f, 0xfb, 0x01, 0x10,
    0x03, 0x00, 0xee, 0x06, 0xf8, 0x0c, 0xc0, 0x5e, 0x70, 0x00, 0x00, 0x00, 0x6b, 0xbb, 0xbb, 0xb6,
    0xbb, 0xfd, 0xbb, 0x00, 0x0f, 0x80, 0x00, 0x00, 0xf8, 0x00, 0x00, 0x0f, 0x80, 0x00, 0x00, 0xf8,
    0x00, 0x00, 0x0f, 0x80, 0x00, 0x00, 0xf8, 0x00, 0x00, 0x0f, 0x80, 0x00, 0x00, 0xf8, 0x00, 0x48,
    0x8f, 0xb8, 0x88, 0xff, 0xff, 0xff, 0x00, 0x11, 0x00, 0x30, 0x00, 0x00, 0xee, 0x06, 0xf8, 0x00,
    0x00, 0xcc, 0x05, 0xe7, 0x00, 0x00, 0x00, 0x00, 0x00, 0x00, 0x4b, 0x40, 0x00, 0x08, 0xa0, 0x0d,
    0xb0, 0x00, 0x2f, 0x80, 0x08, 0xf4, 0x00, 0x8e, 0x10, 0x01, 0xe9, 0x01, 0xe9, 0x00, 0x00, 0x8f,
    0x28, 0xf2, 0x00, 0x00, 0x1e, 0x9e, 0x90, 0x00, 0x00, 0x08, 0xff, 0x20, 0x00, 0x00, 0x01, 0xf9,
    0x00, 0x00, 0x00, 0x00, 0xf8, 0x00, 0x00, 0x00, 0x00, 0xf8, 0x00, 0x00, 0x00, 0x00, 0xf8, 0x00,
    0x00, 0x00, 0x00, 0xf8, 0x00, 0x00, 0x00, 0x00, 0x77, 0x00, 0x00, 0x07, 0xf4, 0x00, 0x00, 0x1b,
    0x60, 0x00, 0x00, 0x00, 0x00, 0x00, 0x06, 0xdf, 0x97, 0xb3, 0x4f, 0xc8, 0x8b, 0xf4, 0x9f, 0x10,
    0x08, 0xf4, 0xbf, 0x00, 0x08, 0xf4, 0xbf, 0x00, 0x08, 0xf4, 0xbf, 0x00, 0x08, 0xf4, 0xaf, 0x00,
    0x08, 0xf4, 0x6f, 0xa4, 0x6e, 0xf4, 0x08, 0xff, 0xd9, 0xf4, 0x00, 0x13, 0x00, 0x00, 0x00, 0x00,
    0x67, 0x00, 0x00, 0x05, 0xf6, 0x00, 0x00, 0x1a, 0x80, 0x00, 0x00, 0x00, 0x00, 0x00, 0x08, 0xcf,
    0xfb, 0x50, 0x7f, 0xa8, 0x8c, 0xf2, 0xaf, 0x00, 0x02, 0x83, 0x4e, 0x84, 0x42, 0x00, 0x1a, 0xff,
    0xf8, 0x00, 0xaf, 0x51, 0x00, 0x00, 0xbb, 0x00, 0x00, 0x84, 0x9f, 0x84, 0x49, 0xf6, 0x19, 0xff,
    0xfe, 0x80, 0x00, 0x00, 0x00, 0x00, 0x00, 0x00, 0x58, 0x10, 0x00, 0x04, 0xf7, 0x00, 0x00, 0x0a,
    0x80, 0x00, 0x00, 0x00, 0x00, 0x00, 0x6b, 0x4d, 0xfa, 0x30, 0x8f, 0xb8, 0x8e, 0xd0, 0x8f, 0x20,
    0x08, 0xf3, 0x8f, 0x00, 0x04, 0xf4, 0x8f, 0x00, 0x04, 0xf4, 0x8f, 0x00, 0x04, 0xf4, 0x8f, 0x00,
    0x04, 0xf4, 0x8f, 0x00, 0x04, 0xf4, 0x8f, 0x00, 0x04, 0xf4, 0x00, 0x00, 0x07, 0x70, 0x00, 0x00,
    0x07, 0xf5, 0x00, 0x00, 0x01, 0xb7, 0x00, 0x00, 0x00, 0x00, 0x00, 0x00, 0x3b, 0xbb, 0xb6, 0x00,
    0x03, 0xbb, 0xbf, 0x80, 0x00, 0x00, 0x00, 0xf8, 0x00, 0x00, 0x00, 0x0f, 0x80, 0x00, 0x00, 0x00,
    0xf8, 0x00, 0x00, 0x00, 0x0f, 0x80, 0x00, 0x00, 0x00, 0xf8, 0x00, 0x00, 0x00, 0x0d, 0xe8, 0x86,
    0x00, 0x00, 0x3c, 0xff, 0xb0, 0x00, 0x00, 0x65, 0x00, 0x00, 0x04, 0xe2, 0x00, 0x05, 0x58, 0x78,
    0x20, 0x0f, 0xf0, 0x8f, 0xa0, 0x08, 0x80, 0x29, 0x30, 0x00, 0x00, 0x00, 0x00, 0x6b, 0x00, 0x03,
    0xb3, 0x8f, 0x00, 0x04, 0xf4, 0x8f, 0x00, 0x04, 0xf4, 0x8f, 0x00, 0x04, 0xf4, 0x8f, 0x00, 0x04,
    0xf4, 0x8f, 0x00, 0x04, 0xf4, 0x8f, 0x10, 0x08, 0xf3, 0x4f, 0xa4, 0x6e, 0xc0, 0x06, 0xef, 0xfb,
    0x30, 0x00, 0x03, 0x10, 0x00, 0x06, 0xdf, 0x97, 0xb3, 0x4f, 0xc8, 0x8b, 0xf4, 0x9f, 0x10, 0x08,
    0xf4, 0xbf, 0x00, 0x08, 0xf4, 0xbf, 0x00, 0x08, 0xf4, 0xbf, 0x00, 0x08, 0xf4, 0xaf, 0x00, 0x08,
    0xf4, 0x6f, 0xa4, 0x6e, 0xf4, 0x08, 0xff, 0xd9, 0xf4, 0x00, 0x13, 0x00, 0x00, 0x02, 0x9b, 0xb8,
    0x00, 0x1e, 0xe8, 0xaf, 0x90, 0x7f, 0x40, 0x09, 0xf0, 0x8f, 0x00, 0x08, 0xf1, 0x8f, 0x00, 0x1c,
    0xb0, 0x8f, 0x0b, 0xfd, 0x20, 0x8f, 0x03, 0x6c, 0xc1, 0x8f, 0x00, 0x02, 0xf7, 0x8f, 0x00, 0x00,
    0xfb, 0x8f, 0x20, 0x02, 0xf9, 0x8f, 0xd6, 0x5c, 0xf4, 0x8f, 0x6f, 0xfe, 0x60, 0x8f, 0x01, 0x30,
    0x00, 0x8f, 0x00, 0x00, 0x00, 0x8f, 0x00, 0x00, 0x00, 0x0b, 0x80, 0x00, 0x0b, 0x70, 0x9e, 0x00,
    0x05, 0xf5, 0x05, 0xf5, 0x00, 0x9d, 0x00, 0x0e, 0x90, 0x0e, 0x80, 0x00, 0x9e, 0x05, 0xf3, 0x00,
    0x03, 0xf5, 0x9d, 0x00, 0x00, 0x0d, 0x9e, 0x70, 0x00, 0x00, 0x8d, 0xf2, 0x00, 0x00, 0x02, 0xfc,
    0x00, 0x00, 0x00, 0x0f, 0x80, 0x00, 0x00, 0x00, 0xf8, 0x00, 0x00, 0x00, 0x0f, 0x80, 0x00, 0x3b,
    0xbb, 0xbb, 0xb0, 0x3f, 0xeb, 0xbb, 0xb0, 0x05, 0xea, 0x10, 0x00, 0x00, 0x2e, 0xd3, 0x00, 0x08,
    0xff, 0xfe, 0x20, 0x6f, 0x91, 0x1d, 0xb0, 0xaf, 0x00, 0x08, 0xf2, 0xbb, 0x00, 0x04, 0xf4, 0xbb,
    0x00, 0x04, 0xf4, 0x9f, 0x10, 0x08, 0xf3, 0x4f, 0xa4, 0x6e, 0xc0, 0x06, 0xef, 0xfb, 0x30, 0x00,
    0x03, 0x10, 0x00, 0x08, 0xcf, 0xfb, 0x50, 0x7f, 0xa8, 0x8c, 0xf2, 0xaf, 0x00, 0x02, 0x83, 0x4e,
    0x84, 0x42, 0x00, 0x1a, 0xff, 0xf8, 0x00, 0xaf, 0x51, 0x00, 0x00, 0xbb, 0x00, 0x00, 0x84, 0x9f,
    0x84, 0x49, 0xf6, 0x19, 0xff, 0xfe, 0x80, 0x00, 0x00, 0x00, 0x00, 0x0b, 0xbb, 0xbb, 0xbb, 0x0b,
    0xbb, 0xbc, 0xff, 0x00, 0x00, 0x1c, 0xe3, 0x00, 0x03, 0xed, 0x30, 0x00, 0x3e, 0xc1, 0x00, 0x03,
    0xec, 0x10, 0x00, 0x0d, 0xe1, 0x00, 0x00, 0x4f, 0x60, 0x00, 0x00, 0x4f, 0x50, 0x00, 0x00, 0x2e,
    0xe5, 0x00, 0x00, 0x05, 0xef, 0xea, 0x60, 0x00, 0x16, 0xae, 0xfb, 0x00, 0x00, 0x00, 0xcf, 0x00,
    0x00, 0x01, 0xe9, 0x00, 0x00, 0x03, 0xb1, 0x6b, 0x4d, 0xfa, 0x30, 0x8f, 0xb8, 0x8e, 0xd0, 0x8f,
    0x20, 0x08, 0xf3, 0x8f, 0x00, 0x04, 0xf4, 0x8f, 0x00, 0x04, 0xf4, 0x8f, 0x00, 0x04, 0xf4, 0x8f,
    0x00, 0x04, 0xf4, 0x8f, 0x00, 0x04, 0xf4, 0x8f, 0x00, 0x04, 0xf4, 0x01, 0x7b, 0x96, 0x00, 0x1c,
    0xfb, 0xcf, 0x80, 0x7f, 0x40, 0x0a, 0xf2, 0xaf, 0x00, 0x05, 0xf4, 0xbf, 0x00, 0x04, 0xf4, 0xbf,
    0x88, 0x89, 0xf4, 0xbf, 0xbb, 0xbc, 0xf4, 0xbf, 0x00, 0x04, 0xf4, 0xbf, 0x00, 0x04, 0xf4, 0x8f,
    0x10, 0x07, 0xf3, 0x4f, 0xa4, 0x6e, 0xd0, 0x06, 0xef, 0xfb, 0x30, 0x00, 0x03, 0x10, 0x00, 0x3b,
    0xbb, 0xb6, 0x00, 0x03, 0xbb, 0xbf, 0x80, 0x00, 0x00, 0x00, 0xf8, 0x00, 0x00, 0x00, 0x0f, 0x80,
    0x00, 0x00, 0x00, 0xf8, 0x00, 0x00, 0x00, 0x0f, 0x80, 0x00, 0x00, 0x00, 0xf8, 0x00, 0x00, 0x00,
    0x0d, 0xe8, 0x86, 0x00, 0x00, 0x3c, 0xff, 0xb0, 0x6b, 0x30, 0x02, 0xb8, 0x08, 0xf4, 0x00, 0xbe,
    0x20, 0x8f, 0x40, 0x6f, 0x70, 0x08, 0xf7, 0x4e, 0xb0, 0x00, 0x8f, 0xff, 0xf5, 0x00, 0x08, 0xf7,
    0x4e, 0xc0, 0x00, 0x8f, 0x40, 0x5f, 0x80, 0x08, 0xf4, 0x00, 0xbf, 0x20, 0x8f, 0x40, 0x02, 0xeb,
    0x00, 0x00, 0x1b, 0x80, 0x00, 0x00, 0x00, 0xae, 0x00, 0x00, 0x00, 0x05, 0xf5, 0x00, 0x00, 0x00,
    0x1f, 0xa0, 0x00, 0x00, 0x07, 0xff, 0x10, 0x00, 0x00, 0xcb, 0xf7, 0x00, 0x00, 0x3f, 0x6c, 0xc0,
    0x00, 0x08, 0xf1, 0x7f, 0x30, 0x00, 0xea, 0x01, 0xf8, 0x00, 0x5f, 0x50, 0x0a, 0xe0, 0x0a, 0xe0,
    0x00, 0x6f, 0x51, 0xf9, 0x00, 0x01, 0xea, 0x6b, 0x00, 0x06, 0xb3, 0x8f, 0x00, 0x08, 0xf4, 0x8f,
    0x00, 0x08, 0xf4, 0x8f, 0x00, 0x08, 0xf4, 0x8f, 0x00, 0x08, 0xf4, 0x8f, 0x00, 0x08, 0xf4, 0x8f,
    0x10, 0x08, 0xf4, 0x8f, 0xa4, 0x6b, 0xf4, 0x8f, 0x8f, 0xf8, 0xf4, 0x8f, 0x03, 0x10, 0x00, 0x8f,
    0x00, 0x00, 0x00, 0x8f, 0x00, 0x00, 0x00, 0x1b, 0x70, 0x00, 0x0b, 0x80, 0xcd, 0x00, 0x05, 0xf6,
    0x07, 0xf3, 0x00, 0x9f, 0x10, 0x2f, 0x80, 0x0e, 0xa0, 0x00, 0xad, 0x04, 0xf6, 0x00, 0x06, 0xf3,
    0x8f, 0x10, 0x00, 0x1f, 0x8d, 0xa0, 0x00, 0x00, 0xad, 0xf6, 0x00, 0x00, 0x06, 0xfe, 0x00, 0x00,
    0x01, 0x8b, 0xb9, 0x30, 0x0c, 0xfa, 0x8d, 0xe3, 0x4f, 0x80, 0x01, 0xf8, 0x4f, 0x40, 0x00, 0x00,
    0x1c, 0xc2, 0x00, 0x00, 0x02, 0xdf, 0xff, 0x80, 0x2e, 0xd7, 0x44, 0x20, 0x9f, 0x20, 0x00, 0x00,
    0xbf, 0x00, 0x00, 0x00, 0x7f, 0x91, 0x00, 0x00, 0x08, 0xff, 0xb7, 0x20, 0x00, 0x28, 0xcf, 0xf4,
    0x00, 0x00, 0x02, 0xf8, 0x00, 0x00, 0x06, 0xf4, 0x00, 0x00, 0x07, 0x90, 0x04, 0xaf, 0xd9, 0x10,
    0x3f, 0xd8, 0x8f, 0xb0, 0x8f, 0x10, 0x08, 0xf3, 0xbc, 0x00, 0x04, 0xf4, 0xbb, 0x00, 0x04, 0xf4,
    0xbb, 0x00, 0x04, 0xf4, 0x9f, 0x00, 0x06, 0xf4, 0x4f, 0xa4, 0x6e, 0xd0, 0x06, 0xef, 0xfb, 0x30,
    0x00, 0x01, 0x00, 0x00, 0x8b, 0xbb, 0xbb, 0xbb, 0xb6, 0x9f, 0x98, 0x9f, 0x98, 0x04, 0xf4, 0x04,
    0xf4, 0x00, 0x4f, 0x40, 0x4f, 0x40, 0x04, 0xf4, 0x04, 0xf4, 0x00, 0x4f, 0x40, 0x4f, 0x40, 0x04,
    0xf4, 0x03, 0xf6, 0x00, 0x4f, 0x40, 0x0e, 0xc8, 0x04, 0xf4, 0x00, 0x3d, 0xf0, 0x00, 0x00, 0x00,
    0x00, 0x03, 0xaf, 0xe9, 0x10, 0x2e, 0xd8, 0x8f, 0xb0, 0x8f, 0x20, 0x08, 0xf3, 0x8f, 0x00, 0x04,
    0xf4, 0x8f, 0x00, 0x04, 0xf4, 0x8f, 0x00, 0x04, 0xf4, 0x8f, 0x20, 0x07, 0xf4, 0x8f, 0xa4, 0x5e,
    0xe0, 0x8f, 0x6f, 0xfe, 0x30, 0x8f, 0x00, 0x30, 0x00, 0x8f, 0x00, 0x00, 0x00, 0x8f, 0x00, 0x00,
    0x00, 0x03, 0xaf, 0xea, 0x20, 0x2e, 0xd8, 0x8e, 0xe1, 0x8f, 0x20, 0x05, 0xf6, 0x8f, 0x00, 0x00,
    0x00, 0x8f, 0x00, 0x00, 0x00, 0x8f, 0x00, 0x00, 0x00, 0x7f, 0x60, 0x00, 0x00, 0x1c, 0xfd, 0x83,
    0x00, 0x00, 0x6a, 0xff, 0x80, 0x00, 0x00, 0x1c, 0xc0, 0x00, 0x00, 0x1e, 0x80, 0x00, 0x00, 0x4c,
    0x10, 0x02, 0x9b, 0xbb, 0xbb, 0x02, 0xee, 0x8b, 0xd8, 0x80, 0x8f, 0x30, 0x09, 0xc0, 0x0b, 0xf0,
    0x00, 0x5f, 0x40, 0xbf, 0x00, 0x04, 0xf4, 0x0b, 0xf0, 0x00, 0x4f, 0x40, 0x9f, 0x10, 0x08, 0xf3,
    0x04, 0xfa, 0x46, 0xec, 0x00, 0x06, 0xef, 0xfb, 0x10, 0x00, 0x00, 0x31, 0x00, 0x00, 0x3b, 0xbb,
    0xbb, 0xbb, 0x33, 0xbb, 0xdf, 0xbb, 0xb3, 0x00, 0x08, 0xf0, 0x00, 0x00, 0x00, 0x8f, 0x00, 0x00,
    0x00, 0x08, 0xf0, 0x00, 0x00, 0x00, 0x8f, 0x00, 0x00, 0x00, 0x08, 0xf0, 0x00, 0x00, 0x00, 0x7f,
    0x88, 0x82, 0x00, 0x01, 0x9f, 0xff, 0x40, 0x6b, 0x00, 0x03, 0xb3, 0x8f, 0x00, 0x04, 0xf4, 0x8f,
    0x00, 0x04, 0xf4, 0x8f, 0x00, 0x04, 0xf4, 0x8f, 0x00, 0x04, 0xf4, 0x8f, 0x00, 0x04, 0xf4, 0x8f,
    0x10, 0x08, 0xf3, 0x4f, 0xa4, 0x6e, 0xc0, 0x06, 0xef, 0xfb, 0x30, 0x00, 0x03, 0x10, 0x00, 0x01,
    0xa0, 0x8b, 0xa4, 0x00, 0xbe, 0x0b, 0xba, 0xf4, 0x2f, 0x60, 0xb8, 0x0c, 0xa4, 0xf4, 0x0b, 0x80,
    0xbb, 0x4f, 0x40, 0xb8, 0x0b, 0xb4, 0xf4, 0x0b, 0x80, 0xbb, 0x2f, 0x60, 0xb8, 0x0c, 0xa0, 0xbe,
    0x6c, 0x98, 0xf5, 0x01, 0x9f, 0xff, 0xd6, 0x00, 0x00, 0x0f, 0x80, 0x00, 0x00, 0x00, 0xf8, 0x00,
    0x00, 0x00, 0x0f, 0x80, 0x00, 0x08, 0xb1, 0x00, 0x5b, 0x50, 0x3f, 0x90, 0x1e, 0xb0, 0x00, 0x8f,
    0x49, 0xe2, 0x00, 0x00, 0xcd, 0xf7, 0x00, 0x00, 0x06, 0xfd, 0x00, 0x00, 0x00, 0xcc, 0xf7, 0x00,
    0x00, 0x8f, 0x48, 0xf3, 0x00, 0x4f, 0x80, 0x1e, 0xc0, 0x1d, 0xd1, 0x00, 0x5f, 0x80, 0x3b, 0x30,
    0x86, 0x08, 0x84, 0xf4, 0x0b, 0x80, 0xbb, 0x4f, 0x40, 0xb8, 0x0b, 0xb4, 0xf4, 0x0b, 0x80, 0xbb,
    0x4f, 0x40, 0xb8, 0x0b, 0xb4, 0xf4, 0x0b, 0x80, 0xbb, 0x2f, 0x60, 0xb8, 0x0c, 0xb0, 0xbe, 0x6c,
    0x98, 0xf6, 0x01, 0xaf, 0xff, 0xd7, 0x00, 0x00, 0x0f, 0x80, 0x00, 0x00, 0x00, 0xf8, 0x00, 0x00,
    0x00, 0x0f, 0x80, 0x00, 0x01, 0xb4, 0x00, 0x97, 0x00, 0xbe, 0x30, 0x09, 0xf5, 0x1f, 0x60, 0x00,
    0x0d, 0xa4, 0xf4, 0x06, 0x40, 0xbb, 0x4f, 0x40, 0xb8, 0x0b, 0xb4, 0xf4, 0x0b, 0x80, 0xbb, 0x4f,
    0x40, 0xc8, 0x0b, 0xb1, 0xf9, 0x5e, 0xb4, 0xd9, 0x08, 0xff, 0x59, 0xfe, 0x30, 0x02, 0x10, 0x03,
    0x00, 0x05, 0xba, 0x11, 0xff, 0xf9, 0x2f, 0xff, 0xb0, 0x9f, 0xe4, 0x00, 0x00, 0x00, 0x02, 0x44,
    0x00, 0x3e, 0xbd, 0xc0, 0xa8, 0x01, 0xd6, 0xb4, 0x00, 0xb8, 0xb4, 0x00, 0xb8, 0xb6, 0x00, 0xb8,
    0x9c, 0x25, 0xf3, 0x19, 0xfd, 0x60, 0x1b, 0x20, 0x71, 0x0b, 0x30, 0xf4, 0x0f, 0x40, 0xf4, 0x0f,
    0x40, 0x00, 0x04, 0x10, 0x00, 0x8c, 0x00, 0x03, 0xf3, 0x00, 0x1d, 0x70, 0x82, 0x8b, 0x00, 0xf4,
    0xbd, 0xbb, 0xf4, 0x34, 0x44, 0xf4, 0x00, 0x00, 0xf4, 0x24, 0x44, 0x41, 0x8e, 0xbb, 0xb3, 0x8b,
    0x00, 0x00, 0x8e, 0xba, 0x40, 0x24, 0x47, 0xf3, 0x64, 0x00, 0xb8, 0x9c, 0x24, 0xf4, 0x1a, 0xfe,
    0x80, 0x00, 0x24, 0x00, 0x00, 0xb8, 0x00, 0x07, 0xc0, 0x00, 0x2e, 0xab, 0x50, 0x9c, 0x45, 0xe4,
    0xd5, 0x00, 0xb8, 0xaa, 0x25, 0xe4, 0x1a, 0xfe, 0x80, 0x34, 0x44, 0x42, 0xbd, 0xbb, 0xe8, 0xb8,
    0x02, 0xf3, 0x00, 0x08, 0xb0, 0x00, 0x1e, 0x40, 0x00, 0x8d, 0x00, 0x00, 0xe6, 0x00, 0x06, 0xd0,
    0x00, 0x02, 0x44, 0x00, 0x5f, 0xbc, 0xc1, 0xb8, 0x00, 0xd4, 0x5b, 0x58, 0xb1, 0x4c, 0xbc, 0xa1,
    0xb6, 0x00, 0xc7, 0xa9, 0x12, 0xd6, 0x3a, 0xfe, 0x80, 0x02, 0x44, 0x00, 0x4e, 0xbd, 0xc1, 0xb8,
    0x01, 0xd5, 0xb8, 0x00, 0xd6, 0x5e, 0x8b, 0xe1, 0x02, 0x4d, 0x70, 0x00, 0x8c, 0x00, 0x02, 0xe3,
    0x00, 0x00, 0x32, 0x00, 0x00, 0xb8, 0x00, 0x6b, 0xed, 0xb0, 0x48, 0xdb, 0x80, 0x00, 0xb8, 0x00,
    0x00, 0x00, 0x00, 0x88, 0x88, 0x6b, 0xbb, 0xb8, 0x00, 0x00, 0x00, 0x8f, 0xff, 0xf4, 0x00, 0x00,
    0x00, 0x48, 0x88, 0x82, 0x48, 0x88, 0x82, 0x09, 0x54, 0xf2, 0x8c, 0x0b, 0x80, 0xb8, 0x0b, 0x90,
    0x7e, 0x01, 0xd6, 0x02, 0x30, 0x2b, 0x10, 0x0c, 0x80, 0x08, 0xd0, 0x04, 0xf1, 0x04, 0xf4, 0x05,
    0xf0, 0x09, 0xa0, 0x2f, 0x40, 0x23, 0x00, 0x0b, 0x7c, 0xd6, 0x00, 0xf9, 0x49, 0xf0, 0x0f, 0x40,
    0x4f, 0x00, 0xf4, 0x04, 0xf0, 0x0f, 0x40, 0x4f, 0x00, 0x00, 0x00, 0x00, 0x2c, 0xff, 0x80, 0xaa,
    0x03, 0xe4, 0xb5, 0x00, 0xb8, 0xb4, 0x00, 0xb8, 0xb5, 0x00, 0xb8, 0xaa, 0x01, 0xe5, 0x3d, 0xdf,
    0x90, 0x00, 0x42, 0x00, 0x00, 0x00, 0x00, 0x18, 0xfb, 0x00, 0x8a, 0x6b, 0x00, 0x10, 0x4b, 0x00,
    0x00, 0x4b, 0x00, 0x00, 0x4b, 0x00, 0x00, 0x4b, 0x00, 0x8f, 0xff, 0xfb, 0x24, 0x44, 0x43, 0x00,
    0x00, 0x00, 0x1b, 0xff, 0x80, 0x8b, 0x13, 0xf3, 0x32, 0x01, 0xf4, 0x00, 0x1a, 0xb0, 0x02, 0xc9,
    0x10, 0x3e, 0x80, 0x00, 0x8f, 0xff, 0xf4, 0x24, 0x44, 0x41, 0x00, 0x00, 0x00, 0x8f, 0xff, 0xf4,
    0x00, 0x19, 0x91, 0x00, 0xac, 0x10, 0x00, 0x6a, 0xe1, 0x32, 0x00, 0xc7, 0xaa, 0x01, 0xe5, 0x3d,
    0xdf, 0x90, 0x00, 0x42, 0x00, 0x00, 0x00, 0x00, 0x00, 0x5e, 0x10, 0x02, 0xe5, 0x00, 0x0b, 0x90,
    0x82, 0x7d, 0x10, 0xf4, 0xbb, 0x88, 0xf4, 0x68, 0x88, 0xf4, 0x00, 0x00, 0xf4, 0x00, 0x00, 0x41,
    0x00, 0x00, 0x00, 0x8f, 0xff, 0xf4, 0x8b, 0x00, 0x00, 0x8d, 0x87, 0x10, 0x48, 0x8a, 0xe2, 0x32,
    0x00, 0xc7, 0xaa, 0x01, 0xe6, 0x3d, 0xef, 0xb0, 0x00, 0x42, 0x00, 0x00, 0x00, 0x00, 0x00, 0xaa,
    0x00, 0x04, 0xe1, 0x00, 0x1d, 0x88, 0x20, 0x8e, 0x88, 0xe2, 0xd6, 0x00, 0xb8, 0xb8, 0x01, 0xd6,
    0x3e, 0xdf, 0xb0, 0x00, 0x42, 0x00, 0x00, 0x00, 0x00, 0xbf, 0xff, 0xf8, 0xb8, 0x01, 0xe5, 0x32,
    0x07, 0xd0, 0x00, 0x0d, 0x60, 0x00, 0x6e, 0x00, 0x00, 0xd8, 0x00, 0x04, 0xe1, 0x00, 0x02, 0x30,
    0x00, 0x1a, 0xfe, 0x80, 0x9a, 0x13, 0xe4, 0x8a, 0x01, 0xe3, 0x1c, 0xff, 0x60, 0xa9, 0x12, 0xd4,
    0xb6, 0x00, 0xc8, 0x6e, 0xbc, 0xd1, 0x02, 0x44, 0x10, 0x00, 0x00, 0x00, 0x3d, 0xff, 0x80, 0xaa,
    0x03, 0xe4, 0xb8, 0x00, 0xc7, 0x8d, 0x68, 0xf2, 0x06, 0x8d, 0x80, 0x00, 0x5e, 0x10, 0x01, 0xd5,
    0x00, 0x01, 0x40, 0x00, 0x03, 0xb0, 0x00, 0x4f, 0x00, 0xff, 0xff, 0xb0, 0x4f, 0x00, 0x03, 0xb0,
    0x00, 0x00, 0x00, 0x0f, 0xff, 0xfb, 0x00, 0x00, 0x00, 0x00, 0x00, 0x0b, 0xff, 0xfb, 0x00, 0x00,
    0x0b, 0xff, 0xfb, 0x00, 0x00, 0x00, 0x05, 0x52, 0xf4, 0x7d, 0x0b, 0x90, 0xb8, 0x0b, 0x80, 0x8c,
    0x02, 0xf4, 0x06, 0x40, 0x27, 0x00, 0x0e, 0x60, 0x08, 0xc0, 0x05, 0xf0, 0x04, 0xf4, 0x04, 0xf1,
    0x08, 0xd0, 0x0d, 0x80, 0x28, 0x00, 0x02, 0x88, 0x40, 0x1c, 0x88, 0xe5, 0x03, 0x88, 0xe8, 0x5e,
    0x64, 0xc8, 0x6e, 0x88, 0xe8, 0x04, 0x83, 0x32, 0x01, 0x78, 0x60, 0x00, 0xca, 0x8c, 0x80, 0x4f,
    0x88, 0x9f, 0x04, 0xf5, 0x44, 0x40, 0x0c, 0xb8, 0xc9, 0x00, 0x05, 0x85, 0x00, 0x01, 0x78, 0x60,
    0x00, 0xcc, 0x8d, 0xb0, 0x4f, 0x10, 0x5f, 0x24, 0xf2, 0x05, 0xf2, 0x0c, 0xd8, 0xe9, 0x00, 0x05,
    0x85, 0x00, 0x38, 0x10, 0x56, 0x0b, 0xb5, 0xf3, 0x02, 0xee, 0x70, 0x04, 0xfc, 0x90, 0x1d, 0x83,
    0xe6, 0x24, 0x00, 0x23, 0x00, 0x00, 0x00, 0x00, 0x6e, 0xfe, 0x60, 0x09, 0x74, 0x8f, 0x32, 0x88,
    0x88, 0xf8, 0x3f, 0xcb, 0xbf, 0x80, 0xe8, 0x03, 0xf5, 0x06, 0xfc, 0xf9, 0x00, 0x03, 0x73, 0x00,
    0x0f, 0x40, 0x00, 0x00, 0xf5, 0x78, 0x20, 0x0f, 0xc8, 0xdd, 0x00, 0xf4, 0x04, 0xf0, 0x0f, 0x40,
    0x4f, 0x00, 0xf4, 0x04, 0xf0, 0x04, 0x10, 0x14, 0x00, 0x0f, 0x40, 0x00, 0x00, 0xf4, 0x07, 0x50,
    0x0f, 0x49, 0xc1, 0x00, 0xfd, 0xe1, 0x00, 0x0f, 0xae, 0x80, 0x00, 0xf4, 0x5f, 0x60, 0x04, 0x10,
    0x33, 0x00, 0x0f, 0x40, 0xf4, 0x0f, 0x40, 0xf4, 0x0f, 0x40, 0xf4, 0x04, 0x10, 0x08, 0x38, 0x60,
    0x68, 0x20, 0x0f, 0xc8, 0xea, 0x8c, 0xe0, 0x0f, 0x40, 0xbb, 0x04, 0xf0, 0x0f, 0x40, 0xbb, 0x04,
    0xf0, 0x0f, 0x40, 0xbb, 0x04, 0xf0, 0x04, 0x10, 0x33, 0x01, 0x40, 0x08, 0x37, 0x82, 0x00, 0xfc,
    0x8d, 0xd0, 0x0f, 0x40, 0x4f, 0x00, 0xf4, 0x04, 0xf0, 0x0f, 0x40, 0x4f, 0x00, 0x41, 0x01, 0x40,
    0x08, 0x37, 0x82, 0x00, 0xfc, 0x8c, 0xe1, 0x0f, 0x50, 0x2f, 0x40, 0xf5, 0x02, 0xf4, 0x0f, 0xc9,
    0xdc, 0x00, 0xf5, 0x66, 0x10, 0x0f, 0x40, 0x00, 0x00, 0x41, 0x00, 0x00, 0x02, 0x88, 0x40, 0x2e,
    0x98, 0xc3, 0x1e, 0xb8, 0x50, 0x03, 0x58, 0xe7, 0x2e, 0x98, 0xe5, 0x02, 0x78, 0x30, 0x08, 0x20,
    0x6f, 0x94, 0x6f, 0x94, 0x0f, 0x40, 0x0f, 0x40, 0x0e, 0xb4, 0x02, 0x83, 0x00, 0x08, 0xb2, 0x00,
    0x00, 0x00, 0x5f, 0x80, 0x00, 0x00, 0x03, 0xea, 0x00, 0x00, 0x00, 0x1c, 0xc1, 0x00, 0x00, 0x00,
    0x9f, 0xff, 0xff, 0xff, 0xf4, 0x3f, 0xc8, 0x88, 0x88, 0x82, 0x07, 0xf6, 0x00, 0x00, 0x00, 0x00,
    0x9e, 0x30, 0x00, 0x00, 0x00, 0x1c, 0xd1, 0x00, 0x00, 0x00, 0x01, 0x42, 0x00, 0x00, 0x00, 0x00,
    0x83, 0x00, 0x00, 0x01, 0xaf, 0xf6, 0x00, 0x01, 0xce, 0xfc, 0xf8, 0x03, 0xde, 0x3f, 0x86, 0xf9,
    0x8c, 0x10, 0xf8, 0x06, 0xe5, 0x10, 0x0f, 0x80, 0x03, 0x00, 0x00, 0xf8, 0x00, 0x00, 0x00, 0x0f,
    0x80, 0x00, 0x00, 0x00, 0xf8, 0x00, 0x00, 0x00, 0x0f, 0x80, 0x00, 0x00, 0x00, 0xf8, 0x00, 0x00,
    0x00, 0x0f, 0x80, 0x00, 0x00, 0x00, 0x7b, 0x30, 0x00, 0x00, 0x00, 0x1c, 0xd1, 0x00, 0x00, 0x00,
    0x03, 0xea, 0x00, 0x00, 0x00, 0x00, 0x6f, 0x80, 0xbf, 0xff, 0xff, 0xff, 0xf4, 0x68, 0x88, 0x88,
    0x8f, 0xc0, 0x00, 0x00, 0x00, 0xbe, 0x20, 0x00, 0x00, 0x08, 0xf4, 0x00, 0x00, 0x00, 0x5f, 0x80,
    0x00, 0x00, 0x00, 0x34, 0x00, 0x00, 0x00, 0x00, 0xb6, 0x00, 0x00, 0x00, 0x0f, 0x80, 0x00, 0x00,
    0x00, 0xf8, 0x00, 0x00, 0x00, 0x0f, 0x80, 0x00, 0x00, 0x00, 0xf8, 0x00, 0x00, 0x00, 0x0f, 0x80,
    0x00, 0x10, 0x00, 0xf8, 0x00, 0x18, 0x90, 0x0f, 0x80, 0x1c, 0x5f, 0x90, 0xf8, 0x3e, 0xd0, 0x5e,
    0xbf, 0xae, 0xc1, 0x00, 0x3e, 0xff, 0x91, 0x00, 0x00, 0x2c, 0x80, 0x00, 0x00, 0x00, 0x00, 0x00,
    0x00, 0x00, 0x02, 0xb8, 0x01, 0xb8, 0x00, 0x00, 0x00, 0xce, 0x10, 0x06, 0xf7, 0x00, 0x00, 0x9f,
    0x30, 0x00, 0x09, 0xf3, 0x00, 0x6f, 0x60, 0x00, 0x00, 0x1c, 0xe1, 0x2e, 0xff, 0xff, 0xff, 0xff,
    0xff, 0xa0, 0xaf, 0x88, 0x88, 0x88, 0x8c, 0xf5, 0x01, 0xdc, 0x10, 0x00, 0x04, 0xf8, 0x00, 0x03,
    0xe9, 0x00, 0x02, 0xeb, 0x00, 0x00, 0x06, 0xf7, 0x00, 0xcd, 0x10, 0x00, 0x00, 0x04, 0x40, 0x14,
    0x20, 0x00, 0x00, 0x00, 0x20, 0x00, 0x00, 0x00, 0x5e, 0xc1, 0x00, 0x00, 0x6f, 0xff, 0xc3, 0x00,
    0x8f, 0x9f, 0x8c, 0xe3, 0x7f, 0x60, 0xf8, 0x1b, 0xe8, 0x60, 0x0f, 0x80, 0x09, 0x00, 0x00, 0xf8,
    0x00, 0x00, 0x00, 0x0f, 0x80, 0x00, 0x00, 0x00, 0xf8, 0x00, 0x00, 0x00, 0x0f, 0x80, 0x00, 0x00,
    0x00, 0xf8, 0x00, 0x00, 0x00, 0x0f, 0x80, 0x00, 0x51, 0x00, 0xf8, 0x00, 0x68, 0xe3, 0x0f, 0x80,
    0x6f, 0x1c, 0xe3, 0xf8, 0x8f, 0x80, 0x1a, 0xef, 0xef, 0x60, 0x00, 0x09, 0xfe, 0x40, 0x00, 0x00,
    0x07, 0x30, 0x00, 0x0b, 0xbb, 0xbb, 0xb6, 0x00, 0xff, 0xcb, 0xbb, 0xb1, 0x0f, 0xee, 0x30, 0x00,
    0x00, 0xf8, 0xce, 0x30, 0x00, 0x0f, 0x81, 0xce, 0x30, 0x00, 0xf8, 0x01, 0xce, 0x30, 0x0e, 0x80,
    0x01, 0xce, 0x30, 0x25, 0x00, 0x01, 0xc8, 0x00, 0x00, 0x00, 0x01, 0x00, 0x00, 0x8b, 0xbb, 0xbb,
    0x80, 0x6b, 0xbb, 0xbf, 0xfb, 0x00, 0x00, 0x09, 0xfe, 0xb0, 0x00, 0x09, 0xf6, 0xbb, 0x00, 0x09,
    0xf6, 0x0b, 0xb0, 0x09, 0xf6, 0x00, 0xbb, 0x09, 0xf6, 0x00, 0x0b, 0x82, 0xe6, 0x00, 0x00, 0x60,
    0x01, 0x00, 0x00, 0x00, 0x00, 0x08, 0x30, 0x00, 0x03, 0x01, 0xce, 0x30, 0x00, 0xb6, 0x01, 0xce,
    0x30, 0x0b, 0xb0, 0x01, 0xce, 0x30, 0xbb, 0x00, 0x01, 0xce, 0x3b, 0xb0, 0x00, 0x01, 0xce, 0xdb,
    0x07, 0x88, 0x87, 0xef, 0xb0, 0x3e, 0xff, 0xff, 0xfb, 0x01, 0x50, 0x00, 0x09, 0x60, 0xc8, 0x00,
    0x09, 0xf6, 0x0f, 0x80, 0x09, 0xf6, 0x00, 0xf8, 0x09, 0xf6, 0x00, 0x0f, 0x89, 0xf6, 0x00, 0x00,
    0xfd, 0xf6, 0x00, 0x00, 0x0f, 0xf9, 0x78, 0x88, 0x30, 0xff, 0xff, 0xff, 0x90, 0x68, 0x88, 0x88,
    0x82, 0x8b, 0xbb, 0xbb, 0xb3, 0x00, 0x00, 0x00, 0x00, 0x00, 0x00, 0x00, 0x00, 0xbf, 0xff, 0xff,
    0xf4, 0x68, 0x88, 0x88, 0x82, 0x00, 0x00, 0x00, 0x00, 0x68, 0x88, 0x88, 0x82, 0xbf, 0xff, 0xff,
    0xf4, 0x81, 0x00, 0x00, 0x00, 0x00, 0xfe, 0x81, 0x00, 0x00, 0x00, 0xff, 0xfe, 0x60, 0x00, 0x00,
    0xff, 0xff, 0xfd, 0x60, 0x00, 0xff, 0xff, 0xff, 0xfd, 0x60, 0xff, 0xff, 0xff, 0xff, 0xd4, 0xff,
    0xff, 0xff, 0xd6, 0x00, 0xff, 0xff, 0xd6, 0x00, 0x00, 0xff, 0xd6, 0x00, 0x00, 0x00, 0xe7, 0x00,
    0x00, 0x00, 0x00, 0x10, 0x00, 0x00, 0x00, 0x00, 0x81, 0x00, 0x00, 0x00, 0x00, 0xed, 0x81, 0x00,
    0x00, 0x00, 0xb1, 0x8d, 0x60, 0x00, 0x00, 0xb0, 0x01, 0x8c, 0x60, 0x00, 0xb0, 0x00, 0x01, 0x8c,
    0x60, 0xb0, 0x00, 0x00, 0x18, 0xd4, 0xb0, 0x00, 0x18, 0xc6, 0x00, 0xb0, 0x18, 0xc6, 0x00, 0x00,
    0xc8, 0xc6, 0x00, 0x00, 0x00, 0xe7, 0x00, 0x00, 0x00, 0x00, 0x10, 0x00, 0x00, 0x00, 0x00, 0x00,
    0x03, 0x8b, 0xa7, 0x10, 0x00, 0x08, 0xff, 0xff, 0xfe, 0x30, 0x05, 0xff, 0xff, 0xff, 0xfe, 0x10,
    0xdf, 0xff, 0xff, 0xff, 0xf7, 0x2f, 0xff, 0xff, 0xff, 0xff, 0xb3, 0xff, 0xff, 0xff, 0xff, 0xfb,
    0x0f, 0xff, 0xff, 0xff, 0xff, 0x90, 0x9f, 0xff, 0xff, 0xff, 0xf4, 0x01, 0xef, 0xff, 0xff, 0xf9,
    0x00, 0x01, 0x9f, 0xff, 0xe8, 0x00, 0x00, 0x00, 0x04, 0x30, 0x00, 0x00,
};

static const prim_glyph_t ui_font_mono_16_glyphs[] = {
    {32, 0, 0, 0, 0, 0, 10},
    {33, 0, 4, 13, 3, 12, 10},
    {34, 26, 6, 6, 2, 12, 10},
    {35, 44, 10, 12, 0, 12, 10},
    {36, 104, 8, 17, 1, 14, 10},
    {37, 172, 10, 13, 0, 12, 10},
    {38, 237, 10, 13, 0, 12, 10},
    {39, 302, 3, 6, 3, 12, 10},
    {40, 311, 6, 16, 2, 14, 10},
    {41, 359, 6, 16, 1, 14, 10},
    {42, 407, 10, 9, 0, 10, 10},
    {43, 452, 8, 9, 1, 10, 10},
    {44, 488, 4, 6, 3, 3, 10},
    {45, 500, 6, 2, 2, 6, 10},
    {46, 506, 4, 4, 3, 3, 10},
    {47, 514, 8, 16, 1, 14, 10},
    {48, 578, 8, 13, 1, 12, 10},
    {49, 630, 8, 12, 1, 12, 10},
    {50, 678, 8, 12, 1, 12, 10},
    {51, 726, 8, 13, 1, 12, 10},
    {52, 778, 7, 12, 1, 12, 10},
    {53, 820, 8, 13, 1, 12, 10},
    {54, 872, 9, 13, 0, 12, 10},
    {55, 931, 8, 12, 1, 12, 10},
    {56, 979, 8, 13, 1, 12, 10},
    {57, 1031, 9, 12, 0, 12, 10},
    {58, 1085, 4, 10, 3, 9, 10},
    {59, 1105, 4, 12, 3, 9, 10},
    {60, 1129, 8, 9, 1, 10, 10},
    {61, 1165, 8, 6, 1, 8, 10},
    {62, 1189, 8, 9, 1, 10, 10},
    {63, 1225, 6, 13, 2, 12, 10},
    {64, 1264, 10, 15, 0, 12, 10},
    {65, 1339, 9, 12, 0, 12, 10},
    {66, 1393, 8, 12, 1, 12, 10},
    {67, 1441, 8, 13, 1, 12, 10},
    {68, 1493, 8, 12, 1, 12, 10},
    {69, 1541, 8, 12, 1, 12, 10},
    {70, 1589, 8, 12, 1, 12, 10},
    {71, 1637, 8, 13, 1, 12, 10},
    {72, 1689, 8, 12, 1, 12, 10},
    {73, 1737, 7, 12, 1, 12, 10},
    {74, 1779, 8, 13, 0, 12, 10},
    {75, 1831, 8, 12, 1, 12, 10},
    {76, 1879, 7, 12, 2, 12, 10},
    {77, 1921, 8, 12, 1, 12, 10},
    {78, 1969, 8, 12, 1, 12, 10},
    {79, 2017, 8, 13, 1, 12, 10},
    {80, 2069, 8, 12, 1, 12, 10},
    {81, 2117, 8, 15, 1, 12, 10},
    {82, 2177, 8, 12, 1, 12, 10},
    {83, 2225, 8, 13, 1, 12, 10},
    {84, 2277, 9, 12, 0, 12, 10},
    {85, 2331, 8, 13, 1, 12, 10},
    {86, 2383, 9, 12, 0, 12, 10},
    {87, 2437, 10, 12, 0, 12, 10},
    {88, 2497, 10, 12, 0, 12, 10},
    {89, 2557, 10, 12, 0, 12, 10},
    {90, 2617, 8, 12, 1, 12, 10},
    {91, 2665, 5, 16, 3, 14, 10},
    {92, 2705, 8, 16, 1, 14, 10},
    {93, 2769, 5, 16, 2, 14, 10},
    {94, 2809, 8, 7, 1, 12, 10},
    {95, 2837, 9, 2, 0, 0, 10},
    {96, 2846, 5, 3, 2, 13, 10},
    {97, 2854, 8, 10, 1, 9, 10},
    {98, 2894, 8, 13, 1, 12, 10},
    {99, 2946, 8, 10, 1, 9, 10},
    {100, 2986, 8, 13, 1, 12, 10},
    {101, 3038, 8, 10, 1, 9, 10},
    {102, 3078, 9, 12, 0, 12, 10},
    {103, 3132, 8, 12, 1, 9, 10},
    {104, 3180, 8, 12, 1, 12, 10},
    {105, 3228, 8, 13, 1, 13, 10},
    {106, 3280, 7, 16, 1, 13, 10},
    {107, 3336, 8, 12, 1, 12, 10},
    {108, 3384, 9, 12, 0, 12, 10},
    {109, 3438, 9, 9, 0, 9, 10},
    {110, 3479, 8, 9, 1, 9, 10},
    {111, 3515, 8, 10, 1, 9, 10},
    {112, 3555, 8, 12, 1, 9, 10},
    {113, 3603, 8, 12, 1, 9, 10},
    {114, 3651, 8, 9, 1, 9, 10},
    {115, 3687, 8, 10, 1, 9, 10},
    {116, 3727, 9, 12, 0, 12, 10},
    {117, 3781, 8, 10, 1, 9, 10},
    {118, 3821, 9, 9, 0, 9, 10},
    {119, 3862, 10, 9, 0, 9, 10},
    {120, 3907, 9, 9, 0, 9, 10},
    {121, 3948, 9, 12, 0, 9, 10},
    {122, 4002, 8, 9, 1, 9, 10},
    {123, 4038, 8, 16, 1, 14, 10},
    {124, 4102, 2, 16, 4, 14, 10},
    {125, 4118, 8, 16, 1, 14, 10},
    {126, 4182, 8, 5, 1, 8, 10},
    {160, 4202, 0, 0, 0, 0, 10},
    {161, 4202, 4, 12, 3, 9, 10},
    {162, 4226, 8, 15, 1, 12, 10},
    {163, 4286, 8, 12, 1, 12, 10},
    {164, 4334, 9, 10, 0, 11, 10},
    {165, 4379, 10, 12, 0, 12, 10},
    {166, 4439, 2, 16, 4, 14, 10},
    {167, 4455, 8, 15, 1, 12, 10},
    {168, 4515, 7, 3, 1, 13, 10},
    {169, 4526, 9, 11, 0, 12, 10},
    {170, 4576, 5, 5, 2, 12, 10},
    {171, 4589, 10, 9, 0, 9, 10},
    {172, 4634, 7, 5, 1, 7, 10},
    {173, 4652, 6, 2, 2, 6, 10},
    {174, 4658, 9, 11, 0, 12, 10},
    {175, 4708, 6, 2, 2, 12, 10},
    {176, 4714, 6, 5, 2, 12, 10},
    {177, 4729, 8, 10, 1, 10, 10},
    {178, 4769, 6, 8, 2, 14, 10},
    {179, 4793, 6, 8, 2, 14, 10},
    {180, 4817, 5, 3, 3, 13, 10},
    {181, 4825, 8, 12, 1, 9, 10},
    {182, 4873, 8, 15, 1, 12, 10},
    {183, 4933, 4, 3, 3, 7, 10},
    {184, 4939, 4, 5, 3, 1, 10},
    {185, 4949, 6, 8, 2, 14, 10},
    {186, 4973, 5, 5, 2, 12, 10},
    {187, 4986, 10, 9, 0, 9, 10},
    {188, 5031, 10, 12, 0, 12, 10},
    {189, 5091, 10, 12, 0, 12, 10},
    {190, 5151, 10, 12, 0, 12, 10},
    {191, 5211, 7, 12, 1, 9, 10},
    {192, 5253, 9, 16, 0, 16, 10},
    {193, 5325, 9, 16, 0, 16, 10},
    {194, 5397, 9, 16, 0, 16, 10},
    {195, 5469, 9, 16, 0, 16, 10},
    {196, 5541, 9, 16, 0, 16, 10},
    {197, 5613, 9, 16, 0, 16, 10},
    {198, 5685, 10, 12, 0, 12, 10},
    {199, 5745, 8, 16, 1, 12, 10},
    {200, 5809, 8, 16, 1, 16, 10},
    {201, 5873, 8, 16, 1, 16, 10},
    {202, 5937, 8, 16, 1, 16, 10},
    {203, 6001, 8, 16, 1, 16, 10},
    {204, 6065, 7, 16, 1, 16, 10},
    {205, 6121, 7, 16, 1, 16, 10},
    {206, 6177, 7, 16, 1, 16, 10},
    {207, 6233, 7, 16, 1, 16, 10},
    {208, 6289, 9, 12, 0, 12, 10},
    {209, 6343, 8, 16, 1, 16, 10},
    {210, 6407, 8, 17, 1, 16, 10},
    {211, 6475, 8, 17, 1, 16, 10},
    {212, 6543, 8, 17, 1, 16, 10},
    {213, 6611, 8, 17, 1, 16, 10},
    {214, 6679, 8, 17, 1, 16, 10},
    {215, 6747, 7, 7, 1, 9, 10},
    {216, 6772, 10, 13, 0, 12, 10},
    {217, 6837, 8, 17, 1, 16, 10},
    {218, 6905, 8, 17, 1, 16, 10},
    {219, 6973, 8, 17, 1, 16, 10},
    {220, 7041, 8, 17, 1, 16, 10},
    {221, 7109, 10, 16, 0, 16, 10},
    {222, 7189, 8, 12, 1, 12, 10},
    {223, 7237, 8, 12, 1, 12, 10},
    {224, 7285, 8, 14, 1, 13, 10},
    {225, 7341, 8, 14, 1, 13, 10},
    {226, 7397, 8, 14, 1, 13, 10},
    {227, 7453, 8, 14, 1, 13, 10},
    {228, 7509, 8, 14, 1, 13, 10},
    {229, 7565, 8, 15, 1, 14, 10},
    {230, 7625, 10, 10, 0, 9, 10},
    {231, 7675, 8, 13, 1, 9, 10},
    {232, 7727, 8, 14, 1, 13, 10},
    {233, 7783, 8, 14, 1, 13, 10},
    {234, 7839, 8, 14, 1, 13, 10},
    {235, 7895, 8, 14, 1, 13, 10},
    {236, 7951, 8, 13, 1, 13, 10},
    {237, 8003, 8, 13, 1, 13, 10},
    {238, 8055, 8, 13, 1, 13, 10},
    {239, 8107, 8, 13, 1, 13, 10},
    {240, 8159, 8, 13, 1, 12, 10},
    {241, 8211, 8, 13, 1, 13, 10},
    {242, 8263, 8, 14, 1, 13, 10},
    {243, 8319, 8, 14, 1, 13, 10},
    {244, 8375, 8, 14, 1, 13, 10},
    {245, 8431, 8, 14, 1, 13, 10},
    {246, 8487, 8, 14, 1, 13, 10},
    {247, 8543, 7, 10, 1, 10, 10},
    {248, 8578, 10, 11, 0, 10, 10},
    {249, 8633, 8, 14, 1, 13, 10},
    {250, 8689, 8, 14, 1, 13, 10},
    {251, 8745, 8, 14, 1, 13, 10},
    {252, 8801, 8, 14, 1, 13, 10},
    {253, 8857, 9, 16, 0, 13, 10},
    {254, 8929, 8, 15, 1, 12, 10},
    {255, 8989, 9, 16, 0, 13, 10},
    {256, 9061, 9, 15, 0, 15, 10},
    {257, 9129, 8, 13, 1, 12, 10},
    {258, 9181, 9, 16, 0, 16, 10},
    {259, 9253, 8, 14, 1, 13, 10},
    {260, 9309, 10, 16, 0, 12, 10},
    {261, 9389, 9, 13, 1, 9, 10},
    {262, 9448, 8, 17, 1, 16, 10},
    {263, 9516, 8, 14, 1, 13, 10},
    {264, 9572, 8, 17, 1, 16, 10},
    {265, 9640, 8, 14, 1, 13, 10},
    {266, 9696, 8, 17, 1, 16, 10},
    {267, 9764, 8, 14, 1, 13, 10},
    {268, 9820, 8, 17, 1, 16, 10},
    {269, 9888, 8, 14, 1, 13, 10},
    {270, 9944, 8, 16, 1, 16, 10},
    {271, 10008, 10, 13, 0, 12, 10},
    {272, 10073, 9, 12, 0, 12, 10},
    {273, 10127, 9, 13, 1, 12, 10},
    {274, 10186, 8, 15, 1, 15, 10},
    {275, 10246, 8, 13, 1, 12, 10},
    {276, 10298, 8, 16, 1, 16, 10},
    {277, 10362, 8, 14, 1, 13, 10},
    {278, 10418, 8, 16, 1, 16, 10},
    {279, 10482, 8, 14, 1, 13, 10},
    {280, 10538, 8, 16, 1, 12, 10},
    {281, 10602, 8, 13, 1, 9, 10},
    {282, 10654, 8, 16, 1, 16, 10},
    {283, 10718, 8, 14, 1, 13, 10},
    {284, 10774, 8, 17, 1, 16, 10},
    {285, 10842, 8, 16, 1, 13, 10},
    {286, 10906, 8, 17, 1, 16, 10},
    {287, 10974, 8, 16, 1, 13, 10},
    {288, 11038, 8, 17, 1, 16, 10},
    {289, 11106, 8, 16, 1, 13, 10},
    {290, 11170, 8, 16, 1, 12, 10},
    {291, 11234, 8, 18, 1, 15, 10},
    {292, 11306, 8, 16, 1, 16, 10},
    {293, 11370, 10, 16, -1, 16, 10},
    {294, 11450, 10, 12, 0, 12, 10},
    {295, 11510, 9, 12, 0, 12, 10},
    {296, 11564, 7, 16, 1, 16, 10},
    {297, 11620, 8, 13, 1, 13, 10},
    {298, 11672, 7, 15, 1, 15, 10},
    {299, 11725, 8, 12, 1, 12, 10},
    {300, 11773, 7, 16, 1, 16, 10},
    {301, 11829, 8, 13, 1, 13, 10},
    {302, 11881, 7, 16, 1, 12, 10},
    {303, 11937, 8, 17, 1, 13, 10},
    {304, 12005, 7, 16, 1, 16, 10},
    {305, 12061, 8, 9, 1, 9, 10},
    {306, 12097, 12, 13, 1, 12, 13},
    {307, 12175, 7, 17, 0, 13, 8},
    {308, 12235, 11, 17, 0, 16, 10},
    {309, 12329, 9, 16, 1, 13, 10},
    {310, 12401, 8, 16, 1, 12, 10},
    {311, 12465, 8, 16, 1, 12, 10},
    {312, 12529, 9, 9, 1, 9, 10},
    {313, 12570, 8, 16, 1, 16, 10},
    {314, 12634, 9, 16, 0, 16, 10},
    {315, 12706, 7, 16, 2, 12, 10},
    {316, 12762, 9, 16, 0, 12, 10},
    {317, 12834, 7, 12, 2, 12, 10},
    {318, 12876, 9, 12, 0, 12, 10},
    {319, 12930, 7, 12, 2, 12, 10},
    {320, 12972, 11, 12, 0, 12, 10},
    {321, 13038, 9, 12, 0, 12, 10},
    {322, 13092, 9, 12, 0, 12, 10},
    {323, 13146, 8, 16, 1, 16, 10},
    {324, 13210, 8, 13, 1, 13, 10},
    {325, 13262, 8, 16, 1, 12, 10},
    {326, 13326, 8, 13, 1, 9, 10},
    {327, 13378, 8, 16, 1, 16, 10},
    {328, 13442, 8, 13, 1, 13, 10},
    {329, 13494, 10, 13, -1, 13, 10},
    {330, 13559, 8, 15, 1, 12, 10},
    {331, 13619, 8, 12, 1, 9, 10},
    {332, 13667, 8, 16, 1, 15, 10},
    {333, 13731, 8, 13, 1, 12, 10},
    {334, 13783, 8, 17, 1, 16, 10},
    {335, 13851, 8, 14, 1, 13, 10},
    {336, 13907, 8, 17, 1, 16, 10},
    {337, 13975, 8, 14, 1, 13, 10},
    {338, 14031, 10, 13, 0, 12, 10},
    {339, 14096, 10, 10, 0, 9, 10},
    {340, 14146, 8, 16, 1, 16, 10},
    {341, 14210, 8, 13, 1, 13, 10},
    {342, 14262, 8, 16, 1, 12, 10},
    {343, 14326, 9, 13, 0, 9, 10},
    {344, 14385, 8, 16, 1, 16, 10},
    {345, 14449, 8, 13, 1, 13, 10},
    {346, 14501, 8, 17, 1, 16, 10},
    {347, 14569, 8, 14, 1, 13, 10},
    {348, 14625, 8, 17, 1, 16, 10},
    {349, 14693, 8, 14, 1, 13, 10},
    {350, 14749, 8, 16, 1, 12, 10},
    {351, 14813, 8, 13, 1, 9, 10},
    {352, 14865, 8, 17, 1, 16, 10},
    {353, 14933, 8, 14, 1, 13, 10},
    {354, 14989, 9, 16, 0, 12, 10},
    {355, 15061, 9, 16, 0, 12, 10},
    {356, 15133, 9, 16, 0, 16, 10},
    {357, 15205, 9, 13, 0, 13, 10},
    {358, 15264, 9, 12, 0, 12, 10},
    {359, 15318, 9, 12, 0, 12, 10},
    {360, 15372, 8, 17, 1, 16, 10},
    {361, 15440, 8, 14, 1, 13, 10},
    {362, 15496, 8, 16, 1, 15, 10},
    {363, 15560, 8, 13, 1, 12, 10},
    {364, 15612, 8, 17, 1, 16, 10},
    {365, 15680, 8, 14, 1, 13, 10},
    {366, 15736, 8, 17, 1, 16, 10},
    {367, 15804, 8, 15, 1, 14, 10},
    {368, 15864, 8, 17, 1, 16, 10},
    {369, 15932, 8, 14, 1, 13, 10},
    {370, 15988, 8, 16, 1, 12, 10},
    {371, 16052, 8, 13, 1, 9, 10},
    {372, 16104, 10, 16, 0, 16, 10},
    {373, 16184, 10, 13, 0, 13, 10},
    {374, 16249, 10, 16, 0, 16, 10},
    {375, 16329, 9, 16, 0, 13, 10},
    {376, 16401, 10, 16, 0, 16, 10},
    {377, 16481, 8, 16, 1, 16, 10},
    {378, 16545, 8, 13, 1, 13, 10},
    {379, 16597, 8, 16, 1, 16, 10},
    {380, 16661, 8, 13, 1, 13, 10},
    {381, 16713, 8, 16, 1, 16, 10},
    {382, 16777, 8, 13, 1, 13, 10},
    {383, 16829, 7, 12, 2, 12, 10},
    {913, 16871, 9, 12, 0, 12, 10},
    {914, 16925, 8, 12, 1, 12, 10},
    {915, 16973, 7, 12, 2, 12, 10},
    {916, 17015, 9, 12, 0, 12, 10},
    {917, 17069, 8, 12, 1, 12, 10},
    {918, 17117, 8, 12, 1, 12, 10},
    {919, 17165, 8, 12, 1, 12, 10},
    {920, 17213, 8, 13, 1, 12, 10},
    {921, 17265, 7, 12, 1, 12, 10},
    {922, 17307, 8, 12, 1, 12, 10},
    {923, 17355, 9, 12, 0, 12, 10},
    {924, 17409, 8, 12, 1, 12, 10},
    {925, 17457, 8, 12, 1, 12, 10},
    {926, 17505, 8, 12, 1, 12, 10},
    {927, 17553, 8, 13, 1, 12, 10},
    {928, 17605, 8, 12, 1, 12, 10},
    {929, 17653, 8, 12, 1, 12, 10},
    {931, 17701, 8, 12, 1, 12, 10},
    {932, 17749, 9, 12, 0, 12, 10},
    {933, 17803, 10, 12, 0, 12, 10},
    {934, 17863, 9, 14, 0, 13, 10},
    {935, 17926, 10, 12, 0, 12, 10},
    {936, 17986, 9, 12, 0, 12, 10},
    {937, 18040, 9, 12, 0, 12, 10},
    {938, 18094, 7, 16, 1, 16, 10},
    {939, 18150, 10, 16, 0, 16, 10},
    {940, 18230, 8, 14, 1, 13, 10},
    {941, 18286, 8, 14, 1, 13, 10},
    {942, 18342, 8, 13, 1, 13, 10},
    {943, 18394, 9, 13, 0, 13, 10},
    {944, 18453, 8, 16, 1, 15, 10},
    {945, 18517, 8, 10, 1, 9, 10},
    {946, 18557, 8, 15, 1, 12, 10},
    {947, 18617, 9, 12, 0, 9, 10},
    {948, 18671, 8, 13, 1, 12, 10},
    {949, 18723, 8, 10, 1, 9, 10},
    {950, 18763, 8, 15, 1, 12, 10},
    {951, 18823, 8, 9, 1, 9, 10},
    {952, 18859, 8, 13, 1, 12, 10},
    {953, 18911, 9, 9, 0, 9, 10},
    {954, 18952, 9, 9, 1, 9, 10},
    {955, 18993, 9, 12, 0, 12, 10},
    {956, 19047, 8, 12, 1, 9, 10},
    {957, 19095, 9, 9, 0, 9, 10},
    {958, 19136, 8, 15, 1, 12, 10},
    {959, 19196, 8, 10, 1, 9, 10},
    {960, 19236, 9, 10, 0, 9, 10},
    {961, 19281, 8, 12, 1, 9, 10},
    {962, 19329, 8, 12, 1, 9, 10},
    {963, 19377, 9, 10, 1, 9, 10},
    {964, 19422, 9, 9, 0, 9, 10},
    {965, 19463, 8, 10, 1, 9, 10},
    {966, 19503, 9, 12, 0, 9, 10},
    {967, 19557, 9, 9, 0, 9, 10},
    {968, 19598, 9, 12, 0, 9, 10},
    {969, 19652, 9, 10, 0, 9, 10},
    {8226, 19697, 5, 5, 2, 8, 10},
    {8304, 19710, 6, 8, 2, 14, 10},
    {8305, 19734, 3, 7, 0, 14, 3},
    {8308, 19745, 6, 8, 2, 14, 10},
    {8309, 19769, 6, 8, 2, 14, 10},
    {8310, 19793, 6, 8, 2, 14, 10},
    {8311, 19817, 6, 8, 2, 14, 10},
    {8312, 19841, 6, 8, 2, 14, 10},
    {8313, 19865, 6, 8, 2, 14, 10},
    {8314, 19889, 6, 6, 2, 10, 10},
    {8315, 19907, 5, 2, 1, 11, 7},
    {8316, 19912, 6, 5, 2, 12, 10},
    {8317, 19927, 3, 9, 1, 14, 4},
    {8318, 19941, 4, 9, 0, 14, 4},
    {8319, 19959, 7, 5, 0, 12, 7},
    {8320, 19977, 6, 9, 2, 6, 10},
    {8321, 20004, 6, 9, 2, 6, 10},
    {8322, 20031, 6, 9, 2, 6, 10},
    {8323, 20058, 6, 9, 2, 6, 10},
    {8324, 20085, 6, 9, 2, 6, 10},
    {8325, 20112, 6, 9, 2, 6, 10},
    {8326, 20139, 6, 9, 2, 6, 10},
    {8327, 20166, 6, 9, 2, 6, 10},
    {8328, 20193, 6, 8, 2, 5, 10},
    {8329, 20217, 6, 9, 2, 6, 10},
    {8330, 20244, 5, 5, 1, 3, 7},
    {8331, 20257, 5, 3, 1, 2, 7},
    {8332, 20265, 5, 5, 1, 3, 7},
    {8333, 20278, 3, 9, 1, 5, 4},
    {8334, 20292, 4, 9, 0, 5, 4},
    {8336, 20310, 6, 6, 0, 3, 6},
    {8337, 20328, 7, 6, 0, 3, 7},
    {8338, 20349, 7, 6, 0, 3, 7},
    {8339, 20370, 6, 6, 0, 3, 6},
    {8340, 20388, 7, 8, 0, 4, 7},
    {8341, 20416, 7, 7, 0, 4, 7},
    {8342, 20441, 7, 7, 0, 4, 6},
    {8343, 20466, 3, 7, 0, 4, 3},
    {8344, 20477, 10, 6, 0, 3, 10},
    {8345, 20507, 7, 6, 0, 3, 7},
    {8346, 20528, 7, 8, 0, 3, 7},
    {8347, 20556, 6, 6, 0, 3, 6},
    {8348, 20574, 4, 7, 0, 4, 4},
    {8592, 20588, 10, 10, 0, 10, 10},
    {8593, 20638, 9, 12, 0, 12, 10},
    {8594, 20692, 10, 10, 0, 10, 10},
    {8595, 20742, 9, 13, 0, 12, 10},
    {8596, 20801, 13, 10, -2, 10, 10},
    {8597, 20866, 9, 18, 0, 15, 10},
    {8598, 20947, 9, 9, 0, 12, 10},
    {8599, 20988, 9, 9, 0, 12, 10},
    {8600, 21029, 9, 8, 0, 8, 10},
    {8601, 21065, 9, 8, 0, 8, 10},
    {8801, 21101, 8, 9, 1, 10, 10},
    {9654, 21137, 10, 11, 0, 11, 10},
    {9655, 21192, 10, 11, 0, 11, 10},
    {9679, 21247, 11, 11, -1, 11, 10},
};

const prim_font_t ui_font_mono_16 = {
    .bitmap_data = ui_font_mono_16_bmp,
    .glyphs = ui_font_mono_16_glyphs,
    .glyph_count = 432,
    .line_height = 21,
    .baseline = 16,
    .ascent = 16,
    .descent = 5,
    .bpp = 4,
};
