/* Auto-generated by tools/font_gen/gen_fonts.js. Do not edit. */
#include <prim/text.h>
#include <ui/fonts.h>   /* UI_API extern decl -> correct visibility */

static const uint8_t ui_font_mono_14_bmp[] = {
    0x24, 0x08, 0xf0, 0x8f, 0x08, 0xf0, 0x8f, 0x08, 0xd0, 0x8b, 0x08, 0xb0, 0x00, 0x07, 0xa1, 0xaf,
    0x30, 0x00, 0x04, 0x20, 0x42, 0x0f, 0x80, 0xf8, 0x0f, 0x80, 0xf8, 0x0f, 0x70, 0xf8, 0x0f, 0x40,
    0xf8, 0x00, 0x04, 0x00, 0x31, 0x00, 0x2e, 0x00, 0xe2, 0x00, 0x5b, 0x02, 0xf0, 0x04, 0x99, 0x47,
    0xc4, 0x0b, 0xec, 0xbd, 0xdb, 0x00, 0xd3, 0x09, 0x70, 0x00, 0xf0, 0x0c, 0x40, 0x6c, 0xfb, 0xbf,
    0xb6, 0x29, 0xa4, 0x7d, 0x42, 0x08, 0x80, 0x6a, 0x00, 0x0b, 0x40, 0x88, 0x00, 0x00, 0x01, 0x30,
    0x00, 0x00, 0x04, 0xb0, 0x00, 0x00, 0x07, 0xc3, 0x00, 0x02, 0xdf, 0xff, 0x90, 0x09, 0xd5, 0xb7,
    0xf3, 0x0b, 0x94, 0xb0, 0x82, 0x09, 0xe8, 0xb0, 0x00, 0x01, 0xcf, 0xe8, 0x10, 0x00, 0x07, 0xee,
    0xc0, 0x00, 0x04, 0xb3, 0xf6, 0x0b, 0x44, 0xb0, 0xf8, 0x0b, 0xc7, 0xc7, 0xf3, 0x03, 0xbf, 0xfe,
    0x60, 0x00, 0x04, 0xb0, 0x00, 0x00, 0x04, 0xb0, 0x00, 0x03, 0x40, 0x00, 0x04, 0x18, 0xdc, 0xc0,
    0x05, 0xb0, 0xb5, 0x0f, 0x01, 0xd2, 0x0b, 0x40, 0xf0, 0xb7, 0x00, 0x8c, 0xac, 0x7a, 0x00, 0x00,
    0x56, 0x3d, 0x10, 0x00, 0x00, 0x0b, 0x67, 0x84, 0x00, 0x07, 0xa9, 0xb6, 0xf2, 0x03, 0xe1, 0xb8,
    0x0b, 0x40, 0xc4, 0x0a, 0x81, 0xd3, 0x88, 0x00, 0x3e, 0xf9, 0x00, 0x00, 0x00, 0x00, 0x00, 0x00,
    0x14, 0x40, 0x00, 0x00, 0x2e, 0xdd, 0xc1, 0x00, 0x08, 0xd0, 0x1e, 0x70, 0x00, 0x6e, 0x10, 0x32,
    0x00, 0x00, 0xc9, 0x00, 0x00, 0x00, 0x8e, 0xf7, 0x00, 0x00, 0x7e, 0x57, 0xf3, 0x6e, 0x3b, 0xb0,
    0x08, 0xde, 0x60, 0xbb, 0x00, 0x1f, 0xc0, 0x07, 0xe4, 0x2c, 0xae, 0x80, 0x1b, 0xff, 0xb1, 0x4f,
    0x40, 0x00, 0x00, 0x00, 0x00, 0x24, 0x8f, 0x8f, 0x8f, 0x8e, 0x00, 0x06, 0x80, 0x1a, 0xf8, 0x08,
    0xe3, 0x02, 0xf6, 0x00, 0x6f, 0x10, 0x08, 0xf0, 0x00, 0x8f, 0x00, 0x08, 0xf0, 0x00, 0x8f, 0x00,
    0x05, 0xf1, 0x00, 0x1f, 0x80, 0x00, 0x8e, 0x40, 0x00, 0x9f, 0x90, 0x00, 0x47, 0x67, 0x10, 0x05,
    0xde, 0x30, 0x01, 0xae, 0x10, 0x01, 0xe8, 0x00, 0x09, 0xb0, 0x00, 0x8d, 0x00, 0x08, 0xf0, 0x00,
    0x8f, 0x00, 0x08, 0xc0, 0x00, 0xab, 0x00, 0x1e, 0x70, 0x1c, 0xe1, 0x6e, 0xd3, 0x05, 0x61, 0x00,
    0x00, 0x06, 0x80, 0x00, 0x00, 0x08, 0xb0, 0x00, 0x38, 0x27, 0xb1, 0x67, 0x4c, 0xfd, 0xee, 0xe8,
    0x00, 0x2c, 0xf7, 0x00, 0x00, 0x8d, 0x8e, 0x10, 0x04, 0xf4, 0x0c, 0xa0, 0x01, 0x50, 0x03, 0x30,
    0x00, 0x08, 0xf0, 0x00, 0x00, 0x08, 0xf0, 0x00, 0x04, 0x49, 0xf4, 0x42, 0x0f, 0xff, 0xff, 0xf8,
    0x00, 0x08, 0xf0, 0x00, 0x00, 0x08, 0xf0, 0x00, 0x00, 0x06, 0xb0, 0x00, 0x00, 0x00, 0x08, 0xf2,
    0x09, 0xe0, 0x0c, 0xa0, 0x0f, 0x70, 0x04, 0x10, 0x04, 0x44, 0x42, 0x0f, 0xff, 0xf8, 0x13, 0x0d,
    0xf4, 0xcf, 0x40, 0x20, 0x00, 0x00, 0x02, 0x82, 0x00, 0x00, 0x07, 0xe1, 0x00, 0x00, 0x0d, 0x90,
    0x00, 0x00, 0x3f, 0x30, 0x00, 0x00, 0x9d, 0x00, 0x00, 0x00, 0xe7, 0x00, 0x00, 0x06, 0xf2, 0x00,
    0x00, 0x0a, 0xa0, 0x00, 0x00, 0x2f, 0x60, 0x00, 0x00, 0x8e, 0x00, 0x00, 0x00, 0xd9, 0x00, 0x00,
    0x04, 0xf3, 0x00, 0x00, 0x09, 0xd0, 0x00, 0x00, 0x07, 0x40, 0x00, 0x00, 0x01, 0x44, 0x20, 0x03,
    0xee, 0xcf, 0x80, 0xab, 0x10, 0x7f, 0x2f, 0x80, 0x00, 0xf4, 0xf8, 0x00, 0x0f, 0x4f, 0x88, 0xd0,
    0xf4, 0xf8, 0x59, 0x0f, 0x4f, 0x80, 0x00, 0xf4, 0xe8, 0x00, 0x1f, 0x49, 0xd3, 0x19, 0xe1, 0x1b,
    0xff, 0xd5, 0x00, 0x01, 0x20, 0x00, 0x00, 0x24, 0x10, 0x00, 0x7f, 0xf4, 0x00, 0x8e, 0x6f, 0x40,
    0x08, 0x30, 0xf4, 0x00, 0x00, 0x0f, 0x40, 0x00, 0x00, 0xf4, 0x00, 0x00, 0x0f, 0x40, 0x00, 0x00,
    0xf4, 0x00, 0x00, 0x0f, 0x40, 0x03, 0x44, 0xf7, 0x42, 0xbf, 0xff, 0xff, 0x80, 0x01, 0x44, 0x20,
    0x03, 0xef, 0xef, 0x60, 0xbb, 0x10, 0x8f, 0x2b, 0x60, 0x03, 0xf4, 0x00, 0x00, 0x5f, 0x20, 0x00,
    0x1c, 0xb0, 0x00, 0x1c, 0xd1, 0x00, 0x0a, 0xe3, 0x00, 0x09, 0xe3, 0x00, 0x08, 0xf7, 0x44, 0x42,
    0xbf, 0xff, 0xff, 0x80, 0x03, 0x44, 0x44, 0x40, 0x0b, 0xff, 0xff, 0xf0, 0x00, 0x00, 0x3e, 0x80,
    0x00, 0x03, 0xe9, 0x00, 0x00, 0x0d, 0xe3, 0x00, 0x00, 0x0b, 0xcf, 0x80, 0x00, 0x00, 0x07, 0xf1,
    0x00, 0x00, 0x04, 0xf4, 0x0b, 0x40, 0x04, 0xf4, 0x0b, 0xc3, 0x2a, 0xe0, 0x03, 0xcf, 0xfd, 0x30,
    0x00, 0x01, 0x20, 0x00, 0x00, 0x00, 0x24, 0x10, 0x00, 0x0b, 0xb0, 0x00, 0x07, 0xf3, 0x00, 0x01,
    0xe8, 0x00, 0x00, 0xad, 0x10, 0x00, 0x5f, 0x40, 0x8f, 0x0d, 0xa0, 0x08, 0xf0, 0xf9, 0x88, 0xbf,
    0x0b, 0xbb, 0xbd, 0xf0, 0x00, 0x00, 0x8f, 0x00, 0x00, 0x08, 0xf0, 0x34, 0x44, 0x44, 0x0b, 0xff,
    0xff, 0xf0, 0xbb, 0x00, 0x00, 0x0b, 0xb0, 0x00, 0x00, 0xbd, 0x88, 0x30, 0x08, 0xbb, 0xcf, 0x80,
    0x00, 0x00, 0x7f, 0x20, 0x00, 0x02, 0xf4, 0xb6, 0x00, 0x3f, 0x4b, 0xc3, 0x29, 0xe1, 0x1b, 0xff,
    0xd5, 0x00, 0x01, 0x20, 0x00, 0x00, 0x00, 0x43, 0x00, 0x00, 0x04, 0xf4, 0x00, 0x00, 0x0c, 0xa0,
    0x00, 0x00, 0x6f, 0x20, 0x00, 0x01, 0xd8, 0x43, 0x00, 0x08, 0xfd, 0xbf, 0x90, 0x0d, 0xa0, 0x04,
    0xf5, 0x2f, 0x40, 0x00, 0xd8, 0x1f, 0x50, 0x00, 0xe8, 0x0b, 0xc3, 0x19, 0xf2, 0x01, 0xbf, 0xfe,
    0x50, 0x00, 0x01, 0x20, 0x00, 0x44, 0x44, 0x44, 0x3f, 0xff, 0xff, 0xfb, 0xf8, 0x00, 0x1e, 0x8b,
    0x60, 0x06, 0xf2, 0x00, 0x00, 0xca, 0x00, 0x00, 0x3f, 0x50, 0x00, 0x09, 0xd0, 0x00, 0x01, 0xe8,
    0x00, 0x00, 0x7f, 0x20, 0x00, 0x0d, 0x90, 0x00, 0x04, 0xf4, 0x00, 0x00, 0x00, 0x14, 0x42, 0x00,
    0x03, 0xee, 0xdf, 0x60, 0x0a, 0xd1, 0x07, 0xf2, 0x0b, 0x80, 0x04, 0xf4, 0x08, 0xd1, 0x08, 0xe0,
    0x00, 0x9f, 0xfd, 0x30, 0x08, 0xe6, 0x4a, 0xe1, 0x0f, 0x60, 0x00, 0xe7, 0x0f, 0x50, 0x00, 0xd8,
    0x0b, 0xc3, 0x18, 0xf3, 0x02, 0xbf, 0xfe, 0x60, 0x00, 0x01, 0x20, 0x00, 0x00, 0x14, 0x42, 0x00,
    0x03, 0xef, 0xdf, 0x80, 0x0d, 0xa1, 0x06, 0xf4, 0x2f, 0x40, 0x00, 0xd8, 0x1f, 0x50, 0x00, 0xd8,
    0x0b, 0xc2, 0x08, 0xf3, 0x03, 0xbf, 0xef, 0xb0, 0x00, 0x00, 0x5f, 0x40, 0x00, 0x00, 0xd9, 0x00,
    0x00, 0x08, 0xf2, 0x00, 0x00, 0x1e, 0x80, 0x00, 0x08, 0xb2, 0x0e, 0xf6, 0x02, 0x40, 0x00, 0x00,
    0x00, 0x00, 0x00, 0x00, 0x0c, 0xe4, 0x0d, 0xf4, 0x00, 0x20, 0x08, 0xb2, 0x0e, 0xf6, 0x02, 0x40,
    0x00, 0x00, 0x00, 0x00, 0x00, 0x00, 0x08, 0xf1, 0x0b, 0xc0, 0x0d, 0x90, 0x1f, 0x60, 0x14, 0x10,
    0x00, 0x00, 0x01, 0x10, 0x00, 0x18, 0xe4, 0x01, 0x8e, 0xb6, 0x07, 0xeb, 0x40, 0x00, 0xba, 0x10,
    0x00, 0x04, 0xbe, 0x92, 0x00, 0x00, 0x4b, 0xf9, 0x10, 0x00, 0x04, 0xb4, 0x00, 0x00, 0x00, 0x00,
    0xbf, 0xff, 0xff, 0x43, 0x44, 0x44, 0x41, 0x00, 0x00, 0x00, 0x06, 0x88, 0x88, 0x82, 0x8b, 0xbb,
    0xbb, 0x30, 0x20, 0x00, 0x00, 0x0b, 0xb4, 0x00, 0x00, 0x29, 0xfb, 0x40, 0x00, 0x02, 0x9f, 0xb2,
    0x00, 0x00, 0x6e, 0x40, 0x06, 0xce, 0x81, 0x5d, 0xe8, 0x10, 0x0a, 0x81, 0x00, 0x00, 0x00, 0x00,
    0x00, 0x00, 0x14, 0x42, 0x00, 0x4f, 0xff, 0xb1, 0x00, 0x05, 0xe9, 0x00, 0x00, 0x8b, 0x00, 0x00,
    0xbb, 0x02, 0x8a, 0xf5, 0x04, 0xfa, 0x40, 0x04, 0xf4, 0x00, 0x00, 0x00, 0x00, 0x04, 0xb3, 0x00,
    0x07, 0xf7, 0x00, 0x00, 0x00, 0x00, 0x00, 0x04, 0x43, 0x00, 0x03, 0xdc, 0xbd, 0xc1, 0x0d, 0x70,
    0x00, 0xb9, 0x4e, 0x00, 0x00, 0x6c, 0x8b, 0x01, 0xab, 0x8f, 0x8b, 0x08, 0xb3, 0xaf, 0x8b, 0x0b,
    0x80, 0x4f, 0x8b, 0x0b, 0x80, 0x4f, 0x8b, 0x09, 0x90, 0x6b, 0x8b, 0x03, 0xeb, 0xf5, 0x4e, 0x00,
    0x14, 0x10, 0x1e, 0x70, 0x00, 0x00, 0x05, 0xec, 0x88, 0x00, 0x00, 0x17, 0x88, 0x00, 0x00, 0x03,
    0x41, 0x00, 0x00, 0x0d, 0xf5, 0x00, 0x00, 0x2f, 0xb8, 0x00, 0x00, 0x7d, 0x8c, 0x00, 0x00, 0xa9,
    0x4f, 0x10, 0x00, 0xe6, 0x0f, 0x50, 0x03, 0xf2, 0x0b, 0x90, 0x07, 0xfb, 0xbd, 0xd0, 0x0a, 0xb4,
    0x47, 0xf2, 0x0e, 0x70, 0x00, 0xf6, 0x4f, 0x30, 0x00, 0xb9, 0x34, 0x44, 0x10, 0x0b, 0xff, 0xff,
    0x60, 0xb8, 0x00, 0x9f, 0x2b, 0x80, 0x04, 0xf4, 0xb8, 0x00, 0x7e, 0x1b, 0xff, 0xfd, 0x40, 0xb9,
    0x44, 0xac, 0x1b, 0x80, 0x01, 0xf7, 0xb8, 0x00, 0x0f, 0x8b, 0x94, 0x49, 0xf3, 0xbf, 0xff, 0xd5,
    0x00, 0x00, 0x44, 0x30, 0x01, 0xcf, 0xef, 0x90, 0x9d, 0x10, 0x6f, 0x3b, 0x90, 0x00, 0x82, 0xb8,
    0x00, 0x00, 0x0b, 0x80, 0x00, 0x00, 0xb8, 0x00, 0x00, 0x0b, 0x80, 0x00, 0x00, 0xb9, 0x00, 0x0b,
    0x38, 0xe5, 0x19, 0xf2, 0x19, 0xff, 0xe6, 0x00, 0x00, 0x30, 0x00, 0x34, 0x44, 0x00, 0x0b, 0xff,
    0xfd, 0x30, 0xb8, 0x01, 0x9e, 0x0b, 0x80, 0x04, 0xf4, 0xb8, 0x00, 0x4f, 0x4b, 0x80, 0x04, 0xf4,
    0xb8, 0x00, 0x4f, 0x4b, 0x80, 0x04, 0xf4, 0xb8, 0x00, 0x4f, 0x3b, 0x94, 0x5c, 0xc0, 0xbf, 0xff,
    0xa2, 0x00, 0x34, 0x44, 0x44, 0x1b, 0xff, 0xff, 0xf4, 0xbb, 0x00, 0x00, 0x0b, 0xb0, 0x00, 0x00,
    0xbb, 0x00, 0x00, 0x0b, 0xff, 0xff, 0xb0, 0xbc, 0x44, 0x43, 0x0b, 0xb0, 0x00, 0x00, 0xbb, 0x00,
    0x00, 0x0b, 0xc4, 0x44, 0x41, 0xbf, 0xff, 0xff, 0x40, 0x34, 0x44, 0x44, 0x2b, 0xff, 0xff, 0xf8,
    0xbb, 0x00, 0x00, 0x0b, 0xb0, 0x00, 0x00, 0xbb, 0x00, 0x00, 0x0b, 0xeb, 0xbb, 0xb0, 0xbd, 0x88,
    0x88, 0x0b, 0xb0, 0x00, 0x00, 0xbb, 0x00, 0x00, 0x0b, 0xb0, 0x00, 0x00, 0xbb, 0x00, 0x00, 0x00,
    0x00, 0x44, 0x20, 0x02, 0xdf, 0xff, 0x80, 0x9d, 0x10, 0x7f, 0x2b, 0x80, 0x00, 0x82, 0xb8, 0x00,
    0x00, 0x0b, 0x80, 0x88, 0x82, 0xb8, 0x0b, 0xbf, 0x4b, 0x80, 0x00, 0xf4, 0xb8, 0x00, 0x1f, 0x49,
    0xe4, 0x19, 0xe1, 0x1b, 0xff, 0xe6, 0x00, 0x00, 0x20, 0x00, 0x33, 0x00, 0x14, 0x1b, 0xb0, 0x04,
    0xf4, 0xbb, 0x00, 0x4f, 0x4b, 0xb0, 0x04, 0xf4, 0xbb, 0x00, 0x4f, 0x4b, 0xff, 0xff, 0xf4, 0xbc,
    0x44, 0x7f, 0x4b, 0xb0, 0x04, 0xf4, 0xbb, 0x00, 0x4f, 0x4b, 0xb0, 0x04, 0xf4, 0xbb, 0x00, 0x4f,
    0x40, 0x24, 0x44, 0x44, 0x8f, 0xff, 0xff, 0x00, 0x8f, 0x00, 0x00, 0x8f, 0x00, 0x00, 0x8f, 0x00,
    0x00, 0x8f, 0x00, 0x00, 0x8f, 0x00, 0x00, 0x8f, 0x00, 0x00, 0x8f, 0x00, 0x24, 0x9f, 0x44, 0x8f,
    0xff, 0xff, 0x00, 0x00, 0x02, 0x40, 0x00, 0x00, 0x8f, 0x00, 0x00, 0x08, 0xf0, 0x00, 0x00, 0x8f,
    0x00, 0x00, 0x08, 0xf0, 0x00, 0x00, 0x8f, 0x00, 0x00, 0x08, 0xf0, 0x00, 0x00, 0x8f, 0x7f, 0x00,
    0x08, 0xf2, 0xf9, 0x14, 0xda, 0x06, 0xef, 0xfb, 0x10, 0x00, 0x21, 0x00, 0x32, 0x00, 0x03, 0x3b,
    0x80, 0x02, 0xf6, 0xb8, 0x00, 0x9d, 0x0b, 0x80, 0x2f, 0x60, 0xb8, 0x09, 0xd0, 0x0b, 0xff, 0xf6,
    0x00, 0xb9, 0x4d, 0x90, 0x0b, 0x80, 0x6f, 0x20, 0xb8, 0x00, 0xd9, 0x0b, 0x80, 0x06, 0xf2, 0xb8,
    0x00, 0x1e, 0x90, 0x14, 0x10, 0x00, 0x04, 0xf4, 0x00, 0x00, 0x4f, 0x40, 0x00, 0x04, 0xf4, 0x00,
    0x00, 0x4f, 0x40, 0x00, 0x04, 0xf4, 0x00, 0x00, 0x4f, 0x40, 0x00, 0x04, 0xf4, 0x00, 0x00, 0x4f,
    0x40, 0x00, 0x04, 0xf7, 0x44, 0x43, 0x4f, 0xff, 0xff, 0xb0, 0x04, 0x40, 0x02, 0x42, 0x0f, 0xe2,
    0x0a, 0xf8, 0x0f, 0xc6, 0x1e, 0xb8, 0x0f, 0x8a, 0x59, 0xb8, 0x0f, 0x5e, 0x96, 0xb8, 0x0f, 0x4a,
    0xf1, 0xb8, 0x0f, 0x44, 0x60, 0xb8, 0x0f, 0x40, 0x00, 0xb8, 0x0f, 0x40, 0x00, 0xb8, 0x0f, 0x40,
    0x00, 0xb8, 0x0f, 0x40, 0x00, 0xb8, 0x34, 0x00, 0x04, 0x1b, 0xf4, 0x00, 0xf4, 0xbf, 0x90, 0x0f,
    0x4b, 0xae, 0x00, 0xf4, 0xb8, 0xd5, 0x0f, 0x4b, 0x88, 0x90, 0xf4, 0xb8, 0x3f, 0x1f, 0x4b, 0x80,
    0xc6, 0xf4, 0xb8, 0x07, 0xaf, 0x4b, 0x80, 0x2f, 0xf4, 0xb8, 0x00, 0xcf, 0x40, 0x01, 0x44, 0x20,
    0x02, 0xdf, 0xef, 0x60, 0x9d, 0x10, 0x7f, 0x1b, 0x80, 0x04, 0xf4, 0xb8, 0x00, 0x4f, 0x4b, 0x80,
    0x04, 0xf4, 0xb8, 0x00, 0x4f, 0x4b, 0x80, 0x04, 0xf4, 0xb8, 0x00, 0x4f, 0x48, 0xe4, 0x29, 0xe0,
    0x1b, 0xff, 0xd3, 0x00, 0x01, 0x20, 0x00, 0x34, 0x44, 0x20, 0x0b, 0xff, 0xff, 0xa0, 0xb8, 0x00,
    0x4f, 0x7b, 0x80, 0x00, 0xbb, 0xb8, 0x00, 0x0c, 0xab, 0x94, 0x5a, 0xf5, 0xbd, 0xbb, 0xb5, 0x0b,
    0x80, 0x00, 0x00, 0xb8, 0x00, 0x00, 0x0b, 0x80, 0x00, 0x00, 0xb8, 0x00, 0x00, 0x00, 0x01, 0x44,
    0x20, 0x03, 0xef, 0xdf, 0x80, 0xac, 0x10, 0x7f, 0x2f, 0x80, 0x00, 0xf4, 0xf8, 0x00, 0x0f, 0x4f,
    0x80, 0x00, 0xf4, 0xf8, 0x00, 0x0f, 0x4f, 0x80, 0x00, 0xf4, 0xe8, 0x00, 0x1f, 0x49, 0xe4, 0x29,
    0xe1, 0x1b, 0xff, 0xe5, 0x00, 0x01, 0x8f, 0x40, 0x00, 0x00, 0xbc, 0x00, 0x00, 0x02, 0x82, 0x34,
    0x44, 0x10, 0x0b, 0xff, 0xff, 0x80, 0xb8, 0x00, 0x7f, 0x4b, 0x80, 0x00, 0xf8, 0xb8, 0x00, 0x1f,
    0x7b, 0xb8, 0x8d, 0xe1, 0xbd, 0xbe, 0xd2, 0x0b, 0x80, 0x7e, 0x10, 0xb8, 0x01, 0xe8, 0x0b, 0x80,
    0x08, 0xe1, 0xb8, 0x00, 0x2f, 0x70, 0x00, 0x14, 0x42, 0x00, 0x03, 0xef, 0xdf, 0x60, 0x0a, 0xc1,
    0x08, 0xf1, 0x0b, 0x80, 0x01, 0x41, 0x09, 0xe5, 0x00, 0x00, 0x01, 0xbf, 0xea, 0x30, 0x00, 0x03,
    0x7d, 0xe1, 0x00, 0x00, 0x01, 0xf6, 0x0b, 0x50, 0x00, 0xf8, 0x0b, 0xc3, 0x18, 0xf2, 0x02, 0xbf,
    0xfe, 0x60, 0x00, 0x01, 0x20, 0x00, 0x14, 0x44, 0x44, 0x43, 0x4f, 0xff, 0xff, 0xfb, 0x00, 0x08,
    0xf0, 0x00, 0x00, 0x08, 0xf0, 0x00, 0x00, 0x08, 0xf0, 0x00, 0x00, 0x08, 0xf0, 0x00, 0x00, 0x08,
    0xf0, 0x00, 0x00, 0x08, 0xf0, 0x00, 0x00, 0x08, 0xf0, 0x00, 0x00, 0x08, 0xf0, 0x00, 0x00, 0x08,
    0xf0, 0x00, 0x32, 0x00, 0x14, 0x1b, 0x80, 0x04, 0xf4, 0xb8, 0x00, 0x4f, 0x4b, 0x80, 0x04, 0xf4,
    0xb8, 0x00, 0x4f, 0x4b, 0x80, 0x04, 0xf4, 0xb8, 0x00, 0x4f, 0x4b, 0x80, 0x04, 0xf4, 0xb9, 0x00,
    0x4f, 0x48, 0xe4, 0x29, 0xe0, 0x1b, 0xff, 0xe5, 0x00, 0x01, 0x20, 0x00, 0x14, 0x00, 0x00, 0x33,
    0x3f, 0x40, 0x00, 0xc8, 0x0e, 0x80, 0x01, 0xf5, 0x0a, 0xb0, 0x05, 0xf1, 0x06, 0xf0, 0x08, 0xc0,
    0x02, 0xf4, 0x0c, 0x80, 0x00, 0xd8, 0x0f, 0x50, 0x00, 0x9b, 0x4f, 0x00, 0x00, 0x6f, 0x8b, 0x00,
    0x00, 0x2f, 0xe8, 0x00, 0x00, 0x0d, 0xf4, 0x00, 0x32, 0x02, 0x40, 0x04, 0x1a, 0x80, 0x8f, 0x02,
    0xf0, 0x8b, 0x0b, 0xf2, 0x4f, 0x08, 0xb0, 0xb9, 0x45, 0xb0, 0x4d, 0x0f, 0x86, 0x8b, 0x04, 0xf1,
    0xb7, 0x88, 0x80, 0x0f, 0x4b, 0x49, 0xa8, 0x00, 0xf8, 0x83, 0xbb, 0x50, 0x0c, 0xb8, 0x0d, 0xc4,
    0x00, 0xbb, 0x40, 0xff, 0x10, 0x09, 0xf3, 0x0b, 0xf0, 0x00, 0x14, 0x10, 0x00, 0x33, 0x1d, 0x90,
    0x02, 0xf5, 0x06, 0xf2, 0x0b, 0xb0, 0x00, 0xd9, 0x4f, 0x40, 0x00, 0x4f, 0xc9, 0x00, 0x00, 0x0b,
    0xf2, 0x00, 0x00, 0x1e, 0xf6, 0x00, 0x00, 0x8d, 0x8e, 0x10, 0x02, 0xe6, 0x1e, 0x80, 0x09, 0xd0,
    0x08, 0xe1, 0x4f, 0x50, 0x01, 0xe9, 0x24, 0x00, 0x00, 0x24, 0x4f, 0x40, 0x00, 0xc9, 0x0b, 0xb0,
    0x04, 0xf2, 0x04, 0xf3, 0x0b, 0x90, 0x00, 0xb9, 0x4f, 0x30, 0x00, 0x4f, 0xbb, 0x00, 0x00, 0x0d,
    0xf4, 0x00, 0x00, 0x08, 0xf0, 0x00, 0x00, 0x08, 0xf0, 0x00, 0x00, 0x08, 0xf0, 0x00, 0x00, 0x08,
    0xf0, 0x00, 0x34, 0x44, 0x44, 0x0b, 0xff, 0xff, 0xf0, 0x00, 0x00, 0x9d, 0x00, 0x00, 0x4f, 0x40,
    0x00, 0x0c, 0xa0, 0x00, 0x06, 0xf2, 0x00, 0x01, 0xe8, 0x00, 0x00, 0x8d, 0x10, 0x00, 0x2f, 0x50,
    0x00, 0x0a, 0xd4, 0x44, 0x41, 0xbf, 0xff, 0xff, 0x40, 0x28, 0x88, 0x24, 0xfc, 0xb3, 0x4f, 0x40,
    0x04, 0xf4, 0x00, 0x4f, 0x40, 0x04, 0xf4, 0x00, 0x4f, 0x40, 0x04, 0xf4, 0x00, 0x4f, 0x40, 0x04,
    0xf4, 0x00, 0x4f, 0x40, 0x04, 0xf4, 0x00, 0x4f, 0xcb, 0x32, 0x88, 0x82, 0x07, 0x50, 0x00, 0x00,
    0x09, 0xd0, 0x00, 0x00, 0x03, 0xf4, 0x00, 0x00, 0x00, 0xd9, 0x00, 0x00, 0x00, 0x7e, 0x10, 0x00,
    0x00, 0x1f, 0x60, 0x00, 0x00, 0x0a, 0xb0, 0x00, 0x00, 0x05, 0xf2, 0x00, 0x00, 0x00, 0xe8, 0x00,
    0x00, 0x00, 0x8d, 0x00, 0x00, 0x00, 0x3f, 0x40, 0x00, 0x00, 0x0c, 0x90, 0x00, 0x00, 0x07, 0xe1,
    0x00, 0x00, 0x01, 0x82, 0x88, 0x84, 0xbb, 0xe8, 0x00, 0xb8, 0x00, 0xb8, 0x00, 0xb8, 0x00, 0xb8,
    0x00, 0xb8, 0x00, 0xb8, 0x00, 0xb8, 0x00, 0xb8, 0x00, 0xb8, 0x00, 0xb8, 0xbb, 0xe8, 0x88, 0x84,
    0x00, 0x24, 0x00, 0x00, 0x0b, 0xf3, 0x00, 0x04, 0xe8, 0x90, 0x00, 0x98, 0x2f, 0x20, 0x2f, 0x20,
    0xa8, 0x09, 0x90, 0x04, 0xe1, 0x32, 0x00, 0x04, 0x10, 0x3b, 0xbb, 0xbb, 0xb6, 0x28, 0x88, 0x88,
    0x84, 0x6e, 0x30, 0x09, 0xc1, 0x00, 0x8b, 0xb9, 0x20, 0x08, 0xe7, 0x5c, 0xd0, 0x03, 0x30, 0x04,
    0xf3, 0x01, 0x7b, 0xbc, 0xf4, 0x0b, 0xc6, 0x47, 0xf4, 0x0f, 0x50, 0x04, 0xf4, 0x0e, 0xa1, 0x1a,
    0xf4, 0x06, 0xef, 0xe8, 0xf4, 0x00, 0x02, 0x00, 0x00, 0x32, 0x00, 0x00, 0x0b, 0x80, 0x00, 0x00,
    0xb8, 0x00, 0x00, 0x0b, 0x88, 0xba, 0x30, 0xbd, 0x86, 0xcd, 0x0b, 0xb0, 0x04, 0xf4, 0xb8, 0x00,
    0x4f, 0x4b, 0x80, 0x04, 0xf4, 0xb9, 0x00, 0x4f, 0x4b, 0xc4, 0x19, 0xf1, 0xb8, 0xcf, 0xf6, 0x00,
    0x00, 0x20, 0x00, 0x05, 0xbb, 0xa3, 0x05, 0xf8, 0x8b, 0xe1, 0xba, 0x00, 0x1b, 0x3b, 0x80, 0x00,
    0x00, 0xb8, 0x00, 0x00, 0x0b, 0x80, 0x00, 0x82, 0x8e, 0x51, 0x8f, 0x21, 0xaf, 0xfe, 0x60, 0x00,
    0x03, 0x00, 0x00, 0x00, 0x00, 0x14, 0x10, 0x00, 0x04, 0xf4, 0x00, 0x00, 0x4f, 0x40, 0x8b, 0xa7,
    0xf4, 0x8e, 0x86, 0xcf, 0x4b, 0x90, 0x05, 0xf4, 0xb8, 0x00, 0x4f, 0x4b, 0x80, 0x04, 0xf4, 0xb8,
    0x00, 0x4f, 0x49, 0xd3, 0x1a, 0xf4, 0x2c, 0xfe, 0x8f, 0x40, 0x02, 0x00, 0x00, 0x06, 0xbb, 0x91,
    0x07, 0xe6, 0x5c, 0xc0, 0xb8, 0x00, 0x2f, 0x4f, 0xb8, 0x88, 0xf4, 0xfb, 0x88, 0x88, 0x2c, 0x80,
    0x00, 0x00, 0x9d, 0x20, 0x8f, 0x21, 0xbf, 0xfe, 0x60, 0x00, 0x12, 0x00, 0x00, 0x00, 0x00, 0x24,
    0x42, 0x00, 0x08, 0xff, 0xf8, 0x00, 0x0f, 0x70, 0x00, 0x00, 0x0f, 0x40, 0x00, 0x3b, 0xbf, 0xcb,
    0xb6, 0x28, 0x8f, 0x98, 0x84, 0x00, 0x0f, 0x40, 0x00, 0x00, 0x0f, 0x40, 0x00, 0x00, 0x0f, 0x40,
    0x00, 0x00, 0x0f, 0x40, 0x00, 0x00, 0x0f, 0x40, 0x00, 0x08, 0xba, 0x6b, 0x38, 0xf8, 0x6c, 0xf4,
    0xb9, 0x00, 0x5f, 0x4b, 0x80, 0x04, 0xf4, 0xb8, 0x00, 0x4f, 0x4b, 0xb0, 0x07, 0xf4, 0x5f, 0xcb,
    0xcf, 0x40, 0x38, 0x64, 0xf4, 0x00, 0x00, 0x5f, 0x20, 0x8b, 0xbe, 0x90, 0x06, 0x88, 0x60, 0x00,
    0x32, 0x00, 0x00, 0x0b, 0x80, 0x00, 0x00, 0xb8, 0x00, 0x00, 0x0b, 0x88, 0xba, 0x30, 0xbc, 0x85,
    0xcd, 0x0b, 0xb0, 0x05, 0xf4, 0xb8, 0x00, 0x4f, 0x4b, 0x80, 0x04, 0xf4, 0xb8, 0x00, 0x4f, 0x4b,
    0x80, 0x04, 0xf4, 0xb8, 0x00, 0x4f, 0x40, 0x00, 0x5e, 0x50, 0x00, 0x06, 0xe5, 0x00, 0x00, 0x00,
    0x00, 0x06, 0xbb, 0xb3, 0x00, 0x48, 0x9f, 0x40, 0x00, 0x04, 0xf4, 0x00, 0x00, 0x4f, 0x40, 0x00,
    0x04, 0xf4, 0x00, 0x00, 0x4f, 0x40, 0x03, 0x47, 0xf7, 0x43, 0xbf, 0xff, 0xff, 0xb0, 0x00, 0x07,
    0xe3, 0x00, 0x08, 0xe4, 0x00, 0x00, 0x00, 0x8b, 0xbb, 0xb3, 0x68, 0x89, 0xf4, 0x00, 0x04, 0xf4,
    0x00, 0x04, 0xf4, 0x00, 0x04, 0xf4, 0x00, 0x04, 0xf4, 0x00, 0x04, 0xf4, 0x00, 0x04, 0xf4, 0x00,
    0x08, 0xf0, 0x8b, 0xcf, 0x80, 0x68, 0x84, 0x00, 0x33, 0x00, 0x00, 0x0b, 0xb0, 0x00, 0x00, 0xbb,
    0x00, 0x00, 0x0b, 0xb0, 0x01, 0xb6, 0xbb, 0x00, 0x8d, 0x1b, 0xb0, 0x4f, 0x50, 0xbd, 0x8d, 0xa0,
    0x0b, 0xeb, 0xea, 0x00, 0xbb, 0x05, 0xf4, 0x0b, 0xb0, 0x0a, 0xd1, 0xbb, 0x00, 0x2e, 0x80, 0x24,
    0x44, 0x20, 0x00, 0x8f, 0xff, 0x80, 0x00, 0x00, 0x0f, 0x80, 0x00, 0x00, 0x0f, 0x80, 0x00, 0x00,
    0x0f, 0x80, 0x00, 0x00, 0x0f, 0x80, 0x00, 0x00, 0x0f, 0x80, 0x00, 0x00, 0x0f, 0x80, 0x00, 0x00,
    0x0f, 0x80, 0x00, 0x00, 0x0d, 0xb4, 0x43, 0x00, 0x03, 0xdf, 0xfb, 0x3b, 0x8b, 0x4a, 0xa1, 0x4f,
    0x6a, 0xc4, 0xd8, 0x4f, 0x04, 0xb0, 0xb8, 0x4f, 0x04, 0xb0, 0xb8, 0x4f, 0x04, 0xb0, 0xb8, 0x4f,
    0x04, 0xb0, 0xb8, 0x4f, 0x04, 0xb0, 0xb8, 0x4f, 0x04, 0xb0, 0xb8, 0x86, 0x8b, 0xa3, 0x0b, 0xc8,
    0x5c, 0xd0, 0xbb, 0x00, 0x5f, 0x4b, 0x80, 0x04, 0xf4, 0xb8, 0x00, 0x4f, 0x4b, 0x80, 0x04, 0xf4,
    0xb8, 0x00, 0x4f, 0x4b, 0x80, 0x04, 0xf4, 0x06, 0xbb, 0x91, 0x07, 0xf8, 0x8c, 0xc0, 0xb9, 0x00,
    0x3f, 0x3e, 0x80, 0x00, 0xf4, 0xf8, 0x00, 0x0f, 0x4c, 0x80, 0x02, 0xf4, 0x9e, 0x52, 0x9e, 0x11,
    0xbf, 0xfd, 0x30, 0x00, 0x00, 0x00, 0x00, 0x86, 0x8b, 0xa3, 0x0b, 0xc8, 0x6c, 0xd0, 0xbb, 0x00,
    0x4f, 0x4b, 0x80, 0x04, 0xf4, 0xb8, 0x00, 0x4f, 0x4b, 0x90, 0x04, 0xf4, 0xbc, 0x41, 0x9f, 0x1b,
    0x8c, 0xff, 0x60, 0xb8, 0x02, 0x00, 0x0b, 0x80, 0x00, 0x00, 0x64, 0x00, 0x00, 0x00, 0x08, 0xba,
    0x6b, 0x38, 0xe8, 0x6c, 0xf4, 0xb8, 0x00, 0x5f, 0x4b, 0x80, 0x04, 0xf4, 0xb8, 0x00, 0x4f, 0x4b,
    0x80, 0x04, 0xf4, 0x9d, 0x21, 0xaf, 0x42, 0xcf, 0xe8, 0xf4, 0x00, 0x20, 0x4f, 0x40, 0x00, 0x04,
    0xf4, 0x00, 0x00, 0x28, 0x20, 0x6b, 0x5b, 0xb5, 0x08, 0xfa, 0x6a, 0xf3, 0x8f, 0x00, 0x0f, 0x88,
    0xf0, 0x00, 0xb6, 0x8f, 0x00, 0x00, 0x08, 0xf0, 0x00, 0x00, 0x8f, 0x00, 0x00, 0x08, 0xf0, 0x00,
    0x00, 0x18, 0xbb, 0xa3, 0x09, 0xe6, 0x4a, 0xe0, 0xb8, 0x00, 0x14, 0x18, 0xfb, 0x87, 0x10, 0x06,
    0x8b, 0xde, 0x14, 0x20, 0x02, 0xf4, 0xba, 0x10, 0x7f, 0x33, 0xdf, 0xff, 0x80, 0x00, 0x00, 0x00,
    0x00, 0x00, 0x3b, 0x30, 0x00, 0x00, 0x4f, 0x40, 0x00, 0x6b, 0xcf, 0xcb, 0xb3, 0x48, 0x9f, 0x98,
    0x82, 0x00, 0x4f, 0x40, 0x00, 0x00, 0x4f, 0x40, 0x00, 0x00, 0x4f, 0x40, 0x00, 0x00, 0x4f, 0x40,
    0x00, 0x00, 0x2f, 0x84, 0x41, 0x00, 0x07, 0xef, 0xf4, 0x86, 0x00, 0x3b, 0x3b, 0x80, 0x04, 0xf4,
    0xb8, 0x00, 0x4f, 0x4b, 0x80, 0x04, 0xf4, 0xb8, 0x00, 0x4f, 0x4b, 0x90, 0x04, 0xf4, 0x8e, 0x42,
    0xae, 0x01, 0xbf, 0xfd, 0x30, 0x00, 0x12, 0x00, 0x00, 0x2b, 0x30, 0x00, 0x97, 0x0d, 0x80, 0x02,
    0xf5, 0x08, 0xd0, 0x07, 0xe0, 0x03, 0xf3, 0x0c, 0x90, 0x00, 0xd8, 0x2f, 0x50, 0x00, 0x8d, 0x7e,
    0x00, 0x00, 0x3f, 0xc9, 0x00, 0x00, 0x0d, 0xf5, 0x00, 0x67, 0x06, 0xa0, 0x2b, 0x07, 0xb0, 0xaf,
    0x14, 0xc0, 0x4d, 0x0c, 0xa4, 0x7a, 0x01, 0xf0, 0xd8, 0x78, 0x80, 0x0f, 0x7b, 0x58, 0xb5, 0x00,
    0xb9, 0x83, 0xbd, 0x20, 0x09, 0xe6, 0x0e, 0xf0, 0x00, 0x8f, 0x40, 0xcb, 0x00, 0x0a, 0x80, 0x03,
    0xb4, 0x05, 0xf3, 0x0b, 0xb0, 0x00, 0xac, 0x7e, 0x20, 0x00, 0x1e, 0xf7, 0x00, 0x00, 0x1d, 0xf5,
    0x00, 0x00, 0x9d, 0x8e, 0x10, 0x05, 0xf4, 0x0c, 0xb0, 0x1e, 0x80, 0x03, 0xf7, 0x2b, 0x40, 0x00,
    0x97, 0x0c, 0x90, 0x03, 0xf4, 0x07, 0xe1, 0x08, 0xd0, 0x01, 0xf6, 0x0d, 0x80, 0x00, 0x9c, 0x4f,
    0x20, 0x00, 0x4f, 0xac, 0x00, 0x00, 0x0d, 0xf6, 0x00, 0x00, 0x08, 0xf1, 0x00, 0x00, 0x0c, 0x90,
    0x00, 0x00, 0x2f, 0x50, 0x00, 0x00, 0x48, 0x00, 0x00, 0x8b, 0xbb, 0xbb, 0x06, 0x88, 0x8c, 0xe0,
    0x00, 0x06, 0xf5, 0x00, 0x03, 0xe7, 0x00, 0x01, 0xe9, 0x00, 0x01, 0xcc, 0x00, 0x00, 0x8e, 0x54,
    0x44, 0x1b, 0xff, 0xff, 0xf4, 0x00, 0x02, 0x88, 0x00, 0x01, 0xed, 0xb0, 0x00, 0x4f, 0x40, 0x00,
    0x02, 0xf4, 0x00, 0x00, 0x0f, 0x40, 0x00, 0x00, 0xf6, 0x00, 0xbb, 0xb9, 0x10, 0x08, 0x8b, 0xc1,
    0x00, 0x00, 0x0f, 0x70, 0x00, 0x00, 0xf4, 0x00, 0x00, 0x3f, 0x40, 0x00, 0x04, 0xf4, 0x00, 0x00,
    0x0d, 0xeb, 0x00, 0x00, 0x17, 0x80, 0x48, 0x8f, 0x8f, 0x8f, 0x8f, 0x8f, 0x8f, 0x8f, 0x8f, 0x8f,
    0x8f, 0x8f, 0x8f, 0x48, 0x68, 0x50, 0x00, 0x08, 0xbf, 0x60, 0x00, 0x00, 0xc8, 0x00, 0x00, 0x0d,
    0x80, 0x00, 0x00, 0xf5, 0x00, 0x00, 0x1f, 0x40, 0x00, 0x00, 0x8c, 0xbb, 0x60, 0x0a, 0xd8, 0x84,
    0x02, 0xf4, 0x00, 0x00, 0x0f, 0x60, 0x00, 0x00, 0xd8, 0x00, 0x00, 0x0c, 0x80, 0x00, 0x8c, 0xf5,
    0x00, 0x06, 0x84, 0x00, 0x00, 0x01, 0x74, 0x00, 0x32, 0x0c, 0xce, 0x80, 0xb8, 0x0f, 0x43, 0xf9,
    0xe5, 0x08, 0x20, 0x48, 0x60, 0x8b, 0x2b, 0xe2, 0x00, 0x06, 0x80, 0x8b, 0x08, 0xc0, 0x8f, 0x08,
    0xf0, 0x8f, 0x08, 0xf0, 0x48, 0x00, 0x00, 0x38, 0x00, 0x00, 0x04, 0xb0, 0x00, 0x05, 0xce, 0xa3,
    0x05, 0xfa, 0xdc, 0xe1, 0xb9, 0x4b, 0x1b, 0x3b, 0x84, 0xb0, 0x00, 0xb8, 0x4b, 0x00, 0x0b, 0x84,
    0xb0, 0x82, 0x8e, 0x8c, 0x8f, 0x21, 0xaf, 0xfe, 0x60, 0x00, 0x4b, 0x00, 0x00, 0x04, 0xb0, 0x00,
    0x01, 0x44, 0x20, 0x03, 0xef, 0xdf, 0x80, 0xab, 0x10, 0x7f, 0x2b, 0x80, 0x01, 0x41, 0x8d, 0x10,
    0x00, 0x08, 0xfa, 0x88, 0x00, 0xbd, 0xfb, 0xb0, 0x00, 0x8e, 0x00, 0x00, 0x1d, 0x80, 0x00, 0x0c,
    0xc5, 0x44, 0x42, 0xff, 0xff, 0xff, 0x80, 0x19, 0x10, 0x00, 0x63, 0x1c, 0xde, 0xfc, 0xf6, 0x06,
    0xd2, 0x09, 0xc0, 0x0a, 0x80, 0x01, 0xf0, 0x08, 0x80, 0x02, 0xe0, 0x07, 0xf8, 0x8d, 0xd1, 0x2f,
    0x78, 0x86, 0xc9, 0x02, 0x00, 0x00, 0x11, 0x24, 0x00, 0x00, 0x24, 0x4f, 0x40, 0x00, 0xc9, 0x0b,
    0xb0, 0x04, 0xf2, 0x04, 0xf3, 0x0b, 0x90, 0x00, 0xb9, 0x4f, 0x20, 0x00, 0x4f, 0xbb, 0x00, 0x3b,
    0xbf, 0xfd, 0xb6, 0x14, 0x49, 0xf4, 0x42, 0x3b, 0xbd, 0xfb, 0xb6, 0x14, 0x49, 0xf4, 0x42, 0x00,
    0x08, 0xf0, 0x00, 0x48, 0x8f, 0x8f, 0x8f, 0x8f, 0x6b, 0x00, 0x00, 0x6b, 0x8f, 0x8f, 0x8f, 0x8f,
    0x48, 0x02, 0x44, 0x40, 0x05, 0xfd, 0xbf, 0xb0, 0xba, 0x00, 0x4b, 0x3a, 0xb0, 0x00, 0x00, 0x3d,
    0xeb, 0x81, 0x05, 0xd5, 0x8c, 0xd1, 0xb8, 0x00, 0x1f, 0x4b, 0xb0, 0x02, 0xf3, 0x3e, 0xdb, 0xc6,
    0x00, 0x15, 0x8d, 0xe1, 0x00, 0x00, 0x1f, 0x6e, 0xa1, 0x05, 0xf4, 0x6e, 0xff, 0xf8, 0x00, 0x03,
    0x40, 0x00, 0x2e, 0x51, 0xd8, 0x2e, 0x51, 0xd8, 0x00, 0x14, 0x43, 0x00, 0x06, 0xb7, 0x59, 0x90,
    0x1b, 0x06, 0x82, 0x77, 0x48, 0x6c, 0x6d, 0x0b, 0x48, 0x88, 0x04, 0x0b, 0x48, 0x88, 0x00, 0x0b,
    0x48, 0x6a, 0x5e, 0x0b, 0x2b, 0x07, 0x83, 0x68, 0x06, 0xb5, 0x48, 0xa1, 0x00, 0x27, 0x84, 0x00,
    0x03, 0x41, 0x28, 0x5c, 0x3a, 0xbe, 0x84, 0x1d, 0x3a, 0x88, 0x00, 0x04, 0x20, 0x33, 0x00, 0x9d,
    0x14, 0xf5, 0x06, 0xe3, 0x1e, 0x80, 0x3e, 0x60, 0xca, 0x00, 0x5f, 0x41, 0xd9, 0x00, 0x08, 0xe2,
    0x3e, 0x60, 0x00, 0xbc, 0x16, 0xf3, 0x00, 0x18, 0x30, 0x76, 0x48, 0x88, 0x88, 0x6b, 0xbb, 0xcf,
    0x00, 0x00, 0x4f, 0x00, 0x00, 0x28, 0x04, 0x44, 0x42, 0x0f, 0xff, 0xf8, 0x00, 0x14, 0x43, 0x00,
    0x06, 0xb7, 0x59, 0x90, 0x1b, 0x28, 0x61, 0x77, 0x48, 0x49, 0x6b, 0x0b, 0x48, 0x49, 0x5d, 0x0b,
    0x48, 0x4b, 0xc5, 0x0b, 0x48, 0x48, 0x68, 0x0b, 0x2b, 0x24, 0x07, 0x68, 0x06, 0xb5, 0x48, 0xa1,
    0x00, 0x27, 0x84, 0x00, 0x08, 0x88, 0x84, 0x0b, 0xbb, 0xb6, 0x03, 0x41, 0x08, 0xa8, 0xe1, 0xe1,
    0x0b, 0x4b, 0x62, 0xd3, 0x3a, 0xb5, 0x00, 0x00, 0x08, 0xf0, 0x00, 0x00, 0x08, 0xf0, 0x00, 0x04,
    0x49, 0xf4, 0x42, 0x0f, 0xff, 0xff, 0xf8, 0x00, 0x08, 0xf0, 0x00, 0x00, 0x08, 0xf0, 0x00, 0x00,
    0x08, 0xf0, 0x00, 0x0f, 0xff, 0xff, 0xf8, 0x18, 0xa5, 0x0b, 0x85, 0xe3, 0x40, 0x0b, 0x60, 0x07,
    0xc1, 0x09, 0xb1, 0x09, 0xc4, 0x42, 0x8b, 0xbb, 0x60, 0x06, 0x88, 0x82, 0x03, 0x47, 0xd2, 0x00,
    0x3d, 0x30, 0x00, 0x28, 0xd2, 0x04, 0x00, 0x88, 0x0d, 0x75, 0xd4, 0x03, 0x9b, 0x50, 0x0a, 0xb0,
    0x7d, 0x10, 0x88, 0x00, 0x3b, 0x3b, 0xb0, 0x04, 0xf4, 0xbb, 0x00, 0x4f, 0x4b, 0xb0, 0x04, 0xf4,
    0xbb, 0x00, 0x4f, 0x4b, 0xb0, 0x04, 0xf4, 0xbc, 0x41, 0xaf, 0x4b, 0xae, 0xfb, 0xf4, 0xbb, 0x02,
    0x00, 0x0b, 0xb0, 0x00, 0x00, 0x66, 0x00, 0x00, 0x00, 0x00, 0x14, 0x30, 0x41, 0x06, 0xff, 0xb0,
    0xf4, 0x0f, 0xff, 0xb0, 0xf4, 0x0f, 0xff, 0xb0, 0xf4, 0x0f, 0xff, 0xb0, 0xf4, 0x0b, 0xff, 0xb0,
    0xf4, 0x01, 0x7d, 0xb0, 0xf4, 0x00, 0x08, 0xb0, 0xf4, 0x00, 0x08, 0xb0, 0xf4, 0x00, 0x08, 0xb0,
    0xf4, 0x00, 0x08, 0xb0, 0xf4, 0x00, 0x08, 0xb0, 0xf4, 0x00, 0x08, 0xb0, 0xf4, 0x00, 0x04, 0x60,
    0x82, 0xae, 0x2e, 0xf6, 0x24, 0x00, 0x02, 0x10, 0x0c, 0x81, 0x00, 0x9a, 0x4f, 0xc6, 0x07, 0x82,
    0x0a, 0x9f, 0x40, 0x20, 0xf4, 0x00, 0x0f, 0x40, 0x00, 0xf4, 0x04, 0x4f, 0x73, 0xbb, 0xbb, 0x80,
    0x03, 0x40, 0x49, 0x69, 0x84, 0x0b, 0x76, 0x1b, 0x19, 0x93, 0x24, 0x10, 0x42, 0x00, 0x01, 0xc9,
    0x08, 0xe1, 0x00, 0x03, 0xe6, 0x0c, 0xb0, 0x00, 0x05, 0xf3, 0x1e, 0x80, 0x00, 0x3f, 0x51, 0xca,
    0x00, 0x1e, 0x80, 0x9c, 0x10, 0x0b, 0xb0, 0x7e, 0x30, 0x03, 0x81, 0x18, 0x50, 0x00, 0x02, 0x40,
    0x00, 0x04, 0x12, 0xdf, 0x00, 0x07, 0xc0, 0x21, 0xf0, 0x02, 0xe3, 0x00, 0x0f, 0x00, 0xb8, 0x00,
    0x48, 0xf8, 0x9c, 0x00, 0x02, 0x44, 0x7e, 0x20, 0x00, 0x00, 0x0c, 0x71, 0x70, 0x00, 0x08, 0xb0,
    0xb4, 0x00, 0x04, 0xe1, 0x88, 0x48, 0x01, 0xd5, 0x0b, 0xcc, 0x80, 0x8a, 0x00, 0x00, 0x48, 0x00,
    0x02, 0x40, 0x00, 0x04, 0x12, 0xdf, 0x00, 0x07, 0xc0, 0x21, 0xf0, 0x02, 0xe3, 0x00, 0x0f, 0x00,
    0xb8, 0x00, 0x48, 0xf8, 0xac, 0x00, 0x02, 0x44, 0x7e, 0x20, 0x00, 0x00, 0x0c, 0x87, 0x83, 0x00,
    0x08, 0xb7, 0x84, 0xd0, 0x04, 0xe1, 0x00, 0x3b, 0x01, 0xd5, 0x01, 0x89, 0x10, 0x8a, 0x00, 0x8e,
    0xbb, 0x00, 0x14, 0x43, 0x00, 0x04, 0x12, 0x8b, 0x90, 0x07, 0xc0, 0x03, 0xe2, 0x02, 0xe3, 0x00,
    0x15, 0xd0, 0xb8, 0x00, 0x89, 0x6c, 0x8c, 0x00, 0x00, 0x56, 0x4e, 0x20, 0x00, 0x00, 0x0c, 0x71,
    0x70, 0x00, 0x08, 0xb0, 0xb4, 0x00, 0x04, 0xe1, 0x88, 0x48, 0x01, 0xd5, 0x0b, 0xcc, 0x80, 0x8a,
    0x00, 0x00, 0x48, 0x00, 0x00, 0x1a, 0xa0, 0x00, 0x2e, 0xc0, 0x00, 0x00, 0x00, 0x00, 0x08, 0x60,
    0x00, 0x3c, 0x80, 0x09, 0xfc, 0x60, 0x5f, 0x40, 0x00, 0x8f, 0x00, 0x00, 0x5f, 0x40, 0x00, 0x0a,
    0xfb, 0xb8, 0x00, 0x58, 0x86, 0x00, 0x33, 0x00, 0x00, 0x00, 0x5f, 0x30, 0x00, 0x00, 0x06, 0xa0,
    0x00, 0x00, 0x03, 0x41, 0x00, 0x00, 0x0d, 0xf5, 0x00, 0x00, 0x2f, 0xb8, 0x00, 0x00, 0x7d, 0x8c,
    0x00, 0x00, 0xa9, 0x4f, 0x10, 0x00, 0xe6, 0x0f, 0x50, 0x03, 0xf2, 0x0b, 0x90, 0x07, 0xfb, 0xbd,
    0xd0, 0x0a, 0xb4, 0x47, 0xf2, 0x0e, 0x70, 0x00, 0xf6, 0x4f, 0x30, 0x00, 0xb9, 0x00, 0x00, 0x14,
    0x10, 0x00, 0x00, 0xc9, 0x00, 0x00, 0x06, 0xa1, 0x00, 0x00, 0x03, 0x41, 0x00, 0x00, 0x0d, 0xf5,
    0x00, 0x00, 0x2f, 0xb8, 0x00, 0x00, 0x7d, 0x8c, 0x00, 0x00, 0xa9, 0x4f, 0x10, 0x00, 0xe6, 0x0f,
    0x50, 0x03, 0xf2, 0x0b, 0x90, 0x07, 0xfb, 0xbd, 0xd0, 0x0a, 0xb4, 0x47, 0xf2, 0x0e, 0x70, 0x00,
    0xf6, 0x4f, 0x30, 0x00, 0xb9, 0x00, 0x02, 0x40, 0x00, 0x00, 0x3e, 0xd9, 0x00, 0x01, 0xa6, 0x1a,
    0x60, 0x00, 0x03, 0x41, 0x00, 0x00, 0x0d, 0xf5, 0x00, 0x00, 0x2f, 0xb8, 0x00, 0x00, 0x7d, 0x8c,
    0x00, 0x00, 0xa9, 0x4f, 0x10, 0x00, 0xe6, 0x0f, 0x50, 0x03, 0xf2, 0x0b, 0x90, 0x07, 0xfb, 0xbd,
    0xd0, 0x0a, 0xb4, 0x47, 0xf2, 0x0e, 0x70, 0x00, 0xf6, 0x4f, 0x30, 0x00, 0xb9, 0x00, 0x24, 0x02,
    0x20, 0x00, 0xec, 0x9a, 0x70, 0x00, 0x60, 0x78, 0x10, 0x00, 0x03, 0x41, 0x00, 0x00, 0x0d, 0xf5,
    0x00, 0x00, 0x2f, 0xb8, 0x00, 0x00, 0x7d, 0x8c, 0x00, 0x00, 0xa9, 0x4f, 0x10, 0x00, 0xe6, 0x0f,
    0x50, 0x03, 0xf2, 0x0b, 0x90, 0x07, 0xfb, 0xbd, 0xd0, 0x0a, 0xb4, 0x47, 0xf2, 0x0e, 0x70, 0x00,
    0xf6, 0x4f, 0x30, 0x00, 0xb9, 0x00, 0x41, 0x03, 0x10, 0x04, 0xf8, 0x2f, 0xa0, 0x01, 0x83, 0x07,
    0x40, 0x00, 0x03, 0x41, 0x00, 0x00, 0x0d, 0xf5, 0x00, 0x00, 0x2f, 0xb8, 0x00, 0x00, 0x7d, 0x8c,
    0x00, 0x00, 0xa9, 0x4f, 0x10, 0x00, 0xe6, 0x0f, 0x50, 0x03, 0xf2, 0x0b, 0x90, 0x07, 0xfb, 0xbd,
    0xd0, 0x0a, 0xb4, 0x47, 0xf2, 0x0e, 0x70, 0x00, 0xf6, 0x4f, 0x30, 0x00, 0xb9, 0x00, 0x2c, 0xc6,
    0x00, 0x00, 0x87, 0x1e, 0x00, 0x00, 0x5c, 0x8a, 0x00, 0x00, 0x06, 0x81, 0x00, 0x00, 0x0d, 0xf5,
    0x00, 0x00, 0x2f, 0xb8, 0x00, 0x00, 0x7d, 0x8c, 0x00, 0x00, 0xa9, 0x4f, 0x10, 0x00, 0xe6, 0x0f,
    0x50, 0x03, 0xf2, 0x0b, 0x90, 0x07, 0xfb, 0xbd, 0xd0, 0x0a, 0xb4, 0x47, 0xf2, 0x0e, 0x70, 0x00,
    0xf6, 0x4f, 0x30, 0x00, 0xb9, 0x00, 0x34, 0x44, 0x44, 0x00, 0x0b, 0xff, 0xff, 0xf0, 0x00, 0xf5,
    0xb8, 0x00, 0x00, 0x3f, 0x3b, 0x80, 0x00, 0x06, 0xf0, 0xb8, 0x00, 0x00, 0x8b, 0x0b, 0xff, 0xb0,
    0x0b, 0x80, 0xb9, 0x43, 0x00, 0xff, 0xff, 0x80, 0x00, 0x2f, 0x74, 0xc8, 0x00, 0x05, 0xf0, 0x0b,
    0x94, 0x40, 0x8c, 0x00, 0xbf, 0xff, 0x00, 0x00, 0x44, 0x30, 0x01, 0xcf, 0xef, 0x90, 0x9d, 0x10,
    0x6f, 0x3b, 0x90, 0x00, 0x82, 0xb8, 0x00, 0x00, 0x0b, 0x80, 0x00, 0x00, 0xb8, 0x00, 0x00, 0x0b,
    0x80, 0x00, 0x00, 0xb9, 0x00, 0x0b, 0x38, 0xe5, 0x19, 0xf2, 0x19, 0xff, 0xe6, 0x00, 0x0a, 0xa1,
    0x00, 0x00, 0x08, 0xc0, 0x00, 0x0f, 0xd6, 0x00, 0x03, 0x30, 0x00, 0x00, 0x3e, 0x60, 0x00, 0x00,
    0x6a, 0x10, 0x03, 0x44, 0x44, 0x41, 0xbf, 0xff, 0xff, 0x4b, 0xb0, 0x00, 0x00, 0xbb, 0x00, 0x00,
    0x0b, 0xb0, 0x00, 0x00, 0xbf, 0xff, 0xfb, 0x0b, 0xc4, 0x44, 0x30, 0xbb, 0x00, 0x00, 0x0b, 0xb0,
    0x00, 0x00, 0xbc, 0x44, 0x44, 0x1b, 0xff, 0xff, 0xf4, 0x00, 0x01, 0x41, 0x00, 0x00, 0xac, 0x00,
    0x00, 0x4b, 0x10, 0x03, 0x44, 0x44, 0x41, 0xbf, 0xff, 0xff, 0x4b, 0xb0, 0x00, 0x00, 0xbb, 0x00,
    0x00, 0x0b, 0xb0, 0x00, 0x00, 0xbf, 0xff, 0xfb, 0x0b, 0xc4, 0x44, 0x30, 0xbb, 0x00, 0x00, 0x0b,
    0xb0, 0x00, 0x00, 0xbc, 0x44, 0x44, 0x1b, 0xff, 0xff, 0xf4, 0x00, 0x24, 0x10, 0x00, 0x3e, 0xcc,
    0x10, 0x1a, 0x60, 0x88, 0x03, 0x44, 0x44, 0x41, 0xbf, 0xff, 0xff, 0x4b, 0xb0, 0x00, 0x00, 0xbb,
    0x00, 0x00, 0x0b, 0xb0, 0x00, 0x00, 0xbf, 0xff, 0xfb, 0x0b, 0xc4, 0x44, 0x30, 0xbb, 0x00, 0x00,
    0x0b, 0xb0, 0x00, 0x00, 0xbc, 0x44, 0x44, 0x1b, 0xff, 0xff, 0xf4, 0x03, 0x10, 0x32, 0x03, 0xfa,
    0x0f, 0xb0, 0x08, 0x40, 0x75, 0x03, 0x44, 0x44, 0x41, 0xbf, 0xff, 0xff, 0x4b, 0xb0, 0x00, 0x00,
    0xbb, 0x00, 0x00, 0x0b, 0xb0, 0x00, 0x00, 0xbf, 0xff, 0xfb, 0x0b, 0xc4, 0x44, 0x30, 0xbb, 0x00,
    0x00, 0x0b, 0xb0, 0x00, 0x00, 0xbc, 0x44, 0x44, 0x1b, 0xff, 0xff, 0xf4, 0x03, 0x30, 0x00, 0x05,
    0xf3, 0x00, 0x00, 0x6a, 0x00, 0x24, 0x44, 0x44, 0x8f, 0xff, 0xff, 0x00, 0x8f, 0x00, 0x00, 0x8f,
    0x00, 0x00, 0x8f, 0x00, 0x00, 0x8f, 0x00, 0x00, 0x8f, 0x00, 0x00, 0x8f, 0x00, 0x00, 0x8f, 0x00,
    0x24, 0x9f, 0x44, 0x8f, 0xff, 0xff, 0x00, 0x01, 0x41, 0x00, 0x0c, 0x90, 0x00, 0x6a, 0x10, 0x24,
    0x44, 0x44, 0x8f, 0xff, 0xff, 0x00, 0x8f, 0x00, 0x00, 0x8f, 0x00, 0x00, 0x8f, 0x00, 0x00, 0x8f,
    0x00, 0x00, 0x8f, 0x00, 0x00, 0x8f, 0x00, 0x00, 0x8f, 0x00, 0x24, 0x9f, 0x44, 0x8f, 0xff, 0xff,
    0x00, 0x24, 0x00, 0x03, 0xed, 0x90, 0x1a, 0x61, 0xa6, 0x24, 0x44, 0x44, 0x8f, 0xff, 0xff, 0x00,
    0x8f, 0x00, 0x00, 0x8f, 0x00, 0x00, 0x8f, 0x00, 0x00, 0x8f, 0x00, 0x00, 0x8f, 0x00, 0x00, 0x8f,
    0x00, 0x00, 0x8f, 0x00, 0x24, 0x9f, 0x44, 0x8f, 0xff, 0xff, 0x04, 0x10, 0x31, 0x4f, 0x82, 0xfa,
    0x18, 0x30, 0x74, 0x24, 0x44, 0x44, 0x8f, 0xff, 0xff, 0x00, 0x8f, 0x00, 0x00, 0x8f, 0x00, 0x00,
    0x8f, 0x00, 0x00, 0x8f, 0x00, 0x00, 0x8f, 0x00, 0x00, 0x8f, 0x00, 0x00, 0x8f, 0x00, 0x24, 0x9f,
    0x44, 0x8f, 0xff, 0xff, 0x03, 0x44, 0x40, 0x00, 0x0b, 0xff, 0xfd, 0x30, 0x0b, 0x80, 0x19, 0xe0,
    0x0b, 0x80, 0x04, 0xf4, 0x0b, 0x80, 0x04, 0xf4, 0x8e, 0xdb, 0x04, 0xf4, 0x3c, 0x94, 0x04, 0xf4,
    0x0b, 0x80, 0x04, 0xf4, 0x0b, 0x80, 0x04, 0xf3, 0x0b, 0x94, 0x5c, 0xc0, 0x0b, 0xff, 0xfa, 0x20,
    0x02, 0x40, 0x22, 0x00, 0xec, 0x9a, 0x70, 0x06, 0x07, 0x81, 0x03, 0x40, 0x00, 0x41, 0xbf, 0x40,
    0x0f, 0x4b, 0xf9, 0x00, 0xf4, 0xba, 0xe0, 0x0f, 0x4b, 0x8d, 0x50, 0xf4, 0xb8, 0x89, 0x0f, 0x4b,
    0x83, 0xf1, 0xf4, 0xb8, 0x0c, 0x6f, 0x4b, 0x80, 0x7a, 0xf4, 0xb8, 0x02, 0xff, 0x4b, 0x80, 0x0c,
    0xf4, 0x03, 0x30, 0x00, 0x00, 0x5f, 0x30, 0x00, 0x00, 0x6a, 0x00, 0x00, 0x14, 0x42, 0x00, 0x2d,
    0xfe, 0xf6, 0x09, 0xd1, 0x07, 0xf1, 0xb8, 0x00, 0x4f, 0x4b, 0x80, 0x04, 0xf4, 0xb8, 0x00, 0x4f,
    0x4b, 0x80, 0x04, 0xf4, 0xb8, 0x00, 0x4f, 0x4b, 0x80, 0x04, 0xf4, 0x8e, 0x42, 0x9e, 0x01, 0xbf,
    0xfd, 0x30, 0x00, 0x12, 0x00, 0x00, 0x00, 0x01, 0x41, 0x00, 0x00, 0xc9, 0x00, 0x00, 0x6a, 0x10,
    0x00, 0x14, 0x42, 0x00, 0x2d, 0xfe, 0xf6, 0x09, 0xd1, 0x07, 0xf1, 0xb8, 0x00, 0x4f, 0x4b, 0x80,
    0x04, 0xf4, 0xb8, 0x00, 0x4f, 0x4b, 0x80, 0x04, 0xf4, 0xb8, 0x00, 0x4f, 0x4b, 0x80, 0x04, 0xf4,
    0x8e, 0x42, 0x9e, 0x01, 0xbf, 0xfd, 0x30, 0x00, 0x12, 0x00, 0x00, 0x00, 0x24, 0x00, 0x00, 0x3e,
    0xd9, 0x00, 0x1a, 0x61, 0xa6, 0x00, 0x14, 0x42, 0x00, 0x2d, 0xfe, 0xf6, 0x09, 0xd1, 0x07, 0xf1,
    0xb8, 0x00, 0x4f, 0x4b, 0x80, 0x04, 0xf4, 0xb8, 0x00, 0x4f, 0x4b, 0x80, 0x04, 0xf4, 0xb8, 0x00,
    0x4f, 0x4b, 0x80, 0x04, 0xf4, 0x8e, 0x42, 0x9e, 0x01, 0xbf, 0xfd, 0x30, 0x00, 0x12, 0x00, 0x00,
    0x02, 0x40, 0x22, 0x00, 0xec, 0x9a, 0x70, 0x06, 0x07, 0x81, 0x00, 0x14, 0x42, 0x00, 0x2d, 0xfe,
    0xf6, 0x09, 0xd1, 0x07, 0xf1, 0xb8, 0x00, 0x4f, 0x4b, 0x80, 0x04, 0xf4, 0xb8, 0x00, 0x4f, 0x4b,
    0x80, 0x04, 0xf4, 0xb8, 0x00, 0x4f, 0x4b, 0x80, 0x04, 0xf4, 0x8e, 0x42, 0x9e, 0x01, 0xbf, 0xfd,
    0x30, 0x00, 0x12, 0x00, 0x00, 0x04, 0x10, 0x31, 0x04, 0xf8, 0x2f, 0xa0, 0x18, 0x30, 0x74, 0x00,
    0x14, 0x42, 0x00, 0x2d, 0xfe, 0xf6, 0x09, 0xd1, 0x07, 0xf1, 0xb8, 0x00, 0x4f, 0x4b, 0x80, 0x04,
    0xf4, 0xb8, 0x00, 0x4f, 0x4b, 0x80, 0x04, 0xf4, 0xb8, 0x00, 0x4f, 0x4b, 0x80, 0x04, 0xf4, 0x8e,
    0x42, 0x9e, 0x01, 0xbf, 0xfd, 0x30, 0x00, 0x12, 0x00, 0x00, 0x02, 0x00, 0x02, 0x6e, 0x31, 0xbb,
    0x09, 0xec, 0xc1, 0x00, 0xdf, 0x40, 0x09, 0xc9, 0xe3, 0x4c, 0x10, 0x9b, 0x00, 0x00, 0x01, 0x00,
    0x14, 0x42, 0x37, 0x02, 0xef, 0xef, 0xe6, 0x09, 0xd1, 0x09, 0xf1, 0x0b, 0x80, 0x1e, 0xf4, 0x0b,
    0x80, 0x8d, 0xf4, 0x0b, 0x82, 0xf6, 0xf4, 0x0b, 0x8a, 0x84, 0xf4, 0x0b, 0xbe, 0x14, 0xf4, 0x0b,
    0xf7, 0x04, 0xf4, 0x09, 0xf4, 0x29, 0xe0, 0x1d, 0xcf, 0xfd, 0x40, 0x37, 0x01, 0x20, 0x00, 0x03,
    0x30, 0x00, 0x00, 0x5f, 0x30, 0x00, 0x00, 0x6a, 0x00, 0x03, 0x20, 0x01, 0x41, 0xb8, 0x00, 0x4f,
    0x4b, 0x80, 0x04, 0xf4, 0xb8, 0x00, 0x4f, 0x4b, 0x80, 0x04, 0xf4, 0xb8, 0x00, 0x4f, 0x4b, 0x80,
    0x04, 0xf4, 0xb8, 0x00, 0x4f, 0x4b, 0x90, 0x04, 0xf4, 0x8e, 0x42, 0x9e, 0x01, 0xbf, 0xfe, 0x50,
    0x00, 0x12, 0x00, 0x00, 0x00, 0x01, 0x41, 0x00, 0x00, 0xc9, 0x00, 0x00, 0x6a, 0x10, 0x03, 0x20,
    0x01, 0x41, 0xb8, 0x00, 0x4f, 0x4b, 0x80, 0x04, 0xf4, 0xb8, 0x00, 0x4f, 0x4b, 0x80, 0x04, 0xf4,
    0xb8, 0x00, 0x4f, 0x4b, 0x80, 0x04, 0xf4, 0xb8, 0x00, 0x4f, 0x4b, 0x90, 0x04, 0xf4, 0x8e, 0x42,
    0x9e, 0x01, 0xbf, 0xfe, 0x50, 0x00, 0x12, 0x00, 0x00, 0x00, 0x24, 0x00, 0x00, 0x3e, 0xd9, 0x00,
    0x1a, 0x61, 0xa6, 0x03, 0x20, 0x01, 0x41, 0xb8, 0x00, 0x4f, 0x4b, 0x80, 0x04, 0xf4, 0xb8, 0x00,
    0x4f, 0x4b, 0x80, 0x04, 0xf4, 0xb8, 0x00, 0x4f, 0x4b, 0x80, 0x04, 0xf4, 0xb8, 0x00, 0x4f, 0x4b,
    0x90, 0x04, 0xf4, 0x8e, 0x42, 0x9e, 0x01, 0xbf, 0xfe, 0x50, 0x00, 0x12, 0x00, 0x00, 0x04, 0x10,
    0x31, 0x04, 0xf8, 0x2f, 0xa0, 0x18, 0x30, 0x74, 0x03, 0x20, 0x01, 0x41, 0xb8, 0x00, 0x4f, 0x4b,
    0x80, 0x04, 0xf4, 0xb8, 0x00, 0x4f, 0x4b, 0x80, 0x04, 0xf4, 0xb8, 0x00, 0x4f, 0x4b, 0x80, 0x04,
    0xf4, 0xb8, 0x00, 0x4f, 0x4b, 0x90, 0x04, 0xf4, 0x8e, 0x42, 0x9e, 0x01, 0xbf, 0xfe, 0x50, 0x00,
    0x12, 0x00, 0x00, 0x00, 0x00, 0x14, 0x10, 0x00, 0x00, 0xc9, 0x00, 0x00, 0x06, 0xa1, 0x00, 0x24,
    0x00, 0x00, 0x24, 0x4f, 0x40, 0x00, 0xc9, 0x0b, 0xb0, 0x04, 0xf2, 0x04, 0xf3, 0x0b, 0x90, 0x00,
    0xb9, 0x4f, 0x30, 0x00, 0x4f, 0xbb, 0x00, 0x00, 0x0d, 0xf4, 0x00, 0x00, 0x08, 0xf0, 0x00, 0x00,
    0x08, 0xf0, 0x00, 0x00, 0x08, 0xf0, 0x00, 0x00, 0x08, 0xf0, 0x00, 0x32, 0x00, 0x00, 0x0b, 0x80,
    0x00, 0x00, 0xb9, 0x44, 0x10, 0x0b, 0xff, 0xff, 0xa1, 0xb8, 0x00, 0x4e, 0x8b, 0x80, 0x00, 0xbb,
    0xb8, 0x00, 0x1d, 0x9b, 0xdb, 0xbd, 0xe3, 0xbb, 0x88, 0x71, 0x0b, 0x80, 0x00, 0x00, 0xb8, 0x00,
    0x00, 0x00, 0x00, 0x44, 0x20, 0x01, 0xcf, 0xdf, 0x80, 0x9d, 0x10, 0x7f, 0x2b, 0x80, 0x04, 0xf4,
    0xb8, 0x00, 0x8d, 0x0b, 0x84, 0xff, 0x40, 0xb8, 0x14, 0xae, 0x2b, 0x80, 0x00, 0xe8, 0xb8, 0x00,
    0x0e, 0x8b, 0x81, 0x4a, 0xf4, 0xb8, 0x4f, 0xd5, 0x00, 0x00, 0x7e, 0x20, 0x00, 0x00, 0x09, 0xc0,
    0x00, 0x00, 0x00, 0x00, 0x00, 0x00, 0x8b, 0xb9, 0x20, 0x08, 0xe7, 0x5c, 0xd0, 0x03, 0x30, 0x04,
    0xf3, 0x01, 0x7b, 0xbc, 0xf4, 0x0b, 0xc6, 0x47, 0xf4, 0x0f, 0x50, 0x04, 0xf4, 0x0e, 0xa1, 0x1a,
    0xf4, 0x06, 0xef, 0xe8, 0xf4, 0x00, 0x02, 0x00, 0x00, 0x00, 0x00, 0x8e, 0x10, 0x00, 0x04, 0xf3,
    0x00, 0x00, 0x00, 0x00, 0x00, 0x00, 0x8b, 0xb9, 0x20, 0x08, 0xe7, 0x5c, 0xd0, 0x03, 0x30, 0x04,
    0xf3, 0x01, 0x7b, 0xbc, 0xf4, 0x0b, 0xc6, 0x47, 0xf4, 0x0f, 0x50, 0x04, 0xf4, 0x0e, 0xa1, 0x1a,
    0xf4, 0x06, 0xef, 0xe8, 0xf4, 0x00, 0x02, 0x00, 0x00, 0x00, 0x1c, 0xf6, 0x00, 0x01, 0xc9, 0x3e,
    0x60, 0x00, 0x00, 0x00, 0x00, 0x00, 0x8b, 0xb9, 0x20, 0x08, 0xe7, 0x5c, 0xd0, 0x03, 0x30, 0x04,
    0xf3, 0x01, 0x7b, 0xbc, 0xf4, 0x0b, 0xc6, 0x47, 0xf4, 0x0f, 0x50, 0x04, 0xf4, 0x0e, 0xa1, 0x1a,
    0xf4, 0x06, 0xef, 0xe8, 0xf4, 0x00, 0x02, 0x00, 0x00, 0x00, 0x9e, 0x68, 0x80, 0x00, 0xb1, 0xbe,
    0x40, 0x00, 0x00, 0x00, 0x00, 0x00, 0x8b, 0xb9, 0x20, 0x08, 0xe7, 0x5c, 0xd0, 0x03, 0x30, 0x04,
    0xf3, 0x01, 0x7b, 0xbc, 0xf4, 0x0b, 0xc6, 0x47, 0xf4, 0x0f, 0x50, 0x04, 0xf4, 0x0e, 0xa1, 0x1a,
    0xf4, 0x06, 0xef, 0xe8, 0xf4, 0x00, 0x02, 0x00, 0x00, 0x02, 0xd6, 0x0c, 0x80, 0x02, 0xe6, 0x0d,
    0x80, 0x00, 0x00, 0x00, 0x00, 0x00, 0x8b, 0xb9, 0x20, 0x08, 0xe7, 0x5c, 0xd0, 0x03, 0x30, 0x04,
    0xf3, 0x01, 0x7b, 0xbc, 0xf4, 0x0b, 0xc6, 0x47, 0xf4, 0x0f, 0x50, 0x04, 0xf4, 0x0e, 0xa1, 0x1a,
    0xf4, 0x06, 0xef, 0xe8, 0xf4, 0x00, 0x02, 0x00, 0x00, 0x00, 0x19, 0xb5, 0x00, 0x00, 0x78, 0x1e,
    0x00, 0x00, 0x6a, 0x5d, 0x00, 0x00, 0x06, 0x82, 0x00, 0x00, 0x8b, 0xb9, 0x20, 0x08, 0xe7, 0x5c,
    0xd0, 0x03, 0x30, 0x04, 0xf3, 0x01, 0x7b, 0xbc, 0xf4, 0x0b, 0xc6, 0x47, 0xf4, 0x0f, 0x50, 0x04,
    0xf4, 0x0e, 0xa1, 0x1a, 0xf4, 0x06, 0xef, 0xe8, 0xf4, 0x00, 0x02, 0x00, 0x00, 0x08, 0xb8, 0x3b,
    0xa3, 0x3e, 0x5a, 0xf5, 0xab, 0x13, 0x05, 0xb0, 0x4f, 0x04, 0x89, 0xd8, 0x9f, 0x4f, 0x89, 0xd8,
    0x88, 0x8b, 0x04, 0xb0, 0x00, 0x7d, 0x18, 0xe1, 0x7d, 0x1c, 0xfc, 0x7f, 0xf6, 0x00, 0x20, 0x01,
    0x10, 0x05, 0xbb, 0xa3, 0x05, 0xf8, 0x8b, 0xe1, 0xba, 0x00, 0x1b, 0x3b, 0x80, 0x00, 0x00, 0xb8,
    0x00, 0x00, 0x0b, 0x80, 0x00, 0x82, 0x8e, 0x51, 0x8f, 0x21, 0xaf, 0xfe, 0x60, 0x00, 0xaa, 0x10,
    0x00, 0x00, 0x8b, 0x00, 0x00, 0xfc, 0x60, 0x00, 0x08, 0xe1, 0x00, 0x00, 0x0a, 0xb0, 0x00, 0x00,
    0x00, 0x00, 0x00, 0x6b, 0xb9, 0x10, 0x7e, 0x65, 0xcc, 0x0b, 0x80, 0x02, 0xf4, 0xfb, 0x88, 0x8f,
    0x4f, 0xb8, 0x88, 0x82, 0xc8, 0x00, 0x00, 0x09, 0xd2, 0x08, 0xf2, 0x1b, 0xff, 0xe6, 0x00, 0x01,
    0x20, 0x00, 0x00, 0x08, 0xc1, 0x00, 0x05, 0xe3, 0x00, 0x00, 0x00, 0x00, 0x00, 0x6b, 0xb9, 0x10,
    0x7e, 0x65, 0xcc, 0x0b, 0x80, 0x02, 0xf4, 0xfb, 0x88, 0x8f, 0x4f, 0xb8, 0x88, 0x82, 0xc8, 0x00,
    0x00, 0x09, 0xd2, 0x08, 0xf2, 0x1b, 0xff, 0xe6, 0x00, 0x01, 0x20, 0x00, 0x01, 0xcf, 0x60, 0x01,
    0xc9, 0x3e, 0x60, 0x00, 0x00, 0x00, 0x00, 0x6b, 0xb9, 0x10, 0x7e, 0x65, 0xcc, 0x0b, 0x80, 0x02,
    0xf4, 0xfb, 0x88, 0x8f, 0x4f, 0xb8, 0x88, 0x82, 0xc8, 0x00, 0x00, 0x09, 0xd2, 0x08, 0xf2, 0x1b,
    0xff, 0xe6, 0x00, 0x01, 0x20, 0x00, 0x2e, 0x51, 0xd8, 0x02, 0xe5, 0x1d, 0x80, 0x00, 0x00, 0x00,
    0x00, 0x6b, 0xb9, 0x10, 0x7e, 0x65, 0xcc, 0x0b, 0x80, 0x02, 0xf4, 0xfb, 0x88, 0x8f, 0x4f, 0xb8,
    0x88, 0x82, 0xc8, 0x00, 0x00, 0x09, 0xd2, 0x08, 0xf2, 0x1b, 0xff, 0xe6, 0x00, 0x01, 0x20, 0x00,
    0x05, 0xf3, 0x00, 0x00, 0x08, 0xe1, 0x00, 0x00, 0x00, 0x00, 0x06, 0xbb, 0xb3, 0x00, 0x48, 0x9f,
    0x40, 0x00, 0x04, 0xf4, 0x00, 0x00, 0x4f, 0x40, 0x00, 0x04, 0xf4, 0x00, 0x00, 0x4f, 0x40, 0x03,
    0x47, 0xf7, 0x43, 0xbf, 0xff, 0xff, 0xb0, 0x00, 0x05, 0xe3, 0x00, 0x02, 0xe6, 0x00, 0x00, 0x00,
    0x00, 0x06, 0xbb, 0xb3, 0x00, 0x48, 0x9f, 0x40, 0x00, 0x04, 0xf4, 0x00, 0x00, 0x4f, 0x40, 0x00,
    0x04, 0xf4, 0x00, 0x00, 0x4f, 0x40, 0x03, 0x47, 0xf7, 0x43, 0xbf, 0xff, 0xff, 0xb0, 0x00, 0x9f,
    0x90, 0x00, 0x9c, 0x2c, 0x90, 0x00, 0x00, 0x00, 0x06, 0xbb, 0xb3, 0x00, 0x48, 0x9f, 0x40, 0x00,
    0x04, 0xf4, 0x00, 0x00, 0x4f, 0x40, 0x00, 0x04, 0xf4, 0x00, 0x00, 0x4f, 0x40, 0x03, 0x47, 0xf7,
    0x43, 0xbf, 0xff, 0xff, 0xb0, 0x0c, 0x80, 0xaa, 0x00, 0xd8, 0x0c, 0xc0, 0x00, 0x00, 0x00, 0x06,
    0xbb, 0xb3, 0x00, 0x48, 0x9f, 0x40, 0x00, 0x04, 0xf4, 0x00, 0x00, 0x4f, 0x40, 0x00, 0x04, 0xf4,
    0x00, 0x00, 0x4f, 0x40, 0x03, 0x47, 0xf7, 0x43, 0xbf, 0xff, 0xff, 0xb0, 0x00, 0x34, 0x00, 0x20,
    0x00, 0x4f, 0x8d, 0x80, 0x02, 0x8e, 0xf7, 0x00, 0x08, 0x93, 0xcb, 0x00, 0x00, 0x02, 0x3e, 0x70,
    0x03, 0xdf, 0xfc, 0xe0, 0x0b, 0xc2, 0x08, 0xf5, 0x0f, 0x50, 0x00, 0xf8, 0x0f, 0x60, 0x00, 0xf7,
    0x0b, 0xd4, 0x29, 0xe2, 0x01, 0xbf, 0xfd, 0x50, 0x00, 0x00, 0x00, 0x00, 0x09, 0xe6, 0x88, 0x00,
    0xb1, 0xbe, 0x40, 0x00, 0x00, 0x00, 0x08, 0x68, 0xba, 0x30, 0xbc, 0x85, 0xcd, 0x0b, 0xb0, 0x05,
    0xf4, 0xb8, 0x00, 0x4f, 0x4b, 0x80, 0x04, 0xf4, 0xb8, 0x00, 0x4f, 0x4b, 0x80, 0x04, 0xf4, 0xb8,
    0x00, 0x4f, 0x40, 0x08, 0xe1, 0x00, 0x00, 0x0a, 0xb0, 0x00, 0x00, 0x00, 0x00, 0x00, 0x6b, 0xb9,
    0x10, 0x7f, 0x88, 0xcc, 0x0b, 0x90, 0x03, 0xf3, 0xe8, 0x00, 0x0f, 0x4f, 0x80, 0x00, 0xf4, 0xc8,
    0x00, 0x2f, 0x49, 0xe5, 0x29, 0xe1, 0x1b, 0xff, 0xd3, 0x00, 0x00, 0x00, 0x00, 0x00, 0x08, 0xc1,
    0x00, 0x05, 0xe3, 0x00, 0x00, 0x00, 0x00, 0x00, 0x6b, 0xb9, 0x10, 0x7f, 0x88, 0xcc, 0x0b, 0x90,
    0x03, 0xf3, 0xe8, 0x00, 0x0f, 0x4f, 0x80, 0x00, 0xf4, 0xc8, 0x00, 0x2f, 0x49, 0xe5, 0x29, 0xe1,
    0x1b, 0xff, 0xd3, 0x00, 0x00, 0x00, 0x00, 0x01, 0xcf, 0x60, 0x01, 0xc9, 0x3e, 0x60, 0x00, 0x00,
    0x00, 0x00, 0x6b, 0xb9, 0x10, 0x7f, 0x88, 0xcc, 0x0b, 0x90, 0x03, 0xf3, 0xe8, 0x00, 0x0f, 0x4f,
    0x80, 0x00, 0xf4, 0xc8, 0x00, 0x2f, 0x49, 0xe5, 0x29, 0xe1, 0x1b, 0xff, 0xd3, 0x00, 0x00, 0x00,
    0x00, 0x0b, 0xe6, 0x88, 0x00, 0x91, 0xbd, 0x30, 0x00, 0x00, 0x00, 0x00, 0x6b, 0xb9, 0x10, 0x7f,
    0x88, 0xcc, 0x0b, 0x90, 0x03, 0xf3, 0xe8, 0x00, 0x0f, 0x4f, 0x80, 0x00, 0xf4, 0xc8, 0x00, 0x2f,
    0x49, 0xe5, 0x29, 0xe1, 0x1b, 0xff, 0xd3, 0x00, 0x00, 0x00, 0x00, 0x2e, 0x51, 0xd8, 0x02, 0xe5,
    0x1d, 0x80, 0x00, 0x00, 0x00, 0x00, 0x6b, 0xb9, 0x10, 0x7f, 0x88, 0xcc, 0x0b, 0x90, 0x03, 0xf3,
    0xe8, 0x00, 0x0f, 0x4f, 0x80, 0x00, 0xf4, 0xc8, 0x00, 0x2f, 0x49, 0xe5, 0x29, 0xe1, 0x1b, 0xff,
    0xd3, 0x00, 0x00, 0x00, 0x00, 0x00, 0x58, 0x10, 0x00, 0xff, 0x60, 0x00, 0x58, 0x10, 0x24, 0x44,
    0x44, 0x8f, 0xff, 0xff, 0x00, 0x00, 0x00, 0x00, 0x8b, 0x20, 0x00, 0xef, 0x60, 0x00, 0x24, 0x00,
    0x00, 0x00, 0x00, 0x23, 0x00, 0x6b, 0xb9, 0xd6, 0x06, 0xf8, 0x8e, 0xe0, 0x0b, 0x80, 0x5e, 0xf3,
    0x0b, 0x82, 0xe4, 0xf4, 0x0b, 0x8b, 0x80, 0xf4, 0x0b, 0xec, 0x01, 0xf4, 0x09, 0xf7, 0x29, 0xe0,
    0x1c, 0xdf, 0xfd, 0x40, 0x37, 0x01, 0x20, 0x00, 0x08, 0xe1, 0x00, 0x00, 0x0a, 0xb0, 0x00, 0x00,
    0x00, 0x00, 0x08, 0x60, 0x03, 0xb3, 0xb8, 0x00, 0x4f, 0x4b, 0x80, 0x04, 0xf4, 0xb8, 0x00, 0x4f,
    0x4b, 0x80, 0x04, 0xf4, 0xb9, 0x00, 0x4f, 0x48, 0xe4, 0x2a, 0xe0, 0x1b, 0xff, 0xd3, 0x00, 0x01,
    0x20, 0x00, 0x00, 0x08, 0xc1, 0x00, 0x05, 0xe3, 0x00, 0x00, 0x00, 0x00, 0x08, 0x60, 0x03, 0xb3,
    0xb8, 0x00, 0x4f, 0x4b, 0x80, 0x04, 0xf4, 0xb8, 0x00, 0x4f, 0x4b, 0x80, 0x04, 0xf4, 0xb9, 0x00,
    0x4f, 0x48, 0xe4, 0x2a, 0xe0, 0x1b, 0xff, 0xd3, 0x00, 0x01, 0x20, 0x00, 0x01, 0xcf, 0x60, 0x01,
    0xc9, 0x3e, 0x60, 0x00, 0x00, 0x00, 0x08, 0x60, 0x03, 0xb3, 0xb8, 0x00, 0x4f, 0x4b, 0x80, 0x04,
    0xf4, 0xb8, 0x00, 0x4f, 0x4b, 0x80, 0x04, 0xf4, 0xb9, 0x00, 0x4f, 0x48, 0xe4, 0x2a, 0xe0, 0x1b,
    0xff, 0xd3, 0x00, 0x01, 0x20, 0x00, 0x2e, 0x51, 0xd8, 0x02, 0xe5, 0x1d, 0x80, 0x00, 0x00, 0x00,
    0x08, 0x60, 0x03, 0xb3, 0xb8, 0x00, 0x4f, 0x4b, 0x80, 0x04, 0xf4, 0xb8, 0x00, 0x4f, 0x4b, 0x80,
    0x04, 0xf4, 0xb9, 0x00, 0x4f, 0x48, 0xe4, 0x2a, 0xe0, 0x1b, 0xff, 0xd3, 0x00, 0x01, 0x20, 0x00,
    0x00, 0x00, 0x8c, 0x10, 0x00, 0x05, 0xe3, 0x00, 0x00, 0x00, 0x00, 0x00, 0x2b, 0x40, 0x00, 0x97,
    0x0c, 0x90, 0x03, 0xf4, 0x07, 0xe1, 0x08, 0xd0, 0x01, 0xf6, 0x0d, 0x80, 0x00, 0x9c, 0x4f, 0x20,
    0x00, 0x4f, 0xac, 0x00, 0x00, 0x0d, 0xf6, 0x00, 0x00, 0x08, 0xf1, 0x00, 0x00, 0x0c, 0x90, 0x00,
    0x00, 0x2f, 0x50, 0x00, 0x00, 0x48, 0x00, 0x00, 0x32, 0x00, 0x00, 0x0b, 0x80, 0x00, 0x00, 0xb8,
    0x00, 0x00, 0x0b, 0x88, 0xba, 0x30, 0xbd, 0x86, 0xcd, 0x0b, 0x90, 0x04, 0xf3, 0xb8, 0x00, 0x4f,
    0x4b, 0x80, 0x04, 0xf4, 0xb8, 0x00, 0x4f, 0x4b, 0xd4, 0x19, 0xe0, 0xb8, 0xcf, 0xe6, 0x0b, 0x80,
    0x30, 0x00, 0xb8, 0x00, 0x00, 0x06, 0x40, 0x00, 0x00, 0x02, 0xe5, 0x1d, 0x80, 0x02, 0xe5, 0x1d,
    0x80, 0x00, 0x00, 0x00, 0x00, 0x2b, 0x40, 0x00, 0x97, 0x0c, 0x90, 0x03, 0xf4, 0x07, 0xe1, 0x08,
    0xd0, 0x01, 0xf6, 0x0d, 0x80, 0x00, 0x9c, 0x4f, 0x20, 0x00, 0x4f, 0xac, 0x00, 0x00, 0x0d, 0xf6,
    0x00, 0x00, 0x08, 0xf1, 0x00, 0x00, 0x0c, 0x90, 0x00, 0x00, 0x2f, 0x50, 0x00, 0x00, 0x48, 0x00,
    0x00, 0x00, 0xbb, 0xbb, 0x60, 0x00, 0x44, 0x44, 0x20, 0x00, 0x03, 0x41, 0x00, 0x00, 0x0d, 0xf5,
    0x00, 0x00, 0x2f, 0xb8, 0x00, 0x00, 0x7d, 0x8c, 0x00, 0x00, 0xa9, 0x4f, 0x10, 0x00, 0xe6, 0x0f,
    0x50, 0x03, 0xf2, 0x0b, 0x90, 0x07, 0xfb, 0xbd, 0xd0, 0x0a, 0xb4, 0x47, 0xf2, 0x0e, 0x70, 0x00,
    0xf6, 0x4f, 0x30, 0x00, 0xb9, 0x00, 0x88, 0x88, 0x40, 0x00, 0xbb, 0xbb, 0x60, 0x00, 0x00, 0x00,
    0x00, 0x00, 0x8b, 0xb9, 0x20, 0x08, 0xe7, 0x5c, 0xd0, 0x03, 0x30, 0x04, 0xf3, 0x01, 0x7b, 0xbc,
    0xf4, 0x0b, 0xc6, 0x47, 0xf4, 0x0f, 0x50, 0x04, 0xf4, 0x0e, 0xa1, 0x1a, 0xf4, 0x06, 0xef, 0xe8,
    0xf4, 0x00, 0x02, 0x00, 0x00, 0x00, 0x40, 0x02, 0x20, 0x00, 0xe7, 0x4d, 0x60, 0x00, 0x3a, 0xb6,
    0x00, 0x00, 0x03, 0x41, 0x00, 0x00, 0x0d, 0xf5, 0x00, 0x00, 0x2f, 0xb8, 0x00, 0x00, 0x7d, 0x8c,
    0x00, 0x00, 0xa9, 0x4f, 0x10, 0x00, 0xe6, 0x0f, 0x50, 0x03, 0xf2, 0x0b, 0x90, 0x07, 0xfb, 0xbd,
    0xd0, 0x0a, 0xb4, 0x47, 0xf2, 0x0e, 0x70, 0x00, 0xf6, 0x4f, 0x30, 0x00, 0xb9, 0x00, 0xe3, 0x0a,
    0x80, 0x00, 0x6e, 0xcb, 0x10, 0x00, 0x00, 0x00, 0x00, 0x00, 0x8b, 0xb9, 0x20, 0x08, 0xe7, 0x5c,
    0xd0, 0x03, 0x30, 0x04, 0xf3, 0x01, 0x7b, 0xbc, 0xf4, 0x0b, 0xc6, 0x47, 0xf4, 0x0f, 0x50, 0x04,
    0xf4, 0x0e, 0xa1, 0x1a, 0xf4, 0x06, 0xef, 0xe8, 0xf4, 0x00, 0x02, 0x00, 0x00, 0x00, 0x03, 0x41,
    0x00, 0x00, 0x00, 0xdf, 0x50, 0x00, 0x00, 0x2f, 0xb8, 0x00, 0x00, 0x07, 0xd8, 0xc0, 0x00, 0x00,
    0xa9, 0x4f, 0x10, 0x00, 0x0e, 0x60, 0xf5, 0x00, 0x03, 0xf2, 0x0b, 0x90, 0x00, 0x7f, 0xbb, 0xdd,
    0x00, 0x0a, 0xb4, 0x47, 0xf2, 0x00, 0xe7, 0x00, 0x0f, 0x60, 0x4f, 0x30, 0x00, 0xb9, 0x00, 0x00,
    0x00, 0x4c, 0x10, 0x00, 0x00, 0x0b, 0xa0, 0x00, 0x00, 0x00, 0x4c, 0xf4, 0x00, 0x8b, 0xb9, 0x20,
    0x08, 0xe7, 0x5c, 0xd0, 0x03, 0x30, 0x04, 0xf3, 0x01, 0x7b, 0xbc, 0xf4, 0x0b, 0xc6, 0x47, 0xf4,
    0x0f, 0x50, 0x04, 0xf4, 0x0e, 0xa1, 0x1a, 0xf4, 0x06, 0xef, 0xe8, 0xf4, 0x00, 0x02, 0x07, 0xa0,
    0x00, 0x00, 0x0f, 0x70, 0x00, 0x00, 0x07, 0xdf, 0x00, 0x01, 0x41, 0x00, 0x00, 0xbb, 0x00, 0x00,
    0x5a, 0x10, 0x00, 0x04, 0x43, 0x00, 0x1c, 0xfe, 0xf9, 0x09, 0xd1, 0x06, 0xf3, 0xb9, 0x00, 0x08,
    0x2b, 0x80, 0x00, 0x00, 0xb8, 0x00, 0x00, 0x0b, 0x80, 0x00, 0x00, 0xb8, 0x00, 0x00, 0x0b, 0x90,
    0x00, 0xb3, 0x8e, 0x51, 0x9f, 0x21, 0x9f, 0xfe, 0x60, 0x00, 0x03, 0x00, 0x00, 0x00, 0x07, 0xe1,
    0x00, 0x03, 0xf3, 0x00, 0x00, 0x00, 0x00, 0x00, 0x5b, 0xba, 0x30, 0x5f, 0x88, 0xbe, 0x1b, 0xa0,
    0x01, 0xb3, 0xb8, 0x00, 0x00, 0x0b, 0x80, 0x00, 0x00, 0xb8, 0x00, 0x08, 0x28, 0xe5, 0x18, 0xf2,
    0x1a, 0xff, 0xe6, 0x00, 0x00, 0x30, 0x00, 0x00, 0x24, 0x00, 0x00, 0x3e, 0xd9, 0x00, 0x1a, 0x61,
    0xa6, 0x00, 0x04, 0x43, 0x00, 0x1c, 0xfe, 0xf9, 0x09, 0xd1, 0x06, 0xf3, 0xb9, 0x00, 0x08, 0x2b,
    0x80, 0x00, 0x00, 0xb8, 0x00, 0x00, 0x0b, 0x80, 0x00, 0x00, 0xb8, 0x00, 0x00, 0x0b, 0x90, 0x00,
    0xb3, 0x8e, 0x51, 0x9f, 0x21, 0x9f, 0xfe, 0x60, 0x00, 0x03, 0x00, 0x00, 0x01, 0xcf, 0x60, 0x01,
    0xc9, 0x3e, 0x60, 0x00, 0x00, 0x00, 0x00, 0x5b, 0xba, 0x30, 0x5f, 0x88, 0xbe, 0x1b, 0xa0, 0x01,
    0xb3, 0xb8, 0x00, 0x00, 0x0b, 0x80, 0x00, 0x00, 0xb8, 0x00, 0x08, 0x28, 0xe5, 0x18, 0xf2, 0x1a,
    0xff, 0xe6, 0x00, 0x00, 0x30, 0x00, 0x00, 0x13, 0x00, 0x00, 0x0a, 0xf4, 0x00, 0x00, 0x58, 0x10,
    0x00, 0x04, 0x43, 0x00, 0x1c, 0xfe, 0xf9, 0x09, 0xd1, 0x06, 0xf3, 0xb9, 0x00, 0x08, 0x2b, 0x80,
    0x00, 0x00, 0xb8, 0x00, 0x00, 0x0b, 0x80, 0x00, 0x00, 0xb8, 0x00, 0x00, 0x0b, 0x90, 0x00, 0xb3,
    0x8e, 0x51, 0x9f, 0x21, 0x9f, 0xfe, 0x60, 0x00, 0x03, 0x00, 0x00, 0x00, 0x8d, 0x20, 0x00, 0x08,
    0xe3, 0x00, 0x00, 0x00, 0x00, 0x00, 0x5b, 0xba, 0x30, 0x5f, 0x88, 0xbe, 0x1b, 0xa0, 0x01, 0xb3,
    0xb8, 0x00, 0x00, 0x0b, 0x80, 0x00, 0x00, 0xb8, 0x00, 0x08, 0x28, 0xe5, 0x18, 0xf2, 0x1a, 0xff,
    0xe6, 0x00, 0x00, 0x30, 0x00, 0x14, 0x10, 0x33, 0x00, 0x9c, 0x7e, 0x30, 0x00, 0x8b, 0x30, 0x00,
    0x04, 0x43, 0x00, 0x1c, 0xfe, 0xf9, 0x09, 0xd1, 0x06, 0xf3, 0xb9, 0x00, 0x08, 0x2b, 0x80, 0x00,
    0x00, 0xb8, 0x00, 0x00, 0x0b, 0x80, 0x00, 0x00, 0xb8, 0x00, 0x00, 0x0b, 0x90, 0x00, 0xb3, 0x8e,
    0x51, 0x9f, 0x21, 0x9f, 0xfe, 0x60, 0x00, 0x03, 0x00, 0x00, 0x1c, 0x93, 0xe6, 0x00, 0x1c, 0xf6,
    0x00, 0x00, 0x00, 0x00, 0x00, 0x5b, 0xba, 0x30, 0x5f, 0x88, 0xbe, 0x1b, 0xa0, 0x01, 0xb3, 0xb8,
    0x00, 0x00, 0x0b, 0x80, 0x00, 0x00, 0xb8, 0x00, 0x08, 0x28, 0xe5, 0x18, 0xf2, 0x1a, 0xff, 0xe6,
    0x00, 0x00, 0x30, 0x00, 0x14, 0x10, 0x42, 0x00, 0x9c, 0x9c, 0x10, 0x00, 0x8b, 0x30, 0x03, 0x44,
    0x40, 0x00, 0xbf, 0xff, 0xd3, 0x0b, 0x80, 0x19, 0xe0, 0xb8, 0x00, 0x4f, 0x4b, 0x80, 0x04, 0xf4,
    0xb8, 0x00, 0x4f, 0x4b, 0x80, 0x04, 0xf4, 0xb8, 0x00, 0x4f, 0x4b, 0x80, 0x04, 0xf3, 0xb9, 0x45,
    0xcc, 0x0b, 0xff, 0xfa, 0x20, 0x00, 0x00, 0x04, 0x13, 0x20, 0x00, 0x00, 0xf4, 0xb7, 0x00, 0x00,
    0x0f, 0x4e, 0x40, 0x3a, 0xb5, 0xf4, 0x41, 0x0d, 0xc5, 0x9f, 0x40, 0x02, 0xf4, 0x01, 0xf4, 0x00,
    0x4f, 0x40, 0x0f, 0x40, 0x04, 0xf4, 0x00, 0xf4, 0x00, 0x4f, 0x40, 0x0f, 0x40, 0x00, 0xe9, 0x07,
    0xf4, 0x00, 0x06, 0xff, 0x8f, 0x40, 0x00, 0x01, 0x20, 0x00, 0x00, 0x03, 0x44, 0x40, 0x00, 0x0b,
    0xff, 0xfd, 0x30, 0x0b, 0x80, 0x19, 0xe0, 0x0b, 0x80, 0x04, 0xf4, 0x0b, 0x80, 0x04, 0xf4, 0x8e,
    0xdb, 0x04, 0xf4, 0x3c, 0x94, 0x04, 0xf4, 0x0b, 0x80, 0x04, 0xf4, 0x0b, 0x80, 0x04, 0xf3, 0x0b,
    0x94, 0x5c, 0xc0, 0x0b, 0xff, 0xfa, 0x20, 0x00, 0x00, 0x14, 0x10, 0x00, 0x00, 0x4f, 0x40, 0x00,
    0x8f, 0xff, 0xf8, 0x00, 0x00, 0x4f, 0x40, 0x1b, 0xfd, 0x7f, 0x40, 0x8e, 0x54, 0xbf, 0x40, 0xb9,
    0x00, 0x5f, 0x40, 0xb8, 0x00, 0x4f, 0x40, 0xb8, 0x00, 0x4f, 0x40, 0x9e, 0x41, 0xaf, 0x40, 0x1c,
    0xfe, 0x8f, 0x40, 0x00, 0x20, 0x00, 0x00, 0x0b, 0xbb, 0xb6, 0x00, 0x44, 0x44, 0x20, 0x34, 0x44,
    0x44, 0x1b, 0xff, 0xff, 0xf4, 0xbb, 0x00, 0x00, 0x0b, 0xb0, 0x00, 0x00, 0xbb, 0x00, 0x00, 0x0b,
    0xff, 0xff, 0xb0, 0xbc, 0x44, 0x43, 0x0b, 0xb0, 0x00, 0x00, 0xbb, 0x00, 0x00, 0x0b, 0xc4, 0x44,
    0x41, 0xbf, 0xff, 0xff, 0x40, 0x08, 0x88, 0x84, 0x00, 0xbb, 0xbb, 0x60, 0x00, 0x00, 0x00, 0x00,
    0x6b, 0xb9, 0x10, 0x7e, 0x65, 0xcc, 0x0b, 0x80, 0x02, 0xf4, 0xfb, 0x88, 0x8f, 0x4f, 0xb8, 0x88,
    0x82, 0xc8, 0x00, 0x00, 0x09, 0xd2, 0x08, 0xf2, 0x1b, 0xff, 0xe6, 0x00, 0x01, 0x20, 0x00, 0x04,
    0x10, 0x22, 0x00, 0xb8, 0x4c, 0x70, 0x02, 0x9b, 0x80, 0x03, 0x44, 0x44, 0x41, 0xbf, 0xff, 0xff,
    0x4b, 0xb0, 0x00, 0x00, 0xbb, 0x00, 0x00, 0x0b, 0xb0, 0x00, 0x00, 0xbf, 0xff, 0xfb, 0x0b, 0xc4,
    0x44, 0x30, 0xbb, 0x00, 0x00, 0x0b, 0xb0, 0x00, 0x00, 0xbc, 0x44, 0x44, 0x1b, 0xff, 0xff, 0xf4,
    0x0f, 0x20, 0xb7, 0x00, 0x6d, 0xdb, 0x10, 0x00, 0x00, 0x00, 0x00, 0x6b, 0xb9, 0x10, 0x7e, 0x65,
    0xcc, 0x0b, 0x80, 0x02, 0xf4, 0xfb, 0x88, 0x8f, 0x4f, 0xb8, 0x88, 0x82, 0xc8, 0x00, 0x00, 0x09,
    0xd2, 0x08, 0xf2, 0x1b, 0xff, 0xe6, 0x00, 0x01, 0x20, 0x00, 0x00, 0x14, 0x00, 0x00, 0x0a, 0xf4,
    0x00, 0x00, 0x48, 0x10, 0x03, 0x44, 0x44, 0x41, 0xbf, 0xff, 0xff, 0x4b, 0xb0, 0x00, 0x00, 0xbb,
    0x00, 0x00, 0x0b, 0xb0, 0x00, 0x00, 0xbf, 0xff, 0xfb, 0x0b, 0xc4, 0x44, 0x30, 0xbb, 0x00, 0x00,
    0x0b, 0xb0, 0x00, 0x00, 0xbc, 0x44, 0x44, 0x1b, 0xff, 0xff, 0xf4, 0x00, 0x8d, 0x20, 0x00, 0x09,
    0xe2, 0x00, 0x00, 0x00, 0x00, 0x00, 0x6b, 0xb9, 0x10, 0x7e, 0x65, 0xcc, 0x0b, 0x80, 0x02, 0xf4,
    0xfb, 0x88, 0x8f, 0x4f, 0xb8, 0x88, 0x82, 0xc8, 0x00, 0x00, 0x09, 0xd2, 0x08, 0xf2, 0x1b, 0xff,
    0xe6, 0x00, 0x01, 0x20, 0x00, 0x34, 0x44, 0x44, 0x1b, 0xff, 0xff, 0xf4, 0xbb, 0x00, 0x00, 0x0b,
    0xb0, 0x00, 0x00, 0xbb, 0x00, 0x00, 0x0b, 0xff, 0xff, 0xb0, 0xbc, 0x44, 0x43, 0x0b, 0xb0, 0x00,
    0x00, 0xbb, 0x00, 0x00, 0x0b, 0xc4, 0x44, 0x41, 0xbf, 0xff, 0xff, 0x40, 0x00, 0x2d, 0x30, 0x00,
    0x08, 0xc0, 0x00, 0x00, 0x2a, 0xf4, 0x06, 0xbb, 0x91, 0x06, 0xe6, 0x5c, 0xc0, 0xb8, 0x00, 0x4f,
    0x3b, 0xb8, 0x88, 0xf4, 0xbb, 0x88, 0x88, 0x2b, 0x80, 0x00, 0x00, 0x8d, 0x20, 0x8f, 0x11, 0xbf,
    0xfe, 0x60, 0x00, 0x3e, 0x30, 0x00, 0x08, 0xc0, 0x00, 0x00, 0x3b, 0xf4, 0x00, 0x04, 0x20, 0x33,
    0x00, 0x6e, 0x8e, 0x30, 0x00, 0x6b, 0x30, 0x03, 0x44, 0x44, 0x41, 0xbf, 0xff, 0xff, 0x4b, 0xb0,
    0x00, 0x00, 0xbb, 0x00, 0x00, 0x0b, 0xb0, 0x00, 0x00, 0xbf, 0xff, 0xfb, 0x0b, 0xc4, 0x44, 0x30,
    0xbb, 0x00, 0x00, 0x0b, 0xb0, 0x00, 0x00, 0xbc, 0x44, 0x44, 0x1b, 0xff, 0xff, 0xf4, 0x1c, 0x93,
    0xe6, 0x00, 0x1c, 0xf6, 0x00, 0x00, 0x00, 0x00, 0x00, 0x6b, 0xb9, 0x10, 0x7e, 0x65, 0xcc, 0x0b,
    0x80, 0x02, 0xf4, 0xfb, 0x88, 0x8f, 0x4f, 0xb8, 0x88, 0x82, 0xc8, 0x00, 0x00, 0x09, 0xd2, 0x08,
    0xf2, 0x1b, 0xff, 0xe6, 0x00, 0x01, 0x20, 0x00, 0x00, 0x24, 0x00, 0x00, 0x3e, 0xd9, 0x00, 0x1a,
    0x61, 0xa6, 0x00, 0x04, 0x42, 0x00, 0x2d, 0xff, 0xf8, 0x09, 0xd1, 0x07, 0xf2, 0xb8, 0x00, 0x08,
    0x2b, 0x80, 0x00, 0x00, 0xb8, 0x08, 0x88, 0x2b, 0x80, 0xbb, 0xf4, 0xb8, 0x00, 0x0f, 0x4b, 0x80,
    0x01, 0xf4, 0x9e, 0x41, 0x9e, 0x11, 0xbf, 0xfe, 0x60, 0x00, 0x02, 0x00, 0x00, 0x01, 0xcf, 0x60,
    0x01, 0xc9, 0x3e, 0x60, 0x00, 0x00, 0x00, 0x00, 0x8b, 0xa6, 0xb3, 0x8f, 0x86, 0xcf, 0x4b, 0x90,
    0x05, 0xf4, 0xb8, 0x00, 0x4f, 0x4b, 0x80, 0x04, 0xf4, 0xbb, 0x00, 0x7f, 0x45, 0xfc, 0xbc, 0xf4,
    0x03, 0x86, 0x4f, 0x40, 0x00, 0x05, 0xf2, 0x08, 0xbb, 0xe9, 0x00, 0x68, 0x86, 0x00, 0x04, 0x00,
    0x22, 0x00, 0xe7, 0x4d, 0x60, 0x03, 0xab, 0x60, 0x00, 0x04, 0x42, 0x00, 0x2d, 0xff, 0xf8, 0x09,
    0xd1, 0x07, 0xf2, 0xb8, 0x00, 0x08, 0x2b, 0x80, 0x00, 0x00, 0xb8, 0x08, 0x88, 0x2b, 0x80, 0xbb,
    0xf4, 0xb8, 0x00, 0x0f, 0x4b, 0x80, 0x01, 0xf4, 0x9e, 0x41, 0x9e, 0x11, 0xbf, 0xfe, 0x60, 0x00,
    0x02, 0x00, 0x00, 0x1f, 0x10, 0xc6, 0x00, 0x7e, 0xdb, 0x10, 0x00, 0x00, 0x00, 0x00, 0x8b, 0xa6,
    0xb3, 0x8f, 0x86, 0xcf, 0x4b, 0x90, 0x05, 0xf4, 0xb8, 0x00, 0x4f, 0x4b, 0x80, 0x04, 0xf4, 0xbb,
    0x00, 0x7f, 0x45, 0xfc, 0xbc, 0xf4, 0x03, 0x86, 0x4f, 0x40, 0x00, 0x05, 0xf2, 0x08, 0xbb, 0xe9,
    0x00, 0x68, 0x86, 0x00, 0x00, 0x13, 0x00, 0x00, 0x0b, 0xf3, 0x00, 0x00, 0x58, 0x10, 0x00, 0x04,
    0x42, 0x00, 0x2d, 0xff, 0xf8, 0x09, 0xd1, 0x07, 0xf2, 0xb8, 0x00, 0x08, 0x2b, 0x80, 0x00, 0x00,
    0xb8, 0x08, 0x88, 0x2b, 0x80, 0xbb, 0xf4, 0xb8, 0x00, 0x0f, 0x4b, 0x80, 0x01, 0xf4, 0x9e, 0x41,
    0x9e, 0x11, 0xbf, 0xfe, 0x60, 0x00, 0x02, 0x00, 0x00, 0x00, 0x9d, 0x10, 0x00, 0x09, 0xd2, 0x00,
    0x00, 0x00, 0x00, 0x00, 0x8b, 0xa6, 0xb3, 0x8f, 0x86, 0xcf, 0x4b, 0x90, 0x05, 0xf4, 0xb8, 0x00,
    0x4f, 0x4b, 0x80, 0x04, 0xf4, 0xbb, 0x00, 0x7f, 0x45, 0xfc, 0xbc, 0xf4, 0x03, 0x86, 0x4f, 0x40,
    0x00, 0x05, 0xf2, 0x08, 0xbb, 0xe9, 0x00, 0x68, 0x86, 0x00, 0x00, 0x44, 0x20, 0x02, 0xdf, 0xff,
    0x80, 0x9d, 0x10, 0x7f, 0x2b, 0x80, 0x00, 0x82, 0xb8, 0x00, 0x00, 0x0b, 0x80, 0x88, 0x82, 0xb8,
    0x0b, 0xbf, 0x4b, 0x80, 0x00, 0xf4, 0xb8, 0x00, 0x1f, 0x49, 0xe4, 0x19, 0xe1, 0x1b, 0xff, 0xe6,
    0x00, 0x00, 0x20, 0x00, 0x00, 0x2b, 0x40, 0x00, 0x0b, 0xb0, 0x00, 0x01, 0x41, 0x00, 0x00, 0x00,
    0x02, 0x30, 0x00, 0x00, 0xb8, 0x00, 0x00, 0x5f, 0x30, 0x00, 0x0d, 0xd0, 0x00, 0x00, 0x00, 0x00,
    0x00, 0x8b, 0xa6, 0xb3, 0x8f, 0x86, 0xcf, 0x4b, 0x90, 0x05, 0xf4, 0xb8, 0x00, 0x4f, 0x4b, 0x80,
    0x04, 0xf4, 0xbb, 0x00, 0x7f, 0x45, 0xfc, 0xbc, 0xf4, 0x03, 0x86, 0x4f, 0x40, 0x00, 0x05, 0xf2,
    0x08, 0xbb, 0xe9, 0x00, 0x68, 0x86, 0x00, 0x00, 0x24, 0x00, 0x00, 0x3e, 0xd9, 0x00, 0x1a, 0x61,
    0xa6, 0x03, 0x30, 0x01, 0x41, 0xbb, 0x00, 0x4f, 0x4b, 0xb0, 0x04, 0xf4, 0xbb, 0x00, 0x4f, 0x4b,
    0xb0, 0x04, 0xf4, 0xbf, 0xff, 0xff, 0x4b, 0xc4, 0x47, 0xf4, 0xbb, 0x00, 0x4f, 0x4b, 0xb0, 0x04,
    0xf4, 0xbb, 0x00, 0x4f, 0x4b, 0xb0, 0x04, 0xf4, 0x00, 0x77, 0x00, 0x00, 0x00, 0x9c, 0xc9, 0x00,
    0x00, 0x38, 0x11, 0x83, 0x00, 0x00, 0x03, 0x20, 0x00, 0x00, 0x00, 0xb8, 0x00, 0x00, 0x00, 0x0b,
    0x80, 0x00, 0x00, 0x00, 0xb8, 0x8b, 0xa3, 0x00, 0x0b, 0xc8, 0x5c, 0xd0, 0x00, 0xbb, 0x00, 0x5f,
    0x40, 0x0b, 0x80, 0x04, 0xf4, 0x00, 0xb8, 0x00, 0x4f, 0x40, 0x0b, 0x80, 0x04, 0xf4, 0x00, 0xb8,
    0x00, 0x4f, 0x40, 0x0b, 0x80, 0x04, 0xf4, 0x03, 0x30, 0x01, 0x41, 0x00, 0xbb, 0x00, 0x4f, 0x40,
    0x6d, 0xd8, 0x89, 0xf9, 0x28, 0xee, 0xbb, 0xcf, 0xc3, 0x0b, 0xb0, 0x04, 0xf4, 0x00, 0xbf, 0xff,
    0xff, 0x40, 0x0b, 0xc4, 0x47, 0xf4, 0x00, 0xbb, 0x00, 0x4f, 0x40, 0x0b, 0xb0, 0x04, 0xf4, 0x00,
    0xbb, 0x00, 0x4f, 0x40, 0x0b, 0xb0, 0x04, 0xf4, 0x00, 0x03, 0x20, 0x00, 0x00, 0x0b, 0x80, 0x00,
    0x00, 0xff, 0xff, 0xf0, 0x00, 0x0b, 0x80, 0x00, 0x00, 0x0b, 0x8b, 0xfd, 0x50, 0x0b, 0xd6, 0x4b,
    0xe0, 0x0b, 0xa0, 0x04, 0xf4, 0x0b, 0x80, 0x04, 0xf4, 0x0b, 0x80, 0x04, 0xf4, 0x0b, 0x80, 0x04,
    0xf4, 0x0b, 0x80, 0x04, 0xf4, 0x02, 0x40, 0x22, 0x0e, 0xc9, 0xa7, 0x06, 0x07, 0x81, 0x24, 0x44,
    0x44, 0x8f, 0xff, 0xff, 0x00, 0x8f, 0x00, 0x00, 0x8f, 0x00, 0x00, 0x8f, 0x00, 0x00, 0x8f, 0x00,
    0x00, 0x8f, 0x00, 0x00, 0x8f, 0x00, 0x00, 0x8f, 0x00, 0x24, 0x9f, 0x44, 0x8f, 0xff, 0xff, 0x08,
    0xf8, 0x4b, 0x00, 0x81, 0x8e, 0x50, 0x00, 0x00, 0x00, 0x06, 0xbb, 0xb3, 0x00, 0x48, 0x9f, 0x40,
    0x00, 0x04, 0xf4, 0x00, 0x00, 0x4f, 0x40, 0x00, 0x04, 0xf4, 0x00, 0x00, 0x4f, 0x40, 0x03, 0x47,
    0xf7, 0x43, 0xbf, 0xff, 0xff, 0xb0, 0x0b, 0xbb, 0xb6, 0x04, 0x44, 0x42, 0x24, 0x44, 0x44, 0x8f,
    0xff, 0xff, 0x00, 0x8f, 0x00, 0x00, 0x8f, 0x00, 0x00, 0x8f, 0x00, 0x00, 0x8f, 0x00, 0x00, 0x8f,
    0x00, 0x00, 0x8f, 0x00, 0x00, 0x8f, 0x00, 0x24, 0x9f, 0x44, 0x8f, 0xff, 0xff, 0x06, 0x88, 0x86,
    0x00, 0x8b, 0xbb, 0x80, 0x00, 0x00, 0x00, 0x06, 0xbb, 0xb3, 0x00, 0x48, 0x9f, 0x40, 0x00, 0x04,
    0xf4, 0x00, 0x00, 0x4f, 0x40, 0x00, 0x04, 0xf4, 0x00, 0x00, 0x4f, 0x40, 0x03, 0x47, 0xf7, 0x43,
    0xbf, 0xff, 0xff, 0xb0, 0x04, 0x00, 0x22, 0x0e, 0x74, 0xd6, 0x03, 0xab, 0x60, 0x24, 0x44, 0x44,
    0x8f, 0xff, 0xff, 0x00, 0x8f, 0x00, 0x00, 0x8f, 0x00, 0x00, 0x8f, 0x00, 0x00, 0x8f, 0x00, 0x00,
    0x8f, 0x00, 0x00, 0x8f, 0x00, 0x00, 0x8f, 0x00, 0x24, 0x9f, 0x44, 0x8f, 0xff, 0xff, 0x0b, 0x50,
    0x8a, 0x00, 0x3d, 0xcd, 0x30, 0x00, 0x00, 0x00, 0x06, 0xbb, 0xb3, 0x00, 0x48, 0x9f, 0x40, 0x00,
    0x04, 0xf4, 0x00, 0x00, 0x4f, 0x40, 0x00, 0x04, 0xf4, 0x00, 0x00, 0x4f, 0x40, 0x03, 0x47, 0xf7,
    0x43, 0xbf, 0xff, 0xff, 0xb0, 0x24, 0x44, 0x44, 0x8f, 0xff, 0xff, 0x00, 0x8f, 0x00, 0x00, 0x8f,
    0x00, 0x00, 0x8f, 0x00, 0x00, 0x8f, 0x00, 0x00, 0x8f, 0x00, 0x00, 0x8f, 0x00, 0x00, 0x8f, 0x00,
    0x24, 0x9f, 0x44, 0x8f, 0xff, 0xff, 0x01, 0xc3, 0x00, 0x08, 0xd1, 0x00, 0x01, 0xaf, 0x80, 0x00,
    0x5e, 0x50, 0x00, 0x06, 0xe5, 0x00, 0x00, 0x00, 0x00, 0x06, 0xbb, 0xb3, 0x00, 0x48, 0x9f, 0x40,
    0x00, 0x04, 0xf4, 0x00, 0x00, 0x4f, 0x40, 0x00, 0x04, 0xf4, 0x00, 0x00, 0x4f, 0x40, 0x03, 0x47,
    0xf7, 0x43, 0xbf, 0xff, 0xff, 0xb0, 0x0a, 0x70, 0x00, 0x04, 0xf3, 0x00, 0x00, 0x09, 0xeb, 0x00,
    0x00, 0x13, 0x00, 0x00, 0xbf, 0x30, 0x00, 0x58, 0x10, 0x24, 0x44, 0x44, 0x8f, 0xff, 0xff, 0x00,
    0x8f, 0x00, 0x00, 0x8f, 0x00, 0x00, 0x8f, 0x00, 0x00, 0x8f, 0x00, 0x00, 0x8f, 0x00, 0x00, 0x8f,
    0x00, 0x00, 0x8f, 0x00, 0x24, 0x9f, 0x44, 0x8f, 0xff, 0xff, 0x6b, 0xbb, 0x30, 0x04, 0x89, 0xf4,
    0x00, 0x00, 0x4f, 0x40, 0x00, 0x04, 0xf4, 0x00, 0x00, 0x4f, 0x40, 0x00, 0x04, 0xf4, 0x00, 0x34,
    0x7f, 0x74, 0x3b, 0xff, 0xff, 0xfb, 0x32, 0x00, 0x00, 0x00, 0x32, 0xb8, 0x00, 0x00, 0x00, 0xb8,
    0xb8, 0x00, 0x00, 0x00, 0xb8, 0xb8, 0x00, 0x00, 0x00, 0xb8, 0xb8, 0x00, 0x00, 0x00, 0xb8, 0xb8,
    0x00, 0x00, 0x00, 0xb8, 0xb8, 0x00, 0x00, 0x00, 0xb8, 0xb8, 0x04, 0x60, 0x00, 0xb8, 0xb8, 0x08,
    0xb0, 0x00, 0xc8, 0xb8, 0x04, 0xf4, 0x06, 0xf4, 0xb8, 0x00, 0x8f, 0xfe, 0x80, 0x00, 0x00, 0x00,
    0x20, 0x00, 0x07, 0x30, 0x55, 0x2f, 0x70, 0xad, 0x00, 0x00, 0x00, 0x0b, 0x30, 0x68, 0x0f, 0x40,
    0x8b, 0x0f, 0x40, 0x8b, 0x0f, 0x40, 0x8b, 0x0f, 0x40, 0x8b, 0x0f, 0x40, 0x8b, 0x0f, 0x40, 0x8b,
    0x0f, 0x40, 0x8b, 0x00, 0x00, 0x8b, 0x00, 0x03, 0xd8, 0x00, 0x08, 0xa1, 0x00, 0x00, 0x02, 0x40,
    0x00, 0x00, 0x03, 0xed, 0x90, 0x00, 0x01, 0xa6, 0x19, 0x60, 0x00, 0x00, 0x24, 0x00, 0x00, 0x00,
    0x08, 0xf0, 0x00, 0x00, 0x00, 0x8f, 0x00, 0x00, 0x00, 0x08, 0xf0, 0x00, 0x00, 0x00, 0x8f, 0x00,
    0x00, 0x00, 0x08, 0xf0, 0x00, 0x00, 0x00, 0x8f, 0x00, 0x00, 0x00, 0x08, 0xf0, 0x07, 0xf0, 0x00,
    0x8f, 0x00, 0x2f, 0x91, 0x4d, 0xa0, 0x00, 0x6e, 0xff, 0xb1, 0x00, 0x00, 0x02, 0x10, 0x00, 0x00,
    0x00, 0x1c, 0xf6, 0x00, 0x1c, 0x93, 0xe6, 0x00, 0x00, 0x00, 0x08, 0xbb, 0xbb, 0x30, 0x68, 0x89,
    0xf4, 0x00, 0x00, 0x4f, 0x40, 0x00, 0x04, 0xf4, 0x00, 0x00, 0x4f, 0x40, 0x00, 0x04, 0xf4, 0x00,
    0x00, 0x4f, 0x40, 0x00, 0x04, 0xf4, 0x00, 0x00, 0x8f, 0x00, 0x8b, 0xcf, 0x80, 0x06, 0x88, 0x40,
    0x00, 0x32, 0x00, 0x03, 0x3b, 0x80, 0x02, 0xf6, 0xb8, 0x00, 0x9d, 0x0b, 0x80, 0x2f, 0x60, 0xb8,
    0x09, 0xd0, 0x0b, 0xff, 0xf6, 0x00, 0xb9, 0x4d, 0x90, 0x0b, 0x80, 0x6f, 0x20, 0xb8, 0x00, 0xd9,
    0x0b, 0x80, 0x06, 0xf2, 0xb8, 0x00, 0x1e, 0x90, 0x00, 0x00, 0x00, 0x00, 0x3b, 0x40, 0x00, 0x0c,
    0xa0, 0x00, 0x01, 0x41, 0x00, 0x00, 0x33, 0x00, 0x00, 0x0b, 0xb0, 0x00, 0x00, 0xbb, 0x00, 0x00,
    0x0b, 0xb0, 0x01, 0xb6, 0xbb, 0x00, 0x8d, 0x1b, 0xb0, 0x4f, 0x50, 0xbd, 0x8d, 0xa0, 0x0b, 0xeb,
    0xea, 0x00, 0xbb, 0x05, 0xf4, 0x0b, 0xb0, 0x0a, 0xd1, 0xbb, 0x00, 0x2e, 0x80, 0x00, 0x00, 0x00,
    0x00, 0x3b, 0x40, 0x00, 0x0c, 0xa0, 0x00, 0x01, 0x41, 0x00, 0x00, 0x68, 0x00, 0x1a, 0x78, 0xb0,
    0x08, 0xe1, 0x8b, 0x03, 0xf5, 0x08, 0xd8, 0xcb, 0x00, 0x8e, 0xbe, 0xb0, 0x08, 0xb0, 0x4f, 0x50,
    0x8b, 0x00, 0x9e, 0x18, 0xb0, 0x01, 0xe9, 0x00, 0x42, 0x00, 0x00, 0x8d, 0x10, 0x00, 0x2b, 0x30,
    0x00, 0x01, 0x41, 0x00, 0x00, 0x4f, 0x40, 0x00, 0x04, 0xf4, 0x00, 0x00, 0x4f, 0x40, 0x00, 0x04,
    0xf4, 0x00, 0x00, 0x4f, 0x40, 0x00, 0x04, 0xf4, 0x00, 0x00, 0x4f, 0x40, 0x00, 0x04, 0xf4, 0x00,
    0x00, 0x4f, 0x74, 0x44, 0x34, 0xff, 0xff, 0xfb, 0x00, 0x00, 0x42, 0x00, 0x00, 0x08, 0xc1, 0x00,
    0x00, 0x3b, 0x30, 0x00, 0x24, 0x44, 0x20, 0x00, 0x8f, 0xff, 0x80, 0x00, 0x00, 0x0f, 0x80, 0x00,
    0x00, 0x0f, 0x80, 0x00, 0x00, 0x0f, 0x80, 0x00, 0x00, 0x0f, 0x80, 0x00, 0x00, 0x0f, 0x80, 0x00,
    0x00, 0x0f, 0x80, 0x00, 0x00, 0x0f, 0x80, 0x00, 0x00, 0x0d, 0xb4, 0x43, 0x00, 0x03, 0xdf, 0xfb,
    0x14, 0x10, 0x00, 0x04, 0xf4, 0x00, 0x00, 0x4f, 0x40, 0x00, 0x04, 0xf4, 0x00, 0x00, 0x4f, 0x40,
    0x00, 0x04, 0xf4, 0x00, 0x00, 0x4f, 0x40, 0x00, 0x04, 0xf4, 0x00, 0x00, 0x4f, 0x40, 0x00, 0x04,
    0xf7, 0x44, 0x43, 0x4f, 0xff, 0xff, 0xb0, 0x00, 0x00, 0x00, 0x00, 0x08, 0x90, 0x00, 0x04, 0xf4,
    0x00, 0x00, 0x33, 0x00, 0x00, 0x24, 0x44, 0x20, 0x00, 0x8f, 0xff, 0x80, 0x00, 0x00, 0x0f, 0x80,
    0x00, 0x00, 0x0f, 0x80, 0x00, 0x00, 0x0f, 0x80, 0x00, 0x00, 0x0f, 0x80, 0x00, 0x00, 0x0f, 0x80,
    0x00, 0x00, 0x0f, 0x80, 0x00, 0x00, 0x0f, 0x80, 0x00, 0x00, 0x0d, 0xb4, 0x43, 0x00, 0x03, 0xdf,
    0xfb, 0x00, 0x00, 0x00, 0x00, 0x00, 0x00, 0xa7, 0x00, 0x00, 0x08, 0xd1, 0x00, 0x00, 0x04, 0x20,
    0x00, 0x14, 0x10, 0x41, 0x04, 0xf4, 0x0f, 0x40, 0x4f, 0x42, 0xf0, 0x04, 0xf4, 0x14, 0x00, 0x4f,
    0x40, 0x00, 0x04, 0xf4, 0x00, 0x00, 0x4f, 0x40, 0x00, 0x04, 0xf4, 0x00, 0x00, 0x4f, 0x40, 0x00,
    0x04, 0xf7, 0x44, 0x43, 0x4f, 0xff, 0xff, 0xb0, 0x24, 0x44, 0x20, 0x41, 0x8f, 0xff, 0x80, 0xf3,
    0x00, 0x0f, 0x84, 0xf0, 0x00, 0x0f, 0x81, 0x40, 0x00, 0x0f, 0x80, 0x00, 0x00, 0x0f, 0x80, 0x00,
    0x00, 0x0f, 0x80, 0x00, 0x00, 0x0f, 0x80, 0x00, 0x00, 0x0f, 0x80, 0x00, 0x00, 0x0d, 0xb4, 0x43,
    0x00, 0x03, 0xdf, 0xfb, 0x14, 0x10, 0x00, 0x04, 0xf4, 0x00, 0x00, 0x4f, 0x40, 0x00, 0x04, 0xf4,
    0x00, 0x00, 0x4f, 0x40, 0x00, 0x04, 0xf4, 0x06, 0xf8, 0x4f, 0x40, 0x8f, 0xa4, 0xf4, 0x00, 0x41,
    0x4f, 0x40, 0x00, 0x04, 0xf7, 0x44, 0x43, 0x4f, 0xff, 0xff, 0xb0, 0x34, 0x44, 0x10, 0x00, 0x0b,
    0xff, 0xf4, 0x00, 0x00, 0x00, 0x4f, 0x40, 0x00, 0x00, 0x04, 0xf4, 0x00, 0x00, 0x00, 0x4f, 0x40,
    0x00, 0x00, 0x04, 0xf4, 0x05, 0xfa, 0x00, 0x4f, 0x40, 0x7f, 0xc0, 0x04, 0xf4, 0x00, 0x41, 0x00,
    0x4f, 0x40, 0x00, 0x00, 0x02, 0xf8, 0x44, 0x20, 0x00, 0x06, 0xef, 0xf8, 0x00, 0x01, 0x41, 0x00,
    0x00, 0x04, 0xf4, 0x00, 0x00, 0x04, 0xf4, 0x00, 0x00, 0x04, 0xf4, 0x35, 0x00, 0x04, 0xfb, 0xe5,
    0x00, 0x06, 0xfa, 0x20, 0x00, 0x8f, 0xf4, 0x00, 0x00, 0x75, 0xf4, 0x00, 0x00, 0x04, 0xf4, 0x00,
    0x00, 0x04, 0xf7, 0x44, 0x43, 0x04, 0xff, 0xff, 0xfb, 0x24, 0x44, 0x20, 0x00, 0x8f, 0xff, 0x80,
    0x00, 0x00, 0x0f, 0x80, 0x00, 0x00, 0x0f, 0x82, 0x50, 0x00, 0x0f, 0xcf, 0x50, 0x00, 0x3f, 0xc2,
    0x00, 0x05, 0xef, 0x80, 0x00, 0x05, 0x2f, 0x80, 0x00, 0x00, 0x0f, 0x80, 0x00, 0x00, 0x0d, 0xb4,
    0x43, 0x00, 0x03, 0xdf, 0xfb, 0x00, 0x01, 0x41, 0x00, 0x00, 0xc9, 0x00, 0x00, 0x6a, 0x10, 0x03,
    0x40, 0x00, 0x41, 0xbf, 0x40, 0x0f, 0x4b, 0xf9, 0x00, 0xf4, 0xba, 0xe0, 0x0f, 0x4b, 0x8d, 0x50,
    0xf4, 0xb8, 0x89, 0x0f, 0x4b, 0x83, 0xf1, 0xf4, 0xb8, 0x0c, 0x6f, 0x4b, 0x80, 0x7a, 0xf4, 0xb8,
    0x02, 0xff, 0x4b, 0x80, 0x0c, 0xf4, 0x00, 0x08, 0xe1, 0x00, 0x04, 0xf3, 0x00, 0x00, 0x00, 0x00,
    0x08, 0x68, 0xba, 0x30, 0xbc, 0x85, 0xcd, 0x0b, 0xb0, 0x05, 0xf4, 0xb8, 0x00, 0x4f, 0x4b, 0x80,
    0x04, 0xf4, 0xb8, 0x00, 0x4f, 0x4b, 0x80, 0x04, 0xf4, 0xb8, 0x00, 0x4f, 0x40, 0x34, 0x00, 0x04,
    0x1b, 0xf4, 0x00, 0xf4, 0xbf, 0x90, 0x0f, 0x4b, 0xae, 0x00, 0xf4, 0xb8, 0xd5, 0x0f, 0x4b, 0x88,
    0x90, 0xf4, 0xb8, 0x3f, 0x1f, 0x4b, 0x80, 0xc6, 0xf4, 0xb8, 0x07, 0xaf, 0x4b, 0x80, 0x2f, 0xf4,
    0xb8, 0x00, 0xcf, 0x40, 0x00, 0x00, 0x00, 0x00, 0x3b, 0x40, 0x00, 0x0c, 0xa0, 0x00, 0x01, 0x41,
    0x00, 0x00, 0x86, 0x8b, 0xa3, 0x0b, 0xc8, 0x5c, 0xd0, 0xbb, 0x00, 0x5f, 0x4b, 0x80, 0x04, 0xf4,
    0xb8, 0x00, 0x4f, 0x4b, 0x80, 0x04, 0xf4, 0xb8, 0x00, 0x4f, 0x4b, 0x80, 0x04, 0xf4, 0x00, 0x00,
    0x00, 0x00, 0x03, 0xb4, 0x00, 0x00, 0xca, 0x00, 0x00, 0x14, 0x10, 0x00, 0x14, 0x10, 0x42, 0x00,
    0x9c, 0x9c, 0x10, 0x00, 0x8b, 0x30, 0x03, 0x40, 0x00, 0x41, 0xbf, 0x40, 0x0f, 0x4b, 0xf9, 0x00,
    0xf4, 0xba, 0xe0, 0x0f, 0x4b, 0x8d, 0x50, 0xf4, 0xb8, 0x89, 0x0f, 0x4b, 0x83, 0xf1, 0xf4, 0xb8,
    0x0c, 0x6f, 0x4b, 0x80, 0x7a, 0xf4, 0xb8, 0x02, 0xff, 0x4b, 0x80, 0x0c, 0xf4, 0x1c, 0x93, 0xe6,
    0x00, 0x1c, 0xf6, 0x00, 0x00, 0x00, 0x00, 0x08, 0x68, 0xba, 0x30, 0xbc, 0x85, 0xcd, 0x0b, 0xb0,
    0x05, 0xf4, 0xb8, 0x00, 0x4f, 0x4b, 0x80, 0x04, 0xf4, 0xb8, 0x00, 0x4f, 0x4b, 0x80, 0x04, 0xf4,
    0xb8, 0x00, 0x4f, 0x40, 0x00, 0x00, 0x00, 0x00, 0x00, 0x3f, 0x50, 0x00, 0x00, 0x0c, 0x80, 0x00,
    0x00, 0x00, 0x00, 0x00, 0x00, 0x00, 0x00, 0x86, 0x8b, 0xa3, 0x00, 0x0b, 0xc8, 0x5c, 0xd0, 0x00,
    0xbb, 0x00, 0x5f, 0x40, 0x0b, 0x80, 0x04, 0xf4, 0x00, 0xb8, 0x00, 0x4f, 0x40, 0x0b, 0x80, 0x04,
    0xf4, 0x00, 0xb8, 0x00, 0x4f, 0x40, 0x0b, 0x80, 0x04, 0xf4, 0x34, 0x00, 0x04, 0x1b, 0xf5, 0x00,
    0xf4, 0xbf, 0xa0, 0x0f, 0x4b, 0x9f, 0x20, 0xf4, 0xb8, 0xb8, 0x0f, 0x4b, 0x86, 0xd0, 0xf4, 0xb8,
    0x0d, 0x5f, 0x4b, 0x80, 0x8b, 0xf4, 0xb8, 0x02, 0xff, 0x4b, 0x80, 0x0a, 0xf4, 0xb8, 0x00, 0x5f,
    0x40, 0x00, 0x07, 0xf2, 0x00, 0x6b, 0xf9, 0x00, 0x04, 0x85, 0x00, 0x88, 0x8b, 0xa3, 0x0b, 0xf8,
    0x5c, 0xd0, 0xbb, 0x00, 0x5f, 0x3b, 0xb0, 0x04, 0xf4, 0xbb, 0x00, 0x4f, 0x4b, 0xb0, 0x04, 0xf4,
    0xbb, 0x00, 0x4f, 0x4b, 0xb0, 0x04, 0xf4, 0x00, 0x00, 0x7f, 0x10, 0x08, 0xbf, 0x80, 0x00, 0x68,
    0x40, 0x00, 0x0b, 0xbb, 0xb6, 0x00, 0x44, 0x44, 0x20, 0x01, 0x44, 0x20, 0x02, 0xdf, 0xef, 0x60,
    0x9d, 0x10, 0x7f, 0x1b, 0x80, 0x04, 0xf4, 0xb8, 0x00, 0x4f, 0x4b, 0x80, 0x04, 0xf4, 0xb8, 0x00,
    0x4f, 0x4b, 0x80, 0x04, 0xf4, 0xb8, 0x00, 0x4f, 0x48, 0xe4, 0x29, 0xe0, 0x1b, 0xff, 0xd3, 0x00,
    0x01, 0x20, 0x00, 0x08, 0x88, 0x84, 0x00, 0xbb, 0xbb, 0x60, 0x00, 0x00, 0x00, 0x00, 0x6b, 0xb9,
    0x10, 0x7f, 0x88, 0xcc, 0x0b, 0x90, 0x03, 0xf3, 0xe8, 0x00, 0x0f, 0x4f, 0x80, 0x00, 0xf4, 0xc8,
    0x00, 0x2f, 0x49, 0xe5, 0x29, 0xe1, 0x1b, 0xff, 0xd3, 0x00, 0x00, 0x00, 0x00, 0x04, 0x00, 0x22,
    0x00, 0xe7, 0x4d, 0x60, 0x03, 0xab, 0x60, 0x00, 0x14, 0x42, 0x00, 0x2d, 0xfe, 0xf6, 0x09, 0xd1,
    0x07, 0xf1, 0xb8, 0x00, 0x4f, 0x4b, 0x80, 0x04, 0xf4, 0xb8, 0x00, 0x4f, 0x4b, 0x80, 0x04, 0xf4,
    0xb8, 0x00, 0x4f, 0x4b, 0x80, 0x04, 0xf4, 0x8e, 0x42, 0x9e, 0x01, 0xbf, 0xfd, 0x30, 0x00, 0x12,
    0x00, 0x00, 0x0f, 0x20, 0xb7, 0x00, 0x6d, 0xdb, 0x10, 0x00, 0x00, 0x00, 0x00, 0x6b, 0xb9, 0x10,
    0x7f, 0x88, 0xcc, 0x0b, 0x90, 0x03, 0xf3, 0xe8, 0x00, 0x0f, 0x4f, 0x80, 0x00, 0xf4, 0xc8, 0x00,
    0x2f, 0x49, 0xe5, 0x29, 0xe1, 0x1b, 0xff, 0xd3, 0x00, 0x00, 0x00, 0x00, 0x00, 0x33, 0x04, 0x10,
    0x3e, 0x48, 0xc1, 0x08, 0x63, 0xb1, 0x00, 0x14, 0x42, 0x00, 0x2d, 0xfe, 0xf6, 0x09, 0xd1, 0x07,
    0xf1, 0xb8, 0x00, 0x4f, 0x4b, 0x80, 0x04, 0xf4, 0xb8, 0x00, 0x4f, 0x4b, 0x80, 0x04, 0xf4, 0xb8,
    0x00, 0x4f, 0x4b, 0x80, 0x04, 0xf4, 0x8e, 0x42, 0x9e, 0x01, 0xbf, 0xfd, 0x30, 0x00, 0x12, 0x00,
    0x00, 0x01, 0xc8, 0x5e, 0x30, 0x99, 0x3e, 0x40, 0x00, 0x00, 0x00, 0x00, 0x6b, 0xb9, 0x10, 0x7f,
    0x88, 0xcc, 0x0b, 0x90, 0x03, 0xf3, 0xe8, 0x00, 0x0f, 0x4f, 0x80, 0x00, 0xf4, 0xc8, 0x00, 0x2f,
    0x49, 0xe5, 0x29, 0xe1, 0x1b, 0xff, 0xd3, 0x00, 0x00, 0x00, 0x00, 0x01, 0x42, 0x34, 0x44, 0x01,
    0xef, 0xdd, 0xff, 0xf0, 0x6f, 0x21, 0xd8, 0x00, 0x08, 0xf0, 0x0b, 0x80, 0x00, 0x8f, 0x00, 0xb8,
    0x00, 0x08, 0xf0, 0x0b, 0xff, 0xb0, 0x8f, 0x00, 0xb9, 0x43, 0x08, 0xf0, 0x0b, 0x80, 0x00, 0x8f,
    0x00, 0xb8, 0x00, 0x05, 0xf4, 0x3e, 0x94, 0x40, 0x0b, 0xfc, 0xcf, 0xff, 0x00, 0x00, 0x00, 0x00,
    0x00, 0x08, 0xb8, 0x5b, 0xa3, 0x6e, 0x5c, 0xf5, 0xaa, 0x8b, 0x08, 0xb0, 0x4f, 0x8b, 0x08, 0xd8,
    0x9f, 0x8b, 0x08, 0xd8, 0x88, 0x8b, 0x08, 0xb0, 0x00, 0x7d, 0x18, 0xe1, 0x78, 0x1d, 0xfd, 0x9f,
    0xf5, 0x00, 0x20, 0x02, 0x10, 0x00, 0x01, 0x41, 0x00, 0x00, 0xc9, 0x00, 0x00, 0x6a, 0x10, 0x03,
    0x44, 0x41, 0x00, 0xbf, 0xff, 0xf8, 0x0b, 0x80, 0x07, 0xf4, 0xb8, 0x00, 0x0f, 0x8b, 0x80, 0x01,
    0xf7, 0xbb, 0x88, 0xde, 0x1b, 0xdb, 0xed, 0x20, 0xb8, 0x07, 0xe1, 0x0b, 0x80, 0x1e, 0x80, 0xb8,
    0x00, 0x8e, 0x1b, 0x80, 0x02, 0xf7, 0x00, 0x05, 0xf3, 0x00, 0x02, 0xe6, 0x00, 0x00, 0x00, 0x00,
    0x06, 0xb5, 0xbb, 0x50, 0x8f, 0xa6, 0xaf, 0x38, 0xf0, 0x00, 0xf8, 0x8f, 0x00, 0x0b, 0x68, 0xf0,
    0x00, 0x00, 0x8f, 0x00, 0x00, 0x08, 0xf0, 0x00, 0x00, 0x8f, 0x00, 0x00, 0x00, 0x34, 0x44, 0x10,
    0x0b, 0xff, 0xff, 0x80, 0xb8, 0x00, 0x7f, 0x4b, 0x80, 0x00, 0xf8, 0xb8, 0x00, 0x1f, 0x7b, 0xb8,
    0x8d, 0xe1, 0xbd, 0xbe, 0xd2, 0x0b, 0x80, 0x7e, 0x10, 0xb8, 0x01, 0xe8, 0x0b, 0x80, 0x08, 0xe1,
    0xb8, 0x00, 0x2f, 0x70, 0x00, 0x00, 0x00, 0x00, 0x3b, 0x40, 0x00, 0x0c, 0xa0, 0x00, 0x01, 0x41,
    0x00, 0x00, 0x06, 0xb5, 0xbb, 0x50, 0x08, 0xfa, 0x6a, 0xf3, 0x08, 0xf0, 0x00, 0xf8, 0x08, 0xf0,
    0x00, 0xb6, 0x08, 0xf0, 0x00, 0x00, 0x08, 0xf0, 0x00, 0x00, 0x08, 0xf0, 0x00, 0x00, 0x08, 0xf0,
    0x00, 0x00, 0x00, 0x00, 0x00, 0x00, 0x05, 0xb2, 0x00, 0x00, 0x1e, 0x80, 0x00, 0x00, 0x24, 0x00,
    0x00, 0x00, 0x14, 0x10, 0x42, 0x00, 0x9c, 0x9c, 0x10, 0x00, 0x8b, 0x30, 0x03, 0x44, 0x41, 0x00,
    0xbf, 0xff, 0xf8, 0x0b, 0x80, 0x07, 0xf4, 0xb8, 0x00, 0x0f, 0x8b, 0x80, 0x01, 0xf7, 0xbb, 0x88,
    0xde, 0x1b, 0xdb, 0xed, 0x20, 0xb8, 0x07, 0xe1, 0x0b, 0x80, 0x1e, 0x80, 0xb8, 0x00, 0x8e, 0x1b,
    0x80, 0x02, 0xf7, 0x09, 0xc2, 0xc9, 0x00, 0x09, 0xf9, 0x00, 0x00, 0x00, 0x00, 0x06, 0xb5, 0xbb,
    0x50, 0x8f, 0xa6, 0xaf, 0x38, 0xf0, 0x00, 0xf8, 0x8f, 0x00, 0x0b, 0x68, 0xf0, 0x00, 0x00, 0x8f,
    0x00, 0x00, 0x08, 0xf0, 0x00, 0x00, 0x8f, 0x00, 0x00, 0x00, 0x00, 0x00, 0x14, 0x10, 0x00, 0x00,
    0xc9, 0x00, 0x00, 0x06, 0xa1, 0x00, 0x00, 0x14, 0x42, 0x00, 0x03, 0xef, 0xdf, 0x60, 0x0a, 0xc1,
    0x08, 0xf1, 0x0b, 0x80, 0x01, 0x41, 0x09, 0xe5, 0x00, 0x00, 0x01, 0xbf, 0xea, 0x30, 0x00, 0x03,
    0x7d, 0xe1, 0x00, 0x00, 0x01, 0xf6, 0x0b, 0x50, 0x00, 0xf8, 0x0b, 0xc3, 0x18, 0xf2, 0x02, 0xbf,
    0xfe, 0x60, 0x00, 0x01, 0x20, 0x00, 0x00, 0x08, 0xc1, 0x00, 0x05, 0xe3, 0x00, 0x00, 0x00, 0x00,
    0x01, 0x8b, 0xba, 0x30, 0x9e, 0x64, 0xae, 0x0b, 0x80, 0x01, 0x41, 0x8f, 0xb8, 0x71, 0x00, 0x68,
    0xbd, 0xe1, 0x42, 0x00, 0x2f, 0x4b, 0xa1, 0x07, 0xf3, 0x3d, 0xff, 0xf8, 0x00, 0x00, 0x00, 0x00,
    0x00, 0x02, 0x40, 0x00, 0x00, 0x3e, 0xd9, 0x00, 0x01, 0xa6, 0x1a, 0x60, 0x00, 0x14, 0x42, 0x00,
    0x03, 0xef, 0xdf, 0x60, 0x0a, 0xc1, 0x08, 0xf1, 0x0b, 0x80, 0x01, 0x41, 0x09, 0xe5, 0x00, 0x00,
    0x01, 0xbf, 0xea, 0x30, 0x00, 0x03, 0x7d, 0xe1, 0x00, 0x00, 0x01, 0xf6, 0x0b, 0x50, 0x00, 0xf8,
    0x0b, 0xc3, 0x18, 0xf2, 0x02, 0xbf, 0xfe, 0x60, 0x00, 0x01, 0x20, 0x00, 0x01, 0xcf, 0x60, 0x01,
    0xc9, 0x3e, 0x60, 0x00, 0x00, 0x00, 0x01, 0x8b, 0xba, 0x30, 0x9e, 0x64, 0xae, 0x0b, 0x80, 0x01,
    0x41, 0x8f, 0xb8, 0x71, 0x00, 0x68, 0xbd, 0xe1, 0x42, 0x00, 0x2f, 0x4b, 0xa1, 0x07, 0xf3, 0x3d,
    0xff, 0xf8, 0x00, 0x00, 0x00, 0x00, 0x00, 0x14, 0x42, 0x00, 0x03, 0xef, 0xdf, 0x60, 0x0a, 0xc1,
    0x08, 0xf1, 0x0b, 0x80, 0x01, 0x41, 0x09, 0xe5, 0x00, 0x00, 0x01, 0xbf, 0xea, 0x30, 0x00, 0x03,
    0x7d, 0xe1, 0x00, 0x00, 0x01, 0xf6, 0x0b, 0x50, 0x00, 0xf8, 0x0b, 0xc3, 0x18, 0xf2, 0x01, 0xbf,
    0xfe, 0x60, 0x00, 0x0c, 0x91, 0x00, 0x00, 0x00, 0x9a, 0x00, 0x00, 0x4f, 0xc6, 0x00, 0x18, 0xbb,
    0xa3, 0x09, 0xe6, 0x4a, 0xe0, 0xb8, 0x00, 0x14, 0x18, 0xfb, 0x87, 0x10, 0x06, 0x8b, 0xde, 0x14,
    0x20, 0x02, 0xf4, 0xba, 0x10, 0x7f, 0x33, 0xdf, 0xff, 0x80, 0x00, 0x98, 0x20, 0x00, 0x00, 0x8e,
    0x00, 0x00, 0xfd, 0x70, 0x00, 0x01, 0x41, 0x04, 0x20, 0x00, 0x9c, 0x9c, 0x10, 0x00, 0x08, 0xb3,
    0x00, 0x00, 0x14, 0x42, 0x00, 0x03, 0xef, 0xdf, 0x60, 0x0a, 0xc1, 0x08, 0xf1, 0x0b, 0x80, 0x01,
    0x41, 0x09, 0xe5, 0x00, 0x00, 0x01, 0xbf, 0xea, 0x30, 0x00, 0x03, 0x7d, 0xe1, 0x00, 0x00, 0x01,
    0xf6, 0x0b, 0x50, 0x00, 0xf8, 0x0b, 0xc3, 0x18, 0xf2, 0x02, 0xbf, 0xfe, 0x60, 0x00, 0x01, 0x20,
    0x00, 0x1c, 0x93, 0xe6, 0x00, 0x1c, 0xf6, 0x00, 0x00, 0x00, 0x00, 0x01, 0x8b, 0xba, 0x30, 0x9e,
    0x64, 0xae, 0x0b, 0x80, 0x01, 0x41, 0x8f, 0xb8, 0x71, 0x00, 0x68, 0xbd, 0xe1, 0x42, 0x00, 0x2f,
    0x4b, 0xa1, 0x07, 0xf3, 0x3d, 0xff, 0xf8, 0x00, 0x00, 0x00, 0x00, 0x14, 0x44, 0x44, 0x43, 0x4f,
    0xff, 0xff, 0xfb, 0x00, 0x08, 0xf0, 0x00, 0x00, 0x08, 0xf0, 0x00, 0x00, 0x08, 0xf0, 0x00, 0x00,
    0x08, 0xf0, 0x00, 0x00, 0x08, 0xf0, 0x00, 0x00, 0x08, 0xf0, 0x00, 0x00, 0x08, 0xf0, 0x00, 0x00,
    0x08, 0xf0, 0x00, 0x00, 0x08, 0xf0, 0x00, 0x00, 0x02, 0xd5, 0x00, 0x00, 0x00, 0x1e, 0x70, 0x00,
    0x08, 0xfa, 0x20, 0x00, 0x3b, 0x30, 0x00, 0x00, 0x4f, 0x40, 0x00, 0x6b, 0xcf, 0xcb, 0xb3, 0x48,
    0x9f, 0x98, 0x82, 0x00, 0x4f, 0x40, 0x00, 0x00, 0x4f, 0x40, 0x00, 0x00, 0x4f, 0x40, 0x00, 0x00,
    0x4f, 0x40, 0x00, 0x00, 0x2f, 0x84, 0x41, 0x00, 0x07, 0xef, 0xf4, 0x00, 0x00, 0xe6, 0x00, 0x00,
    0x00, 0x0c, 0x90, 0x00, 0x04, 0xfc, 0x30, 0x01, 0x41, 0x04, 0x20, 0x00, 0x9c, 0x9c, 0x10, 0x00,
    0x08, 0xb3, 0x00, 0x14, 0x44, 0x44, 0x43, 0x4f, 0xff, 0xff, 0xfb, 0x00, 0x08, 0xf0, 0x00, 0x00,
    0x08, 0xf0, 0x00, 0x00, 0x08, 0xf0, 0x00, 0x00, 0x08, 0xf0, 0x00, 0x00, 0x08, 0xf0, 0x00, 0x00,
    0x08, 0xf0, 0x00, 0x00, 0x08, 0xf0, 0x00, 0x00, 0x08, 0xf0, 0x00, 0x00, 0x08, 0xf0, 0x00, 0x00,
    0x00, 0x02, 0x30, 0x00, 0x00, 0x09, 0x80, 0x00, 0x3b, 0x3b, 0x80, 0x00, 0x4f, 0x43, 0x20, 0x6b,
    0xcf, 0xcb, 0xb3, 0x48, 0x9f, 0x98, 0x82, 0x00, 0x4f, 0x40, 0x00, 0x00, 0x4f, 0x40, 0x00, 0x00,
    0x4f, 0x40, 0x00, 0x00, 0x4f, 0x40, 0x00, 0x00, 0x2f, 0x84, 0x41, 0x00, 0x07, 0xef, 0xf4, 0x14,
    0x44, 0x44, 0x43, 0x4f, 0xff, 0xff, 0xfb, 0x00, 0x08, 0xf0, 0x00, 0x00, 0x08, 0xf0, 0x00, 0x00,
    0x08, 0xf0, 0x00, 0x02, 0x49, 0xf4, 0x40, 0x08, 0xff, 0xff, 0xf0, 0x00, 0x08, 0xf0, 0x00, 0x00,
    0x08, 0xf0, 0x00, 0x00, 0x08, 0xf0, 0x00, 0x00, 0x08, 0xf0, 0x00, 0x00, 0x3b, 0x30, 0x00, 0x00,
    0x4f, 0x40, 0x00, 0x6b, 0xcf, 0xcb, 0xb3, 0x48, 0x9f, 0x98, 0x82, 0x00, 0x4f, 0x40, 0x00, 0x06,
    0x9f, 0x98, 0x60, 0x08, 0xcf, 0xcb, 0x80, 0x00, 0x4f, 0x40, 0x00, 0x00, 0x2f, 0x84, 0x41, 0x00,
    0x07, 0xef, 0xf4, 0x02, 0x40, 0x22, 0x00, 0xec, 0x9a, 0x70, 0x06, 0x07, 0x81, 0x03, 0x20, 0x01,
    0x41, 0xb8, 0x00, 0x4f, 0x4b, 0x80, 0x04, 0xf4, 0xb8, 0x00, 0x4f, 0x4b, 0x80, 0x04, 0xf4, 0xb8,
    0x00, 0x4f, 0x4b, 0x80, 0x04, 0xf4, 0xb8, 0x00, 0x4f, 0x4b, 0x90, 0x04, 0xf4, 0x8e, 0x42, 0x9e,
    0x01, 0xbf, 0xfe, 0x50, 0x00, 0x12, 0x00, 0x00, 0x0b, 0xe6, 0x88, 0x00, 0x91, 0xbd, 0x30, 0x00,
    0x00, 0x00, 0x08, 0x60, 0x03, 0xb3, 0xb8, 0x00, 0x4f, 0x4b, 0x80, 0x04, 0xf4, 0xb8, 0x00, 0x4f,
    0x4b, 0x80, 0x04, 0xf4, 0xb9, 0x00, 0x4f, 0x48, 0xe4, 0x2a, 0xe0, 0x1b, 0xff, 0xd3, 0x00, 0x01,
    0x20, 0x00, 0x0b, 0xbb, 0xb6, 0x00, 0x44, 0x44, 0x20, 0x32, 0x00, 0x14, 0x1b, 0x80, 0x04, 0xf4,
    0xb8, 0x00, 0x4f, 0x4b, 0x80, 0x04, 0xf4, 0xb8, 0x00, 0x4f, 0x4b, 0x80, 0x04, 0xf4, 0xb8, 0x00,
    0x4f, 0x4b, 0x80, 0x04, 0xf4, 0xb9, 0x00, 0x4f, 0x48, 0xe4, 0x29, 0xe0, 0x1b, 0xff, 0xe5, 0x00,
    0x01, 0x20, 0x00, 0x08, 0x88, 0x84, 0x00, 0xbb, 0xbb, 0x60, 0x00, 0x00, 0x00, 0x08, 0x60, 0x03,
    0xb3, 0xb8, 0x00, 0x4f, 0x4b, 0x80, 0x04, 0xf4, 0xb8, 0x00, 0x4f, 0x4b, 0x80, 0x04, 0xf4, 0xb9,
    0x00, 0x4f, 0x48, 0xe4, 0x2a, 0xe0, 0x1b, 0xff, 0xd3, 0x00, 0x01, 0x20, 0x00, 0x04, 0x00, 0x22,
    0x00, 0xe7, 0x4d, 0x60, 0x03, 0xab, 0x60, 0x03, 0x20, 0x01, 0x41, 0xb8, 0x00, 0x4f, 0x4b, 0x80,
    0x04, 0xf4, 0xb8, 0x00, 0x4f, 0x4b, 0x80, 0x04, 0xf4, 0xb8, 0x00, 0x4f, 0x4b, 0x80, 0x04, 0xf4,
    0xb8, 0x00, 0x4f, 0x4b, 0x90, 0x04, 0xf4, 0x8e, 0x42, 0x9e, 0x01, 0xbf, 0xfe, 0x50, 0x00, 0x12,
    0x00, 0x00, 0x0f, 0x20, 0xb7, 0x00, 0x6d, 0xdb, 0x10, 0x00, 0x00, 0x00, 0x08, 0x60, 0x03, 0xb3,
    0xb8, 0x00, 0x4f, 0x4b, 0x80, 0x04, 0xf4, 0xb8, 0x00, 0x4f, 0x4b, 0x80, 0x04, 0xf4, 0xb9, 0x00,
    0x4f, 0x48, 0xe4, 0x2a, 0xe0, 0x1b, 0xff, 0xd3, 0x00, 0x01, 0x20, 0x00, 0x02, 0xcc, 0x60, 0x00,
    0x87, 0x1e, 0x00, 0x05, 0xc8, 0xa0, 0x03, 0x23, 0x41, 0x41, 0xb8, 0x00, 0x4f, 0x4b, 0x80, 0x04,
    0xf4, 0xb8, 0x00, 0x4f, 0x4b, 0x80, 0x04, 0xf4, 0xb8, 0x00, 0x4f, 0x4b, 0x80, 0x04, 0xf4, 0xb8,
    0x00, 0x4f, 0x4b, 0x90, 0x04, 0xf4, 0x8e, 0x42, 0x9e, 0x01, 0xbf, 0xfe, 0x50, 0x00, 0x12, 0x00,
    0x00, 0x01, 0x9b, 0x30, 0x00, 0x78, 0x1d, 0x00, 0x06, 0xa5, 0xb0, 0x00, 0x06, 0x81, 0x00, 0x86,
    0x00, 0x3b, 0x3b, 0x80, 0x04, 0xf4, 0xb8, 0x00, 0x4f, 0x4b, 0x80, 0x04, 0xf4, 0xb8, 0x00, 0x4f,
    0x4b, 0x90, 0x04, 0xf4, 0x8e, 0x42, 0xae, 0x01, 0xbf, 0xfd, 0x30, 0x00, 0x12, 0x00, 0x00, 0x00,
    0x33, 0x04, 0x10, 0x3e, 0x48, 0xc1, 0x08, 0x63, 0xb1, 0x03, 0x20, 0x01, 0x41, 0xb8, 0x00, 0x4f,
    0x4b, 0x80, 0x04, 0xf4, 0xb8, 0x00, 0x4f, 0x4b, 0x80, 0x04, 0xf4, 0xb8, 0x00, 0x4f, 0x4b, 0x80,
    0x04, 0xf4, 0xb8, 0x00, 0x4f, 0x4b, 0x90, 0x04, 0xf4, 0x8e, 0x42, 0x9e, 0x01, 0xbf, 0xfe, 0x50,
    0x00, 0x12, 0x00, 0x00, 0x01, 0xc8, 0x5e, 0x30, 0x99, 0x3e, 0x40, 0x00, 0x00, 0x00, 0x08, 0x60,
    0x03, 0xb3, 0xb8, 0x00, 0x4f, 0x4b, 0x80, 0x04, 0xf4, 0xb8, 0x00, 0x4f, 0x4b, 0x80, 0x04, 0xf4,
    0xb9, 0x00, 0x4f, 0x48, 0xe4, 0x2a, 0xe0, 0x1b, 0xff, 0xd3, 0x00, 0x01, 0x20, 0x00, 0x32, 0x00,
    0x14, 0x1b, 0x80, 0x04, 0xf4, 0xb8, 0x00, 0x4f, 0x4b, 0x80, 0x04, 0xf4, 0xb8, 0x00, 0x4f, 0x4b,
    0x80, 0x04, 0xf4, 0xb8, 0x00, 0x4f, 0x4b, 0x80, 0x04, 0xf4, 0xb9, 0x00, 0x4f, 0x48, 0xe4, 0x29,
    0xe0, 0x1b, 0xff, 0xe4, 0x00, 0x02, 0xd3, 0x00, 0x00, 0x7d, 0x10, 0x00, 0x02, 0xaf, 0x80, 0x86,
    0x00, 0x3b, 0x3b, 0x80, 0x04, 0xf4, 0xb8, 0x00, 0x4f, 0x4b, 0x80, 0x04, 0xf4, 0xb8, 0x00, 0x4f,
    0x4b, 0x90, 0x04, 0xf4, 0x8e, 0x42, 0x9e, 0x01, 0xbf, 0xfe, 0x30, 0x00, 0x3e, 0x30, 0x00, 0x08,
    0xc0, 0x00, 0x00, 0x3b, 0xf4, 0x00, 0x00, 0x02, 0x40, 0x00, 0x00, 0x03, 0xed, 0x90, 0x00, 0x01,
    0xa6, 0x1a, 0x60, 0x03, 0x20, 0x24, 0x00, 0x41, 0xa8, 0x08, 0xf0, 0x2f, 0x08, 0xb0, 0xbf, 0x24,
    0xf0, 0x8b, 0x0b, 0x94, 0x5b, 0x04, 0xd0, 0xf8, 0x68, 0xb0, 0x4f, 0x1b, 0x78, 0x88, 0x00, 0xf4,
    0xb4, 0x9a, 0x80, 0x0f, 0x88, 0x3b, 0xb5, 0x00, 0xcb, 0x80, 0xdc, 0x40, 0x0b, 0xb4, 0x0f, 0xf1,
    0x00, 0x9f, 0x30, 0xbf, 0x00, 0x00, 0x1c, 0xf6, 0x00, 0x00, 0x1c, 0x93, 0xe6, 0x00, 0x00, 0x00,
    0x00, 0x00, 0x06, 0x70, 0x6a, 0x02, 0xb0, 0x7b, 0x0a, 0xf1, 0x4c, 0x04, 0xd0, 0xca, 0x47, 0xa0,
    0x1f, 0x0d, 0x87, 0x88, 0x00, 0xf7, 0xb5, 0x8b, 0x50, 0x0b, 0x98, 0x3b, 0xd2, 0x00, 0x9e, 0x60,
    0xef, 0x00, 0x08, 0xf4, 0x0c, 0xb0, 0x00, 0x00, 0x02, 0x40, 0x00, 0x00, 0x3e, 0xd9, 0x00, 0x01,
    0xa6, 0x1a, 0x60, 0x24, 0x00, 0x00, 0x24, 0x4f, 0x40, 0x00, 0xc9, 0x0b, 0xb0, 0x04, 0xf2, 0x04,
    0xf3, 0x0b, 0x90, 0x00, 0xb9, 0x4f, 0x30, 0x00, 0x4f, 0xbb, 0x00, 0x00, 0x0d, 0xf4, 0x00, 0x00,
    0x08, 0xf0, 0x00, 0x00, 0x08, 0xf0, 0x00, 0x00, 0x08, 0xf0, 0x00, 0x00, 0x08, 0xf0, 0x00, 0x00,
    0x1c, 0xf6, 0x00, 0x01, 0xc9, 0x3e, 0x60, 0x00, 0x00, 0x00, 0x00, 0x2b, 0x40, 0x00, 0x97, 0x0c,
    0x90, 0x03, 0xf4, 0x07, 0xe1, 0x08, 0xd0, 0x01, 0xf6, 0x0d, 0x80, 0x00, 0x9c, 0x4f, 0x20, 0x00,
    0x4f, 0xac, 0x00, 0x00, 0x0d, 0xf6, 0x00, 0x00, 0x08, 0xf1, 0x00, 0x00, 0x0c, 0x90, 0x00, 0x00,
    0x2f, 0x50, 0x00, 0x00, 0x48, 0x00, 0x00, 0x00, 0x41, 0x03, 0x10, 0x04, 0xf8, 0x2f, 0xa0, 0x01,
    0x83, 0x07, 0x40, 0x24, 0x00, 0x00, 0x24, 0x4f, 0x40, 0x00, 0xc9, 0x0b, 0xb0, 0x04, 0xf2, 0x04,
    0xf3, 0x0b, 0x90, 0x00, 0xb9, 0x4f, 0x30, 0x00, 0x4f, 0xbb, 0x00, 0x00, 0x0d, 0xf4, 0x00, 0x00,
    0x08, 0xf0, 0x00, 0x00, 0x08, 0xf0, 0x00, 0x00, 0x08, 0xf0, 0x00, 0x00, 0x08, 0xf0, 0x00, 0x00,
    0x01, 0x41, 0x00, 0x00, 0xc9, 0x00, 0x00, 0x6a, 0x10, 0x03, 0x44, 0x44, 0x40, 0xbf, 0xff, 0xff,
    0x00, 0x00, 0x09, 0xd0, 0x00, 0x04, 0xf4, 0x00, 0x00, 0xca, 0x00, 0x00, 0x6f, 0x20, 0x00, 0x1e,
    0x80, 0x00, 0x08, 0xd1, 0x00, 0x02, 0xf5, 0x00, 0x00, 0xad, 0x44, 0x44, 0x1b, 0xff, 0xff, 0xf4,
    0x00, 0x08, 0xc1, 0x00, 0x05, 0xe3, 0x00, 0x00, 0x00, 0x00, 0x08, 0xbb, 0xbb, 0xb0, 0x68, 0x88,
    0xce, 0x00, 0x00, 0x6f, 0x50, 0x00, 0x3e, 0x70, 0x00, 0x1e, 0x90, 0x00, 0x1c, 0xc0, 0x00, 0x08,
    0xe5, 0x44, 0x41, 0xbf, 0xff, 0xff, 0x40, 0x00, 0x13, 0x00, 0x00, 0x0b, 0xf3, 0x00, 0x00, 0x58,
    0x10, 0x03, 0x44, 0x44, 0x40, 0xbf, 0xff, 0xff, 0x00, 0x00, 0x09, 0xd0, 0x00, 0x04, 0xf4, 0x00,
    0x00, 0xca, 0x00, 0x00, 0x6f, 0x20, 0x00, 0x1e, 0x80, 0x00, 0x08, 0xd1, 0x00, 0x02, 0xf5, 0x00,
    0x00, 0xad, 0x44, 0x44, 0x1b, 0xff, 0xff, 0xf4, 0x00, 0x8d, 0x20, 0x00, 0x09, 0xe2, 0x00, 0x00,
    0x00, 0x00, 0x08, 0xbb, 0xbb, 0xb0, 0x68, 0x88, 0xce, 0x00, 0x00, 0x6f, 0x50, 0x00, 0x3e, 0x70,
    0x00, 0x1e, 0x90, 0x00, 0x1c, 0xc0, 0x00, 0x08, 0xe5, 0x44, 0x41, 0xbf, 0xff, 0xff, 0x40, 0x14,
    0x10, 0x42, 0x00, 0x9c, 0x9c, 0x10, 0x00, 0x8b, 0x30, 0x03, 0x44, 0x44, 0x40, 0xbf, 0xff, 0xff,
    0x00, 0x00, 0x09, 0xd0, 0x00, 0x04, 0xf4, 0x00, 0x00, 0xca, 0x00, 0x00, 0x6f, 0x20, 0x00, 0x1e,
    0x80, 0x00, 0x08, 0xd1, 0x00, 0x02, 0xf5, 0x00, 0x00, 0xad, 0x44, 0x44, 0x1b, 0xff, 0xff, 0xf4,
    0x1c, 0x93, 0xe6, 0x00, 0x1c, 0xf6, 0x00, 0x00, 0x00, 0x00, 0x08, 0xbb, 0xbb, 0xb0, 0x68, 0x88,
    0xce, 0x00, 0x00, 0x6f, 0x50, 0x00, 0x3e, 0x70, 0x00, 0x1e, 0x90, 0x00, 0x1c, 0xc0, 0x00, 0x08,
    0xe5, 0x44, 0x41, 0xbf, 0xff, 0xff, 0x40, 0x00, 0x44, 0x41, 0x3e, 0xff, 0xf4, 0xad, 0x10, 0x00,
    0xbb, 0x00, 0x00, 0xbb, 0x00, 0x00, 0xbb, 0x00, 0x00, 0xbb, 0x00, 0x00, 0xbb, 0x00, 0x00, 0xbb,
    0x00, 0x00, 0xbb, 0x00, 0x00, 0xbb, 0x00, 0x00, 0x00, 0x03, 0x41, 0x00, 0x00, 0x0d, 0xf5, 0x00,
    0x00, 0x2f, 0xb8, 0x00, 0x00, 0x7d, 0x8c, 0x00, 0x00, 0xa9, 0x4f, 0x10, 0x00, 0xe6, 0x0f, 0x50,
    0x03, 0xf2, 0x0b, 0x90, 0x07, 0xfb, 0xbd, 0xd0, 0x0a, 0xb4, 0x47, 0xf2, 0x0e, 0x70, 0x00, 0xf6,
    0x4f, 0x30, 0x00, 0xb9, 0x34, 0x44, 0x10, 0x0b, 0xff, 0xff, 0x60, 0xb8, 0x00, 0x9f, 0x2b, 0x80,
    0x04, 0xf4, 0xb8, 0x00, 0x7e, 0x1b, 0xff, 0xfd, 0x40, 0xb9, 0x44, 0xac, 0x1b, 0x80, 0x01, 0xf7,
    0xb8, 0x00, 0x0f, 0x8b, 0x94, 0x49, 0xf3, 0xbf, 0xff, 0xd5, 0x00, 0x14, 0x44, 0x44, 0x34, 0xff,
    0xff, 0xfb, 0x4f, 0x40, 0x00, 0x04, 0xf4, 0x00, 0x00, 0x4f, 0x40, 0x00, 0x04, 0xf4, 0x00, 0x00,
    0x4f, 0x40, 0x00, 0x04, 0xf4, 0x00, 0x00, 0x4f, 0x40, 0x00, 0x04, 0xf4, 0x00, 0x00, 0x4f, 0x40,
    0x00, 0x00, 0x00, 0x03, 0x41, 0x00, 0x00, 0x0d, 0xf5, 0x00, 0x00, 0x2f, 0xb8, 0x00, 0x00, 0x7d,
    0x8c, 0x00, 0x00, 0xa9, 0x4f, 0x10, 0x00, 0xe6, 0x0f, 0x50, 0x03, 0xf2, 0x0b, 0x90, 0x07, 0xd0,
    0x08, 0xd0, 0x0a, 0xa0, 0x04, 0xf2, 0x0e, 0x94, 0x44, 0xf6, 0x4f, 0xff, 0xff, 0xf9, 0x34, 0x44,
    0x44, 0x1b, 0xff, 0xff, 0xf4, 0xbb, 0x00, 0x00, 0x0b, 0xb0, 0x00, 0x00, 0xbb, 0x00, 0x00, 0x0b,
    0xff, 0xff, 0xb0, 0xbc, 0x44, 0x43, 0x0b, 0xb0, 0x00, 0x00, 0xbb, 0x00, 0x00, 0x0b, 0xc4, 0x44,
    0x41, 0xbf, 0xff, 0xff, 0x40, 0x34, 0x44, 0x44, 0x0b, 0xff, 0xff, 0xf0, 0x00, 0x00, 0x9d, 0x00,
    0x00, 0x4f, 0x40, 0x00, 0x0c, 0xa0, 0x00, 0x06, 0xf2, 0x00, 0x01, 0xe8, 0x00, 0x00, 0x8d, 0x10,
    0x00, 0x2f, 0x50, 0x00, 0x0a, 0xd4, 0x44, 0x41, 0xbf, 0xff, 0xff, 0x40, 0x33, 0x00, 0x14, 0x1b,
    0xb0, 0x04, 0xf4, 0xbb, 0x00, 0x4f, 0x4b, 0xb0, 0x04, 0xf4, 0xbb, 0x00, 0x4f, 0x4b, 0xff, 0xff,
    0xf4, 0xbc, 0x44, 0x7f, 0x4b, 0xb0, 0x04, 0xf4, 0xbb, 0x00, 0x4f, 0x4b, 0xb0, 0x04, 0xf4, 0xbb,
    0x00, 0x4f, 0x40, 0x01, 0x44, 0x20, 0x02, 0xef, 0xef, 0x60, 0x9d, 0x10, 0x7f, 0x1b, 0x80, 0x04,
    0xf4, 0xb8, 0x00, 0x4f, 0x4b, 0x8b, 0xb9, 0xf4, 0xb8, 0x88, 0x8f, 0x4b, 0x80, 0x04, 0xf4, 0xb8,
    0x00, 0x4f, 0x49, 0xe4, 0x29, 0xe0, 0x1b, 0xff, 0xd4, 0x00, 0x01, 0x20, 0x00, 0x24, 0x44, 0x44,
    0x8f, 0xff, 0xff, 0x00, 0x8f, 0x00, 0x00, 0x8f, 0x00, 0x00, 0x8f, 0x00, 0x00, 0x8f, 0x00, 0x00,
    0x8f, 0x00, 0x00, 0x8f, 0x00, 0x00, 0x8f, 0x00, 0x24, 0x9f, 0x44, 0x8f, 0xff, 0xff, 0x32, 0x00,
    0x03, 0x3b, 0x80, 0x02, 0xf6, 0xb8, 0x00, 0x9d, 0x0b, 0x80, 0x2f, 0x60, 0xb8, 0x09, 0xd0, 0x0b,
    0xff, 0xf6, 0x00, 0xb9, 0x4d, 0x90, 0x0b, 0x80, 0x6f, 0x20, 0xb8, 0x00, 0xd9, 0x0b, 0x80, 0x06,
    0xf2, 0xb8, 0x00, 0x1e, 0x90, 0x00, 0x03, 0x41, 0x00, 0x00, 0x0d, 0xf5, 0x00, 0x00, 0x2f, 0xb8,
    0x00, 0x00, 0x7d, 0x8c, 0x00, 0x00, 0xa9, 0x4f, 0x10, 0x00, 0xe6, 0x0f, 0x50, 0x03, 0xf2, 0x0b,
    0x90, 0x07, 0xe0, 0x08, 0xd0, 0x0a, 0xa0, 0x04, 0xf2, 0x0e, 0x70, 0x00, 0xf6, 0x4f, 0x30, 0x00,
    0xb9, 0x04, 0x40, 0x02, 0x42, 0x0f, 0xe2, 0x0a, 0xf8, 0x0f, 0xc6, 0x1e, 0xb8, 0x0f, 0x8a, 0x59,
    0xb8, 0x0f, 0x5e, 0x96, 0xb8, 0x0f, 0x4a, 0xf1, 0xb8, 0x0f, 0x44, 0x60, 0xb8, 0x0f, 0x40, 0x00,
    0xb8, 0x0f, 0x40, 0x00, 0xb8, 0x0f, 0x40, 0x00, 0xb8, 0x0f, 0x40, 0x00, 0xb8, 0x34, 0x00, 0x04,
    0x1b, 0xf4, 0x00, 0xf4, 0xbf, 0x90, 0x0f, 0x4b, 0xae, 0x00, 0xf4, 0xb8, 0xd5, 0x0f, 0x4b, 0x88,
    0x90, 0xf4, 0xb8, 0x3f, 0x1f, 0x4b, 0x80, 0xc6, 0xf4, 0xb8, 0x07, 0xaf, 0x4b, 0x80, 0x2f, 0xf4,
    0xb8, 0x00, 0xcf, 0x40, 0x44, 0x44, 0x44, 0x1f, 0xff, 0xff, 0xf4, 0x00, 0x00, 0x00, 0x00, 0x00,
    0x00, 0x00, 0x00, 0x00, 0x00, 0x06, 0xbb, 0xbb, 0xb0, 0x48, 0x88, 0x88, 0x00, 0x00, 0x00, 0x00,
    0x00, 0x00, 0x00, 0x04, 0x44, 0x44, 0x41, 0xff, 0xff, 0xff, 0x40, 0x01, 0x44, 0x20, 0x02, 0xdf,
    0xef, 0x60, 0x9d, 0x10, 0x7f, 0x1b, 0x80, 0x04, 0xf4, 0xb8, 0x00, 0x4f, 0x4b, 0x80, 0x04, 0xf4,
    0xb8, 0x00, 0x4f, 0x4b, 0x80, 0x04, 0xf4, 0xb8, 0x00, 0x4f, 0x48, 0xe4, 0x29, 0xe0, 0x1b, 0xff,
    0xd3, 0x00, 0x01, 0x20, 0x00, 0x34, 0x44, 0x44, 0x1b, 0xff, 0xff, 0xf4, 0xbb, 0x00, 0x4f, 0x4b,
    0xb0, 0x04, 0xf4, 0xbb, 0x00, 0x4f, 0x4b, 0xb0, 0x04, 0xf4, 0xbb, 0x00, 0x4f, 0x4b, 0xb0, 0x04,
    0xf4, 0xbb, 0x00, 0x4f, 0x4b, 0xb0, 0x04, 0xf4, 0xbb, 0x00, 0x4f, 0x40, 0x34, 0x44, 0x20, 0x0b,
    0xff, 0xff, 0xa0, 0xb8, 0x00, 0x4f, 0x7b, 0x80, 0x00, 0xbb, 0xb8, 0x00, 0x0c, 0xab, 0x94, 0x5a,
    0xf5, 0xbd, 0xbb, 0xb5, 0x0b, 0x80, 0x00, 0x00, 0xb8, 0x00, 0x00, 0x0b, 0x80, 0x00, 0x00, 0xb8,
    0x00, 0x00, 0x00, 0x44, 0x44, 0x44, 0x3f, 0xff, 0xff, 0xfb, 0x8e, 0x30, 0x00, 0x00, 0xac, 0x10,
    0x00, 0x01, 0xcc, 0x00, 0x00, 0x03, 0xe8, 0x00, 0x00, 0x6f, 0x40, 0x00, 0x3e, 0x70, 0x00, 0x1d,
    0x90, 0x00, 0x0b, 0xe5, 0x44, 0x43, 0xff, 0xff, 0xff, 0xb0, 0x14, 0x44, 0x44, 0x43, 0x4f, 0xff,
    0xff, 0xfb, 0x00, 0x08, 0xf0, 0x00, 0x00, 0x08, 0xf0, 0x00, 0x00, 0x08, 0xf0, 0x00, 0x00, 0x08,
    0xf0, 0x00, 0x00, 0x08, 0xf0, 0x00, 0x00, 0x08, 0xf0, 0x00, 0x00, 0x08, 0xf0, 0x00, 0x00, 0x08,
    0xf0, 0x00, 0x00, 0x08, 0xf0, 0x00, 0x24, 0x00, 0x00, 0x24, 0x4f, 0x40, 0x00, 0xc9, 0x0b, 0xb0,
    0x04, 0xf2, 0x04, 0xf3, 0x0b, 0x90, 0x00, 0xb9, 0x4f, 0x30, 0x00, 0x4f, 0xbb, 0x00, 0x00, 0x0d,
    0xf4, 0x00, 0x00, 0x08, 0xf0, 0x00, 0x00, 0x08, 0xf0, 0x00, 0x00, 0x08, 0xf0, 0x00, 0x00, 0x08,
    0xf0, 0x00, 0x00, 0x06, 0xb0, 0x00, 0x01, 0x8d, 0xfa, 0x40, 0x0c, 0xcb, 0xd8, 0xf5, 0x5f, 0x18,
    0xb0, 0x9a, 0x8b, 0x08, 0xb0, 0x8b, 0x8b, 0x08, 0xb0, 0x8b, 0x8b, 0x08, 0xb0, 0x8b, 0x7d, 0x08,
    0xb0, 0x8b, 0x3f, 0x58, 0xb1, 0xc9, 0x06, 0xff, 0xff, 0xb1, 0x00, 0x19, 0xf3, 0x00, 0x00, 0x02,
    0x40, 0x00, 0x14, 0x10, 0x00, 0x33, 0x1d, 0x90, 0x02, 0xf5, 0x06, 0xf2, 0x0b, 0xb0, 0x00, 0xd9,
    0x4f, 0x40, 0x00, 0x4f, 0xc9, 0x00, 0x00, 0x0b, 0xf2, 0x00, 0x00, 0x1e, 0xf6, 0x00, 0x00, 0x8d,
    0x8e, 0x10, 0x02, 0xe6, 0x1e, 0x80, 0x09, 0xd0, 0x08, 0xe1, 0x4f, 0x50, 0x01, 0xe9, 0x14, 0x02,
    0x30, 0x23, 0x4f, 0x08, 0xb0, 0x8b, 0x4f, 0x08, 0xb0, 0x8b, 0x4f, 0x08, 0xb0, 0x8b, 0x4f, 0x08,
    0xb0, 0x8b, 0x4f, 0x08, 0xb0, 0x8b, 0x3f, 0x28, 0xb0, 0xb9, 0x0b, 0xdb, 0xdb, 0xe3, 0x01, 0x7b,
    0xf8, 0x20, 0x00, 0x08, 0xf0, 0x00, 0x00, 0x08, 0xf0, 0x00, 0x00, 0x14, 0x42, 0x00, 0x03, 0xef,
    0xdf, 0x80, 0x0a, 0xc1, 0x07, 0xf2, 0x0f, 0x80, 0x00, 0xf4, 0x0f, 0x80, 0x00, 0xf4, 0x0f, 0x80,
    0x00, 0xf4, 0x0f, 0x80, 0x00, 0xf4, 0x0f, 0x80, 0x00, 0xf4, 0x0b, 0xa0, 0x04, 0xf2, 0x15, 0xd9,
    0x3e, 0x83, 0x4f, 0xfb, 0x4f, 0xfb, 0x04, 0x10, 0x31, 0x4f, 0x82, 0xfa, 0x18, 0x30, 0x74, 0x24,
    0x44, 0x44, 0x8f, 0xff, 0xff, 0x00, 0x8f, 0x00, 0x00, 0x8f, 0x00, 0x00, 0x8f, 0x00, 0x00, 0x8f,
    0x00, 0x00, 0x8f, 0x00, 0x00, 0x8f, 0x00, 0x00, 0x8f, 0x00, 0x24, 0x9f, 0x44, 0x8f, 0xff, 0xff,
    0x00, 0x41, 0x03, 0x10, 0x04, 0xf8, 0x2f, 0xa0, 0x01, 0x83, 0x07, 0x40, 0x24, 0x00, 0x00, 0x24,
    0x4f, 0x40, 0x00, 0xc9, 0x0b, 0xb0, 0x04, 0xf2, 0x04, 0xf3, 0x0b, 0x90, 0x00, 0xb9, 0x4f, 0x30,
    0x00, 0x4f, 0xbb, 0x00, 0x00, 0x0d, 0xf4, 0x00, 0x00, 0x08, 0xf0, 0x00, 0x00, 0x08, 0xf0, 0x00,
    0x00, 0x08, 0xf0, 0x00, 0x00, 0x08, 0xf0, 0x00, 0x00, 0x0a, 0xc1, 0x00, 0x07, 0xe2, 0x00, 0x00,
    0x00, 0x00, 0x00, 0x8b, 0xa6, 0xb3, 0x8f, 0x86, 0xcf, 0x4b, 0x90, 0x05, 0xf4, 0xb8, 0x00, 0x4f,
    0x4b, 0x80, 0x04, 0xf4, 0xb8, 0x00, 0x4f, 0x49, 0xd4, 0x1a, 0xf4, 0x2d, 0xfe, 0x8f, 0x40, 0x02,
    0x00, 0x00, 0x00, 0x00, 0x8c, 0x10, 0x00, 0x05, 0xe3, 0x00, 0x00, 0x00, 0x00, 0x00, 0x01, 0x8b,
    0xba, 0x50, 0x0a, 0xe8, 0x8a, 0xf2, 0x0b, 0xa0, 0x00, 0x41, 0x03, 0xd9, 0x86, 0x00, 0x08, 0xe9,
    0x86, 0x00, 0x0f, 0x80, 0x00, 0x42, 0x0d, 0xa2, 0x05, 0xf6, 0x03, 0xdf, 0xff, 0x80, 0x00, 0x00,
    0x00, 0x00, 0x00, 0x08, 0xe1, 0x00, 0x04, 0xf3, 0x00, 0x00, 0x00, 0x00, 0x08, 0x68, 0xba, 0x30,
    0xbc, 0x85, 0xcd, 0x0b, 0xb0, 0x05, 0xf4, 0xb8, 0x00, 0x4f, 0x4b, 0x80, 0x04, 0xf4, 0xb8, 0x00,
    0x4f, 0x4b, 0x80, 0x04, 0xf4, 0xb8, 0x00, 0x4f, 0x40, 0x00, 0x00, 0xac, 0x10, 0x00, 0x07, 0xe2,
    0x00, 0x00, 0x00, 0x00, 0x00, 0x3b, 0xbb, 0x80, 0x00, 0x28, 0x8b, 0xb0, 0x00, 0x00, 0x08, 0xb0,
    0x00, 0x00, 0x08, 0xb0, 0x00, 0x00, 0x08, 0xb0, 0x00, 0x00, 0x08, 0xb0, 0x00, 0x00, 0x07, 0xe5,
    0x43, 0x00, 0x01, 0xaf, 0xfb, 0x00, 0x06, 0x80, 0x00, 0x01, 0xd2, 0x00, 0x2e, 0x74, 0xd8, 0x02,
    0xe5, 0x1d, 0x80, 0x00, 0x00, 0x00, 0x08, 0x60, 0x03, 0xb3, 0xb8, 0x00, 0x4f, 0x4b, 0x80, 0x04,
    0xf4, 0xb8, 0x00, 0x4f, 0x4b, 0x80, 0x04, 0xf4, 0xb9, 0x00, 0x4f, 0x48, 0xe4, 0x2a, 0xe0, 0x1b,
    0xff, 0xd3, 0x00, 0x01, 0x20, 0x00, 0x08, 0xba, 0x6b, 0x38, 0xf8, 0x6c, 0xf4, 0xb9, 0x00, 0x5f,
    0x4b, 0x80, 0x04, 0xf4, 0xb8, 0x00, 0x4f, 0x4b, 0x80, 0x04, 0xf4, 0x9d, 0x41, 0xaf, 0x42, 0xdf,
    0xe8, 0xf4, 0x00, 0x20, 0x00, 0x00, 0x00, 0x44, 0x20, 0x01, 0xcf, 0xdf, 0x60, 0x9d, 0x10, 0x8f,
    0x0b, 0x80, 0x04, 0xf0, 0xb8, 0x01, 0xaa, 0x0b, 0x84, 0xfd, 0x40, 0xb8, 0x00, 0x7f, 0x2b, 0x80,
    0x00, 0xd8, 0xba, 0x00, 0x0d, 0x8b, 0xe7, 0x48, 0xf4, 0xb8, 0xcf, 0xf8, 0x0b, 0x80, 0x30, 0x00,
    0xb8, 0x00, 0x00, 0x06, 0x40, 0x00, 0x00, 0x1b, 0x40, 0x00, 0xa6, 0x0c, 0x90, 0x03, 0xf3, 0x07,
    0xe0, 0x08, 0xd0, 0x02, 0xf5, 0x0c, 0x80, 0x00, 0xa9, 0x2f, 0x20, 0x00, 0x6e, 0x7c, 0x00, 0x00,
    0x1f, 0xf7, 0x00, 0x00, 0x09, 0xf1, 0x00, 0x00, 0x08, 0xf0, 0x00, 0x00, 0x08, 0xf0, 0x00, 0x00,
    0x04, 0x80, 0x00, 0x24, 0x44, 0x44, 0x08, 0xff, 0xff, 0xf0, 0x1b, 0xb2, 0x00, 0x00, 0x0a, 0xe3,
    0x00, 0x1c, 0xff, 0xe3, 0x09, 0xd2, 0x09, 0xd0, 0xd8, 0x00, 0x4f, 0x3f, 0x80, 0x04, 0xf4, 0xc8,
    0x00, 0x4f, 0x49, 0xe4, 0x2a, 0xe0, 0x1b, 0xff, 0xd3, 0x00, 0x01, 0x20, 0x00, 0x01, 0x8b, 0xba,
    0x50, 0x0a, 0xe8, 0x8a, 0xf2, 0x0b, 0xa0, 0x00, 0x41, 0x03, 0xd9, 0x86, 0x00, 0x08, 0xe9, 0x86,
    0x00, 0x0f, 0x80, 0x00, 0x42, 0x0d, 0xa2, 0x05, 0xf6, 0x03, 0xdf, 0xff, 0x80, 0x00, 0x00, 0x00,
    0x00, 0x14, 0x44, 0x44, 0x34, 0xff, 0xff, 0xfb, 0x00, 0x00, 0x7f, 0x60, 0x00, 0x9e, 0x50, 0x01,
    0xce, 0x30, 0x00, 0x9e, 0x30, 0x00, 0x4f, 0x40, 0x00, 0x08, 0xe0, 0x00, 0x00, 0x7f, 0x40, 0x00,
    0x01, 0xbf, 0xc8, 0x30, 0x00, 0x59, 0xef, 0x80, 0x00, 0x00, 0x9b, 0x00, 0x00, 0x1e, 0x80, 0x00,
    0x00, 0x70, 0x86, 0x8b, 0xa3, 0x0b, 0xc8, 0x5c, 0xd0, 0xbb, 0x00, 0x5f, 0x4b, 0x80, 0x04, 0xf4,
    0xb8, 0x00, 0x4f, 0x4b, 0x80, 0x04, 0xf4, 0xb8, 0x00, 0x4f, 0x4b, 0x80, 0x04, 0xf4, 0x00, 0x34,
    0x00, 0x01, 0xcf, 0xfe, 0x60, 0x9d, 0x20, 0x9e, 0x1b, 0x80, 0x04, 0xf4, 0xb8, 0x00, 0x4f, 0x4b,
    0xdb, 0xbc, 0xf4, 0xbb, 0x88, 0x9f, 0x4b, 0x80, 0x04, 0xf4, 0xb8, 0x00, 0x4f, 0x49, 0xe4, 0x29,
    0xe0, 0x1b, 0xff, 0xd4, 0x00, 0x01, 0x20, 0x00, 0x3b, 0xbb, 0x80, 0x00, 0x28, 0x8b, 0xb0, 0x00,
    0x00, 0x08, 0xb0, 0x00, 0x00, 0x08, 0xb0, 0x00, 0x00, 0x08, 0xb0, 0x00, 0x00, 0x08, 0xb0, 0x00,
    0x00, 0x07, 0xe5, 0x43, 0x00, 0x01, 0xaf, 0xfb, 0x68, 0x00, 0x1a, 0x78, 0xb0, 0x08, 0xe1, 0x8b,
    0x03, 0xf5, 0x08, 0xd8, 0xcb, 0x00, 0x8e, 0xbe, 0xb0, 0x08, 0xb0, 0x4f, 0x50, 0x8b, 0x00, 0x9e,
    0x18, 0xb0, 0x01, 0xe9, 0x00, 0x24, 0x00, 0x00, 0x00, 0x4f, 0x30, 0x00, 0x00, 0x0d, 0x90, 0x00,
    0x00, 0x08, 0xe0, 0x00, 0x00, 0x0d, 0xe6, 0x00, 0x00, 0x5f, 0xaa, 0x00, 0x00, 0x9a, 0x6f, 0x20,
    0x01, 0xf6, 0x0e, 0x70, 0x06, 0xf1, 0x09, 0xc0, 0x0c, 0x90, 0x04, 0xf3, 0x2f, 0x50, 0x00, 0xd8,
    0x88, 0x00, 0x3b, 0x3b, 0xb0, 0x04, 0xf4, 0xbb, 0x00, 0x4f, 0x4b, 0xb0, 0x04, 0xf4, 0xbb, 0x00,
    0x4f, 0x4b, 0xb0, 0x04, 0xf4, 0xbc, 0x41, 0xaf, 0x4b, 0xae, 0xfb, 0xf4, 0xbb, 0x02, 0x00, 0x0b,
    0xb0, 0x00, 0x00, 0x66, 0x00, 0x00, 0x00, 0x2b, 0x30, 0x00, 0x97, 0x0d, 0x80, 0x02, 0xf5, 0x08,
    0xd0, 0x07, 0xe0, 0x03, 0xf3, 0x0c, 0x90, 0x00, 0xd8, 0x2f, 0x50, 0x00, 0x8d, 0x7e, 0x00, 0x00,
    0x3f, 0xc9, 0x00, 0x00, 0x0d, 0xf5, 0x00, 0x00, 0x34, 0x40, 0x01, 0xbf, 0xff, 0xc1, 0x7f, 0x30,
    0x3e, 0x78, 0xe0, 0x00, 0x00, 0x2e, 0x74, 0x42, 0x00, 0x8f, 0xff, 0x80, 0x8e, 0x50, 0x00, 0x0b,
    0x90, 0x00, 0x00, 0xad, 0x10, 0x00, 0x03, 0xee, 0x95, 0x10, 0x01, 0x7b, 0xfe, 0x30, 0x00, 0x01,
    0xf8, 0x00, 0x00, 0x5f, 0x20, 0x00, 0x02, 0x50, 0x06, 0xbb, 0x91, 0x07, 0xf8, 0x8c, 0xc0, 0xb9,
    0x00, 0x3f, 0x3e, 0x80, 0x00, 0xf4, 0xf8, 0x00, 0x0f, 0x4c, 0x80, 0x02, 0xf4, 0x9e, 0x52, 0x9e,
    0x11, 0xbf, 0xfd, 0x30, 0x00, 0x00, 0x00, 0x00, 0x8b, 0xbb, 0xbb, 0xb8, 0x6b, 0xd8, 0x8f, 0xb6,
    0x08, 0xb0, 0x0f, 0x80, 0x08, 0xb0, 0x0f, 0x80, 0x08, 0xb0, 0x0f, 0x80, 0x08, 0xb0, 0x0f, 0x80,
    0x08, 0xb0, 0x0a, 0xc3, 0x08, 0xb0, 0x03, 0xdb, 0x00, 0x00, 0x00, 0x00, 0x05, 0xbb, 0x91, 0x05,
    0xf8, 0x6c, 0xc0, 0xbb, 0x00, 0x5f, 0x3b, 0xb0, 0x04, 0xf4, 0xbb, 0x00, 0x4f, 0x4b, 0xb0, 0x04,
    0xf4, 0xbc, 0x41, 0x9e, 0x0b, 0xac, 0xff, 0x60, 0xbb, 0x02, 0x00, 0x0b, 0xb0, 0x00, 0x00, 0x66,
    0x00, 0x00, 0x00, 0x05, 0xbb, 0xa3, 0x05, 0xf8, 0x8c, 0xe1, 0xba, 0x00, 0x1b, 0x3b, 0x80, 0x00,
    0x00, 0xb8, 0x00, 0x00, 0x0a, 0xb0, 0x00, 0x00, 0x4f, 0xc7, 0x20, 0x00, 0x39, 0xef, 0x80, 0x00,
    0x00, 0x9d, 0x00, 0x00, 0x1d, 0x80, 0x00, 0x00, 0x61, 0x00, 0x04, 0x9b, 0xbb, 0xb5, 0xf9, 0x8e,
    0x98, 0xb9, 0x00, 0x5e, 0x1b, 0x80, 0x04, 0xf4, 0xb8, 0x00, 0x4f, 0x4b, 0x80, 0x04, 0xf4, 0x9e,
    0x42, 0xad, 0x01, 0xbf, 0xfd, 0x30, 0x00, 0x12, 0x00, 0x00, 0x6b, 0xbb, 0xbb, 0xb3, 0x48, 0x8f,
    0x98, 0x82, 0x00, 0x0f, 0x40, 0x00, 0x00, 0x0f, 0x40, 0x00, 0x00, 0x0f, 0x40, 0x00, 0x00, 0x0f,
    0x40, 0x00, 0x00, 0x0e, 0x94, 0x41, 0x00, 0x06, 0xef, 0xf4, 0x86, 0x00, 0x3b, 0x3b, 0x80, 0x04,
    0xf4, 0xb8, 0x00, 0x4f, 0x4b, 0x80, 0x04, 0xf4, 0xb8, 0x00, 0x4f, 0x4b, 0x90, 0x04, 0xf4, 0x8e,
    0x42, 0xae, 0x01, 0xbf, 0xfd, 0x30, 0x00, 0x12, 0x00, 0x00, 0x03, 0x83, 0xb9, 0x40, 0x0d, 0x94,
    0xd8, 0xf4, 0x4f, 0x14, 0xb0, 0x99, 0x4f, 0x04, 0xb0, 0x8b, 0x4f, 0x04, 0xb0, 0x8b, 0x4f, 0x04,
    0xb0, 0x8a, 0x1e, 0x95, 0xb4, 0xe6, 0x03, 0xdf, 0xfe, 0x80, 0x00, 0x08, 0xf0, 0x00, 0x00, 0x08,
    0xf0, 0x00, 0x00, 0x04, 0x80, 0x00, 0x0a, 0x80, 0x03, 0xb4, 0x05, 0xf3, 0x0b, 0xb0, 0x00, 0xac,
    0x7e, 0x20, 0x00, 0x1e, 0xf7, 0x00, 0x00, 0x1d, 0xf5, 0x00, 0x00, 0x9d, 0x8e, 0x10, 0x05, 0xf4,
    0x0c, 0xb0, 0x1e, 0x80, 0x03, 0xf7, 0x3b, 0x06, 0x80, 0x68, 0x4f, 0x08, 0xb0, 0x8b, 0x4f, 0x08,
    0xb0, 0x8b, 0x4f, 0x08, 0xb0, 0x8b, 0x4f, 0x08, 0xb0, 0x8b, 0x4f, 0x08, 0xb0, 0x8b, 0x1e, 0x88,
    0xb5, 0xe6, 0x03, 0xdf, 0xfe, 0x80, 0x00, 0x08, 0xf0, 0x00, 0x00, 0x08, 0xf0, 0x00, 0x00, 0x04,
    0x80, 0x00, 0x03, 0x80, 0x06, 0x70, 0x0e, 0x90, 0x06, 0xf5, 0x4f, 0x10, 0x00, 0xa9, 0x4f, 0x06,
    0x80, 0x8b, 0x4f, 0x08, 0xb0, 0x8b, 0x4f, 0x08, 0xb0, 0x8b, 0x3f, 0x38, 0xc1, 0xb9, 0x0b, 0xfc,
    0x6f, 0xe3, 0x00, 0x20, 0x01, 0x00, 0x1a, 0xb4, 0x7f, 0xfd, 0x6f, 0xfc, 0x07, 0x82, 0x02, 0x9a,
    0x50, 0x0d, 0x75, 0xe4, 0x0f, 0x00, 0x88, 0x0f, 0x00, 0x88, 0x0f, 0x00, 0x88, 0x0d, 0x75, 0xd4,
    0x02, 0x9b, 0x50, 0x00, 0x02, 0xd0, 0x14, 0x04, 0xf0, 0x4f, 0x04, 0xf0, 0x3b, 0x00, 0x00, 0x07,
    0x30, 0x00, 0x6c, 0x00, 0x02, 0xd2, 0x31, 0x0b, 0x70, 0xb4, 0x0f, 0xbb, 0xe4, 0x04, 0x44, 0xc4,
    0x00, 0x00, 0x83, 0x06, 0x88, 0x82, 0x0b, 0x74, 0x41, 0x0b, 0x96, 0x20, 0x06, 0x88, 0xd3, 0x04,
    0x00, 0x88, 0x0d, 0x74, 0xd5, 0x03, 0x9b, 0x60, 0x00, 0x18, 0x00, 0x00, 0x88, 0x00, 0x04, 0xd5,
    0x20, 0x0d, 0xa8, 0xe4, 0x3f, 0x00, 0x88, 0x0e, 0x74, 0xc6, 0x03, 0x9b, 0x60, 0x88, 0x88, 0x4f,
    0x44, 0xb7, 0x80, 0x2e, 0x10, 0x08, 0x90, 0x01, 0xe2, 0x00, 0x89, 0x00, 0x0a, 0x40, 0x00, 0x03,
    0x9b, 0x60, 0x0d, 0x74, 0xd6, 0x0c, 0x31, 0xb4, 0x06, 0xec, 0xa1, 0x1f, 0x10, 0x87, 0x0e, 0x54,
    0xc7, 0x03, 0x9b, 0x70, 0x02, 0x9a, 0x50, 0x0d, 0x75, 0xd4, 0x0f, 0x00, 0x88, 0x0c, 0xa7, 0xe4,
    0x01, 0x6a, 0xa0, 0x00, 0x2d, 0x20, 0x00, 0x86, 0x00, 0x01, 0x30, 0x00, 0x4b, 0x00, 0x8c, 0xeb,
    0x33, 0x7c, 0x41, 0x03, 0x80, 0x00, 0x04, 0x44, 0x40, 0x0b, 0xbb, 0xb0, 0xbb, 0xbb, 0x34, 0x44,
    0x41, 0x44, 0x44, 0x18, 0x88, 0x82, 0x00, 0x04, 0xe1, 0x98, 0x0d, 0x50, 0xf4, 0x0d, 0x50, 0x99,
    0x02, 0xa0, 0x00, 0x02, 0xe1, 0x0c, 0x60, 0x8a, 0x08, 0xb0, 0x8a, 0x0d, 0x62, 0xa0, 0x14, 0x28,
    0x20, 0x4f, 0x99, 0xf2, 0x4f, 0x00, 0xf4, 0x4f, 0x00, 0xf4, 0x3b, 0x00, 0xb3, 0x00, 0x68, 0x20,
    0x0b, 0xa8, 0xd2, 0x0f, 0x00, 0x88, 0x0f, 0x00, 0x88, 0x0f, 0x00, 0x88, 0x0e, 0x41, 0xc6, 0x05,
    0xce, 0x80, 0x04, 0x82, 0x08, 0xcf, 0x40, 0x40, 0xf4, 0x00, 0x0f, 0x40, 0x00, 0xf4, 0x00, 0x0f,
    0x40, 0xbb, 0xbb, 0x80, 0x06, 0x82, 0x08, 0xa8, 0xe2, 0x81, 0x0b, 0x60, 0x04, 0xd2, 0x06, 0xd3,
    0x08, 0xc1, 0x00, 0x8b, 0xbb, 0x60, 0x06, 0x88, 0x82, 0x06, 0x88, 0xf3, 0x00, 0x2c, 0x40, 0x00,
    0x3b, 0xc1, 0x04, 0x00, 0x98, 0x0e, 0x31, 0xb6, 0x05, 0xde, 0x80, 0x00, 0x06, 0x40, 0x00, 0x4d,
    0x10, 0x01, 0xd4, 0x00, 0x09, 0x80, 0xb4, 0x0f, 0x88, 0xd4, 0x08, 0x88, 0xd4, 0x00, 0x00, 0x83,
    0x06, 0x88, 0x82, 0x0b, 0x98, 0x82, 0x0b, 0x73, 0x00, 0x08, 0xbb, 0xd2, 0x04, 0x00, 0x98, 0x0e,
    0x31, 0xb7, 0x05, 0xce, 0x80, 0x00, 0x08, 0x10, 0x00, 0x8a, 0x00, 0x02, 0xd4, 0x00, 0x0b, 0xb9,
    0xe2, 0x2f, 0x00, 0x88, 0x1f, 0x31, 0xb7, 0x05, 0xde, 0x80, 0x88, 0x88, 0x4f, 0x88, 0xc8, 0x80,
    0x1e, 0x20, 0x08, 0x90, 0x00, 0xd4, 0x00, 0x6b, 0x00, 0x09, 0x40, 0x00, 0x00, 0x44, 0x20, 0x0b,
    0xa8, 0xd2, 0x0e, 0x10, 0xa6, 0x05, 0xcb, 0x90, 0x0e, 0x54, 0xc5, 0x2f, 0x10, 0x88, 0x08, 0xec,
    0xb1, 0x00, 0x00, 0x00, 0x01, 0x68, 0x20, 0x0b, 0xa8, 0xd2, 0x0f, 0x00, 0x88, 0x0d, 0x74, 0xd5,
    0x03, 0x8b, 0xc0, 0x00, 0x1d, 0x30, 0x00, 0x68, 0x00, 0x00, 0x44, 0x00, 0x00, 0x88, 0x00, 0x0f,
    0xff, 0xf0, 0x00, 0x88, 0x00, 0x00, 0x44, 0x00, 0x0f, 0xff, 0xf0, 0x00, 0x00, 0x00, 0xbb, 0xbb,
    0x00, 0x00, 0xff, 0xff, 0x2a, 0x08, 0x90, 0xd5, 0x0f, 0x40, 0xe4, 0x0a, 0x80, 0x4e, 0x10, 0x00,
    0x2a, 0x00, 0xd5, 0x08, 0x90, 0x8b, 0x08, 0xb0, 0xc7, 0x2e, 0x10, 0x00, 0x00, 0x42, 0x02, 0xd9,
    0xd8, 0x03, 0x8a, 0xb7, 0xc4, 0x7b, 0x5e, 0xbb, 0xb0, 0x12, 0x00, 0x00, 0x33, 0x00, 0x1c, 0xcc,
    0xb0, 0x6e, 0x88, 0xf4, 0x6d, 0x44, 0x51, 0x1b, 0xcc, 0xb1, 0x00, 0x12, 0x00, 0x00, 0x33, 0x00,
    0x1c, 0xcc, 0xc1, 0x6d, 0x00, 0xd6, 0x6d, 0x00, 0xd5, 0x0b, 0xdd, 0xb0, 0x00, 0x11, 0x00, 0x23,
    0x00, 0x41, 0x2e, 0x49, 0xa0, 0x05, 0xed, 0x10, 0x08, 0xce, 0x20, 0x4e, 0x27, 0xc0, 0x00, 0x00,
    0x00, 0x04, 0x9a, 0x50, 0x0c, 0x88, 0xe5, 0x28, 0x88, 0xca, 0x4f, 0xbb, 0xdb, 0x1e, 0x52, 0xd7,
    0x06, 0xdf, 0x80, 0x28, 0x00, 0x00, 0x4f, 0x04, 0x10, 0x4f, 0xac, 0xe1, 0x4f, 0x00, 0xf4, 0x4f,
    0x00, 0xf4, 0x4f, 0x00, 0xf4, 0x00, 0x00, 0x00, 0x28, 0x00, 0x00, 0x4f, 0x01, 0x41, 0x4f, 0x1c,
    0x90, 0x4f, 0xca, 0x00, 0x4f, 0x8e, 0x10, 0x4f, 0x09, 0xc1, 0x00, 0x00, 0x00, 0x28, 0x4f, 0x4f,
    0x4f, 0x4f, 0x4f, 0x00, 0x14, 0x14, 0x01, 0x40, 0x4f, 0xbd, 0x9b, 0xdb, 0x4f, 0x04, 0xf0, 0x4f,
    0x4f, 0x04, 0xf0, 0x4f, 0x4f, 0x04, 0xf0, 0x4f, 0x00, 0x00, 0x00, 0x00, 0x14, 0x04, 0x10, 0x4f,
    0xac, 0xe1, 0x4f, 0x00, 0xf4, 0x4f, 0x00, 0xf4, 0x4f, 0x00, 0xf4, 0x00, 0x00, 0x00, 0x14, 0x04,
    0x10, 0x4f, 0xac, 0xe2, 0x4f, 0x10, 0xc8, 0x4f, 0x10, 0xc8, 0x4f, 0xbc, 0xd2, 0x4f, 0x00, 0x00,
    0x28, 0x00, 0x00, 0x00, 0x42, 0x02, 0xe9, 0xd8, 0x3f, 0x86, 0x11, 0x55, 0xad, 0x2d, 0xbd, 0x80,
    0x03, 0x00, 0x04, 0x00, 0x3f, 0x40, 0x8f, 0xb0, 0x0f, 0x00, 0x0f, 0x00, 0x0e, 0xc0, 0x00, 0x20,
    0x00, 0x08, 0x50, 0x00, 0x00, 0x09, 0xe1, 0x00, 0x00, 0x06, 0xf3, 0x00, 0x00, 0x03, 0xf9, 0x44,
    0x44, 0x40, 0xaf, 0xff, 0xff, 0xff, 0x01, 0xd9, 0x00, 0x00, 0x00, 0x03, 0xf6, 0x00, 0x00, 0x00,
    0x06, 0xe3, 0x00, 0x00, 0x00, 0x04, 0x30, 0x00, 0x00, 0x00, 0x00, 0x20, 0x00, 0x00, 0x1b, 0xe3,
    0x00, 0x01, 0xce, 0xef, 0x60, 0x3e, 0xa8, 0xb6, 0xf7, 0x89, 0x08, 0xb0, 0x3a, 0x30, 0x08, 0xb0,
    0x01, 0x00, 0x08, 0xb0, 0x00, 0x00, 0x08, 0xb0, 0x00, 0x00, 0x08, 0xb0, 0x00, 0x00, 0x08, 0xb0,
    0x00, 0x00, 0x08, 0xb0, 0x00, 0x00, 0x01, 0x83, 0x00, 0x00, 0x00, 0x08, 0xe1, 0x00, 0x00, 0x00,
    0x0c, 0xc0, 0x03, 0x44, 0x44, 0x5e, 0x80, 0xbf, 0xff, 0xff, 0xfe, 0x10, 0x00, 0x00, 0x3e, 0x60,
    0x00, 0x00, 0x1e, 0x90, 0x00, 0x00, 0x0b, 0xc0, 0x00, 0x00, 0x01, 0x41, 0x00, 0x00, 0x00, 0x02,
    0x30, 0x00, 0x00, 0x08, 0xb0, 0x00, 0x00, 0x08, 0xb0, 0x00, 0x00, 0x08, 0xb0, 0x00, 0x00, 0x08,
    0xb0, 0x00, 0x00, 0x08, 0xb0, 0x00, 0x41, 0x08, 0xb0, 0x03, 0x8c, 0x18, 0xb0, 0x6b, 0x1c, 0xc9,
    0xb9, 0xe5, 0x00, 0x9f, 0xee, 0x30, 0x00, 0x08, 0xc1, 0x00, 0x00, 0x00, 0x00, 0x00, 0x00, 0x03,
    0x82, 0x07, 0x60, 0x00, 0x00, 0x1c, 0xa0, 0x04, 0xf5, 0x00, 0x00, 0xac, 0x10, 0x00, 0x8e, 0x30,
    0x08, 0xf7, 0x44, 0x44, 0x4c, 0xc1, 0x1e, 0xff, 0xff, 0xff, 0xff, 0xf5, 0x04, 0xf5, 0x00, 0x00,
    0x1c, 0xa0, 0x00, 0x8e, 0x20, 0x00, 0x9c, 0x10, 0x00, 0x0a, 0xc1, 0x07, 0xe3, 0x00, 0x00, 0x01,
    0x41, 0x04, 0x30, 0x00, 0x00, 0x01, 0x50, 0x00, 0x00, 0x3e, 0xf7, 0x00, 0x04, 0xee, 0xde, 0x90,
    0x5f, 0x78, 0xb3, 0xd9, 0x86, 0x08, 0xb0, 0x18, 0x10, 0x08, 0xb0, 0x00, 0x00, 0x08, 0xb0, 0x00,
    0x00, 0x08, 0xb0, 0x00, 0x00, 0x08, 0xb0, 0x00, 0x00, 0x08, 0xb0, 0x00, 0x20, 0x08, 0xb0, 0x01,
    0x89, 0x08, 0xb0, 0x3a, 0x3e, 0x98, 0xb6, 0xe8, 0x02, 0xce, 0xdf, 0x60, 0x00, 0x1c, 0xe4, 0x00,
    0x00, 0x00, 0x20, 0x00, 0x14, 0x44, 0x44, 0x20, 0x4f, 0xff, 0xff, 0xc1, 0x4f, 0xf6, 0x00, 0x00,
    0x4f, 0x8f, 0x60, 0x00, 0x4f, 0x46, 0xf6, 0x00, 0x4f, 0x40, 0x6f, 0x60, 0x1c, 0x40, 0x06, 0xf6,
    0x00, 0x10, 0x00, 0x63, 0x00, 0x44, 0x44, 0x42, 0x09, 0xff, 0xff, 0xf8, 0x00, 0x00, 0x3e, 0xe8,
    0x00, 0x03, 0xe9, 0xb8, 0x00, 0x3e, 0x90, 0xb8, 0x03, 0xe9, 0x00, 0xb8, 0x2e, 0x90, 0x00, 0xb5,
    0x06, 0x00, 0x00, 0x30, 0x19, 0x10, 0x00, 0x60, 0x1c, 0xc1, 0x00, 0xb7, 0x01, 0xcc, 0x10, 0xb8,
    0x00, 0x1c, 0xc1, 0xb8, 0x00, 0x01, 0xcc, 0xb8, 0x04, 0x44, 0x5e, 0xf8, 0x06, 0xff, 0xff, 0xf8,
    0x03, 0x00, 0x00, 0x96, 0x2e, 0x00, 0x09, 0xe3, 0x4f, 0x00, 0x9e, 0x30, 0x4f, 0x09, 0xe3, 0x00,
    0x4f, 0x9e, 0x30, 0x00, 0x4f, 0xe7, 0x44, 0x41, 0x4f, 0xff, 0xff, 0xc0, 0x34, 0x44, 0x44, 0x18,
    0xbb, 0xbb, 0xb3, 0x00, 0x00, 0x00, 0x03, 0x44, 0x44, 0x41, 0xbf, 0xff, 0xff, 0x40, 0x00, 0x00,
    0x00, 0x00, 0x00, 0x00, 0x0b, 0xff, 0xff, 0xf4, 0x00, 0x00, 0x00, 0x00, 0x20, 0x00, 0x00, 0x00,
    0x0f, 0x92, 0x00, 0x00, 0x00, 0xff, 0xf9, 0x20, 0x00, 0x0f, 0xff, 0xff, 0x92, 0x00, 0xff, 0xff,
    0xff, 0xf9, 0x1f, 0xff, 0xff, 0xfe, 0x81, 0xff, 0xff, 0xe8, 0x10, 0x0f, 0xfe, 0x81, 0x00, 0x00,
    0xe8, 0x10, 0x00, 0x00, 0x01, 0x00, 0x00, 0x00, 0x00, 0x20, 0x00, 0x00, 0x00, 0x0e, 0x92, 0x00,
    0x00, 0x00, 0xb3, 0xb9, 0x20, 0x00, 0x0b, 0x00, 0x4b, 0x92, 0x00, 0xb0, 0x00, 0x04, 0xb9, 0x1b,
    0x00, 0x00, 0x4a, 0x81, 0xb0, 0x04, 0xa8, 0x10, 0x0b, 0x4a, 0x81, 0x00, 0x00, 0xe8, 0x10, 0x00,
    0x00, 0x01, 0x00, 0x00, 0x00, 0x00, 0x00, 0x01, 0x45, 0x30, 0x00, 0x00, 0x8f, 0xff, 0xfb, 0x10,
    0x07, 0xff, 0xff, 0xff, 0xc0, 0x0d, 0xff, 0xff, 0xff, 0xf5, 0x2f, 0xff, 0xff, 0xff, 0xf8, 0x1f,
    0xff, 0xff, 0xff, 0xf8, 0x0d, 0xff, 0xff, 0xff, 0xf5, 0x05, 0xff, 0xff, 0xff, 0xb0, 0x00, 0x6e,
    0xff, 0xfa, 0x10, 0x00, 0x00, 0x44, 0x20, 0x00,
};

static const prim_glyph_t ui_font_mono_14_glyphs[] = {
    {32, 0, 0, 0, 0, 0, 8},
    {33, 0, 3, 12, 3, 11, 8},
    {34, 18, 6, 5, 1, 11, 8},
    {35, 33, 8, 11, 0, 11, 8},
    {36, 77, 8, 15, 0, 13, 8},
    {37, 137, 9, 12, 0, 11, 8},
    {38, 191, 9, 12, 0, 11, 8},
    {39, 245, 2, 5, 3, 11, 8},
    {40, 250, 5, 14, 2, 12, 8},
    {41, 285, 5, 14, 1, 12, 8},
    {42, 320, 8, 8, 0, 9, 8},
    {43, 352, 8, 7, 0, 8, 8},
    {44, 380, 4, 6, 2, 3, 8},
    {45, 392, 6, 2, 1, 6, 8},
    {46, 398, 3, 4, 3, 3, 8},
    {47, 404, 8, 14, 0, 12, 8},
    {48, 460, 7, 12, 1, 11, 8},
    {49, 502, 7, 11, 1, 11, 8},
    {50, 541, 7, 11, 1, 11, 8},
    {51, 580, 8, 12, 0, 11, 8},
    {52, 628, 7, 11, 0, 11, 8},
    {53, 667, 7, 12, 1, 11, 8},
    {54, 709, 8, 12, 0, 11, 8},
    {55, 757, 7, 11, 1, 11, 8},
    {56, 796, 8, 12, 0, 11, 8},
    {57, 844, 8, 11, 0, 11, 8},
    {58, 888, 4, 9, 2, 8, 8},
    {59, 906, 4, 11, 2, 8, 8},
    {60, 928, 7, 9, 1, 9, 8},
    {61, 960, 7, 5, 1, 7, 8},
    {62, 978, 7, 9, 1, 9, 8},
    {63, 1010, 6, 12, 1, 11, 8},
    {64, 1046, 8, 14, 0, 11, 8},
    {65, 1102, 8, 11, 0, 11, 8},
    {66, 1146, 7, 11, 1, 11, 8},
    {67, 1185, 7, 12, 1, 11, 8},
    {68, 1227, 7, 11, 1, 11, 8},
    {69, 1266, 7, 11, 1, 11, 8},
    {70, 1305, 7, 11, 1, 11, 8},
    {71, 1344, 7, 12, 1, 11, 8},
    {72, 1386, 7, 11, 1, 11, 8},
    {73, 1425, 6, 11, 1, 11, 8},
    {74, 1458, 7, 12, 0, 11, 8},
    {75, 1500, 7, 11, 1, 11, 8},
    {76, 1539, 7, 11, 1, 11, 8},
    {77, 1578, 8, 11, 0, 11, 8},
    {78, 1622, 7, 11, 1, 11, 8},
    {79, 1661, 7, 12, 1, 11, 8},
    {80, 1703, 7, 11, 1, 11, 8},
    {81, 1742, 7, 14, 1, 11, 8},
    {82, 1791, 7, 11, 1, 11, 8},
    {83, 1830, 8, 12, 0, 11, 8},
    {84, 1878, 8, 11, 0, 11, 8},
    {85, 1922, 7, 12, 1, 11, 8},
    {86, 1964, 8, 11, 0, 11, 8},
    {87, 2008, 9, 11, 0, 11, 8},
    {88, 2058, 8, 11, 0, 11, 8},
    {89, 2102, 8, 11, 0, 11, 8},
    {90, 2146, 7, 11, 1, 11, 8},
    {91, 2185, 5, 14, 2, 12, 8},
    {92, 2220, 8, 14, 0, 12, 8},
    {93, 2276, 4, 14, 2, 12, 8},
    {94, 2304, 7, 7, 1, 11, 8},
    {95, 2329, 8, 2, 0, 0, 8},
    {96, 2337, 4, 2, 2, 11, 8},
    {97, 2341, 8, 9, 0, 8, 8},
    {98, 2377, 7, 12, 1, 11, 8},
    {99, 2419, 7, 9, 1, 8, 8},
    {100, 2451, 7, 12, 1, 11, 8},
    {101, 2493, 7, 9, 1, 8, 8},
    {102, 2525, 8, 11, 0, 11, 8},
    {103, 2569, 7, 11, 1, 8, 8},
    {104, 2608, 7, 11, 1, 11, 8},
    {105, 2647, 7, 11, 1, 11, 8},
    {106, 2686, 6, 14, 1, 11, 8},
    {107, 2728, 7, 11, 1, 11, 8},
    {108, 2767, 8, 11, 0, 11, 8},
    {109, 2811, 8, 8, 0, 8, 8},
    {110, 2843, 7, 8, 1, 8, 8},
    {111, 2871, 7, 9, 1, 8, 8},
    {112, 2903, 7, 11, 1, 8, 8},
    {113, 2942, 7, 11, 1, 8, 8},
    {114, 2981, 7, 8, 1, 8, 8},
    {115, 3009, 7, 9, 1, 8, 8},
    {116, 3041, 8, 10, 0, 10, 8},
    {117, 3081, 7, 9, 1, 8, 8},
    {118, 3113, 8, 8, 0, 8, 8},
    {119, 3145, 9, 8, 0, 8, 8},
    {120, 3181, 8, 8, 0, 8, 8},
    {121, 3213, 8, 11, 0, 8, 8},
    {122, 3257, 7, 8, 1, 8, 8},
    {123, 3285, 7, 14, 1, 12, 8},
    {124, 3334, 2, 14, 3, 12, 8},
    {125, 3348, 7, 14, 1, 12, 8},
    {126, 3397, 8, 4, 0, 7, 8},
    {160, 3413, 0, 0, 0, 0, 8},
    {161, 3413, 3, 11, 3, 8, 8},
    {162, 3430, 7, 12, 1, 10, 8},
    {163, 3472, 7, 11, 1, 11, 8},
    {164, 3511, 8, 8, 0, 9, 8},
    {165, 3543, 8, 11, 0, 11, 8},
    {166, 3587, 2, 14, 3, 12, 8},
    {167, 3601, 7, 14, 1, 11, 8},
    {168, 3650, 6, 2, 1, 11, 8},
    {169, 3656, 8, 10, 0, 11, 8},
    {170, 3696, 4, 5, 2, 11, 8},
    {171, 3706, 8, 8, 0, 8, 8},
    {172, 3738, 6, 4, 1, 6, 8},
    {173, 3750, 6, 2, 1, 6, 8},
    {174, 3756, 8, 10, 0, 11, 8},
    {175, 3796, 6, 2, 1, 11, 8},
    {176, 3802, 5, 5, 2, 11, 8},
    {177, 3815, 8, 8, 0, 8, 8},
    {178, 3847, 5, 7, 2, 12, 8},
    {179, 3865, 6, 7, 1, 12, 8},
    {180, 3886, 4, 2, 3, 11, 8},
    {181, 3890, 7, 11, 1, 8, 8},
    {182, 3929, 8, 14, 0, 11, 8},
    {183, 3985, 3, 3, 3, 6, 8},
    {184, 3990, 4, 4, 2, 1, 8},
    {185, 3998, 5, 7, 2, 12, 8},
    {186, 4016, 4, 5, 2, 11, 8},
    {187, 4026, 9, 8, 0, 8, 8},
    {188, 4062, 9, 11, 0, 11, 8},
    {189, 4112, 9, 11, 0, 11, 8},
    {190, 4162, 9, 11, 0, 11, 8},
    {191, 4212, 6, 11, 1, 8, 8},
    {192, 4245, 8, 14, 0, 14, 8},
    {193, 4301, 8, 14, 0, 14, 8},
    {194, 4357, 8, 14, 0, 14, 8},
    {195, 4413, 8, 14, 0, 14, 8},
    {196, 4469, 8, 14, 0, 14, 8},
    {197, 4525, 8, 14, 0, 14, 8},
    {198, 4581, 9, 11, 0, 11, 8},
    {199, 4631, 7, 14, 1, 11, 8},
    {200, 4680, 7, 14, 1, 14, 8},
    {201, 4729, 7, 14, 1, 14, 8},
    {202, 4778, 7, 14, 1, 14, 8},
    {203, 4827, 7, 14, 1, 14, 8},
    {204, 4876, 6, 14, 1, 14, 8},
    {205, 4918, 6, 14, 1, 14, 8},
    {206, 4960, 6, 14, 1, 14, 8},
    {207, 5002, 6, 14, 1, 14, 8},
    {208, 5044, 8, 11, 0, 11, 8},
    {209, 5088, 7, 14, 1, 14, 8},
    {210, 5137, 7, 15, 1, 14, 8},
    {211, 5190, 7, 15, 1, 14, 8},
    {212, 5243, 7, 15, 1, 14, 8},
    {213, 5296, 7, 15, 1, 14, 8},
    {214, 5349, 7, 15, 1, 14, 8},
    {215, 5402, 6, 7, 1, 8, 8},
    {216, 5423, 8, 12, 0, 11, 8},
    {217, 5471, 7, 15, 1, 14, 8},
    {218, 5524, 7, 15, 1, 14, 8},
    {219, 5577, 7, 15, 1, 14, 8},
    {220, 5630, 7, 15, 1, 14, 8},
    {221, 5683, 8, 14, 0, 14, 8},
    {222, 5739, 7, 11, 1, 11, 8},
    {223, 5778, 7, 11, 1, 11, 8},
    {224, 5817, 8, 12, 0, 11, 8},
    {225, 5865, 8, 12, 0, 11, 8},
    {226, 5913, 8, 12, 0, 11, 8},
    {227, 5961, 8, 12, 0, 11, 8},
    {228, 6009, 8, 12, 0, 11, 8},
    {229, 6057, 8, 13, 0, 12, 8},
    {230, 6109, 8, 9, 0, 8, 8},
    {231, 6145, 7, 11, 1, 8, 8},
    {232, 6184, 7, 12, 1, 11, 8},
    {233, 6226, 7, 12, 1, 11, 8},
    {234, 6268, 7, 12, 1, 11, 8},
    {235, 6310, 7, 12, 1, 11, 8},
    {236, 6352, 7, 11, 1, 11, 8},
    {237, 6391, 7, 11, 1, 11, 8},
    {238, 6430, 7, 11, 1, 11, 8},
    {239, 6469, 7, 11, 1, 11, 8},
    {240, 6508, 8, 12, 0, 11, 8},
    {241, 6556, 7, 11, 1, 11, 8},
    {242, 6595, 7, 12, 1, 11, 8},
    {243, 6637, 7, 12, 1, 11, 8},
    {244, 6679, 7, 12, 1, 11, 8},
    {245, 6721, 7, 12, 1, 11, 8},
    {246, 6763, 7, 12, 1, 11, 8},
    {247, 6805, 6, 9, 1, 9, 8},
    {248, 6832, 8, 10, 0, 9, 8},
    {249, 6872, 7, 12, 1, 11, 8},
    {250, 6914, 7, 12, 1, 11, 8},
    {251, 6956, 7, 12, 1, 11, 8},
    {252, 6998, 7, 12, 1, 11, 8},
    {253, 7040, 8, 14, 0, 11, 8},
    {254, 7096, 7, 14, 1, 11, 8},
    {255, 7145, 8, 14, 0, 11, 8},
    {256, 7201, 8, 13, 0, 13, 8},
    {257, 7253, 8, 12, 0, 11, 8},
    {258, 7301, 8, 14, 0, 14, 8},
    {259, 7357, 8, 12, 0, 11, 8},
    {260, 7405, 9, 14, 0, 11, 8},
    {261, 7468, 8, 11, 0, 8, 8},
    {262, 7512, 7, 15, 1, 14, 8},
    {263, 7565, 7, 12, 1, 11, 8},
    {264, 7607, 7, 15, 1, 14, 8},
    {265, 7660, 7, 12, 1, 11, 8},
    {266, 7702, 7, 15, 1, 14, 8},
    {267, 7755, 7, 12, 1, 11, 8},
    {268, 7797, 7, 15, 1, 14, 8},
    {269, 7850, 7, 12, 1, 11, 8},
    {270, 7892, 7, 14, 1, 14, 8},
    {271, 7941, 9, 12, 0, 11, 8},
    {272, 7995, 8, 11, 0, 11, 8},
    {273, 8039, 8, 12, 1, 11, 8},
    {274, 8087, 7, 13, 1, 13, 8},
    {275, 8133, 7, 12, 1, 11, 8},
    {276, 8175, 7, 14, 1, 14, 8},
    {277, 8224, 7, 12, 1, 11, 8},
    {278, 8266, 7, 14, 1, 14, 8},
    {279, 8315, 7, 12, 1, 11, 8},
    {280, 8357, 7, 14, 1, 11, 8},
    {281, 8406, 7, 11, 1, 8, 8},
    {282, 8445, 7, 14, 1, 14, 8},
    {283, 8494, 7, 12, 1, 11, 8},
    {284, 8536, 7, 15, 1, 14, 8},
    {285, 8589, 7, 14, 1, 11, 8},
    {286, 8638, 7, 15, 1, 14, 8},
    {287, 8691, 7, 14, 1, 11, 8},
    {288, 8740, 7, 15, 1, 14, 8},
    {289, 8793, 7, 14, 1, 11, 8},
    {290, 8842, 7, 15, 1, 11, 8},
    {291, 8895, 7, 16, 1, 13, 8},
    {292, 8951, 7, 14, 1, 14, 8},
    {293, 9000, 9, 14, -1, 14, 8},
    {294, 9063, 9, 11, 0, 11, 8},
    {295, 9113, 8, 11, 0, 11, 8},
    {296, 9157, 6, 14, 1, 14, 8},
    {297, 9199, 7, 11, 1, 11, 8},
    {298, 9238, 6, 13, 1, 13, 8},
    {299, 9277, 7, 11, 1, 11, 8},
    {300, 9316, 6, 14, 1, 14, 8},
    {301, 9358, 7, 11, 1, 11, 8},
    {302, 9397, 6, 14, 1, 11, 8},
    {303, 9439, 7, 14, 1, 11, 8},
    {304, 9488, 6, 14, 1, 14, 8},
    {305, 9530, 7, 8, 1, 8, 8},
    {306, 9558, 10, 12, 1, 11, 12},
    {307, 9618, 6, 14, 0, 11, 7},
    {308, 9660, 9, 15, 0, 14, 8},
    {309, 9728, 7, 14, 1, 11, 8},
    {310, 9777, 7, 15, 1, 11, 8},
    {311, 9830, 7, 15, 1, 11, 8},
    {312, 9883, 7, 8, 1, 8, 8},
    {313, 9911, 7, 14, 1, 14, 8},
    {314, 9960, 8, 14, 0, 14, 8},
    {315, 10016, 7, 15, 1, 11, 8},
    {316, 10069, 8, 15, 0, 11, 8},
    {317, 10129, 7, 11, 1, 11, 8},
    {318, 10168, 8, 11, 0, 11, 8},
    {319, 10212, 7, 11, 1, 11, 8},
    {320, 10251, 9, 11, 0, 11, 8},
    {321, 10301, 8, 11, 0, 11, 8},
    {322, 10345, 8, 11, 0, 11, 8},
    {323, 10389, 7, 14, 1, 14, 8},
    {324, 10438, 7, 11, 1, 11, 8},
    {325, 10477, 7, 15, 1, 11, 8},
    {326, 10530, 7, 12, 1, 8, 8},
    {327, 10572, 7, 14, 1, 14, 8},
    {328, 10621, 7, 11, 1, 11, 8},
    {329, 10660, 9, 12, -1, 12, 8},
    {330, 10714, 7, 14, 1, 11, 8},
    {331, 10763, 7, 11, 1, 8, 8},
    {332, 10802, 7, 14, 1, 13, 8},
    {333, 10851, 7, 12, 1, 11, 8},
    {334, 10893, 7, 15, 1, 14, 8},
    {335, 10946, 7, 12, 1, 11, 8},
    {336, 10988, 7, 15, 1, 14, 8},
    {337, 11041, 7, 12, 1, 11, 8},
    {338, 11083, 9, 12, 0, 11, 8},
    {339, 11137, 8, 9, 0, 8, 8},
    {340, 11173, 7, 14, 1, 14, 8},
    {341, 11222, 7, 11, 1, 11, 8},
    {342, 11261, 7, 15, 1, 11, 8},
    {343, 11314, 8, 12, 0, 8, 8},
    {344, 11362, 7, 14, 1, 14, 8},
    {345, 11411, 7, 11, 1, 11, 8},
    {346, 11450, 8, 15, 0, 14, 8},
    {347, 11510, 7, 12, 1, 11, 8},
    {348, 11552, 8, 15, 0, 14, 8},
    {349, 11612, 7, 12, 1, 11, 8},
    {350, 11654, 8, 14, 0, 11, 8},
    {351, 11710, 7, 11, 1, 8, 8},
    {352, 11749, 8, 15, 0, 14, 8},
    {353, 11809, 7, 12, 1, 11, 8},
    {354, 11851, 8, 14, 0, 11, 8},
    {355, 11907, 8, 13, 0, 10, 8},
    {356, 11959, 8, 14, 0, 14, 8},
    {357, 12015, 8, 12, 0, 12, 8},
    {358, 12063, 8, 11, 0, 11, 8},
    {359, 12107, 8, 10, 0, 10, 8},
    {360, 12147, 7, 15, 1, 14, 8},
    {361, 12200, 7, 12, 1, 11, 8},
    {362, 12242, 7, 14, 1, 13, 8},
    {363, 12291, 7, 12, 1, 11, 8},
    {364, 12333, 7, 15, 1, 14, 8},
    {365, 12386, 7, 12, 1, 11, 8},
    {366, 12428, 7, 15, 1, 14, 8},
    {367, 12481, 7, 13, 1, 12, 8},
    {368, 12527, 7, 15, 1, 14, 8},
    {369, 12580, 7, 12, 1, 11, 8},
    {370, 12622, 7, 14, 1, 11, 8},
    {371, 12671, 7, 11, 1, 8, 8},
    {372, 12710, 9, 14, 0, 14, 8},
    {373, 12773, 9, 11, 0, 11, 8},
    {374, 12823, 8, 14, 0, 14, 8},
    {375, 12879, 8, 14, 0, 11, 8},
    {376, 12935, 8, 14, 0, 14, 8},
    {377, 12991, 7, 14, 1, 14, 8},
    {378, 13040, 7, 11, 1, 11, 8},
    {379, 13079, 7, 14, 1, 14, 8},
    {380, 13128, 7, 11, 1, 11, 8},
    {381, 13167, 7, 14, 1, 14, 8},
    {382, 13216, 7, 11, 1, 11, 8},
    {383, 13255, 6, 11, 2, 11, 8},
    {913, 13288, 8, 11, 0, 11, 8},
    {914, 13332, 7, 11, 1, 11, 8},
    {915, 13371, 7, 11, 1, 11, 8},
    {916, 13410, 8, 11, 0, 11, 8},
    {917, 13454, 7, 11, 1, 11, 8},
    {918, 13493, 7, 11, 1, 11, 8},
    {919, 13532, 7, 11, 1, 11, 8},
    {920, 13571, 7, 12, 1, 11, 8},
    {921, 13613, 6, 11, 1, 11, 8},
    {922, 13646, 7, 11, 1, 11, 8},
    {923, 13685, 8, 11, 0, 11, 8},
    {924, 13729, 8, 11, 0, 11, 8},
    {925, 13773, 7, 11, 1, 11, 8},
    {926, 13812, 7, 11, 1, 11, 8},
    {927, 13851, 7, 12, 1, 11, 8},
    {928, 13893, 7, 11, 1, 11, 8},
    {929, 13932, 7, 11, 1, 11, 8},
    {931, 13971, 7, 11, 1, 11, 8},
    {932, 14010, 8, 11, 0, 11, 8},
    {933, 14054, 8, 11, 0, 11, 8},
    {934, 14098, 8, 12, 0, 11, 8},
    {935, 14146, 8, 11, 0, 11, 8},
    {936, 14190, 8, 11, 0, 11, 8},
    {937, 14234, 8, 11, 0, 11, 8},
    {938, 14278, 6, 14, 1, 14, 8},
    {939, 14320, 8, 14, 0, 14, 8},
    {940, 14376, 7, 12, 1, 11, 8},
    {941, 14418, 8, 12, 0, 11, 8},
    {942, 14466, 7, 11, 1, 11, 8},
    {943, 14505, 8, 11, 0, 11, 8},
    {944, 14549, 7, 14, 1, 13, 8},
    {945, 14598, 7, 9, 1, 8, 8},
    {946, 14630, 7, 14, 1, 11, 8},
    {947, 14679, 8, 11, 0, 8, 8},
    {948, 14723, 7, 12, 1, 11, 8},
    {949, 14765, 8, 9, 0, 8, 8},
    {950, 14801, 7, 14, 1, 11, 8},
    {951, 14850, 7, 8, 1, 8, 8},
    {952, 14878, 7, 12, 1, 11, 8},
    {953, 14920, 8, 8, 0, 8, 8},
    {954, 14952, 7, 8, 1, 8, 8},
    {955, 14980, 8, 11, 0, 11, 8},
    {956, 15024, 7, 11, 1, 8, 8},
    {957, 15063, 8, 8, 0, 8, 8},
    {958, 15095, 7, 14, 1, 11, 8},
    {959, 15144, 7, 9, 1, 8, 8},
    {960, 15176, 8, 9, 0, 8, 8},
    {961, 15212, 7, 11, 1, 8, 8},
    {962, 15251, 7, 11, 1, 8, 8},
    {963, 15290, 7, 9, 1, 8, 8},
    {964, 15322, 8, 8, 0, 8, 8},
    {965, 15354, 7, 9, 1, 8, 8},
    {966, 15386, 8, 11, 0, 8, 8},
    {967, 15430, 8, 8, 0, 8, 8},
    {968, 15462, 8, 11, 0, 8, 8},
    {969, 15506, 8, 9, 0, 8, 8},
    {8226, 15542, 4, 4, 2, 7, 8},
    {8304, 15550, 6, 7, 1, 12, 8},
    {8305, 15571, 3, 7, 0, 13, 3},
    {8308, 15582, 6, 7, 1, 12, 8},
    {8309, 15603, 6, 7, 1, 12, 8},
    {8310, 15624, 6, 7, 1, 12, 8},
    {8311, 15645, 5, 7, 2, 12, 8},
    {8312, 15663, 6, 7, 1, 12, 8},
    {8313, 15684, 6, 7, 1, 12, 8},
    {8314, 15705, 5, 5, 2, 9, 8},
    {8315, 15718, 6, 2, 0, 10, 6},
    {8316, 15724, 5, 4, 2, 10, 8},
    {8317, 15734, 3, 8, 1, 13, 4},
    {8318, 15746, 3, 8, 0, 13, 4},
    {8319, 15758, 6, 5, 0, 11, 6},
    {8320, 15773, 6, 7, 1, 5, 8},
    {8321, 15794, 5, 7, 2, 5, 8},
    {8322, 15812, 5, 7, 2, 5, 8},
    {8323, 15830, 6, 7, 1, 5, 8},
    {8324, 15851, 6, 7, 1, 5, 8},
    {8325, 15872, 6, 7, 1, 5, 8},
    {8326, 15893, 6, 7, 1, 5, 8},
    {8327, 15914, 5, 7, 2, 5, 8},
    {8328, 15932, 6, 8, 1, 5, 8},
    {8329, 15956, 6, 7, 1, 5, 8},
    {8330, 15977, 6, 5, 0, 3, 6},
    {8331, 15992, 6, 2, 0, 1, 6},
    {8332, 15998, 4, 3, 1, 2, 6},
    {8333, 16004, 3, 8, 1, 4, 4},
    {8334, 16016, 3, 8, 0, 4, 4},
    {8336, 16028, 5, 6, 0, 3, 6},
    {8337, 16043, 6, 6, 0, 3, 6},
    {8338, 16061, 6, 6, 0, 3, 6},
    {8339, 16079, 6, 6, 0, 3, 6},
    {8340, 16097, 6, 6, 0, 3, 6},
    {8341, 16115, 6, 7, 0, 4, 6},
    {8342, 16136, 6, 7, 0, 4, 6},
    {8343, 16157, 2, 7, 0, 4, 3},
    {8344, 16164, 8, 6, 0, 3, 9},
    {8345, 16188, 6, 6, 0, 3, 6},
    {8346, 16206, 6, 7, 0, 3, 6},
    {8347, 16227, 5, 6, 0, 3, 5},
    {8348, 16242, 4, 7, 0, 4, 3},
    {8592, 16256, 9, 9, 0, 9, 8},
    {8593, 16297, 8, 11, 0, 11, 8},
    {8594, 16341, 9, 9, 0, 9, 8},
    {8595, 16382, 8, 12, 0, 11, 8},
    {8596, 16430, 12, 9, -2, 9, 8},
    {8597, 16484, 8, 16, 0, 13, 8},
    {8598, 16548, 8, 8, 0, 11, 8},
    {8599, 16580, 8, 8, 0, 11, 8},
    {8600, 16612, 8, 7, 0, 7, 8},
    {8601, 16640, 8, 7, 0, 7, 8},
    {8801, 16668, 7, 9, 1, 9, 8},
    {9654, 16700, 9, 10, 0, 10, 8},
    {9655, 16745, 9, 10, 0, 10, 8},
    {9679, 16790, 10, 10, -1, 10, 8},
};

const prim_font_t ui_font_mono_14 = {
    .bitmap_data = ui_font_mono_14_bmp,
    .glyphs = ui_font_mono_14_glyphs,
    .glyph_count = 432,
    .line_height = 18,
    .baseline = 14,
    .ascent = 14,
    .descent = 4,
    .bpp = 4,
};
