/* Auto-generated by tools/font_gen/gen_fonts.js. Do not edit. */
#include <prim/text.h>
#include <ui/fonts.h>   /* UI_API extern decl -> correct visibility */

static const uint8_t ui_font_mono_25_bmp[] = {
    0x04, 0x44, 0x00, 0xff, 0xf0, 0x0e, 0xfe, 0x00, 0xbf, 0xb0, 0x0b, 0xfb, 0x00, 0xbf, 0xb0, 0x0b,
    0xfb, 0x00, 0xbf, 0xb0, 0x0b, 0xfb, 0x00, 0xbf, 0xb0, 0x0b, 0xfb, 0x00, 0xbf, 0xb0, 0x09, 0xf9,
    0x00, 0x48, 0x40, 0x00, 0x00, 0x00, 0x00, 0x00, 0x1c, 0xfd, 0x27, 0xff, 0xf7, 0x2e, 0xfe, 0x20,
    0x00, 0x00, 0x24, 0x41, 0x01, 0x44, 0x28, 0xff, 0x30, 0x3f, 0xf8, 0x8f, 0xf0, 0x00, 0xff, 0x88,
    0xff, 0x00, 0x0f, 0xf8, 0x8f, 0xf0, 0x00, 0xff, 0x88, 0xff, 0x00, 0x0f, 0xf8, 0x8f, 0xf0, 0x00,
    0xff, 0x88, 0xff, 0x00, 0x0f, 0xf8, 0x24, 0x40, 0x00, 0x44, 0x20, 0x00, 0x00, 0x03, 0x41, 0x00,
    0x04, 0x40, 0x00, 0x00, 0x00, 0xbf, 0x10, 0x00, 0xfc, 0x00, 0x00, 0x00, 0x0f, 0xe0, 0x00, 0x4f,
    0xa0, 0x00, 0x00, 0x03, 0xfb, 0x00, 0x07, 0xf8, 0x00, 0x00, 0x00, 0x5f, 0x80, 0x00, 0x8f, 0x40,
    0x00, 0x14, 0x49, 0xf8, 0x44, 0x4c, 0xf5, 0x40, 0x04, 0xff, 0xff, 0xff, 0xff, 0xff, 0xff, 0x00,
    0x28, 0x8f, 0xf8, 0x88, 0x9f, 0xd8, 0x80, 0x00, 0x01, 0xfc, 0x00, 0x05, 0xf8, 0x00, 0x00, 0x00,
    0x4f, 0x90, 0x00, 0x8f, 0x60, 0x00, 0x00, 0x07, 0xf8, 0x00, 0x0a, 0xf4, 0x00, 0x00, 0x00, 0x9f,
    0x40, 0x00, 0xdf, 0x00, 0x00, 0x4f, 0xff, 0xff, 0xff, 0xff, 0xff, 0xf4, 0x03, 0xbb, 0xfe, 0xbb,
    0xbc, 0xfd, 0xbb, 0x30, 0x00, 0x2f, 0xb0, 0x00, 0x6f, 0x80, 0x00, 0x00, 0x05, 0xf8, 0x00, 0x08,
    0xf4, 0x00, 0x00, 0x00, 0x8f, 0x60, 0x00, 0xbf, 0x20, 0x00, 0x00, 0x0a, 0xf3, 0x00, 0x0e, 0xe0,
    0x00, 0x00, 0x00, 0xdf, 0x00, 0x02, 0xfb, 0x00, 0x00, 0x00, 0x00, 0x00, 0x03, 0xb3, 0x00, 0x00,
    0x00, 0x00, 0x00, 0x4f, 0x40, 0x00, 0x00, 0x00, 0x00, 0x04, 0xf4, 0x00, 0x00, 0x00, 0x00, 0x03,
    0x8f, 0x94, 0x00, 0x00, 0x00, 0x1b, 0xff, 0xff, 0xfd, 0x30, 0x00, 0x1c, 0xff, 0xdf, 0xdf, 0xfe,
    0x30, 0x07, 0xff, 0x64, 0xf4, 0x3e, 0xfa, 0x00, 0xbf, 0xb0, 0x4f, 0x40, 0x8f, 0xf0, 0x0b, 0xfb,
    0x04, 0xf4, 0x04, 0x88, 0x00, 0xbf, 0xd0, 0x4f, 0x40, 0x00, 0x00, 0x07, 0xff, 0x95, 0xf4, 0x00,
    0x00, 0x00, 0x1c, 0xff, 0xff, 0x70, 0x00, 0x00, 0x00, 0x2c, 0xff, 0xff, 0xe8, 0x10, 0x00, 0x00,
    0x06, 0xbf, 0xff, 0xfc, 0x10, 0x00, 0x00, 0x04, 0xf8, 0xbf, 0xf9, 0x00, 0x00, 0x00, 0x4f, 0x40,
    0xbf, 0xf1, 0x00, 0x00, 0x04, 0xf4, 0x05, 0xff, 0x43, 0xbb, 0x30, 0x4f, 0x40, 0x4f, 0xf4, 0x2f,
    0xf8, 0x04, 0xf4, 0x07, 0xff, 0x20, 0xbf, 0xf7, 0x5f, 0x46, 0xef, 0xb0, 0x03, 0xef, 0xff, 0xff,
    0xff, 0xe3, 0x00, 0x02, 0x9f, 0xff, 0xff, 0x92, 0x00, 0x00, 0x00, 0x07, 0xf7, 0x00, 0x00, 0x00,
    0x00, 0x00, 0x4f, 0x40, 0x00, 0x00, 0x00, 0x00, 0x04, 0xf4, 0x00, 0x00, 0x00, 0x00, 0x00, 0x28,
    0x20, 0x00, 0x00, 0x00, 0x34, 0x41, 0x00, 0x00, 0x00, 0x14, 0x30, 0x9f, 0xff, 0xe6, 0x00, 0x00,
    0x0b, 0xf4, 0x6f, 0xe8, 0x8f, 0xe1, 0x00, 0x07, 0xf8, 0x0a, 0xf5, 0x00, 0xaf, 0x40, 0x02, 0xec,
    0x00, 0xbf, 0x40, 0x08, 0xf4, 0x00, 0xcf, 0x30, 0x0b, 0xf4, 0x00, 0x8f, 0x40, 0x8f, 0x80, 0x00,
    0x8f, 0x80, 0x0c, 0xf4, 0x3f, 0xc0, 0x00, 0x04, 0xff, 0xcd, 0xfc, 0x0c, 0xe2, 0x00, 0x00, 0x05,
    0xcf, 0xf9, 0x18, 0xf7, 0x00, 0x00, 0x00, 0x00, 0x00, 0x04, 0xfb, 0x00, 0x00, 0x00, 0x00, 0x00,
    0x01, 0xde, 0x20, 0x44, 0x10, 0x00, 0x00, 0x00, 0x8f, 0x64, 0xef, 0xff, 0x80, 0x00, 0x00, 0x4f,
    0xa1, 0xef, 0x98, 0xef, 0x50, 0x00, 0x1e, 0xe1, 0x4f, 0xa0, 0x06, 0xf9, 0x00, 0x0a, 0xf5, 0x04,
    0xf8, 0x00, 0x4f, 0xb0, 0x05, 0xf9, 0x00, 0x4f, 0x80, 0x04, 0xfb, 0x01, 0xed, 0x10, 0x04, 0xfb,
    0x00, 0x7f, 0x90, 0xbf, 0x40, 0x00, 0x0d, 0xfc, 0xbf, 0xf4, 0x7f, 0x80, 0x00, 0x00, 0x3b, 0xff,
    0xe6, 0x00, 0x00, 0x00, 0x00, 0x00, 0x00, 0x00, 0x00, 0x00, 0x00, 0x05, 0x88, 0x50, 0x00, 0x00,
    0x00, 0x00, 0x03, 0xcf, 0xff, 0xfd, 0x30, 0x00, 0x00, 0x00, 0x0c, 0xff, 0x99, 0xef, 0xe1, 0x00,
    0x00, 0x00, 0x4f, 0xf6, 0x00, 0x3f, 0xf7, 0x00, 0x00, 0x00, 0x4f, 0xf0, 0x00, 0x0b, 0xfa, 0x00,
    0x00, 0x00, 0x3f, 0xf4, 0x00, 0x03, 0x43, 0x00, 0x00, 0x00, 0x0b, 0xfc, 0x00, 0x00, 0x00, 0x00,
    0x00, 0x00, 0x03, 0xef, 0x90, 0x00, 0x00, 0x00, 0x00, 0x00, 0x06, 0xcf, 0xf6, 0x00, 0x00, 0x00,
    0x00, 0x03, 0xdf, 0xff, 0xfe, 0x30, 0x00, 0x14, 0x42, 0x0c, 0xfe, 0x84, 0xcf, 0xc1, 0x00, 0xcf,
    0xc1, 0x4f, 0xf6, 0x00, 0x2e, 0xfa, 0x09, 0xfe, 0x30, 0x7f, 0xf0, 0x00, 0x04, 0xff, 0xaf, 0xf5,
    0x00, 0x8f, 0xf0, 0x00, 0x00, 0x8f, 0xff, 0x70, 0x00, 0x8f, 0xf0, 0x00, 0x00, 0x2f, 0xff, 0x10,
    0x00, 0x5f, 0xf2, 0x00, 0x00, 0xcf, 0xff, 0xb0, 0x00, 0x1f, 0xfc, 0x20, 0x2a, 0xfe, 0x5e, 0xf8,
    0x00, 0x08, 0xff, 0xff, 0xff, 0xe3, 0x06, 0xff, 0x40, 0x00, 0x7e, 0xff, 0xfb, 0x30, 0x00, 0x9f,
    0xe2, 0x00, 0x00, 0x34, 0x20, 0x00, 0x00, 0x00, 0x00, 0x34, 0x3b, 0xfb, 0xbf, 0xbb, 0xfb, 0xbf,
    0xbb, 0xfb, 0xbf, 0xbb, 0xfb, 0x34, 0x30, 0x00, 0x00, 0x02, 0x8c, 0x00, 0x00, 0x08, 0xef, 0xf0,
    0x00, 0x09, 0xff, 0xe8, 0x00, 0x08, 0xff, 0xa1, 0x00, 0x04, 0xff, 0xa0, 0x00, 0x00, 0xaf, 0xe1,
    0x00, 0x00, 0x1f, 0xf8, 0x00, 0x00, 0x04, 0xff, 0x40, 0x00, 0x00, 0x7f, 0xf1, 0x00, 0x00, 0x08,
    0xff, 0x00, 0x00, 0x00, 0x8f, 0xf0, 0x00, 0x00, 0x08, 0xff, 0x00, 0x00, 0x00, 0x8f, 0xf0, 0x00,
    0x00, 0x08, 0xff, 0x00, 0x00, 0x00, 0x8f, 0xf0, 0x00, 0x00, 0x07, 0xff, 0x10, 0x00, 0x00, 0x4f,
    0xf4, 0x00, 0x00, 0x01, 0xff, 0x80, 0x00, 0x00, 0x0a, 0xfe, 0x10, 0x00, 0x00, 0x4f, 0xfb, 0x00,
    0x00, 0x00, 0x8f, 0xfb, 0x10, 0x00, 0x00, 0x9f, 0xfe, 0x90, 0x00, 0x00, 0x8e, 0xff, 0x00, 0x00,
    0x00, 0x28, 0xc0, 0x4c, 0x82, 0x00, 0x00, 0x04, 0xff, 0xe8, 0x00, 0x00, 0x28, 0xef, 0xf9, 0x00,
    0x00, 0x01, 0xaf, 0xf8, 0x00, 0x00, 0x00, 0xaf, 0xf4, 0x00, 0x00, 0x01, 0xef, 0xa0, 0x00, 0x00,
    0x08, 0xff, 0x10, 0x00, 0x00, 0x4f, 0xf4, 0x00, 0x00, 0x00, 0xff, 0x80, 0x00, 0x00, 0x0f, 0xf8,
    0x00, 0x00, 0x00, 0xff, 0x80, 0x00, 0x00, 0x0f, 0xf8, 0x00, 0x00, 0x00, 0xff, 0x80, 0x00, 0x00,
    0x0f, 0xf8, 0x00, 0x00, 0x00, 0xff, 0x80, 0x00, 0x00, 0x0f, 0xf8, 0x00, 0x00, 0x04, 0xff, 0x40,
    0x00, 0x00, 0x8f, 0xf1, 0x00, 0x00, 0x1e, 0xfa, 0x00, 0x00, 0x0b, 0xff, 0x40, 0x00, 0x1b, 0xff,
    0x80, 0x02, 0x9e, 0xff, 0x90, 0x00, 0x4f, 0xfe, 0x80, 0x00, 0x04, 0xc8, 0x20, 0x00, 0x00, 0x00,
    0x00, 0x00, 0x48, 0x40, 0x00, 0x00, 0x00, 0x00, 0x00, 0x08, 0xf8, 0x00, 0x00, 0x00, 0x00, 0x00,
    0x00, 0x8f, 0x80, 0x00, 0x00, 0x00, 0x00, 0x00, 0x08, 0xf8, 0x00, 0x00, 0x00, 0x09, 0xb6, 0x10,
    0x8f, 0x80, 0x16, 0xb8, 0x00, 0xef, 0xfe, 0x88, 0xf8, 0x9e, 0xff, 0xe0, 0x04, 0x9e, 0xff, 0xff,
    0xff, 0xfe, 0x94, 0x00, 0x00, 0x05, 0x8f, 0xff, 0x85, 0x00, 0x00, 0x00, 0x00, 0x09, 0xfd, 0xf9,
    0x00, 0x00, 0x00, 0x00, 0x07, 0xfe, 0x4e, 0xf7, 0x00, 0x00, 0x00, 0x03, 0xff, 0x80, 0x8f, 0xf3,
    0x00, 0x00, 0x01, 0xcf, 0xc0, 0x00, 0xcf, 0xc1, 0x00, 0x00, 0x1b, 0xe3, 0x00, 0x03, 0xeb, 0x10,
    0x00, 0x00, 0x04, 0x00, 0x00, 0x04, 0x00, 0x00, 0x00, 0x00, 0x03, 0x43, 0x00, 0x00, 0x00, 0x00,
    0x00, 0xbf, 0xb0, 0x00, 0x00, 0x00, 0x00, 0x0b, 0xfb, 0x00, 0x00, 0x00, 0x00, 0x00, 0xbf, 0xb0,
    0x00, 0x00, 0x00, 0x00, 0x0b, 0xfb, 0x00, 0x00, 0x04, 0x88, 0x88, 0xdf, 0xd8, 0x88, 0x84, 0x8f,
    0xff, 0xff, 0xff, 0xff, 0xff, 0x86, 0xbb, 0xbb, 0xef, 0xeb, 0xbb, 0xb6, 0x00, 0x00, 0x0b, 0xfb,
    0x00, 0x00, 0x00, 0x00, 0x00, 0xbf, 0xb0, 0x00, 0x00, 0x00, 0x00, 0x0b, 0xfb, 0x00, 0x00, 0x00,
    0x00, 0x00, 0xbf, 0xb0, 0x00, 0x00, 0x00, 0x00, 0x08, 0xb8, 0x00, 0x00, 0x00, 0x06, 0xbb, 0x40,
    0xbf, 0xf2, 0x0e, 0xfd, 0x01, 0xff, 0xa0, 0x4f, 0xf7, 0x07, 0xff, 0x30, 0x9f, 0xf0, 0x0b, 0xfb,
    0x00, 0x48, 0x88, 0x88, 0x88, 0x48, 0xff, 0xff, 0xff, 0xf8, 0x6b, 0xbb, 0xbb, 0xbb, 0x60, 0x1a,
    0xfa, 0x18, 0xff, 0xf8, 0x8f, 0xff, 0x83, 0xef, 0xe3, 0x01, 0x41, 0x00, 0x00, 0x00, 0x00, 0x00,
    0x06, 0xbb, 0x10, 0x00, 0x00, 0x00, 0x00, 0xdf, 0xb0, 0x00, 0x00, 0x00, 0x00, 0x3f, 0xf6, 0x00,
    0x00, 0x00, 0x00, 0x09, 0xfe, 0x10, 0x00, 0x00, 0x00, 0x00, 0xef, 0x90, 0x00, 0x00, 0x00, 0x00,
    0x6f, 0xf4, 0x00, 0x00, 0x00, 0x00, 0x0a, 0xfd, 0x00, 0x00, 0x00, 0x00, 0x02, 0xff, 0x80, 0x00,
    0x00, 0x00, 0x00, 0x7f, 0xf2, 0x00, 0x00, 0x00, 0x00, 0x0d, 0xfb, 0x00, 0x00, 0x00, 0x00, 0x04,
    0xff, 0x60, 0x00, 0x00, 0x00, 0x00, 0x9f, 0xe1, 0x00, 0x00, 0x00, 0x00, 0x1e, 0xf9, 0x00, 0x00,
    0x00, 0x00, 0x06, 0xff, 0x40, 0x00, 0x00, 0x00, 0x00, 0xbf, 0xd0, 0x00, 0x00, 0x00, 0x00, 0x2f,
    0xf7, 0x00, 0x00, 0x00, 0x00, 0x08, 0xff, 0x20, 0x00, 0x00, 0x00, 0x00, 0xdf, 0xa0, 0x00, 0x00,
    0x00, 0x00, 0x4f, 0xf6, 0x00, 0x00, 0x00, 0x00, 0x09, 0xfe, 0x00, 0x00, 0x00, 0x00, 0x01, 0xef,
    0x90, 0x00, 0x00, 0x00, 0x00, 0x6f, 0xf3, 0x00, 0x00, 0x00, 0x00, 0x0b, 0xfd, 0x00, 0x00, 0x00,
    0x00, 0x01, 0xbb, 0x60, 0x00, 0x00, 0x00, 0x00, 0x00, 0x00, 0x38, 0x88, 0x30, 0x00, 0x00, 0x03,
    0xcf, 0xff, 0xff, 0xc3, 0x00, 0x02, 0xef, 0xfc, 0xbc, 0xff, 0xe2, 0x00, 0x9f, 0xf4, 0x00, 0x04,
    0xff, 0x90, 0x0e, 0xf8, 0x00, 0x00, 0x08, 0xfe, 0x00, 0xff, 0x40, 0x00, 0x00, 0x4f, 0xf0, 0x0f,
    0xf4, 0x00, 0x00, 0x04, 0xff, 0x00, 0xff, 0x40, 0x00, 0x00, 0x4f, 0xf0, 0x0f, 0xf4, 0x05, 0x85,
    0x04, 0xff, 0x00, 0xff, 0x40, 0xff, 0xf0, 0x4f, 0xf0, 0x0f, 0xf4, 0x0c, 0xfd, 0x04, 0xff, 0x00,
    0xff, 0x40, 0x14, 0x10, 0x4f, 0xf0, 0x0f, 0xf4, 0x00, 0x00, 0x04, 0xff, 0x00, 0xff, 0x40, 0x00,
    0x00, 0x4f, 0xf0, 0x0f, 0xf5, 0x00, 0x00, 0x05, 0xff, 0x00, 0xdf, 0xa0, 0x00, 0x00, 0xaf, 0xd0,
    0x08, 0xff, 0x81, 0x01, 0x8f, 0xf8, 0x00, 0x1c, 0xff, 0xff, 0xff, 0xfc, 0x00, 0x00, 0x18, 0xef,
    0xff, 0xe8, 0x10, 0x00, 0x00, 0x00, 0x44, 0x30, 0x00, 0x00, 0x00, 0x00, 0x34, 0x42, 0x00, 0x00,
    0x00, 0x19, 0xff, 0xf8, 0x00, 0x00, 0x03, 0xcf, 0xff, 0xf8, 0x00, 0x00, 0x6e, 0xff, 0x7f, 0xf8,
    0x00, 0x00, 0xbf, 0xd3, 0x0f, 0xf8, 0x00, 0x00, 0xba, 0x10, 0x0f, 0xf8, 0x00, 0x00, 0x30, 0x00,
    0x0f, 0xf8, 0x00, 0x00, 0x00, 0x00, 0x0f, 0xf8, 0x00, 0x00, 0x00, 0x00, 0x0f, 0xf8, 0x00, 0x00,
    0x00, 0x00, 0x0f, 0xf8, 0x00, 0x00, 0x00, 0x00, 0x0f, 0xf8, 0x00, 0x00, 0x00, 0x00, 0x0f, 0xf8,
    0x00, 0x00, 0x00, 0x00, 0x0f, 0xf8, 0x00, 0x00, 0x00, 0x00, 0x0f, 0xf8, 0x00, 0x00, 0x00, 0x00,
    0x0f, 0xf8, 0x00, 0x00, 0x00, 0x00, 0x0f, 0xf8, 0x00, 0x00, 0x34, 0x44, 0x4f, 0xf9, 0x44, 0x42,
    0xbf, 0xff, 0xff, 0xff, 0xff, 0xf8, 0xbf, 0xff, 0xff, 0xff, 0xff, 0xf8, 0x00, 0x00, 0x38, 0x87,
    0x30, 0x00, 0x00, 0x03, 0xcf, 0xff, 0xff, 0xb3, 0x00, 0x02, 0xef, 0xfc, 0xbd, 0xff, 0xe1, 0x00,
    0x9f, 0xf4, 0x00, 0x07, 0xff, 0x90, 0x0f, 0xf8, 0x00, 0x00, 0x0b, 0xfd, 0x03, 0xff, 0x50, 0x00,
    0x00, 0x8f, 0xf0, 0x00, 0x00, 0x00, 0x00, 0x08, 0xff, 0x00, 0x00, 0x00, 0x00, 0x00, 0xdf, 0xb0,
    0x00, 0x00, 0x00, 0x00, 0x6f, 0xf6, 0x00, 0x00, 0x00, 0x00, 0x3e, 0xfc, 0x00, 0x00, 0x00, 0x00,
    0x3e, 0xfe, 0x20, 0x00, 0x00, 0x00, 0x1c, 0xfe, 0x30, 0x00, 0x00, 0x00, 0x1c, 0xfe, 0x30, 0x00,
    0x00, 0x00, 0x1c, 0xff, 0x40, 0x00, 0x00, 0x00, 0x1c, 0xff, 0x60, 0x00, 0x00, 0x00, 0x0c, 0xff,
    0x60, 0x00, 0x00, 0x00, 0x09, 0xff, 0x94, 0x44, 0x44, 0x44, 0x10, 0xff, 0xff, 0xff, 0xff, 0xff,
    0xf4, 0x0f, 0xff, 0xff, 0xff, 0xff, 0xff, 0x40, 0x03, 0x44, 0x44, 0x44, 0x44, 0x42, 0x0b, 0xff,
    0xff, 0xff, 0xff, 0xf8, 0x0b, 0xff, 0xff, 0xff, 0xff, 0xf8, 0x00, 0x00, 0x00, 0x01, 0xcf, 0xc1,
    0x00, 0x00, 0x00, 0x1c, 0xfc, 0x10, 0x00, 0x00, 0x01, 0xcf, 0xc1, 0x00, 0x00, 0x00, 0x1c, 0xfe,
    0x30, 0x00, 0x00, 0x00, 0x8f, 0xf9, 0x30, 0x00, 0x00, 0x00, 0xbf, 0xff, 0xfb, 0x10, 0x00, 0x00,
    0x68, 0xac, 0xff, 0xc1, 0x00, 0x00, 0x00, 0x00, 0x6f, 0xf7, 0x00, 0x00, 0x00, 0x00, 0x0c, 0xfb,
    0x00, 0x00, 0x00, 0x00, 0x08, 0xfb, 0x00, 0x00, 0x00, 0x00, 0x08, 0xfb, 0x4f, 0xf4, 0x00, 0x00,
    0x09, 0xfb, 0x3f, 0xf8, 0x00, 0x00, 0x1d, 0xfa, 0x0b, 0xff, 0x70, 0x02, 0xaf, 0xf6, 0x03, 0xef,
    0xff, 0xff, 0xff, 0x90, 0x00, 0x3a, 0xff, 0xff, 0xe8, 0x00, 0x00, 0x00, 0x14, 0x43, 0x00, 0x00,
    0x00, 0x00, 0x00, 0x03, 0x44, 0x00, 0x00, 0x00, 0x00, 0x2f, 0xfa, 0x00, 0x00, 0x00, 0x00, 0xbf,
    0xe2, 0x00, 0x00, 0x00, 0x06, 0xff, 0x70, 0x00, 0x00, 0x00, 0x1e, 0xfb, 0x00, 0x00, 0x00, 0x00,
    0xaf, 0xf3, 0x00, 0x00, 0x00, 0x04, 0xff, 0x80, 0x00, 0x00, 0x00, 0x1d, 0xfd, 0x10, 0x00, 0x00,
    0x00, 0x8f, 0xf4, 0x00, 0x08, 0x82, 0x03, 0xff, 0x90, 0x00, 0x0f, 0xf4, 0x0c, 0xfe, 0x10, 0x00,
    0x0f, 0xf4, 0x4f, 0xf6, 0x00, 0x00, 0x0f, 0xf4, 0x4f, 0xf4, 0x44, 0x44, 0x4f, 0xf4, 0x4f, 0xff,
    0xff, 0xff, 0xff, 0xf4, 0x4f, 0xff, 0xff, 0xff, 0xff, 0xf4, 0x00, 0x00, 0x00, 0x00, 0x0f, 0xf4,
    0x00, 0x00, 0x00, 0x00, 0x0f, 0xf4, 0x00, 0x00, 0x00, 0x00, 0x0f, 0xf4, 0x00, 0x00, 0x00, 0x00,
    0x0f, 0xf4, 0x02, 0x44, 0x44, 0x44, 0x44, 0x41, 0x08, 0xff, 0xff, 0xff, 0xff, 0xf4, 0x08, 0xff,
    0xff, 0xff, 0xff, 0xf4, 0x08, 0xfb, 0x00, 0x00, 0x00, 0x00, 0x08, 0xfb, 0x00, 0x00, 0x00, 0x00,
    0x08, 0xfb, 0x00, 0x00, 0x00, 0x00, 0x08, 0xfb, 0x00, 0x00, 0x00, 0x00, 0x08, 0xfd, 0x88, 0x87,
    0x30, 0x00, 0x08, 0xff, 0xff, 0xff, 0xfd, 0x30, 0x06, 0xbb, 0xbb, 0xbd, 0xff, 0xe2, 0x00, 0x00,
    0x00, 0x00, 0x7f, 0xf9, 0x00, 0x00, 0x00, 0x00, 0x0b, 0xfd, 0x00, 0x00, 0x00, 0x00, 0x08, 0xff,
    0x00, 0x00, 0x00, 0x00, 0x08, 0xff, 0x4f, 0xf4, 0x00, 0x00, 0x08, 0xff, 0x0f, 0xf9, 0x00, 0x00,
    0x0d, 0xfc, 0x09, 0xff, 0x81, 0x02, 0x9f, 0xf7, 0x01, 0xef, 0xff, 0xff, 0xff, 0xc0, 0x00, 0x19,
    0xff, 0xff, 0xe8, 0x00, 0x00, 0x00, 0x04, 0x43, 0x00, 0x00, 0x00, 0x00, 0x00, 0x34, 0x40, 0x00,
    0x00, 0x00, 0x00, 0x1e, 0xfb, 0x00, 0x00, 0x00, 0x00, 0x09, 0xff, 0x20, 0x00, 0x00, 0x00, 0x02,
    0xff, 0x80, 0x00, 0x00, 0x00, 0x00, 0xbf, 0xe1, 0x00, 0x00, 0x00, 0x00, 0x4f, 0xf6, 0x00, 0x00,
    0x00, 0x00, 0x0c, 0xfc, 0x00, 0x00, 0x00, 0x00, 0x06, 0xff, 0x44, 0x42, 0x00, 0x00, 0x01, 0xdf,
    0xdd, 0xff, 0xfb, 0x30, 0x00, 0x6f, 0xff, 0xcb, 0xcf, 0xfe, 0x30, 0x0d, 0xfe, 0x40, 0x00, 0x4e,
    0xfd, 0x03, 0xff, 0x60, 0x00, 0x00, 0x6f, 0xf3, 0x7f, 0xf1, 0x00, 0x00, 0x01, 0xff, 0x88, 0xff,
    0x00, 0x00, 0x00, 0x0f, 0xf8, 0x6f, 0xf2, 0x00, 0x00, 0x02, 0xff, 0x62, 0xff, 0x80, 0x00, 0x00,
    0x8f, 0xf2, 0x0a, 0xff, 0x81, 0x01, 0x8f, 0xfa, 0x00, 0x1c, 0xff, 0xff, 0xff, 0xfc, 0x10, 0x00,
    0x18, 0xef, 0xff, 0xe8, 0x10, 0x00, 0x00, 0x00, 0x34, 0x40, 0x00, 0x00, 0x04, 0x44, 0x44, 0x44,
    0x44, 0x44, 0x30, 0xff, 0xff, 0xff, 0xff, 0xff, 0xfb, 0x0f, 0xff, 0xff, 0xff, 0xff, 0xff, 0xb0,
    0xff, 0x80, 0x00, 0x00, 0x2f, 0xf8, 0x0f, 0xf8, 0x00, 0x00, 0x08, 0xff, 0x20, 0xff, 0x80, 0x00,
    0x00, 0xef, 0xb0, 0x00, 0x00, 0x00, 0x00, 0x6f, 0xf6, 0x00, 0x00, 0x00, 0x00, 0x0b, 0xfe, 0x00,
    0x00, 0x00, 0x00, 0x02, 0xff, 0x80, 0x00, 0x00, 0x00, 0x00, 0x8f, 0xf2, 0x00, 0x00, 0x00, 0x00,
    0x1e, 0xfa, 0x00, 0x00, 0x00, 0x00, 0x06, 0xff, 0x50, 0x00, 0x00, 0x00, 0x00, 0xcf, 0xd0, 0x00,
    0x00, 0x00, 0x00, 0x3f, 0xf8, 0x00, 0x00, 0x00, 0x00, 0x09, 0xff, 0x20, 0x00, 0x00, 0x00, 0x01,
    0xef, 0x90, 0x00, 0x00, 0x00, 0x00, 0x7f, 0xf4, 0x00, 0x00, 0x00, 0x00, 0x0d, 0xfd, 0x00, 0x00,
    0x00, 0x00, 0x04, 0xff, 0x70, 0x00, 0x00, 0x00, 0x00, 0x00, 0x37, 0x87, 0x30, 0x00, 0x00, 0x03,
    0xbf, 0xff, 0xff, 0xb3, 0x00, 0x01, 0xef, 0xfc, 0xbc, 0xff, 0xe1, 0x00, 0x9f, 0xf6, 0x00, 0x06,
    0xff, 0x90, 0x0d, 0xfa, 0x00, 0x00, 0x0a, 0xfd, 0x00, 0xff, 0x80, 0x00, 0x00, 0x8f, 0xf0, 0x0b,
    0xfa, 0x00, 0x00, 0x0a, 0xfb, 0x00, 0x5f, 0xf6, 0x00, 0x06, 0xff, 0x50, 0x00, 0x8f, 0xfc, 0x8c,
    0xff, 0x80, 0x00, 0x01, 0x8e, 0xff, 0xfe, 0x81, 0x00, 0x03, 0xef, 0xe9, 0x89, 0xef, 0xe3, 0x00,
    0xcf, 0xc2, 0x00, 0x02, 0xcf, 0xc0, 0x3f, 0xf5, 0x00, 0x00, 0x05, 0xff, 0x37, 0xff, 0x00, 0x00,
    0x00, 0x0f, 0xf7, 0x7f, 0xf1, 0x00, 0x00, 0x01, 0xff, 0x73, 0xff, 0x80, 0x00, 0x00, 0x8f, 0xf3,
    0x0b, 0xff, 0x71, 0x01, 0x7f, 0xfb, 0x00, 0x2e, 0xff, 0xff, 0xff, 0xfe, 0x20, 0x00, 0x19, 0xff,
    0xff, 0xf9, 0x10, 0x00, 0x00, 0x00, 0x44, 0x40, 0x00, 0x00, 0x00, 0x00, 0x38, 0x87, 0x30, 0x00,
    0x00, 0x03, 0xcf, 0xff, 0xff, 0xc3, 0x00, 0x03, 0xef, 0xfc, 0xbc, 0xff, 0xe3, 0x00, 0xcf, 0xe4,
    0x00, 0x04, 0xef, 0xc0, 0x3f, 0xf7, 0x00, 0x00, 0x07, 0xff, 0x37, 0xff, 0x10, 0x00, 0x00, 0x1f,
    0xf7, 0x8f, 0xf0, 0x00, 0x00, 0x00, 0xff, 0x87, 0xff, 0x20, 0x00, 0x00, 0x2f, 0xf6, 0x2f, 0xf8,
    0x00, 0x00, 0x08, 0xff, 0x20, 0xbf, 0xf8, 0x10, 0x18, 0xff, 0xb0, 0x01, 0xcf, 0xff, 0xff, 0xff,
    0xf5, 0x00, 0x01, 0x8d, 0xff, 0xce, 0xfb, 0x00, 0x00, 0x00, 0x00, 0x08, 0xff, 0x40, 0x00, 0x00,
    0x00, 0x02, 0xef, 0xa0, 0x00, 0x00, 0x00, 0x00, 0xaf, 0xf2, 0x00, 0x00, 0x00, 0x00, 0x4f, 0xf8,
    0x00, 0x00, 0x00, 0x00, 0x0c, 0xfe, 0x10, 0x00, 0x00, 0x00, 0x06, 0xff, 0x80, 0x00, 0x00, 0x00,
    0x01, 0xef, 0xd0, 0x00, 0x00, 0x00, 0x3d, 0xfd, 0x39, 0xff, 0xf9, 0x8f, 0xff, 0x81, 0x9b, 0x91,
    0x00, 0x00, 0x00, 0x00, 0x00, 0x00, 0x00, 0x00, 0x00, 0x00, 0x00, 0x00, 0x00, 0x00, 0x00, 0x06,
    0x86, 0x07, 0xff, 0xf7, 0xaf, 0xff, 0xa5, 0xff, 0xf5, 0x02, 0x42, 0x00, 0x3d, 0xfd, 0x39, 0xff,
    0xf9, 0x9f, 0xff, 0x91, 0xab, 0xa1, 0x00, 0x00, 0x00, 0x00, 0x00, 0x00, 0x00, 0x00, 0x00, 0x00,
    0x00, 0x00, 0x00, 0x00, 0x00, 0x08, 0xbb, 0x30, 0xdf, 0xf0, 0x0f, 0xfb, 0x04, 0xff, 0x80, 0x6f,
    0xf5, 0x08, 0xff, 0x10, 0xbf, 0xd0, 0x0e, 0xf9, 0x00, 0x00, 0x00, 0x00, 0x00, 0x04, 0xb0, 0x00,
    0x00, 0x00, 0x4b, 0xff, 0x00, 0x00, 0x04, 0xbf, 0xff, 0x90, 0x00, 0x4b, 0xff, 0xf9, 0x20, 0x04,
    0xbf, 0xff, 0x92, 0x00, 0x0b, 0xff, 0xe8, 0x10, 0x00, 0x00, 0xff, 0x81, 0x00, 0x00, 0x00, 0x0f,
    0xff, 0x92, 0x00, 0x00, 0x00, 0x4b, 0xff, 0xf9, 0x20, 0x00, 0x00, 0x04, 0xbf, 0xff, 0x92, 0x00,
    0x00, 0x00, 0x4b, 0xff, 0xfa, 0x40, 0x00, 0x00, 0x04, 0xbf, 0xff, 0x00, 0x00, 0x00, 0x00, 0x4b,
    0xf0, 0x00, 0x00, 0x00, 0x00, 0x04, 0x88, 0x88, 0x88, 0x88, 0x88, 0x8f, 0xff, 0xff, 0xff, 0xff,
    0xff, 0xbb, 0xbb, 0xbb, 0xbb, 0xbb, 0xb0, 0x00, 0x00, 0x00, 0x00, 0x00, 0x00, 0x00, 0x00, 0x00,
    0x00, 0x00, 0x00, 0x00, 0x00, 0x00, 0x00, 0x44, 0x44, 0x44, 0x44, 0x44, 0x4f, 0xff, 0xff, 0xff,
    0xff, 0xff, 0xbb, 0xbb, 0xbb, 0xbb, 0xbb, 0xb0, 0xb4, 0x00, 0x00, 0x00, 0x00, 0x0f, 0xfb, 0x40,
    0x00, 0x00, 0x00, 0xbf, 0xff, 0xb4, 0x00, 0x00, 0x00, 0x39, 0xff, 0xfb, 0x40, 0x00, 0x00, 0x02,
    0x9f, 0xff, 0xb4, 0x00, 0x00, 0x00, 0x29, 0xff, 0xfb, 0x00, 0x00, 0x00, 0x02, 0x8f, 0xf0, 0x00,
    0x00, 0x01, 0x8e, 0xff, 0x00, 0x00, 0x18, 0xef, 0xfb, 0x40, 0x02, 0x9f, 0xff, 0xb4, 0x00, 0x29,
    0xff, 0xfb, 0x40, 0x00, 0x0f, 0xff, 0xb4, 0x00, 0x00, 0x00, 0xfb, 0x40, 0x00, 0x00, 0x00, 0x04,
    0x00, 0x00, 0x00, 0x00, 0x00, 0x34, 0x44, 0x30, 0x00, 0x00, 0xbf, 0xff, 0xfe, 0x81, 0x00, 0xbf,
    0xff, 0xff, 0xfc, 0x10, 0x00, 0x00, 0x3a, 0xff, 0x90, 0x00, 0x00, 0x00, 0xaf, 0xf0, 0x00, 0x00,
    0x00, 0x5f, 0xf4, 0x00, 0x00, 0x00, 0x4f, 0xf4, 0x00, 0x00, 0x00, 0x8f, 0xf1, 0x00, 0x00, 0x07,
    0xff, 0xb0, 0x00, 0xbb, 0xef, 0xfe, 0x20, 0x00, 0xff, 0xff, 0xb3, 0x00, 0x00, 0xff, 0x92, 0x00,
    0x00, 0x00, 0xff, 0x80, 0x00, 0x00, 0x00, 0x88, 0x40, 0x00, 0x00, 0x00, 0x00, 0x00, 0x00, 0x00,
    0x00, 0x00, 0x00, 0x00, 0x00, 0x05, 0xef, 0xa0, 0x00, 0x00, 0x0b, 0xff, 0xf3, 0x00, 0x00, 0x06,
    0xff, 0xc0, 0x00, 0x00, 0x00, 0x00, 0x00, 0x00, 0x00, 0x00, 0x00, 0x37, 0x88, 0x51, 0x00, 0x00,
    0x00, 0x3b, 0xff, 0xff, 0xff, 0x80, 0x00, 0x03, 0xef, 0xd8, 0x88, 0x9f, 0xfb, 0x00, 0x1d, 0xf9,
    0x10, 0x00, 0x03, 0xef, 0x60, 0x6f, 0xd1, 0x00, 0x00, 0x00, 0x8f, 0xc0, 0xaf, 0x80, 0x00, 0x00,
    0x00, 0x3f, 0xf0, 0xdf, 0x40, 0x00, 0x01, 0x40, 0x0f, 0xf0, 0xff, 0x40, 0x01, 0xbf, 0xfe, 0x6f,
    0xf0, 0xff, 0x40, 0x08, 0xfe, 0x88, 0xdf, 0xf0, 0xff, 0x40, 0x0e, 0xf6, 0x00, 0x5f, 0xf0, 0xff,
    0x40, 0x0f, 0xf1, 0x00, 0x0f, 0xf0, 0xff, 0x40, 0x0f, 0xf0, 0x00, 0x0f, 0xf0, 0xff, 0x40, 0x0f,
    0xf0, 0x00, 0x0f, 0xf0, 0xff, 0x40, 0x0f, 0xf0, 0x00, 0x0f, 0xf0, 0xff, 0x40, 0x0f, 0xf3, 0x00,
    0x3f, 0xf0, 0xff, 0x40, 0x09, 0xfc, 0x44, 0xcf, 0x90, 0xff, 0x40, 0x01, 0xcf, 0xff, 0xfc, 0x10,
    0xdf, 0x40, 0x00, 0x16, 0x88, 0x61, 0x00, 0xaf, 0x80, 0x00, 0x00, 0x00, 0x00, 0x00, 0x6f, 0xe2,
    0x00, 0x00, 0x00, 0x00, 0x00, 0x0c, 0xfc, 0x20, 0x00, 0x00, 0x00, 0x00, 0x03, 0xef, 0xfa, 0x88,
    0x86, 0x00, 0x00, 0x00, 0x29, 0xff, 0xff, 0xfb, 0x00, 0x00, 0x00, 0x00, 0x26, 0x88, 0x86, 0x00,
    0x00, 0x00, 0x00, 0x14, 0x44, 0x10, 0x00, 0x00, 0x00, 0x05, 0xff, 0xf6, 0x00, 0x00, 0x00, 0x00,
    0x8f, 0xff, 0x90, 0x00, 0x00, 0x00, 0x0c, 0xfb, 0xfd, 0x00, 0x00, 0x00, 0x02, 0xff, 0x6f, 0xf2,
    0x00, 0x00, 0x00, 0x6f, 0xe0, 0xef, 0x60, 0x00, 0x00, 0x09, 0xfa, 0x0a, 0xf9, 0x00, 0x00, 0x00,
    0xdf, 0x70, 0x7f, 0xd0, 0x00, 0x00, 0x2f, 0xf4, 0x03, 0xff, 0x20, 0x00, 0x06, 0xff, 0x00, 0x0f,
    0xf6, 0x00, 0x00, 0x9f, 0xb0, 0x00, 0xbf, 0xa0, 0x00, 0x0e, 0xf8, 0x00, 0x08, 0xfe, 0x00, 0x03,
    0xff, 0xcb, 0xbb, 0xcf, 0xf3, 0x00, 0x7f, 0xff, 0xff, 0xff, 0xff, 0x70, 0x0a, 0xfc, 0x44, 0x44,
    0x4c, 0xfa, 0x00, 0xef, 0x80, 0x00, 0x00, 0x8f, 0xe0, 0x3f, 0xf4, 0x00, 0x00, 0x04, 0xff, 0x37,
    0xff, 0x10, 0x00, 0x00, 0x1f, 0xf7, 0xaf, 0xc0, 0x00, 0x00, 0x00, 0xcf, 0xa0, 0x34, 0x44, 0x44,
    0x40, 0x00, 0x00, 0xbf, 0xff, 0xff, 0xff, 0x91, 0x00, 0xbf, 0xff, 0xff, 0xff, 0xfc, 0x10, 0xbf,
    0xb0, 0x00, 0x18, 0xff, 0x90, 0xbf, 0xb0, 0x00, 0x00, 0xbf, 0xd0, 0xbf, 0xb0, 0x00, 0x00, 0x8f,
    0xf0, 0xbf, 0xb0, 0x00, 0x00, 0x9f, 0xc0, 0xbf, 0xb0, 0x00, 0x03, 0xef, 0x60, 0xbf, 0xd8, 0x88,
    0xaf, 0xf8, 0x00, 0xbf, 0xff, 0xff, 0xfe, 0x81, 0x00, 0xbf, 0xd8, 0x88, 0x9e, 0xfc, 0x10, 0xbf,
    0xb0, 0x00, 0x01, 0xdf, 0xb0, 0xbf, 0xb0, 0x00, 0x00, 0x5f, 0xf3, 0xbf, 0xb0, 0x00, 0x00, 0x1f,
    0xf4, 0xbf, 0xb0, 0x00, 0x00, 0x3f, 0xf4, 0xbf, 0xb0, 0x00, 0x00, 0x8f, 0xf3, 0xbf, 0xc4, 0x44,
    0x49, 0xff, 0xb0, 0xbf, 0xff, 0xff, 0xff, 0xfd, 0x20, 0xbf, 0xff, 0xff, 0xfc, 0x81, 0x00, 0x00,
    0x02, 0x78, 0x84, 0x00, 0x00, 0x01, 0xaf, 0xff, 0xff, 0xd4, 0x00, 0x0c, 0xff, 0xdb, 0xcf, 0xfe,
    0x30, 0x6f, 0xf8, 0x00, 0x03, 0xef, 0xb0, 0xaf, 0xd0, 0x00, 0x00, 0x8f, 0xf0, 0xbf, 0xb0, 0x00,
    0x00, 0x3b, 0xb3, 0xbf, 0xb0, 0x00, 0x00, 0x00, 0x00, 0xbf, 0xb0, 0x00, 0x00, 0x00, 0x00, 0xbf,
    0xb0, 0x00, 0x00, 0x00, 0x00, 0xbf, 0xb0, 0x00, 0x00, 0x00, 0x00, 0xbf, 0xb0, 0x00, 0x00, 0x00,
    0x00, 0xbf, 0xb0, 0x00, 0x00, 0x00, 0x00, 0xbf, 0xb0, 0x00, 0x00, 0x00, 0x00, 0xbf, 0xb0, 0x00,
    0x00, 0x00, 0x00, 0xbf, 0xb0, 0x00, 0x00, 0x5f, 0xf3, 0x9f, 0xe1, 0x00, 0x00, 0x9f, 0xf0, 0x4f,
    0xfa, 0x20, 0x17, 0xff, 0x90, 0x09, 0xff, 0xff, 0xff, 0xfd, 0x10, 0x00, 0x7d, 0xff, 0xff, 0x91,
    0x00, 0x00, 0x00, 0x34, 0x40, 0x00, 0x00, 0x34, 0x44, 0x44, 0x20, 0x00, 0x0b, 0xff, 0xff, 0xff,
    0xd6, 0x00, 0xbf, 0xff, 0xff, 0xff, 0xf9, 0x0b, 0xfb, 0x00, 0x03, 0xcf, 0xf4, 0xbf, 0xb0, 0x00,
    0x01, 0xdf, 0xab, 0xfb, 0x00, 0x00, 0x08, 0xfe, 0xbf, 0xb0, 0x00, 0x00, 0x8f, 0xfb, 0xfb, 0x00,
    0x00, 0x08, 0xff, 0xbf, 0xb0, 0x00, 0x00, 0x8f, 0xfb, 0xfb, 0x00, 0x00, 0x08, 0xff, 0xbf, 0xb0,
    0x00, 0x00, 0x8f, 0xfb, 0xfb, 0x00, 0x00, 0x08, 0xff, 0xbf, 0xb0, 0x00, 0x00, 0x8f, 0xfb, 0xfb,
    0x00, 0x00, 0x08, 0xff, 0xbf, 0xb0, 0x00, 0x00, 0x9f, 0xdb, 0xfb, 0x00, 0x00, 0x3e, 0xf9, 0xbf,
    0xc4, 0x44, 0x7e, 0xff, 0x2b, 0xff, 0xff, 0xff, 0xff, 0x60, 0xbf, 0xff, 0xff, 0xd9, 0x20, 0x00,
    0x24, 0x44, 0x44, 0x44, 0x44, 0x40, 0x8f, 0xff, 0xff, 0xff, 0xff, 0xf0, 0x8f, 0xff, 0xff, 0xff,
    0xff, 0xf0, 0x8f, 0xb0, 0x00, 0x00, 0x00, 0x00, 0x8f, 0xb0, 0x00, 0x00, 0x00, 0x00, 0x8f, 0xb0,
    0x00, 0x00, 0x00, 0x00, 0x8f, 0xb0, 0x00, 0x00, 0x00, 0x00, 0x8f, 0xb0, 0x00, 0x00, 0x00, 0x00,
    0x8f, 0xd8, 0x88, 0x88, 0x88, 0x20, 0x8f, 0xff, 0xff, 0xff, 0xff, 0x40, 0x8f, 0xd8, 0x88, 0x88,
    0x88, 0x20, 0x8f, 0xb0, 0x00, 0x00, 0x00, 0x00, 0x8f, 0xb0, 0x00, 0x00, 0x00, 0x00, 0x8f, 0xb0,
    0x00, 0x00, 0x00, 0x00, 0x8f, 0xb0, 0x00, 0x00, 0x00, 0x00, 0x8f, 0xb0, 0x00, 0x00, 0x00, 0x00,
    0x8f, 0xc4, 0x44, 0x44, 0x44, 0x40, 0x8f, 0xff, 0xff, 0xff, 0xff, 0xf0, 0x8f, 0xff, 0xff, 0xff,
    0xff, 0xf0, 0x34, 0x44, 0x44, 0x44, 0x44, 0x41, 0xbf, 0xff, 0xff, 0xff, 0xff, 0xf4, 0xbf, 0xff,
    0xff, 0xff, 0xff, 0xf4, 0xbf, 0xb0, 0x00, 0x00, 0x00, 0x00, 0xbf, 0xb0, 0x00, 0x00, 0x00, 0x00,
    0xbf, 0xb0, 0x00, 0x00, 0x00, 0x00, 0xbf, 0xb0, 0x00, 0x00, 0x00, 0x00, 0xbf, 0xb0, 0x00, 0x00,
    0x00, 0x00, 0xbf, 0xc4, 0x44, 0x44, 0x44, 0x20, 0xbf, 0xff, 0xff, 0xff, 0xff, 0x80, 0xbf, 0xff,
    0xff, 0xff, 0xff, 0x80, 0xbf, 0xb0, 0x00, 0x00, 0x00, 0x00, 0xbf, 0xb0, 0x00, 0x00, 0x00, 0x00,
    0xbf, 0xb0, 0x00, 0x00, 0x00, 0x00, 0xbf, 0xb0, 0x00, 0x00, 0x00, 0x00, 0xbf, 0xb0, 0x00, 0x00,
    0x00, 0x00, 0xbf, 0xb0, 0x00, 0x00, 0x00, 0x00, 0xbf, 0xb0, 0x00, 0x00, 0x00, 0x00, 0xbf, 0xb0,
    0x00, 0x00, 0x00, 0x00, 0x00, 0x03, 0x78, 0x84, 0x00, 0x00, 0x01, 0xbf, 0xff, 0xff, 0xd3, 0x00,
    0x1c, 0xff, 0xdb, 0xcf, 0xfe, 0x20, 0x7f, 0xf6, 0x00, 0x04, 0xff, 0x90, 0xbf, 0xc0, 0x00, 0x00,
    0x9f, 0xe0, 0xef, 0x80, 0x00, 0x00, 0x6b, 0xb0, 0xff, 0x80, 0x00, 0x00, 0x00, 0x00, 0xff, 0x80,
    0x00, 0x00, 0x00, 0x00, 0xff, 0x80, 0x00, 0x00, 0x00, 0x00, 0xff, 0x80, 0x0b, 0xbb, 0xbb, 0xb0,
    0xff, 0x80, 0x0f, 0xff, 0xff, 0xf0, 0xff, 0x80, 0x08, 0x88, 0xbf, 0xf0, 0xff, 0x80, 0x00, 0x00,
    0x8f, 0xf0, 0xff, 0x80, 0x00, 0x00, 0x8f, 0xf0, 0xdf, 0x80, 0x00, 0x00, 0x8f, 0xf0, 0xaf, 0xd0,
    0x00, 0x00, 0xbf, 0xd0, 0x6f, 0xf9, 0x20, 0x18, 0xff, 0x80, 0x09, 0xff, 0xff, 0xff, 0xfc, 0x10,
    0x00, 0x8e, 0xff, 0xff, 0x91, 0x00, 0x00, 0x00, 0x34, 0x40, 0x00, 0x00, 0x34, 0x30, 0x00, 0x00,
    0x34, 0x3b, 0xfb, 0x00, 0x00, 0x0b, 0xfb, 0xbf, 0xb0, 0x00, 0x00, 0xbf, 0xbb, 0xfb, 0x00, 0x00,
    0x0b, 0xfb, 0xbf, 0xb0, 0x00, 0x00, 0xbf, 0xbb, 0xfb, 0x00, 0x00, 0x0b, 0xfb, 0xbf, 0xb0, 0x00,
    0x00, 0xbf, 0xbb, 0xfb, 0x00, 0x00, 0x0b, 0xfb, 0xbf, 0xd8, 0x88, 0x88, 0xdf, 0xbb, 0xff, 0xff,
    0xff, 0xff, 0xfb, 0xbf, 0xeb, 0xbb, 0xbb, 0xef, 0xbb, 0xfb, 0x00, 0x00, 0x0b, 0xfb, 0xbf, 0xb0,
    0x00, 0x00, 0xbf, 0xbb, 0xfb, 0x00, 0x00, 0x0b, 0xfb, 0xbf, 0xb0, 0x00, 0x00, 0xbf, 0xbb, 0xfb,
    0x00, 0x00, 0x0b, 0xfb, 0xbf, 0xb0, 0x00, 0x00, 0xbf, 0xbb, 0xfb, 0x00, 0x00, 0x0b, 0xfb, 0xbf,
    0xb0, 0x00, 0x00, 0xbf, 0xb0, 0x24, 0x44, 0x44, 0x44, 0x44, 0x28, 0xff, 0xff, 0xff, 0xff, 0xf8,
    0x8f, 0xff, 0xff, 0xff, 0xff, 0x80, 0x00, 0x0b, 0xfb, 0x00, 0x00, 0x00, 0x00, 0xbf, 0xb0, 0x00,
    0x00, 0x00, 0x0b, 0xfb, 0x00, 0x00, 0x00, 0x00, 0xbf, 0xb0, 0x00, 0x00, 0x00, 0x0b, 0xfb, 0x00,
    0x00, 0x00, 0x00, 0xbf, 0xb0, 0x00, 0x00, 0x00, 0x0b, 0xfb, 0x00, 0x00, 0x00, 0x00, 0xbf, 0xb0,
    0x00, 0x00, 0x00, 0x0b, 0xfb, 0x00, 0x00, 0x00, 0x00, 0xbf, 0xb0, 0x00, 0x00, 0x00, 0x0b, 0xfb,
    0x00, 0x00, 0x00, 0x00, 0xbf, 0xb0, 0x00, 0x00, 0x00, 0x0b, 0xfb, 0x00, 0x00, 0x24, 0x44, 0xcf,
    0xc4, 0x44, 0x28, 0xff, 0xff, 0xff, 0xff, 0xf8, 0x8f, 0xff, 0xff, 0xff, 0xff, 0x80, 0x00, 0x00,
    0x00, 0x00, 0x04, 0x42, 0x00, 0x00, 0x00, 0x00, 0x0f, 0xf8, 0x00, 0x00, 0x00, 0x00, 0x0f, 0xf8,
    0x00, 0x00, 0x00, 0x00, 0x0f, 0xf8, 0x00, 0x00, 0x00, 0x00, 0x0f, 0xf8, 0x00, 0x00, 0x00, 0x00,
    0x0f, 0xf8, 0x00, 0x00, 0x00, 0x00, 0x0f, 0xf8, 0x00, 0x00, 0x00, 0x00, 0x0f, 0xf8, 0x00, 0x00,
    0x00, 0x00, 0x0f, 0xf8, 0x00, 0x00, 0x00, 0x00, 0x0f, 0xf8, 0x00, 0x00, 0x00, 0x00, 0x0f, 0xf8,
    0x00, 0x00, 0x00, 0x00, 0x0f, 0xf8, 0x00, 0x00, 0x00, 0x00, 0x0f, 0xf8, 0x44, 0x20, 0x00, 0x00,
    0x0f, 0xf8, 0xff, 0x80, 0x00, 0x00, 0x1f, 0xf8, 0xbf, 0xd0, 0x00, 0x00, 0x6f, 0xf4, 0x6f, 0xfa,
    0x20, 0x06, 0xef, 0xd0, 0x09, 0xff, 0xff, 0xff, 0xfe, 0x30, 0x00, 0x8e, 0xff, 0xff, 0xb3, 0x00,
    0x00, 0x00, 0x34, 0x41, 0x00, 0x00, 0x34, 0x30, 0x00, 0x00, 0x04, 0x43, 0x0b, 0xfb, 0x00, 0x00,
    0x04, 0xff, 0x80, 0xbf, 0xb0, 0x00, 0x00, 0xbf, 0xe1, 0x0b, 0xfb, 0x00, 0x00, 0x4f, 0xf8, 0x00,
    0xbf, 0xb0, 0x00, 0x0b, 0xfd, 0x00, 0x0b, 0xfb, 0x00, 0x04, 0xff, 0x60, 0x00, 0xbf, 0xb0, 0x00,
    0xbf, 0xd0, 0x00, 0x0b, 0xfb, 0x00, 0x4f, 0xf6, 0x00, 0x00, 0xbf, 0xd8, 0x8c, 0xfd, 0x00, 0x00,
    0x0b, 0xff, 0xff, 0xff, 0x80, 0x00, 0x00, 0xbf, 0xeb, 0xbe, 0xfd, 0x00, 0x00, 0x0b, 0xfb, 0x00,
    0x6f, 0xf6, 0x00, 0x00, 0xbf, 0xb0, 0x00, 0xdf, 0xd0, 0x00, 0x0b, 0xfb, 0x00, 0x08, 0xff, 0x60,
    0x00, 0xbf, 0xb0, 0x00, 0x1e, 0xfd, 0x00, 0x0b, 0xfb, 0x00, 0x00, 0x8f, 0xf6, 0x00, 0xbf, 0xb0,
    0x00, 0x01, 0xef, 0xd0, 0x0b, 0xfb, 0x00, 0x00, 0x08, 0xff, 0x60, 0xbf, 0xb0, 0x00, 0x00, 0x1e,
    0xfb, 0x00, 0x34, 0x30, 0x00, 0x00, 0x00, 0x0b, 0xfb, 0x00, 0x00, 0x00, 0x00, 0xbf, 0xb0, 0x00,
    0x00, 0x00, 0x0b, 0xfb, 0x00, 0x00, 0x00, 0x00, 0xbf, 0xb0, 0x00, 0x00, 0x00, 0x0b, 0xfb, 0x00,
    0x00, 0x00, 0x00, 0xbf, 0xb0, 0x00, 0x00, 0x00, 0x0b, 0xfb, 0x00, 0x00, 0x00, 0x00, 0xbf, 0xb0,
    0x00, 0x00, 0x00, 0x0b, 0xfb, 0x00, 0x00, 0x00, 0x00, 0xbf, 0xb0, 0x00, 0x00, 0x00, 0x0b, 0xfb,
    0x00, 0x00, 0x00, 0x00, 0xbf, 0xb0, 0x00, 0x00, 0x00, 0x0b, 0xfb, 0x00, 0x00, 0x00, 0x00, 0xbf,
    0xb0, 0x00, 0x00, 0x00, 0x0b, 0xfb, 0x00, 0x00, 0x00, 0x00, 0xbf, 0xc4, 0x44, 0x44, 0x44, 0x3b,
    0xff, 0xff, 0xff, 0xff, 0xfb, 0xbf, 0xff, 0xff, 0xff, 0xff, 0xb0, 0x14, 0x44, 0x10, 0x00, 0x14,
    0x44, 0x14, 0xff, 0xf7, 0x00, 0x07, 0xff, 0xf4, 0x4f, 0xdf, 0xa0, 0x00, 0xaf, 0xcf, 0x44, 0xfb,
    0xdf, 0x00, 0x1f, 0xab, 0xf4, 0x4f, 0xd8, 0xf5, 0x05, 0xf7, 0xcf, 0x44, 0xff, 0x4f, 0x80, 0x9f,
    0x2f, 0xf4, 0x4f, 0xf0, 0xed, 0x0e, 0xc0, 0xff, 0x44, 0xff, 0x09, 0xf5, 0xf8, 0x0f, 0xf4, 0x4f,
    0xf0, 0x6f, 0xef, 0x30, 0xff, 0x44, 0xff, 0x01, 0xff, 0xd0, 0x0f, 0xf4, 0x4f, 0xf0, 0x0b, 0xf9,
    0x00, 0xff, 0x44, 0xff, 0x00, 0x00, 0x00, 0x0f, 0xf4, 0x4f, 0xf0, 0x00, 0x00, 0x00, 0xff, 0x44,
    0xff, 0x00, 0x00, 0x00, 0x0f, 0xf4, 0x4f, 0xf0, 0x00, 0x00, 0x00, 0xff, 0x44, 0xff, 0x00, 0x00,
    0x00, 0x0f, 0xf4, 0x4f, 0xf0, 0x00, 0x00, 0x00, 0xff, 0x44, 0xff, 0x00, 0x00, 0x00, 0x0f, 0xf4,
    0x4f, 0xf0, 0x00, 0x00, 0x00, 0xff, 0x40, 0x34, 0x42, 0x00, 0x00, 0x24, 0x3b, 0xff, 0x90, 0x00,
    0x08, 0xfb, 0xbf, 0xfe, 0x00, 0x00, 0x8f, 0xbb, 0xff, 0xf5, 0x00, 0x08, 0xfb, 0xbf, 0xaf, 0xa0,
    0x00, 0x8f, 0xbb, 0xf7, 0xff, 0x10, 0x08, 0xfb, 0xbf, 0x8a, 0xf6, 0x00, 0x8f, 0xbb, 0xf8, 0x6f,
    0xa0, 0x08, 0xfb, 0xbf, 0x81, 0xff, 0x20, 0x8f, 0xbb, 0xf8, 0x0a, 0xf7, 0x08, 0xfb, 0xbf, 0x80,
    0x5f, 0xc0, 0x8f, 0xbb, 0xf8, 0x00, 0xef, 0x28, 0xfb, 0xbf, 0x80, 0x09, 0xf8, 0x8f, 0xbb, 0xf8,
    0x00, 0x5f, 0xd8, 0xfb, 0xbf, 0x80, 0x00, 0xef, 0x7f, 0xbb, 0xf8, 0x00, 0x08, 0xfc, 0xfb, 0xbf,
    0x80, 0x00, 0x3f, 0xff, 0xbb, 0xf8, 0x00, 0x00, 0xdf, 0xfb, 0xbf, 0x80, 0x00, 0x08, 0xff, 0xb0,
    0x00, 0x03, 0x78, 0x73, 0x00, 0x00, 0x1b, 0xff, 0xff, 0xfb, 0x20, 0x1c, 0xff, 0xcb, 0xcf, 0xfc,
    0x17, 0xff, 0x60, 0x00, 0x6f, 0xf7, 0xbf, 0xc0, 0x00, 0x00, 0xcf, 0xbe, 0xf8, 0x00, 0x00, 0x08,
    0xfe, 0xff, 0x80, 0x00, 0x00, 0x8f, 0xff, 0xf8, 0x00, 0x00, 0x08, 0xff, 0xff, 0x80, 0x00, 0x00,
    0x8f, 0xff, 0xf8, 0x00, 0x00, 0x08, 0xff, 0xff, 0x80, 0x00, 0x00, 0x8f, 0xff, 0xf8, 0x00, 0x00,
    0x08, 0xff, 0xff, 0x80, 0x00, 0x00, 0x8f, 0xff, 0xf8, 0x00, 0x00, 0x08, 0xff, 0xcf, 0x80, 0x00,
    0x00, 0x8f, 0xca, 0xfd, 0x00, 0x00, 0x0d, 0xfa, 0x6f, 0xf9, 0x10, 0x19, 0xff, 0x60, 0x9f, 0xff,
    0xff, 0xff, 0x90, 0x00, 0x8e, 0xff, 0xfe, 0x80, 0x00, 0x00, 0x03, 0x43, 0x00, 0x00, 0x34, 0x44,
    0x44, 0x42, 0x00, 0x00, 0xbf, 0xff, 0xff, 0xff, 0xd5, 0x00, 0xbf, 0xff, 0xff, 0xff, 0xff, 0x80,
    0xbf, 0xb0, 0x00, 0x04, 0xcf, 0xf4, 0xbf, 0xb0, 0x00, 0x00, 0x2f, 0xf9, 0xbf, 0xb0, 0x00, 0x00,
    0x0b, 0xfb, 0xbf, 0xb0, 0x00, 0x00, 0x0b, 0xfb, 0xbf, 0xb0, 0x00, 0x00, 0x0e, 0xfa, 0xbf, 0xb0,
    0x00, 0x00, 0x9f, 0xf6, 0xbf, 0xd8, 0x88, 0x8d, 0xff, 0xc0, 0xbf, 0xff, 0xff, 0xff, 0xfb, 0x10,
    0xbf, 0xd8, 0x88, 0x88, 0x30, 0x00, 0xbf, 0xb0, 0x00, 0x00, 0x00, 0x00, 0xbf, 0xb0, 0x00, 0x00,
    0x00, 0x00, 0xbf, 0xb0, 0x00, 0x00, 0x00, 0x00, 0xbf, 0xb0, 0x00, 0x00, 0x00, 0x00, 0xbf, 0xb0,
    0x00, 0x00, 0x00, 0x00, 0xbf, 0xb0, 0x00, 0x00, 0x00, 0x00, 0xbf, 0xb0, 0x00, 0x00, 0x00, 0x00,
    0x00, 0x00, 0x37, 0x87, 0x30, 0x00, 0x00, 0x03, 0xcf, 0xff, 0xff, 0xc3, 0x00, 0x02, 0xef, 0xfc,
    0xbc, 0xff, 0xe2, 0x00, 0x9f, 0xf6, 0x00, 0x06, 0xff, 0x90, 0x0e, 0xf9, 0x00, 0x00, 0x09, 0xfe,
    0x00, 0xff, 0x80, 0x00, 0x00, 0x8f, 0xf0, 0x0f, 0xf8, 0x00, 0x00, 0x08, 0xff, 0x00, 0xff, 0x80,
    0x00, 0x00, 0x8f, 0xf0, 0x0f, 0xf8, 0x00, 0x00, 0x08, 0xff, 0x00, 0xff, 0x80, 0x00, 0x00, 0x8f,
    0xf0, 0x0f, 0xf8, 0x00, 0x00, 0x08, 0xff, 0x00, 0xff, 0x80, 0x00, 0x00, 0x8f, 0xf0, 0x0f, 0xf8,
    0x00, 0x00, 0x08, 0xff, 0x00, 0xff, 0x80, 0x00, 0x00, 0x8f, 0xf0, 0x0f, 0xf8, 0x00, 0x00, 0x08,
    0xff, 0x00, 0xdf, 0xb0, 0x00, 0x00, 0xbf, 0xd0, 0x08, 0xff, 0x91, 0x01, 0x9f, 0xf8, 0x00, 0x0c,
    0xff, 0xff, 0xff, 0xfc, 0x10, 0x00, 0x18, 0xef, 0xff, 0xf9, 0x10, 0x00, 0x00, 0x00, 0x34, 0xef,
    0xc0, 0x00, 0x00, 0x00, 0x00, 0x05, 0xff, 0x70, 0x00, 0x00, 0x00, 0x00, 0x0b, 0xfe, 0x20, 0x00,
    0x00, 0x00, 0x00, 0x2f, 0xfa, 0x00, 0x00, 0x00, 0x00, 0x00, 0x58, 0x81, 0x34, 0x44, 0x44, 0x41,
    0x00, 0x00, 0xbf, 0xff, 0xff, 0xff, 0xb3, 0x00, 0xbf, 0xff, 0xff, 0xff, 0xfe, 0x30, 0xbf, 0xb0,
    0x00, 0x06, 0xef, 0xd0, 0xbf, 0xb0, 0x00, 0x00, 0x8f, 0xf4, 0xbf, 0xb0, 0x00, 0x00, 0x2f, 0xf8,
    0xbf, 0xb0, 0x00, 0x00, 0x2f, 0xf8, 0xbf, 0xb0, 0x00, 0x00, 0x6f, 0xf4, 0xbf, 0xb0, 0x00, 0x04,
    0xef, 0xd0, 0xbf, 0xeb, 0xbb, 0xdf, 0xff, 0x50, 0xbf, 0xff, 0xff, 0xff, 0xd5, 0x00, 0xbf, 0xc4,
    0x48, 0xff, 0x40, 0x00, 0xbf, 0xb0, 0x01, 0xef, 0x90, 0x00, 0xbf, 0xb0, 0x00, 0x8f, 0xf2, 0x00,
    0xbf, 0xb0, 0x00, 0x2f, 0xf9, 0x00, 0xbf, 0xb0, 0x00, 0x09, 0xff, 0x20, 0xbf, 0xb0, 0x00, 0x02,
    0xff, 0x80, 0xbf, 0xb0, 0x00, 0x00, 0xbf, 0xe1, 0xbf, 0xb0, 0x00, 0x00, 0x4f, 0xf8, 0x00, 0x00,
    0x38, 0x87, 0x30, 0x00, 0x00, 0x03, 0xbf, 0xff, 0xff, 0xb1, 0x00, 0x01, 0xef, 0xfc, 0xbc, 0xff,
    0xc1, 0x00, 0x8f, 0xf6, 0x00, 0x06, 0xff, 0x70, 0x0b, 0xfa, 0x00, 0x00, 0x0c, 0xfb, 0x00, 0xbf,
    0x80, 0x00, 0x00, 0x34, 0x30, 0x0b, 0xfc, 0x00, 0x00, 0x00, 0x00, 0x00, 0x7f, 0xf9, 0x10, 0x00,
    0x00, 0x00, 0x01, 0xcf, 0xff, 0xc8, 0x30, 0x00, 0x00, 0x01, 0xbf, 0xff, 0xff, 0xd3, 0x00, 0x00,
    0x00, 0x38, 0xbf, 0xff, 0xe3, 0x00, 0x00, 0x00, 0x00, 0x17, 0xff, 0xb0, 0x00, 0x00, 0x00, 0x00,
    0x08, 0xff, 0x20, 0x00, 0x00, 0x00, 0x00, 0x4f, 0xf4, 0x4f, 0xf4, 0x00, 0x00, 0x04, 0xff, 0x42,
    0xff, 0x80, 0x00, 0x00, 0x8f, 0xf2, 0x0b, 0xff, 0x81, 0x01, 0x7f, 0xfb, 0x00, 0x2e, 0xff, 0xff,
    0xff, 0xfe, 0x20, 0x00, 0x19, 0xff, 0xff, 0xf9, 0x20, 0x00, 0x00, 0x00, 0x44, 0x40, 0x00, 0x00,
    0x34, 0x44, 0x44, 0x44, 0x44, 0x44, 0x3b, 0xff, 0xff, 0xff, 0xff, 0xff, 0xfb, 0xbf, 0xff, 0xff,
    0xff, 0xff, 0xff, 0xb0, 0x00, 0x00, 0xbf, 0xb0, 0x00, 0x00, 0x00, 0x00, 0x0b, 0xfb, 0x00, 0x00,
    0x00, 0x00, 0x00, 0xbf, 0xb0, 0x00, 0x00, 0x00, 0x00, 0x0b, 0xfb, 0x00, 0x00, 0x00, 0x00, 0x00,
    0xbf, 0xb0, 0x00, 0x00, 0x00, 0x00, 0x0b, 0xfb, 0x00, 0x00, 0x00, 0x00, 0x00, 0xbf, 0xb0, 0x00,
    0x00, 0x00, 0x00, 0x0b, 0xfb, 0x00, 0x00, 0x00, 0x00, 0x00, 0xbf, 0xb0, 0x00, 0x00, 0x00, 0x00,
    0x0b, 0xfb, 0x00, 0x00, 0x00, 0x00, 0x00, 0xbf, 0xb0, 0x00, 0x00, 0x00, 0x00, 0x0b, 0xfb, 0x00,
    0x00, 0x00, 0x00, 0x00, 0xbf, 0xb0, 0x00, 0x00, 0x00, 0x00, 0x0b, 0xfb, 0x00, 0x00, 0x00, 0x00,
    0x00, 0xbf, 0xb0, 0x00, 0x00, 0x00, 0x00, 0x0b, 0xfb, 0x00, 0x00, 0x00, 0x34, 0x20, 0x00, 0x00,
    0x24, 0x3b, 0xf8, 0x00, 0x00, 0x08, 0xfb, 0xbf, 0x80, 0x00, 0x00, 0x8f, 0xbb, 0xf8, 0x00, 0x00,
    0x08, 0xfb, 0xbf, 0x80, 0x00, 0x00, 0x8f, 0xbb, 0xf8, 0x00, 0x00, 0x08, 0xfb, 0xbf, 0x80, 0x00,
    0x00, 0x8f, 0xbb, 0xf8, 0x00, 0x00, 0x08, 0xfb, 0xbf, 0x80, 0x00, 0x00, 0x8f, 0xbb, 0xf8, 0x00,
    0x00, 0x08, 0xfb, 0xbf, 0x80, 0x00, 0x00, 0x8f, 0xbb, 0xf8, 0x00, 0x00, 0x08, 0xfb, 0xbf, 0x80,
    0x00, 0x00, 0x8f, 0xbb, 0xf8, 0x00, 0x00, 0x08, 0xfb, 0xbf, 0xb0, 0x00, 0x00, 0x9f, 0xba, 0xfd,
    0x00, 0x00, 0x0d, 0xfa, 0x6f, 0xf9, 0x10, 0x19, 0xff, 0x60, 0xbf, 0xff, 0xff, 0xff, 0xc0, 0x01,
    0x8e, 0xff, 0xfe, 0x81, 0x00, 0x00, 0x04, 0x44, 0x00, 0x00, 0x34, 0x30, 0x00, 0x00, 0x00, 0x34,
    0x3a, 0xfd, 0x00, 0x00, 0x00, 0x0d, 0xf9, 0x6f, 0xf2, 0x00, 0x00, 0x02, 0xff, 0x62, 0xff, 0x60,
    0x00, 0x00, 0x6f, 0xf2, 0x0d, 0xf9, 0x00, 0x00, 0x08, 0xfd, 0x00, 0x9f, 0xd0, 0x00, 0x00, 0xcf,
    0x90, 0x06, 0xff, 0x20, 0x00, 0x1f, 0xf6, 0x00, 0x2f, 0xf6, 0x00, 0x05, 0xff, 0x20, 0x00, 0xdf,
    0x90, 0x00, 0x8f, 0xd0, 0x00, 0x09, 0xfd, 0x00, 0x0b, 0xf9, 0x00, 0x00, 0x6f, 0xf2, 0x00, 0xff,
    0x50, 0x00, 0x02, 0xff, 0x50, 0x4f, 0xf1, 0x00, 0x00, 0x0c, 0xf8, 0x08, 0xfc, 0x00, 0x00, 0x00,
    0x8f, 0xc0, 0xbf, 0x80, 0x00, 0x00, 0x05, 0xff, 0x1f, 0xf5, 0x00, 0x00, 0x00, 0x1f, 0xf7, 0xff,
    0x10, 0x00, 0x00, 0x00, 0xcf, 0xdf, 0xc0, 0x00, 0x00, 0x00, 0x08, 0xff, 0xf8, 0x00, 0x00, 0x00,
    0x00, 0x5f, 0xff, 0x50, 0x00, 0x00, 0x24, 0x30, 0x00, 0x34, 0x30, 0x00, 0x24, 0x28, 0xfb, 0x00,
    0x0b, 0xfe, 0x00, 0x0b, 0xf8, 0x4f, 0xc0, 0x00, 0xef, 0xf0, 0x00, 0xbf, 0x54, 0xff, 0x00, 0x0f,
    0xef, 0x20, 0x0d, 0xf4, 0x1f, 0xf0, 0x03, 0xf9, 0xf4, 0x00, 0xff, 0x10, 0xff, 0x30, 0x4f, 0x8f,
    0x60, 0x1f, 0xf0, 0x0d, 0xf4, 0x08, 0xf4, 0xf8, 0x04, 0xfd, 0x00, 0xbf, 0x50, 0x8f, 0x0f, 0x90,
    0x4f, 0xb0, 0x09, 0xf8, 0x0b, 0xe0, 0xcb, 0x07, 0xf9, 0x00, 0x8f, 0x80, 0xcb, 0x0b, 0xd0, 0x8f,
    0x80, 0x07, 0xfb, 0x0f, 0x90, 0x9f, 0x08, 0xf6, 0x00, 0x4f, 0xb1, 0xf8, 0x08, 0xf2, 0xbf, 0x40,
    0x04, 0xfd, 0x4f, 0x60, 0x6f, 0x4b, 0xf3, 0x00, 0x0f, 0xf5, 0xf4, 0x04, 0xf5, 0xff, 0x00, 0x00,
    0xff, 0x8f, 0x20, 0x3f, 0x8f, 0xe0, 0x00, 0x0b, 0xfb, 0xf0, 0x00, 0xf8, 0xfb, 0x00, 0x00, 0xbf,
    0xfd, 0x00, 0x0e, 0xff, 0xb0, 0x00, 0x08, 0xff, 0xb0, 0x00, 0xbf, 0xf8, 0x00, 0x00, 0x8f, 0xf9,
    0x00, 0x0b, 0xff, 0x80, 0x00, 0x03, 0x44, 0x00, 0x00, 0x00, 0x04, 0x43, 0x00, 0x6f, 0xf6, 0x00,
    0x00, 0x05, 0xff, 0x60, 0x00, 0xdf, 0xd1, 0x00, 0x00, 0xdf, 0xc0, 0x00, 0x04, 0xff, 0x80, 0x00,
    0x6f, 0xf4, 0x00, 0x00, 0x0b, 0xfe, 0x10, 0x0d, 0xfb, 0x00, 0x00, 0x00, 0x3f, 0xf8, 0x06, 0xff,
    0x20, 0x00, 0x00, 0x00, 0x9f, 0xe1, 0xdf, 0x90, 0x00, 0x00, 0x00, 0x02, 0xff, 0xcf, 0xe1, 0x00,
    0x00, 0x00, 0x00, 0x08, 0xff, 0xf8, 0x00, 0x00, 0x00, 0x00, 0x00, 0x1f, 0xff, 0x10, 0x00, 0x00,
    0x00, 0x00, 0x05, 0xff, 0xf6, 0x00, 0x00, 0x00, 0x00, 0x00, 0xdf, 0xff, 0xd1, 0x00, 0x00, 0x00,
    0x00, 0x7f, 0xf4, 0xff, 0x80, 0x00, 0x00, 0x00, 0x1e, 0xf9, 0x09, 0xfe, 0x10, 0x00, 0x00, 0x08,
    0xfe, 0x10, 0x2f, 0xf9, 0x00, 0x00, 0x02, 0xff, 0x80, 0x00, 0x9f, 0xf2, 0x00, 0x00, 0xaf, 0xe1,
    0x00, 0x02, 0xef, 0xa0, 0x00, 0x4f, 0xf8, 0x00, 0x00, 0x08, 0xff, 0x40, 0x0b, 0xfd, 0x00, 0x00,
    0x00, 0x1e, 0xfb, 0x00, 0x14, 0x42, 0x00, 0x00, 0x00, 0x02, 0x44, 0x10, 0xdf, 0xb0, 0x00, 0x00,
    0x00, 0xaf, 0xd0, 0x06, 0xff, 0x40, 0x00, 0x00, 0x2f, 0xf6, 0x00, 0x0d, 0xfb, 0x00, 0x00, 0x09,
    0xfd, 0x00, 0x00, 0x6f, 0xf2, 0x00, 0x02, 0xff, 0x60, 0x00, 0x00, 0xdf, 0x90, 0x00, 0x8f, 0xe0,
    0x00, 0x00, 0x08, 0xff, 0x20, 0x1e, 0xf8, 0x00, 0x00, 0x00, 0x1e, 0xf9, 0x08, 0xfe, 0x10, 0x00,
    0x00, 0x00, 0x8f, 0xf1, 0xef, 0x80, 0x00, 0x00, 0x00, 0x01, 0xef, 0xbf, 0xe1, 0x00, 0x00, 0x00,
    0x00, 0x08, 0xff, 0xf9, 0x00, 0x00, 0x00, 0x00, 0x00, 0x2f, 0xff, 0x20, 0x00, 0x00, 0x00, 0x00,
    0x00, 0xbf, 0xb0, 0x00, 0x00, 0x00, 0x00, 0x00, 0x0b, 0xfb, 0x00, 0x00, 0x00, 0x00, 0x00, 0x00,
    0xbf, 0xb0, 0x00, 0x00, 0x00, 0x00, 0x00, 0x0b, 0xfb, 0x00, 0x00, 0x00, 0x00, 0x00, 0x00, 0xbf,
    0xb0, 0x00, 0x00, 0x00, 0x00, 0x00, 0x0b, 0xfb, 0x00, 0x00, 0x00, 0x00, 0x00, 0x00, 0xbf, 0xb0,
    0x00, 0x00, 0x00, 0x34, 0x44, 0x44, 0x44, 0x44, 0x3b, 0xff, 0xff, 0xff, 0xff, 0xfb, 0xbf, 0xff,
    0xff, 0xff, 0xff, 0xb0, 0x00, 0x00, 0x00, 0x4f, 0xf8, 0x00, 0x00, 0x00, 0x0c, 0xfd, 0x00, 0x00,
    0x00, 0x06, 0xff, 0x40, 0x00, 0x00, 0x01, 0xef, 0xa0, 0x00, 0x00, 0x00, 0x8f, 0xf2, 0x00, 0x00,
    0x00, 0x3f, 0xf8, 0x00, 0x00, 0x00, 0x0b, 0xfd, 0x10, 0x00, 0x00, 0x05, 0xff, 0x50, 0x00, 0x00,
    0x01, 0xdf, 0xb0, 0x00, 0x00, 0x00, 0x8f, 0xf3, 0x00, 0x00, 0x00, 0x2e, 0xf8, 0x00, 0x00, 0x00,
    0x0a, 0xfe, 0x10, 0x00, 0x00, 0x04, 0xff, 0x60, 0x00, 0x00, 0x00, 0xdf, 0xd4, 0x44, 0x44, 0x44,
    0x4f, 0xff, 0xff, 0xff, 0xff, 0xff, 0xff, 0xff, 0xff, 0xff, 0xff, 0xf0, 0xbb, 0xbb, 0xbb, 0x3f,
    0xff, 0xff, 0xf4, 0xff, 0xb8, 0x88, 0x2f, 0xf8, 0x00, 0x00, 0xff, 0x80, 0x00, 0x0f, 0xf8, 0x00,
    0x00, 0xff, 0x80, 0x00, 0x0f, 0xf8, 0x00, 0x00, 0xff, 0x80, 0x00, 0x0f, 0xf8, 0x00, 0x00, 0xff,
    0x80, 0x00, 0x0f, 0xf8, 0x00, 0x00, 0xff, 0x80, 0x00, 0x0f, 0xf8, 0x00, 0x00, 0xff, 0x80, 0x00,
    0x0f, 0xf8, 0x00, 0x00, 0xff, 0x80, 0x00, 0x0f, 0xf8, 0x00, 0x00, 0xff, 0x80, 0x00, 0x0f, 0xf8,
    0x00, 0x00, 0xff, 0x80, 0x00, 0x0f, 0xfb, 0x88, 0x82, 0xff, 0xff, 0xff, 0x4b, 0xbb, 0xbb, 0xb3,
    0x1b, 0xb6, 0x00, 0x00, 0x00, 0x00, 0x00, 0xbf, 0xd0, 0x00, 0x00, 0x00, 0x00, 0x06, 0xff, 0x30,
    0x00, 0x00, 0x00, 0x00, 0x1e, 0xf9, 0x00, 0x00, 0x00, 0x00, 0x00, 0x9f, 0xe0, 0x00, 0x00, 0x00,
    0x00, 0x04, 0xff, 0x60, 0x00, 0x00, 0x00, 0x00, 0x0d, 0xfa, 0x00, 0x00, 0x00, 0x00, 0x00, 0x8f,
    0xf2, 0x00, 0x00, 0x00, 0x00, 0x02, 0xff, 0x70, 0x00, 0x00, 0x00, 0x00, 0x0b, 0xfd, 0x00, 0x00,
    0x00, 0x00, 0x00, 0x6f, 0xf4, 0x00, 0x00, 0x00, 0x00, 0x01, 0xef, 0x90, 0x00, 0x00, 0x00, 0x00,
    0x09, 0xfe, 0x10, 0x00, 0x00, 0x00, 0x00, 0x4f, 0xf6, 0x00, 0x00, 0x00, 0x00, 0x00, 0xdf, 0xb0,
    0x00, 0x00, 0x00, 0x00, 0x07, 0xff, 0x20, 0x00, 0x00, 0x00, 0x00, 0x2f, 0xf8, 0x00, 0x00, 0x00,
    0x00, 0x00, 0xaf, 0xd0, 0x00, 0x00, 0x00, 0x00, 0x06, 0xff, 0x40, 0x00, 0x00, 0x00, 0x00, 0x0e,
    0xf9, 0x00, 0x00, 0x00, 0x00, 0x00, 0x9f, 0xe1, 0x00, 0x00, 0x00, 0x00, 0x03, 0xff, 0x60, 0x00,
    0x00, 0x00, 0x00, 0x0d, 0xfb, 0x00, 0x00, 0x00, 0x00, 0x00, 0x6b, 0xb1, 0x3b, 0xbb, 0xbb, 0xb4,
    0xff, 0xff, 0xff, 0x28, 0x88, 0xbf, 0xf0, 0x00, 0x08, 0xff, 0x00, 0x00, 0x8f, 0xf0, 0x00, 0x08,
    0xff, 0x00, 0x00, 0x8f, 0xf0, 0x00, 0x08, 0xff, 0x00, 0x00, 0x8f, 0xf0, 0x00, 0x08, 0xff, 0x00,
    0x00, 0x8f, 0xf0, 0x00, 0x08, 0xff, 0x00, 0x00, 0x8f, 0xf0, 0x00, 0x08, 0xff, 0x00, 0x00, 0x8f,
    0xf0, 0x00, 0x08, 0xff, 0x00, 0x00, 0x8f, 0xf0, 0x00, 0x08, 0xff, 0x00, 0x00, 0x8f, 0xf0, 0x00,
    0x08, 0xff, 0x00, 0x00, 0x8f, 0xf2, 0x88, 0x8b, 0xff, 0x4f, 0xff, 0xff, 0xf3, 0xbb, 0xbb, 0xbb,
    0x00, 0x00, 0x03, 0x43, 0x00, 0x00, 0x00, 0x00, 0x01, 0xef, 0xe1, 0x00, 0x00, 0x00, 0x00, 0x7f,
    0xef, 0x80, 0x00, 0x00, 0x00, 0x0d, 0xf5, 0xfe, 0x00, 0x00, 0x00, 0x06, 0xfc, 0x0b, 0xf6, 0x00,
    0x00, 0x00, 0xcf, 0x60, 0x5f, 0xd0, 0x00, 0x00, 0x4f, 0xd0, 0x00, 0xdf, 0x40, 0x00, 0x0b, 0xf8,
    0x00, 0x07, 0xfb, 0x00, 0x02, 0xff, 0x10, 0x00, 0x1e, 0xf2, 0x00, 0x9f, 0x90, 0x00, 0x00, 0x9f,
    0x90, 0x08, 0x82, 0x00, 0x00, 0x02, 0x88, 0x00, 0x48, 0x88, 0x88, 0x88, 0x88, 0x88, 0x48, 0xff,
    0xff, 0xff, 0xff, 0xff, 0xf8, 0x6b, 0xbb, 0xbb, 0xbb, 0xbb, 0xbb, 0x60, 0x09, 0xb9, 0x00, 0x00,
    0x3e, 0xf8, 0x00, 0x00, 0x6f, 0xf5, 0x00, 0x00, 0x7b, 0xa1, 0x00, 0x06, 0xbf, 0xff, 0xb6, 0x00,
    0x00, 0x9f, 0xff, 0xff, 0xff, 0x90, 0x06, 0xff, 0x94, 0x04, 0xaf, 0xf6, 0x08, 0xb9, 0x00, 0x00,
    0x0d, 0xfa, 0x00, 0x00, 0x00, 0x00, 0x0b, 0xfb, 0x00, 0x01, 0x44, 0x44, 0x4c, 0xfb, 0x00, 0x8f,
    0xff, 0xff, 0xff, 0xfb, 0x09, 0xff, 0xa8, 0x88, 0x8d, 0xfb, 0x2f, 0xf8, 0x00, 0x00, 0x0b, 0xfb,
    0x4f, 0xf4, 0x00, 0x00, 0x0b, 0xfb, 0x4f, 0xf4, 0x00, 0x00, 0x0d, 0xfb, 0x2f, 0xfc, 0x10, 0x02,
    0xaf, 0xfb, 0x08, 0xff, 0xfc, 0xcf, 0xec, 0xfb, 0x00, 0x8e, 0xff, 0xfb, 0x3b, 0xfb, 0x00, 0x00,
    0x44, 0x20, 0x00, 0x00, 0x34, 0x30, 0x00, 0x00, 0x00, 0x0b, 0xfb, 0x00, 0x00, 0x00, 0x00, 0xbf,
    0xb0, 0x00, 0x00, 0x00, 0x0b, 0xfb, 0x00, 0x00, 0x00, 0x00, 0xbf, 0xb0, 0x00, 0x00, 0x00, 0x0b,
    0xfb, 0x19, 0xef, 0xd8, 0x10, 0xbf, 0xbc, 0xff, 0xff, 0xfc, 0x0b, 0xff, 0xc5, 0x44, 0xaf, 0xf6,
    0xbf, 0xf2, 0x00, 0x00, 0xdf, 0xbb, 0xfb, 0x00, 0x00, 0x08, 0xfe, 0xbf, 0xb0, 0x00, 0x00, 0x8f,
    0xfb, 0xfb, 0x00, 0x00, 0x08, 0xff, 0xbf, 0xb0, 0x00, 0x00, 0x8f, 0xfb, 0xfb, 0x00, 0x00, 0x08,
    0xff, 0xbf, 0xb0, 0x00, 0x00, 0x8f, 0xfb, 0xfe, 0x10, 0x00, 0x0c, 0xfb, 0xbf, 0xf9, 0x10, 0x07,
    0xff, 0x8b, 0xfc, 0xef, 0xff, 0xff, 0xe1, 0xbf, 0xb3, 0xdf, 0xff, 0xb3, 0x00, 0x00, 0x00, 0x34,
    0x20, 0x00, 0x00, 0x4a, 0xef, 0xfb, 0x60, 0x00, 0x06, 0xff, 0xff, 0xff, 0xfc, 0x10, 0x4f, 0xfd,
    0x64, 0x4a, 0xff, 0x80, 0x9f, 0xe1, 0x00, 0x00, 0xaf, 0xe0, 0xbf, 0xa0, 0x00, 0x00, 0x4b, 0xb2,
    0xef, 0x80, 0x00, 0x00, 0x00, 0x00, 0xff, 0x80, 0x00, 0x00, 0x00, 0x00, 0xff, 0x80, 0x00, 0x00,
    0x00, 0x00, 0xff, 0x80, 0x00, 0x00, 0x00, 0x00, 0xbf, 0x90, 0x00, 0x00, 0x28, 0x82, 0xaf, 0xd0,
    0x00, 0x00, 0x8f, 0xf0, 0x6f, 0xfa, 0x20, 0x07, 0xff, 0xa0, 0x09, 0xff, 0xff, 0xff, 0xfe, 0x20,
    0x00, 0x8e, 0xff, 0xff, 0x92, 0x00, 0x00, 0x00, 0x34, 0x40, 0x00, 0x00, 0x00, 0x00, 0x00, 0x00,
    0x34, 0x30, 0x00, 0x00, 0x00, 0x0b, 0xfb, 0x00, 0x00, 0x00, 0x00, 0xbf, 0xb0, 0x00, 0x00, 0x00,
    0x0b, 0xfb, 0x00, 0x00, 0x00, 0x00, 0xbf, 0xb0, 0x18, 0xdf, 0xe9, 0x1b, 0xfb, 0x0c, 0xff, 0xff,
    0xfc, 0xbf, 0xb6, 0xff, 0xa4, 0x45, 0xcf, 0xfb, 0xbf, 0xd0, 0x00, 0x02, 0xff, 0xbe, 0xf8, 0x00,
    0x00, 0x0b, 0xfb, 0xff, 0x80, 0x00, 0x00, 0xbf, 0xbf, 0xf8, 0x00, 0x00, 0x0b, 0xfb, 0xff, 0x80,
    0x00, 0x00, 0xbf, 0xbf, 0xf8, 0x00, 0x00, 0x0b, 0xfb, 0xff, 0x80, 0x00, 0x00, 0xbf, 0xbb, 0xfc,
    0x00, 0x00, 0x1e, 0xfb, 0x8f, 0xf7, 0x00, 0x19, 0xff, 0xb1, 0xef, 0xff, 0xff, 0xec, 0xfb, 0x03,
    0xbf, 0xff, 0xd3, 0xbf, 0xb0, 0x00, 0x24, 0x30, 0x00, 0x00, 0x00, 0x4a, 0xef, 0xea, 0x40, 0x00,
    0x7f, 0xff, 0xff, 0xff, 0x80, 0x4f, 0xf9, 0x20, 0x29, 0xff, 0x4a, 0xfc, 0x00, 0x00, 0x0c, 0xfa,
    0xef, 0x80, 0x00, 0x00, 0x8f, 0xff, 0xf8, 0x00, 0x00, 0x08, 0xff, 0xff, 0xff, 0xff, 0xff, 0xff,
    0xff, 0xfd, 0xbb, 0xbb, 0xbb, 0xbb, 0xff, 0x80, 0x00, 0x00, 0x00, 0x0f, 0xf8, 0x00, 0x00, 0x00,
    0x00, 0xbf, 0xb0, 0x00, 0x00, 0x68, 0x66, 0xff, 0x80, 0x00, 0x6f, 0xf9, 0x0a, 0xff, 0xfb, 0xff,
    0xfc, 0x10, 0x08, 0xef, 0xff, 0xe9, 0x10, 0x00, 0x00, 0x34, 0x40, 0x00, 0x00, 0x00, 0x00, 0x00,
    0x04, 0x44, 0x44, 0x10, 0x00, 0x00, 0x6e, 0xff, 0xff, 0xf4, 0x00, 0x00, 0x4f, 0xff, 0xff, 0xff,
    0x40, 0x00, 0x09, 0xfe, 0x20, 0x00, 0x00, 0x00, 0x00, 0xbf, 0xb0, 0x00, 0x00, 0x00, 0x00, 0x0b,
    0xfb, 0x00, 0x00, 0x00, 0x00, 0x00, 0xbf, 0xb0, 0x00, 0x00, 0x0b, 0xff, 0xff, 0xff, 0xff, 0xff,
    0xf4, 0xbf, 0xff, 0xff, 0xff, 0xff, 0xff, 0x43, 0x44, 0x4c, 0xfc, 0x44, 0x44, 0x41, 0x00, 0x00,
    0xbf, 0xb0, 0x00, 0x00, 0x00, 0x00, 0x0b, 0xfb, 0x00, 0x00, 0x00, 0x00, 0x00, 0xbf, 0xb0, 0x00,
    0x00, 0x00, 0x00, 0x0b, 0xfb, 0x00, 0x00, 0x00, 0x00, 0x00, 0xbf, 0xb0, 0x00, 0x00, 0x00, 0x00,
    0x0b, 0xfb, 0x00, 0x00, 0x00, 0x00, 0x00, 0xbf, 0xb0, 0x00, 0x00, 0x00, 0x00, 0x0b, 0xfb, 0x00,
    0x00, 0x00, 0x00, 0x00, 0xbf, 0xb0, 0x00, 0x00, 0x00, 0x00, 0x8d, 0xfe, 0x91, 0x8b, 0x80, 0xbf,
    0xff, 0xff, 0xcb, 0xfb, 0x6f, 0xfc, 0x54, 0x5c, 0xff, 0xba, 0xfd, 0x10, 0x00, 0x2f, 0xfb, 0xdf,
    0x90, 0x00, 0x00, 0xbf, 0xbf, 0xf8, 0x00, 0x00, 0x0b, 0xfb, 0xff, 0x80, 0x00, 0x00, 0xbf, 0xbf,
    0xf8, 0x00, 0x00, 0x0b, 0xfb, 0xdf, 0x80, 0x00, 0x00, 0xbf, 0xbb, 0xfd, 0x00, 0x00, 0x1e, 0xfb,
    0x7f, 0xf9, 0x20, 0x2c, 0xff, 0xb0, 0xcf, 0xff, 0xff, 0xdc, 0xfb, 0x01, 0x9e, 0xff, 0xa3, 0xbf,
    0xb0, 0x00, 0x00, 0x00, 0x0b, 0xfb, 0x00, 0x00, 0x00, 0x00, 0xbf, 0xb0, 0x00, 0x00, 0x00, 0x3f,
    0xf8, 0x00, 0xbb, 0xbb, 0xbf, 0xfe, 0x20, 0x0f, 0xff, 0xff, 0xfd, 0x30, 0x00, 0x88, 0x88, 0x85,
    0x00, 0x00, 0x34, 0x30, 0x00, 0x00, 0x00, 0x0b, 0xfb, 0x00, 0x00, 0x00, 0x00, 0xbf, 0xb0, 0x00,
    0x00, 0x00, 0x0b, 0xfb, 0x00, 0x00, 0x00, 0x00, 0xbf, 0xb0, 0x00, 0x00, 0x00, 0x0b, 0xfb, 0x19,
    0xef, 0xd8, 0x10, 0xbf, 0xbc, 0xff, 0xff, 0xfc, 0x0b, 0xff, 0xc5, 0x14, 0xcf, 0xf6, 0xbf, 0xf2,
    0x00, 0x01, 0xef, 0xbb, 0xfb, 0x00, 0x00, 0x0b, 0xfb, 0xbf, 0xb0, 0x00, 0x00, 0xbf, 0xbb, 0xfb,
    0x00, 0x00, 0x0b, 0xfb, 0xbf, 0xb0, 0x00, 0x00, 0xbf, 0xbb, 0xfb, 0x00, 0x00, 0x0b, 0xfb, 0xbf,
    0xb0, 0x00, 0x00, 0xbf, 0xbb, 0xfb, 0x00, 0x00, 0x0b, 0xfb, 0xbf, 0xb0, 0x00, 0x00, 0xbf, 0xbb,
    0xfb, 0x00, 0x00, 0x0b, 0xfb, 0xbf, 0xb0, 0x00, 0x00, 0xbf, 0xb0, 0x00, 0x00, 0x17, 0x61, 0x00,
    0x00, 0x00, 0x00, 0xbf, 0xf9, 0x00, 0x00, 0x00, 0x00, 0xef, 0xfa, 0x00, 0x00, 0x00, 0x00, 0x5b,
    0xb3, 0x00, 0x00, 0x00, 0x00, 0x00, 0x00, 0x00, 0x00, 0x00, 0x00, 0x00, 0x00, 0x00, 0x00, 0x6b,
    0xbb, 0xbb, 0xb3, 0x00, 0x00, 0x8f, 0xff, 0xff, 0xf4, 0x00, 0x00, 0x48, 0x88, 0x8f, 0xf4, 0x00,
    0x00, 0x00, 0x00, 0x0f, 0xf4, 0x00, 0x00, 0x00, 0x00, 0x0f, 0xf4, 0x00, 0x00, 0x00, 0x00, 0x0f,
    0xf4, 0x00, 0x00, 0x00, 0x00, 0x0f, 0xf4, 0x00, 0x00, 0x00, 0x00, 0x0f, 0xf4, 0x00, 0x00, 0x00,
    0x00, 0x0f, 0xf4, 0x00, 0x00, 0x00, 0x00, 0x0f, 0xf4, 0x00, 0x00, 0x00, 0x00, 0x0f, 0xf4, 0x00,
    0x00, 0x44, 0x44, 0x4f, 0xf7, 0x44, 0x44, 0xff, 0xff, 0xff, 0xff, 0xff, 0xff, 0xff, 0xff, 0xff,
    0xff, 0xff, 0xff, 0x00, 0x00, 0x00, 0x48, 0x40, 0x00, 0x00, 0x02, 0xff, 0xf3, 0x00, 0x00, 0x04,
    0xff, 0xf6, 0x00, 0x00, 0x00, 0x8b, 0x91, 0x00, 0x00, 0x00, 0x00, 0x00, 0x00, 0x00, 0x00, 0x00,
    0x00, 0xbb, 0xbb, 0xbb, 0xbb, 0xb0, 0xff, 0xff, 0xff, 0xff, 0xf0, 0x88, 0x88, 0x88, 0xbf, 0xf0,
    0x00, 0x00, 0x00, 0x8f, 0xf0, 0x00, 0x00, 0x00, 0x8f, 0xf0, 0x00, 0x00, 0x00, 0x8f, 0xf0, 0x00,
    0x00, 0x00, 0x8f, 0xf0, 0x00, 0x00, 0x00, 0x8f, 0xf0, 0x00, 0x00, 0x00, 0x8f, 0xf0, 0x00, 0x00,
    0x00, 0x8f, 0xf0, 0x00, 0x00, 0x00, 0x8f, 0xf0, 0x00, 0x00, 0x00, 0x8f, 0xf0, 0x00, 0x00, 0x00,
    0x8f, 0xf0, 0x00, 0x00, 0x00, 0x8f, 0xf0, 0x00, 0x00, 0x00, 0xaf, 0xd0, 0x00, 0x00, 0x07, 0xff,
    0x90, 0x8b, 0xbb, 0xdf, 0xfe, 0x10, 0xbf, 0xff, 0xff, 0xb3, 0x00, 0x68, 0x88, 0x73, 0x00, 0x00,
    0x34, 0x30, 0x00, 0x00, 0x00, 0x00, 0x0b, 0xfb, 0x00, 0x00, 0x00, 0x00, 0x00, 0xbf, 0xb0, 0x00,
    0x00, 0x00, 0x00, 0x0b, 0xfb, 0x00, 0x00, 0x00, 0x00, 0x00, 0xbf, 0xb0, 0x00, 0x00, 0x00, 0x00,
    0x0b, 0xfb, 0x00, 0x00, 0x03, 0xbb, 0x70, 0xbf, 0xb0, 0x00, 0x00, 0xcf, 0xe1, 0x0b, 0xfb, 0x00,
    0x00, 0x8f, 0xf5, 0x00, 0xbf, 0xb0, 0x00, 0x2e, 0xfa, 0x00, 0x0b, 0xfb, 0x00, 0x0b, 0xfe, 0x10,
    0x00, 0xbf, 0xc4, 0x48, 0xff, 0x50, 0x00, 0x0b, 0xff, 0xff, 0xff, 0xb0, 0x00, 0x00, 0xbf, 0xff,
    0xff, 0xfd, 0x10, 0x00, 0x0b, 0xfb, 0x00, 0x5f, 0xf8, 0x00, 0x00, 0xbf, 0xb0, 0x00, 0xaf, 0xf3,
    0x00, 0x0b, 0xfb, 0x00, 0x01, 0xef, 0xc0, 0x00, 0xbf, 0xb0, 0x00, 0x07, 0xff, 0x80, 0x0b, 0xfb,
    0x00, 0x00, 0x0b, 0xfe, 0x20, 0xbf, 0xb0, 0x00, 0x00, 0x2f, 0xfb, 0x00, 0x14, 0x44, 0x44, 0x44,
    0x00, 0x00, 0x00, 0x4f, 0xff, 0xff, 0xff, 0x00, 0x00, 0x00, 0x4f, 0xff, 0xff, 0xff, 0x00, 0x00,
    0x00, 0x00, 0x00, 0x08, 0xff, 0x00, 0x00, 0x00, 0x00, 0x00, 0x08, 0xff, 0x00, 0x00, 0x00, 0x00,
    0x00, 0x08, 0xff, 0x00, 0x00, 0x00, 0x00, 0x00, 0x08, 0xff, 0x00, 0x00, 0x00, 0x00, 0x00, 0x08,
    0xff, 0x00, 0x00, 0x00, 0x00, 0x00, 0x08, 0xff, 0x00, 0x00, 0x00, 0x00, 0x00, 0x08, 0xff, 0x00,
    0x00, 0x00, 0x00, 0x00, 0x08, 0xff, 0x00, 0x00, 0x00, 0x00, 0x00, 0x08, 0xff, 0x00, 0x00, 0x00,
    0x00, 0x00, 0x08, 0xff, 0x00, 0x00, 0x00, 0x00, 0x00, 0x08, 0xff, 0x00, 0x00, 0x00, 0x00, 0x00,
    0x08, 0xff, 0x00, 0x00, 0x00, 0x00, 0x00, 0x08, 0xff, 0x00, 0x00, 0x00, 0x00, 0x00, 0x05, 0xff,
    0xa4, 0x44, 0x43, 0x00, 0x00, 0x00, 0xcf, 0xff, 0xff, 0xfb, 0x00, 0x00, 0x00, 0x18, 0xdf, 0xff,
    0xfb, 0x6b, 0x68, 0xfe, 0x61, 0xbf, 0xd5, 0x08, 0xfa, 0xff, 0xff, 0xaf, 0xff, 0xf2, 0x8f, 0xd1,
    0x0b, 0xfb, 0x01, 0xef, 0x88, 0xfb, 0x00, 0x8f, 0x80, 0x0b, 0xf8, 0x8f, 0xb0, 0x08, 0xf8, 0x00,
    0xbf, 0x88, 0xfb, 0x00, 0x8f, 0x80, 0x0b, 0xf8, 0x8f, 0xb0, 0x08, 0xf8, 0x00, 0xbf, 0x88, 0xfb,
    0x00, 0x8f, 0x80, 0x0b, 0xf8, 0x8f, 0xb0, 0x08, 0xf8, 0x00, 0xbf, 0x88, 0xfb, 0x00, 0x8f, 0x80,
    0x0b, 0xf8, 0x8f, 0xb0, 0x08, 0xf8, 0x00, 0xbf, 0x88, 0xfb, 0x00, 0x8f, 0x80, 0x0b, 0xf8, 0x8f,
    0xb0, 0x08, 0xf8, 0x00, 0xbf, 0x88, 0xfb, 0x00, 0x8f, 0x80, 0x0b, 0xf8, 0x8b, 0x81, 0x9e, 0xfd,
    0x81, 0x0b, 0xfb, 0xcf, 0xff, 0xff, 0xc0, 0xbf, 0xfc, 0x51, 0x4c, 0xff, 0x6b, 0xff, 0x20, 0x00,
    0x1e, 0xfb, 0xbf, 0xb0, 0x00, 0x00, 0xbf, 0xbb, 0xfb, 0x00, 0x00, 0x0b, 0xfb, 0xbf, 0xb0, 0x00,
    0x00, 0xbf, 0xbb, 0xfb, 0x00, 0x00, 0x0b, 0xfb, 0xbf, 0xb0, 0x00, 0x00, 0xbf, 0xbb, 0xfb, 0x00,
    0x00, 0x0b, 0xfb, 0xbf, 0xb0, 0x00, 0x00, 0xbf, 0xbb, 0xfb, 0x00, 0x00, 0x0b, 0xfb, 0xbf, 0xb0,
    0x00, 0x00, 0xbf, 0xbb, 0xfb, 0x00, 0x00, 0x0b, 0xfb, 0x00, 0x4a, 0xdf, 0xda, 0x40, 0x00, 0x7f,
    0xff, 0xff, 0xff, 0x70, 0x4f, 0xfc, 0x64, 0x6c, 0xff, 0x4a, 0xfd, 0x10, 0x00, 0x1d, 0xfa, 0xef,
    0x80, 0x00, 0x00, 0x8f, 0xef, 0xf8, 0x00, 0x00, 0x08, 0xff, 0xff, 0x80, 0x00, 0x00, 0x8f, 0xff,
    0xf8, 0x00, 0x00, 0x08, 0xff, 0xff, 0x80, 0x00, 0x00, 0x8f, 0xff, 0xf8, 0x00, 0x00, 0x08, 0xff,
    0xbf, 0xc0, 0x00, 0x00, 0xcf, 0xb6, 0xff, 0x92, 0x02, 0x9f, 0xf6, 0x0a, 0xff, 0xff, 0xff, 0xfa,
    0x00, 0x08, 0xef, 0xff, 0xe8, 0x00, 0x00, 0x00, 0x24, 0x20, 0x00, 0x00, 0x8b, 0x81, 0x9e, 0xfd,
    0x81, 0x0b, 0xfb, 0xcf, 0xff, 0xff, 0xc0, 0xbf, 0xec, 0x54, 0x4a, 0xff, 0x6b, 0xff, 0x20, 0x00,
    0x0d, 0xfb, 0xbf, 0xb0, 0x00, 0x00, 0x8f, 0xeb, 0xfb, 0x00, 0x00, 0x08, 0xff, 0xbf, 0xb0, 0x00,
    0x00, 0x8f, 0xfb, 0xfb, 0x00, 0x00, 0x08, 0xff, 0xbf, 0xb0, 0x00, 0x00, 0x8f, 0xfb, 0xfb, 0x00,
    0x00, 0x08, 0xff, 0xbf, 0xe1, 0x00, 0x00, 0xcf, 0xbb, 0xff, 0x91, 0x00, 0x7f, 0xf8, 0xbf, 0xbd,
    0xff, 0xff, 0xfe, 0x1b, 0xfb, 0x3d, 0xff, 0xfb, 0x30, 0xbf, 0xb0, 0x03, 0x42, 0x00, 0x0b, 0xfb,
    0x00, 0x00, 0x00, 0x00, 0xbf, 0xb0, 0x00, 0x00, 0x00, 0x0b, 0xfb, 0x00, 0x00, 0x00, 0x00, 0x68,
    0x60, 0x00, 0x00, 0x00, 0x00, 0x01, 0x8d, 0xfe, 0x91, 0x8b, 0x80, 0xcf, 0xff, 0xff, 0xcb, 0xfb,
    0x6f, 0xfa, 0x44, 0x5c, 0xff, 0xbb, 0xfd, 0x00, 0x00, 0x2f, 0xfb, 0xef, 0x80, 0x00, 0x00, 0xbf,
    0xbf, 0xf8, 0x00, 0x00, 0x0b, 0xfb, 0xff, 0x80, 0x00, 0x00, 0xbf, 0xbf, 0xf8, 0x00, 0x00, 0x0b,
    0xfb, 0xff, 0x80, 0x00, 0x00, 0xbf, 0xbf, 0xf8, 0x00, 0x00, 0x0b, 0xfb, 0xbf, 0xc0, 0x00, 0x01,
    0xef, 0xb8, 0xff, 0x70, 0x01, 0x9f, 0xfb, 0x1e, 0xff, 0xff, 0xfd, 0xbf, 0xb0, 0x3b, 0xff, 0xfd,
    0x3b, 0xfb, 0x00, 0x02, 0x43, 0x00, 0xbf, 0xb0, 0x00, 0x00, 0x00, 0x0b, 0xfb, 0x00, 0x00, 0x00,
    0x00, 0xbf, 0xb0, 0x00, 0x00, 0x00, 0x0b, 0xfb, 0x00, 0x00, 0x00, 0x00, 0x68, 0x60, 0x3b, 0xb3,
    0x5c, 0xff, 0xb4, 0x00, 0x4f, 0xf8, 0xff, 0xff, 0xff, 0x50, 0x4f, 0xff, 0x84, 0x46, 0xef, 0xe0,
    0x4f, 0xf9, 0x00, 0x00, 0x6f, 0xf4, 0x4f, 0xf4, 0x00, 0x00, 0x3f, 0xf4, 0x4f, 0xf4, 0x00, 0x00,
    0x0f, 0xf4, 0x4f, 0xf4, 0x00, 0x00, 0x04, 0x41, 0x4f, 0xf4, 0x00, 0x00, 0x00, 0x00, 0x4f, 0xf4,
    0x00, 0x00, 0x00, 0x00, 0x4f, 0xf4, 0x00, 0x00, 0x00, 0x00, 0x4f, 0xf4, 0x00, 0x00, 0x00, 0x00,
    0x4f, 0xf4, 0x00, 0x00, 0x00, 0x00, 0x4f, 0xf4, 0x00, 0x00, 0x00, 0x00, 0x4f, 0xf4, 0x00, 0x00,
    0x00, 0x00, 0x01, 0x8c, 0xff, 0xfb, 0x81, 0x01, 0xef, 0xff, 0xff, 0xff, 0xc1, 0x9f, 0xf7, 0x10,
    0x17, 0xff, 0x8b, 0xf9, 0x00, 0x00, 0x08, 0xb8, 0xbf, 0x90, 0x00, 0x00, 0x00, 0x09, 0xff, 0x98,
    0x43, 0x00, 0x00, 0x2e, 0xff, 0xff, 0xff, 0xc4, 0x00, 0x18, 0xbe, 0xff, 0xff, 0xf4, 0x00, 0x00,
    0x00, 0x46, 0xef, 0xb0, 0x00, 0x00, 0x00, 0x08, 0xff, 0xbb, 0x60, 0x00, 0x00, 0x8f, 0xfc, 0xfd,
    0x30, 0x00, 0x2d, 0xfc, 0x5f, 0xff, 0xff, 0xff, 0xff, 0x50, 0x5c, 0xff, 0xff, 0xfc, 0x50, 0x00,
    0x01, 0x44, 0x41, 0x00, 0x00, 0x00, 0x00, 0xbb, 0x60, 0x00, 0x00, 0x00, 0x00, 0x0f, 0xf8, 0x00,
    0x00, 0x00, 0x00, 0x00, 0xff, 0x80, 0x00, 0x00, 0x00, 0x00, 0x0f, 0xf8, 0x00, 0x00, 0x00, 0xbb,
    0xbb, 0xff, 0xdb, 0xbb, 0xbb, 0x0f, 0xff, 0xff, 0xff, 0xff, 0xff, 0xf0, 0x88, 0x88, 0xff, 0xb8,
    0x88, 0x88, 0x00, 0x00, 0x0f, 0xf8, 0x00, 0x00, 0x00, 0x00, 0x00, 0xff, 0x80, 0x00, 0x00, 0x00,
    0x00, 0x0f, 0xf8, 0x00, 0x00, 0x00, 0x00, 0x00, 0xff, 0x80, 0x00, 0x00, 0x00, 0x00, 0x0f, 0xf8,
    0x00, 0x00, 0x00, 0x00, 0x00, 0xff, 0x80, 0x00, 0x00, 0x00, 0x00, 0x0f, 0xf8, 0x00, 0x00, 0x00,
    0x00, 0x00, 0xff, 0x80, 0x00, 0x00, 0x00, 0x00, 0x0c, 0xfe, 0x54, 0x44, 0x40, 0x00, 0x00, 0x5f,
    0xff, 0xff, 0xff, 0x00, 0x00, 0x00, 0x5c, 0xff, 0xff, 0xf0, 0x8b, 0x60, 0x00, 0x00, 0x8b, 0x8b,
    0xf8, 0x00, 0x00, 0x0b, 0xfb, 0xbf, 0x80, 0x00, 0x00, 0xbf, 0xbb, 0xf8, 0x00, 0x00, 0x0b, 0xfb,
    0xbf, 0x80, 0x00, 0x00, 0xbf, 0xbb, 0xf8, 0x00, 0x00, 0x0b, 0xfb, 0xbf, 0x80, 0x00, 0x00, 0xbf,
    0xbb, 0xf8, 0x00, 0x00, 0x0b, 0xfb, 0xbf, 0x80, 0x00, 0x00, 0xbf, 0xbb, 0xfb, 0x00, 0x00, 0x0b,
    0xfb, 0xaf, 0xd0, 0x00, 0x00, 0xdf, 0xa6, 0xff, 0x91, 0x01, 0x9f, 0xf6, 0x09, 0xff, 0xff, 0xff,
    0xf9, 0x00, 0x08, 0xef, 0xff, 0xe8, 0x00, 0x00, 0x00, 0x34, 0x30, 0x00, 0x00, 0x7b, 0xb0, 0x00,
    0x00, 0x00, 0xbb, 0x85, 0xff, 0x50, 0x00, 0x00, 0x4f, 0xf6, 0x0e, 0xf9, 0x00, 0x00, 0x08, 0xff,
    0x10, 0x9f, 0xe0, 0x00, 0x00, 0xdf, 0xa0, 0x05, 0xff, 0x40, 0x00, 0x3f, 0xf5, 0x00, 0x0e, 0xf8,
    0x00, 0x08, 0xfe, 0x00, 0x00, 0x9f, 0xd0, 0x00, 0xdf, 0x90, 0x00, 0x05, 0xff, 0x30, 0x3f, 0xf5,
    0x00, 0x00, 0x0e, 0xf8, 0x08, 0xfe, 0x00, 0x00, 0x00, 0x9f, 0xd0, 0xcf, 0x90, 0x00, 0x00, 0x05,
    0xff, 0x3f, 0xf5, 0x00, 0x00, 0x00, 0x0e, 0xfb, 0xfe, 0x00, 0x00, 0x00, 0x00, 0x9f, 0xff, 0x90,
    0x00, 0x00, 0x00, 0x05, 0xff, 0xf5, 0x00, 0x00, 0x3b, 0x80, 0x00, 0x8b, 0x80, 0x00, 0x8b, 0x32,
    0xff, 0x00, 0x0d, 0xfd, 0x00, 0x0d, 0xf2, 0x0f, 0xf1, 0x01, 0xff, 0xf1, 0x00, 0xff, 0x00, 0xbf,
    0x40, 0x4f, 0x9f, 0x40, 0x3f, 0xb0, 0x09, 0xf6, 0x07, 0xf8, 0xf7, 0x04, 0xf9, 0x00, 0x8f, 0x80,
    0x8f, 0x0f, 0x80, 0x8f, 0x70, 0x04, 0xfa, 0x0b, 0xc0, 0xdb, 0x09, 0xf4, 0x00, 0x3f, 0xb0, 0xfa,
    0x0b, 0xf0, 0xbf, 0x10, 0x00, 0xff, 0x2f, 0x80, 0x8f, 0x2e, 0xe0, 0x00, 0x0c, 0xf5, 0xf5, 0x06,
    0xf4, 0xfb, 0x00, 0x00, 0xaf, 0xbf, 0x30, 0x4f, 0xbf, 0x80, 0x00, 0x08, 0xfb, 0xf0, 0x00, 0xfb,
    0xf7, 0x00, 0x00, 0x5f, 0xec, 0x00, 0x0e, 0xff, 0x40, 0x00, 0x03, 0xff, 0xa0, 0x00, 0xbf, 0xf1,
    0x00, 0x3b, 0xb7, 0x00, 0x00, 0x07, 0xbb, 0x40, 0xaf, 0xf3, 0x00, 0x02, 0xff, 0xa0, 0x01, 0xef,
    0xb0, 0x00, 0xbf, 0xe1, 0x00, 0x05, 0xff, 0x70, 0x7f, 0xf5, 0x00, 0x00, 0x09, 0xfe, 0x2e, 0xfa,
    0x00, 0x00, 0x00, 0x1d, 0xfd, 0xfe, 0x10, 0x00, 0x00, 0x00, 0x4f, 0xff, 0x50, 0x00, 0x00, 0x00,
    0x06, 0xff, 0xf6, 0x00, 0x00, 0x00, 0x02, 0xef, 0xdf, 0xe2, 0x00, 0x00, 0x00, 0xbf, 0xe2, 0xef,
    0xb0, 0x00, 0x00, 0x7f, 0xf5, 0x05, 0xff, 0x70, 0x00, 0x3e, 0xfa, 0x00, 0x0a, 0xfe, 0x30, 0x0c,
    0xfe, 0x10, 0x00, 0x1e, 0xfc, 0x08, 0xff, 0x60, 0x00, 0x00, 0x6f, 0xf8, 0x7b, 0xb0, 0x00, 0x00,
    0x00, 0xbb, 0x84, 0xff, 0x60, 0x00, 0x00, 0x5f, 0xf5, 0x0d, 0xfb, 0x00, 0x00, 0x09, 0xfe, 0x00,
    0x7f, 0xf2, 0x00, 0x01, 0xef, 0x80, 0x01, 0xff, 0x80, 0x00, 0x6f, 0xf3, 0x00, 0x09, 0xfd, 0x00,
    0x0a, 0xfc, 0x00, 0x00, 0x4f, 0xf4, 0x01, 0xff, 0x70, 0x00, 0x00, 0xdf, 0x90, 0x6f, 0xf1, 0x00,
    0x00, 0x08, 0xff, 0x1c, 0xfa, 0x00, 0x00, 0x00, 0x2f, 0xf8, 0xff, 0x50, 0x00, 0x00, 0x00, 0xaf,
    0xdf, 0xe0, 0x00, 0x00, 0x00, 0x05, 0xff, 0xf8, 0x00, 0x00, 0x00, 0x00, 0x0d, 0xff, 0x30, 0x00,
    0x00, 0x00, 0x00, 0xcf, 0xc0, 0x00, 0x00, 0x00, 0x00, 0x2f, 0xf7, 0x00, 0x00, 0x00, 0x00, 0x08,
    0xff, 0x10, 0x00, 0x00, 0x00, 0x00, 0xdf, 0xa0, 0x00, 0x00, 0x00, 0x00, 0x4f, 0xf5, 0x00, 0x00,
    0x00, 0x00, 0x04, 0x88, 0x00, 0x00, 0x00, 0x00, 0x8b, 0xbb, 0xbb, 0xbb, 0xbb, 0x6b, 0xff, 0xff,
    0xff, 0xff, 0xf8, 0x68, 0x88, 0x88, 0x8a, 0xff, 0x70, 0x00, 0x00, 0x03, 0xef, 0xc1, 0x00, 0x00,
    0x01, 0xcf, 0xe1, 0x00, 0x00, 0x00, 0xbf, 0xe3, 0x00, 0x00, 0x00, 0x9f, 0xf5, 0x00, 0x00, 0x00,
    0x6f, 0xf7, 0x00, 0x00, 0x00, 0x4f, 0xf9, 0x00, 0x00, 0x00, 0x3e, 0xfc, 0x00, 0x00, 0x00, 0x1c,
    0xfc, 0x10, 0x00, 0x00, 0x0a, 0xff, 0x74, 0x44, 0x44, 0x43, 0xbf, 0xff, 0xff, 0xff, 0xff, 0xbb,
    0xff, 0xff, 0xff, 0xff, 0xfb, 0x00, 0x00, 0x00, 0x02, 0x7b, 0xb8, 0x00, 0x00, 0x00, 0x5e, 0xff,
    0xfb, 0x00, 0x00, 0x00, 0xef, 0xf9, 0x86, 0x00, 0x00, 0x04, 0xff, 0x70, 0x00, 0x00, 0x00, 0x04,
    0xff, 0x40, 0x00, 0x00, 0x00, 0x02, 0xff, 0x40, 0x00, 0x00, 0x00, 0x00, 0xff, 0x80, 0x00, 0x00,
    0x00, 0x00, 0xff, 0x80, 0x00, 0x00, 0x00, 0x00, 0xcf, 0x90, 0x00, 0x00, 0x00, 0x00, 0xdf, 0x80,
    0x00, 0x00, 0x00, 0x37, 0xff, 0x40, 0x00, 0x4f, 0xff, 0xfe, 0xa4, 0x00, 0x00, 0x4f, 0xff, 0xff,
    0xc5, 0x00, 0x00, 0x00, 0x01, 0x48, 0xff, 0x40, 0x00, 0x00, 0x00, 0x00, 0xdf, 0x80, 0x00, 0x00,
    0x00, 0x00, 0xcf, 0x90, 0x00, 0x00, 0x00, 0x00, 0xff, 0x80, 0x00, 0x00, 0x00, 0x00, 0xff, 0x80,
    0x00, 0x00, 0x00, 0x02, 0xff, 0x40, 0x00, 0x00, 0x00, 0x04, 0xff, 0x40, 0x00, 0x00, 0x00, 0x04,
    0xff, 0x70, 0x00, 0x00, 0x00, 0x00, 0xef, 0xf9, 0x86, 0x00, 0x00, 0x00, 0x5e, 0xff, 0xfb, 0x00,
    0x00, 0x00, 0x02, 0x7b, 0xb8, 0x8b, 0x8b, 0xfb, 0xbf, 0xbb, 0xfb, 0xbf, 0xbb, 0xfb, 0xbf, 0xbb,
    0xfb, 0xbf, 0xbb, 0xfb, 0xbf, 0xbb, 0xfb, 0xbf, 0xbb, 0xfb, 0xbf, 0xbb, 0xfb, 0xbf, 0xbb, 0xfb,
    0xbf, 0xbb, 0xfb, 0xbf, 0xbb, 0xfb, 0xbf, 0xb8, 0xb8, 0x8b, 0xb8, 0x20, 0x00, 0x00, 0x00, 0xbf,
    0xff, 0xe6, 0x00, 0x00, 0x00, 0x68, 0x9f, 0xfe, 0x10, 0x00, 0x00, 0x00, 0x06, 0xff, 0x40, 0x00,
    0x00, 0x00, 0x04, 0xff, 0x40, 0x00, 0x00, 0x00, 0x07, 0xff, 0x00, 0x00, 0x00, 0x00, 0x08, 0xfe,
    0x00, 0x00, 0x00, 0x00, 0x0b, 0xfb, 0x00, 0x00, 0x00, 0x00, 0x0c, 0xf9, 0x00, 0x00, 0x00, 0x00,
    0x0d, 0xf9, 0x00, 0x00, 0x00, 0x00, 0x08, 0xfe, 0x62, 0x00, 0x00, 0x00, 0x00, 0x8d, 0xff, 0xff,
    0xf4, 0x00, 0x01, 0x9f, 0xff, 0xff, 0xf4, 0x00, 0x08, 0xfe, 0x64, 0x00, 0x00, 0x00, 0x0d, 0xf9,
    0x00, 0x00, 0x00, 0x00, 0x0c, 0xf9, 0x00, 0x00, 0x00, 0x00, 0x0b, 0xfb, 0x00, 0x00, 0x00, 0x00,
    0x08, 0xfe, 0x00, 0x00, 0x00, 0x00, 0x07, 0xff, 0x10, 0x00, 0x00, 0x00, 0x04, 0xff, 0x40, 0x00,
    0x00, 0x00, 0x06, 0xff, 0x40, 0x00, 0x00, 0x68, 0x9f, 0xfe, 0x10, 0x00, 0x00, 0xbf, 0xff, 0xe6,
    0x00, 0x00, 0x00, 0x8b, 0xb8, 0x20, 0x00, 0x00, 0x00, 0x00, 0x38, 0x82, 0x00, 0x00, 0x44, 0x10,
    0x7f, 0xff, 0xf6, 0x00, 0x0f, 0xf4, 0x2f, 0xfa, 0xaf, 0xf5, 0x00, 0xff, 0x44, 0xff, 0x00, 0x9f,
    0xe5, 0x5f, 0xf4, 0x4f, 0xf0, 0x00, 0xcf, 0xff, 0xfc, 0x02, 0x88, 0x00, 0x01, 0x8b, 0xb8, 0x10,
    0x1a, 0xea, 0x17, 0xff, 0xf7, 0x2e, 0xff, 0x30, 0x24, 0x20, 0x00, 0x00, 0x00, 0x24, 0x20, 0x08,
    0xf8, 0x00, 0xbf, 0xb0, 0x0b, 0xfb, 0x00, 0xbf, 0xb0, 0x0b, 0xfb, 0x00, 0xbf, 0xb0, 0x0b, 0xfb,
    0x00, 0xbf, 0xb0, 0x0b, 0xfb, 0x00, 0xbf, 0xb0, 0x0d, 0xfd, 0x00, 0xff, 0xf0, 0x08, 0x88, 0x00,
    0x00, 0x00, 0x14, 0x10, 0x00, 0x00, 0x00, 0x00, 0x4f, 0x40, 0x00, 0x00, 0x00, 0x00, 0x4f, 0x40,
    0x00, 0x00, 0x00, 0x00, 0x4f, 0x40, 0x00, 0x00, 0x00, 0x4a, 0xef, 0xfb, 0x60, 0x00, 0x06, 0xff,
    0xff, 0xff, 0xfc, 0x10, 0x4f, 0xfd, 0x8f, 0x7a, 0xff, 0x80, 0x9f, 0xe1, 0x4f, 0x40, 0xaf, 0xe0,
    0xbf, 0xa0, 0x4f, 0x40, 0x4b, 0xb2, 0xef, 0x80, 0x4f, 0x40, 0x00, 0x00, 0xff, 0x80, 0x4f, 0x40,
    0x00, 0x00, 0xff, 0x80, 0x4f, 0x40, 0x00, 0x00, 0xff, 0x80, 0x4f, 0x40, 0x00, 0x00, 0xbf, 0x90,
    0x4f, 0x40, 0x28, 0x82, 0xaf, 0xd1, 0x4f, 0x40, 0x8f, 0xf0, 0x6f, 0xfa, 0x6f, 0x47, 0xff, 0xa0,
    0x09, 0xff, 0xff, 0xff, 0xfe, 0x20, 0x00, 0x8e, 0xff, 0xff, 0x92, 0x00, 0x00, 0x00, 0x6f, 0x70,
    0x00, 0x00, 0x00, 0x00, 0x4f, 0x40, 0x00, 0x00, 0x00, 0x00, 0x4f, 0x40, 0x00, 0x00, 0x00, 0x00,
    0x28, 0x20, 0x00, 0x00, 0x00, 0x00, 0x48, 0x88, 0x40, 0x00, 0x00, 0x03, 0xdf, 0xff, 0xff, 0xd3,
    0x00, 0x03, 0xef, 0xfc, 0xbc, 0xff, 0xe2, 0x00, 0xaf, 0xf3, 0x00, 0x06, 0xff, 0x90, 0x0e, 0xf9,
    0x00, 0x00, 0x0c, 0xfe, 0x00, 0xff, 0x80, 0x00, 0x00, 0x24, 0x40, 0x0c, 0xfb, 0x00, 0x00, 0x00,
    0x00, 0x00, 0x6f, 0xf4, 0x00, 0x00, 0x00, 0x00, 0x00, 0xcf, 0xd1, 0x00, 0x00, 0x00, 0x03, 0xbd,
    0xff, 0xcb, 0xbb, 0x80, 0x00, 0x4f, 0xff, 0xff, 0xff, 0xfb, 0x00, 0x02, 0x88, 0xbf, 0xf8, 0x88,
    0x60, 0x00, 0x00, 0x08, 0xff, 0x00, 0x00, 0x00, 0x00, 0x00, 0x9f, 0xd0, 0x00, 0x00, 0x00, 0x00,
    0x4f, 0xf8, 0x00, 0x00, 0x00, 0x00, 0x3e, 0xfa, 0x00, 0x00, 0x00, 0x00, 0x3f, 0xfc, 0x44, 0x44,
    0x44, 0x44, 0x14, 0xff, 0xff, 0xff, 0xff, 0xff, 0xf4, 0x4f, 0xff, 0xff, 0xff, 0xff, 0xff, 0x40,
    0x08, 0x30, 0x00, 0x00, 0x00, 0x18, 0x08, 0xfe, 0x31, 0x44, 0x41, 0x1c, 0xf9, 0x3e, 0xfe, 0xef,
    0xff, 0xed, 0xff, 0x60, 0x3e, 0xff, 0x98, 0x9e, 0xff, 0x60, 0x02, 0xfe, 0x30, 0x00, 0x3e, 0xf2,
    0x00, 0x8f, 0x80, 0x00, 0x00, 0x8f, 0x80, 0x08, 0xf4, 0x00, 0x00, 0x04, 0xf8, 0x00, 0x8f, 0x70,
    0x00, 0x00, 0x7f, 0x80, 0x05, 0xfd, 0x10, 0x00, 0x1d, 0xf5, 0x00, 0x1e, 0xfc, 0x50, 0x5c, 0xff,
    0x10, 0x1c, 0xff, 0xff, 0xff, 0xff, 0xfc, 0x19, 0xff, 0x66, 0x9b, 0x96, 0x6f, 0xfb, 0x1c, 0x60,
    0x00, 0x00, 0x00, 0x6e, 0x30, 0x00, 0x00, 0x00, 0x00, 0x00, 0x10, 0x14, 0x42, 0x00, 0x00, 0x00,
    0x02, 0x44, 0x10, 0xdf, 0xb0, 0x00, 0x00, 0x00, 0xaf, 0xd0, 0x06, 0xff, 0x40, 0x00, 0x00, 0x2f,
    0xf6, 0x00, 0x0d, 0xfb, 0x00, 0x00, 0x09, 0xfd, 0x00, 0x00, 0x6f, 0xf2, 0x00, 0x02, 0xff, 0x60,
    0x00, 0x00, 0xef, 0x90, 0x00, 0x8f, 0xe0, 0x00, 0x00, 0x08, 0xff, 0x20, 0x1e, 0xf8, 0x00, 0x00,
    0x00, 0x1e, 0xf9, 0x08, 0xfe, 0x10, 0x00, 0x00, 0x00, 0x8f, 0xf1, 0xef, 0x80, 0x00, 0x00, 0x00,
    0x01, 0xef, 0xbf, 0xe1, 0x00, 0x00, 0x06, 0xbb, 0xbe, 0xff, 0xfe, 0xbb, 0xb6, 0x00, 0x8f, 0xff,
    0xff, 0xff, 0xff, 0xff, 0x80, 0x02, 0x44, 0x44, 0xcf, 0xc4, 0x44, 0x42, 0x00, 0x00, 0x00, 0x0b,
    0xfb, 0x00, 0x00, 0x00, 0x08, 0xff, 0xff, 0xff, 0xff, 0xff, 0xf8, 0x00, 0x8f, 0xff, 0xff, 0xff,
    0xff, 0xff, 0x80, 0x00, 0x00, 0x00, 0xbf, 0xb0, 0x00, 0x00, 0x00, 0x00, 0x00, 0x0b, 0xfb, 0x00,
    0x00, 0x00, 0x00, 0x00, 0x00, 0xbf, 0xb0, 0x00, 0x00, 0x00, 0x8b, 0x8b, 0xfb, 0xbf, 0xbb, 0xfb,
    0xbf, 0xbb, 0xfb, 0xbf, 0xbb, 0xfb, 0xbf, 0xb8, 0xb8, 0x00, 0x00, 0x00, 0x00, 0x00, 0x00, 0x8b,
    0x8b, 0xfb, 0xbf, 0xbb, 0xfb, 0xbf, 0xbb, 0xfb, 0xbf, 0xbb, 0xfb, 0xbf, 0xb8, 0xb8, 0x00, 0x01,
    0x68, 0x88, 0x62, 0x00, 0x00, 0x06, 0xef, 0xff, 0xff, 0xf8, 0x00, 0x05, 0xff, 0xeb, 0x8a, 0xdf,
    0xf8, 0x00, 0xbf, 0xd1, 0x00, 0x01, 0xcf, 0xd0, 0x0b, 0xf8, 0x00, 0x00, 0x02, 0x44, 0x00, 0xbf,
    0xc0, 0x00, 0x00, 0x00, 0x00, 0x06, 0xff, 0xa5, 0x20, 0x00, 0x00, 0x00, 0x08, 0xff, 0xff, 0xeb,
    0x60, 0x00, 0x00, 0x4b, 0xfd, 0xff, 0xff, 0xc1, 0x00, 0x5f, 0xf3, 0x00, 0x38, 0xff, 0x80, 0x0c,
    0xf9, 0x00, 0x00, 0x09, 0xff, 0x00, 0xff, 0x80, 0x00, 0x00, 0x4f, 0xf0, 0x0d, 0xfa, 0x00, 0x00,
    0x07, 0xfe, 0x00, 0x8f, 0xf7, 0x10, 0x01, 0xdf, 0x80, 0x01, 0xcf, 0xff, 0xdb, 0xdd, 0x60, 0x00,
    0x01, 0x8d, 0xff, 0xff, 0xf9, 0x10, 0x00, 0x00, 0x01, 0x47, 0xbf, 0xf8, 0x00, 0x00, 0x00, 0x00,
    0x00, 0xaf, 0xf1, 0x00, 0x00, 0x00, 0x00, 0x04, 0xff, 0x43, 0xff, 0x80, 0x00, 0x00, 0x8f, 0xf2,
    0x0d, 0xff, 0x84, 0x44, 0x8f, 0xfb, 0x00, 0x3e, 0xff, 0xff, 0xff, 0xfd, 0x30, 0x00, 0x17, 0xbb,
    0xbb, 0xb7, 0x10, 0x00, 0x28, 0x40, 0x00, 0x48, 0x2d, 0xff, 0x30, 0x3f, 0xfd, 0xef, 0xf4, 0x04,
    0xff, 0xe6, 0xb9, 0x00, 0x09, 0xb6, 0x00, 0x00, 0x48, 0x88, 0x40, 0x00, 0x00, 0x05, 0xdf, 0xcb,
    0xcf, 0xd5, 0x00, 0x06, 0xf8, 0x10, 0x00, 0x18, 0xf6, 0x02, 0xf8, 0x00, 0x00, 0x00, 0x08, 0xf2,
    0x8d, 0x00, 0x6e, 0xff, 0x80, 0x0d, 0x8b, 0x80, 0x4f, 0xc5, 0xaf, 0x80, 0x8b, 0xd8, 0x08, 0xf4,
    0x00, 0xb8, 0x08, 0xbf, 0x80, 0x8f, 0x40, 0x00, 0x00, 0x8b, 0xf8, 0x08, 0xf4, 0x00, 0x00, 0x08,
    0xbf, 0x80, 0x8f, 0x40, 0x00, 0x00, 0x8b, 0xc8, 0x08, 0xf5, 0x01, 0xfb, 0x08, 0xbb, 0x90, 0x2e,
    0xe8, 0xdf, 0x50, 0x9b, 0x7e, 0x10, 0x3a, 0xbb, 0x50, 0x1e, 0x71, 0xe9, 0x00, 0x00, 0x00, 0x09,
    0xe1, 0x03, 0xec, 0x51, 0x01, 0x5c, 0xe3, 0x00, 0x02, 0x9f, 0xff, 0xff, 0x92, 0x00, 0x00, 0x00,
    0x04, 0x44, 0x00, 0x00, 0x00, 0x00, 0x68, 0x72, 0x00, 0xcd, 0x8b, 0xe3, 0x28, 0x10, 0x0d, 0x80,
    0x48, 0x88, 0xd8, 0x5f, 0x88, 0x8d, 0x8a, 0xb0, 0x00, 0xd8, 0x7e, 0x64, 0x9c, 0x80, 0x7b, 0xa3,
    0x64, 0x00, 0x00, 0x1e, 0xfc, 0x00, 0x1e, 0xfb, 0x00, 0x00, 0x0c, 0xfe, 0x10, 0x0c, 0xfd, 0x10,
    0x00, 0x08, 0xff, 0x30, 0x08, 0xfe, 0x30, 0x00, 0x06, 0xff, 0x60, 0x06, 0xff, 0x60, 0x00, 0x03,
    0xef, 0x80, 0x03, 0xef, 0x80, 0x00, 0x01, 0xcf, 0xb0, 0x01, 0xcf, 0xb0, 0x00, 0x00, 0x1c, 0xfc,
    0x10, 0x1c, 0xfc, 0x00, 0x00, 0x00, 0x3e, 0xf9, 0x00, 0x3e, 0xf9, 0x00, 0x00, 0x00, 0x6f, 0xf7,
    0x00, 0x6f, 0xf6, 0x00, 0x00, 0x00, 0x8f, 0xf3, 0x00, 0x8f, 0xf3, 0x00, 0x00, 0x00, 0xcf, 0xe1,
    0x00, 0xcf, 0xd1, 0x00, 0x00, 0x01, 0xef, 0xc0, 0x01, 0xef, 0xb0, 0x8f, 0xff, 0xff, 0xff, 0xff,
    0x88, 0xff, 0xff, 0xff, 0xff, 0xf8, 0x24, 0x44, 0x44, 0x44, 0xff, 0x80, 0x00, 0x00, 0x00, 0x0f,
    0xf8, 0x00, 0x00, 0x00, 0x00, 0xff, 0x80, 0x00, 0x00, 0x00, 0x08, 0x84, 0x48, 0x88, 0x88, 0x88,
    0x48, 0xff, 0xff, 0xff, 0xf8, 0x6b, 0xbb, 0xbb, 0xbb, 0x60, 0x00, 0x00, 0x48, 0x88, 0x40, 0x00,
    0x00, 0x05, 0xdf, 0xcb, 0xcf, 0xd5, 0x00, 0x06, 0xf8, 0x10, 0x00, 0x18, 0xf6, 0x02, 0xf8, 0x00,
    0x00, 0x00, 0x08, 0xf2, 0x8d, 0x04, 0xff, 0xfd, 0x80, 0x0d, 0x8b, 0x80, 0x4f, 0x74, 0x9f, 0x50,
    0x8b, 0xd8, 0x04, 0xf4, 0x00, 0xf8, 0x08, 0xbf, 0x80, 0x4f, 0x40, 0x7f, 0x70, 0x8b, 0xf8, 0x04,
    0xff, 0xff, 0xb1, 0x08, 0xbf, 0x80, 0x4f, 0x78, 0xf5, 0x00, 0x8b, 0xc8, 0x04, 0xf4, 0x0d, 0xb0,
    0x08, 0xbb, 0x90, 0x4f, 0x40, 0x8f, 0x20, 0x9b, 0x7e, 0x13, 0xb3, 0x01, 0xb7, 0x1e, 0x71, 0xe9,
    0x00, 0x00, 0x00, 0x09, 0xe1, 0x03, 0xec, 0x51, 0x01, 0x5c, 0xe3, 0x00, 0x02, 0x9f, 0xff, 0xff,
    0x92, 0x00, 0x00, 0x00, 0x04, 0x44, 0x00, 0x00, 0x00, 0x6b, 0xbb, 0xbb, 0xbb, 0x68, 0xff, 0xff,
    0xff, 0xf8, 0x24, 0x44, 0x44, 0x44, 0x20, 0x00, 0x16, 0x86, 0x10, 0x00, 0x3e, 0xff, 0xfe, 0x30,
    0x0e, 0xe4, 0x04, 0xee, 0x04, 0xf8, 0x00, 0x08, 0xf4, 0x4f, 0x80, 0x00, 0x8f, 0x42, 0xfb, 0x00,
    0x0b, 0xf2, 0x08, 0xfd, 0xbd, 0xf8, 0x00, 0x06, 0xbf, 0xb6, 0x00, 0x00, 0x00, 0x03, 0x43, 0x00,
    0x00, 0x00, 0x00, 0x00, 0xbf, 0xb0, 0x00, 0x00, 0x00, 0x00, 0x0b, 0xfb, 0x00, 0x00, 0x00, 0x00,
    0x00, 0xbf, 0xb0, 0x00, 0x00, 0x00, 0x00, 0x0b, 0xfb, 0x00, 0x00, 0x04, 0x88, 0x88, 0xdf, 0xd8,
    0x88, 0x84, 0x8f, 0xff, 0xff, 0xff, 0xff, 0xff, 0x86, 0xbb, 0xbb, 0xef, 0xeb, 0xbb, 0xb6, 0x00,
    0x00, 0x0b, 0xfb, 0x00, 0x00, 0x00, 0x00, 0x00, 0xbf, 0xb0, 0x00, 0x00, 0x00, 0x00, 0x0b, 0xfb,
    0x00, 0x00, 0x00, 0x00, 0x00, 0xbf, 0xb0, 0x00, 0x00, 0x00, 0x00, 0x0b, 0xfb, 0x00, 0x00, 0x04,
    0xff, 0xff, 0xff, 0xff, 0xff, 0xf4, 0x4f, 0xff, 0xff, 0xff, 0xff, 0xff, 0x40, 0x00, 0x5b, 0xbb,
    0x60, 0x00, 0x8f, 0xfb, 0xef, 0x90, 0x2f, 0xd2, 0x01, 0xdf, 0x33, 0xb6, 0x00, 0x08, 0xf8, 0x00,
    0x00, 0x00, 0xaf, 0x50, 0x00, 0x00, 0x8f, 0xb0, 0x00, 0x00, 0x9f, 0xc1, 0x00, 0x01, 0xcf, 0x91,
    0x00, 0x03, 0xcf, 0x80, 0x00, 0x02, 0xef, 0x94, 0x44, 0x42, 0x4f, 0xff, 0xff, 0xff, 0x82, 0x88,
    0x88, 0x88, 0x84, 0x0b, 0xbb, 0xbb, 0xbb, 0x30, 0xff, 0xff, 0xff, 0xf4, 0x00, 0x00, 0x07, 0xf9,
    0x10, 0x00, 0x1a, 0xf7, 0x00, 0x00, 0x08, 0xfc, 0x60, 0x00, 0x00, 0x6b, 0xef, 0x90, 0x00, 0x00,
    0x01, 0xcf, 0x62, 0x41, 0x00, 0x05, 0xf8, 0x8f, 0x60, 0x00, 0x6f, 0x84, 0xfe, 0x52, 0x5e, 0xf4,
    0x06, 0xff, 0xff, 0xf6, 0x00, 0x02, 0x88, 0x82, 0x00, 0x00, 0x09, 0xb8, 0x00, 0x8f, 0xe3, 0x04,
    0xff, 0x50, 0x0a, 0xb7, 0x00, 0x8b, 0x80, 0x00, 0x00, 0x8b, 0x8b, 0xfb, 0x00, 0x00, 0x0b, 0xfb,
    0xbf, 0xb0, 0x00, 0x00, 0xbf, 0xbb, 0xfb, 0x00, 0x00, 0x0b, 0xfb, 0xbf, 0xb0, 0x00, 0x00, 0xbf,
    0xbb, 0xfb, 0x00, 0x00, 0x0b, 0xfb, 0xbf, 0xb0, 0x00, 0x00, 0xbf, 0xbb, 0xfb, 0x00, 0x00, 0x0b,
    0xfb, 0xbf, 0xb0, 0x00, 0x00, 0xbf, 0xbb, 0xfb, 0x00, 0x00, 0x0b, 0xfb, 0xbf, 0xe1, 0x00, 0x01,
    0xef, 0xbb, 0xff, 0x91, 0x01, 0x9f, 0xfb, 0xbf, 0xdf, 0xff, 0xff, 0xdf, 0xbb, 0xfb, 0x8f, 0xff,
    0x8b, 0xfb, 0xbf, 0xb0, 0x24, 0x20, 0x00, 0x0b, 0xfb, 0x00, 0x00, 0x00, 0x00, 0xbf, 0xb0, 0x00,
    0x00, 0x00, 0x0b, 0xfb, 0x00, 0x00, 0x00, 0x00, 0x68, 0x60, 0x00, 0x00, 0x00, 0x00, 0x00, 0x00,
    0x44, 0x42, 0x02, 0x43, 0x00, 0x8e, 0xff, 0xf8, 0x08, 0xfb, 0x09, 0xff, 0xff, 0xf8, 0x08, 0xfb,
    0x3f, 0xff, 0xff, 0xf8, 0x08, 0xfb, 0x7f, 0xff, 0xff, 0xf8, 0x08, 0xfb, 0x8f, 0xff, 0xff, 0xf8,
    0x08, 0xfb, 0x8f, 0xff, 0xff, 0xf8, 0x08, 0xfb, 0x7f, 0xff, 0xff, 0xf8, 0x08, 0xfb, 0x3f, 0xff,
    0xff, 0xf8, 0x08, 0xfb, 0x09, 0xff, 0xff, 0xf8, 0x08, 0xfb, 0x00, 0x8e, 0xff, 0xf8, 0x08, 0xfb,
    0x00, 0x00, 0x4c, 0xf8, 0x08, 0xfb, 0x00, 0x00, 0x0b, 0xf8, 0x08, 0xfb, 0x00, 0x00, 0x0b, 0xf8,
    0x08, 0xfb, 0x00, 0x00, 0x0b, 0xf8, 0x08, 0xfb, 0x00, 0x00, 0x0b, 0xf8, 0x08, 0xfb, 0x00, 0x00,
    0x0b, 0xf8, 0x08, 0xfb, 0x00, 0x00, 0x0b, 0xf8, 0x08, 0xfb, 0x00, 0x00, 0x0b, 0xf8, 0x08, 0xfb,
    0x00, 0x00, 0x0b, 0xf8, 0x08, 0xfb, 0x00, 0x00, 0x0b, 0xf8, 0x08, 0xfb, 0x00, 0x00, 0x0b, 0xf8,
    0x08, 0xfb, 0x00, 0x00, 0x0b, 0xf8, 0x08, 0xfb, 0x00, 0x00, 0x06, 0x84, 0x04, 0x86, 0x07, 0xb7,
    0x06, 0xff, 0xf6, 0x8f, 0xff, 0x85, 0xff, 0xf5, 0x04, 0x84, 0x00, 0x08, 0x80, 0x00, 0x2f, 0x60,
    0x00, 0x5b, 0xfd, 0x50, 0x00, 0x2f, 0xf3, 0x44, 0x7f, 0xf4, 0xff, 0xff, 0x80, 0x44, 0x30, 0x00,
    0x00, 0x19, 0xbb, 0x30, 0x00, 0x07, 0xef, 0xff, 0x40, 0x00, 0x4f, 0xd5, 0xbf, 0x40, 0x00, 0x48,
    0x10, 0xbf, 0x40, 0x00, 0x00, 0x00, 0xbf, 0x40, 0x00, 0x00, 0x00, 0xbf, 0x40, 0x00, 0x00, 0x00,
    0xbf, 0x40, 0x00, 0x00, 0x00, 0xbf, 0x40, 0x00, 0x00, 0x00, 0xbf, 0x40, 0x00, 0x14, 0x44, 0xcf,
    0x74, 0x40, 0x4f, 0xff, 0xff, 0xff, 0xf0, 0x28, 0x88, 0x88, 0x88, 0x80, 0x00, 0x48, 0x40, 0x00,
    0xbe, 0xbe, 0xb0, 0x6f, 0x30, 0x2f, 0x68, 0xf0, 0x00, 0xf8, 0x8f, 0x00, 0x0f, 0x87, 0xf0, 0x00,
    0xf7, 0x2e, 0x94, 0x9e, 0x20, 0x3a, 0xba, 0x30, 0x0b, 0xfe, 0x10, 0x0c, 0xfe, 0x10, 0x00, 0x00,
    0x1d, 0xfc, 0x00, 0x1e, 0xfc, 0x00, 0x00, 0x00, 0x3f, 0xf8, 0x00, 0x3f, 0xf8, 0x00, 0x00, 0x00,
    0x6f, 0xf6, 0x00, 0x7f, 0xf6, 0x00, 0x00, 0x00, 0x9f, 0xe3, 0x00, 0x9f, 0xe3, 0x00, 0x00, 0x00,
    0xcf, 0xc1, 0x01, 0xcf, 0xc1, 0x00, 0x00, 0x1c, 0xfc, 0x10, 0x1c, 0xfc, 0x10, 0x00, 0x09, 0xfe,
    0x30, 0x09, 0xfe, 0x30, 0x00, 0x06, 0xff, 0x60, 0x07, 0xff, 0x60, 0x00, 0x03, 0xff, 0x80, 0x04,
    0xff, 0x80, 0x00, 0x01, 0xdf, 0xc0, 0x01, 0xef, 0xc0, 0x00, 0x00, 0xbf, 0xe1, 0x00, 0xcf, 0xe1,
    0x00, 0x00, 0x00, 0x04, 0x41, 0x00, 0x00, 0x00, 0x24, 0x30, 0x1b, 0xff, 0x40, 0x00, 0x00, 0x0c,
    0xf7, 0x0a, 0xe7, 0xf4, 0x00, 0x00, 0x08, 0xfb, 0x00, 0x93, 0x4f, 0x40, 0x00, 0x04, 0xfe, 0x10,
    0x00, 0x04, 0xf4, 0x00, 0x01, 0xdf, 0x50, 0x00, 0x00, 0x4f, 0x40, 0x00, 0x8f, 0xa0, 0x00, 0x00,
    0x04, 0xf4, 0x00, 0x5f, 0xd1, 0x00, 0x02, 0x88, 0x9f, 0x98, 0x7e, 0xf4, 0x00, 0x00, 0x3b, 0xbb,
    0xbb, 0xbf, 0xf8, 0x00, 0x00, 0x00, 0x00, 0x00, 0x06, 0xfc, 0x10, 0x00, 0x00, 0x00, 0x00, 0x02,
    0xef, 0x30, 0x14, 0x20, 0x00, 0x00, 0x00, 0xbf, 0x80, 0x0b, 0xe3, 0x00, 0x00, 0x00, 0x7f, 0xc0,
    0x07, 0xf7, 0x00, 0x00, 0x00, 0x3f, 0xe3, 0x03, 0xfa, 0x04, 0x20, 0x00, 0x0c, 0xf7, 0x01, 0xdd,
    0x10, 0xf8, 0x00, 0x08, 0xfb, 0x00, 0x7f, 0x50, 0x0f, 0x80, 0x03, 0xfe, 0x20, 0x08, 0xff, 0xff,
    0xf8, 0x01, 0xdf, 0x50, 0x00, 0x24, 0x44, 0x4f, 0x80, 0x8f, 0xa0, 0x00, 0x00, 0x00, 0x00, 0xf8,
    0x00, 0x00, 0x04, 0x41, 0x00, 0x00, 0x00, 0x24, 0x30, 0x1b, 0xff, 0x40, 0x00, 0x00, 0x0c, 0xf7,
    0x0a, 0xe7, 0xf4, 0x00, 0x00, 0x08, 0xfb, 0x00, 0x93, 0x4f, 0x40, 0x00, 0x04, 0xfe, 0x10, 0x00,
    0x04, 0xf4, 0x00, 0x01, 0xdf, 0x50, 0x00, 0x00, 0x4f, 0x40, 0x00, 0x9f, 0xa0, 0x00, 0x00, 0x04,
    0xf4, 0x00, 0x5f, 0xd1, 0x00, 0x02, 0x88, 0x9f, 0x98, 0x8e, 0xf4, 0x00, 0x00, 0x3b, 0xbb, 0xbb,
    0xbf, 0xf8, 0x00, 0x00, 0x00, 0x00, 0x00, 0x06, 0xfc, 0x10, 0x00, 0x00, 0x00, 0x00, 0x02, 0xef,
    0x30, 0x44, 0x00, 0x00, 0x00, 0x00, 0xbf, 0x83, 0xef, 0xfe, 0x60, 0x00, 0x00, 0x7f, 0xc0, 0xdc,
    0x22, 0xce, 0x00, 0x00, 0x3f, 0xe3, 0x18, 0x40, 0x08, 0xf4, 0x00, 0x0c, 0xf7, 0x00, 0x00, 0x00,
    0xbe, 0x00, 0x08, 0xfb, 0x00, 0x00, 0x04, 0xce, 0x30, 0x03, 0xfe, 0x20, 0x00, 0x29, 0xf9, 0x20,
    0x01, 0xdf, 0x50, 0x00, 0x3e, 0xe8, 0x44, 0x41, 0x8f, 0xa0, 0x00, 0x04, 0xff, 0xff, 0xff, 0x40,
    0x03, 0x44, 0x44, 0x30, 0x00, 0x00, 0x24, 0x30, 0xbf, 0xff, 0xfb, 0x00, 0x00, 0x0c, 0xf7, 0x00,
    0x00, 0x8e, 0x50, 0x00, 0x08, 0xfb, 0x00, 0x00, 0xae, 0x20, 0x00, 0x04, 0xfe, 0x10, 0x00, 0x0f,
    0xfe, 0x40, 0x01, 0xdf, 0x50, 0x00, 0x00, 0x02, 0xde, 0x00, 0x8f, 0xa0, 0x00, 0x4b, 0x30, 0x08,
    0xf0, 0x5f, 0xd1, 0x00, 0x02, 0xfc, 0x57, 0xec, 0x1e, 0xf4, 0x00, 0x00, 0x04, 0xcf, 0xfa, 0x1a,
    0xf8, 0x00, 0x00, 0x00, 0x00, 0x00, 0x06, 0xfc, 0x10, 0x00, 0x00, 0x00, 0x00, 0x02, 0xef, 0x30,
    0x14, 0x20, 0x00, 0x00, 0x00, 0xbf, 0x80, 0x0b, 0xe3, 0x00, 0x00, 0x00, 0x7f, 0xc0, 0x07, 0xf7,
    0x00, 0x00, 0x00, 0x3e, 0xe3, 0x03, 0xfa, 0x04, 0x20, 0x00, 0x0c, 0xf7, 0x01, 0xdd, 0x10, 0xf8,
    0x00, 0x08, 0xfb, 0x00, 0x7f, 0x50, 0x0f, 0x80, 0x03, 0xfe, 0x20, 0x08, 0xff, 0xff, 0xf8, 0x01,
    0xdf, 0x50, 0x00, 0x24, 0x44, 0x4f, 0x80, 0x8f, 0xa0, 0x00, 0x00, 0x00, 0x00, 0xf8, 0x00, 0x00,
    0x00, 0x08, 0xdc, 0x30, 0x00, 0x00, 0x3f, 0xff, 0xb0, 0x00, 0x00, 0x0d, 0xff, 0x80, 0x00, 0x00,
    0x01, 0x43, 0x00, 0x00, 0x00, 0x00, 0x00, 0x00, 0x00, 0x00, 0x02, 0x44, 0x00, 0x00, 0x00, 0x08,
    0xff, 0x00, 0x00, 0x00, 0x08, 0xff, 0x00, 0x00, 0x18, 0xdf, 0xff, 0x00, 0x01, 0xcf, 0xff, 0xff,
    0x00, 0x08, 0xff, 0xa3, 0x00, 0x00, 0x0f, 0xfa, 0x00, 0x00, 0x00, 0x4f, 0xf5, 0x00, 0x00, 0x00,
    0x4f, 0xf4, 0x00, 0x00, 0x00, 0x1f, 0xf8, 0x00, 0x00, 0x00, 0x0b, 0xff, 0x70, 0x00, 0x00, 0x03,
    0xef, 0xfe, 0xbb, 0xb8, 0x00, 0x3c, 0xff, 0xff, 0xfb, 0x00, 0x00, 0x37, 0x88, 0x86, 0x00, 0x1a,
    0xb8, 0x00, 0x00, 0x00, 0x00, 0x00, 0x5f, 0xf6, 0x00, 0x00, 0x00, 0x00, 0x00, 0x7f, 0xf3, 0x00,
    0x00, 0x00, 0x00, 0x00, 0x8b, 0x90, 0x00, 0x00, 0x00, 0x00, 0x00, 0x00, 0x00, 0x00, 0x00, 0x00,
    0x01, 0x44, 0x41, 0x00, 0x00, 0x00, 0x00, 0x5f, 0xff, 0x60, 0x00, 0x00, 0x00, 0x08, 0xff, 0xf9,
    0x00, 0x00, 0x00, 0x00, 0xcf, 0xbf, 0xd0, 0x00, 0x00, 0x00, 0x2f, 0xf6, 0xff, 0x20, 0x00, 0x00,
    0x06, 0xfe, 0x0e, 0xf6, 0x00, 0x00, 0x00, 0x9f, 0xa0, 0xaf, 0x90, 0x00, 0x00, 0x0d, 0xf7, 0x07,
    0xfd, 0x00, 0x00, 0x02, 0xff, 0x40, 0x3f, 0xf2, 0x00, 0x00, 0x6f, 0xf0, 0x00, 0xff, 0x60, 0x00,
    0x09, 0xfb, 0x00, 0x0b, 0xfa, 0x00, 0x00, 0xef, 0x80, 0x00, 0x8f, 0xe0, 0x00, 0x3f, 0xfc, 0xbb,
    0xbc, 0xff, 0x30, 0x07, 0xff, 0xff, 0xff, 0xff, 0xf7, 0x00, 0xaf, 0xc4, 0x44, 0x44, 0xcf, 0xa0,
    0x0e, 0xf8, 0x00, 0x00, 0x08, 0xfe, 0x03, 0xff, 0x40, 0x00, 0x00, 0x4f, 0xf3, 0x7f, 0xf1, 0x00,
    0x00, 0x01, 0xff, 0x7a, 0xfc, 0x00, 0x00, 0x00, 0x0c, 0xfa, 0x00, 0x00, 0x00, 0x08, 0xba, 0x10,
    0x00, 0x00, 0x00, 0x06, 0xff, 0x40, 0x00, 0x00, 0x00, 0x03, 0xef, 0x70, 0x00, 0x00, 0x00, 0x00,
    0x8b, 0x80, 0x00, 0x00, 0x00, 0x00, 0x00, 0x00, 0x00, 0x00, 0x00, 0x00, 0x01, 0x44, 0x41, 0x00,
    0x00, 0x00, 0x00, 0x5f, 0xff, 0x60, 0x00, 0x00, 0x00, 0x08, 0xff, 0xf9, 0x00, 0x00, 0x00, 0x00,
    0xcf, 0xbf, 0xd0, 0x00, 0x00, 0x00, 0x2f, 0xf6, 0xff, 0x20, 0x00, 0x00, 0x06, 0xfe, 0x0e, 0xf6,
    0x00, 0x00, 0x00, 0x9f, 0xa0, 0xaf, 0x90, 0x00, 0x00, 0x0d, 0xf7, 0x07, 0xfd, 0x00, 0x00, 0x02,
    0xff, 0x40, 0x3f, 0xf2, 0x00, 0x00, 0x6f, 0xf0, 0x00, 0xff, 0x60, 0x00, 0x09, 0xfb, 0x00, 0x0b,
    0xfa, 0x00, 0x00, 0xef, 0x80, 0x00, 0x8f, 0xe0, 0x00, 0x3f, 0xfc, 0xbb, 0xbc, 0xff, 0x30, 0x07,
    0xff, 0xff, 0xff, 0xff, 0xf7, 0x00, 0xaf, 0xc4, 0x44, 0x44, 0xcf, 0xa0, 0x0e, 0xf8, 0x00, 0x00,
    0x08, 0xfe, 0x03, 0xff, 0x40, 0x00, 0x00, 0x4f, 0xf3, 0x7f, 0xf1, 0x00, 0x00, 0x01, 0xff, 0x7a,
    0xfc, 0x00, 0x00, 0x00, 0x0c, 0xfa, 0x00, 0x00, 0x1a, 0xba, 0x10, 0x00, 0x00, 0x00, 0x1c, 0xff,
    0xfc, 0x10, 0x00, 0x00, 0x1c, 0xfc, 0x2c, 0xfc, 0x10, 0x00, 0x08, 0xba, 0x10, 0x1a, 0xb8, 0x00,
    0x00, 0x00, 0x00, 0x00, 0x00, 0x00, 0x00, 0x00, 0x01, 0x44, 0x41, 0x00, 0x00, 0x00, 0x00, 0x5f,
    0xff, 0x60, 0x00, 0x00, 0x00, 0x08, 0xff, 0xf9, 0x00, 0x00, 0x00, 0x00, 0xcf, 0xbf, 0xd0, 0x00,
    0x00, 0x00, 0x2f, 0xf6, 0xff, 0x20, 0x00, 0x00, 0x06, 0xfe, 0x0e, 0xf6, 0x00, 0x00, 0x00, 0x9f,
    0xa0, 0xaf, 0x90, 0x00, 0x00, 0x0d, 0xf7, 0x07, 0xfd, 0x00, 0x00, 0x02, 0xff, 0x40, 0x3f, 0xf2,
    0x00, 0x00, 0x6f, 0xf0, 0x00, 0xff, 0x60, 0x00, 0x09, 0xfb, 0x00, 0x0b, 0xfa, 0x00, 0x00, 0xef,
    0x80, 0x00, 0x8f, 0xe0, 0x00, 0x3f, 0xfc, 0xbb, 0xbc, 0xff, 0x30, 0x07, 0xff, 0xff, 0xff, 0xff,
    0xf7, 0x00, 0xaf, 0xc4, 0x44, 0x44, 0xcf, 0xa0, 0x0e, 0xf8, 0x00, 0x00, 0x08, 0xfe, 0x03, 0xff,
    0x40, 0x00, 0x00, 0x4f, 0xf3, 0x7f, 0xf1, 0x00, 0x00, 0x01, 0xff, 0x7a, 0xfc, 0x00, 0x00, 0x00,
    0x0c, 0xfa, 0x00, 0x05, 0xa8, 0x20, 0x28, 0x40, 0x00, 0x04, 0xff, 0xfe, 0x35, 0xf8, 0x00, 0x00,
    0x8f, 0x43, 0xef, 0xff, 0x40, 0x00, 0x04, 0x80, 0x02, 0x8a, 0x50, 0x00, 0x00, 0x00, 0x00, 0x00,
    0x00, 0x00, 0x00, 0x00, 0x01, 0x44, 0x41, 0x00, 0x00, 0x00, 0x00, 0x5f, 0xff, 0x60, 0x00, 0x00,
    0x00, 0x08, 0xff, 0xf9, 0x00, 0x00, 0x00, 0x00, 0xcf, 0xbf, 0xd0, 0x00, 0x00, 0x00, 0x2f, 0xf6,
    0xff, 0x20, 0x00, 0x00, 0x06, 0xfe, 0x0e, 0xf6, 0x00, 0x00, 0x00, 0x9f, 0xa0, 0xaf, 0x90, 0x00,
    0x00, 0x0d, 0xf7, 0x07, 0xfd, 0x00, 0x00, 0x02, 0xff, 0x40, 0x3f, 0xf2, 0x00, 0x00, 0x6f, 0xf0,
    0x00, 0xff, 0x60, 0x00, 0x09, 0xfb, 0x00, 0x0b, 0xfa, 0x00, 0x00, 0xef, 0x80, 0x00, 0x8f, 0xe0,
    0x00, 0x3f, 0xfc, 0xbb, 0xbc, 0xff, 0x30, 0x07, 0xff, 0xff, 0xff, 0xff, 0xf7, 0x00, 0xaf, 0xc4,
    0x44, 0x44, 0xcf, 0xa0, 0x0e, 0xf8, 0x00, 0x00, 0x08, 0xfe, 0x03, 0xff, 0x40, 0x00, 0x00, 0x4f,
    0xf3, 0x7f, 0xf1, 0x00, 0x00, 0x01, 0xff, 0x7a, 0xfc, 0x00, 0x00, 0x00, 0x0c, 0xfa, 0x00, 0x3a,
    0x80, 0x00, 0x8a, 0x30, 0x00, 0x0e, 0xff, 0x40, 0x4f, 0xfe, 0x00, 0x00, 0xef, 0xf4, 0x04, 0xff,
    0xe0, 0x00, 0x03, 0x87, 0x00, 0x07, 0x83, 0x00, 0x00, 0x00, 0x00, 0x00, 0x00, 0x00, 0x00, 0x00,
    0x01, 0x44, 0x41, 0x00, 0x00, 0x00, 0x00, 0x5f, 0xff, 0x60, 0x00, 0x00, 0x00, 0x08, 0xff, 0xf9,
    0x00, 0x00, 0x00, 0x00, 0xcf, 0xbf, 0xd0, 0x00, 0x00, 0x00, 0x2f, 0xf6, 0xff, 0x20, 0x00, 0x00,
    0x06, 0xfe, 0x0e, 0xf6, 0x00, 0x00, 0x00, 0x9f, 0xa0, 0xaf, 0x90, 0x00, 0x00, 0x0d, 0xf7, 0x07,
    0xfd, 0x00, 0x00, 0x02, 0xff, 0x40, 0x3f, 0xf2, 0x00, 0x00, 0x6f, 0xf0, 0x00, 0xff, 0x60, 0x00,
    0x09, 0xfb, 0x00, 0x0b, 0xfa, 0x00, 0x00, 0xef, 0x80, 0x00, 0x8f, 0xe0, 0x00, 0x3f, 0xfc, 0xbb,
    0xbc, 0xff, 0x30, 0x07, 0xff, 0xff, 0xff, 0xff, 0xf7, 0x00, 0xaf, 0xc4, 0x44, 0x44, 0xcf, 0xa0,
    0x0e, 0xf8, 0x00, 0x00, 0x08, 0xfe, 0x03, 0xff, 0x40, 0x00, 0x00, 0x4f, 0xf3, 0x7f, 0xf1, 0x00,
    0x00, 0x01, 0xff, 0x7a, 0xfc, 0x00, 0x00, 0x00, 0x0c, 0xfa, 0x00, 0x00, 0x5b, 0xfb, 0x50, 0x00,
    0x00, 0x00, 0x3f, 0xc8, 0xcf, 0x30, 0x00, 0x00, 0x08, 0xf1, 0x01, 0xf8, 0x00, 0x00, 0x00, 0x8f,
    0x10, 0x1f, 0x80, 0x00, 0x00, 0x03, 0xfc, 0x8c, 0xf3, 0x00, 0x00, 0x00, 0x05, 0xbf, 0xb5, 0x00,
    0x00, 0x00, 0x00, 0x14, 0x44, 0x10, 0x00, 0x00, 0x00, 0x05, 0xff, 0xf6, 0x00, 0x00, 0x00, 0x00,
    0x8f, 0xff, 0x90, 0x00, 0x00, 0x00, 0x0c, 0xfb, 0xfd, 0x00, 0x00, 0x00, 0x02, 0xff, 0x6f, 0xf2,
    0x00, 0x00, 0x00, 0x6f, 0xe0, 0xef, 0x60, 0x00, 0x00, 0x09, 0xfa, 0x0a, 0xf9, 0x00, 0x00, 0x00,
    0xdf, 0x70, 0x7f, 0xd0, 0x00, 0x00, 0x2f, 0xf4, 0x03, 0xff, 0x20, 0x00, 0x06, 0xff, 0x00, 0x0f,
    0xf6, 0x00, 0x00, 0x9f, 0xb0, 0x00, 0xbf, 0xa0, 0x00, 0x0e, 0xf8, 0x00, 0x08, 0xfe, 0x00, 0x03,
    0xff, 0xcb, 0xbb, 0xcf, 0xf3, 0x00, 0x7f, 0xff, 0xff, 0xff, 0xff, 0x70, 0x0a, 0xfc, 0x44, 0x44,
    0x4c, 0xfa, 0x00, 0xef, 0x80, 0x00, 0x00, 0x8f, 0xe0, 0x3f, 0xf4, 0x00, 0x00, 0x04, 0xff, 0x37,
    0xff, 0x10, 0x00, 0x00, 0x1f, 0xf7, 0xaf, 0xc0, 0x00, 0x00, 0x00, 0xcf, 0xa0, 0x00, 0x00, 0x34,
    0x44, 0x44, 0x44, 0x44, 0x10, 0x00, 0x0e, 0xff, 0xff, 0xff, 0xff, 0xf4, 0x00, 0x02, 0xff, 0xff,
    0xff, 0xff, 0xff, 0x40, 0x00, 0x5f, 0xf0, 0x8f, 0xb0, 0x00, 0x00, 0x00, 0x08, 0xfc, 0x08, 0xfb,
    0x00, 0x00, 0x00, 0x00, 0xbf, 0xa0, 0x8f, 0xb0, 0x00, 0x00, 0x00, 0x0e, 0xf8, 0x08, 0xfb, 0x00,
    0x00, 0x00, 0x01, 0xff, 0x40, 0x8f, 0xb0, 0x00, 0x00, 0x00, 0x4f, 0xf1, 0x08, 0xfd, 0x88, 0x86,
    0x00, 0x08, 0xfe, 0x00, 0x8f, 0xff, 0xff, 0xb0, 0x00, 0xaf, 0xb0, 0x08, 0xfe, 0xbb, 0xb8, 0x00,
    0x0d, 0xf8, 0x00, 0x8f, 0xb0, 0x00, 0x00, 0x01, 0xff, 0xff, 0xff, 0xfb, 0x00, 0x00, 0x00, 0x4f,
    0xff, 0xff, 0xff, 0xb0, 0x00, 0x00, 0x08, 0xff, 0x00, 0x08, 0xfb, 0x00, 0x00, 0x00, 0xaf, 0xb0,
    0x00, 0x8f, 0xb0, 0x00, 0x00, 0x0d, 0xf8, 0x00, 0x08, 0xfc, 0x44, 0x44, 0x11, 0xff, 0x60, 0x00,
    0x8f, 0xff, 0xff, 0xf4, 0x4f, 0xf3, 0x00, 0x08, 0xff, 0xff, 0xff, 0x40, 0x00, 0x02, 0x78, 0x84,
    0x00, 0x00, 0x01, 0xaf, 0xff, 0xff, 0xd4, 0x00, 0x0c, 0xff, 0xdb, 0xcf, 0xfe, 0x30, 0x6f, 0xf8,
    0x00, 0x03, 0xef, 0xb0, 0xaf, 0xd0, 0x00, 0x00, 0x8f, 0xf0, 0xbf, 0xb0, 0x00, 0x00, 0x3b, 0xb3,
    0xbf, 0xb0, 0x00, 0x00, 0x00, 0x00, 0xbf, 0xb0, 0x00, 0x00, 0x00, 0x00, 0xbf, 0xb0, 0x00, 0x00,
    0x00, 0x00, 0xbf, 0xb0, 0x00, 0x00, 0x00, 0x00, 0xbf, 0xb0, 0x00, 0x00, 0x00, 0x00, 0xbf, 0xb0,
    0x00, 0x00, 0x00, 0x00, 0xbf, 0xb0, 0x00, 0x00, 0x00, 0x00, 0xbf, 0xb0, 0x00, 0x00, 0x00, 0x00,
    0xbf, 0xb0, 0x00, 0x00, 0x5f, 0xf3, 0x9f, 0xe1, 0x00, 0x00, 0x9f, 0xf0, 0x4f, 0xfa, 0x20, 0x17,
    0xff, 0x90, 0x09, 0xff, 0xff, 0xff, 0xfd, 0x10, 0x00, 0x7d, 0xff, 0xff, 0x91, 0x00, 0x00, 0x00,
    0xe9, 0x40, 0x00, 0x00, 0x00, 0x04, 0xbf, 0xd8, 0x00, 0x00, 0x00, 0x00, 0x01, 0xdf, 0x60, 0x00,
    0x00, 0x03, 0x46, 0xef, 0x70, 0x00, 0x00, 0x0b, 0xff, 0xf8, 0x00, 0x00, 0x00, 0x03, 0x44, 0x00,
    0x00, 0x00, 0x00, 0x8b, 0xa1, 0x00, 0x00, 0x00, 0x00, 0x3e, 0xf9, 0x00, 0x00, 0x00, 0x00, 0x04,
    0xff, 0x60, 0x00, 0x00, 0x00, 0x00, 0x6b, 0xb1, 0x00, 0x00, 0x00, 0x00, 0x00, 0x00, 0x00, 0x00,
    0x24, 0x44, 0x44, 0x44, 0x44, 0x40, 0x8f, 0xff, 0xff, 0xff, 0xff, 0xf0, 0x8f, 0xff, 0xff, 0xff,
    0xff, 0xf0, 0x8f, 0xb0, 0x00, 0x00, 0x00, 0x00, 0x8f, 0xb0, 0x00, 0x00, 0x00, 0x00, 0x8f, 0xb0,
    0x00, 0x00, 0x00, 0x00, 0x8f, 0xb0, 0x00, 0x00, 0x00, 0x00, 0x8f, 0xb0, 0x00, 0x00, 0x00, 0x00,
    0x8f, 0xd8, 0x88, 0x88, 0x88, 0x20, 0x8f, 0xff, 0xff, 0xff, 0xff, 0x40, 0x8f, 0xd8, 0x88, 0x88,
    0x88, 0x20, 0x8f, 0xb0, 0x00, 0x00, 0x00, 0x00, 0x8f, 0xb0, 0x00, 0x00, 0x00, 0x00, 0x8f, 0xb0,
    0x00, 0x00, 0x00, 0x00, 0x8f, 0xb0, 0x00, 0x00, 0x00, 0x00, 0x8f, 0xb0, 0x00, 0x00, 0x00, 0x00,
    0x8f, 0xc4, 0x44, 0x44, 0x44, 0x40, 0x8f, 0xff, 0xff, 0xff, 0xff, 0xf0, 0x8f, 0xff, 0xff, 0xff,
    0xff, 0xf0, 0x00, 0x00, 0x00, 0x6b, 0xb3, 0x00, 0x00, 0x00, 0x03, 0xef, 0x80, 0x00, 0x00, 0x00,
    0x1c, 0xf9, 0x00, 0x00, 0x00, 0x00, 0x6b, 0xa1, 0x00, 0x00, 0x00, 0x00, 0x00, 0x00, 0x00, 0x00,
    0x24, 0x44, 0x44, 0x44, 0x44, 0x40, 0x8f, 0xff, 0xff, 0xff, 0xff, 0xf0, 0x8f, 0xff, 0xff, 0xff,
    0xff, 0xf0, 0x8f, 0xb0, 0x00, 0x00, 0x00, 0x00, 0x8f, 0xb0, 0x00, 0x00, 0x00, 0x00, 0x8f, 0xb0,
    0x00, 0x00, 0x00, 0x00, 0x8f, 0xb0, 0x00, 0x00, 0x00, 0x00, 0x8f, 0xb0, 0x00, 0x00, 0x00, 0x00,
    0x8f, 0xd8, 0x88, 0x88, 0x88, 0x20, 0x8f, 0xff, 0xff, 0xff, 0xff, 0x40, 0x8f, 0xd8, 0x88, 0x88,
    0x88, 0x20, 0x8f, 0xb0, 0x00, 0x00, 0x00, 0x00, 0x8f, 0xb0, 0x00, 0x00, 0x00, 0x00, 0x8f, 0xb0,
    0x00, 0x00, 0x00, 0x00, 0x8f, 0xb0, 0x00, 0x00, 0x00, 0x00, 0x8f, 0xb0, 0x00, 0x00, 0x00, 0x00,
    0x8f, 0xc4, 0x44, 0x44, 0x44, 0x40, 0x8f, 0xff, 0xff, 0xff, 0xff, 0xf0, 0x8f, 0xff, 0xff, 0xff,
    0xff, 0xf0, 0x00, 0x00, 0x8b, 0xb3, 0x00, 0x00, 0x00, 0x09, 0xff, 0xfe, 0x30, 0x00, 0x00, 0x9f,
    0xe3, 0x9f, 0xe3, 0x00, 0x06, 0xbb, 0x30, 0x08, 0xba, 0x10, 0x00, 0x00, 0x00, 0x00, 0x00, 0x00,
    0x24, 0x44, 0x44, 0x44, 0x44, 0x40, 0x8f, 0xff, 0xff, 0xff, 0xff, 0xf0, 0x8f, 0xff, 0xff, 0xff,
    0xff, 0xf0, 0x8f, 0xb0, 0x00, 0x00, 0x00, 0x00, 0x8f, 0xb0, 0x00, 0x00, 0x00, 0x00, 0x8f, 0xb0,
    0x00, 0x00, 0x00, 0x00, 0x8f, 0xb0, 0x00, 0x00, 0x00, 0x00, 0x8f, 0xb0, 0x00, 0x00, 0x00, 0x00,
    0x8f, 0xd8, 0x88, 0x88, 0x88, 0x20, 0x8f, 0xff, 0xff, 0xff, 0xff, 0x40, 0x8f, 0xd8, 0x88, 0x88,
    0x88, 0x20, 0x8f, 0xb0, 0x00, 0x00, 0x00, 0x00, 0x8f, 0xb0, 0x00, 0x00, 0x00, 0x00, 0x8f, 0xb0,
    0x00, 0x00, 0x00, 0x00, 0x8f, 0xb0, 0x00, 0x00, 0x00, 0x00, 0x8f, 0xb0, 0x00, 0x00, 0x00, 0x00,
    0x8f, 0xc4, 0x44, 0x44, 0x44, 0x40, 0x8f, 0xff, 0xff, 0xff, 0xff, 0xf0, 0x8f, 0xff, 0xff, 0xff,
    0xff, 0xf0, 0x02, 0x98, 0x10, 0x05, 0xb5, 0x00, 0x0a, 0xff, 0x80, 0x0f, 0xff, 0x20, 0x0a, 0xff,
    0x70, 0x0f, 0xff, 0x20, 0x01, 0x88, 0x10, 0x05, 0x85, 0x00, 0x00, 0x00, 0x00, 0x00, 0x00, 0x00,
    0x24, 0x44, 0x44, 0x44, 0x44, 0x40, 0x8f, 0xff, 0xff, 0xff, 0xff, 0xf0, 0x8f, 0xff, 0xff, 0xff,
    0xff, 0xf0, 0x8f, 0xb0, 0x00, 0x00, 0x00, 0x00, 0x8f, 0xb0, 0x00, 0x00, 0x00, 0x00, 0x8f, 0xb0,
    0x00, 0x00, 0x00, 0x00, 0x8f, 0xb0, 0x00, 0x00, 0x00, 0x00, 0x8f, 0xb0, 0x00, 0x00, 0x00, 0x00,
    0x8f, 0xd8, 0x88, 0x88, 0x88, 0x20, 0x8f, 0xff, 0xff, 0xff, 0xff, 0x40, 0x8f, 0xd8, 0x88, 0x88,
    0x88, 0x20, 0x8f, 0xb0, 0x00, 0x00, 0x00, 0x00, 0x8f, 0xb0, 0x00, 0x00, 0x00, 0x00, 0x8f, 0xb0,
    0x00, 0x00, 0x00, 0x00, 0x8f, 0xb0, 0x00, 0x00, 0x00, 0x00, 0x8f, 0xb0, 0x00, 0x00, 0x00, 0x00,
    0x8f, 0xc4, 0x44, 0x44, 0x44, 0x40, 0x8f, 0xff, 0xff, 0xff, 0xff, 0xf0, 0x8f, 0xff, 0xff, 0xff,
    0xff, 0xf0, 0x01, 0xab, 0x80, 0x00, 0x00, 0x00, 0x05, 0xff, 0x60, 0x00, 0x00, 0x00, 0x07, 0xff,
    0x30, 0x00, 0x00, 0x00, 0x08, 0xb9, 0x00, 0x00, 0x00, 0x00, 0x00, 0x00, 0x00, 0x02, 0x44, 0x44,
    0x44, 0x44, 0x42, 0x8f, 0xff, 0xff, 0xff, 0xff, 0x88, 0xff, 0xff, 0xff, 0xff, 0xf8, 0x00, 0x00,
    0xbf, 0xb0, 0x00, 0x00, 0x00, 0x0b, 0xfb, 0x00, 0x00, 0x00, 0x00, 0xbf, 0xb0, 0x00, 0x00, 0x00,
    0x0b, 0xfb, 0x00, 0x00, 0x00, 0x00, 0xbf, 0xb0, 0x00, 0x00, 0x00, 0x0b, 0xfb, 0x00, 0x00, 0x00,
    0x00, 0xbf, 0xb0, 0x00, 0x00, 0x00, 0x0b, 0xfb, 0x00, 0x00, 0x00, 0x00, 0xbf, 0xb0, 0x00, 0x00,
    0x00, 0x0b, 0xfb, 0x00, 0x00, 0x00, 0x00, 0xbf, 0xb0, 0x00, 0x00, 0x00, 0x0b, 0xfb, 0x00, 0x00,
    0x00, 0x00, 0xbf, 0xb0, 0x00, 0x02, 0x44, 0x4c, 0xfc, 0x44, 0x42, 0x8f, 0xff, 0xff, 0xff, 0xff,
    0x88, 0xff, 0xff, 0xff, 0xff, 0xf8, 0x00, 0x00, 0x00, 0x8b, 0xa1, 0x00, 0x00, 0x00, 0x6f, 0xf4,
    0x00, 0x00, 0x00, 0x3e, 0xf7, 0x00, 0x00, 0x00, 0x08, 0xb8, 0x00, 0x00, 0x00, 0x00, 0x00, 0x00,
    0x00, 0x02, 0x44, 0x44, 0x44, 0x44, 0x42, 0x8f, 0xff, 0xff, 0xff, 0xff, 0x88, 0xff, 0xff, 0xff,
    0xff, 0xf8, 0x00, 0x00, 0xbf, 0xb0, 0x00, 0x00, 0x00, 0x0b, 0xfb, 0x00, 0x00, 0x00, 0x00, 0xbf,
    0xb0, 0x00, 0x00, 0x00, 0x0b, 0xfb, 0x00, 0x00, 0x00, 0x00, 0xbf, 0xb0, 0x00, 0x00, 0x00, 0x0b,
    0xfb, 0x00, 0x00, 0x00, 0x00, 0xbf, 0xb0, 0x00, 0x00, 0x00, 0x0b, 0xfb, 0x00, 0x00, 0x00, 0x00,
    0xbf, 0xb0, 0x00, 0x00, 0x00, 0x0b, 0xfb, 0x00, 0x00, 0x00, 0x00, 0xbf, 0xb0, 0x00, 0x00, 0x00,
    0x0b, 0xfb, 0x00, 0x00, 0x00, 0x00, 0xbf, 0xb0, 0x00, 0x02, 0x44, 0x4c, 0xfc, 0x44, 0x42, 0x8f,
    0xff, 0xff, 0xff, 0xff, 0x88, 0xff, 0xff, 0xff, 0xff, 0xf8, 0x00, 0x01, 0xab, 0xa1, 0x00, 0x00,
    0x01, 0xcf, 0xff, 0xc1, 0x00, 0x01, 0xcf, 0xc2, 0xcf, 0xc1, 0x00, 0x8b, 0xa1, 0x01, 0xab, 0x80,
    0x00, 0x00, 0x00, 0x00, 0x00, 0x02, 0x44, 0x44, 0x44, 0x44, 0x42, 0x8f, 0xff, 0xff, 0xff, 0xff,
    0x88, 0xff, 0xff, 0xff, 0xff, 0xf8, 0x00, 0x00, 0xbf, 0xb0, 0x00, 0x00, 0x00, 0x0b, 0xfb, 0x00,
    0x00, 0x00, 0x00, 0xbf, 0xb0, 0x00, 0x00, 0x00, 0x0b, 0xfb, 0x00, 0x00, 0x00, 0x00, 0xbf, 0xb0,
    0x00, 0x00, 0x00, 0x0b, 0xfb, 0x00, 0x00, 0x00, 0x00, 0xbf, 0xb0, 0x00, 0x00, 0x00, 0x0b, 0xfb,
    0x00, 0x00, 0x00, 0x00, 0xbf, 0xb0, 0x00, 0x00, 0x00, 0x0b, 0xfb, 0x00, 0x00, 0x00, 0x00, 0xbf,
    0xb0, 0x00, 0x00, 0x00, 0x0b, 0xfb, 0x00, 0x00, 0x00, 0x00, 0xbf, 0xb0, 0x00, 0x02, 0x44, 0x4c,
    0xfc, 0x44, 0x42, 0x8f, 0xff, 0xff, 0xff, 0xff, 0x88, 0xff, 0xff, 0xff, 0xff, 0xf8, 0x03, 0xa8,
    0x00, 0x08, 0xa3, 0x00, 0xef, 0xf4, 0x04, 0xff, 0xe0, 0x0e, 0xff, 0x40, 0x4f, 0xfe, 0x00, 0x38,
    0x70, 0x00, 0x78, 0x30, 0x00, 0x00, 0x00, 0x00, 0x00, 0x02, 0x44, 0x44, 0x44, 0x44, 0x42, 0x8f,
    0xff, 0xff, 0xff, 0xff, 0x88, 0xff, 0xff, 0xff, 0xff, 0xf8, 0x00, 0x00, 0xbf, 0xb0, 0x00, 0x00,
    0x00, 0x0b, 0xfb, 0x00, 0x00, 0x00, 0x00, 0xbf, 0xb0, 0x00, 0x00, 0x00, 0x0b, 0xfb, 0x00, 0x00,
    0x00, 0x00, 0xbf, 0xb0, 0x00, 0x00, 0x00, 0x0b, 0xfb, 0x00, 0x00, 0x00, 0x00, 0xbf, 0xb0, 0x00,
    0x00, 0x00, 0x0b, 0xfb, 0x00, 0x00, 0x00, 0x00, 0xbf, 0xb0, 0x00, 0x00, 0x00, 0x0b, 0xfb, 0x00,
    0x00, 0x00, 0x00, 0xbf, 0xb0, 0x00, 0x00, 0x00, 0x0b, 0xfb, 0x00, 0x00, 0x00, 0x00, 0xbf, 0xb0,
    0x00, 0x02, 0x44, 0x4c, 0xfc, 0x44, 0x42, 0x8f, 0xff, 0xff, 0xff, 0xff, 0x88, 0xff, 0xff, 0xff,
    0xff, 0xf8, 0x00, 0x34, 0x44, 0x44, 0x20, 0x00, 0x00, 0x0b, 0xff, 0xff, 0xff, 0xd6, 0x00, 0x00,
    0xbf, 0xff, 0xff, 0xff, 0xf9, 0x00, 0x0b, 0xfb, 0x00, 0x03, 0xcf, 0xf4, 0x00, 0xbf, 0xb0, 0x00,
    0x01, 0xdf, 0xa0, 0x0b, 0xfb, 0x00, 0x00, 0x08, 0xfe, 0x00, 0xbf, 0xb0, 0x00, 0x00, 0x8f, 0xf0,
    0x0b, 0xfb, 0x00, 0x00, 0x08, 0xff, 0x34, 0xcf, 0xc4, 0x41, 0x00, 0x8f, 0xfb, 0xff, 0xff, 0xff,
    0x40, 0x08, 0xff, 0x8b, 0xef, 0xeb, 0xb3, 0x00, 0x8f, 0xf0, 0x0b, 0xfb, 0x00, 0x00, 0x08, 0xff,
    0x00, 0xbf, 0xb0, 0x00, 0x00, 0x8f, 0xf0, 0x0b, 0xfb, 0x00, 0x00, 0x08, 0xff, 0x00, 0xbf, 0xb0,
    0x00, 0x00, 0x9f, 0xd0, 0x0b, 0xfb, 0x00, 0x00, 0x3e, 0xf9, 0x00, 0xbf, 0xc4, 0x44, 0x7e, 0xff,
    0x20, 0x0b, 0xff, 0xff, 0xff, 0xff, 0x60, 0x00, 0xbf, 0xff, 0xff, 0xd9, 0x20, 0x00, 0x00, 0x5a,
    0x82, 0x02, 0x84, 0x00, 0x4f, 0xff, 0xe3, 0x5f, 0x80, 0x08, 0xf4, 0x3e, 0xff, 0xf4, 0x00, 0x48,
    0x00, 0x28, 0xa5, 0x00, 0x00, 0x00, 0x00, 0x00, 0x00, 0x03, 0x44, 0x20, 0x00, 0x02, 0x43, 0xbf,
    0xf9, 0x00, 0x00, 0x8f, 0xbb, 0xff, 0xe0, 0x00, 0x08, 0xfb, 0xbf, 0xff, 0x50, 0x00, 0x8f, 0xbb,
    0xfa, 0xfa, 0x00, 0x08, 0xfb, 0xbf, 0x7f, 0xf1, 0x00, 0x8f, 0xbb, 0xf8, 0xaf, 0x60, 0x08, 0xfb,
    0xbf, 0x86, 0xfa, 0x00, 0x8f, 0xbb, 0xf8, 0x1f, 0xf2, 0x08, 0xfb, 0xbf, 0x80, 0xaf, 0x70, 0x8f,
    0xbb, 0xf8, 0x05, 0xfc, 0x08, 0xfb, 0xbf, 0x80, 0x0e, 0xf2, 0x8f, 0xbb, 0xf8, 0x00, 0x9f, 0x88,
    0xfb, 0xbf, 0x80, 0x05, 0xfd, 0x8f, 0xbb, 0xf8, 0x00, 0x0e, 0xf7, 0xfb, 0xbf, 0x80, 0x00, 0x8f,
    0xcf, 0xbb, 0xf8, 0x00, 0x03, 0xff, 0xfb, 0xbf, 0x80, 0x00, 0x0d, 0xff, 0xbb, 0xf8, 0x00, 0x00,
    0x8f, 0xfb, 0x01, 0xab, 0x80, 0x00, 0x00, 0x00, 0x05, 0xff, 0x60, 0x00, 0x00, 0x00, 0x07, 0xff,
    0x30, 0x00, 0x00, 0x00, 0x08, 0xb9, 0x00, 0x00, 0x00, 0x00, 0x00, 0x00, 0x00, 0x00, 0x00, 0x37,
    0x87, 0x30, 0x00, 0x01, 0xbf, 0xff, 0xff, 0xb2, 0x01, 0xcf, 0xfc, 0xbc, 0xff, 0xc1, 0x7f, 0xf6,
    0x00, 0x06, 0xff, 0x7b, 0xfc, 0x00, 0x00, 0x0c, 0xfb, 0xef, 0x80, 0x00, 0x00, 0x8f, 0xef, 0xf8,
    0x00, 0x00, 0x08, 0xff, 0xff, 0x80, 0x00, 0x00, 0x8f, 0xff, 0xf8, 0x00, 0x00, 0x08, 0xff, 0xff,
    0x80, 0x00, 0x00, 0x8f, 0xff, 0xf8, 0x00, 0x00, 0x08, 0xff, 0xff, 0x80, 0x00, 0x00, 0x8f, 0xff,
    0xf8, 0x00, 0x00, 0x08, 0xff, 0xff, 0x80, 0x00, 0x00, 0x8f, 0xfc, 0xf8, 0x00, 0x00, 0x08, 0xfc,
    0xaf, 0xd0, 0x00, 0x00, 0xdf, 0xa6, 0xff, 0x91, 0x01, 0x9f, 0xf6, 0x09, 0xff, 0xff, 0xff, 0xf9,
    0x00, 0x08, 0xef, 0xff, 0xe8, 0x00, 0x00, 0x00, 0x34, 0x30, 0x00, 0x00, 0x00, 0x00, 0x00, 0x8b,
    0xa1, 0x00, 0x00, 0x00, 0x6f, 0xf4, 0x00, 0x00, 0x00, 0x3e, 0xf7, 0x00, 0x00, 0x00, 0x08, 0xb8,
    0x00, 0x00, 0x00, 0x00, 0x00, 0x00, 0x00, 0x00, 0x00, 0x37, 0x87, 0x30, 0x00, 0x01, 0xbf, 0xff,
    0xff, 0xb2, 0x01, 0xcf, 0xfc, 0xbc, 0xff, 0xc1, 0x7f, 0xf6, 0x00, 0x06, 0xff, 0x7b, 0xfc, 0x00,
    0x00, 0x0c, 0xfb, 0xef, 0x80, 0x00, 0x00, 0x8f, 0xef, 0xf8, 0x00, 0x00, 0x08, 0xff, 0xff, 0x80,
    0x00, 0x00, 0x8f, 0xff, 0xf8, 0x00, 0x00, 0x08, 0xff, 0xff, 0x80, 0x00, 0x00, 0x8f, 0xff, 0xf8,
    0x00, 0x00, 0x08, 0xff, 0xff, 0x80, 0x00, 0x00, 0x8f, 0xff, 0xf8, 0x00, 0x00, 0x08, 0xff, 0xff,
    0x80, 0x00, 0x00, 0x8f, 0xfc, 0xf8, 0x00, 0x00, 0x08, 0xfc, 0xaf, 0xd0, 0x00, 0x00, 0xdf, 0xa6,
    0xff, 0x91, 0x01, 0x9f, 0xf6, 0x09, 0xff, 0xff, 0xff, 0xf9, 0x00, 0x08, 0xef, 0xff, 0xe8, 0x00,
    0x00, 0x00, 0x34, 0x30, 0x00, 0x00, 0x00, 0x01, 0xab, 0xa1, 0x00, 0x00, 0x01, 0xcf, 0xff, 0xc1,
    0x00, 0x01, 0xcf, 0xc2, 0xcf, 0xc1, 0x00, 0x8b, 0xa1, 0x01, 0xab, 0x80, 0x00, 0x00, 0x00, 0x00,
    0x00, 0x00, 0x00, 0x37, 0x87, 0x30, 0x00, 0x01, 0xbf, 0xff, 0xff, 0xb2, 0x01, 0xcf, 0xfc, 0xbc,
    0xff, 0xc1, 0x7f, 0xf6, 0x00, 0x06, 0xff, 0x7b, 0xfc, 0x00, 0x00, 0x0c, 0xfb, 0xef, 0x80, 0x00,
    0x00, 0x8f, 0xef, 0xf8, 0x00, 0x00, 0x08, 0xff, 0xff, 0x80, 0x00, 0x00, 0x8f, 0xff, 0xf8, 0x00,
    0x00, 0x08, 0xff, 0xff, 0x80, 0x00, 0x00, 0x8f, 0xff, 0xf8, 0x00, 0x00, 0x08, 0xff, 0xff, 0x80,
    0x00, 0x00, 0x8f, 0xff, 0xf8, 0x00, 0x00, 0x08, 0xff, 0xff, 0x80, 0x00, 0x00, 0x8f, 0xfc, 0xf8,
    0x00, 0x00, 0x08, 0xfc, 0xaf, 0xd0, 0x00, 0x00, 0xdf, 0xa6, 0xff, 0x91, 0x01, 0x9f, 0xf6, 0x09,
    0xff, 0xff, 0xff, 0xf9, 0x00, 0x08, 0xef, 0xff, 0xe8, 0x00, 0x00, 0x00, 0x34, 0x30, 0x00, 0x00,
    0x00, 0x5a, 0x82, 0x02, 0x84, 0x00, 0x4f, 0xff, 0xe3, 0x5f, 0x80, 0x08, 0xf4, 0x3e, 0xff, 0xf4,
    0x00, 0x48, 0x00, 0x28, 0xa5, 0x00, 0x00, 0x00, 0x00, 0x00, 0x00, 0x00, 0x00, 0x37, 0x87, 0x30,
    0x00, 0x01, 0xbf, 0xff, 0xff, 0xb2, 0x01, 0xcf, 0xfc, 0xbc, 0xff, 0xc1, 0x7f, 0xf6, 0x00, 0x06,
    0xff, 0x7b, 0xfc, 0x00, 0x00, 0x0c, 0xfb, 0xef, 0x80, 0x00, 0x00, 0x8f, 0xef, 0xf8, 0x00, 0x00,
    0x08, 0xff, 0xff, 0x80, 0x00, 0x00, 0x8f, 0xff, 0xf8, 0x00, 0x00, 0x08, 0xff, 0xff, 0x80, 0x00,
    0x00, 0x8f, 0xff, 0xf8, 0x00, 0x00, 0x08, 0xff, 0xff, 0x80, 0x00, 0x00, 0x8f, 0xff, 0xf8, 0x00,
    0x00, 0x08, 0xff, 0xff, 0x80, 0x00, 0x00, 0x8f, 0xfc, 0xf8, 0x00, 0x00, 0x08, 0xfc, 0xaf, 0xd0,
    0x00, 0x00, 0xdf, 0xa6, 0xff, 0x91, 0x01, 0x9f, 0xf6, 0x09, 0xff, 0xff, 0xff, 0xf9, 0x00, 0x08,
    0xef, 0xff, 0xe8, 0x00, 0x00, 0x00, 0x34, 0x30, 0x00, 0x00, 0x03, 0xa8, 0x00, 0x08, 0xa3, 0x00,
    0xef, 0xf4, 0x04, 0xff, 0xe0, 0x0e, 0xff, 0x40, 0x4f, 0xfe, 0x00, 0x38, 0x70, 0x00, 0x78, 0x30,
    0x00, 0x00, 0x00, 0x00, 0x00, 0x00, 0x00, 0x37, 0x87, 0x30, 0x00, 0x01, 0xbf, 0xff, 0xff, 0xb2,
    0x01, 0xcf, 0xfc, 0xbc, 0xff, 0xc1, 0x7f, 0xf6, 0x00, 0x06, 0xff, 0x7b, 0xfc, 0x00, 0x00, 0x0c,
    0xfb, 0xef, 0x80, 0x00, 0x00, 0x8f, 0xef, 0xf8, 0x00, 0x00, 0x08, 0xff, 0xff, 0x80, 0x00, 0x00,
    0x8f, 0xff, 0xf8, 0x00, 0x00, 0x08, 0xff, 0xff, 0x80, 0x00, 0x00, 0x8f, 0xff, 0xf8, 0x00, 0x00,
    0x08, 0xff, 0xff, 0x80, 0x00, 0x00, 0x8f, 0xff, 0xf8, 0x00, 0x00, 0x08, 0xff, 0xff, 0x80, 0x00,
    0x00, 0x8f, 0xfc, 0xf8, 0x00, 0x00, 0x08, 0xfc, 0xaf, 0xd0, 0x00, 0x00, 0xdf, 0xa6, 0xff, 0x91,
    0x01, 0x9f, 0xf6, 0x09, 0xff, 0xff, 0xff, 0xf9, 0x00, 0x08, 0xef, 0xff, 0xe8, 0x00, 0x00, 0x00,
    0x34, 0x30, 0x00, 0x00, 0x00, 0x00, 0x00, 0x00, 0x00, 0x00, 0x99, 0x00, 0x00, 0x09, 0x90, 0x4f,
    0xf9, 0x00, 0x09, 0xfe, 0x20, 0x6f, 0xf9, 0x09, 0xfe, 0x30, 0x00, 0x6f, 0xfd, 0xfe, 0x30, 0x00,
    0x00, 0x6f, 0xff, 0x30, 0x00, 0x00, 0x09, 0xff, 0xf9, 0x00, 0x00, 0x09, 0xfe, 0x8f, 0xf9, 0x00,
    0x09, 0xfe, 0x30, 0x6f, 0xf9, 0x02, 0xee, 0x30, 0x00, 0x6f, 0xe2, 0x03, 0x30, 0x00, 0x00, 0x63,
    0x00, 0x00, 0x00, 0x03, 0x78, 0x73, 0x03, 0xba, 0x10, 0x00, 0x2b, 0xff, 0xff, 0xfb, 0xcf, 0x80,
    0x00, 0x1d, 0xff, 0xcb, 0xcf, 0xff, 0xd1, 0x00, 0x08, 0xff, 0x60, 0x00, 0x6f, 0xf8, 0x00, 0x00,
    0xbf, 0xc0, 0x00, 0x07, 0xff, 0xb0, 0x00, 0x0e, 0xf8, 0x00, 0x01, 0xef, 0xfe, 0x00, 0x00, 0xff,
    0x80, 0x00, 0x8f, 0xff, 0xf0, 0x00, 0x0f, 0xf8, 0x00, 0x2f, 0xf9, 0xff, 0x00, 0x00, 0xff, 0x80,
    0x0a, 0xf8, 0x8f, 0xf0, 0x00, 0x0f, 0xf8, 0x04, 0xfe, 0x18, 0xff, 0x00, 0x00, 0xff, 0x80, 0xcf,
    0x60, 0x8f, 0xf0, 0x00, 0x0f, 0xf8, 0x6f, 0xd0, 0x08, 0xff, 0x00, 0x00, 0xff, 0x8e, 0xf4, 0x00,
    0x8f, 0xf0, 0x00, 0x0f, 0xfe, 0xfb, 0x00, 0x08, 0xff, 0x00, 0x00, 0xdf, 0xff, 0x20, 0x00, 0x8f,
    0xd0, 0x00, 0x0a, 0xff, 0x80, 0x00, 0x0d, 0xfb, 0x00, 0x00, 0x7f, 0xf9, 0x10, 0x19, 0xff, 0x60,
    0x00, 0x0b, 0xff, 0xff, 0xff, 0xff, 0xb0, 0x00, 0x06, 0xfd, 0x8e, 0xff, 0xfe, 0x80, 0x00, 0x01,
    0xdf, 0x50, 0x04, 0x43, 0x00, 0x00, 0x00, 0x01, 0xab, 0x80, 0x00, 0x00, 0x00, 0x05, 0xff, 0x60,
    0x00, 0x00, 0x00, 0x07, 0xff, 0x30, 0x00, 0x00, 0x00, 0x08, 0xb9, 0x00, 0x00, 0x00, 0x00, 0x00,
    0x00, 0x00, 0x03, 0x42, 0x00, 0x00, 0x02, 0x43, 0xbf, 0x80, 0x00, 0x00, 0x8f, 0xbb, 0xf8, 0x00,
    0x00, 0x08, 0xfb, 0xbf, 0x80, 0x00, 0x00, 0x8f, 0xbb, 0xf8, 0x00, 0x00, 0x08, 0xfb, 0xbf, 0x80,
    0x00, 0x00, 0x8f, 0xbb, 0xf8, 0x00, 0x00, 0x08, 0xfb, 0xbf, 0x80, 0x00, 0x00, 0x8f, 0xbb, 0xf8,
    0x00, 0x00, 0x08, 0xfb, 0xbf, 0x80, 0x00, 0x00, 0x8f, 0xbb, 0xf8, 0x00, 0x00, 0x08, 0xfb, 0xbf,
    0x80, 0x00, 0x00, 0x8f, 0xbb, 0xf8, 0x00, 0x00, 0x08, 0xfb, 0xbf, 0x80, 0x00, 0x00, 0x8f, 0xbb,
    0xfb, 0x00, 0x00, 0x09, 0xfb, 0xaf, 0xd0, 0x00, 0x00, 0xdf, 0xa6, 0xff, 0x91, 0x01, 0x9f, 0xf6,
    0x0b, 0xff, 0xff, 0xff, 0xfc, 0x00, 0x18, 0xef, 0xff, 0xe8, 0x10, 0x00, 0x00, 0x44, 0x40, 0x00,
    0x00, 0x00, 0x00, 0x00, 0x8b, 0xa1, 0x00, 0x00, 0x00, 0x6f, 0xf4, 0x00, 0x00, 0x00, 0x3e, 0xf7,
    0x00, 0x00, 0x00, 0x08, 0xb8, 0x00, 0x00, 0x00, 0x00, 0x00, 0x00, 0x00, 0x03, 0x42, 0x00, 0x00,
    0x02, 0x43, 0xbf, 0x80, 0x00, 0x00, 0x8f, 0xbb, 0xf8, 0x00, 0x00, 0x08, 0xfb, 0xbf, 0x80, 0x00,
    0x00, 0x8f, 0xbb, 0xf8, 0x00, 0x00, 0x08, 0xfb, 0xbf, 0x80, 0x00, 0x00, 0x8f, 0xbb, 0xf8, 0x00,
    0x00, 0x08, 0xfb, 0xbf, 0x80, 0x00, 0x00, 0x8f, 0xbb, 0xf8, 0x00, 0x00, 0x08, 0xfb, 0xbf, 0x80,
    0x00, 0x00, 0x8f, 0xbb, 0xf8, 0x00, 0x00, 0x08, 0xfb, 0xbf, 0x80, 0x00, 0x00, 0x8f, 0xbb, 0xf8,
    0x00, 0x00, 0x08, 0xfb, 0xbf, 0x80, 0x00, 0x00, 0x8f, 0xbb, 0xfb, 0x00, 0x00, 0x09, 0xfb, 0xaf,
    0xd0, 0x00, 0x00, 0xdf, 0xa6, 0xff, 0x91, 0x01, 0x9f, 0xf6, 0x0b, 0xff, 0xff, 0xff, 0xfc, 0x00,
    0x18, 0xef, 0xff, 0xe8, 0x10, 0x00, 0x00, 0x44, 0x40, 0x00, 0x00, 0x00, 0x01, 0xab, 0xa1, 0x00,
    0x00, 0x01, 0xcf, 0xff, 0xc1, 0x00, 0x01, 0xcf, 0xc2, 0xcf, 0xc1, 0x00, 0x8b, 0xa1, 0x01, 0xab,
    0x80, 0x00, 0x00, 0x00, 0x00, 0x00, 0x03, 0x42, 0x00, 0x00, 0x02, 0x43, 0xbf, 0x80, 0x00, 0x00,
    0x8f, 0xbb, 0xf8, 0x00, 0x00, 0x08, 0xfb, 0xbf, 0x80, 0x00, 0x00, 0x8f, 0xbb, 0xf8, 0x00, 0x00,
    0x08, 0xfb, 0xbf, 0x80, 0x00, 0x00, 0x8f, 0xbb, 0xf8, 0x00, 0x00, 0x08, 0xfb, 0xbf, 0x80, 0x00,
    0x00, 0x8f, 0xbb, 0xf8, 0x00, 0x00, 0x08, 0xfb, 0xbf, 0x80, 0x00, 0x00, 0x8f, 0xbb, 0xf8, 0x00,
    0x00, 0x08, 0xfb, 0xbf, 0x80, 0x00, 0x00, 0x8f, 0xbb, 0xf8, 0x00, 0x00, 0x08, 0xfb, 0xbf, 0x80,
    0x00, 0x00, 0x8f, 0xbb, 0xfb, 0x00, 0x00, 0x09, 0xfb, 0xaf, 0xd0, 0x00, 0x00, 0xdf, 0xa6, 0xff,
    0x91, 0x01, 0x9f, 0xf6, 0x0b, 0xff, 0xff, 0xff, 0xfc, 0x00, 0x18, 0xef, 0xff, 0xe8, 0x10, 0x00,
    0x00, 0x44, 0x40, 0x00, 0x00, 0x03, 0xa8, 0x00, 0x08, 0xa3, 0x00, 0xef, 0xf4, 0x04, 0xff, 0xe0,
    0x0e, 0xff, 0x40, 0x4f, 0xfe, 0x00, 0x38, 0x70, 0x00, 0x78, 0x30, 0x00, 0x00, 0x00, 0x00, 0x00,
    0x03, 0x42, 0x00, 0x00, 0x02, 0x43, 0xbf, 0x80, 0x00, 0x00, 0x8f, 0xbb, 0xf8, 0x00, 0x00, 0x08,
    0xfb, 0xbf, 0x80, 0x00, 0x00, 0x8f, 0xbb, 0xf8, 0x00, 0x00, 0x08, 0xfb, 0xbf, 0x80, 0x00, 0x00,
    0x8f, 0xbb, 0xf8, 0x00, 0x00, 0x08, 0xfb, 0xbf, 0x80, 0x00, 0x00, 0x8f, 0xbb, 0xf8, 0x00, 0x00,
    0x08, 0xfb, 0xbf, 0x80, 0x00, 0x00, 0x8f, 0xbb, 0xf8, 0x00, 0x00, 0x08, 0xfb, 0xbf, 0x80, 0x00,
    0x00, 0x8f, 0xbb, 0xf8, 0x00, 0x00, 0x08, 0xfb, 0xbf, 0x80, 0x00, 0x00, 0x8f, 0xbb, 0xfb, 0x00,
    0x00, 0x09, 0xfb, 0xaf, 0xd0, 0x00, 0x00, 0xdf, 0xa6, 0xff, 0x91, 0x01, 0x9f, 0xf6, 0x0b, 0xff,
    0xff, 0xff, 0xfc, 0x00, 0x18, 0xef, 0xff, 0xe8, 0x10, 0x00, 0x00, 0x44, 0x40, 0x00, 0x00, 0x00,
    0x00, 0x00, 0x00, 0x8b, 0xa1, 0x00, 0x00, 0x00, 0x00, 0x00, 0x6f, 0xf4, 0x00, 0x00, 0x00, 0x00,
    0x00, 0x3e, 0xf7, 0x00, 0x00, 0x00, 0x00, 0x00, 0x08, 0xb8, 0x00, 0x00, 0x00, 0x00, 0x00, 0x00,
    0x00, 0x00, 0x00, 0x00, 0x01, 0x44, 0x20, 0x00, 0x00, 0x00, 0x24, 0x41, 0x0d, 0xfb, 0x00, 0x00,
    0x00, 0x0a, 0xfd, 0x00, 0x6f, 0xf4, 0x00, 0x00, 0x02, 0xff, 0x60, 0x00, 0xdf, 0xb0, 0x00, 0x00,
    0x9f, 0xd0, 0x00, 0x06, 0xff, 0x20, 0x00, 0x2f, 0xf6, 0x00, 0x00, 0x0d, 0xf9, 0x00, 0x08, 0xfe,
    0x00, 0x00, 0x00, 0x8f, 0xf2, 0x01, 0xef, 0x80, 0x00, 0x00, 0x01, 0xef, 0x90, 0x8f, 0xe1, 0x00,
    0x00, 0x00, 0x08, 0xff, 0x1e, 0xf8, 0x00, 0x00, 0x00, 0x00, 0x1e, 0xfb, 0xfe, 0x10, 0x00, 0x00,
    0x00, 0x00, 0x8f, 0xff, 0x90, 0x00, 0x00, 0x00, 0x00, 0x02, 0xff, 0xf2, 0x00, 0x00, 0x00, 0x00,
    0x00, 0x0b, 0xfb, 0x00, 0x00, 0x00, 0x00, 0x00, 0x00, 0xbf, 0xb0, 0x00, 0x00, 0x00, 0x00, 0x00,
    0x0b, 0xfb, 0x00, 0x00, 0x00, 0x00, 0x00, 0x00, 0xbf, 0xb0, 0x00, 0x00, 0x00, 0x00, 0x00, 0x0b,
    0xfb, 0x00, 0x00, 0x00, 0x00, 0x00, 0x00, 0xbf, 0xb0, 0x00, 0x00, 0x00, 0x00, 0x00, 0x0b, 0xfb,
    0x00, 0x00, 0x00, 0x34, 0x30, 0x00, 0x00, 0x00, 0x00, 0xbf, 0xb0, 0x00, 0x00, 0x00, 0x00, 0xbf,
    0xb0, 0x00, 0x00, 0x00, 0x00, 0xbf, 0xb0, 0x00, 0x00, 0x00, 0x00, 0xbf, 0xd8, 0x88, 0x88, 0x30,
    0x00, 0xbf, 0xff, 0xff, 0xff, 0xfb, 0x20, 0xbf, 0xd8, 0x88, 0x8c, 0xff, 0xd1, 0xbf, 0xb0, 0x00,
    0x00, 0x7f, 0xf7, 0xbf, 0xb0, 0x00, 0x00, 0x0d, 0xfb, 0xbf, 0xb0, 0x00, 0x00, 0x0b, 0xfb, 0xbf,
    0xb0, 0x00, 0x00, 0x0d, 0xfb, 0xbf, 0xb0, 0x00, 0x00, 0x7f, 0xf7, 0xbf, 0xeb, 0xbb, 0xbc, 0xff,
    0xd1, 0xbf, 0xff, 0xff, 0xff, 0xfb, 0x20, 0xbf, 0xd8, 0x88, 0x88, 0x30, 0x00, 0xbf, 0xb0, 0x00,
    0x00, 0x00, 0x00, 0xbf, 0xb0, 0x00, 0x00, 0x00, 0x00, 0xbf, 0xb0, 0x00, 0x00, 0x00, 0x00, 0xbf,
    0xb0, 0x00, 0x00, 0x00, 0x00, 0x00, 0x02, 0x78, 0x83, 0x00, 0x00, 0x01, 0xaf, 0xff, 0xff, 0xd3,
    0x00, 0x0c, 0xff, 0xdb, 0xcf, 0xfe, 0x20, 0x6f, 0xf8, 0x00, 0x06, 0xff, 0x90, 0xaf, 0xd0, 0x00,
    0x00, 0xaf, 0xe0, 0xbf, 0xb0, 0x00, 0x00, 0x8f, 0xf0, 0xbf, 0xb0, 0x00, 0x00, 0xaf, 0xa0, 0xbf,
    0xb0, 0x00, 0x04, 0xff, 0x50, 0xbf, 0xb0, 0x48, 0xbf, 0xe6, 0x00, 0xbf, 0xb0, 0x8f, 0xff, 0xa3,
    0x00, 0xbf, 0xb0, 0x48, 0x8d, 0xff, 0x50, 0xbf, 0xb0, 0x00, 0x01, 0xcf, 0xe1, 0xbf, 0xb0, 0x00,
    0x00, 0x3f, 0xf5, 0xbf, 0xb0, 0x00, 0x00, 0x0f, 0xf8, 0xbf, 0xb0, 0x00, 0x00, 0x2f, 0xf8, 0xbf,
    0xb0, 0x00, 0x00, 0x9f, 0xf4, 0xbf, 0xb0, 0x24, 0x5a, 0xff, 0xc0, 0xbf, 0xb0, 0x8f, 0xff, 0xfd,
    0x20, 0xbf, 0xb0, 0x8f, 0xfc, 0x81, 0x00, 0x00, 0x1a, 0xb8, 0x00, 0x00, 0x00, 0x00, 0x04, 0xff,
    0x70, 0x00, 0x00, 0x00, 0x00, 0x7f, 0xf3, 0x00, 0x00, 0x00, 0x00, 0x08, 0xba, 0x00, 0x00, 0x00,
    0x00, 0x00, 0x00, 0x00, 0x00, 0x00, 0x00, 0x00, 0x00, 0x00, 0x00, 0x00, 0x06, 0xbf, 0xff, 0xb6,
    0x00, 0x00, 0x9f, 0xff, 0xff, 0xff, 0x90, 0x06, 0xff, 0x94, 0x04, 0xaf, 0xf6, 0x08, 0xb9, 0x00,
    0x00, 0x0d, 0xfa, 0x00, 0x00, 0x00, 0x00, 0x0b, 0xfb, 0x00, 0x01, 0x44, 0x44, 0x4c, 0xfb, 0x00,
    0x8f, 0xff, 0xff, 0xff, 0xfb, 0x09, 0xff, 0xa8, 0x88, 0x8d, 0xfb, 0x2f, 0xf8, 0x00, 0x00, 0x0b,
    0xfb, 0x4f, 0xf4, 0x00, 0x00, 0x0b, 0xfb, 0x4f, 0xf4, 0x00, 0x00, 0x0d, 0xfb, 0x2f, 0xfc, 0x10,
    0x02, 0xaf, 0xfb, 0x08, 0xff, 0xfc, 0xcf, 0xec, 0xfb, 0x00, 0x8e, 0xff, 0xfb, 0x3b, 0xfb, 0x00,
    0x00, 0x44, 0x20, 0x00, 0x00, 0x00, 0x00, 0x00, 0x06, 0xbb, 0x20, 0x00, 0x00, 0x00, 0x3e, 0xf7,
    0x00, 0x00, 0x00, 0x01, 0xcf, 0x90, 0x00, 0x00, 0x00, 0x06, 0xba, 0x10, 0x00, 0x00, 0x00, 0x00,
    0x00, 0x00, 0x00, 0x00, 0x00, 0x00, 0x00, 0x00, 0x00, 0x00, 0x06, 0xbf, 0xff, 0xb6, 0x00, 0x00,
    0x9f, 0xff, 0xff, 0xff, 0x90, 0x06, 0xff, 0x94, 0x04, 0xaf, 0xf6, 0x08, 0xb9, 0x00, 0x00, 0x0d,
    0xfa, 0x00, 0x00, 0x00, 0x00, 0x0b, 0xfb, 0x00, 0x01, 0x44, 0x44, 0x4c, 0xfb, 0x00, 0x8f, 0xff,
    0xff, 0xff, 0xfb, 0x09, 0xff, 0xa8, 0x88, 0x8d, 0xfb, 0x2f, 0xf8, 0x00, 0x00, 0x0b, 0xfb, 0x4f,
    0xf4, 0x00, 0x00, 0x0b, 0xfb, 0x4f, 0xf4, 0x00, 0x00, 0x0d, 0xfb, 0x2f, 0xfc, 0x10, 0x02, 0xaf,
    0xfb, 0x08, 0xff, 0xfc, 0xcf, 0xec, 0xfb, 0x00, 0x8e, 0xff, 0xfb, 0x3b, 0xfb, 0x00, 0x00, 0x44,
    0x20, 0x00, 0x00, 0x00, 0x00, 0x08, 0xba, 0x10, 0x00, 0x00, 0x00, 0x9f, 0xff, 0xc1, 0x00, 0x00,
    0x09, 0xfe, 0x4c, 0xfc, 0x10, 0x00, 0x6b, 0xb3, 0x01, 0xab, 0x80, 0x00, 0x00, 0x00, 0x00, 0x00,
    0x00, 0x00, 0x00, 0x00, 0x00, 0x00, 0x00, 0x00, 0x06, 0xbf, 0xff, 0xb6, 0x00, 0x00, 0x9f, 0xff,
    0xff, 0xff, 0x90, 0x06, 0xff, 0x94, 0x04, 0xaf, 0xf6, 0x08, 0xb9, 0x00, 0x00, 0x0d, 0xfa, 0x00,
    0x00, 0x00, 0x00, 0x0b, 0xfb, 0x00, 0x01, 0x44, 0x44, 0x4c, 0xfb, 0x00, 0x8f, 0xff, 0xff, 0xff,
    0xfb, 0x09, 0xff, 0xa8, 0x88, 0x8d, 0xfb, 0x2f, 0xf8, 0x00, 0x00, 0x0b, 0xfb, 0x4f, 0xf4, 0x00,
    0x00, 0x0b, 0xfb, 0x4f, 0xf4, 0x00, 0x00, 0x0d, 0xfb, 0x2f, 0xfc, 0x10, 0x02, 0xaf, 0xfb, 0x08,
    0xff, 0xfc, 0xcf, 0xec, 0xfb, 0x00, 0x8e, 0xff, 0xfb, 0x3b, 0xfb, 0x00, 0x00, 0x44, 0x20, 0x00,
    0x00, 0x00, 0x02, 0x88, 0x20, 0x08, 0x60, 0x00, 0x2e, 0xff, 0xe3, 0x1f, 0xb0, 0x00, 0x7f, 0x74,
    0xef, 0xdf, 0x70, 0x00, 0x6b, 0x30, 0x3a, 0xb8, 0x00, 0x00, 0x00, 0x00, 0x00, 0x00, 0x00, 0x00,
    0x00, 0x00, 0x00, 0x00, 0x00, 0x00, 0x06, 0xbf, 0xff, 0xb6, 0x00, 0x00, 0x9f, 0xff, 0xff, 0xff,
    0x90, 0x06, 0xff, 0x94, 0x04, 0xaf, 0xf6, 0x08, 0xb9, 0x00, 0x00, 0x0d, 0xfa, 0x00, 0x00, 0x00,
    0x00, 0x0b, 0xfb, 0x00, 0x01, 0x44, 0x44, 0x4c, 0xfb, 0x00, 0x8f, 0xff, 0xff, 0xff, 0xfb, 0x09,
    0xff, 0xa8, 0x88, 0x8d, 0xfb, 0x2f, 0xf8, 0x00, 0x00, 0x0b, 0xfb, 0x4f, 0xf4, 0x00, 0x00, 0x0b,
    0xfb, 0x4f, 0xf4, 0x00, 0x00, 0x0d, 0xfb, 0x2f, 0xfc, 0x10, 0x02, 0xaf, 0xfb, 0x08, 0xff, 0xfc,
    0xcf, 0xec, 0xfb, 0x00, 0x8e, 0xff, 0xfb, 0x3b, 0xfb, 0x00, 0x00, 0x44, 0x20, 0x00, 0x00, 0x00,
    0x17, 0x60, 0x00, 0x48, 0x20, 0x00, 0xaf, 0xf6, 0x02, 0xff, 0xe0, 0x00, 0xbf, 0xf7, 0x03, 0xff,
    0xf0, 0x00, 0x4b, 0xa1, 0x00, 0x8b, 0x70, 0x00, 0x00, 0x00, 0x00, 0x00, 0x00, 0x00, 0x00, 0x00,
    0x00, 0x00, 0x00, 0x00, 0x06, 0xbf, 0xff, 0xb6, 0x00, 0x00, 0x9f, 0xff, 0xff, 0xff, 0x90, 0x06,
    0xff, 0x94, 0x04, 0xaf, 0xf6, 0x08, 0xb9, 0x00, 0x00, 0x0d, 0xfa, 0x00, 0x00, 0x00, 0x00, 0x0b,
    0xfb, 0x00, 0x01, 0x44, 0x44, 0x4c, 0xfb, 0x00, 0x8f, 0xff, 0xff, 0xff, 0xfb, 0x09, 0xff, 0xa8,
    0x88, 0x8d, 0xfb, 0x2f, 0xf8, 0x00, 0x00, 0x0b, 0xfb, 0x4f, 0xf4, 0x00, 0x00, 0x0b, 0xfb, 0x4f,
    0xf4, 0x00, 0x00, 0x0d, 0xfb, 0x2f, 0xfc, 0x10, 0x02, 0xaf, 0xfb, 0x08, 0xff, 0xfc, 0xcf, 0xec,
    0xfb, 0x00, 0x8e, 0xff, 0xfb, 0x3b, 0xfb, 0x00, 0x00, 0x44, 0x20, 0x00, 0x00, 0x00, 0x00, 0x4c,
    0xfd, 0x70, 0x00, 0x00, 0x02, 0xec, 0x8a, 0xf5, 0x00, 0x00, 0x07, 0xf4, 0x00, 0xfa, 0x00, 0x00,
    0x07, 0xf5, 0x01, 0xfa, 0x00, 0x00, 0x01, 0xee, 0x8c, 0xf4, 0x00, 0x00, 0x00, 0x39, 0xba, 0x50,
    0x00, 0x00, 0x00, 0x00, 0x00, 0x00, 0x00, 0x00, 0x06, 0xbf, 0xff, 0xb6, 0x00, 0x00, 0x9f, 0xff,
    0xff, 0xff, 0x90, 0x06, 0xff, 0x94, 0x04, 0xaf, 0xf6, 0x08, 0xb9, 0x00, 0x00, 0x0d, 0xfa, 0x00,
    0x00, 0x00, 0x00, 0x0b, 0xfb, 0x00, 0x01, 0x44, 0x44, 0x4c, 0xfb, 0x00, 0x8f, 0xff, 0xff, 0xff,
    0xfb, 0x09, 0xff, 0xa8, 0x88, 0x8d, 0xfb, 0x2f, 0xf8, 0x00, 0x00, 0x0b, 0xfb, 0x4f, 0xf4, 0x00,
    0x00, 0x0b, 0xfb, 0x4f, 0xf4, 0x00, 0x00, 0x0d, 0xfb, 0x2f, 0xfc, 0x10, 0x02, 0xaf, 0xfb, 0x08,
    0xff, 0xfc, 0xcf, 0xec, 0xfb, 0x00, 0x8e, 0xff, 0xfb, 0x3b, 0xfb, 0x00, 0x00, 0x44, 0x20, 0x00,
    0x00, 0x00, 0x5d, 0xfd, 0x70, 0x5d, 0xfd, 0x70, 0x00, 0x4f, 0xff, 0xff, 0x8f, 0xff, 0xff, 0x70,
    0x0a, 0xfa, 0x01, 0xdf, 0xe3, 0x09, 0xfe, 0x00, 0x8b, 0x30, 0x08, 0xfb, 0x00, 0x2f, 0xf2, 0x00,
    0x00, 0x00, 0x8f, 0xb0, 0x00, 0xff, 0x40, 0x00, 0x02, 0x49, 0xfc, 0x44, 0x4f, 0xf4, 0x00, 0x8e,
    0xff, 0xff, 0xff, 0xff, 0xff, 0x40, 0x8f, 0xea, 0x8b, 0xfd, 0x88, 0x88, 0x82, 0x0e, 0xf6, 0x00,
    0x8f, 0xb0, 0x00, 0x00, 0x04, 0xff, 0x00, 0x08, 0xfb, 0x00, 0x00, 0x00, 0x4f, 0xf0, 0x00, 0x8f,
    0xb0, 0x00, 0x88, 0x20, 0xff, 0x70, 0x0b, 0xfd, 0x10, 0x6f, 0xf0, 0x08, 0xff, 0xbd, 0xf9, 0xfd,
    0xbf, 0xf9, 0x00, 0x1a, 0xff, 0xf8, 0x08, 0xff, 0xfb, 0x10, 0x00, 0x02, 0x42, 0x00, 0x02, 0x42,
    0x00, 0x00, 0x00, 0x4a, 0xef, 0xfb, 0x60, 0x00, 0x06, 0xff, 0xff, 0xff, 0xfc, 0x10, 0x4f, 0xfd,
    0x64, 0x4a, 0xff, 0x80, 0x9f, 0xe1, 0x00, 0x00, 0xaf, 0xe0, 0xbf, 0xa0, 0x00, 0x00, 0x4b, 0xb2,
    0xef, 0x80, 0x00, 0x00, 0x00, 0x00, 0xff, 0x80, 0x00, 0x00, 0x00, 0x00, 0xff, 0x80, 0x00, 0x00,
    0x00, 0x00, 0xff, 0x80, 0x00, 0x00, 0x00, 0x00, 0xbf, 0x90, 0x00, 0x00, 0x28, 0x82, 0xaf, 0xd0,
    0x00, 0x00, 0x8f, 0xf0, 0x6f, 0xfa, 0x20, 0x07, 0xff, 0xa0, 0x09, 0xff, 0xff, 0xff, 0xfe, 0x20,
    0x00, 0x8e, 0xff, 0xff, 0x92, 0x00, 0x00, 0x01, 0xe9, 0x40, 0x00, 0x00, 0x00, 0x04, 0xbf, 0xd7,
    0x00, 0x00, 0x00, 0x00, 0x01, 0xdf, 0x60, 0x00, 0x00, 0x03, 0x46, 0xff, 0x60, 0x00, 0x00, 0x0b,
    0xff, 0xf8, 0x00, 0x00, 0x00, 0x03, 0x44, 0x00, 0x00, 0x00, 0x01, 0xbb, 0x70, 0x00, 0x00, 0x00,
    0x06, 0xff, 0x50, 0x00, 0x00, 0x00, 0x09, 0xfe, 0x20, 0x00, 0x00, 0x00, 0x09, 0xb8, 0x00, 0x00,
    0x00, 0x00, 0x00, 0x00, 0x00, 0x00, 0x00, 0x00, 0x00, 0x00, 0x00, 0x00, 0x4a, 0xef, 0xea, 0x40,
    0x00, 0x7f, 0xff, 0xff, 0xff, 0x80, 0x4f, 0xf9, 0x20, 0x29, 0xff, 0x4a, 0xfc, 0x00, 0x00, 0x0c,
    0xfa, 0xef, 0x80, 0x00, 0x00, 0x8f, 0xff, 0xf8, 0x00, 0x00, 0x08, 0xff, 0xff, 0xff, 0xff, 0xff,
    0xff, 0xff, 0xfd, 0xbb, 0xbb, 0xbb, 0xbb, 0xff, 0x80, 0x00, 0x00, 0x00, 0x0f, 0xf8, 0x00, 0x00,
    0x00, 0x00, 0xbf, 0xb0, 0x00, 0x00, 0x68, 0x66, 0xff, 0x80, 0x00, 0x6f, 0xf9, 0x0a, 0xff, 0xfb,
    0xff, 0xfc, 0x10, 0x08, 0xef, 0xff, 0xe9, 0x10, 0x00, 0x00, 0x34, 0x40, 0x00, 0x00, 0x00, 0x00,
    0x00, 0x7b, 0xa1, 0x00, 0x00, 0x00, 0x4f, 0xf6, 0x00, 0x00, 0x00, 0x1e, 0xf8, 0x00, 0x00, 0x00,
    0x08, 0xb9, 0x00, 0x00, 0x00, 0x00, 0x00, 0x00, 0x00, 0x00, 0x00, 0x00, 0x00, 0x00, 0x00, 0x00,
    0x4a, 0xef, 0xea, 0x40, 0x00, 0x7f, 0xff, 0xff, 0xff, 0x80, 0x4f, 0xf9, 0x20, 0x29, 0xff, 0x4a,
    0xfc, 0x00, 0x00, 0x0c, 0xfa, 0xef, 0x80, 0x00, 0x00, 0x8f, 0xff, 0xf8, 0x00, 0x00, 0x08, 0xff,
    0xff, 0xff, 0xff, 0xff, 0xff, 0xff, 0xfd, 0xbb, 0xbb, 0xbb, 0xbb, 0xff, 0x80, 0x00, 0x00, 0x00,
    0x0f, 0xf8, 0x00, 0x00, 0x00, 0x00, 0xbf, 0xb0, 0x00, 0x00, 0x68, 0x66, 0xff, 0x80, 0x00, 0x6f,
    0xf9, 0x0a, 0xff, 0xfb, 0xff, 0xfc, 0x10, 0x08, 0xef, 0xff, 0xe9, 0x10, 0x00, 0x00, 0x34, 0x40,
    0x00, 0x00, 0x00, 0x01, 0xab, 0x80, 0x00, 0x00, 0x01, 0xcf, 0xff, 0x90, 0x00, 0x01, 0xcf, 0xc2,
    0xcf, 0x90, 0x00, 0x8b, 0xa1, 0x01, 0xab, 0x60, 0x00, 0x00, 0x00, 0x00, 0x00, 0x00, 0x00, 0x00,
    0x00, 0x00, 0x00, 0x00, 0x4a, 0xef, 0xea, 0x40, 0x00, 0x7f, 0xff, 0xff, 0xff, 0x80, 0x4f, 0xf9,
    0x20, 0x29, 0xff, 0x4a, 0xfc, 0x00, 0x00, 0x0c, 0xfa, 0xef, 0x80, 0x00, 0x00, 0x8f, 0xff, 0xf8,
    0x00, 0x00, 0x08, 0xff, 0xff, 0xff, 0xff, 0xff, 0xff, 0xff, 0xfd, 0xbb, 0xbb, 0xbb, 0xbb, 0xff,
    0x80, 0x00, 0x00, 0x00, 0x0f, 0xf8, 0x00, 0x00, 0x00, 0x00, 0xbf, 0xb0, 0x00, 0x00, 0x68, 0x66,
    0xff, 0x80, 0x00, 0x6f, 0xf9, 0x0a, 0xff, 0xfb, 0xff, 0xfc, 0x10, 0x08, 0xef, 0xff, 0xe9, 0x10,
    0x00, 0x00, 0x34, 0x40, 0x00, 0x00, 0x02, 0x84, 0x00, 0x04, 0x82, 0x00, 0xdf, 0xf3, 0x03, 0xff,
    0xd0, 0x0e, 0xff, 0x40, 0x4f, 0xfe, 0x00, 0x6b, 0x90, 0x00, 0x9b, 0x60, 0x00, 0x00, 0x00, 0x00,
    0x00, 0x00, 0x00, 0x00, 0x00, 0x00, 0x00, 0x00, 0x4a, 0xef, 0xea, 0x40, 0x00, 0x7f, 0xff, 0xff,
    0xff, 0x80, 0x4f, 0xf9, 0x20, 0x29, 0xff, 0x4a, 0xfc, 0x00, 0x00, 0x0c, 0xfa, 0xef, 0x80, 0x00,
    0x00, 0x8f, 0xff, 0xf8, 0x00, 0x00, 0x08, 0xff, 0xff, 0xff, 0xff, 0xff, 0xff, 0xff, 0xfd, 0xbb,
    0xbb, 0xbb, 0xbb, 0xff, 0x80, 0x00, 0x00, 0x00, 0x0f, 0xf8, 0x00, 0x00, 0x00, 0x00, 0xbf, 0xb0,
    0x00, 0x00, 0x68, 0x66, 0xff, 0x80, 0x00, 0x6f, 0xf9, 0x0a, 0xff, 0xfb, 0xff, 0xfc, 0x10, 0x08,
    0xef, 0xff, 0xe9, 0x10, 0x00, 0x00, 0x34, 0x40, 0x00, 0x00, 0x00, 0x8b, 0xa1, 0x00, 0x00, 0x00,
    0x00, 0x1e, 0xfa, 0x00, 0x00, 0x00, 0x00, 0x03, 0xef, 0x80, 0x00, 0x00, 0x00, 0x00, 0x6b, 0xb2,
    0x00, 0x00, 0x00, 0x00, 0x00, 0x00, 0x00, 0x00, 0x00, 0x00, 0x00, 0x00, 0x00, 0x00, 0x6b, 0xbb,
    0xbb, 0xb3, 0x00, 0x00, 0x8f, 0xff, 0xff, 0xf4, 0x00, 0x00, 0x48, 0x88, 0x8f, 0xf4, 0x00, 0x00,
    0x00, 0x00, 0x0f, 0xf4, 0x00, 0x00, 0x00, 0x00, 0x0f, 0xf4, 0x00, 0x00, 0x00, 0x00, 0x0f, 0xf4,
    0x00, 0x00, 0x00, 0x00, 0x0f, 0xf4, 0x00, 0x00, 0x00, 0x00, 0x0f, 0xf4, 0x00, 0x00, 0x00, 0x00,
    0x0f, 0xf4, 0x00, 0x00, 0x00, 0x00, 0x0f, 0xf4, 0x00, 0x00, 0x00, 0x00, 0x0f, 0xf4, 0x00, 0x00,
    0x44, 0x44, 0x4f, 0xf7, 0x44, 0x44, 0xff, 0xff, 0xff, 0xff, 0xff, 0xff, 0xff, 0xff, 0xff, 0xff,
    0xff, 0xff, 0x00, 0x00, 0x00, 0x3b, 0xb6, 0x00, 0x00, 0x00, 0x01, 0xcf, 0xb0, 0x00, 0x00, 0x00,
    0x09, 0xfd, 0x10, 0x00, 0x00, 0x00, 0x3b, 0xb3, 0x00, 0x00, 0x00, 0x00, 0x00, 0x00, 0x00, 0x00,
    0x00, 0x00, 0x00, 0x00, 0x00, 0x00, 0x6b, 0xbb, 0xbb, 0xb3, 0x00, 0x00, 0x8f, 0xff, 0xff, 0xf4,
    0x00, 0x00, 0x48, 0x88, 0x8f, 0xf4, 0x00, 0x00, 0x00, 0x00, 0x0f, 0xf4, 0x00, 0x00, 0x00, 0x00,
    0x0f, 0xf4, 0x00, 0x00, 0x00, 0x00, 0x0f, 0xf4, 0x00, 0x00, 0x00, 0x00, 0x0f, 0xf4, 0x00, 0x00,
    0x00, 0x00, 0x0f, 0xf4, 0x00, 0x00, 0x00, 0x00, 0x0f, 0xf4, 0x00, 0x00, 0x00, 0x00, 0x0f, 0xf4,
    0x00, 0x00, 0x00, 0x00, 0x0f, 0xf4, 0x00, 0x00, 0x44, 0x44, 0x4f, 0xf7, 0x44, 0x44, 0xff, 0xff,
    0xff, 0xff, 0xff, 0xff, 0xff, 0xff, 0xff, 0xff, 0xff, 0xff, 0x00, 0x00, 0x6b, 0xb3, 0x00, 0x00,
    0x00, 0x06, 0xff, 0xfe, 0x30, 0x00, 0x00, 0x6f, 0xf6, 0x9f, 0xe3, 0x00, 0x03, 0xbb, 0x60, 0x07,
    0xba, 0x10, 0x00, 0x00, 0x00, 0x00, 0x00, 0x00, 0x00, 0x00, 0x00, 0x00, 0x00, 0x00, 0x6b, 0xbb,
    0xbb, 0xb3, 0x00, 0x00, 0x8f, 0xff, 0xff, 0xf4, 0x00, 0x00, 0x48, 0x88, 0x8f, 0xf4, 0x00, 0x00,
    0x00, 0x00, 0x0f, 0xf4, 0x00, 0x00, 0x00, 0x00, 0x0f, 0xf4, 0x00, 0x00, 0x00, 0x00, 0x0f, 0xf4,
    0x00, 0x00, 0x00, 0x00, 0x0f, 0xf4, 0x00, 0x00, 0x00, 0x00, 0x0f, 0xf4, 0x00, 0x00, 0x00, 0x00,
    0x0f, 0xf4, 0x00, 0x00, 0x00, 0x00, 0x0f, 0xf4, 0x00, 0x00, 0x00, 0x00, 0x0f, 0xf4, 0x00, 0x00,
    0x44, 0x44, 0x4f, 0xf7, 0x44, 0x44, 0xff, 0xff, 0xff, 0xff, 0xff, 0xff, 0xff, 0xff, 0xff, 0xff,
    0xff, 0xff, 0x00, 0x67, 0x10, 0x02, 0x84, 0x00, 0x07, 0xff, 0x90, 0x0c, 0xff, 0x30, 0x08, 0xff,
    0xb0, 0x0e, 0xff, 0x40, 0x02, 0xab, 0x30, 0x06, 0xb9, 0x10, 0x00, 0x00, 0x00, 0x00, 0x00, 0x00,
    0x00, 0x00, 0x00, 0x00, 0x00, 0x00, 0x6b, 0xbb, 0xbb, 0xb3, 0x00, 0x00, 0x8f, 0xff, 0xff, 0xf4,
    0x00, 0x00, 0x48, 0x88, 0x8f, 0xf4, 0x00, 0x00, 0x00, 0x00, 0x0f, 0xf4, 0x00, 0x00, 0x00, 0x00,
    0x0f, 0xf4, 0x00, 0x00, 0x00, 0x00, 0x0f, 0xf4, 0x00, 0x00, 0x00, 0x00, 0x0f, 0xf4, 0x00, 0x00,
    0x00, 0x00, 0x0f, 0xf4, 0x00, 0x00, 0x00, 0x00, 0x0f, 0xf4, 0x00, 0x00, 0x00, 0x00, 0x0f, 0xf4,
    0x00, 0x00, 0x00, 0x00, 0x0f, 0xf4, 0x00, 0x00, 0x44, 0x44, 0x4f, 0xf7, 0x44, 0x44, 0xff, 0xff,
    0xff, 0xff, 0xff, 0xff, 0xff, 0xff, 0xff, 0xff, 0xff, 0xff, 0x00, 0x04, 0x44, 0x00, 0x00, 0x40,
    0x00, 0x00, 0x7f, 0xf5, 0x18, 0xdb, 0x00, 0x00, 0x00, 0xbf, 0xee, 0xff, 0x90, 0x00, 0x00, 0x4a,
    0xff, 0xf9, 0x30, 0x00, 0x02, 0xbf, 0xfe, 0xff, 0x80, 0x00, 0x00, 0x4f, 0xd6, 0x18, 0xff, 0x30,
    0x00, 0x02, 0x50, 0x00, 0x0c, 0xfc, 0x10, 0x00, 0x00, 0x00, 0x00, 0x3e, 0xf8, 0x00, 0x00, 0x18,
    0xcf, 0xe9, 0x8f, 0xf2, 0x00, 0x1c, 0xff, 0xff, 0xfc, 0xff, 0x80, 0x09, 0xff, 0xa3, 0x03, 0xaf,
    0xfd, 0x01, 0xff, 0xa0, 0x00, 0x00, 0xaf, 0xf3, 0x4f, 0xf4, 0x00, 0x00, 0x04, 0xff, 0x44, 0xff,
    0x40, 0x00, 0x00, 0x0f, 0xf4, 0x4f, 0xf4, 0x00, 0x00, 0x04, 0xff, 0x41, 0xff, 0x90, 0x00, 0x00,
    0x9f, 0xf1, 0x09, 0xff, 0x81, 0x01, 0x8f, 0xf8, 0x00, 0x1c, 0xff, 0xff, 0xff, 0xfc, 0x10, 0x00,
    0x18, 0xef, 0xff, 0xe8, 0x10, 0x00, 0x00, 0x00, 0x24, 0x20, 0x00, 0x00, 0x00, 0x28, 0x82, 0x00,
    0x86, 0x00, 0x2e, 0xff, 0xe3, 0x1f, 0xb0, 0x07, 0xf7, 0x4e, 0xfd, 0xf7, 0x00, 0x6b, 0x30, 0x3a,
    0xb8, 0x00, 0x00, 0x00, 0x00, 0x00, 0x00, 0x00, 0x00, 0x00, 0x00, 0x00, 0x00, 0x8b, 0x81, 0x9e,
    0xfd, 0x81, 0x0b, 0xfb, 0xcf, 0xff, 0xff, 0xc0, 0xbf, 0xfc, 0x51, 0x4c, 0xff, 0x6b, 0xff, 0x20,
    0x00, 0x1e, 0xfb, 0xbf, 0xb0, 0x00, 0x00, 0xbf, 0xbb, 0xfb, 0x00, 0x00, 0x0b, 0xfb, 0xbf, 0xb0,
    0x00, 0x00, 0xbf, 0xbb, 0xfb, 0x00, 0x00, 0x0b, 0xfb, 0xbf, 0xb0, 0x00, 0x00, 0xbf, 0xbb, 0xfb,
    0x00, 0x00, 0x0b, 0xfb, 0xbf, 0xb0, 0x00, 0x00, 0xbf, 0xbb, 0xfb, 0x00, 0x00, 0x0b, 0xfb, 0xbf,
    0xb0, 0x00, 0x00, 0xbf, 0xbb, 0xfb, 0x00, 0x00, 0x0b, 0xfb, 0x01, 0xbb, 0x70, 0x00, 0x00, 0x00,
    0x06, 0xff, 0x50, 0x00, 0x00, 0x00, 0x09, 0xfe, 0x20, 0x00, 0x00, 0x00, 0x09, 0xb8, 0x00, 0x00,
    0x00, 0x00, 0x00, 0x00, 0x00, 0x00, 0x00, 0x00, 0x00, 0x00, 0x00, 0x00, 0x4a, 0xdf, 0xda, 0x40,
    0x00, 0x7f, 0xff, 0xff, 0xff, 0x70, 0x4f, 0xfc, 0x64, 0x6c, 0xff, 0x4a, 0xfd, 0x10, 0x00, 0x1d,
    0xfa, 0xef, 0x80, 0x00, 0x00, 0x8f, 0xef, 0xf8, 0x00, 0x00, 0x08, 0xff, 0xff, 0x80, 0x00, 0x00,
    0x8f, 0xff, 0xf8, 0x00, 0x00, 0x08, 0xff, 0xff, 0x80, 0x00, 0x00, 0x8f, 0xff, 0xf8, 0x00, 0x00,
    0x08, 0xff, 0xbf, 0xc0, 0x00, 0x00, 0xcf, 0xb6, 0xff, 0x92, 0x02, 0x9f, 0xf6, 0x0a, 0xff, 0xff,
    0xff, 0xfa, 0x00, 0x08, 0xef, 0xff, 0xe8, 0x00, 0x00, 0x00, 0x24, 0x20, 0x00, 0x00, 0x00, 0x00,
    0x00, 0x7b, 0xa1, 0x00, 0x00, 0x00, 0x4f, 0xf6, 0x00, 0x00, 0x00, 0x1e, 0xf8, 0x00, 0x00, 0x00,
    0x08, 0xb9, 0x00, 0x00, 0x00, 0x00, 0x00, 0x00, 0x00, 0x00, 0x00, 0x00, 0x00, 0x00, 0x00, 0x00,
    0x4a, 0xdf, 0xda, 0x40, 0x00, 0x7f, 0xff, 0xff, 0xff, 0x70, 0x4f, 0xfc, 0x64, 0x6c, 0xff, 0x4a,
    0xfd, 0x10, 0x00, 0x1d, 0xfa, 0xef, 0x80, 0x00, 0x00, 0x8f, 0xef, 0xf8, 0x00, 0x00, 0x08, 0xff,
    0xff, 0x80, 0x00, 0x00, 0x8f, 0xff, 0xf8, 0x00, 0x00, 0x08, 0xff, 0xff, 0x80, 0x00, 0x00, 0x8f,
    0xff, 0xf8, 0x00, 0x00, 0x08, 0xff, 0xbf, 0xc0, 0x00, 0x00, 0xcf, 0xb6, 0xff, 0x92, 0x02, 0x9f,
    0xf6, 0x0a, 0xff, 0xff, 0xff, 0xfa, 0x00, 0x08, 0xef, 0xff, 0xe8, 0x00, 0x00, 0x00, 0x24, 0x20,
    0x00, 0x00, 0x00, 0x01, 0xab, 0x80, 0x00, 0x00, 0x01, 0xcf, 0xff, 0x90, 0x00, 0x01, 0xcf, 0xc2,
    0xcf, 0x90, 0x00, 0x8b, 0xa1, 0x01, 0xab, 0x60, 0x00, 0x00, 0x00, 0x00, 0x00, 0x00, 0x00, 0x00,
    0x00, 0x00, 0x00, 0x00, 0x4a, 0xdf, 0xda, 0x40, 0x00, 0x7f, 0xff, 0xff, 0xff, 0x70, 0x4f, 0xfc,
    0x64, 0x6c, 0xff, 0x4a, 0xfd, 0x10, 0x00, 0x1d, 0xfa, 0xef, 0x80, 0x00, 0x00, 0x8f, 0xef, 0xf8,
    0x00, 0x00, 0x08, 0xff, 0xff, 0x80, 0x00, 0x00, 0x8f, 0xff, 0xf8, 0x00, 0x00, 0x08, 0xff, 0xff,
    0x80, 0x00, 0x00, 0x8f, 0xff, 0xf8, 0x00, 0x00, 0x08, 0xff, 0xbf, 0xc0, 0x00, 0x00, 0xcf, 0xb6,
    0xff, 0x92, 0x02, 0x9f, 0xf6, 0x0a, 0xff, 0xff, 0xff, 0xfa, 0x00, 0x08, 0xef, 0xff, 0xe8, 0x00,
    0x00, 0x00, 0x24, 0x20, 0x00, 0x00, 0x00, 0x48, 0x71, 0x02, 0x84, 0x00, 0x4f, 0xff, 0xc1, 0x4f,
    0x80, 0x08, 0xf6, 0x4e, 0xee, 0xf6, 0x00, 0x6b, 0x00, 0x3a, 0xb8, 0x00, 0x00, 0x00, 0x00, 0x00,
    0x00, 0x00, 0x00, 0x00, 0x00, 0x00, 0x00, 0x00, 0x4a, 0xdf, 0xda, 0x40, 0x00, 0x7f, 0xff, 0xff,
    0xff, 0x70, 0x4f, 0xfc, 0x64, 0x6c, 0xff, 0x4a, 0xfd, 0x10, 0x00, 0x1d, 0xfa, 0xef, 0x80, 0x00,
    0x00, 0x8f, 0xef, 0xf8, 0x00, 0x00, 0x08, 0xff, 0xff, 0x80, 0x00, 0x00, 0x8f, 0xff, 0xf8, 0x00,
    0x00, 0x08, 0xff, 0xff, 0x80, 0x00, 0x00, 0x8f, 0xff, 0xf8, 0x00, 0x00, 0x08, 0xff, 0xbf, 0xc0,
    0x00, 0x00, 0xcf, 0xb6, 0xff, 0x92, 0x02, 0x9f, 0xf6, 0x0a, 0xff, 0xff, 0xff, 0xfa, 0x00, 0x08,
    0xef, 0xff, 0xe8, 0x00, 0x00, 0x00, 0x24, 0x20, 0x00, 0x00, 0x02, 0x84, 0x00, 0x04, 0x82, 0x00,
    0xdf, 0xf3, 0x03, 0xff, 0xd0, 0x0e, 0xff, 0x40, 0x4f, 0xfe, 0x00, 0x6b, 0x90, 0x00, 0x9b, 0x60,
    0x00, 0x00, 0x00, 0x00, 0x00, 0x00, 0x00, 0x00, 0x00, 0x00, 0x00, 0x00, 0x4a, 0xdf, 0xda, 0x40,
    0x00, 0x7f, 0xff, 0xff, 0xff, 0x70, 0x4f, 0xfc, 0x64, 0x6c, 0xff, 0x4a, 0xfd, 0x10, 0x00, 0x1d,
    0xfa, 0xef, 0x80, 0x00, 0x00, 0x8f, 0xef, 0xf8, 0x00, 0x00, 0x08, 0xff, 0xff, 0x80, 0x00, 0x00,
    0x8f, 0xff, 0xf8, 0x00, 0x00, 0x08, 0xff, 0xff, 0x80, 0x00, 0x00, 0x8f, 0xff, 0xf8, 0x00, 0x00,
    0x08, 0xff, 0xbf, 0xc0, 0x00, 0x00, 0xcf, 0xb6, 0xff, 0x92, 0x02, 0x9f, 0xf6, 0x0a, 0xff, 0xff,
    0xff, 0xfa, 0x00, 0x08, 0xef, 0xff, 0xe8, 0x00, 0x00, 0x00, 0x24, 0x20, 0x00, 0x00, 0x00, 0x00,
    0x34, 0x30, 0x00, 0x00, 0x00, 0x5f, 0xff, 0x50, 0x00, 0x00, 0x0a, 0xff, 0xfa, 0x00, 0x00, 0x00,
    0x6f, 0xff, 0x60, 0x00, 0x00, 0x00, 0x48, 0x40, 0x00, 0x00, 0x00, 0x00, 0x00, 0x00, 0x00, 0x48,
    0x88, 0x88, 0x88, 0x88, 0x48, 0xff, 0xff, 0xff, 0xff, 0xf8, 0x6b, 0xbb, 0xbb, 0xbb, 0xbb, 0x60,
    0x00, 0x00, 0x00, 0x00, 0x00, 0x00, 0x00, 0x00, 0x00, 0x00, 0x00, 0x00, 0x3d, 0xfd, 0x30, 0x00,
    0x00, 0x09, 0xff, 0xf9, 0x00, 0x00, 0x00, 0x8f, 0xff, 0x80, 0x00, 0x00, 0x01, 0x8b, 0x81, 0x00,
    0x00, 0x00, 0x00, 0x00, 0x00, 0x00, 0x06, 0xba, 0x00, 0x00, 0x04, 0xae, 0xfe, 0xa6, 0xef, 0x40,
    0x00, 0x08, 0xff, 0xff, 0xff, 0xff, 0x80, 0x00, 0x04, 0xff, 0xc5, 0x45, 0xdf, 0xf4, 0x00, 0x00,
    0xaf, 0xd1, 0x00, 0x3f, 0xff, 0xa0, 0x00, 0x0c, 0xf8, 0x00, 0x1d, 0xfd, 0xfc, 0x00, 0x00, 0xff,
    0x80, 0x09, 0xfb, 0x8f, 0xf0, 0x00, 0x0f, 0xf8, 0x05, 0xfe, 0x18, 0xff, 0x00, 0x00, 0xff, 0x82,
    0xef, 0x50, 0x8f, 0xf0, 0x00, 0x0f, 0xf8, 0xbf, 0x90, 0x08, 0xff, 0x00, 0x00, 0xdf, 0xdf, 0xd1,
    0x00, 0x8f, 0xd0, 0x00, 0x0b, 0xff, 0xf3, 0x00, 0x0b, 0xfb, 0x00, 0x00, 0x6f, 0xfb, 0x10, 0x19,
    0xff, 0x60, 0x00, 0x08, 0xff, 0xff, 0xff, 0xff, 0xb0, 0x00, 0x04, 0xfe, 0x8e, 0xff, 0xfe, 0x80,
    0x00, 0x00, 0xab, 0x50, 0x04, 0x43, 0x00, 0x00, 0x00, 0x01, 0xbb, 0x70, 0x00, 0x00, 0x00, 0x06,
    0xff, 0x50, 0x00, 0x00, 0x00, 0x09, 0xfe, 0x20, 0x00, 0x00, 0x00, 0x09, 0xb8, 0x00, 0x00, 0x00,
    0x00, 0x00, 0x00, 0x00, 0x00, 0x00, 0x00, 0x00, 0x00, 0x00, 0x8b, 0x60, 0x00, 0x00, 0x8b, 0x8b,
    0xf8, 0x00, 0x00, 0x0b, 0xfb, 0xbf, 0x80, 0x00, 0x00, 0xbf, 0xbb, 0xf8, 0x00, 0x00, 0x0b, 0xfb,
    0xbf, 0x80, 0x00, 0x00, 0xbf, 0xbb, 0xf8, 0x00, 0x00, 0x0b, 0xfb, 0xbf, 0x80, 0x00, 0x00, 0xbf,
    0xbb, 0xf8, 0x00, 0x00, 0x0b, 0xfb, 0xbf, 0x80, 0x00, 0x00, 0xbf, 0xbb, 0xfb, 0x00, 0x00, 0x0b,
    0xfb, 0xaf, 0xd0, 0x00, 0x00, 0xdf, 0xa6, 0xff, 0x91, 0x01, 0x9f, 0xf6, 0x09, 0xff, 0xff, 0xff,
    0xf9, 0x00, 0x08, 0xef, 0xff, 0xe8, 0x00, 0x00, 0x00, 0x34, 0x30, 0x00, 0x00, 0x00, 0x00, 0x00,
    0x7b, 0xa1, 0x00, 0x00, 0x00, 0x4f, 0xf6, 0x00, 0x00, 0x00, 0x1e, 0xf8, 0x00, 0x00, 0x00, 0x08,
    0xb9, 0x00, 0x00, 0x00, 0x00, 0x00, 0x00, 0x00, 0x00, 0x00, 0x00, 0x00, 0x00, 0x00, 0x8b, 0x60,
    0x00, 0x00, 0x8b, 0x8b, 0xf8, 0x00, 0x00, 0x0b, 0xfb, 0xbf, 0x80, 0x00, 0x00, 0xbf, 0xbb, 0xf8,
    0x00, 0x00, 0x0b, 0xfb, 0xbf, 0x80, 0x00, 0x00, 0xbf, 0xbb, 0xf8, 0x00, 0x00, 0x0b, 0xfb, 0xbf,
    0x80, 0x00, 0x00, 0xbf, 0xbb, 0xf8, 0x00, 0x00, 0x0b, 0xfb, 0xbf, 0x80, 0x00, 0x00, 0xbf, 0xbb,
    0xfb, 0x00, 0x00, 0x0b, 0xfb, 0xaf, 0xd0, 0x00, 0x00, 0xdf, 0xa6, 0xff, 0x91, 0x01, 0x9f, 0xf6,
    0x09, 0xff, 0xff, 0xff, 0xf9, 0x00, 0x08, 0xef, 0xff, 0xe8, 0x00, 0x00, 0x00, 0x34, 0x30, 0x00,
    0x00, 0x00, 0x01, 0xab, 0x80, 0x00, 0x00, 0x01, 0xcf, 0xff, 0x90, 0x00, 0x01, 0xcf, 0xc2, 0xcf,
    0x90, 0x00, 0x8b, 0xa1, 0x01, 0xab, 0x60, 0x00, 0x00, 0x00, 0x00, 0x00, 0x00, 0x00, 0x00, 0x00,
    0x00, 0x00, 0x8b, 0x60, 0x00, 0x00, 0x8b, 0x8b, 0xf8, 0x00, 0x00, 0x0b, 0xfb, 0xbf, 0x80, 0x00,
    0x00, 0xbf, 0xbb, 0xf8, 0x00, 0x00, 0x0b, 0xfb, 0xbf, 0x80, 0x00, 0x00, 0xbf, 0xbb, 0xf8, 0x00,
    0x00, 0x0b, 0xfb, 0xbf, 0x80, 0x00, 0x00, 0xbf, 0xbb, 0xf8, 0x00, 0x00, 0x0b, 0xfb, 0xbf, 0x80,
    0x00, 0x00, 0xbf, 0xbb, 0xfb, 0x00, 0x00, 0x0b, 0xfb, 0xaf, 0xd0, 0x00, 0x00, 0xdf, 0xa6, 0xff,
    0x91, 0x01, 0x9f, 0xf6, 0x09, 0xff, 0xff, 0xff, 0xf9, 0x00, 0x08, 0xef, 0xff, 0xe8, 0x00, 0x00,
    0x00, 0x34, 0x30, 0x00, 0x00, 0x02, 0x84, 0x00, 0x04, 0x82, 0x00, 0xdf, 0xf3, 0x03, 0xff, 0xd0,
    0x0e, 0xff, 0x40, 0x4f, 0xfe, 0x00, 0x6b, 0x90, 0x00, 0x9b, 0x60, 0x00, 0x00, 0x00, 0x00, 0x00,
    0x00, 0x00, 0x00, 0x00, 0x00, 0x00, 0x8b, 0x60, 0x00, 0x00, 0x8b, 0x8b, 0xf8, 0x00, 0x00, 0x0b,
    0xfb, 0xbf, 0x80, 0x00, 0x00, 0xbf, 0xbb, 0xf8, 0x00, 0x00, 0x0b, 0xfb, 0xbf, 0x80, 0x00, 0x00,
    0xbf, 0xbb, 0xf8, 0x00, 0x00, 0x0b, 0xfb, 0xbf, 0x80, 0x00, 0x00, 0xbf, 0xbb, 0xf8, 0x00, 0x00,
    0x0b, 0xfb, 0xbf, 0x80, 0x00, 0x00, 0xbf, 0xbb, 0xfb, 0x00, 0x00, 0x0b, 0xfb, 0xaf, 0xd0, 0x00,
    0x00, 0xdf, 0xa6, 0xff, 0x91, 0x01, 0x9f, 0xf6, 0x09, 0xff, 0xff, 0xff, 0xf9, 0x00, 0x08, 0xef,
    0xff, 0xe8, 0x00, 0x00, 0x00, 0x34, 0x30, 0x00, 0x00, 0x00, 0x00, 0x00, 0x07, 0xba, 0x10, 0x00,
    0x00, 0x00, 0x04, 0xff, 0x60, 0x00, 0x00, 0x00, 0x01, 0xef, 0x80, 0x00, 0x00, 0x00, 0x00, 0x8b,
    0x90, 0x00, 0x00, 0x00, 0x00, 0x00, 0x00, 0x00, 0x00, 0x00, 0x00, 0x00, 0x00, 0x00, 0x00, 0x00,
    0x7b, 0xb0, 0x00, 0x00, 0x00, 0xbb, 0x84, 0xff, 0x60, 0x00, 0x00, 0x5f, 0xf5, 0x0d, 0xfb, 0x00,
    0x00, 0x09, 0xfe, 0x00, 0x7f, 0xf2, 0x00, 0x01, 0xef, 0x80, 0x01, 0xff, 0x80, 0x00, 0x6f, 0xf3,
    0x00, 0x09, 0xfd, 0x00, 0x0a, 0xfc, 0x00, 0x00, 0x4f, 0xf4, 0x01, 0xff, 0x70, 0x00, 0x00, 0xdf,
    0x90, 0x6f, 0xf1, 0x00, 0x00, 0x08, 0xff, 0x1c, 0xfa, 0x00, 0x00, 0x00, 0x2f, 0xf8, 0xff, 0x50,
    0x00, 0x00, 0x00, 0xaf, 0xdf, 0xe0, 0x00, 0x00, 0x00, 0x05, 0xff, 0xf8, 0x00, 0x00, 0x00, 0x00,
    0x0d, 0xff, 0x30, 0x00, 0x00, 0x00, 0x00, 0xcf, 0xc0, 0x00, 0x00, 0x00, 0x00, 0x2f, 0xf7, 0x00,
    0x00, 0x00, 0x00, 0x08, 0xff, 0x10, 0x00, 0x00, 0x00, 0x00, 0xdf, 0xa0, 0x00, 0x00, 0x00, 0x00,
    0x4f, 0xf5, 0x00, 0x00, 0x00, 0x00, 0x04, 0x88, 0x00, 0x00, 0x00, 0x00, 0x44, 0x20, 0x00, 0x00,
    0x00, 0x0f, 0xf8, 0x00, 0x00, 0x00, 0x00, 0xff, 0x80, 0x00, 0x00, 0x00, 0x0f, 0xf8, 0x00, 0x00,
    0x00, 0x00, 0xff, 0x80, 0x00, 0x00, 0x00, 0x0f, 0xf8, 0x19, 0xef, 0xd8, 0x00, 0xff, 0x8c, 0xff,
    0xff, 0xf9, 0x0f, 0xfd, 0xc5, 0x45, 0xcf, 0xf4, 0xff, 0xe1, 0x00, 0x01, 0xef, 0x9f, 0xf9, 0x00,
    0x00, 0x0b, 0xfb, 0xff, 0x80, 0x00, 0x00, 0xbf, 0xbf, 0xf8, 0x00, 0x00, 0x0b, 0xfb, 0xff, 0x80,
    0x00, 0x00, 0xbf, 0xbf, 0xf8, 0x00, 0x00, 0x0b, 0xfb, 0xff, 0x80, 0x00, 0x00, 0xbf, 0xbf, 0xfd,
    0x00, 0x00, 0x0d, 0xfa, 0xff, 0xe9, 0x10, 0x19, 0xff, 0x6f, 0xf8, 0xef, 0xff, 0xff, 0xc0, 0xff,
    0x83, 0xdf, 0xff, 0xb1, 0x0f, 0xf8, 0x00, 0x34, 0x20, 0x00, 0xff, 0x80, 0x00, 0x00, 0x00, 0x0f,
    0xf8, 0x00, 0x00, 0x00, 0x00, 0xff, 0x80, 0x00, 0x00, 0x00, 0x04, 0x42, 0x00, 0x00, 0x00, 0x00,
    0x00, 0x28, 0x40, 0x00, 0x48, 0x20, 0x00, 0x0d, 0xff, 0x30, 0x3f, 0xfd, 0x00, 0x00, 0xef, 0xf4,
    0x04, 0xff, 0xe0, 0x00, 0x06, 0xb9, 0x00, 0x09, 0xb6, 0x00, 0x00, 0x00, 0x00, 0x00, 0x00, 0x00,
    0x00, 0x00, 0x00, 0x00, 0x00, 0x00, 0x00, 0x7b, 0xb0, 0x00, 0x00, 0x00, 0xbb, 0x84, 0xff, 0x60,
    0x00, 0x00, 0x5f, 0xf5, 0x0d, 0xfb, 0x00, 0x00, 0x09, 0xfe, 0x00, 0x7f, 0xf2, 0x00, 0x01, 0xef,
    0x80, 0x01, 0xff, 0x80, 0x00, 0x6f, 0xf3, 0x00, 0x09, 0xfd, 0x00, 0x0a, 0xfc, 0x00, 0x00, 0x4f,
    0xf4, 0x01, 0xff, 0x70, 0x00, 0x00, 0xdf, 0x90, 0x6f, 0xf1, 0x00, 0x00, 0x08, 0xff, 0x1c, 0xfa,
    0x00, 0x00, 0x00, 0x2f, 0xf8, 0xff, 0x50, 0x00, 0x00, 0x00, 0xaf, 0xdf, 0xe0, 0x00, 0x00, 0x00,
    0x05, 0xff, 0xf8, 0x00, 0x00, 0x00, 0x00, 0x0d, 0xff, 0x30, 0x00, 0x00, 0x00, 0x00, 0xcf, 0xc0,
    0x00, 0x00, 0x00, 0x00, 0x2f, 0xf7, 0x00, 0x00, 0x00, 0x00, 0x08, 0xff, 0x10, 0x00, 0x00, 0x00,
    0x00, 0xdf, 0xa0, 0x00, 0x00, 0x00, 0x00, 0x4f, 0xf5, 0x00, 0x00, 0x00, 0x00, 0x04, 0x88, 0x00,
    0x00, 0x00, 0x00, 0x00, 0x8f, 0xff, 0xff, 0xff, 0x80, 0x00, 0x08, 0xff, 0xff, 0xff, 0xf8, 0x00,
    0x00, 0x00, 0x00, 0x00, 0x00, 0x00, 0x00, 0x00, 0x00, 0x00, 0x00, 0x00, 0x00, 0x00, 0x00, 0x14,
    0x44, 0x10, 0x00, 0x00, 0x00, 0x05, 0xff, 0xf6, 0x00, 0x00, 0x00, 0x00, 0x8f, 0xff, 0x90, 0x00,
    0x00, 0x00, 0x0c, 0xfb, 0xfd, 0x00, 0x00, 0x00, 0x02, 0xff, 0x6f, 0xf2, 0x00, 0x00, 0x00, 0x6f,
    0xe0, 0xef, 0x60, 0x00, 0x00, 0x09, 0xfa, 0x0a, 0xf9, 0x00, 0x00, 0x00, 0xdf, 0x70, 0x7f, 0xd0,
    0x00, 0x00, 0x2f, 0xf4, 0x03, 0xff, 0x20, 0x00, 0x06, 0xff, 0x00, 0x0f, 0xf6, 0x00, 0x00, 0x9f,
    0xb0, 0x00, 0xbf, 0xa0, 0x00, 0x0e, 0xf8, 0x00, 0x08, 0xfe, 0x00, 0x03, 0xff, 0xcb, 0xbb, 0xcf,
    0xf3, 0x00, 0x7f, 0xff, 0xff, 0xff, 0xff, 0x70, 0x0a, 0xfc, 0x44, 0x44, 0x4c, 0xfa, 0x00, 0xef,
    0x80, 0x00, 0x00, 0x8f, 0xe0, 0x3f, 0xf4, 0x00, 0x00, 0x04, 0xff, 0x37, 0xff, 0x10, 0x00, 0x00,
    0x1f, 0xf7, 0xaf, 0xc0, 0x00, 0x00, 0x00, 0xcf, 0xa0, 0x00, 0x6b, 0xbb, 0xbb, 0xbb, 0x80, 0x00,
    0x8f, 0xff, 0xff, 0xff, 0xb0, 0x00, 0x24, 0x44, 0x44, 0x44, 0x30, 0x00, 0x00, 0x00, 0x00, 0x00,
    0x00, 0x00, 0x00, 0x00, 0x00, 0x00, 0x00, 0x00, 0x06, 0xbf, 0xff, 0xb6, 0x00, 0x00, 0x9f, 0xff,
    0xff, 0xff, 0x90, 0x06, 0xff, 0x94, 0x04, 0xaf, 0xf6, 0x08, 0xb9, 0x00, 0x00, 0x0d, 0xfa, 0x00,
    0x00, 0x00, 0x00, 0x0b, 0xfb, 0x00, 0x01, 0x44, 0x44, 0x4c, 0xfb, 0x00, 0x8f, 0xff, 0xff, 0xff,
    0xfb, 0x09, 0xff, 0xa8, 0x88, 0x8d, 0xfb, 0x2f, 0xf8, 0x00, 0x00, 0x0b, 0xfb, 0x4f, 0xf4, 0x00,
    0x00, 0x0b, 0xfb, 0x4f, 0xf4, 0x00, 0x00, 0x0d, 0xfb, 0x2f, 0xfc, 0x10, 0x02, 0xaf, 0xfb, 0x08,
    0xff, 0xfc, 0xcf, 0xec, 0xfb, 0x00, 0x8e, 0xff, 0xfb, 0x3b, 0xfb, 0x00, 0x00, 0x44, 0x20, 0x00,
    0x00, 0x00, 0x6b, 0x50, 0x00, 0x5b, 0x60, 0x00, 0x06, 0xfb, 0x00, 0x0b, 0xf6, 0x00, 0x00, 0x0c,
    0xfd, 0xbd, 0xfc, 0x00, 0x00, 0x00, 0x18, 0xbf, 0xb8, 0x10, 0x00, 0x00, 0x00, 0x00, 0x00, 0x00,
    0x00, 0x00, 0x00, 0x01, 0x44, 0x41, 0x00, 0x00, 0x00, 0x00, 0x5f, 0xff, 0x60, 0x00, 0x00, 0x00,
    0x08, 0xff, 0xf9, 0x00, 0x00, 0x00, 0x00, 0xcf, 0xbf, 0xd0, 0x00, 0x00, 0x00, 0x2f, 0xf6, 0xff,
    0x20, 0x00, 0x00, 0x06, 0xfe, 0x0e, 0xf6, 0x00, 0x00, 0x00, 0x9f, 0xa0, 0xaf, 0x90, 0x00, 0x00,
    0x0d, 0xf7, 0x07, 0xfd, 0x00, 0x00, 0x02, 0xff, 0x40, 0x3f, 0xf2, 0x00, 0x00, 0x6f, 0xf0, 0x00,
    0xff, 0x60, 0x00, 0x09, 0xfb, 0x00, 0x0b, 0xfa, 0x00, 0x00, 0xef, 0x80, 0x00, 0x8f, 0xe0, 0x00,
    0x3f, 0xfc, 0xbb, 0xbc, 0xff, 0x30, 0x07, 0xff, 0xff, 0xff, 0xff, 0xf7, 0x00, 0xaf, 0xc4, 0x44,
    0x44, 0xcf, 0xa0, 0x0e, 0xf8, 0x00, 0x00, 0x08, 0xfe, 0x03, 0xff, 0x40, 0x00, 0x00, 0x4f, 0xf3,
    0x7f, 0xf1, 0x00, 0x00, 0x01, 0xff, 0x7a, 0xfc, 0x00, 0x00, 0x00, 0x0c, 0xfa, 0x00, 0x6b, 0x60,
    0x00, 0x3b, 0x80, 0x00, 0x5f, 0xb0, 0x00, 0x8f, 0x80, 0x00, 0x0c, 0xfd, 0x8b, 0xfe, 0x20, 0x00,
    0x01, 0x9e, 0xff, 0xa3, 0x00, 0x00, 0x00, 0x00, 0x00, 0x00, 0x00, 0x00, 0x00, 0x00, 0x00, 0x00,
    0x00, 0x00, 0x06, 0xbf, 0xff, 0xb6, 0x00, 0x00, 0x9f, 0xff, 0xff, 0xff, 0x90, 0x06, 0xff, 0x94,
    0x04, 0xaf, 0xf6, 0x08, 0xb9, 0x00, 0x00, 0x0d, 0xfa, 0x00, 0x00, 0x00, 0x00, 0x0b, 0xfb, 0x00,
    0x01, 0x44, 0x44, 0x4c, 0xfb, 0x00, 0x8f, 0xff, 0xff, 0xff, 0xfb, 0x09, 0xff, 0xa8, 0x88, 0x8d,
    0xfb, 0x2f, 0xf8, 0x00, 0x00, 0x0b, 0xfb, 0x4f, 0xf4, 0x00, 0x00, 0x0b, 0xfb, 0x4f, 0xf4, 0x00,
    0x00, 0x0d, 0xfb, 0x2f, 0xfc, 0x10, 0x02, 0xaf, 0xfb, 0x08, 0xff, 0xfc, 0xcf, 0xec, 0xfb, 0x00,
    0x8e, 0xff, 0xfb, 0x3b, 0xfb, 0x00, 0x00, 0x44, 0x20, 0x00, 0x00, 0x00, 0x00, 0x14, 0x44, 0x10,
    0x00, 0x00, 0x00, 0x00, 0x5f, 0xff, 0x60, 0x00, 0x00, 0x00, 0x00, 0x8f, 0xff, 0x90, 0x00, 0x00,
    0x00, 0x00, 0xcf, 0xbf, 0xd0, 0x00, 0x00, 0x00, 0x02, 0xff, 0x6f, 0xf2, 0x00, 0x00, 0x00, 0x06,
    0xfe, 0x0e, 0xf6, 0x00, 0x00, 0x00, 0x09, 0xfa, 0x0a, 0xf9, 0x00, 0x00, 0x00, 0x0d, 0xf7, 0x07,
    0xfd, 0x00, 0x00, 0x00, 0x2f, 0xf4, 0x03, 0xff, 0x20, 0x00, 0x00, 0x6f, 0xf0, 0x00, 0xff, 0x60,
    0x00, 0x00, 0x9f, 0xb0, 0x00, 0xbf, 0xa0, 0x00, 0x00, 0xef, 0x80, 0x00, 0x8f, 0xe0, 0x00, 0x03,
    0xff, 0xcb, 0xbb, 0xcf, 0xf3, 0x00, 0x07, 0xff, 0xff, 0xff, 0xff, 0xf7, 0x00, 0x0a, 0xfc, 0x44,
    0x44, 0x4c, 0xfa, 0x00, 0x0e, 0xf8, 0x00, 0x00, 0x08, 0xfe, 0x00, 0x3f, 0xf4, 0x00, 0x00, 0x04,
    0xff, 0x30, 0x7f, 0xf1, 0x00, 0x00, 0x01, 0xff, 0x70, 0xaf, 0xc0, 0x00, 0x00, 0x00, 0xcf, 0xa0,
    0x00, 0x00, 0x00, 0x00, 0x06, 0xf9, 0x10, 0x00, 0x00, 0x00, 0x00, 0x4f, 0xd1, 0x00, 0x00, 0x00,
    0x00, 0x00, 0x8f, 0xb0, 0x00, 0x00, 0x00, 0x00, 0x00, 0x7f, 0xf9, 0x84, 0x00, 0x00, 0x00, 0x00,
    0x08, 0xff, 0xf8, 0x00, 0x00, 0x00, 0x00, 0x00, 0x04, 0x42, 0x00, 0x06, 0xbf, 0xff, 0xb6, 0x00,
    0x00, 0x00, 0x9f, 0xff, 0xff, 0xff, 0x90, 0x00, 0x06, 0xff, 0x94, 0x04, 0xaf, 0xf6, 0x00, 0x08,
    0xb9, 0x00, 0x00, 0x0d, 0xfa, 0x00, 0x00, 0x00, 0x00, 0x00, 0x0b, 0xfb, 0x00, 0x00, 0x01, 0x44,
    0x44, 0x4c, 0xfb, 0x00, 0x00, 0x8f, 0xff, 0xff, 0xff, 0xfb, 0x00, 0x09, 0xff, 0xa8, 0x88, 0x8d,
    0xfb, 0x00, 0x2f, 0xf8, 0x00, 0x00, 0x0b, 0xfb, 0x00, 0x4f, 0xf4, 0x00, 0x00, 0x0b, 0xfb, 0x00,
    0x4f, 0xf4, 0x00, 0x00, 0x0d, 0xfb, 0x00, 0x2f, 0xfc, 0x10, 0x02, 0xaf, 0xfb, 0x00, 0x08, 0xff,
    0xfc, 0xcf, 0xec, 0xfb, 0x00, 0x00, 0x8e, 0xff, 0xfb, 0x3b, 0xfb, 0x00, 0x00, 0x00, 0x44, 0x20,
    0x1b, 0xf6, 0x00, 0x00, 0x00, 0x00, 0x00, 0x8f, 0x80, 0x00, 0x00, 0x00, 0x00, 0x00, 0xff, 0x50,
    0x00, 0x00, 0x00, 0x00, 0x00, 0xdf, 0xd8, 0x80, 0x00, 0x00, 0x00, 0x00, 0x3d, 0xff, 0xf0, 0x00,
    0x00, 0x00, 0x00, 0x00, 0x24, 0x40, 0x00, 0x00, 0x00, 0x7b, 0xa1, 0x00, 0x00, 0x00, 0x04, 0xff,
    0x60, 0x00, 0x00, 0x00, 0x1e, 0xf8, 0x00, 0x00, 0x00, 0x00, 0x8b, 0x90, 0x00, 0x00, 0x00, 0x00,
    0x00, 0x00, 0x00, 0x00, 0x00, 0x02, 0x78, 0x84, 0x00, 0x00, 0x01, 0xaf, 0xff, 0xff, 0xd4, 0x00,
    0x0c, 0xff, 0xdb, 0xcf, 0xfe, 0x30, 0x6f, 0xf8, 0x00, 0x03, 0xef, 0xb0, 0xaf, 0xd0, 0x00, 0x00,
    0x8f, 0xf0, 0xbf, 0xb0, 0x00, 0x00, 0x3b, 0xb3, 0xbf, 0xb0, 0x00, 0x00, 0x00, 0x00, 0xbf, 0xb0,
    0x00, 0x00, 0x00, 0x00, 0xbf, 0xb0, 0x00, 0x00, 0x00, 0x00, 0xbf, 0xb0, 0x00, 0x00, 0x00, 0x00,
    0xbf, 0xb0, 0x00, 0x00, 0x00, 0x00, 0xbf, 0xb0, 0x00, 0x00, 0x00, 0x00, 0xbf, 0xb0, 0x00, 0x00,
    0x00, 0x00, 0xbf, 0xb0, 0x00, 0x00, 0x00, 0x00, 0xbf, 0xb0, 0x00, 0x00, 0x5f, 0xf3, 0x9f, 0xe1,
    0x00, 0x00, 0x9f, 0xf0, 0x4f, 0xfa, 0x20, 0x17, 0xff, 0x90, 0x09, 0xff, 0xff, 0xff, 0xfd, 0x10,
    0x00, 0x7d, 0xff, 0xff, 0x91, 0x00, 0x00, 0x00, 0x34, 0x40, 0x00, 0x00, 0x00, 0x00, 0x00, 0x5b,
    0xb3, 0x00, 0x00, 0x00, 0x02, 0xef, 0x80, 0x00, 0x00, 0x00, 0x0c, 0xfb, 0x00, 0x00, 0x00, 0x00,
    0x6b, 0xa1, 0x00, 0x00, 0x00, 0x00, 0x00, 0x00, 0x00, 0x00, 0x00, 0x00, 0x00, 0x00, 0x00, 0x00,
    0x00, 0x4a, 0xef, 0xfb, 0x60, 0x00, 0x06, 0xff, 0xff, 0xff, 0xfc, 0x10, 0x4f, 0xfd, 0x64, 0x4a,
    0xff, 0x80, 0x9f, 0xe1, 0x00, 0x00, 0xaf, 0xe0, 0xbf, 0xa0, 0x00, 0x00, 0x4b, 0xb2, 0xef, 0x80,
    0x00, 0x00, 0x00, 0x00, 0xff, 0x80, 0x00, 0x00, 0x00, 0x00, 0xff, 0x80, 0x00, 0x00, 0x00, 0x00,
    0xff, 0x80, 0x00, 0x00, 0x00, 0x00, 0xbf, 0x90, 0x00, 0x00, 0x28, 0x82, 0xaf, 0xd0, 0x00, 0x00,
    0x8f, 0xf0, 0x6f, 0xfa, 0x20, 0x07, 0xff, 0xa0, 0x09, 0xff, 0xff, 0xff, 0xfe, 0x20, 0x00, 0x8e,
    0xff, 0xff, 0x92, 0x00, 0x00, 0x00, 0x34, 0x40, 0x00, 0x00, 0x00, 0x01, 0xab, 0xa1, 0x00, 0x00,
    0x00, 0x1c, 0xfe, 0xfc, 0x10, 0x00, 0x01, 0xcf, 0xc1, 0x9f, 0xc1, 0x00, 0x08, 0xba, 0x10, 0x08,
    0xb8, 0x00, 0x00, 0x00, 0x00, 0x00, 0x00, 0x00, 0x00, 0x02, 0x78, 0x84, 0x00, 0x00, 0x01, 0xaf,
    0xff, 0xff, 0xd4, 0x00, 0x0c, 0xff, 0xdb, 0xcf, 0xfe, 0x30, 0x6f, 0xf8, 0x00, 0x03, 0xef, 0xb0,
    0xaf, 0xd0, 0x00, 0x00, 0x8f, 0xf0, 0xbf, 0xb0, 0x00, 0x00, 0x3b, 0xb3, 0xbf, 0xb0, 0x00, 0x00,
    0x00, 0x00, 0xbf, 0xb0, 0x00, 0x00, 0x00, 0x00, 0xbf, 0xb0, 0x00, 0x00, 0x00, 0x00, 0xbf, 0xb0,
    0x00, 0x00, 0x00, 0x00, 0xbf, 0xb0, 0x00, 0x00, 0x00, 0x00, 0xbf, 0xb0, 0x00, 0x00, 0x00, 0x00,
    0xbf, 0xb0, 0x00, 0x00, 0x00, 0x00, 0xbf, 0xb0, 0x00, 0x00, 0x00, 0x00, 0xbf, 0xb0, 0x00, 0x00,
    0x5f, 0xf3, 0x9f, 0xe1, 0x00, 0x00, 0x9f, 0xf0, 0x4f, 0xfa, 0x20, 0x17, 0xff, 0x90, 0x09, 0xff,
    0xff, 0xff, 0xfd, 0x10, 0x00, 0x7d, 0xff, 0xff, 0x91, 0x00, 0x00, 0x00, 0x34, 0x40, 0x00, 0x00,
    0x00, 0x00, 0x8b, 0xa1, 0x00, 0x00, 0x00, 0x09, 0xff, 0xfc, 0x10, 0x00, 0x00, 0x9f, 0xe3, 0x9f,
    0xc1, 0x00, 0x06, 0xbb, 0x30, 0x08, 0xb8, 0x00, 0x00, 0x00, 0x00, 0x00, 0x00, 0x00, 0x00, 0x00,
    0x00, 0x00, 0x00, 0x00, 0x00, 0x4a, 0xef, 0xfb, 0x60, 0x00, 0x06, 0xff, 0xff, 0xff, 0xfc, 0x10,
    0x4f, 0xfd, 0x64, 0x4a, 0xff, 0x80, 0x9f, 0xe1, 0x00, 0x00, 0xaf, 0xe0, 0xbf, 0xa0, 0x00, 0x00,
    0x4b, 0xb2, 0xef, 0x80, 0x00, 0x00, 0x00, 0x00, 0xff, 0x80, 0x00, 0x00, 0x00, 0x00, 0xff, 0x80,
    0x00, 0x00, 0x00, 0x00, 0xff, 0x80, 0x00, 0x00, 0x00, 0x00, 0xbf, 0x90, 0x00, 0x00, 0x28, 0x82,
    0xaf, 0xd0, 0x00, 0x00, 0x8f, 0xf0, 0x6f, 0xfa, 0x20, 0x07, 0xff, 0xa0, 0x09, 0xff, 0xff, 0xff,
    0xfe, 0x20, 0x00, 0x8e, 0xff, 0xff, 0x92, 0x00, 0x00, 0x00, 0x34, 0x40, 0x00, 0x00, 0x00, 0x00,
    0x5a, 0x70, 0x00, 0x00, 0x00, 0x02, 0xff, 0xf6, 0x00, 0x00, 0x00, 0x02, 0xff, 0xf6, 0x00, 0x00,
    0x00, 0x00, 0x5a, 0x70, 0x00, 0x00, 0x00, 0x00, 0x00, 0x00, 0x00, 0x00, 0x00, 0x02, 0x78, 0x84,
    0x00, 0x00, 0x01, 0xaf, 0xff, 0xff, 0xd4, 0x00, 0x0c, 0xff, 0xdb, 0xcf, 0xfe, 0x30, 0x6f, 0xf8,
    0x00, 0x03, 0xef, 0xb0, 0xaf, 0xd0, 0x00, 0x00, 0x8f, 0xf0, 0xbf, 0xb0, 0x00, 0x00, 0x3b, 0xb3,
    0xbf, 0xb0, 0x00, 0x00, 0x00, 0x00, 0xbf, 0xb0, 0x00, 0x00, 0x00, 0x00, 0xbf, 0xb0, 0x00, 0x00,
    0x00, 0x00, 0xbf, 0xb0, 0x00, 0x00, 0x00, 0x00, 0xbf, 0xb0, 0x00, 0x00, 0x00, 0x00, 0xbf, 0xb0,
    0x00, 0x00, 0x00, 0x00, 0xbf, 0xb0, 0x00, 0x00, 0x00, 0x00, 0xbf, 0xb0, 0x00, 0x00, 0x00, 0x00,
    0xbf, 0xb0, 0x00, 0x00, 0x5f, 0xf3, 0x9f, 0xe1, 0x00, 0x00, 0x9f, 0xf0, 0x4f, 0xfa, 0x20, 0x17,
    0xff, 0x90, 0x09, 0xff, 0xff, 0xff, 0xfd, 0x10, 0x00, 0x7d, 0xff, 0xff, 0x91, 0x00, 0x00, 0x00,
    0x34, 0x40, 0x00, 0x00, 0x00, 0x00, 0x28, 0x60, 0x00, 0x00, 0x00, 0x00, 0xef, 0xf6, 0x00, 0x00,
    0x00, 0x02, 0xff, 0xf8, 0x00, 0x00, 0x00, 0x00, 0x8b, 0xa1, 0x00, 0x00, 0x00, 0x00, 0x00, 0x00,
    0x00, 0x00, 0x00, 0x00, 0x00, 0x00, 0x00, 0x00, 0x00, 0x4a, 0xef, 0xfb, 0x60, 0x00, 0x06, 0xff,
    0xff, 0xff, 0xfc, 0x10, 0x4f, 0xfd, 0x64, 0x4a, 0xff, 0x80, 0x9f, 0xe1, 0x00, 0x00, 0xaf, 0xe0,
    0xbf, 0xa0, 0x00, 0x00, 0x4b, 0xb2, 0xef, 0x80, 0x00, 0x00, 0x00, 0x00, 0xff, 0x80, 0x00, 0x00,
    0x00, 0x00, 0xff, 0x80, 0x00, 0x00, 0x00, 0x00, 0xff, 0x80, 0x00, 0x00, 0x00, 0x00, 0xbf, 0x90,
    0x00, 0x00, 0x28, 0x82, 0xaf, 0xd0, 0x00, 0x00, 0x8f, 0xf0, 0x6f, 0xfa, 0x20, 0x07, 0xff, 0xa0,
    0x09, 0xff, 0xff, 0xff, 0xfe, 0x20, 0x00, 0x8e, 0xff, 0xff, 0x92, 0x00, 0x00, 0x00, 0x34, 0x40,
    0x00, 0x00, 0x08, 0xba, 0x10, 0x08, 0xba, 0x10, 0x01, 0xcf, 0xc1, 0x9f, 0xe3, 0x00, 0x00, 0x1c,
    0xfe, 0xfe, 0x30, 0x00, 0x00, 0x01, 0xab, 0xb3, 0x00, 0x00, 0x00, 0x00, 0x00, 0x00, 0x00, 0x00,
    0x00, 0x02, 0x78, 0x84, 0x00, 0x00, 0x01, 0xaf, 0xff, 0xff, 0xd4, 0x00, 0x0c, 0xff, 0xdb, 0xcf,
    0xfe, 0x30, 0x6f, 0xf8, 0x00, 0x03, 0xef, 0xb0, 0xaf, 0xd0, 0x00, 0x00, 0x8f, 0xf0, 0xbf, 0xb0,
    0x00, 0x00, 0x3b, 0xb3, 0xbf, 0xb0, 0x00, 0x00, 0x00, 0x00, 0xbf, 0xb0, 0x00, 0x00, 0x00, 0x00,
    0xbf, 0xb0, 0x00, 0x00, 0x00, 0x00, 0xbf, 0xb0, 0x00, 0x00, 0x00, 0x00, 0xbf, 0xb0, 0x00, 0x00,
    0x00, 0x00, 0xbf, 0xb0, 0x00, 0x00, 0x00, 0x00, 0xbf, 0xb0, 0x00, 0x00, 0x00, 0x00, 0xbf, 0xb0,
    0x00, 0x00, 0x00, 0x00, 0xbf, 0xb0, 0x00, 0x00, 0x5f, 0xf3, 0x9f, 0xe1, 0x00, 0x00, 0x9f, 0xf0,
    0x4f, 0xfa, 0x20, 0x17, 0xff, 0x90, 0x09, 0xff, 0xff, 0xff, 0xfd, 0x10, 0x00, 0x7d, 0xff, 0xff,
    0x91, 0x00, 0x00, 0x00, 0x34, 0x40, 0x00, 0x00, 0x08, 0xba, 0x10, 0x06, 0xba, 0x10, 0x01, 0xcf,
    0xc1, 0x6f, 0xe3, 0x00, 0x00, 0x1c, 0xfd, 0xfe, 0x30, 0x00, 0x00, 0x01, 0xab, 0xb3, 0x00, 0x00,
    0x00, 0x00, 0x00, 0x00, 0x00, 0x00, 0x00, 0x00, 0x00, 0x00, 0x00, 0x00, 0x00, 0x4a, 0xef, 0xfb,
    0x60, 0x00, 0x06, 0xff, 0xff, 0xff, 0xfc, 0x10, 0x4f, 0xfd, 0x64, 0x4a, 0xff, 0x80, 0x9f, 0xe1,
    0x00, 0x00, 0xaf, 0xe0, 0xbf, 0xa0, 0x00, 0x00, 0x4b, 0xb2, 0xef, 0x80, 0x00, 0x00, 0x00, 0x00,
    0xff, 0x80, 0x00, 0x00, 0x00, 0x00, 0xff, 0x80, 0x00, 0x00, 0x00, 0x00, 0xff, 0x80, 0x00, 0x00,
    0x00, 0x00, 0xbf, 0x90, 0x00, 0x00, 0x28, 0x82, 0xaf, 0xd0, 0x00, 0x00, 0x8f, 0xf0, 0x6f, 0xfa,
    0x20, 0x07, 0xff, 0xa0, 0x09, 0xff, 0xff, 0xff, 0xfe, 0x20, 0x00, 0x8e, 0xff, 0xff, 0x92, 0x00,
    0x00, 0x00, 0x34, 0x40, 0x00, 0x00, 0x08, 0xba, 0x10, 0x1a, 0xb8, 0x00, 0x1c, 0xfc, 0x2c, 0xfc,
    0x10, 0x00, 0x1c, 0xff, 0xfc, 0x10, 0x00, 0x00, 0x1a, 0xba, 0x10, 0x00, 0x00, 0x00, 0x00, 0x00,
    0x00, 0x03, 0x44, 0x44, 0x42, 0x00, 0x00, 0xbf, 0xff, 0xff, 0xfd, 0x60, 0x0b, 0xff, 0xff, 0xff,
    0xff, 0x90, 0xbf, 0xb0, 0x00, 0x3c, 0xff, 0x4b, 0xfb, 0x00, 0x00, 0x1d, 0xfa, 0xbf, 0xb0, 0x00,
    0x00, 0x8f, 0xeb, 0xfb, 0x00, 0x00, 0x08, 0xff, 0xbf, 0xb0, 0x00, 0x00, 0x8f, 0xfb, 0xfb, 0x00,
    0x00, 0x08, 0xff, 0xbf, 0xb0, 0x00, 0x00, 0x8f, 0xfb, 0xfb, 0x00, 0x00, 0x08, 0xff, 0xbf, 0xb0,
    0x00, 0x00, 0x8f, 0xfb, 0xfb, 0x00, 0x00, 0x08, 0xff, 0xbf, 0xb0, 0x00, 0x00, 0x8f, 0xfb, 0xfb,
    0x00, 0x00, 0x09, 0xfd, 0xbf, 0xb0, 0x00, 0x03, 0xef, 0x9b, 0xfc, 0x44, 0x47, 0xef, 0xf2, 0xbf,
    0xff, 0xff, 0xff, 0xf6, 0x0b, 0xff, 0xff, 0xfd, 0x92, 0x00, 0x00, 0x00, 0x00, 0x00, 0x44, 0x10,
    0x44, 0x10, 0x00, 0x00, 0x00, 0x0f, 0xf4, 0x3f, 0xf0, 0x00, 0x00, 0x00, 0x00, 0xff, 0x44, 0xff,
    0x00, 0x00, 0x00, 0x00, 0x0f, 0xf4, 0x4f, 0xb0, 0x00, 0x00, 0x00, 0x00, 0xff, 0x47, 0xfb, 0x00,
    0x07, 0xdf, 0xe8, 0x0f, 0xf4, 0x24, 0x20, 0x08, 0xff, 0xff, 0xf8, 0xff, 0x40, 0x00, 0x01, 0xff,
    0xc5, 0x15, 0xcf, 0xf4, 0x00, 0x00, 0x6f, 0xf4, 0x00, 0x06, 0xff, 0x40, 0x00, 0x08, 0xff, 0x00,
    0x00, 0x2f, 0xf4, 0x00, 0x00, 0x8f, 0xf0, 0x00, 0x00, 0xff, 0x40, 0x00, 0x08, 0xff, 0x00, 0x00,
    0x0f, 0xf4, 0x00, 0x00, 0x8f, 0xf0, 0x00, 0x00, 0xff, 0x40, 0x00, 0x08, 0xff, 0x00, 0x00, 0x0f,
    0xf4, 0x00, 0x00, 0x8f, 0xf0, 0x00, 0x01, 0xff, 0x40, 0x00, 0x07, 0xff, 0x20, 0x00, 0x5f, 0xf4,
    0x00, 0x00, 0x2f, 0xfa, 0x10, 0x1b, 0xff, 0x40, 0x00, 0x00, 0xaf, 0xff, 0xcf, 0x9f, 0xf4, 0x00,
    0x00, 0x01, 0xaf, 0xff, 0xb1, 0xff, 0x40, 0x00, 0x00, 0x00, 0x24, 0x30, 0x00, 0x00, 0x00, 0x00,
    0x00, 0x34, 0x44, 0x44, 0x20, 0x00, 0x00, 0x0b, 0xff, 0xff, 0xff, 0xd6, 0x00, 0x00, 0xbf, 0xff,
    0xff, 0xff, 0xf9, 0x00, 0x0b, 0xfb, 0x00, 0x03, 0xcf, 0xf4, 0x00, 0xbf, 0xb0, 0x00, 0x01, 0xdf,
    0xa0, 0x0b, 0xfb, 0x00, 0x00, 0x08, 0xfe, 0x00, 0xbf, 0xb0, 0x00, 0x00, 0x8f, 0xf0, 0x0b, 0xfb,
    0x00, 0x00, 0x08, 0xff, 0x34, 0xcf, 0xc4, 0x41, 0x00, 0x8f, 0xfb, 0xff, 0xff, 0xff, 0x40, 0x08,
    0xff, 0x8b, 0xef, 0xeb, 0xb3, 0x00, 0x8f, 0xf0, 0x0b, 0xfb, 0x00, 0x00, 0x08, 0xff, 0x00, 0xbf,
    0xb0, 0x00, 0x00, 0x8f, 0xf0, 0x0b, 0xfb, 0x00, 0x00, 0x08, 0xff, 0x00, 0xbf, 0xb0, 0x00, 0x00,
    0x9f, 0xd0, 0x0b, 0xfb, 0x00, 0x00, 0x3e, 0xf9, 0x00, 0xbf, 0xc4, 0x44, 0x7e, 0xff, 0x20, 0x0b,
    0xff, 0xff, 0xff, 0xff, 0x60, 0x00, 0xbf, 0xff, 0xff, 0xd9, 0x20, 0x00, 0x00, 0x00, 0x00, 0x00,
    0x34, 0x30, 0x00, 0x00, 0x00, 0x00, 0x0b, 0xfb, 0x00, 0x00, 0x00, 0x34, 0x44, 0xcf, 0xc4, 0x40,
    0x00, 0x0b, 0xff, 0xff, 0xff, 0xff, 0x00, 0x00, 0x8b, 0xbb, 0xef, 0xeb, 0xb0, 0x00, 0x00, 0x00,
    0x0b, 0xfb, 0x00, 0x00, 0x16, 0x87, 0x20, 0xbf, 0xb0, 0x00, 0x6e, 0xff, 0xff, 0x6b, 0xfb, 0x00,
    0x2e, 0xff, 0xcb, 0xce, 0xcf, 0xb0, 0x08, 0xff, 0x60, 0x00, 0x7f, 0xfb, 0x00, 0xbf, 0xc0, 0x00,
    0x00, 0xdf, 0xb0, 0x0b, 0xfa, 0x00, 0x00, 0x0b, 0xfb, 0x00, 0xbf, 0x80, 0x00, 0x00, 0xbf, 0xb0,
    0x0b, 0xf8, 0x00, 0x00, 0x0b, 0xfb, 0x00, 0xbf, 0xb0, 0x00, 0x00, 0xbf, 0xb0, 0x0b, 0xfd, 0x00,
    0x00, 0x1e, 0xfb, 0x00, 0x7f, 0xf9, 0x10, 0x19, 0xff, 0xb0, 0x01, 0xdf, 0xff, 0xff, 0xdb, 0xfb,
    0x00, 0x02, 0xbf, 0xff, 0xd3, 0xbf, 0xb0, 0x00, 0x00, 0x24, 0x30, 0x00, 0x00, 0x00, 0x04, 0xff,
    0xff, 0xff, 0xfb, 0x00, 0x04, 0xff, 0xff, 0xff, 0xfb, 0x00, 0x00, 0x00, 0x00, 0x00, 0x00, 0x00,
    0x00, 0x00, 0x00, 0x00, 0x00, 0x00, 0x24, 0x44, 0x44, 0x44, 0x44, 0x40, 0x8f, 0xff, 0xff, 0xff,
    0xff, 0xf0, 0x8f, 0xff, 0xff, 0xff, 0xff, 0xf0, 0x8f, 0xb0, 0x00, 0x00, 0x00, 0x00, 0x8f, 0xb0,
    0x00, 0x00, 0x00, 0x00, 0x8f, 0xb0, 0x00, 0x00, 0x00, 0x00, 0x8f, 0xb0, 0x00, 0x00, 0x00, 0x00,
    0x8f, 0xb0, 0x00, 0x00, 0x00, 0x00, 0x8f, 0xd8, 0x88, 0x88, 0x88, 0x20, 0x8f, 0xff, 0xff, 0xff,
    0xff, 0x40, 0x8f, 0xd8, 0x88, 0x88, 0x88, 0x20, 0x8f, 0xb0, 0x00, 0x00, 0x00, 0x00, 0x8f, 0xb0,
    0x00, 0x00, 0x00, 0x00, 0x8f, 0xb0, 0x00, 0x00, 0x00, 0x00, 0x8f, 0xb0, 0x00, 0x00, 0x00, 0x00,
    0x8f, 0xb0, 0x00, 0x00, 0x00, 0x00, 0x8f, 0xc4, 0x44, 0x44, 0x44, 0x40, 0x8f, 0xff, 0xff, 0xff,
    0xff, 0xf0, 0x8f, 0xff, 0xff, 0xff, 0xff, 0xf0, 0x06, 0xbb, 0xbb, 0xbb, 0xb6, 0x00, 0x8f, 0xff,
    0xff, 0xff, 0x80, 0x02, 0x44, 0x44, 0x44, 0x42, 0x00, 0x00, 0x00, 0x00, 0x00, 0x00, 0x00, 0x00,
    0x00, 0x00, 0x00, 0x00, 0x04, 0xae, 0xfe, 0xa4, 0x00, 0x07, 0xff, 0xff, 0xff, 0xf8, 0x04, 0xff,
    0x92, 0x02, 0x9f, 0xf4, 0xaf, 0xc0, 0x00, 0x00, 0xcf, 0xae, 0xf8, 0x00, 0x00, 0x08, 0xff, 0xff,
    0x80, 0x00, 0x00, 0x8f, 0xff, 0xff, 0xff, 0xff, 0xff, 0xff, 0xff, 0xdb, 0xbb, 0xbb, 0xbb, 0xbf,
    0xf8, 0x00, 0x00, 0x00, 0x00, 0xff, 0x80, 0x00, 0x00, 0x00, 0x0b, 0xfb, 0x00, 0x00, 0x06, 0x86,
    0x6f, 0xf8, 0x00, 0x06, 0xff, 0x90, 0xaf, 0xff, 0xbf, 0xff, 0xc1, 0x00, 0x8e, 0xff, 0xfe, 0x91,
    0x00, 0x00, 0x03, 0x44, 0x00, 0x00, 0x03, 0xb7, 0x00, 0x03, 0xb8, 0x00, 0x03, 0xfd, 0x10, 0x08,
    0xf9, 0x00, 0x00, 0x9f, 0xeb, 0xcf, 0xe2, 0x00, 0x00, 0x06, 0xbe, 0xc9, 0x20, 0x00, 0x00, 0x00,
    0x00, 0x00, 0x00, 0x00, 0x24, 0x44, 0x44, 0x44, 0x44, 0x40, 0x8f, 0xff, 0xff, 0xff, 0xff, 0xf0,
    0x8f, 0xff, 0xff, 0xff, 0xff, 0xf0, 0x8f, 0xb0, 0x00, 0x00, 0x00, 0x00, 0x8f, 0xb0, 0x00, 0x00,
    0x00, 0x00, 0x8f, 0xb0, 0x00, 0x00, 0x00, 0x00, 0x8f, 0xb0, 0x00, 0x00, 0x00, 0x00, 0x8f, 0xb0,
    0x00, 0x00, 0x00, 0x00, 0x8f, 0xd8, 0x88, 0x88, 0x88, 0x20, 0x8f, 0xff, 0xff, 0xff, 0xff, 0x40,
    0x8f, 0xd8, 0x88, 0x88, 0x88, 0x20, 0x8f, 0xb0, 0x00, 0x00, 0x00, 0x00, 0x8f, 0xb0, 0x00, 0x00,
    0x00, 0x00, 0x8f, 0xb0, 0x00, 0x00, 0x00, 0x00, 0x8f, 0xb0, 0x00, 0x00, 0x00, 0x00, 0x8f, 0xb0,
    0x00, 0x00, 0x00, 0x00, 0x8f, 0xc4, 0x44, 0x44, 0x44, 0x40, 0x8f, 0xff, 0xff, 0xff, 0xff, 0xf0,
    0x8f, 0xff, 0xff, 0xff, 0xff, 0xf0, 0x06, 0xb4, 0x00, 0x04, 0xb6, 0x00, 0x7f, 0xa0, 0x00, 0xaf,
    0x70, 0x01, 0xdf, 0xb8, 0xbf, 0xd1, 0x00, 0x01, 0x9e, 0xfe, 0x91, 0x00, 0x00, 0x00, 0x00, 0x00,
    0x00, 0x00, 0x00, 0x00, 0x00, 0x00, 0x00, 0x00, 0x4a, 0xef, 0xea, 0x40, 0x00, 0x7f, 0xff, 0xff,
    0xff, 0x80, 0x4f, 0xf9, 0x20, 0x29, 0xff, 0x4a, 0xfc, 0x00, 0x00, 0x0c, 0xfa, 0xef, 0x80, 0x00,
    0x00, 0x8f, 0xff, 0xf8, 0x00, 0x00, 0x08, 0xff, 0xff, 0xff, 0xff, 0xff, 0xff, 0xff, 0xfd, 0xbb,
    0xbb, 0xbb, 0xbb, 0xff, 0x80, 0x00, 0x00, 0x00, 0x0f, 0xf8, 0x00, 0x00, 0x00, 0x00, 0xbf, 0xb0,
    0x00, 0x00, 0x68, 0x66, 0xff, 0x80, 0x00, 0x6f, 0xf9, 0x0a, 0xff, 0xfb, 0xff, 0xfc, 0x10, 0x08,
    0xef, 0xff, 0xe9, 0x10, 0x00, 0x00, 0x34, 0x40, 0x00, 0x00, 0x00, 0x00, 0x5a, 0x71, 0x00, 0x00,
    0x00, 0x00, 0xff, 0xf7, 0x00, 0x00, 0x00, 0x00, 0xff, 0xf7, 0x00, 0x00, 0x00, 0x00, 0x5a, 0x71,
    0x00, 0x00, 0x00, 0x00, 0x00, 0x00, 0x00, 0x00, 0x24, 0x44, 0x44, 0x44, 0x44, 0x40, 0x8f, 0xff,
    0xff, 0xff, 0xff, 0xf0, 0x8f, 0xff, 0xff, 0xff, 0xff, 0xf0, 0x8f, 0xb0, 0x00, 0x00, 0x00, 0x00,
    0x8f, 0xb0, 0x00, 0x00, 0x00, 0x00, 0x8f, 0xb0, 0x00, 0x00, 0x00, 0x00, 0x8f, 0xb0, 0x00, 0x00,
    0x00, 0x00, 0x8f, 0xb0, 0x00, 0x00, 0x00, 0x00, 0x8f, 0xd8, 0x88, 0x88, 0x88, 0x20, 0x8f, 0xff,
    0xff, 0xff, 0xff, 0x40, 0x8f, 0xd8, 0x88, 0x88, 0x88, 0x20, 0x8f, 0xb0, 0x00, 0x00, 0x00, 0x00,
    0x8f, 0xb0, 0x00, 0x00, 0x00, 0x00, 0x8f, 0xb0, 0x00, 0x00, 0x00, 0x00, 0x8f, 0xb0, 0x00, 0x00,
    0x00, 0x00, 0x8f, 0xb0, 0x00, 0x00, 0x00, 0x00, 0x8f, 0xc4, 0x44, 0x44, 0x44, 0x40, 0x8f, 0xff,
    0xff, 0xff, 0xff, 0xf0, 0x8f, 0xff, 0xff, 0xff, 0xff, 0xf0, 0x00, 0x00, 0x48, 0x40, 0x00, 0x00,
    0x00, 0x3f, 0xff, 0x30, 0x00, 0x00, 0x04, 0xff, 0xf4, 0x00, 0x00, 0x00, 0x08, 0xb8, 0x00, 0x00,
    0x00, 0x00, 0x00, 0x00, 0x00, 0x00, 0x00, 0x00, 0x00, 0x00, 0x00, 0x00, 0x4a, 0xef, 0xea, 0x40,
    0x00, 0x7f, 0xff, 0xff, 0xff, 0x80, 0x4f, 0xf9, 0x20, 0x29, 0xff, 0x4a, 0xfc, 0x00, 0x00, 0x0c,
    0xfa, 0xef, 0x80, 0x00, 0x00, 0x8f, 0xff, 0xf8, 0x00, 0x00, 0x08, 0xff, 0xff, 0xff, 0xff, 0xff,
    0xff, 0xff, 0xfd, 0xbb, 0xbb, 0xbb, 0xbb, 0xff, 0x80, 0x00, 0x00, 0x00, 0x0f, 0xf8, 0x00, 0x00,
    0x00, 0x00, 0xbf, 0xb0, 0x00, 0x00, 0x68, 0x66, 0xff, 0x80, 0x00, 0x6f, 0xf9, 0x0a, 0xff, 0xfb,
    0xff, 0xfc, 0x10, 0x08, 0xef, 0xff, 0xe9, 0x10, 0x00, 0x00, 0x34, 0x40, 0x00, 0x00, 0x24, 0x44,
    0x44, 0x44, 0x44, 0x40, 0x8f, 0xff, 0xff, 0xff, 0xff, 0xf0, 0x8f, 0xff, 0xff, 0xff, 0xff, 0xf0,
    0x8f, 0xb0, 0x00, 0x00, 0x00, 0x00, 0x8f, 0xb0, 0x00, 0x00, 0x00, 0x00, 0x8f, 0xb0, 0x00, 0x00,
    0x00, 0x00, 0x8f, 0xb0, 0x00, 0x00, 0x00, 0x00, 0x8f, 0xb0, 0x00, 0x00, 0x00, 0x00, 0x8f, 0xd8,
    0x88, 0x88, 0x88, 0x20, 0x8f, 0xff, 0xff, 0xff, 0xff, 0x40, 0x8f, 0xd8, 0x88, 0x88, 0x88, 0x20,
    0x8f, 0xb0, 0x00, 0x00, 0x00, 0x00, 0x8f, 0xb0, 0x00, 0x00, 0x00, 0x00, 0x8f, 0xb0, 0x00, 0x00,
    0x00, 0x00, 0x8f, 0xb0, 0x00, 0x00, 0x00, 0x00, 0x8f, 0xb0, 0x00, 0x00, 0x00, 0x00, 0x8f, 0xc4,
    0x44, 0x44, 0x44, 0x40, 0x8f, 0xff, 0xff, 0xff, 0xff, 0xf0, 0x8f, 0xff, 0xff, 0xff, 0xff, 0xf0,
    0x00, 0x00, 0x00, 0x1a, 0xf6, 0x00, 0x00, 0x00, 0x00, 0x8f, 0x80, 0x00, 0x00, 0x00, 0x00, 0xff,
    0x50, 0x00, 0x00, 0x00, 0x00, 0xdf, 0xd8, 0x82, 0x00, 0x00, 0x00, 0x3d, 0xff, 0xf4, 0x00, 0x00,
    0x00, 0x00, 0x24, 0x41, 0x00, 0x4a, 0xef, 0xea, 0x40, 0x00, 0x6f, 0xff, 0xff, 0xff, 0x60, 0x4f,
    0xfa, 0x20, 0x2a, 0xff, 0x49, 0xfd, 0x00, 0x00, 0x0d, 0xf9, 0xcf, 0x80, 0x00, 0x00, 0x8f, 0xcf,
    0xf8, 0x00, 0x00, 0x08, 0xff, 0xff, 0xff, 0xff, 0xff, 0xff, 0xff, 0xfd, 0xbb, 0xbb, 0xbb, 0xbb,
    0xff, 0x80, 0x00, 0x00, 0x00, 0x0d, 0xf8, 0x00, 0x00, 0x00, 0x00, 0xaf, 0xc0, 0x00, 0x00, 0x68,
    0x66, 0xff, 0x70, 0x00, 0x4f, 0xf8, 0x09, 0xff, 0xeb, 0xdf, 0xfc, 0x10, 0x08, 0xef, 0xff, 0xfa,
    0x10, 0x00, 0x00, 0x3c, 0xf7, 0x00, 0x00, 0x00, 0x05, 0xfa, 0x00, 0x00, 0x00, 0x00, 0xbf, 0x80,
    0x00, 0x00, 0x00, 0x0a, 0xfe, 0x88, 0x20, 0x00, 0x00, 0x1b, 0xff, 0xf4, 0x00, 0x00, 0x00, 0x01,
    0x44, 0x10, 0x06, 0xba, 0x10, 0x08, 0xba, 0x10, 0x00, 0x9f, 0xe3, 0x9f, 0xe3, 0x00, 0x00, 0x09,
    0xff, 0xfe, 0x30, 0x00, 0x00, 0x00, 0x8b, 0xb3, 0x00, 0x00, 0x00, 0x00, 0x00, 0x00, 0x00, 0x00,
    0x24, 0x44, 0x44, 0x44, 0x44, 0x40, 0x8f, 0xff, 0xff, 0xff, 0xff, 0xf0, 0x8f, 0xff, 0xff, 0xff,
    0xff, 0xf0, 0x8f, 0xb0, 0x00, 0x00, 0x00, 0x00, 0x8f, 0xb0, 0x00, 0x00, 0x00, 0x00, 0x8f, 0xb0,
    0x00, 0x00, 0x00, 0x00, 0x8f, 0xb0, 0x00, 0x00, 0x00, 0x00, 0x8f, 0xb0, 0x00, 0x00, 0x00, 0x00,
    0x8f, 0xd8, 0x88, 0x88, 0x88, 0x20, 0x8f, 0xff, 0xff, 0xff, 0xff, 0x40, 0x8f, 0xd8, 0x88, 0x88,
    0x88, 0x20, 0x8f, 0xb0, 0x00, 0x00, 0x00, 0x00, 0x8f, 0xb0, 0x00, 0x00, 0x00, 0x00, 0x8f, 0xb0,
    0x00, 0x00, 0x00, 0x00, 0x8f, 0xb0, 0x00, 0x00, 0x00, 0x00, 0x8f, 0xb0, 0x00, 0x00, 0x00, 0x00,
    0x8f, 0xc4, 0x44, 0x44, 0x44, 0x40, 0x8f, 0xff, 0xff, 0xff, 0xff, 0xf0, 0x8f, 0xff, 0xff, 0xff,
    0xff, 0xf0, 0x1a, 0xb8, 0x00, 0x08, 0xba, 0x00, 0x3e, 0xf9, 0x09, 0xfe, 0x30, 0x00, 0x3e, 0xfd,
    0xfe, 0x30, 0x00, 0x00, 0x3b, 0xbb, 0x30, 0x00, 0x00, 0x00, 0x00, 0x00, 0x00, 0x00, 0x00, 0x00,
    0x00, 0x00, 0x00, 0x00, 0x4a, 0xef, 0xea, 0x40, 0x00, 0x7f, 0xff, 0xff, 0xff, 0x80, 0x4f, 0xf9,
    0x20, 0x29, 0xff, 0x4a, 0xfc, 0x00, 0x00, 0x0c, 0xfa, 0xef, 0x80, 0x00, 0x00, 0x8f, 0xff, 0xf8,
    0x00, 0x00, 0x08, 0xff, 0xff, 0xff, 0xff, 0xff, 0xff, 0xff, 0xfd, 0xbb, 0xbb, 0xbb, 0xbb, 0xff,
    0x80, 0x00, 0x00, 0x00, 0x0f, 0xf8, 0x00, 0x00, 0x00, 0x00, 0xbf, 0xb0, 0x00, 0x00, 0x68, 0x66,
    0xff, 0x80, 0x00, 0x6f, 0xf9, 0x0a, 0xff, 0xfb, 0xff, 0xfc, 0x10, 0x08, 0xef, 0xff, 0xe9, 0x10,
    0x00, 0x00, 0x34, 0x40, 0x00, 0x00, 0x00, 0x01, 0xab, 0xa1, 0x00, 0x00, 0x00, 0x1c, 0xff, 0xfc,
    0x10, 0x00, 0x01, 0xcf, 0xc2, 0xcf, 0xc1, 0x00, 0x08, 0xba, 0x10, 0x1a, 0xb8, 0x00, 0x00, 0x00,
    0x00, 0x00, 0x00, 0x00, 0x00, 0x03, 0x78, 0x84, 0x00, 0x00, 0x01, 0xbf, 0xff, 0xff, 0xd3, 0x00,
    0x1c, 0xff, 0xdb, 0xcf, 0xfe, 0x20, 0x7f, 0xf6, 0x00, 0x04, 0xff, 0x90, 0xbf, 0xc0, 0x00, 0x00,
    0x9f, 0xe0, 0xef, 0x80, 0x00, 0x00, 0x6b, 0xb0, 0xff, 0x80, 0x00, 0x00, 0x00, 0x00, 0xff, 0x80,
    0x00, 0x00, 0x00, 0x00, 0xff, 0x80, 0x00, 0x00, 0x00, 0x00, 0xff, 0x80, 0x0b, 0xbb, 0xbb, 0xb0,
    0xff, 0x80, 0x0f, 0xff, 0xff, 0xf0, 0xff, 0x80, 0x08, 0x88, 0xbf, 0xf0, 0xff, 0x80, 0x00, 0x00,
    0x8f, 0xf0, 0xff, 0x80, 0x00, 0x00, 0x8f, 0xf0, 0xdf, 0x80, 0x00, 0x00, 0x8f, 0xf0, 0xaf, 0xd0,
    0x00, 0x00, 0xbf, 0xd0, 0x6f, 0xf9, 0x20, 0x18, 0xff, 0x80, 0x09, 0xff, 0xff, 0xff, 0xfc, 0x10,
    0x00, 0x8e, 0xff, 0xff, 0x91, 0x00, 0x00, 0x00, 0x34, 0x40, 0x00, 0x00, 0x00, 0x01, 0xab, 0x80,
    0x00, 0x00, 0x01, 0xcf, 0xff, 0x90, 0x00, 0x01, 0xcf, 0xc4, 0xcf, 0x90, 0x00, 0x8b, 0xa1, 0x01,
    0xab, 0x60, 0x00, 0x00, 0x00, 0x00, 0x00, 0x00, 0x00, 0x00, 0x00, 0x00, 0x00, 0x00, 0x8d, 0xfe,
    0x91, 0x8b, 0x80, 0xbf, 0xff, 0xff, 0xcb, 0xfb, 0x6f, 0xfc, 0x54, 0x5c, 0xff, 0xba, 0xfd, 0x10,
    0x00, 0x2f, 0xfb, 0xdf, 0x90, 0x00, 0x00, 0xbf, 0xbf, 0xf8, 0x00, 0x00, 0x0b, 0xfb, 0xff, 0x80,
    0x00, 0x00, 0xbf, 0xbf, 0xf8, 0x00, 0x00, 0x0b, 0xfb, 0xdf, 0x80, 0x00, 0x00, 0xbf, 0xbb, 0xfd,
    0x00, 0x00, 0x1e, 0xfb, 0x7f, 0xf9, 0x20, 0x2c, 0xff, 0xb0, 0xcf, 0xff, 0xff, 0xdc, 0xfb, 0x01,
    0x9e, 0xff, 0xa3, 0xbf, 0xb0, 0x00, 0x00, 0x00, 0x0b, 0xfb, 0x00, 0x00, 0x00, 0x00, 0xbf, 0xb0,
    0x00, 0x00, 0x00, 0x3f, 0xf8, 0x00, 0xbb, 0xbb, 0xbf, 0xfe, 0x20, 0x0f, 0xff, 0xff, 0xfd, 0x30,
    0x00, 0x88, 0x88, 0x85, 0x00, 0x00, 0x06, 0xb5, 0x00, 0x05, 0xb6, 0x00, 0x06, 0xfb, 0x00, 0x0b,
    0xf6, 0x00, 0x00, 0xcf, 0xdb, 0xdf, 0xc0, 0x00, 0x00, 0x18, 0xbf, 0xb8, 0x10, 0x00, 0x00, 0x00,
    0x00, 0x00, 0x00, 0x00, 0x00, 0x03, 0x78, 0x84, 0x00, 0x00, 0x01, 0xbf, 0xff, 0xff, 0xd3, 0x00,
    0x1c, 0xff, 0xdb, 0xcf, 0xfe, 0x20, 0x7f, 0xf6, 0x00, 0x04, 0xff, 0x90, 0xbf, 0xc0, 0x00, 0x00,
    0x9f, 0xe0, 0xef, 0x80, 0x00, 0x00, 0x6b, 0xb0, 0xff, 0x80, 0x00, 0x00, 0x00, 0x00, 0xff, 0x80,
    0x00, 0x00, 0x00, 0x00, 0xff, 0x80, 0x00, 0x00, 0x00, 0x00, 0xff, 0x80, 0x0b, 0xbb, 0xbb, 0xb0,
    0xff, 0x80, 0x0f, 0xff, 0xff, 0xf0, 0xff, 0x80, 0x08, 0x88, 0xbf, 0xf0, 0xff, 0x80, 0x00, 0x00,
    0x8f, 0xf0, 0xff, 0x80, 0x00, 0x00, 0x8f, 0xf0, 0xdf, 0x80, 0x00, 0x00, 0x8f, 0xf0, 0xaf, 0xd0,
    0x00, 0x00, 0xbf, 0xd0, 0x6f, 0xf9, 0x20, 0x18, 0xff, 0x80, 0x09, 0xff, 0xff, 0xff, 0xfc, 0x10,
    0x00, 0x8e, 0xff, 0xff, 0x91, 0x00, 0x00, 0x00, 0x34, 0x40, 0x00, 0x00, 0x08, 0xb3, 0x00, 0x06,
    0xb6, 0x00, 0x8f, 0x90, 0x00, 0xbf, 0x60, 0x01, 0xef, 0xb8, 0xcf, 0xc0, 0x00, 0x02, 0x9f, 0xfe,
    0x91, 0x00, 0x00, 0x00, 0x00, 0x00, 0x00, 0x00, 0x00, 0x00, 0x00, 0x00, 0x00, 0x00, 0x8d, 0xfe,
    0x91, 0x8b, 0x80, 0xbf, 0xff, 0xff, 0xcb, 0xfb, 0x6f, 0xfc, 0x54, 0x5c, 0xff, 0xba, 0xfd, 0x10,
    0x00, 0x2f, 0xfb, 0xdf, 0x90, 0x00, 0x00, 0xbf, 0xbf, 0xf8, 0x00, 0x00, 0x0b, 0xfb, 0xff, 0x80,
    0x00, 0x00, 0xbf, 0xbf, 0xf8, 0x00, 0x00, 0x0b, 0xfb, 0xdf, 0x80, 0x00, 0x00, 0xbf, 0xbb, 0xfd,
    0x00, 0x00, 0x1e, 0xfb, 0x7f, 0xf9, 0x20, 0x2c, 0xff, 0xb0, 0xcf, 0xff, 0xff, 0xdc, 0xfb, 0x01,
    0x9e, 0xff, 0xa3, 0xbf, 0xb0, 0x00, 0x00, 0x00, 0x0b, 0xfb, 0x00, 0x00, 0x00, 0x00, 0xbf, 0xb0,
    0x00, 0x00, 0x00, 0x3f, 0xf8, 0x00, 0xbb, 0xbb, 0xbf, 0xfe, 0x20, 0x0f, 0xff, 0xff, 0xfd, 0x30,
    0x00, 0x88, 0x88, 0x85, 0x00, 0x00, 0x00, 0x00, 0x69, 0x60, 0x00, 0x00, 0x00, 0x03, 0xff, 0xf3,
    0x00, 0x00, 0x00, 0x03, 0xff, 0xf3, 0x00, 0x00, 0x00, 0x00, 0x69, 0x60, 0x00, 0x00, 0x00, 0x00,
    0x00, 0x00, 0x00, 0x00, 0x00, 0x03, 0x78, 0x84, 0x00, 0x00, 0x01, 0xbf, 0xff, 0xff, 0xd3, 0x00,
    0x1c, 0xff, 0xdb, 0xcf, 0xfe, 0x20, 0x7f, 0xf6, 0x00, 0x04, 0xff, 0x90, 0xbf, 0xc0, 0x00, 0x00,
    0x9f, 0xe0, 0xef, 0x80, 0x00, 0x00, 0x6b, 0xb0, 0xff, 0x80, 0x00, 0x00, 0x00, 0x00, 0xff, 0x80,
    0x00, 0x00, 0x00, 0x00, 0xff, 0x80, 0x00, 0x00, 0x00, 0x00, 0xff, 0x80, 0x0b, 0xbb, 0xbb, 0xb0,
    0xff, 0x80, 0x0f, 0xff, 0xff, 0xf0, 0xff, 0x80, 0x08, 0x88, 0xbf, 0xf0, 0xff, 0x80, 0x00, 0x00,
    0x8f, 0xf0, 0xff, 0x80, 0x00, 0x00, 0x8f, 0xf0, 0xdf, 0x80, 0x00, 0x00, 0x8f, 0xf0, 0xaf, 0xd0,
    0x00, 0x00, 0xbf, 0xd0, 0x6f, 0xf9, 0x20, 0x18, 0xff, 0x80, 0x09, 0xff, 0xff, 0xff, 0xfc, 0x10,
    0x00, 0x8e, 0xff, 0xff, 0x91, 0x00, 0x00, 0x00, 0x34, 0x40, 0x00, 0x00, 0x00, 0x00, 0x48, 0x40,
    0x00, 0x00, 0x00, 0x4f, 0xff, 0x20, 0x00, 0x00, 0x07, 0xff, 0xf4, 0x00, 0x00, 0x00, 0x19, 0xb8,
    0x00, 0x00, 0x00, 0x00, 0x00, 0x00, 0x00, 0x00, 0x00, 0x00, 0x00, 0x00, 0x00, 0x00, 0x8d, 0xfe,
    0x91, 0x8b, 0x80, 0xbf, 0xff, 0xff, 0xcb, 0xfb, 0x6f, 0xfc, 0x54, 0x5c, 0xff, 0xba, 0xfd, 0x10,
    0x00, 0x2f, 0xfb, 0xdf, 0x90, 0x00, 0x00, 0xbf, 0xbf, 0xf8, 0x00, 0x00, 0x0b, 0xfb, 0xff, 0x80,
    0x00, 0x00, 0xbf, 0xbf, 0xf8, 0x00, 0x00, 0x0b, 0xfb, 0xdf, 0x80, 0x00, 0x00, 0xbf, 0xbb, 0xfd,
    0x00, 0x00, 0x1e, 0xfb, 0x7f, 0xf9, 0x20, 0x2c, 0xff, 0xb0, 0xcf, 0xff, 0xff, 0xdc, 0xfb, 0x01,
    0x9e, 0xff, 0xa3, 0xbf, 0xb0, 0x00, 0x00, 0x00, 0x0b, 0xfb, 0x00, 0x00, 0x00, 0x00, 0xbf, 0xb0,
    0x00, 0x00, 0x00, 0x3f, 0xf8, 0x00, 0xbb, 0xbb, 0xbf, 0xfe, 0x20, 0x0f, 0xff, 0xff, 0xfd, 0x30,
    0x00, 0x88, 0x88, 0x85, 0x00, 0x00, 0x00, 0x03, 0x78, 0x84, 0x00, 0x00, 0x01, 0xbf, 0xff, 0xff,
    0xd3, 0x00, 0x1c, 0xff, 0xdb, 0xcf, 0xfe, 0x20, 0x7f, 0xf6, 0x00, 0x04, 0xff, 0x90, 0xbf, 0xc0,
    0x00, 0x00, 0x9f, 0xe0, 0xef, 0x80, 0x00, 0x00, 0x6b, 0xb0, 0xff, 0x80, 0x00, 0x00, 0x00, 0x00,
    0xff, 0x80, 0x00, 0x00, 0x00, 0x00, 0xff, 0x80, 0x00, 0x00, 0x00, 0x00, 0xff, 0x80, 0x0b, 0xbb,
    0xbb, 0xb0, 0xff, 0x80, 0x0f, 0xff, 0xff, 0xf0, 0xff, 0x80, 0x08, 0x88, 0xbf, 0xf0, 0xff, 0x80,
    0x00, 0x00, 0x8f, 0xf0, 0xff, 0x80, 0x00, 0x00, 0x8f, 0xf0, 0xdf, 0x80, 0x00, 0x00, 0x8f, 0xf0,
    0xaf, 0xd0, 0x00, 0x00, 0xbf, 0xd0, 0x6f, 0xf9, 0x20, 0x18, 0xff, 0x80, 0x09, 0xff, 0xff, 0xff,
    0xfc, 0x10, 0x00, 0x8e, 0xff, 0xff, 0x91, 0x00, 0x00, 0x00, 0x34, 0x40, 0x00, 0x00, 0x00, 0x00,
    0x00, 0x00, 0x00, 0x00, 0x00, 0x00, 0x1a, 0xb8, 0x00, 0x00, 0x00, 0x00, 0x8f, 0xe3, 0x00, 0x00,
    0x00, 0x04, 0xff, 0x70, 0x00, 0x00, 0x00, 0x0d, 0xfa, 0x00, 0x00, 0x00, 0x00, 0x00, 0x01, 0xdf,
    0x30, 0x00, 0x00, 0x00, 0x8f, 0xd0, 0x00, 0x00, 0x00, 0x1e, 0xf8, 0x00, 0x00, 0x00, 0x09, 0xff,
    0x30, 0x00, 0x00, 0x02, 0xff, 0xd0, 0x00, 0x00, 0x00, 0x7b, 0xb7, 0x00, 0x00, 0x00, 0x00, 0x00,
    0x00, 0x00, 0x00, 0x00, 0x00, 0x00, 0x00, 0x00, 0x00, 0x8d, 0xfe, 0x91, 0x8b, 0x80, 0xbf, 0xff,
    0xff, 0xcb, 0xfb, 0x6f, 0xfc, 0x54, 0x5c, 0xff, 0xba, 0xfd, 0x10, 0x00, 0x2f, 0xfb, 0xdf, 0x90,
    0x00, 0x00, 0xbf, 0xbf, 0xf8, 0x00, 0x00, 0x0b, 0xfb, 0xff, 0x80, 0x00, 0x00, 0xbf, 0xbf, 0xf8,
    0x00, 0x00, 0x0b, 0xfb, 0xdf, 0x80, 0x00, 0x00, 0xbf, 0xbb, 0xfd, 0x00, 0x00, 0x1e, 0xfb, 0x7f,
    0xf9, 0x20, 0x2c, 0xff, 0xb0, 0xcf, 0xff, 0xff, 0xdc, 0xfb, 0x01, 0x9e, 0xff, 0xa3, 0xbf, 0xb0,
    0x00, 0x00, 0x00, 0x0b, 0xfb, 0x00, 0x00, 0x00, 0x00, 0xbf, 0xb0, 0x00, 0x00, 0x00, 0x3f, 0xf8,
    0x00, 0xbb, 0xbb, 0xbf, 0xfe, 0x20, 0x0f, 0xff, 0xff, 0xfd, 0x30, 0x00, 0x88, 0x88, 0x85, 0x00,
    0x00, 0x00, 0x01, 0xab, 0xa1, 0x00, 0x00, 0x01, 0xcf, 0xff, 0xc1, 0x00, 0x01, 0xcf, 0xc2, 0xcf,
    0xc1, 0x00, 0x8b, 0xa1, 0x01, 0xab, 0x80, 0x00, 0x00, 0x00, 0x00, 0x00, 0x03, 0x43, 0x00, 0x00,
    0x03, 0x43, 0xbf, 0xb0, 0x00, 0x00, 0xbf, 0xbb, 0xfb, 0x00, 0x00, 0x0b, 0xfb, 0xbf, 0xb0, 0x00,
    0x00, 0xbf, 0xbb, 0xfb, 0x00, 0x00, 0x0b, 0xfb, 0xbf, 0xb0, 0x00, 0x00, 0xbf, 0xbb, 0xfb, 0x00,
    0x00, 0x0b, 0xfb, 0xbf, 0xb0, 0x00, 0x00, 0xbf, 0xbb, 0xfd, 0x88, 0x88, 0x8d, 0xfb, 0xbf, 0xff,
    0xff, 0xff, 0xff, 0xbb, 0xfe, 0xbb, 0xbb, 0xbe, 0xfb, 0xbf, 0xb0, 0x00, 0x00, 0xbf, 0xbb, 0xfb,
    0x00, 0x00, 0x0b, 0xfb, 0xbf, 0xb0, 0x00, 0x00, 0xbf, 0xbb, 0xfb, 0x00, 0x00, 0x0b, 0xfb, 0xbf,
    0xb0, 0x00, 0x00, 0xbf, 0xbb, 0xfb, 0x00, 0x00, 0x0b, 0xfb, 0xbf, 0xb0, 0x00, 0x00, 0xbf, 0xbb,
    0xfb, 0x00, 0x00, 0x0b, 0xfb, 0x00, 0x00, 0x34, 0x20, 0x00, 0x00, 0x00, 0x00, 0x00, 0x6f, 0xfe,
    0x30, 0x00, 0x00, 0x00, 0x00, 0x6f, 0xf9, 0xfe, 0x30, 0x00, 0x00, 0x00, 0x6f, 0xf6, 0x06, 0xfe,
    0x30, 0x00, 0x00, 0x04, 0x43, 0x00, 0x03, 0x43, 0x00, 0x00, 0x00, 0x00, 0x00, 0x00, 0x00, 0x00,
    0x00, 0x00, 0x00, 0x00, 0x34, 0x30, 0x00, 0x00, 0x00, 0x00, 0x00, 0x0b, 0xfb, 0x00, 0x00, 0x00,
    0x00, 0x00, 0x00, 0xbf, 0xb0, 0x00, 0x00, 0x00, 0x00, 0x00, 0x0b, 0xfb, 0x00, 0x00, 0x00, 0x00,
    0x00, 0x00, 0xbf, 0xb0, 0x00, 0x00, 0x00, 0x00, 0x00, 0x0b, 0xfb, 0x19, 0xef, 0xd8, 0x10, 0x00,
    0x00, 0xbf, 0xbc, 0xff, 0xff, 0xfc, 0x00, 0x00, 0x0b, 0xff, 0xc5, 0x14, 0xcf, 0xf6, 0x00, 0x00,
    0xbf, 0xf2, 0x00, 0x01, 0xef, 0xb0, 0x00, 0x0b, 0xfb, 0x00, 0x00, 0x0b, 0xfb, 0x00, 0x00, 0xbf,
    0xb0, 0x00, 0x00, 0xbf, 0xb0, 0x00, 0x0b, 0xfb, 0x00, 0x00, 0x0b, 0xfb, 0x00, 0x00, 0xbf, 0xb0,
    0x00, 0x00, 0xbf, 0xb0, 0x00, 0x0b, 0xfb, 0x00, 0x00, 0x0b, 0xfb, 0x00, 0x00, 0xbf, 0xb0, 0x00,
    0x00, 0xbf, 0xb0, 0x00, 0x0b, 0xfb, 0x00, 0x00, 0x0b, 0xfb, 0x00, 0x00, 0xbf, 0xb0, 0x00, 0x00,
    0xbf, 0xb0, 0x00, 0x0b, 0xfb, 0x00, 0x00, 0x0b, 0xfb, 0x00, 0x00, 0xbf, 0xb0, 0x00, 0x00, 0xbf,
    0xb0, 0x00, 0x34, 0x30, 0x00, 0x00, 0x34, 0x30, 0x00, 0x0b, 0xfb, 0x00, 0x00, 0x0b, 0xfb, 0x00,
    0x00, 0xbf, 0xb0, 0x00, 0x00, 0xbf, 0xb0, 0x00, 0x0b, 0xfb, 0x00, 0x00, 0x0b, 0xfb, 0x00, 0xbf,
    0xff, 0xff, 0xff, 0xff, 0xff, 0xff, 0xb8, 0xbe, 0xfe, 0xbb, 0xbb, 0xbe, 0xfe, 0xb8, 0x00, 0xbf,
    0xb0, 0x00, 0x00, 0xbf, 0xb0, 0x00, 0x0b, 0xfb, 0x00, 0x00, 0x0b, 0xfb, 0x00, 0x00, 0xbf, 0xd8,
    0x88, 0x88, 0xdf, 0xb0, 0x00, 0x0b, 0xff, 0xff, 0xff, 0xff, 0xfb, 0x00, 0x00, 0xbf, 0xeb, 0xbb,
    0xbb, 0xef, 0xb0, 0x00, 0x0b, 0xfb, 0x00, 0x00, 0x0b, 0xfb, 0x00, 0x00, 0xbf, 0xb0, 0x00, 0x00,
    0xbf, 0xb0, 0x00, 0x0b, 0xfb, 0x00, 0x00, 0x0b, 0xfb, 0x00, 0x00, 0xbf, 0xb0, 0x00, 0x00, 0xbf,
    0xb0, 0x00, 0x0b, 0xfb, 0x00, 0x00, 0x0b, 0xfb, 0x00, 0x00, 0xbf, 0xb0, 0x00, 0x00, 0xbf, 0xb0,
    0x00, 0x0b, 0xfb, 0x00, 0x00, 0x0b, 0xfb, 0x00, 0x00, 0xbf, 0xb0, 0x00, 0x00, 0xbf, 0xb0, 0x00,
    0x00, 0x34, 0x30, 0x00, 0x00, 0x00, 0x00, 0x0b, 0xfb, 0x00, 0x00, 0x00, 0x00, 0x44, 0xcf, 0xc4,
    0x44, 0x30, 0x00, 0x0f, 0xff, 0xff, 0xff, 0xfb, 0x00, 0x00, 0xbb, 0xef, 0xeb, 0xbb, 0x80, 0x00,
    0x00, 0x0b, 0xfb, 0x00, 0x00, 0x00, 0x00, 0x00, 0xbf, 0xb0, 0x27, 0x86, 0x10, 0x00, 0x0b, 0xfb,
    0x6f, 0xff, 0xfe, 0x60, 0x00, 0xbf, 0xdf, 0xc8, 0xbf, 0xff, 0x20, 0x0b, 0xff, 0x70, 0x00, 0x6f,
    0xf9, 0x00, 0xbf, 0xd0, 0x00, 0x00, 0xcf, 0xb0, 0x0b, 0xfb, 0x00, 0x00, 0x0b, 0xfb, 0x00, 0xbf,
    0xb0, 0x00, 0x00, 0xbf, 0xb0, 0x0b, 0xfb, 0x00, 0x00, 0x0b, 0xfb, 0x00, 0xbf, 0xb0, 0x00, 0x00,
    0xbf, 0xb0, 0x0b, 0xfb, 0x00, 0x00, 0x0b, 0xfb, 0x00, 0xbf, 0xb0, 0x00, 0x00, 0xbf, 0xb0, 0x0b,
    0xfb, 0x00, 0x00, 0x0b, 0xfb, 0x00, 0xbf, 0xb0, 0x00, 0x00, 0xbf, 0xb0, 0x00, 0x5a, 0x82, 0x02,
    0x84, 0x00, 0x4f, 0xff, 0xe3, 0x5f, 0x80, 0x08, 0xf4, 0x3e, 0xff, 0xf4, 0x00, 0x48, 0x00, 0x28,
    0xa5, 0x00, 0x00, 0x00, 0x00, 0x00, 0x00, 0x02, 0x44, 0x44, 0x44, 0x44, 0x42, 0x8f, 0xff, 0xff,
    0xff, 0xff, 0x88, 0xff, 0xff, 0xff, 0xff, 0xf8, 0x00, 0x00, 0xbf, 0xb0, 0x00, 0x00, 0x00, 0x0b,
    0xfb, 0x00, 0x00, 0x00, 0x00, 0xbf, 0xb0, 0x00, 0x00, 0x00, 0x0b, 0xfb, 0x00, 0x00, 0x00, 0x00,
    0xbf, 0xb0, 0x00, 0x00, 0x00, 0x0b, 0xfb, 0x00, 0x00, 0x00, 0x00, 0xbf, 0xb0, 0x00, 0x00, 0x00,
    0x0b, 0xfb, 0x00, 0x00, 0x00, 0x00, 0xbf, 0xb0, 0x00, 0x00, 0x00, 0x0b, 0xfb, 0x00, 0x00, 0x00,
    0x00, 0xbf, 0xb0, 0x00, 0x00, 0x00, 0x0b, 0xfb, 0x00, 0x00, 0x00, 0x00, 0xbf, 0xb0, 0x00, 0x02,
    0x44, 0x4c, 0xfc, 0x44, 0x42, 0x8f, 0xff, 0xff, 0xff, 0xff, 0x88, 0xff, 0xff, 0xff, 0xff, 0xf8,
    0x00, 0x17, 0x84, 0x00, 0x68, 0x00, 0x00, 0xcf, 0xff, 0x60, 0xbf, 0x00, 0x03, 0xfa, 0x2c, 0xfd,
    0xfb, 0x00, 0x03, 0xb6, 0x01, 0x8b, 0x91, 0x00, 0x00, 0x00, 0x00, 0x00, 0x00, 0x00, 0x00, 0x00,
    0x00, 0x00, 0x00, 0x00, 0x6b, 0xbb, 0xbb, 0xb3, 0x00, 0x00, 0x8f, 0xff, 0xff, 0xf4, 0x00, 0x00,
    0x48, 0x88, 0x8f, 0xf4, 0x00, 0x00, 0x00, 0x00, 0x0f, 0xf4, 0x00, 0x00, 0x00, 0x00, 0x0f, 0xf4,
    0x00, 0x00, 0x00, 0x00, 0x0f, 0xf4, 0x00, 0x00, 0x00, 0x00, 0x0f, 0xf4, 0x00, 0x00, 0x00, 0x00,
    0x0f, 0xf4, 0x00, 0x00, 0x00, 0x00, 0x0f, 0xf4, 0x00, 0x00, 0x00, 0x00, 0x0f, 0xf4, 0x00, 0x00,
    0x00, 0x00, 0x0f, 0xf4, 0x00, 0x00, 0x44, 0x44, 0x4f, 0xf7, 0x44, 0x44, 0xff, 0xff, 0xff, 0xff,
    0xff, 0xff, 0xff, 0xff, 0xff, 0xff, 0xff, 0xff, 0x08, 0xff, 0xff, 0xff, 0xf8, 0x00, 0x8f, 0xff,
    0xff, 0xff, 0x80, 0x00, 0x00, 0x00, 0x00, 0x00, 0x00, 0x00, 0x00, 0x00, 0x00, 0x00, 0x24, 0x44,
    0x44, 0x44, 0x44, 0x28, 0xff, 0xff, 0xff, 0xff, 0xf8, 0x8f, 0xff, 0xff, 0xff, 0xff, 0x80, 0x00,
    0x0b, 0xfb, 0x00, 0x00, 0x00, 0x00, 0xbf, 0xb0, 0x00, 0x00, 0x00, 0x0b, 0xfb, 0x00, 0x00, 0x00,
    0x00, 0xbf, 0xb0, 0x00, 0x00, 0x00, 0x0b, 0xfb, 0x00, 0x00, 0x00, 0x00, 0xbf, 0xb0, 0x00, 0x00,
    0x00, 0x0b, 0xfb, 0x00, 0x00, 0x00, 0x00, 0xbf, 0xb0, 0x00, 0x00, 0x00, 0x0b, 0xfb, 0x00, 0x00,
    0x00, 0x00, 0xbf, 0xb0, 0x00, 0x00, 0x00, 0x0b, 0xfb, 0x00, 0x00, 0x00, 0x00, 0xbf, 0xb0, 0x00,
    0x00, 0x00, 0x0b, 0xfb, 0x00, 0x00, 0x24, 0x44, 0xcf, 0xc4, 0x44, 0x28, 0xff, 0xff, 0xff, 0xff,
    0xf8, 0x8f, 0xff, 0xff, 0xff, 0xff, 0x80, 0x03, 0xbb, 0xbb, 0xbb, 0xbb, 0x00, 0x04, 0xff, 0xff,
    0xff, 0xff, 0x00, 0x01, 0x44, 0x44, 0x44, 0x44, 0x00, 0x00, 0x00, 0x00, 0x00, 0x00, 0x00, 0x00,
    0x00, 0x00, 0x00, 0x00, 0x00, 0x6b, 0xbb, 0xbb, 0xb3, 0x00, 0x00, 0x8f, 0xff, 0xff, 0xf4, 0x00,
    0x00, 0x48, 0x88, 0x8f, 0xf4, 0x00, 0x00, 0x00, 0x00, 0x0f, 0xf4, 0x00, 0x00, 0x00, 0x00, 0x0f,
    0xf4, 0x00, 0x00, 0x00, 0x00, 0x0f, 0xf4, 0x00, 0x00, 0x00, 0x00, 0x0f, 0xf4, 0x00, 0x00, 0x00,
    0x00, 0x0f, 0xf4, 0x00, 0x00, 0x00, 0x00, 0x0f, 0xf4, 0x00, 0x00, 0x00, 0x00, 0x0f, 0xf4, 0x00,
    0x00, 0x00, 0x00, 0x0f, 0xf4, 0x00, 0x00, 0x44, 0x44, 0x4f, 0xf7, 0x44, 0x44, 0xff, 0xff, 0xff,
    0xff, 0xff, 0xff, 0xff, 0xff, 0xff, 0xff, 0xff, 0xff, 0x06, 0xb5, 0x00, 0x05, 0xb6, 0x00, 0x6f,
    0xb0, 0x00, 0xbf, 0x60, 0x00, 0xcf, 0xdb, 0xdf, 0xc0, 0x00, 0x01, 0x8b, 0xfb, 0x81, 0x00, 0x00,
    0x00, 0x00, 0x00, 0x00, 0x02, 0x44, 0x44, 0x44, 0x44, 0x42, 0x8f, 0xff, 0xff, 0xff, 0xff, 0x88,
    0xff, 0xff, 0xff, 0xff, 0xf8, 0x00, 0x00, 0xbf, 0xb0, 0x00, 0x00, 0x00, 0x0b, 0xfb, 0x00, 0x00,
    0x00, 0x00, 0xbf, 0xb0, 0x00, 0x00, 0x00, 0x0b, 0xfb, 0x00, 0x00, 0x00, 0x00, 0xbf, 0xb0, 0x00,
    0x00, 0x00, 0x0b, 0xfb, 0x00, 0x00, 0x00, 0x00, 0xbf, 0xb0, 0x00, 0x00, 0x00, 0x0b, 0xfb, 0x00,
    0x00, 0x00, 0x00, 0xbf, 0xb0, 0x00, 0x00, 0x00, 0x0b, 0xfb, 0x00, 0x00, 0x00, 0x00, 0xbf, 0xb0,
    0x00, 0x00, 0x00, 0x0b, 0xfb, 0x00, 0x00, 0x00, 0x00, 0xbf, 0xb0, 0x00, 0x02, 0x44, 0x4c, 0xfc,
    0x44, 0x42, 0x8f, 0xff, 0xff, 0xff, 0xff, 0x88, 0xff, 0xff, 0xff, 0xff, 0xf8, 0x03, 0xb8, 0x00,
    0x00, 0xbb, 0x00, 0x01, 0xfe, 0x10, 0x04, 0xfd, 0x00, 0x00, 0x8f, 0xe8, 0x9e, 0xf5, 0x00, 0x00,
    0x07, 0xdf, 0xfc, 0x50, 0x00, 0x00, 0x00, 0x00, 0x00, 0x00, 0x00, 0x00, 0x00, 0x00, 0x00, 0x00,
    0x00, 0x6b, 0xbb, 0xbb, 0xb3, 0x00, 0x00, 0x8f, 0xff, 0xff, 0xf4, 0x00, 0x00, 0x48, 0x88, 0x8f,
    0xf4, 0x00, 0x00, 0x00, 0x00, 0x0f, 0xf4, 0x00, 0x00, 0x00, 0x00, 0x0f, 0xf4, 0x00, 0x00, 0x00,
    0x00, 0x0f, 0xf4, 0x00, 0x00, 0x00, 0x00, 0x0f, 0xf4, 0x00, 0x00, 0x00, 0x00, 0x0f, 0xf4, 0x00,
    0x00, 0x00, 0x00, 0x0f, 0xf4, 0x00, 0x00, 0x00, 0x00, 0x0f, 0xf4, 0x00, 0x00, 0x00, 0x00, 0x0f,
    0xf4, 0x00, 0x00, 0x44, 0x44, 0x4f, 0xf7, 0x44, 0x44, 0xff, 0xff, 0xff, 0xff, 0xff, 0xff, 0xff,
    0xff, 0xff, 0xff, 0xff, 0xff, 0x24, 0x44, 0x44, 0x44, 0x44, 0x28, 0xff, 0xff, 0xff, 0xff, 0xf8,
    0x8f, 0xff, 0xff, 0xff, 0xff, 0x80, 0x00, 0x0b, 0xfb, 0x00, 0x00, 0x00, 0x00, 0xbf, 0xb0, 0x00,
    0x00, 0x00, 0x0b, 0xfb, 0x00, 0x00, 0x00, 0x00, 0xbf, 0xb0, 0x00, 0x00, 0x00, 0x0b, 0xfb, 0x00,
    0x00, 0x00, 0x00, 0xbf, 0xb0, 0x00, 0x00, 0x00, 0x0b, 0xfb, 0x00, 0x00, 0x00, 0x00, 0xbf, 0xb0,
    0x00, 0x00, 0x00, 0x0b, 0xfb, 0x00, 0x00, 0x00, 0x00, 0xbf, 0xb0, 0x00, 0x00, 0x00, 0x0b, 0xfb,
    0x00, 0x00, 0x00, 0x00, 0xbf, 0xb0, 0x00, 0x00, 0x00, 0x0b, 0xfb, 0x00, 0x00, 0x24, 0x44, 0xcf,
    0xc4, 0x44, 0x28, 0xff, 0xff, 0xff, 0xff, 0xf8, 0x8f, 0xff, 0xff, 0xff, 0xff, 0x80, 0x00, 0x3e,
    0xc1, 0x00, 0x00, 0x00, 0x2e, 0xf1, 0x00, 0x00, 0x00, 0x07, 0xfc, 0x00, 0x00, 0x00, 0x00, 0x5f,
    0xfa, 0x86, 0x00, 0x00, 0x00, 0x8f, 0xff, 0xb0, 0x00, 0x00, 0x00, 0x03, 0x43, 0x00, 0x00, 0x00,
    0x00, 0x17, 0x61, 0x00, 0x00, 0x00, 0x00, 0xbf, 0xf9, 0x00, 0x00, 0x00, 0x00, 0xef, 0xfa, 0x00,
    0x00, 0x00, 0x00, 0x5b, 0xb3, 0x00, 0x00, 0x00, 0x00, 0x00, 0x00, 0x00, 0x00, 0x00, 0x00, 0x00,
    0x00, 0x00, 0x00, 0x6b, 0xbb, 0xbb, 0xb3, 0x00, 0x00, 0x8f, 0xff, 0xff, 0xf4, 0x00, 0x00, 0x48,
    0x88, 0x8f, 0xf4, 0x00, 0x00, 0x00, 0x00, 0x0f, 0xf4, 0x00, 0x00, 0x00, 0x00, 0x0f, 0xf4, 0x00,
    0x00, 0x00, 0x00, 0x0f, 0xf4, 0x00, 0x00, 0x00, 0x00, 0x0f, 0xf4, 0x00, 0x00, 0x00, 0x00, 0x0f,
    0xf4, 0x00, 0x00, 0x00, 0x00, 0x0f, 0xf4, 0x00, 0x00, 0x00, 0x00, 0x0f, 0xf4, 0x00, 0x00, 0x00,
    0x00, 0x0f, 0xf4, 0x00, 0x00, 0x44, 0x44, 0x4f, 0xf7, 0x44, 0x44, 0xff, 0xff, 0xff, 0xff, 0xff,
    0xff, 0xff, 0xff, 0xff, 0xff, 0xff, 0xff, 0x00, 0x01, 0xbe, 0x40, 0x00, 0x00, 0x00, 0x09, 0xf8,
    0x00, 0x00, 0x00, 0x00, 0x0f, 0xf4, 0x00, 0x00, 0x00, 0x00, 0x0e, 0xfd, 0x88, 0x00, 0x00, 0x00,
    0x03, 0xdf, 0xff, 0x00, 0x00, 0x00, 0x00, 0x02, 0x44, 0x00, 0x00, 0x00, 0x00, 0x69, 0x60, 0x00,
    0x00, 0x00, 0x3f, 0xff, 0x30, 0x00, 0x00, 0x03, 0xff, 0xf3, 0x00, 0x00, 0x00, 0x06, 0x96, 0x00,
    0x00, 0x00, 0x00, 0x00, 0x00, 0x00, 0x02, 0x44, 0x44, 0x44, 0x44, 0x42, 0x8f, 0xff, 0xff, 0xff,
    0xff, 0x88, 0xff, 0xff, 0xff, 0xff, 0xf8, 0x00, 0x00, 0xbf, 0xb0, 0x00, 0x00, 0x00, 0x0b, 0xfb,
    0x00, 0x00, 0x00, 0x00, 0xbf, 0xb0, 0x00, 0x00, 0x00, 0x0b, 0xfb, 0x00, 0x00, 0x00, 0x00, 0xbf,
    0xb0, 0x00, 0x00, 0x00, 0x0b, 0xfb, 0x00, 0x00, 0x00, 0x00, 0xbf, 0xb0, 0x00, 0x00, 0x00, 0x0b,
    0xfb, 0x00, 0x00, 0x00, 0x00, 0xbf, 0xb0, 0x00, 0x00, 0x00, 0x0b, 0xfb, 0x00, 0x00, 0x00, 0x00,
    0xbf, 0xb0, 0x00, 0x00, 0x00, 0x0b, 0xfb, 0x00, 0x00, 0x00, 0x00, 0xbf, 0xb0, 0x00, 0x02, 0x44,
    0x4c, 0xfc, 0x44, 0x42, 0x8f, 0xff, 0xff, 0xff, 0xff, 0x88, 0xff, 0xff, 0xff, 0xff, 0xf8, 0x6b,
    0xbb, 0xbb, 0xb3, 0x00, 0x00, 0x8f, 0xff, 0xff, 0xf4, 0x00, 0x00, 0x48, 0x88, 0x8f, 0xf4, 0x00,
    0x00, 0x00, 0x00, 0x0f, 0xf4, 0x00, 0x00, 0x00, 0x00, 0x0f, 0xf4, 0x00, 0x00, 0x00, 0x00, 0x0f,
    0xf4, 0x00, 0x00, 0x00, 0x00, 0x0f, 0xf4, 0x00, 0x00, 0x00, 0x00, 0x0f, 0xf4, 0x00, 0x00, 0x00,
    0x00, 0x0f, 0xf4, 0x00, 0x00, 0x00, 0x00, 0x0f, 0xf4, 0x00, 0x00, 0x00, 0x00, 0x0f, 0xf4, 0x00,
    0x00, 0x44, 0x44, 0x4f, 0xf7, 0x44, 0x44, 0xff, 0xff, 0xff, 0xff, 0xff, 0xff, 0xff, 0xff, 0xff,
    0xff, 0xff, 0xff, 0x34, 0x20, 0x00, 0x00, 0x00, 0x00, 0x00, 0x24, 0x3b, 0xf8, 0x00, 0x00, 0x00,
    0x00, 0x00, 0x08, 0xfb, 0xbf, 0x80, 0x00, 0x00, 0x00, 0x00, 0x00, 0x8f, 0xbb, 0xf8, 0x00, 0x00,
    0x00, 0x00, 0x00, 0x08, 0xfb, 0xbf, 0x80, 0x00, 0x00, 0x00, 0x00, 0x00, 0x8f, 0xbb, 0xf8, 0x00,
    0x00, 0x00, 0x00, 0x00, 0x08, 0xfb, 0xbf, 0x80, 0x00, 0x00, 0x00, 0x00, 0x00, 0x8f, 0xbb, 0xf8,
    0x00, 0x00, 0x00, 0x00, 0x00, 0x08, 0xfb, 0xbf, 0x80, 0x00, 0x00, 0x00, 0x00, 0x00, 0x8f, 0xbb,
    0xf8, 0x00, 0x00, 0x00, 0x00, 0x00, 0x08, 0xfb, 0xbf, 0x80, 0x00, 0x00, 0x00, 0x00, 0x00, 0x8f,
    0xbb, 0xf8, 0x00, 0x00, 0x00, 0x00, 0x00, 0x08, 0xfb, 0xbf, 0x80, 0x00, 0x44, 0x10, 0x00, 0x00,
    0x8f, 0xbb, 0xf8, 0x00, 0x0f, 0xf4, 0x00, 0x00, 0x08, 0xfb, 0xbf, 0x80, 0x00, 0xff, 0x40, 0x00,
    0x00, 0x8f, 0xbb, 0xf8, 0x00, 0x0d, 0xf8, 0x00, 0x00, 0x0d, 0xf8, 0xbf, 0x80, 0x00, 0x8f, 0xf6,
    0x00, 0x19, 0xff, 0x4b, 0xf8, 0x00, 0x01, 0xcf, 0xfd, 0xbe, 0xff, 0x90, 0xbf, 0x80, 0x00, 0x01,
    0x8e, 0xff, 0xfd, 0x70, 0x00, 0x00, 0x00, 0x00, 0x00, 0x04, 0x43, 0x00, 0x00, 0x1a, 0xa1, 0x00,
    0x19, 0xa3, 0x8f, 0xf8, 0x00, 0x7f, 0xf8, 0x3e, 0xf5, 0x00, 0x2e, 0xf5, 0x00, 0x00, 0x00, 0x00,
    0x00, 0x00, 0x00, 0x00, 0x00, 0x00, 0x0b, 0xb3, 0x00, 0x0b, 0xb3, 0x0f, 0xf4, 0x00, 0x0f, 0xf4,
    0x0f, 0xf4, 0x00, 0x0f, 0xf4, 0x0f, 0xf4, 0x00, 0x0f, 0xf4, 0x0f, 0xf4, 0x00, 0x0f, 0xf4, 0x0f,
    0xf4, 0x00, 0x0f, 0xf4, 0x0f, 0xf4, 0x00, 0x0f, 0xf4, 0x0f, 0xf4, 0x00, 0x0f, 0xf4, 0x0f, 0xf4,
    0x00, 0x0f, 0xf4, 0x0f, 0xf4, 0x00, 0x0f, 0xf4, 0x0f, 0xf4, 0x00, 0x0f, 0xf4, 0x0f, 0xf4, 0x00,
    0x0f, 0xf4, 0x0f, 0xf4, 0x00, 0x0f, 0xf4, 0x0f, 0xf4, 0x00, 0x0f, 0xf4, 0x00, 0x00, 0x00, 0x0f,
    0xf4, 0x00, 0x00, 0x00, 0x1f, 0xf4, 0x00, 0x00, 0x00, 0x8f, 0xe0, 0x00, 0x00, 0x4f, 0xff, 0x80,
    0x00, 0x00, 0x4f, 0xe8, 0x00, 0x00, 0x00, 0x00, 0x00, 0x00, 0x00, 0x00, 0x00, 0x00, 0x3b, 0xb8,
    0x00, 0x00, 0x00, 0x00, 0x00, 0x3e, 0xff, 0xf9, 0x00, 0x00, 0x00, 0x00, 0x3e, 0xf9, 0x3e, 0xf9,
    0x00, 0x00, 0x00, 0x1a, 0xb8, 0x00, 0x3b, 0xb6, 0x00, 0x00, 0x00, 0x00, 0x00, 0x00, 0x00, 0x00,
    0x00, 0x00, 0x00, 0x00, 0x44, 0x20, 0x00, 0x00, 0x00, 0x00, 0x00, 0x0f, 0xf8, 0x00, 0x00, 0x00,
    0x00, 0x00, 0x00, 0xff, 0x80, 0x00, 0x00, 0x00, 0x00, 0x00, 0x0f, 0xf8, 0x00, 0x00, 0x00, 0x00,
    0x00, 0x00, 0xff, 0x80, 0x00, 0x00, 0x00, 0x00, 0x00, 0x0f, 0xf8, 0x00, 0x00, 0x00, 0x00, 0x00,
    0x00, 0xff, 0x80, 0x00, 0x00, 0x00, 0x00, 0x00, 0x0f, 0xf8, 0x00, 0x00, 0x00, 0x00, 0x00, 0x00,
    0xff, 0x80, 0x00, 0x00, 0x00, 0x00, 0x00, 0x0f, 0xf8, 0x00, 0x00, 0x00, 0x00, 0x00, 0x00, 0xff,
    0x80, 0x00, 0x00, 0x00, 0x00, 0x00, 0x0f, 0xf8, 0x00, 0x00, 0x00, 0x00, 0x00, 0x00, 0xff, 0x80,
    0x00, 0x44, 0x20, 0x00, 0x00, 0x0f, 0xf8, 0x00, 0x0f, 0xf8, 0x00, 0x00, 0x01, 0xff, 0x80, 0x00,
    0xbf, 0xd0, 0x00, 0x00, 0x6f, 0xf4, 0x00, 0x06, 0xff, 0xa2, 0x00, 0x6e, 0xfd, 0x00, 0x00, 0x09,
    0xff, 0xff, 0xff, 0xfe, 0x30, 0x00, 0x00, 0x08, 0xef, 0xff, 0xfb, 0x30, 0x00, 0x00, 0x00, 0x00,
    0x34, 0x41, 0x00, 0x00, 0x00, 0x00, 0x00, 0x00, 0x00, 0x8b, 0xa1, 0x00, 0x00, 0x00, 0x00, 0x9f,
    0xff, 0xc1, 0x00, 0x00, 0x00, 0x9f, 0xc2, 0xcf, 0xc1, 0x00, 0x00, 0x6b, 0xa1, 0x01, 0xab, 0x80,
    0x00, 0x00, 0x00, 0x00, 0x00, 0x00, 0x00, 0x00, 0x00, 0x00, 0x00, 0x00, 0x00, 0xbb, 0xbb, 0xbb,
    0xbb, 0xb0, 0x00, 0x0f, 0xff, 0xff, 0xff, 0xff, 0x00, 0x00, 0x88, 0x88, 0x88, 0xbf, 0xf0, 0x00,
    0x00, 0x00, 0x00, 0x08, 0xff, 0x00, 0x00, 0x00, 0x00, 0x00, 0x8f, 0xf0, 0x00, 0x00, 0x00, 0x00,
    0x08, 0xff, 0x00, 0x00, 0x00, 0x00, 0x00, 0x8f, 0xf0, 0x00, 0x00, 0x00, 0x00, 0x08, 0xff, 0x00,
    0x00, 0x00, 0x00, 0x00, 0x8f, 0xf0, 0x00, 0x00, 0x00, 0x00, 0x08, 0xff, 0x00, 0x00, 0x00, 0x00,
    0x00, 0x8f, 0xf0, 0x00, 0x00, 0x00, 0x00, 0x08, 0xff, 0x00, 0x00, 0x00, 0x00, 0x00, 0x8f, 0xf0,
    0x00, 0x00, 0x00, 0x00, 0x08, 0xff, 0x00, 0x00, 0x00, 0x00, 0x00, 0xaf, 0xd0, 0x00, 0x00, 0x00,
    0x00, 0x7f, 0xf9, 0x00, 0x00, 0x8b, 0xbb, 0xdf, 0xfe, 0x10, 0x00, 0x0b, 0xff, 0xff, 0xfb, 0x30,
    0x00, 0x00, 0x68, 0x88, 0x73, 0x00, 0x00, 0x00, 0x00, 0x34, 0x30, 0x00, 0x00, 0x04, 0x43, 0x0b,
    0xfb, 0x00, 0x00, 0x04, 0xff, 0x80, 0xbf, 0xb0, 0x00, 0x00, 0xbf, 0xe1, 0x0b, 0xfb, 0x00, 0x00,
    0x4f, 0xf8, 0x00, 0xbf, 0xb0, 0x00, 0x0b, 0xfd, 0x00, 0x0b, 0xfb, 0x00, 0x04, 0xff, 0x60, 0x00,
    0xbf, 0xb0, 0x00, 0xbf, 0xd0, 0x00, 0x0b, 0xfb, 0x00, 0x4f, 0xf6, 0x00, 0x00, 0xbf, 0xd8, 0x8c,
    0xfd, 0x00, 0x00, 0x0b, 0xff, 0xff, 0xff, 0x80, 0x00, 0x00, 0xbf, 0xeb, 0xbe, 0xfd, 0x00, 0x00,
    0x0b, 0xfb, 0x00, 0x6f, 0xf6, 0x00, 0x00, 0xbf, 0xb0, 0x00, 0xdf, 0xd0, 0x00, 0x0b, 0xfb, 0x00,
    0x08, 0xff, 0x60, 0x00, 0xbf, 0xb0, 0x00, 0x1e, 0xfd, 0x00, 0x0b, 0xfb, 0x00, 0x00, 0x8f, 0xf6,
    0x00, 0xbf, 0xb0, 0x00, 0x01, 0xef, 0xd0, 0x0b, 0xfb, 0x00, 0x00, 0x08, 0xff, 0x60, 0xbf, 0xb0,
    0x00, 0x00, 0x1e, 0xfb, 0x00, 0x00, 0x00, 0x00, 0x00, 0x00, 0x00, 0x00, 0x00, 0x00, 0x00, 0x00,
    0x00, 0x00, 0x00, 0x01, 0xbb, 0x80, 0x00, 0x00, 0x00, 0x00, 0xaf, 0xe2, 0x00, 0x00, 0x00, 0x00,
    0x5f, 0xf5, 0x00, 0x00, 0x00, 0x00, 0x1e, 0xf8, 0x00, 0x00, 0x00, 0x00, 0x34, 0x30, 0x00, 0x00,
    0x00, 0x00, 0x0b, 0xfb, 0x00, 0x00, 0x00, 0x00, 0x00, 0xbf, 0xb0, 0x00, 0x00, 0x00, 0x00, 0x0b,
    0xfb, 0x00, 0x00, 0x00, 0x00, 0x00, 0xbf, 0xb0, 0x00, 0x00, 0x00, 0x00, 0x0b, 0xfb, 0x00, 0x00,
    0x03, 0xbb, 0x70, 0xbf, 0xb0, 0x00, 0x00, 0xcf, 0xe1, 0x0b, 0xfb, 0x00, 0x00, 0x8f, 0xf5, 0x00,
    0xbf, 0xb0, 0x00, 0x2e, 0xfa, 0x00, 0x0b, 0xfb, 0x00, 0x0b, 0xfe, 0x10, 0x00, 0xbf, 0xc4, 0x48,
    0xff, 0x50, 0x00, 0x0b, 0xff, 0xff, 0xff, 0xb0, 0x00, 0x00, 0xbf, 0xff, 0xff, 0xfd, 0x10, 0x00,
    0x0b, 0xfb, 0x00, 0x5f, 0xf8, 0x00, 0x00, 0xbf, 0xb0, 0x00, 0xaf, 0xf3, 0x00, 0x0b, 0xfb, 0x00,
    0x01, 0xef, 0xc0, 0x00, 0xbf, 0xb0, 0x00, 0x07, 0xff, 0x80, 0x0b, 0xfb, 0x00, 0x00, 0x0b, 0xfe,
    0x20, 0xbf, 0xb0, 0x00, 0x00, 0x2f, 0xfb, 0x00, 0x00, 0x00, 0x00, 0x00, 0x00, 0x00, 0x00, 0x00,
    0x00, 0x00, 0x00, 0x00, 0x00, 0x00, 0x01, 0xbb, 0x80, 0x00, 0x00, 0x00, 0x00, 0xaf, 0xe2, 0x00,
    0x00, 0x00, 0x00, 0x5f, 0xf5, 0x00, 0x00, 0x00, 0x00, 0x1e, 0xf8, 0x00, 0x00, 0x00, 0x00, 0x6b,
    0xb0, 0x00, 0x00, 0x1b, 0xb8, 0x08, 0xff, 0x00, 0x00, 0x0a, 0xff, 0x30, 0x8f, 0xf0, 0x00, 0x05,
    0xff, 0x80, 0x08, 0xff, 0x00, 0x01, 0xef, 0xc0, 0x00, 0x8f, 0xf0, 0x00, 0xaf, 0xf3, 0x00, 0x08,
    0xff, 0x44, 0x6f, 0xf8, 0x00, 0x00, 0x8f, 0xff, 0xff, 0xfd, 0x00, 0x00, 0x08, 0xff, 0xff, 0xff,
    0xe1, 0x00, 0x00, 0x8f, 0xf0, 0x03, 0xff, 0xa0, 0x00, 0x08, 0xff, 0x00, 0x08, 0xff, 0x50, 0x00,
    0x8f, 0xf0, 0x00, 0x1d, 0xfe, 0x10, 0x08, 0xff, 0x00, 0x00, 0x4f, 0xf8, 0x00, 0x8f, 0xf0, 0x00,
    0x00, 0xaf, 0xf4, 0x08, 0xff, 0x00, 0x00, 0x01, 0xef, 0xd0, 0x00, 0x08, 0xba, 0x00, 0x00, 0x00,
    0x00, 0x7f, 0xe3, 0x00, 0x00, 0x00, 0x03, 0xff, 0x60, 0x00, 0x00, 0x00, 0x09, 0xb8, 0x00, 0x00,
    0x00, 0x00, 0x00, 0x00, 0x00, 0x00, 0x00, 0x00, 0x03, 0x43, 0x00, 0x00, 0x00, 0x00, 0x0b, 0xfb,
    0x00, 0x00, 0x00, 0x00, 0x0b, 0xfb, 0x00, 0x00, 0x00, 0x00, 0x0b, 0xfb, 0x00, 0x00, 0x00, 0x00,
    0x0b, 0xfb, 0x00, 0x00, 0x00, 0x00, 0x0b, 0xfb, 0x00, 0x00, 0x00, 0x00, 0x0b, 0xfb, 0x00, 0x00,
    0x00, 0x00, 0x0b, 0xfb, 0x00, 0x00, 0x00, 0x00, 0x0b, 0xfb, 0x00, 0x00, 0x00, 0x00, 0x0b, 0xfb,
    0x00, 0x00, 0x00, 0x00, 0x0b, 0xfb, 0x00, 0x00, 0x00, 0x00, 0x0b, 0xfb, 0x00, 0x00, 0x00, 0x00,
    0x0b, 0xfb, 0x00, 0x00, 0x00, 0x00, 0x0b, 0xfb, 0x00, 0x00, 0x00, 0x00, 0x0b, 0xfb, 0x00, 0x00,
    0x00, 0x00, 0x0b, 0xfb, 0x00, 0x00, 0x00, 0x00, 0x0b, 0xfc, 0x44, 0x44, 0x44, 0x43, 0x0b, 0xff,
    0xff, 0xff, 0xff, 0xfb, 0x0b, 0xff, 0xff, 0xff, 0xff, 0xfb, 0x00, 0x00, 0x00, 0x1b, 0xb6, 0x00,
    0x00, 0x00, 0x00, 0x00, 0xbf, 0xc1, 0x00, 0x00, 0x00, 0x00, 0x08, 0xfe, 0x20, 0x00, 0x00, 0x00,
    0x00, 0x2b, 0xb4, 0x00, 0x00, 0x00, 0x00, 0x00, 0x00, 0x00, 0x00, 0x00, 0x00, 0x14, 0x44, 0x44,
    0x44, 0x00, 0x00, 0x00, 0x4f, 0xff, 0xff, 0xff, 0x00, 0x00, 0x00, 0x4f, 0xff, 0xff, 0xff, 0x00,
    0x00, 0x00, 0x00, 0x00, 0x08, 0xff, 0x00, 0x00, 0x00, 0x00, 0x00, 0x08, 0xff, 0x00, 0x00, 0x00,
    0x00, 0x00, 0x08, 0xff, 0x00, 0x00, 0x00, 0x00, 0x00, 0x08, 0xff, 0x00, 0x00, 0x00, 0x00, 0x00,
    0x08, 0xff, 0x00, 0x00, 0x00, 0x00, 0x00, 0x08, 0xff, 0x00, 0x00, 0x00, 0x00, 0x00, 0x08, 0xff,
    0x00, 0x00, 0x00, 0x00, 0x00, 0x08, 0xff, 0x00, 0x00, 0x00, 0x00, 0x00, 0x08, 0xff, 0x00, 0x00,
    0x00, 0x00, 0x00, 0x08, 0xff, 0x00, 0x00, 0x00, 0x00, 0x00, 0x08, 0xff, 0x00, 0x00, 0x00, 0x00,
    0x00, 0x08, 0xff, 0x00, 0x00, 0x00, 0x00, 0x00, 0x08, 0xff, 0x00, 0x00, 0x00, 0x00, 0x00, 0x05,
    0xff, 0xa4, 0x44, 0x43, 0x00, 0x00, 0x00, 0xcf, 0xff, 0xff, 0xfb, 0x00, 0x00, 0x00, 0x18, 0xdf,
    0xff, 0xfb, 0x34, 0x30, 0x00, 0x00, 0x00, 0x0b, 0xfb, 0x00, 0x00, 0x00, 0x00, 0xbf, 0xb0, 0x00,
    0x00, 0x00, 0x0b, 0xfb, 0x00, 0x00, 0x00, 0x00, 0xbf, 0xb0, 0x00, 0x00, 0x00, 0x0b, 0xfb, 0x00,
    0x00, 0x00, 0x00, 0xbf, 0xb0, 0x00, 0x00, 0x00, 0x0b, 0xfb, 0x00, 0x00, 0x00, 0x00, 0xbf, 0xb0,
    0x00, 0x00, 0x00, 0x0b, 0xfb, 0x00, 0x00, 0x00, 0x00, 0xbf, 0xb0, 0x00, 0x00, 0x00, 0x0b, 0xfb,
    0x00, 0x00, 0x00, 0x00, 0xbf, 0xb0, 0x00, 0x00, 0x00, 0x0b, 0xfb, 0x00, 0x00, 0x00, 0x00, 0xbf,
    0xb0, 0x00, 0x00, 0x00, 0x0b, 0xfb, 0x00, 0x00, 0x00, 0x00, 0xbf, 0xc4, 0x44, 0x44, 0x44, 0x3b,
    0xff, 0xff, 0xff, 0xff, 0xfb, 0xbf, 0xff, 0xff, 0xff, 0xff, 0xb0, 0x00, 0x00, 0x00, 0x00, 0x00,
    0x00, 0x00, 0x00, 0x00, 0x00, 0x00, 0x00, 0x01, 0xbb, 0x80, 0x00, 0x00, 0x00, 0xaf, 0xe2, 0x00,
    0x00, 0x00, 0x5f, 0xf5, 0x00, 0x00, 0x00, 0x1e, 0xf8, 0x00, 0x00, 0x00, 0x14, 0x44, 0x44, 0x44,
    0x00, 0x00, 0x00, 0x4f, 0xff, 0xff, 0xff, 0x00, 0x00, 0x00, 0x4f, 0xff, 0xff, 0xff, 0x00, 0x00,
    0x00, 0x00, 0x00, 0x08, 0xff, 0x00, 0x00, 0x00, 0x00, 0x00, 0x08, 0xff, 0x00, 0x00, 0x00, 0x00,
    0x00, 0x08, 0xff, 0x00, 0x00, 0x00, 0x00, 0x00, 0x08, 0xff, 0x00, 0x00, 0x00, 0x00, 0x00, 0x08,
    0xff, 0x00, 0x00, 0x00, 0x00, 0x00, 0x08, 0xff, 0x00, 0x00, 0x00, 0x00, 0x00, 0x08, 0xff, 0x00,
    0x00, 0x00, 0x00, 0x00, 0x08, 0xff, 0x00, 0x00, 0x00, 0x00, 0x00, 0x08, 0xff, 0x00, 0x00, 0x00,
    0x00, 0x00, 0x08, 0xff, 0x00, 0x00, 0x00, 0x00, 0x00, 0x08, 0xff, 0x00, 0x00, 0x00, 0x00, 0x00,
    0x08, 0xff, 0x00, 0x00, 0x00, 0x00, 0x00, 0x08, 0xff, 0x00, 0x00, 0x00, 0x00, 0x00, 0x05, 0xff,
    0xa4, 0x44, 0x43, 0x00, 0x00, 0x00, 0xcf, 0xff, 0xff, 0xfb, 0x00, 0x00, 0x00, 0x18, 0xdf, 0xff,
    0xfb, 0x00, 0x00, 0x00, 0x00, 0x00, 0x00, 0x00, 0x00, 0x00, 0x00, 0x00, 0x00, 0x00, 0x00, 0x00,
    0x00, 0x00, 0x07, 0xbb, 0x20, 0x00, 0x00, 0x00, 0x00, 0x3f, 0xf8, 0x00, 0x00, 0x00, 0x00, 0x00,
    0xcf, 0xc0, 0x00, 0x00, 0x00, 0x00, 0x08, 0xfe, 0x20, 0x00, 0x00, 0x34, 0x30, 0x00, 0x44, 0x10,
    0x0b, 0xfb, 0x00, 0x0f, 0xf2, 0x00, 0xbf, 0xb0, 0x04, 0xff, 0x00, 0x0b, 0xfb, 0x00, 0x4f, 0xc0,
    0x00, 0xbf, 0xb0, 0x04, 0xfb, 0x00, 0x0b, 0xfb, 0x00, 0x24, 0x30, 0x00, 0xbf, 0xb0, 0x00, 0x00,
    0x00, 0x0b, 0xfb, 0x00, 0x00, 0x00, 0x00, 0xbf, 0xb0, 0x00, 0x00, 0x00, 0x0b, 0xfb, 0x00, 0x00,
    0x00, 0x00, 0xbf, 0xb0, 0x00, 0x00, 0x00, 0x0b, 0xfb, 0x00, 0x00, 0x00, 0x00, 0xbf, 0xb0, 0x00,
    0x00, 0x00, 0x0b, 0xfb, 0x00, 0x00, 0x00, 0x00, 0xbf, 0xb0, 0x00, 0x00, 0x00, 0x0b, 0xfb, 0x00,
    0x00, 0x00, 0x00, 0xbf, 0xc4, 0x44, 0x44, 0x44, 0x3b, 0xff, 0xff, 0xff, 0xff, 0xfb, 0xbf, 0xff,
    0xff, 0xff, 0xff, 0xb0, 0x14, 0x44, 0x44, 0x44, 0x00, 0x14, 0x40, 0x4f, 0xff, 0xff, 0xff, 0x00,
    0x7f, 0xb0, 0x4f, 0xff, 0xff, 0xff, 0x00, 0x8f, 0xb0, 0x00, 0x00, 0x08, 0xff, 0x00, 0x8f, 0x80,
    0x00, 0x00, 0x08, 0xff, 0x00, 0xaf, 0x80, 0x00, 0x00, 0x08, 0xff, 0x00, 0x34, 0x10, 0x00, 0x00,
    0x08, 0xff, 0x00, 0x00, 0x00, 0x00, 0x00, 0x08, 0xff, 0x00, 0x00, 0x00, 0x00, 0x00, 0x08, 0xff,
    0x00, 0x00, 0x00, 0x00, 0x00, 0x08, 0xff, 0x00, 0x00, 0x00, 0x00, 0x00, 0x08, 0xff, 0x00, 0x00,
    0x00, 0x00, 0x00, 0x08, 0xff, 0x00, 0x00, 0x00, 0x00, 0x00, 0x08, 0xff, 0x00, 0x00, 0x00, 0x00,
    0x00, 0x08, 0xff, 0x00, 0x00, 0x00, 0x00, 0x00, 0x08, 0xff, 0x00, 0x00, 0x00, 0x00, 0x00, 0x08,
    0xff, 0x00, 0x00, 0x00, 0x00, 0x00, 0x05, 0xff, 0xa4, 0x44, 0x43, 0x00, 0x00, 0x00, 0xcf, 0xff,
    0xff, 0xfb, 0x00, 0x00, 0x00, 0x18, 0xdf, 0xff, 0xfb, 0x34, 0x30, 0x00, 0x00, 0x00, 0x0b, 0xfb,
    0x00, 0x00, 0x00, 0x00, 0xbf, 0xb0, 0x00, 0x00, 0x00, 0x0b, 0xfb, 0x00, 0x00, 0x00, 0x00, 0xbf,
    0xb0, 0x00, 0x00, 0x00, 0x0b, 0xfb, 0x00, 0x00, 0x00, 0x00, 0xbf, 0xb0, 0x00, 0x00, 0x00, 0x0b,
    0xfb, 0x00, 0x00, 0x00, 0x00, 0xbf, 0xb0, 0x00, 0x08, 0xba, 0x1b, 0xfb, 0x00, 0x03, 0xff, 0xfa,
    0xbf, 0xb0, 0x00, 0x7f, 0xff, 0xbb, 0xfb, 0x00, 0x02, 0xef, 0xf8, 0xbf, 0xb0, 0x00, 0x01, 0x43,
    0x0b, 0xfb, 0x00, 0x00, 0x00, 0x00, 0xbf, 0xb0, 0x00, 0x00, 0x00, 0x0b, 0xfb, 0x00, 0x00, 0x00,
    0x00, 0xbf, 0xc4, 0x44, 0x44, 0x44, 0x3b, 0xff, 0xff, 0xff, 0xff, 0xfb, 0xbf, 0xff, 0xff, 0xff,
    0xff, 0xb0, 0x34, 0x44, 0x44, 0x42, 0x00, 0x00, 0x00, 0x00, 0xbf, 0xff, 0xff, 0xf8, 0x00, 0x00,
    0x00, 0x00, 0xbf, 0xff, 0xff, 0xf8, 0x00, 0x00, 0x00, 0x00, 0x00, 0x00, 0x0f, 0xf8, 0x00, 0x00,
    0x00, 0x00, 0x00, 0x00, 0x0f, 0xf8, 0x00, 0x00, 0x00, 0x00, 0x00, 0x00, 0x0f, 0xf8, 0x00, 0x00,
    0x00, 0x00, 0x00, 0x00, 0x0f, 0xf8, 0x00, 0x00, 0x00, 0x00, 0x00, 0x00, 0x0f, 0xf8, 0x00, 0x00,
    0x00, 0x00, 0x00, 0x00, 0x0f, 0xf8, 0x00, 0x00, 0x7b, 0xa2, 0x00, 0x00, 0x0f, 0xf8, 0x00, 0x03,
    0xff, 0xfa, 0x00, 0x00, 0x0f, 0xf8, 0x00, 0x04, 0xff, 0xfb, 0x00, 0x00, 0x0f, 0xf8, 0x00, 0x01,
    0xef, 0xf8, 0x00, 0x00, 0x0f, 0xf8, 0x00, 0x00, 0x14, 0x30, 0x00, 0x00, 0x0f, 0xf8, 0x00, 0x00,
    0x00, 0x00, 0x00, 0x00, 0x0f, 0xf8, 0x00, 0x00, 0x00, 0x00, 0x00, 0x00, 0x0f, 0xf8, 0x00, 0x00,
    0x00, 0x00, 0x00, 0x00, 0x0c, 0xfe, 0x64, 0x44, 0x41, 0x00, 0x00, 0x00, 0x05, 0xff, 0xff, 0xff,
    0xf4, 0x00, 0x00, 0x00, 0x00, 0x4a, 0xff, 0xff, 0xf4, 0x00, 0x00, 0x03, 0x43, 0x00, 0x00, 0x00,
    0x00, 0x00, 0x0b, 0xfb, 0x00, 0x00, 0x00, 0x00, 0x00, 0x0b, 0xfb, 0x00, 0x00, 0x00, 0x00, 0x00,
    0x0b, 0xfb, 0x00, 0x00, 0x00, 0x00, 0x00, 0x0b, 0xfb, 0x00, 0x00, 0x00, 0x00, 0x00, 0x0b, 0xfb,
    0x00, 0x38, 0x00, 0x00, 0x00, 0x0b, 0xfb, 0x08, 0xfb, 0x00, 0x00, 0x00, 0x0b, 0xfd, 0xcf, 0xe6,
    0x00, 0x00, 0x00, 0x0b, 0xff, 0xfb, 0x20, 0x00, 0x00, 0x00, 0x4e, 0xfe, 0x50, 0x00, 0x00, 0x00,
    0x19, 0xff, 0xfb, 0x00, 0x00, 0x00, 0x00, 0x8f, 0xdd, 0xfb, 0x00, 0x00, 0x00, 0x00, 0x88, 0x1b,
    0xfb, 0x00, 0x00, 0x00, 0x00, 0x10, 0x0b, 0xfb, 0x00, 0x00, 0x00, 0x00, 0x00, 0x0b, 0xfb, 0x00,
    0x00, 0x00, 0x00, 0x00, 0x0b, 0xfb, 0x00, 0x00, 0x00, 0x00, 0x00, 0x0b, 0xfc, 0x44, 0x44, 0x44,
    0x43, 0x00, 0x0b, 0xff, 0xff, 0xff, 0xff, 0xfb, 0x00, 0x0b, 0xff, 0xff, 0xff, 0xff, 0xfb, 0x14,
    0x44, 0x44, 0x44, 0x00, 0x00, 0x00, 0x4f, 0xff, 0xff, 0xff, 0x00, 0x00, 0x00, 0x4f, 0xff, 0xff,
    0xff, 0x00, 0x00, 0x00, 0x00, 0x00, 0x08, 0xff, 0x00, 0x00, 0x00, 0x00, 0x00, 0x08, 0xff, 0x00,
    0x00, 0x00, 0x00, 0x00, 0x08, 0xff, 0x00, 0x38, 0x00, 0x00, 0x00, 0x08, 0xff, 0x08, 0xfb, 0x00,
    0x00, 0x00, 0x08, 0xff, 0xcf, 0xe6, 0x00, 0x00, 0x00, 0x08, 0xff, 0xfb, 0x20, 0x00, 0x00, 0x00,
    0x4d, 0xff, 0x50, 0x00, 0x00, 0x00, 0x19, 0xff, 0xff, 0x00, 0x00, 0x00, 0x00, 0x8f, 0xdb, 0xff,
    0x00, 0x00, 0x00, 0x00, 0x88, 0x18, 0xff, 0x00, 0x00, 0x00, 0x00, 0x10, 0x08, 0xff, 0x00, 0x00,
    0x00, 0x00, 0x00, 0x08, 0xff, 0x00, 0x00, 0x00, 0x00, 0x00, 0x08, 0xff, 0x00, 0x00, 0x00, 0x00,
    0x00, 0x05, 0xff, 0xa4, 0x44, 0x43, 0x00, 0x00, 0x00, 0xcf, 0xff, 0xff, 0xfb, 0x00, 0x00, 0x00,
    0x18, 0xdf, 0xff, 0xfb, 0x00, 0x00, 0x00, 0x8b, 0xa1, 0x00, 0x00, 0x00, 0x6f, 0xf4, 0x00, 0x00,
    0x00, 0x3e, 0xf7, 0x00, 0x00, 0x00, 0x08, 0xb8, 0x00, 0x00, 0x00, 0x00, 0x00, 0x00, 0x00, 0x03,
    0x44, 0x20, 0x00, 0x02, 0x43, 0xbf, 0xf9, 0x00, 0x00, 0x8f, 0xbb, 0xff, 0xe0, 0x00, 0x08, 0xfb,
    0xbf, 0xff, 0x50, 0x00, 0x8f, 0xbb, 0xfa, 0xfa, 0x00, 0x08, 0xfb, 0xbf, 0x7f, 0xf1, 0x00, 0x8f,
    0xbb, 0xf8, 0xaf, 0x60, 0x08, 0xfb, 0xbf, 0x86, 0xfa, 0x00, 0x8f, 0xbb, 0xf8, 0x1f, 0xf2, 0x08,
    0xfb, 0xbf, 0x80, 0xaf, 0x70, 0x8f, 0xbb, 0xf8, 0x05, 0xfc, 0x08, 0xfb, 0xbf, 0x80, 0x0e, 0xf2,
    0x8f, 0xbb, 0xf8, 0x00, 0x9f, 0x88, 0xfb, 0xbf, 0x80, 0x05, 0xfd, 0x8f, 0xbb, 0xf8, 0x00, 0x0e,
    0xf7, 0xfb, 0xbf, 0x80, 0x00, 0x8f, 0xcf, 0xbb, 0xf8, 0x00, 0x03, 0xff, 0xfb, 0xbf, 0x80, 0x00,
    0x0d, 0xff, 0xbb, 0xf8, 0x00, 0x00, 0x8f, 0xfb, 0x00, 0x00, 0x00, 0x6b, 0xb2, 0x00, 0x00, 0x00,
    0x3e, 0xf7, 0x00, 0x00, 0x00, 0x1c, 0xf9, 0x00, 0x00, 0x00, 0x06, 0xba, 0x10, 0x00, 0x00, 0x00,
    0x00, 0x00, 0x00, 0x00, 0x00, 0x00, 0x00, 0x00, 0x00, 0x8b, 0x81, 0x9e, 0xfd, 0x81, 0x0b, 0xfb,
    0xcf, 0xff, 0xff, 0xc0, 0xbf, 0xfc, 0x51, 0x4c, 0xff, 0x6b, 0xff, 0x20, 0x00, 0x1e, 0xfb, 0xbf,
    0xb0, 0x00, 0x00, 0xbf, 0xbb, 0xfb, 0x00, 0x00, 0x0b, 0xfb, 0xbf, 0xb0, 0x00, 0x00, 0xbf, 0xbb,
    0xfb, 0x00, 0x00, 0x0b, 0xfb, 0xbf, 0xb0, 0x00, 0x00, 0xbf, 0xbb, 0xfb, 0x00, 0x00, 0x0b, 0xfb,
    0xbf, 0xb0, 0x00, 0x00, 0xbf, 0xbb, 0xfb, 0x00, 0x00, 0x0b, 0xfb, 0xbf, 0xb0, 0x00, 0x00, 0xbf,
    0xbb, 0xfb, 0x00, 0x00, 0x0b, 0xfb, 0x34, 0x42, 0x00, 0x00, 0x24, 0x3b, 0xff, 0x90, 0x00, 0x08,
    0xfb, 0xbf, 0xfe, 0x00, 0x00, 0x8f, 0xbb, 0xff, 0xf5, 0x00, 0x08, 0xfb, 0xbf, 0xaf, 0xa0, 0x00,
    0x8f, 0xbb, 0xf7, 0xff, 0x10, 0x08, 0xfb, 0xbf, 0x8a, 0xf6, 0x00, 0x8f, 0xbb, 0xf8, 0x6f, 0xa0,
    0x08, 0xfb, 0xbf, 0x81, 0xff, 0x20, 0x8f, 0xbb, 0xf8, 0x0a, 0xf7, 0x08, 0xfb, 0xbf, 0x80, 0x5f,
    0xc0, 0x8f, 0xbb, 0xf8, 0x00, 0xef, 0x28, 0xfb, 0xbf, 0x80, 0x09, 0xf8, 0x8f, 0xbb, 0xf8, 0x00,
    0x5f, 0xd8, 0xfb, 0xbf, 0x80, 0x00, 0xef, 0x7f, 0xbb, 0xf8, 0x00, 0x08, 0xfc, 0xfb, 0xbf, 0x80,
    0x00, 0x3f, 0xff, 0xbb, 0xf8, 0x00, 0x00, 0xdf, 0xfb, 0xbf, 0x80, 0x00, 0x08, 0xff, 0xb0, 0x00,
    0x00, 0x00, 0x00, 0x00, 0x00, 0x00, 0x00, 0x00, 0x00, 0x00, 0x00, 0x01, 0xbb, 0x80, 0x00, 0x00,
    0x00, 0xaf, 0xe2, 0x00, 0x00, 0x00, 0x5f, 0xf5, 0x00, 0x00, 0x00, 0x1e, 0xf8, 0x00, 0x00, 0x00,
    0x8b, 0x81, 0x9e, 0xfd, 0x81, 0x0b, 0xfb, 0xcf, 0xff, 0xff, 0xc0, 0xbf, 0xfc, 0x51, 0x4c, 0xff,
    0x6b, 0xff, 0x20, 0x00, 0x1e, 0xfb, 0xbf, 0xb0, 0x00, 0x00, 0xbf, 0xbb, 0xfb, 0x00, 0x00, 0x0b,
    0xfb, 0xbf, 0xb0, 0x00, 0x00, 0xbf, 0xbb, 0xfb, 0x00, 0x00, 0x0b, 0xfb, 0xbf, 0xb0, 0x00, 0x00,
    0xbf, 0xbb, 0xfb, 0x00, 0x00, 0x0b, 0xfb, 0xbf, 0xb0, 0x00, 0x00, 0xbf, 0xbb, 0xfb, 0x00, 0x00,
    0x0b, 0xfb, 0xbf, 0xb0, 0x00, 0x00, 0xbf, 0xbb, 0xfb, 0x00, 0x00, 0x0b, 0xfb, 0x00, 0x00, 0x00,
    0x00, 0x00, 0x00, 0x00, 0x00, 0x00, 0x00, 0x00, 0x00, 0x00, 0x1b, 0xb8, 0x00, 0x00, 0x00, 0x0a,
    0xfe, 0x20, 0x00, 0x00, 0x05, 0xff, 0x50, 0x00, 0x00, 0x01, 0xef, 0x80, 0x00, 0x00, 0x08, 0xba,
    0x10, 0x1a, 0xb8, 0x00, 0x1c, 0xfc, 0x2c, 0xfc, 0x10, 0x00, 0x1c, 0xff, 0xfc, 0x10, 0x00, 0x00,
    0x1a, 0xba, 0x10, 0x00, 0x00, 0x00, 0x00, 0x00, 0x00, 0x03, 0x44, 0x20, 0x00, 0x02, 0x43, 0xbf,
    0xf9, 0x00, 0x00, 0x8f, 0xbb, 0xff, 0xe0, 0x00, 0x08, 0xfb, 0xbf, 0xff, 0x50, 0x00, 0x8f, 0xbb,
    0xfa, 0xfa, 0x00, 0x08, 0xfb, 0xbf, 0x7f, 0xf1, 0x00, 0x8f, 0xbb, 0xf8, 0xaf, 0x60, 0x08, 0xfb,
    0xbf, 0x86, 0xfa, 0x00, 0x8f, 0xbb, 0xf8, 0x1f, 0xf2, 0x08, 0xfb, 0xbf, 0x80, 0xaf, 0x70, 0x8f,
    0xbb, 0xf8, 0x05, 0xfc, 0x08, 0xfb, 0xbf, 0x80, 0x0e, 0xf2, 0x8f, 0xbb, 0xf8, 0x00, 0x9f, 0x88,
    0xfb, 0xbf, 0x80, 0x05, 0xfd, 0x8f, 0xbb, 0xf8, 0x00, 0x0e, 0xf7, 0xfb, 0xbf, 0x80, 0x00, 0x8f,
    0xcf, 0xbb, 0xf8, 0x00, 0x03, 0xff, 0xfb, 0xbf, 0x80, 0x00, 0x0d, 0xff, 0xbb, 0xf8, 0x00, 0x00,
    0x8f, 0xfb, 0x08, 0xb9, 0x10, 0x08, 0xba, 0x10, 0x1c, 0xfc, 0x19, 0xfe, 0x30, 0x00, 0x1c, 0xfe,
    0xfe, 0x30, 0x00, 0x00, 0x1a, 0xbb, 0x30, 0x00, 0x00, 0x00, 0x00, 0x00, 0x00, 0x00, 0x00, 0x00,
    0x00, 0x00, 0x00, 0x8b, 0x81, 0x9e, 0xfd, 0x81, 0x0b, 0xfb, 0xcf, 0xff, 0xff, 0xc0, 0xbf, 0xfc,
    0x51, 0x4c, 0xff, 0x6b, 0xff, 0x20, 0x00, 0x1e, 0xfb, 0xbf, 0xb0, 0x00, 0x00, 0xbf, 0xbb, 0xfb,
    0x00, 0x00, 0x0b, 0xfb, 0xbf, 0xb0, 0x00, 0x00, 0xbf, 0xbb, 0xfb, 0x00, 0x00, 0x0b, 0xfb, 0xbf,
    0xb0, 0x00, 0x00, 0xbf, 0xbb, 0xfb, 0x00, 0x00, 0x0b, 0xfb, 0xbf, 0xb0, 0x00, 0x00, 0xbf, 0xbb,
    0xfb, 0x00, 0x00, 0x0b, 0xfb, 0xbf, 0xb0, 0x00, 0x00, 0xbf, 0xbb, 0xfb, 0x00, 0x00, 0x0b, 0xfb,
    0x00, 0x2b, 0xb7, 0x00, 0x00, 0x00, 0x00, 0x00, 0xbf, 0xd1, 0x00, 0x00, 0x00, 0x00, 0x07, 0xff,
    0x30, 0x00, 0x00, 0x00, 0x00, 0x1a, 0xb7, 0x00, 0x00, 0x00, 0x00, 0x00, 0x00, 0x00, 0x00, 0x00,
    0x00, 0x00, 0x00, 0x00, 0x00, 0x00, 0x00, 0x00, 0x00, 0x00, 0x00, 0x08, 0xb8, 0x19, 0xef, 0xd8,
    0x10, 0x00, 0x0b, 0xfb, 0xcf, 0xff, 0xff, 0xc0, 0x00, 0x0b, 0xff, 0xc5, 0x14, 0xcf, 0xf6, 0x00,
    0x0b, 0xff, 0x20, 0x00, 0x1e, 0xfb, 0x00, 0x0b, 0xfb, 0x00, 0x00, 0x0b, 0xfb, 0x00, 0x0b, 0xfb,
    0x00, 0x00, 0x0b, 0xfb, 0x00, 0x0b, 0xfb, 0x00, 0x00, 0x0b, 0xfb, 0x00, 0x0b, 0xfb, 0x00, 0x00,
    0x0b, 0xfb, 0x00, 0x0b, 0xfb, 0x00, 0x00, 0x0b, 0xfb, 0x00, 0x0b, 0xfb, 0x00, 0x00, 0x0b, 0xfb,
    0x00, 0x0b, 0xfb, 0x00, 0x00, 0x0b, 0xfb, 0x00, 0x0b, 0xfb, 0x00, 0x00, 0x0b, 0xfb, 0x00, 0x0b,
    0xfb, 0x00, 0x00, 0x0b, 0xfb, 0x00, 0x0b, 0xfb, 0x00, 0x00, 0x0b, 0xfb, 0x34, 0x42, 0x00, 0x00,
    0x24, 0x3b, 0xff, 0x90, 0x00, 0x08, 0xfb, 0xbf, 0xff, 0x10, 0x00, 0x8f, 0xbb, 0xff, 0xf7, 0x00,
    0x08, 0xfb, 0xbf, 0x9f, 0xd0, 0x00, 0x8f, 0xbb, 0xf5, 0xef, 0x50, 0x08, 0xfb, 0xbf, 0x88, 0xfa,
    0x00, 0x8f, 0xbb, 0xf8, 0x2f, 0xf2, 0x08, 0xfb, 0xbf, 0x80, 0xbf, 0x80, 0x8f, 0xbb, 0xf8, 0x05,
    0xfd, 0x08, 0xfb, 0xbf, 0x80, 0x0d, 0xf5, 0x8f, 0xbb, 0xf8, 0x00, 0x8f, 0xa8, 0xfb, 0xbf, 0x80,
    0x02, 0xff, 0x6f, 0xbb, 0xf8, 0x00, 0x09, 0xfb, 0xfb, 0xbf, 0x80, 0x00, 0x4f, 0xff, 0xbb, 0xf8,
    0x00, 0x00, 0xdf, 0xfb, 0xbf, 0x80, 0x00, 0x07, 0xff, 0xbb, 0xf8, 0x00, 0x00, 0x1e, 0xfb, 0xbf,
    0x80, 0x00, 0x00, 0x9f, 0xb0, 0x00, 0x00, 0x00, 0x0c, 0xfb, 0x00, 0x00, 0x00, 0x06, 0xff, 0x80,
    0x00, 0x0b, 0xbd, 0xff, 0xe1, 0x00, 0x00, 0xff, 0xff, 0xc3, 0x00, 0x00, 0x08, 0x88, 0x30, 0x00,
    0x8b, 0x81, 0x9e, 0xfd, 0x81, 0x0b, 0xfb, 0xcf, 0xff, 0xff, 0xb0, 0xbf, 0xec, 0x51, 0x4c, 0xff,
    0x6b, 0xff, 0x20, 0x00, 0x1e, 0xfa, 0xbf, 0xb0, 0x00, 0x00, 0xbf, 0xbb, 0xfb, 0x00, 0x00, 0x0b,
    0xfb, 0xbf, 0xb0, 0x00, 0x00, 0xbf, 0xbb, 0xfb, 0x00, 0x00, 0x0b, 0xfb, 0xbf, 0xb0, 0x00, 0x00,
    0xbf, 0xbb, 0xfb, 0x00, 0x00, 0x0b, 0xfb, 0xbf, 0xb0, 0x00, 0x00, 0xbf, 0xbb, 0xfb, 0x00, 0x00,
    0x0b, 0xfb, 0xbf, 0xb0, 0x00, 0x00, 0xbf, 0xbb, 0xfb, 0x00, 0x00, 0x0b, 0xfb, 0x00, 0x00, 0x00,
    0x00, 0xcf, 0xb0, 0x00, 0x00, 0x00, 0x7f, 0xf7, 0x00, 0x00, 0xbb, 0xdf, 0xfd, 0x10, 0x00, 0x0f,
    0xff, 0xfb, 0x20, 0x00, 0x00, 0x88, 0x83, 0x00, 0x00, 0x08, 0xff, 0xff, 0xff, 0xf8, 0x00, 0x8f,
    0xff, 0xff, 0xff, 0x80, 0x00, 0x00, 0x00, 0x00, 0x00, 0x00, 0x00, 0x00, 0x00, 0x00, 0x00, 0x00,
    0x03, 0x78, 0x73, 0x00, 0x00, 0x1b, 0xff, 0xff, 0xfb, 0x20, 0x1c, 0xff, 0xcb, 0xcf, 0xfc, 0x17,
    0xff, 0x60, 0x00, 0x6f, 0xf7, 0xbf, 0xc0, 0x00, 0x00, 0xcf, 0xbe, 0xf8, 0x00, 0x00, 0x08, 0xfe,
    0xff, 0x80, 0x00, 0x00, 0x8f, 0xff, 0xf8, 0x00, 0x00, 0x08, 0xff, 0xff, 0x80, 0x00, 0x00, 0x8f,
    0xff, 0xf8, 0x00, 0x00, 0x08, 0xff, 0xff, 0x80, 0x00, 0x00, 0x8f, 0xff, 0xf8, 0x00, 0x00, 0x08,
    0xff, 0xff, 0x80, 0x00, 0x00, 0x8f, 0xff, 0xf8, 0x00, 0x00, 0x08, 0xff, 0xcf, 0x80, 0x00, 0x00,
    0x8f, 0xca, 0xfd, 0x00, 0x00, 0x0d, 0xfa, 0x6f, 0xf9, 0x10, 0x19, 0xff, 0x60, 0x9f, 0xff, 0xff,
    0xff, 0x90, 0x00, 0x8e, 0xff, 0xfe, 0x80, 0x00, 0x00, 0x03, 0x43, 0x00, 0x00, 0x06, 0xbb, 0xbb,
    0xbb, 0xb6, 0x00, 0x8f, 0xff, 0xff, 0xff, 0x80, 0x02, 0x44, 0x44, 0x44, 0x42, 0x00, 0x00, 0x00,
    0x00, 0x00, 0x00, 0x00, 0x00, 0x00, 0x00, 0x00, 0x00, 0x04, 0xad, 0xfd, 0xa4, 0x00, 0x07, 0xff,
    0xff, 0xff, 0xf7, 0x04, 0xff, 0xc6, 0x46, 0xcf, 0xf4, 0xaf, 0xd1, 0x00, 0x01, 0xdf, 0xae, 0xf8,
    0x00, 0x00, 0x08, 0xfe, 0xff, 0x80, 0x00, 0x00, 0x8f, 0xff, 0xf8, 0x00, 0x00, 0x08, 0xff, 0xff,
    0x80, 0x00, 0x00, 0x8f, 0xff, 0xf8, 0x00, 0x00, 0x08, 0xff, 0xff, 0x80, 0x00, 0x00, 0x8f, 0xfb,
    0xfc, 0x00, 0x00, 0x0c, 0xfb, 0x6f, 0xf9, 0x20, 0x29, 0xff, 0x60, 0xaf, 0xff, 0xff, 0xff, 0xa0,
    0x00, 0x8e, 0xff, 0xfe, 0x80, 0x00, 0x00, 0x02, 0x42, 0x00, 0x00, 0x06, 0xb5, 0x00, 0x05, 0xb6,
    0x00, 0x6f, 0xb0, 0x00, 0xbf, 0x60, 0x00, 0xcf, 0xdb, 0xdf, 0xc0, 0x00, 0x01, 0x8b, 0xfb, 0x81,
    0x00, 0x00, 0x00, 0x00, 0x00, 0x00, 0x00, 0x00, 0x37, 0x87, 0x30, 0x00, 0x01, 0xbf, 0xff, 0xff,
    0xb2, 0x01, 0xcf, 0xfc, 0xbc, 0xff, 0xc1, 0x7f, 0xf6, 0x00, 0x06, 0xff, 0x7b, 0xfc, 0x00, 0x00,
    0x0c, 0xfb, 0xef, 0x80, 0x00, 0x00, 0x8f, 0xef, 0xf8, 0x00, 0x00, 0x08, 0xff, 0xff, 0x80, 0x00,
    0x00, 0x8f, 0xff, 0xf8, 0x00, 0x00, 0x08, 0xff, 0xff, 0x80, 0x00, 0x00, 0x8f, 0xff, 0xf8, 0x00,
    0x00, 0x08, 0xff, 0xff, 0x80, 0x00, 0x00, 0x8f, 0xff, 0xf8, 0x00, 0x00, 0x08, 0xff, 0xff, 0x80,
    0x00, 0x00, 0x8f, 0xfc, 0xf8, 0x00, 0x00, 0x08, 0xfc, 0xaf, 0xd0, 0x00, 0x00, 0xdf, 0xa6, 0xff,
    0x91, 0x01, 0x9f, 0xf6, 0x09, 0xff, 0xff, 0xff, 0xf9, 0x00, 0x08, 0xef, 0xff, 0xe8, 0x00, 0x00,
    0x00, 0x34, 0x30, 0x00, 0x00, 0x06, 0xb4, 0x00, 0x04, 0xb6, 0x00, 0x7f, 0xa0, 0x00, 0xaf, 0x70,
    0x01, 0xdf, 0xb8, 0xbf, 0xd1, 0x00, 0x01, 0x9e, 0xfe, 0x91, 0x00, 0x00, 0x00, 0x00, 0x00, 0x00,
    0x00, 0x00, 0x00, 0x00, 0x00, 0x00, 0x00, 0x4a, 0xdf, 0xda, 0x40, 0x00, 0x7f, 0xff, 0xff, 0xff,
    0x70, 0x4f, 0xfc, 0x64, 0x6c, 0xff, 0x4a, 0xfd, 0x10, 0x00, 0x1d, 0xfa, 0xef, 0x80, 0x00, 0x00,
    0x8f, 0xef, 0xf8, 0x00, 0x00, 0x08, 0xff, 0xff, 0x80, 0x00, 0x00, 0x8f, 0xff, 0xf8, 0x00, 0x00,
    0x08, 0xff, 0xff, 0x80, 0x00, 0x00, 0x8f, 0xff, 0xf8, 0x00, 0x00, 0x08, 0xff, 0xbf, 0xc0, 0x00,
    0x00, 0xcf, 0xb6, 0xff, 0x92, 0x02, 0x9f, 0xf6, 0x0a, 0xff, 0xff, 0xff, 0xfa, 0x00, 0x08, 0xef,
    0xff, 0xe8, 0x00, 0x00, 0x00, 0x24, 0x20, 0x00, 0x00, 0x00, 0x01, 0xab, 0x60, 0x5b, 0xa1, 0x00,
    0x0b, 0xfa, 0x03, 0xef, 0x60, 0x00, 0x8f, 0xc1, 0x1c, 0xf8, 0x00, 0x03, 0xbb, 0x30, 0x7b, 0x80,
    0x00, 0x00, 0x00, 0x00, 0x00, 0x00, 0x00, 0x00, 0x03, 0x78, 0x73, 0x00, 0x00, 0x01, 0xbf, 0xff,
    0xff, 0xb2, 0x00, 0x1c, 0xff, 0xcb, 0xcf, 0xfc, 0x10, 0x7f, 0xf6, 0x00, 0x06, 0xff, 0x70, 0xbf,
    0xc0, 0x00, 0x00, 0xcf, 0xb0, 0xef, 0x80, 0x00, 0x00, 0x8f, 0xe0, 0xff, 0x80, 0x00, 0x00, 0x8f,
    0xf0, 0xff, 0x80, 0x00, 0x00, 0x8f, 0xf0, 0xff, 0x80, 0x00, 0x00, 0x8f, 0xf0, 0xff, 0x80, 0x00,
    0x00, 0x8f, 0xf0, 0xff, 0x80, 0x00, 0x00, 0x8f, 0xf0, 0xff, 0x80, 0x00, 0x00, 0x8f, 0xf0, 0xff,
    0x80, 0x00, 0x00, 0x8f, 0xf0, 0xff, 0x80, 0x00, 0x00, 0x8f, 0xf0, 0xcf, 0x80, 0x00, 0x00, 0x8f,
    0xc0, 0xaf, 0xd0, 0x00, 0x00, 0xdf, 0xa0, 0x6f, 0xf9, 0x10, 0x19, 0xff, 0x60, 0x09, 0xff, 0xff,
    0xff, 0xf9, 0x00, 0x00, 0x8e, 0xff, 0xfe, 0x80, 0x00, 0x00, 0x00, 0x34, 0x30, 0x00, 0x00, 0x00,
    0x01, 0xab, 0x60, 0x4b, 0xb2, 0x00, 0x09, 0xfc, 0x11, 0xef, 0x60, 0x00, 0x6f, 0xe1, 0x0c, 0xf9,
    0x00, 0x01, 0xbb, 0x30, 0x6b, 0xa0, 0x00, 0x00, 0x00, 0x00, 0x00, 0x00, 0x00, 0x00, 0x00, 0x00,
    0x00, 0x00, 0x00, 0x00, 0x4a, 0xdf, 0xda, 0x40, 0x00, 0x07, 0xff, 0xff, 0xff, 0xf7, 0x00, 0x4f,
    0xfc, 0x64, 0x6c, 0xff, 0x40, 0xaf, 0xd1, 0x00, 0x01, 0xdf, 0xa0, 0xef, 0x80, 0x00, 0x00, 0x8f,
    0xe0, 0xff, 0x80, 0x00, 0x00, 0x8f, 0xf0, 0xff, 0x80, 0x00, 0x00, 0x8f, 0xf0, 0xff, 0x80, 0x00,
    0x00, 0x8f, 0xf0, 0xff, 0x80, 0x00, 0x00, 0x8f, 0xf0, 0xff, 0x80, 0x00, 0x00, 0x8f, 0xf0, 0xbf,
    0xc0, 0x00, 0x00, 0xcf, 0xb0, 0x6f, 0xf9, 0x20, 0x29, 0xff, 0x60, 0x0a, 0xff, 0xff, 0xff, 0xfa,
    0x00, 0x00, 0x8e, 0xff, 0xfe, 0x80, 0x00, 0x00, 0x00, 0x24, 0x20, 0x00, 0x00, 0x00, 0x05, 0x87,
    0x11, 0x44, 0x44, 0x44, 0x20, 0x09, 0xff, 0xfc, 0x5f, 0xff, 0xff, 0xf8, 0x07, 0xff, 0xdb, 0xdb,
    0xff, 0xff, 0xff, 0x80, 0xcf, 0xd1, 0x01, 0xcf, 0xf0, 0x00, 0x00, 0x0f, 0xf8, 0x00, 0x07, 0xff,
    0x00, 0x00, 0x00, 0xff, 0x80, 0x00, 0x4f, 0xf0, 0x00, 0x00, 0x0f, 0xf8, 0x00, 0x04, 0xff, 0x00,
    0x00, 0x00, 0xff, 0x80, 0x00, 0x4f, 0xf0, 0x00, 0x00, 0x0f, 0xf8, 0x00, 0x04, 0xff, 0x88, 0x86,
    0x00, 0xff, 0x80, 0x00, 0x4f, 0xff, 0xff, 0xb0, 0x0f, 0xf8, 0x00, 0x04, 0xff, 0xbb, 0xb8, 0x00,
    0xff, 0x80, 0x00, 0x4f, 0xf0, 0x00, 0x00, 0x0f, 0xf8, 0x00, 0x04, 0xff, 0x00, 0x00, 0x00, 0xff,
    0x80, 0x00, 0x4f, 0xf0, 0x00, 0x00, 0x0f, 0xf8, 0x00, 0x04, 0xff, 0x00, 0x00, 0x00, 0xff, 0x80,
    0x00, 0x8f, 0xf0, 0x00, 0x00, 0x0a, 0xfe, 0x40, 0x3e, 0xff, 0x44, 0x44, 0x20, 0x4f, 0xff, 0xff,
    0x9f, 0xff, 0xff, 0xf8, 0x00, 0x6e, 0xff, 0x94, 0xff, 0xff, 0xff, 0x80, 0x00, 0x04, 0x30, 0x00,
    0x00, 0x00, 0x00, 0x00, 0x8d, 0xfd, 0x70, 0x7d, 0xfd, 0x80, 0x00, 0x8f, 0xff, 0xff, 0x8f, 0xff,
    0xff, 0x80, 0x0e, 0xf9, 0x03, 0xef, 0xe3, 0x09, 0xfe, 0x00, 0xff, 0x40, 0x0b, 0xfb, 0x00, 0x2f,
    0xf0, 0x4f, 0xf0, 0x00, 0xbf, 0x80, 0x00, 0xff, 0x04, 0xff, 0x00, 0x0b, 0xf8, 0x00, 0x0f, 0xf0,
    0x4f, 0xf0, 0x00, 0xbf, 0xff, 0xff, 0xff, 0x04, 0xff, 0x00, 0x0b, 0xfd, 0xbb, 0xbb, 0xb0, 0x4f,
    0xf0, 0x00, 0xbf, 0x80, 0x00, 0x00, 0x04, 0xff, 0x00, 0x0b, 0xf8, 0x00, 0x00, 0x00, 0x1f, 0xf3,
    0x00, 0xbf, 0xa0, 0x01, 0x44, 0x00, 0xff, 0x70, 0x1d, 0xfd, 0x10, 0x7f, 0xe0, 0x09, 0xff, 0xbd,
    0xfb, 0xfd, 0xcf, 0xf8, 0x00, 0x1b, 0xff, 0xfa, 0x0a, 0xff, 0xf8, 0x00, 0x00, 0x02, 0x42, 0x00,
    0x02, 0x42, 0x00, 0x00, 0x00, 0x00, 0x00, 0x8b, 0xa1, 0x00, 0x00, 0x00, 0x06, 0xff, 0x40, 0x00,
    0x00, 0x00, 0x3e, 0xf7, 0x00, 0x00, 0x00, 0x00, 0x8b, 0x80, 0x00, 0x00, 0x00, 0x00, 0x00, 0x00,
    0x00, 0x00, 0x34, 0x44, 0x44, 0x41, 0x00, 0x00, 0xbf, 0xff, 0xff, 0xff, 0xb3, 0x00, 0xbf, 0xff,
    0xff, 0xff, 0xfe, 0x30, 0xbf, 0xb0, 0x00, 0x06, 0xef, 0xd0, 0xbf, 0xb0, 0x00, 0x00, 0x8f, 0xf4,
    0xbf, 0xb0, 0x00, 0x00, 0x2f, 0xf8, 0xbf, 0xb0, 0x00, 0x00, 0x2f, 0xf8, 0xbf, 0xb0, 0x00, 0x00,
    0x6f, 0xf4, 0xbf, 0xb0, 0x00, 0x04, 0xef, 0xd0, 0xbf, 0xeb, 0xbb, 0xdf, 0xff, 0x50, 0xbf, 0xff,
    0xff, 0xff, 0xd5, 0x00, 0xbf, 0xc4, 0x48, 0xff, 0x40, 0x00, 0xbf, 0xb0, 0x01, 0xef, 0x90, 0x00,
    0xbf, 0xb0, 0x00, 0x8f, 0xf2, 0x00, 0xbf, 0xb0, 0x00, 0x2f, 0xf9, 0x00, 0xbf, 0xb0, 0x00, 0x09,
    0xff, 0x20, 0xbf, 0xb0, 0x00, 0x02, 0xff, 0x80, 0xbf, 0xb0, 0x00, 0x00, 0xbf, 0xe1, 0xbf, 0xb0,
    0x00, 0x00, 0x4f, 0xf8, 0x00, 0x00, 0x00, 0x1b, 0xb6, 0x00, 0x00, 0x00, 0x00, 0xbf, 0xc1, 0x00,
    0x00, 0x00, 0x08, 0xfe, 0x20, 0x00, 0x00, 0x00, 0x2b, 0xb4, 0x00, 0x00, 0x00, 0x00, 0x00, 0x00,
    0x00, 0x00, 0x00, 0x00, 0x00, 0x00, 0x00, 0x00, 0x3b, 0xb3, 0x5c, 0xff, 0xb4, 0x00, 0x4f, 0xf8,
    0xff, 0xff, 0xff, 0x50, 0x4f, 0xff, 0x84, 0x46, 0xef, 0xe0, 0x4f, 0xf9, 0x00, 0x00, 0x6f, 0xf4,
    0x4f, 0xf4, 0x00, 0x00, 0x3f, 0xf4, 0x4f, 0xf4, 0x00, 0x00, 0x0f, 0xf4, 0x4f, 0xf4, 0x00, 0x00,
    0x04, 0x41, 0x4f, 0xf4, 0x00, 0x00, 0x00, 0x00, 0x4f, 0xf4, 0x00, 0x00, 0x00, 0x00, 0x4f, 0xf4,
    0x00, 0x00, 0x00, 0x00, 0x4f, 0xf4, 0x00, 0x00, 0x00, 0x00, 0x4f, 0xf4, 0x00, 0x00, 0x00, 0x00,
    0x4f, 0xf4, 0x00, 0x00, 0x00, 0x00, 0x4f, 0xf4, 0x00, 0x00, 0x00, 0x00, 0x34, 0x44, 0x44, 0x41,
    0x00, 0x00, 0xbf, 0xff, 0xff, 0xff, 0xb3, 0x00, 0xbf, 0xff, 0xff, 0xff, 0xfe, 0x30, 0xbf, 0xb0,
    0x00, 0x06, 0xef, 0xd0, 0xbf, 0xb0, 0x00, 0x00, 0x8f, 0xf4, 0xbf, 0xb0, 0x00, 0x00, 0x2f, 0xf8,
    0xbf, 0xb0, 0x00, 0x00, 0x2f, 0xf8, 0xbf, 0xb0, 0x00, 0x00, 0x6f, 0xf4, 0xbf, 0xb0, 0x00, 0x04,
    0xef, 0xd0, 0xbf, 0xeb, 0xbb, 0xdf, 0xff, 0x50, 0xbf, 0xff, 0xff, 0xff, 0xd5, 0x00, 0xbf, 0xc4,
    0x48, 0xff, 0x40, 0x00, 0xbf, 0xb0, 0x01, 0xef, 0x90, 0x00, 0xbf, 0xb0, 0x00, 0x8f, 0xf2, 0x00,
    0xbf, 0xb0, 0x00, 0x2f, 0xf9, 0x00, 0xbf, 0xb0, 0x00, 0x09, 0xff, 0x20, 0xbf, 0xb0, 0x00, 0x02,
    0xff, 0x80, 0xbf, 0xb0, 0x00, 0x00, 0xbf, 0xe1, 0xbf, 0xb0, 0x00, 0x00, 0x4f, 0xf8, 0x00, 0x00,
    0x00, 0x00, 0x00, 0x00, 0x00, 0x00, 0x00, 0x00, 0x00, 0x00, 0x00, 0x00, 0x1b, 0xb8, 0x00, 0x00,
    0x00, 0x00, 0xaf, 0xe2, 0x00, 0x00, 0x00, 0x05, 0xff, 0x50, 0x00, 0x00, 0x00, 0x1e, 0xf8, 0x00,
    0x00, 0x00, 0x00, 0x3b, 0xb3, 0x5c, 0xff, 0xb4, 0x00, 0x00, 0x4f, 0xf8, 0xff, 0xff, 0xff, 0x50,
    0x00, 0x4f, 0xff, 0x84, 0x46, 0xef, 0xe0, 0x00, 0x4f, 0xf9, 0x00, 0x00, 0x6f, 0xf4, 0x00, 0x4f,
    0xf4, 0x00, 0x00, 0x3f, 0xf4, 0x00, 0x4f, 0xf4, 0x00, 0x00, 0x0f, 0xf4, 0x00, 0x4f, 0xf4, 0x00,
    0x00, 0x04, 0x41, 0x00, 0x4f, 0xf4, 0x00, 0x00, 0x00, 0x00, 0x00, 0x4f, 0xf4, 0x00, 0x00, 0x00,
    0x00, 0x00, 0x4f, 0xf4, 0x00, 0x00, 0x00, 0x00, 0x00, 0x4f, 0xf4, 0x00, 0x00, 0x00, 0x00, 0x00,
    0x4f, 0xf4, 0x00, 0x00, 0x00, 0x00, 0x00, 0x4f, 0xf4, 0x00, 0x00, 0x00, 0x00, 0x00, 0x4f, 0xf4,
    0x00, 0x00, 0x00, 0x00, 0x00, 0x00, 0x00, 0x00, 0x00, 0x00, 0x00, 0x00, 0x00, 0x00, 0x00, 0x00,
    0x00, 0x00, 0x00, 0x1a, 0xb9, 0x00, 0x00, 0x00, 0x00, 0x00, 0x8f, 0xf3, 0x00, 0x00, 0x00, 0x00,
    0x03, 0xff, 0x70, 0x00, 0x00, 0x00, 0x00, 0x0c, 0xfa, 0x00, 0x00, 0x00, 0x00, 0x00, 0x08, 0xba,
    0x10, 0x1a, 0xb8, 0x00, 0x01, 0xcf, 0xc2, 0xcf, 0xc1, 0x00, 0x00, 0x1c, 0xff, 0xfc, 0x10, 0x00,
    0x00, 0x01, 0xab, 0xa1, 0x00, 0x00, 0x00, 0x00, 0x00, 0x00, 0x00, 0x00, 0x34, 0x44, 0x44, 0x41,
    0x00, 0x00, 0xbf, 0xff, 0xff, 0xff, 0xb3, 0x00, 0xbf, 0xff, 0xff, 0xff, 0xfe, 0x30, 0xbf, 0xb0,
    0x00, 0x06, 0xef, 0xd0, 0xbf, 0xb0, 0x00, 0x00, 0x8f, 0xf4, 0xbf, 0xb0, 0x00, 0x00, 0x2f, 0xf8,
    0xbf, 0xb0, 0x00, 0x00, 0x2f, 0xf8, 0xbf, 0xb0, 0x00, 0x00, 0x6f, 0xf4, 0xbf, 0xb0, 0x00, 0x04,
    0xef, 0xd0, 0xbf, 0xeb, 0xbb, 0xdf, 0xff, 0x50, 0xbf, 0xff, 0xff, 0xff, 0xd5, 0x00, 0xbf, 0xc4,
    0x48, 0xff, 0x40, 0x00, 0xbf, 0xb0, 0x01, 0xef, 0x90, 0x00, 0xbf, 0xb0, 0x00, 0x8f, 0xf2, 0x00,
    0xbf, 0xb0, 0x00, 0x2f, 0xf9, 0x00, 0xbf, 0xb0, 0x00, 0x09, 0xff, 0x20, 0xbf, 0xb0, 0x00, 0x02,
    0xff, 0x80, 0xbf, 0xb0, 0x00, 0x00, 0xbf, 0xe1, 0xbf, 0xb0, 0x00, 0x00, 0x4f, 0xf8, 0x06, 0xbb,
    0x30, 0x03, 0xbb, 0x50, 0x00, 0x9f, 0xe3, 0x3e, 0xf9, 0x00, 0x00, 0x09, 0xfe, 0xef, 0x90, 0x00,
    0x00, 0x00, 0x8b, 0xb8, 0x00, 0x00, 0x00, 0x00, 0x00, 0x00, 0x00, 0x00, 0x00, 0x00, 0x00, 0x00,
    0x00, 0x00, 0x3b, 0xb3, 0x5c, 0xff, 0xb4, 0x00, 0x4f, 0xf8, 0xff, 0xff, 0xff, 0x50, 0x4f, 0xff,
    0x84, 0x46, 0xef, 0xe0, 0x4f, 0xf9, 0x00, 0x00, 0x6f, 0xf4, 0x4f, 0xf4, 0x00, 0x00, 0x3f, 0xf4,
    0x4f, 0xf4, 0x00, 0x00, 0x0f, 0xf4, 0x4f, 0xf4, 0x00, 0x00, 0x04, 0x41, 0x4f, 0xf4, 0x00, 0x00,
    0x00, 0x00, 0x4f, 0xf4, 0x00, 0x00, 0x00, 0x00, 0x4f, 0xf4, 0x00, 0x00, 0x00, 0x00, 0x4f, 0xf4,
    0x00, 0x00, 0x00, 0x00, 0x4f, 0xf4, 0x00, 0x00, 0x00, 0x00, 0x4f, 0xf4, 0x00, 0x00, 0x00, 0x00,
    0x4f, 0xf4, 0x00, 0x00, 0x00, 0x00, 0x00, 0x00, 0x00, 0x08, 0xba, 0x10, 0x00, 0x00, 0x00, 0x06,
    0xff, 0x40, 0x00, 0x00, 0x00, 0x03, 0xef, 0x70, 0x00, 0x00, 0x00, 0x00, 0x8b, 0x80, 0x00, 0x00,
    0x00, 0x00, 0x00, 0x00, 0x00, 0x00, 0x00, 0x00, 0x03, 0x88, 0x73, 0x00, 0x00, 0x00, 0x3b, 0xff,
    0xff, 0xfb, 0x10, 0x00, 0x1e, 0xff, 0xcb, 0xcf, 0xfc, 0x10, 0x08, 0xff, 0x60, 0x00, 0x6f, 0xf7,
    0x00, 0xbf, 0xa0, 0x00, 0x00, 0xcf, 0xb0, 0x0b, 0xf8, 0x00, 0x00, 0x03, 0x43, 0x00, 0xbf, 0xc0,
    0x00, 0x00, 0x00, 0x00, 0x07, 0xff, 0x91, 0x00, 0x00, 0x00, 0x00, 0x1c, 0xff, 0xfc, 0x83, 0x00,
    0x00, 0x00, 0x1b, 0xff, 0xff, 0xfd, 0x30, 0x00, 0x00, 0x03, 0x8b, 0xff, 0xfe, 0x30, 0x00, 0x00,
    0x00, 0x01, 0x7f, 0xfb, 0x00, 0x00, 0x00, 0x00, 0x00, 0x8f, 0xf2, 0x00, 0x00, 0x00, 0x00, 0x04,
    0xff, 0x44, 0xff, 0x40, 0x00, 0x00, 0x4f, 0xf4, 0x2f, 0xf8, 0x00, 0x00, 0x08, 0xff, 0x20, 0xbf,
    0xf8, 0x10, 0x17, 0xff, 0xb0, 0x02, 0xef, 0xff, 0xff, 0xff, 0xe2, 0x00, 0x01, 0x9f, 0xff, 0xff,
    0x92, 0x00, 0x00, 0x00, 0x04, 0x44, 0x00, 0x00, 0x00, 0x00, 0x00, 0x00, 0x7b, 0xa1, 0x00, 0x00,
    0x00, 0x4f, 0xf6, 0x00, 0x00, 0x00, 0x1e, 0xf8, 0x00, 0x00, 0x00, 0x08, 0xb9, 0x00, 0x00, 0x00,
    0x00, 0x00, 0x00, 0x00, 0x00, 0x00, 0x00, 0x00, 0x00, 0x00, 0x01, 0x8c, 0xff, 0xfb, 0x81, 0x01,
    0xef, 0xff, 0xff, 0xff, 0xc1, 0x9f, 0xf7, 0x10, 0x17, 0xff, 0x8b, 0xf9, 0x00, 0x00, 0x08, 0xb8,
    0xbf, 0x90, 0x00, 0x00, 0x00, 0x09, 0xff, 0x98, 0x43, 0x00, 0x00, 0x2e, 0xff, 0xff, 0xff, 0xc4,
    0x00, 0x18, 0xbe, 0xff, 0xff, 0xf4, 0x00, 0x00, 0x00, 0x46, 0xef, 0xb0, 0x00, 0x00, 0x00, 0x08,
    0xff, 0xbb, 0x60, 0x00, 0x00, 0x8f, 0xfc, 0xfd, 0x30, 0x00, 0x2d, 0xfc, 0x5f, 0xff, 0xff, 0xff,
    0xff, 0x50, 0x5c, 0xff, 0xff, 0xfc, 0x50, 0x00, 0x01, 0x44, 0x41, 0x00, 0x00, 0x00, 0x00, 0x1a,
    0xba, 0x10, 0x00, 0x00, 0x00, 0x1c, 0xff, 0xfc, 0x10, 0x00, 0x00, 0x1c, 0xfc, 0x2c, 0xfc, 0x10,
    0x00, 0x08, 0xba, 0x10, 0x1a, 0xb8, 0x00, 0x00, 0x00, 0x00, 0x00, 0x00, 0x00, 0x00, 0x00, 0x03,
    0x88, 0x73, 0x00, 0x00, 0x00, 0x3b, 0xff, 0xff, 0xfb, 0x10, 0x00, 0x1e, 0xff, 0xcb, 0xcf, 0xfc,
    0x10, 0x08, 0xff, 0x60, 0x00, 0x6f, 0xf7, 0x00, 0xbf, 0xa0, 0x00, 0x00, 0xcf, 0xb0, 0x0b, 0xf8,
    0x00, 0x00, 0x03, 0x43, 0x00, 0xbf, 0xc0, 0x00, 0x00, 0x00, 0x00, 0x07, 0xff, 0x91, 0x00, 0x00,
    0x00, 0x00, 0x1c, 0xff, 0xfc, 0x83, 0x00, 0x00, 0x00, 0x1b, 0xff, 0xff, 0xfd, 0x30, 0x00, 0x00,
    0x03, 0x8b, 0xff, 0xfe, 0x30, 0x00, 0x00, 0x00, 0x01, 0x7f, 0xfb, 0x00, 0x00, 0x00, 0x00, 0x00,
    0x8f, 0xf2, 0x00, 0x00, 0x00, 0x00, 0x04, 0xff, 0x44, 0xff, 0x40, 0x00, 0x00, 0x4f, 0xf4, 0x2f,
    0xf8, 0x00, 0x00, 0x08, 0xff, 0x20, 0xbf, 0xf8, 0x10, 0x17, 0xff, 0xb0, 0x02, 0xef, 0xff, 0xff,
    0xff, 0xe2, 0x00, 0x01, 0x9f, 0xff, 0xff, 0x92, 0x00, 0x00, 0x00, 0x04, 0x44, 0x00, 0x00, 0x00,
    0x00, 0x01, 0xab, 0x80, 0x00, 0x00, 0x01, 0xcf, 0xff, 0x90, 0x00, 0x01, 0xcf, 0xc2, 0xcf, 0x90,
    0x00, 0x8b, 0xa1, 0x01, 0xab, 0x60, 0x00, 0x00, 0x00, 0x00, 0x00, 0x00, 0x00, 0x00, 0x00, 0x00,
    0x00, 0x01, 0x8c, 0xff, 0xfb, 0x81, 0x01, 0xef, 0xff, 0xff, 0xff, 0xc1, 0x9f, 0xf7, 0x10, 0x17,
    0xff, 0x8b, 0xf9, 0x00, 0x00, 0x08, 0xb8, 0xbf, 0x90, 0x00, 0x00, 0x00, 0x09, 0xff, 0x98, 0x43,
    0x00, 0x00, 0x2e, 0xff, 0xff, 0xff, 0xc4, 0x00, 0x18, 0xbe, 0xff, 0xff, 0xf4, 0x00, 0x00, 0x00,
    0x46, 0xef, 0xb0, 0x00, 0x00, 0x00, 0x08, 0xff, 0xbb, 0x60, 0x00, 0x00, 0x8f, 0xfc, 0xfd, 0x30,
    0x00, 0x2d, 0xfc, 0x5f, 0xff, 0xff, 0xff, 0xff, 0x50, 0x5c, 0xff, 0xff, 0xfc, 0x50, 0x00, 0x01,
    0x44, 0x41, 0x00, 0x00, 0x00, 0x00, 0x38, 0x87, 0x30, 0x00, 0x00, 0x03, 0xbf, 0xff, 0xff, 0xb1,
    0x00, 0x01, 0xef, 0xfc, 0xbc, 0xff, 0xc1, 0x00, 0x8f, 0xf6, 0x00, 0x06, 0xff, 0x70, 0x0b, 0xfa,
    0x00, 0x00, 0x0c, 0xfb, 0x00, 0xbf, 0x80, 0x00, 0x00, 0x34, 0x30, 0x0b, 0xfc, 0x00, 0x00, 0x00,
    0x00, 0x00, 0x7f, 0xf9, 0x10, 0x00, 0x00, 0x00, 0x01, 0xcf, 0xff, 0xc8, 0x30, 0x00, 0x00, 0x01,
    0xbf, 0xff, 0xff, 0xd3, 0x00, 0x00, 0x00, 0x38, 0xbf, 0xff, 0xe3, 0x00, 0x00, 0x00, 0x00, 0x17,
    0xff, 0xb0, 0x00, 0x00, 0x00, 0x00, 0x08, 0xff, 0x20, 0x00, 0x00, 0x00, 0x00, 0x4f, 0xf4, 0x4f,
    0xf4, 0x00, 0x00, 0x04, 0xff, 0x42, 0xff, 0x80, 0x00, 0x00, 0x8f, 0xf2, 0x0b, 0xff, 0x81, 0x01,
    0x7f, 0xfb, 0x00, 0x2e, 0xff, 0xff, 0xff, 0xfe, 0x20, 0x00, 0x19, 0xff, 0xff, 0xf9, 0x20, 0x00,
    0x00, 0x02, 0xf8, 0x40, 0x00, 0x00, 0x00, 0x00, 0x5b, 0xfd, 0x50, 0x00, 0x00, 0x00, 0x00, 0x02,
    0xff, 0x30, 0x00, 0x00, 0x00, 0x44, 0x7f, 0xf4, 0x00, 0x00, 0x00, 0x0f, 0xff, 0xf8, 0x00, 0x00,
    0x00, 0x00, 0x44, 0x30, 0x00, 0x00, 0x00, 0x01, 0x8c, 0xff, 0xfb, 0x81, 0x01, 0xef, 0xff, 0xff,
    0xff, 0xc1, 0x9f, 0xf7, 0x10, 0x17, 0xff, 0x8b, 0xf9, 0x00, 0x00, 0x08, 0xb8, 0xbf, 0x90, 0x00,
    0x00, 0x00, 0x09, 0xff, 0x98, 0x43, 0x00, 0x00, 0x2e, 0xff, 0xff, 0xff, 0xc4, 0x00, 0x18, 0xbe,
    0xff, 0xff, 0xf4, 0x00, 0x00, 0x00, 0x46, 0xef, 0xb0, 0x00, 0x00, 0x00, 0x08, 0xff, 0xbb, 0x60,
    0x00, 0x00, 0x8f, 0xfc, 0xfd, 0x30, 0x00, 0x2d, 0xfc, 0x5f, 0xff, 0xff, 0xff, 0xff, 0x50, 0x5c,
    0xff, 0xff, 0xfc, 0x50, 0x00, 0x01, 0xea, 0x41, 0x00, 0x00, 0x00, 0x2b, 0xee, 0x80, 0x00, 0x00,
    0x00, 0x01, 0xcf, 0x70, 0x00, 0x00, 0x34, 0x5e, 0xf8, 0x00, 0x00, 0x0b, 0xff, 0xfb, 0x10, 0x00,
    0x00, 0x34, 0x40, 0x00, 0x00, 0x00, 0x8b, 0xa1, 0x01, 0xab, 0x80, 0x00, 0x01, 0xcf, 0xc2, 0xcf,
    0xc1, 0x00, 0x00, 0x01, 0xcf, 0xff, 0xc1, 0x00, 0x00, 0x00, 0x01, 0xab, 0xa1, 0x00, 0x00, 0x00,
    0x00, 0x00, 0x00, 0x00, 0x00, 0x00, 0x00, 0x03, 0x88, 0x73, 0x00, 0x00, 0x00, 0x3b, 0xff, 0xff,
    0xfb, 0x10, 0x00, 0x1e, 0xff, 0xcb, 0xcf, 0xfc, 0x10, 0x08, 0xff, 0x60, 0x00, 0x6f, 0xf7, 0x00,
    0xbf, 0xa0, 0x00, 0x00, 0xcf, 0xb0, 0x0b, 0xf8, 0x00, 0x00, 0x03, 0x43, 0x00, 0xbf, 0xc0, 0x00,
    0x00, 0x00, 0x00, 0x07, 0xff, 0x91, 0x00, 0x00, 0x00, 0x00, 0x1c, 0xff, 0xfc, 0x83, 0x00, 0x00,
    0x00, 0x1b, 0xff, 0xff, 0xfd, 0x30, 0x00, 0x00, 0x03, 0x8b, 0xff, 0xfe, 0x30, 0x00, 0x00, 0x00,
    0x01, 0x7f, 0xfb, 0x00, 0x00, 0x00, 0x00, 0x00, 0x8f, 0xf2, 0x00, 0x00, 0x00, 0x00, 0x04, 0xff,
    0x44, 0xff, 0x40, 0x00, 0x00, 0x4f, 0xf4, 0x2f, 0xf8, 0x00, 0x00, 0x08, 0xff, 0x20, 0xbf, 0xf8,
    0x10, 0x17, 0xff, 0xb0, 0x02, 0xef, 0xff, 0xff, 0xff, 0xe2, 0x00, 0x01, 0x9f, 0xff, 0xff, 0x92,
    0x00, 0x00, 0x00, 0x04, 0x44, 0x00, 0x00, 0x00, 0x1a, 0xb8, 0x00, 0x08, 0xba, 0x00, 0x3e, 0xf9,
    0x09, 0xfe, 0x30, 0x00, 0x3e, 0xfd, 0xfe, 0x30, 0x00, 0x00, 0x3b, 0xbb, 0x30, 0x00, 0x00, 0x00,
    0x00, 0x00, 0x00, 0x00, 0x00, 0x00, 0x00, 0x00, 0x00, 0x01, 0x8c, 0xff, 0xfb, 0x81, 0x01, 0xef,
    0xff, 0xff, 0xff, 0xc1, 0x9f, 0xf7, 0x10, 0x17, 0xff, 0x8b, 0xf9, 0x00, 0x00, 0x08, 0xb8, 0xbf,
    0x90, 0x00, 0x00, 0x00, 0x09, 0xff, 0x98, 0x43, 0x00, 0x00, 0x2e, 0xff, 0xff, 0xff, 0xc4, 0x00,
    0x18, 0xbe, 0xff, 0xff, 0xf4, 0x00, 0x00, 0x00, 0x46, 0xef, 0xb0, 0x00, 0x00, 0x00, 0x08, 0xff,
    0xbb, 0x60, 0x00, 0x00, 0x8f, 0xfc, 0xfd, 0x30, 0x00, 0x2d, 0xfc, 0x5f, 0xff, 0xff, 0xff, 0xff,
    0x50, 0x5c, 0xff, 0xff, 0xfc, 0x50, 0x00, 0x01, 0x44, 0x41, 0x00, 0x00, 0x34, 0x44, 0x44, 0x44,
    0x44, 0x44, 0x3b, 0xff, 0xff, 0xff, 0xff, 0xff, 0xfb, 0xbf, 0xff, 0xff, 0xff, 0xff, 0xff, 0xb0,
    0x00, 0x00, 0xbf, 0xb0, 0x00, 0x00, 0x00, 0x00, 0x0b, 0xfb, 0x00, 0x00, 0x00, 0x00, 0x00, 0xbf,
    0xb0, 0x00, 0x00, 0x00, 0x00, 0x0b, 0xfb, 0x00, 0x00, 0x00, 0x00, 0x00, 0xbf, 0xb0, 0x00, 0x00,
    0x00, 0x00, 0x0b, 0xfb, 0x00, 0x00, 0x00, 0x00, 0x00, 0xbf, 0xb0, 0x00, 0x00, 0x00, 0x00, 0x0b,
    0xfb, 0x00, 0x00, 0x00, 0x00, 0x00, 0xbf, 0xb0, 0x00, 0x00, 0x00, 0x00, 0x0b, 0xfb, 0x00, 0x00,
    0x00, 0x00, 0x00, 0xbf, 0xb0, 0x00, 0x00, 0x00, 0x00, 0x0b, 0xfb, 0x00, 0x00, 0x00, 0x00, 0x00,
    0xbf, 0xb0, 0x00, 0x00, 0x00, 0x00, 0x0b, 0xfb, 0x00, 0x00, 0x00, 0x00, 0x00, 0xbf, 0xb0, 0x00,
    0x00, 0x00, 0x00, 0x0b, 0xfb, 0x00, 0x00, 0x00, 0x00, 0x00, 0x0e, 0x80, 0x00, 0x00, 0x00, 0x00,
    0x03, 0xbf, 0xd8, 0x00, 0x00, 0x00, 0x00, 0x00, 0x1d, 0xf6, 0x00, 0x00, 0x00, 0x03, 0x46, 0xef,
    0x70, 0x00, 0x00, 0x00, 0xbf, 0xff, 0x90, 0x00, 0x00, 0x00, 0x03, 0x44, 0x00, 0x00, 0x00, 0x00,
    0x00, 0xbb, 0x60, 0x00, 0x00, 0x00, 0x00, 0x0f, 0xf8, 0x00, 0x00, 0x00, 0x00, 0x00, 0xff, 0x80,
    0x00, 0x00, 0x00, 0x00, 0x0f, 0xf8, 0x00, 0x00, 0x00, 0xbb, 0xbb, 0xff, 0xdb, 0xbb, 0xbb, 0x0f,
    0xff, 0xff, 0xff, 0xff, 0xff, 0xf0, 0x88, 0x88, 0xff, 0xb8, 0x88, 0x88, 0x00, 0x00, 0x0f, 0xf8,
    0x00, 0x00, 0x00, 0x00, 0x00, 0xff, 0x80, 0x00, 0x00, 0x00, 0x00, 0x0f, 0xf8, 0x00, 0x00, 0x00,
    0x00, 0x00, 0xff, 0x80, 0x00, 0x00, 0x00, 0x00, 0x0f, 0xf8, 0x00, 0x00, 0x00, 0x00, 0x00, 0xff,
    0x80, 0x00, 0x00, 0x00, 0x00, 0x0f, 0xf8, 0x00, 0x00, 0x00, 0x00, 0x00, 0xff, 0x80, 0x00, 0x00,
    0x00, 0x00, 0x0c, 0xfe, 0x54, 0x44, 0x40, 0x00, 0x00, 0x5f, 0xff, 0xff, 0xff, 0x00, 0x00, 0x00,
    0x5c, 0xff, 0xff, 0xf0, 0x00, 0x00, 0x00, 0x9d, 0x00, 0x00, 0x00, 0x00, 0x00, 0x0a, 0xdf, 0x91,
    0x00, 0x00, 0x00, 0x00, 0x00, 0x9f, 0xa0, 0x00, 0x00, 0x00, 0x24, 0x4c, 0xfb, 0x00, 0x00, 0x00,
    0x08, 0xff, 0xfd, 0x30, 0x00, 0x00, 0x00, 0x24, 0x41, 0x00, 0x00, 0x00, 0x8b, 0xa1, 0x01, 0xab,
    0x80, 0x00, 0x01, 0xcf, 0xc2, 0xcf, 0xc1, 0x00, 0x00, 0x01, 0xcf, 0xff, 0xc1, 0x00, 0x00, 0x00,
    0x01, 0xab, 0xa1, 0x00, 0x00, 0x00, 0x00, 0x00, 0x00, 0x00, 0x00, 0x03, 0x44, 0x44, 0x44, 0x44,
    0x44, 0x43, 0xbf, 0xff, 0xff, 0xff, 0xff, 0xff, 0xbb, 0xff, 0xff, 0xff, 0xff, 0xff, 0xfb, 0x00,
    0x00, 0x0b, 0xfb, 0x00, 0x00, 0x00, 0x00, 0x00, 0xbf, 0xb0, 0x00, 0x00, 0x00, 0x00, 0x0b, 0xfb,
    0x00, 0x00, 0x00, 0x00, 0x00, 0xbf, 0xb0, 0x00, 0x00, 0x00, 0x00, 0x0b, 0xfb, 0x00, 0x00, 0x00,
    0x00, 0x00, 0xbf, 0xb0, 0x00, 0x00, 0x00, 0x00, 0x0b, 0xfb, 0x00, 0x00, 0x00, 0x00, 0x00, 0xbf,
    0xb0, 0x00, 0x00, 0x00, 0x00, 0x0b, 0xfb, 0x00, 0x00, 0x00, 0x00, 0x00, 0xbf, 0xb0, 0x00, 0x00,
    0x00, 0x00, 0x0b, 0xfb, 0x00, 0x00, 0x00, 0x00, 0x00, 0xbf, 0xb0, 0x00, 0x00, 0x00, 0x00, 0x0b,
    0xfb, 0x00, 0x00, 0x00, 0x00, 0x00, 0xbf, 0xb0, 0x00, 0x00, 0x00, 0x00, 0x0b, 0xfb, 0x00, 0x00,
    0x00, 0x00, 0x00, 0xbf, 0xb0, 0x00, 0x00, 0x00, 0x00, 0x00, 0x00, 0x00, 0x00, 0x00, 0x00, 0x00,
    0x00, 0x04, 0xfd, 0x00, 0x00, 0x00, 0x00, 0x00, 0x8f, 0xb0, 0x00, 0x00, 0x0b, 0xb6, 0x08, 0xf9,
    0x00, 0x00, 0x00, 0xff, 0x80, 0x8f, 0x80, 0x00, 0x00, 0x0f, 0xf8, 0x06, 0x83, 0x00, 0x00, 0x00,
    0xff, 0x80, 0x00, 0x00, 0x0b, 0xbb, 0xbf, 0xfd, 0xbb, 0xbb, 0xb0, 0xff, 0xff, 0xff, 0xff, 0xff,
    0xff, 0x08, 0x88, 0x8f, 0xfb, 0x88, 0x88, 0x80, 0x00, 0x00, 0xff, 0x80, 0x00, 0x00, 0x00, 0x00,
    0x0f, 0xf8, 0x00, 0x00, 0x00, 0x00, 0x00, 0xff, 0x80, 0x00, 0x00, 0x00, 0x00, 0x0f, 0xf8, 0x00,
    0x00, 0x00, 0x00, 0x00, 0xff, 0x80, 0x00, 0x00, 0x00, 0x00, 0x0f, 0xf8, 0x00, 0x00, 0x00, 0x00,
    0x00, 0xff, 0x80, 0x00, 0x00, 0x00, 0x00, 0x0f, 0xf8, 0x00, 0x00, 0x00, 0x00, 0x00, 0xcf, 0xe5,
    0x44, 0x44, 0x00, 0x00, 0x05, 0xff, 0xff, 0xff, 0xf0, 0x00, 0x00, 0x05, 0xcf, 0xff, 0xff, 0x00,
    0x34, 0x44, 0x44, 0x44, 0x44, 0x44, 0x3b, 0xff, 0xff, 0xff, 0xff, 0xff, 0xfb, 0xbf, 0xff, 0xff,
    0xff, 0xff, 0xff, 0xb0, 0x00, 0x00, 0xbf, 0xb0, 0x00, 0x00, 0x00, 0x00, 0x0b, 0xfb, 0x00, 0x00,
    0x00, 0x00, 0x00, 0xbf, 0xb0, 0x00, 0x00, 0x00, 0x00, 0x0b, 0xfb, 0x00, 0x00, 0x00, 0x00, 0x00,
    0xbf, 0xb0, 0x00, 0x00, 0x00, 0x00, 0x0b, 0xfb, 0x00, 0x00, 0x00, 0x14, 0x44, 0xcf, 0xc4, 0x44,
    0x10, 0x04, 0xff, 0xff, 0xff, 0xff, 0xf4, 0x00, 0x3b, 0xbb, 0xef, 0xeb, 0xbb, 0x30, 0x00, 0x00,
    0x0b, 0xfb, 0x00, 0x00, 0x00, 0x00, 0x00, 0xbf, 0xb0, 0x00, 0x00, 0x00, 0x00, 0x0b, 0xfb, 0x00,
    0x00, 0x00, 0x00, 0x00, 0xbf, 0xb0, 0x00, 0x00, 0x00, 0x00, 0x0b, 0xfb, 0x00, 0x00, 0x00, 0x00,
    0x00, 0xbf, 0xb0, 0x00, 0x00, 0x00, 0x00, 0x0b, 0xfb, 0x00, 0x00, 0x00, 0x00, 0x00, 0xbb, 0x60,
    0x00, 0x00, 0x00, 0x00, 0x0f, 0xf8, 0x00, 0x00, 0x00, 0x00, 0x00, 0xff, 0x80, 0x00, 0x00, 0x00,
    0x00, 0x0f, 0xf8, 0x00, 0x00, 0x00, 0xbb, 0xbb, 0xff, 0xdb, 0xbb, 0xbb, 0x0f, 0xff, 0xff, 0xff,
    0xff, 0xff, 0xf0, 0x88, 0x88, 0xff, 0xb8, 0x88, 0x88, 0x00, 0x00, 0x0f, 0xf8, 0x00, 0x00, 0x00,
    0x00, 0x00, 0xff, 0x80, 0x00, 0x00, 0x00, 0x00, 0x0f, 0xf8, 0x00, 0x00, 0x00, 0x0f, 0xff, 0xff,
    0xff, 0xff, 0xf0, 0x00, 0xff, 0xff, 0xff, 0xff, 0xff, 0x00, 0x00, 0x00, 0xff, 0x80, 0x00, 0x00,
    0x00, 0x00, 0x0f, 0xf8, 0x00, 0x00, 0x00, 0x00, 0x00, 0xff, 0x80, 0x00, 0x00, 0x00, 0x00, 0x0c,
    0xfe, 0x54, 0x44, 0x40, 0x00, 0x00, 0x5f, 0xff, 0xff, 0xff, 0x00, 0x00, 0x00, 0x5c, 0xff, 0xff,
    0xf0, 0x00, 0x5a, 0x82, 0x02, 0x84, 0x00, 0x4f, 0xff, 0xe3, 0x5f, 0x80, 0x08, 0xf4, 0x3e, 0xff,
    0xf4, 0x00, 0x48, 0x00, 0x28, 0xa5, 0x00, 0x00, 0x00, 0x00, 0x00, 0x00, 0x03, 0x42, 0x00, 0x00,
    0x02, 0x43, 0xbf, 0x80, 0x00, 0x00, 0x8f, 0xbb, 0xf8, 0x00, 0x00, 0x08, 0xfb, 0xbf, 0x80, 0x00,
    0x00, 0x8f, 0xbb, 0xf8, 0x00, 0x00, 0x08, 0xfb, 0xbf, 0x80, 0x00, 0x00, 0x8f, 0xbb, 0xf8, 0x00,
    0x00, 0x08, 0xfb, 0xbf, 0x80, 0x00, 0x00, 0x8f, 0xbb, 0xf8, 0x00, 0x00, 0x08, 0xfb, 0xbf, 0x80,
    0x00, 0x00, 0x8f, 0xbb, 0xf8, 0x00, 0x00, 0x08, 0xfb, 0xbf, 0x80, 0x00, 0x00, 0x8f, 0xbb, 0xf8,
    0x00, 0x00, 0x08, 0xfb, 0xbf, 0x80, 0x00, 0x00, 0x8f, 0xbb, 0xfb, 0x00, 0x00, 0x09, 0xfb, 0xaf,
    0xd0, 0x00, 0x00, 0xdf, 0xa6, 0xff, 0x91, 0x01, 0x9f, 0xf6, 0x0b, 0xff, 0xff, 0xff, 0xfc, 0x00,
    0x18, 0xef, 0xff, 0xe8, 0x10, 0x00, 0x00, 0x44, 0x40, 0x00, 0x00, 0x00, 0x48, 0x71, 0x02, 0x84,
    0x00, 0x4f, 0xff, 0xc1, 0x4f, 0x80, 0x08, 0xf6, 0x4e, 0xee, 0xf6, 0x00, 0x6b, 0x00, 0x3a, 0xb8,
    0x00, 0x00, 0x00, 0x00, 0x00, 0x00, 0x00, 0x00, 0x00, 0x00, 0x00, 0x00, 0x8b, 0x60, 0x00, 0x00,
    0x8b, 0x8b, 0xf8, 0x00, 0x00, 0x0b, 0xfb, 0xbf, 0x80, 0x00, 0x00, 0xbf, 0xbb, 0xf8, 0x00, 0x00,
    0x0b, 0xfb, 0xbf, 0x80, 0x00, 0x00, 0xbf, 0xbb, 0xf8, 0x00, 0x00, 0x0b, 0xfb, 0xbf, 0x80, 0x00,
    0x00, 0xbf, 0xbb, 0xf8, 0x00, 0x00, 0x0b, 0xfb, 0xbf, 0x80, 0x00, 0x00, 0xbf, 0xbb, 0xfb, 0x00,
    0x00, 0x0b, 0xfb, 0xaf, 0xd0, 0x00, 0x00, 0xdf, 0xa6, 0xff, 0x91, 0x01, 0x9f, 0xf6, 0x09, 0xff,
    0xff, 0xff, 0xf9, 0x00, 0x08, 0xef, 0xff, 0xe8, 0x00, 0x00, 0x00, 0x34, 0x30, 0x00, 0x00, 0x08,
    0xff, 0xff, 0xff, 0xf8, 0x00, 0x8f, 0xff, 0xff, 0xff, 0x80, 0x00, 0x00, 0x00, 0x00, 0x00, 0x00,
    0x00, 0x00, 0x00, 0x00, 0x00, 0x34, 0x20, 0x00, 0x00, 0x24, 0x3b, 0xf8, 0x00, 0x00, 0x08, 0xfb,
    0xbf, 0x80, 0x00, 0x00, 0x8f, 0xbb, 0xf8, 0x00, 0x00, 0x08, 0xfb, 0xbf, 0x80, 0x00, 0x00, 0x8f,
    0xbb, 0xf8, 0x00, 0x00, 0x08, 0xfb, 0xbf, 0x80, 0x00, 0x00, 0x8f, 0xbb, 0xf8, 0x00, 0x00, 0x08,
    0xfb, 0xbf, 0x80, 0x00, 0x00, 0x8f, 0xbb, 0xf8, 0x00, 0x00, 0x08, 0xfb, 0xbf, 0x80, 0x00, 0x00,
    0x8f, 0xbb, 0xf8, 0x00, 0x00, 0x08, 0xfb, 0xbf, 0x80, 0x00, 0x00, 0x8f, 0xbb, 0xf8, 0x00, 0x00,
    0x08, 0xfb, 0xbf, 0xb0, 0x00, 0x00, 0x9f, 0xba, 0xfd, 0x00, 0x00, 0x0d, 0xfa, 0x6f, 0xf9, 0x10,
    0x19, 0xff, 0x60, 0xbf, 0xff, 0xff, 0xff, 0xc0, 0x01, 0x8e, 0xff, 0xfe, 0x81, 0x00, 0x00, 0x04,
    0x44, 0x00, 0x00, 0x06, 0xbb, 0xbb, 0xbb, 0xb6, 0x00, 0x8f, 0xff, 0xff, 0xff, 0x80, 0x02, 0x44,
    0x44, 0x44, 0x42, 0x00, 0x00, 0x00, 0x00, 0x00, 0x00, 0x00, 0x00, 0x00, 0x00, 0x00, 0x08, 0xb6,
    0x00, 0x00, 0x08, 0xb8, 0xbf, 0x80, 0x00, 0x00, 0xbf, 0xbb, 0xf8, 0x00, 0x00, 0x0b, 0xfb, 0xbf,
    0x80, 0x00, 0x00, 0xbf, 0xbb, 0xf8, 0x00, 0x00, 0x0b, 0xfb, 0xbf, 0x80, 0x00, 0x00, 0xbf, 0xbb,
    0xf8, 0x00, 0x00, 0x0b, 0xfb, 0xbf, 0x80, 0x00, 0x00, 0xbf, 0xbb, 0xf8, 0x00, 0x00, 0x0b, 0xfb,
    0xbf, 0xb0, 0x00, 0x00, 0xbf, 0xba, 0xfd, 0x00, 0x00, 0x0d, 0xfa, 0x6f, 0xf9, 0x10, 0x19, 0xff,
    0x60, 0x9f, 0xff, 0xff, 0xff, 0x90, 0x00, 0x8e, 0xff, 0xfe, 0x80, 0x00, 0x00, 0x03, 0x43, 0x00,
    0x00, 0x06, 0xb5, 0x00, 0x05, 0xb6, 0x00, 0x6f, 0xb0, 0x00, 0xbf, 0x60, 0x00, 0xcf, 0xdb, 0xdf,
    0xc0, 0x00, 0x01, 0x8b, 0xfb, 0x81, 0x00, 0x00, 0x00, 0x00, 0x00, 0x00, 0x03, 0x42, 0x00, 0x00,
    0x02, 0x43, 0xbf, 0x80, 0x00, 0x00, 0x8f, 0xbb, 0xf8, 0x00, 0x00, 0x08, 0xfb, 0xbf, 0x80, 0x00,
    0x00, 0x8f, 0xbb, 0xf8, 0x00, 0x00, 0x08, 0xfb, 0xbf, 0x80, 0x00, 0x00, 0x8f, 0xbb, 0xf8, 0x00,
    0x00, 0x08, 0xfb, 0xbf, 0x80, 0x00, 0x00, 0x8f, 0xbb, 0xf8, 0x00, 0x00, 0x08, 0xfb, 0xbf, 0x80,
    0x00, 0x00, 0x8f, 0xbb, 0xf8, 0x00, 0x00, 0x08, 0xfb, 0xbf, 0x80, 0x00, 0x00, 0x8f, 0xbb, 0xf8,
    0x00, 0x00, 0x08, 0xfb, 0xbf, 0x80, 0x00, 0x00, 0x8f, 0xbb, 0xfb, 0x00, 0x00, 0x09, 0xfb, 0xaf,
    0xd0, 0x00, 0x00, 0xdf, 0xa6, 0xff, 0x91, 0x01, 0x9f, 0xf6, 0x0b, 0xff, 0xff, 0xff, 0xfc, 0x00,
    0x18, 0xef, 0xff, 0xe8, 0x10, 0x00, 0x00, 0x44, 0x40, 0x00, 0x00, 0x06, 0xb4, 0x00, 0x04, 0xb6,
    0x00, 0x7f, 0xa0, 0x00, 0xaf, 0x70, 0x01, 0xdf, 0xb8, 0xbf, 0xd1, 0x00, 0x01, 0x9e, 0xfe, 0x91,
    0x00, 0x00, 0x00, 0x00, 0x00, 0x00, 0x00, 0x00, 0x00, 0x00, 0x00, 0x00, 0x8b, 0x60, 0x00, 0x00,
    0x8b, 0x8b, 0xf8, 0x00, 0x00, 0x0b, 0xfb, 0xbf, 0x80, 0x00, 0x00, 0xbf, 0xbb, 0xf8, 0x00, 0x00,
    0x0b, 0xfb, 0xbf, 0x80, 0x00, 0x00, 0xbf, 0xbb, 0xf8, 0x00, 0x00, 0x0b, 0xfb, 0xbf, 0x80, 0x00,
    0x00, 0xbf, 0xbb, 0xf8, 0x00, 0x00, 0x0b, 0xfb, 0xbf, 0x80, 0x00, 0x00, 0xbf, 0xbb, 0xfb, 0x00,
    0x00, 0x0b, 0xfb, 0xaf, 0xd0, 0x00, 0x00, 0xdf, 0xa6, 0xff, 0x91, 0x01, 0x9f, 0xf6, 0x09, 0xff,
    0xff, 0xff, 0xf9, 0x00, 0x08, 0xef, 0xff, 0xe8, 0x00, 0x00, 0x00, 0x34, 0x30, 0x00, 0x00, 0x00,
    0x05, 0xbf, 0xb5, 0x00, 0x00, 0x03, 0xfc, 0x8c, 0xf3, 0x00, 0x00, 0x8f, 0x10, 0x1f, 0x80, 0x00,
    0x08, 0xf1, 0x01, 0xf8, 0x00, 0x00, 0x3f, 0xc8, 0xcf, 0x30, 0x00, 0x00, 0x5b, 0xfb, 0x50, 0x00,
    0x34, 0x20, 0x00, 0x00, 0x24, 0x3b, 0xf8, 0x00, 0x00, 0x08, 0xfb, 0xbf, 0x80, 0x00, 0x00, 0x8f,
    0xbb, 0xf8, 0x00, 0x00, 0x08, 0xfb, 0xbf, 0x80, 0x00, 0x00, 0x8f, 0xbb, 0xf8, 0x00, 0x00, 0x08,
    0xfb, 0xbf, 0x80, 0x00, 0x00, 0x8f, 0xbb, 0xf8, 0x00, 0x00, 0x08, 0xfb, 0xbf, 0x80, 0x00, 0x00,
    0x8f, 0xbb, 0xf8, 0x00, 0x00, 0x08, 0xfb, 0xbf, 0x80, 0x00, 0x00, 0x8f, 0xbb, 0xf8, 0x00, 0x00,
    0x08, 0xfb, 0xbf, 0x80, 0x00, 0x00, 0x8f, 0xbb, 0xf8, 0x00, 0x00, 0x08, 0xfb, 0xbf, 0xb0, 0x00,
    0x00, 0x9f, 0xba, 0xfd, 0x00, 0x00, 0x0d, 0xfa, 0x6f, 0xf9, 0x10, 0x19, 0xff, 0x60, 0xbf, 0xff,
    0xff, 0xff, 0xc0, 0x01, 0x8e, 0xff, 0xfe, 0x81, 0x00, 0x00, 0x04, 0x44, 0x00, 0x00, 0x00, 0x05,
    0xdf, 0xd5, 0x00, 0x00, 0x04, 0xfb, 0x8b, 0xf4, 0x00, 0x00, 0x8f, 0x10, 0x1f, 0x80, 0x00, 0x08,
    0xf2, 0x02, 0xf8, 0x00, 0x00, 0x2e, 0xd8, 0xde, 0x20, 0x00, 0x00, 0x3a, 0xba, 0x30, 0x00, 0x00,
    0x00, 0x00, 0x00, 0x00, 0x08, 0xb6, 0x00, 0x00, 0x08, 0xb8, 0xbf, 0x80, 0x00, 0x00, 0xbf, 0xbb,
    0xf8, 0x00, 0x00, 0x0b, 0xfb, 0xbf, 0x80, 0x00, 0x00, 0xbf, 0xbb, 0xf8, 0x00, 0x00, 0x0b, 0xfb,
    0xbf, 0x80, 0x00, 0x00, 0xbf, 0xbb, 0xf8, 0x00, 0x00, 0x0b, 0xfb, 0xbf, 0x80, 0x00, 0x00, 0xbf,
    0xbb, 0xf8, 0x00, 0x00, 0x0b, 0xfb, 0xbf, 0xb0, 0x00, 0x00, 0xbf, 0xba, 0xfd, 0x00, 0x00, 0x0d,
    0xfa, 0x6f, 0xf9, 0x10, 0x19, 0xff, 0x60, 0x9f, 0xff, 0xff, 0xff, 0x90, 0x00, 0x8e, 0xff, 0xfe,
    0x80, 0x00, 0x00, 0x03, 0x43, 0x00, 0x00, 0x00, 0x01, 0xab, 0x60, 0x5b, 0xa1, 0x00, 0x0b, 0xfa,
    0x03, 0xef, 0x60, 0x00, 0x8f, 0xc1, 0x1c, 0xf8, 0x00, 0x03, 0xbb, 0x30, 0x7b, 0x80, 0x00, 0x00,
    0x00, 0x00, 0x00, 0x00, 0x00, 0x34, 0x20, 0x00, 0x00, 0x24, 0x30, 0xbf, 0x80, 0x00, 0x00, 0x8f,
    0xb0, 0xbf, 0x80, 0x00, 0x00, 0x8f, 0xb0, 0xbf, 0x80, 0x00, 0x00, 0x8f, 0xb0, 0xbf, 0x80, 0x00,
    0x00, 0x8f, 0xb0, 0xbf, 0x80, 0x00, 0x00, 0x8f, 0xb0, 0xbf, 0x80, 0x00, 0x00, 0x8f, 0xb0, 0xbf,
    0x80, 0x00, 0x00, 0x8f, 0xb0, 0xbf, 0x80, 0x00, 0x00, 0x8f, 0xb0, 0xbf, 0x80, 0x00, 0x00, 0x8f,
    0xb0, 0xbf, 0x80, 0x00, 0x00, 0x8f, 0xb0, 0xbf, 0x80, 0x00, 0x00, 0x8f, 0xb0, 0xbf, 0x80, 0x00,
    0x00, 0x8f, 0xb0, 0xbf, 0x80, 0x00, 0x00, 0x8f, 0xb0, 0xbf, 0xb0, 0x00, 0x00, 0x9f, 0xb0, 0xaf,
    0xd0, 0x00, 0x00, 0xdf, 0xa0, 0x6f, 0xf9, 0x10, 0x19, 0xff, 0x60, 0x0b, 0xff, 0xff, 0xff, 0xfc,
    0x00, 0x01, 0x8e, 0xff, 0xfe, 0x81, 0x00, 0x00, 0x00, 0x44, 0x40, 0x00, 0x00, 0x00, 0x01, 0xab,
    0x60, 0x4b, 0xb2, 0x00, 0x09, 0xfc, 0x11, 0xef, 0x60, 0x00, 0x6f, 0xe1, 0x0c, 0xf9, 0x00, 0x01,
    0xbb, 0x30, 0x6b, 0xa0, 0x00, 0x00, 0x00, 0x00, 0x00, 0x00, 0x00, 0x00, 0x00, 0x00, 0x00, 0x00,
    0x00, 0x8b, 0x60, 0x00, 0x00, 0x8b, 0x80, 0xbf, 0x80, 0x00, 0x00, 0xbf, 0xb0, 0xbf, 0x80, 0x00,
    0x00, 0xbf, 0xb0, 0xbf, 0x80, 0x00, 0x00, 0xbf, 0xb0, 0xbf, 0x80, 0x00, 0x00, 0xbf, 0xb0, 0xbf,
    0x80, 0x00, 0x00, 0xbf, 0xb0, 0xbf, 0x80, 0x00, 0x00, 0xbf, 0xb0, 0xbf, 0x80, 0x00, 0x00, 0xbf,
    0xb0, 0xbf, 0x80, 0x00, 0x00, 0xbf, 0xb0, 0xbf, 0xb0, 0x00, 0x00, 0xbf, 0xb0, 0xaf, 0xd0, 0x00,
    0x00, 0xdf, 0xa0, 0x6f, 0xf9, 0x10, 0x19, 0xff, 0x60, 0x09, 0xff, 0xff, 0xff, 0xf9, 0x00, 0x00,
    0x8e, 0xff, 0xfe, 0x80, 0x00, 0x00, 0x00, 0x34, 0x30, 0x00, 0x00, 0x34, 0x20, 0x00, 0x00, 0x24,
    0x3b, 0xf8, 0x00, 0x00, 0x08, 0xfb, 0xbf, 0x80, 0x00, 0x00, 0x8f, 0xbb, 0xf8, 0x00, 0x00, 0x08,
    0xfb, 0xbf, 0x80, 0x00, 0x00, 0x8f, 0xbb, 0xf8, 0x00, 0x00, 0x08, 0xfb, 0xbf, 0x80, 0x00, 0x00,
    0x8f, 0xbb, 0xf8, 0x00, 0x00, 0x08, 0xfb, 0xbf, 0x80, 0x00, 0x00, 0x8f, 0xbb, 0xf8, 0x00, 0x00,
    0x08, 0xfb, 0xbf, 0x80, 0x00, 0x00, 0x8f, 0xbb, 0xf8, 0x00, 0x00, 0x08, 0xfb, 0xbf, 0x80, 0x00,
    0x00, 0x8f, 0xbb, 0xf8, 0x00, 0x00, 0x08, 0xfb, 0xbf, 0xb0, 0x00, 0x00, 0x9f, 0xba, 0xfd, 0x00,
    0x00, 0x0d, 0xfa, 0x6f, 0xf9, 0x10, 0x19, 0xff, 0x60, 0xaf, 0xff, 0xff, 0xff, 0xb0, 0x00, 0x8e,
    0xff, 0xff, 0x91, 0x00, 0x00, 0x03, 0x9f, 0x80, 0x00, 0x00, 0x00, 0x4f, 0xc0, 0x00, 0x00, 0x00,
    0x0a, 0xf8, 0x00, 0x00, 0x00, 0x00, 0x8f, 0xf8, 0x84, 0x00, 0x00, 0x01, 0xbf, 0xff, 0x80, 0x00,
    0x00, 0x00, 0x04, 0x42, 0x00, 0x8b, 0x60, 0x00, 0x00, 0x8b, 0x8b, 0xf8, 0x00, 0x00, 0x0b, 0xfb,
    0xbf, 0x80, 0x00, 0x00, 0xbf, 0xbb, 0xf8, 0x00, 0x00, 0x0b, 0xfb, 0xbf, 0x80, 0x00, 0x00, 0xbf,
    0xbb, 0xf8, 0x00, 0x00, 0x0b, 0xfb, 0xbf, 0x80, 0x00, 0x00, 0xbf, 0xbb, 0xf8, 0x00, 0x00, 0x0b,
    0xfb, 0xbf, 0x80, 0x00, 0x00, 0xbf, 0xbb, 0xfb, 0x00, 0x00, 0x0b, 0xfb, 0xaf, 0xd0, 0x00, 0x00,
    0xdf, 0xa6, 0xff, 0x91, 0x01, 0x9f, 0xf6, 0x0a, 0xff, 0xff, 0xff, 0xfb, 0x00, 0x08, 0xef, 0xff,
    0xf9, 0x00, 0x00, 0x00, 0x3c, 0xf6, 0x00, 0x00, 0x00, 0x06, 0xfa, 0x00, 0x00, 0x00, 0x00, 0xbf,
    0x80, 0x00, 0x00, 0x00, 0x0a, 0xfe, 0x88, 0x20, 0x00, 0x00, 0x1b, 0xff, 0xf4, 0x00, 0x00, 0x00,
    0x01, 0x44, 0x10, 0x00, 0x00, 0x01, 0xab, 0xa1, 0x00, 0x00, 0x00, 0x00, 0x01, 0xcf, 0xff, 0xc1,
    0x00, 0x00, 0x00, 0x01, 0xcf, 0xc2, 0xcf, 0xc1, 0x00, 0x00, 0x00, 0x8b, 0xa1, 0x01, 0xab, 0x80,
    0x00, 0x00, 0x00, 0x00, 0x00, 0x00, 0x00, 0x00, 0x02, 0x43, 0x00, 0x03, 0x43, 0x00, 0x02, 0x42,
    0x8f, 0xb0, 0x00, 0xbf, 0xe0, 0x00, 0xbf, 0x84, 0xfc, 0x00, 0x0e, 0xff, 0x00, 0x0b, 0xf5, 0x4f,
    0xf0, 0x00, 0xfe, 0xf2, 0x00, 0xdf, 0x41, 0xff, 0x00, 0x3f, 0x9f, 0x40, 0x0f, 0xf1, 0x0f, 0xf3,
    0x04, 0xf8, 0xf6, 0x01, 0xff, 0x00, 0xdf, 0x40, 0x8f, 0x4f, 0x80, 0x4f, 0xd0, 0x0b, 0xf5, 0x08,
    0xf0, 0xf9, 0x04, 0xfb, 0x00, 0x9f, 0x80, 0xbe, 0x0c, 0xb0, 0x7f, 0x90, 0x08, 0xf8, 0x0c, 0xb0,
    0xbd, 0x08, 0xf8, 0x00, 0x7f, 0xb0, 0xf9, 0x09, 0xf0, 0x8f, 0x60, 0x04, 0xfb, 0x1f, 0x80, 0x8f,
    0x2b, 0xf4, 0x00, 0x4f, 0xd4, 0xf6, 0x06, 0xf4, 0xbf, 0x30, 0x00, 0xff, 0x5f, 0x40, 0x4f, 0x5f,
    0xf0, 0x00, 0x0f, 0xf8, 0xf2, 0x03, 0xf8, 0xfe, 0x00, 0x00, 0xbf, 0xbf, 0x00, 0x0f, 0x8f, 0xb0,
    0x00, 0x0b, 0xff, 0xd0, 0x00, 0xef, 0xfb, 0x00, 0x00, 0x8f, 0xfb, 0x00, 0x0b, 0xff, 0x80, 0x00,
    0x08, 0xff, 0x90, 0x00, 0xbf, 0xf8, 0x00, 0x00, 0x00, 0x01, 0xab, 0x80, 0x00, 0x00, 0x00, 0x00,
    0x01, 0xcf, 0xff, 0x90, 0x00, 0x00, 0x00, 0x01, 0xcf, 0xc2, 0xcf, 0x90, 0x00, 0x00, 0x00, 0x8b,
    0xa1, 0x01, 0xab, 0x60, 0x00, 0x00, 0x00, 0x00, 0x00, 0x00, 0x00, 0x00, 0x00, 0x00, 0x00, 0x00,
    0x00, 0x00, 0x00, 0x00, 0x3b, 0x80, 0x00, 0x8b, 0x80, 0x00, 0x8b, 0x32, 0xff, 0x00, 0x0d, 0xfd,
    0x00, 0x0d, 0xf2, 0x0f, 0xf1, 0x01, 0xff, 0xf1, 0x00, 0xff, 0x00, 0xbf, 0x40, 0x4f, 0x9f, 0x40,
    0x3f, 0xb0, 0x09, 0xf6, 0x07, 0xf8, 0xf7, 0x04, 0xf9, 0x00, 0x8f, 0x80, 0x8f, 0x0f, 0x80, 0x8f,
    0x70, 0x04, 0xfa, 0x0b, 0xc0, 0xdb, 0x09, 0xf4, 0x00, 0x3f, 0xb0, 0xfa, 0x0b, 0xf0, 0xbf, 0x10,
    0x00, 0xff, 0x2f, 0x80, 0x8f, 0x2e, 0xe0, 0x00, 0x0c, 0xf5, 0xf5, 0x06, 0xf4, 0xfb, 0x00, 0x00,
    0xaf, 0xbf, 0x30, 0x4f, 0xbf, 0x80, 0x00, 0x08, 0xfb, 0xf0, 0x00, 0xfb, 0xf7, 0x00, 0x00, 0x5f,
    0xec, 0x00, 0x0e, 0xff, 0x40, 0x00, 0x03, 0xff, 0xa0, 0x00, 0xbf, 0xf1, 0x00, 0x00, 0x00, 0x01,
    0xab, 0xa1, 0x00, 0x00, 0x00, 0x00, 0x01, 0xcf, 0xff, 0xc1, 0x00, 0x00, 0x00, 0x01, 0xcf, 0xc2,
    0xcf, 0xc1, 0x00, 0x00, 0x00, 0x8b, 0xa1, 0x01, 0xab, 0x80, 0x00, 0x00, 0x00, 0x00, 0x00, 0x00,
    0x00, 0x00, 0x01, 0x44, 0x20, 0x00, 0x00, 0x00, 0x24, 0x41, 0x0d, 0xfb, 0x00, 0x00, 0x00, 0x0a,
    0xfd, 0x00, 0x6f, 0xf4, 0x00, 0x00, 0x02, 0xff, 0x60, 0x00, 0xdf, 0xb0, 0x00, 0x00, 0x9f, 0xd0,
    0x00, 0x06, 0xff, 0x20, 0x00, 0x2f, 0xf6, 0x00, 0x00, 0x0d, 0xf9, 0x00, 0x08, 0xfe, 0x00, 0x00,
    0x00, 0x8f, 0xf2, 0x01, 0xef, 0x80, 0x00, 0x00, 0x01, 0xef, 0x90, 0x8f, 0xe1, 0x00, 0x00, 0x00,
    0x08, 0xff, 0x1e, 0xf8, 0x00, 0x00, 0x00, 0x00, 0x1e, 0xfb, 0xfe, 0x10, 0x00, 0x00, 0x00, 0x00,
    0x8f, 0xff, 0x90, 0x00, 0x00, 0x00, 0x00, 0x02, 0xff, 0xf2, 0x00, 0x00, 0x00, 0x00, 0x00, 0x0b,
    0xfb, 0x00, 0x00, 0x00, 0x00, 0x00, 0x00, 0xbf, 0xb0, 0x00, 0x00, 0x00, 0x00, 0x00, 0x0b, 0xfb,
    0x00, 0x00, 0x00, 0x00, 0x00, 0x00, 0xbf, 0xb0, 0x00, 0x00, 0x00, 0x00, 0x00, 0x0b, 0xfb, 0x00,
    0x00, 0x00, 0x00, 0x00, 0x00, 0xbf, 0xb0, 0x00, 0x00, 0x00, 0x00, 0x00, 0x0b, 0xfb, 0x00, 0x00,
    0x00, 0x00, 0x00, 0x1a, 0xb8, 0x00, 0x00, 0x00, 0x00, 0x1c, 0xff, 0xf9, 0x00, 0x00, 0x00, 0x1c,
    0xfc, 0x2c, 0xf9, 0x00, 0x00, 0x08, 0xba, 0x10, 0x1a, 0xb6, 0x00, 0x00, 0x00, 0x00, 0x00, 0x00,
    0x00, 0x00, 0x00, 0x00, 0x00, 0x00, 0x00, 0x00, 0x7b, 0xb0, 0x00, 0x00, 0x00, 0xbb, 0x84, 0xff,
    0x60, 0x00, 0x00, 0x5f, 0xf5, 0x0d, 0xfb, 0x00, 0x00, 0x09, 0xfe, 0x00, 0x7f, 0xf2, 0x00, 0x01,
    0xef, 0x80, 0x01, 0xff, 0x80, 0x00, 0x6f, 0xf3, 0x00, 0x09, 0xfd, 0x00, 0x0a, 0xfc, 0x00, 0x00,
    0x4f, 0xf4, 0x01, 0xff, 0x70, 0x00, 0x00, 0xdf, 0x90, 0x6f, 0xf1, 0x00, 0x00, 0x08, 0xff, 0x1c,
    0xfa, 0x00, 0x00, 0x00, 0x2f, 0xf8, 0xff, 0x50, 0x00, 0x00, 0x00, 0xaf, 0xdf, 0xe0, 0x00, 0x00,
    0x00, 0x05, 0xff, 0xf8, 0x00, 0x00, 0x00, 0x00, 0x0d, 0xff, 0x30, 0x00, 0x00, 0x00, 0x00, 0xcf,
    0xc0, 0x00, 0x00, 0x00, 0x00, 0x2f, 0xf7, 0x00, 0x00, 0x00, 0x00, 0x08, 0xff, 0x10, 0x00, 0x00,
    0x00, 0x00, 0xdf, 0xa0, 0x00, 0x00, 0x00, 0x00, 0x4f, 0xf5, 0x00, 0x00, 0x00, 0x00, 0x04, 0x88,
    0x00, 0x00, 0x00, 0x00, 0x00, 0x03, 0xa8, 0x00, 0x08, 0xa3, 0x00, 0x00, 0x00, 0xef, 0xf4, 0x04,
    0xff, 0xe0, 0x00, 0x00, 0x0e, 0xff, 0x40, 0x4f, 0xfe, 0x00, 0x00, 0x00, 0x38, 0x70, 0x00, 0x78,
    0x30, 0x00, 0x00, 0x00, 0x00, 0x00, 0x00, 0x00, 0x00, 0x01, 0x44, 0x20, 0x00, 0x00, 0x00, 0x24,
    0x41, 0x0d, 0xfb, 0x00, 0x00, 0x00, 0x0a, 0xfd, 0x00, 0x6f, 0xf4, 0x00, 0x00, 0x02, 0xff, 0x60,
    0x00, 0xdf, 0xb0, 0x00, 0x00, 0x9f, 0xd0, 0x00, 0x06, 0xff, 0x20, 0x00, 0x2f, 0xf6, 0x00, 0x00,
    0x0d, 0xf9, 0x00, 0x08, 0xfe, 0x00, 0x00, 0x00, 0x8f, 0xf2, 0x01, 0xef, 0x80, 0x00, 0x00, 0x01,
    0xef, 0x90, 0x8f, 0xe1, 0x00, 0x00, 0x00, 0x08, 0xff, 0x1e, 0xf8, 0x00, 0x00, 0x00, 0x00, 0x1e,
    0xfb, 0xfe, 0x10, 0x00, 0x00, 0x00, 0x00, 0x8f, 0xff, 0x90, 0x00, 0x00, 0x00, 0x00, 0x02, 0xff,
    0xf2, 0x00, 0x00, 0x00, 0x00, 0x00, 0x0b, 0xfb, 0x00, 0x00, 0x00, 0x00, 0x00, 0x00, 0xbf, 0xb0,
    0x00, 0x00, 0x00, 0x00, 0x00, 0x0b, 0xfb, 0x00, 0x00, 0x00, 0x00, 0x00, 0x00, 0xbf, 0xb0, 0x00,
    0x00, 0x00, 0x00, 0x00, 0x0b, 0xfb, 0x00, 0x00, 0x00, 0x00, 0x00, 0x00, 0xbf, 0xb0, 0x00, 0x00,
    0x00, 0x00, 0x00, 0x0b, 0xfb, 0x00, 0x00, 0x00, 0x00, 0x00, 0x00, 0x8b, 0xa1, 0x00, 0x00, 0x00,
    0x6f, 0xf4, 0x00, 0x00, 0x00, 0x3e, 0xf7, 0x00, 0x00, 0x00, 0x08, 0xb8, 0x00, 0x00, 0x00, 0x00,
    0x00, 0x00, 0x00, 0x03, 0x44, 0x44, 0x44, 0x44, 0x43, 0xbf, 0xff, 0xff, 0xff, 0xff, 0xbb, 0xff,
    0xff, 0xff, 0xff, 0xfb, 0x00, 0x00, 0x00, 0x04, 0xff, 0x80, 0x00, 0x00, 0x00, 0xcf, 0xd0, 0x00,
    0x00, 0x00, 0x6f, 0xf4, 0x00, 0x00, 0x00, 0x1e, 0xfa, 0x00, 0x00, 0x00, 0x08, 0xff, 0x20, 0x00,
    0x00, 0x03, 0xff, 0x80, 0x00, 0x00, 0x00, 0xbf, 0xd1, 0x00, 0x00, 0x00, 0x5f, 0xf5, 0x00, 0x00,
    0x00, 0x1d, 0xfb, 0x00, 0x00, 0x00, 0x08, 0xff, 0x30, 0x00, 0x00, 0x02, 0xef, 0x80, 0x00, 0x00,
    0x00, 0xaf, 0xe1, 0x00, 0x00, 0x00, 0x4f, 0xf6, 0x00, 0x00, 0x00, 0x0d, 0xfd, 0x44, 0x44, 0x44,
    0x44, 0xff, 0xff, 0xff, 0xff, 0xff, 0xff, 0xff, 0xff, 0xff, 0xff, 0xff, 0x00, 0x00, 0x00, 0x7b,
    0xa1, 0x00, 0x00, 0x00, 0x4f, 0xf6, 0x00, 0x00, 0x00, 0x1e, 0xf8, 0x00, 0x00, 0x00, 0x08, 0xb9,
    0x00, 0x00, 0x00, 0x00, 0x00, 0x00, 0x00, 0x00, 0x00, 0x00, 0x00, 0x00, 0x00, 0x8b, 0xbb, 0xbb,
    0xbb, 0xbb, 0x6b, 0xff, 0xff, 0xff, 0xff, 0xf8, 0x68, 0x88, 0x88, 0x8a, 0xff, 0x70, 0x00, 0x00,
    0x03, 0xef, 0xc1, 0x00, 0x00, 0x01, 0xcf, 0xe1, 0x00, 0x00, 0x00, 0xbf, 0xe3, 0x00, 0x00, 0x00,
    0x9f, 0xf5, 0x00, 0x00, 0x00, 0x6f, 0xf7, 0x00, 0x00, 0x00, 0x4f, 0xf9, 0x00, 0x00, 0x00, 0x3e,
    0xfc, 0x00, 0x00, 0x00, 0x1c, 0xfc, 0x10, 0x00, 0x00, 0x0a, 0xff, 0x74, 0x44, 0x44, 0x43, 0xbf,
    0xff, 0xff, 0xff, 0xff, 0xbb, 0xff, 0xff, 0xff, 0xff, 0xfb, 0x00, 0x00, 0x69, 0x60, 0x00, 0x00,
    0x00, 0x3f, 0xff, 0x30, 0x00, 0x00, 0x03, 0xff, 0xf3, 0x00, 0x00, 0x00, 0x06, 0x96, 0x00, 0x00,
    0x00, 0x00, 0x00, 0x00, 0x00, 0x03, 0x44, 0x44, 0x44, 0x44, 0x43, 0xbf, 0xff, 0xff, 0xff, 0xff,
    0xbb, 0xff, 0xff, 0xff, 0xff, 0xfb, 0x00, 0x00, 0x00, 0x04, 0xff, 0x80, 0x00, 0x00, 0x00, 0xcf,
    0xd0, 0x00, 0x00, 0x00, 0x6f, 0xf4, 0x00, 0x00, 0x00, 0x1e, 0xfa, 0x00, 0x00, 0x00, 0x08, 0xff,
    0x20, 0x00, 0x00, 0x03, 0xff, 0x80, 0x00, 0x00, 0x00, 0xbf, 0xd1, 0x00, 0x00, 0x00, 0x5f, 0xf5,
    0x00, 0x00, 0x00, 0x1d, 0xfb, 0x00, 0x00, 0x00, 0x08, 0xff, 0x30, 0x00, 0x00, 0x02, 0xef, 0x80,
    0x00, 0x00, 0x00, 0xaf, 0xe1, 0x00, 0x00, 0x00, 0x4f, 0xf6, 0x00, 0x00, 0x00, 0x0d, 0xfd, 0x44,
    0x44, 0x44, 0x44, 0xff, 0xff, 0xff, 0xff, 0xff, 0xff, 0xff, 0xff, 0xff, 0xff, 0xff, 0x00, 0x00,
    0x48, 0x40, 0x00, 0x00, 0x00, 0x3f, 0xff, 0x30, 0x00, 0x00, 0x04, 0xff, 0xf4, 0x00, 0x00, 0x00,
    0x08, 0xb8, 0x00, 0x00, 0x00, 0x00, 0x00, 0x00, 0x00, 0x00, 0x00, 0x00, 0x00, 0x00, 0x00, 0x8b,
    0xbb, 0xbb, 0xbb, 0xbb, 0x6b, 0xff, 0xff, 0xff, 0xff, 0xf8, 0x68, 0x88, 0x88, 0x8a, 0xff, 0x70,
    0x00, 0x00, 0x03, 0xef, 0xc1, 0x00, 0x00, 0x01, 0xcf, 0xe1, 0x00, 0x00, 0x00, 0xbf, 0xe3, 0x00,
    0x00, 0x00, 0x9f, 0xf5, 0x00, 0x00, 0x00, 0x6f, 0xf7, 0x00, 0x00, 0x00, 0x4f, 0xf9, 0x00, 0x00,
    0x00, 0x3e, 0xfc, 0x00, 0x00, 0x00, 0x1c, 0xfc, 0x10, 0x00, 0x00, 0x0a, 0xff, 0x74, 0x44, 0x44,
    0x43, 0xbf, 0xff, 0xff, 0xff, 0xff, 0xbb, 0xff, 0xff, 0xff, 0xff, 0xfb, 0x08, 0xba, 0x10, 0x1a,
    0xb8, 0x00, 0x1c, 0xfc, 0x2c, 0xfc, 0x10, 0x00, 0x1c, 0xff, 0xfc, 0x10, 0x00, 0x00, 0x1a, 0xba,
    0x10, 0x00, 0x00, 0x00, 0x00, 0x00, 0x00, 0x03, 0x44, 0x44, 0x44, 0x44, 0x43, 0xbf, 0xff, 0xff,
    0xff, 0xff, 0xbb, 0xff, 0xff, 0xff, 0xff, 0xfb, 0x00, 0x00, 0x00, 0x04, 0xff, 0x80, 0x00, 0x00,
    0x00, 0xcf, 0xd0, 0x00, 0x00, 0x00, 0x6f, 0xf4, 0x00, 0x00, 0x00, 0x1e, 0xfa, 0x00, 0x00, 0x00,
    0x08, 0xff, 0x20, 0x00, 0x00, 0x03, 0xff, 0x80, 0x00, 0x00, 0x00, 0xbf, 0xd1, 0x00, 0x00, 0x00,
    0x5f, 0xf5, 0x00, 0x00, 0x00, 0x1d, 0xfb, 0x00, 0x00, 0x00, 0x08, 0xff, 0x30, 0x00, 0x00, 0x02,
    0xef, 0x80, 0x00, 0x00, 0x00, 0xaf, 0xe1, 0x00, 0x00, 0x00, 0x4f, 0xf6, 0x00, 0x00, 0x00, 0x0d,
    0xfd, 0x44, 0x44, 0x44, 0x44, 0xff, 0xff, 0xff, 0xff, 0xff, 0xff, 0xff, 0xff, 0xff, 0xff, 0xff,
    0x1a, 0xb8, 0x00, 0x08, 0xba, 0x00, 0x3e, 0xf9, 0x09, 0xfe, 0x30, 0x00, 0x3e, 0xfd, 0xfe, 0x30,
    0x00, 0x00, 0x3b, 0xbb, 0x30, 0x00, 0x00, 0x00, 0x00, 0x00, 0x00, 0x00, 0x00, 0x00, 0x00, 0x00,
    0x00, 0x8b, 0xbb, 0xbb, 0xbb, 0xbb, 0x6b, 0xff, 0xff, 0xff, 0xff, 0xf8, 0x68, 0x88, 0x88, 0x8a,
    0xff, 0x70, 0x00, 0x00, 0x03, 0xef, 0xc1, 0x00, 0x00, 0x01, 0xcf, 0xe1, 0x00, 0x00, 0x00, 0xbf,
    0xe3, 0x00, 0x00, 0x00, 0x9f, 0xf5, 0x00, 0x00, 0x00, 0x6f, 0xf7, 0x00, 0x00, 0x00, 0x4f, 0xf9,
    0x00, 0x00, 0x00, 0x3e, 0xfc, 0x00, 0x00, 0x00, 0x1c, 0xfc, 0x10, 0x00, 0x00, 0x0a, 0xff, 0x74,
    0x44, 0x44, 0x43, 0xbf, 0xff, 0xff, 0xff, 0xff, 0xbb, 0xff, 0xff, 0xff, 0xff, 0xfb, 0x00, 0x03,
    0x44, 0x44, 0x30, 0x5d, 0xff, 0xff, 0xfb, 0x4f, 0xff, 0xff, 0xff, 0xbb, 0xfe, 0x30, 0x00, 0x00,
    0xff, 0x80, 0x00, 0x00, 0x0f, 0xf8, 0x00, 0x00, 0x00, 0xff, 0x80, 0x00, 0x00, 0x0f, 0xf8, 0x00,
    0x00, 0x00, 0xff, 0x80, 0x00, 0x00, 0x0f, 0xf8, 0x00, 0x00, 0x00, 0xff, 0x80, 0x00, 0x00, 0x0f,
    0xf8, 0x00, 0x00, 0x00, 0xff, 0x80, 0x00, 0x00, 0x0f, 0xf8, 0x00, 0x00, 0x00, 0xff, 0x80, 0x00,
    0x00, 0x0f, 0xf8, 0x00, 0x00, 0x00, 0xff, 0x80, 0x00, 0x00, 0x0f, 0xf8, 0x00, 0x00, 0x00, 0xff,
    0x80, 0x00, 0x00, 0x00, 0x00, 0x00, 0x14, 0x44, 0x10, 0x00, 0x00, 0x00, 0x05, 0xff, 0xf6, 0x00,
    0x00, 0x00, 0x00, 0x8f, 0xff, 0x90, 0x00, 0x00, 0x00, 0x0c, 0xfb, 0xfd, 0x00, 0x00, 0x00, 0x02,
    0xff, 0x6f, 0xf2, 0x00, 0x00, 0x00, 0x6f, 0xe0, 0xef, 0x60, 0x00, 0x00, 0x09, 0xfa, 0x0a, 0xf9,
    0x00, 0x00, 0x00, 0xdf, 0x70, 0x7f, 0xd0, 0x00, 0x00, 0x2f, 0xf4, 0x03, 0xff, 0x20, 0x00, 0x06,
    0xff, 0x00, 0x0f, 0xf6, 0x00, 0x00, 0x9f, 0xb0, 0x00, 0xbf, 0xa0, 0x00, 0x0e, 0xf8, 0x00, 0x08,
    0xfe, 0x00, 0x03, 0xff, 0xcb, 0xbb, 0xcf, 0xf3, 0x00, 0x7f, 0xff, 0xff, 0xff, 0xff, 0x70, 0x0a,
    0xfc, 0x44, 0x44, 0x4c, 0xfa, 0x00, 0xef, 0x80, 0x00, 0x00, 0x8f, 0xe0, 0x3f, 0xf4, 0x00, 0x00,
    0x04, 0xff, 0x37, 0xff, 0x10, 0x00, 0x00, 0x1f, 0xf7, 0xaf, 0xc0, 0x00, 0x00, 0x00, 0xcf, 0xa0,
    0x34, 0x44, 0x44, 0x40, 0x00, 0x00, 0xbf, 0xff, 0xff, 0xff, 0x91, 0x00, 0xbf, 0xff, 0xff, 0xff,
    0xfc, 0x10, 0xbf, 0xb0, 0x00, 0x18, 0xff, 0x90, 0xbf, 0xb0, 0x00, 0x00, 0xbf, 0xd0, 0xbf, 0xb0,
    0x00, 0x00, 0x8f, 0xf0, 0xbf, 0xb0, 0x00, 0x00, 0x9f, 0xc0, 0xbf, 0xb0, 0x00, 0x03, 0xef, 0x60,
    0xbf, 0xd8, 0x88, 0xaf, 0xf8, 0x00, 0xbf, 0xff, 0xff, 0xfe, 0x81, 0x00, 0xbf, 0xd8, 0x88, 0x9e,
    0xfc, 0x10, 0xbf, 0xb0, 0x00, 0x01, 0xdf, 0xb0, 0xbf, 0xb0, 0x00, 0x00, 0x5f, 0xf3, 0xbf, 0xb0,
    0x00, 0x00, 0x1f, 0xf4, 0xbf, 0xb0, 0x00, 0x00, 0x3f, 0xf4, 0xbf, 0xb0, 0x00, 0x00, 0x8f, 0xf3,
    0xbf, 0xc4, 0x44, 0x49, 0xff, 0xb0, 0xbf, 0xff, 0xff, 0xff, 0xfd, 0x20, 0xbf, 0xff, 0xff, 0xfc,
    0x81, 0x00, 0x34, 0x44, 0x44, 0x44, 0x44, 0x4b, 0xff, 0xff, 0xff, 0xff, 0xff, 0xbf, 0xff, 0xff,
    0xff, 0xff, 0xfb, 0xfb, 0x00, 0x00, 0x00, 0x00, 0xbf, 0xb0, 0x00, 0x00, 0x00, 0x0b, 0xfb, 0x00,
    0x00, 0x00, 0x00, 0xbf, 0xb0, 0x00, 0x00, 0x00, 0x0b, 0xfb, 0x00, 0x00, 0x00, 0x00, 0xbf, 0xb0,
    0x00, 0x00, 0x00, 0x0b, 0xfb, 0x00, 0x00, 0x00, 0x00, 0xbf, 0xb0, 0x00, 0x00, 0x00, 0x0b, 0xfb,
    0x00, 0x00, 0x00, 0x00, 0xbf, 0xb0, 0x00, 0x00, 0x00, 0x0b, 0xfb, 0x00, 0x00, 0x00, 0x00, 0xbf,
    0xb0, 0x00, 0x00, 0x00, 0x0b, 0xfb, 0x00, 0x00, 0x00, 0x00, 0xbf, 0xb0, 0x00, 0x00, 0x00, 0x0b,
    0xfb, 0x00, 0x00, 0x00, 0x00, 0xbf, 0xb0, 0x00, 0x00, 0x00, 0x00, 0x00, 0x00, 0x14, 0x44, 0x10,
    0x00, 0x00, 0x00, 0x05, 0xff, 0xf6, 0x00, 0x00, 0x00, 0x00, 0x8f, 0xff, 0x90, 0x00, 0x00, 0x00,
    0x0c, 0xfa, 0xfd, 0x00, 0x00, 0x00, 0x02, 0xff, 0x5f, 0xf2, 0x00, 0x00, 0x00, 0x6f, 0xe0, 0xef,
    0x60, 0x00, 0x00, 0x09, 0xfa, 0x0a, 0xf9, 0x00, 0x00, 0x00, 0xdf, 0x70, 0x8f, 0xd0, 0x00, 0x00,
    0x2f, 0xf4, 0x04, 0xff, 0x20, 0x00, 0x06, 0xff, 0x00, 0x0f, 0xf6, 0x00, 0x00, 0x9f, 0xb0, 0x00,
    0xbf, 0xa0, 0x00, 0x0e, 0xf8, 0x00, 0x08, 0xfe, 0x00, 0x03, 0xff, 0x40, 0x00, 0x4f, 0xf3, 0x00,
    0x7f, 0xf0, 0x00, 0x00, 0xff, 0x70, 0x0a, 0xfb, 0x00, 0x00, 0x0b, 0xfa, 0x00, 0xef, 0x80, 0x00,
    0x00, 0x8f, 0xe0, 0x3f, 0xf7, 0x44, 0x44, 0x47, 0xff, 0x37, 0xff, 0xff, 0xff, 0xff, 0xff, 0xf7,
    0xaf, 0xff, 0xff, 0xff, 0xff, 0xff, 0xa0, 0x24, 0x44, 0x44, 0x44, 0x44, 0x40, 0x8f, 0xff, 0xff,
    0xff, 0xff, 0xf0, 0x8f, 0xff, 0xff, 0xff, 0xff, 0xf0, 0x8f, 0xb0, 0x00, 0x00, 0x00, 0x00, 0x8f,
    0xb0, 0x00, 0x00, 0x00, 0x00, 0x8f, 0xb0, 0x00, 0x00, 0x00, 0x00, 0x8f, 0xb0, 0x00, 0x00, 0x00,
    0x00, 0x8f, 0xb0, 0x00, 0x00, 0x00, 0x00, 0x8f, 0xd8, 0x88, 0x88, 0x88, 0x20, 0x8f, 0xff, 0xff,
    0xff, 0xff, 0x40, 0x8f, 0xd8, 0x88, 0x88, 0x88, 0x20, 0x8f, 0xb0, 0x00, 0x00, 0x00, 0x00, 0x8f,
    0xb0, 0x00, 0x00, 0x00, 0x00, 0x8f, 0xb0, 0x00, 0x00, 0x00, 0x00, 0x8f, 0xb0, 0x00, 0x00, 0x00,
    0x00, 0x8f, 0xb0, 0x00, 0x00, 0x00, 0x00, 0x8f, 0xc4, 0x44, 0x44, 0x44, 0x40, 0x8f, 0xff, 0xff,
    0xff, 0xff, 0xf0, 0x8f, 0xff, 0xff, 0xff, 0xff, 0xf0, 0x34, 0x44, 0x44, 0x44, 0x44, 0x3b, 0xff,
    0xff, 0xff, 0xff, 0xfb, 0xbf, 0xff, 0xff, 0xff, 0xff, 0xb0, 0x00, 0x00, 0x00, 0x4f, 0xf8, 0x00,
    0x00, 0x00, 0x0c, 0xfd, 0x00, 0x00, 0x00, 0x06, 0xff, 0x40, 0x00, 0x00, 0x01, 0xef, 0xa0, 0x00,
    0x00, 0x00, 0x8f, 0xf2, 0x00, 0x00, 0x00, 0x3f, 0xf8, 0x00, 0x00, 0x00, 0x0b, 0xfd, 0x10, 0x00,
    0x00, 0x05, 0xff, 0x50, 0x00, 0x00, 0x01, 0xdf, 0xb0, 0x00, 0x00, 0x00, 0x8f, 0xf3, 0x00, 0x00,
    0x00, 0x2e, 0xf8, 0x00, 0x00, 0x00, 0x0a, 0xfe, 0x10, 0x00, 0x00, 0x04, 0xff, 0x60, 0x00, 0x00,
    0x00, 0xdf, 0xd4, 0x44, 0x44, 0x44, 0x4f, 0xff, 0xff, 0xff, 0xff, 0xff, 0xff, 0xff, 0xff, 0xff,
    0xff, 0xf0, 0x34, 0x30, 0x00, 0x00, 0x34, 0x3b, 0xfb, 0x00, 0x00, 0x0b, 0xfb, 0xbf, 0xb0, 0x00,
    0x00, 0xbf, 0xbb, 0xfb, 0x00, 0x00, 0x0b, 0xfb, 0xbf, 0xb0, 0x00, 0x00, 0xbf, 0xbb, 0xfb, 0x00,
    0x00, 0x0b, 0xfb, 0xbf, 0xb0, 0x00, 0x00, 0xbf, 0xbb, 0xfb, 0x00, 0x00, 0x0b, 0xfb, 0xbf, 0xd8,
    0x88, 0x88, 0xdf, 0xbb, 0xff, 0xff, 0xff, 0xff, 0xfb, 0xbf, 0xeb, 0xbb, 0xbb, 0xef, 0xbb, 0xfb,
    0x00, 0x00, 0x0b, 0xfb, 0xbf, 0xb0, 0x00, 0x00, 0xbf, 0xbb, 0xfb, 0x00, 0x00, 0x0b, 0xfb, 0xbf,
    0xb0, 0x00, 0x00, 0xbf, 0xbb, 0xfb, 0x00, 0x00, 0x0b, 0xfb, 0xbf, 0xb0, 0x00, 0x00, 0xbf, 0xbb,
    0xfb, 0x00, 0x00, 0x0b, 0xfb, 0xbf, 0xb0, 0x00, 0x00, 0xbf, 0xb0, 0x00, 0x03, 0x78, 0x73, 0x00,
    0x00, 0x2b, 0xff, 0xff, 0xfb, 0x20, 0x1d, 0xff, 0xcb, 0xcf, 0xfd, 0x18, 0xff, 0x60, 0x00, 0x6f,
    0xf8, 0xbf, 0xc0, 0x00, 0x00, 0xcf, 0xbe, 0xf8, 0x00, 0x00, 0x08, 0xfe, 0xff, 0x80, 0x00, 0x00,
    0x8f, 0xff, 0xf8, 0x00, 0x00, 0x08, 0xff, 0xff, 0x83, 0x44, 0x43, 0x8f, 0xff, 0xf8, 0xbf, 0xff,
    0xb8, 0xff, 0xff, 0x8b, 0xff, 0xfb, 0x8f, 0xff, 0xf8, 0x00, 0x00, 0x08, 0xff, 0xff, 0x80, 0x00,
    0x00, 0x8f, 0xff, 0xf8, 0x00, 0x00, 0x08, 0xff, 0xdf, 0x80, 0x00, 0x00, 0x8f, 0xdb, 0xfd, 0x00,
    0x00, 0x0d, 0xfb, 0x6f, 0xf9, 0x10, 0x19, 0xff, 0x60, 0xbf, 0xff, 0xff, 0xff, 0xb0, 0x00, 0x8e,
    0xff, 0xfe, 0x80, 0x00, 0x00, 0x03, 0x43, 0x00, 0x00, 0x24, 0x44, 0x44, 0x44, 0x44, 0x28, 0xff,
    0xff, 0xff, 0xff, 0xf8, 0x8f, 0xff, 0xff, 0xff, 0xff, 0x80, 0x00, 0x0b, 0xfb, 0x00, 0x00, 0x00,
    0x00, 0xbf, 0xb0, 0x00, 0x00, 0x00, 0x0b, 0xfb, 0x00, 0x00, 0x00, 0x00, 0xbf, 0xb0, 0x00, 0x00,
    0x00, 0x0b, 0xfb, 0x00, 0x00, 0x00, 0x00, 0xbf, 0xb0, 0x00, 0x00, 0x00, 0x0b, 0xfb, 0x00, 0x00,
    0x00, 0x00, 0xbf, 0xb0, 0x00, 0x00, 0x00, 0x0b, 0xfb, 0x00, 0x00, 0x00, 0x00, 0xbf, 0xb0, 0x00,
    0x00, 0x00, 0x0b, 0xfb, 0x00, 0x00, 0x00, 0x00, 0xbf, 0xb0, 0x00, 0x00, 0x00, 0x0b, 0xfb, 0x00,
    0x00, 0x24, 0x44, 0xcf, 0xc4, 0x44, 0x28, 0xff, 0xff, 0xff, 0xff, 0xf8, 0x8f, 0xff, 0xff, 0xff,
    0xff, 0x80, 0x34, 0x30, 0x00, 0x00, 0x04, 0x43, 0x0b, 0xfb, 0x00, 0x00, 0x04, 0xff, 0x80, 0xbf,
    0xb0, 0x00, 0x00, 0xbf, 0xe1, 0x0b, 0xfb, 0x00, 0x00, 0x4f, 0xf8, 0x00, 0xbf, 0xb0, 0x00, 0x0b,
    0xfd, 0x00, 0x0b, 0xfb, 0x00, 0x04, 0xff, 0x60, 0x00, 0xbf, 0xb0, 0x00, 0xbf, 0xd0, 0x00, 0x0b,
    0xfb, 0x00, 0x4f, 0xf6, 0x00, 0x00, 0xbf, 0xd8, 0x8c, 0xfd, 0x00, 0x00, 0x0b, 0xff, 0xff, 0xff,
    0x80, 0x00, 0x00, 0xbf, 0xeb, 0xbe, 0xfd, 0x00, 0x00, 0x0b, 0xfb, 0x00, 0x6f, 0xf6, 0x00, 0x00,
    0xbf, 0xb0, 0x00, 0xdf, 0xd0, 0x00, 0x0b, 0xfb, 0x00, 0x08, 0xff, 0x60, 0x00, 0xbf, 0xb0, 0x00,
    0x1e, 0xfd, 0x00, 0x0b, 0xfb, 0x00, 0x00, 0x8f, 0xf6, 0x00, 0xbf, 0xb0, 0x00, 0x01, 0xef, 0xd0,
    0x0b, 0xfb, 0x00, 0x00, 0x08, 0xff, 0x60, 0xbf, 0xb0, 0x00, 0x00, 0x1e, 0xfb, 0x00, 0x00, 0x00,
    0x14, 0x44, 0x10, 0x00, 0x00, 0x00, 0x05, 0xff, 0xf6, 0x00, 0x00, 0x00, 0x00, 0x8f, 0xff, 0x90,
    0x00, 0x00, 0x00, 0x0c, 0xfb, 0xfd, 0x00, 0x00, 0x00, 0x02, 0xff, 0x6f, 0xf2, 0x00, 0x00, 0x00,
    0x6f, 0xe0, 0xef, 0x60, 0x00, 0x00, 0x09, 0xfa, 0x0a, 0xf9, 0x00, 0x00, 0x00, 0xdf, 0x70, 0x8f,
    0xd0, 0x00, 0x00, 0x2f, 0xf4, 0x04, 0xff, 0x20, 0x00, 0x06, 0xff, 0x00, 0x0f, 0xf6, 0x00, 0x00,
    0x9f, 0xb0, 0x00, 0xbf, 0xa0, 0x00, 0x0e, 0xf8, 0x00, 0x08, 0xfe, 0x00, 0x03, 0xff, 0x40, 0x00,
    0x4f, 0xf3, 0x00, 0x7f, 0xf0, 0x00, 0x00, 0xff, 0x70, 0x0a, 0xfb, 0x00, 0x00, 0x0b, 0xfa, 0x00,
    0xef, 0x80, 0x00, 0x00, 0x8f, 0xe0, 0x3f, 0xf4, 0x00, 0x00, 0x04, 0xff, 0x37, 0xff, 0x10, 0x00,
    0x00, 0x1f, 0xf7, 0xaf, 0xc0, 0x00, 0x00, 0x00, 0xcf, 0xa0, 0x14, 0x44, 0x10, 0x00, 0x14, 0x44,
    0x14, 0xff, 0xf7, 0x00, 0x07, 0xff, 0xf4, 0x4f, 0xdf, 0xa0, 0x00, 0xaf, 0xcf, 0x44, 0xfb, 0xdf,
    0x00, 0x1f, 0xab, 0xf4, 0x4f, 0xd8, 0xf5, 0x05, 0xf7, 0xcf, 0x44, 0xff, 0x4f, 0x80, 0x9f, 0x2f,
    0xf4, 0x4f, 0xf0, 0xed, 0x0e, 0xc0, 0xff, 0x44, 0xff, 0x09, 0xf5, 0xf8, 0x0f, 0xf4, 0x4f, 0xf0,
    0x6f, 0xef, 0x30, 0xff, 0x44, 0xff, 0x01, 0xff, 0xd0, 0x0f, 0xf4, 0x4f, 0xf0, 0x0b, 0xf9, 0x00,
    0xff, 0x44, 0xff, 0x00, 0x00, 0x00, 0x0f, 0xf4, 0x4f, 0xf0, 0x00, 0x00, 0x00, 0xff, 0x44, 0xff,
    0x00, 0x00, 0x00, 0x0f, 0xf4, 0x4f, 0xf0, 0x00, 0x00, 0x00, 0xff, 0x44, 0xff, 0x00, 0x00, 0x00,
    0x0f, 0xf4, 0x4f, 0xf0, 0x00, 0x00, 0x00, 0xff, 0x44, 0xff, 0x00, 0x00, 0x00, 0x0f, 0xf4, 0x4f,
    0xf0, 0x00, 0x00, 0x00, 0xff, 0x40, 0x34, 0x42, 0x00, 0x00, 0x24, 0x3b, 0xff, 0x90, 0x00, 0x08,
    0xfb, 0xbf, 0xfe, 0x00, 0x00, 0x8f, 0xbb, 0xff, 0xf5, 0x00, 0x08, 0xfb, 0xbf, 0xaf, 0xa0, 0x00,
    0x8f, 0xbb, 0xf7, 0xff, 0x10, 0x08, 0xfb, 0xbf, 0x8a, 0xf6, 0x00, 0x8f, 0xbb, 0xf8, 0x6f, 0xa0,
    0x08, 0xfb, 0xbf, 0x81, 0xff, 0x20, 0x8f, 0xbb, 0xf8, 0x0a, 0xf7, 0x08, 0xfb, 0xbf, 0x80, 0x5f,
    0xc0, 0x8f, 0xbb, 0xf8, 0x00, 0xef, 0x28, 0xfb, 0xbf, 0x80, 0x09, 0xf8, 0x8f, 0xbb, 0xf8, 0x00,
    0x5f, 0xd8, 0xfb, 0xbf, 0x80, 0x00, 0xef, 0x7f, 0xbb, 0xf8, 0x00, 0x08, 0xfc, 0xfb, 0xbf, 0x80,
    0x00, 0x3f, 0xff, 0xbb, 0xf8, 0x00, 0x00, 0xdf, 0xfb, 0xbf, 0x80, 0x00, 0x08, 0xff, 0xb0, 0x04,
    0x44, 0x44, 0x44, 0x44, 0x44, 0x00, 0xff, 0xff, 0xff, 0xff, 0xff, 0xf0, 0x0f, 0xff, 0xff, 0xff,
    0xff, 0xff, 0x00, 0x00, 0x00, 0x00, 0x00, 0x00, 0x00, 0x00, 0x00, 0x00, 0x00, 0x00, 0x00, 0x00,
    0x00, 0x00, 0x00, 0x00, 0x00, 0x00, 0x00, 0x00, 0x00, 0x00, 0x00, 0x00, 0x00, 0x00, 0x00, 0x00,
    0x00, 0x00, 0x00, 0x02, 0x88, 0x88, 0x88, 0x88, 0x82, 0x00, 0x4f, 0xff, 0xff, 0xff, 0xff, 0x40,
    0x03, 0xbb, 0xbb, 0xbb, 0xbb, 0xb3, 0x00, 0x00, 0x00, 0x00, 0x00, 0x00, 0x00, 0x00, 0x00, 0x00,
    0x00, 0x00, 0x00, 0x00, 0x00, 0x00, 0x00, 0x00, 0x00, 0x00, 0x00, 0x00, 0x00, 0x00, 0x00, 0x00,
    0x00, 0x00, 0x00, 0x00, 0x00, 0x00, 0x00, 0x04, 0x44, 0x44, 0x44, 0x44, 0x44, 0x00, 0xff, 0xff,
    0xff, 0xff, 0xff, 0xf0, 0x0f, 0xff, 0xff, 0xff, 0xff, 0xff, 0x00, 0x00, 0x03, 0x78, 0x73, 0x00,
    0x00, 0x1b, 0xff, 0xff, 0xfb, 0x20, 0x1c, 0xff, 0xcb, 0xcf, 0xfc, 0x17, 0xff, 0x60, 0x00, 0x6f,
    0xf7, 0xbf, 0xc0, 0x00, 0x00, 0xcf, 0xbe, 0xf8, 0x00, 0x00, 0x08, 0xfe, 0xff, 0x80, 0x00, 0x00,
    0x8f, 0xff, 0xf8, 0x00, 0x00, 0x08, 0xff, 0xff, 0x80, 0x00, 0x00, 0x8f, 0xff, 0xf8, 0x00, 0x00,
    0x08, 0xff, 0xff, 0x80, 0x00, 0x00, 0x8f, 0xff, 0xf8, 0x00, 0x00, 0x08, 0xff, 0xff, 0x80, 0x00,
    0x00, 0x8f, 0xff, 0xf8, 0x00, 0x00, 0x08, 0xff, 0xcf, 0x80, 0x00, 0x00, 0x8f, 0xca, 0xfd, 0x00,
    0x00, 0x0d, 0xfa, 0x6f, 0xf9, 0x10, 0x19, 0xff, 0x60, 0x9f, 0xff, 0xff, 0xff, 0x90, 0x00, 0x8e,
    0xff, 0xfe, 0x80, 0x00, 0x00, 0x03, 0x43, 0x00, 0x00, 0x34, 0x44, 0x44, 0x44, 0x44, 0x3b, 0xff,
    0xff, 0xff, 0xff, 0xfb, 0xbf, 0xff, 0xff, 0xff, 0xff, 0xbb, 0xfb, 0x00, 0x00, 0x0b, 0xfb, 0xbf,
    0xb0, 0x00, 0x00, 0xbf, 0xbb, 0xfb, 0x00, 0x00, 0x0b, 0xfb, 0xbf, 0xb0, 0x00, 0x00, 0xbf, 0xbb,
    0xfb, 0x00, 0x00, 0x0b, 0xfb, 0xbf, 0xb0, 0x00, 0x00, 0xbf, 0xbb, 0xfb, 0x00, 0x00, 0x0b, 0xfb,
    0xbf, 0xb0, 0x00, 0x00, 0xbf, 0xbb, 0xfb, 0x00, 0x00, 0x0b, 0xfb, 0xbf, 0xb0, 0x00, 0x00, 0xbf,
    0xbb, 0xfb, 0x00, 0x00, 0x0b, 0xfb, 0xbf, 0xb0, 0x00, 0x00, 0xbf, 0xbb, 0xfb, 0x00, 0x00, 0x0b,
    0xfb, 0xbf, 0xb0, 0x00, 0x00, 0xbf, 0xbb, 0xfb, 0x00, 0x00, 0x0b, 0xfb, 0xbf, 0xb0, 0x00, 0x00,
    0xbf, 0xb0, 0x34, 0x44, 0x44, 0x42, 0x00, 0x00, 0xbf, 0xff, 0xff, 0xff, 0xd5, 0x00, 0xbf, 0xff,
    0xff, 0xff, 0xff, 0x80, 0xbf, 0xb0, 0x00, 0x04, 0xcf, 0xf4, 0xbf, 0xb0, 0x00, 0x00, 0x2f, 0xf9,
    0xbf, 0xb0, 0x00, 0x00, 0x0b, 0xfb, 0xbf, 0xb0, 0x00, 0x00, 0x0b, 0xfb, 0xbf, 0xb0, 0x00, 0x00,
    0x0e, 0xfa, 0xbf, 0xb0, 0x00, 0x00, 0x9f, 0xf6, 0xbf, 0xd8, 0x88, 0x8d, 0xff, 0xc0, 0xbf, 0xff,
    0xff, 0xff, 0xfb, 0x10, 0xbf, 0xd8, 0x88, 0x88, 0x30, 0x00, 0xbf, 0xb0, 0x00, 0x00, 0x00, 0x00,
    0xbf, 0xb0, 0x00, 0x00, 0x00, 0x00, 0xbf, 0xb0, 0x00, 0x00, 0x00, 0x00, 0xbf, 0xb0, 0x00, 0x00,
    0x00, 0x00, 0xbf, 0xb0, 0x00, 0x00, 0x00, 0x00, 0xbf, 0xb0, 0x00, 0x00, 0x00, 0x00, 0xbf, 0xb0,
    0x00, 0x00, 0x00, 0x00, 0x14, 0x44, 0x44, 0x44, 0x44, 0x44, 0x34, 0xff, 0xff, 0xff, 0xff, 0xff,
    0xfb, 0x4f, 0xff, 0xff, 0xff, 0xff, 0xff, 0xb0, 0x9f, 0xf4, 0x00, 0x00, 0x00, 0x00, 0x01, 0xcf,
    0xe3, 0x00, 0x00, 0x00, 0x00, 0x01, 0xef, 0xc1, 0x00, 0x00, 0x00, 0x00, 0x03, 0xff, 0xc0, 0x00,
    0x00, 0x00, 0x00, 0x06, 0xff, 0x90, 0x00, 0x00, 0x00, 0x00, 0x08, 0xff, 0x80, 0x00, 0x00, 0x00,
    0x00, 0x0b, 0xff, 0x40, 0x00, 0x00, 0x00, 0x03, 0xef, 0xb0, 0x00, 0x00, 0x00, 0x01, 0xdf, 0xd1,
    0x00, 0x00, 0x00, 0x00, 0xbf, 0xe3, 0x00, 0x00, 0x00, 0x00, 0x8f, 0xf6, 0x00, 0x00, 0x00, 0x00,
    0x5f, 0xf9, 0x00, 0x00, 0x00, 0x00, 0x3e, 0xfc, 0x00, 0x00, 0x00, 0x00, 0x1c, 0xff, 0x54, 0x44,
    0x44, 0x44, 0x34, 0xff, 0xff, 0xff, 0xff, 0xff, 0xfb, 0x4f, 0xff, 0xff, 0xff, 0xff, 0xff, 0xb0,
    0x34, 0x44, 0x44, 0x44, 0x44, 0x44, 0x3b, 0xff, 0xff, 0xff, 0xff, 0xff, 0xfb, 0xbf, 0xff, 0xff,
    0xff, 0xff, 0xff, 0xb0, 0x00, 0x00, 0xbf, 0xb0, 0x00, 0x00, 0x00, 0x00, 0x0b, 0xfb, 0x00, 0x00,
    0x00, 0x00, 0x00, 0xbf, 0xb0, 0x00, 0x00, 0x00, 0x00, 0x0b, 0xfb, 0x00, 0x00, 0x00, 0x00, 0x00,
    0xbf, 0xb0, 0x00, 0x00, 0x00, 0x00, 0x0b, 0xfb, 0x00, 0x00, 0x00, 0x00, 0x00, 0xbf, 0xb0, 0x00,
    0x00, 0x00, 0x00, 0x0b, 0xfb, 0x00, 0x00, 0x00, 0x00, 0x00, 0xbf, 0xb0, 0x00, 0x00, 0x00, 0x00,
    0x0b, 0xfb, 0x00, 0x00, 0x00, 0x00, 0x00, 0xbf, 0xb0, 0x00, 0x00, 0x00, 0x00, 0x0b, 0xfb, 0x00,
    0x00, 0x00, 0x00, 0x00, 0xbf, 0xb0, 0x00, 0x00, 0x00, 0x00, 0x0b, 0xfb, 0x00, 0x00, 0x00, 0x00,
    0x00, 0xbf, 0xb0, 0x00, 0x00, 0x00, 0x00, 0x0b, 0xfb, 0x00, 0x00, 0x00, 0x14, 0x42, 0x00, 0x00,
    0x00, 0x02, 0x44, 0x10, 0xdf, 0xb0, 0x00, 0x00, 0x00, 0xaf, 0xd0, 0x06, 0xff, 0x40, 0x00, 0x00,
    0x2f, 0xf6, 0x00, 0x0d, 0xfb, 0x00, 0x00, 0x09, 0xfd, 0x00, 0x00, 0x6f, 0xf2, 0x00, 0x02, 0xff,
    0x60, 0x00, 0x00, 0xdf, 0x90, 0x00, 0x8f, 0xe0, 0x00, 0x00, 0x08, 0xff, 0x20, 0x1e, 0xf8, 0x00,
    0x00, 0x00, 0x1e, 0xf9, 0x08, 0xfe, 0x10, 0x00, 0x00, 0x00, 0x8f, 0xf1, 0xef, 0x80, 0x00, 0x00,
    0x00, 0x01, 0xef, 0xbf, 0xe1, 0x00, 0x00, 0x00, 0x00, 0x08, 0xff, 0xf9, 0x00, 0x00, 0x00, 0x00,
    0x00, 0x2f, 0xff, 0x20, 0x00, 0x00, 0x00, 0x00, 0x00, 0xbf, 0xb0, 0x00, 0x00, 0x00, 0x00, 0x00,
    0x0b, 0xfb, 0x00, 0x00, 0x00, 0x00, 0x00, 0x00, 0xbf, 0xb0, 0x00, 0x00, 0x00, 0x00, 0x00, 0x0b,
    0xfb, 0x00, 0x00, 0x00, 0x00, 0x00, 0x00, 0xbf, 0xb0, 0x00, 0x00, 0x00, 0x00, 0x00, 0x0b, 0xfb,
    0x00, 0x00, 0x00, 0x00, 0x00, 0x00, 0xbf, 0xb0, 0x00, 0x00, 0x00, 0x00, 0x00, 0x03, 0x43, 0x00,
    0x00, 0x00, 0x00, 0x00, 0xbf, 0xb0, 0x00, 0x00, 0x00, 0x02, 0x4c, 0xfc, 0x42, 0x00, 0x00, 0x19,
    0xff, 0xff, 0xff, 0xf9, 0x10, 0x0c, 0xff, 0xcd, 0xfd, 0xcf, 0xfc, 0x07, 0xff, 0x60, 0x8f, 0x80,
    0x6f, 0xf7, 0xbf, 0x90, 0x08, 0xf8, 0x00, 0x9f, 0xbe, 0xf5, 0x00, 0x8f, 0x80, 0x05, 0xfe, 0xff,
    0x40, 0x08, 0xf8, 0x00, 0x4f, 0xff, 0xf4, 0x00, 0x8f, 0x80, 0x04, 0xff, 0xff, 0x40, 0x08, 0xf8,
    0x00, 0x4f, 0xff, 0xf4, 0x00, 0x8f, 0x80, 0x04, 0xff, 0xff, 0x40, 0x08, 0xf8, 0x00, 0x4f, 0xff,
    0xf4, 0x00, 0x8f, 0x80, 0x04, 0xff, 0xcf, 0x80, 0x08, 0xf8, 0x00, 0x8f, 0xc8, 0xfe, 0x10, 0x8f,
    0x80, 0x1e, 0xf8, 0x1e, 0xfe, 0x8b, 0xfb, 0x8e, 0xfe, 0x10, 0x3d, 0xff, 0xff, 0xff, 0xfd, 0x30,
    0x00, 0x06, 0x8d, 0xfd, 0x86, 0x00, 0x00, 0x00, 0x00, 0xbf, 0xb0, 0x00, 0x00, 0x00, 0x00, 0x06,
    0x86, 0x00, 0x00, 0x00, 0x03, 0x44, 0x00, 0x00, 0x00, 0x04, 0x43, 0x00, 0x6f, 0xf6, 0x00, 0x00,
    0x05, 0xff, 0x60, 0x00, 0xdf, 0xd1, 0x00, 0x00, 0xdf, 0xc0, 0x00, 0x04, 0xff, 0x80, 0x00, 0x6f,
    0xf4, 0x00, 0x00, 0x0b, 0xfe, 0x10, 0x0d, 0xfb, 0x00, 0x00, 0x00, 0x3f, 0xf8, 0x06, 0xff, 0x20,
    0x00, 0x00, 0x00, 0x9f, 0xe1, 0xdf, 0x90, 0x00, 0x00, 0x00, 0x02, 0xff, 0xcf, 0xe1, 0x00, 0x00,
    0x00, 0x00, 0x08, 0xff, 0xf8, 0x00, 0x00, 0x00, 0x00, 0x00, 0x1f, 0xff, 0x10, 0x00, 0x00, 0x00,
    0x00, 0x05, 0xff, 0xf6, 0x00, 0x00, 0x00, 0x00, 0x00, 0xdf, 0xff, 0xd1, 0x00, 0x00, 0x00, 0x00,
    0x7f, 0xf4, 0xff, 0x80, 0x00, 0x00, 0x00, 0x1e, 0xf9, 0x09, 0xfe, 0x10, 0x00, 0x00, 0x08, 0xfe,
    0x10, 0x2f, 0xf9, 0x00, 0x00, 0x02, 0xff, 0x80, 0x00, 0x9f, 0xf2, 0x00, 0x00, 0xaf, 0xe1, 0x00,
    0x02, 0xef, 0xa0, 0x00, 0x4f, 0xf8, 0x00, 0x00, 0x08, 0xff, 0x40, 0x0b, 0xfd, 0x00, 0x00, 0x00,
    0x1e, 0xfb, 0x00, 0x34, 0x20, 0x02, 0x42, 0x00, 0x24, 0x3b, 0xf8, 0x00, 0x8f, 0x80, 0x08, 0xfb,
    0xbf, 0x80, 0x08, 0xf8, 0x00, 0x8f, 0xbb, 0xf8, 0x00, 0x8f, 0x80, 0x08, 0xfb, 0xbf, 0x80, 0x08,
    0xf8, 0x00, 0x8f, 0xbb, 0xf8, 0x00, 0x8f, 0x80, 0x08, 0xfb, 0xbf, 0x80, 0x08, 0xf8, 0x00, 0x8f,
    0xbb, 0xf8, 0x00, 0x8f, 0x80, 0x08, 0xfb, 0xbf, 0x80, 0x08, 0xf8, 0x00, 0x8f, 0xbb, 0xf8, 0x00,
    0x8f, 0x80, 0x08, 0xfb, 0xaf, 0x90, 0x08, 0xf8, 0x00, 0x9f, 0xa7, 0xfe, 0x20, 0x8f, 0x80, 0x2e,
    0xf7, 0x1e, 0xfe, 0x89, 0xf9, 0x8e, 0xfe, 0x10, 0x3e, 0xff, 0xff, 0xff, 0xfe, 0x30, 0x00, 0x17,
    0xbe, 0xfe, 0xb7, 0x10, 0x00, 0x00, 0x00, 0xbf, 0xb0, 0x00, 0x00, 0x00, 0x00, 0x0b, 0xfb, 0x00,
    0x00, 0x00, 0x00, 0x00, 0xbf, 0xb0, 0x00, 0x00, 0x00, 0x00, 0x0b, 0xfb, 0x00, 0x00, 0x00, 0x00,
    0x00, 0x38, 0x88, 0x30, 0x00, 0x00, 0x03, 0xcf, 0xff, 0xff, 0xc3, 0x00, 0x02, 0xef, 0xfc, 0xbc,
    0xff, 0xe2, 0x00, 0x9f, 0xf6, 0x00, 0x06, 0xff, 0x90, 0x0f, 0xf9, 0x00, 0x00, 0x09, 0xff, 0x00,
    0xff, 0x60, 0x00, 0x00, 0x6f, 0xf0, 0x4f, 0xf4, 0x00, 0x00, 0x04, 0xff, 0x04, 0xff, 0x40, 0x00,
    0x00, 0x4f, 0xf0, 0x4f, 0xf4, 0x00, 0x00, 0x04, 0xff, 0x04, 0xff, 0x40, 0x00, 0x00, 0x4f, 0xf0,
    0x4f, 0xf4, 0x00, 0x00, 0x04, 0xff, 0x04, 0xff, 0x40, 0x00, 0x00, 0x4f, 0xf0, 0x3f, 0xf4, 0x00,
    0x00, 0x04, 0xff, 0x00, 0xff, 0x70, 0x00, 0x00, 0x7f, 0xf0, 0x0b, 0xfb, 0x00, 0x00, 0x0b, 0xfb,
    0x00, 0x3e, 0xf8, 0x20, 0x28, 0xfe, 0x30, 0x34, 0x6c, 0xf8, 0x08, 0xfb, 0x64, 0x3b, 0xff, 0xff,
    0x80, 0x8f, 0xff, 0xfb, 0xbf, 0xff, 0xf8, 0x08, 0xff, 0xff, 0xb0, 0x03, 0xa8, 0x00, 0x08, 0xa3,
    0x00, 0xef, 0xf4, 0x04, 0xff, 0xe0, 0x0e, 0xff, 0x40, 0x4f, 0xfe, 0x00, 0x38, 0x70, 0x00, 0x78,
    0x30, 0x00, 0x00, 0x00, 0x00, 0x00, 0x02, 0x44, 0x44, 0x44, 0x44, 0x42, 0x8f, 0xff, 0xff, 0xff,
    0xff, 0x88, 0xff, 0xff, 0xff, 0xff, 0xf8, 0x00, 0x00, 0xbf, 0xb0, 0x00, 0x00, 0x00, 0x0b, 0xfb,
    0x00, 0x00, 0x00, 0x00, 0xbf, 0xb0, 0x00, 0x00, 0x00, 0x0b, 0xfb, 0x00, 0x00, 0x00, 0x00, 0xbf,
    0xb0, 0x00, 0x00, 0x00, 0x0b, 0xfb, 0x00, 0x00, 0x00, 0x00, 0xbf, 0xb0, 0x00, 0x00, 0x00, 0x0b,
    0xfb, 0x00, 0x00, 0x00, 0x00, 0xbf, 0xb0, 0x00, 0x00, 0x00, 0x0b, 0xfb, 0x00, 0x00, 0x00, 0x00,
    0xbf, 0xb0, 0x00, 0x00, 0x00, 0x0b, 0xfb, 0x00, 0x00, 0x00, 0x00, 0xbf, 0xb0, 0x00, 0x02, 0x44,
    0x4c, 0xfc, 0x44, 0x42, 0x8f, 0xff, 0xff, 0xff, 0xff, 0x88, 0xff, 0xff, 0xff, 0xff, 0xf8, 0x00,
    0x03, 0xa8, 0x00, 0x08, 0xa3, 0x00, 0x00, 0x00, 0xef, 0xf4, 0x04, 0xff, 0xe0, 0x00, 0x00, 0x0e,
    0xff, 0x40, 0x4f, 0xfe, 0x00, 0x00, 0x00, 0x38, 0x70, 0x00, 0x78, 0x30, 0x00, 0x00, 0x00, 0x00,
    0x00, 0x00, 0x00, 0x00, 0x01, 0x44, 0x20, 0x00, 0x00, 0x00, 0x24, 0x41, 0x0d, 0xfb, 0x00, 0x00,
    0x00, 0x0a, 0xfd, 0x00, 0x6f, 0xf4, 0x00, 0x00, 0x02, 0xff, 0x60, 0x00, 0xdf, 0xb0, 0x00, 0x00,
    0x9f, 0xd0, 0x00, 0x06, 0xff, 0x20, 0x00, 0x2f, 0xf6, 0x00, 0x00, 0x0d, 0xf9, 0x00, 0x08, 0xfe,
    0x00, 0x00, 0x00, 0x8f, 0xf2, 0x01, 0xef, 0x80, 0x00, 0x00, 0x01, 0xef, 0x90, 0x8f, 0xe1, 0x00,
    0x00, 0x00, 0x08, 0xff, 0x1e, 0xf8, 0x00, 0x00, 0x00, 0x00, 0x1e, 0xfb, 0xfe, 0x10, 0x00, 0x00,
    0x00, 0x00, 0x8f, 0xff, 0x90, 0x00, 0x00, 0x00, 0x00, 0x02, 0xff, 0xf2, 0x00, 0x00, 0x00, 0x00,
    0x00, 0x0b, 0xfb, 0x00, 0x00, 0x00, 0x00, 0x00, 0x00, 0xbf, 0xb0, 0x00, 0x00, 0x00, 0x00, 0x00,
    0x0b, 0xfb, 0x00, 0x00, 0x00, 0x00, 0x00, 0x00, 0xbf, 0xb0, 0x00, 0x00, 0x00, 0x00, 0x00, 0x0b,
    0xfb, 0x00, 0x00, 0x00, 0x00, 0x00, 0x00, 0xbf, 0xb0, 0x00, 0x00, 0x00, 0x00, 0x00, 0x0b, 0xfb,
    0x00, 0x00, 0x00, 0x00, 0x00, 0x00, 0x9b, 0xa0, 0x00, 0x00, 0x00, 0x8f, 0xf3, 0x00, 0x00, 0x00,
    0x4f, 0xf6, 0x00, 0x00, 0x00, 0x0a, 0xb8, 0x00, 0x00, 0x00, 0x00, 0x00, 0x00, 0x00, 0x00, 0x00,
    0x00, 0x00, 0x00, 0x00, 0x01, 0x8d, 0xfe, 0x91, 0x8b, 0x80, 0xcf, 0xff, 0xff, 0xbb, 0xfb, 0x7f,
    0xfc, 0x54, 0x5c, 0xef, 0xbb, 0xfd, 0x10, 0x00, 0x2f, 0xfb, 0xff, 0x80, 0x00, 0x00, 0xbf, 0xbf,
    0xf8, 0x00, 0x00, 0x0b, 0xfb, 0xff, 0x80, 0x00, 0x00, 0xbf, 0xbf, 0xf8, 0x00, 0x00, 0x0b, 0xfb,
    0xff, 0x80, 0x00, 0x00, 0xbf, 0xbf, 0xf8, 0x00, 0x00, 0x0b, 0xfb, 0xcf, 0xc0, 0x00, 0x01, 0xef,
    0xb8, 0xff, 0x91, 0x01, 0x9f, 0xfb, 0x1e, 0xff, 0xff, 0xfd, 0xbf, 0xb0, 0x3b, 0xff, 0xfd, 0x3b,
    0xfb, 0x00, 0x02, 0x43, 0x00, 0x00, 0x00, 0x00, 0x00, 0x00, 0x08, 0xba, 0x10, 0x00, 0x00, 0x00,
    0x05, 0xff, 0x60, 0x00, 0x00, 0x00, 0x02, 0xef, 0x80, 0x00, 0x00, 0x00, 0x00, 0x8b, 0x90, 0x00,
    0x00, 0x00, 0x00, 0x00, 0x00, 0x00, 0x00, 0x00, 0x00, 0x00, 0x00, 0x00, 0x00, 0x00, 0x00, 0x18,
    0xbf, 0xff, 0xc9, 0x20, 0x00, 0x3e, 0xff, 0xff, 0xff, 0xfe, 0x30, 0x0a, 0xff, 0x84, 0x44, 0x6e,
    0xfd, 0x00, 0xef, 0xc0, 0x00, 0x00, 0x6b, 0xb0, 0x0b, 0xfc, 0x00, 0x00, 0x00, 0x00, 0x00, 0x3e,
    0xf8, 0x44, 0x44, 0x00, 0x00, 0x00, 0x2c, 0xff, 0xff, 0xf0, 0x00, 0x00, 0x5e, 0xff, 0xff, 0xff,
    0x00, 0x00, 0x0e, 0xfe, 0x40, 0x00, 0x00, 0x00, 0x04, 0xff, 0x60, 0x00, 0x00, 0x00, 0x00, 0x4f,
    0xf6, 0x00, 0x00, 0x02, 0xbb, 0x30, 0xef, 0xe4, 0x00, 0x02, 0xaf, 0xf2, 0x06, 0xff, 0xff, 0xff,
    0xff, 0xf9, 0x00, 0x04, 0xcf, 0xff, 0xff, 0xd8, 0x00, 0x00, 0x00, 0x04, 0x44, 0x10, 0x00, 0x00,
    0x00, 0x00, 0x00, 0x6b, 0xb3, 0x00, 0x00, 0x00, 0x3f, 0xf8, 0x00, 0x00, 0x00, 0x1d, 0xfa, 0x00,
    0x00, 0x00, 0x07, 0xba, 0x10, 0x00, 0x00, 0x00, 0x00, 0x00, 0x00, 0x00, 0x00, 0x00, 0x00, 0x00,
    0x00, 0x8b, 0x81, 0x9e, 0xfd, 0x81, 0x0b, 0xfb, 0xcf, 0xff, 0xff, 0xc0, 0xbf, 0xfc, 0x51, 0x4c,
    0xff, 0x6b, 0xff, 0x20, 0x00, 0x1e, 0xfb, 0xbf, 0xb0, 0x00, 0x00, 0xbf, 0xbb, 0xfb, 0x00, 0x00,
    0x0b, 0xfb, 0xbf, 0xb0, 0x00, 0x00, 0xbf, 0xbb, 0xfb, 0x00, 0x00, 0x0b, 0xfb, 0xbf, 0xb0, 0x00,
    0x00, 0xbf, 0xbb, 0xfb, 0x00, 0x00, 0x0b, 0xfb, 0xbf, 0xb0, 0x00, 0x00, 0xbf, 0xbb, 0xfb, 0x00,
    0x00, 0x0b, 0xfb, 0xbf, 0xb0, 0x00, 0x00, 0xbf, 0xbb, 0xfb, 0x00, 0x00, 0x0b, 0xfb, 0x00, 0x00,
    0x00, 0x08, 0xba, 0x10, 0x00, 0x00, 0x00, 0x07, 0xff, 0x40, 0x00, 0x00, 0x00, 0x03, 0xff, 0x70,
    0x00, 0x00, 0x00, 0x00, 0x9b, 0x80, 0x00, 0x00, 0x00, 0x00, 0x00, 0x00, 0x00, 0x00, 0x00, 0x00,
    0x00, 0x00, 0x00, 0x00, 0x00, 0x8b, 0xbb, 0xbb, 0xb6, 0x00, 0x00, 0x0b, 0xff, 0xff, 0xff, 0x80,
    0x00, 0x00, 0x68, 0x88, 0x8f, 0xf8, 0x00, 0x00, 0x00, 0x00, 0x00, 0xff, 0x80, 0x00, 0x00, 0x00,
    0x00, 0x0f, 0xf8, 0x00, 0x00, 0x00, 0x00, 0x00, 0xff, 0x80, 0x00, 0x00, 0x00, 0x00, 0x0f, 0xf8,
    0x00, 0x00, 0x00, 0x00, 0x00, 0xff, 0x80, 0x00, 0x00, 0x00, 0x00, 0x0f, 0xf8, 0x00, 0x00, 0x00,
    0x00, 0x00, 0xff, 0x80, 0x00, 0x00, 0x00, 0x00, 0x0b, 0xfa, 0x00, 0x00, 0x00, 0x00, 0x00, 0x9f,
    0xf7, 0x44, 0x43, 0x00, 0x00, 0x02, 0xef, 0xff, 0xff, 0xb0, 0x00, 0x00, 0x03, 0xaf, 0xff, 0xfb,
    0x00, 0x00, 0x00, 0x78, 0x20, 0x00, 0x00, 0x00, 0x5f, 0xb0, 0x00, 0x00, 0x00, 0x1d, 0xe2, 0x00,
    0x00, 0x28, 0x45, 0xb6, 0x48, 0x20, 0x0d, 0xff, 0x30, 0x3f, 0xfd, 0x00, 0xef, 0xf4, 0x04, 0xff,
    0xe0, 0x06, 0xb9, 0x00, 0x09, 0xb6, 0x00, 0x00, 0x00, 0x00, 0x00, 0x00, 0x00, 0x00, 0x00, 0x00,
    0x00, 0x08, 0xb6, 0x00, 0x00, 0x08, 0xb8, 0xbf, 0x80, 0x00, 0x00, 0xbf, 0xbb, 0xf8, 0x00, 0x00,
    0x0b, 0xfb, 0xbf, 0x80, 0x00, 0x00, 0xbf, 0xbb, 0xf8, 0x00, 0x00, 0x0b, 0xfb, 0xbf, 0x80, 0x00,
    0x00, 0xbf, 0xbb, 0xf8, 0x00, 0x00, 0x0b, 0xfb, 0xbf, 0x80, 0x00, 0x00, 0xbf, 0xbb, 0xf8, 0x00,
    0x00, 0x0b, 0xfb, 0xbf, 0xb0, 0x00, 0x00, 0xbf, 0xba, 0xfd, 0x00, 0x00, 0x0d, 0xfa, 0x6f, 0xf9,
    0x10, 0x19, 0xff, 0x60, 0x9f, 0xff, 0xff, 0xff, 0x90, 0x00, 0x8e, 0xff, 0xfe, 0x80, 0x00, 0x00,
    0x03, 0x43, 0x00, 0x00, 0x01, 0x8d, 0xfe, 0x91, 0x8b, 0x80, 0xcf, 0xff, 0xff, 0xbb, 0xfb, 0x7f,
    0xfc, 0x54, 0x5c, 0xef, 0xbb, 0xfd, 0x10, 0x00, 0x2f, 0xfb, 0xff, 0x80, 0x00, 0x00, 0xbf, 0xbf,
    0xf8, 0x00, 0x00, 0x0b, 0xfb, 0xff, 0x80, 0x00, 0x00, 0xbf, 0xbf, 0xf8, 0x00, 0x00, 0x0b, 0xfb,
    0xff, 0x80, 0x00, 0x00, 0xbf, 0xbf, 0xf8, 0x00, 0x00, 0x0b, 0xfb, 0xcf, 0xc0, 0x00, 0x01, 0xef,
    0xb8, 0xff, 0x91, 0x01, 0x9f, 0xfb, 0x1e, 0xff, 0xff, 0xfd, 0xbf, 0xb0, 0x3b, 0xff, 0xfd, 0x3b,
    0xfb, 0x00, 0x02, 0x43, 0x00, 0x00, 0x00, 0x00, 0x03, 0x78, 0x73, 0x00, 0x00, 0x01, 0xaf, 0xff,
    0xff, 0xb1, 0x00, 0x0c, 0xff, 0xdb, 0xcf, 0xfc, 0x10, 0x6f, 0xf8, 0x00, 0x08, 0xff, 0x70, 0xaf,
    0xd0, 0x00, 0x00, 0xdf, 0xa0, 0xbf, 0xb0, 0x00, 0x00, 0xbf, 0xa0, 0xbf, 0xb0, 0x00, 0x00, 0xdf,
    0x70, 0xbf, 0xb0, 0x00, 0x19, 0xfc, 0x10, 0xbf, 0xb0, 0x6b, 0xfe, 0x91, 0x00, 0xbf, 0xb0, 0x8f,
    0xff, 0xe7, 0x00, 0xbf, 0xb0, 0x24, 0x48, 0xff, 0x80, 0xbf, 0xb0, 0x00, 0x00, 0x8f, 0xf2, 0xbf,
    0xb0, 0x00, 0x00, 0x1f, 0xf7, 0xbf, 0xb0, 0x00, 0x00, 0x0f, 0xf8, 0xbf, 0xb0, 0x00, 0x00, 0x1f,
    0xf8, 0xbf, 0xf3, 0x00, 0x00, 0x7f, 0xf6, 0xbf, 0xde, 0x50, 0x17, 0xff, 0xe1, 0xbf, 0x8e, 0xff,
    0xff, 0xff, 0x50, 0xbf, 0x93, 0xdf, 0xff, 0xc4, 0x00, 0xbf, 0xb0, 0x03, 0x42, 0x00, 0x00, 0xbf,
    0xb0, 0x00, 0x00, 0x00, 0x00, 0xbf, 0xb0, 0x00, 0x00, 0x00, 0x00, 0xbf, 0xb0, 0x00, 0x00, 0x00,
    0x00, 0x68, 0x60, 0x00, 0x00, 0x00, 0x00, 0x6b, 0xb1, 0x00, 0x00, 0x00, 0xbb, 0x63, 0xff, 0x60,
    0x00, 0x00, 0x5f, 0xf3, 0x0c, 0xfa, 0x00, 0x00, 0x09, 0xfc, 0x00, 0x7f, 0xf1, 0x00, 0x00, 0xef,
    0x70, 0x02, 0xff, 0x60, 0x00, 0x5f, 0xf2, 0x00, 0x0b, 0xfa, 0x00, 0x09, 0xfc, 0x00, 0x00, 0x6f,
    0xf1, 0x00, 0xef, 0x60, 0x00, 0x01, 0xff, 0x60, 0x5f, 0xf1, 0x00, 0x00, 0x0a, 0xfa, 0x09, 0xfa,
    0x00, 0x00, 0x00, 0x5f, 0xf2, 0xef, 0x60, 0x00, 0x00, 0x00, 0xef, 0x8f, 0xe0, 0x00, 0x00, 0x00,
    0x09, 0xfc, 0xf9, 0x00, 0x00, 0x00, 0x00, 0x5f, 0xff, 0x50, 0x00, 0x00, 0x00, 0x00, 0xdf, 0xe0,
    0x00, 0x00, 0x00, 0x00, 0x0b, 0xfb, 0x00, 0x00, 0x00, 0x00, 0x00, 0xbf, 0xb0, 0x00, 0x00, 0x00,
    0x00, 0x0b, 0xfb, 0x00, 0x00, 0x00, 0x00, 0x00, 0xbf, 0xb0, 0x00, 0x00, 0x00, 0x00, 0x06, 0x86,
    0x00, 0x00, 0x00, 0x24, 0x44, 0x44, 0x44, 0x44, 0x28, 0xff, 0xff, 0xff, 0xff, 0xf8, 0x8f, 0xfd,
    0xbb, 0xbb, 0xbb, 0x60, 0x8f, 0xf8, 0x00, 0x00, 0x00, 0x00, 0x4e, 0xfc, 0x20, 0x00, 0x00, 0x00,
    0x1b, 0xfe, 0x30, 0x00, 0x00, 0x49, 0xbf, 0xff, 0x60, 0x00, 0x6f, 0xff, 0xff, 0xfe, 0x30, 0x4f,
    0xfc, 0x64, 0x4a, 0xfc, 0x0a, 0xfe, 0x10, 0x00, 0x2f, 0xf6, 0xef, 0x80, 0x00, 0x00, 0xcf, 0xaf,
    0xf8, 0x00, 0x00, 0x08, 0xfe, 0xff, 0x80, 0x00, 0x00, 0x8f, 0xff, 0xf8, 0x00, 0x00, 0x08, 0xff,
    0xff, 0x80, 0x00, 0x00, 0xaf, 0xdc, 0xfc, 0x00, 0x00, 0x1e, 0xfa, 0x6f, 0xf9, 0x10, 0x2a, 0xff,
    0x40, 0xbf, 0xff, 0xff, 0xff, 0x90, 0x00, 0x8e, 0xff, 0xfe, 0x80, 0x00, 0x00, 0x03, 0x43, 0x00,
    0x00, 0x00, 0x18, 0xbf, 0xff, 0xc9, 0x20, 0x00, 0x3e, 0xff, 0xff, 0xff, 0xfe, 0x30, 0x0a, 0xff,
    0x84, 0x44, 0x6e, 0xfd, 0x00, 0xef, 0xc0, 0x00, 0x00, 0x6b, 0xb0, 0x0b, 0xfc, 0x00, 0x00, 0x00,
    0x00, 0x00, 0x3e, 0xf8, 0x44, 0x44, 0x00, 0x00, 0x00, 0x2c, 0xff, 0xff, 0xf0, 0x00, 0x00, 0x5e,
    0xff, 0xff, 0xff, 0x00, 0x00, 0x0e, 0xfe, 0x40, 0x00, 0x00, 0x00, 0x04, 0xff, 0x60, 0x00, 0x00,
    0x00, 0x00, 0x4f, 0xf6, 0x00, 0x00, 0x02, 0xbb, 0x30, 0xef, 0xe4, 0x00, 0x02, 0xaf, 0xf2, 0x06,
    0xff, 0xff, 0xff, 0xff, 0xf9, 0x00, 0x04, 0xcf, 0xff, 0xff, 0xd8, 0x00, 0x00, 0x00, 0x04, 0x44,
    0x10, 0x00, 0x00, 0x04, 0x44, 0x44, 0x44, 0x44, 0x44, 0x00, 0xff, 0xff, 0xff, 0xff, 0xff, 0xf0,
    0x0f, 0xff, 0xff, 0xff, 0xff, 0xff, 0x00, 0x00, 0x00, 0x00, 0x19, 0xff, 0x80, 0x00, 0x00, 0x00,
    0x1c, 0xff, 0x60, 0x00, 0x00, 0x00, 0x3e, 0xfe, 0x50, 0x00, 0x00, 0x00, 0x6e, 0xfe, 0x30, 0x00,
    0x00, 0x00, 0x6f, 0xfc, 0x30, 0x00, 0x00, 0x00, 0x5f, 0xfc, 0x10, 0x00, 0x00, 0x00, 0x2e, 0xfd,
    0x10, 0x00, 0x00, 0x00, 0x0b, 0xff, 0x30, 0x00, 0x00, 0x00, 0x02, 0xff, 0x80, 0x00, 0x00, 0x00,
    0x00, 0x5f, 0xf4, 0x00, 0x00, 0x00, 0x00, 0x07, 0xff, 0x40, 0x00, 0x00, 0x00, 0x00, 0x3f, 0xfa,
    0x10, 0x00, 0x00, 0x00, 0x00, 0xbf, 0xfd, 0x61, 0x00, 0x00, 0x00, 0x01, 0xcf, 0xff, 0xfc, 0x83,
    0x00, 0x00, 0x00, 0x6d, 0xff, 0xff, 0xfc, 0x30, 0x00, 0x00, 0x03, 0x7b, 0xff, 0xfb, 0x00, 0x00,
    0x00, 0x00, 0x01, 0xaf, 0xf0, 0x00, 0x00, 0x00, 0x00, 0x09, 0xfd, 0x00, 0x00, 0x00, 0x00, 0x04,
    0xff, 0x70, 0x00, 0x00, 0x00, 0x00, 0x8f, 0xb0, 0x00, 0x00, 0x00, 0x00, 0x00, 0x53, 0x00, 0x8b,
    0x81, 0x9e, 0xfd, 0x81, 0x0b, 0xfb, 0xcf, 0xff, 0xff, 0xc0, 0xbf, 0xfc, 0x51, 0x4c, 0xff, 0x6b,
    0xff, 0x20, 0x00, 0x1e, 0xfb, 0xbf, 0xb0, 0x00, 0x00, 0xbf, 0xbb, 0xfb, 0x00, 0x00, 0x0b, 0xfb,
    0xbf, 0xb0, 0x00, 0x00, 0xbf, 0xbb, 0xfb, 0x00, 0x00, 0x0b, 0xfb, 0xbf, 0xb0, 0x00, 0x00, 0xbf,
    0xbb, 0xfb, 0x00, 0x00, 0x0b, 0xfb, 0xbf, 0xb0, 0x00, 0x00, 0xbf, 0xbb, 0xfb, 0x00, 0x00, 0x0b,
    0xfb, 0xbf, 0xb0, 0x00, 0x00, 0xbf, 0xbb, 0xfb, 0x00, 0x00, 0x0b, 0xfb, 0x00, 0x00, 0x34, 0x30,
    0x00, 0x00, 0x08, 0xef, 0xff, 0xe8, 0x00, 0x0b, 0xff, 0xff, 0xff, 0xfb, 0x06, 0xff, 0x91, 0x01,
    0x9f, 0xf6, 0xbf, 0xd0, 0x00, 0x00, 0xdf, 0xbd, 0xf8, 0x00, 0x00, 0x08, 0xfd, 0xff, 0x80, 0x00,
    0x00, 0x8f, 0xff, 0xf8, 0x00, 0x00, 0x08, 0xff, 0xff, 0x94, 0x44, 0x44, 0x9f, 0xff, 0xff, 0xff,
    0xff, 0xff, 0xff, 0xff, 0xff, 0xff, 0xff, 0xff, 0xff, 0xf8, 0x00, 0x00, 0x08, 0xff, 0xff, 0x80,
    0x00, 0x00, 0x8f, 0xff, 0xf8, 0x00, 0x00, 0x08, 0xff, 0xdf, 0x80, 0x00, 0x00, 0x8f, 0xdb, 0xfd,
    0x00, 0x00, 0x0d, 0xfb, 0x6f, 0xf9, 0x10, 0x19, 0xff, 0x60, 0xbf, 0xff, 0xff, 0xff, 0xb0, 0x00,
    0x8e, 0xff, 0xfe, 0x80, 0x00, 0x00, 0x03, 0x43, 0x00, 0x00, 0x8b, 0xbb, 0xbb, 0xb6, 0x00, 0x00,
    0x0b, 0xff, 0xff, 0xff, 0x80, 0x00, 0x00, 0x68, 0x88, 0x8f, 0xf8, 0x00, 0x00, 0x00, 0x00, 0x00,
    0xff, 0x80, 0x00, 0x00, 0x00, 0x00, 0x0f, 0xf8, 0x00, 0x00, 0x00, 0x00, 0x00, 0xff, 0x80, 0x00,
    0x00, 0x00, 0x00, 0x0f, 0xf8, 0x00, 0x00, 0x00, 0x00, 0x00, 0xff, 0x80, 0x00, 0x00, 0x00, 0x00,
    0x0f, 0xf8, 0x00, 0x00, 0x00, 0x00, 0x00, 0xff, 0x80, 0x00, 0x00, 0x00, 0x00, 0x0b, 0xfa, 0x00,
    0x00, 0x00, 0x00, 0x00, 0x9f, 0xf7, 0x44, 0x43, 0x00, 0x00, 0x02, 0xef, 0xff, 0xff, 0xb0, 0x00,
    0x00, 0x03, 0xaf, 0xff, 0xfb, 0x6b, 0xb0, 0x00, 0x00, 0x1b, 0xb8, 0x08, 0xff, 0x00, 0x00, 0x0a,
    0xff, 0x30, 0x8f, 0xf0, 0x00, 0x05, 0xff, 0x80, 0x08, 0xff, 0x00, 0x01, 0xef, 0xc0, 0x00, 0x8f,
    0xf0, 0x00, 0xaf, 0xf3, 0x00, 0x08, 0xff, 0x44, 0x6f, 0xf8, 0x00, 0x00, 0x8f, 0xff, 0xff, 0xfd,
    0x00, 0x00, 0x08, 0xff, 0xff, 0xff, 0xe1, 0x00, 0x00, 0x8f, 0xf0, 0x03, 0xff, 0xa0, 0x00, 0x08,
    0xff, 0x00, 0x08, 0xff, 0x50, 0x00, 0x8f, 0xf0, 0x00, 0x1d, 0xfe, 0x10, 0x08, 0xff, 0x00, 0x00,
    0x4f, 0xf8, 0x00, 0x8f, 0xf0, 0x00, 0x00, 0xaf, 0xf4, 0x08, 0xff, 0x00, 0x00, 0x01, 0xef, 0xd0,
    0x00, 0x02, 0x44, 0x00, 0x00, 0x00, 0x00, 0x00, 0x5f, 0xf6, 0x00, 0x00, 0x00, 0x00, 0x00, 0xdf,
    0xa0, 0x00, 0x00, 0x00, 0x00, 0x08, 0xff, 0x10, 0x00, 0x00, 0x00, 0x00, 0x2f, 0xf7, 0x00, 0x00,
    0x00, 0x00, 0x00, 0xcf, 0xc0, 0x00, 0x00, 0x00, 0x00, 0x2f, 0xff, 0x30, 0x00, 0x00, 0x00, 0x08,
    0xfe, 0xf8, 0x00, 0x00, 0x00, 0x00, 0xdf, 0xaf, 0xe0, 0x00, 0x00, 0x00, 0x4f, 0xf5, 0xff, 0x50,
    0x00, 0x00, 0x09, 0xfc, 0x0c, 0xfa, 0x00, 0x00, 0x01, 0xef, 0x70, 0x7f, 0xf1, 0x00, 0x00, 0x6f,
    0xf2, 0x02, 0xff, 0x70, 0x00, 0x0c, 0xfb, 0x00, 0x0b, 0xfc, 0x00, 0x02, 0xff, 0x60, 0x00, 0x6f,
    0xf3, 0x00, 0x8f, 0xf1, 0x00, 0x01, 0xff, 0x80, 0x0d, 0xfa, 0x00, 0x00, 0x0a, 0xfd, 0x05, 0xff,
    0x60, 0x00, 0x00, 0x5f, 0xf5, 0x9f, 0xe1, 0x00, 0x00, 0x00, 0xef, 0x90, 0x8b, 0x80, 0x00, 0x00,
    0x8b, 0x8b, 0xfb, 0x00, 0x00, 0x0b, 0xfb, 0xbf, 0xb0, 0x00, 0x00, 0xbf, 0xbb, 0xfb, 0x00, 0x00,
    0x0b, 0xfb, 0xbf, 0xb0, 0x00, 0x00, 0xbf, 0xbb, 0xfb, 0x00, 0x00, 0x0b, 0xfb, 0xbf, 0xb0, 0x00,
    0x00, 0xbf, 0xbb, 0xfb, 0x00, 0x00, 0x0b, 0xfb, 0xbf, 0xb0, 0x00, 0x00, 0xbf, 0xbb, 0xfb, 0x00,
    0x00, 0x0b, 0xfb, 0xbf, 0xe1, 0x00, 0x01, 0xef, 0xbb, 0xff, 0x91, 0x01, 0x9f, 0xfb, 0xbf, 0xdf,
    0xff, 0xff, 0xdf, 0xbb, 0xfb, 0x8f, 0xff, 0x8b, 0xfb, 0xbf, 0xb0, 0x24, 0x20, 0x00, 0x0b, 0xfb,
    0x00, 0x00, 0x00, 0x00, 0xbf, 0xb0, 0x00, 0x00, 0x00, 0x0b, 0xfb, 0x00, 0x00, 0x00, 0x00, 0x68,
    0x60, 0x00, 0x00, 0x00, 0x00, 0x7b, 0xb0, 0x00, 0x00, 0x00, 0xbb, 0x85, 0xff, 0x50, 0x00, 0x00,
    0x4f, 0xf6, 0x0e, 0xf9, 0x00, 0x00, 0x08, 0xff, 0x10, 0x9f, 0xe0, 0x00, 0x00, 0xdf, 0xa0, 0x05,
    0xff, 0x40, 0x00, 0x3f, 0xf5, 0x00, 0x0e, 0xf8, 0x00, 0x08, 0xfe, 0x00, 0x00, 0x9f, 0xd0, 0x00,
    0xdf, 0x90, 0x00, 0x05, 0xff, 0x30, 0x3f, 0xf5, 0x00, 0x00, 0x0e, 0xf8, 0x08, 0xfe, 0x00, 0x00,
    0x00, 0x9f, 0xd0, 0xcf, 0x90, 0x00, 0x00, 0x05, 0xff, 0x3f, 0xf5, 0x00, 0x00, 0x00, 0x0e, 0xfb,
    0xfe, 0x00, 0x00, 0x00, 0x00, 0x9f, 0xff, 0x90, 0x00, 0x00, 0x00, 0x05, 0xff, 0xf5, 0x00, 0x00,
    0x00, 0x01, 0x58, 0x86, 0x20, 0x00, 0x00, 0x8e, 0xff, 0xff, 0xf8, 0x00, 0x08, 0xff, 0xfb, 0xbe,
    0xff, 0x90, 0x2f, 0xfc, 0x20, 0x00, 0x9f, 0xf3, 0x6f, 0xf5, 0x00, 0x00, 0x1f, 0xf8, 0x6f, 0xf4,
    0x00, 0x00, 0x00, 0x00, 0x2f, 0xf6, 0x00, 0x00, 0x00, 0x00, 0x08, 0xfe, 0x60, 0x00, 0x00, 0x00,
    0x00, 0x6d, 0xff, 0xff, 0xfb, 0x00, 0x03, 0xbf, 0xff, 0xff, 0xfb, 0x00, 0x2e, 0xfe, 0x84, 0x44,
    0x43, 0x00, 0x9f, 0xf3, 0x00, 0x00, 0x00, 0x00, 0xef, 0xb0, 0x00, 0x00, 0x00, 0x00, 0xff, 0xb0,
    0x00, 0x00, 0x00, 0x00, 0xcf, 0xe2, 0x00, 0x00, 0x00, 0x00, 0x5f, 0xfe, 0x61, 0x00, 0x00, 0x00,
    0x08, 0xff, 0xff, 0xb7, 0x20, 0x00, 0x00, 0x4a, 0xff, 0xff, 0xfc, 0x30, 0x00, 0x00, 0x26, 0xaf,
    0xff, 0xe2, 0x00, 0x00, 0x00, 0x01, 0x7f, 0xf4, 0x00, 0x00, 0x00, 0x00, 0x2f, 0xf3, 0x00, 0x00,
    0x00, 0x00, 0xbf, 0xb0, 0x00, 0x00, 0x00, 0x02, 0xff, 0x40, 0x00, 0x00, 0x00, 0x00, 0x26, 0x00,
    0x00, 0x4a, 0xdf, 0xda, 0x40, 0x00, 0x7f, 0xff, 0xff, 0xff, 0x70, 0x4f, 0xfc, 0x64, 0x6c, 0xff,
    0x4a, 0xfd, 0x10, 0x00, 0x1d, 0xfa, 0xef, 0x80, 0x00, 0x00, 0x8f, 0xef, 0xf8, 0x00, 0x00, 0x08,
    0xff, 0xff, 0x80, 0x00, 0x00, 0x8f, 0xff, 0xf8, 0x00, 0x00, 0x08, 0xff, 0xff, 0x80, 0x00, 0x00,
    0x8f, 0xff, 0xf8, 0x00, 0x00, 0x08, 0xff, 0xbf, 0xc0, 0x00, 0x00, 0xcf, 0xb6, 0xff, 0x92, 0x02,
    0x9f, 0xf6, 0x0a, 0xff, 0xff, 0xff, 0xfa, 0x00, 0x08, 0xef, 0xff, 0xe8, 0x00, 0x00, 0x00, 0x24,
    0x20, 0x00, 0x00, 0x6b, 0xbb, 0xbb, 0xbb, 0xbb, 0xbb, 0xbb, 0x8f, 0xff, 0xff, 0xff, 0xff, 0xff,
    0xff, 0x48, 0xbf, 0xf8, 0x88, 0x8f, 0xfb, 0x88, 0x00, 0x8f, 0xf0, 0x00, 0x0f, 0xf8, 0x00, 0x00,
    0x8f, 0xf0, 0x00, 0x0f, 0xf8, 0x00, 0x00, 0x8f, 0xf0, 0x00, 0x0f, 0xf8, 0x00, 0x00, 0x8f, 0xf0,
    0x00, 0x0f, 0xf8, 0x00, 0x00, 0x8f, 0xf0, 0x00, 0x0f, 0xf8, 0x00, 0x00, 0x8f, 0xf0, 0x00, 0x0f,
    0xf8, 0x00, 0x00, 0x8f, 0xf0, 0x00, 0x0e, 0xf8, 0x00, 0x00, 0x8f, 0xf0, 0x00, 0x0b, 0xf8, 0x00,
    0x00, 0x8f, 0xf0, 0x00, 0x08, 0xfe, 0x64, 0x00, 0x8f, 0xf0, 0x00, 0x02, 0xef, 0xff, 0x00, 0x8f,
    0xf0, 0x00, 0x00, 0x3b, 0xff, 0x00, 0x00, 0x00, 0x00, 0x00, 0x00, 0x00, 0x00, 0x4a, 0xef, 0xfa,
    0x50, 0x00, 0x6f, 0xff, 0xff, 0xff, 0x90, 0x2f, 0xfc, 0x54, 0x5c, 0xff, 0x48, 0xff, 0x20, 0x00,
    0x1e, 0xfa, 0xbf, 0xb0, 0x00, 0x00, 0xaf, 0xbb, 0xfb, 0x00, 0x00, 0x08, 0xfb, 0xbf, 0xb0, 0x00,
    0x00, 0x8f, 0xbb, 0xfb, 0x00, 0x00, 0x08, 0xfb, 0xbf, 0xb0, 0x00, 0x00, 0x8f, 0xbb, 0xfb, 0x00,
    0x00, 0x09, 0xfb, 0xbf, 0xe1, 0x00, 0x00, 0xdf, 0xbb, 0xff, 0x91, 0x01, 0x9f, 0xf7, 0xbf, 0xbd,
    0xff, 0xff, 0xfd, 0x1b, 0xfb, 0x3d, 0xff, 0xfb, 0x30, 0xbf, 0xb0, 0x03, 0x42, 0x00, 0x0b, 0xfb,
    0x00, 0x00, 0x00, 0x00, 0xbf, 0xb0, 0x00, 0x00, 0x00, 0x0b, 0xfb, 0x00, 0x00, 0x00, 0x00, 0x68,
    0x60, 0x00, 0x00, 0x00, 0x00, 0x00, 0x39, 0xef, 0xfb, 0x70, 0x00, 0x06, 0xff, 0xff, 0xff, 0xfc,
    0x10, 0x2f, 0xfd, 0x64, 0x4a, 0xff, 0x80, 0x9f, 0xe2, 0x00, 0x00, 0xaf, 0xe0, 0xbf, 0xb0, 0x00,
    0x00, 0x4b, 0xb2, 0xbf, 0x80, 0x00, 0x00, 0x00, 0x00, 0xbf, 0x80, 0x00, 0x00, 0x00, 0x00, 0xbf,
    0x80, 0x00, 0x00, 0x00, 0x00, 0xbf, 0x90, 0x00, 0x00, 0x00, 0x00, 0xbf, 0xd0, 0x00, 0x00, 0x00,
    0x00, 0x6f, 0xfa, 0x10, 0x00, 0x00, 0x00, 0x0b, 0xff, 0xfb, 0x72, 0x00, 0x00, 0x00, 0x8f, 0xff,
    0xff, 0xb3, 0x00, 0x00, 0x01, 0x6a, 0xff, 0xfe, 0x10, 0x00, 0x00, 0x00, 0x18, 0xff, 0x40, 0x00,
    0x00, 0x00, 0x04, 0xff, 0x30, 0x00, 0x00, 0x00, 0x0b, 0xfb, 0x00, 0x00, 0x00, 0x00, 0x4f, 0xf3,
    0x00, 0x00, 0x00, 0x00, 0x02, 0x50, 0x00, 0x00, 0x17, 0xbb, 0xbb, 0xbb, 0xbb, 0x30, 0x5e, 0xff,
    0xff, 0xff, 0xff, 0xf4, 0x2e, 0xfe, 0x88, 0x8e, 0xd8, 0x88, 0x29, 0xfe, 0x30, 0x00, 0x3f, 0xe2,
    0x00, 0xef, 0x90, 0x00, 0x00, 0xbf, 0x90, 0x0f, 0xf8, 0x00, 0x00, 0x0b, 0xfb, 0x00, 0xff, 0x80,
    0x00, 0x00, 0xbf, 0xb0, 0x0f, 0xf8, 0x00, 0x00, 0x0b, 0xfb, 0x00, 0xff, 0x80, 0x00, 0x00, 0xbf,
    0xb0, 0x0f, 0xf8, 0x00, 0x00, 0x0b, 0xfb, 0x00, 0xbf, 0xc0, 0x00, 0x01, 0xdf, 0xa0, 0x06, 0xff,
    0x91, 0x02, 0xaf, 0xf4, 0x00, 0x0b, 0xff, 0xff, 0xff, 0xf9, 0x00, 0x00, 0x08, 0xef, 0xff, 0xe8,
    0x00, 0x00, 0x00, 0x00, 0x44, 0x30, 0x00, 0x00, 0x00, 0xbb, 0xbb, 0xbb, 0xbb, 0xbb, 0xbb, 0x0f,
    0xff, 0xff, 0xff, 0xff, 0xff, 0xf0, 0x88, 0x88, 0xdf, 0xd8, 0x88, 0x88, 0x00, 0x00, 0x0b, 0xfb,
    0x00, 0x00, 0x00, 0x00, 0x00, 0xbf, 0xb0, 0x00, 0x00, 0x00, 0x00, 0x0b, 0xfb, 0x00, 0x00, 0x00,
    0x00, 0x00, 0xbf, 0xb0, 0x00, 0x00, 0x00, 0x00, 0x0b, 0xfb, 0x00, 0x00, 0x00, 0x00, 0x00, 0xbf,
    0xb0, 0x00, 0x00, 0x00, 0x00, 0x0b, 0xfb, 0x00, 0x00, 0x00, 0x00, 0x00, 0xbf, 0xb0, 0x00, 0x00,
    0x00, 0x00, 0x08, 0xff, 0x74, 0x44, 0x40, 0x00, 0x00, 0x2e, 0xff, 0xff, 0xff, 0x00, 0x00, 0x00,
    0x3a, 0xff, 0xff, 0xf0, 0x8b, 0x60, 0x00, 0x00, 0x8b, 0x8b, 0xf8, 0x00, 0x00, 0x0b, 0xfb, 0xbf,
    0x80, 0x00, 0x00, 0xbf, 0xbb, 0xf8, 0x00, 0x00, 0x0b, 0xfb, 0xbf, 0x80, 0x00, 0x00, 0xbf, 0xbb,
    0xf8, 0x00, 0x00, 0x0b, 0xfb, 0xbf, 0x80, 0x00, 0x00, 0xbf, 0xbb, 0xf8, 0x00, 0x00, 0x0b, 0xfb,
    0xbf, 0x80, 0x00, 0x00, 0xbf, 0xbb, 0xfb, 0x00, 0x00, 0x0b, 0xfb, 0xaf, 0xd0, 0x00, 0x00, 0xdf,
    0xa6, 0xff, 0x91, 0x01, 0x9f, 0xf6, 0x09, 0xff, 0xff, 0xff, 0xf9, 0x00, 0x08, 0xef, 0xff, 0xe8,
    0x00, 0x00, 0x00, 0x34, 0x30, 0x00, 0x00, 0x00, 0x68, 0x06, 0xbb, 0xb7, 0x10, 0x00, 0x8f, 0xb0,
    0x8f, 0xff, 0xfe, 0x30, 0x2f, 0xfa, 0x08, 0xf9, 0x5c, 0xfe, 0x18, 0xfd, 0x10, 0x8f, 0x80, 0x1d,
    0xf7, 0xbf, 0x80, 0x08, 0xf8, 0x00, 0x8f, 0xbb, 0xf8, 0x00, 0x8f, 0x80, 0x08, 0xfb, 0xbf, 0x80,
    0x08, 0xf8, 0x00, 0x8f, 0xbb, 0xf8, 0x00, 0x8f, 0x80, 0x08, 0xfb, 0xbf, 0x80, 0x08, 0xf8, 0x00,
    0x8f, 0xbb, 0xf8, 0x00, 0x8f, 0x80, 0x08, 0xfb, 0x8f, 0xd0, 0x08, 0xf8, 0x00, 0xdf, 0x82, 0xff,
    0xa2, 0x8f, 0x82, 0xaf, 0xf2, 0x06, 0xff, 0xff, 0xff, 0xff, 0xf6, 0x00, 0x04, 0xaf, 0xff, 0xff,
    0xa4, 0x00, 0x00, 0x00, 0x0b, 0xfb, 0x00, 0x00, 0x00, 0x00, 0x00, 0xbf, 0xb0, 0x00, 0x00, 0x00,
    0x00, 0x0b, 0xfb, 0x00, 0x00, 0x00, 0x00, 0x00, 0xbf, 0xb0, 0x00, 0x00, 0x00, 0x00, 0x06, 0x86,
    0x00, 0x00, 0x00, 0x3b, 0xb7, 0x00, 0x00, 0x07, 0xbb, 0x40, 0xaf, 0xf3, 0x00, 0x02, 0xff, 0xa0,
    0x01, 0xef, 0xb0, 0x00, 0xbf, 0xe1, 0x00, 0x05, 0xff, 0x70, 0x7f, 0xf5, 0x00, 0x00, 0x09, 0xfe,
    0x2e, 0xfa, 0x00, 0x00, 0x00, 0x1d, 0xfd, 0xfe, 0x10, 0x00, 0x00, 0x00, 0x4f, 0xff, 0x50, 0x00,
    0x00, 0x00, 0x06, 0xff, 0xf6, 0x00, 0x00, 0x00, 0x02, 0xef, 0xdf, 0xe2, 0x00, 0x00, 0x00, 0xbf,
    0xe2, 0xef, 0xb0, 0x00, 0x00, 0x7f, 0xf5, 0x05, 0xff, 0x70, 0x00, 0x3e, 0xfa, 0x00, 0x0a, 0xfe,
    0x30, 0x0c, 0xfe, 0x10, 0x00, 0x1e, 0xfc, 0x08, 0xff, 0x60, 0x00, 0x00, 0x6f, 0xf8, 0x8b, 0x60,
    0x06, 0xb6, 0x00, 0x6b, 0x8b, 0xf8, 0x00, 0x8f, 0x80, 0x08, 0xfb, 0xbf, 0x80, 0x08, 0xf8, 0x00,
    0x8f, 0xbb, 0xf8, 0x00, 0x8f, 0x80, 0x08, 0xfb, 0xbf, 0x80, 0x08, 0xf8, 0x00, 0x8f, 0xbb, 0xf8,
    0x00, 0x8f, 0x80, 0x08, 0xfb, 0xbf, 0x80, 0x08, 0xf8, 0x00, 0x8f, 0xbb, 0xf8, 0x00, 0x8f, 0x80,
    0x08, 0xfb, 0xbf, 0x80, 0x08, 0xf8, 0x00, 0x8f, 0xbb, 0xf8, 0x00, 0x8f, 0x80, 0x08, 0xfb, 0x8f,
    0xd0, 0x08, 0xf8, 0x00, 0xdf, 0x82, 0xff, 0x91, 0x8f, 0x81, 0x9f, 0xf2, 0x06, 0xff, 0xff, 0xff,
    0xff, 0xf6, 0x00, 0x04, 0xaf, 0xff, 0xff, 0xa4, 0x00, 0x00, 0x00, 0x0b, 0xfb, 0x00, 0x00, 0x00,
    0x00, 0x00, 0xbf, 0xb0, 0x00, 0x00, 0x00, 0x00, 0x0b, 0xfb, 0x00, 0x00, 0x00, 0x00, 0x00, 0xbf,
    0xb0, 0x00, 0x00, 0x00, 0x00, 0x06, 0x86, 0x00, 0x00, 0x00, 0x00, 0x8d, 0x00, 0x00, 0x0b, 0x50,
    0x00, 0x8f, 0xf0, 0x00, 0x00, 0xff, 0x70, 0x2f, 0xfb, 0x00, 0x00, 0x0d, 0xff, 0x28, 0xfd, 0x00,
    0x00, 0x00, 0x1e, 0xf8, 0xbf, 0x90, 0x00, 0x00, 0x00, 0x9f, 0xbb, 0xf8, 0x00, 0x6b, 0x60, 0x08,
    0xfb, 0xbf, 0x80, 0x08, 0xf8, 0x00, 0x8f, 0xbb, 0xf8, 0x00, 0x8f, 0x80, 0x08, 0xfb, 0xbf, 0x80,
    0x08, 0xf8, 0x00, 0x8f, 0xbb, 0xf8, 0x00, 0x8f, 0x80, 0x08, 0xfb, 0xbf, 0x80, 0x08, 0xf8, 0x00,
    0x8f, 0xb8, 0xfd, 0x10, 0xde, 0xd0, 0x1d, 0xf8, 0x3f, 0xfd, 0xdf, 0x6f, 0xdd, 0xff, 0x30, 0x6f,
    0xff, 0x60, 0x7f, 0xff, 0x60, 0x00, 0x24, 0x20, 0x00, 0x24, 0x20, 0x00, 0x00, 0x04, 0x00, 0x00,
    0x8f, 0xff, 0x80, 0x4f, 0xff, 0xff, 0x48, 0xff, 0xff, 0xf8, 0x8f, 0xff, 0xff, 0x82, 0xff, 0xff,
    0xf2, 0x04, 0xbf, 0xb4, 0x00, 0x00, 0x7b, 0xbb, 0x70, 0x00, 0x9f, 0xfb, 0xff, 0x90, 0x5f, 0xc1,
    0x01, 0xcf, 0x58, 0xf5, 0x00, 0x05, 0xf8, 0xaf, 0x40, 0x00, 0x4f, 0x8b, 0xf4, 0x00, 0x04, 0xf8,
    0xbf, 0x40, 0x00, 0x4f, 0x89, 0xf4, 0x00, 0x04, 0xf8, 0x8f, 0x70, 0x00, 0x7f, 0x82, 0xfe, 0x62,
    0x6e, 0xf2, 0x06, 0xff, 0xff, 0xf6, 0x00, 0x02, 0x88, 0x82, 0x00, 0x38, 0x29, 0xf8, 0x28, 0x14,
    0x84, 0x8f, 0x88, 0xf8, 0x8f, 0x88, 0xf8, 0x8f, 0x88, 0xf8, 0x8f, 0x80, 0x00, 0x00, 0x00, 0x5b,
    0x80, 0x00, 0x00, 0x1e, 0xe2, 0x00, 0x00, 0x0a, 0xf7, 0x00, 0x00, 0x07, 0xfa, 0x00, 0x00, 0x02,
    0xee, 0x10, 0x68, 0x20, 0xcf, 0x50, 0x0b, 0xf4, 0x7f, 0xa0, 0x00, 0xbf, 0x48, 0xfd, 0xbb, 0xbe,
    0xf4, 0x6b, 0xbb, 0xbb, 0xef, 0x40, 0x00, 0x00, 0x0b, 0xf4, 0x00, 0x00, 0x00, 0xbf, 0x40, 0x00,
    0x00, 0x06, 0x82, 0x0b, 0xbb, 0xbb, 0xbb, 0x30, 0xff, 0xff, 0xff, 0xf4, 0x0f, 0xb0, 0x00, 0x00,
    0x00, 0xfb, 0x00, 0x00, 0x00, 0x0f, 0xeb, 0xba, 0x60, 0x00, 0xbb, 0xbb, 0xff, 0xc0, 0x00, 0x00,
    0x01, 0xcf, 0x60, 0x00, 0x00, 0x05, 0xf8, 0x8f, 0x60, 0x00, 0x6f, 0x83, 0xfe, 0x51, 0x5e, 0xf4,
    0x06, 0xff, 0xff, 0xf8, 0x00, 0x02, 0x88, 0x83, 0x00, 0x00, 0x00, 0x9b, 0x20, 0x00, 0x00, 0x7f,
    0x80, 0x00, 0x00, 0x2e, 0xd1, 0x00, 0x00, 0x0b, 0xf4, 0x00, 0x00, 0x07, 0xfb, 0xab, 0x81, 0x01,
    0xef, 0xdb, 0xdf, 0xc1, 0x7f, 0xa0, 0x00, 0x9f, 0x7b, 0xf4, 0x00, 0x04, 0xfb, 0x9f, 0x50, 0x00,
    0x5f, 0x94, 0xfe, 0x50, 0x5e, 0xf4, 0x08, 0xff, 0xff, 0xf8, 0x00, 0x03, 0x88, 0x83, 0x00, 0x3b,
    0xbb, 0xbb, 0xbb, 0x64, 0xff, 0xff, 0xff, 0xf8, 0x4f, 0x80, 0x00, 0x8f, 0x73, 0xb6, 0x00, 0x1e,
    0xe1, 0x00, 0x00, 0x07, 0xf8, 0x00, 0x00, 0x00, 0xdf, 0x20, 0x00, 0x00, 0x6f, 0x90, 0x00, 0x00,
    0x0d, 0xf3, 0x00, 0x00, 0x05, 0xfb, 0x00, 0x00, 0x00, 0xbf, 0x40, 0x00, 0x00, 0x4f, 0xd0, 0x00,
    0x00, 0x05, 0x84, 0x00, 0x00, 0x01, 0x8b, 0xbb, 0x81, 0x01, 0xcf, 0xdb, 0xdf, 0xc1, 0x5f, 0xa0,
    0x00, 0xaf, 0x66, 0xf8, 0x00, 0x08, 0xf7, 0x0c, 0xe5, 0x45, 0xec, 0x10, 0x1b, 0xff, 0xfb, 0x10,
    0x2e, 0xe8, 0x88, 0xee, 0x28, 0xf5, 0x00, 0x05, 0xf8, 0xaf, 0x40, 0x00, 0x4f, 0xa7, 0xfc, 0x20,
    0x2c, 0xf7, 0x09, 0xff, 0xff, 0xf9, 0x00, 0x03, 0x88, 0x83, 0x00, 0x00, 0x8b, 0xbb, 0x70, 0x00,
    0xbf, 0xeb, 0xef, 0xb0, 0x6f, 0xc1, 0x01, 0xcf, 0x68, 0xf5, 0x00, 0x05, 0xf8, 0x8f, 0x60, 0x00,
    0x6f, 0x84, 0xfc, 0x20, 0x2d, 0xf5, 0x09, 0xff, 0xff, 0xfc, 0x00, 0x03, 0x86, 0xbf, 0x30, 0x00,
    0x00, 0x7f, 0x80, 0x00, 0x00, 0x2e, 0xd1, 0x00, 0x00, 0x0a, 0xf5, 0x00, 0x00, 0x01, 0x87, 0x00,
    0x00, 0x00, 0x6b, 0x60, 0x00, 0x08, 0xf8, 0x00, 0x00, 0x8f, 0x80, 0x0f, 0xff, 0xff, 0xff, 0xbb,
    0xdf, 0xdb, 0xb0, 0x08, 0xf8, 0x00, 0x00, 0x8f, 0x80, 0x00, 0x02, 0x42, 0x00, 0x14, 0x44, 0x44,
    0x44, 0x04, 0xff, 0xff, 0xff, 0xf0, 0x28, 0x88, 0x88, 0x88, 0x00, 0x14, 0x44, 0x44, 0x44, 0x14,
    0xff, 0xff, 0xff, 0xf4, 0x14, 0x44, 0x44, 0x44, 0x10, 0x00, 0x00, 0x00, 0x00, 0x14, 0x44, 0x44,
    0x44, 0x14, 0xff, 0xff, 0xff, 0xf4, 0x28, 0x88, 0x88, 0x88, 0x20, 0x00, 0x38, 0x50, 0x0b, 0xf4,
    0x04, 0xfc, 0x00, 0x9f, 0x70, 0x0e, 0xf4, 0x01, 0xff, 0x00, 0x4f, 0xf0, 0x04, 0xff, 0x00, 0x0f,
    0xf1, 0x00, 0xcf, 0x60, 0x07, 0xfa, 0x00, 0x1e, 0xf2, 0x00, 0x6b, 0x70, 0x07, 0x81, 0x00, 0x8f,
    0x80, 0x02, 0xfe, 0x10, 0x0b, 0xf6, 0x00, 0x8f, 0x90, 0x04, 0xfb, 0x00, 0x4f, 0xf0, 0x04, 0xfe,
    0x00, 0x6f, 0xb0, 0x09, 0xf8, 0x00, 0xef, 0x30, 0x6f, 0xb0, 0x09, 0xb2, 0x00, 0x48, 0x42, 0x88,
    0x71, 0x08, 0xfa, 0xef, 0xff, 0xc1, 0x8f, 0xe5, 0x25, 0xef, 0x68, 0xf8, 0x00, 0x0b, 0xf8, 0x8f,
    0x80, 0x00, 0xbf, 0x88, 0xf8, 0x00, 0x0b, 0xf8, 0x8f, 0x80, 0x00, 0xbf, 0x88, 0xf8, 0x00, 0x0b,
    0xf8, 0x00, 0x00, 0x00, 0x00, 0x00, 0x01, 0x8e, 0xfe, 0x81, 0x00, 0xcf, 0xdb, 0xdf, 0xc0, 0x6f,
    0xb0, 0x00, 0xbf, 0x68, 0xf5, 0x00, 0x05, 0xf8, 0xbf, 0x40, 0x00, 0x4f, 0x8b, 0xf4, 0x00, 0x04,
    0xf8, 0xbf, 0x40, 0x00, 0x4f, 0x88, 0xf4, 0x00, 0x04, 0xf8, 0x8f, 0x80, 0x00, 0x8f, 0x82, 0xef,
    0x84, 0x8f, 0xe2, 0x06, 0xef, 0xff, 0xe6, 0x00, 0x01, 0x68, 0x61, 0x00, 0x00, 0x3b, 0xff, 0x40,
    0x00, 0x18, 0xff, 0xef, 0x40, 0x00, 0x4f, 0xc3, 0xbf, 0x40, 0x00, 0x37, 0x00, 0xbf, 0x40, 0x00,
    0x00, 0x00, 0xbf, 0x40, 0x00, 0x00, 0x00, 0xbf, 0x40, 0x00, 0x00, 0x00, 0xbf, 0x40, 0x00, 0x00,
    0x00, 0xbf, 0x40, 0x00, 0x00, 0x00, 0xbf, 0x40, 0x00, 0x28, 0x88, 0xdf, 0x98, 0x80, 0x4f, 0xff,
    0xff, 0xff, 0xf0, 0x14, 0x44, 0x44, 0x44, 0x40, 0x00, 0x8d, 0xfe, 0x81, 0x00, 0x8f, 0xdb, 0xdf,
    0xb0, 0x2f, 0xd1, 0x01, 0xcf, 0x42, 0x84, 0x00, 0x08, 0xf8, 0x00, 0x00, 0x00, 0xbf, 0x30, 0x00,
    0x00, 0x9f, 0xa0, 0x00, 0x01, 0xbf, 0xa1, 0x00, 0x03, 0xcf, 0x80, 0x00, 0x03, 0xef, 0x60, 0x00,
    0x03, 0xff, 0xa8, 0x88, 0x84, 0x4f, 0xff, 0xff, 0xff, 0x81, 0x44, 0x44, 0x44, 0x42, 0x0f, 0xff,
    0xff, 0xff, 0x40, 0xbb, 0xbb, 0xbe, 0xf4, 0x00, 0x00, 0x08, 0xf8, 0x00, 0x00, 0x1c, 0xe5, 0x00,
    0x00, 0x08, 0xfd, 0x81, 0x00, 0x00, 0x6b, 0xdf, 0xc0, 0x00, 0x00, 0x00, 0xaf, 0x62, 0x41, 0x00,
    0x05, 0xf8, 0x8f, 0x80, 0x00, 0x8f, 0x82, 0xfe, 0x74, 0x7e, 0xf2, 0x06, 0xef, 0xff, 0xe6, 0x00,
    0x01, 0x68, 0x61, 0x00, 0x00, 0x00, 0x7f, 0xa0, 0x00, 0x00, 0x2e, 0xe1, 0x00, 0x00, 0x0c, 0xf5,
    0x00, 0x00, 0x08, 0xf9, 0x00, 0x00, 0x03, 0xfd, 0x10, 0x8b, 0x31, 0xcf, 0x40, 0x0b, 0xf4, 0x7f,
    0x90, 0x00, 0xbf, 0x48, 0xff, 0xff, 0xff, 0xf4, 0x6b, 0xbb, 0xbb, 0xef, 0x40, 0x00, 0x00, 0x0b,
    0xf4, 0x00, 0x00, 0x00, 0xbf, 0x40, 0x00, 0x00, 0x03, 0x41, 0x0f, 0xff, 0xff, 0xff, 0x40, 0xfe,
    0xbb, 0xbb, 0xb3, 0x0f, 0xb0, 0x00, 0x00, 0x00, 0xfb, 0x00, 0x00, 0x00, 0x0f, 0xff, 0xdb, 0x81,
    0x00, 0xbb, 0xbb, 0xdf, 0xc1, 0x00, 0x00, 0x00, 0xaf, 0x72, 0x41, 0x00, 0x04, 0xf8, 0x8f, 0x70,
    0x00, 0x6f, 0x82, 0xfe, 0x64, 0x6e, 0xf4, 0x06, 0xef, 0xff, 0xf6, 0x00, 0x01, 0x58, 0x62, 0x00,
    0x00, 0x00, 0xdf, 0x20, 0x00, 0x00, 0x8f, 0x80, 0x00, 0x00, 0x3f, 0xc0, 0x00, 0x00, 0x0c, 0xf3,
    0x00, 0x00, 0x08, 0xfa, 0xbb, 0x92, 0x02, 0xff, 0xb8, 0xbf, 0xe2, 0x8f, 0x80, 0x00, 0x8f, 0x8b,
    0xf4, 0x00, 0x04, 0xfb, 0x9f, 0x60, 0x00, 0x6f, 0x94, 0xfe, 0x64, 0x6e, 0xf4, 0x06, 0xef, 0xff,
    0xe6, 0x00, 0x01, 0x68, 0x61, 0x00, 0x4f, 0xff, 0xff, 0xff, 0x84, 0xfd, 0xbb, 0xbc, 0xf8, 0x4f,
    0x80, 0x00, 0x8f, 0x63, 0xb6, 0x00, 0x1e, 0xe1, 0x00, 0x00, 0x08, 0xf8, 0x00, 0x00, 0x01, 0xef,
    0x10, 0x00, 0x00, 0x6f, 0x90, 0x00, 0x00, 0x0d, 0xf2, 0x00, 0x00, 0x06, 0xfa, 0x00, 0x00, 0x00,
    0xdf, 0x40, 0x00, 0x00, 0x4f, 0xb0, 0x00, 0x00, 0x02, 0x42, 0x00, 0x00, 0x00, 0x6a, 0xba, 0x60,
    0x00, 0xcf, 0xeb, 0xef, 0xc0, 0x5f, 0xb1, 0x01, 0xaf, 0x66, 0xf8, 0x00, 0x08, 0xf7, 0x1c, 0xc2,
    0x02, 0xcd, 0x10, 0x1a, 0xff, 0xfa, 0x10, 0x1c, 0xf9, 0x89, 0xfc, 0x18, 0xf7, 0x00, 0x07, 0xf8,
    0xbf, 0x40, 0x00, 0x4f, 0xb7, 0xf9, 0x10, 0x19, 0xf7, 0x1c, 0xff, 0xff, 0xfc, 0x10, 0x06, 0x9b,
    0x96, 0x00, 0x01, 0x9e, 0xfe, 0x91, 0x00, 0xcf, 0xdb, 0xdf, 0xc0, 0x6f, 0xa0, 0x00, 0xaf, 0x68,
    0xf5, 0x00, 0x05, 0xf8, 0x8f, 0x60, 0x00, 0x6f, 0x83, 0xfe, 0x50, 0x5e, 0xf3, 0x06, 0xff, 0xfd,
    0xfb, 0x00, 0x02, 0x44, 0xcf, 0x20, 0x00, 0x00, 0x8f, 0x80, 0x00, 0x00, 0x3f, 0xd0, 0x00, 0x00,
    0x0b, 0xf4, 0x00, 0x00, 0x01, 0x43, 0x00, 0x00, 0x00, 0x02, 0x41, 0x00, 0x00, 0x00, 0x8f, 0x40,
    0x00, 0x00, 0x08, 0xf4, 0x00, 0x03, 0xbb, 0xdf, 0xcb, 0xb0, 0x4f, 0xff, 0xff, 0xff, 0x00, 0x00,
    0x8f, 0x40, 0x00, 0x00, 0x08, 0xf4, 0x00, 0x00, 0x00, 0x48, 0x20, 0x00, 0x3b, 0xbb, 0xbb, 0xbb,
    0x04, 0xff, 0xff, 0xff, 0xf0, 0x00, 0x00, 0x00, 0x00, 0x00, 0x14, 0x44, 0x44, 0x44, 0x4f, 0xff,
    0xff, 0xff, 0x28, 0x88, 0x88, 0x88, 0x00, 0x00, 0x00, 0x00, 0x4f, 0xff, 0xff, 0xff, 0x3b, 0xbb,
    0xbb, 0xbb, 0x00, 0x7f, 0x80, 0x1e, 0xf2, 0x06, 0xfa, 0x00, 0xbf, 0x60, 0x0f, 0xf2, 0x03, 0xff,
    0x00, 0x4f, 0xf0, 0x03, 0xff, 0x00, 0x0f, 0xf3, 0x00, 0xaf, 0x70, 0x05, 0xfd, 0x00, 0x0b, 0xf4,
    0x00, 0x38, 0x50, 0x0d, 0xf3, 0x00, 0x6f, 0xb0, 0x00, 0xef, 0x20, 0x09, 0xf7, 0x00, 0x7f, 0xb0,
    0x04, 0xfd, 0x00, 0x4f, 0xf0, 0x04, 0xfd, 0x00, 0x7f, 0xa0, 0x0a, 0xf7, 0x02, 0xfe, 0x10, 0x8f,
    0x80, 0x07, 0x80, 0x00, 0x00, 0x6b, 0xfe, 0xa4, 0x00, 0x8f, 0xd8, 0x8e, 0xf5, 0x01, 0x41, 0x00,
    0x8f, 0x80, 0x16, 0x9b, 0xcf, 0xf8, 0x0c, 0xfb, 0x86, 0x9f, 0x83, 0xfd, 0x00, 0x0a, 0xf8, 0x0e,
    0xfb, 0x8c, 0xcf, 0x80, 0x29, 0xbb, 0x83, 0xb6, 0x02, 0x9e, 0xfc, 0x70, 0x03, 0xef, 0xa8, 0xdf,
    0x90, 0xaf, 0x70, 0x00, 0xcf, 0x3f, 0xfc, 0xbb, 0xbd, 0xf8, 0xff, 0x88, 0x88, 0x88, 0x4a, 0xf7,
    0x00, 0x07, 0x41, 0x2e, 0xfc, 0xbd, 0xfc, 0x10, 0x18, 0xbb, 0xb7, 0x10, 0x02, 0x9d, 0xfc, 0x81,
    0x03, 0xef, 0xcb, 0xdf, 0xc0, 0xaf, 0x90, 0x01, 0xdf, 0x6f, 0xf4, 0x00, 0x08, 0xf9, 0xef, 0x40,
    0x00, 0x8f, 0x99, 0xfa, 0x00, 0x1e, 0xf6, 0x2e, 0xfd, 0xbe, 0xf9, 0x00, 0x18, 0xbb, 0xa6, 0x00,
    0x09, 0xb6, 0x00, 0x4b, 0xa0, 0x03, 0xfe, 0x32, 0xef, 0x40, 0x00, 0x8f, 0xbb, 0xf8, 0x00, 0x00,
    0x0b, 0xff, 0xb0, 0x00, 0x00, 0x1e, 0xef, 0xe1, 0x00, 0x00, 0xbf, 0x88, 0xfb, 0x00, 0x08, 0xfc,
    0x00, 0xcf, 0x80, 0x1b, 0xb1, 0x00, 0x1b, 0xb2, 0x01, 0x7b, 0xba, 0x60, 0x00, 0x1c, 0xff, 0xff,
    0xfc, 0x10, 0x1c, 0xc4, 0x05, 0xef, 0x90, 0x01, 0x10, 0x00, 0x5f, 0xf0, 0x8b, 0xbb, 0xbb, 0xbf,
    0xf4, 0xbf, 0xff, 0xff, 0xff, 0xf4, 0x8f, 0xc4, 0x44, 0x7f, 0xf2, 0x6f, 0xd1, 0x00, 0x8f, 0xb0,
    0x0c, 0xfd, 0x8b, 0xff, 0x30, 0x02, 0xcf, 0xff, 0xd4, 0x00, 0x00, 0x03, 0x44, 0x00, 0x00, 0x24,
    0x20, 0x00, 0x00, 0x08, 0xf8, 0x00, 0x00, 0x00, 0x8f, 0x80, 0x00, 0x00, 0x08, 0xf8, 0x8d, 0xfb,
    0x40, 0x8f, 0xde, 0xbe, 0xfe, 0x28, 0xfb, 0x00, 0x1d, 0xf7, 0x8f, 0x80, 0x00, 0xbf, 0x88, 0xf8,
    0x00, 0x0b, 0xf8, 0x8f, 0x80, 0x00, 0xbf, 0x88, 0xf8, 0x00, 0x0b, 0xf8, 0x6b, 0x60, 0x00, 0x8b,
    0x60, 0x24, 0x20, 0x00, 0x00, 0x08, 0xf8, 0x00, 0x00, 0x00, 0x8f, 0x80, 0x00, 0x00, 0x08, 0xf8,
    0x00, 0x8b, 0x80, 0x8f, 0x80, 0x9f, 0xc1, 0x08, 0xf8, 0xaf, 0xc1, 0x00, 0x8f, 0xff, 0xf2, 0x00,
    0x08, 0xff, 0xdf, 0xc1, 0x00, 0x8f, 0x81, 0xcf, 0x90, 0x08, 0xf8, 0x02, 0xef, 0x70, 0x6b, 0x60,
    0x03, 0xbb, 0x30, 0x24, 0x28, 0xf8, 0x8f, 0x88, 0xf8, 0x8f, 0x88, 0xf8, 0x8f, 0x88, 0xf8, 0x8f,
    0x88, 0xf8, 0x6b, 0x60, 0x6b, 0x58, 0xee, 0x80, 0x8d, 0xfa, 0x30, 0x8f, 0xed, 0xbf, 0xf9, 0xeb,
    0xef, 0xe0, 0x8f, 0xa0, 0x06, 0xfe, 0x10, 0x1f, 0xf4, 0x8f, 0x80, 0x04, 0xfb, 0x00, 0x0f, 0xf4,
    0x8f, 0x80, 0x04, 0xfb, 0x00, 0x0f, 0xf4, 0x8f, 0x80, 0x04, 0xfb, 0x00, 0x0f, 0xf4, 0x8f, 0x80,
    0x04, 0xfb, 0x00, 0x0f, 0xf4, 0x6b, 0x60, 0x03, 0xb8, 0x00, 0x0b, 0xb3, 0x6b, 0x67, 0xdf, 0xb4,
    0x08, 0xfd, 0xeb, 0xef, 0xe2, 0x8f, 0xb0, 0x01, 0xdf, 0x78, 0xf8, 0x00, 0x0b, 0xf8, 0x8f, 0x80,
    0x00, 0xbf, 0x88, 0xf8, 0x00, 0x0b, 0xf8, 0x8f, 0x80, 0x00, 0xbf, 0x86, 0xb6, 0x00, 0x08, 0xb6,
    0x6b, 0x67, 0xdf, 0xb4, 0x08, 0xfc, 0xdb, 0xdf, 0xf4, 0x8f, 0xd1, 0x00, 0xaf, 0xa8, 0xf8, 0x00,
    0x05, 0xfd, 0x8f, 0x80, 0x00, 0x5f, 0xc8, 0xfe, 0x20, 0x1c, 0xf9, 0x8f, 0xcf, 0xbe, 0xfe, 0x38,
    0xf8, 0x5b, 0xb9, 0x20, 0x8f, 0x80, 0x00, 0x00, 0x08, 0xf8, 0x00, 0x00, 0x00, 0x48, 0x40, 0x00,
    0x00, 0x00, 0x08, 0xcf, 0xfb, 0x50, 0x8f, 0xd8, 0x8e, 0xf5, 0xbf, 0x80, 0x02, 0x30, 0x5f, 0xff,
    0xb9, 0x60, 0x02, 0x79, 0xcf, 0xf8, 0x8a, 0x20, 0x08, 0xfb, 0x8f, 0xeb, 0xbe, 0xf5, 0x06, 0xab,
    0xb9, 0x40, 0x04, 0x86, 0x00, 0x08, 0xfb, 0x00, 0x6d, 0xfe, 0xb3, 0x6d, 0xfe, 0xb3, 0x08, 0xfb,
    0x00, 0x08, 0xfb, 0x00, 0x08, 0xfb, 0x00, 0x08, 0xfb, 0x00, 0x04, 0xff, 0xb5, 0x00, 0x6b, 0xb6,
    0x00, 0x00, 0x01, 0x44, 0x20, 0x00, 0x00, 0x00, 0x00, 0x01, 0xcf, 0xe1, 0x00, 0x00, 0x00, 0x00,
    0x00, 0x9f, 0xf3, 0x00, 0x00, 0x00, 0x00, 0x00, 0x7f, 0xf6, 0x00, 0x00, 0x00, 0x00, 0x00, 0x3f,
    0xf9, 0x00, 0x00, 0x00, 0x00, 0x00, 0x1e, 0xfc, 0x10, 0x00, 0x00, 0x00, 0x00, 0x0c, 0xfd, 0x54,
    0x44, 0x44, 0x44, 0x44, 0x28, 0xff, 0xff, 0xff, 0xff, 0xff, 0xff, 0xf8, 0x3e, 0xfd, 0xbb, 0xbb,
    0xbb, 0xbb, 0xbb, 0x60, 0x6f, 0xf6, 0x00, 0x00, 0x00, 0x00, 0x00, 0x00, 0x8f, 0xf3, 0x00, 0x00,
    0x00, 0x00, 0x00, 0x00, 0xcf, 0xe1, 0x00, 0x00, 0x00, 0x00, 0x00, 0x01, 0xef, 0xc0, 0x00, 0x00,
    0x00, 0x00, 0x00, 0x03, 0xff, 0x80, 0x00, 0x00, 0x00, 0x00, 0x00, 0x06, 0xbb, 0x30, 0x00, 0x00,
    0x00, 0x00, 0x00, 0x00, 0x05, 0x00, 0x00, 0x00, 0x00, 0x00, 0x00, 0x09, 0xf9, 0x00, 0x00, 0x00,
    0x00, 0x00, 0x1c, 0xff, 0xfb, 0x10, 0x00, 0x00, 0x00, 0x2c, 0xff, 0xff, 0xfc, 0x20, 0x00, 0x00,
    0x3e, 0xfe, 0xcf, 0x8e, 0xfe, 0x30, 0x00, 0x5e, 0xfd, 0x3b, 0xf8, 0x2c, 0xfe, 0x50, 0x0f, 0xfc,
    0x10, 0xbf, 0x80, 0x1c, 0xff, 0x00, 0xfb, 0x10, 0x0b, 0xf8, 0x00, 0x09, 0xf0, 0x09, 0x00, 0x00,
    0xbf, 0x80, 0x00, 0x09, 0x00, 0x00, 0x00, 0x0b, 0xf8, 0x00, 0x00, 0x00, 0x00, 0x00, 0x00, 0xbf,
    0x80, 0x00, 0x00, 0x00, 0x00, 0x00, 0x0b, 0xf8, 0x00, 0x00, 0x00, 0x00, 0x00, 0x00, 0xbf, 0x80,
    0x00, 0x00, 0x00, 0x00, 0x00, 0x0b, 0xf8, 0x00, 0x00, 0x00, 0x00, 0x00, 0x00, 0xbf, 0x80, 0x00,
    0x00, 0x00, 0x00, 0x00, 0x0b, 0xf8, 0x00, 0x00, 0x00, 0x00, 0x00, 0x00, 0xbf, 0x80, 0x00, 0x00,
    0x00, 0x00, 0x00, 0x0b, 0xf8, 0x00, 0x00, 0x00, 0x00, 0x00, 0x00, 0xbf, 0x80, 0x00, 0x00, 0x00,
    0x00, 0x00, 0x00, 0x24, 0x41, 0x00, 0x00, 0x00, 0x00, 0x00, 0x01, 0xef, 0xc1, 0x00, 0x00, 0x00,
    0x00, 0x00, 0x03, 0xff, 0x90, 0x00, 0x00, 0x00, 0x00, 0x00, 0x06, 0xff, 0x70, 0x00, 0x00, 0x00,
    0x00, 0x00, 0x09, 0xff, 0x30, 0x00, 0x00, 0x00, 0x00, 0x00, 0x1c, 0xfe, 0x10, 0x24, 0x44, 0x44,
    0x44, 0x44, 0x5d, 0xfc, 0x08, 0xff, 0xff, 0xff, 0xff, 0xff, 0xff, 0xf8, 0x6b, 0xbb, 0xbb, 0xbb,
    0xbb, 0xbd, 0xfe, 0x30, 0x00, 0x00, 0x00, 0x00, 0x06, 0xff, 0x60, 0x00, 0x00, 0x00, 0x00, 0x03,
    0xff, 0x90, 0x00, 0x00, 0x00, 0x00, 0x01, 0xef, 0xc0, 0x00, 0x00, 0x00, 0x00, 0x00, 0xcf, 0xe1,
    0x00, 0x00, 0x00, 0x00, 0x00, 0x8f, 0xf4, 0x00, 0x00, 0x00, 0x00, 0x00, 0x3b, 0xb6, 0x00, 0x00,
    0x00, 0x00, 0x00, 0x00, 0x34, 0x20, 0x00, 0x00, 0x00, 0x00, 0x00, 0x0b, 0xf8, 0x00, 0x00, 0x00,
    0x00, 0x00, 0x00, 0xbf, 0x80, 0x00, 0x00, 0x00, 0x00, 0x00, 0x0b, 0xf8, 0x00, 0x00, 0x00, 0x00,
    0x00, 0x00, 0xbf, 0x80, 0x00, 0x00, 0x00, 0x00, 0x00, 0x0b, 0xf8, 0x00, 0x00, 0x00, 0x00, 0x00,
    0x00, 0xbf, 0x80, 0x00, 0x00, 0x00, 0x00, 0x00, 0x0b, 0xf8, 0x00, 0x00, 0x00, 0x00, 0x00, 0x00,
    0xbf, 0x80, 0x00, 0x00, 0x00, 0x00, 0x00, 0x0b, 0xf8, 0x00, 0x00, 0x00, 0x01, 0x00, 0x00, 0xbf,
    0x80, 0x00, 0x01, 0x00, 0xc1, 0x00, 0x0b, 0xf8, 0x00, 0x01, 0xc0, 0x0f, 0xe3, 0x00, 0xbf, 0x80,
    0x02, 0xcf, 0x00, 0xef, 0xe3, 0x0b, 0xf8, 0x03, 0xef, 0xe0, 0x02, 0xcf, 0xf6, 0xbf, 0x85, 0xef,
    0xc2, 0x00, 0x01, 0xcf, 0xfd, 0xfa, 0xff, 0xc1, 0x00, 0x00, 0x00, 0x9f, 0xff, 0xff, 0x90, 0x00,
    0x00, 0x00, 0x00, 0x8f, 0xff, 0x80, 0x00, 0x00, 0x00, 0x00, 0x00, 0x6f, 0x60, 0x00, 0x00, 0x00,
    0x00, 0x00, 0x00, 0x10, 0x00, 0x00, 0x00, 0x00, 0x00, 0x00, 0x34, 0x40, 0x00, 0x44, 0x30, 0x00,
    0x00, 0x00, 0x00, 0x00, 0x3f, 0xf9, 0x00, 0x09, 0xff, 0x30, 0x00, 0x00, 0x00, 0x00, 0x1e, 0xfc,
    0x10, 0x00, 0x1c, 0xfe, 0x10, 0x00, 0x00, 0x00, 0x0b, 0xfe, 0x20, 0x00, 0x00, 0x2e, 0xfb, 0x00,
    0x00, 0x00, 0x08, 0xff, 0x50, 0x00, 0x00, 0x00, 0x5f, 0xf8, 0x00, 0x00, 0x06, 0xff, 0x80, 0x00,
    0x00, 0x00, 0x00, 0x8f, 0xf6, 0x00, 0x03, 0xef, 0xb4, 0x44, 0x44, 0x44, 0x44, 0x44, 0xbf, 0xe3,
    0x00, 0xcf, 0xff, 0xff, 0xff, 0xff, 0xff, 0xff, 0xff, 0xff, 0xc0, 0x07, 0xff, 0xcb, 0xbb, 0xbb,
    0xbb, 0xbb, 0xbb, 0xcf, 0xf7, 0x00, 0x0a, 0xfe, 0x30, 0x00, 0x00, 0x00, 0x00, 0x3e, 0xfa, 0x00,
    0x00, 0x1c, 0xfc, 0x10, 0x00, 0x00, 0x00, 0x1c, 0xfc, 0x10, 0x00, 0x00, 0x3e, 0xf9, 0x00, 0x00,
    0x00, 0x09, 0xfe, 0x30, 0x00, 0x00, 0x00, 0x6f, 0xf7, 0x00, 0x00, 0x07, 0xff, 0x60, 0x00, 0x00,
    0x00, 0x00, 0x8f, 0xf4, 0x00, 0x04, 0xff, 0x80, 0x00, 0x00, 0x00, 0x00, 0x00, 0xab, 0xa0, 0x00,
    0xab, 0xa0, 0x00, 0x00, 0x00, 0x00, 0x00, 0x00, 0x05, 0x00, 0x00, 0x00, 0x00, 0x00, 0x00, 0x09,
    0xf9, 0x00, 0x00, 0x00, 0x00, 0x00, 0x1c, 0xff, 0xfb, 0x10, 0x00, 0x00, 0x00, 0x2c, 0xff, 0xff,
    0xfc, 0x20, 0x00, 0x00, 0x3e, 0xfe, 0xcf, 0x8e, 0xfe, 0x30, 0x00, 0x5e, 0xfd, 0x3b, 0xf8, 0x2c,
    0xfe, 0x50, 0x0f, 0xfc, 0x10, 0xbf, 0x80, 0x1c, 0xff, 0x00, 0xfb, 0x10, 0x0b, 0xf8, 0x00, 0x09,
    0xf0, 0x09, 0x00, 0x00, 0xbf, 0x80, 0x00, 0x09, 0x00, 0x00, 0x00, 0x0b, 0xf8, 0x00, 0x00, 0x00,
    0x00, 0x00, 0x00, 0xbf, 0x80, 0x00, 0x00, 0x00, 0x00, 0x00, 0x0b, 0xf8, 0x00, 0x00, 0x00, 0x00,
    0x00, 0x00, 0xbf, 0x80, 0x00, 0x00, 0x00, 0x00, 0x00, 0x0b, 0xf8, 0x00, 0x00, 0x00, 0x00, 0x00,
    0x00, 0xbf, 0x80, 0x00, 0x00, 0x00, 0x00, 0x00, 0x0b, 0xf8, 0x00, 0x00, 0x00, 0x00, 0x00, 0x00,
    0xbf, 0x80, 0x00, 0x00, 0x00, 0x00, 0x00, 0x0b, 0xf8, 0x00, 0x00, 0x00, 0x01, 0x00, 0x00, 0xbf,
    0x80, 0x00, 0x01, 0x00, 0xc1, 0x00, 0x0b, 0xf8, 0x00, 0x01, 0xc0, 0x0f, 0xe3, 0x00, 0xbf, 0x80,
    0x02, 0xcf, 0x00, 0xef, 0xe3, 0x0b, 0xf8, 0x03, 0xef, 0xe0, 0x02, 0xcf, 0xf6, 0xbf, 0x85, 0xef,
    0xc2, 0x00, 0x01, 0xcf, 0xfd, 0xfa, 0xff, 0xc1, 0x00, 0x00, 0x00, 0x9f, 0xff, 0xff, 0x90, 0x00,
    0x00, 0x00, 0x00, 0x8f, 0xff, 0x80, 0x00, 0x00, 0x00, 0x00, 0x00, 0x6f, 0x60, 0x00, 0x00, 0x00,
    0x00, 0x00, 0x00, 0x10, 0x00, 0x00, 0x00, 0x24, 0x44, 0x44, 0x44, 0x44, 0x20, 0x08, 0xff, 0xff,
    0xff, 0xff, 0xfc, 0x10, 0x8f, 0xff, 0xcf, 0xff, 0xff, 0xfa, 0x08, 0xff, 0xfc, 0x10, 0x00, 0x00,
    0x00, 0x8f, 0xef, 0xfc, 0x10, 0x00, 0x00, 0x08, 0xfb, 0x6f, 0xfc, 0x10, 0x00, 0x00, 0x8f, 0xb0,
    0x6f, 0xfc, 0x10, 0x00, 0x08, 0xfb, 0x00, 0x6f, 0xfc, 0x10, 0x00, 0x8f, 0xb0, 0x00, 0x6f, 0xfc,
    0x10, 0x08, 0xfb, 0x00, 0x00, 0x6f, 0xfc, 0x10, 0x7f, 0xb0, 0x00, 0x00, 0x6f, 0xfc, 0x10, 0x7b,
    0x00, 0x00, 0x00, 0x6f, 0xf9, 0x00, 0x10, 0x00, 0x00, 0x00, 0x6c, 0x10, 0x00, 0x00, 0x00, 0x00,
    0x00, 0x00, 0x00, 0x14, 0x44, 0x44, 0x44, 0x44, 0x20, 0x1c, 0xff, 0xff, 0xff, 0xff, 0xf8, 0x1c,
    0xff, 0xff, 0xff, 0xdf, 0xff, 0x80, 0x00, 0x00, 0x00, 0x1c, 0xff, 0xf8, 0x00, 0x00, 0x00, 0x1c,
    0xff, 0xdf, 0x80, 0x00, 0x00, 0x1c, 0xff, 0x6b, 0xf8, 0x00, 0x00, 0x1c, 0xff, 0x60, 0xbf, 0x80,
    0x00, 0x1c, 0xff, 0x60, 0x0b, 0xf8, 0x00, 0x1c, 0xff, 0x60, 0x00, 0xbf, 0x80, 0x1c, 0xff, 0x60,
    0x00, 0x0b, 0xf8, 0x1c, 0xff, 0x60, 0x00, 0x00, 0xbf, 0x79, 0xff, 0x60, 0x00, 0x00, 0x0b, 0x90,
    0x1c, 0x60, 0x00, 0x00, 0x00, 0x60, 0x00, 0x00, 0x00, 0x00, 0x00, 0x00, 0x00, 0x02, 0x00, 0x00,
    0x00, 0x00, 0x00, 0x03, 0xe9, 0x00, 0x00, 0x00, 0x08, 0x10, 0x8f, 0xf9, 0x00, 0x00, 0x00, 0xbc,
    0x10, 0x9f, 0xf9, 0x00, 0x00, 0x0b, 0xf8, 0x00, 0x9f, 0xf9, 0x00, 0x00, 0xbf, 0x80, 0x00, 0x9f,
    0xf9, 0x00, 0x0b, 0xf8, 0x00, 0x00, 0x9f, 0xf9, 0x00, 0xbf, 0x80, 0x00, 0x00, 0x9f, 0xf9, 0x0b,
    0xf8, 0x00, 0x00, 0x00, 0x9f, 0xf9, 0xbf, 0x80, 0x00, 0x00, 0x00, 0x9f, 0xfe, 0xf8, 0x14, 0x44,
    0x44, 0x44, 0xaf, 0xff, 0x80, 0x9f, 0xff, 0xff, 0xff, 0xff, 0xf8, 0x00, 0x9f, 0xff, 0xff, 0xff,
    0xff, 0x80, 0x00, 0x00, 0x00, 0x00, 0x00, 0x02, 0x00, 0x18, 0x00, 0x00, 0x00, 0x09, 0xe3, 0x1c,
    0xb0, 0x00, 0x00, 0x09, 0xff, 0x88, 0xfb, 0x00, 0x00, 0x09, 0xff, 0x90, 0x8f, 0xb0, 0x00, 0x09,
    0xff, 0x90, 0x08, 0xfb, 0x00, 0x09, 0xff, 0x90, 0x00, 0x8f, 0xb0, 0x09, 0xff, 0x90, 0x00, 0x08,
    0xfb, 0x09, 0xff, 0x90, 0x00, 0x00, 0x8f, 0xb9, 0xff, 0x90, 0x00, 0x00, 0x08, 0xfe, 0xff, 0x90,
    0x00, 0x00, 0x00, 0x8f, 0xff, 0xa4, 0x44, 0x44, 0x44, 0x18, 0xff, 0xff, 0xff, 0xff, 0xff, 0x90,
    0x8f, 0xff, 0xff, 0xff, 0xff, 0x90, 0x00, 0xff, 0xff, 0xff, 0xff, 0xff, 0xff, 0xff, 0xff, 0xff,
    0xff, 0xff, 0x44, 0x44, 0x44, 0x44, 0x44, 0x40, 0x00, 0x00, 0x00, 0x00, 0x00, 0x00, 0x00, 0x00,
    0x00, 0x00, 0x04, 0x44, 0x44, 0x44, 0x44, 0x44, 0xff, 0xff, 0xff, 0xff, 0xff, 0xfb, 0xbb, 0xbb,
    0xbb, 0xbb, 0xbb, 0x00, 0x00, 0x00, 0x00, 0x00, 0x00, 0x00, 0x00, 0x00, 0x00, 0x00, 0x00, 0x00,
    0x00, 0x00, 0x00, 0x0b, 0xbb, 0xbb, 0xbb, 0xbb, 0xbb, 0xff, 0xff, 0xff, 0xff, 0xff, 0xf4, 0x44,
    0x44, 0x44, 0x44, 0x44, 0x81, 0x00, 0x00, 0x00, 0x00, 0x00, 0x00, 0x00, 0xfe, 0x81, 0x00, 0x00,
    0x00, 0x00, 0x00, 0x00, 0xff, 0xfe, 0x81, 0x00, 0x00, 0x00, 0x00, 0x00, 0xff, 0xff, 0xfe, 0x81,
    0x00, 0x00, 0x00, 0x00, 0xff, 0xff, 0xff, 0xfd, 0x60, 0x00, 0x00, 0x00, 0xff, 0xff, 0xff, 0xff,
    0xfd, 0x60, 0x00, 0x00, 0xff, 0xff, 0xff, 0xff, 0xff, 0xfd, 0x60, 0x00, 0xff, 0xff, 0xff, 0xff,
    0xff, 0xff, 0xfd, 0x60, 0xff, 0xff, 0xff, 0xff, 0xff, 0xff, 0xfd, 0x60, 0xff, 0xff, 0xff, 0xff,
    0xff, 0xfd, 0x60, 0x00, 0xff, 0xff, 0xff, 0xff, 0xfd, 0x60, 0x00, 0x00, 0xff, 0xff, 0xff, 0xfd,
    0x60, 0x00, 0x00, 0x00, 0xff, 0xff, 0xfe, 0x81, 0x00, 0x00, 0x00, 0x00, 0xff, 0xfe, 0x81, 0x00,
    0x00, 0x00, 0x00, 0x00, 0xfe, 0x81, 0x00, 0x00, 0x00, 0x00, 0x00, 0x00, 0x81, 0x00, 0x00, 0x00,
    0x00, 0x00, 0x00, 0x00, 0x81, 0x00, 0x00, 0x00, 0x00, 0x00, 0x00, 0x00, 0xfe, 0x81, 0x00, 0x00,
    0x00, 0x00, 0x00, 0x00, 0xfa, 0xee, 0x81, 0x00, 0x00, 0x00, 0x00, 0x00, 0xf4, 0x18, 0xee, 0x81,
    0x00, 0x00, 0x00, 0x00, 0xf4, 0x00, 0x18, 0xed, 0x60, 0x00, 0x00, 0x00, 0xf4, 0x00, 0x00, 0x18,
    0xed, 0x60, 0x00, 0x00, 0xf4, 0x00, 0x00, 0x00, 0x18, 0xed, 0x60, 0x00, 0xf4, 0x00, 0x00, 0x00,
    0x00, 0x18, 0xed, 0x60, 0xf4, 0x00, 0x00, 0x00, 0x00, 0x18, 0xed, 0x60, 0xf4, 0x00, 0x00, 0x00,
    0x18, 0xed, 0x60, 0x00, 0xf4, 0x00, 0x00, 0x18, 0xed, 0x60, 0x00, 0x00, 0xf4, 0x00, 0x18, 0xed,
    0x60, 0x00, 0x00, 0x00, 0xf4, 0x18, 0xee, 0x81, 0x00, 0x00, 0x00, 0x00, 0xfa, 0xee, 0x81, 0x00,
    0x00, 0x00, 0x00, 0x00, 0xfe, 0x81, 0x00, 0x00, 0x00, 0x00, 0x00, 0x00, 0x81, 0x00, 0x00, 0x00,
    0x00, 0x00, 0x00, 0x00, 0x00, 0x00, 0x03, 0x8b, 0xbb, 0x83, 0x00, 0x00, 0x00, 0x00, 0x1b, 0xff,
    0xff, 0xff, 0xfb, 0x20, 0x00, 0x00, 0x3e, 0xff, 0xff, 0xff, 0xff, 0xfe, 0x30, 0x00, 0x1d, 0xff,
    0xff, 0xff, 0xff, 0xff, 0xfd, 0x10, 0x08, 0xff, 0xff, 0xff, 0xff, 0xff, 0xff, 0xf8, 0x00, 0xdf,
    0xff, 0xff, 0xff, 0xff, 0xff, 0xff, 0xd0, 0x2f, 0xff, 0xff, 0xff, 0xff, 0xff, 0xff, 0xff, 0x24,
    0xff, 0xff, 0xff, 0xff, 0xff, 0xff, 0xff, 0xf4, 0x4f, 0xff, 0xff, 0xff, 0xff, 0xff, 0xff, 0xff,
    0x42, 0xff, 0xff, 0xff, 0xff, 0xff, 0xff, 0xff, 0xf2, 0x0d, 0xff, 0xff, 0xff, 0xff, 0xff, 0xff,
    0xfd, 0x00, 0x8f, 0xff, 0xff, 0xff, 0xff, 0xff, 0xff, 0x80, 0x01, 0xcf, 0xff, 0xff, 0xff, 0xff,
    0xff, 0xc1, 0x00, 0x03, 0xef, 0xff, 0xff, 0xff, 0xff, 0xe3, 0x00, 0x00, 0x01, 0xbf, 0xff, 0xff,
    0xff, 0xb2, 0x00, 0x00, 0x00, 0x00, 0x38, 0xbb, 0xb8, 0x30, 0x00, 0x00,
};

static const prim_glyph_t ui_font_mono_25_glyphs[] = {
    {32, 0, 0, 0, 0, 0, 15},
    {33, 0, 5, 20, 5, 19, 15},
    {34, 50, 9, 9, 3, 19, 15},
    {35, 91, 15, 19, 0, 19, 15},
    {36, 234, 13, 26, 1, 22, 15},
    {37, 403, 15, 20, 0, 19, 15},
    {38, 553, 16, 20, 0, 19, 15},
    {39, 713, 3, 9, 6, 19, 15},
    {40, 727, 9, 24, 4, 21, 15},
    {41, 835, 9, 24, 2, 21, 15},
    {42, 943, 15, 14, 0, 16, 15},
    {43, 1048, 13, 13, 1, 15, 15},
    {44, 1133, 5, 8, 5, 4, 15},
    {45, 1153, 9, 3, 3, 10, 15},
    {46, 1167, 5, 5, 5, 4, 15},
    {47, 1180, 13, 24, 1, 21, 15},
    {48, 1336, 13, 20, 1, 19, 15},
    {49, 1466, 12, 19, 2, 19, 15},
    {50, 1580, 13, 19, 1, 19, 15},
    {51, 1704, 12, 20, 1, 19, 15},
    {52, 1824, 12, 19, 1, 19, 15},
    {53, 1938, 12, 20, 1, 19, 15},
    {54, 2058, 13, 20, 1, 19, 15},
    {55, 2188, 13, 19, 1, 19, 15},
    {56, 2312, 13, 20, 1, 19, 15},
    {57, 2442, 13, 19, 1, 19, 15},
    {58, 2566, 5, 15, 5, 14, 15},
    {59, 2604, 5, 18, 5, 14, 15},
    {60, 2649, 11, 14, 2, 15, 15},
    {61, 2726, 11, 9, 2, 13, 15},
    {62, 2776, 11, 14, 2, 15, 15},
    {63, 2853, 10, 20, 3, 19, 15},
    {64, 2953, 14, 24, 1, 19, 15},
    {65, 3121, 13, 19, 1, 19, 15},
    {66, 3245, 12, 19, 2, 19, 15},
    {67, 3359, 12, 20, 2, 19, 15},
    {68, 3479, 11, 19, 2, 19, 15},
    {69, 3584, 12, 19, 2, 19, 15},
    {70, 3698, 12, 19, 2, 19, 15},
    {71, 3812, 12, 20, 2, 19, 15},
    {72, 3932, 11, 19, 2, 19, 15},
    {73, 4037, 11, 19, 2, 19, 15},
    {74, 4142, 12, 20, 1, 19, 15},
    {75, 4262, 13, 19, 2, 19, 15},
    {76, 4386, 11, 19, 3, 19, 15},
    {77, 4491, 13, 19, 1, 19, 15},
    {78, 4615, 11, 19, 2, 19, 15},
    {79, 4720, 11, 20, 2, 19, 15},
    {80, 4830, 12, 19, 2, 19, 15},
    {81, 4944, 13, 24, 1, 19, 15},
    {82, 5100, 12, 19, 2, 19, 15},
    {83, 5214, 13, 20, 1, 19, 15},
    {84, 5344, 13, 19, 1, 19, 15},
    {85, 5468, 11, 20, 2, 19, 15},
    {86, 5578, 13, 19, 1, 19, 15},
    {87, 5702, 15, 19, 0, 19, 15},
    {88, 5845, 15, 19, 0, 19, 15},
    {89, 5988, 15, 19, 0, 19, 15},
    {90, 6131, 11, 19, 2, 19, 15},
    {91, 6236, 7, 24, 5, 21, 15},
    {92, 6320, 13, 24, 1, 21, 15},
    {93, 6476, 7, 24, 3, 21, 15},
    {94, 6560, 13, 11, 1, 19, 15},
    {95, 6632, 13, 3, 1, 0, 15},
    {96, 6652, 7, 4, 3, 20, 15},
    {97, 6666, 12, 15, 1, 14, 15},
    {98, 6756, 11, 20, 2, 19, 15},
    {99, 6866, 12, 15, 2, 14, 15},
    {100, 6956, 11, 20, 2, 19, 15},
    {101, 7066, 11, 15, 2, 14, 15},
    {102, 7149, 13, 19, 1, 19, 15},
    {103, 7273, 11, 19, 2, 14, 15},
    {104, 7378, 11, 19, 2, 19, 15},
    {105, 7483, 12, 20, 2, 20, 15},
    {106, 7603, 10, 25, 2, 20, 15},
    {107, 7728, 13, 19, 2, 19, 15},
    {108, 7852, 14, 19, 0, 19, 15},
    {109, 7985, 13, 14, 1, 14, 15},
    {110, 8076, 11, 14, 2, 14, 15},
    {111, 8153, 11, 15, 2, 14, 15},
    {112, 8236, 11, 19, 2, 14, 15},
    {113, 8341, 11, 19, 2, 14, 15},
    {114, 8446, 12, 14, 2, 14, 15},
    {115, 8530, 11, 15, 2, 14, 15},
    {116, 8613, 13, 18, 1, 18, 15},
    {117, 8730, 11, 15, 2, 14, 15},
    {118, 8813, 13, 14, 1, 14, 15},
    {119, 8904, 15, 14, 0, 14, 15},
    {120, 9009, 13, 14, 1, 14, 15},
    {121, 9100, 13, 19, 1, 14, 15},
    {122, 9224, 11, 14, 2, 14, 15},
    {123, 9301, 12, 24, 1, 21, 15},
    {124, 9445, 3, 24, 6, 21, 15},
    {125, 9481, 12, 24, 2, 21, 15},
    {126, 9625, 13, 6, 1, 12, 15},
    {160, 9664, 0, 0, 0, 0, 15},
    {161, 9664, 5, 19, 5, 14, 15},
    {162, 9712, 12, 22, 2, 18, 15},
    {163, 9844, 13, 19, 1, 19, 15},
    {164, 9968, 13, 14, 1, 16, 15},
    {165, 10059, 15, 19, 0, 19, 15},
    {166, 10202, 3, 24, 6, 21, 15},
    {167, 10238, 13, 23, 1, 19, 15},
    {168, 10388, 9, 4, 3, 20, 15},
    {169, 10406, 13, 17, 1, 19, 15},
    {170, 10517, 7, 8, 4, 19, 15},
    {171, 10545, 15, 12, 0, 13, 15},
    {172, 10635, 11, 6, 2, 10, 15},
    {173, 10668, 9, 3, 3, 10, 15},
    {174, 10682, 13, 17, 1, 19, 15},
    {175, 10793, 9, 3, 3, 19, 15},
    {176, 10807, 9, 8, 3, 19, 15},
    {177, 10843, 13, 15, 1, 15, 15},
    {178, 10941, 9, 12, 3, 21, 15},
    {179, 10995, 9, 12, 3, 21, 15},
    {180, 11049, 6, 4, 5, 20, 15},
    {181, 11061, 11, 19, 2, 14, 15},
    {182, 11166, 12, 24, 1, 19, 15},
    {183, 11310, 5, 5, 5, 11, 15},
    {184, 11323, 6, 7, 5, 1, 15},
    {185, 11344, 10, 12, 3, 21, 15},
    {186, 11404, 7, 8, 4, 19, 15},
    {187, 11432, 15, 12, 0, 13, 15},
    {188, 11522, 15, 19, 0, 19, 15},
    {189, 11665, 15, 19, 0, 19, 15},
    {190, 11808, 15, 19, 0, 19, 15},
    {191, 11951, 10, 19, 2, 14, 15},
    {192, 12046, 13, 24, 1, 24, 15},
    {193, 12202, 13, 24, 1, 24, 15},
    {194, 12358, 13, 24, 1, 24, 15},
    {195, 12514, 13, 24, 1, 24, 15},
    {196, 12670, 13, 24, 1, 24, 15},
    {197, 12826, 13, 25, 1, 25, 15},
    {198, 12989, 15, 19, 0, 19, 15},
    {199, 13132, 12, 25, 2, 19, 15},
    {200, 13282, 12, 24, 2, 24, 15},
    {201, 13426, 12, 24, 2, 24, 15},
    {202, 13570, 12, 24, 2, 24, 15},
    {203, 13714, 12, 24, 2, 24, 15},
    {204, 13858, 11, 24, 2, 24, 15},
    {205, 13990, 11, 24, 2, 24, 15},
    {206, 14122, 11, 24, 2, 24, 15},
    {207, 14254, 11, 24, 2, 24, 15},
    {208, 14386, 13, 19, 0, 19, 15},
    {209, 14510, 11, 24, 2, 24, 15},
    {210, 14642, 11, 25, 2, 24, 15},
    {211, 14780, 11, 25, 2, 24, 15},
    {212, 14918, 11, 25, 2, 24, 15},
    {213, 15056, 11, 25, 2, 24, 15},
    {214, 15194, 11, 25, 2, 24, 15},
    {215, 15332, 11, 11, 2, 14, 15},
    {216, 15393, 15, 20, 0, 19, 15},
    {217, 15543, 11, 25, 2, 24, 15},
    {218, 15681, 11, 25, 2, 24, 15},
    {219, 15819, 11, 25, 2, 24, 15},
    {220, 15957, 11, 25, 2, 24, 15},
    {221, 16095, 15, 24, 0, 24, 15},
    {222, 16275, 12, 19, 2, 19, 15},
    {223, 16389, 12, 19, 2, 19, 15},
    {224, 16503, 12, 21, 1, 20, 15},
    {225, 16629, 12, 21, 1, 20, 15},
    {226, 16755, 12, 21, 1, 20, 15},
    {227, 16881, 12, 21, 1, 20, 15},
    {228, 17007, 12, 21, 1, 20, 15},
    {229, 17133, 12, 22, 1, 21, 15},
    {230, 17265, 15, 15, 0, 14, 15},
    {231, 17378, 12, 20, 2, 14, 15},
    {232, 17498, 11, 21, 2, 20, 15},
    {233, 17614, 11, 21, 2, 20, 15},
    {234, 17730, 11, 21, 2, 20, 15},
    {235, 17846, 11, 21, 2, 20, 15},
    {236, 17962, 12, 20, 2, 20, 15},
    {237, 18082, 12, 20, 2, 20, 15},
    {238, 18202, 12, 20, 2, 20, 15},
    {239, 18322, 12, 20, 2, 20, 15},
    {240, 18442, 13, 20, 1, 19, 15},
    {241, 18572, 11, 20, 2, 20, 15},
    {242, 18682, 11, 21, 2, 20, 15},
    {243, 18798, 11, 21, 2, 20, 15},
    {244, 18914, 11, 21, 2, 20, 15},
    {245, 19030, 11, 21, 2, 20, 15},
    {246, 19146, 11, 21, 2, 20, 15},
    {247, 19262, 11, 15, 2, 16, 15},
    {248, 19345, 15, 16, 0, 15, 15},
    {249, 19465, 11, 21, 2, 20, 15},
    {250, 19581, 11, 21, 2, 20, 15},
    {251, 19697, 11, 21, 2, 20, 15},
    {252, 19813, 11, 21, 2, 20, 15},
    {253, 19929, 13, 25, 1, 20, 15},
    {254, 20092, 11, 24, 2, 19, 15},
    {255, 20224, 13, 25, 1, 20, 15},
    {256, 20387, 13, 23, 1, 23, 15},
    {257, 20537, 12, 20, 1, 19, 15},
    {258, 20657, 13, 24, 1, 24, 15},
    {259, 20813, 12, 21, 1, 20, 15},
    {260, 20939, 14, 25, 1, 19, 15},
    {261, 21114, 14, 20, 1, 14, 15},
    {262, 21254, 12, 25, 2, 24, 15},
    {263, 21404, 12, 21, 2, 20, 15},
    {264, 21530, 12, 25, 2, 24, 15},
    {265, 21680, 12, 21, 2, 20, 15},
    {266, 21806, 12, 25, 2, 24, 15},
    {267, 21956, 12, 21, 2, 20, 15},
    {268, 22082, 12, 25, 2, 24, 15},
    {269, 22232, 12, 21, 2, 20, 15},
    {270, 22358, 11, 24, 2, 24, 15},
    {271, 22490, 15, 20, 1, 19, 15},
    {272, 22640, 13, 19, 0, 19, 15},
    {273, 22764, 13, 20, 2, 19, 15},
    {274, 22894, 12, 23, 2, 23, 15},
    {275, 23032, 11, 20, 2, 19, 15},
    {276, 23142, 12, 24, 2, 24, 15},
    {277, 23286, 11, 21, 2, 20, 15},
    {278, 23402, 12, 24, 2, 24, 15},
    {279, 23546, 11, 21, 2, 20, 15},
    {280, 23662, 12, 25, 2, 19, 15},
    {281, 23812, 11, 20, 2, 14, 15},
    {282, 23922, 12, 24, 2, 24, 15},
    {283, 24066, 11, 21, 2, 20, 15},
    {284, 24182, 12, 25, 2, 24, 15},
    {285, 24332, 11, 25, 2, 20, 15},
    {286, 24470, 12, 25, 2, 24, 15},
    {287, 24620, 11, 25, 2, 20, 15},
    {288, 24758, 12, 25, 2, 24, 15},
    {289, 24908, 11, 25, 2, 20, 15},
    {290, 25046, 12, 25, 2, 19, 15},
    {291, 25196, 11, 27, 2, 22, 15},
    {292, 25345, 11, 24, 2, 24, 15},
    {293, 25477, 15, 25, -2, 25, 15},
    {294, 25665, 15, 19, 0, 19, 15},
    {295, 25808, 13, 19, 0, 19, 15},
    {296, 25932, 11, 24, 2, 24, 15},
    {297, 26064, 12, 20, 2, 20, 15},
    {298, 26184, 11, 23, 2, 23, 15},
    {299, 26311, 12, 19, 2, 19, 15},
    {300, 26425, 11, 24, 2, 24, 15},
    {301, 26557, 12, 20, 2, 20, 15},
    {302, 26677, 11, 25, 2, 19, 15},
    {303, 26815, 12, 26, 2, 20, 15},
    {304, 26971, 11, 24, 2, 24, 15},
    {305, 27103, 12, 14, 2, 14, 15},
    {306, 27187, 17, 20, 2, 19, 21},
    {307, 27357, 10, 25, 1, 19, 12},
    {308, 27482, 15, 25, 1, 24, 15},
    {309, 27670, 13, 25, 2, 20, 15},
    {310, 27833, 13, 25, 2, 19, 15},
    {311, 27996, 13, 25, 2, 19, 15},
    {312, 28159, 13, 14, 2, 14, 15},
    {313, 28250, 12, 24, 2, 24, 15},
    {314, 28394, 14, 24, 0, 24, 15},
    {315, 28562, 11, 25, 3, 19, 15},
    {316, 28700, 14, 25, 0, 19, 15},
    {317, 28875, 11, 19, 3, 19, 15},
    {318, 28980, 14, 19, 0, 19, 15},
    {319, 29113, 11, 19, 3, 19, 15},
    {320, 29218, 16, 19, 0, 19, 15},
    {321, 29370, 14, 19, 0, 19, 15},
    {322, 29503, 14, 19, 0, 19, 15},
    {323, 29636, 11, 24, 2, 24, 15},
    {324, 29768, 11, 20, 2, 20, 15},
    {325, 29878, 11, 25, 2, 19, 15},
    {326, 30016, 11, 20, 2, 14, 15},
    {327, 30126, 11, 24, 2, 24, 15},
    {328, 30258, 11, 20, 2, 20, 15},
    {329, 30368, 14, 20, -1, 20, 15},
    {330, 30508, 11, 24, 2, 19, 15},
    {331, 30640, 11, 19, 2, 14, 15},
    {332, 30745, 11, 24, 2, 23, 15},
    {333, 30877, 11, 20, 2, 19, 15},
    {334, 30987, 11, 25, 2, 24, 15},
    {335, 31125, 11, 21, 2, 20, 15},
    {336, 31241, 12, 25, 2, 24, 15},
    {337, 31391, 12, 21, 2, 20, 15},
    {338, 31517, 15, 20, 0, 19, 15},
    {339, 31667, 15, 15, 0, 14, 15},
    {340, 31780, 12, 24, 2, 24, 15},
    {341, 31924, 12, 20, 2, 20, 15},
    {342, 32044, 12, 25, 2, 19, 15},
    {343, 32194, 14, 20, 0, 14, 15},
    {344, 32334, 12, 24, 2, 24, 15},
    {345, 32478, 12, 20, 2, 20, 15},
    {346, 32598, 13, 25, 1, 24, 15},
    {347, 32761, 11, 21, 2, 20, 15},
    {348, 32877, 13, 25, 1, 24, 15},
    {349, 33040, 11, 21, 2, 20, 15},
    {350, 33156, 13, 25, 1, 19, 15},
    {351, 33319, 11, 20, 2, 14, 15},
    {352, 33429, 13, 25, 1, 24, 15},
    {353, 33592, 11, 21, 2, 20, 15},
    {354, 33708, 13, 25, 1, 19, 15},
    {355, 33871, 13, 24, 1, 18, 15},
    {356, 34027, 13, 24, 1, 24, 15},
    {357, 34183, 13, 21, 1, 21, 15},
    {358, 34320, 13, 19, 1, 19, 15},
    {359, 34444, 13, 18, 1, 18, 15},
    {360, 34561, 11, 25, 2, 24, 15},
    {361, 34699, 11, 21, 2, 20, 15},
    {362, 34815, 11, 24, 2, 23, 15},
    {363, 34947, 11, 20, 2, 19, 15},
    {364, 35057, 11, 25, 2, 24, 15},
    {365, 35195, 11, 21, 2, 20, 15},
    {366, 35311, 11, 26, 2, 25, 15},
    {367, 35454, 11, 22, 2, 21, 15},
    {368, 35575, 12, 25, 2, 24, 15},
    {369, 35725, 12, 21, 2, 20, 15},
    {370, 35851, 11, 25, 2, 19, 15},
    {371, 35989, 11, 20, 2, 14, 15},
    {372, 36099, 15, 24, 0, 24, 15},
    {373, 36279, 15, 20, 0, 20, 15},
    {374, 36429, 15, 24, 0, 24, 15},
    {375, 36609, 13, 25, 1, 20, 15},
    {376, 36772, 15, 24, 0, 24, 15},
    {377, 36952, 11, 24, 2, 24, 15},
    {378, 37084, 11, 20, 2, 20, 15},
    {379, 37194, 11, 24, 2, 24, 15},
    {380, 37326, 11, 20, 2, 20, 15},
    {381, 37436, 11, 24, 2, 24, 15},
    {382, 37568, 11, 20, 2, 20, 15},
    {383, 37678, 9, 19, 4, 19, 15},
    {913, 37764, 13, 19, 1, 19, 15},
    {914, 37888, 12, 19, 2, 19, 15},
    {915, 38002, 11, 19, 3, 19, 15},
    {916, 38107, 13, 19, 1, 19, 15},
    {917, 38231, 12, 19, 2, 19, 15},
    {918, 38345, 11, 19, 2, 19, 15},
    {919, 38450, 11, 19, 2, 19, 15},
    {920, 38555, 11, 20, 2, 19, 15},
    {921, 38665, 11, 19, 2, 19, 15},
    {922, 38770, 13, 19, 2, 19, 15},
    {923, 38894, 13, 19, 1, 19, 15},
    {924, 39018, 13, 19, 1, 19, 15},
    {925, 39142, 11, 19, 2, 19, 15},
    {926, 39247, 13, 19, 1, 19, 15},
    {927, 39371, 11, 20, 2, 19, 15},
    {928, 39481, 11, 19, 2, 19, 15},
    {929, 39586, 12, 19, 2, 19, 15},
    {931, 39700, 13, 19, 1, 19, 15},
    {932, 39824, 13, 19, 1, 19, 15},
    {933, 39948, 15, 19, 0, 19, 15},
    {934, 40091, 13, 21, 1, 20, 15},
    {935, 40228, 15, 19, 0, 19, 15},
    {936, 40371, 13, 19, 1, 19, 15},
    {937, 40495, 13, 19, 1, 19, 15},
    {938, 40619, 11, 24, 2, 24, 15},
    {939, 40751, 15, 24, 0, 24, 15},
    {940, 40931, 11, 21, 2, 20, 15},
    {941, 41047, 13, 21, 1, 20, 15},
    {942, 41184, 11, 20, 2, 20, 15},
    {943, 41294, 13, 20, 1, 20, 15},
    {944, 41424, 11, 24, 2, 23, 15},
    {945, 41556, 11, 15, 2, 14, 15},
    {946, 41639, 12, 24, 2, 19, 15},
    {947, 41783, 13, 19, 1, 14, 15},
    {948, 41907, 11, 20, 2, 19, 15},
    {949, 42017, 13, 15, 1, 14, 15},
    {950, 42115, 13, 24, 2, 19, 15},
    {951, 42271, 11, 14, 2, 14, 15},
    {952, 42348, 11, 20, 2, 19, 15},
    {953, 42458, 13, 14, 1, 14, 15},
    {954, 42549, 13, 14, 2, 14, 15},
    {955, 42640, 13, 19, 1, 19, 15},
    {956, 42764, 11, 19, 2, 14, 15},
    {957, 42869, 13, 14, 1, 14, 15},
    {958, 42960, 12, 24, 2, 19, 15},
    {959, 43104, 11, 15, 2, 14, 15},
    {960, 43187, 14, 15, 0, 14, 15},
    {961, 43292, 11, 19, 2, 14, 15},
    {962, 43397, 12, 19, 2, 14, 15},
    {963, 43511, 13, 15, 2, 14, 15},
    {964, 43609, 13, 14, 1, 14, 15},
    {965, 43700, 11, 15, 2, 14, 15},
    {966, 43783, 13, 19, 1, 14, 15},
    {967, 43907, 13, 14, 1, 14, 15},
    {968, 43998, 13, 19, 1, 14, 15},
    {969, 44122, 13, 15, 1, 14, 15},
    {8226, 44220, 7, 7, 4, 13, 15},
    {8304, 44245, 9, 12, 3, 21, 15},
    {8305, 44299, 3, 12, 1, 22, 5},
    {8308, 44317, 9, 12, 3, 21, 15},
    {8309, 44371, 9, 12, 3, 21, 15},
    {8310, 44425, 9, 12, 3, 21, 15},
    {8311, 44479, 9, 12, 3, 21, 15},
    {8312, 44533, 9, 12, 3, 21, 15},
    {8313, 44587, 9, 12, 3, 21, 15},
    {8314, 44641, 7, 8, 4, 15, 15},
    {8315, 44669, 9, 3, 1, 17, 11},
    {8316, 44683, 9, 7, 3, 18, 15},
    {8317, 44715, 5, 13, 1, 22, 7},
    {8318, 44748, 5, 13, 0, 22, 7},
    {8319, 44781, 9, 9, 1, 19, 11},
    {8320, 44822, 9, 12, 3, 8, 15},
    {8321, 44876, 10, 12, 3, 8, 15},
    {8322, 44936, 9, 12, 3, 8, 15},
    {8323, 44990, 9, 12, 3, 8, 15},
    {8324, 45044, 9, 12, 3, 8, 15},
    {8325, 45098, 9, 12, 3, 8, 15},
    {8326, 45152, 9, 12, 3, 8, 15},
    {8327, 45206, 9, 12, 3, 8, 15},
    {8328, 45260, 9, 12, 3, 8, 15},
    {8329, 45314, 9, 12, 3, 8, 15},
    {8330, 45368, 9, 8, 1, 5, 11},
    {8331, 45404, 9, 3, 1, 2, 11},
    {8332, 45418, 8, 6, 1, 4, 11},
    {8333, 45442, 5, 13, 1, 7, 7},
    {8334, 45475, 5, 13, 0, 7, 7},
    {8336, 45508, 9, 8, 0, 4, 10},
    {8337, 45544, 9, 8, 1, 4, 10},
    {8338, 45580, 9, 8, 1, 4, 11},
    {8339, 45616, 10, 8, 0, 4, 10},
    {8340, 45656, 10, 11, 1, 5, 11},
    {8341, 45711, 9, 11, 1, 7, 11},
    {8342, 45761, 9, 11, 1, 7, 10},
    {8343, 45811, 3, 11, 1, 7, 5},
    {8344, 45828, 14, 8, 1, 4, 16},
    {8345, 45884, 9, 8, 1, 4, 11},
    {8346, 45920, 9, 11, 1, 4, 11},
    {8347, 45970, 8, 8, 1, 4, 10},
    {8348, 46002, 6, 10, 0, 6, 6},
    {8592, 46032, 15, 15, 0, 16, 15},
    {8593, 46145, 15, 19, 0, 19, 15},
    {8594, 46288, 15, 15, 0, 16, 15},
    {8595, 46401, 15, 20, 0, 19, 15},
    {8596, 46551, 21, 15, -3, 16, 15},
    {8597, 46709, 15, 28, 0, 23, 15},
    {8598, 46919, 13, 14, 1, 19, 15},
    {8599, 47010, 13, 14, 1, 19, 15},
    {8600, 47101, 13, 13, 1, 13, 15},
    {8601, 47186, 13, 13, 1, 13, 15},
    {8801, 47271, 11, 14, 2, 15, 15},
    {9654, 47348, 16, 16, 0, 17, 15},
    {9655, 47476, 16, 16, 0, 17, 15},
    {9679, 47604, 17, 16, -1, 17, 15},
};

const prim_font_t ui_font_mono_25 = {
    .bitmap_data = ui_font_mono_25_bmp,
    .glyphs = ui_font_mono_25_glyphs,
    .glyph_count = 432,
    .line_height = 34,
    .baseline = 26,
    .ascent = 26,
    .descent = 8,
    .bpp = 4,
};
