wall,seq,f_hz,gate_ns
1791383419.857,12400,10000008.3956803,249999990
1791383420.014,12401,10000008.3864403,249999990
1791383420.261,12402,10000008.4076003,249999989
1791383420.520,12403,10000008.3952003,249999990
1791383420.760,12404,10000008.3930803,249999990
1791383421.024,12405,10000008.3860803,249999990
1791383421.264,12406,10000008.4098803,249999989
1791383421.511,12407,10000008.3840003,249999990
1791383421.762,12408,10000008.3872370,250000090
1791383422.010,12409,10000008.3794003,249999990
1791383422.268,12410,10000008.3646803,249999990
1791383422.511,12411,10000008.3907203,249999990
1791383422.760,12412,10000008.3774803,249999990
1791383423.012,12413,10000008.2555602,249999993
1791383423.273,12414,10000008.4000003,249999990
1791383423.514,12415,10000008.4093603,249999989
1791383423.763,12416,10000008.3906403,249999990
1791383424.025,12417,10000008.3881203,249999990
1791383424.265,12418,10000008.4000003,249999990
1791383424.518,12419,10000008.3919970,250000090
1791383424.764,12420,10000008.4111203,249999989
1791383425.014,12421,10000008.3430003,249999991
1791383425.266,12422,10000008.4295604,249999989
1791383425.513,12423,10000008.3848003,249999990
1791383425.762,12424,10000008.4000003,249999990
1791383426.012,12425,10000008.3856403,249999990
1791383426.262,12426,10000008.4247204,249999989
1791383426.513,12427,10000008.3581203,249999991
1791383426.762,12428,10000008.4053203,249999989
1791383427.020,12429,10000008.3899570,250000090
1791383427.283,12430,10000008.3957603,249999990
1791383427.512,12431,10000008.3942403,249999990
1791383427.764,12432,10000008.4000003,249999990
1791383428.012,12433,10000008.3886803,249999990
1791383428.262,12434,10000008.4034803,249999989
1791383428.513,12435,10000008.3881603,249999990
1791383428.762,12436,10000008.3940403,249999990
1791383429.015,12437,10000008.4000003,249999990
1791383429.266,12438,10000008.3924003,249999990
1791383429.513,12439,10000008.3958770,250000090
1791383429.763,12440,10000008.3860803,249999990
1791383430.013,12441,10000008.3938803,249999990
1791383430.268,12442,10000008.3363603,249999991
1791383430.514,12443,10000008.4225204,249999989
1791383430.763,12444,10000008.3516003,249999991
1791383431.013,12445,10000008.4063603,249999989
1791383431.263,12446,10000008.3459603,249999991
1791383431.514,12447,10000008.2922802,249999992
1791383431.768,12448,10000008.3843203,249999990
1791383432.013,12449,10000008.4069203,249999989
1791383432.273,12450,10000008.3888770,250000090
1791383432.513,12451,10000008.4041603,249999989
1791383432.764,12452,10000008.3499203,249999991
1791383433.013,12453,10000008.4345604,249999989
1791383433.279,12454,10000008.4113603,249999989
1791383433.513,12455,10000008.3684403,249999990
1791383433.763,12456,10000008.3798803,249999990
1791383434.013,12457,10000008.4436804,249999988
1791383434.265,12458,10000008.3448803,249999991
1791383434.513,12459,10000008.4053203,249999989
1791383434.763,12460,10000008.3899570,250000090
1791383435.013,12461,10000008.4000003,249999990
1791383435.267,12462,10000008.3900003,249999990
1791383435.514,12463,10000008.4000003,249999990
1791383435.767,12464,10000008.3886803,249999990
1791383436.014,12465,10000008.4034803,249999989
1791383436.266,12466,10000008.3924803,249999990
1791383436.514,12467,10000008.3897203,249999990
1791383436.764,12468,10000008.4102803,249999989
1791383437.014,12469,10000008.3897203,249999990
1791383437.267,12470,10000008.3923970,250000090
1791383437.514,12471,10000008.3931203,249999990
1791383437.768,12472,10000008.4000003,249999990
1791383438.014,12473,10000008.3380003,249999991
1791383438.267,12474,10000008.4371204,249999989
1791383438.517,12475,10000008.3665203,249999990
1791383438.764,12476,10000008.4077603,249999989
1791383439.014,12477,10000008.3502003,249999991
1791383439.265,12478,10000008.2345202,249999994
1791383439.520,12479,10000008.5412005,249999986
1791383439.765,12480,10000008.4069170,250000089
1791383440.016,12481,10000008.2468002,249999993
1791383440.267,12482,10000008.4087603,249999989
1791383440.515,12483,10000008.5521205,249999986
1791383440.765,12484,10000008.2391202,249999994
1791383441.015,12485,10000008.3968803,249999990
1791383441.265,12486,10000008.3920003,249999990
1791383441.515,12487,10000008.4041603,249999989
1791383441.765,12488,10000008.4038403,249999989
1791383442.016,12489,10000008.3961603,249999990
1791383442.265,12490,10000008.3794803,249999990
1791383442.517,12491,10000008.3999970,250000090
1791383442.768,12492,10000008.4083603,249999989
1791383443.017,12493,10000008.3502003,249999991
1791383443.268,12494,10000008.4328804,249999989
1791383443.522,12495,10000008.3844803,249999990
1791383443.772,12496,10000008.3945203,249999990
1791383444.017,12497,10000008.3942403,249999990
1791383444.270,12498,10000008.4201204,249999989
1791383444.517,12499,10000008.3737603,249999990
1791383444.768,12500,10000008.3946803,249999990
1791383445.017,12501,10000008.3952770,250000090
1791383445.268,12502,10000008.4047203,249999989
1791383445.517,12503,10000008.3852803,249999990
1791383445.767,12504,10000008.4000003,249999990
1791383446.017,12505,10000008.4000003,249999990
1791383446.268,12506,10000008.4000003,249999990
1791383446.523,12507,10000008.3886803,249999990
1791383446.769,12508,10000008.4113203,249999989
1791383447.017,12509,10000008.3886803,249999990
1791383447.267,12510,10000008.4000003,249999990
1791383447.518,12511,10000008.3999970,250000090
1791383447.769,12512,10000008.3916403,249999990
1791383448.021,12513,10000008.4000003,249999990
1791383448.272,12514,10000008.3940403,249999990
1791383448.518,12515,10000008.3952003,249999990
1791383448.768,12516,10000008.4048003,249999989
1791383449.020,12517,10000008.3882803,249999990
1791383449.273,12518,10000008.3928403,249999990
1791383449.519,12519,10000008.4071603,249999989
1791383449.770,12520,10000008.3928403,249999990
1791383450.022,12521,10000008.3932770,250000090
1791383450.272,12522,10000008.3904803,249999990
1791383450.521,12523,10000008.4095203,249999989
1791383450.772,12524,10000008.3302403,249999991
1791383451.020,12525,10000008.4302804,249999989
1791383451.271,12526,10000008.3697203,249999990
1791383451.522,12527,10000008.4000003,249999990
1791383451.770,12528,10000008.3771603,249999990
1791383452.021,12529,10000008.3780003,249999990
1791383452.274,12530,10000008.4010403,249999989
1791383452.521,12531,10000008.2561202,249999993
1791383452.775,12532,10000008.4157570,250000089
1791383453.025,12533,10000008.3906403,249999990
1791383453.276,12534,10000008.5444405,249999986
1791383453.527,12535,10000008.2317602,249999994
1791383453.772,12536,10000008.4119203,249999989
1791383454.021,12537,10000008.3961603,249999990
1791383454.274,12538,10000008.4038403,249999989
1791383454.521,12539,10000008.4054803,249999989
1791383454.771,12540,10000008.3906803,249999990
1791383455.023,12541,10000008.3983603,249999990
1791383455.276,12542,10000008.3894770,250000090
1791383455.523,12543,10000008.4080003,249999989
1791383455.772,12544,10000008.3541203,249999991
1791383456.033,12545,10000008.4295604,249999989
1791383456.271,12546,10000008.3759203,249999990
1791383456.522,12547,10000008.4184804,249999989
1791383456.777,12548,10000008.3815203,249999990
1791383457.023,12549,10000008.4290804,249999989
1791383457.272,12550,10000008.3596803,249999991
1791383457.528,12551,10000008.4057603,249999989
1791383457.775,12552,10000008.3881170,250000090
1791383458.023,12553,10000008.4061203,249999989
1791383458.277,12554,10000008.3796003,249999990
1791383458.531,12555,10000008.4089603,249999989
1791383458.778,12556,10000008.3910403,249999990
1791383459.024,12557,10000008.4000003,249999990
1791383459.272,12558,10000008.3885603,249999990
1791383459.523,12559,10000008.4156804,249999989
1791383459.773,12560,10000008.3821603,249999990
1791383460.025,12561,10000008.4000003,249999990
1791383460.273,12562,10000008.3965170,250000090
1791383460.523,12563,10000008.4000003,249999990
1791383460.773,12564,10000008.3959603,249999990
1791383461.024,12565,10000008.3956803,249999990
1791383461.277,12566,10000008.4000003,249999990
1791383461.531,12567,10000008.3940403,249999990
1791383461.775,12568,10000008.3965203,249999990
1791383462.024,12569,10000008.3917603,249999990
1791383462.277,12570,10000008.4117203,249999989
1791383462.527,12571,10000008.3882803,249999990
1791383462.775,12572,10000008.3928370,250000090
1791383463.024,12573,10000008.3850403,249999990
1791383463.274,12574,10000008.4020803,249999989
1791383463.524,12575,10000008.3363603,249999991
1791383463.775,12576,10000008.4302804,249999989
1791383464.024,12577,10000008.3554003,249999991
1791383464.275,12578,10000008.4054403,249999989
1791383464.527,12579,10000008.3797203,249999990
1791383464.774,12580,10000008.2478802,249999993
1791383465.028,12581,10000008.4000003,249999990
1791383465.276,12582,10000008.3963203,249999990
1791383465.529,12583,10000008.3999970,250000090
1791383465.774,12584,10000008.3972803,249999990
1791383466.025,12585,10000008.5462805,249999986
1791383466.275,12586,10000008.2322402,249999994
1791383466.525,12587,10000008.4040403,249999989
1791383466.774,12588,10000008.4039203,249999989
1791383467.025,12589,10000008.3920003,249999990
1791383467.275,12590,10000008.4160004,249999989
1791383467.527,12591,10000008.3756403,249999990
1791383467.776,12592,10000008.3951603,249999990
1791383468.030,12593,10000008.3807570,250000090
1791383468.281,12594,10000008.4155204,249999989
1791383468.527,12595,10000008.3618003,249999990
1791383468.776,12596,10000008.4114403,249999989
1791383469.026,12597,10000008.3838403,249999990
1791383469.280,12598,10000008.4000003,249999990
1791383469.526,12599,10000008.3900003,249999990
1791383469.776,12600,10000008.4000003,249999990
1791383470.027,12601,10000008.3921603,249999990
1791383470.278,12602,10000008.3965203,249999990
1791383470.527,12603,10000008.3959570,250000090
1791383470.779,12604,10000008.3956803,249999990
1791383471.027,12605,10000008.4000003,249999990
1791383471.282,12606,10000008.3751603,249999990
1791383471.528,12607,10000008.4044003,249999989
1791383471.777,12608,10000008.3956003,249999990
1791383472.031,12609,10000008.3932803,249999990
1791383472.277,12610,10000008.3302403,249999991
1791383472.534,12611,10000008.3551603,249999991
1791383472.777,12612,10000008.4080003,249999989
1791383473.027,12613,10000008.3930770,250000090
1791383473.278,12614,10000008.2624802,249999993
1791383473.533,12615,10000008.3881203,249999990
1791383473.778,12616,10000008.3604403,249999990
1791383474.028,12617,10000008.4315604,249999989
1791383474.278,12618,10000008.3788003,249999990
1791383474.530,12619,10000008.4048403,249999989
1791383474.829,12620,10000012.3759205,249999990
1791383475.029,12621,10000008.4240804,249999989
1791383475.279,12622,10000008.3532803,249999991
1791383475.529,12623,10000008.4000003,249999990
1791383475.779,12624,10000008.3910370,250000090
1791383476.029,12625,10000008.3942403,249999990
1791383476.283,12626,10000008.3943203,249999990
1791383476.530,12627,10000008.3860003,249999990
1791383476.783,12628,10000008.3940403,249999990
1791383477.032,12629,10000008.3924003,249999990
1791383477.279,12630,10000008.3887203,249999990
1791383477.532,12631,10000008.3688403,249999990
1791383477.779,12632,10000008.3098003,249999992
1791383478.029,12633,10000008.4124403,249999989
1791383478.279,12634,10000008.2556402,249999993
1791383478.533,12635,10000008.3835970,250000090
1791383478.779,12636,10000008.3961603,249999990
1791383479.029,12637,10000008.3554003,249999991
1791383479.332,12638,10000008.4240804,249999989
1791383479.531,12639,10000008.3799603,249999990
1791383479.855,12640,10000008.4000003,249999990
1791383480.030,12641,10000008.3685603,249999990
1791383480.280,12642,10000008.4161604,249999989
1791383480.530,12643,10000008.3738403,249999990
1791383480.731,12644,10000008.3921603,249999990
1791383480.983,12645,10000008.3881570,250000090
1791383481.231,12646,10000008.3864403,249999990
1791383481.487,12647,10000008.3958803,249999990
1791383481.731,12648,10000008.3163203,249999992
1791383481.981,12649,10000008.3856803,249999990
1791383482.232,12650,10000008.2424002,249999993
1791383482.483,12651,10000008.3869603,249999990
1791383482.731,12652,10000008.3838003,249999990
1791383482.983,12653,10000008.4134803,249999989
1791383483.231,12654,10000008.3616403,249999990
1791383483.486,12655,10000008.3844803,249999990
1791383483.730,12656,10000008.3887570,250000090
1791383483.986,12657,10000008.3838403,249999990
1791383484.232,12658,10000008.3900003,249999990
1791383484.484,12659,10000008.3886803,249999990
1791383484.732,12660,10000008.3856803,249999990
1791383484.987,12661,10000008.3924003,249999990
1791383485.233,12662,10000008.3820003,249999990
1791383485.483,12663,10000008.3302403,249999991
1791383485.732,12664,10000008.2187202,249999994
1791383485.982,12665,10000008.4000003,249999990
1791383486.232,12666,10000008.3881203,249999990
1791383486.485,12667,10000008.3919970,250000090
1791383486.732,12668,10000008.3836403,249999990
1791383486.985,12669,10000008.3646803,249999990
1791383487.233,12670,10000008.4000003,249999990
1791383487.483,12671,10000008.3838403,249999990
1791383487.733,12672,10000008.3900003,249999990
1791383487.983,12673,10000008.3886803,249999990
1791383488.233,12674,10000008.3856803,249999990
1791383488.484,12675,10000008.3952003,249999990
1791383488.737,12676,10000008.3858803,249999990
1791383488.983,12677,10000008.3650770,250000090
1791383489.236,12678,10000008.3292803,249999991
1791383489.533,12679,10000008.2478802,249999993
1791383489.783,12680,10000008.5444405,249999986
1791383490.036,12681,10000008.2437202,249999993
1791383490.287,12682,10000008.3840003,249999990
1791383490.539,12683,10000008.3868003,249999990
1791383490.784,12684,10000008.3695203,249999990
1791383491.034,12685,10000008.4201204,249999989
1791383491.284,12686,10000008.3637203,249999990
1791383491.534,12687,10000008.3900003,249999990
1791383491.784,12688,10000008.3886770,250000090
1791383492.035,12689,10000008.4000003,249999990
1791383492.284,12690,10000008.3856803,249999990
1791383492.489,12691,10000008.3499603,249999991
1791383492.839,12692,10000008.4182804,249999989
1791383493.015,12693,10000008.3872403,249999990
1791383493.236,12694,10000008.3402403,249999991
1791383493.487,12695,10000008.3353203,249999991
1791383493.737,12696,10000008.2922802,249999992
1791383493.987,12697,10000008.3881203,249999990
1791383494.236,12698,10000008.4000003,249999990
1791383494.487,12699,10000008.3919970,250000090
1791383494.739,12700,10000008.3920003,249999990
1791383494.990,12701,10000008.3502003,249999991
1791383495.237,12702,10000008.4173204,249999989
1791383495.488,12703,10000008.3773603,249999990
1791383495.738,12704,10000008.4053203,249999989
1791383495.987,12705,10000008.3799603,249999990
1791383496.258,12706,10000008.4057603,249999989
1791383496.490,12707,10000008.3829203,249999990
1791383496.738,12708,10000008.4000003,249999990
1791383496.998,12709,10000008.3916370,250000090
1791383497.239,12710,10000008.3940403,249999990
1791383497.491,12711,10000008.3965203,249999990
1791383497.738,12712,10000008.3306003,249999991
1791383497.987,12713,10000008.4377204,249999989
1791383498.237,12714,10000008.3813203,249999990
1791383498.487,12715,10000008.4000003,249999990
1791383498.737,12716,10000008.3292803,249999991
1791383498.986,12717,10000008.2478802,249999993
1791383499.237,12718,10000008.4000003,249999990
1791383499.490,12719,10000008.3936003,249999990
1791383499.789,12720,10000008.3906770,250000090
1791383499.987,12721,10000008.4038403,249999989
1791383500.239,12722,10000008.3880803,249999990
1791383500.492,12723,10000008.4081203,249999989
1791383500.739,12724,10000008.4038403,249999989
1791383500.990,12725,10000008.3961603,249999990
1791383501.240,12726,10000008.3709203,249999990
1791383501.494,12727,10000008.4274404,249999989
1791383501.742,12728,10000008.3570403,249999991
1791383501.991,12729,10000008.4088803,249999989
1791383502.242,12730,10000008.3856370,250000090
1791383502.491,12731,10000008.4054803,249999989
1791383502.742,12732,10000008.3773603,249999990
1791383502.991,12733,10000008.4053203,249999989
1791383503.241,12734,10000008.3946803,249999990
1791383503.492,12735,10000008.4000003,249999990
1791383503.742,12736,10000008.3952803,249999990
1791383503.993,12737,10000008.4100403,249999989
1791383504.242,12738,10000008.3799603,249999990
1791383504.493,12739,10000008.4000003,249999990
1791383504.746,12740,10000008.3999970,250000090
1791383504.993,12741,10000008.4000003,249999990
1791383505.243,12742,10000008.4000003,249999990
1791383505.493,12743,10000008.4000003,249999990
1791383505.747,12744,10000008.3886803,249999990
1791383505.993,12745,10000008.4034803,249999989
1791383506.243,12746,10000008.3965203,249999990
1791383506.493,12747,10000008.4000003,249999990
1791383506.767,12748,10000008.3959603,249999990
1791383506.995,12749,10000008.4040403,249999989
1791383507.245,12750,10000008.3999970,250000090
1791383507.494,12751,10000008.4000003,249999990
1791383507.747,12752,10000008.4000003,249999990
1791383507.999,12753,10000008.3959603,249999990
1791383508.246,12754,10000008.3956803,249999990
1791383508.498,12755,10000008.4043203,249999989
1791383508.745,12756,10000008.4000003,249999990
1791383508.996,12757,10000008.4000003,249999990
1791383509.248,12758,10000008.3956803,249999990
1791383509.496,12759,10000008.4043203,249999989
1791383509.746,12760,10000008.4040370,250000089
1791383509.998,12761,10000008.4000003,249999990
1791383510.247,12762,10000008.4000003,249999990
1791383510.502,12763,10000008.4000003,249999990
1791383510.746,12764,10000008.4000003,249999990
1791383510.999,12765,10000008.4000003,249999990
1791383511.247,12766,10000008.4000003,249999990
1791383511.498,12767,10000008.4113203,249999989
1791383511.748,12768,10000008.3943203,249999990
1791383511.999,12769,10000008.4056803,249999989
1791383512.250,12770,10000008.3999970,250000090
1791383512.501,12771,10000008.4000003,249999990
1791383512.751,12772,10000008.4000003,249999990
1791383512.998,12773,10000008.4057603,249999989
1791383513.251,12774,10000008.4042403,249999989
1791383513.498,12775,10000008.4047203,249999989
1791383513.748,12776,10000008.3952803,249999990
1791383513.998,12777,10000008.4314404,249999989
1791383514.247,12778,10000008.3786403,249999990
1791383514.502,12779,10000008.4061203,249999989
1791383514.748,12780,10000008.3999970,250000090
1791383514.998,12781,10000008.4267604,249999989
1791383515.267,12782,10000008.3671203,249999990
1791383515.502,12783,10000008.4173204,249999989
1791383515.749,12784,10000008.4088803,249999989
1791383516.018,12785,10000008.4066403,249999989
1791383516.264,12786,10000008.3844803,249999990
1791383516.499,12787,10000008.4484404,249999988
1791383516.750,12788,10000008.3840003,249999990
1791383516.999,12789,10000008.4000003,249999990
1791383517.249,12790,10000008.4079970,250000089
1791383517.501,12791,10000008.4080003,249999989
1791383517.752,12792,10000008.3460803,249999991
1791383518.001,12793,10000008.4500804,249999988
1791383518.252,12794,10000008.3958403,249999990
1791383518.499,12795,10000008.4080003,249999989
1791383518.750,12796,10000008.4031203,249999989
1791383519.001,12797,10000008.4087603,249999989
1791383519.252,12798,10000008.4000003,249999990
1791383519.501,12799,10000008.5444370,250000086
1791383519.750,12800,10000008.4173604,249999989
1791383520.001,12801,10000008.4051603,249999989
1791383520.250,12802,10000008.4054403,249999989
1791383520.503,12803,10000008.4314004,249999989
1791383520.750,12804,10000008.4123203,249999989
1791383521.001,12805,10000008.4160004,249999989
1791383521.251,12806,10000008.4000003,249999990
1791383521.502,12807,10000008.4300404,249999989
1791383521.751,12808,10000008.3956003,249999990
1791383522.002,12809,10000008.4071570,250000089
1791383522.251,12810,10000008.4041203,249999989
1791383522.502,12811,10000008.4076003,249999989
1791383522.752,12812,10000008.4000003,249999990
1791383523.004,12813,10000008.4059603,249999989
1791383523.253,12814,10000008.4043203,249999989
1791383523.503,12815,10000008.3956803,249999990
1791383523.754,12816,10000008.4083603,249999989
1791383524.007,12817,10000008.4000003,249999990
1791383524.255,12818,10000008.4056003,249999989
1791383524.506,12819,10000008.4056770,250000089
1791383524.798,12820,10000008.4057603,249999989
1791383525.011,12821,10000008.3942403,249999990
1791383525.253,12822,10000008.4100003,249999989
1791383525.504,12823,10000008.4000003,249999990
1791383525.756,12824,10000008.4161604,249999989
1791383526.002,12825,10000008.3938803,249999990
1791383526.268,12826,10000008.4414004,249999988
1791383526.529,12827,10000008.3759203,249999990
1791383526.757,12828,10000008.4155204,249999989
1791383527.055,12829,10000008.3844770,250000090
1791383527.254,12830,10000008.4404404,249999988
1791383527.507,12831,10000008.3920003,249999990
1791383527.755,12832,10000008.4000003,249999990
1791383528.003,12833,10000008.4160004,249999989
1791383528.304,12834,10000008.3920003,249999990
1791383528.507,12835,10000008.4198804,249999989
1791383528.756,12836,10000008.3963203,249999990
1791383529.003,12837,10000008.3949203,249999990
1791383529.253,12838,10000008.4087603,249999989
1791383529.504,12839,10000008.4093570,250000089
1791383529.758,12840,10000008.5270805,249999986
1791383530.004,12841,10000008.4305204,249999989
1791383530.254,12842,10000008.4143203,249999989
1791383530.504,12843,10000008.4000003,249999990
1791383530.755,12844,10000008.4560004,249999988
1791383531.007,12845,10000008.3948803,249999990
1791383531.270,12846,10000008.4256404,249999989
1791383531.509,12847,10000008.4000003,249999990
1791383531.755,12848,10000008.4071570,250000089
1791383532.004,12849,10000008.4000003,249999990
1791383532.253,12850,10000008.4176804,249999989
1791383532.504,12851,10000008.3864403,249999990
1791383532.755,12852,10000008.4076003,249999989
1791383533.006,12853,10000008.4143203,249999989
1791383533.258,12854,10000008.3959603,249999990
1791383533.505,12855,10000008.4075203,249999989
1791383533.754,12856,10000008.3965203,249999990
1791383534.005,12857,10000008.4034803,249999989
1791383534.258,12858,10000008.4078370,250000089
1791383534.505,12859,10000008.4000003,249999990
1791383534.757,12860,10000008.4000003,249999990
1791383535.004,12861,10000008.4100003,249999989
1791383535.258,12862,10000008.4000003,249999990
1791383535.508,12863,10000008.4047203,249999989
1791383535.757,12864,10000008.3952803,249999990
1791383536.005,12865,10000008.4362804,249999989
1791383536.263,12866,10000008.3737603,249999990
1791383536.506,12867,10000008.4173204,249999989
1791383536.759,12868,10000008.3945170,250000090
1791383537.006,12869,10000008.4143603,249999989
1791383537.255,12870,10000008.3737603,249999990
1791383537.508,12871,10000008.4328804,249999989
1791383537.756,12872,10000008.4085603,249999989
1791383538.006,12873,10000008.4000003,249999990
1791383538.256,12874,10000008.4083603,249999989
1791383538.506,12875,10000008.4160004,249999989
1791383538.755,12876,10000008.3920003,249999990
1791383539.008,12877,10000008.4041603,249999989
1791383539.259,12878,10000008.3999970,250000090
1791383539.517,12879,10000008.4000003,249999990
1791383539.761,12880,10000008.5532005,249999986
1791383540.007,12881,10000008.2506402,249999993
1791383540.258,12882,10000008.4054803,249999989
1791383540.508,12883,10000008.4027203,249999989
1791383540.759,12884,10000008.5114404,249999987
1791383541.009,12885,10000008.2922802,249999992
1791383541.258,12886,10000008.5444405,249999986
1791383541.508,12887,10000008.4044770,250000089
1791383541.761,12888,10000008.4065203,249999989
1791383542.010,12889,10000008.4348804,249999989
1791383542.258,12890,10000008.3859203,249999990
1791383542.514,12891,10000008.4433204,249999988
1791383542.762,12892,10000008.4126003,249999989
1791383543.009,12893,10000008.4188804,249999989
1791383543.259,12894,10000008.4000003,249999990
1791383543.509,12895,10000008.4139203,249999989
1791383543.759,12896,10000008.4000003,249999990
1791383544.009,12897,10000008.4041170,250000089
1791383544.258,12898,10000008.4028403,249999989
1791383544.510,12899,10000008.4107603,249999989
1791383544.759,12900,10000008.3940403,249999990
1791383545.010,12901,10000008.4059603,249999989
1791383545.261,12902,10000008.4043203,249999989
1791383545.510,12903,10000008.3956803,249999990
1791383545.783,12904,10000008.4083603,249999989
1791383546.013,12905,10000008.4000003,249999990
1791383546.261,12906,10000008.4000003,249999990
1791383546.511,12907,10000008.4113170,250000089
1791383546.762,12908,10000008.4000003,249999990
1791383547.009,12909,10000008.4000003,249999990
1791383547.263,12910,10000008.4057603,249999989
1791383547.514,12911,10000008.4042403,249999989
1791383547.763,12912,10000008.4000003,249999990
1791383548.010,12913,10000008.4000003,249999990
1791383548.265,12914,10000008.4274004,249999989
1791383548.510,12915,10000008.3773603,249999990
1791383548.762,12916,10000008.4114403,249999989
1791383549.010,12917,10000008.3999970,250000090
1791383549.259,12918,10000008.4057603,249999989
1791383549.510,12919,10000008.3942403,249999990
1791383549.763,12920,10000008.4112403,249999989
1791383550.010,12921,10000008.4000003,249999990
1791383550.263,12922,10000008.4155204,249999989
1791383550.512,12923,10000008.3790003,249999990
1791383550.760,12924,10000008.4458804,249999988
1791383551.010,12925,10000008.3886403,249999990
1791383551.270,12926,10000008.4000003,249999990
1791383551.511,12927,10000008.3949970,250000090
1791383551.777,12928,10000008.4163604,249999989
1791383552.030,12929,10000008.3836403,249999990
1791383552.265,12930,10000008.4050003,249999989
1791383552.513,12931,10000008.4074403,249999989
1791383552.762,12932,10000008.3959603,249999990
1791383553.013,12933,10000008.4190804,249999989
1791383553.261,12934,10000008.3968803,249999990
1791383553.513,12935,10000008.4000003,249999990
1791383553.762,12936,10000008.4118803,249999989
1791383554.013,12937,10000008.3721570,250000090
1791383554.263,12938,10000008.4160004,249999989
1791383554.514,12939,10000008.3961603,249999990
1791383554.766,12940,10000008.4000003,249999990
1791383555.012,12941,10000008.4093203,249999989
1791383555.264,12942,10000008.4000003,249999990
1791383555.513,12943,10000008.3945203,249999990
1791383555.765,12944,10000008.4081603,249999989
1791383556.015,12945,10000008.3972803,249999990
1791383556.262,12946,10000008.4064003,249999989
1791383556.513,12947,10000008.4045570,250000089
1791383556.762,12948,10000008.3917603,249999990
1791383557.018,12949,10000008.5654805,249999985
1791383557.264,12950,10000008.3826403,249999990
1791383557.513,12951,10000008.3930803,249999990
1791383557.763,12952,10000008.4294804,249999989
1791383558.014,12953,10000008.3774803,249999990
1791383558.262,12954,10000008.3920003,249999990
1791383558.515,12955,10000008.4253604,249999989
1791383558.814,12956,10000008.4194770,250000089
1791383559.013,12957,10000008.3911203,249999990
1791383559.266,12958,10000008.4437204,249999988
1791383559.522,12959,10000008.3651203,249999990
1791383559.769,12960,10000008.4508804,249999988
1791383560.027,12961,10000008.4000003,249999990
1791383560.264,12962,10000008.4093603,249999989
1791383560.514,12963,10000008.3906403,249999990
1791383560.764,12964,10000008.4287604,249999989
1791383561.013,12965,10000008.3968803,249999990
1791383561.265,12966,10000008.3999970,250000090
1791383561.514,12967,10000008.4044003,249999989
1791383561.768,12968,10000008.4068803,249999989
1791383562.032,12969,10000008.3758403,249999990
1791383562.264,12970,10000008.4172804,249999989
1791383562.513,12971,10000008.4068803,249999989
1791383562.773,12972,10000008.4028403,249999989
1791383563.013,12973,10000008.4107603,249999989
1791383563.263,12974,10000008.4000003,249999990
1791383563.514,12975,10000008.4043203,249999989
1791383563.766,12976,10000008.3956770,250000090
1791383564.013,12977,10000008.4043203,249999989
1791383564.264,12978,10000008.4040403,249999989
1791383564.515,12979,10000008.4000003,249999990
1791383564.775,12980,10000008.3959603,249999990
1791383565.018,12981,10000008.4040403,249999989
1791383565.269,12982,10000008.4000003,249999990
1791383565.516,12983,10000008.4056003,249999989
1791383565.766,12984,10000008.4000003,249999990
1791383566.015,12985,10000008.4056803,249999989
1791383566.266,12986,10000008.3999970,250000090
1791383566.517,12987,10000008.4000003,249999990
1791383566.767,12988,10000008.4000003,249999990
1791383567.016,12989,10000008.4057603,249999989
1791383567.265,12990,10000008.4000003,249999990
1791383567.516,12991,10000008.4042403,249999989
1791383567.765,12992,10000008.3957603,249999990
1791383568.015,12993,10000008.4261604,249999989
1791383568.265,12994,10000008.3780803,249999990
1791383568.516,12995,10000008.4047203,249999989
1791383568.773,12996,10000008.4053170,250000089
1791383569.017,12997,10000008.4061203,249999989
1791383569.266,12998,10000008.3885603,249999990
1791383569.516,12999,10000008.4114403,249999989
1791383569.769,13000,10000008.4057603,249999989
1791383570.017,13001,10000008.4054803,249999989
1791383570.280,13002,10000008.3887603,249999990
1791383570.517,13003,10000008.4403204,249999988
1791383570.770,13004,10000008.3654403,249999990
1791383571.016,13005,10000008.4054803,249999989
1791383571.287,13006,10000008.3887570,250000090
1791383571.516,13007,10000008.4201204,249999989
1791383571.767,13008,10000008.3737603,249999990
1791383572.017,13009,10000008.4213604,249999989
1791383572.270,13010,10000008.3905203,249999990
1791383572.518,13011,10000008.4295604,249999989
1791383572.770,13012,10000008.3759203,249999990
1791383573.021,13013,10000008.4364804,249999989
1791383573.267,13014,10000008.3790403,249999990
1791383573.518,13015,10000008.4000003,249999990
1791383573.767,13016,10000008.4085570,250000089
1791383574.018,13017,10000008.4124403,249999989
1791383574.267,13018,10000008.3580403,249999991
1791383574.517,13019,10000008.4379204,249999989
1791383574.768,13020,10000008.3916403,249999990
1791383575.019,13021,10000008.4000003,249999990
1791383575.267,13022,10000008.3759203,249999990
1791383575.518,13023,10000008.4484404,249999988
1791383575.767,13024,10000008.3840003,249999990
1791383576.017,13025,10000008.3916403,249999990
1791383576.270,13026,10000008.4083570,250000089
1791383576.517,13027,10000008.4121603,249999989
1791383576.776,13028,10000008.3499203,249999991
1791383577.018,13029,10000008.4295604,249999989
1791383577.270,13030,10000008.4083603,249999989
1791383577.518,13031,10000008.4000003,249999990
1791383577.768,13032,10000008.3916403,249999990
1791383578.023,13033,10000008.4243604,249999989
1791383578.268,13034,10000008.3756403,249999990
1791383578.520,13035,10000008.4000003,249999990
1791383578.768,13036,10000008.4083570,250000089
1791383579.019,13037,10000008.4000003,249999990
1791383579.269,13038,10000008.3675603,249999990
1791383579.518,13039,10000008.4155204,249999989
1791383579.769,13040,10000008.4085603,249999989
1791383580.020,13041,10000008.3951603,249999990
1791383580.272,13042,10000008.4048403,249999989
1791383580.520,13043,10000008.4205204,249999989
1791383580.768,13044,10000008.3709203,249999990
1791383581.023,13045,10000008.4000003,249999990
1791383582.424,13046,10000008.3933570,250000090
1791383582.424,13047,10000008.4103603,249999989
1791383582.424,13048,10000008.3695203,249999990
1791383582.484,13049,10000008.4201204,249999989
1791383582.484,13050,10000008.3951603,249999990
1791383582.535,13051,10000008.4000003,249999990
1791383582.769,13052,10000008.3905203,249999990
1791383583.019,13053,10000008.4295604,249999989
1791383583.271,13054,10000008.3848003,249999990
1791383583.518,13055,10000008.3911203,249999990
1791383583.770,13056,10000008.3945170,250000090
1791383584.018,13057,10000008.4054803,249999989
1791383584.268,13058,10000008.3826803,249999990
1791383584.570,13059,10000008.4118803,249999989
1791383584.773,13060,10000008.3942403,249999990
1791383585.020,13061,10000008.4000003,249999990
1791383585.272,13062,10000008.3885603,249999990
1791383585.523,13063,10000008.4315604,249999989
1791383585.770,13064,10000008.3684403,249999990
1791383586.024,13065,10000008.4000003,249999990
1791383586.270,13066,10000008.3952770,250000090
1791383586.520,13067,10000008.4100403,249999989
1791383586.769,13068,10000008.3857203,249999990
1791383587.019,13069,10000008.4042403,249999989
1791383587.269,13070,10000008.4000003,249999990
1791383587.519,13071,10000008.4000003,249999990
1791383587.770,13072,10000008.3900003,249999990
1791383588.024,13073,10000008.4100003,249999989
1791383588.270,13074,10000008.3843203,249999990
1791383588.520,13075,10000008.4056803,249999989
1791383588.770,13076,10000008.3943170,250000090
1791383589.023,13077,10000008.4000003,249999990
1791383589.270,13078,10000008.3978403,249999990
1791383589.520,13079,10000008.3965203,249999990
1791383589.790,13080,10000008.4000003,249999990
1791383590.020,13081,10000008.3959603,249999990
1791383590.270,13082,10000008.3956803,249999990
1791383590.520,13083,10000008.4000003,249999990
1791383590.770,13084,10000008.3940403,249999990
1791383591.021,13085,10000008.4059603,249999989
1791383591.271,13086,10000008.3864370,250000090
1791383591.521,13087,10000008.4000003,249999990
1791383591.771,13088,10000008.4076003,249999989
1791383592.021,13089,10000008.3554803,249999991
1791383592.271,13090,10000008.4328004,249999989
1791383592.521,13091,10000008.3959603,249999990
1791383592.771,13092,10000008.3901203,249999990
1791383593.021,13093,10000008.3811203,249999990
1791383593.280,13094,10000008.4188804,249999989
1791383593.521,13095,10000008.3718003,249999990
1791383593.815,13096,10000008.3584370,250000091
1791383594.028,13097,10000008.3911203,249999990
1791383594.271,13098,10000008.3945603,249999990
1791383594.523,13099,10000008.4000003,249999990
1791383594.775,13100,10000008.3774803,249999990
1791383595.022,13101,10000008.2491602,249999993
1791383595.272,13102,10000008.4109203,249999989
1791383595.522,13103,10000008.4048003,249999989
1791383595.789,13104,10000008.3818803,249999990
1791383596.025,13105,10000008.3968803,249999990
1791383596.276,13106,10000008.3920003,249999990
1791383596.527,13107,10000008.3960770,250000090
1791383596.773,13108,10000008.4201204,249999989
1791383597.024,13109,10000008.3379203,249999991
1791383597.272,13110,10000008.4379204,249999989
1791383597.523,13111,10000008.4000003,249999990
1791383597.775,13112,10000008.3830803,249999990
1791383598.024,13113,10000008.3790003,249999990
1791383598.276,13114,10000008.4345604,249999989
1791383598.523,13115,10000008.3596803,249999991
1791383598.774,13116,10000008.3938803,249999990
1791383599.026,13117,10000008.3899570,250000090
1791383599.274,13118,10000008.4000003,249999990
1791383599.524,13119,10000008.3900003,249999990
1791383599.774,13120,10000008.4000003,249999990
1791383600.026,13121,10000008.3943203,249999990
1791383600.275,13122,10000008.3978403,249999990
1791383600.524,13123,10000008.3965203,249999990
1791383600.774,13124,10000008.3916403,249999990
1791383601.027,13125,10000008.4000003,249999990
1791383601.277,13126,10000008.3940403,249999990
1791383601.529,13127,10000008.3882770,250000090
1791383601.775,13128,10000008.3860803,249999990
1791383602.026,13129,10000008.4067203,249999989
1791383602.276,13130,10000008.3234803,249999991
1791383602.530,13131,10000008.4382804,249999989
1791383602.775,13132,10000008.3528403,249999991
1791383603.026,13133,10000008.3945603,249999990
1791383603.277,13134,10000008.3774803,249999990
1791383603.525,13135,10000008.2518802,249999993
1791383603.776,13136,10000008.3972803,249999990
1791383604.025,13137,10000008.3826003,249999990
1791383604.276,13138,10000008.4119170,250000089
1791383604.525,13139,10000008.3961603,249999990
1791383604.781,13140,10000008.3499203,249999991
1791383605.027,13141,10000008.4345604,249999989
1791383605.277,13142,10000008.3950003,249999990
1791383605.527,13143,10000008.4000003,249999990
1791383605.785,13144,10000008.3646803,249999990
1791383606.036,13145,10000008.4436804,249999988
1791383606.278,13146,10000008.3448803,249999991
1791383606.528,13147,10000008.4053203,249999989
1791383606.826,13148,10000008.3899570,250000090
1791383607.029,13149,10000008.4000003,249999990
1791383607.278,13150,10000008.3900003,249999990
1791383607.528,13151,10000008.3943203,249999990
1791383607.781,13152,10000008.3944003,249999990
1791383608.030,13153,10000008.4000003,249999990
1791383608.278,13154,10000008.3856803,249999990
1791383608.530,13155,10000008.3924003,249999990
1791383608.779,13156,10000008.4076003,249999989
1791383609.030,13157,10000008.3811203,249999990
1791383609.282,13158,10000008.3871170,250000090
1791383609.528,13159,10000008.3872403,249999990
1791383609.829,13160,10000008.4000003,249999990
1791383610.029,13161,10000008.3348003,249999991
1791383610.282,13162,10000008.3948403,249999990
1791383610.529,13163,10000008.3781203,249999990
1791383610.778,13164,10000008.2564402,249999993
1791383611.030,13165,10000008.4036803,249999989
1791383611.278,13166,10000008.4000003,249999990
1791383611.529,13167,10000008.3936003,249999990
1791383611.779,13168,10000008.3865203,249999990
1791383612.033,13169,10000008.3999970,250000090
1791383612.283,13170,10000008.3960803,249999990
1791383612.531,13171,10000008.3580403,249999991
1791383612.779,13172,10000008.4143603,249999989
1791383613.030,13173,10000008.3856403,249999990
1791383613.279,13174,10000008.4000003,249999990
1791383613.529,13175,10000008.3828003,249999990
1791383613.779,13176,10000008.4266804,249999989
1791383614.032,13177,10000008.3586003,249999991
1791383614.281,13178,10000008.4057603,249999989
1791383614.530,13179,10000008.3885570,250000090
1791383614.781,13180,10000008.4056803,249999989
1791383615.031,13181,10000008.3943203,249999990
1791383615.282,13182,10000008.3944003,249999990
1791383615.531,13183,10000008.4000003,249999990
1791383615.783,13184,10000008.3916403,249999990
1791383616.030,13185,10000008.3940403,249999990
1791383616.284,13186,10000008.3924003,249999990
1791383616.530,13187,10000008.4028403,249999989
1791383616.780,13188,10000008.3930803,249999990
1791383617.031,13189,10000008.3928370,250000090
1791383617.284,13190,10000008.3871203,249999990
1791383617.531,13191,10000008.3966003,249999990
1791383617.784,13192,10000008.3347203,249999991
1791383618.032,13193,10000008.4050403,249999989
1791383618.284,13194,10000008.3759203,249999990
1791383618.535,13195,10000008.3982403,249999990
1791383618.785,13196,10000008.3523203,249999991
1791383619.033,13197,10000008.2885602,249999992
1791383619.282,13198,10000008.4082403,249999989
1791383619.532,13199,10000008.3866803,249999990
1791383619.783,13200,10000008.4023570,250000089
1791383620.033,13201,10000008.4000003,249999990
1791383620.285,13202,10000008.3701603,249999990
1791383620.535,13203,10000008.4083603,249999989
1791383620.785,13204,10000008.3916403,249999990
1791383621.035,13205,10000008.4243604,249999989
1791383621.286,13206,10000008.3604403,249999990
1791383621.535,13207,10000008.4315604,249999989
1791383621.783,13208,10000008.3684403,249999990
1791383622.034,13209,10000008.4000003,249999990
1791383622.283,13210,10000008.3999970,250000090
1791383622.536,13211,10000008.3911203,249999990
1791383622.786,13212,10000008.3773603,249999990
1791383623.034,13213,10000008.4053203,249999989
1791383623.284,13214,10000008.3946803,249999990
1791383623.538,13215,10000008.3952803,249999990
1791383623.787,13216,10000008.3900003,249999990
1791383624.034,13217,10000008.4147203,249999989
1791383624.285,13218,10000008.3852803,249999990
1791383624.486,13219,10000008.4000003,249999990
1791383624.739,13220,10000008.3921570,250000090
1791383624.993,13221,10000008.4021603,249999989
1791383625.240,13222,10000008.3944003,249999990
1791383625.487,13223,10000008.3959603,249999990
1791383625.737,13224,10000008.3956803,249999990
1791383625.987,13225,10000008.3940403,249999990
1791383626.237,13226,10000008.4059603,249999989
1791383626.487,13227,10000008.3823203,249999990
1791383626.741,13228,10000008.4041203,249999989
1791383626.988,13229,10000008.3931203,249999990
1791383627.238,13230,10000008.3987170,250000090
1791383627.488,13231,10000008.3840003,249999990
1791383627.810,13232,10000008.4061203,249999989
1791383627.988,13233,10000008.3302403,249999991
1791383628.240,13234,10000008.4415604,249999988
1791383628.492,13235,10000008.3932803,249999990
1791383628.738,13236,10000008.3840403,249999990
1791383628.988,13237,10000008.3552403,249999991
1791383629.238,13238,10000008.3810403,249999990
1791383629.491,13239,10000008.4080003,249999989
1791383629.738,13240,10000008.3999970,250000090
1791383629.993,13241,10000008.2555602,249999993
1791383630.238,13242,10000008.3912403,249999990
1791383630.489,13243,10000008.5532005,249999986
1791383630.743,13244,10000008.2468002,249999993
1791383630.993,13245,10000008.4050803,249999989
1791383631.243,13246,10000008.3949203,249999990
1791383631.491,13247,10000008.4000003,249999990
1791383631.744,13248,10000008.4000003,249999990
1791383631.993,13249,10000008.3930803,249999990
1791383632.240,13250,10000008.3878403,249999990
1791383632.494,13251,10000008.3999970,250000090
1791383632.744,13252,10000008.4040403,249999989
1791383632.995,13253,10000008.3522803,249999991
1791383633.244,13254,10000008.4353204,249999989
1791383633.492,13255,10000008.3759203,249999990
1791383633.740,13256,10000008.4088803,249999989
1791383633.991,13257,10000008.3798803,249999990
1791383634.244,13258,10000008.4353204,249999989
1791383634.500,13259,10000008.3586003,249999991
1791383634.740,13260,10000008.4000003,249999990
1791383634.991,13261,10000008.3999970,250000090
1791383635.244,13262,10000008.3946803,249999990
1791383635.491,13263,10000008.3910403,249999990
1791383635.743,13264,10000008.4000003,249999990
1791383635.990,13265,10000008.3942403,249999990
1791383636.242,13266,10000008.4000003,249999990
1791383636.490,13267,10000008.3943203,249999990
1791383636.740,13268,10000008.4000003,249999990
1791383636.995,13269,10000008.3944003,249999990
1791383637.242,13270,10000008.3959603,249999990
1791383637.491,13271,10000008.3999970,250000090
1791383637.741,13272,10000008.3956803,249999990
1791383637.999,13273,10000008.4000003,249999990
1791383638.243,13274,10000008.3823203,249999990
1791383638.492,13275,10000008.4041203,249999989
1791383638.742,13276,10000008.4000003,249999990
1791383638.992,13277,10000008.3887203,249999990
1791383639.243,13278,10000008.3837603,249999990
1791383639.495,13279,10000008.2949202,249999992
1791383639.742,13280,10000008.5050804,249999987
1791383639.996,13281,10000008.3780370,250000090
1791383640.246,13282,10000008.3617203,249999990
1791383640.509,13283,10000008.4054403,249999989
1791383640.758,13284,10000008.3856803,249999990
1791383640.996,13285,10000008.3830003,249999990
1791383641.243,13286,10000008.2491202,249999993
1791383641.509,13287,10000008.3954403,249999990
1791383641.743,13288,10000008.4093603,249999989
1791383641.996,13289,10000008.3906403,249999990
1791383642.243,13290,10000008.3881203,249999990
1791383642.498,13291,10000008.4000003,249999990
1791383642.744,13292,10000008.3961570,250000090
1791383643.005,13293,10000008.4093203,249999989
1791383643.248,13294,10000008.3460803,249999991
1791383643.495,13295,10000008.4324404,249999989
1791383643.746,13296,10000008.4040403,249999989
1791383643.998,13297,10000008.4000003,249999990
1791383644.248,13298,10000008.3724003,249999990
1791383644.496,13299,10000008.4315604,249999989
1791383644.746,13300,10000008.3595603,249999991
1791383644.998,13301,10000008.4040403,249999989
1791383645.248,13302,10000008.3847570,250000090
1791383645.496,13303,10000008.4057603,249999989
1791383645.749,13304,10000008.3738403,249999990
1791383645.997,13305,10000008.4089603,249999989
1791383646.247,13306,10000008.3952803,249999990
1791383646.498,13307,10000008.3957603,249999990
1791383646.747,13308,10000008.3942403,249999990
1791383646.997,13309,10000008.4000003,249999990
1791383647.249,13310,10000008.3921603,249999990
1791383647.497,13311,10000008.3965203,249999990
1791383647.750,13312,10000008.3916370,250000090
1791383648.001,13313,10000008.4000003,249999990
1791383648.247,13314,10000008.4000003,249999990
1791383648.547,13315,10000008.3823203,249999990
1791383648.751,13316,10000008.4000003,249999990
1791383649.002,13317,10000008.3928403,249999990
1791383649.248,13318,10000008.3932803,249999990
1791383649.501,13319,10000008.3811203,249999990
1791383649.751,13320,10000008.3042803,249999992
1791383650.001,13321,10000008.4590004,249999988
1791383650.252,13322,10000008.3807970,250000090
1791383650.499,13323,10000008.3758803,249999990
1791383650.749,13324,10000008.3843203,249999990
1791383651.001,13325,10000008.4220004,249999989
1791383651.248,13326,10000008.2328002,249999994
1791383651.498,13327,10000008.4000003,249999990
1791383651.748,13328,10000008.4023603,249999989
1791383652.010,13329,10000008.3865203,249999990
1791383652.251,13330,10000008.4080003,249999989
1791383652.510,13331,10000008.3920003,249999990
1791383652.748,13332,10000008.3960803,249999990
1791383653.001,13333,10000008.3875570,250000090
1791383653.250,13334,10000008.4000003,249999990
1791383653.499,13335,10000008.3646803,249999990
1791383653.758,13336,10000008.4057603,249999989
1791383654.000,13337,10000008.4000003,249999990
1791383654.254,13338,10000008.3942403,249999990
1791383654.502,13339,10000008.3838403,249999990
1791383654.751,13340,10000008.4161604,249999989
1791383655.001,13341,10000008.3738403,249999990
1791383655.248,13342,10000008.4000003,249999990
1791383655.499,13343,10000008.3886770,250000090
1791383655.753,13344,10000008.4034803,249999989
1791383655.999,13345,10000008.3965203,249999990
1791383656.252,13346,10000008.3916403,249999990
1791383656.499,13347,10000008.3940403,249999990
1791383656.750,13348,10000008.4000003,249999990
1791383657.004,13349,10000008.3924003,249999990
1791383657.252,13350,10000008.3758403,249999990
1791383657.501,13351,10000008.4200404,249999989
1791383657.751,13352,10000008.3765603,249999990
1791383658.006,13353,10000008.3780370,250000090
1791383658.252,13354,10000008.3474003,249999991
1791383658.504,13355,10000008.3914803,249999990
1791383658.753,13356,10000008.4033603,249999989
1791383659.004,13357,10000008.2382002,249999994
1791383659.255,13358,10000008.4000003,249999990
1791383659.501,13359,10000008.3881203,249999990
1791383659.752,13360,10000008.4000003,249999990
1791383660.002,13361,10000008.4054803,249999989
1791383660.251,13362,10000008.3865203,249999990
1791383660.502,13363,10000008.3960803,249999990
1791383660.755,13364,10000008.3875570,250000090
1791383661.120,13365,10000008.4083603,249999989
1791383661.251,13366,10000008.3620803,249999990
1791383661.501,13367,10000008.4143603,249999989
1791383661.758,13368,10000008.3856403,249999990
1791383662.002,13369,10000008.3942403,249999990
1791383662.256,13370,10000008.3885603,249999990
1791383662.502,13371,10000008.4114403,249999989
1791383662.753,13372,10000008.3796003,249999990
1791383663.007,13373,10000008.3942403,249999990
1791383663.263,13374,10000008.3943170,250000090
1791383663.507,13375,10000008.3944003,249999990
1791383663.756,13376,10000008.4000003,249999990
1791383664.007,13377,10000008.3916403,249999990
1791383664.254,13378,10000008.3940403,249999990
1791383664.506,13379,10000008.4000003,249999990
1791383664.754,13380,10000008.3924003,249999990
1791383665.004,13381,10000008.3758403,249999990
1791383665.253,13382,10000008.4128803,249999989
1791383665.504,13383,10000008.3743603,249999990
1791383665.754,13384,10000008.3581570,250000091
1791383666.006,13385,10000008.3714803,249999990
1791383666.256,13386,10000008.4051603,249999989
1791383666.505,13387,10000008.3948403,249999990
1791383666.755,13388,10000008.2382002,249999994
1791383667.007,13389,10000008.3936003,249999990
1791383667.254,13390,10000008.4027203,249999989
1791383667.505,13391,10000008.3972803,249999990
1791383667.758,13392,10000008.4000003,249999990
1791383668.010,13393,10000008.3865203,249999990
1791383668.257,13394,10000008.4000003,249999990
1791383668.509,13395,10000008.3836370,250000090
1791383668.756,13396,10000008.4000003,249999990
1791383669.007,13397,10000008.3586003,249999991
1791383669.259,13398,10000008.4118803,249999989
1791383669.509,13399,10000008.4094803,249999989
1791383669.757,13400,10000008.3786403,249999990
1791383670.013,13401,10000008.4000003,249999990
1791383670.258,13402,10000008.4000003,249999990
1791383670.511,13403,10000008.3799603,249999990
1791383670.761,13404,10000008.4000003,249999990
1791383671.013,13405,10000008.3886770,250000090
1791383671.261,13406,10000008.4000003,249999990
1791383671.508,13407,10000008.4000003,249999990
1791383671.758,13408,10000008.3856803,249999990
1791383672.011,13409,10000008.4000003,249999990
1791383672.258,13410,10000008.3882803,249999990
1791383672.508,13411,10000008.3959603,249999990
1791383672.761,13412,10000008.3806003,249999990
1791383673.008,13413,10000008.2949202,249999992
1791383673.258,13414,10000008.5050804,249999987
1791383673.508,13415,10000008.3397569,250000091
1791383673.759,13416,10000008.3741603,249999990
1791383674.011,13417,10000008.3967203,249999990
1791383674.261,13418,10000008.4032803,249999989
1791383674.513,13419,10000008.2382002,249999994
1791383674.759,13420,10000008.4027203,249999989
1791383675.011,13421,10000008.3972803,249999990
1791383675.260,13422,10000008.3945203,249999990
1791383675.509,13423,10000008.4054803,249999989
1791383675.760,13424,10000008.3785603,249999990
1791383676.011,13425,10000008.4040403,249999989
1791383676.260,13426,10000008.3790370,250000090
1791383676.513,13427,10000008.4085603,249999989
1791383676.763,13428,10000008.3586003,249999991
1791383677.014,13429,10000008.4173204,249999989
1791383677.265,13430,10000008.3826803,249999990
1791383677.512,13431,10000008.4000003,249999990
1791383677.765,13432,10000008.3857203,249999990
1791383678.012,13433,10000008.4142804,249999989
1791383678.261,13434,10000008.3799603,249999990
1791383678.512,13435,10000008.4000003,249999990
1791383678.761,13436,10000008.3999970,250000090
1791383679.012,13437,10000008.3886803,249999990
1791383679.262,13438,10000008.3959603,249999990
1791383679.512,13439,10000008.3897203,249999990
1791383679.762,13440,10000008.4000003,249999990
1791383680.012,13441,10000008.3924003,249999990
1791383680.269,13442,10000008.4000003,249999990
1791383680.515,13443,10000008.3820003,249999990
1791383680.763,13444,10000008.4000003,249999990
1791383681.013,13445,10000008.3756003,249999990
1791383681.266,13446,10000008.3796370,250000090
1791383681.514,13447,10000008.3580803,249999991
1791383681.763,13448,10000008.3877603,249999990
1791383682.016,13449,10000008.4096803,249999989
1791383682.267,13450,10000008.2345202,249999994
1791383682.514,13451,10000008.4000003,249999990
1791383682.765,13452,10000008.3918403,249999990
1791383683.014,13453,10000008.4000003,249999990
1791383683.269,13454,10000008.4054803,249999989
1791383683.522,13455,10000008.3945203,249999990
1791383683.765,13456,10000008.3840003,249999990
1791383684.017,13457,10000008.3916370,250000090
1791383684.265,13458,10000008.4124403,249999989
1791383684.518,13459,10000008.3580403,249999991
1791383684.765,13460,10000008.4143603,249999989
1791383685.015,13461,10000008.3856403,249999990
1791383685.265,13462,10000008.4054803,249999989
1791383685.522,13463,10000008.3773603,249999990
1791383685.765,13464,10000008.4315604,249999989
1791383686.019,13465,10000008.3637203,249999990
1791383686.268,13466,10000008.3957603,249999990
1791383686.516,13467,10000008.3942370,250000090
1791383686.764,13468,10000008.4057603,249999989
1791383687.019,13469,10000008.3942403,249999990
1791383687.265,13470,10000008.4000003,249999990
1791383687.515,13471,10000008.3921603,249999990
1791383687.767,13472,10000008.3965203,249999990
1791383688.016,13473,10000008.3959603,249999990
1791383688.265,13474,10000008.3956803,249999990
1791383688.516,13475,10000008.4000003,249999990
1791383688.770,13476,10000008.4000003,249999990
1791383689.020,13477,10000008.3940370,250000090
1791383689.321,13478,10000008.4000003,249999990
1791383689.517,13479,10000008.3965203,249999990
1791383689.770,13480,10000008.3778403,249999990
1791383690.017,13481,10000008.4098803,249999989
1791383690.270,13482,10000008.3901203,249999990
1791383690.517,13483,10000008.4000003,249999990
1791383690.772,13484,10000008.3862403,249999990
1791383691.019,13485,10000008.4205204,249999989
1791383691.285,13486,10000008.3818003,249999990
1791383691.523,13487,10000008.3925570,250000090
1791383691.770,13488,10000008.3581603,249999991
1791383692.017,13489,10000008.4000003,249999990
1791383692.312,13490,10000008.3821203,249999990
1791383692.518,13491,10000008.4000003,249999990
1791383692.770,13492,10000008.3797203,249999990
1791383693.017,13493,10000008.4000003,249999990
1791383693.276,13494,10000008.3923203,249999990
1791383693.517,13495,10000008.2555602,249999993
1791383693.769,13496,10000008.5364405,249999986
1791383694.022,13497,10000008.2635602,249999993
1791383694.272,13498,10000008.4093570,250000089
1791383694.537,13499,10000008.3952003,249999990
1791383694.771,13500,10000008.5476005,249999986
1791383695.019,13501,10000008.2478802,249999993
1791383695.273,13502,10000008.3912403,249999990
1791383695.522,13503,10000008.3968803,249999990
1791383695.769,13504,10000008.4081603,249999989
1791383696.024,13505,10000008.3972803,249999990
1791383696.281,13506,10000008.4000003,249999990
1791383696.521,13507,10000008.3826003,249999990
1791383696.770,13508,10000008.4119170,250000089
1791383697.020,13509,10000008.4000003,249999990
1791383697.273,13510,10000008.3604403,249999990
1791383697.524,13511,10000008.4315604,249999989
1791383697.772,13512,10000008.4080003,249999989
1791383698.021,13513,10000008.3920003,249999990
1791383698.270,13514,10000008.3960803,249999990
1791383698.522,13515,10000008.4201204,249999989
1791383698.775,13516,10000008.3918403,249999990
1791383699.028,13517,10000008.3880803,249999990
1791383699.274,13518,10000008.4039170,250000089
1791383699.524,13519,10000008.4000003,249999990
1791383699.770,13520,10000008.3541203,249999991
1791383700.022,13521,10000008.4419604,249999988
1791383700.272,13522,10000008.3959603,249999990
1791383700.522,13523,10000008.4121603,249999989
1791383700.773,13524,10000008.3918803,249999990
1791383701.024,13525,10000008.4119203,249999989
1791383701.275,13526,10000008.3920003,249999990
1791383701.526,13527,10000008.4000003,249999990
1791383701.772,13528,10000008.3919970,250000090
1791383702.022,13529,10000008.4080003,249999989
1791383702.274,13530,10000008.3541203,249999991
1791383702.525,13531,10000008.4379204,249999989
1791383702.783,13532,10000008.3966403,249999990
1791383703.026,13533,10000008.4113603,249999989
1791383703.271,13534,10000008.3788003,249999990
1791383703.525,13535,10000008.4253604,249999989
1791383703.772,13536,10000008.3794803,249999990
1791383704.022,13537,10000008.4050003,249999989
1791383704.275,13538,10000008.3949970,250000090
1791383704.523,13539,10000008.4000003,249999990
1791383704.773,13540,10000008.3759203,249999990
1791383705.028,13541,10000008.4364804,249999989
1791383705.297,13542,10000008.3959603,249999990
1791383705.527,13543,10000008.3916403,249999990
1791383705.773,13544,10000008.4000003,249999990
1791383706.023,13545,10000008.4205204,249999989
1791383706.273,13546,10000008.3878403,249999990
1791383706.524,13547,10000008.3966403,249999990
1791383706.774,13548,10000008.4033570,250000089
1791383707.023,13549,10000008.4000003,249999990
1791383707.276,13550,10000008.3563203,249999991
1791383707.524,13551,10000008.4353204,249999989
1791383707.775,13552,10000008.3914403,249999990
1791383708.023,13553,10000008.4290804,249999989
1791383708.278,13554,10000008.3794803,249999990
1791383708.525,13555,10000008.4243604,249999989
1791383708.775,13556,10000008.3961603,249999990
1791383709.025,13557,10000008.3918803,249999990
1791383709.274,13558,10000008.3959570,250000090
1791383709.527,13559,10000008.4080003,249999989
1791383709.775,13560,10000008.3541203,249999991
1791383710.024,13561,10000008.4379204,249999989
1791383710.274,13562,10000008.4080003,249999989
1791383710.525,13563,10000008.4000003,249999990
1791383710.775,13564,10000008.4080003,249999989
1791383711.034,13565,10000008.4054803,249999989
1791383711.278,13566,10000008.3945203,249999990
1791383711.534,13567,10000008.3920003,249999990
1791383711.775,13568,10000008.4041570,250000089
1791383712.025,13569,10000008.4038403,249999989
1791383712.275,13570,10000008.3604403,249999990
1791383712.525,13571,10000008.4315604,249999989
1791383712.778,13572,10000008.4080003,249999989
1791383713.025,13573,10000008.4118803,249999989
1791383713.275,13574,10000008.3912403,249999990
1791383713.526,13575,10000008.4087603,249999989
1791383713.776,13576,10000008.3843203,249999990
1791383714.030,13577,10000008.4000003,249999990
1791383714.279,13578,10000008.4156770,250000089
1791383714.529,13579,10000008.3936003,249999990
1791383714.779,13580,10000008.5508405,249999986
1791383715.030,13581,10000008.2398802,249999994
1791383715.277,13582,10000008.4156804,249999989
1791383715.526,13583,10000008.3936003,249999990
1791383715.781,13584,10000008.4157604,249999989
1791383716.029,13585,10000008.3906403,249999990
1791383716.281,13586,10000008.4045603,249999989
1791383716.531,13587,10000008.3954403,249999990
1791383716.777,13588,10000008.3999970,250000090
1791383717.033,13589,10000008.3963203,249999990
1791383717.282,13590,10000008.5558005,249999986
1791383717.527,13591,10000008.2442002,249999993
1791383717.778,13592,10000008.4082403,249999989
1791383718.029,13593,10000008.3954403,249999990
1791383718.285,13594,10000008.5077204,249999987
1791383718.530,13595,10000008.2968002,249999992
1791383718.781,13596,10000008.4048003,249999989
1791383719.029,13597,10000008.3869603,249999990
1791383719.297,13598,10000008.4082370,250000089
1791383719.528,13599,10000008.3917603,249999990
1791383719.779,13600,10000008.5654805,249999985
1791383720.037,13601,10000008.2382002,249999994
1791383720.280,13602,10000008.4045603,249999989
1791383720.533,13603,10000008.3917603,249999990
1791383720.780,13604,10000008.4185204,249999989
1791383721.036,13605,10000008.3814803,249999990
1791383721.281,13606,10000008.4036803,249999989
1791383721.530,13607,10000008.3963203,249999990
1791383721.780,13608,10000008.4130370,250000089
1791383722.031,13609,10000008.3818803,249999990
1791383722.282,13610,10000008.5608805,249999985
1791383722.531,13611,10000008.2414802,249999993
1791383722.781,13612,10000008.4000003,249999990
1791383723.032,13613,10000008.3945203,249999990
1791383723.285,13614,10000008.4118803,249999989
1791383723.532,13615,10000008.3963203,249999990
1791383723.784,13616,10000008.4000003,249999990
1791383724.036,13617,10000008.3838003,249999990
1791383724.285,13618,10000008.4079970,250000089
1791383724.534,13619,10000008.4000003,249999990
1791383724.783,13620,10000008.3604403,249999990
1791383725.038,13621,10000008.4357204,249999989
1791383725.314,13622,10000008.4000003,249999990
1791383725.532,13623,10000008.4000003,249999990
1791383725.786,13624,10000008.3958403,249999990
1791383726.035,13625,10000008.4080003,249999989
1791383726.301,13626,10000008.4031203,249999989
1791383726.532,13627,10000008.3809203,249999990
1791383726.784,13628,10000008.3916370,250000090
1791383727.033,13629,10000008.4000003,249999990
1791383727.285,13630,10000008.3704403,249999990
1791383727.532,13631,10000008.4210004,249999989
1791383727.786,13632,10000008.3933603,249999990
1791383728.032,13633,10000008.4000003,249999990
1791383728.282,13634,10000008.3737603,249999990
1791383728.536,13635,10000008.4365604,249999989
1791383728.787,13636,10000008.3634403,249999990
1791383729.034,13637,10000008.3946803,249999990
1791383729.286,13638,10000008.3999970,250000090
1791383729.533,13639,10000008.4146403,249999989
1791383729.784,13640,10000008.3706403,249999990
1791383730.084,13641,10000008.4057603,249999989
1791383730.283,13642,10000008.3942403,249999990
1791383730.534,13643,10000008.4000003,249999990
1791383730.785,13644,10000008.3886803,249999990
1791383731.036,13645,10000008.4000003,249999990
1791383731.285,13646,10000008.3959603,249999990
1791383731.536,13647,10000008.3956803,249999990
1791383731.786,13648,10000008.3999970,250000090
1791383732.036,13649,10000008.3940403,249999990
1791383732.287,13650,10000008.4000003,249999990
1791383732.535,13651,10000008.3811203,249999990
1791383732.788,13652,10000008.4000003,249999990
1791383733.058,13653,10000008.3871203,249999990
1791383733.288,13654,10000008.4061203,249999989
1791383733.535,13655,10000008.3568403,249999991
1791383733.789,13656,10000008.3285603,249999991
1791383734.036,13657,10000008.4398004,249999989
1791383734.236,13658,10000008.3907170,250000090
1791383734.488,13659,10000008.3851603,249999990
1791383734.739,13660,10000008.3843203,249999990
1791383734.991,13661,10000008.4220004,249999989
1791383735.239,13662,10000008.2296802,249999994
1791383735.491,13663,10000008.4054803,249999989
1791383735.739,13664,10000008.3906803,249999990
1791383735.991,13665,10000008.4038403,249999989
1791383736.237,13666,10000008.4054803,249999989
1791383736.491,13667,10000008.3865203,249999990
1791383736.740,13668,10000008.4000003,249999990
1791383736.988,13669,10000008.3836370,250000090
1791383737.242,13670,10000008.4083603,249999989
1791383737.497,13671,10000008.3563203,249999991
1791383737.738,13672,10000008.4112403,249999989
1791383737.989,13673,10000008.3945203,249999990
1791383738.238,13674,10000008.4054803,249999989
1791383738.489,13675,10000008.3887603,249999990
1791383738.740,13676,10000008.4201204,249999989
1791383738.989,13677,10000008.3737603,249999990
1791383739.239,13678,10000008.3946803,249999990
1791383739.489,13679,10000008.3952770,250000090
1791383739.743,13680,10000008.4000003,249999990
1791383739.991,13681,10000008.4000003,249999990
1791383740.290,13682,10000008.3957603,249999990
1791383740.489,13683,10000008.3942403,249999990
1791383740.741,13684,10000008.3943203,249999990
1791383740.991,13685,10000008.3944003,249999990
1791383741.240,13686,10000008.4000003,249999990
1791383741.495,13687,10000008.4000003,249999990
1791383741.742,13688,10000008.3959603,249999990
1791383741.992,13689,10000008.3956770,250000090
1791383742.241,13690,10000008.3940403,249999990
1791383742.491,13691,10000008.4059603,249999989
1791383742.741,13692,10000008.3751603,249999990
1791383742.992,13693,10000008.4071603,249999989
1791383743.244,13694,10000008.3972003,249999990
1791383743.491,13695,10000008.3956003,249999990
1791383743.743,13696,10000008.3932803,249999990
1791383743.995,13697,10000008.4180004,249999989
1791383744.242,13698,10000008.3724803,249999990
1791383744.494,13699,10000008.3957570,250000090
1791383744.742,13700,10000008.3788403,249999990
1791383744.993,13701,10000008.4104803,249999989
1791383745.246,13702,10000008.3496003,249999991
1791383745.519,13703,10000008.4050403,249999989
1791383745.743,13704,10000008.3771603,249999990
1791383745.994,13705,10000008.4178004,249999989
1791383746.244,13706,10000008.3726403,249999990
1791383746.494,13707,10000008.2556402,249999993
1791383746.748,13708,10000008.5398805,249999986
1791383746.996,13709,10000008.3999970,250000090
1791383747.246,13710,10000008.2649202,249999993
1791383747.495,13711,10000008.3869603,249999990
1791383747.745,13712,10000008.5591205,249999986
1791383747.996,13713,10000008.2446002,249999993
1791383748.247,13714,10000008.4000003,249999990
1791383748.513,13715,10000008.3881203,249999990
1791383748.747,13716,10000008.4118803,249999989
1791383749.001,13717,10000008.3963203,249999990
1791383749.248,13718,10000008.3949203,249999990
1791383749.497,13719,10000008.3968803,249999990
1791383749.747,13720,10000008.3880770,250000090
1791383749.996,13721,10000008.4150404,249999989
1791383750.259,13722,10000008.3484803,249999991
1791383750.501,13723,10000008.4446004,249999988
1791383750.757,13724,10000008.4069203,249999989
1791383751.014,13725,10000008.3888803,249999990
1791383751.251,13726,10000008.4244004,249999989
1791383751.498,13727,10000008.3890803,249999990
1791383751.747,13728,10000008.3945203,249999990
1791383751.997,13729,10000008.3756403,249999990
1791383752.248,13730,10000008.4243570,250000089
1791383752.498,13731,10000008.4000003,249999990
1791383752.762,13732,10000008.3604403,249999990
1791383752.999,13733,10000008.4202004,249999989
1791383753.248,13734,10000008.4193604,249999989
1791383753.513,13735,10000008.3961603,249999990
1791383753.750,13736,10000008.3918803,249999990
1791383754.007,13737,10000008.4174004,249999989
1791383754.250,13738,10000008.3865203,249999990
1791383754.499,13739,10000008.4000003,249999990
1791383754.750,13740,10000008.3999970,250000090
1791383755.001,13741,10000008.4162004,249999989
1791383755.250,13742,10000008.3379203,249999991
1791383755.500,13743,10000008.4419604,249999988
1791383755.753,13744,10000008.4039203,249999989
1791383756.001,13745,10000008.4041603,249999989
1791383756.251,13746,10000008.3794803,249999990
1791383756.501,13747,10000008.4274804,249999989
1791383756.750,13748,10000008.3930803,249999990
1791383757.002,13749,10000008.3958403,249999990
1791383757.251,13750,10000008.3960770,250000090
1791383757.502,13751,10000008.4039203,249999989
1791383757.755,13752,10000008.3541203,249999991
1791383758.018,13753,10000008.4419604,249999988
1791383758.251,13754,10000008.4039203,249999989
1791383758.501,13755,10000008.4134803,249999989
1791383758.754,13756,10000008.3550003,249999991
1791383759.002,13757,10000008.4477204,249999988
1791383759.262,13758,10000008.3798803,249999990
1791383759.502,13759,10000008.3959603,249999990
1791383759.752,13760,10000008.3966370,250000090
1791383760.003,13761,10000008.4155204,249999989
1791383760.253,13762,10000008.3554003,249999991
1791383760.507,13763,10000008.4290804,249999989
1791383760.754,13764,10000008.4074403,249999989
1791383761.003,13765,10000008.3959603,249999990
1791383761.285,13766,10000008.3916403,249999990
1791383761.504,13767,10000008.4274804,249999989
1791383761.756,13768,10000008.3888803,249999990
1791383762.005,13769,10000008.3920003,249999990
1791383762.254,13770,10000008.4040370,250000089
1791383762.504,13771,10000008.4039203,249999989
1791383762.755,13772,10000008.3483203,249999991
1791383763.010,13773,10000008.4516804,249999988
1791383763.254,13774,10000008.4041603,249999989
1791383763.504,13775,10000008.3958403,249999990
1791383763.755,13776,10000008.3788003,249999990
1791383764.005,13777,10000008.4322804,249999989
1791383764.255,13778,10000008.3809203,249999990
1791383764.505,13779,10000008.3916403,249999990
1791383764.756,13780,10000008.4083570,250000089
1791383765.009,13781,10000008.4080003,249999989
1791383765.258,13782,10000008.3541203,249999991
1791383765.508,13783,10000008.4379204,249999989
1791383765.755,13784,10000008.4000003,249999990
1791383766.005,13785,10000008.4214404,249999989
1791383766.258,13786,10000008.3616403,249999990
1791383766.507,13787,10000008.4360004,249999989
1791383766.755,13788,10000008.3849603,249999990
1791383767.010,13789,10000008.4081203,249999989
1791383767.261,13790,10000008.3878370,250000090
1791383767.506,13791,10000008.4121603,249999989
1791383767.756,13792,10000008.3441603,249999991
1791383768.013,13793,10000008.4477204,249999988
1791383768.266,13794,10000008.3827203,249999990
1791383768.508,13795,10000008.4212004,249999989
1791383768.759,13796,10000008.3920003,249999990
1791383769.007,13797,10000008.4160004,249999989
1791383769.257,13798,10000008.3920003,249999990
1791383769.506,13799,10000008.4000003,249999990
1791383769.757,13800,10000008.3836370,250000090
1791383770.009,13801,10000008.4205204,249999989
1791383770.271,13802,10000008.3554003,249999991
1791383770.511,13803,10000008.4404404,249999988
1791383770.756,13804,10000008.4000003,249999990
1791383771.011,13805,10000008.4080003,249999989
1791383771.256,13806,10000008.3880803,249999990
1791383771.508,13807,10000008.4174004,249999989
1791383771.757,13808,10000008.3906803,249999990
1791383772.009,13809,10000008.3918803,249999990
1791383772.258,13810,10000008.4081170,250000089
1791383772.511,13811,10000008.4038403,249999989
1791383772.757,13812,10000008.3840003,249999990
1791383773.008,13813,10000008.4121603,249999989
1791383773.259,13814,10000008.4069203,249999989
1791383773.510,13815,10000008.3968803,249999990
1791383773.762,13816,10000008.4054803,249999989
1791383774.009,13817,10000008.4064003,249999989
1791383774.259,13818,10000008.3936003,249999990
1791383774.510,13819,10000008.3945203,249999990
1791383774.763,13820,10000008.4118770,250000089
1791383775.010,13821,10000008.3936003,249999990
1791383775.259,13822,10000008.5508405,249999986
1791383775.510,13823,10000008.2468002,249999993
1791383775.762,13824,10000008.3968803,249999990
1791383776.013,13825,10000008.4118803,249999989
1791383776.263,13826,10000008.3936003,249999990
1791383776.510,13827,10000008.4064003,249999989
1791383776.761,13828,10000008.4000003,249999990
1791383777.011,13829,10000008.5444370,250000086
1791383777.292,13830,10000008.2649202,249999993
1791383777.515,13831,10000008.5270805,249999986
1791383777.843,13832,10000008.4253604,249999989
1791383778.011,13833,10000008.3826403,249999990
1791383778.264,13834,10000008.4000003,249999990
1791383778.512,13835,10000008.4127603,249999989
1791383778.762,13836,10000008.3872403,249999990
1791383779.018,13837,10000008.2555602,249999993
1791383779.264,13838,10000008.5554005,249999986
1791383779.512,13839,10000008.4063570,250000089
1791383779.764,13840,10000008.4000003,249999990
1791383780.013,13841,10000008.4051603,249999989
1791383780.262,13842,10000008.4000003,249999990
1791383780.513,13843,10000008.4092803,249999989
1791383780.763,13844,10000008.3809203,249999990
1791383781.015,13845,10000008.4507204,249999988
1791383781.285,13846,10000008.3539203,249999991
1791383781.513,13847,10000008.3746403,249999990
1791383781.763,13848,10000008.4359604,249999989
1791383782.012,13849,10000008.4088770,250000089
1791383782.262,13850,10000008.3911203,249999990
1791383782.512,13851,10000008.4542404,249999988
1791383782.764,13852,10000008.3457603,249999991
1791383783.014,13853,10000008.4230404,249999989
1791383783.267,13854,10000008.3948803,249999990
1791383783.514,13855,10000008.4098803,249999989
1791383783.763,13856,10000008.3668003,249999990
1791383784.020,13857,10000008.3694803,249999990
1791383784.266,13858,10000008.4398004,249999989
1791383784.514,13859,10000008.4275570,250000089
1791383784.811,13860,10000008.3631603,249999990
1791383785.015,13861,10000008.4393204,249999989
1791383785.267,13862,10000008.3661203,249999990
1791383785.515,13863,10000008.3945603,249999990
1791383785.768,13864,10000008.4143203,249999989
1791383786.015,13865,10000008.4141603,249999989
1791383786.270,13866,10000008.3663603,249999990
1791383786.515,13867,10000008.3746403,249999990
1791383786.768,13868,10000008.4220004,249999989
1791383787.016,13869,10000008.4033570,250000089
1791383787.266,13870,10000008.3903203,249999990
1791383787.516,13871,10000008.3843203,249999990
1791383787.769,13872,10000008.4253604,249999989
1791383788.017,13873,10000008.3903203,249999990
1791383788.277,13874,10000008.2524002,249999993
1791383788.517,13875,10000008.3954403,249999990
1791383788.767,13876,10000008.5077204,249999987
1791383789.018,13877,10000008.2922802,249999992
1791383789.268,13878,10000008.4000003,249999990
1791383789.540,13879,10000008.3912403,249999990
1791383789.768,13880,10000008.4235970,250000089
1791383790.019,13881,10000008.3764003,249999990
1791383790.268,13882,10000008.5462805,249999986
1791383790.518,13883,10000008.2506402,249999993
1791383790.769,13884,10000008.4000003,249999990
1791383791.018,13885,10000008.4000003,249999990
1791383791.272,13886,10000008.4000003,249999990
1791383791.519,13887,10000008.4081603,249999989
1791383791.769,13888,10000008.3838003,249999990
1791383792.019,13889,10000008.4000003,249999990
1791383792.268,13890,10000008.3595570,250000091
1791383792.519,13891,10000008.4404404,249999988
1791383792.772,13892,10000008.3515603,249999991
1791383793.019,13893,10000008.4320804,249999989
1791383793.269,13894,10000008.3951603,249999990
1791383793.523,13895,10000008.4048403,249999989
1791383793.769,13896,10000008.3759203,249999990
1791383794.020,13897,10000008.4324404,249999989
1791383794.271,13898,10000008.3620803,249999990
1791383794.520,13899,10000008.4000003,249999990
1791383794.774,13900,10000008.3999970,250000090
1791383795.025,13901,10000008.4054803,249999989
1791383795.274,13902,10000008.3773603,249999990
1791383795.521,13903,10000008.4114403,249999989
1791383795.774,13904,10000008.3885603,249999990
1791383796.022,13905,10000008.3952803,249999990
1791383796.271,13906,10000008.3957603,249999990
1791383796.522,13907,10000008.4204004,249999989
1791383796.771,13908,10000008.3738403,249999990
1791383797.023,13909,10000008.4000003,249999990
1791383797.275,13910,10000008.3999970,250000090
1791383797.521,13911,10000008.4000003,249999990
1791383797.773,13912,10000008.4000003,249999990
1791383798.022,13913,10000008.3921603,249999990
1791383798.276,13914,10000008.3965203,249999990
1791383798.524,13915,10000008.4000003,249999990
1791383798.773,13916,10000008.3916403,249999990
1791383799.028,13917,10000008.4000003,249999990
1791383799.277,13918,10000008.4000003,249999990
1791383799.524,13919,10000008.3940403,249999990
1791383799.774,13920,10000008.3999970,250000090
1791383800.024,13921,10000008.3924003,249999990
1791383800.274,13922,10000008.4076003,249999989
1791383800.525,13923,10000008.3554803,249999991
1791383800.775,13924,10000008.4256404,249999989
1791383801.028,13925,10000008.4031203,249999989
1791383801.274,13926,10000008.3968803,249999990
1791383801.526,13927,10000008.3743603,249999990
1791383801.775,13928,10000008.4256404,249999989
1791383802.025,13929,10000008.3617603,249999990
1791383802.284,13930,10000008.4032770,250000089
1791383802.528,13931,10000008.3495603,249999991
1791383802.775,13932,10000008.4000003,249999990
1791383803.025,13933,10000008.3945603,249999990
1791383803.276,13934,10000008.3902003,249999990
1791383803.526,13935,10000008.3827203,249999990
1791383803.775,13936,10000008.2564402,249999993
1791383805.528,13937,10000008.4036803,249999989
1791383805.528,13938,10000008.3963203,249999990
1791383805.528,13939,10000008.4036803,249999989
1791383805.585,13940,10000008.3801203,249999990
1791383805.585,13941,10000008.4111170,250000089
1791383805.776,13944,10000008.4235604,249999989
1791383806.051,13945,10000008.4214404,249999989
1791383806.279,13946,10000008.3826003,249999990
1791383806.526,13947,10000008.3875603,249999990
1791383806.779,13948,10000008.4205204,249999989
1791383807.030,13949,10000008.3844803,249999990
1791383807.280,13950,10000008.3749603,249999990
1791383807.526,13951,10000008.4048370,250000089
1791383807.778,13952,10000008.4000003,249999990
1791383808.029,13953,10000008.3737603,249999990
1791383808.281,13954,10000008.4173204,249999989
1791383808.527,13955,10000008.3887603,249999990
1791383808.777,13956,10000008.3885603,249999990
1791383809.027,13957,10000008.3952803,249999990
1791383809.278,13958,10000008.4161604,249999989
1791383809.528,13959,10000008.3796003,249999990
1791383809.777,13960,10000008.4000003,249999990
1791383810.029,13961,10000008.3942370,250000090
1791383810.280,13962,10000008.4000003,249999990
1791383810.530,13963,10000008.3921603,249999990
1791383810.778,13964,10000008.3965203,249999990
1791383811.031,13965,10000008.4000003,249999990
1791383811.280,13966,10000008.4000003,249999990
1791383811.534,13967,10000008.3916403,249999990
1791383811.779,13968,10000008.3940403,249999990
1791383811.979,13969,10000008.4000003,249999990
1791383812.230,13970,10000008.3924003,249999990
1791383812.479,13971,10000008.3958770,250000090
1791383812.733,13972,10000008.3972003,249999990
1791383812.980,13973,10000008.4028003,249999989
1791383813.230,13974,10000008.3217603,249999991
1791383813.491,13975,10000008.4505604,249999988
1791383813.759,13976,10000008.3948803,249999990
1791383813.981,13977,10000008.3632803,249999990
1791383814.242,13978,10000008.3663603,249999990
1791383814.482,13979,10000008.3746403,249999990
1791383814.731,13980,10000008.4189604,249999989
1791383814.984,13981,10000008.2327202,249999994
1791383815.235,13982,10000008.4267170,250000089
1791383815.484,13983,10000008.3764003,249999990
1791383815.730,13984,10000008.5532005,249999986
1791383815.980,13985,10000008.2437202,249999993
1791383816.234,13986,10000008.4000003,249999990
1791383816.481,13987,10000008.3920003,249999990
1791383816.733,13988,10000008.4000003,249999990
1791383816.984,13989,10000008.4080003,249999989
1791383817.231,13990,10000008.3880803,249999990
1791383817.525,13991,10000008.3959603,249999990
1791383817.735,13992,10000008.3830770,250000090
1791383817.981,13993,10000008.4169204,249999989
1791383820.538,13994,10000008.3502003,249999991
1791383820.590,13995,10000008.4262404,249999989
1791383820.590,13996,10000008.3856403,249999990
1791383820.649,13997,10000008.4000003,249999990
1791383820.649,13998,10000008.3780803,249999990
1791383820.734,14004,10000008.3942403,249999990
1791383820.984,14005,10000008.3943203,249999990
1791383821.234,14006,10000008.3944003,249999990
1791383821.485,14007,10000008.4000003,249999990
1791383821.735,14008,10000008.3916403,249999990
1791383821.985,14009,10000008.4000003,249999990
1791383822.236,14010,10000008.4000003,249999990
1791383822.485,14011,10000008.4000003,249999990
1791383822.736,14012,10000008.3864370,250000090
1791383822.985,14013,10000008.4028403,249999989
1791383823.235,14014,10000008.3971603,249999990
1791383823.485,14015,10000008.3630803,249999990
1791383823.736,14016,10000008.4256404,249999989
1791383823.986,14017,10000008.3932803,249999990
1791383824.236,14018,10000008.4000003,249999990
1791383824.486,14019,10000008.3756003,249999990
1791383824.737,14020,10000008.4244004,249999989
1791383824.990,14021,10000008.3302403,249999991
1791383825.241,14022,10000008.3999970,250000090
1791383825.488,14023,10000008.3771603,249999990
1791383825.738,14024,10000008.4033603,249999989
1791383826.019,14025,10000008.4000003,249999990
1791383826.239,14026,10000008.2382002,249999994
1791383826.488,14027,10000008.4000003,249999990
1791383826.742,14028,10000008.4000003,249999990
1791383826.992,14029,10000008.4000003,249999990
1791383827.239,14030,10000008.4000003,249999990
1791383827.489,14031,10000008.3881203,249999990
1791383827.741,14032,10000008.4000003,249999990
1791383827.990,14033,10000008.3919970,250000090
1791383828.240,14034,10000008.4041603,249999989
1791383828.490,14035,10000008.3554003,249999991
1791383828.745,14036,10000008.4404404,249999988
1791383830.545,14037,10000008.3960803,249999990
1791383830.545,14038,10000008.4000003,249999990
1791383830.599,14039,10000008.3875603,249999990
1791383830.644,14040,10000008.4205204,249999989
1791383830.644,14041,10000008.3794803,249999990
1791383830.742,14044,10000008.4103603,249999989
1791383830.997,14045,10000008.3634403,249999990
1791383831.244,14046,10000008.4118803,249999989
1791383831.494,14047,10000008.3942403,249999990
1791383831.747,14048,10000008.3938803,249999990
1791383832.007,14049,10000008.3946803,249999990
1791383832.250,14050,10000008.4226404,249999989
1791383832.496,14051,10000008.3726003,249999990
1791383832.746,14052,10000008.4047203,249999989
1791383832.997,14053,10000008.3910370,250000090
1791383833.246,14054,10000008.4042403,249999989
1791383833.496,14055,10000008.3900003,249999990
1791383833.747,14056,10000008.4000003,249999990
1791383834.009,14057,10000008.4000003,249999990
1791383834.246,14058,10000008.4000003,249999990
1791383834.499,14059,10000008.3886803,249999990
1791383834.750,14060,10000008.4056003,249999989
1791383834.997,14061,10000008.3944003,249999990
1791383835.247,14062,10000008.4000003,249999990
1791383835.498,14063,10000008.3959570,250000090
1791383835.748,14064,10000008.3956803,249999990
1791383837.547,14065,10000008.4083603,249999989
1791383837.548,14066,10000008.3856803,249999990
1791383837.548,14067,10000008.4000003,249999990
1791383837.605,14068,10000008.4000003,249999990
1791383837.606,14069,10000008.3952003,249999990
1791383837.748,14072,10000008.3958803,249999990
1791383837.999,14073,10000008.3959570,250000090
1791383838.249,14074,10000008.3901203,249999990
1791383838.499,14075,10000008.4067203,249999989
1791383838.749,14076,10000008.3424003,249999991
1791383839.003,14077,10000008.4447604,249999988
1791383839.249,14078,10000008.3923603,249999990
1791383839.501,14079,10000008.4000003,249999990
1791383839.750,14080,10000008.3530403,249999991
1791383839.999,14081,10000008.3461603,249999991
1791383840.250,14082,10000008.4590004,249999988
1791383840.499,14083,10000008.3858370,250000090
1791383840.753,14084,10000008.3805203,249999990
1791383840.999,14085,10000008.4106403,249999989
1791383841.251,14086,10000008.3945603,249999990
1791383841.500,14087,10000008.3884403,249999990
1791383841.751,14088,10000008.3890003,249999990
1791383842.003,14089,10000008.4110003,249999989
1791383842.250,14090,10000008.3523203,249999991
1791383842.510,14091,10000008.2885602,249999992
1791383842.754,14092,10000008.4130403,249999989
1791383843.004,14093,10000008.3906403,249999990
1791383843.250,14094,10000008.3963170,250000090
1791383843.500,14095,10000008.3918403,249999990
1791383843.754,14096,10000008.5640005,249999985
1791383844.000,14097,10000008.2478802,249999993
1791383844.251,14098,10000008.3912403,249999990
1791383844.501,14099,10000008.4023603,249999989
1791383844.754,14100,10000008.3945203,249999990
1791383845.005,14101,10000008.4118803,249999989
1791383845.254,14102,10000008.3963203,249999990
1791383845.506,14103,10000008.3880003,249999990
1791383845.754,14104,10000008.4038370,250000089
1791383846.005,14105,10000008.4000003,249999990
1791383846.258,14106,10000008.3604403,249999990
1791383846.505,14107,10000008.4395604,249999989
1791383846.757,14108,10000008.3961603,249999990
1791383847.008,14109,10000008.4000003,249999990
1791383847.257,14110,10000008.4000003,249999990
1791383847.504,14111,10000008.4093203,249999989
1791383847.755,14112,10000008.3865203,249999990
1791383848.006,14113,10000008.3960803,249999990
1791383848.260,14114,10000008.3999970,250000090
1791383848.505,14115,10000008.4000003,249999990
1791383848.759,14116,10000008.3580403,249999991
1791383849.009,14117,10000008.4210004,249999989
1791383849.260,14118,10000008.4135603,249999989
1791383849.508,14119,10000008.4033603,249999989
1791383849.758,14120,10000008.3868003,249999990
1791383850.010,14121,10000008.4292004,249999989
1791383850.260,14122,10000008.3756403,249999990
1791383850.506,14123,10000008.4000003,249999990
1791383850.757,14124,10000008.3951570,250000090
1791383851.008,14125,10000008.4212004,249999989
1791383851.262,14126,10000008.3483203,249999991
1791383851.515,14127,10000008.4267604,249999989
1791383851.760,14128,10000008.4000003,249999990
1791383852.017,14129,10000008.3933603,249999990
1791383852.263,14130,10000008.3798803,249999990
1791383852.508,14131,10000008.4436804,249999988
1791383852.758,14132,10000008.3675603,249999990
1791383853.213,14133,10000008.4040403,249999989
1791383853.262,14134,10000008.3959570,250000090
1791383853.510,14135,10000008.4192404,249999989
1791383853.762,14136,10000008.3581203,249999991
1791383854.010,14137,10000008.4172004,249999989
1791383854.259,14138,10000008.3942403,249999990
1791383854.511,14139,10000008.4057603,249999989
1791383854.759,14140,10000008.3942403,249999990
1791383855.010,14141,10000008.4267604,249999989
1791383855.260,14142,10000008.3732403,249999990
1791383855.531,14143,10000008.4000003,249999990
1791383855.759,14144,10000008.3999970,250000090
1791383856.009,14145,10000008.4057603,249999989
1791383856.260,14146,10000008.3828003,249999990
1791383856.510,14147,10000008.4053203,249999989
1791383856.759,14148,10000008.4000003,249999990
1791383857.009,14149,10000008.3946803,249999990
1791383857.259,14150,10000008.3910403,249999990
1791383857.509,14151,10000008.4316004,249999989
1791383857.764,14152,10000008.3684003,249999990
1791383858.010,14153,10000008.4089603,249999989
1791383858.271,14154,10000008.3852770,250000090
1791383858.565,14155,10000008.4200404,249999989
1791383858.761,14156,10000008.3799603,249999990
1791383859.011,14157,10000008.4100003,249999989
1791383859.265,14158,10000008.3900003,249999990
1791383859.512,14159,10000008.4100003,249999989
1791383859.761,14160,10000008.3900003,249999990
1791383860.026,14161,10000008.4057603,249999989
1791383860.265,14162,10000008.3942403,249999990
1791383860.514,14163,10000008.4000003,249999990
1791383860.762,14164,10000008.3999970,250000090
1791383861.012,14165,10000008.4000003,249999990
1791383861.262,14166,10000008.4000003,249999990
1791383861.511,14167,10000008.4000003,249999990
1791383861.763,14168,10000008.3943203,249999990
1791383862.011,14169,10000008.4056803,249999989
1791383862.265,14170,10000008.3943203,249999990
1791383862.512,14171,10000008.4000003,249999990
1791383862.761,14172,10000008.4000003,249999990
1791383863.014,14173,10000008.4000003,249999990
1791383863.265,14174,10000008.3943970,250000090
1791383863.518,14175,10000008.4000003,249999990
1791383863.765,14176,10000008.4000003,249999990
1791383864.016,14177,10000008.4000003,249999990
1791383864.270,14178,10000008.4000003,249999990
1791383864.531,14179,10000008.4000003,249999990
1791383864.767,14180,10000008.3916403,249999990
1791383865.018,14181,10000008.4083603,249999989
1791383865.271,14182,10000008.3959603,249999990
1791383865.518,14183,10000008.3956803,249999990
1791383865.770,14184,10000008.4043170,250000089
1791383866.019,14185,10000008.4000003,249999990
1791383866.273,14186,10000008.4000003,249999990
1791383866.519,14187,10000008.3956803,249999990
1791383866.770,14188,10000008.4000003,249999990
1791383867.024,14189,10000008.4000003,249999990
1791383867.271,14190,10000008.3940403,249999990
1791383867.521,14191,10000008.4000003,249999990
1791383870.069,14192,10000008.4059603,249999989
1791383870.069,14193,10000008.3940403,249999990
1791383870.069,14194,10000008.3999970,250000090
1791383870.113,14195,10000008.4000003,249999990
1791383870.113,14196,10000008.4059603,249999989
1791383870.274,14202,10000008.4081603,249999989
1791383870.526,14203,10000008.3958803,249999990
1791383870.776,14204,10000008.3971970,250000090
1791383871.026,14205,10000008.4028003,249999989
1791383871.278,14206,10000008.4041203,249999989
1791383871.526,14207,10000008.3630803,249999990
1791383871.778,14208,10000008.4287604,249999989
1791383872.032,14209,10000008.3968803,249999990
1791383872.278,14210,10000008.4000003,249999990
1791383872.528,14211,10000008.3871203,249999990
1791383872.779,14212,10000008.4172804,249999989
1791383873.032,14213,10000008.3888803,249999990
1791383873.278,14214,10000008.3999970,250000090
1791383873.528,14215,10000008.3938803,249999990
1791383873.780,14216,10000008.4128803,249999989
1791383874.032,14217,10000008.3325203,249999991
1791383874.286,14218,10000008.4512404,249999988
1791383874.532,14219,10000008.4000003,249999990
1791383874.782,14220,10000008.4034003,249999989
1791383875.033,14221,10000008.3666403,249999990
1791383875.282,14222,10000008.4394804,249999989
1791383875.529,14223,10000008.3811203,249999990
1791383875.779,14224,10000008.3999970,250000090
1791383876.030,14225,10000008.3545603,249999991
1791383876.280,14226,10000008.4454404,249999988
1791383876.534,14227,10000008.3491203,249999991
1791383876.782,14228,10000008.4188804,249999989
1791383877.041,14229,10000008.3901203,249999990
1791383877.284,14230,10000008.4363204,249999989
1791383877.535,14231,10000008.3457603,249999991
1791383877.781,14232,10000008.3640403,249999990
1791383878.034,14233,10000008.4637204,249999988
1791383878.282,14234,10000008.4036370,250000089
1791383878.533,14235,10000008.3686003,249999990
1791383878.782,14236,10000008.4314004,249999989
1791383879.032,14237,10000008.3686003,249999990
1791383879.282,14238,10000008.4038403,249999989
1791383879.536,14239,10000008.3791603,249999990
1791383879.781,14240,10000008.4258404,249999989
1791383880.032,14241,10000008.3805203,249999990
1791383880.284,14242,10000008.3746403,249999990
1791383880.533,14243,10000008.4359604,249999989
1791383880.784,14244,10000008.3945570,250000090
1791383881.036,14245,10000008.3948403,249999990
1791383881.284,14246,10000008.4460804,249999988
1791383881.533,14247,10000008.3590803,249999991
1791383881.783,14248,10000008.3948403,249999990
1791383882.033,14249,10000008.4051603,249999989
1791383882.283,14250,10000008.4332004,249999989
1791383882.534,14251,10000008.3668003,249999990
1791383882.734,14252,10000008.3694803,249999990
1791383882.988,14253,10000008.4305204,249999989
1791383884.577,14254,10000008.4233170,250000089
1791383884.577,14255,10000008.3766803,249999990
1791383884.577,14256,10000008.4233204,249999989
1791383884.627,14257,10000008.3821203,249999990
1791383884.627,14258,10000008.4314004,249999989
1791383884.736,14260,10000008.4471604,249999988
1791383885.023,14261,10000008.3474003,249999991
1791383885.236,14262,10000008.4779604,249999988
1791383885.548,14263,10000008.3712003,249999990
1791383885.737,14264,10000008.3999970,250000090
1791383885.988,14265,10000008.3954403,249999990
1791383886.248,14266,10000008.4257204,249999989
1791383886.484,14267,10000008.3440003,249999991
1791383886.738,14268,10000008.4560004,249999988
1791383886.987,14269,10000008.3948803,249999990
1791383887.235,14270,10000008.4093603,249999989
1791383887.488,14271,10000008.3906403,249999990
1791383887.735,14272,10000008.4256404,249999989
1791383887.985,14273,10000008.3871203,249999990
1791383888.235,14274,10000008.4061170,250000089
1791383888.485,14275,10000008.4000003,249999990
1791383888.738,14276,10000008.4067203,249999989
1791383888.985,14277,10000008.3538003,249999991
1791383889.240,14278,10000008.4462004,249999988
1791383889.495,14279,10000008.4071603,249999989
1791383889.737,14280,10000008.3928403,249999990
1791383889.986,14281,10000008.4071603,249999989
1791383890.240,14282,10000008.4041203,249999989
1791383890.488,14283,10000008.4000003,249999990
1791383890.736,14284,10000008.4028370,250000089
1791383890.986,14285,10000008.3971603,249999990
1791383891.236,14286,10000008.4076003,249999989
1791383891.485,14287,10000008.3882803,249999990
1791383891.736,14288,10000008.4117203,249999989
1791383891.987,14289,10000008.4000003,249999990
1791383892.238,14290,10000008.4000003,249999990
1791383892.487,14291,10000008.4000003,249999990
1791383892.745,14292,10000008.4059603,249999989
1791383892.987,14293,10000008.4000003,249999990
1791383893.237,14294,10000008.3999970,250000090
1791383893.487,14295,10000008.4000003,249999990
1791383893.739,14296,10000008.4043203,249999989
1791383893.987,14297,10000008.3956803,249999990
1791383894.238,14298,10000008.4000003,249999990
1791383894.488,14299,10000008.4083603,249999989
1791383894.738,14300,10000008.3916403,249999990
1791383894.988,14301,10000008.4000003,249999990
1791383895.238,14302,10000008.4043203,249999989
1791383895.488,14303,10000008.4040403,249999989
1791383895.744,14304,10000008.3999970,250000090
1791383895.989,14305,10000008.4034803,249999989
1791383896.241,14306,10000008.3965203,249999990
1791383896.488,14307,10000008.4000003,249999990
1791383896.739,14308,10000008.4000003,249999990
1791383896.993,14309,10000008.4056003,249999989
1791383897.240,14310,10000008.3978403,249999990
1791383897.490,14311,10000008.4000003,249999990
1791383897.740,14312,10000008.3965203,249999990
1791383898.002,14313,10000008.4034803,249999989
1791383898.241,14314,10000008.3965170,250000090
1791383898.491,14315,10000008.4113203,249999989
1791383898.743,14316,10000008.3943203,249999990
1791383898.991,14317,10000008.3944003,249999990
1791383899.346,14318,10000008.4000003,249999990
1791383899.495,14319,10000008.4034803,249999989
1791383899.744,14320,10000008.3965203,249999990
1791383899.991,14321,10000008.4072403,249999989
1791383900.242,14322,10000008.3983603,249999990
1791383900.491,14323,10000008.4000003,249999990
1791383900.744,14324,10000008.3943970,250000090
1791383900.992,14325,10000008.4056003,249999989
1791383901.243,14326,10000008.3944003,249999990
1791383901.495,14327,10000008.4034803,249999989
1791383901.742,14328,10000008.3965203,249999990
1791383902.015,14329,10000008.4056003,249999989
1791383902.243,14330,10000008.3944003,249999990
1791383902.493,14331,10000008.4000003,249999990
1791383902.743,14332,10000008.4000003,249999990
1791383902.992,14333,10000008.4000003,249999990
1791383903.243,14334,10000008.3999970,250000090
1791383903.494,14335,10000008.4000003,249999990
1791383903.792,14336,10000008.4034803,249999989
1791383903.994,14337,10000008.3924803,249999990
1791383904.244,14338,10000008.3956803,249999990
1791383904.495,14339,10000008.4083603,249999989
1791383904.746,14340,10000008.3916403,249999990
1791383904.995,14341,10000008.4000003,249999990
1791383905.244,14342,10000008.4043203,249999989
1791383905.494,14343,10000008.4000003,249999990
1791383905.744,14344,10000008.3956770,250000090
1791383905.994,14345,10000008.4000003,249999990
1791383906.244,14346,10000008.4000003,249999990
1791383906.495,14347,10000008.3940403,249999990
1791383906.743,14348,10000008.4059603,249999989
1791383906.994,14349,10000008.4000003,249999990
1791383907.248,14350,10000008.3905603,249999990
1791383907.494,14351,10000008.4034803,249999989
1791383907.744,14352,10000008.4000003,249999990
1791383907.996,14353,10000008.4000003,249999990
1791383908.249,14354,10000008.3999970,250000090
1791383908.494,14355,10000008.3924003,249999990
1791383908.748,14356,10000008.4000003,249999990
1791383908.995,14357,10000008.3820003,249999990
1791383909.245,14358,10000008.4111203,249999989
1791383909.548,14359,10000008.4000003,249999990
1791383909.781,14360,10000008.4000003,249999990
1791383909.999,14361,10000008.3888803,249999990
1791383910.247,14362,10000008.4139203,249999989
1791383910.496,14363,10000008.3928403,249999990
1791383910.749,14364,10000008.3871170,250000090
1791383910.997,14365,10000008.3966003,249999990
1791383911.251,14366,10000008.4095203,249999989
1791383911.500,14367,10000008.3356803,249999991
1791383911.748,14368,10000008.4454404,249999988
1791383911.999,14369,10000008.3716403,249999990
1791383912.247,14370,10000008.4228404,249999989
1791383912.497,14371,10000008.3403203,249999991
1791383912.746,14372,10000008.3694803,249999990
1791383912.997,14373,10000008.4359604,249999989
1791383913.248,14374,10000008.3893570,250000090
1791383913.496,14375,10000008.3826403,249999990
1791383913.750,14376,10000008.3920003,249999990
1791383913.996,14377,10000008.4253604,249999989
1791383914.247,14378,10000008.2382002,249999994
1791383914.497,14379,10000008.4045603,249999989
1791383914.748,14380,10000008.3890803,249999990
1791383915.002,14381,10000008.4064003,249999989
1791383915.247,14382,10000008.3963203,249999990
1791383915.502,14383,10000008.3949203,249999990
1791383915.748,14384,10000008.4133203,249999989
1791383915.998,14385,10000008.3797570,250000090
1791383916.253,14386,10000008.4038403,249999989
1791383916.500,14387,10000008.3403203,249999991
1791383916.756,14388,10000008.4436804,249999988
1791383916.998,14389,10000008.4080003,249999989
1791383917.249,14390,10000008.4000003,249999990
1791383917.500,14391,10000008.3788003,249999990
1791383917.750,14392,10000008.4292004,249999989
1791383918.009,14393,10000008.3806403,249999990
1791383919.613,14394,10000008.3901603,249999990
1791383919.613,14395,10000008.3896370,250000090
1791383919.613,14396,10000008.4096003,249999989
1791383921.094,14397,10000008.3588803,249999991
1791383921.094,14398,10000008.4226404,249999989
1791383921.094,14400,10000008.3881203,249999990
1791383921.153,14401,10000008.4000003,249999990
1791383921.208,14402,10000008.4262404,249999989
1791383921.208,14403,10000008.3684403,249999990
1791383921.285,14406,10000008.4047203,249999989
1791383921.512,14407,10000008.3852803,249999990
1791383921.770,14408,10000008.4000003,249999990
1791383922.005,14409,10000008.4000003,249999990
1791383922.265,14410,10000008.4000003,249999990
1791383922.504,14411,10000008.3886803,249999990
1791383922.754,14412,10000008.4056003,249999989
1791383923.004,14413,10000008.3944003,249999990
1791383923.255,14414,10000008.4000003,249999990
1791383923.504,14415,10000008.3999970,250000090
1791383923.755,14416,10000008.3916403,249999990
1791383924.006,14417,10000008.4000003,249999990
1791383924.256,14418,10000008.3940403,249999990
1791383924.506,14419,10000008.4000003,249999990
1791383924.757,14420,10000008.3965203,249999990
1791383925.013,14421,10000008.3917603,249999990
1791383925.256,14422,10000008.3860803,249999990
1791383925.506,14423,10000008.4180004,249999989
1791383925.756,14424,10000008.3820003,249999990
1791383926.006,14425,10000008.3938770,250000090
1791383926.257,14426,10000008.3872403,249999990
1791383926.507,14427,10000008.4106803,249999989
1791383926.766,14428,10000008.3384403,249999991
1791383927.008,14429,10000008.3949603,249999990
1791383927.257,14430,10000008.3907203,249999990
1791383927.508,14431,10000008.3884403,249999990
1791383927.760,14432,10000008.3523203,249999991
1791383928.013,14433,10000008.2922802,249999992
1791383928.259,14434,10000008.4000003,249999990
1791383928.511,14435,10000008.3963203,249999990
1791383928.758,14436,10000008.3972770,250000090
1791383929.011,14437,10000008.4000003,249999990
1791383929.259,14438,10000008.3865203,249999990
1791383929.511,14439,10000008.3960803,249999990
1791383929.762,14440,10000008.4039203,249999989
1791383930.010,14441,10000008.3960803,249999990
1791383930.257,14442,10000008.3875603,249999990
1791383930.509,14443,10000008.4243604,249999989
1791383930.759,14444,10000008.3604403,249999990
1791383931.012,14445,10000008.4066403,249999989
1791383931.263,14446,10000008.3732370,250000090
1791383931.512,14447,10000008.4201204,249999989
1791383931.760,14448,10000008.3637203,249999990
1791383932.012,14449,10000008.4161604,249999989
1791383932.259,14450,10000008.3838403,249999990
1791383932.512,14451,10000008.3957603,249999990
1791383932.760,14452,10000008.3942403,249999990
1791383933.011,14453,10000008.4100003,249999989
1791383933.260,14454,10000008.3787203,249999990
1791383933.512,14455,10000008.4000003,249999990
1791383933.760,14456,10000008.3959570,250000090
1791383934.011,14457,10000008.3897203,249999990
1791383934.260,14458,10000008.4000003,249999990
1791383934.514,14459,10000008.3743603,249999990
1791383934.768,14460,10000008.4067203,249999989
1791383935.011,14461,10000008.3932803,249999990
1791383935.288,14462,10000008.3811203,249999990
1791383935.511,14463,10000008.3402403,249999991
1791383935.761,14464,10000008.3640403,249999990
1791383936.010,14465,10000008.4080003,249999989
1791383936.262,14466,10000008.2555602,249999993
1791383936.515,14467,10000008.3963170,250000090
1791383936.762,14468,10000008.3972803,249999990
1791383937.040,14469,10000008.3550003,249999991
1791383937.266,14470,10000008.4276004,249999989
1791383937.531,14471,10000008.3875603,249999990
1791383937.763,14472,10000008.4083603,249999989
1791383938.016,14473,10000008.3675603,249999990
1791383938.262,14474,10000008.4324404,249999989
1791383938.516,14475,10000008.3563203,249999991
1791383938.765,14476,10000008.3938803,249999990
1791383939.013,14477,10000008.3899570,250000090
1791383939.264,14478,10000008.4000003,249999990
1791383939.517,14479,10000008.3900003,249999990
1791383939.765,14480,10000008.3943203,249999990
1791383940.017,14481,10000008.3903203,249999990
1791383940.265,14482,10000008.4000003,249999990
1791383940.514,14483,10000008.3897203,249999990
1791383940.767,14484,10000008.3882803,249999990
1791383941.031,14485,10000008.4000003,249999990
1791383941.264,14486,10000008.3860803,249999990
1791383941.536,14487,10000008.3811170,250000090
1791383941.765,14488,10000008.3402403,249999991
1791383942.014,14489,10000008.3640403,249999990
1791383942.264,14490,10000008.4253604,249999989
1791383942.514,14491,10000008.2345202,249999994
1791383942.766,14492,10000008.3949203,249999990
1791383943.016,14493,10000008.4087603,249999989
1791383943.268,14494,10000008.3881203,249999990
1791383943.516,14495,10000008.4031203,249999989
1791383943.767,14496,10000008.3888803,249999990
1791383944.028,14497,10000008.3836403,249999990
1791383944.269,14498,10000008.3759170,250000090
1791383944.517,14499,10000008.4088803,249999989
1791383944.767,14500,10000008.3684403,249999990
1791383945.017,14501,10000008.4000003,249999990
1791383945.267,14502,10000008.3952803,249999990
1791383945.518,14503,10000008.3957603,249999990
1791383945.768,14504,10000008.3885603,249999990
1791383946.017,14505,10000008.4000003,249999990
1791383946.267,14506,10000008.3903203,249999990
1791383946.517,14507,10000008.3956803,249999990
1791383946.772,14508,10000008.3940370,250000090
1791383947.018,14509,10000008.3952003,249999990
1791383947.268,14510,10000008.3971603,249999990
1791383947.521,14511,10000008.3212403,249999991
1791383947.768,14512,10000008.4418404,249999988
1791383948.028,14513,10000008.3680003,249999990
1791383948.281,14514,10000008.3722403,249999990
1791383948.518,14515,10000008.3797203,249999990
1791383948.773,14516,10000008.2442002,249999993
1791383949.027,14517,10000008.4130403,249999989
1791383949.271,14518,10000008.3906403,249999990
1791383949.520,14519,10000008.3881170,250000090
1791383949.773,14520,10000008.4000003,249999990
1791383950.022,14521,10000008.3460803,249999991
1791383950.272,14522,10000008.4295604,249999989
1791383950.523,14523,10000008.4083603,249999989
1791383952.224,14524,10000008.3916403,249999990
1791383952.224,14525,10000008.3759203,249999990
1791383952.224,14526,10000008.4324404,249999989
1791383952.282,14527,10000008.3620803,249999990
1791383952.282,14528,10000008.3942403,249999990
1791383952.525,14531,10000008.3857203,249999990
1791383952.775,14532,10000008.4000003,249999990
1791383953.021,14533,10000008.3942403,249999990
1791383953.272,14534,10000008.4000003,249999990
1791383953.521,14535,10000008.3921603,249999990
1791383953.771,14536,10000008.3965203,249999990
1791383954.025,14537,10000008.4000003,249999990
1791383954.274,14538,10000008.3959603,249999990
1791383954.521,14539,10000008.3956770,250000090
1791383954.775,14540,10000008.3940403,249999990
1791383955.033,14541,10000008.4000003,249999990
1791383955.272,14542,10000008.3743603,249999990
1791383955.526,14543,10000008.4111203,249999989
1791383955.773,14544,10000008.3888803,249999990
1791383956.024,14545,10000008.3938803,249999990
1791383956.273,14546,10000008.3746403,249999990
1791383956.523,14547,10000008.4314804,249999989
1791383956.774,14548,10000008.3392403,249999991
1791383957.035,14549,10000008.3821170,250000090
1791383957.301,14550,10000008.3797203,249999990
1791383957.524,14551,10000008.3967603,249999990
1791383957.773,14552,10000008.4128803,249999989
1791383958.025,14553,10000008.2427602,249999993
1791383958.274,14554,10000008.3917603,249999990
1791383958.524,14555,10000008.3949203,249999990
1791383958.774,14556,10000008.4023603,249999989
1791383959.026,14557,10000008.3976403,249999990
1791383959.278,14558,10000008.4087603,249999989
1791383959.527,14559,10000008.3843203,249999990
1791383959.778,14560,10000008.3958370,250000090
1791383960.025,14561,10000008.4000003,249999990
1791383960.278,14562,10000008.3595603,249999991
1791383960.528,14563,10000008.4324404,249999989
1791383960.777,14564,10000008.3916403,249999990
1791383961.028,14565,10000008.4000003,249999990
1791383961.279,14566,10000008.3799603,249999990
1791383961.528,14567,10000008.4284004,249999989
1791383961.776,14568,10000008.3716003,249999990
1791383962.025,14569,10000008.4000003,249999990
1791383962.285,14570,10000008.3847570,250000090
1791383962.528,14571,10000008.4112403,249999989
1791383962.779,14572,10000008.3726003,249999990
1791383963.025,14573,10000008.4047203,249999989
1791383963.277,14574,10000008.4000003,249999990
1791383963.527,14575,10000008.3952803,249999990
1791383963.781,14576,10000008.3900003,249999990
1791383964.041,14577,10000008.4147203,249999989
1791383964.277,14578,10000008.3852803,249999990
1791383964.528,14579,10000008.4000003,249999990
1791383964.778,14580,10000008.3999970,250000090
1791383965.028,14581,10000008.3943203,249999990
1791383965.230,14582,10000008.4000003,249999990
1791383965.482,14583,10000008.3944003,249999990
1791383965.734,14584,10000008.4000003,249999990
1791383965.982,14585,10000008.3959603,249999990
1791383966.241,14586,10000008.4000003,249999990
1791383966.501,14587,10000008.3897203,249999990
1791383966.731,14588,10000008.4000003,249999990
1791383966.982,14589,10000008.4000003,249999990
1791383967.232,14590,10000008.3951970,250000090
1791383967.483,14591,10000008.3971603,249999990
1791383967.733,14592,10000008.4000003,249999990
1791383967.982,14593,10000008.3575603,249999991
1791383969.619,14594,10000008.4244004,249999989
1791383969.619,14595,10000008.4000003,249999990
1791383969.619,14596,10000008.4000003,249999990
1791383969.677,14597,10000008.3811203,249999990
1791383969.677,14598,10000008.4188804,249999989
1791383969.738,14600,10000008.3954370,250000090
1791383969.986,14601,10000008.3554003,249999991
1791383970.238,14602,10000008.4000003,249999990
1791383970.490,14603,10000008.4000003,249999990
1791383970.736,14604,10000008.3884403,249999990
1791383970.984,14605,10000008.2491202,249999993
1791383971.237,14606,10000008.3890803,249999990
1791383971.489,14607,10000008.5141204,249999987
1791383971.735,14608,10000008.2885602,249999992
1791383971.988,14609,10000008.4000003,249999990
1791383972.234,14610,10000008.4000003,249999990
1791383972.540,14611,10000012.3949155,250000090
1791383972.734,14612,10000008.3968803,249999990
1791383972.985,14613,10000008.3515603,249999991
1791383973.237,14614,10000008.4446004,249999988
1791383973.485,14615,10000008.3958403,249999990
1791383973.734,14616,10000008.4000003,249999990
1791383973.987,14617,10000008.4041603,249999989
1791383974.235,14618,10000008.4069203,249999989
1791383974.486,14619,10000008.3809203,249999990
1791383974.736,14620,10000008.4000003,249999990
1791383974.993,14621,10000008.4040370,250000089
1791383975.237,14622,10000008.4039203,249999989
1791383975.487,14623,10000008.3422403,249999991
1791383975.736,14624,10000008.4365604,249999989
1791383975.987,14625,10000008.4000003,249999990
1791383976.241,14626,10000008.3962803,249999990
1791383976.490,14627,10000008.3732403,249999990
1791383976.793,14628,10000008.4436804,249999988
1791383977.003,14629,10000008.3620803,249999990
1791383977.238,14630,10000008.4143603,249999989
1791383977.488,14631,10000008.3856370,250000090
1791383977.738,14632,10000008.4054803,249999989
1791383977.990,14633,10000008.3826803,249999990
1791383978.237,14634,10000008.4118803,249999989
1791383978.495,14635,10000008.3881203,249999990
1791383978.789,14636,10000008.4061203,249999989
1791383978.992,14637,10000008.3885603,249999990
1791383979.238,14638,10000008.4315604,249999989
1791383979.493,14639,10000008.3637203,249999990
1791383979.742,14640,10000008.4047203,249999989
1791383979.989,14641,10000008.3952770,250000090
1791383980.240,14642,10000008.4047203,249999989
1791383980.490,14643,10000008.3910403,249999990
1791383980.739,14644,10000008.4000003,249999990
1791383980.992,14645,10000008.3942403,249999990
1791383981.270,14646,10000008.4000003,249999990
1791383981.499,14647,10000008.3943203,249999990
1791383981.741,14648,10000008.4156804,249999989
1791383981.995,14649,10000008.3900003,249999990
1791383982.240,14650,10000008.3943203,249999990
1791383982.491,14651,10000008.3943970,250000090
1791383982.744,14652,10000008.4056003,249999989
1791383982.993,14653,10000008.3978403,249999990
1791383983.244,14654,10000008.3965203,249999990
1791383983.493,14655,10000008.4000003,249999990
1791383983.741,14656,10000008.4000003,249999990
1791383983.992,14657,10000008.4000003,249999990
1791383984.242,14658,10000008.4000003,249999990
1791383984.492,14659,10000008.3916403,249999990
1791383984.838,14660,10000008.4000003,249999990
1791383985.028,14661,10000008.3999970,250000090
1791383985.243,14662,10000008.4000003,249999990
1791383985.493,14663,10000008.4000003,249999990
1791383985.745,14664,10000008.3940403,249999990
1791383985.992,14665,10000008.4059603,249999989
1791383986.246,14666,10000008.3940403,249999990
1791383986.496,14667,10000008.4000003,249999990
1791383986.742,14668,10000008.3952003,249999990
1791383987.000,14669,10000008.4048003,249999989
1791383987.314,14670,10000012.3924005,249999990
1791383987.493,14671,10000008.3999970,250000090
1791383987.742,14672,10000008.4000003,249999990
1791383987.993,14673,10000008.4000003,249999990
1791383988.243,14674,10000008.3758403,249999990
1791383988.497,14675,10000008.4200404,249999989
1791383988.742,14676,10000008.3928403,249999990
1791383988.992,14677,10000008.4000003,249999990
1791383989.246,14678,10000008.3932803,249999990
1791383989.496,14679,10000008.4098803,249999989
1791383989.763,14680,10000008.3901203,249999990
1791383989.993,14681,10000008.3999970,250000090
1791383990.243,14682,10000008.3862403,249999990
1791383990.494,14683,10000008.4137603,249999989
1791383990.743,14684,10000008.3302403,249999991
1791383990.993,14685,10000008.4560004,249999988
1791383991.244,14686,10000008.3855603,249999990
1791383991.504,14687,10000008.4093203,249999989
1791383991.746,14688,10000008.3491203,249999991
1791383991.994,14689,10000008.3551603,249999991
1791383992.247,14690,10000008.4698404,249999988
1791383992.494,14691,10000008.3840370,250000090
1791383992.744,14692,10000008.3714803,249999990
1791383992.994,14693,10000008.4000003,249999990
1791383993.244,14694,10000008.4051603,249999989
1791383993.495,14695,10000008.3819203,249999990
1791383993.746,14696,10000008.2604402,249999993
1791383993.998,14697,10000008.5270805,249999986
1791383994.245,14698,10000008.4034403,249999989
1791383994.496,14699,10000008.2564402,249999993
1791383994.746,14700,10000008.4000003,249999990
1791383994.996,14701,10000008.4000003,249999990
1791383995.253,14702,10000008.3972770,250000090
1791383995.497,14703,10000008.4064003,249999989
1791383995.747,14704,10000008.5489205,249999986
1791383995.996,14705,10000008.2312402,249999994
1791383996.246,14706,10000008.4292404,249999989
1791383996.498,14707,10000008.3788003,249999990
1791383996.747,14708,10000008.4000003,249999990
1791383997.012,14709,10000008.4031203,249999989
1791383997.246,14710,10000008.3930803,249999990
1791383997.497,14711,10000008.4038403,249999989
1791383997.758,14712,10000008.3839970,250000090
1791383998.044,14713,10000008.4160004,249999989
1791383998.262,14714,10000008.3460803,249999991
1791383998.499,14715,10000008.4210004,249999989
1791383998.755,14716,10000008.4169204,249999989
1791383999.000,14717,10000008.4040403,249999989
1791383999.247,14718,10000008.3724003,249999990
1791383999.497,14719,10000008.4357204,249999989
1791383999.747,14720,10000008.3794803,249999990
1791383999.997,14721,10000008.3848003,249999990
1791384000.250,14722,10000008.3999970,250000090
1791384000.497,14723,10000008.4066403,249999989
1791384000.748,14724,10000008.3671203,249999990
1791384000.998,14725,10000008.4061203,249999989
1791384001.251,14726,10000008.4000003,249999990
1791384001.501,14727,10000008.4000003,249999990
1791384001.748,14728,10000008.3885603,249999990
1791384002.000,14729,10000008.4382004,249999989
1791384002.249,14730,10000008.3570803,249999991
1791384002.500,14731,10000008.4100403,249999989
1791384002.749,14732,10000008.3899570,250000090
1791384002.999,14733,10000008.4000003,249999990
1791384003.252,14734,10000008.3900003,249999990
1791384003.500,14735,10000008.4100003,249999989
1791384003.750,14736,10000008.3900003,249999990
1791384004.004,14737,10000008.4000003,249999990
1791384004.250,14738,10000008.3943203,249999990
1791384004.500,14739,10000008.4000003,249999990
1791384004.750,14740,10000008.4000003,249999990
1791384005.000,14741,10000008.3944003,249999990
1791384005.253,14742,10000008.3959570,250000090
1791384005.506,14743,10000008.4040403,249999989
1791384005.750,14744,10000008.3916403,249999990
1791384006.001,14745,10000008.4000003,249999990
1791384006.255,14746,10000008.4043203,249999989
1791384006.506,14747,10000008.3897203,249999990
1791384006.752,14748,10000008.3965203,249999990
1791384007.001,14749,10000008.3917603,249999990
1791384007.255,14750,10000008.4041203,249999989
1791384007.510,14751,10000008.3958803,249999990
1791384009.137,14752,10000008.3999970,250000090
1791384009.184,14753,10000008.3860803,249999990
1791384009.184,14754,10000008.4139203,249999989
1791384009.232,14755,10000008.3352003,249999991
1791384009.232,14756,10000008.4394004,249999989
1791384009.276,14758,10000008.4093603,249999989
1791384009.505,14759,10000008.3700403,249999990
1791384009.753,14760,10000008.4394804,249999989
1791384010.005,14761,10000008.3568403,249999991
1791384010.252,14762,10000008.3733970,250000090
1791384010.504,14763,10000008.3771603,249999990
1791384010.753,14764,10000008.3987203,249999990
1791384011.003,14765,10000008.4098003,249999989
1791384011.255,14766,10000008.3851603,249999990
1791384011.502,14767,10000008.3923203,249999990
1791384011.757,14768,10000008.2491602,249999993
1791384012.007,14769,10000008.4212404,249999989
1791384012.252,14770,10000008.3814803,249999990
1791384012.523,14771,10000008.4082403,249999989
1791384012.752,14772,10000008.3836003,249999990
1791384013.025,14773,10000008.4163970,250000089
1791384013.256,14774,10000008.3890803,249999990
1791384013.503,14775,10000008.5508405,249999986
1791384013.754,14776,10000008.2398802,249999994
1791384014.007,14777,10000008.4120003,249999989
1791384014.252,14778,10000008.3918403,249999990
1791384014.503,14779,10000008.3920003,249999990
1791384014.754,14780,10000008.4134803,249999989
1791384015.005,14781,10000008.3945203,249999990
1791384015.255,14782,10000008.3840003,249999990
1791384015.505,14783,10000008.3966370,250000090
1791384015.755,14784,10000008.4155204,249999989
1791384016.005,14785,10000008.3554003,249999991
1791384016.257,14786,10000008.4404404,249999988
1791384016.503,14787,10000008.3960803,249999990
1791384016.754,14788,10000008.3959603,249999990
1791384017.009,14789,10000008.4000003,249999990
1791384017.254,14790,10000008.4121603,249999989
1791384017.504,14791,10000008.3794803,249999990
1791384017.755,14792,10000008.3914403,249999990
1791384018.006,14793,10000008.3999970,250000090
1791384018.256,14794,10000008.4000003,249999990
1791384018.507,14795,10000008.3671203,249999990
1791384018.759,14796,10000008.4262404,249999989
1791384019.012,14797,10000008.3856403,249999990
1791384019.258,14798,10000008.4054803,249999989
1791384019.512,14799,10000008.3945203,249999990
1791384019.759,14800,10000008.4295604,249999989
1791384020.009,14801,10000008.3646803,249999990
1791384020.258,14802,10000008.4057603,249999989
1791384020.508,14803,10000008.3942370,250000090
1791384020.759,14804,10000008.4000003,249999990
1791384021.013,14805,10000008.3885603,249999990
1791384021.258,14806,10000008.4053203,249999989
1791384021.510,14807,10000008.4000003,249999990
1791384021.758,14808,10000008.4061203,249999989
1791384022.013,14809,10000008.3885603,249999990
1791384022.259,14810,10000008.4172004,249999989
1791384022.512,14811,10000008.3780803,249999990
1791384022.761,14812,10000008.4000003,249999990
1791384023.008,14813,10000008.3999970,250000090
1791384023.260,14814,10000008.4047203,249999989
1791384023.526,14815,10000008.3910403,249999990
1791384023.761,14816,10000008.4042403,249999989
1791384024.013,14817,10000008.3957603,249999990
1791384024.263,14818,10000008.4042403,249999989
1791384024.509,14819,10000008.3900003,249999990
1791384024.762,14820,10000008.4147203,249999989
1791384025.018,14821,10000008.3852803,249999990
1791384025.263,14822,10000008.4057603,249999989
1791384025.510,14823,10000008.3942370,250000090
1791384025.760,14824,10000008.4000003,249999990
1791384026.014,14825,10000008.4000003,249999990
1791384026.262,14826,10000008.4057603,249999989
1791384026.511,14827,10000008.3942403,249999990
1791384026.761,14828,10000008.4057603,249999989
1791384027.013,14829,10000008.3885603,249999990
1791384027.261,14830,10000008.4114403,249999989
1791384027.516,14831,10000008.3942403,249999990
1791384027.763,14832,10000008.4100003,249999989
1791384028.013,14833,10000008.3899970,250000090
1791384028.262,14834,10000008.4000003,249999990
1791384028.512,14835,10000008.3959603,249999990
1791384028.770,14836,10000008.4040403,249999989
1791384029.015,14837,10000008.3921603,249999990
1791384029.267,14838,10000008.4078403,249999989
1791384029.512,14839,10000008.3943203,249999990
1791384029.825,14840,10000008.4056803,249999989
1791384030.016,14841,10000008.3943203,249999990
1791384030.315,14842,10000012.4056805,249999989
1791384030.513,14843,10000008.3943170,250000090
1791384030.763,14844,10000008.4056803,249999989
1791384031.014,14845,10000008.3943203,249999990
1791384031.263,14846,10000008.4056803,249999989
1791384031.517,14847,10000008.4000003,249999990
1791384031.764,14848,10000008.4000003,249999990
1791384032.014,14849,10000008.3921603,249999990
1791384032.266,14850,10000008.4078403,249999989
1791384032.514,14851,10000008.3886803,249999990
1791384032.764,14852,10000008.4113203,249999989
1791384033.015,14853,10000008.3999970,250000090
1791384033.265,14854,10000008.4000003,249999990
1791384033.516,14855,10000008.4000003,249999990
1791384033.765,14856,10000008.4000003,249999990
1791384034.053,14857,10000008.4000003,249999990
1791384034.266,14858,10000008.4000003,249999990
1791384034.516,14859,10000008.4000003,249999990
1791384034.766,14860,10000008.4100003,249999989
1791384035.019,14861,10000008.3843203,249999990
1791384035.266,14862,10000008.4056803,249999989
1791384035.519,14863,10000008.3999970,250000090
1791384035.766,14864,10000008.4100003,249999989
1791384036.018,14865,10000008.3900003,249999990
1791384036.267,14866,10000008.4100003,249999989
1791384036.517,14867,10000008.3900003,249999990
1791384036.771,14868,10000008.4100003,249999989
1791384037.017,14869,10000008.3900003,249999990
1791384037.268,14870,10000008.4147203,249999989
1791384037.517,14871,10000008.3852803,249999990
1791384037.769,14872,10000008.4100003,249999989
1791384038.018,14873,10000008.3957570,250000090
1791384038.267,14874,10000008.4089603,249999989
1791384038.517,14875,10000008.3910403,249999990
1791384038.767,14876,10000008.4042403,249999989
1791384039.019,14877,10000008.3957603,249999990
1791384039.271,14878,10000008.4042403,249999989
1791384039.517,14879,10000008.3957603,249999990
1791384039.767,14880,10000008.4261604,249999989
1791384040.024,14881,10000008.3780803,249999990
1791384040.267,14882,10000008.4047203,249999989
1791384040.517,14883,10000008.3952770,250000090
1791384040.767,14884,10000008.4100403,249999989
1791384041.022,14885,10000008.3899603,249999990
1791384041.273,14886,10000008.4100403,249999989
1791384041.517,14887,10000008.3946803,249999990
1791384041.767,14888,10000008.3952803,249999990
1791384042.017,14889,10000008.4000003,249999990
1791384042.269,14890,10000008.4219204,249999989
1791384042.518,14891,10000008.3828003,249999990
1791384042.767,14892,10000008.4053203,249999989
1791384043.017,14893,10000008.3857170,250000090
1791384043.267,14894,10000008.4142804,249999989
1791384043.518,14895,10000008.3946803,249999990
1791384043.769,14896,10000008.4053203,249999989
1791384044.019,14897,10000008.3946803,249999990
1791384044.278,14898,10000008.4114403,249999989
1791384044.535,14899,10000008.3885603,249999990
1791384044.771,14900,10000008.4315604,249999989
1791384045.020,14901,10000008.3684403,249999990
1791384045.270,14902,10000008.4114403,249999989
1791384045.522,14903,10000008.3938770,250000090
1791384045.771,14904,10000008.4061203,249999989
1791384046.021,14905,10000008.3838403,249999990
1791384046.271,14906,10000008.4161604,249999989
1791384046.521,14907,10000008.3838403,249999990
1791384046.781,14908,10000008.4161604,249999989
1791384047.035,14909,10000008.3938803,249999990
1791384047.272,14910,10000008.4262404,249999989
1791384047.526,14911,10000008.3737603,249999990
1791384047.772,14912,10000008.4061203,249999989
1791384048.023,14913,10000008.3838370,250000090
1791384048.273,14914,10000008.4161604,249999989
1791384048.522,14915,10000008.3838403,249999990
1791384048.772,14916,10000008.4100403,249999989
1791384049.023,14917,10000008.4118803,249999989
1791384049.275,14918,10000008.4000003,249999990
1791384049.523,14919,10000008.3780803,249999990
1791384049.773,14920,10000008.4429204,249999988
1791384050.028,14921,10000008.3671203,249999990
1791384050.276,14922,10000008.4061203,249999989
1791384050.535,14923,10000008.3938770,250000090
1791384050.774,14924,10000008.4000003,249999990
1791384051.024,14925,10000008.3899603,249999990
1791384051.276,14926,10000008.4100403,249999989
1791384051.528,14927,10000008.3946803,249999990
1791384051.778,14928,10000008.4053203,249999989
1791384052.029,14929,10000008.3857203,249999990
1791384052.277,14930,10000008.4316004,249999989
1791384052.527,14931,10000008.3773603,249999990
1791384052.779,14932,10000008.4053203,249999989
1791384053.030,14933,10000008.3946770,250000090
1791384053.277,14934,10000008.4114403,249999989
1791384053.528,14935,10000008.3796003,249999990
1791384053.780,14936,10000008.4142804,249999989
1791384054.033,14937,10000008.3899603,249999990
1791384054.278,14938,10000008.4047203,249999989
1791384054.528,14939,10000008.3952803,249999990
1791384054.778,14940,10000008.4274004,249999989
1791384055.031,14941,10000008.3684003,249999990
1791384055.278,14942,10000008.4042403,249999989
1791384055.529,14943,10000008.3999970,250000090
1791384055.779,14944,10000008.4047203,249999989
1791384056.030,14945,10000008.3910403,249999990
1791384056.279,14946,10000008.4042403,249999989
1791384056.529,14947,10000008.4000003,249999990
1791384056.779,14948,10000008.4000003,249999990
1791384057.029,14949,10000008.3900003,249999990
1791384057.279,14950,10000008.4100003,249999989
1791384057.531,14951,10000008.3900003,249999990
1791384057.780,14952,10000008.4000003,249999990
1791384058.031,14953,10000008.4057570,250000089
1791384058.284,14954,10000008.4000003,249999990
1791384058.534,14955,10000008.3942403,249999990
1791384058.779,14956,10000008.4000003,249999990
1791384059.030,14957,10000008.4000003,249999990
1791384059.296,14958,10000008.4000003,249999990
1791384059.531,14959,10000008.4000003,249999990
1791384059.781,14960,10000008.4000003,249999990
1791384060.032,14961,10000008.4000003,249999990
1791384060.284,14962,10000008.3943203,249999990
1791384060.531,14963,10000008.4056770,250000089
1791384060.781,14964,10000008.4000003,249999990
1791384061.032,14965,10000008.3943203,249999990
1791384061.282,14966,10000008.3944003,249999990
1791384061.537,14967,10000008.4000003,249999990
1791384061.781,14968,10000008.4000003,249999990
1791384062.033,14969,10000008.4000003,249999990
1791384062.282,14970,10000008.4000003,249999990
1791384062.532,14971,10000008.4000003,249999990
1791384062.783,14972,10000008.3959603,249999990
1791384063.032,14973,10000008.3999970,250000090
1791384063.282,14974,10000008.4000003,249999990
1791384063.532,14975,10000008.4040403,249999989
1791384063.782,14976,10000008.3916403,249999990
1791384064.032,14977,10000008.4000003,249999990
1791384064.285,14978,10000008.4000003,249999990
1791384064.537,14979,10000008.3940403,249999990
1791384064.785,14980,10000008.3924003,249999990
1791384065.036,14981,10000008.4135603,249999989
1791384065.284,14982,10000008.3940403,249999990
1791384065.486,14983,10000008.3999970,250000090
1791384065.736,14984,10000008.3924003,249999990
1791384065.991,14985,10000008.4041603,249999989
1791384066.239,14986,10000008.3778403,249999990
1791384066.488,14987,10000008.4111203,249999989
1791384066.740,14988,10000008.4028003,249999989
1791384066.988,14989,10000008.4000003,249999990
1791384067.237,14990,10000008.3860803,249999990
1791384067.487,14991,10000008.4139203,249999989
1791384067.737,14992,10000008.3928403,249999990
1791384067.988,14993,10000008.3871170,250000090
1791384068.241,14994,10000008.3923603,249999990
1791384068.588,14995,10000008.4076403,249999989
1791384068.738,14996,10000008.3363603,249999991
1791384068.989,14997,10000008.4453604,249999988
1791384069.238,14998,10000008.3962003,249999990
1791384069.488,14999,10000008.4000003,249999990
1791384069.739,15000,10000008.3674403,249999990
1791384069.993,15001,10000008.3461603,249999991
1791384070.292,15002,10000012.4189605,249999989
1791384070.494,15003,10000008.4312770,250000089
1791384070.741,15004,10000008.3622003,249999990
1791384070.991,15005,10000008.4032403,249999989
1791384071.238,15006,10000008.4148404,249999989
1791384071.490,15007,10000008.3729203,249999990
1791384071.740,15008,10000008.2646402,249999993
1791384071.994,15009,10000008.4000003,249999990
1791384072.239,15010,10000008.4048003,249999989
1791384072.489,15011,10000008.3906403,249999990
1791384072.740,15012,10000008.4000003,249999990
1791384072.991,15013,10000008.3936003,249999990
1791384073.244,15014,10000008.4063970,250000089
1791384073.490,15015,10000008.3936003,249999990
1791384073.744,15016,10000008.5508405,249999986
1791384073.991,15017,10000008.2468002,249999993
1791384074.243,15018,10000008.3930803,249999990
1791384074.496,15019,10000008.4038403,249999989
1791384074.742,15020,10000008.3920003,249999990
1791384074.990,15021,10000008.4162004,249999989
1791384075.243,15022,10000008.3918403,249999990
1791384075.494,15023,10000008.4000003,249999990
1791384075.741,15024,10000008.3961570,250000090
1791384075.991,15025,10000008.3958403,249999990
1791384076.242,15026,10000008.3636003,249999990
1791384076.491,15027,10000008.4324804,249999989
1791384076.741,15028,10000008.4039203,249999989
1791384076.992,15029,10000008.3920003,249999990
1791384077.242,15030,10000008.4000003,249999990
1791384077.492,15031,10000008.4160004,249999989
1791384077.742,15032,10000008.3920003,249999990
1791384077.992,15033,10000008.3886403,249999990
1791384078.244,15034,10000008.3901570,250000090
1791384078.493,15035,10000008.4212004,249999989
1791384078.743,15036,10000008.3483203,249999991
1791384078.998,15037,10000008.4353204,249999989
1791384079.244,15038,10000008.4000003,249999990
1791384079.494,15039,10000008.4050003,249999989
1791384079.744,15040,10000008.3798003,249999990
1791384079.994,15041,10000008.4315604,249999989
1791384080.243,15042,10000008.3920003,249999990
1791384080.494,15043,10000008.3916403,249999990
1791384080.746,15044,10000008.4049970,250000089
1791384080.996,15045,10000008.3950003,249999990
1791384081.244,15046,10000008.3646803,249999990
1791384081.498,15047,10000008.4267604,249999989
1791384081.747,15048,10000008.4169204,249999989
1791384081.999,15049,10000008.3916403,249999990
1791384082.244,15050,10000008.3759203,249999990
1791384082.495,15051,10000008.4404404,249999988
1791384082.745,15052,10000008.3836403,249999990
1791384082.995,15053,10000008.4000003,249999990
1791384083.245,15054,10000008.3951570,250000090
1791384083.495,15055,10000008.4132003,249999989
1791384083.752,15056,10000008.3563203,249999991
1791384084.002,15057,10000008.4267604,249999989
1791384084.246,15058,10000008.4085603,249999989
1791384084.498,15059,10000008.3914403,249999990
1791384084.746,15060,10000008.4085603,249999989
1791384084.998,15061,10000008.4163604,249999989
1791384085.247,15062,10000008.3684403,249999990
1791384085.501,15063,10000008.4152003,249999989
1791384085.751,15064,10000008.3847970,250000090
1791384085.997,15065,10000008.4235604,249999989
1791384086.247,15066,10000008.3563203,249999991
1791384086.497,15067,10000008.4353204,249999989
1791384086.746,15068,10000008.3951603,249999990
1791384087.254,15069,10000008.4212004,249999989
1791384087.345,15070,10000008.3750803,249999990
1791384087.511,15071,10000008.4249204,249999989
1791384087.748,15072,10000008.3836403,249999990
1791384087.999,15073,10000008.4000003,249999990
1791384088.249,15074,10000008.3999970,250000090
1791384088.499,15075,10000008.4124403,249999989
1791384088.749,15076,10000008.3522803,249999991
1791384088.999,15077,10000008.4353204,249999989
1791384089.249,15078,10000008.4000003,249999990
1791384089.499,15079,10000008.4124403,249999989
1791384091.177,15080,10000008.3959603,249999990
1791384091.177,15081,10000008.4121603,249999989
1791384091.177,15082,10000008.3918803,249999990
1791384091.229,15083,10000008.4039203,249999989
1791384091.229,15084,10000008.3836370,250000090
1791384091.275,15086,10000008.3541203,249999991
1791384091.501,15087,10000008.4379204,249999989
1791384091.752,15088,10000008.3916403,249999990
1791384092.002,15089,10000008.4083603,249999989
1791384092.252,15090,10000008.4000003,249999990
1791384092.503,15091,10000008.4160004,249999989
1791384092.754,15092,10000008.3920003,249999990
1791384093.002,15093,10000008.3886403,249999990
1791384093.252,15094,10000008.4113570,250000089
1791384093.504,15095,10000008.4041603,249999989
1791384093.756,15096,10000008.3958403,249999990
1791384094.002,15097,10000008.4000003,249999990
1791384094.252,15098,10000008.4041603,249999989
1791384094.503,15099,10000008.4000003,249999990
1791384094.752,15100,10000008.3958403,249999990
1791384095.006,15101,10000008.4162004,249999989
1791384095.253,15102,10000008.3972803,249999990
1791384095.503,15103,10000008.3865203,249999990
1791384095.754,15104,10000008.3960770,250000090
1791384096.003,15105,10000008.4119203,249999989
1791384096.253,15106,10000008.3840003,249999990
1791384096.504,15107,10000008.4080003,249999989
1791384096.756,15108,10000008.3960803,249999990
1791384097.004,15109,10000008.4119203,249999989
1791384097.255,15110,10000008.3880803,249999990
1791384097.503,15111,10000008.4201204,249999989
1791384097.756,15112,10000008.3918403,249999990
1791384098.022,15113,10000008.4031203,249999989
1791384098.255,15114,10000008.3968770,250000090
1791384098.505,15115,10000008.4031203,249999989
1791384098.755,15116,10000008.5486405,249999986
1791384099.006,15117,10000008.2537202,249999993
1791384099.256,15118,10000008.3906803,249999990
1791384099.506,15119,10000008.4093203,249999989
1791384099.757,15120,10000008.4064003,249999989
1791384100.006,15121,10000008.3963203,249999990
1791384100.256,15122,10000008.3972803,249999990
1791384100.511,15123,10000008.3976403,249999990
1791384100.756,15124,10000008.4050770,250000089
1791384101.006,15125,10000008.3949203,249999990
1791384101.257,15126,10000008.5576805,249999986
1791384101.508,15127,10000008.2423202,249999993
1791384101.760,15128,10000008.4023603,249999989
1791384102.009,15129,10000008.3976403,249999990
1791384102.259,15130,10000008.4181204,249999989
1791384102.507,15131,10000008.3869603,249999990
1791384102.762,15132,10000008.4082403,249999989
1791384103.008,15133,10000008.3890803,249999990
1791384103.268,15134,10000008.4027170,250000089
1791384103.509,15135,10000008.4000003,249999990
1791384103.758,15136,10000008.5526005,249999986
1791384104.009,15137,10000008.2392402,249999994
1791384104.279,15138,10000008.4164004,249999989
1791384104.512,15139,10000008.3890803,249999990
1791384104.760,15140,10000008.4157604,249999989
1791384105.009,15141,10000008.3842403,249999990
1791384105.262,15142,10000008.4157604,249999989
1791384105.510,15143,10000008.3869603,249999990
1791384105.762,15144,10000008.4036770,250000089
1791384106.024,15145,10000008.3912403,249999990
1791384106.259,15146,10000008.5608805,249999985
1791384106.512,15147,10000008.2442002,249999993
1791384106.762,15148,10000008.4130403,249999989
1791384107.011,15149,10000008.3842403,249999990
1791384107.259,15150,10000008.4064003,249999989
1791384107.510,15151,10000008.3963203,249999990
1791384107.760,15152,10000008.4036803,249999989
1791384108.010,15153,10000008.4000003,249999990
1791384108.263,15154,10000008.3881170,250000090
1791384108.510,15155,10000008.4000003,249999990
1791384108.764,15156,10000008.5607605,249999985
1791384109.028,15157,10000008.2474002,249999993
1791384109.488,15158,10000008.3972803,249999990
1791384109.586,15159,10000008.4109203,249999989
1791384109.764,15160,10000008.3954403,249999990
1791384110.113,15161,10000008.3936003,249999990
1791384110.260,15162,10000008.4064003,249999989
1791384110.529,15163,10000008.3881203,249999990
1791384110.858,15164,10000008.4163970,250000089
1791384111.012,15165,10000008.3866803,249999990
1791384111.285,15166,10000008.5532005,249999986
1791384111.552,15167,10000008.2398802,249999994
1791384111.761,15168,10000008.4038403,249999989
1791384112.012,15169,10000008.4000003,249999990
1791384112.273,15170,10000008.4054803,249999989
1791384112.519,15171,10000008.4027203,249999989
1791384112.780,15172,10000008.3918403,249999990
1791384113.055,15173,10000008.3961603,249999990
1791384113.284,15174,10000008.4038370,250000089
1791384113.512,15175,10000008.4000003,249999990
1791384113.764,15176,10000008.3756403,249999990
1791384114.014,15177,10000008.4243604,249999989
1791384114.264,15178,10000008.4000003,249999990
1791384114.514,15179,10000008.4000003,249999990
1791384114.765,15180,10000008.3920003,249999990
1791384115.011,15181,10000008.4162004,249999989
1791384115.262,15182,10000008.3880003,249999990
1791384115.514,15183,10000008.4038403,249999989
1791384115.761,15184,10000008.3919970,250000090
1791384116.011,15185,10000008.4080003,249999989
1791384116.262,15186,10000008.3515603,249999991
1791384116.512,15187,10000008.4404404,249999988
1791384116.764,15188,10000008.4041603,249999989
1791384117.028,15189,10000008.3958403,249999990
1791384117.269,15190,10000008.4000003,249999990
1791384117.514,15191,10000008.4134803,249999989
1791384117.766,15192,10000008.3865203,249999990
1791384118.016,15193,10000008.4000003,249999990
1791384118.265,15194,10000008.3886370,250000090
1791384118.517,15195,10000008.4193604,249999989
1791384118.769,15196,10000008.3460803,249999991
1791384119.013,15197,10000008.4379204,249999989
1791384119.270,15198,10000008.4080003,249999989
1791384119.562,15199,10000008.4000003,249999990
1791384119.762,15200,10000008.3920003,249999990
1791384120.012,15201,10000008.4121603,249999989
1791384120.265,15202,10000008.3878403,249999990
1791384120.513,15203,10000008.3916403,249999990
1791384120.766,15204,10000008.3914370,250000090
1791384121.012,15205,10000008.4169204,249999989
1791384121.262,15206,10000008.3563203,249999991
1791384121.515,15207,10000008.4403204,249999988
1791384121.766,15208,10000008.3950003,249999990
1791384122.013,15209,10000008.4000003,249999990
1791384122.265,15210,10000008.3951603,249999990
1791384122.512,15211,10000008.4212004,249999989
1791384122.763,15212,10000008.3636003,249999990
1791384123.012,15213,10000008.4200404,249999989
1791384123.262,15214,10000008.3914370,250000090
1791384123.512,15215,10000008.4169204,249999989
1791384123.767,15216,10000008.3563203,249999991
1791384124.013,15217,10000008.4353204,249999989
1791384124.267,15218,10000008.3914403,249999990
1791384124.515,15219,10000008.4085603,249999989
1791384124.764,15220,10000008.3759203,249999990
1791384125.015,15221,10000008.4484404,249999988
1791384125.274,15222,10000008.3670803,249999990
1791384125.517,15223,10000008.4000003,249999990
1791384125.764,15224,10000008.4037170,250000089
1791384126.021,15225,10000008.4048403,249999989
1791384126.265,15226,10000008.3646803,249999990
1791384126.516,15227,10000008.4353204,249999989
1791384126.766,15228,10000008.4050003,249999989
1791384127.015,15229,10000008.4033603,249999989
1791384127.274,15230,10000008.3764403,249999990
1791384127.578,15231,10000008.4395604,249999989
1791384127.765,15232,10000008.3756403,249999990
1791384128.014,15233,10000008.4050003,249999989
1791384128.264,15234,10000008.4033570,250000089
1791384128.515,15235,10000008.4080003,249999989
1791384128.765,15236,10000008.3541203,249999991
1791384129.015,15237,10000008.4379204,249999989
1791384129.265,15238,10000008.4080003,249999989
1791384129.517,15239,10000008.4000003,249999990
1791384129.769,15240,10000008.3960803,249999990
1791384130.016,15241,10000008.4150404,249999989
1791384130.266,15242,10000008.3888803,249999990
1791384130.516,15243,10000008.4000003,249999990
1791384130.766,15244,10000008.3999970,250000090
1791384131.016,15245,10000008.4111203,249999989
1791384131.267,15246,10000008.3888803,249999990
1791384131.519,15247,10000008.4000003,249999990
1791384131.771,15248,10000008.4162004,249999989
1791384132.017,15249,10000008.3880003,249999990
1791384132.266,15250,10000008.4202404,249999989
1791384132.520,15251,10000008.3954403,249999990
1791384132.770,15252,10000008.4000003,249999990
1791384133.017,15253,10000008.3936003,249999990
1791384133.270,15254,10000008.4063970,250000089
1791384133.519,15255,10000008.3963203,249999990
1791384133.771,15256,10000008.5654805,249999985
1791384134.037,15257,10000008.2318002,249999994
1791384134.267,15258,10000008.5462805,249999986
1791384134.520,15259,10000008.4218804,249999989
1791384134.770,15260,10000008.3936403,249999990
1791384135.019,15261,10000008.3810403,249999990
1791384135.267,15262,10000008.4305204,249999989
1791384135.518,15263,10000008.4284770,250000089
1791384135.773,15264,10000008.3948803,249999990
1791384136.020,15265,10000008.4363204,249999989
1791384136.354,15266,10000008.3688003,249999990
1791384137.698,15267,10000008.4441604,249999988
1791384137.698,15268,10000008.4114803,249999989
1791384137.698,15269,10000008.4067203,249999989
1791384137.753,15270,10000008.3871203,249999990
1791384137.753,15271,10000008.4128803,249999989
1791384137.802,15272,10000008.4044003,249999989
1791384138.022,15273,10000008.3955970,250000090
1791384138.270,15274,10000008.4071603,249999989
1791384138.520,15275,10000008.4082403,249999989
1791384138.770,15276,10000008.3917603,249999990
1791384139.023,15277,10000008.4041203,249999989
1791384139.272,15278,10000008.4135603,249999989
1791384139.521,15279,10000008.3940403,249999990
1791384139.771,15280,10000008.4000003,249999990
1791384140.021,15281,10000008.4059603,249999989
1791384140.276,15282,10000008.4000003,249999990
1791384140.525,15283,10000008.3999970,250000090
1791384140.774,15284,10000008.4083603,249999989
1791384141.021,15285,10000008.4000003,249999990
1791384141.273,15286,10000008.4000003,249999990
1791384141.525,15287,10000008.3959603,249999990
1791384141.771,15288,10000008.4040403,249999989
1791384142.022,15289,10000008.3959603,249999990
1791384142.276,15290,10000008.4153604,249999989
1791384142.526,15291,10000008.3886803,249999990
1791384142.774,15292,10000008.4056003,249999989
1791384143.021,15293,10000008.3943970,250000090
1791384143.276,15294,10000008.4113203,249999989
1791384143.525,15295,10000008.3943203,249999990
1791384143.773,15296,10000008.4056803,249999989
1791384144.025,15297,10000008.4000003,249999990
1791384144.278,15298,10000008.4000003,249999990
1791384144.527,15299,10000008.4100003,249999989
1791384144.777,15300,10000008.3957603,249999990
1791384145.025,15301,10000008.4000003,249999990
1791384145.274,15302,10000008.3942403,249999990
1791384145.526,15303,10000008.3999970,250000090
1791384145.774,15304,10000008.4100003,249999989
1791384146.028,15305,10000008.3900003,249999990
1791384146.277,15306,10000008.4057603,249999989
1791384146.528,15307,10000008.4000003,249999990
1791384146.776,15308,10000008.4042403,249999989
1791384147.027,15309,10000008.3957603,249999990
1791384147.276,15310,10000008.4261604,249999989
1791384147.526,15311,10000008.3738403,249999990
1791384147.776,15312,10000008.4089603,249999989
1791384148.024,15313,10000008.3999970,250000090
1791384148.283,15314,10000008.4053203,249999989
1791384148.525,15315,10000008.3899603,249999990
1791384148.775,15316,10000008.4161604,249999989
1791384149.029,15317,10000008.3938803,249999990
1791384149.276,15318,10000008.3946803,249999990
1791384149.525,15319,10000008.4053203,249999989
1791384149.779,15320,10000008.4365604,249999989
1791384150.027,15321,10000008.3634403,249999990
1791384150.279,15322,10000008.4118803,249999989
1791384150.527,15323,10000008.3881170,250000090
1791384150.777,15324,10000008.4262404,249999989
1791384151.028,15325,10000008.3684403,249999990
1791384151.279,15326,10000008.4226404,249999989
1791384151.559,15327,10000008.4000003,249999990
1791384151.776,15328,10000008.4088803,249999989
1791384152.041,15329,10000008.3856403,249999990
1791384152.277,15330,10000008.4419604,249999988
1791384152.527,15331,10000008.3790403,249999990
1791384152.809,15332,10000008.4085603,249999989
1791384153.030,15333,10000008.3914370,250000090
1791384153.280,15334,10000008.4209604,249999989
1791384153.529,15335,10000008.3522803,249999991
1791384153.777,15336,10000008.4477204,249999988
1791384154.028,15337,10000008.3959603,249999990
1791384154.277,15338,10000008.4000003,249999990
1791384154.558,15339,10000008.4040403,249999989
1791384154.776,15340,10000008.4119203,249999989
1791384155.030,15341,10000008.3961603,249999990
1791384155.284,15342,10000008.3958403,249999990
1791384155.531,15343,10000008.4041570,250000089
1791384155.781,15344,10000008.3958403,249999990
1791384156.030,15345,10000008.5597605,249999986
1791384156.281,15346,10000008.2402402,249999993
1791384156.532,15347,10000008.4111203,249999989
1791384156.784,15348,10000008.4000003,249999990
1791384157.033,15349,10000008.4087603,249999989
1791384157.283,15350,10000008.3936003,249999990
1791384157.546,15351,10000008.4064003,249999989
1791384159.207,15352,10000008.3936003,249999990
1791384159.207,15353,10000008.4027170,250000089
1791384159.207,15354,10000008.4036803,249999989
1791384159.263,15355,10000008.5584405,249999986
1791384159.263,15356,10000008.3780003,249999990
1791384159.316,15358,10000008.4096803,249999989
1791384159.485,15359,10000008.3826403,249999990
1791384159.736,15360,10000008.3920003,249999990
1791384159.983,15361,10000008.4305204,249999989
1791384160.238,15362,10000008.4143170,250000089
1791384160.484,15363,10000008.3856803,249999990
1791384160.735,15364,10000008.4558804,249999988
1791384160.985,15365,10000008.3534003,249999991
1791384161.233,15366,10000008.4504004,249999988
1791384161.483,15367,10000008.3849203,249999990
1791384161.737,15368,10000008.4257204,249999989
1791384161.985,15369,10000008.3742803,249999990
1791384162.234,15370,10000008.3248803,249999991
1791384162.483,15371,10000008.5084804,249999987
1791384162.738,15372,10000008.3999970,250000090
1791384162.986,15373,10000008.4061203,249999989
1791384163.234,15374,10000008.4067203,249999989
1791384163.484,15375,10000008.3289203,249999991
1791384163.738,15376,10000008.4710804,249999988
1791384163.984,15377,10000008.4000003,249999990
1791384164.234,15378,10000008.3932803,249999990
1791384164.486,15379,10000008.4000003,249999990
1791384164.734,15380,10000008.4139203,249999989
1791384164.984,15381,10000008.3928403,249999990
1791384165.235,15382,10000008.4071570,250000089
1791384165.487,15383,10000008.3972003,249999990
1791384165.736,15384,10000008.4068803,249999989
1791384165.987,15385,10000008.3724803,249999990
1791384166.234,15386,10000008.4194004,249999989
1791384166.484,15387,10000008.4040403,249999989
1791384166.734,15388,10000008.4041203,249999989
1791384166.987,15389,10000008.3931203,249999990
1791384167.238,15390,10000008.4097203,249999989
1791384167.485,15391,10000008.3971603,249999990
1791384167.735,15392,10000008.3999970,250000090
1791384167.987,15393,10000008.3958803,249999990
1791384168.235,15394,10000008.4041203,249999989
1791384168.486,15395,10000008.3682003,249999990
1791384168.736,15396,10000008.4276804,249999989
1791384168.985,15397,10000008.4041203,249999989
1791384169.236,15398,10000008.3958803,249999990
1791384169.488,15399,10000008.3860803,249999990
1791384169.736,15400,10000008.4180004,249999989
1791384169.987,15401,10000008.4000003,249999990
1791384170.240,15402,10000008.3958770,250000090
1791384170.490,15403,10000008.4000003,249999990
1791384170.741,15404,10000008.4041203,249999989
1791384170.991,15405,10000008.3820003,249999990
1791384171.237,15406,10000008.4067203,249999989
1791384171.488,15407,10000008.4031203,249999989
1791384171.741,15408,10000008.3968803,249999990
1791384171.989,15409,10000008.4000003,249999990
1791384172.238,15410,10000008.4112803,249999989
1791384172.488,15411,10000008.3918403,249999990
1791384172.741,15412,10000008.4040370,250000089
1791384172.989,15413,10000008.3860803,249999990
1791384173.239,15414,10000008.4139203,249999989
1791384173.491,15415,10000008.3723203,249999990
1791384173.742,15416,10000008.4205204,249999989
1791384173.990,15417,10000008.4000003,249999990
1791384174.238,15418,10000008.4000003,249999990
1791384174.490,15419,10000008.3871203,249999990
1791384174.739,15420,10000008.4172804,249999989
1791384174.990,15421,10000008.3956003,249999990
1791384175.239,15422,10000008.3932770,250000090
1791384175.490,15423,10000008.3904803,249999990
1791384175.744,15424,10000008.4162404,249999989
1791384177.214,15425,10000008.3376403,249999991
1791384177.214,15426,10000008.4556004,249999988
1791384177.214,15427,10000008.4000003,249999990
1791384177.259,15428,10000008.4000003,249999990
1791384177.259,15429,10000008.3904803,249999990
1791384177.490,15431,10000008.3871203,249999990
1791384177.739,15432,10000008.3965970,250000090
1791384177.990,15433,10000008.3957603,249999990
1791384178.239,15434,10000008.4076403,249999989
1791384178.490,15435,10000008.3363603,249999991
1791384178.742,15436,10000008.4560004,249999988
1791384178.992,15437,10000008.3893603,249999990
1791384179.242,15438,10000008.4106403,249999989
1791384179.493,15439,10000008.3788403,249999990
1791384179.743,15440,10000008.4288004,249999989
1791384179.993,15441,10000008.3923603,249999990
1791384180.242,15442,10000008.3855570,250000090
1791384180.493,15443,10000008.3638803,249999990
1791384180.742,15444,10000008.4454404,249999988
1791384180.993,15445,10000008.3491203,249999991
1791384181.242,15446,10000008.4302804,249999989
1791384181.493,15447,10000008.3886003,249999990
1791384181.743,15448,10000008.4036403,249999989
1791384181.992,15449,10000008.4157604,249999989
1791384182.243,15450,10000008.3168803,249999992
1791384182.496,15451,10000008.4448404,249999988
1791384182.744,15452,10000008.3999970,250000090
1791384182.993,15453,10000008.3805203,249999990
1791384183.244,15454,10000008.4194804,249999989
1791384183.496,15455,10000008.3856803,249999990
1791384183.746,15456,10000008.3948403,249999990
1791384183.995,15457,10000008.3966403,249999990
1791384184.247,15458,10000008.4033603,249999989
1791384184.497,15459,10000008.3826403,249999990
1791384184.745,15460,10000008.3920003,249999990
1791384184.996,15461,10000008.2635602,249999993
1791384185.244,15462,10000008.5444370,250000086
1791384185.497,15463,10000008.4000003,249999990
1791384185.746,15464,10000008.3920003,249999990
1791384185.995,15465,10000008.4253604,249999989
1791384186.245,15466,10000008.2345202,249999994
1791384186.497,15467,10000008.4082403,249999989
1791384186.749,15468,10000008.3917603,249999990
1791384186.996,15469,10000008.4036803,249999989
1791384187.249,15470,10000008.4000003,249999990
1791384187.496,15471,10000008.4000003,249999990
1791384187.752,15472,10000008.3881203,249999990
1791384188.001,15473,10000008.4081570,250000089
1791384188.246,15474,10000008.3918403,249999990
1791384188.498,15475,10000008.5562805,249999986
1791384188.747,15476,10000008.2398802,249999994
1791384188.997,15477,10000008.4038403,249999989
1791384189.259,15478,10000008.4000003,249999990
1791384189.495,15479,10000008.4000003,249999990
1791384189.746,15480,10000008.4118803,249999989
1791384189.996,15481,10000008.3881203,249999990
1791384190.247,15482,10000008.3756403,249999990
1791384190.497,15483,10000008.4205170,250000089
1791384190.745,15484,10000008.4038403,249999989
1791384190.997,15485,10000008.3515603,249999991
1791384191.248,15486,10000008.4404404,249999988
1791384191.501,15487,10000008.4080003,249999989
1791384191.747,15488,10000008.4000003,249999990
1791384191.999,15489,10000008.3961603,249999990
1791384192.248,15490,10000008.4038403,249999989
1791384192.500,15491,10000008.3880803,249999990
1791384192.747,15492,10000008.4039203,249999989
1791384192.997,15493,10000008.3836370,250000090
1791384193.250,15494,10000008.4124403,249999989
1791384193.500,15495,10000008.3635203,249999990
1791384193.749,15496,10000008.4290804,249999989
1791384193.997,15497,10000008.3950003,249999990
1791384194.247,15498,10000008.4000003,249999990
1791384194.500,15499,10000008.3914403,249999990
1791384194.751,15500,10000008.4290804,249999989
1791384194.999,15501,10000008.3554003,249999991
1791384195.250,15502,10000008.4240804,249999989
1791384195.500,15503,10000008.3999970,250000090
1791384195.751,15504,10000008.4000003,249999990
1791384196.011,15505,10000008.3586003,249999991
1791384196.251,15506,10000008.4262404,249999989
1791384196.502,15507,10000008.3951603,249999990
1791384196.751,15508,10000008.4048403,249999989
1791384197.000,15509,10000008.3798803,249999990
1791384197.254,15510,10000008.4436804,249999988
1791384197.503,15511,10000008.3620803,249999990
1791384197.753,15512,10000008.4054803,249999989
1791384197.999,15513,10000008.3826770,250000090
1791384198.252,15514,10000008.4213604,249999989
1791384198.522,15515,10000008.3733203,249999990
1791384198.753,15516,10000008.4172004,249999989
1791384199.001,15517,10000008.3881203,249999990
1791384199.255,15518,10000008.4173204,249999989
1791384199.502,15519,10000008.3826803,249999990
1791384199.751,15520,10000008.4328804,249999989
1791384200.001,15521,10000008.3618003,249999990
1791384200.262,15522,10000008.4053203,249999989
1791384200.502,15523,10000008.3899570,250000090
1791384200.754,15524,10000008.4161604,249999989
1791384201.002,15525,10000008.3796003,249999990
1791384201.254,15526,10000008.4142804,249999989
1791384201.504,15527,10000008.3857203,249999990
1791384201.752,15528,10000008.4089603,249999989
1791384202.005,15529,10000008.3952803,249999990
1791384202.251,15530,10000008.4161604,249999989
1791384202.502,15531,10000008.3796003,249999990
1791384202.755,15532,10000008.4042403,249999989
1791384203.005,15533,10000008.3957570,250000090
1791384203.264,15534,10000008.4089603,249999989
1791384203.519,15535,10000008.3852803,249999990
1791384203.757,15536,10000008.4057603,249999989
1791384204.006,15537,10000008.3942403,249999990
1791384204.253,15538,10000008.4057603,249999989
1791384204.504,15539,10000008.3942403,249999990
1791384204.754,15540,10000008.4100003,249999989
1791384205.004,15541,10000008.3843203,249999990
1791384205.258,15542,10000008.4056803,249999989
1791384205.507,15543,10000008.3999970,250000090
1791384205.762,15544,10000008.4000003,249999990
1791384206.007,15545,10000008.3943203,249999990
1791384206.254,15546,10000008.4056803,249999989
1791384206.507,15547,10000008.3943203,249999990
1791384206.757,15548,10000008.4056803,249999989
1791384207.006,15549,10000008.3921603,249999990
1791384207.254,15550,10000008.4225604,249999989
1791384207.503,15551,10000008.3796003,249999990
1791384207.755,15552,10000008.4000003,249999990
1791384208.004,15553,10000008.3999970,250000090
1791384208.259,15554,10000008.4000003,249999990
1791384208.507,15555,10000008.4000003,249999990
1791384208.758,15556,10000008.3944003,249999990
1791384209.006,15557,10000008.4000003,249999990
1791384209.256,15558,10000008.4000003,249999990
1791384209.511,15559,10000008.4000003,249999990
1791384209.765,15560,10000008.4034803,249999989
1791384210.006,15561,10000008.3965203,249999990
1791384210.258,15562,10000008.4000003,249999990
1791384210.510,15563,10000008.3959570,250000090
1791384210.759,15564,10000008.4040403,249999989
1791384211.010,15565,10000008.3916403,249999990
1791384211.261,15566,10000008.4043203,249999989
1791384211.508,15567,10000008.3956803,249999990
1791384211.758,15568,10000008.4083603,249999989
1791384212.007,15569,10000008.3916403,249999990
1791384212.258,15570,10000008.4000003,249999990
1791384212.507,15571,10000008.3940403,249999990
1791384212.757,15572,10000008.4143203,249999989
1791384213.007,15573,10000008.3916370,250000090
1791384213.259,15574,10000008.3905603,249999990
1791384213.511,15575,10000008.4034803,249999989
1791384213.760,15576,10000008.3952003,249999990
1791384214.007,15577,10000008.4000003,249999990
1791384214.262,15578,10000008.4048003,249999989
1791384214.508,15579,10000008.3924003,249999990
1791384214.759,15580,10000008.3958803,249999990
1791384215.009,15581,10000008.4069203,249999989
1791384215.262,15582,10000008.3971603,249999990
1791384215.512,15583,10000008.3999970,250000090
1791384215.759,15584,10000008.3958803,249999990
1791384216.008,15585,10000008.4000003,249999990
1791384216.259,15586,10000008.3672003,249999990
1791384216.512,15587,10000008.4256404,249999989
1791384216.760,15588,10000008.4000003,249999990
1791384217.009,15589,10000008.4000003,249999990
1791384217.259,15590,10000008.3932803,249999990
1791384217.509,15591,10000008.4098803,249999989
1791384217.760,15592,10000008.3901203,249999990
1791384218.009,15593,10000008.3938770,250000090
1791384218.260,15594,10000008.3923603,249999990
1791384218.511,15595,10000008.4137603,249999989
1791384218.760,15596,10000008.3302403,249999991
1791384219.010,15597,10000008.4508804,249999988
1791384219.266,15598,10000008.3874003,249999990
1791384219.512,15599,10000008.3920003,249999990
1791384219.762,15600,10000008.3608403,249999990
1791384220.009,15601,10000008.3640403,249999990
1791384220.261,15602,10000008.4305204,249999989
1791384220.511,15603,10000008.4054370,250000089
1791384220.768,15604,10000008.3797203,249999990
1791384221.012,15605,10000008.4148404,249999989
1791384221.263,15606,10000008.3948403,249999990
1791384221.513,15607,10000008.3903203,249999990
1791384221.764,15608,10000008.2572402,249999993
1791384222.011,15609,10000008.5270805,249999986
1791384222.264,15610,10000008.2729202,249999993
1791384222.512,15611,10000008.3906403,249999990
1791384222.763,15612,10000008.3963203,249999990
1791384223.014,15613,10000008.4036803,249999989
1791384223.260,15614,10000008.3963170,250000090
1791384223.513,15615,10000008.3972803,249999990
1791384223.764,15616,10000008.5508405,249999986
1791384224.012,15617,10000008.2437202,249999993
1791384224.261,15618,10000008.4054803,249999989
1791384224.514,15619,10000008.3865203,249999990
1791384224.760,15620,10000008.4080003,249999989
1791384225.012,15621,10000008.4054803,249999989
1791384225.264,15622,10000008.3945203,249999990
1791384225.514,15623,10000008.3920003,249999990
1791384225.762,15624,10000008.3960770,250000090
1791384226.012,15625,10000008.4081203,249999989
1791384226.264,15626,10000008.3794803,249999990
1791384226.511,15627,10000008.4124403,249999989
1791384226.761,15628,10000008.3875603,249999990
1791384227.011,15629,10000008.4163604,249999989
1791384227.261,15630,10000008.3836403,249999990
1791384227.513,15631,10000008.4124403,249999989
1791384227.765,15632,10000008.3875603,249999990
1791384228.017,15633,10000008.3914403,249999990
1791384228.266,15634,10000008.3933570,250000090
1791384229.737,15635,10000008.4066403,249999989
1791384229.737,15636,10000008.3732403,249999990
1791384229.737,15637,10000008.4112403,249999989
1791384229.789,15638,10000008.3945203,249999990
1791384229.789,15639,10000008.4143603,249999989
1791384230.013,15641,10000008.4414004,249999988
1791384230.263,15642,10000008.3646803,249999990
1791384230.515,15643,10000008.4057603,249999989
1791384230.765,15644,10000008.3881170,250000090
1791384231.015,15645,10000008.4118803,249999989
1791384231.265,15646,10000008.3780803,249999990
1791384231.518,15647,10000008.4100403,249999989
1791384231.767,15648,10000008.3946803,249999990
1791384232.014,15649,10000008.4114403,249999989
1791384232.267,15650,10000008.3838403,249999990
1791384232.518,15651,10000008.4100403,249999989
1791384232.765,15652,10000008.3899603,249999990
1791384233.015,15653,10000008.3957603,249999990
1791384233.270,15654,10000008.3999970,250000090
1791384233.520,15655,10000008.4000003,249999990
1791384233.768,15656,10000008.3942403,249999990
1791384234.017,15657,10000008.4057603,249999989
1791384234.270,15658,10000008.3942403,249999990
1791384234.521,15659,10000008.4000003,249999990
1791384234.770,15660,10000008.3921603,249999990
1791384235.018,15661,10000008.4136003,249999989
1791384235.281,15662,10000008.3885603,249999990
1791384235.519,15663,10000008.4000003,249999990
1791384235.773,15664,10000008.3943970,250000090
1791384236.019,15665,10000008.4113203,249999989
1791384236.272,15666,10000008.3886803,249999990
1791384236.518,15667,10000008.4000003,249999990
1791384236.771,15668,10000008.4000003,249999990
1791384237.020,15669,10000008.4000003,249999990
1791384237.270,15670,10000008.4000003,249999990
1791384237.518,15671,10000008.3916403,249999990
1791384237.773,15672,10000008.4083603,249999989
1791384238.021,15673,10000008.3959603,249999990
1791384238.269,15674,10000008.3956770,250000090
1791384238.519,15675,10000008.4000003,249999990
1791384238.771,15676,10000008.4000003,249999990
1791384239.021,15677,10000008.3940403,249999990
1791384239.270,15678,10000008.4000003,249999990
1791384239.521,15679,10000008.4059603,249999989
1791384239.769,15680,10000008.3940403,249999990
1791384240.020,15681,10000008.4000003,249999990
1791384240.272,15682,10000008.4000003,249999990
1791384240.521,15683,10000008.4000003,249999990
1791384240.775,15684,10000008.3999970,250000090
1791384241.021,15685,10000008.3952003,249999990
1791384241.273,15686,10000008.4048003,249999989
1791384241.522,15687,10000008.3842403,249999990
1791384241.770,15688,10000008.4081603,249999989
1791384242.025,15689,10000008.4000003,249999990
1791384242.274,15690,10000008.4000003,249999990
1791384242.523,15691,10000008.3958803,249999990
1791384242.773,15692,10000008.4041203,249999989
1791384243.021,15693,10000008.4000003,249999990
1791384243.271,15694,10000008.3958770,250000090
1791384243.522,15695,10000008.4000003,249999990
1791384243.774,15696,10000008.4000003,249999990
1791384244.022,15697,10000008.3352003,249999991
1791384244.274,15698,10000008.4576004,249999988
1791384244.522,15699,10000008.3932803,249999990
1791384244.775,15700,10000008.4067203,249999989
1791384245.024,15701,10000008.3818003,249999990
1791384245.272,15702,10000008.4213204,249999989
1791384245.523,15703,10000008.3968803,249999990
1791384245.774,15704,10000008.3932770,250000090
1791384246.020,15705,10000008.3904803,249999990
1791384246.271,15706,10000008.4095203,249999989
1791384246.524,15707,10000008.3302403,249999991
1791384246.775,15708,10000008.4583204,249999988
1791384247.021,15709,10000008.3925603,249999990
1791384247.271,15710,10000008.4093603,249999989
1791384247.525,15711,10000008.3539203,249999991
1791384247.776,15712,10000008.3410003,249999991
1791384248.022,15713,10000008.4957204,249999987
1791384248.281,15714,10000008.3873970,250000090
1791384248.523,15715,10000008.3671603,249999990
1791384248.777,15716,10000008.4399204,249999989
1791384249.025,15717,10000008.3457603,249999991
1791384249.276,15718,10000008.4230404,249999989
1791384249.522,15719,10000008.3858403,249999990
1791384249.777,15720,10000008.4348804,249999989
1791384250.023,15721,10000008.3562803,249999991
1791384250.274,15722,10000008.3640403,249999990
1791384250.523,15723,10000008.4448404,249999988
1791384250.774,15724,10000008.3911170,250000090
1791384251.042,15725,10000008.4000003,249999990
1791384251.275,15726,10000008.4000003,249999990
1791384251.527,15727,10000008.4000003,249999990
1791384251.774,15728,10000008.3893603,249999990
1791384252.024,15729,10000008.4051603,249999989
1791384252.273,15730,10000008.4143203,249999989
1791384252.524,15731,10000008.3805203,249999990
1791384252.774,15732,10000008.3746403,249999990
1791384253.026,15733,10000008.4359604,249999989
1791384253.276,15734,10000008.3893570,250000090
1791384253.524,15735,10000008.3871203,249999990
1791384253.779,15736,10000008.4128803,249999989
1791384254.027,15737,10000008.4051603,249999989
1791384254.280,15738,10000008.3884403,249999990
1791384254.525,15739,10000008.3890003,249999990
1791384254.785,15740,10000008.3920003,249999990
1791384255.026,15741,10000008.4080003,249999989
1791384255.280,15742,10000008.2601202,249999993
1791384255.527,15743,10000008.3954403,249999990
1791384255.780,15744,10000008.5444370,250000086
1791384257.248,15745,10000008.4000003,249999990
1791384257.248,15746,10000008.4225204,249999989
1791384257.248,15747,10000008.3948403,249999990
1791384257.298,15748,10000008.3826403,249999990
1791384257.299,15749,10000008.3954403,249999990
1791384257.529,15751,10000008.4010403,249999989
1791384257.780,15752,10000008.2588002,249999993
1791384258.030,15753,10000008.4130403,249999989
1791384258.278,15754,10000008.5395570,250000086
1791384258.529,15755,10000008.3955203,249999990
1791384258.780,15756,10000008.2518802,249999993
1791384259.028,15757,10000008.5621205,249999985
1791384259.278,15758,10000008.3936803,249999990
1791384259.530,15759,10000008.3877603,249999990
1791384259.781,15760,10000008.4090003,249999989
1791384260.029,15761,10000008.3588403,249999991
1791384260.229,15762,10000008.2885602,249999992
1791384260.479,15763,10000008.5435605,249999986
1791384260.729,15764,10000008.4122370,250000089
1791384260.988,15765,10000008.3923203,249999990
1791384261.233,15766,10000008.3920003,249999990
1791384261.479,15767,10000008.4253604,249999989
1791384261.729,15768,10000008.3826403,249999990
1791384261.979,15769,10000008.2649202,249999993
1791384262.230,15770,10000008.5490805,249999986
1791384262.479,15771,10000008.3860003,249999990
1791384262.753,15772,10000008.2555602,249999993
1791384262.982,15773,10000008.5489205,249999986
1791384263.229,15774,10000008.4128770,250000089
1791384263.481,15775,10000008.3903203,249999990
1791384263.733,15776,10000008.4096803,249999989
1791384263.990,15777,10000008.4000003,249999990
1791384264.232,15778,10000008.3936403,249999990
1791384264.513,15779,10000008.4017603,249999989
1791384264.730,15780,10000008.4098003,249999989
1791384264.983,15781,10000008.3884403,249999990
1791384265.231,15782,10000008.3810403,249999990
1791384265.481,15783,10000008.4279204,249999989
1791384265.732,15784,10000008.4025970,250000089
1791384265.983,15785,10000008.4000003,249999990
1791384266.234,15786,10000008.4332004,249999989
1791384266.480,15787,10000008.3722403,249999990
1791384266.735,15788,10000008.4277604,249999989
1791384266.986,15789,10000008.4036403,249999989
1791384267.236,15790,10000008.3963603,249999990
1791384267.485,15791,10000008.3901203,249999990
1791384267.735,15792,10000008.3461603,249999991
1791384267.982,15793,10000008.5008404,249999987
1791384268.235,15794,10000008.3742770,250000090
1791384268.481,15795,10000008.4112803,249999989
1791384268.731,15796,10000008.4093203,249999989
1791384268.994,15797,10000008.3491203,249999991
1791384269.231,15798,10000008.4508804,249999988
1791384269.491,15799,10000008.4051203,249999989
1791384269.731,15800,10000008.4076403,249999989
1791384269.983,15801,10000008.3872403,249999990
1791384270.232,15802,10000008.3042803,249999992
1791384270.485,15803,10000008.5084804,249999987
1791384270.735,15804,10000008.3999970,250000090
1791384270.984,15805,10000008.4000003,249999990
1791384271.236,15806,10000008.4128803,249999989
1791384271.485,15807,10000008.3376403,249999991
1791384271.733,15808,10000008.4556004,249999988
1791384271.984,15809,10000008.4067203,249999989
1791384272.233,15810,10000008.3932803,249999990
1791384272.484,15811,10000008.4000003,249999990
1791384272.738,15812,10000008.4139203,249999989
1791384272.985,15813,10000008.4000003,249999990
1791384273.235,15814,10000008.3971970,250000090
1791384273.485,15815,10000008.4000003,249999990
1791384273.735,15816,10000008.4068803,249999989
1791384273.986,15817,10000008.3820003,249999990
1791384274.234,15818,10000008.4180004,249999989
1791384274.489,15819,10000008.4000003,249999990
1791384274.738,15820,10000008.4028403,249999989
1791384274.987,15821,10000008.3930803,249999990
1791384275.248,15822,10000008.4117203,249999989
1791384275.485,15823,10000008.3924003,249999990
1791384275.735,15824,10000008.4075970,250000089
1791384275.988,15825,10000008.4000003,249999990
1791384276.238,15826,10000008.4000003,249999990
1791384276.489,15827,10000008.4000003,249999990
1791384276.738,15828,10000008.4000003,249999990
1791384276.986,15829,10000008.4059603,249999989
1791384277.237,15830,10000008.3940403,249999990
1791384277.484,15831,10000008.4000003,249999990
1791384277.738,15832,10000008.4059603,249999989
1791384277.989,15833,10000008.3940403,249999990
1791384278.237,15834,10000008.4059570,250000089
1791384278.489,15835,10000008.3940403,249999990
1791384278.736,15836,10000008.4059603,249999989
1791384278.987,15837,10000008.3940403,249999990
1791384279.236,15838,10000008.4059603,249999989
1791384279.490,15839,10000008.4000003,249999990
1791384279.737,15840,10000008.4000003,249999990
1791384279.991,15841,10000008.3905603,249999990
1791384280.237,15842,10000008.4094403,249999989
1791384280.489,15843,10000008.4000003,249999990
1791384280.737,15844,10000008.3999970,250000090
1791384280.992,15845,10000008.4000003,249999990
1791384281.242,15846,10000008.4043203,249999989
1791384281.492,15847,10000008.3897203,249999990
1791384281.742,15848,10000008.4059603,249999989
1791384281.989,15849,10000008.4043203,249999989
1791384282.250,15850,10000008.3956803,249999990
1791384282.496,15851,10000008.3940403,249999990
1791384282.739,15852,10000008.4059603,249999989
1791384282.992,15853,10000008.4000003,249999990
1791384283.239,15854,10000008.4083570,250000089
1791384283.493,15855,10000008.3916403,249999990
1791384283.739,15856,10000008.4043203,249999989
1791384283.992,15857,10000008.3897203,249999990
1791384284.249,15858,10000008.4000003,249999990
1791384284.498,15859,10000008.4000003,249999990
1791384284.741,15860,10000008.4000003,249999990
1791384284.990,15861,10000008.4000003,249999990
1791384285.240,15862,10000008.4000003,249999990
1791384285.493,15863,10000008.4000003,249999990
1791384285.743,15864,10000008.3999970,250000090
1791384286.019,15865,10000008.4000003,249999990
1791384286.241,15866,10000008.4000003,249999990
1791384286.494,15867,10000008.3882803,249999990
1791384286.743,15868,10000008.4041203,249999989
1791384286.993,15869,10000008.4000003,249999990
1791384287.242,15870,10000008.4000003,249999990
1791384287.492,15871,10000008.3887203,249999990
1791384287.744,15872,10000008.4141203,249999989
1791384287.994,15873,10000008.3971603,249999990
1791384288.247,15874,10000008.3931170,250000090
1791384288.495,15875,10000008.4028003,249999989
1791384288.745,15876,10000008.4041203,249999989
1791384288.994,15877,10000008.3575603,249999991
1791384289.242,15878,10000008.4244004,249999989
1791384289.491,15879,10000008.4000003,249999990
1791384289.742,15880,10000008.4000003,249999990
1791384289.992,15881,10000008.3862403,249999990
1791384290.247,15882,10000008.4205204,249999989
1791384290.492,15883,10000008.3818003,249999990
1791384290.744,15884,10000008.4019570,250000089
1791384290.994,15885,10000008.3746003,249999990
1791384291.244,15886,10000008.4288004,249999989
1791384291.494,15887,10000008.3274803,249999991
1791384291.743,15888,10000008.4391604,249999989
1791384291.993,15889,10000008.3608403,249999990
1791384292.255,15890,10000008.4000003,249999990
1791384292.496,15891,10000008.4000003,249999990
1791384292.745,15892,10000008.3640403,249999990
1791384292.996,15893,10000008.4253604,249999989
1791384293.243,15894,10000008.3903170,250000090
1791384293.496,15895,10000008.3923203,249999990
1791384293.745,15896,10000008.3920003,249999990
1791384293.995,15897,10000008.4207204,249999989
1791384294.245,15898,10000008.2473602,249999993
1791384294.497,15899,10000008.3954403,249999990
1791384294.754,15900,10000008.4000003,249999990
1791384295.019,15901,10000008.4000003,249999990
1791384295.244,15902,10000008.3963203,249999990
1791384295.497,15903,10000008.3972803,249999990
1791384295.747,15904,10000008.3906803,249999990
1791384295.996,15905,10000008.4038370,250000089
1791384296.250,15906,10000008.4000003,249999990
1791384296.497,15907,10000008.3604403,249999990
1791384296.749,15908,10000008.4315604,249999989
1791384296.996,15909,10000008.4000003,249999990
1791384297.269,15910,10000008.3920003,249999990
1791384297.495,15911,10000008.3916403,249999990
1791384297.745,15912,10000008.4205204,249999989
1791384297.998,15913,10000008.3794803,249999990
1791384298.249,15914,10000008.4000003,249999990
1791384298.499,15915,10000008.3799570,250000090
1791384298.745,15916,10000008.4144403,249999989
1791384298.997,15917,10000008.3541203,249999991
1791384299.245,15918,10000008.4219204,249999989
1791384299.496,15919,10000008.4054803,249999989
1791384299.749,15920,10000008.3887603,249999990
1791384299.997,15921,10000008.3885603,249999990
1791384300.248,15922,10000008.4315604,249999989
1791384300.498,15923,10000008.3637203,249999990
1791384300.748,15924,10000008.4000003,249999990
1791384301.000,15925,10000008.3957570,250000090
1791384301.249,15926,10000008.4000003,249999990
1791384301.499,15927,10000008.3942403,249999990
1791384301.750,15928,10000008.4000003,249999990
1791384301.999,15929,10000008.3921603,249999990
1791384302.256,15930,10000008.4021603,249999989
1791384302.500,15931,10000008.3944003,249999990
1791384302.750,15932,10000008.3959603,249999990
1791384302.999,15933,10000008.3956803,249999990
1791384303.249,15934,10000008.4000003,249999990
1791384303.517,15935,10000008.3999970,250000090
1791384303.750,15936,10000008.3940403,249999990
1791384303.998,15937,10000008.4000003,249999990
1791384304.253,15938,10000008.3743603,249999990
1791384304.498,15939,10000008.4067203,249999989
1791384304.752,15940,10000008.4000003,249999990
1791384304.999,15941,10000008.3932803,249999990
1791384305.250,15942,10000008.3756003,249999990
1791384305.503,15943,10000008.3098003,249999992
1791384305.752,15944,10000008.4538404,249999988
1791384306.001,15945,10000008.4175570,250000089
1791384306.252,15946,10000008.3590803,249999991
1791384306.503,15947,10000008.4000003,249999990
1791384306.753,15948,10000008.3948403,249999990
1791384307.006,15949,10000008.3826403,249999990
1791384307.256,15950,10000008.2649202,249999993
1791384307.504,15951,10000008.3818803,249999990
1791384307.753,15952,10000008.4236004,249999989
1791384308.003,15953,10000008.3787603,249999990
1791384308.271,15954,10000008.4000003,249999990
1791384308.504,15955,10000008.3906803,249999990
1791384308.751,15956,10000008.3918770,250000090
1791384309.005,15957,10000008.4119203,249999989
1791384309.251,15958,10000008.3515603,249999991
1791384309.503,15959,10000008.4324404,249999989
1791384309.755,15960,10000008.4080003,249999989
1791384310.006,15961,10000008.3836403,249999990
1791384310.253,15962,10000008.3759203,249999990
1791384310.502,15963,10000008.4404404,249999988
1791384310.756,15964,10000008.3684403,249999990
1791384311.011,15965,10000008.3911203,249999990
1791384311.254,15966,10000008.3887570,250000090
1791384311.505,15967,10000008.4152404,249999989
1791384311.752,15968,10000008.3685603,249999990
1791384312.002,15969,10000008.4161604,249999989
1791384312.255,15970,10000008.3885603,249999990
1791384312.508,15971,10000008.3952803,249999990
1791384312.757,15972,10000008.3900003,249999990
1791384313.006,15973,10000008.4147203,249999989
1791384313.253,15974,10000008.3852803,249999990
1791384313.505,15975,10000008.4000003,249999990
1791384313.753,15976,10000008.3943170,250000090
1791384314.007,15977,10000008.4000003,249999990
1791384314.257,15978,10000008.3944003,249999990
1791384314.505,15979,10000008.4000003,249999990
1791384314.753,15980,10000008.3959603,249999990
1791384315.006,15981,10000008.3956803,249999990
1791384315.258,15982,10000008.4000003,249999990
1791384315.507,15983,10000008.3864403,249999990
1791384315.755,15984,10000008.4076003,249999989
1791384316.008,15985,10000008.3952003,249999990
1791384316.257,15986,10000008.3902770,250000090
1791384316.505,15987,10000008.3956003,249999990
1791384316.756,15988,10000008.4044003,249999989
1791384317.004,15989,10000008.3494003,249999991
1791384317.255,15990,10000008.4299604,249999989
1791384317.506,15991,10000008.4000003,249999990
1791384317.757,15992,10000008.3957603,249999990
1791384318.004,15993,10000008.3494403,249999991
1791384318.258,15994,10000008.3497203,249999991
1791384318.506,15995,10000008.4359604,249999989
1791384318.757,15996,10000008.3945570,250000090
1791384319.005,15997,10000008.3819203,249999990
1791384319.259,15998,10000008.4000003,249999990
1791384319.507,15999,10000008.4128803,249999989
1791384319.764,16000,10000008.2427602,249999993
1791384320.006,16001,10000008.4048003,249999989
1791384320.324,16002,10000008.3818803,249999990
1791384320.543,16003,10000008.4181204,249999989
1791384320.757,16004,10000008.3869603,249999990
1791384321.010,16005,10000008.3949203,249999990
1791384321.257,16006,10000008.3968803,249999990
1791384321.506,16007,10000008.3961570,250000090
1791384321.757,16008,10000008.4038403,249999989
1791384322.009,16009,10000008.3604403,249999990
1791384322.259,16010,10000008.4357204,249999989
1791384322.509,16011,10000008.3958403,249999990
1791384322.758,16012,10000008.4041603,249999989
1791384323.007,16013,10000008.3794803,249999990
1791384323.258,16014,10000008.4274804,249999989
1791384323.511,16015,10000008.3809203,249999990
1791384323.759,16016,10000008.4080003,249999989
1791384324.008,16017,10000008.3919970,250000090
1791384324.259,16018,10000008.4000003,249999990
1791384324.509,16019,10000008.3620803,249999990
1791384324.761,16020,10000008.4210004,249999989
1791384325.009,16021,10000008.4085603,249999989
1791384325.260,16022,10000008.4000003,249999990
1791384325.510,16023,10000008.3759203,249999990
1791384325.761,16024,10000008.4404404,249999988
1791384326.020,16025,10000008.3595603,249999991
1791384326.263,16026,10000008.4155204,249999989
1791384326.509,16027,10000008.3789970,250000090
1791384326.761,16028,10000008.4143603,249999989
1791384327.011,16029,10000008.3684403,249999990
1791384327.260,16030,10000008.4172004,249999989
1791384327.510,16031,10000008.3942403,249999990
1791384327.763,16032,10000008.4057603,249999989
1791384328.011,16033,10000008.3780803,249999990
1791384328.261,16034,10000008.4362804,249999989
1791384328.513,16035,10000008.3637203,249999990
1791384328.764,16036,10000008.4100403,249999989
1791384329.012,16037,10000008.3946770,250000090
1791384329.260,16038,10000008.4000003,249999990
1791384329.560,16039,10000008.3952803,249999990
1791384329.760,16040,10000008.4000003,249999990
1791384330.010,16041,10000008.4047203,249999989
1791384330.261,16042,10000008.3952803,249999990
1791384330.510,16043,10000008.3957603,249999990
1791384330.760,16044,10000008.4142804,249999989
1791384331.011,16045,10000008.3799603,249999990
1791384331.265,16046,10000008.4147203,249999989
1791384331.511,16047,10000008.3852770,250000090
1791384331.761,16048,10000008.4057603,249999989
1791384332.012,16049,10000008.3942403,249999990
1791384332.266,16050,10000008.4000003,249999990
1791384332.513,16051,10000008.4000003,249999990
1791384332.762,16052,10000008.4000003,249999990
1791384333.016,16053,10000008.3943203,249999990
1791384333.266,16054,10000008.4114403,249999989
1791384333.515,16055,10000008.3864003,249999990
1791384333.765,16056,10000008.4078403,249999989
1791384334.020,16057,10000008.3943170,250000090
1791384334.263,16058,10000008.3944003,249999990
1791384334.527,16059,10000008.4034803,249999989
1791384334.765,16060,10000008.3965203,249999990
1791384335.014,16061,10000008.4000003,249999990
1791384335.269,16062,10000008.4056003,249999989
1791384335.517,16063,10000008.3903203,249999990
1791384335.766,16064,10000008.4000003,249999990
1791384336.013,16065,10000008.3956803,249999990
1791384336.267,16066,10000008.4083603,249999989
1791384336.517,16067,10000008.3916370,250000090
1791384336.767,16068,10000008.4000003,249999990
1791384337.016,16069,10000008.4000003,249999990
1791384337.268,16070,10000008.3940403,249999990
1791384337.517,16071,10000008.4059603,249999989
1791384337.764,16072,10000008.4000003,249999990
1791384338.016,16073,10000008.3940403,249999990
1791384338.270,16074,10000008.3952003,249999990
1791384338.516,16075,10000008.4048003,249999989
1791384338.769,16076,10000008.4000003,249999990
1791384339.018,16077,10000008.3965170,250000090
1791384339.271,16078,10000008.3917603,249999990
1791384339.521,16079,10000008.4117203,249999989
1791384339.769,16080,10000008.3394403,249999991
1791384340.018,16081,10000008.4416404,249999988
1791384340.266,16082,10000008.4000003,249999990
1791384340.518,16083,10000008.4000003,249999990
1791384340.769,16084,10000008.3932803,249999990
1791384341.016,16085,10000008.4067203,249999989
1791384341.271,16086,10000008.3837603,249999990
1791384341.517,16087,10000008.3999970,250000090
1791384341.767,16088,10000008.3780403,249999990
1791384342.018,16089,10000008.4126003,249999989
1791384342.266,16090,10000008.3402403,249999991
1791384342.519,16091,10000008.4391604,249999989
1791384342.769,16092,10000008.3646803,249999990
1791384343.018,16093,10000008.4192004,249999989
1791384343.268,16094,10000008.3566803,249999991
1791384343.518,16095,10000008.3843203,249999990
1791384343.768,16096,10000008.4080003,249999989
1791384344.019,16097,10000008.3999970,250000090
1791384344.270,16098,10000008.3930803,249999990
1791384344.517,16099,10000008.2624802,249999993
1791384344.770,16100,10000008.5618005,249999985
1791384345.017,16101,10000008.2345202,249999994
1791384345.271,16102,10000008.4000003,249999990
1791384345.520,16103,10000008.4000003,249999990
1791384345.771,16104,10000008.4036803,249999989
1791384346.021,16105,10000008.3936003,249999990
1791384346.270,16106,10000008.4000003,249999990
1791384346.521,16107,10000008.3945203,249999990
1791384346.770,16108,10000008.3961570,250000090
1791384347.020,16109,10000008.4093203,249999989
1791384347.272,16110,10000008.3550003,249999991
1791384347.521,16111,10000008.4315604,249999989
1791384347.770,16112,10000008.3960803,249999990
1791384348.018,16113,10000008.4039203,249999989
1791384348.270,16114,10000008.3960803,249999990
1791384348.529,16115,10000008.4119203,249999989
1791384348.768,16116,10000008.3880803,249999990
1791384349.020,16117,10000008.3875603,249999990
1791384349.268,16118,10000008.4083570,250000089
1791384349.520,16119,10000008.4000003,249999990
1791384349.768,16120,10000008.3563203,249999991
1791384350.022,16121,10000008.4201204,249999989
1791384350.270,16122,10000008.4000003,249999990
1791384350.519,16123,10000008.4000003,249999990
1791384350.770,16124,10000008.3798803,249999990
1791384351.022,16125,10000008.4436804,249999988
1791384351.271,16126,10000008.3563203,249999991
1791384351.522,16127,10000008.4000003,249999990
1791384351.772,16128,10000008.3885570,250000090
1791384352.021,16129,10000008.4114403,249999989
1791384352.270,16130,10000008.3738403,249999990
1791384352.522,16131,10000008.4147203,249999989
1791384352.773,16132,10000008.3852803,249999990
1791384353.020,16133,10000008.4100003,249999989
1791384353.270,16134,10000008.3843203,249999990
1791384353.522,16135,10000008.4204004,249999989
1791384353.775,16136,10000008.3796003,249999990
1791384354.022,16137,10000008.4000003,249999990
1791384354.270,16138,10000008.3943970,250000090
1791384354.523,16139,10000008.4034803,249999989
1791384354.770,16140,10000008.3965203,249999990
1791384355.020,16141,10000008.4034803,249999989
1791384355.274,16142,10000008.3881603,249999990
1791384355.520,16143,10000008.4000003,249999990
1791384355.772,16144,10000008.3940403,249999990
1791384356.021,16145,10000008.3965203,249999990
1791384356.271,16146,10000008.4034803,249999989
1791384356.524,16147,10000008.3882803,249999990
1791384356.774,16148,10000008.3971970,250000090
1791384357.024,16149,10000008.3956003,249999990
1791384357.272,16150,10000008.4000003,249999990
1791384357.525,16151,10000008.3376403,249999991
1791384357.774,16152,10000008.4418404,249999988
1791384358.025,16153,10000008.3948803,249999990
1791384358.276,16154,10000008.4000003,249999990
1791384358.523,16155,10000008.3348003,249999991
1791384358.780,16156,10000008.3694803,249999990
1791384359.025,16157,10000008.4305204,249999989
1791384359.274,16158,10000008.3948370,250000090
1791384359.522,16159,10000008.3871203,249999990
1791384359.773,16160,10000008.2474002,249999993
1791384360.025,16161,10000008.5621205,249999985
1791384360.274,16162,10000008.3492803,249999991
1791384360.545,16163,10000008.2834802,249999992
1791384360.775,16164,10000008.4023603,249999989
1791384361.025,16165,10000008.4157604,249999989
1791384361.275,16166,10000008.3869603,249999990
1791384361.527,16167,10000008.3918403,249999990
1791384361.774,16168,10000008.4000003,249999990
1791384362.026,16169,10000008.3839970,250000090
1791384362.274,16170,10000008.4080003,249999989
1791384362.528,16171,10000008.3595603,249999991
1791384362.776,16172,10000008.4324404,249999989
1791384363.028,16173,10000008.4000003,249999990
1791384363.279,16174,10000008.4040403,249999989
1791384363.526,16175,10000008.3790403,249999990
1791384363.776,16176,10000008.4290804,249999989
1791384364.025,16177,10000008.3709203,249999990
1791384364.275,16178,10000008.3933603,249999990
1791384364.527,16179,10000008.3911170,250000090
1791384364.775,16180,10000008.4324404,249999989
1791384365.026,16181,10000008.3502003,249999991
1791384365.280,16182,10000008.4118803,249999989
1791384365.529,16183,10000008.3942403,249999990
1791384365.778,16184,10000008.4000003,249999990
1791384366.028,16185,10000008.3938803,249999990
1791384366.280,16186,10000008.4213604,249999989
1791384366.528,16187,10000008.3733203,249999990
1791384366.778,16188,10000008.4000003,249999990
1791384367.028,16189,10000008.4053170,250000089
1791384367.276,16190,10000008.3899603,249999990
1791384367.527,16191,10000008.3900003,249999990
1791384367.777,16192,10000008.4057603,249999989
1791384368.028,16193,10000008.3942403,249999990
1791384368.333,16194,10000008.4000003,249999990
1791384368.529,16195,10000008.3943203,249999990
1791384368.779,16196,10000008.4156804,249999989
1791384369.028,16197,10000008.3821603,249999990
1791384369.280,16198,10000008.3965203,249999990
1791384369.527,16199,10000008.4034770,250000089
1791384369.776,16200,10000008.3965203,249999990
1791384370.026,16201,10000008.4000003,249999990
1791384370.277,16202,10000008.4000003,249999990
1791384370.527,16203,10000008.4000003,249999990
1791384370.780,16204,10000008.4000003,249999990
1791384371.029,16205,10000008.3916403,249999990
1791384371.277,16206,10000008.4000003,249999990
1791384371.527,16207,10000008.4000003,249999990
1791384371.779,16208,10000008.4000003,249999990
1791384372.031,16209,10000008.3999970,250000090
1791384372.283,16210,10000008.4000003,249999990
1791384372.531,16211,10000008.4000003,249999990
1791384372.778,16212,10000008.3905603,249999990
1791384373.031,16213,10000008.4000003,249999990
1791384373.279,16214,10000008.4000003,249999990
1791384373.531,16215,10000008.3958403,249999990
1791384373.780,16216,10000008.3958803,249999990
1791384374.030,16217,10000008.4082403,249999989
1791384374.279,16218,10000008.3958403,249999990
1791384374.531,16219,10000008.3999970,250000090
1791384374.781,16220,10000008.3958803,249999990
1791384375.032,16221,10000008.4069203,249999989
1791384375.281,16222,10000008.3730403,249999990
1791384375.533,16223,10000008.4128803,249999989
1791384375.784,16224,10000008.4000003,249999990
1791384376.034,16225,10000008.4000003,249999990
1791384376.282,16226,10000008.3871203,249999990
1791384376.531,16227,10000008.4172804,249999989
1791384376.782,16228,10000008.3956003,249999990
1791384377.030,16229,10000008.3871170,250000090
1791384377.285,16230,10000008.4000003,249999990
1791384377.535,16231,10000008.4061203,249999989
1791384377.783,16232,10000008.3302403,249999991
1791384378.030,16233,10000008.4636404,249999988
1791384378.285,16234,10000008.4000003,249999990
1791384378.532,16235,10000008.3872403,249999990
1791384378.733,16236,10000008.3944803,249999990
1791384378.984,16237,10000008.3098003,249999992
1791384379.357,16238,10000008.4673604,249999988
1791384379.497,16239,10000008.4040770,250000089
1791384379.741,16240,10000008.3645203,249999990
1791384379.983,16241,10000008.4314004,249999989
1791384380.234,16242,10000008.3724403,249999990
1791384380.486,16243,10000008.4192004,249999989
1791384380.733,16244,10000008.3715203,249999990
1791384380.984,16245,10000008.4143203,249999989
1791384381.233,16246,10000008.3771603,249999990
1791384381.486,16247,10000008.3780003,249999990
1791384381.736,16248,10000008.4189604,249999989
1791384381.985,16249,10000008.3889970,250000090
1791384382.237,16250,10000008.4000003,249999990
1791384382.483,16251,10000008.4000003,249999990
1791384382.732,16252,10000008.4199204,249999989
1791384382.985,16253,10000008.3800803,249999990
1791384383.234,16254,10000008.2649202,249999993
1791384383.484,16255,10000008.5270805,249999986
1791384383.736,16256,10000008.2729202,249999993
1791384383.986,16257,10000008.3869603,249999990
1791384384.235,16258,10000008.4036803,249999989
1791384384.485,16259,10000008.3963203,249999990
1791384384.735,16260,10000008.3949170,250000090
1791384384.987,16261,10000008.4050803,249999989
1791384385.235,16262,10000008.5558005,249999986
1791384385.485,16263,10000008.2414802,249999993
1791384385.734,16264,10000008.4064003,249999989
1791384385.988,16265,10000008.3881203,249999990
1791384386.238,16266,10000008.4118803,249999989
1791384386.487,16267,10000008.3936003,249999990
1791384386.737,16268,10000008.3945203,249999990
1791384386.988,16269,10000008.4118803,249999989
1791384387.235,16270,10000008.3801170,250000090
1791384387.486,16271,10000008.4134803,249999989
1791384387.737,16272,10000008.3460803,249999991
1791384387.984,16273,10000008.4404404,249999988
1791384388.235,16274,10000008.4080003,249999989
1791384388.488,16275,10000008.3920003,249999990
1791384388.735,16276,10000008.4080003,249999989
1791384388.985,16277,10000008.4054803,249999989
1791384389.235,16278,10000008.3906803,249999990
1791384389.485,16279,10000008.3918803,249999990
1791384389.739,16280,10000008.3999970,250000090
1791384389.986,16281,10000008.4081203,249999989
1791384390.236,16282,10000008.3554003,249999991
1791384390.488,16283,10000008.4404404,249999988
1791384390.744,16284,10000008.4000003,249999990
1791384390.987,16285,10000008.3836403,249999990
1791384391.237,16286,10000008.4124403,249999989
1791384391.488,16287,10000008.4081203,249999989
1791384391.739,16288,10000008.3878403,249999990
1791384391.990,16289,10000008.4040403,249999989
1791384392.237,16290,10000008.4119170,250000089
1791384392.490,16291,10000008.3840003,249999990
1791384392.739,16292,10000008.3620803,249999990
1791384392.986,16293,10000008.4295604,249999989
1791384393.238,16294,10000008.4083603,249999989
1791384393.489,16295,10000008.3764403,249999990
1791384393.743,16296,10000008.4000003,249999990
1791384393.990,16297,10000008.4315604,249999989
1791384394.239,16298,10000008.3788003,249999990
1791384394.489,16299,10000008.3848003,249999990
1791384394.740,16300,10000008.4048370,250000089
1791384394.989,16301,10000008.4152003,249999989
1791384395.239,16302,10000008.3586003,249999991
1791384395.489,16303,10000008.4358004,249999989
1791384395.742,16304,10000008.3815203,249999990
1791384395.991,16305,10000008.3945203,249999990
1791384396.240,16306,10000008.3942403,249999990
1791384396.492,16307,10000008.4353204,249999989
1791384396.755,16308,10000008.3646803,249999990
1791384396.992,16309,10000008.4057603,249999989
1791384397.239,16310,10000008.3942370,250000090
1791384397.517,16311,10000008.4000003,249999990
1791384397.740,16312,10000008.3885603,249999990
1791384397.989,16313,10000008.4053203,249999989
1791384398.241,16314,10000008.3899603,249999990
1791384398.490,16315,10000008.4047203,249999989
1791384398.758,16316,10000008.3910403,249999990
1791384398.993,16317,10000008.4261604,249999989
1791384399.239,16318,10000008.3680803,249999990
1791384399.494,16319,10000008.4057603,249999989
1791384399.740,16320,10000008.3942370,250000090
1791384399.993,16321,10000008.4000003,249999990
1791384400.244,16322,10000008.3959603,249999990
1791384400.494,16323,10000008.4040403,249999989
1791384400.741,16324,10000008.3921603,249999990
1791384400.990,16325,10000008.4078403,249999989
1791384401.245,16326,10000008.3886803,249999990
1791384401.495,16327,10000008.4113203,249999989
1791384401.745,16328,10000008.3886803,249999990
1791384401.991,16329,10000008.4000003,249999990
1791384402.243,16330,10000008.3916370,250000090
1791384402.493,16331,10000008.4043203,249999989
1791384402.744,16332,10000008.3956803,249999990
1791384402.992,16333,10000008.3940403,249999990
1791384403.245,16334,10000008.4000003,249999990
1791384403.515,16335,10000008.3965203,249999990
1791384403.746,16336,10000008.3958403,249999990
1791384403.995,16337,10000008.3887203,249999990
1791384404.472,16338,10000008.4112803,249999989
1791384404.517,16339,10000008.3918403,249999990
1791384404.745,16340,10000008.3968770,250000090
1791384404.995,16341,10000008.3932803,249999990
1791384405.245,16342,10000008.4000003,249999990
1791384405.494,16343,10000008.3302403,249999991
1791384405.744,16344,10000008.4415604,249999988
1791384405.993,16345,10000008.3850403,249999990
1791384406.242,16346,10000008.4187604,249999989
1791384406.496,16347,10000008.3351603,249999991
1791384406.745,16348,10000008.3746403,249999990
1791384406.995,16349,10000008.4220004,249999989
1791384407.253,16350,10000008.3936770,250000090
1791384407.494,16351,10000008.3923203,249999990
1791384407.746,16352,10000008.4000003,249999990
1791384407.994,16353,10000008.4110003,249999989
1791384408.243,16354,10000008.2408802,249999993
1791384408.492,16355,10000008.4130403,249999989
1791384408.742,16356,10000008.3818803,249999990
1791384408.996,16357,10000008.3930803,249999990
1791384409.247,16358,10000008.4156804,249999989
1791384409.496,16359,10000008.3936003,249999990
1791384409.744,16360,10000008.3865203,249999990
1791384409.995,16361,10000008.4079970,250000089
1791384410.243,16362,10000008.4031203,249999989
1791384410.499,16363,10000008.3484803,249999991
1791384410.747,16364,10000008.4364804,249999989
1791384410.997,16365,10000008.4039203,249999989
1791384411.245,16366,10000008.3960803,249999990
1791384411.500,16367,10000008.3875603,249999990
1791384411.743,16368,10000008.4205204,249999989
1791384411.995,16369,10000008.3878403,249999990
1791384412.247,16370,10000008.3916403,249999990
1791384412.495,16371,10000008.3847970,250000090
1791384412.747,16372,10000008.4235604,249999989
1791384412.995,16373,10000008.3502003,249999991
1791384413.244,16374,10000008.4262404,249999989
1791384413.496,16375,10000008.3856403,249999990
1791384413.746,16376,10000008.4054803,249999989
1791384413.994,16377,10000008.3887603,249999990
1791384414.245,16378,10000008.4353204,249999989
1791384414.506,16379,10000008.3532803,249999991
1791384414.745,16380,10000008.4172004,249999989
1791384414.994,16381,10000008.3881170,250000090
1791384415.618,16382,10000008.4061203,249999989
1791384415.690,16383,10000008.3838403,249999990
1791384415.749,16384,10000008.4000003,249999990
1791384416.041,16385,10000008.3957603,249999990
1791384416.251,16386,10000008.4089603,249999989
1791384416.496,16387,10000008.3852803,249999990
1791384416.748,16388,10000008.4261604,249999989
1791384416.997,16389,10000008.3738403,249999990
1791384417.248,16390,10000008.4000003,249999990
1791384417.498,16391,10000008.3999970,250000090
1791384417.748,16392,10000008.4000003,249999990
1791384417.996,16393,10000008.3943203,249999990
1791384418.245,16394,10000008.4056803,249999989
1791384418.498,16395,10000008.3886803,249999990
1791384418.749,16396,10000008.4056003,249999989
1791384418.999,16397,10000008.3860003,249999990
1791384419.249,16398,10000008.4000003,249999990
1791384419.500,16399,10000008.4083603,249999989
1791384419.751,16400,10000008.3916403,249999990
1791384419.999,16401,10000008.3999970,250000090
1791384420.250,16402,10000008.4000003,249999990
1791384420.502,16403,10000008.4000003,249999990
1791384420.751,16404,10000008.3823203,249999990
1791384421.000,16405,10000008.4082403,249999989
1791384421.255,16406,10000008.3958403,249999990
1791384421.500,16407,10000008.3958803,249999990
1791384421.752,16408,10000008.3860803,249999990
1791384422.001,16409,10000008.2854002,249999992
1791384422.254,16410,10000008.5146004,249999987
1791384422.503,16411,10000008.3938770,250000090
1791384422.753,16412,10000008.3817203,249999990
1791384423.002,16413,10000008.4106403,249999989
1791384423.252,16414,10000008.3351203,249999991
1791384423.505,16415,10000008.4277604,249999989
1791384423.753,16416,10000008.3722403,249999990
1791384424.004,16417,10000008.4088803,249999989
1791384424.251,16418,10000008.3586003,249999991
1791384424.505,16419,10000008.2564402,249999993
1791384424.755,16420,10000008.4082403,249999989
1791384425.004,16421,10000008.3890803,249999990
1791384425.256,16422,10000008.4027170,250000089
1791384425.503,16423,10000008.3949203,249999990
1791384425.754,16424,10000008.5532005,249999986
1791384426.005,16425,10000008.2356802,249999994
1791384426.254,16426,10000008.4080003,249999989
1791384426.502,16427,10000008.3961603,249999990
1791384426.755,16428,10000008.3794803,249999990
1791384427.006,16429,10000008.4243604,249999989
1791384427.256,16430,10000008.3880803,249999990
1791384427.506,16431,10000008.3925603,249999990
1791384427.755,16432,10000008.3797970,250000090
1791384428.005,16433,10000008.4152003,249999989
1791384428.253,16434,10000008.3646803,249999990
1791384428.514,16435,10000008.4112403,249999989
1791384428.754,16436,10000008.3887603,249999990
1791384429.007,16437,10000008.4152404,249999989
1791384429.254,16438,10000008.3733203,249999990
1791384429.556,16439,10000008.4172004,249999989
1791384429.755,16440,10000008.3738403,249999990
1791384430.007,16441,10000008.4042403,249999989
1791384430.254,16442,10000008.3843170,250000090
1791384430.504,16443,10000008.4056803,249999989
1791384430.755,16444,10000008.3943203,249999990
1791384431.008,16445,10000008.3860003,249999990
1791384431.256,16446,10000008.4000003,249999990
1791384431.508,16447,10000008.4000003,249999990
1791384431.756,16448,10000008.3940403,249999990
1791384432.006,16449,10000008.3854803,249999990
1791384432.257,16450,10000008.4028003,249999989
1791384432.507,16451,10000008.3928403,249999990
1791384432.756,16452,10000008.3932770,250000090
1791384433.004,16453,10000008.3756003,249999990
1791384433.255,16454,10000008.4055203,249999989
1791384433.504,16455,10000008.3402403,249999991
1791384433.761,16456,10000008.4000003,249999990
1791384434.004,16457,10000008.3720403,249999990
1791384434.257,16458,10000008.2491602,249999993
1791384434.507,16459,10000008.4157604,249999989
1791384434.756,16460,10000008.3869603,249999990
1791384435.006,16461,10000008.3949203,249999990
1791384435.258,16462,10000008.3930803,249999990
1791384435.512,16463,10000008.3918770,250000090
1791384435.759,16464,10000008.4119203,249999989
1791384436.010,16465,10000008.3460803,249999991
1791384436.255,16466,10000008.4295604,249999989
1791384436.508,16467,10000008.3848003,249999990
1791384436.758,16468,10000008.4000003,249999990
1791384437.005,16469,10000008.3737603,249999990
1791384437.259,16470,10000008.4328804,249999989
1791384437.509,16471,10000008.3671203,249999990
1791384437.770,16472,10000008.3946803,249999990
1791384438.008,16473,10000008.3852770,250000090
1791384438.268,16474,10000008.4000003,249999990
1791384438.509,16475,10000008.4000003,249999990
1791384438.757,16476,10000008.3886803,249999990
1791384439.007,16477,10000008.3959603,249999990
1791384439.260,16478,10000008.3956803,249999990
1791384439.509,16479,10000008.3940403,249999990
1791384439.757,16480,10000008.3882803,249999990
1791384440.006,16481,10000008.4041203,249999989
1791384440.257,16482,10000008.3887203,249999990
1791384440.510,16483,10000008.3932770,250000090
1791384440.758,16484,10000008.3718003,249999990
1791384441.009,16485,10000008.3932803,249999990
1791384441.257,16486,10000008.3562803,249999991
1791384441.511,16487,10000008.3847603,249999990
1791384441.761,16488,10000008.3827203,249999990
1791384442.011,16489,10000008.2646402,249999993
1791384442.257,16490,10000008.3917603,249999990
1791384442.509,16491,10000008.4000003,249999990
1791384442.760,16492,10000008.3972803,249999990
1791384443.010,16493,10000008.3785603,249999990
1791384443.258,16494,10000008.3860370,250000090
1791384443.507,16495,10000008.4219604,249999989
1791384443.757,16496,10000008.3483203,249999991
1791384444.011,16497,10000008.4201204,249999989
1791384444.258,16498,10000008.3911203,249999990
1791384444.507,16499,10000008.3887603,249999990
1791384444.766,16500,10000008.3938803,249999990
1791384445.091,16501,10000008.4061203,249999989
1791384445.258,16502,10000008.3738403,249999990
1791384445.508,16503,10000008.4000003,249999990
1791384445.760,16504,10000008.3886770,250000090
1791384446.023,16505,10000008.4000003,249999990
1791384446.262,16506,10000008.3959603,249999990
1791384446.508,16507,10000008.3897203,249999990
1791384446.758,16508,10000008.3965203,249999990
1791384447.009,16509,10000008.3917603,249999990
1791384447.257,16510,10000008.3928403,249999990
1791384447.511,16511,10000008.3794803,249999990
1791384447.758,16512,10000008.4137603,249999989
1791384448.011,16513,10000008.3213603,249999991
1791384448.263,16514,10000008.3860370,250000090
1791384448.511,16515,10000008.3860003,249999990
1791384448.763,16516,10000008.2468002,249999993
1791384449.011,16517,10000008.5532005,249999986
1791384449.263,16518,10000008.2398802,249999994
1791384449.511,16519,10000008.3878403,249999990
1791384449.758,16520,10000008.4040403,249999989
1791384450.011,16521,10000008.3959603,249999990
1791384450.260,16522,10000008.4121603,249999989
1791384450.511,16523,10000008.3554003,249999991
1791384450.762,16524,10000008.3945203,249999990
1791384451.013,16525,10000008.3942370,250000090
1791384451.260,16526,10000008.3938803,249999990
1791384451.516,16527,10000008.3799603,249999990
1791384451.762,16528,10000008.4000003,249999990
1791384452.010,16529,10000008.3943203,249999990
1791384452.264,16530,10000008.3944003,249999990
1791384452.511,16531,10000008.3916403,249999990
1791384452.767,16532,10000008.3940403,249999990
1791384453.009,16533,10000008.4000003,249999990
1791384453.261,16534,10000008.3882803,249999990
1791384453.512,16535,10000008.3860770,250000090
1791384453.766,16536,10000008.3904803,249999990
1791384454.011,16537,10000008.3746003,249999990
1791384454.261,16538,10000008.3508403,249999991
1791384454.515,16539,10000008.3851603,249999990
1791384454.761,16540,10000008.2524002,249999993
1791384455.110,16541,10000008.3836003,249999990
1791384456.831,16542,10000008.4000003,249999990
1791384456.831,16543,10000008.4054803,249999989
1791384456.831,16544,10000008.3906803,249999990
1791384456.885,16545,10000008.3878403,249999990
1791384456.885,16546,10000008.3764370,250000090
1791384457.014,16549,10000008.4161604,249999989
1791384457.264,16550,10000008.3838403,249999990
1791384457.518,16551,10000008.3900003,249999990
1791384457.766,16552,10000008.3921603,249999990
1791384458.018,16553,10000008.3965203,249999990
1791384458.263,16554,10000008.3916403,249999990
1791384458.520,16555,10000008.4000003,249999990
1791384458.768,16556,10000008.3864370,250000090
1791384459.016,16557,10000008.3887203,249999990
1791384459.269,16558,10000008.3932803,249999990
1791384459.518,16559,10000008.3302403,249999991
1791384459.766,16560,10000008.4090403,249999989
1791384460.015,16561,10000008.3714803,249999990
1791384460.267,16562,10000008.3826403,249999990
1791384460.516,16563,10000008.2601202,249999993
1791384460.769,16564,10000008.3890803,249999990
1791384461.022,16565,10000008.3945203,249999990
1791384461.268,16566,10000008.3961603,249999990
1791384461.516,16567,10000008.3918770,250000090
1791384461.769,16568,10000008.4039203,249999989
1791384462.017,16569,10000008.3541203,249999991
1791384462.265,16570,10000008.4143603,249999989
1791384462.516,16571,10000008.3856403,249999990
1791384462.766,16572,10000008.4054803,249999989
1791384463.017,16573,10000008.3773603,249999990
1791384463.270,16574,10000008.4226404,249999989
1791384463.519,16575,10000008.3626403,249999990
1791384463.769,16576,10000008.4100003,249999989
1791384464.018,16577,10000008.3899970,250000090
1791384464.265,16578,10000008.3886803,249999990
1791384464.518,16579,10000008.4000003,249999990
1791384464.765,16580,10000008.3916403,249999990
1791384465.015,16581,10000008.3940403,249999990
1791384465.267,16582,10000008.4000003,249999990
1791384465.519,16583,10000008.3924003,249999990
1791384465.766,16584,10000008.3918403,249999990
1791384466.017,16585,10000008.4040403,249999989
1791384466.271,16586,10000008.3959603,249999990
1791384466.520,16587,10000008.3805970,250000090
1791384466.766,16588,10000008.3539203,249999991
1791384467.020,16589,10000008.4047203,249999989
1791384467.268,16590,10000008.3722403,249999990
1791384467.518,16591,10000008.3797203,249999990
1791384467.766,16592,10000008.2572402,249999993
1791384468.028,16593,10000008.3906403,249999990
1791384468.278,16594,10000008.4148404,249999989
1791384468.519,16595,10000008.3787603,249999990
1791384468.769,16596,10000008.3976403,249999990
1791384469.020,16597,10000008.3968803,249999990
1791384469.266,16598,10000008.3999970,250000090
1791384469.520,16599,10000008.4000003,249999990
1791384469.772,16600,10000008.3515603,249999991
1791384470.019,16601,10000008.4404404,249999988
1791384470.271,16602,10000008.4000003,249999990
1791384470.521,16603,10000008.3920003,249999990
1791384470.770,16604,10000008.3830803,249999990
1791384471.020,16605,10000008.4249204,249999989
1791384471.268,16606,10000008.3750803,249999990
1791384471.521,16607,10000008.4169204,249999989
1791384471.771,16608,10000008.3764370,250000090
1791384472.029,16609,10000008.4000003,249999990
1791384472.269,16610,10000008.3737603,249999990
1791384472.520,16611,10000008.4118803,249999989
1791384472.770,16612,10000008.4000003,249999990
1791384473.019,16613,10000008.3942403,249999990
1791384473.268,16614,10000008.3885603,249999990
1791384473.523,16615,10000008.4226404,249999989
1791384473.770,16616,10000008.3726003,249999990
1791384474.020,16617,10000008.4100403,249999989
1791384474.271,16618,10000008.3899570,250000090
1791384474.523,16619,10000008.4000003,249999990
1791384474.773,16620,10000008.3900003,249999990
1791384475.021,16621,10000008.4100003,249999989
1791384475.269,16622,10000008.3900003,249999990
1791384475.519,16623,10000008.4057603,249999989
1791384475.772,16624,10000008.3942403,249999990
1791384476.022,16625,10000008.4100003,249999989
1791384476.272,16626,10000008.3900003,249999990
1791384476.521,16627,10000008.3921603,249999990
1791384476.773,16628,10000008.4021570,250000089
1791384477.023,16629,10000008.4056803,249999989
1791384477.273,16630,10000008.4000003,249999990
1791384477.523,16631,10000008.3886803,249999990
1791384477.774,16632,10000008.4000003,249999990
1791384478.022,16633,10000008.4000003,249999990
1791384478.273,16634,10000008.3916403,249999990
1791384478.525,16635,10000008.4083603,249999989
1791384478.774,16636,10000008.3959603,249999990
1791384479.024,16637,10000008.4000003,249999990
1791384479.274,16638,10000008.3999970,250000090
1791384479.524,16639,10000008.4000003,249999990
1791384479.775,16640,10000008.4000003,249999990
1791384480.023,16641,10000008.3897203,249999990
1791384480.275,16642,10000008.4059603,249999989
1791384480.526,16643,10000008.4000003,249999990
1791384480.772,16644,10000008.3940403,249999990
1791384481.026,16645,10000008.3924003,249999990
1791384481.273,16646,10000008.4076003,249999989
1791384481.526,16647,10000008.3952003,249999990
1791384481.772,16648,10000008.3999970,250000090
1791384482.023,16649,10000008.4000003,249999990
1791384482.275,16650,10000008.4000003,249999990
1791384482.526,16651,10000008.3791603,249999990
1791384482.776,16652,10000008.4139203,249999989
1791384483.025,16653,10000008.3959603,249999990
1791384483.277,16654,10000008.4040403,249999989
1791384483.525,16655,10000008.3860803,249999990
1791384483.776,16656,10000008.4139203,249999989
1791384484.031,16657,10000008.3928403,249999990
1791384484.274,16658,10000008.3999970,250000090
1791384484.525,16659,10000008.3932803,249999990
1791384484.775,16660,10000008.4067203,249999989
1791384485.024,16661,10000008.3424003,249999991
1791384485.274,16662,10000008.4508804,249999988
1791384485.527,16663,10000008.3904803,249999990
1791384485.778,16664,10000008.4034003,249999989
1791384486.025,16665,10000008.3817203,249999990
1791384486.282,16666,10000008.4244004,249999989
1791384486.527,16667,10000008.3685203,249999990
1791384486.777,16668,10000008.4125970,250000089
1791384486.978,16669,10000008.4000003,249999990
1791384487.226,16670,10000008.4051203,249999989
1791384487.480,16671,10000008.3389603,249999991
1791384487.729,16672,10000008.4353204,249999989
1791384487.979,16673,10000008.3922403,249999990
1791384488.226,16674,10000008.4077603,249999989
1791384488.480,16675,10000008.3697203,249999990
1791384488.778,16676,10000008.4636404,249999988
1791384489.028,16677,10000008.3418003,249999991
1791384489.278,16678,10000008.4248370,250000089
1791384489.477,16679,10000008.3697203,249999990
1791384489.728,16680,10000008.4090403,249999989
1791384489.979,16681,10000008.3821203,249999990
1791384490.228,16682,10000008.4088803,249999989
1791384490.478,16683,10000008.3911203,249999990
1791384490.730,16684,10000008.4391604,249999989
1791384490.981,16685,10000008.3502003,249999991
1791384491.231,16686,10000008.3746403,249999990
1791384491.481,16687,10000008.4359604,249999989
1791384491.729,16688,10000008.4088770,250000089
1791384491.979,16689,10000008.3805203,249999990
1791384492.228,16690,10000008.4144403,249999989
1791384492.478,16691,10000008.3907203,249999990
1791384492.731,16692,10000008.4054403,249999989
1791384492.981,16693,10000008.4000003,249999990
1791384493.229,16694,10000008.4178804,249999989
1791384493.478,16695,10000008.3651203,249999990
1791384493.740,16696,10000008.3810403,249999990
1791384494.021,16697,10000008.4253604,249999989
1791384494.229,16698,10000008.4051570,250000089
1791384494.478,16699,10000008.3851603,249999990
1791384494.728,16700,10000008.4148404,249999989
1791384495.024,16701,10000008.4000003,249999990
1791384495.231,16702,10000008.4054403,249999989
1791384495.483,16703,10000008.3945603,249999990
1791384495.728,16704,10000008.4197604,249999989
1791384495.982,16705,10000008.3717203,249999990
1791384496.279,16706,10000012.3780005,249999990
1791384496.482,16707,10000008.4253604,249999989
1791384496.731,16708,10000008.4194770,250000089
1791384496.980,16709,10000008.3856803,249999990
1791384497.245,16710,10000008.4143203,249999989
1791384497.483,16711,10000008.3949603,249999990
1791384497.731,16712,10000008.3961603,249999990
1791384497.980,16713,10000008.3893603,249999990
1791384498.233,16714,10000008.4144403,249999989
1791384498.482,16715,10000008.3809203,249999990
1791384498.732,16716,10000008.3792803,249999990
1791384499.038,16717,10000008.4305204,249999989
1791384499.231,16718,10000008.4054370,250000089
1791384499.481,16719,10000008.3945603,249999990
1791384499.731,16720,10000008.4054403,249999989
1791384499.981,16721,10000008.3945603,249999990
1791384500.235,16722,10000008.4054403,249999989
1791384500.484,16723,10000008.4000003,249999990
1791384500.731,16724,10000008.4088803,249999989
1791384500.985,16725,10000008.3759203,249999990
1791384501.231,16726,10000008.3792803,249999990
1791384501.485,16727,10000008.4359604,249999989
1791384501.733,16728,10000008.4038370,250000089
1791384501.982,16729,10000008.3855603,249999990
1791384502.235,16730,10000008.4336404,249999989
1791384502.483,16731,10000008.3715203,249999990
1791384502.731,16732,10000008.4054403,249999989
1791384502.983,16733,10000008.4000003,249999990
1791384503.232,16734,10000008.4277604,249999989
1791384503.481,16735,10000008.3552403,249999991
1791384503.733,16736,10000008.3810403,249999990
1791384503.985,16737,10000008.4220004,249999989
1791384504.231,16738,10000008.4085170,250000089
1791384504.485,16739,10000008.4000003,249999990
1791384504.733,16740,10000008.3694803,249999990
1791384504.984,16741,10000008.4359604,249999989
1791384505.234,16742,10000008.3945603,249999990
1791384505.482,16743,10000008.3884403,249999990
1791384505.738,16744,10000008.4208404,249999989
1791384505.986,16745,10000008.3758803,249999990
1791384506.235,16746,10000008.3843203,249999990
1791384506.484,16747,10000008.4156804,249999989
1791384506.736,16748,10000008.4096770,250000089
1791384506.988,16749,10000008.3936403,249999990
1791384507.233,16750,10000008.4030403,249999989
1791384507.485,16751,10000008.4033603,249999989
1791384507.733,16752,10000008.3954003,249999990
1791384507.986,16753,10000008.2473602,249999993
1791384508.237,16754,10000008.5319205,249999986
1791384508.488,16755,10000008.2729202,249999993
1791384508.736,16756,10000008.3906403,249999990
1791384508.990,16757,10000008.5364405,249999986
1791384509.237,16758,10000008.4079970,250000089
1791384509.491,16759,10000008.2649202,249999993
1791384509.741,16760,10000008.3952003,249999990
1791384509.997,16761,10000008.5539205,249999986
1791384510.240,16762,10000008.2415602,249999993
1791384510.490,16763,10000008.4045603,249999989
1791384510.740,16764,10000008.3890803,249999990
1791384510.989,16765,10000008.5141204,249999987
1791384511.245,16766,10000008.2885602,249999992
1791384511.493,16767,10000008.4036803,249999989
1791384511.743,16768,10000008.3912403,249999990
1791384511.990,16769,10000008.4023570,250000089
1791384512.241,16770,10000008.3945203,249999990
1791384512.496,16771,10000008.5640005,249999985
1791384512.743,16772,10000008.2414802,249999993
1791384512.993,16773,10000008.4000003,249999990
1791384513.241,16774,10000008.3945203,249999990
1791384513.491,16775,10000008.4000003,249999990
1791384513.744,16776,10000008.4081603,249999989
1791384513.995,16777,10000008.3880003,249999990
1791384514.242,16778,10000008.4000003,249999990
1791384514.492,16779,10000008.4038370,250000089
1791384514.743,16780,10000008.4000003,249999990
1791384514.991,16781,10000008.3403203,249999991
1791384515.242,16782,10000008.4558404,249999988
1791384515.492,16783,10000008.4000003,249999990
1791384515.742,16784,10000008.4000003,249999990
1791384515.992,16785,10000008.3878403,249999990
1791384516.241,16786,10000008.4214404,249999989
1791384516.491,16787,10000008.3865203,249999990
1791384516.744,16788,10000008.4041603,249999989
1791384516.994,16789,10000008.3918770,250000090
1791384517.242,16790,10000008.4081203,249999989
1791384517.493,16791,10000008.3499203,249999991
1791384517.743,16792,10000008.4345604,249999989
1791384517.993,16793,10000008.4000003,249999990
1791384518.243,16794,10000008.4113603,249999989
1791384518.494,16795,10000008.3788003,249999990
1791384518.742,16796,10000008.4292004,249999989
1791384518.995,16797,10000008.3880803,249999990
1791384519.242,16798,10000008.3959603,249999990
1791384519.496,16799,10000008.3916370,250000090
1791384519.742,16800,10000008.4124403,249999989
1791384519.993,16801,10000008.3522803,249999991
1791384520.244,16802,10000008.4201204,249999989
1791384520.498,16803,10000008.4315604,249999989
1791384520.745,16804,10000008.3836403,249999990
1791384520.997,16805,10000008.3759203,249999990
1791384521.247,16806,10000008.4446004,249999988
1791384521.498,16807,10000008.3794803,249999990
1791384521.745,16808,10000008.4000003,249999990
1791384521.996,16809,10000008.3914370,250000090
1791384522.243,16810,10000008.4135603,249999989
1791384522.497,16811,10000008.3596803,249999991
1791384522.746,16812,10000008.4267604,249999989
1791384522.995,16813,10000008.3933603,249999990
1791384523.245,16814,10000008.4000003,249999990
1791384523.494,16815,10000008.3911203,249999990
1791384523.761,16816,10000008.4364804,249999989
1791384523.993,16817,10000008.3724003,249999990
1791384524.243,16818,10000008.4000003,249999990
1791384524.494,16819,10000008.3911170,250000090
1791384524.744,16820,10000008.4240804,249999989
1791384524.993,16821,10000008.3646803,249999990
1791384525.245,16822,10000008.4201204,249999989
1791384525.497,16823,10000008.4000003,249999990
1791384525.745,16824,10000008.4000003,249999990
1791384525.998,16825,10000008.3856403,249999990
1791384526.248,16826,10000008.4295604,249999989
1791384526.498,16827,10000008.3759203,249999990
1791384526.746,16828,10000008.4088803,249999989
1791384526.999,16829,10000008.3798770,250000090
1791384527.249,16830,10000008.4152404,249999989
1791384527.496,16831,10000008.3786403,249999990
1791384527.749,16832,10000008.4118803,249999989
1791384527.998,16833,10000008.4000003,249999990
1791384528.258,16834,10000008.4094803,249999989
1791384528.517,16835,10000008.3786403,249999990
1791384528.753,16836,10000008.4414004,249999988
1791384529.002,16837,10000008.3704403,249999990
1791384529.255,16838,10000008.4000003,249999990
1791384529.503,16839,10000008.3942370,250000090
1791384529.749,16840,10000008.4112403,249999989
1791384531.359,16841,10000008.3726003,249999990
1791384531.359,16842,10000008.4100403,249999989
1791384531.359,16843,10000008.4000003,249999990
1791384531.413,16844,10000008.4061203,249999989
1791384531.413,16845,10000008.3838403,249999990
1791384531.503,16847,10000008.3684403,249999990
1791384531.754,16848,10000008.4114403,249999989
1791384532.002,16849,10000008.3838370,250000090
1791384532.253,16850,10000008.4100403,249999989
1791384532.501,16851,10000008.3857203,249999990
1791384532.752,16852,10000008.4089603,249999989
1791384533.011,16853,10000008.3910403,249999990
1791384533.253,16854,10000008.4042403,249999989
1791384533.502,16855,10000008.3900003,249999990
1791384533.753,16856,10000008.4147203,249999989
1791384534.001,16857,10000008.3852803,249999990
1791384534.251,16858,10000008.4000003,249999990
1791384534.504,16859,10000008.3999970,250000090
1791384534.754,16860,10000008.4000003,249999990
1791384535.007,16861,10000008.3943203,249999990
1791384535.256,16862,10000008.4000003,249999990
1791384535.503,16863,10000008.3944003,249999990
1791384535.752,16864,10000008.4000003,249999990
1791384536.006,16865,10000008.3916403,249999990
1791384536.256,16866,10000008.4043203,249999989
1791384536.507,16867,10000008.3956803,249999990
1791384536.756,16868,10000008.4000003,249999990
1791384537.004,16869,10000008.3999970,250000090
1791384537.257,16870,10000008.3940403,249999990
1791384537.507,16871,10000008.4000003,249999990
1791384537.756,16872,10000008.3811203,249999990
1791384538.006,16873,10000008.4071603,249999989
1791384538.255,16874,10000008.4000003,249999990
1791384538.508,16875,10000008.3928403,249999990
1791384538.760,16876,10000008.3794803,249999990
1791384539.008,16877,10000008.4137603,249999989
1791384539.259,16878,10000008.3811203,249999990
1791384539.509,16879,10000008.3839970,250000090
1791384539.758,16880,10000008.3562803,249999991
1791384540.009,16881,10000008.4088803,249999989
1791384540.256,16882,10000008.3856803,249999990
1791384540.505,16883,10000008.3948403,249999990
1791384540.772,16884,10000008.3826403,249999990
1791384541.008,16885,10000008.3920003,249999990
1791384541.255,16886,10000008.2729202,249999993
1791384541.508,16887,10000008.3842403,249999990
1791384541.757,16888,10000008.3945203,249999990
1791384542.009,16889,10000008.3961603,249999990
1791384542.258,16890,10000008.4038370,250000089
1791384542.509,16891,10000008.4000003,249999990
1791384542.756,16892,10000008.3515603,249999991
1791384543.009,16893,10000008.4364804,249999989
1791384543.256,16894,10000008.3827203,249999990
1791384543.507,16895,10000008.4048403,249999989
1791384543.763,16896,10000008.3848003,249999990
1791384544.009,16897,10000008.4276004,249999989
1791384544.259,16898,10000008.3580403,249999991
1791384544.522,16899,10000008.4054803,249999989
1791384544.761,16900,10000008.3826770,250000090
1791384545.010,16901,10000008.4118803,249999989
1791384545.264,16902,10000008.3780803,249999990
1791384545.511,16903,10000008.4047203,249999989
1791384545.763,16904,10000008.3852803,249999990
1791384546.010,16905,10000008.4057603,249999989
1791384546.263,16906,10000008.3885603,249999990
1791384546.516,16907,10000008.4056803,249999989
1791384546.761,16908,10000008.3921603,249999990
1791384547.014,16909,10000008.3965203,249999990
1791384547.260,16910,10000008.3959570,250000090
1791384547.513,16911,10000008.3956803,249999990
1791384547.762,16912,10000008.4000003,249999990
1791384548.013,16913,10000008.3823203,249999990
1791384548.261,16914,10000008.4041203,249999989
1791384548.513,16915,10000008.3931203,249999990
1791384548.763,16916,10000008.3956003,249999990
1791384549.014,16917,10000008.3871203,249999990
1791384549.261,16918,10000008.4128803,249999989
1791384549.514,16919,10000008.3688403,249999990
1791384549.764,16920,10000008.3457570,250000091
1791384550.015,16921,10000008.3893603,249999990
1791384550.263,16922,10000008.3903203,249999990
1791384550.515,16923,10000008.4063203,249999989
1791384550.763,16924,10000008.2378802,249999994
1791384551.015,16925,10000008.3972803,249999990
1791384551.265,16926,10000008.3945203,249999990
1791384551.513,16927,10000008.4054803,249999989
1791384551.765,16928,10000008.4000003,249999990
1791384552.016,16929,10000008.3906803,249999990
1791384552.266,16930,10000008.3958403,249999990
1791384552.519,16931,10000008.3919970,250000090
1791384552.766,16932,10000008.4000003,249999990
1791384553.017,16933,10000008.3563203,249999991
1791384553.265,16934,10000008.4152404,249999989
1791384553.512,16935,10000008.3959603,249999990
1791384553.766,16936,10000008.4000003,249999990
1791384554.017,16937,10000008.3887603,249999990
1791384554.263,16938,10000008.4201204,249999989
1791384554.515,16939,10000008.3637203,249999990
1791384554.764,16940,10000008.4000003,249999990
1791384555.013,16941,10000008.3899970,250000090
1791384555.266,16942,10000008.4057603,249999989
1791384555.514,16943,10000008.3885603,249999990
1791384555.763,16944,10000008.4000003,249999990
1791384556.015,16945,10000008.3944003,249999990
1791384556.263,16946,10000008.4000003,249999990
1791384556.515,16947,10000008.3916403,249999990
1791384556.763,16948,10000008.3940403,249999990
1791384557.018,16949,10000008.4000003,249999990
1791384557.267,16950,10000008.3924003,249999990
1791384557.518,16951,10000008.3958770,250000090
1791384557.767,16952,10000008.3928403,249999990
1791384558.022,16953,10000008.4000003,249999990
1791384558.269,16954,10000008.3289203,249999991
1791384559.878,16955,10000008.4454404,249999988
1791384559.878,16956,10000008.3840003,249999990
1791384559.878,16957,10000008.3840403,249999990
1791384559.935,16958,10000008.3519603,249999991
1791384559.935,16959,10000008.2478802,249999993
1791384560.018,16961,10000008.3936003,249999990
1791384560.268,16962,10000008.4063970,250000089
1791384560.518,16963,10000008.3912403,249999990
1791384560.768,16964,10000008.3573603,249999991
1791384561.017,16965,10000008.4357204,249999989
1791384561.264,16966,10000008.4038403,249999989
1791384561.518,16967,10000008.3920003,249999990
1791384561.767,16968,10000008.3836403,249999990
1791384562.018,16969,10000008.4163604,249999989
1791384562.268,16970,10000008.3684403,249999990
1791384562.518,16971,10000008.4066403,249999989
1791384562.766,16972,10000008.3844770,250000090
1791384563.017,16973,10000008.4000003,249999990
1791384563.268,16974,10000008.3726003,249999990
1791384563.515,16975,10000008.4100403,249999989
1791384563.766,16976,10000008.3857203,249999990
1791384564.016,16977,10000008.4089603,249999989
1791384564.264,16978,10000008.3852803,249999990
1791384564.520,16979,10000008.4057603,249999989
1791384564.767,16980,10000008.3829203,249999990
1791384565.015,16981,10000008.4000003,249999990
1791384565.265,16982,10000008.3999970,250000090
1791384565.516,16983,10000008.3916403,249999990
1791384565.766,16984,10000008.4000003,249999990
1791384566.019,16985,10000008.3751603,249999990
1791384566.269,16986,10000008.4071603,249999989
1791384566.515,16987,10000008.3972003,249999990
1791384566.767,16988,10000008.3888803,249999990
1791384567.017,16989,10000008.3811203,249999990
1791384567.269,16990,10000008.3042803,249999992
1791384567.521,16991,10000008.4502804,249999988
1791384567.767,16992,10000008.3802370,250000090
1791384568.018,16993,10000008.3851603,249999990
1791384568.266,16994,10000008.3967603,249999990
1791384568.520,16995,10000008.4065203,249999989
1791384568.768,16996,10000008.2382002,249999994
1791384569.020,16997,10000008.3945203,249999990
1791384569.266,16998,10000008.3920003,249999990
1791384569.520,16999,10000008.4000003,249999990
1791384569.767,17000,10000008.4134803,249999989
1791384570.016,17001,10000008.3826003,249999990
1791384570.269,17002,10000008.4000003,249999990
1791384570.519,17003,10000008.3875570,250000090
1791384570.767,17004,10000008.4050003,249999989
1791384571.019,17005,10000008.3596803,249999991
1791384571.267,17006,10000008.4112403,249999989
1791384571.521,17007,10000008.3945203,249999990
1791384571.800,17008,10000008.3942403,249999990
1791384572.020,17009,10000008.3938803,249999990
1791384572.270,17010,10000008.4173204,249999989
1791384572.530,17011,10000008.3684003,249999990
1791384572.767,17012,10000008.3942403,249999990
1791384573.019,17013,10000008.3999970,250000090
1791384573.270,17014,10000008.4000003,249999990
1791384573.518,17015,10000008.3921603,249999990
1791384573.766,17016,10000008.3965203,249999990
1791384574.019,17017,10000008.4000003,249999990
1791384574.267,17018,10000008.4000003,249999990
1791384574.522,17019,10000008.3916403,249999990
1791384574.766,17020,10000008.3940403,249999990
1791384575.020,17021,10000008.4000003,249999990
1791384575.270,17022,10000008.3924003,249999990
1791384575.520,17023,10000008.3887170,250000090
1791384575.769,17024,10000008.3932803,249999990
1791384576.020,17025,10000008.4000003,249999990
1791384576.269,17026,10000008.3302403,249999991
1791384576.520,17027,10000008.4382804,249999989
1791384576.770,17028,10000008.3617203,249999990
1791384577.016,17029,10000008.4141603,249999989
1791384577.267,17030,10000008.3534803,249999991
1791384577.519,17031,10000008.2556402,249999993
1791384577.769,17032,10000008.5353605,249999986
1791384578.017,17033,10000008.2482402,249999993
1791384578.267,17034,10000008.4054770,250000089
1791384578.521,17035,10000008.3976403,249999990
1791384578.769,17036,10000008.5532005,249999986
1791384579.017,17037,10000008.2437202,249999993
1791384579.283,17038,10000008.4000003,249999990
1791384579.710,17039,10000008.3961603,249999990
1791384579.780,17040,10000008.3878403,249999990
1791384580.016,17041,10000008.4160004,249999989
1791384580.267,17042,10000008.3840003,249999990
1791384580.519,17043,10000008.3916403,249999990
1791384580.770,17044,10000008.3847970,250000090
1791384581.021,17045,10000008.4152003,249999989
1791384581.267,17046,10000008.3586003,249999991
1791384581.518,17047,10000008.4173204,249999989
1791384581.771,17048,10000008.3945203,249999990
1791384582.020,17049,10000008.4000003,249999990
1791384582.267,17050,10000008.3780803,249999990
1791384582.518,17051,10000008.4274004,249999989
1791384582.771,17052,10000008.3726003,249999990
1791384583.022,17053,10000008.3900003,249999990
1791384583.269,17054,10000008.4057570,250000089
1791384583.520,17055,10000008.3942403,249999990
1791384583.773,17056,10000008.4000003,249999990
1791384584.021,17057,10000008.4000003,249999990
1791384584.268,17058,10000008.3886803,249999990
1791384584.523,17059,10000008.4034803,249999989
1791384584.773,17060,10000008.3924803,249999990
1791384585.018,17061,10000008.3956803,249999990
1791384585.269,17062,10000008.4000003,249999990
1791384585.519,17063,10000008.3940403,249999990
1791384585.769,17064,10000008.3951970,250000090
1791384586.018,17065,10000008.3930803,249999990
1791384586.273,17066,10000008.4041203,249999989
1791384586.525,17067,10000008.3470803,249999991
1791384586.771,17068,10000008.4349204,249999989
1791384587.019,17069,10000008.3938803,249999990
1791384587.270,17070,10000008.3946403,249999990
1791384587.520,17071,10000008.3416803,249999991
1791384587.771,17072,10000008.4697604,249999988
1791384588.022,17073,10000008.3213603,249999991
1791384588.273,17074,10000008.3999970,250000090
1791384588.520,17075,10000008.3720403,249999990
1791384588.773,17076,10000008.3920003,249999990
1791384589.022,17077,10000008.4220004,249999989
1791384589.269,17078,10000008.2378802,249999994
1791384589.522,17079,10000008.4036803,249999989
1791384589.774,17080,10000008.3881203,249999990
1791384590.024,17081,10000008.3961603,249999990
1791384590.274,17082,10000008.4093203,249999989
1791384590.523,17083,10000008.3945203,249999990
1791384590.772,17084,10000008.3920003,249999990
1791384591.027,17085,10000008.3960770,250000090
1791384591.275,17086,10000008.4039203,249999989
1791384591.536,17087,10000008.3483203,249999991
1791384591.773,17088,10000008.4267604,249999989
1791384592.024,17089,10000008.3933603,249999990
1791384592.271,17090,10000008.3911203,249999990
1791384592.526,17091,10000008.3945203,249999990
1791384592.779,17092,10000008.4295604,249999989
1791384593.026,17093,10000008.3586003,249999991
1791384593.276,17094,10000008.4000003,249999990
1791384593.523,17095,10000008.3899570,250000090
1791384593.773,17096,10000008.4219204,249999989
1791384594.035,17097,10000008.3780803,249999990
1791384594.276,17098,10000008.3957603,249999990
1791384594.526,17099,10000008.3942403,249999990
1791384594.773,17100,10000008.4000003,249999990
1791384595.026,17101,10000008.3886803,249999990
1791384595.277,17102,10000008.4034803,249999989
1791384595.526,17103,10000008.3924803,249999990
1791384595.774,17104,10000008.4000003,249999990
1791384596.024,17105,10000008.3956770,250000090
1791384596.278,17106,10000008.4000003,249999990
1791384596.528,17107,10000008.4000003,249999990
1791384596.778,17108,10000008.3823203,249999990
1791384597.025,17109,10000008.4041203,249999989
1791384597.278,17110,10000008.3887203,249999990
1791384597.528,17111,10000008.4000003,249999990
1791384597.776,17112,10000008.3871203,249999990
1791384598.032,17113,10000008.4061203,249999989
1791384598.276,17114,10000008.3756003,249999990
1791384598.529,17115,10000008.3771570,250000090
1791384598.777,17116,10000008.3631603,249999990
1791384599.032,17117,10000008.4092803,249999989
1791384599.275,17118,10000008.3881203,249999990
1791384599.527,17119,10000008.3974403,249999990
1791384599.778,17120,10000008.2427602,249999993
1791384600.026,17121,10000008.3917603,249999990
1791384600.277,17122,10000008.3949203,249999990
1791384600.528,17123,10000008.4023603,249999989
1791384600.779,17124,10000008.3976403,249999990
1791384601.029,17125,10000008.3968803,249999990
1791384601.292,17126,10000008.3999970,250000090
1791384601.526,17127,10000008.3920003,249999990
1791384601.775,17128,10000008.3595603,249999991
1791384602.027,17129,10000008.4324404,249999989
1791384602.306,17130,10000008.4080003,249999989
1791384602.528,17131,10000008.3886403,249999990
1791384602.784,17132,10000008.3798003,249999990
1791384603.032,17133,10000008.4315604,249999989
1791384603.277,17134,10000008.3636003,249999990
1791384603.527,17135,10000008.4048403,249999989
1791384603.781,17136,10000008.3911170,250000090
1791384604.031,17137,10000008.4040403,249999989
1791384604.289,17138,10000008.3733203,249999990
1791384604.532,17139,10000008.4114403,249999989
1791384604.829,17140,10000008.3938803,249999990
1791384605.031,17141,10000008.4000003,249999990
1791384605.281,17142,10000008.3899603,249999990
1791384605.532,17143,10000008.4161604,249999989
1791384605.779,17144,10000008.3796003,249999990
1791384606.031,17145,10000008.4000003,249999990
1791384606.281,17146,10000008.3999970,250000090
1791384606.530,17147,10000008.3942403,249999990
1791384606.778,17148,10000008.4000003,249999990
1791384607.031,17149,10000008.4000003,249999990
1791384607.279,17150,10000008.3886803,249999990
1791384607.528,17151,10000008.4034803,249999989
1791384607.779,17152,10000008.3965203,249999990
1791384608.028,17153,10000008.3959603,249999990
1791384608.278,17154,10000008.4040403,249999989
1791384608.530,17155,10000008.3916403,249999990
1791384608.782,17156,10000008.3999970,250000090
1791384608.982,17157,10000008.3940403,249999990
1791384609.246,17158,10000008.4059603,249999989
1791384609.498,17159,10000008.3864403,249999990
1791384609.730,17160,10000008.4076003,249999989
1791384609.983,17161,10000008.3965203,249999990
1791384610.230,17162,10000008.3958403,249999990
1791384610.485,17163,10000008.4000003,249999990
1791384610.732,17164,10000008.4000003,249999990
1791384610.984,17165,10000008.4000003,249999990
1791384611.231,17166,10000008.3931170,250000090
1791384611.484,17167,10000008.3956003,249999990
1791384611.734,17168,10000008.4044003,249999989
1791384611.983,17169,10000008.3332403,249999991
1791384612.231,17170,10000008.4556004,249999988
1791384612.483,17171,10000008.4000003,249999990
1791384612.730,17172,10000008.4111203,249999989
1791384612.981,17173,10000008.3750803,249999990
1791384613.232,17174,10000008.4205204,249999989
1791384613.480,17175,10000008.3871203,249999990
1791384613.733,17176,10000008.3999970,250000090
1791384613.983,17177,10000008.3872403,249999990
1791384614.232,17178,10000008.4127603,249999989
1791384614.488,17179,10000008.3418003,249999991
1791384614.733,17180,10000008.4582004,249999988
1791384614.980,17181,10000008.3946403,249999990
1791384615.232,17182,10000008.4019603,249999989
1791384615.494,17183,10000008.3851203,249999990
1791384615.735,17184,10000008.4311604,249999989
1791384615.982,17185,10000008.3871203,249999990
1791384616.235,17186,10000008.3965970,250000090
1791384616.486,17187,10000008.3906403,249999990
1791384616.732,17188,10000008.4188804,249999989
1791384616.983,17189,10000008.3444003,249999991
1791384617.234,17190,10000008.4556004,249999988
1791384617.486,17191,10000008.4000003,249999990
1791384617.732,17192,10000008.4000003,249999990
1791384617.986,17193,10000008.3938803,249999990
1791384618.234,17194,10000008.4200404,249999989
1791384618.483,17195,10000008.3928403,249999990
1791384618.736,17196,10000008.4071570,250000089
1791384618.983,17197,10000008.3928403,249999990
1791384619.233,17198,10000008.4112803,249999989
1791384619.484,17199,10000008.3887203,249999990
1791384619.735,17200,10000008.4188804,249999989
1791384619.983,17201,10000008.3952003,249999990
1791384620.233,17202,10000008.4000003,249999990
1791384620.489,17203,10000008.4000003,249999990
1791384620.735,17204,10000008.4107603,249999989
1791384620.984,17205,10000008.4000003,249999990
1791384621.236,17206,10000008.4043170,250000089
1791384621.491,17207,10000008.4040403,249999989
1791384621.744,17208,10000008.4000003,249999990
1791384621.986,17209,10000008.4000003,249999990
1791384622.235,17210,10000008.4000003,249999990
1791384622.489,17211,10000008.4034803,249999989
1791384622.738,17212,10000008.3965203,249999990
1791384622.984,17213,10000008.4113203,249999989
1791384623.236,17214,10000008.3943203,249999990
1791384623.486,17215,10000008.4114403,249999989
1791384623.737,17216,10000008.3942370,250000090
1791384623.988,17217,10000008.4100003,249999989
1791384624.235,17218,10000008.3957603,249999990
1791384624.490,17219,10000008.4042403,249999989
1791384624.738,17220,10000008.4047203,249999989
1791384624.990,17221,10000008.4053203,249999989
1791384625.236,17222,10000008.3946803,249999990
1791384625.491,17223,10000008.4315604,249999989
1791384625.737,17224,10000008.3798803,249999990
1791384625.989,17225,10000008.4112403,249999989
1791384626.240,17226,10000008.3999970,250000090
1791384626.496,17227,10000008.4155204,249999989
1791384626.739,17228,10000008.3671203,249999990
1791384626.989,17229,10000008.4328804,249999989
1791384627.236,17230,10000008.3933603,249999990
1791384627.489,17231,10000008.4235604,249999989
1791384627.740,17232,10000008.3916403,249999990
1791384628.000,17233,10000008.4243604,249999989
1791384628.237,17234,10000008.4000003,249999990
1791384628.488,17235,10000008.3920003,249999990
1791384628.741,17236,10000008.4041570,250000089
1791384628.990,17237,10000008.4000003,249999990
1791384629.342,17238,10000008.3554003,249999991
1791384629.493,17239,10000008.4446004,249999988
1791384629.744,17240,10000008.4120003,249999989
1791384629.990,17241,10000008.3918403,249999990
1791384630.239,17242,10000008.4267204,249999989
1791384630.493,17243,10000008.3787603,249999990
1791384630.738,17244,10000008.4109203,249999989
1791384630.988,17245,10000008.3917603,249999990
1791384631.238,17246,10000008.5435570,250000086
1791384631.492,17247,10000008.4122403,249999989
1791384631.742,17248,10000008.4202804,249999989
1791384632.006,17249,10000008.4000003,249999990
1791384632.239,17250,10000008.4314004,249999989
1791384632.494,17251,10000008.4190404,249999989
1791384632.740,17252,10000008.4000003,249999990
1791384632.993,17253,10000008.4282004,249999989
1791384633.244,17254,10000008.3938803,249999990
1791384633.495,17255,10000008.4061170,250000089
1791384633.743,17256,10000008.4000003,249999990
1791384633.992,17257,10000008.4180004,249999989
1791384634.246,17258,10000008.3758403,249999990
1791384634.497,17259,10000008.4269604,249999989
1791384634.745,17260,10000008.4013203,249999989
1791384634.998,17261,10000008.4034803,249999989
1791384635.247,17262,10000008.3965203,249999990
1791384635.497,17263,10000008.4034803,249999989
1791384635.746,17264,10000008.4143203,249999989
1791384636.014,17265,10000008.3916370,250000090
1791384636.244,17266,10000008.4043203,249999989
1791384636.496,17267,10000008.4000003,249999990
1791384636.747,17268,10000008.4040403,249999989
1791384636.997,17269,10000008.4000003,249999990
1791384637.277,17270,10000008.4034803,249999989
1791384637.499,17271,10000008.3965203,249999990
1791384637.745,17272,10000008.4113203,249999989
1791384638.001,17273,10000008.3886803,249999990
1791384638.243,17274,10000008.4056003,249999989
1791384638.508,17275,10000008.3999970,250000090
1791384638.748,17276,10000008.4056803,249999989
1791384638.998,17277,10000008.4000003,249999990
1791384639.249,17278,10000008.4057603,249999989
1791384639.566,17279,10000008.4000003,249999990
1791384639.749,17280,10000008.4000003,249999990
1791384639.997,17281,10000008.3942403,249999990
1791384640.246,17282,10000008.4147203,249999989
1791384640.499,17283,10000008.3852803,249999990
1791384640.749,17284,10000008.4100003,249999989
1791384640.998,17285,10000008.3999970,250000090
1791384641.246,17286,10000008.4047203,249999989
1791384641.497,17287,10000008.3852803,249999990
1791384641.747,17288,10000008.4100003,249999989
1791384642.000,17289,10000008.4000003,249999990
1791384642.247,17290,10000008.4047203,249999989
1791384642.500,17291,10000008.4000003,249999990
1791384642.746,17292,10000008.4172004,249999989
1791384643.000,17293,10000008.3680803,249999990
1791384643.247,17294,10000008.4057603,249999989
1791384643.500,17295,10000008.3999970,250000090
1791384643.746,17296,10000008.4042403,249999989
1791384643.999,17297,10000008.3900003,249999990
1791384644.250,17298,10000008.4100003,249999989
1791384644.500,17299,10000008.3900003,249999990
1791384644.749,17300,10000008.4057603,249999989
1791384645.169,17301,10000008.3902003,249999990
1791384645.301,17302,10000012.4098005,249999989
1791384645.501,17303,10000008.3942403,249999990
1791384645.748,17304,10000008.4000003,249999990
1791384646.000,17305,10000008.3943170,250000090
1791384646.252,17306,10000008.4056803,249999989
1791384646.514,17307,10000008.3943203,249999990
1791384646.795,17308,10000008.4000003,249999990
1791384647.019,17309,10000008.3944003,249999990
1791384647.384,17310,10000008.4000003,249999990
1791384647.500,17311,10000008.3959603,249999990
1791384647.749,17312,10000008.4040403,249999989
1791384648.000,17313,10000008.4000003,249999990
1791384648.254,17314,10000008.3916403,249999990
1791384648.501,17315,10000008.3999970,250000090
1791384648.751,17316,10000008.4000003,249999990
1791384649.001,17317,10000008.4000003,249999990
1791384649.251,17318,10000008.3892403,249999990
1791384649.502,17319,10000008.3971603,249999990
1791384649.752,17320,10000008.4028403,249999989
1791384650.002,17321,10000008.3902803,249999990
1791384650.249,17322,10000008.3888803,249999990
1791384650.503,17323,10000008.4139203,249999989
1791384650.753,17324,10000008.3972003,249999990
1791384651.002,17325,10000008.3888770,250000090
1791384651.249,17326,10000008.3904803,249999990
1791384651.500,17327,10000008.4095203,249999989
1791384651.749,17328,10000008.3302403,249999991
1791384652.010,17329,10000008.4302804,249999989
1791384652.251,17330,10000008.3697203,249999990
1791384652.500,17331,10000008.4141603,249999989
1791384652.753,17332,10000008.3566803,249999991
1791384653.002,17333,10000008.2478802,249999993
1791384653.253,17334,10000008.5444405,249999986
1791384653.505,17335,10000008.3999970,250000090
1791384653.752,17336,10000008.3954403,249999990
1791384654.003,17337,10000008.2564402,249999993
1791384654.249,17338,10000008.5558005,249999986
1791384654.502,17339,10000008.2524002,249999993
1791384654.753,17340,10000008.3890803,249999990
1791384655.003,17341,10000008.3976403,249999990
1791384655.252,17342,10000008.3968803,249999990
1791384655.503,17343,10000008.4054803,249999989
1791384655.754,17344,10000008.3945203,249999990
1791384656.024,17345,10000008.3961603,249999990
1791384656.253,17346,10000008.3878370,250000090
1791384656.504,17347,10000008.4080003,249999989
1791384656.750,17348,10000008.3595603,249999991
1791384657.002,17349,10000008.4240804,249999989
1791384657.250,17350,10000008.3914403,249999990
1791384657.511,17351,10000008.3933603,249999990
1791384657.988,17352,10000008.3856403,249999990
1791384658.045,17353,10000008.4379204,249999989
1791384658.257,17354,10000008.3502003,249999991
1791384658.507,17355,10000008.4173204,249999989
1791384658.756,17356,10000008.3826770,250000090
1791384659.008,17357,10000008.4061203,249999989
1791384659.258,17358,10000008.3838403,249999990
1791384659.507,17359,10000008.4100403,249999989
1791384659.756,17360,10000008.3857203,249999990
1791384660.004,17361,10000008.4000003,249999990
1791384660.257,17362,10000008.3942403,249999990
1791384660.509,17363,10000008.4057603,249999989
1791384660.756,17364,10000008.3885603,249999990
1791384661.006,17365,10000008.4056803,249999989
1791384661.258,17366,10000008.3886770,250000090
1791384661.510,17367,10000008.4000003,249999990
1791384661.756,17368,10000008.4000003,249999990
1791384662.006,17369,10000008.3856803,249999990
1791384662.259,17370,10000008.4059603,249999989
1791384662.510,17371,10000008.3940403,249999990
1791384662.759,17372,10000008.3965203,249999990
1791384663.010,17373,10000008.3958403,249999990
1791384663.259,17374,10000008.4041603,249999989
1791384663.511,17375,10000008.3889603,249999990
1791384663.756,17376,10000008.3999970,250000090
1791384664.009,17377,10000008.3888803,249999990
1791384664.256,17378,10000008.4000003,249999990
1791384664.510,17379,10000008.3302403,249999991
1791384664.760,17380,10000008.4508804,249999988
1791384665.009,17381,10000008.3680003,249999990
1791384665.257,17382,10000008.4159603,249999989
1791384665.513,17383,10000008.3456403,249999991
1791384665.760,17384,10000008.3746403,249999990
1791384666.011,17385,10000008.4080003,249999989
1791384666.260,17386,10000008.4044770,250000089
1791384666.511,17387,10000008.3955203,249999990
1791384666.759,17388,10000008.2555602,249999993
1791384667.007,17389,10000008.5521205,249999986
1791384667.259,17390,10000008.2391202,249999994
1791384667.511,17391,10000008.4050803,249999989
1791384667.761,17392,10000008.3918403,249999990
1791384668.018,17393,10000008.4054803,249999989
1791384668.258,17394,10000008.4000003,249999990
1791384668.510,17395,10000008.3906803,249999990
1791384668.757,17396,10000008.4038403,249999989
1791384669.048,17397,10000008.3880770,250000090
1791384669.257,17398,10000008.4081203,249999989
1791384669.512,17399,10000008.3474003,249999991
1791384669.759,17400,10000008.4404404,249999988
1791384670.010,17401,10000008.4000003,249999990
1791384670.262,17402,10000008.3916403,249999990
1791384670.510,17403,10000008.3759203,249999990
1791384670.759,17404,10000008.4364804,249999989
1791384671.011,17405,10000008.3522803,249999991
1791384671.259,17406,10000008.4201204,249999989
1791384671.510,17407,10000008.3911170,250000090
1791384671.761,17408,10000008.4040403,249999989
1791384672.011,17409,10000008.3733203,249999990
1791384672.263,17410,10000008.4053203,249999989
1791384672.511,17411,10000008.4061203,249999989
1791384672.760,17412,10000008.4000003,249999990
1791384673.010,17413,10000008.3885603,249999990
1791384673.257,17414,10000008.4315604,249999989
1791384673.511,17415,10000008.3684403,249999990
1791384673.762,17416,10000008.3910403,249999990
1791384674.010,17417,10000008.4042370,250000089
1791384674.258,17418,10000008.4000003,249999990
1791384674.512,17419,10000008.3900003,249999990
1791384674.759,17420,10000008.4057603,249999989
1791384675.010,17421,10000008.3942403,249999990
1791384675.259,17422,10000008.4000003,249999990
1791384675.513,17423,10000008.3943203,249999990
1791384675.762,17424,10000008.4056803,249999989
1791384676.013,17425,10000008.3886803,249999990
1791384676.263,17426,10000008.4056003,249999989
1791384676.510,17427,10000008.3999970,250000090
1791384676.762,17428,10000008.4000003,249999990
1791384677.009,17429,10000008.3944003,249999990
1791384677.264,17430,10000008.4000003,249999990
1791384677.510,17431,10000008.3959603,249999990
1791384677.762,17432,10000008.4040403,249999989
1791384678.011,17433,10000008.3916403,249999990
1791384678.313,17434,10000008.4000003,249999990
1791384678.514,17435,10000008.4000003,249999990
1791384678.764,17436,10000008.4000003,249999990
1791384679.021,17437,10000008.3999970,250000090
1791384679.261,17438,10000008.4000003,249999990
1791384679.513,17439,10000008.4000003,249999990
1791384679.762,17440,10000008.3905603,249999990
1791384680.011,17441,10000008.4034803,249999989
1791384680.264,17442,10000008.4000003,249999990
1791384680.514,17443,10000008.4000003,249999990
1791384680.766,17444,10000008.4000003,249999990
1791384681.014,17445,10000008.4000003,249999990
1791384681.263,17446,10000008.4000003,249999990
1791384681.516,17447,10000008.3923970,250000090
1791384681.765,17448,10000008.4076003,249999989
1791384682.012,17449,10000008.4000003,249999990
1791384682.262,17450,10000008.3682403,249999990
1791384682.517,17451,10000008.4200404,249999989
1791384682.765,17452,10000008.4000003,249999990
1791384683.016,17453,10000008.4000003,249999990
1791384683.265,17454,10000008.3928403,249999990
1791384683.512,17455,10000008.4112803,249999989
1791384683.765,17456,10000008.3958803,249999990
1791384684.014,17457,10000008.4041170,250000089
1791384684.262,17458,10000008.3918403,249999990
1791384684.518,17459,10000008.4081603,249999989
1791384684.781,17460,10000008.3724803,249999990
1791384685.016,17461,10000008.4194004,249999989
1791384685.288,17462,10000008.4000003,249999990
1791384685.515,17463,10000008.3968803,249999990
1791384685.766,17464,10000008.3932803,249999990
1791384686.016,17465,10000008.4111203,249999989
1791384686.268,17466,10000008.3888803,249999990
1791384686.515,17467,10000008.3999970,250000090
1791384686.768,17468,10000008.3938803,249999990
1791384687.017,17469,10000008.4128803,249999989
1791384687.267,17470,10000008.3424003,249999991
1791384687.518,17471,10000008.4508804,249999988
1791384687.766,17472,10000008.4000003,249999990
1791384688.018,17473,10000008.3904803,249999990
1791384688.269,17474,10000008.3906403,249999990
1791384688.522,17475,10000008.3042803,249999992
1791384688.769,17476,10000008.4902004,249999987
1791384689.022,17477,10000008.3999970,250000090
1791384689.273,17478,10000008.3688003,249999990
1791384689.524,17479,10000008.4367204,249999989
1791384689.772,17480,10000008.3440803,249999991
1791384690.022,17481,10000008.4353204,249999989
1791384690.270,17482,10000008.3554003,249999991
1791384690.522,17483,10000008.4332004,249999989
1791384690.775,17484,10000008.3582803,249999991
1791384691.022,17485,10000008.3780003,249999990
1791384691.271,17486,10000008.4305204,249999989
1791384691.523,17487,10000008.3973970,250000090
1791384691.772,17488,10000008.3910803,249999990
1791384692.021,17489,10000008.3810403,249999990
1791384692.271,17490,10000008.4253604,249999989
1791384692.526,17491,10000008.3936403,249999990
1791384692.773,17492,10000008.3934803,249999990
1791384693.022,17493,10000008.4032403,249999989
1791384693.274,17494,10000008.3923203,249999990
1791384693.523,17495,10000008.2518802,249999993
1791384693.773,17496,10000008.4000003,249999990
1791384694.021,17497,10000008.4000003,249999990
1791384694.271,17498,10000008.4130370,250000089
1791384694.522,17499,10000008.3788003,249999990
1791384694.774,17500,10000008.5640005,249999985
1791384696.430,17501,10000008.2478802,249999993
1791384696.430,17502,10000008.3963203,249999990
1791384696.430,17503,10000008.4036803,249999989
1791384696.487,17504,10000008.4045603,249999989
1791384696.487,17505,10000008.3890803,249999990
1791384696.533,17507,10000008.3918403,249999990
1791384696.774,17508,10000008.3999970,250000090
1791384697.024,17509,10000008.4000003,249999990
1791384697.272,17510,10000008.5562805,249999986
1791384697.524,17511,10000008.2437202,249999993
1791384697.774,17512,10000008.3961603,249999990
1791384698.025,17513,10000008.4038403,249999989
1791384698.275,17514,10000008.4031203,249999989
1791384698.523,17515,10000008.4023603,249999989
1791384698.777,17516,10000008.3945203,249999990
1791384699.026,17517,10000008.3920003,249999990
1791384699.277,17518,10000008.4041570,250000089
1791384699.525,17519,10000008.4069203,249999989
1791384699.775,17520,10000008.3430003,249999991
1791384700.026,17521,10000008.4500804,249999988
1791384700.274,17522,10000008.4038403,249999989
1791384700.526,17523,10000008.3961603,249999990
1791384700.778,17524,10000008.3918803,249999990
1791384701.029,17525,10000008.4174004,249999989
1791384701.275,17526,10000008.3976403,249999990
1791384701.526,17527,10000008.3888803,249999990
1791384701.775,17528,10000008.3836370,250000090
1791384702.027,17529,10000008.4243604,249999989
1791384702.278,17530,10000008.3670803,249999990
1791384702.537,17531,10000008.4085603,249999989
1791384702.775,17532,10000008.4205204,249999989
1791384703.030,17533,10000008.4038403,249999989
1791384703.276,17534,10000008.4000003,249999990
1791384703.526,17535,10000008.4054803,249999989
1791384703.779,17536,10000008.3906803,249999990
1791384704.029,17537,10000008.4000003,249999990
1791384704.275,17538,10000008.4038370,250000089
1791384704.528,17539,10000008.4000003,249999990
1791384704.778,17540,10000008.3515603,249999991
1791384705.026,17541,10000008.4324404,249999989
1791384705.276,17542,10000008.4080003,249999989
1791384705.529,17543,10000008.4080003,249999989
1791384705.776,17544,10000008.4054803,249999989
1791384706.034,17545,10000008.4000003,249999990
1791384706.276,17546,10000008.3906803,249999990
1791384706.529,17547,10000008.4000003,249999990
1791384706.779,17548,10000008.4069170,250000089
1791384707.026,17549,10000008.3968803,249999990
1791384707.280,17550,10000008.3556003,249999991
1791384707.531,17551,10000008.4444004,249999988
1791384707.780,17552,10000008.4000003,249999990
1791384708.030,17553,10000008.4000003,249999990
1791384708.279,17554,10000008.4000003,249999990
1791384708.529,17555,10000008.4031203,249999989
1791384708.779,17556,10000008.3930803,249999990
1791384709.027,17557,10000008.4038403,249999989
1791384709.280,17558,10000008.3999970,250000090
1791384709.530,17559,10000008.4000003,249999990
1791384709.779,17560,10000008.3515603,249999991
1791384710.031,17561,10000008.4446004,249999988
1791384710.228,17562,10000008.4120003,249999989
1791384710.480,17563,10000008.3880003,249999990
1791384710.730,17564,10000008.4038403,249999989
1791384710.981,17565,10000008.4118803,249999989
1791384711.228,17566,10000008.3881203,249999990
1791384711.481,17567,10000008.3961603,249999990
1791384711.729,17568,10000008.3999970,250000090
1791384711.981,17569,10000008.4069203,249999989
1791384712.228,17570,10000008.5532005,249999986
1791384712.483,17571,10000008.2317602,249999994
1791384712.729,17572,10000008.4150404,249999989
1791384712.983,17573,10000008.3930803,249999990
1791384713.233,17574,10000008.4069203,249999989
1791384713.480,17575,10000008.4023603,249999989
1791384713.733,17576,10000008.3945203,249999990
1791384713.984,17577,10000008.3920003,249999990
1791384714.230,17578,10000008.4079970,250000089
1791384714.484,17579,10000008.4054803,249999989
1791384714.733,17580,10000008.3406403,249999991
1791384714.984,17581,10000008.4419604,249999988
1791384715.231,17582,10000008.4174004,249999989
1791384715.484,17583,10000008.3865203,249999990
1791384715.729,17584,10000008.4080003,249999989
1791384715.980,17585,10000008.4054803,249999989
1791384716.230,17586,10000008.3976403,249999990
1791384716.484,17587,10000008.3930803,249999990
1791384716.730,17588,10000008.3999970,250000090
1791384716.983,17589,10000008.4038403,249999989
1791384717.233,17590,10000008.3840003,249999990
1791384717.482,17591,10000008.4160004,249999989
1791384717.732,17592,10000008.4000003,249999990
1791384717.983,17593,10000008.4000003,249999990
1791384718.230,17594,10000008.4000003,249999990
1791384718.501,17595,10000008.4118803,249999989
1791384718.734,17596,10000008.3801203,249999990
1791384718.992,17597,10000008.4041603,249999989
1791384719.231,17598,10000008.3958370,250000090
1791384719.484,17599,10000008.4080003,249999989
1791384719.732,17600,10000008.3840003,249999990
1791384719.986,17601,10000008.4121603,249999989
1791384720.232,17602,10000008.4038403,249999989
1791384720.482,17603,10000008.3920003,249999990
1791384720.732,17604,10000008.3920003,249999990
1791384720.987,17605,10000008.4214404,249999989
1791384721.235,17606,10000008.3945203,249999990
1791384721.485,17607,10000008.4000003,249999990
1791384721.737,17608,10000008.3919970,250000090
1791384721.983,17609,10000008.4080003,249999989
1791384722.233,17610,10000008.3460803,249999991
1791384722.487,17611,10000008.4419604,249999988
1791384722.736,17612,10000008.4081203,249999989
1791384722.983,17613,10000008.4038403,249999989
1791384723.235,17614,10000008.4000003,249999990
1791384723.492,17615,10000008.4000003,249999990
1791384723.736,17616,10000008.3920003,249999990
1791384723.988,17617,10000008.4000003,249999990
1791384724.236,17618,10000008.4134770,250000089
1791384724.487,17619,10000008.3945203,249999990
1791384724.734,17620,10000008.3403203,249999991
1791384724.985,17621,10000008.4436804,249999988
1791384725.233,17622,10000008.4121603,249999989
1791384725.498,17623,10000008.4000003,249999990
1791384726.939,17624,10000008.4038403,249999989
1791384726.939,17625,10000008.4000003,249999990
1791384726.939,17626,10000008.3880803,249999990
1791384726.984,17627,10000008.4081203,249999989
1791384726.984,17628,10000008.4038370,250000089
1791384727.029,17629,10000008.3961603,249999990
1791384727.235,17630,10000008.3499203,249999991
1791384727.490,17631,10000008.4458804,249999988
1791384727.741,17632,10000008.4041603,249999989
1791384727.992,17633,10000008.3958403,249999990
1791384728.236,17634,10000008.4000003,249999990
1791384728.488,17635,10000008.4162004,249999989
1791384728.737,17636,10000008.3838003,249999990
1791384728.990,17637,10000008.4000003,249999990
1791384729.338,17638,10000008.4041570,250000089
1791384729.490,17639,10000008.4000003,249999990
1791384729.741,17640,10000008.3554003,249999991
1791384729.990,17641,10000008.4404404,249999988
1791384730.239,17642,10000008.3960803,249999990
1791384730.493,17643,10000008.4119203,249999989
1791384730.738,17644,10000008.3920003,249999990
1791384730.989,17645,10000008.4134803,249999989
1791384731.238,17646,10000008.3906803,249999990
1791384731.500,17647,10000008.3958403,249999990
1791384731.738,17648,10000008.3999970,250000090
1791384731.989,17649,10000008.4080003,249999989
1791384732.239,17650,10000008.3515603,249999991
1791384732.492,17651,10000008.4446004,249999988
1791384732.740,17652,10000008.4038403,249999989
1791384732.990,17653,10000008.3961603,249999990
1791384733.239,17654,10000008.3958403,249999990
1791384733.493,17655,10000008.4134803,249999989
1791384733.740,17656,10000008.4027203,249999989
1791384733.991,17657,10000008.3838003,249999990
1791384734.237,17658,10000008.4041570,250000089
1791384734.492,17659,10000008.4069203,249999989
1791384734.741,17660,10000008.3725203,249999990
1791384734.991,17661,10000008.4205204,249999989
1791384735.238,17662,10000008.4038403,249999989
1791384735.492,17663,10000008.3961603,249999990
1791384735.744,17664,10000008.4069203,249999989
1791384735.991,17665,10000008.4050803,249999989
1791384736.238,17666,10000008.3949203,249999990
1791384736.492,17667,10000008.3968803,249999990
1791384736.741,17668,10000008.4211970,250000089
1791384736.988,17669,10000008.3749603,249999990
1791384737.241,17670,10000008.5601205,249999985
1791384737.488,17671,10000008.2491602,249999993
1791384737.741,17672,10000008.4027203,249999989
1791384737.991,17673,10000008.3949203,249999990
1791384738.242,17674,10000008.4133203,249999989
1791384738.495,17675,10000008.4000003,249999990
1791384738.741,17676,10000008.3954403,249999990
1791384738.991,17677,10000008.4000003,249999990
1791384739.238,17678,10000008.4045570,250000089
1791384739.542,17679,10000008.3917603,249999990
1791384739.742,17680,10000008.5558005,249999986
1791384739.989,17681,10000008.2414802,249999993
1791384740.238,17682,10000008.4027203,249999989
1791384740.491,17683,10000008.5401205,249999986
1791384740.741,17684,10000008.3712803,249999990
1791384740.994,17685,10000008.2922802,249999992
1791384741.250,17686,10000008.5444405,249999986
1791384741.491,17687,10000008.2518802,249999993
1791384741.742,17688,10000008.5435570,250000086
1791384741.989,17689,10000008.2601202,249999993
1791384742.239,17690,10000008.5618005,249999985
1791384742.489,17691,10000008.3826403,249999990
1791384742.740,17692,10000008.4076803,249999989
1791384742.992,17693,10000008.4050403,249999989
1791384743.244,17694,10000008.3872403,249999990
1791384743.490,17695,10000008.2518802,249999993
1791384743.741,17696,10000008.5558005,249999986
1791384743.993,17697,10000008.4096770,250000089
1791384744.241,17698,10000008.3936403,249999990
1791384744.492,17699,10000008.4030403,249999989
1791384744.744,17700,10000008.4085203,249999989
1791384744.995,17701,10000008.3851603,249999990
1791384745.242,17702,10000008.4032803,249999989
1791384745.494,17703,10000008.4115603,249999989
1791384745.743,17704,10000008.3774803,249999990
1791384745.992,17705,10000008.3920003,249999990
1791384746.244,17706,10000008.4156804,249999989
1791384746.492,17707,10000008.4063170,250000089
1791384746.785,17708,10000008.3936803,249999990
1791384746.995,17709,10000008.4032803,249999989
1791384747.249,17710,10000008.4115603,249999989
1791384747.524,17711,10000008.3914803,249999990
1791384747.745,17712,10000008.3860003,249999990
1791384747.997,17713,10000008.4173604,249999989
1791384748.247,17714,10000008.3871203,249999990
1791384748.503,17715,10000008.2474002,249999993
1791384748.746,17716,10000008.5481205,249999986
1791384748.994,17717,10000008.4044770,250000089
1791384749.243,17718,10000008.3955203,249999990
1791384749.497,17719,10000008.4000003,249999990
1791384749.747,17720,10000008.4225204,249999989
1791384749.993,17721,10000008.3774803,249999990
1791384750.244,17722,10000008.2601202,249999993
1791384750.493,17723,10000008.5508805,249999986
1791384750.743,17724,10000008.2539202,249999993
1791384750.994,17725,10000008.3906403,249999990
1791384751.247,17726,10000008.4045603,249999989
1791384751.495,17727,10000008.3954403,249999990
1791384751.764,17728,10000008.4093570,250000089
1791384751.996,17729,10000008.3842403,249999990
1791384752.245,17730,10000008.5635605,249999985
1791384752.494,17731,10000008.2428402,249999993
1791384752.747,17732,10000008.4000003,249999990
1791384752.995,17733,10000008.3936003,249999990
1791384753.244,17734,10000008.4109203,249999989
1791384753.496,17735,10000008.3917603,249999990
1791384753.744,17736,10000008.4036803,249999989
1791384753.996,17737,10000008.3936003,249999990
1791384754.256,17738,10000008.4109170,250000089
1791384754.498,17739,10000008.3890803,249999990
1791384754.744,17740,10000008.5552805,249999986
1791384754.994,17741,10000008.2474002,249999993
1791384755.247,17742,10000008.4036803,249999989
1791384755.498,17743,10000008.3912403,249999990
1791384755.748,17744,10000008.3968803,249999990
1791384755.998,17745,10000008.4081603,249999989
1791384756.244,17746,10000008.4000003,249999990
1791384756.494,17747,10000008.3880003,249999990
1791384756.747,17748,10000008.4038370,250000089
1791384756.997,17749,10000008.4031203,249999989
1791384757.244,17750,10000008.5532005,249999986
1791384757.495,17751,10000008.2491602,249999993
1791384757.748,17752,10000008.4000003,249999990
1791384757.998,17753,10000008.3945203,249999990
1791384758.245,17754,10000008.4000003,249999990
1791384758.495,17755,10000008.4081603,249999989
1791384758.747,17756,10000008.4000003,249999990
1791384758.999,17757,10000008.4000003,249999990
1791384759.249,17758,10000008.4036770,250000089
1791384759.516,17759,10000008.3881203,249999990
1791384759.748,17760,10000008.5517605,249999986
1791384760.002,17761,10000008.2513602,249999993
1791384760.246,17762,10000008.4023603,249999989
1791384760.498,17763,10000008.3945203,249999990
1791384760.751,17764,10000008.4031203,249999989
1791384761.012,17765,10000008.4023603,249999989
1791384761.249,17766,10000008.3976403,249999990
1791384761.518,17767,10000008.4023603,249999989
1791384761.763,17768,10000008.3945170,250000090
1791384761.998,17769,10000008.4000003,249999990
1791384762.248,17770,10000008.3670803,249999990
1791384762.500,17771,10000008.4290804,249999989
1791384762.751,17772,10000008.4093203,249999989
1791384764.451,17773,10000008.3906803,249999990
1791384764.451,17774,10000008.3958403,249999990
1791384764.452,17775,10000008.4198804,249999989
1791384764.496,17776,10000008.3912403,249999990
1791384764.496,17777,10000008.3930803,249999990
1791384764.543,17779,10000008.4038403,249999989
1791384764.754,17780,10000008.3515603,249999991
1791384765.001,17781,10000008.4404404,249999988
1791384765.252,17782,10000008.4000003,249999990
1791384765.502,17783,10000008.4080003,249999989
1791384765.750,17784,10000008.3840003,249999990
1791384766.003,17785,10000008.4214404,249999989
1791384766.249,17786,10000008.3865203,249999990
1791384766.502,17787,10000008.3960803,249999990
1791384766.750,17788,10000008.4039170,250000089
1791384767.002,17789,10000008.4000003,249999990
1791384767.250,17790,10000008.3595603,249999991
1791384767.503,17791,10000008.4324404,249999989
1791384767.752,17792,10000008.4080003,249999989
1791384768.004,17793,10000008.3920003,249999990
1791384768.249,17794,10000008.3916403,249999990
1791384768.500,17795,10000008.4205204,249999989
1791384768.753,17796,10000008.3918803,249999990
1791384769.001,17797,10000008.3925603,249999990
1791384769.253,17798,10000008.3901570,250000090
1791384769.501,17799,10000008.4098403,249999989
1791384769.766,17800,10000008.3654403,249999990
1791384770.003,17801,10000008.4143603,249999989
1791384770.253,17802,10000008.4066403,249999989
1791384770.501,17803,10000008.4000003,249999990
1791384770.752,17804,10000008.3790003,249999990
1791384771.005,17805,10000008.4379204,249999989
1791384771.253,17806,10000008.3620803,249999990
1791384771.503,17807,10000008.4143603,249999989
1791384771.752,17808,10000008.3856370,250000090
1791384772.005,17809,10000008.4000003,249999990
1791384772.255,17810,10000008.3828003,249999990
1791384772.504,17811,10000008.4114403,249999989
1791384772.752,17812,10000008.4057603,249999989
1791384773.006,17813,10000008.3942403,249999990
1791384773.263,17814,10000008.3838403,249999990
1791384773.504,17815,10000008.4274004,249999989
1791384773.753,17816,10000008.3684003,249999990
1791384774.007,17817,10000008.4089603,249999989
1791384774.253,17818,10000008.3999970,250000090
1791384774.506,17819,10000008.3952803,249999990
1791384774.755,17820,10000008.3900003,249999990
1791384775.003,17821,10000008.4057603,249999989
1791384775.256,17822,10000008.3942403,249999990
1791384775.503,17823,10000008.4000003,249999990
1791384775.755,17824,10000008.3886803,249999990
1791384776.005,17825,10000008.4113203,249999989
1791384776.252,17826,10000008.3921603,249999990
1791384776.506,17827,10000008.4078403,249999989
1791384776.754,17828,10000008.3886770,250000090
1791384777.008,17829,10000008.4000003,249999990
1791384777.255,17830,10000008.4000003,249999990
1791384777.507,17831,10000008.4000003,249999990
1791384777.755,17832,10000008.3959603,249999990
1791384778.007,17833,10000008.3956803,249999990
1791384778.311,17834,10000008.3940403,249999990
1791384778.508,17835,10000008.4000003,249999990
1791384778.758,17836,10000008.4000003,249999990
1791384779.009,17837,10000008.4000003,249999990
1791384779.256,17838,10000008.3923970,250000090
1791384779.508,17839,10000008.3958803,249999990
1791384779.771,17840,10000008.4069203,249999989
1791384780.009,17841,10000008.3602403,249999990
1791384780.255,17842,10000008.4256404,249999989
1791384780.508,17843,10000008.4000003,249999990
1791384780.758,17844,10000008.3932803,249999990
1791384781.009,17845,10000008.3811203,249999990
1791384781.254,17846,10000008.3042803,249999992
1791384781.505,17847,10000008.4902004,249999987
1791384781.757,17848,10000008.3895170,250000090
1791384782.011,17849,10000008.3601203,249999990
1791384782.257,17850,10000008.4192004,249999989
1791384782.506,17851,10000008.3715203,249999990
1791384782.756,17852,10000008.3948403,249999990
1791384783.007,17853,10000008.3903203,249999990
1791384783.255,17854,10000008.3843203,249999990
1791384783.506,17855,10000008.3712803,249999990
1791384783.755,17856,10000008.2922802,249999992
1791384784.010,17857,10000008.3963203,249999990
1791384784.256,17858,10000008.4000003,249999990
1791384784.508,17859,10000008.3972770,250000090
1791384784.769,17860,10000008.3945203,249999990
1791384785.016,17861,10000008.5562805,249999986
1791384785.260,17862,10000008.2356802,249999994
1791384785.510,17863,10000008.4080003,249999989
1791384785.760,17864,10000008.4000003,249999990
1791384786.013,17865,10000008.3840003,249999990
1791384786.260,17866,10000008.4214404,249999989
1791384786.519,17867,10000008.3865203,249999990
1791384786.757,17868,10000008.4041603,249999989
1791384787.011,17869,10000008.3794770,250000090
1791384787.266,17870,10000008.3914403,249999990
1791384787.510,17871,10000008.3790003,249999990
1791384787.759,17872,10000008.4379204,249999989
1791384788.012,17873,10000008.3764403,249999990
1791384788.261,17874,10000008.4066403,249999989
1791384788.509,17875,10000008.3732403,249999990
1791384788.760,17876,10000008.4436804,249999988
1791384789.008,17877,10000008.3620803,249999990
1791384789.262,17878,10000008.4000003,249999990
1791384789.510,17879,10000008.3942370,250000090
1791384789.760,17880,10000008.4057603,249999989
1791384790.011,17881,10000008.3828003,249999990
1791384790.261,17882,10000008.4000003,249999990
1791384790.511,17883,10000008.3910403,249999990
1791384790.762,17884,10000008.4089603,249999989
1791384791.012,17885,10000008.3852803,249999990
1791384791.268,17886,10000008.4147203,249999989
1791384791.513,17887,10000008.3852803,249999990
1791384791.761,17888,10000008.4000003,249999990
1791384792.014,17889,10000008.3943170,250000090
1791384792.262,17890,10000008.4056803,249999989
1791384792.510,17891,10000008.3943203,249999990
1791384792.764,17892,10000008.3944003,249999990
1791384793.013,17893,10000008.4000003,249999990
1791384793.263,17894,10000008.4113203,249999989
1791384793.516,17895,10000008.3803203,249999990
1791384793.761,17896,10000008.4000003,249999990
1791384794.014,17897,10000008.4000003,249999990
1791384794.264,17898,10000008.4000003,249999990
1791384794.511,17899,10000008.3940370,250000090
1791384794.764,17900,10000008.3952003,249999990
1791384795.014,17901,10000008.4000003,249999990
1791384795.263,17902,10000008.3858803,249999990
1791384795.511,17903,10000008.4031203,249999989
1791384795.762,17904,10000008.3968803,249999990
1791384796.014,17905,10000008.4044003,249999989
1791384796.263,17906,10000008.3750803,249999990
1791384796.513,17907,10000008.4137603,249999989
1791384796.765,17908,10000008.3718003,249999990
1791384797.015,17909,10000008.3932770,250000090
1791384797.265,17910,10000008.3508403,249999991
1791384797.512,17911,10000008.3948403,249999990
1791384797.764,17912,10000008.4051603,249999989
1791384798.013,17913,10000008.3851603,249999990
1791384798.262,17914,10000008.3853603,249999990
1791384798.514,17915,10000008.2588002,249999993
1791384798.764,17916,10000008.4082403,249999989
1791384799.015,17917,10000008.3954403,249999990
1791384799.264,17918,10000008.3936003,249999990
1791384799.515,17919,10000008.4064003,249999989
1791384799.765,17920,10000008.3843170,250000090
1791384800.012,17921,10000008.4038403,249999989
1791384800.262,17922,10000008.3403203,249999991
1791384800.514,17923,10000008.4477204,249999988
1791384800.764,17924,10000008.4039203,249999989
1791384801.012,17925,10000008.3960803,249999990
1791384801.274,17926,10000008.3875603,249999990
1791384801.514,17927,10000008.4205204,249999989
1791384801.762,17928,10000008.3709203,249999990
1791384802.014,17929,10000008.3885203,249999990
1791384802.262,17930,10000008.3905170,250000090
1791384802.515,17931,10000008.4054803,249999989
1791384802.772,17932,10000008.3726003,249999990
1791384803.021,17933,10000008.4161604,249999989
1791384803.265,17934,10000008.3838403,249999990
1791384803.517,17935,10000008.4100403,249999989
1791384803.763,17936,10000008.3857203,249999990
1791384804.013,17937,10000008.4142804,249999989
1791384804.263,17938,10000008.3799603,249999990
1791384804.516,17939,10000008.3943203,249999990
1791384804.764,17940,10000008.3999970,250000090
1791384805.020,17941,10000008.3978403,249999990
1791384805.268,17942,10000008.4021603,249999989
1791384805.518,17943,10000008.3860003,249999990
1791384805.772,17944,10000008.4000003,249999990
1791384806.016,17945,10000008.4000003,249999990
1791384806.268,17946,10000008.3940403,249999990
1791384806.518,17947,10000008.3882803,249999990
1791384806.765,17948,10000008.4069203,249999989
1791384807.016,17949,10000008.3902803,249999990
1791384807.269,17950,10000008.3955970,250000090
1791384807.519,17951,10000008.3871203,249999990
1791384807.769,17952,10000008.4000003,249999990
1791384808.017,17953,10000008.3274803,249999991
1791384808.269,17954,10000008.4178804,249999989
1791384808.515,17955,10000008.3909603,249999990
1791384808.767,17956,10000008.3949603,249999990
1791384809.019,17957,10000008.3636403,249999990
1791384809.267,17958,10000008.2601202,249999993
1791384809.519,17959,10000008.4000003,249999990
1791384809.770,17960,10000008.3881203,249999990
1791384810.021,17961,10000008.3919970,250000090
1791384810.267,17962,10000008.4080003,249999989
1791384810.520,17963,10000008.3806403,249999990
1791384810.770,17964,10000008.4155204,249999989
1791384811.021,17965,10000008.4038403,249999989
1791384811.268,17966,10000008.3961603,249999990
1791384811.522,17967,10000008.3878403,249999990
1791384811.769,17968,10000008.4121603,249999989
1791384812.021,17969,10000008.3709203,249999990
1791384812.269,17970,10000008.4000003,249999990
1791384812.518,17971,10000008.3933570,250000090
1791384812.772,17972,10000008.4000003,249999990
1791384813.023,17973,10000008.3684403,249999990
1791384813.272,17974,10000008.4114403,249999989
1791384813.518,17975,10000008.3938803,249999990
1791384813.770,17976,10000008.3946803,249999990
1791384814.021,17977,10000008.3852803,249999990
1791384814.269,17978,10000008.4261604,249999989
1791384814.521,17979,10000008.3738403,249999990
1791384814.769,17980,10000008.4000003,249999990
1791384815.021,17981,10000008.3921570,250000090
1791384815.272,17982,10000008.4078403,249999989
1791384815.520,17983,10000008.3886803,249999990
1791384815.770,17984,10000008.3959603,249999990
1791384816.024,17985,10000008.3956803,249999990
1791384816.273,17986,10000008.4000003,249999990
1791384816.527,17987,10000008.3940403,249999990
1791384816.769,17988,10000008.3924003,249999990
1791384817.024,17989,10000008.4076003,249999989
1791384817.275,17990,10000008.3882803,249999990
1791384817.524,17991,10000008.3999970,250000090
1791384817.774,17992,10000008.3860803,249999990
1791384818.024,17993,10000008.4111203,249999989
1791384818.274,17994,10000008.3332403,249999991
1791384818.526,17995,10000008.4494804,249999988
1791384818.776,17996,10000008.3872403,249999990
1791384819.021,17997,10000008.3944803,249999990
1791384819.274,17998,10000008.3496003,249999991
1791384819.524,17999,10000008.3602003,249999990
1791384819.775,18000,10000008.4253604,249999989
1791384820.025,18001,10000008.3936370,250000090
1791384820.272,18002,10000008.3890003,249999990
1791384820.525,18003,10000008.3920003,249999990
1791384820.775,18004,10000008.4220004,249999989
1791384821.024,18005,10000008.2460802,249999993
1791384821.275,18006,10000008.4000003,249999990
1791384821.544,18007,10000008.3836003,249999990
1791384821.774,18008,10000008.4212004,249999989
1791384822.024,18009,10000008.3906403,249999990
1791384822.273,18010,10000008.3936003,249999990
1791384822.526,18011,10000008.4000003,249999990
1791384822.775,18012,10000008.3976370,250000090
1791384823.025,18013,10000008.3968803,249999990
1791384823.272,18014,10000008.3515603,249999991
1791384823.527,18015,10000008.4404404,249999988
1791384823.775,18016,10000008.4080003,249999989
1791384824.026,18017,10000008.3961603,249999990
1791384824.273,18018,10000008.3878403,249999990
1791384824.526,18019,10000008.4160004,249999989
1791384824.776,18020,10000008.3756403,249999990
1791384825.028,18021,10000008.4000003,249999990
1791384825.274,18022,10000008.3999970,250000090
1791384825.524,18023,10000008.4000003,249999990
1791384825.777,18024,10000008.3646803,249999990
1791384826.036,18025,10000008.4201204,249999989
1791384826.276,18026,10000008.4066403,249999989
1791384826.523,18027,10000008.4000003,249999990
1791384826.777,18028,10000008.3885203,249999990
1791384827.026,18029,10000008.4284004,249999989
1791384827.278,18030,10000008.3620803,249999990
1791384827.527,18031,10000008.4094803,249999989
1791384827.779,18032,10000008.4048370,250000089
1791384828.029,18033,10000008.3856403,249999990
1791384828.278,18034,10000008.3828003,249999990
1791384828.528,18035,10000008.4114403,249999989
1791384828.778,18036,10000008.3938803,249999990
1791384829.027,18037,10000008.4000003,249999990
1791384829.324,18038,10000008.3899603,249999990
1791384829.528,18039,10000008.4362804,249999989
1791384829.781,18040,10000008.3594803,249999991
1791384830.028,18041,10000008.4042403,249999989
1791384830.275,18042,10000008.3957570,250000090
1791384830.526,18043,10000008.4142804,249999989
1791384830.777,18044,10000008.3799603,249999990
1791384831.026,18045,10000008.4057603,249999989
1791384831.277,18046,10000008.3942403,249999990
1791384831.527,18047,10000008.4057603,249999989
1791384831.778,18048,10000008.3942403,249999990
1791384832.032,18049,10000008.4057603,249999989
1791384832.281,18050,10000008.3885603,249999990
1791384832.529,18051,10000008.4056803,249999989
1791384832.781,18052,10000008.3921570,250000090
1791384832.980,18053,10000008.4021603,249999989
1791384833.233,18054,10000008.3944003,249999990
1791384833.481,18055,10000008.3959603,249999990
1791384833.729,18056,10000008.3956803,249999990
1791384833.980,18057,10000008.4083603,249999989
1791384834.232,18058,10000008.3916403,249999990
1791384834.482,18059,10000008.4000003,249999990
1791384834.733,18060,10000008.4000003,249999990
1791384834.981,18061,10000008.4000003,249999990
1791384835.231,18062,10000008.3940370,250000090
1791384835.492,18063,10000008.4000003,249999990
1791384835.734,18064,10000008.4000003,249999990
1791384835.984,18065,10000008.3811203,249999990
1791384836.231,18066,10000008.4071603,249999989
1791384837.978,18067,10000008.4000003,249999990
1791384837.978,18068,10000008.3972003,249999990
1791384837.978,18069,10000008.3956003,249999990
1791384838.038,18070,10000008.4071603,249999989
1791384838.038,18071,10000008.3928403,249999990
1791384838.254,18074,10000008.4095203,249999989
1791384838.483,18075,10000008.3302403,249999991
1791384838.736,18076,10000008.4453604,249999988
1791384838.994,18077,10000008.3895203,249999990
1791384839.233,18078,10000008.3954403,249999990
1791384839.535,18079,10000008.3554003,249999991
1791384839.733,18080,10000008.3694803,249999990
1791384839.983,18081,10000008.4305204,249999989
1791384840.233,18082,10000008.3999970,250000090
1791384840.483,18083,10000008.3819203,249999990
1791384840.734,18084,10000008.3875603,249999990
1791384840.987,18085,10000008.4253604,249999989
1791384841.237,18086,10000008.3826403,249999990
1791384841.486,18087,10000008.2555602,249999993
1791384841.734,18088,10000008.3912403,249999990
1791384841.984,18089,10000008.4181204,249999989
1791384842.236,18090,10000008.3869603,249999990
1791384842.485,18091,10000008.4082403,249999989
1791384842.738,18092,10000008.3917603,249999990
1791384842.987,18093,10000008.3999970,250000090
1791384843.235,18094,10000008.3972803,249999990
1791384843.488,18095,10000008.5462805,249999986
1791384843.744,18096,10000008.2482402,249999993
1791384844.113,18097,10000008.3961603,249999990
1791384844.237,18098,10000008.4038403,249999989
1791384844.515,18099,10000008.3920003,249999990
1791384844.745,18100,10000008.4162004,249999989
1791384845.003,18101,10000008.3918403,249999990
1791384845.286,18102,10000012.3840005,249999990
1791384845.489,18103,10000008.4079970,250000089
1791384845.740,18104,10000008.4041603,249999989
1791384845.994,18105,10000008.3499203,249999991
1791384846.289,18106,10000012.4379205,249999989
1791384846.489,18107,10000008.4040403,249999989
1791384846.744,18108,10000008.4000003,249999990
1791384846.987,18109,10000008.3875603,249999990
1791384847.236,18110,10000008.4274804,249999989
1791384847.485,18111,10000008.3809203,249999990
1791384847.735,18112,10000008.4000003,249999990
1791384847.988,18113,10000008.3999970,250000090
1791384848.236,18114,10000008.4040403,249999989
1791384848.496,18115,10000008.3522803,249999991
1791384848.736,18116,10000008.4267604,249999989
1791384848.989,18117,10000008.4000003,249999990
1791384849.239,18118,10000008.3933603,249999990
1791384849.485,18119,10000008.3911203,249999990
1791384849.738,18120,10000008.4324404,249999989
1791384849.989,18121,10000008.3764403,249999990
1791384850.289,18122,10000012.4000005,249999990
1791384850.491,18123,10000008.3856370,250000090
1791384850.738,18124,10000008.4143603,249999989
1791384850.986,18125,10000008.3737603,249999990
1791384851.239,18126,10000008.4173204,249999989
1791384851.486,18127,10000008.4040403,249999989
1791384851.739,18128,10000008.3905203,249999990
1791384851.985,18129,10000008.3942403,249999990
1791384852.237,18130,10000008.4267604,249999989
1791384852.489,18131,10000008.3671203,249999990
1791384852.736,18132,10000008.4061203,249999989
1791384852.986,18133,10000008.3938770,250000090
1791384853.240,18134,10000008.4118803,249999989
1791384853.488,18135,10000008.3828003,249999990
1791384853.738,18136,10000008.4053203,249999989
1791384853.990,18137,10000008.4000003,249999990
1791384854.236,18138,10000008.4213604,249999989
1791384854.487,18139,10000008.3733203,249999990
1791384854.736,18140,10000008.4315604,249999989
1791384854.990,18141,10000008.3684403,249999990
1791384855.238,18142,10000008.4114403,249999989
1791384855.492,18143,10000008.3838370,250000090
1791384855.746,18144,10000008.4047203,249999989
1791384855.988,18145,10000008.3952803,249999990
1791384856.241,18146,10000008.4047203,249999989
1791384856.489,18147,10000008.3910403,249999990
1791384856.743,18148,10000008.4089603,249999989
1791384857.005,18149,10000008.3910403,249999990
1791384857.242,18150,10000008.4261604,249999989
1791384857.493,18151,10000008.3738403,249999990
1791384857.744,18152,10000008.4089603,249999989
1791384857.995,18153,10000008.3952770,250000090
1791384858.239,18154,10000008.4000003,249999990
1791384858.491,18155,10000008.3957603,249999990
1791384858.739,18156,10000008.4000003,249999990
1791384858.993,18157,10000008.3942403,249999990
1791384859.239,18158,10000008.4000003,249999990
1791384859.510,18159,10000008.4000003,249999990
1791384859.743,18160,10000008.4147203,249999989
1791384859.989,18161,10000008.3852803,249999990
1791384860.239,18162,10000008.4057603,249999989
1791384860.489,18163,10000008.3942370,250000090
1791384860.744,18164,10000008.4000003,249999990
1791384860.992,18165,10000008.4000003,249999990
1791384861.242,18166,10000008.4000003,249999990
1791384861.493,18167,10000008.3921603,249999990
1791384861.742,18168,10000008.4078403,249999989
1791384861.992,18169,10000008.3921603,249999990
1791384862.243,18170,10000008.4078403,249999989
1791384862.490,18171,10000008.3943203,249999990
1791384862.745,18172,10000008.4000003,249999990
1791384862.994,18173,10000008.3943970,250000090
1791384863.240,18174,10000008.4056003,249999989
1791384863.498,18175,10000008.4000003,249999990
1791384863.744,18176,10000008.4000003,249999990
1791384863.994,18177,10000008.3944003,249999990
1791384864.256,18178,10000008.4000003,249999990
1791384864.495,18179,10000008.4000003,249999990
1791384864.753,18180,10000008.4000003,249999990
1791384864.993,18181,10000008.3959603,249999990
1791384865.241,18182,10000008.4040403,249999989
1791384865.494,18183,10000008.3916370,250000090
1791384865.744,18184,10000008.4043203,249999989
1791384865.996,18185,10000008.4040403,249999989
1791384866.244,18186,10000008.3916403,249999990
1791384866.494,18187,10000008.4000003,249999990
1791384866.745,18188,10000008.4000003,249999990
1791384866.992,18189,10000008.3940403,249999990
1791384867.242,18190,10000008.4000003,249999990
1791384867.495,18191,10000008.4000003,249999990
1791384867.747,18192,10000008.4000003,249999990
1791384867.994,18193,10000008.3965170,250000090
1791384868.246,18194,10000008.4034803,249999989
1791384868.503,18195,10000008.4000003,249999990
1791384868.748,18196,10000008.3743603,249999990
1791384868.998,18197,10000008.4139203,249999989
1791384869.243,18198,10000008.4000003,249999990
1791384869.496,18199,10000008.4000003,249999990
1791384869.747,18200,10000008.3860803,249999990
1791384869.996,18201,10000008.4180004,249999989
1791384870.246,18202,10000008.3887203,249999990
1791384870.496,18203,10000008.3932770,250000090
1791384870.747,18204,10000008.4000003,249999990
1791384870.998,18205,10000008.4067203,249999989
1791384871.245,18206,10000008.3376403,249999991
1791384871.498,18207,10000008.4494804,249999988
1791384871.749,18208,10000008.3923603,249999990
1791384871.998,18209,10000008.4042403,249999989
1791384872.245,18210,10000008.3780403,249999990
1791384872.497,18211,10000008.3168803,249999992
1791384872.748,18212,10000008.4590004,249999988
1791384872.997,18213,10000008.3858370,250000090
1791384873.248,18214,10000008.3856803,249999990
1791384873.498,18215,10000008.4143203,249999989
1791384873.748,18216,10000008.3856803,249999990
1791384873.999,18217,10000008.3851603,249999990
1791384874.246,18218,10000008.3967603,249999990
1791384874.502,18219,10000008.4065203,249999989
1791384874.749,18220,10000008.3523203,249999991
1791384874.998,18221,10000008.2922802,249999992
1791384875.248,18222,10000008.4000003,249999990
1791384875.498,18223,10000008.4000003,249999990
1791384875.761,18224,10000008.3999970,250000090
1791384876.000,18225,10000008.3936003,249999990
1791384876.249,18226,10000008.5508405,249999986
1791384876.500,18227,10000008.2437202,249999993
1791384876.747,18228,10000008.4000003,249999990
1791384876.997,18229,10000008.3961603,249999990
1791384877.247,18230,10000008.4093203,249999989
1791384877.500,18231,10000008.3976403,249999990
1791384877.747,18232,10000008.3930803,249999990
1791384878.000,18233,10000008.3958403,249999990
1791384878.248,18234,10000008.3999970,250000090
1791384878.501,18235,10000008.4041603,249999989
1791384878.752,18236,10000008.3554003,249999991
1791384879.001,18237,10000008.4324404,249999989
1791384879.248,18238,10000008.3916403,249999990
1791384879.501,18239,10000008.3951603,249999990
1791384879.748,18240,10000008.3896403,249999990
1791384879.998,18241,10000008.4276004,249999989
1791384880.352,18242,10000008.3675203,249999990
1791384880.502,18243,10000008.4200404,249999989
1791384880.751,18244,10000008.3646770,250000090
1791384880.998,18245,10000008.4112403,249999989
1791384881.250,18246,10000008.3773603,249999990
1791384881.501,18247,10000008.4172004,249999989
1791384881.749,18248,10000008.3881203,249999990
1791384881.999,18249,10000008.4061203,249999989
1791384882.250,18250,10000008.3885603,249999990
1791384882.502,18251,10000008.4266804,249999989
1791384882.752,18252,10000008.3685603,249999990
1791384883.001,18253,10000008.3957603,249999990
1791384883.249,18254,10000008.3942370,250000090
1791384883.502,18255,10000008.4057603,249999989
1791384883.753,18256,10000008.3942403,249999990
1791384884.003,18257,10000008.3943203,249999990
1791384884.249,18258,10000008.4000003,249999990
1791384884.503,18259,10000008.4000003,249999990
1791384884.753,18260,10000008.3944003,249999990
1791384885.001,18261,10000008.4000003,249999990
1791384885.250,18262,10000008.3959603,249999990
1791384885.503,18263,10000008.4040403,249999989
1791384885.751,18264,10000008.3916370,250000090
1791384886.003,18265,10000008.4043203,249999989
1791384886.251,18266,10000008.3956803,249999990
1791384886.504,18267,10000008.3940403,249999990
1791384886.763,18268,10000008.4000003,249999990
1791384887.003,18269,10000008.3965203,249999990
1791384887.250,18270,10000008.3958403,249999990
1791384887.501,18271,10000008.3931203,249999990
1791384887.754,18272,10000008.4068803,249999989
1791384888.000,18273,10000008.3931203,249999990
1791384888.254,18274,10000008.3955970,250000090
1791384888.500,18275,10000008.3932803,249999990
1791384888.754,18276,10000008.4098803,249999989
1791384889.003,18277,10000008.3345203,249999991
1791384889.253,18278,10000008.4441604,249999988
1791384889.500,18279,10000008.3683203,249999990
1791384889.761,18280,10000008.4242804,249999989
1791384890.006,18281,10000008.3348003,249999991
1791384890.256,18282,10000008.3694803,249999990
1791384890.507,18283,10000008.4359604,249999989
1791384890.753,18284,10000008.4038370,250000089
1791384891.006,18285,10000008.3791603,249999990
1791384891.254,18286,10000008.3967203,249999990
1791384891.506,18287,10000008.4096803,249999989
1791384891.753,18288,10000008.3903203,249999990
1791384892.006,18289,10000008.3853603,249999990
1791384892.256,18290,10000008.3989603,249999990
1791384892.505,18291,10000008.2571602,249999993
1791384892.756,18292,10000008.4027203,249999989
1791384893.016,18293,10000008.3972803,249999990
1791384893.261,18294,10000008.3976403,249999990
1791384893.503,18295,10000008.4050770,250000089
1791384893.764,18296,10000008.3918403,249999990
1791384894.004,18297,10000008.3756403,249999990
1791384894.254,18298,10000008.4243604,249999989
1791384894.505,18299,10000008.4000003,249999990
1791384894.755,18300,10000008.3961603,249999990
1791384895.004,18301,10000008.3918803,249999990
1791384895.257,18302,10000008.4174004,249999989
1791384895.508,18303,10000008.3865203,249999990
1791384895.758,18304,10000008.4041603,249999989
1791384896.005,18305,10000008.3844770,250000090
1791384896.260,18306,10000008.4155204,249999989
1791384896.510,18307,10000008.3499203,249999991
1791384896.760,18308,10000008.4345604,249999989
1791384897.012,18309,10000008.4033603,249999989
1791384897.260,18310,10000008.4040403,249999989
1791384897.506,18311,10000008.3635203,249999990
1791384897.760,18312,10000008.4404404,249999988
1791384898.010,18313,10000008.3750803,249999990
1791384898.260,18314,10000008.4000003,249999990
1791384898.506,18315,10000008.3885170,250000090
1791384898.760,18316,10000008.4048403,249999989
1791384899.009,18317,10000008.3684403,249999990
1791384899.264,18318,10000008.4226404,249999989
1791384899.506,18319,10000008.3887603,249999990
1791384899.756,18320,10000008.4000003,249999990
1791384900.006,18321,10000008.4000003,249999990
1791384900.256,18322,10000008.4353204,249999989
1791384900.510,18323,10000008.3586003,249999991
1791384900.760,18324,10000008.4000003,249999990
1791384901.010,18325,10000008.3946770,250000090
1791384901.260,18326,10000008.4053203,249999989
1791384901.514,18327,10000008.3899603,249999990
1791384901.765,18328,10000008.4047203,249999989
1791384902.013,18329,10000008.3952803,249999990
1791384902.262,18330,10000008.4047203,249999989
1791384902.512,18331,10000008.3852803,249999990
1791384902.769,18332,10000008.4200404,249999989
1791384903.014,18333,10000008.3799603,249999990
1791384903.270,18334,10000008.4000003,249999990
1791384903.512,18335,10000008.3999970,250000090
1791384903.761,18336,10000008.4000003,249999990
1791384904.014,18337,10000008.4000003,249999990
1791384904.263,18338,10000008.4000003,249999990
1791384906.008,18339,10000008.3886803,249999990
1791384906.008,18340,10000008.4000003,249999990
1791384906.008,18341,10000008.4000003,249999990
1791384906.053,18342,10000008.4000003,249999990
1791384906.053,18343,10000008.4000003,249999990
1791384906.266,18346,10000008.3956803,249999990
1791384906.514,18347,10000008.4083603,249999989
1791384906.765,18348,10000008.3856803,249999990
1791384907.013,18349,10000008.4000003,249999990
1791384907.266,18350,10000008.3965203,249999990
1791384907.516,18351,10000008.3986803,249999990
1791384907.767,18352,10000008.3930803,249999990
1791384908.014,18353,10000008.4082403,249999989
1791384908.268,18354,10000008.3958403,249999990
1791384908.518,18355,10000008.3918370,250000090
1791384908.768,18356,10000008.3968803,249999990
1791384909.017,18357,10000008.4000003,249999990
1791384909.268,18358,10000008.3424003,249999991
1791384909.518,18359,10000008.4447604,249999988
1791384909.770,18360,10000008.3923603,249999990
1791384910.018,18361,10000008.4000003,249999990
1791384910.270,18362,10000008.3665203,249999990
1791384910.519,18363,10000008.4411204,249999988
1791384910.770,18364,10000008.3363603,249999991
1791384911.019,18365,10000008.3999970,250000090
1791384911.271,18366,10000008.3759203,249999990
1791384911.518,18367,10000008.4046003,249999989
1791384911.780,18368,10000008.4051603,249999989
1791384912.020,18369,10000008.3819203,249999990
1791384912.271,18370,10000008.2659602,249999993
1791384912.520,18371,10000008.5296005,249999986
1791384912.772,18372,10000008.3954403,249999990
1791384913.021,18373,10000008.2601202,249999993
1791384913.269,18374,10000008.4000003,249999990
1791384913.521,18375,10000008.3912403,249999990
1791384913.769,18376,10000008.4023570,250000089
1791384914.019,18377,10000008.3945203,249999990
1791384914.269,18378,10000008.3460803,249999991
1791384914.522,18379,10000008.4500804,249999988
1791384914.772,18380,10000008.4038403,249999989
1791384915.021,18381,10000008.3961603,249999990
1791384915.273,18382,10000008.3958403,249999990
1791384915.519,18383,10000008.4134803,249999989
1791384915.772,18384,10000008.3865203,249999990
1791384916.024,18385,10000008.4000003,249999990
1791384916.272,18386,10000008.3919970,250000090
1791384916.521,18387,10000008.4040403,249999989
1791384916.774,18388,10000008.3522803,249999991
1791384917.035,18389,10000008.4353204,249999989
1791384917.277,18390,10000008.3944003,249999990
1791384917.520,18391,10000008.3904003,249999990
1791384917.770,18392,10000008.3856403,249999990
1791384918.022,18393,10000008.4345604,249999989
1791384918.272,18394,10000008.3654403,249999990
1791384918.522,18395,10000008.4054803,249999989
1791384918.769,18396,10000008.3887570,250000090
1791384919.028,18397,10000008.4201204,249999989
1791384919.272,18398,10000008.3637203,249999990
1791384919.520,18399,10000008.4161604,249999989
1791384919.769,18400,10000008.3938803,249999990
1791384920.020,18401,10000008.4000003,249999990
1791384920.273,18402,10000008.3899603,249999990
1791384920.523,18403,10000008.4219204,249999989
1791384920.774,18404,10000008.3828003,249999990
1791384921.021,18405,10000008.3952803,249999990
1791384921.286,18406,10000008.3899970,250000090
1791384921.526,18407,10000008.4100003,249999989
1791384921.776,18408,10000008.3900003,249999990
1791384922.021,18409,10000008.4000003,249999990
1791384922.275,18410,10000008.3943203,249999990
1791384922.524,18411,10000008.4056803,249999989
1791384922.772,18412,10000008.3886803,249999990
1791384923.033,18413,10000008.4113203,249999989
1791384923.275,18414,10000008.3886803,249999990
1791384923.578,18415,10000008.4000003,249999990
1791384923.781,18416,10000008.3959570,250000090
1791384924.025,18417,10000008.4040403,249999989
1791384924.281,18418,10000008.4000003,249999990
1791384924.526,18419,10000008.3916403,249999990
1791384924.776,18420,10000008.4000003,249999990
1791384925.025,18421,10000008.3940403,249999990
1791384925.276,18422,10000008.4000003,249999990
1791384925.526,18423,10000008.3965203,249999990
1791384925.779,18424,10000008.4034803,249999989
1791384926.026,18425,10000008.4000003,249999990
1791384926.277,18426,10000008.3999970,250000090
1791384926.526,18427,10000008.3924003,249999990
1791384926.779,18428,10000008.4076003,249999989
1791384927.025,18429,10000008.3743603,249999990
1791384927.276,18430,10000008.4139203,249999989
1791384927.524,18431,10000008.4000003,249999990
1791384927.777,18432,10000008.3972003,249999990
1791384928.027,18433,10000008.3827203,249999990
1791384928.278,18434,10000008.4172804,249999989
1791384928.523,18435,10000008.3888803,249999990
1791384928.778,18436,10000008.3999970,250000090
1791384929.027,18437,10000008.3938803,249999990
1791384929.327,18438,10000008.4061203,249999989
1791384929.478,18439,10000008.3356803,249999991
1791384929.724,18440,10000008.4548004,249999988
1791384929.975,18441,10000008.3906403,249999990
1791384930.226,18442,10000008.4000003,249999990
1791384930.473,18443,10000008.3491203,249999991
1791384930.724,18444,10000008.3551603,249999991
1791384930.974,18445,10000008.4398004,249999989
1791384931.225,18446,10000008.3961570,250000090
1791384931.477,18447,10000008.3945603,249999990
1791384931.724,18448,10000008.4092803,249999989
1791384931.977,18449,10000008.3961603,249999990
1791384932.224,18450,10000008.3860403,249999990
1791384932.477,18451,10000008.3936803,249999990
1791384932.724,18452,10000008.4096803,249999989
1791384932.976,18453,10000008.3757203,249999990
1791384933.224,18454,10000008.2670402,249999993
1791384933.473,18455,10000008.4000003,249999990
1791384933.724,18456,10000008.3917603,249999990
1791384933.975,18457,10000008.4036770,250000089
1791384934.224,18458,10000008.4000003,249999990
1791384934.475,18459,10000008.5521205,249999986
1791384934.725,18460,10000008.2391202,249999994
1791384934.976,18461,10000008.4087603,249999989
1791384935.228,18462,10000008.3936003,249999990
1791384935.477,18463,10000008.4064003,249999989
1791384935.728,18464,10000008.3963203,249999990
1791384935.982,18465,10000008.3918403,249999990
1791384936.229,18466,10000008.3961603,249999990
1791384936.477,18467,10000008.4038370,250000089
1791384936.729,18468,10000008.4000003,249999990
1791384936.979,18469,10000008.3460803,249999991
1791384937.229,18470,10000008.4379204,249999989
1791384937.478,18471,10000008.4080003,249999989
1791384937.726,18472,10000008.4111203,249999989
1791384937.975,18473,10000008.3888803,249999990
1791384938.227,18474,10000008.4111203,249999989
1791384938.478,18475,10000008.3809203,249999990
1791384938.730,18476,10000008.4000003,249999990
1791384938.979,18477,10000008.4079970,250000089
1791384939.229,18478,10000008.3920003,249999990
1791384939.527,18479,10000008.3502003,249999991
1791384939.780,18480,10000008.4414004,249999988
1791384940.029,18481,10000008.3848003,249999990
1791384940.279,18482,10000008.4000003,249999990
1791384940.527,18483,10000008.3911203,249999990
1791384940.780,18484,10000008.4324404,249999989
1791384941.029,18485,10000008.3620803,249999990
1791384941.279,18486,10000008.4054803,249999989
1791384941.529,18487,10000008.3945170,250000090
1791384941.778,18488,10000008.4094803,249999989
1791384942.027,18489,10000008.3733203,249999990
1791384942.276,18490,10000008.4114403,249999989
1791384942.527,18491,10000008.4000003,249999990
1791384942.780,18492,10000008.3938803,249999990
1791384943.027,18493,10000008.4000003,249999990
1791384943.278,18494,10000008.4173204,249999989
1791384943.527,18495,10000008.3684003,249999990
1791384943.777,18496,10000008.4089603,249999989
1791384944.029,18497,10000008.3910370,250000090
1791384944.276,18498,10000008.4042403,249999989
1791384944.529,18499,10000008.3900003,249999990
1791384944.777,18500,10000008.4000003,249999990
1791384945.028,18501,10000008.4000003,249999990
1791384945.282,18502,10000008.4000003,249999990
1791384945.486,18503,10000008.3943203,249999990
1791384945.728,18504,10000008.4114403,249999989
1791384945.979,18505,10000008.3864003,249999990
1791384946.227,18506,10000008.4021603,249999989
1791384946.477,18507,10000008.3943970,250000090
1791384946.731,18508,10000008.4000003,249999990
1791384946.980,18509,10000008.4000003,249999990
1791384947.228,18510,10000008.4000003,249999990
1791384947.483,18511,10000008.3916403,249999990
1791384947.733,18512,10000008.4083603,249999989
1791384947.982,18513,10000008.3916403,249999990
1791384948.232,18514,10000008.4000003,249999990
1791384948.483,18515,10000008.3940403,249999990
1791384948.733,18516,10000008.4059603,249999989
1791384948.982,18517,10000008.3940370,250000090
1791384949.230,18518,10000008.4059603,249999989
1791384949.480,18519,10000008.3940403,249999990
1791384949.791,18520,10000008.3854803,249999990
1791384950.040,18521,10000008.4097203,249999989
1791384950.280,18522,10000008.3971603,249999990
1791384950.546,18523,10000008.4041603,249999989
1791384950.785,18524,10000008.3958403,249999990
1791384951.033,18525,10000008.4000003,249999990
1791384951.294,18526,10000008.4000003,249999990
1791384951.533,18527,10000008.4041570,250000089
1791384951.784,18528,10000008.3845603,249999990
1791384952.032,18529,10000008.4112803,249999989
1791384952.282,18530,10000008.3470803,249999991
1791384952.533,18531,10000008.4416404,249999988
1791384952.781,18532,10000008.4000003,249999990
1791384953.033,18533,10000008.4000003,249999990
1791384953.283,18534,10000008.3871203,249999990
1791384953.531,18535,10000008.4200404,249999989
1791384953.785,18536,10000008.3928403,249999990
1791384954.033,18537,10000008.3932770,250000090
1791384954.281,18538,10000008.3938803,249999990
1791384954.533,18539,10000008.4061203,249999989
1791384954.789,18540,10000008.3444003,249999991
1791384955.037,18541,10000008.4494804,249999988
1791384955.283,18542,10000008.3966003,249999990
1791384955.533,18543,10000008.4034003,249999989
1791384955.785,18544,10000008.3923603,249999990
1791384955.982,18545,10000008.4137603,249999989
1791384956.233,18546,10000008.3938803,249999990
1791384956.485,18547,10000008.3946370,250000090
1791384956.744,18548,10000008.3870803,249999990
1791384957.029,18549,10000008.4182804,249999989
1791384957.232,18550,10000008.3363603,249999991
1791384957.481,18551,10000008.4508804,249999988
1791384957.738,18552,10000008.4000003,249999990
1791384957.981,18553,10000008.4051203,249999989
1791384958.232,18554,10000008.3628803,249999990
1791384958.491,18555,10000008.3362803,249999991
1791384958.734,18556,10000008.4864004,249999987
1791384958.984,18557,10000008.4093170,250000089
1791384959.249,18558,10000008.3794003,249999990
1791384959.485,18559,10000008.4299604,249999989
1791384959.737,18560,10000008.3397603,249999991
1791384959.986,18561,10000008.4508804,249999988
1791384960.234,18562,10000008.3906803,249999990
1791384960.488,18563,10000008.4093203,249999989
1791384960.738,18564,10000008.3840003,249999990
1791384960.991,18565,10000008.4349204,249999989
1791384961.235,18566,10000008.3811203,249999990
1791384961.484,18567,10000008.3999970,250000090
1791384961.735,18568,10000008.3741203,249999990
1791384961.985,18569,10000008.4447604,249999988
1791384962.238,18570,10000008.3356803,249999991
1791384962.487,18571,10000008.4454404,249999988
1791384962.737,18572,10000008.4051203,249999989
1791384962.989,18573,10000008.4042403,249999989
1791384963.240,18574,10000008.4095203,249999989
1791384963.487,18575,10000008.4000003,249999990
1791384963.740,18576,10000008.3938803,249999990
1791384963.991,18577,10000008.3999970,250000090
1791384964.236,18578,10000008.4000003,249999990
1791384964.492,18579,10000008.4128803,249999989
1791384964.740,18580,10000008.3424003,249999991
1791384964.989,18581,10000008.4508804,249999988
1791384965.238,18582,10000008.4000003,249999990
1791384965.489,18583,10000008.4067203,249999989
1791384965.749,18584,10000008.3871203,249999990
1791384965.990,18585,10000008.4200404,249999989
1791384966.241,18586,10000008.3972003,249999990
1791384966.491,18587,10000008.3888770,250000090
1791384966.741,18588,10000008.4000003,249999990
1791384966.991,18589,10000008.4067203,249999989
1791384967.237,18590,10000008.3460403,249999991
1791384967.488,18591,10000008.4571204,249999988
1791384967.738,18592,10000008.3968803,249999990
1791384967.991,18593,10000008.4000003,249999990
1791384968.239,18594,10000008.3932803,249999990
1791384968.490,18595,10000008.2854002,249999992
1791384968.755,18596,10000008.5285205,249999986
1791384968.992,18597,10000008.3999970,250000090
1791384969.238,18598,10000008.3928403,249999990
1791384969.491,18599,10000008.4112803,249999989
1791384969.740,18600,10000008.3630803,249999990
1791384969.989,18601,10000008.4300404,249999989
1791384970.238,18602,10000008.4028003,249999989
1791384970.492,18603,10000008.4000003,249999990
1791384970.744,18604,10000008.3972003,249999990
1791384970.994,18605,10000008.4145204,249999989
1791384971.254,18606,10000008.3952003,249999990
1791384971.492,18607,10000008.3999970,250000090
1791384971.745,18608,10000008.3930803,249999990
1791384971.994,18609,10000008.4117203,249999989
1791384972.245,18610,10000008.3811203,249999990
1791384972.496,18611,10000008.4112803,249999989
1791384972.744,18612,10000008.4000003,249999990
1791384972.995,18613,10000008.4028403,249999989
1791384973.246,18614,10000008.3930803,249999990
1791384973.499,18615,10000008.4117203,249999989
1791384973.749,18616,10000008.4000003,249999990
1791384974.002,18617,10000008.3965170,250000090
1791384974.255,18618,10000008.4000003,249999990
1791384974.515,18619,10000008.4034803,249999989
1791384974.751,18620,10000008.3882803,249999990
1791384975.000,18621,10000008.4117203,249999989
1791384975.247,18622,10000008.4000003,249999990
1791384975.501,18623,10000008.4000003,249999990
1791384975.750,18624,10000008.3952003,249999990
1791384975.999,18625,10000008.4013203,249999989
1791384976.248,18626,10000008.4034803,249999989
1791384976.498,18627,10000008.3999970,250000090
1791384976.750,18628,10000008.3965203,249999990
1791384977.000,18629,10000008.4034803,249999989
1791384977.248,18630,10000008.3924003,249999990
1791384977.500,18631,10000008.4076003,249999989
1791384977.750,18632,10000008.4000003,249999990
1791384978.027,18633,10000008.4000003,249999990
1791384978.249,18634,10000008.3882803,249999990
1791384978.500,18635,10000008.4117203,249999989
1791384978.753,18636,10000008.4000003,249999990
1791384979.003,18637,10000008.3999970,250000090
1791384979.251,18638,10000008.4000003,249999990
1791384979.502,18639,10000008.4000003,249999990
1791384979.754,18640,10000008.3854803,249999990
1791384980.001,18641,10000008.4110403,249999989
1791384980.352,18642,10000008.4034803,249999989
1791384980.505,18643,10000008.3924003,249999990
1791384980.756,18644,10000008.3958803,249999990
1791384981.005,18645,10000008.4069203,249999989
1791384981.257,18646,10000008.4000003,249999990
1791384981.507,18647,10000008.3999970,250000090
1791384981.755,18648,10000008.4000003,249999990
1791384982.008,18649,10000008.4048003,249999989
1791384982.254,18650,10000008.3811203,249999990
1791384982.508,18651,10000008.4112803,249999989
1791384982.755,18652,10000008.4000003,249999990
1791384983.008,18653,10000008.3958803,249999990
1791384983.256,18654,10000008.4000003,249999990
1791384983.508,18655,10000008.4041203,249999989
1791384983.766,18656,10000008.4000003,249999990
1791384984.011,18657,10000008.3958770,250000090
1791384984.261,18658,10000008.4000003,249999990
1791384984.510,18659,10000008.4069203,249999989
1791384984.760,18660,10000008.3654003,249999990
1791384985.009,18661,10000008.4276804,249999989
1791384985.260,18662,10000008.3928403,249999990
1791384985.510,18663,10000008.4071603,249999989
1791384985.760,18664,10000008.3928403,249999990
1791384986.016,18665,10000008.2786802,249999993
1791384986.263,18666,10000008.5213204,249999986
1791384986.510,18667,10000008.3999970,250000090
1791384986.762,18668,10000008.3932803,249999990
1791384987.010,18669,10000008.4067203,249999989
1791384987.262,18670,10000008.3460403,249999991
1791384987.513,18671,10000008.4472404,249999988
1791384987.763,18672,10000008.4000003,249999990
1791384988.011,18673,10000008.4000003,249999990
1791384988.263,18674,10000008.3862403,249999990
1791384988.514,18675,10000008.2991602,249999992
1791384988.765,18676,10000008.5008404,249999987
1791384989.014,18677,10000008.4042370,250000089
1791384989.265,18678,10000008.3813203,249999990
1791384989.515,18679,10000008.4220804,249999989
1791384989.765,18680,10000008.3363603,249999991
1791384990.015,18681,10000008.4453604,249999988
1791384990.264,18682,10000008.3636803,249999990
1791384990.517,18683,10000008.4325604,249999989
1791384990.768,18684,10000008.3584403,249999991
1791384991.015,18685,10000008.3551603,249999991
1791384991.267,18686,10000008.4398004,249999989
1791384991.525,18687,10000008.4140770,250000089
1791384991.768,18688,10000008.3681203,249999990
1791384992.017,18689,10000008.4033603,249999989
1791384992.270,18690,10000008.4051603,249999989
1791384992.516,18691,10000008.3884403,249999990
1791384992.770,18692,10000008.3890003,249999990
1791384993.019,18693,10000008.4110003,249999989
1791384993.280,18694,10000008.3820803,249999990
1791384993.519,18695,10000008.2624802,249999993
1791384993.771,18696,10000008.5444405,249999986
1791384994.020,18697,10000008.2601169,250000093
1791384994.267,18698,10000008.4000003,249999990
1791384994.521,18699,10000008.3917603,249999990
1791384994.773,18700,10000008.5591205,249999986
1791384995.023,18701,10000008.2382002,249999994
1791384995.270,18702,10000008.4064003,249999989
1791384995.522,18703,10000008.3881203,249999990
1791384995.770,18704,10000008.4118803,249999989
1791384996.022,18705,10000008.4000003,249999990
1791384996.272,18706,10000008.3912403,249999990
1791384996.532,18707,10000008.3930803,249999990
1791384996.771,18708,10000008.3958370,250000090
1791384997.023,18709,10000008.4111203,249999989
1791384997.275,18710,10000008.3430003,249999991
1791384997.525,18711,10000008.4419604,249999988
1791384997.773,18712,10000008.4039203,249999989
1791384998.026,18713,10000008.4041603,249999989
1791384998.273,18714,10000008.3958403,249999990
1791384998.535,18715,10000008.4080003,249999989
1791384998.779,18716,10000008.3840003,249999990
1791384999.027,18717,10000008.4000003,249999990
1791384999.278,18718,10000008.3916370,250000090
1791384999.550,18719,10000008.4163604,249999989
1791384999.779,18720,10000008.3483203,249999991
1791385000.027,18721,10000008.4353204,249999989
1791385000.278,18722,10000008.3914403,249999990
1791385000.528,18723,10000008.4135603,249999989
1791385000.780,18724,10000008.3864403,249999990
1791385001.026,18725,10000008.4249204,249999989
1791385001.280,18726,10000008.3595603,249999991
1791385001.530,18727,10000008.4088803,249999989
1791385001.780,18728,10000008.3911170,250000090
1791385002.030,18729,10000008.4192404,249999989
1791385002.279,18730,10000008.3634403,249999990
1791385002.528,18731,10000008.4118803,249999989
1791385002.782,18732,10000008.3942403,249999990
1791385003.030,18733,10000008.4112403,249999989
1791385003.279,18734,10000008.3887603,249999990
1791385003.533,18735,10000008.4353204,249999989
1791385003.779,18736,10000008.3532803,249999991
1791385004.033,18737,10000008.4114403,249999989
1791385004.280,18738,10000008.3885570,250000090
1791385004.482,18739,10000008.4114403,249999989
1791385004.734,18740,10000008.3838403,249999990
1791385004.984,18741,10000008.4161604,249999989
1791385005.230,18742,10000008.3885603,249999990
1791385005.480,18743,10000008.4000003,249999990
1791385005.734,18744,10000008.3852803,249999990
1791385005.981,18745,10000008.4319204,249999989
1791385006.231,18746,10000008.3738403,249999990
1791385006.481,18747,10000008.4042403,249999989
1791385006.781,18748,10000008.3957570,250000090
1791385007.033,18749,10000008.4089603,249999989
1791385007.281,18750,10000008.3852803,249999990
1791385007.531,18751,10000008.4000003,249999990
1791385007.784,18752,10000008.4000003,249999990
1791385008.034,18753,10000008.4000003,249999990
1791385008.281,18754,10000008.3943203,249999990
1791385008.531,18755,10000008.4056803,249999989
1791385008.785,18756,10000008.3886803,249999990
1791385008.993,18757,10000008.4056003,249999989
1791385009.234,18758,10000008.3978370,250000090
1791385009.486,18759,10000008.4000003,249999990
1791385009.736,18760,10000008.3965203,249999990
1791385009.982,18761,10000008.4000003,249999990
1791385010.235,18762,10000008.4000003,249999990
1791385010.485,18763,10000008.4000003,249999990
1791385010.733,18764,10000008.3916403,249999990
1791385010.984,18765,10000008.4000003,249999990
1791385011.233,18766,10000008.4000003,249999990
1791385011.482,18767,10000008.4000003,249999990
1791385011.734,18768,10000008.3940370,250000090
1791385011.984,18769,10000008.3965203,249999990
1791385012.237,18770,10000008.4034803,249999989
1791385012.487,18771,10000008.3882803,249999990
1791385012.739,18772,10000008.4000003,249999990
1791385012.983,18773,10000008.4000003,249999990
1791385013.234,18774,10000008.3928403,249999990
1791385013.484,18775,10000008.4044003,249999989
1791385013.738,18776,10000008.4028003,249999989
1791385013.987,18777,10000008.3860803,249999990
1791385014.234,18778,10000008.3938770,250000090
1791385014.486,18779,10000008.3923603,249999990
1791385014.736,18780,10000008.4076403,249999989
1791385014.985,18781,10000008.3363603,249999991
1791385015.237,18782,10000008.4141603,249999989
1791385015.492,18783,10000008.3858403,249999990
1791385015.738,18784,10000008.4188804,249999989
1791385015.988,18785,10000008.3616403,249999990
1791385016.235,18786,10000008.3746403,249999990
1791385016.484,18787,10000008.4080003,249999989
1791385016.737,18788,10000008.3999970,250000090
1791385016.987,18789,10000008.4000003,249999990
1791385017.242,18790,10000008.2555602,249999993
1791385017.489,18791,10000008.5571605,249999986
1791385017.740,18792,10000008.2364402,249999994
1791385017.988,18793,10000008.4064003,249999989
1791385018.236,18794,10000008.3963203,249999990
1791385018.492,18795,10000008.3949203,249999990
1791385018.741,18796,10000008.4050803,249999989
1791385018.990,18797,10000008.4036803,249999989
1791385019.236,18798,10000008.3801203,249999990
1791385019.486,18799,10000008.4041570,250000089
1791385019.740,18800,10000008.4000003,249999990
1791385019.992,18801,10000008.3554003,249999991
1791385020.240,18802,10000008.4404404,249999988
1791385020.489,18803,10000008.3960803,249999990
1791385020.742,18804,10000008.3959603,249999990
1791385020.991,18805,10000008.3916403,249999990
1791385021.239,18806,10000008.4243604,249999989
1791385021.494,18807,10000008.3840003,249999990
1791385021.739,18808,10000008.4040403,249999989
1791385021.989,18809,10000008.3723970,250000090
1791385022.240,18810,10000008.4152003,249999989
1791385022.504,18811,10000008.3646803,249999990
1791385022.738,18812,10000008.4201204,249999989
1791385022.992,18813,10000008.3856403,249999990
1791385023.244,18814,10000008.4054803,249999989
1791385023.492,18815,10000008.3826803,249999990
1791385023.743,18816,10000008.4328804,249999989
1791385024.028,18817,10000008.3671203,249999990
1791385024.239,18818,10000008.4061203,249999989
1791385024.495,18819,10000008.3938770,250000090
1791385024.742,18820,10000008.4000003,249999990
1791385024.993,18821,10000008.3857203,249999990
1791385025.241,18822,10000008.4089603,249999989
1791385025.494,18823,10000008.3910403,249999990
1791385025.742,18824,10000008.4042403,249999989
1791385025.989,18825,10000008.3900003,249999990
1791385026.243,18826,10000008.4147203,249999989
1791385026.504,18827,10000008.3796003,249999990
1791385026.744,18828,10000008.4056803,249999989
1791385027.009,18829,10000008.3943170,250000090
1791385027.240,18830,10000008.4000003,249999990
1791385027.490,18831,10000008.4000003,249999990
1791385027.741,18832,10000008.3944003,249999990
1791385027.990,18833,10000008.4000003,249999990
1791385028.243,18834,10000008.4000003,249999990
1791385028.494,18835,10000008.3959603,249999990
1791385028.744,18836,10000008.4040403,249999989
1791385029.012,18837,10000008.3916403,249999990
1791385029.292,18838,10000008.4000003,249999990
1791385029.493,18839,10000008.3999970,250000090
1791385029.742,18840,10000008.3940403,249999990
1791385029.992,18841,10000008.4059603,249999989
1791385030.245,18842,10000008.3823203,249999990
1791385030.493,18843,10000008.4041203,249999989
1791385030.748,18844,10000008.4000003,249999990
1791385030.995,18845,10000008.4000003,249999990
1791385031.245,18846,10000008.3887203,249999990
1791385031.495,18847,10000008.4112803,249999989
1791385031.745,18848,10000008.3931203,249999990
1791385032.003,18849,10000008.3955970,250000090
1791385032.243,18850,10000008.3932803,249999990
1791385032.493,18851,10000008.4067203,249999989
1791385032.743,18852,10000008.3289203,249999991
1791385032.997,18853,10000008.4548004,249999988
1791385033.244,18854,10000008.3906403,249999990
1791385033.494,18855,10000008.4074403,249999989
1791385033.749,18856,10000008.3800003,249999990
1791385033.998,18857,10000008.3168803,249999992
1791385034.244,18858,10000008.4751204,249999988
1791385034.516,18859,10000008.3963170,250000090
1791385034.750,18860,10000008.3645203,249999990
1791385035.000,18861,10000008.4000003,249999990
1791385035.248,18862,10000008.3945603,249999990
1791385035.499,18863,10000008.4000003,249999990
1791385035.751,18864,10000008.3819203,249999990
1791385035.998,18865,10000008.4095603,249999989
1791385036.250,18866,10000008.3860003,249999990
1791385036.500,18867,10000008.2555602,249999993
1791385036.755,18868,10000008.5374805,249999986
1791385037.001,18869,10000008.2588002,249999993
1791385037.249,18870,10000008.4082370,250000089
1791385037.501,18871,10000008.4000003,249999990
1791385037.750,18872,10000008.5443605,249999986
1791385038.004,18873,10000008.2447202,249999993
1791385038.264,18874,10000008.3976403,249999990
1791385038.503,18875,10000008.4023603,249999989
1791385038.754,18876,10000008.4027203,249999989
1791385039.028,18877,10000008.4036803,249999989
1791385039.254,18878,10000008.3912403,249999990
1791385039.508,18879,10000008.3930803,249999990
1791385039.783,18880,10000008.3958370,250000090
1791385040.003,18881,10000008.4080003,249999989
1791385040.268,18882,10000008.3515603,249999991
1791385040.527,18883,10000008.4404404,249999988
1791385040.758,18884,10000008.4000003,249999990
1791385041.005,18885,10000008.3920003,249999990
1791385041.282,18886,10000008.4000003,249999990
1791385041.508,18887,10000008.4080003,249999989
1791385041.756,18888,10000008.3836403,249999990
1791385042.005,18889,10000008.4000003,249999990
1791385042.256,18890,10000008.3847970,250000090
1791385042.510,18891,10000008.4152003,249999989
1791385042.759,18892,10000008.3586003,249999991
1791385044.097,18893,10000008.4262404,249999989
1791385044.098,18894,10000008.3798803,249999990
1791385044.098,18895,10000008.4112403,249999989
1791385044.140,18896,10000008.3773603,249999990
1791385044.140,18897,10000008.4467204,249999988
1791385044.259,18898,10000008.3586003,249999991
1791385044.511,18899,10000008.4000003,249999990
1791385044.764,18900,10000008.3946770,250000090
1791385045.015,18901,10000008.4000003,249999990
1791385045.269,18902,10000008.3910403,249999990
1791385045.514,18903,10000008.4089603,249999989
1791385045.764,18904,10000008.3852803,249999990
1791385046.015,18905,10000008.4000003,249999990
1791385046.265,18906,10000008.3943203,249999990
1791385046.517,18907,10000008.4056803,249999989
1791385046.766,18908,10000008.3921603,249999990
1791385047.016,18909,10000008.3965203,249999990
1791385047.265,18910,10000008.3999970,250000090
1791385047.513,18911,10000008.4034803,249999989
1791385047.763,18912,10000008.3965203,249999990
1791385048.015,18913,10000008.3916403,249999990
1791385048.266,18914,10000008.4000003,249999990
1791385048.515,18915,10000008.4000003,249999990
1791385048.767,18916,10000008.3940403,249999990
1791385049.017,18917,10000008.3924003,249999990
1791385049.264,18918,10000008.4076003,249999989
1791385049.518,18919,10000008.3952003,249999990
1791385049.765,18920,10000008.3930770,250000090
1791385050.019,18921,10000008.3928403,249999990
1791385050.266,18922,10000008.4071603,249999989
1791385050.518,18923,10000008.3511603,249999991
1791385050.766,18924,10000008.4288004,249999989
1791385051.019,18925,10000008.4061203,249999989
1791385051.270,18926,10000008.3904803,249999990
1791385051.519,18927,10000008.3851203,249999990
1791385051.769,18928,10000008.4244004,249999989
1791385052.021,18929,10000008.3568403,249999991
1791385052.270,18930,10000008.3733970,250000090
1791385052.519,18931,10000008.3856803,249999990
1791385052.769,18932,10000008.4000003,249999990
1791385053.020,18933,10000008.4000003,249999990
1791385053.272,18934,10000008.3884403,249999990
1791385053.520,18935,10000008.3890003,249999990
1791385053.770,18936,10000008.3920003,249999990
1791385054.020,18937,10000008.3712803,249999990
1791385054.268,18938,10000008.2858802,249999992
1791385054.547,18939,10000008.4027203,249999989
1791385054.771,18940,10000008.3972803,249999990
1791385055.018,18941,10000008.4027170,250000089
1791385055.270,18942,10000008.4036803,249999989
1791385055.520,18943,10000008.3396803,249999991
1791385055.769,18944,10000008.4364804,249999989
1791385056.020,18945,10000008.4174004,249999989
1791385056.269,18946,10000008.3945203,249999990
1791385056.519,18947,10000008.3961603,249999990
1791385056.770,18948,10000008.4156804,249999989
1791385057.021,18949,10000008.3843203,249999990
1791385057.270,18950,10000008.3918803,249999990
1791385057.521,18951,10000008.4039170,250000089
1791385057.771,18952,10000008.4000003,249999990
1791385058.022,18953,10000008.3541203,249999991
1791385058.271,18954,10000008.4593604,249999988
1791385058.522,18955,10000008.3701603,249999990
1791385058.772,18956,10000008.3914403,249999990
1791385059.024,18957,10000008.3844803,249999990
1791385059.278,18958,10000008.4404404,249999988
1791385059.519,18959,10000008.3595603,249999991
1791385059.773,18960,10000008.4000003,249999990
1791385060.022,18961,10000008.3945170,250000090
1791385060.270,18962,10000008.4143603,249999989
1791385060.523,18963,10000008.3684403,249999990
1791385060.774,18964,10000008.4053203,249999989
1791385061.027,18965,10000008.3946803,249999990
1791385061.273,18966,10000008.4053203,249999989
1791385061.524,18967,10000008.3946803,249999990
1791385061.773,18968,10000008.4172004,249999989
1791385062.069,18969,10000008.3680803,249999990
1791385062.288,18970,10000008.4100003,249999989
1791385062.531,18971,10000008.3899970,250000090
1791385062.787,18972,10000008.4000003,249999990
1791385063.023,18973,10000008.3959603,249999990
1791385063.273,18974,10000008.4040403,249999989
1791385063.523,18975,10000008.3886803,249999990
1791385063.769,18976,10000008.4056003,249999989
1791385064.024,18977,10000008.3944003,249999990
1791385064.270,18978,10000008.4000003,249999990
1791385064.525,18979,10000008.3916403,249999990
1791385064.773,18980,10000008.4000003,249999990
1791385065.020,18981,10000008.3999970,250000090
1791385065.270,18982,10000008.4000003,249999990
1791385065.522,18983,10000008.3940403,249999990
1791385065.771,18984,10000008.3882803,249999990
1791385066.020,18985,10000008.4041203,249999989
1791385066.274,18986,10000008.4000003,249999990
1791385066.525,18987,10000008.3958803,249999990
1791385066.773,18988,10000008.3928403,249999990
1791385067.034,18989,10000008.4071603,249999989
1791385067.275,18990,10000008.3860803,249999990
1791385067.525,18991,10000008.3999970,250000090
1791385067.774,18992,10000008.3938803,249999990
1791385068.023,18993,10000008.4000003,249999990
1791385068.272,18994,10000008.3363603,249999991
1791385068.522,18995,10000008.4453604,249999988
1791385068.775,18996,10000008.3546403,249999991
1791385069.022,18997,10000008.3949603,249999990
1791385069.273,18998,10000008.3758803,249999990
1791385069.526,18999,10000008.3843203,249999990
1791385069.775,19000,10000008.4156804,249999989
1791385070.027,19001,10000008.3923170,250000090
1791385070.278,19002,10000008.3930803,249999990
1791385070.526,19003,10000008.2670402,249999993
1791385070.776,19004,10000008.5508805,249999986
1791385071.027,19005,10000008.2327202,249999994
1791385071.277,19006,10000008.4054803,249999989
1791385071.526,19007,10000008.4000003,249999990
1791385071.774,19008,10000008.4212404,249999989
1791385072.031,19009,10000008.3814803,249999990
1791385072.277,19010,10000008.3918403,249999990
1791385072.525,19011,10000008.4000003,249999990
1791385072.781,19012,10000008.3999970,250000090
1791385073.036,19013,10000008.4000003,249999990
1791385073.277,19014,10000008.3515603,249999991
1791385073.524,19015,10000008.4404404,249999988
1791385073.777,19016,10000008.4080003,249999989
1791385074.025,19017,10000008.3920003,249999990
1791385074.278,19018,10000008.3836403,249999990
1791385074.528,19019,10000008.4243604,249999989
1791385074.776,19020,10000008.3880803,249999990
1791385075.028,19021,10000008.3959603,249999990
1791385075.278,19022,10000008.3916370,250000090
1791385075.528,19023,10000008.4163604,249999989
1791385075.778,19024,10000008.3541203,249999991
1791385076.029,19025,10000008.4247204,249999989
1791385076.275,19026,10000008.3848003,249999990
1791385076.527,19027,10000008.4048403,249999989
1791385076.776,19028,10000008.3856403,249999990
1791385077.030,19029,10000008.4295604,249999989
1791385077.278,19030,10000008.3704403,249999990
1791385077.529,19031,10000008.3942403,249999990
1791385077.776,19032,10000008.3885570,250000090
1791385078.026,19033,10000008.4226404,249999989
1791385078.276,19034,10000008.3773603,249999990
1791385078.526,19035,10000008.4053203,249999989
1791385078.779,19036,10000008.3899603,249999990
1791385079.034,19037,10000008.4100403,249999989
1791385079.279,19038,10000008.3857203,249999990
1791385079.536,19039,10000008.4204004,249999989
1791385079.778,19040,10000008.3796003,249999990
1791385080.026,19041,10000008.4042403,249999989
1791385080.328,19042,10000008.3899970,250000090
1791385080.529,19043,10000008.4000003,249999990
1791385080.778,19044,10000008.4000003,249999990
1791385081.029,19045,10000008.4000003,249999990
1791385081.282,19046,10000008.3943203,249999990
1791385081.531,19047,10000008.4056803,249999989
1791385081.780,19048,10000008.3921603,249999990
1791385082.032,19049,10000008.4021603,249999989
1791385082.228,19050,10000008.3944003,249999990
1791385082.482,19051,10000008.4056003,249999989
1791385082.732,19052,10000008.3943970,250000090
1791385082.983,19053,10000008.4000003,249999990
1791385083.228,19054,10000008.4000003,249999990
1791385083.484,19055,10000008.3916403,249999990
1791385083.738,19056,10000008.4000003,249999990
1791385083.980,19057,10000008.4000003,249999990
1791385084.229,19058,10000008.3940403,249999990
1791385084.479,19059,10000008.3924003,249999990
1791385084.735,19060,10000008.4076003,249999989
1791385084.983,19061,10000008.4000003,249999990
1791385085.230,19062,10000008.3854770,250000090
1791385085.482,19063,10000008.4000003,249999990
1791385085.732,19064,10000008.4068803,249999989
1791385085.982,19065,10000008.3630803,249999990
1791385086.233,19066,10000008.4256404,249999989
1791385086.479,19067,10000008.3932803,249999990
1791385086.732,19068,10000008.4000003,249999990
1791385086.982,19069,10000008.3811203,249999990
1791385087.232,19070,10000008.4188804,249999989
1791385087.480,19071,10000008.3756003,249999990
1791385087.732,19072,10000008.3929170,250000090
1791385087.990,19073,10000008.3617203,249999990
1791385088.230,19074,10000008.4453604,249999988
1791385088.481,19075,10000008.3457603,249999991
1791385088.734,19076,10000008.3945603,249999990
1791385088.983,19077,10000008.3948403,249999990
1791385089.230,19078,10000008.3966403,249999990
1791385089.482,19079,10000008.3904403,249999990
1791385089.730,19080,10000008.2474002,249999993
1791385089.984,19081,10000008.4036803,249999989
1791385090.232,19082,10000008.3963203,249999990
1791385090.497,19083,10000008.4036770,250000089
1791385090.733,19084,10000008.3936003,249999990
1791385090.981,19085,10000008.5508405,249999986
1791385091.232,19086,10000008.2468002,249999993
1791385091.484,19087,10000008.4000003,249999990
1791385091.734,19088,10000008.3888803,249999990
1791385091.985,19089,10000008.4111203,249999989
1791385092.231,19090,10000008.4000003,249999990
1791385092.483,19091,10000008.3930803,249999990
1791385092.735,19092,10000008.3958403,249999990
1791385092.982,19093,10000008.3960770,250000090
1791385093.233,19094,10000008.4000003,249999990
1791385093.484,19095,10000008.3580403,249999991
1791385093.735,19096,10000008.4419604,249999988
1791385093.982,19097,10000008.3925603,249999990
1791385094.232,19098,10000008.4000003,249999990
1791385094.485,19099,10000008.3798003,249999990
1791385094.736,19100,10000008.4315604,249999989
1791385094.986,19101,10000008.3595603,249999991
1791385095.232,19102,10000008.4000003,249999990
1791385095.488,19103,10000008.4040370,250000089
1791385095.738,19104,10000008.3959603,249999990
1791385095.985,19105,10000008.3726003,249999990
1791385096.233,19106,10000008.4161604,249999989
1791385096.486,19107,10000008.3885603,249999990
1791385096.735,19108,10000008.4000003,249999990
1791385097.019,19109,10000008.3910403,249999990
1791385097.236,19110,10000008.4261604,249999989
1791385097.483,19111,10000008.3680803,249999990
1791385097.735,19112,10000008.4100003,249999989
1791385097.983,19113,10000008.3899970,250000090
1791385098.233,19114,10000008.4057603,249999989
1791385098.484,19115,10000008.3885603,249999990
1791385098.738,19116,10000008.4000003,249999990
1791385098.996,19117,10000008.3944003,249999990
1791385099.234,19118,10000008.4000003,249999990
1791385099.484,19119,10000008.4000003,249999990
1791385099.734,19120,10000008.3916403,249999990
1791385099.984,19121,10000008.4000003,249999990
1791385100.235,19122,10000008.4043203,249999989
1791385100.493,19123,10000008.3897170,250000090
1791385100.734,19124,10000008.4000003,249999990
1791385100.984,19125,10000008.4000003,249999990
1791385101.234,19126,10000008.3811203,249999990
1791385101.484,19127,10000008.4071603,249999989
1791385101.735,19128,10000008.4000003,249999990
1791385101.989,19129,10000008.3959603,249999990
1791385102.237,19130,10000008.3840003,249999990
1791385102.488,19131,10000008.4128803,249999989
1791385102.735,19132,10000008.3871203,249999990
1791385102.987,19133,10000008.3872370,250000090
1791385103.239,19134,10000008.3741203,249999990
1791385103.489,19135,10000008.4165604,249999989
1791385103.739,19136,10000008.3495603,249999991
1791385103.989,19137,10000008.3945603,249999990
1791385104.243,19138,10000008.3948403,249999990
1791385104.489,19139,10000008.4051603,249999989
1791385104.739,19140,10000008.3729203,249999990
1791385104.992,19141,10000008.2537202,249999993
1791385105.238,19142,10000008.4064003,249999989
1791385105.489,19143,10000008.4000003,249999990
1791385105.737,19144,10000008.3999970,250000090
1791385105.990,19145,10000008.3881203,249999990
1791385106.237,19146,10000008.5562805,249999986
1791385106.489,19147,10000008.2437202,249999993
1791385106.737,19148,10000008.4000003,249999990
1791385106.989,19149,10000008.3961603,249999990
1791385107.239,19150,10000008.3958403,249999990
1791385107.490,19151,10000008.4134803,249999989
1791385107.740,19152,10000008.3906803,249999990
1791385107.990,19153,10000008.4000003,249999990
1791385108.239,19154,10000008.3918770,250000090
1791385108.514,19155,10000008.4039203,249999989
1791385108.743,19156,10000008.3483203,249999991
1791385109.001,19157,10000008.4267604,249999989
1791385109.238,19158,10000008.4085603,249999989
1791385109.493,19159,10000008.4000003,249999990
1791385109.743,19160,10000008.3799603,249999990
1791385110.072,19161,10000008.4405604,249999988
1791385110.242,19162,10000008.3594403,249999991
1791385110.488,19163,10000008.4000003,249999990
1791385110.741,19164,10000008.3959570,250000090
1791385110.989,19165,10000008.4000003,249999990
1791385111.244,19166,10000008.3773603,249999990
1791385111.492,19167,10000008.4114403,249999989
1791385111.743,19168,10000008.3938803,249999990
1791385111.993,19169,10000008.4000003,249999990
1791385112.241,19170,10000008.3857203,249999990
1791385112.492,19171,10000008.4316004,249999989
1791385112.744,19172,10000008.3684003,249999990
1791385112.991,19173,10000008.4042403,249999989
1791385113.242,19174,10000008.3899970,250000090
1791385113.492,19175,10000008.4057603,249999989
1791385113.743,19176,10000008.3942403,249999990
1791385113.993,19177,10000008.4000003,249999990
1791385114.240,19178,10000008.3943203,249999990
1791385114.489,19179,10000008.4056803,249999989
1791385114.741,19180,10000008.3886803,249999990
1791385114.994,19181,10000008.4056003,249999989
1791385115.243,19182,10000008.3978403,249999990
1791385115.494,19183,10000008.3965203,249999990
1791385115.744,19184,10000008.3959570,250000090
1791385115.995,19185,10000008.3956803,249999990
1791385116.245,19186,10000008.4043203,249999989
1791385116.494,19187,10000008.3897203,249999990
1791385116.740,19188,10000008.4000003,249999990
1791385116.992,19189,10000008.4000003,249999990
1791385117.242,19190,10000008.3952003,249999990
1791385117.494,19191,10000008.3930803,249999990
1791385117.743,19192,10000008.4082403,249999989
1791385117.996,19193,10000008.3917603,249999990
1791385118.242,19194,10000008.3999970,250000090
1791385118.493,19195,10000008.3972003,249999990
1791385118.744,19196,10000008.4028003,249999989
1791385118.992,19197,10000008.3304803,249999991
1791385119.241,19198,10000008.4556004,249999988
1791385119.493,19199,10000008.3904803,249999990
1791385119.741,19200,10000008.4034003,249999989
1791385119.992,19201,10000008.3454003,249999991
1791385120.243,19202,10000008.3461603,249999991
1791385120.496,19203,10000008.4831204,249999987
1791385120.745,19204,10000008.4070770,250000089
1791385120.992,19205,10000008.3546403,249999991
1791385121.242,19206,10000008.4302804,249999989
1791385121.495,19207,10000008.3608403,249999990
1791385121.743,19208,10000008.3893603,249999990
1791385121.998,19209,10000008.3903203,249999990
1791385122.242,19210,10000008.4050403,249999989
1791385122.503,19211,10000008.3803203,249999990
1791385122.744,19212,10000008.2624802,249999993
1791385122.996,19213,10000008.4045603,249999989
1791385123.242,19214,10000008.4000003,249999990
1791385123.496,19215,10000008.3890770,250000090
1791385123.747,19216,10000008.4064003,249999989
1791385124.000,19217,10000008.5521205,249999986
1791385124.245,19218,10000008.2442002,249999993
1791385124.497,19219,10000008.4000003,249999990
1791385124.744,19220,10000008.3972803,249999990
1791385124.994,19221,10000008.4027203,249999989
1791385125.245,19222,10000008.4036803,249999989
1791385125.493,19223,10000008.3881203,249999990
1791385125.746,19224,10000008.3920003,249999990
1791385125.998,19225,10000008.3999970,250000090
1791385126.245,19226,10000008.4080003,249999989
1791385126.496,19227,10000008.3515603,249999991
1791385126.746,19228,10000008.4404404,249999988
1791385127.001,19229,10000008.4080003,249999989
1791385127.245,19230,10000008.3920003,249999990
1791385127.496,19231,10000008.3836403,249999990
1791385127.748,19232,10000008.4163604,249999989
1791385127.999,19233,10000008.3836403,249999990
1791385128.245,19234,10000008.4000003,249999990
1791385128.496,19235,10000008.3914370,250000090
1791385128.747,19236,10000008.4169204,249999989
1791385128.999,19237,10000008.3502003,249999991
1791385129.300,19238,10000008.4213604,249999989
1791385129.498,19239,10000008.3959603,249999990
1791385129.745,19240,10000008.4088803,249999989
1791385129.996,19241,10000008.3798803,249999990
1791385130.249,19242,10000008.4403204,249999988
1791385130.498,19243,10000008.3596803,249999991
1791385130.746,19244,10000008.4000003,249999990
1791385131.012,19245,10000008.3999970,250000090
1791385131.247,19246,10000008.4000003,249999990
1791385131.500,19247,10000008.3838403,249999990
1791385131.754,19248,10000008.4100403,249999989
1791385132.000,19249,10000008.3946803,249999990
1791385132.249,19250,10000008.3952803,249999990
1791385132.497,19251,10000008.3957603,249999990
1791385132.748,19252,10000008.4204004,249999989
1791385132.999,19253,10000008.3738403,249999990
1791385133.249,19254,10000008.4057603,249999989
1791385133.500,19255,10000008.3942370,250000090
1791385133.752,19256,10000008.4000003,249999990
1791385133.999,19257,10000008.4000003,249999990
1791385134.253,19258,10000008.4000003,249999990
1791385134.503,19259,10000008.3943203,249999990
1791385134.752,19260,10000008.3944003,249999990
1791385135.000,19261,10000008.4000003,249999990
1791385135.251,19262,10000008.4000003,249999990
1791385135.504,19263,10000008.4000003,249999990
1791385135.754,19264,10000008.4000003,249999990
1791385136.005,19265,10000008.3959570,250000090
1791385136.262,19266,10000008.3956803,249999990
1791385136.504,19267,10000008.4083603,249999989
1791385136.754,19268,10000008.3856803,249999990
1791385137.002,19269,10000008.4059603,249999989
1791385137.253,19270,10000008.4000003,249999990
1791385137.502,19271,10000008.3864403,249999990
1791385137.769,19272,10000008.3958803,249999990
1791385138.006,19273,10000008.4082403,249999989
1791385138.256,19274,10000008.3958403,249999990
1791385138.504,19275,10000008.3999970,250000090
1791385138.754,19276,10000008.3887203,249999990
1791385139.013,19277,10000008.4071603,249999989
1791385139.252,19278,10000008.3388403,249999991
1791385139.517,19279,10000008.4539604,249999988
1791385139.755,19280,10000008.3932803,249999990
1791385140.006,19281,10000008.4000003,249999990
1791385140.257,19282,10000008.3811203,249999990
1791385140.506,19283,10000008.4188804,249999989
1791385140.755,19284,10000008.3811203,249999990
1791385141.009,19285,10000008.4093570,250000089
1791385141.254,19286,10000008.3487603,249999991
1791385141.506,19287,10000008.4363204,249999989
1791385141.769,19288,10000008.3457603,249999991
1791385142.009,19289,10000008.4088803,249999989
1791385142.256,19290,10000008.3856803,249999990
1791385142.507,19291,10000008.4143203,249999989
1791385142.758,19292,10000008.3805203,249999990
1791385143.009,19293,10000008.3746403,249999990
1791385143.255,19294,10000008.4156804,249999989
1791385143.507,19295,10000008.4032770,250000089
1791385143.758,19296,10000008.3890003,249999990
1791385144.005,19297,10000008.2555602,249999993
1791385144.258,19298,10000008.5584405,249999986
1791385144.514,19299,10000008.2328002,249999994
1791385144.757,19300,10000008.4087603,249999989
1791385145.008,19301,10000008.3936003,249999990
1791385145.258,19302,10000008.4109203,249999989
1791385145.508,19303,10000008.3954403,249999990
1791385145.758,19304,10000008.3936003,249999990
1791385146.009,19305,10000008.3945203,249999990
1791385146.256,19306,10000008.3999970,250000090
1791385146.508,19307,10000008.4031203,249999989
1791385146.756,19308,10000008.5532005,249999986
1791385147.007,19309,10000008.2468002,249999993
1791385147.257,19310,10000008.3930803,249999990
1791385147.509,19311,10000008.4038403,249999989
1791385147.758,19312,10000008.4000003,249999990
1791385148.009,19313,10000008.4081603,249999989
1791385148.259,19314,10000008.3918403,249999990
1791385148.507,19315,10000008.3961603,249999990
1791385148.757,19316,10000008.3958370,250000090
1791385149.009,19317,10000008.4041603,249999989
1791385149.257,19318,10000008.3499203,249999991
1791385149.507,19319,10000008.4419604,249999988
1791385149.759,19320,10000008.4039203,249999989
1791385150.009,19321,10000008.4000003,249999990
1791385150.258,19322,10000008.3684403,249999990
1791385150.508,19323,10000008.4395604,249999989
1791385150.759,19324,10000008.3880803,249999990
1791385151.010,19325,10000008.3959603,249999990
1791385151.258,19326,10000008.4040370,250000089
1791385151.511,19327,10000008.3925603,249999990
1791385151.759,19328,10000008.3536003,249999991
1791385152.011,19329,10000008.4262404,249999989
1791385152.260,19330,10000008.4152003,249999989
1791385152.510,19331,10000008.3848003,249999990
1791385152.764,19332,10000008.4000003,249999990
1791385153.015,19333,10000008.4315604,249999989
1791385153.263,19334,10000008.3595603,249999991
1791385153.514,19335,10000008.4240804,249999989
1791385153.762,19336,10000008.3704370,250000090
1791385154.012,19337,10000008.4054803,249999989
1791385154.262,19338,10000008.3773603,249999990
1791385154.514,19339,10000008.4226404,249999989
1791385154.763,19340,10000008.3887603,249999990
1791385155.016,19341,10000008.4000003,249999990
1791385155.265,19342,10000008.3885603,249999990
1791385155.517,19343,10000008.4382004,249999989
1791385155.764,19344,10000008.3570803,249999991
1791385156.017,19345,10000008.4100403,249999989
1791385156.265,19346,10000008.3946770,250000090
1791385156.515,19347,10000008.4000003,249999990
1791385156.765,19348,10000008.3852803,249999990
1791385157.013,19349,10000008.4057603,249999989
1791385157.266,19350,10000008.3942403,249999990
1791385157.516,19351,10000008.4057603,249999989
1791385157.766,19352,10000008.3942403,249999990
1791385158.014,19353,10000008.4147203,249999989
1791385158.263,19354,10000008.3852803,249999990
1791385158.516,19355,10000008.4000003,249999990
1791385158.764,19356,10000008.3943170,250000090
1791385159.016,19357,10000008.4000003,249999990
1791385159.265,19358,10000008.4000003,249999990
1791385159.519,19359,10000008.3978403,249999990
1791385159.765,19360,10000008.3965203,249999990
1791385160.015,19361,10000008.4000003,249999990
1791385160.266,19362,10000008.4000003,249999990
1791385160.516,19363,10000008.4000003,249999990
1791385160.766,19364,10000008.3959603,249999990
1791385161.020,19365,10000008.4000003,249999990
1791385161.267,19366,10000008.3956770,250000090
1791385161.520,19367,10000008.3940403,249999990
1791385161.768,19368,10000008.4102803,249999989
1791385162.023,19369,10000008.3849203,249999990
1791385162.266,19370,10000008.4048003,249999989
1791385162.521,19371,10000008.4000003,249999990
1791385162.770,19372,10000008.3924003,249999990
1791385163.033,19373,10000008.3958803,249999990
1791385163.266,19374,10000008.4069203,249999989
1791385163.518,19375,10000008.3971603,249999990
1791385163.770,19376,10000008.3999970,250000090
1791385164.018,19377,10000008.3931203,249999990
1791385164.267,19378,10000008.4028003,249999989
1791385164.517,19379,10000008.3388403,249999991
1791385164.768,19380,10000008.4539604,249999988
1791385165.023,19381,10000008.3932803,249999990
1791385165.269,19382,10000008.4000003,249999990
1791385165.532,19383,10000008.3811203,249999990
1791385165.771,19384,10000008.4188804,249999989
1791385166.022,19385,10000008.3811203,249999990
1791385166.281,19386,10000008.3999970,250000090
1791385166.518,19387,10000008.3794003,249999990
1791385166.772,19388,10000008.4045603,249999989
1791385167.020,19389,10000008.3651203,249999990
1791385167.272,19390,10000008.4000003,249999990
1791385167.521,19391,10000008.4000003,249999990
1791385167.770,19392,10000008.4090403,249999989
1791385168.021,19393,10000008.3618003,249999990
1791385168.281,19394,10000008.3843203,249999990
1791385168.522,19395,10000008.4189604,249999989
1791385168.769,19396,10000008.3999970,250000090
1791385169.021,19397,10000008.3967203,249999990
1791385169.269,19398,10000008.3843203,249999990
1791385169.522,19399,10000008.4253604,249999989
1791385169.771,19400,10000008.2427602,249999993
1791385170.022,19401,10000008.3954403,249999990
1791385170.273,19402,10000008.4000003,249999990
1791385170.525,19403,10000008.4045603,249999989
1791385170.770,19404,10000008.3954403,249999990
1791385171.028,19405,10000008.3963203,249999990
1791385171.274,19406,10000008.3918403,249999990
1791385171.519,19407,10000008.4054770,250000089
1791385171.773,19408,10000008.4000003,249999990
1791385172.023,19409,10000008.5462805,249999986
1791385172.273,19410,10000008.2402402,249999993
1791385173.658,19411,10000008.4111203,249999989
1791385173.658,19412,10000008.3968803,249999990
1791385173.658,19413,10000008.4031203,249999989
1791385173.710,19414,10000008.4023603,249999989
1791385173.710,19415,10000008.3906803,249999990
1791385173.773,19416,10000008.4038403,249999989
1791385174.020,19417,10000008.3880770,250000090
1791385174.271,19418,10000008.4119203,249999989
1791385174.522,19419,10000008.3515603,249999991
1791385174.774,19420,10000008.4404404,249999988
1791385175.023,19421,10000008.4000003,249999990
1791385175.275,19422,10000008.3920003,249999990
1791385175.522,19423,10000008.4040403,249999989
1791385175.774,19424,10000008.4174004,249999989
1791385176.024,19425,10000008.3865203,249999990
1791385176.278,19426,10000008.3920003,249999990
1791385176.523,19427,10000008.3999970,250000090
1791385176.774,19428,10000008.4080003,249999989
1791385177.024,19429,10000008.3541203,249999991
1791385177.283,19430,10000008.4345604,249999989
1791385177.523,19431,10000008.3950003,249999990
1791385177.780,19432,10000008.4050003,249999989
1791385178.021,19433,10000008.3864403,249999990
1791385178.274,19434,10000008.4290804,249999989
1791385178.521,19435,10000008.3794803,249999990
1791385178.775,19436,10000008.3914403,249999990
1791385179.027,19437,10000008.4037170,250000089
1791385179.276,19438,10000008.3962803,249999990
1791385179.525,19439,10000008.3671203,249999990
1791385179.771,19440,10000008.4173204,249999989
1791385180.023,19441,10000008.4000003,249999990
1791385180.322,19442,10000008.4088803,249999989
1791385180.525,19443,10000008.3798803,249999990
1791385180.780,19444,10000008.4403204,249999988
1791385181.026,19445,10000008.3798003,249999990
1791385181.275,19446,10000008.3951603,249999990
1791385181.526,19447,10000008.3905170,250000090
1791385181.772,19448,10000008.4000003,249999990
1791385182.025,19449,10000008.3828003,249999990
1791385182.271,19450,10000008.4114403,249999989
1791385182.523,19451,10000008.3938803,249999990
1791385182.775,19452,10000008.3946803,249999990
1791385183.023,19453,10000008.4000003,249999990
1791385183.274,19454,10000008.4226404,249999989
1791385183.525,19455,10000008.3726003,249999990
1791385183.774,19456,10000008.4000003,249999990
1791385184.022,19457,10000008.3999970,250000090
1791385184.273,19458,10000008.4000003,249999990
1791385184.522,19459,10000008.3900003,249999990
1791385184.774,19460,10000008.4100003,249999989
1791385185.023,19461,10000008.3900003,249999990
1791385185.273,19462,10000008.4057603,249999989
1791385185.523,19463,10000008.3942403,249999990
1791385185.783,19464,10000008.4200404,249999989
1791385186.023,19465,10000008.3799603,249999990
1791385186.279,19466,10000008.4100003,249999989
1791385186.527,19467,10000008.3899970,250000090
1791385186.776,19468,10000008.4000003,249999990
1791385187.028,19469,10000008.4000003,249999990
1791385187.276,19470,10000008.3943203,249999990
1791385187.527,19471,10000008.4000003,249999990
1791385187.778,19472,10000008.3944003,249999990
1791385188.031,19473,10000008.4000003,249999990
1791385188.276,19474,10000008.4000003,249999990
1791385188.476,19475,10000008.4000003,249999990
1791385188.726,19476,10000008.4034803,249999989
1791385188.977,19477,10000008.3924770,250000090
1791385189.225,19478,10000008.4040403,249999989
1791385189.476,19479,10000008.4000003,249999990
1791385189.729,19480,10000008.3916403,249999990
1791385189.976,19481,10000008.4083603,249999989
1791385190.236,19482,10000008.3916403,249999990
1791385190.476,19483,10000008.4000003,249999990
1791385190.729,19484,10000008.3940403,249999990
1791385190.977,19485,10000008.4059603,249999989
1791385191.227,19486,10000008.3940403,249999990
1791385191.476,19487,10000008.3999970,250000090
1791385191.727,19488,10000008.4000003,249999990
1791385191.981,19489,10000008.4000003,249999990
1791385192.233,19490,10000008.3811203,249999990
1791385192.479,19491,10000008.4112803,249999989
1791385192.727,19492,10000008.4028403,249999989
1791385192.980,19493,10000008.3930803,249999990
1791385193.234,19494,10000008.3928403,249999990
1791385193.481,19495,10000008.4112803,249999989
1791385193.727,19496,10000008.3887203,249999990
1791385193.980,19497,10000008.3932770,250000090
1791385194.229,19498,10000008.4000003,249999990
1791385194.479,19499,10000008.4067203,249999989
1791385194.732,19500,10000008.3289203,249999991
1791385194.981,19501,10000008.4582004,249999988
1791385195.228,19502,10000008.3966003,249999990
1791385195.481,19503,10000008.4034003,249999989
1791385195.732,19504,10000008.3817203,249999990
1791385195.982,19505,10000008.4244004,249999989
1791385196.229,19506,10000008.3650803,249999990
1791385196.480,19507,10000008.4104770,250000089
1791385196.729,19508,10000008.3546403,249999991
1791385196.978,19509,10000008.4415604,249999988
1791385197.229,19510,10000008.3495603,249999991
1791385197.482,19511,10000008.4000003,249999990
1791385197.729,19512,10000008.3893603,249999990
1791385197.980,19513,10000008.4144403,249999989
1791385198.234,19514,10000008.3682003,249999990
1791385198.480,19515,10000008.2555602,249999993
1791385198.736,19516,10000008.5444405,249999986
1791385198.985,19517,10000008.3999970,250000090
1791385199.231,19518,10000008.2555602,249999993
1791385199.484,19519,10000008.3912403,249999990
1791385199.734,19520,10000008.5642005,249999985
1791385199.985,19521,10000008.2382002,249999994
1791385200.232,19522,10000008.4000003,249999990
1791385200.485,19523,10000008.3945203,249999990
1791385200.735,19524,10000008.4118803,249999989
1791385200.991,19525,10000008.3963203,249999990
1791385201.236,19526,10000008.3949203,249999990
1791385201.485,19527,10000008.3968803,249999990
1791385201.748,19528,10000008.3919970,250000090
1791385201.986,19529,10000008.4080003,249999989
1791385202.237,19530,10000008.3460803,249999991
1791385202.485,19531,10000008.4500804,249999988
1791385202.737,19532,10000008.4000003,249999990
1791385202.986,19533,10000008.3958403,249999990
1791385203.234,19534,10000008.3750803,249999990
1791385203.484,19535,10000008.4360004,249999989
1791385203.733,19536,10000008.3849603,249999990
1791385203.986,19537,10000008.4039203,249999989
1791385204.233,19538,10000008.3836370,250000090
1791385204.486,19539,10000008.4124403,249999989
1791385204.737,19540,10000008.3522803,249999991
1791385204.989,19541,10000008.4353204,249999989
1791385205.237,19542,10000008.4083603,249999989
1791385205.490,19543,10000008.3764403,249999990
1791385205.740,19544,10000008.3856403,249999990
1791385205.992,19545,10000008.4295604,249999989
1791385206.239,19546,10000008.3646803,249999990
1791385206.488,19547,10000008.4112403,249999989
1791385206.740,19548,10000008.3887570,250000090
1791385206.991,19549,10000008.4057603,249999989
1791385207.240,19550,10000008.3828003,249999990
1791385207.490,19551,10000008.4114403,249999989
1791385207.740,19552,10000008.4000003,249999990
1791385207.999,19553,10000008.3938803,249999990
1791385208.242,19554,10000008.3857203,249999990
1791385208.489,19555,10000008.4261604,249999989
1791385208.739,19556,10000008.3738403,249999990
1791385208.989,19557,10000008.4042403,249999989
1791385209.242,19558,10000008.3899970,250000090
1791385209.489,19559,10000008.4057603,249999989
1791385209.741,19560,10000008.3942403,249999990
1791385209.991,19561,10000008.4000003,249999990
1791385210.237,19562,10000008.3943203,249999990
1791385210.490,19563,10000008.4056803,249999989
1791385210.740,19564,10000008.3943203,249999990
1791385211.005,19565,10000008.4056803,249999989
1791385211.239,19566,10000008.3886803,249999990
1791385211.498,19567,10000008.4113203,249999989
1791385211.741,19568,10000008.3886770,250000090
1791385211.990,19569,10000008.4000003,249999990
1791385212.243,19570,10000008.4000003,249999990
1791385212.492,19571,10000008.3916403,249999990
1791385212.742,19572,10000008.4000003,249999990
1791385212.992,19573,10000008.4000003,249999990
1791385213.251,19574,10000008.3940403,249999990
1791385213.490,19575,10000008.3924003,249999990
1791385213.746,19576,10000008.4076003,249999989
1791385213.990,19577,10000008.4000003,249999990
1791385214.246,19578,10000008.3965170,250000090
1791385214.490,19579,10000008.3917603,249999990
1791385214.743,19580,10000008.4041203,249999989
1791385214.993,19581,10000008.3630803,249999990
1791385215.244,19582,10000008.4300404,249999989
1791385215.494,19583,10000008.3888803,249999990
1791385215.743,19584,10000008.4000003,249999990
1791385215.995,19585,10000008.3811203,249999990
1791385216.241,19586,10000008.4256404,249999989
1791385216.492,19587,10000008.3743603,249999990
1791385216.742,19588,10000008.4051170,250000089
1791385216.994,19589,10000008.3742803,249999990
1791385217.241,19590,10000008.4150804,249999989
1791385217.494,19591,10000008.3496003,249999991
1791385217.745,19592,10000008.4140803,249999989
1791385217.995,19593,10000008.3766803,249999990
1791385218.246,19594,10000008.4054403,249999989
1791385218.494,19595,10000008.3764803,249999990
1791385218.753,19596,10000008.3875603,249999990
1791385219.092,19597,10000008.4080003,249999989
1791385219.243,19598,10000008.3919970,250000090
1791385219.495,19599,10000008.2729202,249999993
1791385219.745,19600,10000008.3906403,249999990
1791385219.994,19601,10000008.5571605,249999986
1791385220.247,19602,10000008.2364402,249999994
1791385220.496,19603,10000008.4064003,249999989
1791385220.746,19604,10000008.3912403,249999990
1791385221.000,19605,10000008.4087603,249999989
1791385221.243,19606,10000008.3963203,249999990
1791385221.497,19607,10000008.3880003,249999990
1791385221.744,19608,10000008.3958403,249999990
1791385221.994,19609,10000008.3999970,250000090
1791385222.247,19610,10000008.4080003,249999989
1791385222.497,19611,10000008.3515603,249999991
1791385222.746,19612,10000008.4324404,249999989
1791385222.994,19613,10000008.4080003,249999989
1791385223.249,19614,10000008.4080003,249999989
1791385223.497,19615,10000008.3806403,249999990
1791385223.747,19616,10000008.4155204,249999989
1791385223.999,19617,10000008.3878403,249999990
1791385224.252,19618,10000008.3916403,249999990
1791385224.500,19619,10000008.3914370,250000090
1791385224.751,19620,10000008.4085603,249999989
1791385225.000,19621,10000008.3704403,249999990
1791385225.250,19622,10000008.4143603,249999989
1791385225.503,19623,10000008.3856403,249999990
1791385225.750,19624,10000008.4143603,249999989
1791385226.002,19625,10000008.3737603,249999990
1791385226.251,19626,10000008.4262404,249999989
1791385226.504,19627,10000008.3798803,249999990
1791385226.754,19628,10000008.4000003,249999990
1791385227.001,19629,10000008.3938770,250000090
1791385227.252,19630,10000008.4061203,249999989
1791385227.504,19631,10000008.3796003,249999990
1791385227.754,19632,10000008.4142804,249999989
1791385228.004,19633,10000008.3799603,249999990
1791385228.252,19634,10000008.4147203,249999989
1791385228.505,19635,10000008.3852803,249999990
1791385228.752,19636,10000008.4100003,249999989
1791385229.006,19637,10000008.3900003,249999990
1791385229.303,19638,10000008.4057603,249999989
1791385229.525,19639,10000008.3942370,250000090
1791385229.756,19640,10000008.4000003,249999990
1791385230.005,19641,10000008.3943203,249999990
1791385230.252,19642,10000008.4000003,249999990
1791385230.507,19643,10000008.4000003,249999990
1791385230.755,19644,10000008.4000003,249999990
1791385231.003,19645,10000008.3978403,249999990
1791385231.253,19646,10000008.3965203,249999990
1791385231.513,19647,10000008.4000003,249999990
1791385231.780,19648,10000008.4000003,249999990
1791385232.005,19649,10000008.3916370,250000090
1791385232.255,19650,10000008.4000003,249999990
1791385232.507,19651,10000008.4000003,249999990
1791385232.756,19652,10000008.3864403,249999990
1791385233.006,19653,10000008.4041603,249999989
1791385233.259,19654,10000008.4034803,249999989
1791385233.504,19655,10000008.3924003,249999990
1791385233.758,19656,10000008.3931203,249999990
1791385234.009,19657,10000008.4068803,249999989
1791385234.254,19658,10000008.3958803,249999990
1791385234.505,19659,10000008.3928370,250000090
1791385234.755,19660,10000008.3871203,249999990
1791385235.008,19661,10000008.4061203,249999989
1791385235.260,19662,10000008.3356803,249999991
1791385235.505,19663,10000008.4454404,249999988
1791385235.759,19664,10000008.3794003,249999990
1791385236.009,19665,10000008.4206004,249999989
1791385236.256,19666,10000008.3632803,249999990
1791385236.509,19667,10000008.3410003,249999991
1791385236.756,19668,10000008.4220004,249999989
1791385237.015,19669,10000008.4033570,250000089
1791385237.260,19670,10000008.3826403,249999990
1791385237.508,19671,10000008.3920003,249999990
1791385237.760,19672,10000008.4220004,249999989
1791385238.012,19673,10000008.3814403,249999990
1791385238.260,19674,10000008.2601202,249999993
1791385238.506,19675,10000008.4000003,249999990
1791385238.757,19676,10000008.4093603,249999989
1791385239.010,19677,10000008.3906403,249999990
1791385239.257,19678,10000008.3963203,249999990
1791385239.508,19679,10000008.3972803,249999990
1791385239.756,19680,10000008.3945170,250000090
1791385240.007,19681,10000008.3961603,249999990
1791385240.260,19682,10000008.3554003,249999991
1791385240.509,19683,10000008.4404404,249999988
1791385240.760,19684,10000008.4041603,249999989
1791385241.011,19685,10000008.3878403,249999990
1791385241.269,19686,10000008.4040403,249999989
1791385241.517,19687,10000008.4119203,249999989
1791385241.760,19688,10000008.3840003,249999990
1791385242.017,19689,10000008.3830803,249999990
1791385242.258,19690,10000008.3999970,250000090
1791385242.509,19691,10000008.4085603,249999989
1791385242.759,19692,10000008.3646803,249999990
1791385243.009,19693,10000008.4304804,249999989
1791385243.260,19694,10000008.3807603,249999990
1791385243.512,19695,10000008.4088803,249999989
1791385243.761,19696,10000008.3798803,249999990
1791385244.011,19697,10000008.4353204,249999989
1791385244.263,19698,10000008.3586003,249999991
1791385244.510,19699,10000008.4061203,249999989
1791385244.761,19700,10000008.3885570,250000090
1791385245.010,19701,10000008.4053203,249999989
1791385245.262,19702,10000008.3857203,249999990
1791385245.513,19703,10000008.4042403,249999989
1791385245.763,19704,10000008.3957603,249999990
1791385246.013,19705,10000008.4000003,249999990
1791385246.261,19706,10000008.3942403,249999990
1791385246.513,19707,10000008.4057603,249999989
1791385246.763,19708,10000008.3864003,249999990
1791385247.014,19709,10000008.4000003,249999990
1791385247.259,19710,10000008.3965170,250000090
1791385247.513,19711,10000008.4000003,249999990
1791385247.762,19712,10000008.4000003,249999990
1791385248.013,19713,10000008.3959603,249999990
1791385248.260,19714,10000008.3956803,249999990
1791385248.512,19715,10000008.4043203,249999989
1791385248.760,19716,10000008.3956803,249999990
1791385249.011,19717,10000008.3892403,249999990
1791385249.259,19718,10000008.4048003,249999989
1791385249.509,19719,10000008.3952003,249999990
1791385249.759,19720,10000008.3971570,250000090
1791385250.013,19721,10000008.3931203,249999990
1791385250.261,19722,10000008.4068803,249999989
1791385250.510,19723,10000008.3504803,249999991
1791385250.763,19724,10000008.4314804,249999989
1791385251.014,19725,10000008.4000003,249999990
1791385251.265,19726,10000008.4000003,249999990
1791385251.526,19727,10000008.3718003,249999990
1791385251.764,19728,10000008.3136003,249999992
1791385252.012,19729,10000008.4796804,249999988
1791385252.263,19730,10000008.4104770,250000089
1791385252.513,19731,10000008.3403203,249999991
1791385252.764,19732,10000008.3948403,249999990
1791385254.190,19733,10000008.4051603,249999989
1791385254.190,19734,10000008.3948403,249999990
1791385254.190,19735,10000008.3936403,249999990
1791385254.269,19736,10000008.4000003,249999990
1791385254.269,19737,10000008.3844803,249999990
1791385254.337,19738,10000008.2601202,249999993
1791385254.512,19739,10000008.4045603,249999989
1791385254.764,19740,10000008.3917603,249999990
1791385255.011,19741,10000008.3999970,250000090
1791385255.264,19742,10000008.3949203,249999990
1791385255.514,19743,10000008.5532005,249999986
1791385255.764,19744,10000008.2356802,249999994
1791385256.010,19745,10000008.4041603,249999989
1791385256.262,19746,10000008.4000003,249999990
1791385256.513,19747,10000008.4038403,249999989
1791385256.771,19748,10000008.4054803,249999989
1791385257.020,19749,10000008.3945203,249999990
1791385257.265,19750,10000008.3920003,249999990
1791385257.515,19751,10000008.3886370,250000090
1791385257.764,19752,10000008.4113603,249999989
1791385258.011,19753,10000008.3483203,249999991
1791385258.262,19754,10000008.4436804,249999988
1791385258.514,19755,10000008.4000003,249999990
1791385258.762,19756,10000008.3966403,249999990
1791385259.016,19757,10000008.3864403,249999990
1791385259.262,19758,10000008.4249204,249999989
1791385259.515,19759,10000008.3836403,249999990
1791385259.764,19760,10000008.4000003,249999990
1791385260.012,19761,10000008.3914370,250000090
1791385260.265,19762,10000008.4085603,249999989
1791385260.513,19763,10000008.3646803,249999990
1791385260.767,19764,10000008.4267604,249999989
1791385261.012,19765,10000008.3844803,249999990
1791385261.262,19766,10000008.4088803,249999989
1791385261.513,19767,10000008.3798803,249999990
1791385261.767,19768,10000008.4436804,249999988
1791385262.012,19769,10000008.3675603,249999990
1791385262.266,19770,10000008.4088803,249999989
1791385262.533,19771,10000008.3911170,250000090
1791385262.762,19772,10000008.4088803,249999989
1791385263.016,19773,10000008.3798803,249999990
1791385263.266,19774,10000008.4112403,249999989
1791385263.515,19775,10000008.3887603,249999990
1791385263.762,19776,10000008.4112403,249999989
1791385264.015,19777,10000008.3826803,249999990
1791385264.262,19778,10000008.4414004,249999988
1791385264.515,19779,10000008.3586003,249999991
1791385264.766,19780,10000008.4061203,249999989
1791385265.016,19781,10000008.3999970,250000090
1791385265.265,19782,10000008.4057603,249999989
1791385265.515,19783,10000008.3738403,249999990
1791385265.766,19784,10000008.4089603,249999989
1791385266.014,19785,10000008.4000003,249999990
1791385266.267,19786,10000008.4053203,249999989
1791385266.516,19787,10000008.3899603,249999990
1791385266.766,19788,10000008.4274004,249999989
1791385267.012,19789,10000008.3773603,249999990
1791385267.262,19790,10000008.4000003,249999990
1791385267.514,19791,10000008.3952770,250000090
1791385267.766,19792,10000008.4047203,249999989
1791385268.012,19793,10000008.3952803,249999990
1791385268.266,19794,10000008.4000003,249999990
1791385268.518,19795,10000008.4047203,249999989
1791385268.764,19796,10000008.3952803,249999990
1791385269.016,19797,10000008.4000003,249999990
1791385269.270,19798,10000008.4219204,249999989
1791385269.516,19799,10000008.3738403,249999990
1791385269.768,19800,10000008.4089603,249999989
1791385270.021,19801,10000008.3910370,250000090
1791385270.265,19802,10000008.4089603,249999989
1791385270.515,19803,10000008.3852803,249999990
1791385270.773,19804,10000008.4100003,249999989
1791385271.017,19805,10000008.4000003,249999990
1791385271.268,19806,10000008.4000003,249999990
1791385271.518,19807,10000008.3900003,249999990
1791385271.769,19808,10000008.4057603,249999989
1791385272.017,19809,10000008.3942403,249999990
1791385272.267,19810,10000008.4000003,249999990
1791385272.515,19811,10000008.4099970,250000089
1791385272.768,19812,10000008.3957603,249999990
1791385273.015,19813,10000008.3942403,249999990
1791385273.268,19814,10000008.4000003,249999990
1791385273.517,19815,10000008.4000003,249999990
1791385273.770,19816,10000008.4000003,249999990
1791385274.019,19817,10000008.4000003,249999990
1791385274.267,19818,10000008.4100003,249999989
1791385274.516,19819,10000008.3843203,249999990
1791385274.766,19820,10000008.4056803,249999989
1791385275.023,19821,10000008.3999970,250000090
1791385275.269,19822,10000008.4000003,249999990
1791385275.517,19823,10000008.4000003,249999990
1791385275.771,19824,10000008.4000003,249999990
1791385276.020,19825,10000008.3943203,249999990
1791385276.270,19826,10000008.4000003,249999990
1791385276.518,19827,10000008.3978403,249999990
1791385276.773,19828,10000008.3965203,249999990
1791385277.021,19829,10000008.4000003,249999990
1791385277.273,19830,10000008.4000003,249999990
1791385277.520,19831,10000008.3999970,250000090
1791385277.774,19832,10000008.4000003,249999990
1791385278.024,19833,10000008.4000003,249999990
1791385278.273,19834,10000008.3916403,249999990
1791385278.522,19835,10000008.4000003,249999990
1791385278.769,19836,10000008.4000003,249999990
1791385279.022,19837,10000008.3940403,249999990
1791385279.269,19838,10000008.4000003,249999990
1791385279.522,19839,10000008.4059603,249999989
1791385279.774,19840,10000008.3940403,249999990
1791385280.019,19841,10000008.3999970,250000090
1791385280.270,19842,10000008.3924003,249999990
1791385280.521,19843,10000008.4076003,249999989
1791385280.772,19844,10000008.3811203,249999990
1791385281.022,19845,10000008.4141203,249999989
1791385281.272,19846,10000008.3930803,249999990
1791385281.523,19847,10000008.3928403,249999990
1791385281.780,19848,10000008.3932803,249999990
1791385282.096,19849,10000008.4111203,249999989
1791385282.270,19850,10000008.3888803,249999990
1791385282.524,19851,10000008.3999970,250000090
1791385282.771,19852,10000008.3862403,249999990
1791385283.021,19853,10000008.4076403,249999989
1791385283.273,19854,10000008.3363603,249999991
1791385283.522,19855,10000008.4141603,249999989
1791385283.774,19856,10000008.3858403,249999990
1791385284.024,19857,10000008.4090403,249999989
1791385284.272,19858,10000008.3681203,249999990
1791385284.526,19859,10000008.3780003,249999990
1791385284.776,19860,10000008.4156804,249999989
1791385285.025,19861,10000008.4148370,250000089
1791385285.275,19862,10000008.3774803,249999990
1791385285.525,19863,10000008.3920003,249999990
1791385285.774,19864,10000008.4253604,249999989
1791385286.026,19865,10000008.2382002,249999994
1791385286.275,19866,10000008.4093603,249999989
1791385286.535,19867,10000008.3788003,249999990
1791385286.784,19868,10000008.4031203,249999989
1791385287.023,19869,10000008.4050803,249999989
1791385287.276,19870,10000008.3972803,249999990
1791385287.527,19871,10000008.3906803,249999990
1791385287.777,19872,10000008.4038370,250000089
1791385288.042,19873,10000008.4031203,249999989
1791385288.305,19874,10000008.3573603,249999991
1791385288.478,19875,10000008.4357204,249999989
1791385288.728,19876,10000008.4000003,249999990
1791385288.993,19877,10000008.3958403,249999990
1791385289.261,19878,10000008.4000003,249999990
1791385289.477,19879,10000008.4080003,249999989
1791385289.744,19880,10000008.3880803,249999990
1791385289.977,19881,10000008.4000003,249999990
1791385290.226,19882,10000008.3827170,250000090
1791385290.476,19883,10000008.4132003,249999989
1791385290.730,19884,10000008.3620803,249999990
1791385290.979,19885,10000008.4210004,249999989
1791385291.226,19886,10000008.4000003,249999990
1791385291.476,19887,10000008.4085603,249999989
1791385291.730,19888,10000008.3759203,249999990
1791385291.981,19889,10000008.4290804,249999989
1791385292.229,19890,10000008.3654403,249999990
1791385292.480,19891,10000008.4143603,249999989
1791385292.729,19892,10000008.3911170,250000090
1791385292.978,19893,10000008.4088803,249999989
1791385293.226,19894,10000008.3684403,249999990
1791385293.479,19895,10000008.4114403,249999989
1791385293.726,19896,10000008.4057603,249999989
1791385293.978,19897,10000008.3942403,249999990
1791385294.226,19898,10000008.3938803,249999990
1791385294.479,19899,10000008.4118803,249999989
1791385294.730,19900,10000008.3780803,249999990
1791385294.980,19901,10000008.4100403,249999989
1791385295.230,19902,10000008.3899570,250000090
1791385295.479,19903,10000008.4047203,249999989
1791385295.727,19904,10000008.3910403,249999990
1791385295.980,19905,10000008.4089603,249999989
1791385296.228,19906,10000008.3910403,249999990
1791385296.482,19907,10000008.4089603,249999989
1791385296.731,19908,10000008.3852803,249999990
1791385296.980,19909,10000008.4147203,249999989
1791385297.228,19910,10000008.3852803,249999990
1791385297.481,19911,10000008.4057603,249999989
1791385297.732,19912,10000008.3901970,250000090
1791385297.980,19913,10000008.4040403,249999989
1791385298.230,19914,10000008.3943203,249999990
1791385298.480,19915,10000008.4056803,249999989
1791385298.731,19916,10000008.3943203,249999990
1791385298.981,19917,10000008.4000003,249999990
1791385299.227,19918,10000008.3944003,249999990
1791385299.477,19919,10000008.4034803,249999989
1791385299.730,19920,10000008.3965203,249999990
1791385299.977,19921,10000008.4000003,249999990
1791385300.232,19922,10000008.3959570,250000090
1791385300.481,19923,10000008.4040403,249999989
1791385300.730,19924,10000008.4000003,249999990
1791385300.977,19925,10000008.3916403,249999990
1791385301.231,19926,10000008.4000003,249999990
1791385301.481,19927,10000008.4043203,249999989
1791385301.731,19928,10000008.3956803,249999990
1791385301.980,19929,10000008.3940403,249999990
1791385302.229,19930,10000008.4059603,249999989
1791385302.482,19931,10000008.4000003,249999990
1791385302.729,19932,10000008.3940370,250000090
1791385302.982,19933,10000008.4000003,249999990
1791385303.230,19934,10000008.4059603,249999989
1791385303.483,19935,10000008.3864403,249999990
1791385303.734,19936,10000008.4041603,249999989
1791385303.983,19937,10000008.4034803,249999989
1791385304.230,19938,10000008.3952003,249999990
1791385304.483,19939,10000008.3902803,249999990
1791385304.734,19940,10000008.4068803,249999989
1791385304.983,19941,10000008.3958803,249999990
1791385305.234,19942,10000008.3999970,250000090
1791385305.484,19943,10000008.4000003,249999990
1791385305.735,19944,10000008.4069203,249999989
1791385305.985,19945,10000008.3602403,249999990
1791385306.235,19946,10000008.4256404,249999989
1791385306.486,19947,10000008.4000003,249999990
1791385306.736,19948,10000008.4000003,249999990
1791385306.984,19949,10000008.3871203,249999990
1791385307.233,19950,10000008.4128803,249999989
1791385307.481,19951,10000008.3932803,249999990
1791385307.739,19952,10000008.4067170,250000089
1791385307.985,19953,10000008.3743603,249999990
1791385308.232,19954,10000008.4188804,249999989
1791385308.484,19955,10000008.3392403,249999991
1791385308.735,19956,10000008.4546004,249999988
1791385308.983,19957,10000008.3923603,249999990
1791385309.233,19958,10000008.4000003,249999990
1791385309.486,19959,10000008.3822803,249999990
1791385309.733,19960,10000008.4314804,249999989
1791385309.983,19961,10000008.3756003,249999990
1791385310.234,19962,10000008.4055170,250000089
1791385310.485,19963,10000008.3757203,249999990
1791385310.735,19964,10000008.4294004,249999989
1791385310.985,19965,10000008.3440003,249999991
1791385311.234,19966,10000008.4382804,249999989
1791385311.485,19967,10000008.4000003,249999990
1791385311.734,19968,10000008.4000003,249999990
1791385311.987,19969,10000008.3528403,249999991
1791385312.238,19970,10000008.3640403,249999990
1791385312.486,19971,10000008.4359604,249999989
1791385312.737,19972,10000008.4088770,250000089
1791385312.988,19973,10000008.3805203,249999990
1791385313.234,19974,10000008.4249204,249999989
1791385313.488,19975,10000008.3802403,249999990
1791385313.737,19976,10000008.4143203,249999989
1791385313.985,19977,10000008.3805203,249999990
1791385314.234,19978,10000008.4106403,249999989
1791385314.486,19979,10000008.3797203,249999990
1791385314.734,19980,10000008.3843203,249999990
1791385314.985,19981,10000008.4220004,249999989
1791385315.237,19982,10000008.4085170,250000089
1791385315.488,19983,10000008.3851603,249999990
1791385315.741,19984,10000008.3967603,249999990
1791385315.987,19985,10000008.4128803,249999989
1791385316.236,19986,10000008.3903203,249999990
1791385316.490,19987,10000008.2524002,249999993
1791385316.738,19988,10000008.5319205,249999986
1791385316.988,19989,10000008.4034403,249999989
1791385317.237,19990,10000008.2564402,249999993
1791385317.489,19991,10000008.4082403,249999989
1791385317.740,19992,10000008.5329570,250000086
1791385317.989,19993,10000008.4024003,249999989
1791385318.240,19994,10000008.2564402,249999993
1791385318.489,19995,10000008.5558005,249999986
1791385318.741,19996,10000008.2478802,249999993
1791385319.086,19997,10000008.3963203,249999990
1791385319.241,19998,10000008.4036803,249999989
1791385319.520,19999,10000008.3963203,249999990
1791385319.742,20000,10000008.4000003,249999990
1791385319.990,20001,10000008.4036803,249999989
1791385320.238,20002,10000008.4000003,249999990
1791385320.490,20003,10000008.3881170,250000090
1791385320.742,20004,10000008.4031203,249999989
1791385320.988,20005,10000008.5462805,249999986
1791385321.241,20006,10000008.2468002,249999993
1791385321.491,20007,10000008.4038403,249999989
1791385321.741,20008,10000008.3920003,249999990
1791385321.990,20009,10000008.4041603,249999989
1791385322.241,20010,10000008.4093203,249999989
1791385322.490,20011,10000008.3945203,249999990
1791385322.742,20012,10000008.3961603,249999990
1791385322.991,20013,10000008.3878370,250000090
1791385323.250,20014,10000008.4121603,249999989
1791385323.488,20015,10000008.3499203,249999991
1791385323.741,20016,10000008.4379204,249999989
1791385323.991,20017,10000008.4040403,249999989
1791385324.238,20018,10000008.3959603,249999990
1791385324.488,20019,10000008.3916403,249999990
1791385324.741,20020,10000008.4243604,249999989
1791385324.992,20021,10000008.3756403,249999990
1791385325.239,20022,10000008.3848003,249999990
1791385325.498,20023,10000008.3999970,250000090
1791385325.740,20024,10000008.4152003,249999989
1791385325.993,20025,10000008.3586003,249999991
1791385326.241,20026,10000008.4173204,249999989
1791385326.494,20027,10000008.4088803,249999989
1791385326.741,20028,10000008.4000003,249999990
1791385326.993,20029,10000008.3798803,249999990
1791385327.244,20030,10000008.4353204,249999989
1791385327.513,20031,10000008.3759203,249999990
1791385327.740,20032,10000008.4000003,249999990
1791385327.992,20033,10000008.3826770,250000090
1791385328.241,20034,10000008.4061203,249999989
1791385328.494,20035,10000008.3838403,249999990
1791385328.745,20036,10000008.4047203,249999989
1791385328.992,20037,10000008.3952803,249999990
1791385329.241,20038,10000008.4047203,249999989
1791385329.491,20039,10000008.3852803,249999990
1791385329.740,20040,10000008.4261604,249999989
1791385329.990,20041,10000008.3738403,249999990
1791385330.241,20042,10000008.4057603,249999989
1791385330.494,20043,10000008.3942370,250000090
1791385330.741,20044,10000008.4000003,249999990
1791385330.992,20045,10000008.4000003,249999990
1791385331.242,20046,10000008.3943203,249999990
1791385331.493,20047,10000008.3944003,249999990
1791385331.746,20048,10000008.4000003,249999990
1791385331.992,20049,10000008.4000003,249999990
1791385332.243,20050,10000008.4000003,249999990
1791385332.501,20051,10000008.3916403,249999990
1791385332.756,20052,10000008.4043203,249999989
1791385332.994,20053,10000008.3956770,250000090
1791385333.247,20054,10000008.3940403,249999990
1791385333.494,20055,10000008.4059603,249999989
1791385333.745,20056,10000008.3823203,249999990
1791385333.994,20057,10000008.4041203,249999989
1791385334.246,20058,10000008.4041603,249999989
1791385334.496,20059,10000008.3958403,249999990
1791385334.744,20060,10000008.3887203,249999990
1791385334.997,20061,10000008.4112803,249999989
1791385335.246,20062,10000008.3887203,249999990
1791385335.497,20063,10000008.3932770,250000090
1791385335.748,20064,10000008.4000003,249999990
1791385336.000,20065,10000008.4067203,249999989
1791385336.244,20066,10000008.3325203,249999991
1791385336.497,20067,10000008.4469604,249999988
1791385336.746,20068,10000008.3855603,249999990
1791385336.997,20069,10000008.3932803,249999990
1791385337.247,20070,10000008.3651203,249999990
1791385337.495,20071,10000008.3551603,249999991
1791385337.748,20072,10000008.4305204,249999989
1791385337.996,20073,10000008.4054370,250000089
1791385338.246,20074,10000008.3720403,249999990
1791385338.494,20075,10000008.4199204,249999989
1791385338.745,20076,10000008.3974403,249999990
1791385338.996,20077,10000008.3871203,249999990
1791385339.243,20078,10000008.2604402,249999993
1791385339.493,20079,10000008.3906403,249999990
1791385339.748,20080,10000008.4093603,249999989
1791385339.995,20081,10000008.3906403,249999990
1791385340.245,20082,10000008.4045603,249999989
1791385340.497,20083,10000008.3866803,249999990
1791385340.746,20084,10000008.3888770,250000090
1791385340.998,20085,10000008.4080003,249999989
1791385341.247,20086,10000008.5493605,249999986
1791385341.498,20087,10000008.2426402,249999993
1791385341.756,20088,10000008.4041603,249999989
1791385341.997,20089,10000008.3958403,249999990
1791385342.248,20090,10000008.4041603,249999989
1791385342.498,20091,10000008.4093203,249999989
1791385342.746,20092,10000008.3906803,249999990
1791385342.997,20093,10000008.3958403,249999990
1791385343.247,20094,10000008.3999970,250000090
1791385343.499,20095,10000008.4000003,249999990
1791385343.748,20096,10000008.3595603,249999991
1791385343.998,20097,10000008.4240804,249999989
1791385344.249,20098,10000008.4000003,249999990
1791385344.499,20099,10000008.4000003,249999990
1791385344.750,20100,10000008.3848003,249999990
1791385344.999,20101,10000008.4315604,249999989
1791385345.249,20102,10000008.3684403,249999990
1791385345.499,20103,10000008.4000003,249999990
1791385345.762,20104,10000008.3911170,250000090
1791385345.998,20105,10000008.4240804,249999989
1791385346.248,20106,10000008.3586003,249999991
1791385346.506,20107,10000008.4213604,249999989
1791385346.753,20108,10000008.3905203,249999990
1791385346.998,20109,10000008.4094803,249999989
1791385347.248,20110,10000008.3905203,249999990
1791385347.501,20111,10000008.4295604,249999989
1791385347.751,20112,10000008.3759203,249999990
1791385348.001,20113,10000008.3945203,249999990
1791385348.249,20114,10000008.3999970,250000090
1791385348.501,20115,10000008.3942403,249999990
1791385348.752,20116,10000008.3885603,249999990
1791385349.003,20117,10000008.4114403,249999989
1791385349.248,20118,10000008.3938803,249999990
1791385349.501,20119,10000008.3946803,249999990
1791385349.751,20120,10000008.3910403,249999990
1791385349.999,20121,10000008.4261604,249999989
1791385350.249,20122,10000008.3738403,249999990
1791385350.501,20123,10000008.4042403,249999989
1791385350.751,20124,10000008.3957570,250000090
1791385351.000,20125,10000008.4042403,249999989
1791385351.249,20126,10000008.3900003,249999990
1791385351.501,20127,10000008.4057603,249999989
1791385351.752,20128,10000008.3942403,249999990
1791385352.008,20129,10000008.4100003,249999989
1791385352.251,20130,10000008.3900003,249999990
1791385352.500,20131,10000008.4100003,249999989
1791385352.753,20132,10000008.3900003,249999990
1791385353.005,20133,10000008.4000003,249999990
1791385353.251,20134,10000008.3999970,250000090
1791385353.504,20135,10000008.4000003,249999990
1791385353.755,20136,10000008.4000003,249999990
1791385354.003,20137,10000008.4000003,249999990
1791385354.251,20138,10000008.3943203,249999990
1791385354.504,20139,10000008.3978403,249999990
1791385354.752,20140,10000008.3965203,249999990
1791385355.003,20141,10000008.4056003,249999989
1791385355.252,20142,10000008.3944003,249999990
1791385355.505,20143,10000008.4034803,249999989
1791385355.752,20144,10000008.3965170,250000090
1791385356.007,20145,10000008.4056003,249999989
1791385356.255,20146,10000008.3944003,249999990
1791385356.505,20147,10000008.4000003,249999990
1791385356.756,20148,10000008.3959603,249999990
1791385357.006,20149,10000008.4040403,249999989
1791385357.253,20150,10000008.4000003,249999990
1791385357.506,20151,10000008.4000003,249999990
1791385357.755,20152,10000008.3959603,249999990
1791385358.002,20153,10000008.4040403,249999989
1791385358.255,20154,10000008.3959570,250000090
1791385358.506,20155,10000008.4000003,249999990
1791385358.756,20156,10000008.4000003,249999990
1791385359.003,20157,10000008.3956803,249999990
1791385359.256,20158,10000008.4083603,249999989
1791385359.506,20159,10000008.3916403,249999990
1791385359.757,20160,10000008.3940403,249999990
1791385360.004,20161,10000008.4000003,249999990
1791385360.254,20162,10000008.4000003,249999990
1791385360.507,20163,10000008.4000003,249999990
1791385360.759,20164,10000008.3999970,250000090
1791385361.008,20165,10000008.4059603,249999989
1791385361.254,20166,10000008.3940403,249999990
1791385361.508,20167,10000008.3854803,249999990
1791385361.759,20168,10000008.4068803,249999989
1791385362.009,20169,10000008.4000003,249999990
1791385362.267,20170,10000008.4000003,249999990
1791385362.509,20171,10000008.4000003,249999990
1791385362.775,20172,10000008.4076003,249999989
1791385363.007,20173,10000008.3882803,249999990
1791385363.255,20174,10000008.3999970,250000090
1791385363.508,20175,10000008.4000003,249999990
1791385363.759,20176,10000008.4000003,249999990
1791385364.008,20177,10000008.3723203,249999990
1791385364.258,20178,10000008.4249204,249999989
1791385364.504,20179,10000008.3956003,249999990
1791385364.756,20180,10000008.4000003,249999990
1791385365.008,20181,10000008.3837603,249999990
1791385365.255,20182,10000008.4194004,249999989
1791385365.506,20183,10000008.3901203,249999990
1791385365.756,20184,10000008.3999970,250000090
1791385366.014,20185,10000008.3938803,249999990
1791385366.256,20186,10000008.4061203,249999989
1791385366.508,20187,10000008.3392403,249999991
1791385366.760,20188,10000008.4418404,249999988
1791385367.009,20189,10000008.4000003,249999990
1791385367.259,20190,10000008.4000003,249999990
1791385367.509,20191,10000008.3545603,249999991
1791385367.755,20192,10000008.3497203,249999991
1791385368.010,20193,10000008.4448404,249999988
1791385368.259,20194,10000008.4302770,250000089
1791385368.509,20195,10000008.3608403,249999990
1791385368.759,20196,10000008.4178804,249999989
1791385369.006,20197,10000008.3821203,249999990
1791385369.255,20198,10000008.3945603,249999990
1791385369.509,20199,10000008.3884403,249999990
1791385369.760,20200,10000008.4063603,249999989
1791385370.059,20201,10000008.3781203,249999990
1791385370.256,20202,10000008.2601202,249999993
1791385370.508,20203,10000008.5374805,249999986
1791385370.768,20204,10000008.4069170,250000089
1791385371.011,20205,10000008.2491602,249999993
1791385371.256,20206,10000008.4064003,249999989
1791385371.508,20207,10000008.5554005,249999986
1791385371.761,20208,10000008.2446002,249999993
1791385372.008,20209,10000008.4000003,249999990
1791385372.259,20210,10000008.4000003,249999990
1791385372.509,20211,10000008.3963203,249999990
1791385372.761,20212,10000008.4000003,249999990
1791385373.008,20213,10000008.3972803,249999990
1791385373.260,20214,10000008.3945203,249999990
1791385373.508,20215,10000008.4054770,250000089
1791385373.757,20216,10000008.4064003,249999989
1791385374.011,20217,10000008.3552403,249999991
1791385374.257,20218,10000008.4290804,249999989
1791385374.511,20219,10000008.4038403,249999989
1791385374.760,20220,10000008.3961603,249999990
1791385375.014,20221,10000008.3878403,249999990
1791385375.258,20222,10000008.4214404,249999989
1791385375.508,20223,10000008.3865203,249999990
1791385375.762,20224,10000008.4000003,249999990
1791385376.013,20225,10000008.3836370,250000090
1791385376.260,20226,10000008.4163604,249999989
1791385376.512,20227,10000008.3483203,249999991
1791385376.762,20228,10000008.4353204,249999989
1791385377.017,20229,10000008.4000003,249999990
1791385377.261,20230,10000008.4000003,249999990
1791385377.513,20231,10000008.3848003,249999990
1791385377.761,20232,10000008.4276004,249999989
1791385378.011,20233,10000008.3635203,249999990
1791385378.261,20234,10000008.4000003,249999990
1791385378.511,20235,10000008.3999970,250000090
1791385378.764,20236,10000008.4155204,249999989
1791385379.011,20237,10000008.3618003,249999990
1791385379.261,20238,10000008.4172004,249999989
1791385379.508,20239,10000008.3881203,249999990
1791385379.763,20240,10000008.4061203,249999989
1791385380.008,20241,10000008.3938803,249999990
1791385380.257,20242,10000008.4328804,249999989
1791385380.507,20243,10000008.3570803,249999991
1791385380.767,20244,10000008.4047203,249999989
1791385381.010,20245,10000008.3952770,250000090
1791385381.270,20246,10000008.4000003,249999990
1791385381.510,20247,10000008.3900003,249999990
1791385381.760,20248,10000008.4000003,249999990
1791385382.007,20249,10000008.4000003,249999990
1791385382.258,20250,10000008.4000003,249999990
1791385382.511,20251,10000008.3886803,249999990
1791385382.760,20252,10000008.4056003,249999989
1791385383.017,20253,10000008.3944003,249999990
1791385383.261,20254,10000008.4000003,249999990
1791385383.536,20255,10000008.3999970,250000090
1791385383.761,20256,10000008.3959603,249999990
1791385384.009,20257,10000008.4000003,249999990
1791385384.259,20258,10000008.3956803,249999990
1791385384.511,20259,10000008.3940403,249999990
1791385384.762,20260,10000008.4000003,249999990
1791385385.009,20261,10000008.4000003,249999990
1791385385.265,20262,10000008.3882803,249999990
1791385385.515,20263,10000008.4041203,249999989
1791385385.768,20264,10000008.3887203,249999990
1791385386.012,20265,10000008.3932770,250000090
1791385386.263,20266,10000008.4000003,249999990
1791385386.516,20267,10000008.4067203,249999989
1791385386.767,20268,10000008.3376403,249999991
1791385387.015,20269,10000008.4367204,249999989
1791385387.263,20270,10000008.3874003,249999990
1791385387.517,20271,10000008.4032803,249999989
1791385387.768,20272,10000008.3441203,249999991
1791385388.019,20273,10000008.3694803,249999990
1791385388.264,20274,10000008.4253604,249999989
1791385388.515,20275,10000008.3903170,250000090
1791385388.768,20276,10000008.3853603,249999990
1791385389.026,20277,10000008.2588002,249999993
1791385389.264,20278,10000008.5608805,249999985
1791385389.515,20279,10000008.2340402,249999994
1791385389.769,20280,10000008.4000003,249999990
1791385390.014,20281,10000008.3968803,249999990
1791385390.265,20282,10000008.4000003,249999990
1791385390.518,20283,10000008.4054803,249999989
1791385390.767,20284,10000008.3945203,249999990
1791385391.016,20285,10000008.3920003,249999990
1791385391.269,20286,10000008.3960770,250000090
1791385392.754,20287,10000008.4081203,249999989
1791385392.754,20288,10000008.3499203,249999991
1791385392.754,20289,10000008.4379204,249999989
1791385392.806,20290,10000008.3966403,249999990
1791385392.806,20291,10000008.3950003,249999990
1791385393.019,20293,10000008.4276004,249999989
1791385393.270,20294,10000008.3635203,249999990
1791385393.520,20295,10000008.3945203,249999990
1791385393.767,20296,10000008.3999970,250000090
1791385394.018,20297,10000008.4000003,249999990
1791385394.269,20298,10000008.3780803,249999990
1791385394.531,20299,10000008.4100403,249999989
1791385394.770,20300,10000008.3899603,249999990
1791385395.093,20301,10000008.4047203,249999989
1791385395.269,20302,10000008.3852803,249999990
1791385395.523,20303,10000008.4200404,249999989
1791385395.772,20304,10000008.3799603,249999990
1791385396.022,20305,10000008.4000003,249999990
1791385396.272,20306,10000008.3943170,250000090
1791385396.530,20307,10000008.4056803,249999989
1791385396.728,20308,10000008.3943203,249999990
1791385396.978,20309,10000008.3944003,249999990
1791385397.223,20310,10000008.4000003,249999990
1791385397.472,20311,10000008.3916403,249999990
1791385397.724,20312,10000008.3940403,249999990
1791385397.971,20313,10000008.4000003,249999990
1791385398.222,20314,10000008.4000003,249999990
1791385398.472,20315,10000008.4000003,249999990
1791385398.778,20316,10000008.3999970,250000090
1791385399.028,20317,10000008.3854803,249999990
1791385399.274,20318,10000008.4068803,249999989
1791385399.541,20319,10000008.3372003,249999991
1791385399.774,20320,10000008.4447604,249999988
1791385400.022,20321,10000008.3862403,249999990
1791385400.273,20322,10000008.4076403,249999989
1791385400.526,20323,10000008.3363603,249999991
1791385400.773,20324,10000008.3551603,249999991
1791385401.030,20325,10000008.4590004,249999988
1791385401.274,20326,10000008.3858370,250000090
1791385401.527,20327,10000008.3708403,249999990
1791385401.772,20328,10000008.4202804,249999989
1791385402.025,20329,10000008.3893603,249999990
1791385402.276,20330,10000008.3781203,249999990
1791385402.541,20331,10000008.2694402,249999993
1791385402.775,20332,10000008.3906403,249999990
1791385403.027,20333,10000008.4045603,249999989
1791385403.277,20334,10000008.3917603,249999990
1791385403.525,20335,10000008.3972803,249999990
1791385403.784,20336,10000008.3976403,249999990
1791385404.023,20337,10000008.4023570,250000089
1791385404.277,20338,10000008.3945203,249999990
1791385404.536,20339,10000008.3840003,249999990
1791385404.775,20340,10000008.4080003,249999989
1791385405.024,20341,10000008.4244004,249999989
1791385405.275,20342,10000008.3890803,249999990
1791385405.530,20343,10000008.3865203,249999990
1791385405.777,20344,10000008.4134803,249999989
1791385406.028,20345,10000008.3945203,249999990
1791385406.226,20346,10000008.3961603,249999990
1791385406.479,20347,10000008.3918770,250000090
1791385406.779,20348,10000008.4039203,249999989
1791385407.026,20349,10000008.3483203,249999991
1791385407.227,20350,10000008.4353204,249999989
1791385407.480,20351,10000008.3914403,249999990
1791385407.730,20352,10000008.4000003,249999990
1791385407.979,20353,10000008.3790003,249999990
1791385408.226,20354,10000008.4379204,249999989
1791385408.480,20355,10000008.3675603,249999990
1791385408.744,20356,10000008.4000003,249999990
1791385408.997,20357,10000008.3826770,250000090
1791385409.226,20358,10000008.4213604,249999989
1791385409.481,20359,10000008.3685603,249999990
1791385409.729,20360,10000008.4161604,249999989
1791385409.980,20361,10000008.4000003,249999990
1791385410.230,20362,10000008.4057603,249999989
1791385410.478,20363,10000008.3780803,249999990
1791385410.732,20364,10000008.4274004,249999989
1791385410.979,20365,10000008.3726003,249999990
1791385411.228,20366,10000008.4047203,249999989
1791385411.483,20367,10000008.3999970,250000090
1791385411.735,20368,10000008.4000003,249999990
1791385411.990,20369,10000008.3910403,249999990
1791385412.236,20370,10000008.4000003,249999990
1791385412.489,20371,10000008.3942403,249999990
1791385412.729,20372,10000008.4000003,249999990
1791385412.989,20373,10000008.4000003,249999990
1791385413.230,20374,10000008.4100003,249999989
1791385413.484,20375,10000008.3859603,249999990
1791385413.731,20376,10000008.4040403,249999989
1791385413.987,20377,10000008.3921570,250000090
1791385414.232,20378,10000008.4021603,249999989
1791385414.487,20379,10000008.4000003,249999990
1791385414.731,20380,10000008.3978403,249999990
1791385414.994,20381,10000008.3965203,249999990
1791385415.230,20382,10000008.4000003,249999990
1791385415.488,20383,10000008.4000003,249999990
1791385415.734,20384,10000008.4000003,249999990
1791385415.983,20385,10000008.3959603,249999990
1791385416.234,20386,10000008.4000003,249999990
1791385416.493,20387,10000008.3999970,250000090
1791385416.730,20388,10000008.4000003,249999990
1791385416.984,20389,10000008.3956803,249999990
1791385417.231,20390,10000008.3940403,249999990
1791385417.490,20391,10000008.4059603,249999989
1791385417.740,20392,10000008.4000003,249999990
1791385417.985,20393,10000008.3940403,249999990
1791385418.235,20394,10000008.3952003,249999990
1791385418.482,20395,10000008.4048003,249999989
1791385418.744,20396,10000008.4000003,249999990
1791385419.033,20397,10000008.3999970,250000090
1791385419.232,20398,10000008.3952003,249999990
1791385419.482,20399,10000008.4048003,249999989
1791385419.734,20400,10000008.3743603,249999990
1791385419.982,20401,10000008.4139203,249999989
1791385420.236,20402,10000008.3972003,249999990
1791385420.487,20403,10000008.4000003,249999990
1791385420.736,20404,10000008.3888803,249999990
1791385420.982,20405,10000008.4139203,249999989
1791385421.234,20406,10000008.3959603,249999990
1791385421.484,20407,10000008.3968770,250000090
1791385421.736,20408,10000008.3932803,249999990
1791385421.983,20409,10000008.4067203,249999989
1791385422.241,20410,10000008.3424003,249999991
1791385422.484,20411,10000008.4508804,249999988
1791385422.736,20412,10000008.4000003,249999990
1791385422.986,20413,10000008.4000003,249999990
1791385423.236,20414,10000008.3650803,249999990
1791385423.494,20415,10000008.3203203,249999991
1791385423.736,20416,10000008.5008404,249999987
1791385423.985,20417,10000008.3948770,250000090
1791385424.238,20418,10000008.3581603,249999991
1791385424.486,20419,10000008.4469604,249999988
1791385424.739,20420,10000008.3440003,249999991
1791385424.986,20421,10000008.4250004,249999989
1791385425.235,20422,10000008.3891603,249999990
1791385425.489,20423,10000008.4161204,249999989
1791385425.753,20424,10000008.3554003,249999991
1791385425.988,20425,10000008.3694803,249999990
1791385426.235,20426,10000008.4253604,249999989
1791385426.486,20427,10000008.4144370,250000089
1791385426.743,20428,10000008.3791603,249999990
1791385426.999,20429,10000008.4115603,249999989
1791385427.249,20430,10000008.4000003,249999990
1791385427.488,20431,10000008.3819203,249999990
1791385427.739,20432,10000008.3886003,249999990
1791385427.986,20433,10000008.3989603,249999990
1791385428.244,20434,10000008.3712803,249999990
1791385428.486,20435,10000008.2922802,249999992
1791385428.736,20436,10000008.4045603,249999989
1791385428.997,20437,10000008.3954403,249999990
1791385429.237,20438,10000008.3963170,250000090
1791385429.488,20439,10000008.4000003,249999990
1791385429.736,20440,10000008.5526005,249999986
1791385429.987,20441,10000008.2447202,249999993
1791385430.237,20442,10000008.4027203,249999989
1791385430.487,20443,10000008.3949203,249999990
1791385430.740,20444,10000008.4050803,249999989
1791385430.986,20445,10000008.3972803,249999990
1791385431.239,20446,10000008.3945203,249999990
1791385431.488,20447,10000008.3920003,249999990
1791385431.737,20448,10000008.4041570,250000089
1791385431.996,20449,10000008.4038403,249999989
1791385432.241,20450,10000008.3403203,249999991
1791385432.492,20451,10000008.4516804,249999988
1791385432.737,20452,10000008.4080003,249999989
1791385432.987,20453,10000008.4000003,249999990
1791385433.237,20454,10000008.3961603,249999990
1791385433.488,20455,10000008.4069203,249999989
1791385433.737,20456,10000008.3888803,249999990
1791385433.991,20457,10000008.4111203,249999989
1791385434.240,20458,10000008.3639970,250000090
1791385434.494,20459,10000008.4249204,249999989
1791385434.740,20460,10000008.3422403,249999991
1791385434.992,20461,10000008.4262404,249999989
1791385435.239,20462,10000008.4202004,249999989
1791385435.497,20463,10000008.3950003,249999990
1791385435.743,20464,10000008.3848003,249999990
1791385435.998,20465,10000008.4315604,249999989
1791385436.244,20466,10000008.3636003,249999990
1791385436.494,20467,10000008.4048403,249999989
1791385436.771,20468,10000008.3999970,250000090
1791385436.991,20469,10000008.4235604,249999989
1791385437.239,20470,10000008.3563203,249999991
1791385437.493,20471,10000008.4112403,249999989
1791385437.741,20472,10000008.4000003,249999990
1791385437.991,20473,10000008.3945203,249999990
1791385438.239,20474,10000008.3881203,249999990
1791385438.493,20475,10000008.4365604,249999989
1791385438.743,20476,10000008.3634403,249999990
1791385438.993,20477,10000008.4061203,249999989
1791385439.240,20478,10000008.3938770,250000090
1791385439.494,20479,10000008.4061203,249999989
1791385439.742,20480,10000008.3838403,249999990
1791385439.990,20481,10000008.4161604,249999989
1791385440.264,20482,10000008.3885603,249999990
1791385440.504,20483,10000008.4000003,249999990
1791385440.754,20484,10000008.3910403,249999990
1791385440.993,20485,10000008.4204004,249999989
1791385441.240,20486,10000008.3796003,249999990
1791385441.491,20487,10000008.4089603,249999989
1791385441.743,20488,10000008.3952770,250000090
1791385441.991,20489,10000008.4000003,249999990
1791385442.266,20490,10000008.3900003,249999990
1791385442.511,20491,10000008.4000003,249999990
1791385442.743,20492,10000008.4000003,249999990
1791385442.992,20493,10000008.4000003,249999990
1791385443.242,20494,10000008.3943203,249999990
1791385443.494,20495,10000008.4056803,249999989
1791385443.758,20496,10000008.3921603,249999990
1791385444.006,20497,10000008.4021603,249999989
1791385444.248,20498,10000008.3943970,250000090
1791385444.501,20499,10000008.4000003,249999990
1791385444.749,20500,10000008.4000003,249999990
1791385444.997,20501,10000008.4000003,249999990
1791385445.247,20502,10000008.3959603,249999990
1791385445.498,20503,10000008.4040403,249999989
1791385445.745,20504,10000008.3916403,249999990
1791385445.999,20505,10000008.4000003,249999990
1791385446.248,20506,10000008.4000003,249999990
1791385446.502,20507,10000008.3940403,249999990
1791385446.745,20508,10000008.3999970,250000090
1791385446.998,20509,10000008.4000003,249999990
1791385447.246,20510,10000008.4000003,249999990
1791385447.507,20511,10000008.3743603,249999990
1791385447.746,20512,10000008.4180004,249999989
1791385447.995,20513,10000008.3958803,249999990
1791385448.245,20514,10000008.4000003,249999990
1791385448.495,20515,10000008.3928403,249999990
1791385448.745,20516,10000008.4071603,249999989
1791385449.094,20517,10000008.4000003,249999990
1791385449.245,20518,10000008.3860770,250000090
1791385449.495,20519,10000008.4000003,249999990
1791385449.745,20520,10000008.4067203,249999989
1791385450.006,20521,10000008.3325203,249999991
1791385450.246,20522,10000008.4469604,249999988
1791385450.506,20523,10000008.3855603,249999990
1791385450.747,20524,10000008.4038003,249999989
1791385450.999,20525,10000008.3546403,249999991
1791385451.247,20526,10000008.4697604,249999988
1791385451.499,20527,10000008.3302403,249999991
1791385451.750,20528,10000008.3911170,250000090
1791385452.000,20529,10000008.3830003,249999990
1791385452.259,20530,10000008.4063603,249999989
1791385452.513,20531,10000008.4000003,249999990
1791385452.750,20532,10000008.4000003,249999990
1791385453.000,20533,10000008.3826403,249999990
1791385453.253,20534,10000008.3920003,249999990
1791385453.498,20535,10000008.3712803,249999990
1791385453.748,20536,10000008.2885602,249999992
1791385454.000,20537,10000008.4082403,249999989
1791385454.248,20538,10000008.3954403,249999990
1791385454.506,20539,10000008.3935970,250000090
1791385454.757,20540,10000008.3976403,249999990
1791385455.017,20541,10000008.5576805,249999986
1791385455.256,20542,10000008.2392402,249999994
1791385455.532,20543,10000008.4081603,249999989
1791385455.759,20544,10000008.3949203,249999990
1791385456.003,20545,10000008.4023603,249999989
1791385456.248,20546,10000008.4064003,249999989
1791385456.531,20547,10000008.3881203,249999990
1791385456.750,20548,10000008.3920003,249999990
1791385457.000,20549,10000008.4134770,250000089
1791385457.254,20550,10000008.3945203,249999990
1791385457.505,20551,10000008.3604403,249999990
1791385457.754,20552,10000008.4276004,249999989
1791385458.009,20553,10000008.4081203,249999989
1791385458.254,20554,10000008.3794803,249999990
1791385458.505,20555,10000008.4124403,249999989
1791385458.754,20556,10000008.4119203,249999989
1791385459.005,20557,10000008.3840003,249999990
1791385459.251,20558,10000008.4000003,249999990
1791385459.506,20559,10000008.3916370,250000090
1791385459.754,20560,10000008.4163604,249999989
1791385460.004,20561,10000008.3483203,249999991
1791385460.257,20562,10000008.4353204,249999989
1791385460.502,20563,10000008.3914403,249999990
1791385460.751,20564,10000008.4085603,249999989
1791385461.001,20565,10000008.4000003,249999990
1791385461.255,20566,10000008.4205204,249999989
1791385461.512,20567,10000008.3642803,249999990
1791385461.755,20568,10000008.4103603,249999989
1791385462.009,20569,10000008.3896370,250000090
1791385462.252,20570,10000008.4066403,249999989
1791385462.546,20571,10000008.3732403,249999990
1791385462.754,20572,10000008.4201204,249999989
1791385463.005,20573,10000008.3856403,249999990
1791385463.252,20574,10000008.4000003,249999990
1791385463.502,20575,10000008.4000003,249999990
1791385463.754,20576,10000008.4295604,249999989
1791385464.008,20577,10000008.3646803,249999990
1791385464.253,20578,10000008.4000003,249999990
1791385464.513,20579,10000008.3938770,250000090
1791385464.764,20580,10000008.4061203,249999989
1791385465.014,20581,10000008.3838403,249999990
1791385465.263,20582,10000008.4161604,249999989
1791385465.516,20583,10000008.3885603,249999990
1791385465.765,20584,10000008.4053203,249999989
1791385466.015,20585,10000008.4000003,249999990
1791385466.264,20586,10000008.4118803,249999989
1791385466.513,20587,10000008.3738403,249999990
1791385466.769,20588,10000008.4089603,249999989
1791385467.018,20589,10000008.3952770,250000090
1791385467.254,20590,10000008.4047203,249999989
1791385467.508,20591,10000008.3852803,249999990
1791385467.766,20592,10000008.4100003,249999989
1791385468.008,20593,10000008.3957603,249999990
1791385468.257,20594,10000008.4000003,249999990
1791385468.509,20595,10000008.3942403,249999990
1791385468.757,20596,10000008.4200404,249999989
1791385469.010,20597,10000008.3799603,249999990
1791385469.255,20598,10000008.4000003,249999990
1791385469.509,20599,10000008.3999970,250000090
1791385469.757,20600,10000008.4057603,249999989
1791385470.059,20601,10000008.3942403,249999990
1791385470.256,20602,10000008.4000003,249999990
1791385470.511,20603,10000008.4000003,249999990
1791385470.760,20604,10000008.4000003,249999990
1791385471.008,20605,10000008.3943203,249999990
1791385471.261,20606,10000008.4056803,249999989
1791385471.509,20607,10000008.3886803,249999990
1791385471.761,20608,10000008.4056003,249999989
1791385472.009,20609,10000008.3943970,250000090
1791385472.263,20610,10000008.4056003,249999989
1791385472.512,20611,10000008.4000003,249999990
1791385472.761,20612,10000008.3944003,249999990
1791385473.010,20613,10000008.4000003,249999990
1791385473.262,20614,10000008.4056003,249999989
1791385473.511,20615,10000008.3944003,249999990
1791385473.761,20616,10000008.4000003,249999990
1791385474.012,20617,10000008.4000003,249999990
1791385474.273,20618,10000008.3959603,249999990
1791385474.511,20619,10000008.3999970,250000090
1791385474.759,20620,10000008.3956803,249999990
1791385475.010,20621,10000008.4043203,249999989
1791385475.261,20622,10000008.3956803,249999990
1791385475.516,20623,10000008.4000003,249999990
1791385475.761,20624,10000008.4000003,249999990
1791385476.024,20625,10000008.4000003,249999990
1791385476.270,20626,10000008.4000003,249999990
1791385476.523,20627,10000008.4043203,249999989
1791385476.766,20628,10000008.3897203,249999990
1791385477.014,20629,10000008.3999970,250000090
1791385477.260,20630,10000008.4000003,249999990
1791385477.525,20631,10000008.4000003,249999990
1791385477.768,20632,10000008.3811203,249999990
1791385478.013,20633,10000008.4112803,249999989
1791385478.260,20634,10000008.3958803,249999990
1791385478.515,20635,10000008.4000003,249999990
1791385478.764,20636,10000008.3928403,249999990
1791385479.015,20637,10000008.4071603,249999989
1791385479.261,20638,10000008.4000003,249999990
1791385479.512,20639,10000008.3999970,250000090
1791385479.761,20640,10000008.3860803,249999990
1791385480.017,20641,10000008.4111203,249999989
1791385480.270,20642,10000008.3494003,249999991
1791385480.517,20643,10000008.4394804,249999989
1791385480.765,20644,10000008.3885203,249999990
1791385481.012,20645,10000008.4053603,249999989
1791385481.265,20646,10000008.3872403,249999990
1791385481.525,20647,10000008.4188804,249999989
1791385481.774,20648,10000008.3811203,249999990
1791385482.040,20649,10000008.3873970,250000090
1791385482.261,20650,10000008.3883203,249999990
1791385482.514,20651,10000008.4187604,249999989
1791385482.762,20652,10000008.3457603,249999991
1791385483.015,20653,10000008.4000003,249999990
1791385483.265,20654,10000008.3945603,249999990
1791385483.517,20655,10000008.4143203,249999989
1791385483.762,20656,10000008.3759203,249999990
1791385484.017,20657,10000008.3792803,249999990
1791385484.263,20658,10000008.4189604,249999989
1791385484.514,20659,10000008.3967170,250000090
1791385484.764,20660,10000008.3923203,249999990
1791385485.013,20661,10000008.2555602,249999993
1791385485.266,20662,10000008.5618005,249999985
1791385485.513,20663,10000008.3903203,249999990
1791385485.765,20664,10000008.2478802,249999993
1791385486.013,20665,10000008.3963203,249999990
1791385486.264,20666,10000008.4036803,249999989
1791385486.527,20667,10000008.3936003,249999990
1791385486.764,20668,10000008.4027203,249999989
1791385487.012,20669,10000008.3972803,249999990
1791385487.267,20670,10000008.4027170,250000089
1791385487.518,20671,10000008.3972803,249999990
1791385487.767,20672,10000008.3865203,249999990
1791385488.016,20673,10000008.4000003,249999990
1791385488.279,20674,10000008.4080003,249999989
1791385488.522,20675,10000008.3961603,249999990
1791385488.765,20676,10000008.3958403,249999990
1791385489.017,20677,10000008.4162004,249999989
1791385489.269,20678,10000008.3918403,249999990
1791385489.516,20679,10000008.3920003,249999990
1791385489.775,20680,10000008.3999970,250000090
1791385490.015,20681,10000008.4080003,249999989
1791385490.344,20682,10000008.3460803,249999991
1791385490.528,20683,10000008.4379204,249999989
1791385490.769,20684,10000008.4000003,249999990
1791385491.020,20685,10000008.4000003,249999990
1791385491.269,20686,10000008.3764403,249999990
1791385491.518,20687,10000008.4395604,249999989
1791385491.771,20688,10000008.3756403,249999990
1791385492.024,20689,10000008.3848003,249999990
1791385492.270,20690,10000008.4066370,250000089
1791385492.523,20691,10000008.4000003,249999990
1791385492.770,20692,10000008.3618003,249999990
1791385493.018,20693,10000008.4315604,249999989
1791385493.266,20694,10000008.4000003,249999990
1791385493.519,20695,10000008.3951603,249999990
1791385493.771,20696,10000008.3847603,249999990
1791385494.021,20697,10000008.4436804,249999988
1791385494.269,20698,10000008.3563203,249999991
1791385494.522,20699,10000008.4057603,249999989
1791385494.770,20700,10000008.3999970,250000090
1791385495.021,20701,10000008.3942403,249999990
1791385495.268,20702,10000008.3838403,249999990
1791385495.525,20703,10000008.4100403,249999989
1791385495.771,20704,10000008.3946803,249999990
1791385496.138,20705,10000008.4053203,249999989
1791385496.440,20706,10000008.3899603,249999990
1791385496.522,20707,10000008.4161604,249999989
1791385496.792,20708,10000008.3738403,249999990
1791385497.036,20709,10000008.4057603,249999989
1791385497.269,20710,10000008.3999970,250000090
1791385497.528,20711,10000008.4000003,249999990
1791385497.779,20712,10000008.3942403,249999990
1791385498.023,20713,10000008.4057603,249999989
1791385498.269,20714,10000008.3942403,249999990
1791385498.524,20715,10000008.4000003,249999990
1791385498.779,20716,10000008.3886803,249999990
1791385499.040,20717,10000008.4056003,249999989
1791385499.270,20718,10000008.3944003,249999990
1791385499.520,20719,10000008.4000003,249999990
1791385499.774,20720,10000008.3959570,250000090
1791385500.023,20721,10000008.4075203,249999989
1791385500.270,20722,10000008.3924803,249999990
1791385500.526,20723,10000008.4000003,249999990
1791385500.773,20724,10000008.4040403,249999989
1791385501.027,20725,10000008.4000003,249999990
1791385501.290,20726,10000008.3916403,249999990
1791385501.520,20727,10000008.3940403,249999990
1791385501.774,20728,10000008.4000003,249999990
1791385502.023,20729,10000008.4000003,249999990
1791385502.282,20730,10000008.3999970,250000090
1791385502.525,20731,10000008.3952003,249999990
1791385502.773,20732,10000008.4048003,249999989
1791385503.022,20733,10000008.3682403,249999990
1791385503.270,20734,10000008.4172804,249999989
1791385503.524,20735,10000008.4028003,249999989
1791385503.785,20736,10000008.3928403,249999990
1791385504.031,20737,10000008.3932803,249999990
1791385504.272,20738,10000008.4139203,249999989
1791385504.527,20739,10000008.3860803,249999990
1791385504.775,20740,10000008.3999970,250000090
1791385505.022,20741,10000008.3811203,249999990
1791385505.272,20742,10000008.4188804,249999989
1791385505.540,20743,10000008.3302403,249999991
1791385505.792,20744,10000008.4453604,249999988
1791385506.028,20745,10000008.3929203,249999990
1791385506.281,20746,10000008.3966003,249999990
1791385506.534,20747,10000008.3508403,249999991
1791385506.779,20748,10000008.3694803,249999990
1791385507.041,20749,10000008.4253604,249999989
1791385507.274,20750,10000008.3999970,250000090
1791385507.526,20751,10000008.3903203,249999990
1791385507.780,20752,10000008.4096803,249999989
1791385508.041,20753,10000008.4051603,249999989
1791385508.282,20754,10000008.3819203,249999990
1791385508.528,20755,10000008.3910003,249999990
1791385508.823,20756,10000008.3965603,249999990
1791385508.982,20757,10000008.2635602,249999993
1791385509.231,20758,10000008.3963203,249999990
1791385509.481,20759,10000008.4082403,249999989
1791385509.726,20760,10000008.3917603,249999990
1791385511.296,20761,10000008.3999970,250000090
1791385511.296,20762,10000008.4000003,249999990
1791385511.296,20763,10000008.5558005,249999986
1791385511.380,20764,10000008.2391202,249999994
1791385511.380,20765,10000008.4023603,249999989
1791385511.478,20767,10000008.3945203,249999990
1791385511.728,20768,10000008.4118803,249999989
1791385511.979,20769,10000008.3936003,249999990
1791385512.234,20770,10000008.3945203,249999990
1791385512.490,20771,10000008.4031170,250000089
1791385512.728,20772,10000008.4023603,249999989
1791385512.982,20773,10000008.3751603,249999990
1791385513.225,20774,10000008.4113603,249999989
1791385513.479,20775,10000008.4080003,249999989
1791385513.728,20776,10000008.3961603,249999990
1791385513.979,20777,10000008.3844803,249999990
1791385514.225,20778,10000008.4193604,249999989
1791385514.476,20779,10000008.3840003,249999990
1791385514.734,20780,10000008.4040403,249999989
1791385514.976,20781,10000008.3959570,250000090
1791385515.251,20782,10000008.4121603,249999989
1791385515.490,20783,10000008.3499203,249999991
1791385515.729,20784,10000008.4295604,249999989
1791385515.989,20785,10000008.4000003,249999990
1791385516.227,20786,10000008.4050003,249999989
1791385516.514,20787,10000008.3950003,249999990
1791385516.727,20788,10000008.4163604,249999989
1791385516.982,20789,10000008.3920003,249999990
1791385517.233,20790,10000008.3830803,249999990
1791385517.479,20791,10000008.4085570,250000089
1791385517.729,20792,10000008.4000003,249999990
1791385518.023,20793,10000008.3646803,249999990
1791385518.250,20794,10000008.4267604,249999989
1791385518.495,20795,10000008.4000003,249999990
1791385518.742,20796,10000008.4000003,249999990
1791385519.038,20797,10000008.3844803,249999990
1791385519.241,20798,10000008.4324404,249999989
1791385519.484,20799,10000008.3675603,249999990
1791385519.731,20800,10000008.4088803,249999989
1791385519.993,20801,10000008.3911170,250000090
1791385520.254,20802,10000008.4088803,249999989
1791385520.481,20803,10000008.3737603,249999990
1791385520.742,20804,10000008.4118803,249999989
1791385520.983,20805,10000008.3942403,249999990
1791385521.228,20806,10000008.4057603,249999989
1791385521.483,20807,10000008.3881203,249999990
1791385521.809,20808,10000008.4414004,249999988
1791385521.999,20809,10000008.3646803,249999990
1791385522.259,20810,10000008.4000003,249999990
1791385522.497,20811,10000008.3938770,250000090
1791385522.732,20812,10000008.4118803,249999989
1791385522.993,20813,10000008.3828003,249999990
1791385523.241,20814,10000008.4114403,249999989
1791385523.489,20815,10000008.3938803,249999990
1791385523.736,20816,10000008.4061203,249999989
1791385523.983,20817,10000008.3885603,249999990
1791385524.239,20818,10000008.4315604,249999989
1791385524.480,20819,10000008.3737603,249999990
1791385524.733,20820,10000008.4061203,249999989
1791385524.984,20821,10000008.3838370,250000090
1791385525.247,20822,10000008.4100403,249999989
1791385525.492,20823,10000008.3899603,249999990
1791385525.735,20824,10000008.4000003,249999990
1791385525.984,20825,10000008.4000003,249999990
1791385526.234,20826,10000008.4047203,249999989
1791385526.483,20827,10000008.3952803,249999990
1791385526.731,20828,10000008.4219204,249999989
1791385526.985,20829,10000008.3738403,249999990
1791385527.232,20830,10000008.4042403,249999989
1791385528.801,20831,10000008.4100370,250000089
1791385528.801,20832,10000008.3899603,249999990
1791385528.801,20833,10000008.3957603,249999990
1791385528.847,20834,10000008.4042403,249999989
1791385528.847,20835,10000008.3900003,249999990
1791385528.981,20837,10000008.3942403,249999990
1791385529.246,20838,10000008.4200404,249999989
1791385529.481,20839,10000008.3799603,249999990
1791385529.741,20840,10000008.4057603,249999989
1791385529.988,20841,10000008.3942370,250000090
1791385530.232,20842,10000008.4057603,249999989
1791385530.482,20843,10000008.3942403,249999990
1791385530.732,20844,10000008.4000003,249999990
1791385530.985,20845,10000008.3886803,249999990
1791385531.232,20846,10000008.4113203,249999989
1791385531.484,20847,10000008.3886803,249999990
1791385531.736,20848,10000008.4034803,249999989
1791385532.002,20849,10000008.4021603,249999989
1791385532.233,20850,10000008.3944003,249999990
1791385532.485,20851,10000008.3999970,250000090
1791385532.736,20852,10000008.4000003,249999990
1791385532.985,20853,10000008.4000003,249999990
1791385533.233,20854,10000008.3959603,249999990
1791385533.483,20855,10000008.4000003,249999990
1791385533.742,20856,10000008.4040403,249999989
1791385533.983,20857,10000008.3916403,249999990
1791385534.238,20858,10000008.3940403,249999990
1791385534.485,20859,10000008.4059603,249999989
1791385534.736,20860,10000008.4000003,249999990
1791385535.004,20861,10000008.3940370,250000090
1791385535.237,20862,10000008.4000003,249999990
1791385535.489,20863,10000008.4000003,249999990
1791385535.740,20864,10000008.3882803,249999990
1791385535.992,20865,10000008.4069203,249999989
1791385536.242,20866,10000008.3971603,249999990
1791385536.505,20867,10000008.4000003,249999990
1791385536.741,20868,10000008.3887203,249999990
1791385536.996,20869,10000008.4188804,249999989
1791385537.238,20870,10000008.3842403,249999990
1791385537.490,20871,10000008.3968770,250000090
1791385537.736,20872,10000008.4000003,249999990
1791385537.988,20873,10000008.4000003,249999990
1791385538.242,20874,10000008.3325203,249999991
1791385538.490,20875,10000008.4607604,249999988
1791385538.740,20876,10000008.3811203,249999990
1791385538.988,20877,10000008.4051203,249999989
1791385539.235,20878,10000008.3893603,249999990
1791385539.490,20879,10000008.3098003,249999992
1791385539.741,20880,10000008.4864004,249999987
1791385539.995,20881,10000008.3887170,250000090
1791385540.236,20882,10000008.3608403,249999990
1791385540.519,20883,10000008.4178804,249999989
1791385540.739,20884,10000008.3821203,249999990
1791385540.986,20885,10000008.4000003,249999990
1791385541.238,20886,10000008.3893603,249999990
1791385541.490,20887,10000008.4420004,249999988
1791385541.739,20888,10000008.3406403,249999991
1791385541.989,20889,10000008.2518802,249999993
1791385542.236,20890,10000008.4082403,249999989
1791385542.490,20891,10000008.5353570,250000086
1791385542.739,20892,10000008.2601202,249999993
1791385542.989,20893,10000008.4000003,249999990
1791385543.239,20894,10000008.5554005,249999986
1791385543.491,20895,10000008.2446002,249999993
1791385543.740,20896,10000008.4000003,249999990
1791385543.990,20897,10000008.3963203,249999990
1791385544.240,20898,10000008.4036803,249999989
1791385544.509,20899,10000008.3963203,249999990
1791385544.750,20900,10000008.4036803,249999989
1791385544.997,20901,10000008.3881203,249999990
1791385545.319,20902,10000008.3919970,250000090
1791385545.546,20903,10000008.4080003,249999989
1791385545.742,20904,10000008.3840003,249999990
1791385546.129,20905,10000008.4190804,249999989
1791385546.239,20906,10000008.4000003,249999990
1791385546.489,20907,10000008.3725203,249999990
1791385546.751,20908,10000008.3848003,249999990
1791385546.989,20909,10000008.4395604,249999989
1791385547.238,20910,10000008.3920003,249999990
1791385547.489,20911,10000008.3836403,249999990
1791385547.747,20912,10000008.4124370,250000089
1791385547.989,20913,10000008.4039203,249999989
1791385548.238,20914,10000008.3595603,249999991
1791385548.500,20915,10000008.4324404,249999989
1791385548.742,20916,10000008.3916403,249999990
1791385548.992,20917,10000008.4000003,249999990
1791385549.254,20918,10000008.3704403,249999990
1791385549.491,20919,10000008.4379204,249999989
1791385549.739,20920,10000008.3716003,249999990
1791385549.989,20921,10000008.4048403,249999989
1791385550.239,20922,10000008.3999970,250000090
1791385550.501,20923,10000008.4000003,249999990
1791385550.896,20924,10000008.3737603,249999990
1791385550.996,20925,10000008.4061203,249999989
1791385551.256,20926,10000008.3938803,249999990
1791385551.495,20927,10000008.4061203,249999989
1791385551.744,20928,10000008.3885603,249999990
1791385551.995,20929,10000008.4315604,249999989
1791385552.245,20930,10000008.3737603,249999990
1791385552.503,20931,10000008.4000003,249999990
1791385552.742,20932,10000008.3899570,250000090
1791385552.998,20933,10000008.4219204,249999989
1791385553.246,20934,10000008.3738403,249999990
1791385553.509,20935,10000008.4089603,249999989
1791385553.754,20936,10000008.3952803,249999990
1791385553.991,20937,10000008.4000003,249999990
1791385554.250,20938,10000008.3900003,249999990
1791385554.541,20939,10000008.4200404,249999989
1791385554.870,20940,10000008.3799603,249999990
1791385555.001,20941,10000008.4000003,249999990
1791385555.241,20942,10000008.3999970,250000090
1791385555.502,20943,10000008.4057603,249999989
1791385555.752,20944,10000008.3942403,249999990
1791385555.998,20945,10000008.3943203,249999990
1791385556.279,20946,10000008.4000003,249999990
1791385556.495,20947,10000008.4056803,249999989
1791385556.744,20948,10000008.3886803,249999990
1791385556.992,20949,10000008.4056003,249999989
1791385557.242,20950,10000008.3944003,249999990
1791385557.526,20951,10000008.4034803,249999989
1791385557.745,20952,10000008.3965170,250000090
1791385557.995,20953,10000008.4034803,249999989
1791385558.242,20954,10000008.3965203,249999990
1791385558.493,20955,10000008.4000003,249999990
1791385558.746,20956,10000008.3959603,249999990
1791385559.001,20957,10000008.4040403,249999989
1791385559.245,20958,10000008.3916403,249999990
1791385559.523,20959,10000008.4043203,249999989
1791385559.759,20960,10000008.3956803,249999990
1791385559.998,20961,10000008.4000003,249999990
1791385560.250,20962,10000008.3999970,250000090
1791385560.507,20963,10000008.4000003,249999990
1791385560.752,20964,10000008.4043203,249999989
1791385561.000,20965,10000008.3897203,249999990
1791385561.250,20966,10000008.4059603,249999989
1791385561.512,20967,10000008.4000003,249999990
1791385561.781,20968,10000008.3940403,249999990
1791385561.998,20969,10000008.4000003,249999990
1791385562.249,20970,10000008.4000003,249999990
1791385562.501,20971,10000008.4059603,249999989
1791385562.751,20972,10000008.3940370,250000090
1791385563.001,20973,10000008.4000003,249999990
1791385563.251,20974,10000008.4059603,249999989
1791385563.504,20975,10000008.3864403,249999990
1791385563.752,20976,10000008.4076003,249999989
1791385564.009,20977,10000008.3952003,249999990
1791385564.259,20978,10000008.3971603,249999990
1791385564.502,20979,10000008.4000003,249999990
1791385564.747,20980,10000008.4000003,249999990
1791385565.000,20981,10000008.4000003,249999990
1791385565.247,20982,10000008.3999970,250000090
1791385565.499,20983,10000008.4000003,249999990
1791385565.750,20984,10000008.4028403,249999989
1791385566.008,20985,10000008.3696403,249999990
1791385566.250,20986,10000008.4234404,249999989
1791385566.505,20987,10000008.4000003,249999990
1791385566.751,20988,10000008.3959603,249999990
1791385567.000,20989,10000008.3901203,249999990
1791385567.251,20990,10000008.4139203,249999989
1791385567.503,20991,10000008.4000003,249999990
1791385567.754,20992,10000008.3928370,250000090
1791385567.999,20993,10000008.3932803,249999990
1791385568.252,20994,10000008.4139203,249999989
1791385568.536,20995,10000008.3466003,249999991
1791385568.751,20996,10000008.4394804,249999989
1791385569.016,20997,10000008.3938803,249999990
1791385569.252,20998,10000008.4061203,249999989
1791385569.502,20999,10000008.3811203,249999990
1791385569.750,21000,10000008.4188804,249999989
1791385570.052,21001,10000008.3904803,249999990
1791385570.272,21002,10000008.3999970,250000090
1791385570.506,21003,10000008.3813203,249999990
1791385570.752,21004,10000008.4144403,249999989
1791385571.006,21005,10000008.3351203,249999991
1791385571.250,21006,10000008.4437204,249999988
1791385571.512,21007,10000008.3954403,249999990
1791385571.763,21008,10000008.4150804,249999989
1791385572.003,21009,10000008.3688003,249999990
1791385572.250,21010,10000008.3410003,249999991
1791385572.503,21011,10000008.4637204,249999988
1791385572.762,21012,10000008.3722370,250000090
1791385573.004,21013,10000008.3945603,249999990
1791385573.254,21014,10000008.4143203,249999989
1791385573.516,21015,10000008.3856803,249999990
1791385573.779,21016,10000008.4000003,249999990
1791385574.002,21017,10000008.3774803,249999990
1791385574.254,21018,10000008.4140003,249999989
1791385574.505,21019,10000008.3904403,249999990
1791385574.754,21020,10000008.2510802,249999993
1791385575.002,21021,10000008.4000003,249999990
1791385575.252,21022,10000008.3963170,250000090
1791385575.504,21023,10000008.5114404,249999987
1791385575.754,21024,10000008.2885602,249999992
1791385576.004,21025,10000008.5591205,249999986
1791385576.254,21026,10000008.2491202,249999993
1791385576.514,21027,10000008.3954403,249999990
1791385576.756,21028,10000008.3963203,249999990
1791385577.006,21029,10000008.4036803,249999989
1791385577.253,21030,10000008.3936003,249999990
1791385577.505,21031,10000008.3906803,249999990
1791385577.757,21032,10000008.3958403,249999990
1791385578.006,21033,10000008.3999970,250000090
1791385578.257,21034,10000008.4080003,249999989
1791385578.507,21035,10000008.3756403,249999990
1791385578.756,21036,10000008.4083603,249999989
1791385579.006,21037,10000008.4160004,249999989
1791385579.253,21038,10000008.4000003,249999990
1791385579.506,21039,10000008.3920003,249999990
1791385579.755,21040,10000008.4134803,249999989
1791385580.004,21041,10000008.3945203,249999990
1791385580.253,21042,10000008.3920003,249999990
1791385580.503,21043,10000008.4041570,250000089
1791385580.753,21044,10000008.3958403,249999990
1791385581.007,21045,10000008.3483203,249999991
1791385581.257,21046,10000008.4353204,249999989
1791385581.508,21047,10000008.4083603,249999989
1791385581.754,21048,10000008.3966403,249999990
1791385582.016,21049,10000008.3864403,249999990
1791385582.303,21050,10000008.4249204,249999989
1791385582.570,21051,10000008.3684403,249999990
1791385582.753,21052,10000008.4066403,249999989
1791385583.006,21053,10000008.3933570,250000090
1791385583.257,21054,10000008.4152003,249999989
1791385583.515,21055,10000008.3586003,249999991
1791385583.756,21056,10000008.4118803,249999989
1791385584.009,21057,10000008.4000003,249999990
1791385584.255,21058,10000008.4054803,249999989
1791385584.519,21059,10000008.3945203,249999990
1791385584.757,21060,10000008.4345604,249999989
1791385585.006,21061,10000008.3596803,249999991
1791385585.256,21062,10000008.4000003,249999990
1791385585.508,21063,10000008.3938770,250000090
1791385585.759,21064,10000008.4173204,249999989
1791385586.007,21065,10000008.3726003,249999990
1791385586.258,21066,10000008.4100403,249999989
1791385586.517,21067,10000008.3946803,249999990
1791385586.757,21068,10000008.4000003,249999990
1791385587.009,21069,10000008.3952803,249999990
1791385587.257,21070,10000008.4219204,249999989
1791385587.531,21071,10000008.3738403,249999990
1791385587.759,21072,10000008.4000003,249999990
1791385588.010,21073,10000008.3942370,250000090
1791385588.268,21074,10000008.4100003,249999989
1791385588.512,21075,10000008.3900003,249999990
1791385588.765,21076,10000008.4057603,249999989
1791385589.018,21077,10000008.3942403,249999990
1791385589.262,21078,10000008.4000003,249999990
1791385589.536,21079,10000008.4000003,249999990
1791385589.774,21080,10000008.4000003,249999990
1791385590.008,21081,10000008.3943203,249999990
1791385590.258,21082,10000008.4000003,249999990
1791385590.513,21083,10000008.3943970,250000090
1791385590.762,21084,10000008.4056003,249999989
1791385591.016,21085,10000008.3944003,249999990
1791385591.258,21086,10000008.3959603,249999990
1791385591.513,21087,10000008.4040403,249999989
1791385591.759,21088,10000008.4000003,249999990
1791385592.011,21089,10000008.3916403,249999990
1791385592.261,21090,10000008.4043203,249999989
1791385592.513,21091,10000008.3956803,249999990
1791385592.759,21092,10000008.4000003,249999990
1791385593.021,21093,10000008.3999970,250000090
1791385593.262,21094,10000008.3940403,249999990
1791385593.513,21095,10000008.4059603,249999989
1791385593.761,21096,10000008.3940403,249999990
1791385594.013,21097,10000008.3965203,249999990
1791385594.259,21098,10000008.4034803,249999989
1791385594.514,21099,10000008.3924003,249999990
1791385594.763,21100,10000008.3918403,249999990
1791385595.012,21101,10000008.4157604,249999989
1791385595.264,21102,10000008.3882803,249999990
1791385595.523,21103,10000008.3928370,250000090
1791385595.762,21104,10000008.3932803,249999990
1791385596.012,21105,10000008.4067203,249999989
1791385596.261,21106,10000008.3376403,249999991
1791385596.511,21107,10000008.4494804,249999988
1791385596.762,21108,10000008.3923603,249999990
1791385598.335,21109,10000008.4076403,249999989
1791385598.335,21110,10000008.3666403,249999990
1791385598.335,21111,10000008.4394804,249999989
1791385598.385,21112,10000008.3568403,249999991
1791385598.385,21113,10000008.3875570,250000090
1791385598.514,21115,10000008.4336404,249999989
1791385598.764,21116,10000008.3715203,249999990
1791385599.017,21117,10000008.4000003,249999990
1791385599.262,21118,10000008.3902003,249999990
1791385599.516,21119,10000008.4098003,249999989
1791385599.773,21120,10000008.3851603,249999990
1791385600.016,21121,10000008.2478802,249999993
1791385600.266,21122,10000008.3963203,249999990
1791385600.515,21123,10000008.3972803,249999990
1791385600.766,21124,10000008.3999970,250000090
1791385601.022,21125,10000008.4027203,249999989
1791385601.265,21126,10000008.5558005,249999986
1791385601.521,21127,10000008.2442002,249999993
1791385601.769,21128,10000008.4000003,249999990
1791385602.025,21129,10000008.3972803,249999990
1791385602.266,21130,10000008.4109203,249999989
1791385602.516,21131,10000008.3917603,249999990
1791385602.764,21132,10000008.3972803,249999990
1791385603.018,21133,10000008.3945203,249999990
1791385603.267,21134,10000008.3919970,250000090
1791385603.518,21135,10000008.4080003,249999989
1791385603.764,21136,10000008.3756403,249999990
1791385604.019,21137,10000008.4205204,249999989
1791385604.267,21138,10000008.3958403,249999990
1791385604.518,21139,10000008.4080003,249999989
1791385604.804,21140,10000008.3880803,249999990
1791385605.015,21141,10000008.4150404,249999989
1791385605.268,21142,10000008.3888803,249999990
1791385605.534,21143,10000008.3920003,249999990
1791385605.770,21144,10000008.4079970,250000089
1791385606.041,21145,10000008.3960803,249999990
1791385606.267,21146,10000008.3580403,249999991
1791385606.520,21147,10000008.4295604,249999989
1791385606.776,21148,10000008.4083603,249999989
1791385607.018,21149,10000008.3966403,249999990
1791385607.288,21150,10000008.3798003,249999990
1791385607.518,21151,10000008.4315604,249999989
1791385607.773,21152,10000008.3836403,249999990
1791385608.019,21153,10000008.4000003,249999990
1791385608.268,21154,10000008.3914370,250000090
1791385608.516,21155,10000008.4135603,249999989
1791385608.819,21156,10000008.3596803,249999991
1791385609.020,21157,10000008.4201204,249999989
1791385609.267,21158,10000008.3911203,249999990
1791385609.516,21159,10000008.4088803,249999989
1791385609.769,21160,10000008.3798803,249999990
1791385610.020,21161,10000008.4353204,249999989
1791385610.267,21162,10000008.3679203,249999990
1791385610.518,21163,10000008.4025203,249999989
1791385610.766,21164,10000008.3942370,250000090
1791385611.021,21165,10000008.4112403,249999989
1791385611.274,21166,10000008.3773603,249999990
1791385611.522,21167,10000008.4114403,249999989
1791385611.775,21168,10000008.3938803,249999990
1791385612.018,21169,10000008.4000003,249999990
1791385612.268,21170,10000008.3899603,249999990
1791385612.521,21171,10000008.4314404,249999989
1791385612.768,21172,10000008.3643603,249999990
1791385613.019,21173,10000008.4089603,249999989
1791385613.272,21174,10000008.3910370,250000090
1791385613.519,21175,10000008.4042403,249999989
1791385613.770,21176,10000008.3900003,249999990
1791385614.020,21177,10000008.4057603,249999989
1791385614.273,21178,10000008.4000003,249999990
1791385614.519,21179,10000008.4042403,249999989
1791385614.771,21180,10000008.3787203,249999990
1791385615.022,21181,10000008.4113203,249999989
1791385615.273,21182,10000008.3921603,249999990
1791385615.522,21183,10000008.4000003,249999990
1791385615.811,21184,10000008.3965170,250000090
1791385616.024,21185,10000008.4056003,249999989
1791385616.290,21186,10000008.4056803,249999989
1791385616.523,21187,10000008.3846403,249999990
1791385616.774,21188,10000008.3956803,249999990
1791385617.021,21189,10000008.4043203,249999989
1791385617.270,21190,10000008.3956803,249999990
1791385617.524,21191,10000008.4000003,249999990
1791385617.774,21192,10000008.4000003,249999990
1791385618.023,21193,10000008.3940403,249999990
1791385618.270,21194,10000008.3999970,250000090
1791385618.554,21195,10000008.4000003,249999990
1791385618.786,21196,10000008.4000003,249999990
1791385619.025,21197,10000008.3682403,249999990
1791385619.270,21198,10000008.4200404,249999989
1791385619.524,21199,10000008.3972003,249999990
1791385619.771,21200,10000008.3956003,249999990
1791385620.021,21201,10000008.3871203,249999990
1791385620.276,21202,10000008.4128803,249999989
1791385620.477,21203,10000008.3871203,249999990
1791385620.726,21204,10000008.3999970,250000090
1791385620.975,21205,10000008.3712003,249999990
1791385621.223,21206,10000008.4288004,249999989
1791385621.472,21207,10000008.3274803,249999991
1791385621.725,21208,10000008.4277604,249999989
1791385621.976,21209,10000008.3722403,249999990
1791385622.247,21210,10000008.4230404,249999989
1791385622.473,21211,10000008.3600003,249999991
1791385622.737,21212,10000008.3810403,249999990
1791385622.978,21213,10000008.4034403,249999989
1791385623.225,21214,10000008.2564369,250000093
1791385623.952,21215,10000008.4130403,249999989
1791385623.991,21216,10000008.3906403,249999990
1791385624.000,21217,10000008.5554005,249999986
1791385624.230,21218,10000008.2408802,249999993
1791385624.495,21219,10000008.3972803,249999990
1791385624.731,21220,10000008.3976403,249999990
1791385624.978,21221,10000008.4087603,249999989
1791385625.227,21222,10000008.3963203,249999990
1791385625.474,21223,10000008.3918403,249999990
1791385625.735,21224,10000008.4031203,249999989
1791385625.986,21225,10000008.3888770,250000090
1791385626.224,21226,10000008.4000003,249999990
1791385626.477,21227,10000008.3483203,249999991
1791385626.728,21228,10000008.4353204,249999989
1791385626.983,21229,10000008.4050003,249999989
1791385627.225,21230,10000008.4033603,249999989
1791385627.477,21231,10000008.3868003,249999990
1791385627.727,21232,10000008.4212004,249999989
1791385627.979,21233,10000008.3750803,249999990
1791385628.240,21234,10000008.4000003,249999990
1791385628.481,21235,10000008.3933570,250000090
1791385628.728,21236,10000008.4000003,249999990
1791385628.978,21237,10000008.3684403,249999990
1791385629.225,21238,10000008.4172004,249999989
1791385629.484,21239,10000008.3942403,249999990
1791385629.727,21240,10000008.3938803,249999990
1791385629.977,21241,10000008.3899603,249999990
1791385630.226,21242,10000008.4274004,249999989
1791385630.476,21243,10000008.3726003,249999990
1791385630.731,21244,10000008.4000003,249999990
1791385631.006,21245,10000008.3899970,250000090
1791385631.246,21246,10000008.4100003,249999989
1791385631.477,21247,10000008.3843203,249999990
1791385631.753,21248,10000008.4056803,249999989
1791385631.981,21249,10000008.3886803,249999990
1791385632.227,21250,10000008.4000003,249999990
1791385632.476,21251,10000008.3916403,249999990
1791385632.728,21252,10000008.4083603,249999989
1791385632.979,21253,10000008.3916403,249999990
1791385633.228,21254,10000008.4000003,249999990
1791385633.476,21255,10000008.3940370,250000090
1791385633.729,21256,10000008.4000003,249999990
1791385633.981,21257,10000008.3965203,249999990
1791385634.226,21258,10000008.3640803,249999990
1791385634.479,21259,10000008.4205204,249999989
1791385634.726,21260,10000008.3932803,249999990
1791385634.979,21261,10000008.4000003,249999990
1791385635.230,21262,10000008.3862403,249999990
1791385635.478,21263,10000008.4205204,249999989
1791385635.727,21264,10000008.3583603,249999991
1791385635.977,21265,10000008.3840370,250000090
1791385636.228,21266,10000008.3901203,249999990
1791385636.478,21267,10000008.4051203,249999989
1791385636.730,21268,10000008.3715203,249999990
1791385636.986,21269,10000008.3851603,249999990
1791385637.232,21270,10000008.3556003,249999991
1791385637.481,21271,10000008.2968002,249999992
1791385637.738,21272,10000008.5032004,249999987
1791385637.987,21273,10000008.2922802,249999992
1791385638.228,21274,10000008.3881203,249999990
1791385638.479,21275,10000008.3961603,249999990
1791385638.730,21276,10000008.4093170,250000089
1791385638.982,21277,10000008.3945203,249999990
1791385639.228,21278,10000008.3670803,249999990
1791385639.495,21279,10000008.4290804,249999989
1791385639.728,21280,10000008.3918803,249999990
1791385639.988,21281,10000008.4039203,249999989
1791385640.236,21282,10000008.3920003,249999990
1791385640.490,21283,10000008.4080003,249999989
1791385640.731,21284,10000008.3836403,249999990
1791385640.983,21285,10000008.4000003,249999990
1791385641.228,21286,10000008.3759170,250000090
1791385641.490,21287,10000008.4155204,249999989
1791385641.734,21288,10000008.3732403,249999990
1791385641.984,21289,10000008.4057603,249999989
1791385642.239,21290,10000008.3942403,249999990
1791385642.495,21291,10000008.4057603,249999989
1791385642.751,21292,10000008.3828003,249999990
1791385642.989,21293,10000008.4226404,249999989
1791385643.231,21294,10000008.3626403,249999990
1791385643.482,21295,10000008.4100003,249999989
1791385643.733,21296,10000008.3899970,250000090
1791385643.984,21297,10000008.4100003,249999989
1791385644.233,21298,10000008.3900003,249999990
1791385644.483,21299,10000008.4000003,249999990
1791385644.731,21300,10000008.3943203,249999990
1791385644.993,21301,10000008.4000003,249999990
1791385645.231,21302,10000008.3944003,249999990
1791385645.484,21303,10000008.4000003,249999990
1791385645.734,21304,10000008.3959603,249999990
1791385645.989,21305,10000008.4000003,249999990
1791385646.233,21306,10000008.3956770,250000090
1791385646.500,21307,10000008.3940403,249999990
1791385646.739,21308,10000008.4059603,249999989
1791385646.987,21309,10000008.3782803,249999990
1791385647.234,21310,10000008.4040403,249999989
1791385647.487,21311,10000008.4000003,249999990
1791385647.737,21312,10000008.3928403,249999990
1791385647.988,21313,10000008.3871203,249999990
1791385648.240,21314,10000008.2915202,249999992
1791385648.488,21315,10000008.5084804,249999987
1791385648.736,21316,10000008.3965970,250000090
1791385648.987,21317,10000008.3780403,249999990
1791385649.248,21318,10000008.4070803,249999989
1791385649.527,21319,10000008.3600803,249999990
1791385649.739,21320,10000008.3750803,249999990
1791385649.988,21321,10000008.3954003,249999990
1791385650.235,21322,10000008.4098003,249999989
1791385650.486,21323,10000008.3705203,249999990
1791385650.737,21324,10000008.2624802,249999993
1791385651.005,21325,10000008.4000003,249999990
1791385651.236,21326,10000008.5521171,250000086
1791385651.487,21327,10000008.2524002,249999993
1791385651.736,21328,10000008.3890803,249999990
1791385651.987,21329,10000008.5552805,249999986
1791385652.262,21330,10000008.2392402,249999994
1791385652.490,21331,10000008.4054803,249999989
1791385652.738,21332,10000008.3945203,249999990
1791385653.000,21333,10000008.4000003,249999990
1791385653.275,21334,10000008.4054803,249999989
1791385653.491,21335,10000008.3945203,249999990
1791385653.741,21336,10000008.3961603,249999990
1791385653.992,21337,10000008.3958370,250000090
1791385654.237,21338,10000008.4041603,249999989
1791385654.490,21339,10000008.3441603,249999991
1791385654.739,21340,10000008.4267604,249999989
1791385655.000,21341,10000008.4085603,249999989
1791385655.238,21342,10000008.4050003,249999989
1791385655.491,21343,10000008.3798003,249999990
1791385655.740,21344,10000008.4315604,249999989
1791385655.994,21345,10000008.3684403,249999990
1791385656.240,21346,10000008.4000003,249999990
1791385656.499,21347,10000008.3911170,250000090
1791385656.754,21348,10000008.4155204,249999989
1791385656.997,21349,10000008.3618003,249999990
1791385657.247,21350,10000008.4172004,249999989
1791385657.496,21351,10000008.3942403,249999990
1791385657.751,21352,10000008.4057603,249999989
1791385658.001,21353,10000008.3942403,249999990
1791385658.243,21354,10000008.4267604,249999989
1791385658.500,21355,10000008.3671203,249999990
1791385658.741,21356,10000008.3946803,249999990
1791385658.990,21357,10000008.4053170,250000089
1791385659.240,21358,10000008.4061203,249999989
1791385659.495,21359,10000008.3796003,249999990
1791385659.745,21360,10000008.4089603,249999989
1791385660.007,21361,10000008.3952803,249999990
1791385660.261,21362,10000008.4000003,249999990
1791385660.524,21363,10000008.3900003,249999990
1791385660.748,21364,10000008.4200404,249999989
1791385660.995,21365,10000008.3799603,249999990
1791385661.245,21366,10000008.4100003,249999989
1791385661.494,21367,10000008.3899970,250000090
1791385661.744,21368,10000008.4057603,249999989
1791385661.994,21369,10000008.3942403,249999990
1791385662.241,21370,10000008.4000003,249999990
1791385662.501,21371,10000008.3943203,249999990
1791385662.744,21372,10000008.4000003,249999990
1791385662.997,21373,10000008.4056803,249999989
1791385663.256,21374,10000008.4000003,249999990
1791385663.495,21375,10000008.3886803,249999990
1791385663.746,21376,10000008.4056003,249999989
1791385664.003,21377,10000008.3943970,250000090
1791385664.242,21378,10000008.4056003,249999989
1791385664.495,21379,10000008.3978403,249999990
1791385664.748,21380,10000008.3965203,249999990
1791385664.994,21381,10000008.4000003,249999990
1791385665.242,21382,10000008.4000003,249999990
1791385665.495,21383,10000008.4000003,249999990
1791385665.745,21384,10000008.3959603,249999990
1791385665.997,21385,10000008.4000003,249999990
1791385666.246,21386,10000008.4040403,249999989
1791385666.496,21387,10000008.3916370,250000090
1791385666.744,21388,10000008.4000003,249999990
1791385667.009,21389,10000008.4000003,249999990
1791385667.265,21390,10000008.3940403,249999990
1791385667.504,21391,10000008.4059603,249999989
1791385667.745,21392,10000008.3940403,249999990
1791385667.997,21393,10000008.4000003,249999990
1791385668.250,21394,10000008.4000003,249999990
1791385668.505,21395,10000008.4000003,249999990
1791385668.744,21396,10000008.4000003,249999990
1791385668.997,21397,10000008.3923970,250000090
1791385669.244,21398,10000008.3958803,249999990
1791385669.497,21399,10000008.4082403,249999989
1791385669.749,21400,10000008.3778403,249999990
1791385670.044,21401,10000008.4139203,249999989
1791385670.248,21402,10000008.4000003,249999990
1791385670.497,21403,10000008.3928403,249999990
1791385670.744,21404,10000008.3932803,249999990
1791385670.996,21405,10000008.4139203,249999989
1791385671.261,21406,10000008.3860803,249999990
1791385671.493,21407,10000008.3999970,250000090
1791385671.743,21408,10000008.3938803,249999990
1791385672.008,21409,10000008.4061203,249999989
1791385672.248,21410,10000008.3444003,249999991
1791385672.495,21411,10000008.4460804,249999988
1791385672.747,21412,10000008.3980403,249999990
1791385673.001,21413,10000008.3977203,249999990
1791385673.249,21414,10000008.3581603,249999991
1791385673.495,21415,10000008.3410003,249999991
1791385673.760,21416,10000008.4796804,249999988
1791385673.995,21417,10000008.3999970,250000090
1791385674.248,21418,10000008.3562803,249999991
1791385674.510,21419,10000008.4314004,249999989
1791385674.768,21420,10000008.3686003,249999990
1791385675.006,21421,10000008.4000003,249999990
1791385675.283,21422,10000008.3893603,249999990
1791385675.498,21423,10000008.4051603,249999989
1791385675.748,21424,10000008.3884403,249999990
1791385676.002,21425,10000008.2446002,249999993
1791385676.251,21426,10000008.5489205,249999986
1791385676.498,21427,10000008.3955170,250000090
1791385676.748,21428,10000008.4000003,249999990
1791385676.998,21429,10000008.2518802,249999993
1791385677.248,21430,10000008.5621205,249999985
1791385677.498,21431,10000008.2415602,249999993
1791385677.748,21432,10000008.4000003,249999990
1791385678.004,21433,10000008.4000003,249999990
1791385678.247,21434,10000008.4093603,249999989
1791385678.505,21435,10000008.3906403,249999990
1791385678.762,21436,10000008.4045603,249999989
1791385678.999,21437,10000008.3836003,249999990
1791385679.262,21438,10000008.3961570,250000090
1791385679.510,21439,10000008.4093203,249999989
1791385679.748,21440,10000008.5508405,249999986
1791385680.003,21441,10000008.2398802,249999994
1791385680.252,21442,10000008.4038403,249999989
1791385680.501,21443,10000008.3961603,249999990
1791385680.751,21444,10000008.4038403,249999989
1791385681.007,21445,10000008.4118803,249999989
1791385681.254,21446,10000008.3912403,249999990
1791385681.502,21447,10000008.3968803,249999990
1791385681.752,21448,10000008.3919970,250000090
1791385682.006,21449,10000008.4080003,249999989
1791385682.267,21450,10000008.3708003,249999990
1791385682.507,21451,10000008.4212004,249999989
1791385682.769,21452,10000008.4080003,249999989
1791385683.024,21453,10000008.4000003,249999990
1791385683.256,21454,10000008.3920003,249999990
1791385683.505,21455,10000008.4111203,249999989
1791385683.758,21456,10000008.3930803,249999990
1791385684.006,21457,10000008.3958403,249999990
1791385684.255,21458,10000008.4111170,250000089
1791385684.509,21459,10000008.3968803,249999990
1791385684.758,21460,10000008.3604403,249999990
1791385685.010,21461,10000008.4152003,249999989
1791385685.257,21462,10000008.4000003,249999990
1791385685.509,21463,10000008.4050003,249999989
1791385685.759,21464,10000008.3798003,249999990
1791385686.006,21465,10000008.4395604,249999989
1791385686.256,21466,10000008.3840003,249999990
1791385686.526,21467,10000008.4000003,249999990
1791385686.764,21468,10000008.3999970,250000090
1791385687.007,21469,10000008.4000003,249999990
1791385687.262,21470,10000008.3563203,249999991
1791385687.523,21471,10000008.4267604,249999989
1791385687.757,21472,10000008.4000003,249999990
1791385688.010,21473,10000008.4085603,249999989
1791385688.258,21474,10000008.3799603,249999990
1791385688.526,21475,10000008.4364004,249999989
1791385688.781,21476,10000008.3541203,249999991
1791385689.009,21477,10000008.4054803,249999989
1791385689.257,21478,10000008.3945170,250000090
1791385689.512,21479,10000008.4210004,249999989
1791385689.763,21480,10000008.3671203,249999990
1791385690.011,21481,10000008.4061203,249999989
1791385690.266,21482,10000008.4057603,249999989
1791385690.509,21483,10000008.4054803,249999989
1791385690.762,21484,10000008.3826803,249999990
1791385691.011,21485,10000008.4464004,249999988
1791385691.265,21486,10000008.3596803,249999991
1791385691.518,21487,10000008.4000003,249999990
1791385691.764,21488,10000008.3938770,250000090
1791385692.012,21489,10000008.4173204,249999989
1791385692.260,21490,10000008.3726003,249999990
1791385692.510,21491,10000008.4161604,249999989
1791385692.772,21492,10000008.3885603,249999990
1791385693.028,21493,10000008.4114403,249999989
1791385693.329,21494,10000008.3838403,249999990
1791385693.512,21495,10000008.4274004,249999989
1791385693.763,21496,10000008.3726003,249999990
1791385694.018,21497,10000008.4161604,249999989
1791385694.267,21498,10000008.3838370,250000090
1791385694.513,21499,10000008.4100403,249999989
1791385694.766,21500,10000008.3857203,249999990
1791385695.015,21501,10000008.4042403,249999989
1791385695.271,21502,10000008.3957603,249999990
1791385695.519,21503,10000008.4042403,249999989
1791385695.773,21504,10000008.4000003,249999990
1791385696.027,21505,10000008.4161604,249999989
1791385696.277,21506,10000008.3738403,249999990
1791385696.516,21507,10000008.4057603,249999989
1791385696.770,21508,10000008.3942370,250000090
1791385697.027,21509,10000008.4057603,249999989
1791385697.269,21510,10000008.3942403,249999990
1791385697.517,21511,10000008.4057603,249999989
1791385697.766,21512,10000008.3942403,249999990
1791385698.014,21513,10000008.4000003,249999990
1791385698.263,21514,10000008.4000003,249999990
1791385698.513,21515,10000008.4147203,249999989
1791385698.763,21516,10000008.3852803,249999990
1791385699.045,21517,10000008.4000003,249999990
1791385699.263,21518,10000008.3999970,250000090
1791385699.643,21519,10000008.4000003,249999990
1791385699.809,21520,10000008.4000003,249999990
1791385700.014,21521,10000008.4000003,249999990
1791385700.265,21522,10000008.4000003,249999990
1791385700.530,21523,10000008.4000003,249999990
1791385700.772,21524,10000008.4000003,249999990
1791385701.016,21525,10000008.4100003,249999989
1791385701.265,21526,10000008.3843203,249999990
1791385701.515,21527,10000008.4056803,249999989
1791385701.781,21528,10000008.3999970,250000090
1791385702.016,21529,10000008.4000003,249999990
1791385702.265,21530,10000008.4000003,249999990
1791385702.515,21531,10000008.4000003,249999990
1791385702.769,21532,10000008.4000003,249999990
1791385703.017,21533,10000008.4000003,249999990
1791385703.267,21534,10000008.3943203,249999990
1791385703.537,21535,10000008.4156804,249999989
1791385703.766,21536,10000008.3900003,249999990
1791385704.017,21537,10000008.4000003,249999990
1791385704.268,21538,10000008.3999970,250000090
1791385704.516,21539,10000008.4057603,249999989
1791385704.767,21540,10000008.3942403,249999990
1791385705.028,21541,10000008.4000003,249999990
1791385705.309,21542,10000008.4000003,249999990
1791385705.582,21543,10000008.4000003,249999990
1791385705.768,21544,10000008.4000003,249999990
1791385706.018,21545,10000008.4100003,249999989
1791385706.268,21546,10000008.3900003,249999990
1791385706.519,21547,10000008.4000003,249999990
1791385706.792,21548,10000008.3999970,250000090
1791385707.029,21549,10000008.4100003,249999989
1791385707.267,21550,10000008.3900003,249999990
1791385707.523,21551,10000008.4000003,249999990
1791385707.793,21552,10000008.4000003,249999990
1791385708.028,21553,10000008.4200404,249999989
1791385708.280,21554,10000008.3799603,249999990
1791385708.519,21555,10000008.4100003,249999989
1791385708.821,21556,10000008.3900003,249999990
1791385709.024,21557,10000008.4000003,249999990
1791385709.274,21558,10000008.3999970,250000090
1791385709.520,21559,10000008.4000003,249999990
1791385709.788,21560,10000008.4000003,249999990
1791385710.021,21561,10000008.4000003,249999990
1791385710.282,21562,10000008.4000003,249999990
1791385710.571,21563,10000008.4000003,249999990
1791385710.810,21564,10000008.4000003,249999990
1791385711.624,21565,10000008.4057603,249999989
1791385711.625,21566,10000008.3942403,249999990
1791385711.642,21567,10000008.4000003,249999990
1791385711.858,21568,10000008.3999970,250000090
1791385712.021,21569,10000008.4000003,249999990
1791385712.270,21570,10000008.4000003,249999990
1791385712.529,21571,10000008.4000003,249999990
1791385712.805,21572,10000008.4000003,249999990
1791385713.025,21573,10000008.4000003,249999990
1791385713.271,21574,10000008.3959603,249999990
1791385713.534,21575,10000008.4098003,249999989
1791385713.796,21576,10000008.3885603,249999990
1791385714.039,21577,10000008.4056803,249999989
1791385714.300,21578,10000008.3921570,250000090
1791385714.522,21579,10000008.4021603,249999989
1791385714.789,21580,10000008.4056803,249999989
1791385715.022,21581,10000008.4000003,249999990
1791385715.223,21582,10000008.4000003,249999990
1791385715.477,21583,10000008.4000003,249999990
1791385715.727,21584,10000008.3886803,249999990
1791385715.976,21585,10000008.4113203,249999989
1791385716.223,21586,10000008.3943203,249999990
1791385716.474,21587,10000008.4056803,249999989
1791385716.727,21588,10000008.3943170,250000090
1791385716.979,21589,10000008.4056803,249999989
1791385717.225,21590,10000008.3943203,249999990
1791385717.475,21591,10000008.4000003,249999990
1791385717.725,21592,10000008.4000003,249999990
1791385717.978,21593,10000008.4000003,249999990
1791385718.224,21594,10000008.3944003,249999990
1791385718.479,21595,10000008.4056003,249999989
1791385718.737,21596,10000008.3944003,249999990
1791385719.029,21597,10000008.4056003,249999989
1791385719.238,21598,10000008.3943970,250000090
1791385719.487,21599,10000008.4034803,249999989
1791385719.728,21600,10000008.4000003,249999990
1791385719.979,21601,10000008.3965203,249999990
1791385720.226,21602,10000008.4000003,249999990
1791385720.481,21603,10000008.4000003,249999990
1791385720.727,21604,10000008.3959603,249999990
1791385720.980,21605,10000008.4040403,249999989
1791385721.227,21606,10000008.4000003,249999990
1791385721.478,21607,10000008.4000003,249999990
1791385721.727,21608,10000008.3959570,250000090
1791385721.982,21609,10000008.4000003,249999990
1791385722.227,21610,10000008.4040403,249999989
1791385722.488,21611,10000008.3916403,249999990
1791385722.729,21612,10000008.4000003,249999990
1791385722.982,21613,10000008.4000003,249999990
1791385723.231,21614,10000008.4000003,249999990
1791385723.479,21615,10000008.4000003,249999990
1791385723.758,21616,10000008.4000003,249999990
1791385723.987,21617,10000008.4000003,249999990
1791385724.242,21618,10000008.3999970,250000090
1791385724.484,21619,10000008.3940403,249999990
1791385724.728,21620,10000008.4059603,249999989
1791385724.983,21621,10000008.3864403,249999990
1791385725.230,21622,10000008.4041603,249999989
1791385725.482,21623,10000008.4034803,249999989
1791385725.743,21624,10000008.3952003,249999990
1791385725.984,21625,10000008.3930803,249999990
1791385726.231,21626,10000008.4082403,249999989
1791385726.481,21627,10000008.3958403,249999990
1791385726.732,21628,10000008.4028370,250000089
1791385726.981,21629,10000008.3930803,249999990
1791385727.230,21630,10000008.4069203,249999989
1791385727.481,21631,10000008.3696403,249999990
1791385727.737,21632,10000008.4162404,249999989
1791385727.980,21633,10000008.4000003,249999990
1791385728.230,21634,10000008.4031203,249999989
1791385728.480,21635,10000008.3901203,249999990
1791385728.730,21636,10000008.4067203,249999989
1791385728.981,21637,10000008.3932803,249999990
1791385729.233,21638,10000008.3999970,250000090
1791385729.481,21639,10000008.4000003,249999990
1791385729.731,21640,10000008.4000003,249999990
1791385729.982,21641,10000008.3302403,249999991
1791385730.231,21642,10000008.4508804,249999988
1791385730.485,21643,10000008.3944803,249999990
1791385730.735,21644,10000008.4055203,249999989
1791385730.983,21645,10000008.3402403,249999991
1791385731.232,21646,10000008.3640403,249999990
1791385731.525,21647,10000008.4448404,249999988
1791385731.734,21648,10000008.3999970,250000090
1791385731.984,21649,10000008.3771603,249999990
1791385732.233,21650,10000008.4085203,249999989
1791385732.483,21651,10000008.4000003,249999990
1791385732.733,21652,10000008.3948403,249999990
1791385732.988,21653,10000008.2530402,249999993
1791385733.327,21654,10000008.5216004,249999986
1791385733.485,21655,10000008.2598802,249999993
1791385733.737,21656,10000008.4036803,249999989
1791385733.988,21657,10000008.4045603,249999989
1791385734.234,21658,10000008.3836003,249999990
1791385734.526,21659,10000008.4054770,250000089
1791385734.741,21660,10000008.4027203,249999989
1791385734.986,21661,10000008.5481205,249999986
1791385735.235,21662,10000008.2356802,249999994
1791385735.493,21663,10000008.4080003,249999989
1791385735.746,21664,10000008.3961603,249999990
1791385735.987,21665,10000008.4000003,249999990
1791385736.236,21666,10000008.4093203,249999989
1791385736.493,21667,10000008.3906803,249999990
1791385736.747,21668,10000008.3958403,249999990
1791385736.989,21669,10000008.3836370,250000090
1791385737.271,21670,10000008.4163604,249999989
1791385737.491,21671,10000008.3483203,249999991
1791385737.741,21672,10000008.4267604,249999989
1791385737.986,21673,10000008.3933603,249999990
1791385738.242,21674,10000008.4000003,249999990
1791385738.487,21675,10000008.3856403,249999990
1791385738.741,21676,10000008.4419604,249999988
1791385738.996,21677,10000008.3580403,249999991
1791385739.236,21678,10000008.4000003,249999990
1791385739.489,21679,10000008.3881170,250000090
1791385739.736,21680,10000008.4173204,249999989
1791385739.997,21681,10000008.3773603,249999990
1791385740.238,21682,10000008.4000003,249999990
1791385740.485,21683,10000008.3952803,249999990
1791385740.738,21684,10000008.4000003,249999990
1791385740.985,21685,10000008.3957603,249999990
1791385741.236,21686,10000008.4089603,249999989
1791385741.487,21687,10000008.3852803,249999990
1791385741.737,21688,10000008.4000003,249999990
1791385741.989,21689,10000008.3999970,250000090
1791385742.242,21690,10000008.4000003,249999990
1791385742.489,21691,10000008.3886803,249999990
1791385742.738,21692,10000008.4000003,249999990
1791385742.989,21693,10000008.4000003,249999990
1791385743.262,21694,10000008.4000003,249999990
1791385743.487,21695,10000008.3916403,249999990
1791385743.737,21696,10000008.4000003,249999990
1791385744.015,21697,10000008.4000003,249999990
1791385744.241,21698,10000008.3940403,249999990
1791385744.487,21699,10000008.3999970,250000090
1791385744.737,21700,10000008.3965203,249999990
1791385744.988,21701,10000008.3958403,249999990
1791385745.238,21702,10000008.3425203,249999991
1791385745.499,21703,10000008.4462004,249999988
1791385745.738,21704,10000008.3932803,249999990
1791385745.998,21705,10000008.4000003,249999990
1791385746.237,21706,10000008.3811203,249999990
1791385746.490,21707,10000008.4188804,249999989
1791385746.737,21708,10000008.3756003,249999990
1791385746.996,21709,10000008.3961970,250000090
1791385747.268,21710,10000008.3726003,249999990
1791385747.499,21711,10000008.4000003,249999990
1791385747.739,21712,10000008.3715203,249999990
1791385747.989,21713,10000008.3948403,249999990
1791385748.249,21714,10000008.3459603,249999991
1791385748.494,21715,10000008.4476804,249999988
1791385748.739,21716,10000008.3820803,249999990
1791385748.991,21717,10000008.2588002,249999993
1791385749.251,21718,10000008.4036803,249999989
1791385749.505,21719,10000008.3936003,249999990
1791385749.896,21720,10000008.4063970,250000089
1791385750.009,21721,10000008.3936003,249999990
1791385750.257,21722,10000008.5508405,249999986
1791385750.494,21723,10000008.2398802,249999994
1791385750.747,21724,10000008.4038403,249999989
1791385750.991,21725,10000008.3961603,249999990
1791385751.250,21726,10000008.4000003,249999990
1791385751.499,21727,10000008.4069203,249999989
1791385751.768,21728,10000008.3930803,249999990
1791385751.996,21729,10000008.3958403,249999990
1791385752.262,21730,10000008.3836370,250000090
1791385752.506,21731,10000008.4163604,249999989
1791385752.743,21732,10000008.3483203,249999991
1791385752.991,21733,10000008.4353204,249999989
1791385753.243,21734,10000008.4050003,249999989
1791385753.493,21735,10000008.4033603,249999989
1791385753.742,21736,10000008.3620803,249999990
1791385753.992,21737,10000008.4379204,249999989
1791385754.241,21738,10000008.3675603,249999990
1791385754.501,21739,10000008.4088803,249999989
1791385754.741,21740,10000008.3856370,250000090
1791385754.991,21741,10000008.4054803,249999989
1791385755.243,21742,10000008.3826803,249999990
1791385755.491,21743,10000008.4000003,249999990
1791385755.751,21744,10000008.3946803,249999990
1791385755.996,21745,10000008.4053203,249999989
1791385756.245,21746,10000008.3899603,249999990
1791385756.492,21747,10000008.4219204,249999989
1791385756.743,21748,10000008.3738403,249999990
1791385757.011,21749,10000008.4042403,249999989
1791385757.242,21750,10000008.3843170,250000090
1791385757.495,21751,10000008.4056803,249999989
1791385757.742,21752,10000008.4000003,249999990
1791385757.999,21753,10000008.4000003,249999990
1791385758.254,21754,10000008.3921603,249999990
1791385758.501,21755,10000008.3965203,249999990
1791385758.756,21756,10000008.3916403,249999990
1791385758.996,21757,10000008.4043203,249999989
1791385759.252,21758,10000008.4000003,249999990
1791385759.493,21759,10000008.3956803,249999990
1791385759.747,21760,10000008.3999970,250000090
1791385760.003,21761,10000008.3940403,249999990
1791385760.243,21762,10000008.4000003,249999990
1791385760.493,21763,10000008.3743603,249999990
1791385760.789,21764,10000008.4139203,249999989
1791385760.994,21765,10000008.3928403,249999990
1791385761.245,21766,10000008.4031203,249999989
1791385761.501,21767,10000008.3840003,249999990
1791385761.746,21768,10000008.4061203,249999989
1791385762.006,21769,10000008.3862403,249999990
1791385762.252,21770,10000008.3893570,250000090
1791385762.496,21771,10000008.3496003,249999991
1791385762.796,21772,10000012.4316405,249999989
1791385763.014,21773,10000008.3645203,249999990
1791385763.259,21774,10000008.3860403,249999990
1791385763.521,21775,10000008.2415602,249999993
1791385763.749,21776,10000008.5489205,249999986
1791385764.013,21777,10000008.3588403,249999991
1791385764.253,21778,10000008.2885602,249999992
1791385764.504,21779,10000008.3972803,249999990
1791385764.759,21780,10000008.4027203,249999989
1791385765.030,21781,10000008.3918370,250000090
1791385765.248,21782,10000008.4000003,249999990
1791385765.502,21783,10000008.3670803,249999990
1791385765.760,21784,10000008.4329204,249999989
1791385766.004,21785,10000008.3920003,249999990
1791385766.251,21786,10000008.3960803,249999990
1791385766.504,21787,10000008.3875603,249999990
1791385766.796,21788,10000008.4205204,249999989
1791385766.997,21789,10000008.3878403,249999990
1791385767.251,21790,10000008.3916403,249999990
1791385767.499,21791,10000008.3759170,250000090
1791385767.766,21792,10000008.4088803,249999989
1791385768.002,21793,10000008.3798803,249999990
1791385768.364,21794,10000008.4057603,249999989
1791385768.500,21795,10000008.3942403,249999990
1791385768.749,21796,10000008.4000003,249999990
1791385769.003,21797,10000008.3885603,249999990
1791385769.250,21798,10000008.4172004,249999989
1791385769.500,21799,10000008.3680803,249999990
1791385769.749,21800,10000008.4100003,249999989
1791385770.050,21801,10000008.3957570,250000090
1791385770.260,21802,10000008.3942403,249999990
1791385770.510,21803,10000008.4000003,249999990
1791385770.754,21804,10000008.4000003,249999990
1791385771.000,21805,10000008.3886803,249999990
1791385771.260,21806,10000008.4034803,249999989
1791385771.526,21807,10000008.3881603,249999990
1791385771.754,21808,10000008.4043203,249999989
1791385772.000,21809,10000008.4000003,249999990
1791385772.250,21810,10000008.3956803,249999990
1791385772.499,21811,10000008.3999970,250000090
1791385772.753,21812,10000008.3905603,249999990
1791385773.002,21813,10000008.4034803,249999989
1791385773.249,21814,10000008.3743603,249999990
1791385773.503,21815,10000008.4067203,249999989
1791385773.757,21816,10000008.4031203,249999989
1791385774.002,21817,10000008.3968803,249999990
1791385774.267,21818,10000008.3743603,249999990
1791385774.511,21819,10000008.3042803,249999992
1791385774.751,21820,10000008.5031204,249999987
1791385775.003,21821,10000008.3925570,250000090
1791385775.250,21822,10000008.3402403,249999991
1791385775.504,21823,10000008.4143203,249999989
1791385775.751,21824,10000008.3856803,249999990
1791385776.003,21825,10000008.3860403,249999990
1791385776.252,21826,10000008.3969603,249999990
1791385776.501,21827,10000008.3967203,249999990
1791385776.751,21828,10000008.3556003,249999991
1791385777.002,21829,10000008.2885602,249999992
1791385777.255,21830,10000008.4036803,249999989
1791385777.501,21831,10000008.3881203,249999990
1791385777.752,21832,10000008.3999970,250000090
1791385778.002,21833,10000008.4054803,249999989
1791385778.258,21834,10000008.5462805,249999986
1791385778.502,21835,10000008.2402402,249999993
1791385778.750,21836,10000008.4111203,249999989
1791385779.016,21837,10000008.3849603,249999990
1791385780.407,21838,10000008.4000003,249999990
1791385780.407,21839,10000008.4174004,249999989
1791385780.407,21840,10000008.3865203,249999990
1791385780.459,21841,10000008.3920003,249999990
1791385780.459,21842,10000008.3999970,250000090
1791385780.518,21843,10000008.4080003,249999989
1791385780.755,21844,10000008.3483203,249999991
1791385781.001,21845,10000008.4201204,249999989
1791385781.252,21846,10000008.4066403,249999989
1791385781.503,21847,10000008.3844803,249999990
1791385781.750,21848,10000008.3887603,249999990
1791385782.007,21849,10000008.4353204,249999989
1791385782.275,21850,10000008.3679203,249999990
1791385782.513,21851,10000008.4025203,249999989
1791385782.756,21852,10000008.3881170,250000090
1791385783.006,21853,10000008.4118803,249999989
1791385783.261,21854,10000008.3780803,249999990
1791385783.515,21855,10000008.4047203,249999989
1791385783.767,21856,10000008.3952803,249999990
1791385784.006,21857,10000008.4000003,249999990
1791385784.255,21858,10000008.3900003,249999990
1791385784.505,21859,10000008.4261604,249999989
1791385784.759,21860,10000008.3738403,249999990
1791385785.015,21861,10000008.4000003,249999990
1791385785.252,21862,10000008.3999970,250000090
1791385785.516,21863,10000008.4000003,249999990
1791385785.754,21864,10000008.3943203,249999990
1791385786.011,21865,10000008.3944003,249999990
1791385786.296,21866,10000008.4000003,249999990
1791385786.518,21867,10000008.4034803,249999989
1791385786.752,21868,10000008.3924803,249999990
1791385787.007,21869,10000008.4040403,249999989
1791385787.259,21870,10000008.3916403,249999990
1791385787.511,21871,10000008.4000003,249999990
1791385787.764,21872,10000008.3999970,250000090
1791385788.009,21873,10000008.4000003,249999990
1791385788.264,21874,10000008.4000003,249999990
1791385788.504,21875,10000008.3823203,249999990
1791385788.756,21876,10000008.4117203,249999989
1791385789.006,21877,10000008.4000003,249999990
1791385789.265,21878,10000008.4000003,249999990
1791385789.504,21879,10000008.3811203,249999990
1791385789.757,21880,10000008.4112803,249999989
1791385790.006,21881,10000008.3931203,249999990
1791385790.255,21882,10000008.3955970,250000090
1791385790.504,21883,10000008.4000003,249999990
1791385790.756,21884,10000008.4000003,249999990
1791385791.004,21885,10000008.3424003,249999991
1791385791.255,21886,10000008.4508804,249999988
1791385791.505,21887,10000008.3904803,249999990
1791385791.755,21888,10000008.4000003,249999990
1791385792.012,21889,10000008.3906403,249999990
1791385792.260,21890,10000008.3042803,249999992
1791385792.546,21891,10000008.4796804,249999988
1791385792.755,21892,10000008.4067170,250000089
1791385793.021,21893,10000008.3674403,249999990
1791385793.255,21894,10000008.3964003,249999990
1791385793.506,21895,10000008.3895203,249999990
1791385793.756,21896,10000008.4050403,249999989
1791385794.006,21897,10000008.3911203,249999990
1791385794.261,21898,10000008.4000003,249999990
1791385794.507,21899,10000008.3830003,249999990
1791385794.757,21900,10000008.3810403,249999990
1791385795.007,21901,10000008.4080003,249999989
1791385795.261,21902,10000008.4076770,250000089
1791385795.510,21903,10000008.3967603,249999990
1791385795.790,21904,10000008.4000003,249999990
1791385796.008,21905,10000008.4128803,249999989
1791385796.258,21906,10000008.2382002,249999994
1791385796.512,21907,10000008.4045603,249999989
1791385796.778,21908,10000008.5398805,249999986
1791385797.008,21909,10000008.3633203,249999990
1791385797.263,21910,10000008.2922802,249999992
1791385797.512,21911,10000008.4000003,249999990
1791385797.758,21912,10000008.4000003,249999990
1791385798.095,21913,10000008.3999970,250000090
1791385798.283,21914,10000008.3963203,249999990
1791385798.515,21915,10000008.5481205,249999986
1791385798.775,21916,10000008.2555602,249999993
1791385799.050,21917,10000008.4000003,249999990
1791385799.261,21918,10000008.3963203,249999990
1791385799.511,21919,10000008.4082403,249999989
1791385799.761,21920,10000008.3954403,249999990
1791385800.015,21921,10000008.3912403,249999990
1791385800.264,21922,10000008.4023603,249999989
1791385800.522,21923,10000008.3999970,250000090
1791385800.772,21924,10000008.3976403,249999990
1791385801.012,21925,10000008.5532005,249999986
1791385801.267,21926,10000008.2437202,249999993
1791385801.513,21927,10000008.4054803,249999989
1791385801.764,21928,10000008.3945203,249999990
1791385802.013,21929,10000008.4118803,249999989
1791385802.264,21930,10000008.3936003,249999990
1791385802.515,21931,10000008.3865203,249999990
1791385802.767,21932,10000008.4041603,249999989
1791385803.016,21933,10000008.4093170,250000089
1791385803.270,21934,10000008.3945203,249999990
1791385803.514,21935,10000008.3604403,249999990
1791385803.764,21936,10000008.4395604,249999989
1791385804.014,21937,10000008.4000003,249999990
1791385804.264,21938,10000008.3961603,249999990
1791385804.519,21939,10000008.3878403,249999990
1791385804.764,21940,10000008.4241604,249999989
1791385805.014,21941,10000008.3918403,249999990
1791385805.265,21942,10000008.4000003,249999990
1791385805.514,21943,10000008.4163970,250000089
1791385805.768,21944,10000008.3836003,249999990
1791385806.016,21945,10000008.3556003,249999991
1791385806.268,21946,10000008.4475204,249999988
1791385806.515,21947,10000008.4000003,249999990
1791385806.765,21948,10000008.3968803,249999990
1791385807.019,21949,10000008.3961603,249999990
1791385807.268,21950,10000008.4120003,249999989
1791385807.515,21951,10000008.3918403,249999990
1791385807.766,21952,10000008.4000003,249999990
1791385808.017,21953,10000008.3919970,250000090
1791385808.270,21954,10000008.4041603,249999989
1791385808.520,21955,10000008.3499203,249999991
1791385808.817,21956,10000008.4458804,249999988
1791385809.020,21957,10000008.4041603,249999989
1791385809.274,21958,10000008.4000003,249999990
1791385809.520,21959,10000008.3794803,249999990
1791385809.813,21960,10000008.4274804,249999989
1791385810.042,21961,10000008.3888803,249999990
1791385810.268,21962,10000008.3920003,249999990
1791385810.523,21963,10000008.3916370,250000090
1791385810.767,21964,10000008.4163604,249999989
1791385811.017,21965,10000008.3595603,249999991
1791385811.274,21966,10000008.4404404,249999988
1791385811.517,21967,10000008.3750803,249999990
1791385811.768,21968,10000008.4085603,249999989
1791385812.020,21969,10000008.4050003,249999989
1791385812.272,21970,10000008.4155204,249999989
1791385812.518,21971,10000008.3794803,249999990
1791385812.768,21972,10000008.4083603,249999989
1791385813.017,21973,10000008.3764370,250000090
1791385813.269,21974,10000008.4202004,249999989
1791385813.518,21975,10000008.3536003,249999991
1791385813.772,21976,10000008.4262404,249999989
1791385814.032,21977,10000008.4000003,249999990
1791385814.285,21978,10000008.4066403,249999989
1791385814.469,21979,10000008.3844803,249999990
1791385814.720,21980,10000008.4290804,249999989
1791385814.969,21981,10000008.3596803,249999991
1791385815.219,21982,10000008.4112403,249999989
1791385815.470,21983,10000008.3887570,250000090
1791385815.721,21984,10000008.4112403,249999989
1791385815.970,21985,10000008.3726003,249999990
1791385816.226,21986,10000008.4219204,249999989
1791385816.472,21987,10000008.3881203,249999990
1791385816.720,21988,10000008.4000003,249999990
1791385816.971,21989,10000008.3946803,249999990
1791385817.223,21990,10000008.4226404,249999989
1791385817.473,21991,10000008.3684003,249999990
1791385817.721,21992,10000008.4000003,249999990
1791385817.971,21993,10000008.3942370,250000090
1791385818.224,21994,10000008.4057603,249999989
1791385818.474,21995,10000008.3942403,249999990
1791385818.722,21996,10000008.4000003,249999990
1791385819.023,21997,10000008.4000003,249999990
1791385819.279,21998,10000008.4000003,249999990
1791385819.527,21999,10000008.3943203,249999990
1791385819.786,22000,10000008.4056803,249999989
1791385820.023,22001,10000008.3943203,249999990
1791385820.286,22002,10000008.3944003,249999990
1791385820.532,22003,10000008.3999970,250000090
1791385820.777,22004,10000008.4000003,249999990
1791385821.025,22005,10000008.4000003,249999990
1791385821.287,22006,10000008.3916403,249999990
1791385821.532,22007,10000008.4000003,249999990
1791385821.789,22008,10000008.4000003,249999990
1791385822.030,22009,10000008.3940403,249999990
1791385822.230,22010,10000008.3882803,249999990
1791385822.478,22011,10000008.4082403,249999989
1791385822.725,22012,10000008.3958403,249999990
1791385822.977,22013,10000008.3999970,250000090
1791385823.225,22014,10000008.4000003,249999990
1791385823.478,22015,10000008.4000003,249999990
1791385823.767,22016,10000008.3630803,249999990
1791385823.978,22017,10000008.4256404,249999989
1791385824.266,22018,10000008.4000003,249999990
1791385824.482,22019,10000008.3932803,249999990
1791385824.739,22020,10000008.3811203,249999990
1791385824.981,22021,10000008.4188804,249999989
1791385825.234,22022,10000008.3938803,249999990
1791385825.480,22023,10000008.3746370,250000090
1791385825.731,22024,10000008.3474003,249999991
1791385825.989,22025,10000008.4526004,249999988
1791385826.234,22026,10000008.3528403,249999991
1791385826.480,22027,10000008.4000003,249999990
1791385826.733,22028,10000008.3893603,249999990
1791385826.981,22029,10000008.3966403,249999990
1791385827.231,22030,10000008.3904403,249999990
1791385827.481,22031,10000008.2556402,249999993
1791385827.732,22032,10000008.4000003,249999990
1791385827.993,22033,10000008.3890803,249999990
1791385828.263,22034,10000008.4157570,250000089
1791385828.487,22035,10000008.3906403,249999990
1791385828.733,22036,10000008.5521205,249999986
1791385828.983,22037,10000008.2442002,249999993
1791385829.237,22038,10000008.4000003,249999990
1791385829.494,22039,10000008.3949203,249999990
1791385829.733,22040,10000008.3930803,249999990
1791385829.986,22041,10000008.4120003,249999989
1791385830.233,22042,10000008.3918403,249999990
1791385830.498,22043,10000008.3961603,249999990
1791385830.744,22044,10000008.3999970,250000090
1791385830.983,22045,10000008.4000003,249999990
1791385831.233,22046,10000008.3554003,249999991
1791385831.483,22047,10000008.4446004,249999988
1791385831.736,22048,10000008.4093203,249999989
1791385831.984,22049,10000008.3785603,249999990
1791385832.234,22050,10000008.3916403,249999990
1791385832.485,22051,10000008.4243604,249999989
1791385832.746,22052,10000008.3840003,249999990
1791385832.996,22053,10000008.3916403,249999990
1791385833.235,22054,10000008.3914370,250000090
1791385833.496,22055,10000008.4169204,249999989
1791385833.746,22056,10000008.3502003,249999991
1791385833.984,22057,10000008.4213604,249999989
1791385834.237,22058,10000008.4000003,249999990
1791385834.501,22059,10000008.4048403,249999989
1791385834.744,22060,10000008.3798803,249999990
1791385835.153,22061,10000008.4353204,249999989
1791385835.236,22062,10000008.3704403,249999990
1791385835.668,22063,10000008.4000003,249999990
1791385835.769,22064,10000008.3942370,250000090
1791385835.986,22065,10000008.4000003,249999990
1791385836.239,22066,10000008.3885603,249999990
1791385836.490,22067,10000008.4053203,249999989
1791385836.743,22068,10000008.4000003,249999990
1791385836.997,22069,10000008.3946803,249999990
1791385837.279,22070,10000008.3910403,249999990
1791385837.487,22071,10000008.4261604,249999989
1791385837.743,22072,10000008.3680803,249999990
1791385837.997,22073,10000008.4057603,249999989
1791385838.237,22074,10000008.3942370,250000090
1791385838.505,22075,10000008.4057603,249999989
1791385838.767,22076,10000008.3942403,249999990
1791385838.989,22077,10000008.4000003,249999990
1791385839.273,22078,10000008.3943203,249999990
1791385839.489,22079,10000008.4000003,249999990
1791385840.294,22080,10000008.3944003,249999990
1791385840.307,22081,10000008.4000003,249999990
1791385840.360,22082,10000008.3959603,249999990
1791385840.489,22083,10000008.4040403,249999989
1791385840.744,22084,10000008.3916370,250000090
1791385840.990,22085,10000008.4043203,249999989
1791385841.240,22086,10000008.4000003,249999990
1791385841.490,22087,10000008.3956803,249999990
1791385841.741,22088,10000008.3940403,249999990
1791385841.991,22089,10000008.3965203,249999990
1791385842.241,22090,10000008.3986803,249999990
1791385842.491,22091,10000008.3890003,249999990
1791385842.742,22092,10000008.4040403,249999989
1791385842.992,22093,10000008.3972003,249999990
1791385843.242,22094,10000008.3955970,250000090
1791385843.495,22095,10000008.3932803,249999990
1791385843.741,22096,10000008.4067203,249999989
1791385844.011,22097,10000008.3289203,249999991
1791385844.241,22098,10000008.4505604,249999988
1791385844.540,22099,10000008.3855603,249999990
1791385844.762,22100,10000008.4093203,249999989
1791385844.991,22101,10000008.3402403,249999991
1791385845.241,22102,10000008.3640403,249999990
1791385845.494,22103,10000008.4359604,249999989
1791385845.741,22104,10000008.3945570,250000090
1791385845.992,22105,10000008.3851603,249999990
1791385846.252,22106,10000008.3843203,249999990
1791385846.499,22107,10000008.4253604,249999989
1791385846.748,22108,10000008.3826403,249999990
1791385847.007,22109,10000008.2601202,249999993
1791385847.246,22110,10000008.3954403,249999990
1791385847.495,22111,10000008.4093603,249999989
1791385847.743,22112,10000008.3869603,249999990
1791385847.993,22113,10000008.3949203,249999990
1791385848.248,22114,10000008.4050803,249999989
1791385848.497,22115,10000008.4036770,250000089
1791385848.749,22116,10000008.3881203,249999990
1791385848.994,22117,10000008.3515603,249999991
1791385849.254,22118,10000008.4446004,249999988
1791385849.505,22119,10000008.4038403,249999989
1791385849.744,22120,10000008.3920003,249999990
1791385849.994,22121,10000008.4041603,249999989
1791385850.270,22122,10000008.4093203,249999989
1791385850.501,22123,10000008.3785603,249999990
1791385850.751,22124,10000008.4000003,249999990
1791385851.000,22125,10000008.3999970,250000090
1791385851.250,22126,10000008.4080003,249999989
1791385851.546,22127,10000008.3541203,249999991
1791385851.745,22128,10000008.4210004,249999989
1791385851.997,22129,10000008.4085603,249999989
1791385852.247,22130,10000008.4000003,249999990
1791385852.495,22131,10000008.3848003,249999990
1791385852.755,22132,10000008.4276004,249999989
1791385853.000,22133,10000008.3790403,249999990
1791385853.259,22134,10000008.3933603,249999990
1791385853.524,22135,10000008.3911170,250000090
1791385853.752,22136,10000008.4155204,249999989
1791385853.999,22137,10000008.3671203,249999990
1791385854.246,22138,10000008.4118803,249999989
1791385854.497,22139,10000008.4000003,249999990
1791385854.750,22140,10000008.3942403,249999990
1791385854.996,22141,10000008.3938803,249999990
1791385855.247,22142,10000008.4262404,249999989
1791385855.499,22143,10000008.3737603,249999990
1791385855.752,22144,10000008.4000003,249999990
1791385856.002,22145,10000008.3999970,250000090
1791385856.259,22146,10000008.4000003,249999990
1791385856.501,22147,10000008.3857203,249999990
1791385856.751,22148,10000008.4142804,249999989
1791385857.011,22149,10000008.4000003,249999990
1791385857.247,22150,10000008.3946803,249999990
1791385857.505,22151,10000008.3952803,249999990
1791385857.749,22152,10000008.4219204,249999989
1791385857.998,22153,10000008.3738403,249999990
1791385858.247,22154,10000008.4042403,249999989
1791385858.500,22155,10000008.3999970,250000090
1791385858.748,22156,10000008.4000003,249999990
1791385859.000,22157,10000008.3900003,249999990
1791385859.247,22158,10000008.4100003,249999989
1791385859.501,22159,10000008.3900003,249999990
1791385859.804,22160,10000008.4057603,249999989
1791385860.009,22161,10000008.3942403,249999990
1791385860.248,22162,10000008.4147203,249999989
1791385860.499,22163,10000008.3852803,249999990
1791385860.752,22164,10000008.4000003,249999990
1791385860.999,22165,10000008.3999970,250000090
1791385861.266,22166,10000008.4000003,249999990
1791385861.503,22167,10000008.4000003,249999990
1791385861.755,22168,10000008.4057603,249999989
1791385862.007,22169,10000008.3864003,249999990
1791385862.253,22170,10000008.4078403,249999989
1791385862.521,22171,10000008.3943203,249999990
1791385862.769,22172,10000008.4114403,249999989
1791385863.008,22173,10000008.3829203,249999990
1791385863.258,22174,10000008.4113203,249999989
1791385863.503,22175,10000008.3943170,250000090
1791385863.753,22176,10000008.4056803,249999989
1791385864.004,22177,10000008.4000003,249999990
1791385864.254,22178,10000008.3886803,249999990
1791385864.504,22179,10000008.4000003,249999990
1791385864.753,22180,10000008.4056003,249999989
1791385865.019,22181,10000008.3944003,249999990
1791385865.253,22182,10000008.4170804,249999989
1791385865.503,22183,10000008.3829203,249999990
1791385865.756,22184,10000008.4034803,249999989
1791385866.004,22185,10000008.3965170,250000090
1791385866.254,22186,10000008.4056003,249999989
1791385866.507,22187,10000008.3944003,249999990
1791385866.767,22188,10000008.4000003,249999990
1791385867.016,22189,10000008.3916403,249999990
1791385867.264,22190,10000008.4140003,249999989
1791385867.520,22191,10000008.3903203,249999990
1791385867.768,22192,10000008.4040403,249999989
1791385868.028,22193,10000008.3916403,249999990
1791385868.255,22194,10000008.4043203,249999989
1791385868.506,22195,10000008.3999970,250000090
1791385868.758,22196,10000008.4000003,249999990
1791385869.008,22197,10000008.4040403,249999989
1791385869.259,22198,10000008.3916403,249999990
1791385869.506,22199,10000008.4000003,249999990
1791385869.755,22200,10000008.4043203,249999989
1791385870.005,22201,10000008.3956803,249999990
1791385870.255,22202,10000008.4000003,249999990
1791385870.505,22203,10000008.4000003,249999990
1791385870.758,22204,10000008.4000003,249999990
1791385871.005,22205,10000008.3999970,250000090
1791385871.294,22206,10000008.4000003,249999990
1791385871.519,22207,10000008.4000003,249999990
1791385871.755,22208,10000008.3892403,249999990
1791385872.018,22209,10000008.4048003,249999989
1791385872.271,22210,10000008.4059603,249999989
1791385872.509,22211,10000008.3940403,249999990
1791385872.755,22212,10000008.3952003,249999990
1791385873.014,22213,10000008.4107603,249999989
1791385873.265,22214,10000008.3940403,249999990
1791385873.511,22215,10000008.3951970,250000090
1791385873.755,22216,10000008.4000003,249999990
1791385874.011,22217,10000008.4048003,249999989
1791385874.257,22218,10000008.3811203,249999990
1791385874.524,22219,10000008.4071603,249999989
1791385874.759,22220,10000008.4069203,249999989
1791385875.009,22221,10000008.3971603,249999990
1791385875.259,22222,10000008.3887203,249999990
1791385875.509,22223,10000008.4112803,249999989
1791385875.758,22224,10000008.4000003,249999990
1791385876.009,22225,10000008.3887170,250000090
1791385876.264,22226,10000008.4000003,249999990
1791385876.511,22227,10000008.4071603,249999989
1791385876.759,22228,10000008.3413203,249999991
1791385877.020,22229,10000008.4515204,249999988
1791385877.259,22230,10000008.3932803,249999990
1791385877.512,22231,10000008.4000003,249999990
1791385877.759,22232,10000008.3862403,249999990
1791385878.009,22233,10000008.4205204,249999989
1791385878.261,22234,10000008.3871203,249999990
1791385878.528,22235,10000008.3999970,250000090
1791385878.794,22236,10000008.3872403,249999990
1791385879.013,22237,10000008.4188804,249999989
1791385879.259,22238,10000008.3302403,249999991
1791385879.543,22239,10000008.4453604,249999988
1791385879.758,22240,10000008.3929203,249999990
1791385880.009,22241,10000008.4070803,249999989
1791385880.260,22242,10000008.3546403,249999991
1791385880.522,22243,10000008.3551603,249999991
1791385880.759,22244,10000008.4538404,249999988
1791385881.020,22245,10000008.3999970,250000090
1791385881.264,22246,10000008.3714803,249999990
1791385881.513,22247,10000008.4106403,249999989
1791385881.776,22248,10000008.3945603,249999990
1791385882.109,22249,10000008.4054403,249999989
1791385882.282,22250,10000008.3945603,249999990
1791385882.522,22251,10000008.3948403,249999990
1791385882.810,22252,10000008.3757203,249999990
1791385883.010,22253,10000008.3989603,249999990
1791385883.273,22254,10000008.4124403,249999989
1791385883.513,22255,10000008.3999970,250000090
1791385883.764,22256,10000008.3955203,249999990
1791385884.013,22257,10000008.3920003,249999990
1791385884.264,22258,10000008.4220004,249999989
1791385884.539,22259,10000008.2415602,249999993
1791385884.768,22260,10000008.4093603,249999989
1791385885.014,22261,10000008.5270805,249999986
1791385885.259,22262,10000008.2635602,249999993
1791385885.548,22263,10000008.3963203,249999990
1791385885.779,22264,10000008.4000003,249999990
1791385886.009,22265,10000008.5435570,250000086
1791385886.268,22266,10000008.2601202,249999993
1791385886.509,22267,10000008.3963203,249999990
1791385886.771,22268,10000008.5558005,249999986
1791385887.049,22269,10000008.2524002,249999993
1791385887.261,22270,10000008.3954403,249999990
1791385887.521,22271,10000008.3881203,249999990
1791385887.774,22272,10000008.4054803,249999989
1791385888.011,22273,10000008.4064003,249999989
1791385888.271,22274,10000008.3936003,249999990
1791385888.520,22275,10000008.3976403,249999990
1791385888.771,22276,10000008.3999970,250000090
1791385889.015,22277,10000008.4000003,249999990
1791385889.262,22278,10000008.5532005,249999986
1791385889.533,22279,10000008.2437202,249999993
1791385889.761,22280,10000008.4054803,249999989
1791385890.013,22281,10000008.3906803,249999990
1791385890.262,22282,10000008.4038403,249999989
1791385890.512,22283,10000008.4054803,249999989
1791385890.762,22284,10000008.3976403,249999990
1791385891.014,22285,10000008.3968803,249999990
1791385891.262,22286,10000008.3961570,250000090
1791385891.512,22287,10000008.4069203,249999989
1791385891.765,22288,10000008.3725203,249999990
1791385892.012,22289,10000008.4243604,249999989
1791385892.277,22290,10000008.4054803,249999989
1791385892.527,22291,10000008.3945203,249999990
1791385892.773,22292,10000008.4000003,249999990
1791385893.015,22293,10000008.4054803,249999989
1791385893.274,22294,10000008.3945203,249999990
1791385893.515,22295,10000008.3961603,249999990
1791385894.978,22296,10000008.3918770,250000090
1791385894.979,22297,10000008.4081203,249999989
1791385894.979,22298,10000008.3499203,249999991
1791385895.091,22299,10000008.4458804,249999988
1791385895.091,22300,10000008.4000003,249999990
1791385895.267,22302,10000008.3960803,249999990
1791385895.520,22303,10000008.4174004,249999989
1791385895.766,22304,10000008.3865203,249999990
1791385896.035,22305,10000008.4000003,249999990
1791385896.271,22306,10000008.3919970,250000090
1791385896.547,22307,10000008.4080003,249999989
1791385896.770,22308,10000008.3541203,249999991
1791385897.028,22309,10000008.4379204,249999989
1791385897.266,22310,10000008.4000003,249999990
1791385897.516,22311,10000008.3966403,249999990
1791385897.771,22312,10000008.3864403,249999990
1791385898.016,22313,10000008.4329204,249999989
1791385898.350,22314,10000008.3756403,249999990
1791385898.554,22315,10000008.3914403,249999990
1791385898.770,22316,10000008.4085570,250000089
1791385899.026,22317,10000008.4083603,249999989
1791385899.272,22318,10000008.3563203,249999991
1791385899.519,22319,10000008.4267604,249999989
1791385899.766,22320,10000008.3933603,249999990
1791385900.018,22321,10000008.4152003,249999989
1791385900.270,22322,10000008.3646803,249999990
1791385900.516,22323,10000008.4516804,249999988
1791385900.767,22324,10000008.3684403,249999990
1791385901.018,22325,10000008.4000003,249999990
1791385901.267,22326,10000008.3911170,250000090
1791385901.524,22327,10000008.4088803,249999989
1791385901.768,22328,10000008.3798803,249999990
1791385902.019,22329,10000008.4112403,249999989
1791385902.275,22330,10000008.3945203,249999990
1791385902.521,22331,10000008.4000003,249999990
1791385902.772,22332,10000008.3942403,249999990
1791385903.022,22333,10000008.4353204,249999989
1791385903.267,22334,10000008.3646803,249999990
1791385903.521,22335,10000008.4057603,249999989
1791385903.768,22336,10000008.3942370,250000090
1791385904.018,22337,10000008.4112403,249999989
1791385904.278,22338,10000008.3773603,249999990
1791385904.520,22339,10000008.4053203,249999989
1791385904.768,22340,10000008.3899603,249999990
1791385905.020,22341,10000008.4100403,249999989
1791385905.278,22342,10000008.3899603,249999990
1791385905.520,22343,10000008.4274004,249999989
1791385905.770,22344,10000008.3726003,249999990
1791385906.019,22345,10000008.4047203,249999989
1791385906.276,22346,10000008.3952770,250000090
1791385906.555,22347,10000008.4047203,249999989
1791385906.771,22348,10000008.3910403,249999990
1791385907.027,22349,10000008.4042403,249999989
1791385907.282,22350,10000008.3900003,249999990
1791385907.546,22351,10000008.4057603,249999989
1791385907.776,22352,10000008.4000003,249999990
1791385908.024,22353,10000008.4042403,249999989
1791385908.274,22354,10000008.3843203,249999990
1791385908.536,22355,10000008.4056803,249999989
1791385908.825,22356,10000008.3943170,250000090
1791385909.022,22357,10000008.4056803,249999989
1791385909.283,22358,10000008.3943203,249999990
1791385909.524,22359,10000008.4056803,249999989
1791385909.772,22360,10000008.3943203,249999990
1791385910.022,22361,10000008.4000003,249999990
1791385910.271,22362,10000008.3944003,249999990
1791385910.522,22363,10000008.4113203,249999989
1791385910.777,22364,10000008.3886803,249999990
1791385911.022,22365,10000008.4000003,249999990
1791385911.274,22366,10000008.3999970,250000090
1791385911.522,22367,10000008.4000003,249999990
1791385911.772,22368,10000008.4000003,249999990
1791385912.023,22369,10000008.3916403,249999990
1791385912.282,22370,10000008.4000003,249999990
1791385912.521,22371,10000008.4000003,249999990
1791385912.772,22372,10000008.4000003,249999990
1791385913.022,22373,10000008.4000003,249999990
1791385913.273,22374,10000008.4000003,249999990
1791385913.522,22375,10000008.4000003,249999990
1791385913.785,22376,10000008.3940370,250000090
1791385914.022,22377,10000008.4000003,249999990
1791385914.294,22378,10000008.4059603,249999989
1791385914.535,22379,10000008.3795603,249999990
1791385915.042,22380,10000008.4110403,249999989
1791385915.137,22381,10000008.3917603,249999990
1791385915.279,22382,10000008.4041203,249999989
1791385915.524,22383,10000008.3887203,249999990
1791385915.775,22384,10000008.4112803,249999989
1791385916.024,22385,10000008.3958803,249999990
1791385916.278,22386,10000008.3971970,250000090
1791385916.527,22387,10000008.3956003,249999990
1791385916.744,22388,10000008.4071603,249999989
1791385916.979,22389,10000008.3413203,249999991
1791385917.226,22390,10000008.4515204,249999988
1791385917.477,22391,10000008.3932803,249999990
1791385917.749,22392,10000008.4067203,249999989
1791385917.976,22393,10000008.3743603,249999990
1791385918.238,22394,10000008.4256404,249999989
1791385918.490,22395,10000008.3837603,249999990
1791385918.743,22396,10000008.3957570,250000090
1791385919.028,22397,10000008.3893603,249999990
1791385919.227,22398,10000008.4129203,249999989
1791385919.485,22399,10000008.3416803,249999991
1791385919.733,22400,10000008.4415604,249999988
1791385920.057,22401,10000008.3834403,249999990
1791385920.228,22402,10000008.4203604,249999989
1791385920.490,22403,10000008.3496003,249999991
1791385920.731,22404,10000008.3602003,249999990
1791385920.981,22405,10000008.4359604,249999989
1791385921.228,22406,10000008.4038370,250000089
1791385921.478,22407,10000008.3961603,249999990
1791385921.740,22408,10000008.4277604,249999989
1791385921.977,22409,10000008.3722403,249999990
1791385922.238,22410,10000008.4000003,249999990
1791385922.481,22411,10000008.3893603,249999990
1791385922.767,22412,10000008.4194804,249999989
1791385922.978,22413,10000008.3676403,249999990
1791385923.227,22414,10000008.3875603,249999990
1791385923.477,22415,10000008.4253604,249999989
1791385923.728,22416,10000008.3999970,250000090
1791385923.988,22417,10000008.3903203,249999990
1791385924.248,22418,10000008.4032803,249999989
1791385924.477,22419,10000008.4063603,249999989
1791385924.732,22420,10000008.3903203,249999990
1791385924.977,22421,10000008.4000003,249999990
1791385925.227,22422,10000008.4291604,249999989
1791385925.478,22423,10000008.3586003,249999991
1791385925.728,22424,10000008.2601202,249999993
1791385925.979,22425,10000008.5444405,249999986
1791385926.227,22426,10000008.4076770,250000089
1791385926.501,22427,10000008.3967603,249999990
1791385926.767,22428,10000008.4000003,249999990
1791385926.979,22429,10000008.4095603,249999989
1791385927.244,22430,10000008.3936803,249999990
1791385927.479,22431,10000008.3877603,249999990
1791385927.733,22432,10000008.4155204,249999989
1791385927.980,22433,10000008.3844803,249999990
1791385928.232,22434,10000008.3965603,249999990
1791385928.480,22435,10000008.4080003,249999989
1791385928.750,22436,10000008.4076770,250000089
1791385929.022,22437,10000008.3877603,249999990
1791385929.229,22438,10000008.4122403,249999989
1791385929.479,22439,10000008.4148404,249999989
1791385929.730,22440,10000008.3884403,249999990
1791385930.040,22441,10000008.3934803,249999990
1791385930.229,22442,10000008.4095603,249999989
1791385930.488,22443,10000008.3904403,249999990
1791385930.730,22444,10000008.3875603,249999990
1791385930.980,22445,10000008.4253604,249999989
1791385931.230,22446,10000008.4106370,250000089
1791385931.492,22447,10000008.3893603,249999990
1791385931.731,22448,10000008.4051603,249999989
1791385931.980,22449,10000008.4000003,249999990
1791385932.229,22450,10000008.3851603,249999990
1791385932.480,22451,10000008.4032803,249999989
1791385932.764,22452,10000008.4115603,249999989
1791385933.016,22453,10000008.3948403,249999990
1791385933.230,22454,10000008.3746403,249999990
1791385933.493,22455,10000008.4305204,249999989
1791385933.736,22456,10000008.4143170,250000089
1791385933.981,22457,10000008.3856803,249999990
1791385934.230,22458,10000008.4143203,249999989
1791385934.488,22459,10000008.3911203,249999990
1791385934.732,22460,10000008.4038403,249999989
1791385934.981,22461,10000008.4050403,249999989
1791385935.234,22462,10000008.4508804,249999988
1791385935.481,22463,10000008.3296403,249999991
1791385935.731,22464,10000008.3746403,249999990
1791385935.984,22465,10000008.4253604,249999989
1791385936.231,22466,10000008.4543570,250000088
1791385936.481,22467,10000008.3562803,249999991
1791385936.735,22468,10000008.4391604,249999989
1791385936.980,22469,10000008.3608403,249999990
1791385937.230,22470,10000008.4230404,249999989
1791385937.548,22471,10000008.3769603,249999990
1791385937.755,22472,10000008.4338804,249999989
1791385937.986,22473,10000008.3606803,249999990
1791385938.231,22474,10000008.3694803,249999990
1791385938.485,22475,10000008.4448404,249999988
1791385938.741,22476,10000008.4090370,250000089
1791385938.981,22477,10000008.3766803,249999990
1791385939.246,22478,10000008.4368404,249999989
1791385939.490,22479,10000008.3686003,249999990
1791385939.732,22480,10000008.4143203,249999989
1791385939.982,22481,10000008.3802403,249999990
1791385940.237,22482,10000008.4197604,249999989
1791385940.488,22483,10000008.3802403,249999990
1791385940.738,22484,10000008.3694803,249999990
1791385940.981,22485,10000008.4448404,249999988
1791385941.231,22486,10000008.3911170,250000090
1791385941.490,22487,10000008.3860403,249999990
1791385941.734,22488,10000008.4178004,249999989
1791385941.982,22489,10000008.3907203,249999990
1791385942.239,22490,10000008.4000003,249999990
1791385942.486,22491,10000008.3902003,249999990
1791385942.750,22492,10000008.4152404,249999989
1791385942.985,22493,10000008.3764803,249999990
1791385943.236,22494,10000008.3875603,249999990
1791385943.485,22495,10000008.4156804,249999989
1791385943.752,22496,10000008.4096770,250000089
1791385943.986,22497,10000008.3826403,249999990
1791385944.233,22498,10000008.3920003,249999990
1791385944.483,22499,10000008.4253604,249999989
1791385944.735,22500,10000008.3781203,249999990
1791385944.990,22501,10000008.2694402,249999993
1791385945.233,22502,10000008.5270805,249999986
1791385945.486,22503,10000008.2784002,249999993
1791385945.756,22504,10000008.3814803,249999990
1791385945.985,22505,10000008.4082403,249999989
1791385946.236,22506,10000008.3954403,249999990
1791385946.486,22507,10000008.3999970,250000090
1791385946.756,22508,10000008.3936003,249999990
1791385946.984,22509,10000008.5585205,249999986
1791385947.234,22510,10000008.2442002,249999993
1791385947.511,22511,10000008.4082403,249999989
1791385947.771,22512,10000008.3836003,249999990
1791385947.986,22513,10000008.4054803,249999989
1791385948.233,22514,10000008.4064003,249999989
1791385948.487,22515,10000008.3881203,249999990
1791385948.734,22516,10000008.4000003,249999990
1791385948.984,22517,10000008.3919970,250000090
1791385949.233,22518,10000008.4080003,249999989
1791385949.493,22519,10000008.3515603,249999991
1791385949.743,22520,10000008.4404404,249999988
1791385949.983,22521,10000008.4041603,249999989
1791385950.235,22522,10000008.4038403,249999989
1791385950.484,22523,10000008.4000003,249999990
1791385950.734,22524,10000008.4031203,249999989
1791385950.987,22525,10000008.3809203,249999990
1791385951.233,22526,10000008.4080003,249999989
1791385951.484,22527,10000008.3919970,250000090
1791385951.744,22528,10000008.4080003,249999989
1791385951.988,22529,10000008.3483203,249999991
1791385952.253,22530,10000008.4353204,249999989
1791385952.483,22531,10000008.3848003,249999990
1791385952.771,22532,10000008.4000003,249999990
1791385952.989,22533,10000008.3951603,249999990
1791385953.233,22534,10000008.4364004,249999989
1791385953.485,22535,10000008.3595603,249999991
1791385953.735,22536,10000008.4155204,249999989
1791385953.987,22537,10000008.3885170,250000090
1791385954.393,22538,10000008.4048403,249999989
1791385954.526,22539,10000008.3684403,249999990
1791385954.743,22540,10000008.4266804,249999989
1791385954.984,22541,10000008.3959603,249999990
1791385955.239,22542,10000008.4000003,249999990
1791385955.504,22543,10000008.3773603,249999990
1791385955.741,22544,10000008.4315604,249999989
1791385955.986,22545,10000008.3684403,249999990
1791385956.242,22546,10000008.4000003,249999990
1791385956.757,22547,10000008.3952770,250000090
1791385956.810,22548,10000008.4047203,249999989
1791385957.003,22549,10000008.3910403,249999990
1791385957.245,22550,10000008.4042403,249999989
1791385957.495,22551,10000008.3957603,249999990
1791385957.735,22552,10000008.4000003,249999990
1791385957.993,22553,10000008.3942403,249999990
1791385958.234,22554,10000008.4057603,249999989
1791385958.485,22555,10000008.3885603,249999990
1791385958.735,22556,10000008.4056803,249999989
1791385958.985,22557,10000008.3943170,250000090
1791385959.235,22558,10000008.4000003,249999990
1791385959.486,22559,10000008.3944003,249999990
1791385959.851,22560,10000008.4000003,249999990
1791385959.986,22561,10000008.3959603,249999990
1791385960.235,22562,10000008.4000003,249999990
1791385960.486,22563,10000008.3897203,249999990
1791385960.736,22564,10000008.4000003,249999990
1791385960.986,22565,10000008.4000003,249999990
1791385961.243,22566,10000008.4059603,249999989
1791385961.493,22567,10000008.3940370,250000090
1791385961.738,22568,10000008.3924003,249999990
1791385961.989,22569,10000008.4000003,249999990
1791385962.235,22570,10000008.3630803,249999990
1791385962.485,22571,10000008.4256404,249999989
1791385962.739,22572,10000008.3932803,249999990
1791385962.987,22573,10000008.4000003,249999990
1791385963.236,22574,10000008.3862403,249999990
1791385963.490,22575,10000008.2991602,249999992
1791385963.762,22576,10000008.4957204,249999987
1791385963.986,22577,10000008.3999970,250000090
1791385964.239,22578,10000008.3581603,249999991
1791385964.496,22579,10000008.3909603,249999990
1791385964.746,22580,10000008.3911203,249999990
1791385964.986,22581,10000008.3860403,249999990
1791385965.252,22582,10000008.3904403,249999990
1791385965.486,22583,10000008.4032403,249999989
1791385965.739,22584,10000008.3877603,249999990
1791385965.992,22585,10000008.2564402,249999993
1791385966.240,22586,10000008.4082403,249999989
1791385966.486,22587,10000008.4000003,249999990
1791385966.741,22588,10000008.3917570,250000090
1791385966.993,22589,10000008.3949203,249999990
1791385967.247,22590,10000008.5532005,249999986
1791385967.513,22591,10000008.2437202,249999993
1791385967.742,22592,10000008.4000003,249999990
1791385968.031,22593,10000008.3961603,249999990
1791385968.282,22594,10000008.3958403,249999990
1791385968.492,22595,10000008.4111203,249999989
1791385968.748,22596,10000008.3930803,249999990
1791385968.993,22597,10000008.3878403,249999990
1791385969.243,22598,10000008.3999970,250000090
1791385969.508,22599,10000008.4080003,249999989
1791385969.740,22600,10000008.3483203,249999991
1791385970.040,22601,10000008.4267604,249999989
1791385970.240,22602,10000008.4085603,249999989
1791385970.495,22603,10000008.3951603,249999990
1791385970.747,22604,10000008.3807603,249999990
1791385971.000,22605,10000008.4364804,249999989
1791385971.255,22606,10000008.3875603,249999990
1791385971.494,22607,10000008.3914403,249999990
1791385971.760,22608,10000008.3732370,250000090
1791385971.997,22609,10000008.4000003,249999990
1791385972.243,22610,10000008.3885603,249999990
1791385972.492,22611,10000008.4114403,249999989
1791385972.742,22612,10000008.3885603,249999990
1791385972.991,22613,10000008.4000003,249999990
1791385973.260,22614,10000008.3852803,249999990
1791385973.529,22615,10000008.4147203,249999989
1791385973.742,22616,10000008.3910403,249999990
1791385973.994,22617,10000008.4042403,249999989
1791385974.245,22618,10000008.3899970,250000090
1791385974.495,22619,10000008.4000003,249999990
1791385974.742,22620,10000008.4000003,249999990
1791385974.994,22621,10000008.3943203,249999990
1791385975.242,22622,10000008.3978403,249999990
1791385975.501,22623,10000008.4021603,249999989
1791385975.749,22624,10000008.3944003,249999990
1791385975.993,22625,10000008.3916403,249999990
1791385976.252,22626,10000008.4043203,249999989
1791385976.514,22627,10000008.4000003,249999990
1791385976.765,22628,10000008.3956770,250000090
1791385977.039,22629,10000008.4000003,249999990
1791385977.253,22630,10000008.4000003,249999990
1791385977.551,22631,10000008.3940403,249999990
1791385977.752,22632,10000008.4000003,249999990
1791385977.997,22633,10000008.3965203,249999990
1791385978.245,22634,10000008.3958403,249999990
1791385978.496,22635,10000008.3958803,249999990
1791385978.750,22636,10000008.4041203,249999989
1791385979.011,22637,10000008.4000003,249999990
1791385979.259,22638,10000008.3918370,250000090
1791385979.509,22639,10000008.3901203,249999990
1791385979.760,22640,10000008.4139203,249999989
1791385980.009,22641,10000008.3616803,249999990
1791385980.257,22642,10000008.4244004,249999989
1791385980.502,22643,10000008.3938803,249999990
1791385980.757,22644,10000008.4061203,249999989
1791385980.998,22645,10000008.3811203,249999990
1791385981.258,22646,10000008.4256404,249999989
1791385981.501,22647,10000008.3688403,249999990
1791385981.748,22648,10000008.3999970,250000090
1791385982.019,22649,10000008.3688003,249999990
1791385982.248,22650,10000008.4367204,249999989
1791385982.498,22651,10000008.3402403,249999991
1791385982.752,22652,10000008.4178804,249999989
1791385982.999,22653,10000008.3821203,249999990
1791385983.301,22654,10000008.4178804,249999989
1791385983.505,22655,10000008.3618003,249999990
1791385983.761,22656,10000008.3843203,249999990
1791385984.009,22657,10000008.4156804,249999989
1791385984.247,22658,10000008.4050370,250000089
1791385984.502,22659,10000008.3872403,249999990
1791385984.751,22660,10000008.3920003,249999990
1791385984.997,22661,10000008.4305204,249999989
1791385985.252,22662,10000008.3774803,249999990
1791385985.497,22663,10000008.4000003,249999990
1791385985.747,22664,10000008.3920003,249999990
1791385985.997,22665,10000008.3712803,249999990
1791385986.248,22666,10000008.2885602,249999992
1791385986.497,22667,10000008.5412005,249999986
1791385986.755,22668,10000008.2718402,249999993
1791385986.998,22669,10000008.3906370,250000090
1791385987.248,22670,10000008.3963203,249999990
1791385987.498,22671,10000008.5608805,249999985
1791385987.748,22672,10000008.2364402,249999994
1791385988.001,22673,10000008.4000003,249999990
1791385988.251,22674,10000008.4064003,249999989
1791385988.499,22675,10000008.5398805,249999986
1791385988.748,22676,10000008.2601202,249999993
1791385988.998,22677,10000008.4045603,249999989
1791385989.258,22678,10000008.3917603,249999990
1791385989.502,22679,10000008.4036770,250000089
1791385989.752,22680,10000008.4000003,249999990
1791385990.010,22681,10000008.5554005,249999986
1791385990.250,22682,10000008.2247202,249999994
1791385990.503,22683,10000008.4134803,249999989
1791385990.758,22684,10000008.4027203,249999989
1791385991.012,22685,10000008.4082403,249999989
1791385991.261,22686,10000008.3917603,249999990
1791385991.508,22687,10000008.3918403,249999990
1791385991.753,22688,10000008.4054803,249999989
1791385992.006,22689,10000008.3976370,250000090
1791385992.252,22690,10000008.3968803,249999990
1791385992.499,22691,10000008.5562805,249999986
1791385992.755,22692,10000008.2491602,249999993
1791385993.001,22693,10000008.3976403,249999990
1791385993.250,22694,10000008.4000003,249999990
1791385993.504,22695,10000008.4087603,249999989
1791385993.755,22696,10000008.3936003,249999990
1791385994.008,22697,10000008.3945203,249999990
1791385994.256,22698,10000008.4031203,249999989
1791385994.506,22699,10000008.3999970,250000090
1791385994.759,22700,10000008.3930803,249999990
1791385995.002,22701,10000008.3709203,249999990
1791385995.254,22702,10000008.4290804,249999989
1791385995.507,22703,10000008.4069203,249999989
1791385995.752,22704,10000008.3930803,249999990
1791385996.003,22705,10000008.3878403,249999990
1791385996.253,22706,10000008.4241604,249999989
1791385996.504,22707,10000008.3838003,249999990
1791385996.776,22708,10000008.4000003,249999990
1791385997.002,22709,10000008.3886370,250000090
1791385997.262,22710,10000008.4113603,249999989
1791385997.506,22711,10000008.3636003,249999990
1791385997.769,22712,10000008.4284004,249999989
1791385998.005,22713,10000008.4040403,249999989
1791385998.252,22714,10000008.3959603,249999990
1791385998.506,22715,10000008.3916403,249999990
1791385998.758,22716,10000008.4163604,249999989
1791385999.018,22717,10000008.3960803,249999990
1791385999.256,22718,10000008.3875603,249999990
1791385999.506,22719,10000008.3999970,250000090
1791385999.757,22720,10000008.4000003,249999990
1791386000.009,22721,10000008.3586003,249999991
1791386000.270,22722,10000008.4328804,249999989
1791386000.510,22723,10000008.3933603,249999990
1791386000.757,22724,10000008.4000003,249999990
1791386001.009,22725,10000008.3856403,249999990
1791386001.257,22726,10000008.4295604,249999989
1791386001.541,22727,10000008.3646803,249999990
1791386001.770,22728,10000008.4112403,249999989
1791386002.028,22729,10000008.3826770,250000090
1791386002.257,22730,10000008.4061203,249999989
1791386002.513,22731,10000008.3838403,249999990
1791386002.762,22732,10000008.4047203,249999989
1791386003.007,22733,10000008.3952803,249999990
1791386003.263,22734,10000008.4000003,249999990
1791386003.509,22735,10000008.3957603,249999990
1791386003.758,22736,10000008.4204004,249999989
1791386004.007,22737,10000008.3738403,249999990
1791386004.257,22738,10000008.4057603,249999989
1791386004.507,22739,10000008.3942370,250000090
1791386004.761,22740,10000008.4000003,249999990
1791386005.007,22741,10000008.4000003,249999990
1791386005.260,22742,10000008.3943203,249999990
1791386005.509,22743,10000008.3944003,249999990
1791386005.758,22744,10000008.4000003,249999990
1791386006.008,22745,10000008.3959603,249999990
1791386006.260,22746,10000008.3956803,249999990
1791386006.535,22747,10000008.4000003,249999990
1791386006.769,22748,10000008.4000003,249999990
1791386007.009,22749,10000008.3999970,250000090
1791386007.263,22750,10000008.3940403,249999990
1791386007.514,22751,10000008.4000003,249999990
1791386007.769,22752,10000008.3811203,249999990
1791386008.017,22753,10000008.4071603,249999989
1791386008.268,22754,10000008.3928403,249999990
1791386008.541,22755,10000008.4000003,249999990
1791386008.814,22756,10000008.3794803,249999990
1791386009.014,22757,10000008.2991602,249999992
1791386009.264,22758,10000008.5084804,249999987
1791386009.520,22759,10000008.3872370,250000090
1791386009.765,22760,10000008.3491203,249999991
1791386010.037,22761,10000008.4054403,249999989
1791386010.273,22762,10000008.3856803,249999990
1791386010.517,22763,10000008.3893603,249999990
1791386010.769,22764,10000008.3903203,249999990
1791386011.036,22765,10000008.3843203,249999990
1791386011.276,22766,10000008.2635602,249999993
1791386011.516,22767,10000008.3963203,249999990
1791386011.769,22768,10000008.3972803,249999990
1791386012.017,22769,10000008.3945203,249999990
1791386012.276,22770,10000008.3961570,250000090
1791386012.519,22771,10000008.4000003,249999990
1791386012.766,22772,10000008.3844803,249999990
1791386013.024,22773,10000008.4113603,249999989
1791386013.271,22774,10000008.4000003,249999990
1791386013.516,22775,10000008.3960803,249999990
1791386013.771,22776,10000008.3635203,249999990
1791386014.017,22777,10000008.4404404,249999988
1791386014.271,22778,10000008.3836403,249999990
1791386014.521,22779,10000008.3951603,249999990
1791386014.779,22780,10000008.3807570,250000090
1791386015.035,22781,10000008.4088803,249999989
1791386015.267,22782,10000008.3684403,249999990
1791386015.519,22783,10000008.4114403,249999989
1791386015.770,22784,10000008.4000003,249999990
1791386016.019,22785,10000008.4000003,249999990
1791386016.268,22786,10000008.3796003,249999990
1791386016.528,22787,10000008.4261604,249999989
1791386016.722,22788,10000008.3738403,249999990
1791386016.977,22789,10000008.4000003,249999990
1791386017.219,22790,10000008.3942370,250000090
1791386017.478,22791,10000008.4000003,249999990
1791386017.723,22792,10000008.4000003,249999990
1791386017.982,22793,10000008.3943203,249999990
1791386018.223,22794,10000008.3903203,249999990
1791386018.470,22795,10000008.4040403,249999989
1791386018.723,22796,10000008.3916403,249999990
1791386019.023,22797,10000008.3940403,249999990
1791386019.271,22798,10000008.4000003,249999990
1791386019.534,22799,10000008.4000003,249999990
1791386019.783,22800,10000008.3999970,250000090
1791386020.042,22801,10000008.3952003,249999990
1791386020.283,22802,10000008.3971603,249999990
1791386020.520,22803,10000008.3682003,249999990
1791386020.772,22804,10000008.4137603,249999989
1791386021.031,22805,10000008.4000003,249999990
1791386021.273,22806,10000008.3938803,249999990
1791386021.527,22807,10000008.3779203,249999990
1791386021.776,22808,10000008.3136003,249999992
1791386022.020,22809,10000008.4538404,249999988
1791386022.290,22810,10000008.3909570,250000090
1791386022.521,22811,10000008.3805203,249999990
1791386022.777,22812,10000008.4106403,249999989
1791386023.034,22813,10000008.3945603,249999990
1791386023.279,22814,10000008.3819203,249999990
1791386023.522,22815,10000008.3910003,249999990
1791386023.785,22816,10000008.2601202,249999993
1791386024.020,22817,10000008.4093603,249999989
1791386024.272,22818,10000008.3906403,249999990
1791386024.520,22819,10000008.4000003,249999990
1791386024.771,22820,10000008.3912403,249999990
1791386025.020,22821,10000008.4087570,250000089
1791386025.277,22822,10000008.3912403,249999990
1791386025.522,22823,10000008.3640003,249999990
1791386025.794,22824,10000008.4249204,249999989
1791386025.975,22825,10000008.4080003,249999989
1791386026.222,22826,10000008.3920003,249999990
1791386026.472,22827,10000008.3920003,249999990
1791386026.775,22828,10000008.4214404,249999989
1791386026.985,22829,10000008.3785603,249999990
1791386027.225,22830,10000008.4000003,249999990
1791386027.476,22831,10000008.3916370,250000090
1791386027.730,22832,10000008.4163604,249999989
1791386027.989,22833,10000008.3541203,249999991
1791386028.225,22834,10000008.4143603,249999989
1791386028.476,22835,10000008.4152003,249999989
1791386028.744,22836,10000008.4000003,249999990
1791386028.983,22837,10000008.3704403,249999990
1791386029.284,22838,10000008.4458804,249999988
1791386029.524,22839,10000008.3541203,249999991
1791386029.777,22840,10000008.4143603,249999989
1791386030.025,22841,10000008.3911170,250000090
1791386030.283,22842,10000008.3945203,249999990
1791386030.526,22843,10000008.3828003,249999990
1791386030.814,22844,10000008.4172004,249999989
1791386031.024,22845,10000008.3881203,249999990
1791386031.274,22846,10000008.4061203,249999989
1791386031.528,22847,10000008.3838403,249999990
1791386031.774,22848,10000008.4362804,249999989
1791386032.025,22849,10000008.3637203,249999990
1791386032.278,22850,10000008.4047203,249999989
1791386032.524,22851,10000008.3999970,250000090
1791386032.774,22852,10000008.4000003,249999990
1791386033.027,22853,10000008.3910403,249999990
1791386033.277,22854,10000008.4042403,249999989
1791386033.538,22855,10000008.3900003,249999990
1791386033.788,22856,10000008.4057603,249999989
1791386033.979,22857,10000008.3942403,249999990
1791386034.231,22858,10000008.4147203,249999989
1791386034.479,22859,10000008.3852803,249999990
1791386034.729,22860,10000008.4000003,249999990
1791386034.984,22861,10000008.3999970,250000090
1791386035.229,22862,10000008.4000003,249999990
1791386035.483,22863,10000008.4000003,249999990
1791386035.734,22864,10000008.4000003,249999990
1791386035.982,22865,10000008.3943203,249999990
1791386036.229,22866,10000008.4000003,249999990
1791386036.479,22867,10000008.4016403,249999989
1791386036.733,22868,10000008.4040403,249999989
1791386036.979,22869,10000008.3886803,249999990
1791386037.233,22870,10000008.4113203,249999989
1791386037.479,22871,10000008.3886770,250000090
1791386037.734,22872,10000008.4000003,249999990
1791386037.983,22873,10000008.4000003,249999990
1791386038.232,22874,10000008.4000003,249999990
1791386038.479,22875,10000008.4000003,249999990
1791386038.735,22876,10000008.4000003,249999990
1791386038.980,22877,10000008.4000003,249999990
1791386039.231,22878,10000008.4000003,249999990
1791386039.480,22879,10000008.3959603,249999990
1791386039.734,22880,10000008.4040403,249999989
1791386039.983,22881,10000008.3999970,250000090
1791386040.232,22882,10000008.4000003,249999990
1791386040.480,22883,10000008.4000003,249999990
1791386040.730,22884,10000008.4000003,249999990
1791386040.983,22885,10000008.3959603,249999990
1791386041.230,22886,10000008.4040403,249999989
1791386041.488,22887,10000008.4000003,249999990
1791386041.749,22888,10000008.3959603,249999990
1791386041.986,22889,10000008.3956803,249999990
1791386042.234,22890,10000008.4083603,249999989
1791386042.485,22891,10000008.3916370,250000090
1791386042.736,22892,10000008.4083603,249999989
1791386042.986,22893,10000008.4000003,249999990
1791386043.233,22894,10000008.3959603,249999990
1791386043.489,22895,10000008.4000003,249999990
1791386043.733,22896,10000008.4040403,249999989
1791386044.016,22897,10000008.3959603,249999990
1791386044.240,22898,10000008.3956803,249999990
1791386044.500,22899,10000008.4043203,249999989
1791386044.741,22900,10000008.4040403,249999989
1791386044.988,22901,10000008.3959570,250000090
1791386045.240,22902,10000008.4000003,249999990
1791386045.486,22903,10000008.4040403,249999989
1791386045.734,22904,10000008.3916403,249999990
1791386045.981,22905,10000008.4000003,249999990
1791386046.231,22906,10000008.4043203,249999989
1791386046.481,22907,10000008.3956803,249999990
1791386046.733,22908,10000008.4000003,249999990
1791386046.984,22909,10000008.4000003,249999990
1791386047.231,22910,10000008.3940403,249999990
1791386047.481,22911,10000008.3999970,250000090
1791386047.758,22912,10000008.4000003,249999990
1791386047.981,22913,10000008.4059603,249999989
1791386048.231,22914,10000008.3864403,249999990
1791386048.481,22915,10000008.4076003,249999989
1791386048.735,22916,10000008.4000003,249999990
1791386048.984,22917,10000008.3965203,249999990
1791386049.234,22918,10000008.3958403,249999990
1791386049.482,22919,10000008.4028403,249999989
1791386049.736,22920,10000008.4048003,249999989
1791386049.987,22921,10000008.3882770,250000090
1791386050.234,22922,10000008.4000003,249999990
1791386050.498,22923,10000008.4041203,249999989
1791386050.733,22924,10000008.3504803,249999991
1791386050.983,22925,10000008.4382404,249999989
1791386051.233,22926,10000008.4000003,249999990
1791386051.483,22927,10000008.4000003,249999990
1791386051.734,22928,10000008.3794803,249999990
1791386051.983,22929,10000008.4137603,249999989
1791386052.237,22930,10000008.3904803,249999990
1791386052.485,22931,10000008.3906370,250000090
1791386052.734,22932,10000008.3874003,249999990
1791386052.992,22933,10000008.4126003,249999989
1791386053.234,22934,10000008.3440803,249999991
1791386053.494,22935,10000008.4300404,249999989
1791386053.734,22936,10000008.3661203,249999990
1791386053.985,22937,10000008.4143203,249999989
1791386054.234,22938,10000008.3622003,249999990
1791386054.484,22939,10000008.3875603,249999990
1791386054.734,22940,10000008.4124403,249999989
1791386054.984,22941,10000008.4032370,250000089
1791386055.234,22942,10000008.2414802,249999993
1791386055.484,22943,10000008.4000003,249999990
1791386055.734,22944,10000008.5682005,249999985
1791386055.985,22945,10000008.2382002,249999994
1791386056.234,22946,10000008.3936003,249999990
1791386056.489,22947,10000008.3945203,249999990
1791386056.734,22948,10000008.4081603,249999989
1791386056.984,22949,10000008.4000003,249999990
1791386057.235,22950,10000008.3972803,249999990
1791386057.487,22951,10000008.3945203,249999990
1791386057.738,22952,10000008.3961570,250000090
1791386057.986,22953,10000008.4038403,249999989
1791386058.235,22954,10000008.3708003,249999990
1791386058.484,22955,10000008.4212004,249999989
1791386058.739,22956,10000008.4000003,249999990
1791386058.987,22957,10000008.3960803,249999990
1791386059.235,22958,10000008.4039203,249999989
1791386059.485,22959,10000008.4080003,249999989
1791386059.787,22960,10000008.3840003,249999990
1791386060.131,22961,10000008.4000003,249999990
1791386060.239,22962,10000008.3999970,250000090
1791386061.520,22963,10000008.4040403,249999989
1791386061.520,22964,10000008.3522803,249999991
1791386061.520,22965,10000008.4267604,249999989
1791386061.574,22966,10000008.4000003,249999990
1791386061.574,22967,10000008.3933603,249999990
1791386061.737,22968,10000008.3798803,249999990
1791386061.991,22969,10000008.4436804,249999988
1791386062.242,22970,10000008.3675603,249999990
1791386062.496,22971,10000008.3887603,249999990
1791386062.740,22972,10000008.4057570,250000089
1791386062.988,22973,10000008.4054803,249999989
1791386063.238,22974,10000008.3726003,249999990
1791386063.490,22975,10000008.4161604,249999989
1791386063.751,22976,10000008.3885603,249999990
1791386063.995,22977,10000008.4000003,249999990
1791386064.238,22978,10000008.3952803,249999990
1791386064.490,22979,10000008.4100403,249999989
1791386064.744,22980,10000008.3857203,249999990
1791386064.992,22981,10000008.4042403,249999989
1791386065.238,22982,10000008.3899970,250000090
1791386065.488,22983,10000008.4100003,249999989
1791386065.738,22984,10000008.3900003,249999990
1791386065.987,22985,10000008.4000003,249999990
1791386066.238,22986,10000008.4000003,249999990
1791386066.489,22987,10000008.4000003,249999990
1791386066.740,22988,10000008.3886803,249999990
1791386067.017,22989,10000008.4113203,249999989
1791386067.245,22990,10000008.3886803,249999990
1791386067.507,22991,10000008.4000003,249999990
1791386067.739,22992,10000008.3999970,250000090
1791386067.990,22993,10000008.4000003,249999990
1791386068.250,22994,10000008.4000003,249999990
1791386068.491,22995,10000008.3916403,249999990
1791386068.749,22996,10000008.4000003,249999990
1791386068.993,22997,10000008.4043203,249999989
1791386069.245,22998,10000008.3956803,249999990
1791386069.490,22999,10000008.3940403,249999990
1791386069.741,23000,10000008.4000003,249999990
1791386069.998,23001,10000008.4000003,249999990
1791386070.251,23002,10000008.3999970,250000090
1791386070.501,23003,10000008.3924003,249999990
1791386070.755,23004,10000008.4028403,249999989
1791386070.990,23005,10000008.3791603,249999990
1791386071.241,23006,10000008.4139203,249999989
1791386071.491,23007,10000008.3928403,249999990
1791386071.754,23008,10000008.4000003,249999990
1791386072.005,23009,10000008.3837603,249999990
1791386072.245,23010,10000008.4162404,249999989
1791386072.495,23011,10000008.3871203,249999990
1791386072.743,23012,10000008.3946370,250000090
1791386072.992,23013,10000008.3870803,249999990
1791386073.244,23014,10000008.4106403,249999989
1791386073.546,23015,10000008.3440003,249999991
1791386073.742,23016,10000008.4054403,249999989
1791386074.006,23017,10000008.3856803,249999990
1791386074.243,23018,10000008.4000003,249999990
1791386074.511,23019,10000008.3764803,249999990
1791386074.742,23020,10000008.3875603,249999990
1791386074.998,23021,10000008.4189604,249999989
1791386075.244,23022,10000008.2446002,249999993
1791386075.497,23023,10000008.4093570,250000089
1791386075.746,23024,10000008.3952003,249999990
1791386075.996,23025,10000008.5508805,249999986
1791386076.244,23026,10000008.2247202,249999994
1791386076.493,23027,10000008.4134803,249999989
1791386076.751,23028,10000008.3945203,249999990
1791386076.996,23029,10000008.4031203,249999989
1791386077.247,23030,10000008.4023603,249999989
1791386077.493,23031,10000008.3906803,249999990
1791386077.748,23032,10000008.3958403,249999990
1791386078.022,23033,10000008.3999970,250000090
1791386078.247,23034,10000008.4080003,249999989
1791386078.501,23035,10000008.3460803,249999991
1791386078.771,23036,10000008.4379204,249999989
1791386078.998,23037,10000008.4000003,249999990
1791386079.245,23038,10000008.3916403,249999990
1791386079.499,23039,10000008.3848003,249999990
1791386079.751,23040,10000008.4357204,249999989
1791386080.000,23041,10000008.3642803,249999990
1791386080.258,23042,10000008.4000003,249999990
1791386080.496,23043,10000008.3999970,250000090
1791386080.756,23044,10000008.3911203,249999990
1791386081.058,23045,10000008.3773603,249999990
1791386081.262,23046,10000008.4114403,249999989
1791386081.498,23047,10000008.3938803,249999990
1791386081.746,23048,10000008.4000003,249999990
1791386082.018,23049,10000008.3857203,249999990
1791386082.246,23050,10000008.4204004,249999989
1791386082.509,23051,10000008.3796003,249999990
1791386082.746,23052,10000008.3942403,249999990
1791386082.996,23053,10000008.3999970,250000090
1791386083.246,23054,10000008.4000003,249999990
1791386083.553,23055,10000008.3943203,249999990
1791386083.748,23056,10000008.3978403,249999990
1791386083.996,23057,10000008.3965203,249999990
1791386084.246,23058,10000008.4000003,249999990
1791386084.500,23059,10000008.3916403,249999990
1791386084.782,23060,10000008.4000003,249999990
1791386084.996,23061,10000008.4000003,249999990
1791386085.247,23062,10000008.3940403,249999990
1791386085.528,23063,10000008.4059570,250000089
1791386085.785,23064,10000008.3940403,249999990
1791386086.002,23065,10000008.3952003,249999990
1791386086.248,23066,10000008.3676803,249999990
1791386086.498,23067,10000008.4182004,249999989
1791386086.868,23068,10000008.3932803,249999990
1791386087.014,23069,10000008.4067203,249999989
1791386087.247,23070,10000008.3743603,249999990
1791386087.512,23071,10000008.3042803,249999992
1791386087.782,23072,10000008.4902004,249999987
1791386088.030,23073,10000008.3929170,250000090
1791386088.252,23074,10000008.3474003,249999991
1791386088.561,23075,10000008.4233204,249999989
1791386088.842,23076,10000008.3821203,249999990
1791386088.999,23077,10000008.3720403,249999990
1791386089.249,23078,10000008.3954403,249999990
1791386089.501,23079,10000008.3965603,249999990
1791386089.750,23080,10000008.2729202,249999993
1791386090.015,23081,10000008.3906403,249999990
1791386090.263,23082,10000008.4000003,249999990
1791386090.500,23083,10000008.3912403,249999990
1791386090.763,23084,10000008.3888770,250000090
1791386091.000,23085,10000008.4134803,249999989
1791386093.541,23086,10000008.5508405,249999986
1791386093.541,23087,10000008.2437202,249999993
1791386093.541,23088,10000008.4000003,249999990
1791386093.615,23089,10000008.3880803,249999990
1791386093.615,23090,10000008.4081203,249999989
1791386093.753,23096,10000008.3499203,249999991
1791386094.001,23097,10000008.4379204,249999989
1791386094.254,23098,10000008.4000003,249999990
1791386094.528,23099,10000008.4000003,249999990
1791386094.757,23100,10000008.3868003,249999990
1791386095.003,23101,10000008.4292004,249999989
1791386095.250,23102,10000008.3756403,249999990
1791386095.500,23103,10000008.4000003,249999990
1791386095.752,23104,10000008.3951570,250000090
1791386096.035,23105,10000008.4132003,249999989
1791386096.254,23106,10000008.3502003,249999991
1791386096.504,23107,10000008.4328804,249999989
1791386096.758,23108,10000008.4037203,249999989
1791386097.000,23109,10000008.4048403,249999989
1791386097.256,23110,10000008.3848003,249999990
1791386097.502,23111,10000008.4315604,249999989
1791386097.768,23112,10000008.3684403,249999990
1791386098.004,23113,10000008.4000003,249999990
1791386098.259,23114,10000008.3951570,250000090
1791386098.553,23115,10000008.4152003,249999989
1791386098.760,23116,10000008.3634403,249999990
1791386099.001,23117,10000008.4262404,249999989
1791386099.267,23118,10000008.4000003,249999990
1791386099.500,23119,10000008.4202004,249999989
1791386099.760,23120,10000008.3654403,249999990
1791386100.000,23121,10000008.4419604,249999988
1791386100.252,23122,10000008.3635203,249999990
1791386100.504,23123,10000008.4155204,249999989
1791386100.751,23124,10000008.3789970,250000090
1791386101.006,23125,10000008.4143603,249999989
1791386101.251,23126,10000008.3798803,249999990
1791386101.503,23127,10000008.4112403,249999989
1791386101.772,23128,10000008.4040403,249999989
1791386102.002,23129,10000008.3959603,249999990
1791386102.310,23130,10000008.4000003,249999990
1791386102.504,23131,10000008.4240804,249999989
1791386102.757,23132,10000008.3646803,249999990
1791386103.010,23133,10000008.4112403,249999989
1791386103.274,23134,10000008.3945170,250000090
1791386103.531,23135,10000008.4143603,249999989
1791386103.896,23136,10000008.3684403,249999990
1791386104.015,23137,10000008.4226404,249999989
1791386104.267,23138,10000008.4000003,249999990
1791386104.503,23139,10000008.3945203,249999990
1791386104.756,23140,10000008.4000003,249999990
1791386105.003,23141,10000008.4295604,249999989
1791386105.258,23142,10000008.3586003,249999991
1791386105.505,23143,10000008.4061203,249999989
1791386105.780,23144,10000008.3938770,250000090
1791386106.051,23145,10000008.4061203,249999989
1791386106.255,23146,10000008.3838403,249999990
1791386106.505,23147,10000008.4161604,249999989
1791386106.760,23148,10000008.4000003,249999990
1791386107.014,23149,10000008.4000003,249999990
1791386107.266,23150,10000008.3838403,249999990
1791386107.508,23151,10000008.4161604,249999989
1791386107.756,23152,10000008.3838403,249999990
1791386108.008,23153,10000008.4047203,249999989
1791386108.256,23154,10000008.3952770,250000090
1791386108.506,23155,10000008.4000003,249999990
1791386108.767,23156,10000008.3900003,249999990
1791386109.011,23157,10000008.4057603,249999989
1791386111.569,23158,10000008.3942403,249999990
1791386111.569,23159,10000008.4000003,249999990
1791386111.569,23160,10000008.3943203,249999990
1791386111.816,23161,10000008.4114403,249999989
1791386111.816,23162,10000008.3885603,249999990
1791386112.014,23169,10000008.4040403,249999989
1791386112.257,23170,10000008.3916403,249999990
1791386112.513,23171,10000008.4000003,249999990
1791386112.762,23172,10000008.4000003,249999990
1791386113.011,23173,10000008.4000003,249999990
1791386113.261,23174,10000008.3940370,250000090
1791386113.513,23175,10000008.4000003,249999990
1791386113.765,23176,10000008.4000003,249999990
1791386114.040,23177,10000008.3554803,249999991
1791386114.270,23178,10000008.4300404,249999989
1791386114.513,23179,10000008.3956003,249999990
1791386114.768,23180,10000008.4000003,249999990
1791386115.009,23181,10000008.3818003,249999990
1791386115.263,23182,10000008.2968802,249999992
1791386115.511,23183,10000008.5008404,249999987
1791386115.831,23184,10000008.4022770,250000089
1791386116.008,23185,10000008.3416803,249999991
1791386116.260,23186,10000008.4225204,249999989
1791386116.511,23187,10000008.3686003,249999990
1791386116.762,23188,10000008.4000003,249999990
1791386117.008,23189,10000008.3830003,249999990
1791386117.259,23190,10000008.4115603,249999989
1791386117.509,23191,10000008.3774803,249999990
1791386117.758,23192,10000008.2555602,249999993
1791386118.008,23193,10000008.4045603,249999989
1791386118.259,23194,10000008.3890803,249999990
1791386118.511,23195,10000008.3906770,250000090
1791386118.767,23196,10000008.4250404,249999989
1791386119.034,23197,10000008.5395605,249999986
1791386119.258,23198,10000008.2232402,249999994
1791386119.512,23199,10000008.4160004,249999989
1791386119.774,23200,10000008.4000003,249999990
1791386120.021,23201,10000008.4031203,249999989
1791386120.288,23202,10000008.4050803,249999989
1791386120.510,23203,10000008.3838003,249999990
1791386120.760,23204,10000008.4000003,249999990
1791386121.013,23205,10000008.3919970,250000090
1791386121.269,23206,10000008.4080003,249999989
1791386121.519,23207,10000008.3541203,249999991
1791386121.770,23208,10000008.4419604,249999988
1791386122.014,23209,10000008.3875603,249999990
1791386122.262,23210,10000008.4000003,249999990
1791386122.517,23211,10000008.3799603,249999990
1791386122.790,23212,10000008.4324804,249999989
1791386123.020,23213,10000008.3724003,249999990
1791386123.262,23214,10000008.4066403,249999989
1791386123.519,23215,10000008.3844770,250000090
1791386123.763,23216,10000008.4155204,249999989
1791386124.010,23217,10000008.3671203,249999990
1791386124.260,23218,10000008.4173204,249999989
1791386124.511,23219,10000008.3887603,249999990
1791386124.767,23220,10000008.4057603,249999989
1791386125.014,23221,10000008.3942403,249999990
1791386125.266,23222,10000008.4304804,249999989
1791386125.517,23223,10000008.3695203,249999990
1791386125.762,23224,10000008.4000003,249999990
1791386126.033,23225,10000008.3938770,250000090
1791386126.261,23226,10000008.4061203,249999989
1791386126.518,23227,10000008.3796003,249999990
1791386126.762,23228,10000008.4089603,249999989
1791386127.015,23229,10000008.4000003,249999990
1791386127.261,23230,10000008.4000003,249999990
1791386127.512,23231,10000008.3910403,249999990
1791386127.761,23232,10000008.4236004,249999989
1791386128.012,23233,10000008.3764003,249999990
1791386128.263,23234,10000008.4000003,249999990
1791386128.517,23235,10000008.3942370,250000090
1791386128.762,23236,10000008.4057603,249999989
1791386129.013,23237,10000008.3942403,249999990
1791386129.263,23238,10000008.4000003,249999990
1791386129.517,23239,10000008.4000003,249999990
1791386129.766,23240,10000008.4200404,249999989
1791386130.012,23241,10000008.3799603,249999990
1791386130.263,23242,10000008.4000003,249999990
1791386130.528,23243,10000008.3943203,249999990
1791386130.764,23244,10000008.4056803,249999989
1791386131.013,23245,10000008.3999970,250000090
1791386131.266,23246,10000008.4000003,249999990
1791386131.519,23247,10000008.3943203,249999990
1791386131.773,23248,10000008.4056803,249999989
1791386132.017,23249,10000008.3921603,249999990
1791386132.271,23250,10000008.4078403,249999989
1791386132.514,23251,10000008.3921603,249999990
1791386132.766,23252,10000008.4021603,249999989
1791386133.018,23253,10000008.3978403,249999990
1791386133.264,23254,10000008.4021603,249999989
1791386133.515,23255,10000008.3943970,250000090
1791386133.766,23256,10000008.4113203,249999989
1791386134.017,23257,10000008.3943203,249999990
1791386134.266,23258,10000008.3944003,249999990
1791386134.530,23259,10000008.4000003,249999990
1791386134.780,23260,10000008.4000003,249999990
1791386135.040,23261,10000008.3959603,249999990
1791386135.277,23262,10000008.4040403,249999989
1791386135.537,23263,10000008.3959603,249999990
1791386135.765,23264,10000008.4040403,249999989
1791386136.056,23265,10000008.4055970,250000089
1791386136.269,23266,10000008.3860003,249999990
1791386138.059,23267,10000008.4083603,249999989
1791386138.059,23268,10000008.4000003,249999990
1791386138.059,23269,10000008.3959603,249999990
1791386138.117,23270,10000008.4040403,249999989
1791386138.118,23271,10000008.3916403,249999990
1791386138.280,23274,10000008.4040403,249999989
1791386138.523,23275,10000008.3959570,250000090
1791386138.768,23276,10000008.4000003,249999990
1791386139.020,23277,10000008.4040403,249999989
1791386139.274,23278,10000008.3916403,249999990
1791386139.560,23279,10000008.4043203,249999989
1791386139.769,23280,10000008.4000003,249999990
1791386140.021,23281,10000008.4000003,249999990
1791386140.267,23282,10000008.4096803,249999989
1791386140.530,23283,10000008.3944003,249999990
1791386140.772,23284,10000008.3959603,249999990
1791386141.038,23285,10000008.3999970,250000090
1791386141.283,23286,10000008.4000003,249999990
1791386141.519,23287,10000008.4000003,249999990
1791386141.770,23288,10000008.4000003,249999990
1791386142.019,23289,10000008.3956803,249999990
1791386142.269,23290,10000008.4043203,249999989
1791386142.520,23291,10000008.3956803,249999990
1791386142.769,23292,10000008.4043203,249999989
1791386143.019,23293,10000008.3956803,249999990
1791386143.269,23294,10000008.4000003,249999990
1791386143.522,23295,10000008.3999970,250000090
1791386143.779,23296,10000008.4083603,249999989
1791386144.018,23297,10000008.3959603,249999990
1791386144.269,23298,10000008.3956803,249999990
1791386144.518,23299,10000008.4043203,249999989
1791386144.768,23300,10000008.4040403,249999989
1791386145.022,23301,10000008.3916403,249999990
1791386145.268,23302,10000008.4043203,249999989
1791386145.519,23303,10000008.3956803,249999990
1791386145.769,23304,10000008.4000003,249999990
1791386146.018,23305,10000008.4043170,250000089
1791386146.276,23306,10000008.4000003,249999990
1791386146.518,23307,10000008.4040403,249999989
1791386146.769,23308,10000008.3916403,249999990
1791386147.022,23309,10000008.4000003,249999990
1791386147.273,23310,10000008.4043203,249999989
1791386147.521,23311,10000008.3956803,249999990
1791386147.803,23312,10000008.4000003,249999990
1791386148.027,23313,10000008.4000003,249999990
1791386148.269,23314,10000008.4043203,249999989
1791386148.520,23315,10000008.3956770,250000090
1791386148.777,23316,10000008.4000003,249999990
1791386149.020,23317,10000008.4043203,249999989
1791386149.278,23318,10000008.3956803,249999990
1791386149.596,23319,10000008.3940403,249999990
1791386149.771,23320,10000008.4059603,249999989
1791386150.046,23321,10000008.3940403,249999990
1791386150.300,23322,10000008.4059603,249999989
1791386150.519,23323,10000008.4000003,249999990
1791386150.769,23324,10000008.4000003,249999990
1791386151.019,23325,10000008.3999970,250000090
1791386151.269,23326,10000008.4000003,249999990
1791386151.520,23327,10000008.4000003,249999990
1791386151.770,23328,10000008.3940403,249999990
1791386152.085,23329,10000008.4000003,249999990
1791386152.273,23330,10000008.4000003,249999990
1791386152.519,23331,10000008.4000003,249999990
1791386152.779,23332,10000008.3924003,249999990
1791386153.022,23333,10000008.4076003,249999989
1791386153.298,23334,10000008.3924003,249999990
1791386153.556,23335,10000008.3999970,250000090
1791386153.826,23336,10000008.4000003,249999990
1791386154.019,23337,10000008.4076003,249999989
1791386154.272,23338,10000008.3743603,249999990
1791386154.521,23339,10000008.4139203,249999989
1791386154.776,23340,10000008.3972003,249999990
1791386155.030,23341,10000008.4028003,249999989
1791386155.274,23342,10000008.3860803,249999990
1791386155.520,23343,10000008.4111203,249999989
1791386155.786,23344,10000008.3956003,249999990
1791386156.051,23345,10000008.3932770,250000090
1791386156.282,23346,10000008.3938803,249999990
1791386156.522,23347,10000008.4061203,249999989
1791386156.771,23348,10000008.3392403,249999991
1791386157.021,23349,10000008.4363204,249999989
1791386157.273,23350,10000008.3849203,249999990
1791386157.521,23351,10000008.4150804,249999989
1791386157.782,23352,10000008.3600803,249999990
1791386158.021,23353,10000008.3497203,249999991
1791386158.298,23354,10000008.4305204,249999989
1791386158.521,23355,10000008.4054370,250000089
1791386158.834,23356,10000008.3764803,249999990
1791386159.023,23357,10000008.4032403,249999989
1791386159.275,23358,10000008.4096803,249999989
1791386159.525,23359,10000008.2263602,249999994
1791386159.773,23360,10000008.4118803,249999989
1791386160.021,23361,10000008.4000003,249999990
1791386160.280,23362,10000008.4000003,249999990
1791386160.578,23363,10000008.3912403,249999990
1791386160.777,23364,10000008.3968803,249999990
1791386161.027,23365,10000008.4000003,249999990
1791386161.273,23366,10000008.4054770,250000089
1791386161.533,23367,10000008.3945203,249999990
1791386161.775,23368,10000008.3403203,249999991
1791386162.035,23369,10000008.4516804,249999988
1791386162.274,23370,10000008.3920003,249999990
1791386162.523,23371,10000008.4000003,249999990
1791386162.775,23372,10000008.3916403,249999990
1791386163.025,23373,10000008.4205204,249999989
1791386163.275,23374,10000008.3554003,249999991
1791386163.522,23375,10000008.4040403,249999989
1791386163.773,23376,10000008.3905170,250000090
1791386164.023,23377,10000008.4143603,249999989
1791386164.272,23378,10000008.3684403,249999990
1791386164.522,23379,10000008.4172004,249999989
1791386164.773,23380,10000008.3942403,249999990
1791386165.022,23381,10000008.3938803,249999990
1791386165.274,23382,10000008.3857203,249999990
1791386165.526,23383,10000008.4204004,249999989
1791386165.774,23384,10000008.3738403,249999990
1791386166.022,23385,10000008.4000003,249999990
1791386166.272,23386,10000008.3943170,250000090
1791386166.525,23387,10000008.4056803,249999989
1791386166.773,23388,10000008.3886803,249999990
1791386167.049,23389,10000008.4000003,249999990
1791386167.293,23390,10000008.3959603,249999990
1791386167.524,23391,10000008.3956803,249999990
1791386167.782,23392,10000008.4000003,249999990
1791386168.025,23393,10000008.3940403,249999990
1791386168.293,23394,10000008.4000003,249999990
1791386168.531,23395,10000008.3952003,249999990
1791386168.779,23396,10000008.4013170,250000089
1791386169.024,23397,10000008.3845603,249999990
1791386169.283,23398,10000008.4000003,249999990
1791386169.528,23399,10000008.3325203,249999991
1791386169.774,23400,10000008.4418404,249999988
1791386170.026,23401,10000008.3581603,249999991
1791386170.227,23402,10000008.4258404,249999989
1791386170.474,23403,10000008.3456403,249999991
1791386170.725,23404,10000008.3746403,249999990
1791386170.976,23405,10000008.4124403,249999989
1791386171.228,23406,10000008.2447202,249999993
1791386171.478,23407,10000008.4063970,250000089
1791386171.725,23408,10000008.3936003,249999990
1791386171.975,23409,10000008.5552805,249999986
1791386172.227,23410,10000008.2423202,249999993
1791386172.489,23411,10000008.4050803,249999989
1791386172.740,23412,10000008.3838003,249999990
1791386172.978,23413,10000008.4041603,249999989
1791386173.227,23414,10000008.4093203,249999989
1791386173.477,23415,10000008.3865203,249999990
1791386173.726,23416,10000008.3960803,249999990
1791386173.975,23417,10000008.3875570,250000090
1791386174.227,23418,10000008.4000003,249999990
1791386174.480,23419,10000008.3759203,249999990
1791386174.738,23420,10000008.4192404,249999989
1791386174.982,23421,10000008.3896403,249999990
1791386175.227,23422,10000008.4000003,249999990
1791386175.492,23423,10000008.3856403,249999990
1791386175.730,23424,10000008.4295604,249999989
1791386175.982,23425,10000008.3704403,249999990
1791386176.230,23426,10000008.4000003,249999990
1791386176.480,23427,10000008.3881170,250000090
1791386176.731,23428,10000008.4000003,249999990
1791386176.981,23429,10000008.3857203,249999990
1791386177.230,23430,10000008.4042403,249999989
1791386177.491,23431,10000008.4000003,249999990
1791386177.731,23432,10000008.4000003,249999990
1791386177.986,23433,10000008.3900003,249999990
1791386178.231,23434,10000008.4100003,249999989
1791386178.481,23435,10000008.3957603,249999990
1791386178.738,23436,10000008.3942403,249999990
1791386178.980,23437,10000008.3999970,250000090
1791386179.230,23438,10000008.4000003,249999990
1791386179.480,23439,10000008.3921603,249999990
1791386179.730,23440,10000008.3965203,249999990
1791386179.980,23441,10000008.4000003,249999990
1791386180.230,23442,10000008.4000003,249999990
1791386180.483,23443,10000008.3916403,249999990
1791386180.733,23444,10000008.4043203,249999989
1791386180.981,23445,10000008.4000003,249999990
1791386181.231,23446,10000008.3956803,249999990
1791386181.481,23447,10000008.3999970,250000090
1791386181.732,23448,10000008.4000003,249999990
1791386181.981,23449,10000008.4000003,249999990
1791386182.251,23450,10000008.4000003,249999990
1791386182.485,23451,10000008.3940403,249999990
1791386182.732,23452,10000008.4000003,249999990
1791386182.985,23453,10000008.4059603,249999989
1791386183.235,23454,10000008.3892403,249999990
1791386183.483,23455,10000008.4048003,249999989
1791386183.734,23456,10000008.4059603,249999989
1791386183.988,23457,10000008.3940370,250000090
1791386184.256,23458,10000008.4000003,249999990
1791386184.499,23459,10000008.4059603,249999989
1791386184.733,23460,10000008.3892403,249999990
1791386184.983,23461,10000008.4013203,249999989
1791386185.234,23462,10000008.4094403,249999989
1791386185.483,23463,10000008.3940403,249999990
1791386185.744,23464,10000008.4000003,249999990
1791386185.992,23465,10000008.4000003,249999990
1791386186.243,23466,10000008.4000003,249999990
1791386186.481,23467,10000008.3999970,250000090
1791386186.750,23468,10000008.4059603,249999989
1791386186.982,23469,10000008.4000003,249999990
1791386187.238,23470,10000008.4000003,249999990
1791386187.482,23471,10000008.4000003,249999990
1791386187.734,23472,10000008.4043203,249999989
1791386187.985,23473,10000008.3956803,249999990
1791386188.236,23474,10000008.4043203,249999989
1791386188.513,23475,10000008.3956803,249999990
1791386188.733,23476,10000008.4083603,249999989
1791386189.005,23477,10000008.3959570,250000090
1791386189.232,23478,10000008.4040403,249999989
1791386189.482,23479,10000008.4000003,249999990
1791386189.734,23480,10000008.4000003,249999990
1791386189.987,23481,10000008.4000003,249999990
1791386190.234,23482,10000008.4034803,249999989
1791386190.486,23483,10000008.3965203,249999990
1791386190.733,23484,10000008.4113203,249999989
1791386190.987,23485,10000008.3886803,249999990
1791386191.234,23486,10000008.4056003,249999989
1791386191.484,23487,10000008.4056770,250000089
1791386191.734,23488,10000008.4000003,249999990
1791386191.984,23489,10000008.4000003,249999990
1791386192.236,23490,10000008.4000003,249999990
1791386192.486,23491,10000008.4000003,249999990
1791386192.734,23492,10000008.4057603,249999989
1791386194.052,23493,10000008.3942403,249999990
1791386194.052,23494,10000008.4147203,249999989
1791386194.052,23495,10000008.3852803,249999990
1791386194.103,23496,10000008.4100003,249999989
1791386194.103,23497,10000008.3957570,250000090
1791386194.295,23498,10000008.4089603,249999989
1791386194.486,23499,10000008.3910403,249999990
1791386194.745,23500,10000008.4089603,249999989
1791386194.994,23501,10000008.4053203,249999989
1791386195.255,23502,10000008.3899603,249999990
1791386195.488,23503,10000008.4000003,249999990
1791386195.739,23504,10000008.4274004,249999989
1791386195.985,23505,10000008.4000003,249999990
1791386196.236,23506,10000008.3887603,249999990
1791386196.575,23507,10000008.3938770,250000090
1791386196.737,23508,10000008.4173204,249999989
1791386196.989,23509,10000008.3826803,249999990
1791386197.240,23510,10000008.4061203,249999989
1791386197.502,23511,10000008.4057603,249999989
1791386197.748,23512,10000008.4054803,249999989
1791386197.994,23513,10000008.3945203,249999990
1791386198.250,23514,10000008.4379204,249999989
1791386198.586,23515,10000008.3830803,249999990
1791386198.743,23516,10000008.3933603,249999990
1791386198.997,23517,10000008.3999970,250000090
1791386199.276,23518,10000008.4152003,249999989
1791386199.512,23519,10000008.3586003,249999991
1791386199.739,23520,10000008.4213604,249999989
1791386199.996,23521,10000008.4200404,249999989
1791386200.246,23522,10000008.3848003,249999990
1791386200.518,23523,10000008.4000003,249999990
1791386200.987,23524,10000008.4395604,249999989
1791386201.042,23525,10000008.3880803,249999990
1791386201.247,23526,10000008.3875603,249999990
1791386201.496,23527,10000008.4083570,250000089
1791386201.738,23528,10000008.4121603,249999989
1791386202.017,23529,10000008.3499203,249999991
1791386202.242,23530,10000008.4458804,249999988
1791386202.493,23531,10000008.4041603,249999989
1791386202.870,23532,10000008.4000003,249999990
1791386203.014,23533,10000008.3918803,249999990
1791386203.244,23534,10000008.4174004,249999989
1791386203.502,23535,10000008.3945203,249999990
1791386203.757,23536,10000008.4118803,249999989
1791386203.989,23537,10000008.3912370,250000090
1791386204.241,23538,10000008.3968803,249999990
1791386204.491,23539,10000008.5517605,249999986
1791386204.739,23540,10000008.2513602,249999993
1791386205.002,23541,10000008.4023603,249999989
1791386205.249,23542,10000008.4000003,249999990
1791386205.493,23543,10000008.4109203,249999989
1791386205.749,23544,10000008.3890803,249999990
1791386205.996,23545,10000008.4109203,249999989
1791386206.239,23546,10000008.3890803,249999990
1791386206.489,23547,10000008.4063970,250000089
1791386206.739,23548,10000008.5554005,249999986
1791386206.996,23549,10000008.4063603,249999989
1791386207.272,23550,10000008.3871203,249999990
1791386207.512,23551,10000008.3955203,249999990
1791386207.740,23552,10000008.4225204,249999989
1791386208.043,23553,10000012.3884405,249999990
1791386208.245,23554,10000008.3810403,249999990
1791386208.495,23555,10000008.4398004,249999989
1791386208.818,23556,10000008.4191970,250000089
1791386209.003,23557,10000008.3858403,249999990
1791386209.241,23558,10000008.4508804,249999988
1791386209.496,23559,10000008.3491203,249999991
1791386209.748,23560,10000008.4560004,249999988
1791386209.993,23561,10000008.4076403,249999989
1791386210.254,23562,10000008.4061203,249999989
1791386210.517,23563,10000008.3938803,249999990
1791386210.754,23564,10000008.4172804,249999989
1791386210.998,23565,10000008.3956003,249999990
1791386211.248,23566,10000008.3999970,250000090
1791386211.493,23567,10000008.3932803,249999990
1791386211.744,23568,10000008.4180004,249999989
1791386212.008,23569,10000008.3820003,249999990
1791386212.241,23570,10000008.4180004,249999989
1791386212.492,23571,10000008.4000003,249999990
1791386212.755,23572,10000008.4076003,249999989
1791386212.993,23573,10000008.3924003,249999990
1791386213.245,23574,10000008.4076003,249999989
1791386213.492,23575,10000008.4059603,249999989
1791386213.743,23576,10000008.3940370,250000090
1791386213.996,23577,10000008.4059603,249999989
1791386214.242,23578,10000008.4000003,249999990
1791386214.498,23579,10000008.4000003,249999990
1791386214.743,23580,10000008.4000003,249999990
1791386214.994,23581,10000008.4043203,249999989
1791386215.243,23582,10000008.3956803,249999990
1791386215.495,23583,10000008.4043203,249999989
1791386215.780,23584,10000008.4000003,249999990
1791386216.006,23585,10000008.4000003,249999990
1791386216.252,23586,10000008.4040370,250000089
1791386216.507,23587,10000008.4000003,249999990
1791386216.761,23588,10000008.4034803,249999989
1791386217.003,23589,10000008.3965203,249999990
1791386217.244,23590,10000008.4000003,249999990
1791386217.493,23591,10000008.4113203,249999989
1791386217.745,23592,10000008.3886803,249999990
1791386217.995,23593,10000008.4113203,249999989
1791386218.251,23594,10000008.3886803,249999990
1791386218.495,23595,10000008.4113203,249999989
1791386218.769,23596,10000008.3921570,250000090
1791386219.003,23597,10000008.4078403,249999989
1791386219.247,23598,10000008.3943203,249999990
1791386219.493,23599,10000008.4056803,249999989
1791386219.743,23600,10000008.4000003,249999990
1791386220.014,23601,10000008.4000003,249999990
1791386220.243,23602,10000008.3943203,249999990
1791386220.503,23603,10000008.4156804,249999989
1791386220.746,23604,10000008.3900003,249999990
1791386221.008,23605,10000008.4057603,249999989
1791386221.248,23606,10000008.3942370,250000090
1791386221.495,23607,10000008.4057603,249999989
1791386221.744,23608,10000008.3942403,249999990
1791386221.997,23609,10000008.4057603,249999989
1791386222.248,23610,10000008.3942403,249999990
1791386222.494,23611,10000008.4057603,249999989
1791386222.745,23612,10000008.3942403,249999990
1791386222.999,23613,10000008.4261604,249999989
1791386223.247,23614,10000008.3796003,249999990
1791386223.498,23615,10000008.4089603,249999989
1791386223.747,23616,10000008.3910370,250000090
1791386223.995,23617,10000008.4142804,249999989
1791386224.247,23618,10000008.3857203,249999990
1791386224.500,23619,10000008.4089603,249999989
1791386224.772,23620,10000008.3952803,249999990
1791386225.007,23621,10000008.4100403,249999989
1791386225.251,23622,10000008.4000003,249999990
1791386225.494,23623,10000008.4262404,249999989
1791386225.759,23624,10000008.3684403,249999990
1791386226.000,23625,10000008.4053203,249999989
1791386226.251,23626,10000008.4061170,250000089
1791386226.528,23627,10000008.4057603,249999989
1791386226.754,23628,10000008.3780803,249999990
1791386226.995,23629,10000008.4100403,249999989
1791386227.249,23630,10000008.4061203,249999989
1791386227.501,23631,10000008.4000003,249999990
1791386227.888,23632,10000008.3838403,249999990
1791386227.995,23633,10000008.4466404,249999988
1791386228.245,23634,10000008.3581203,249999991
1791386228.495,23635,10000008.4053203,249999989
1791386228.749,23636,10000008.3999970,250000090
1791386229.001,23637,10000008.4061203,249999989
1791386229.262,23638,10000008.3838403,249999990
1791386229.501,23639,10000008.4100403,249999989
1791386229.755,23640,10000008.3899603,249999990
1791386230.007,23641,10000008.4047203,249999989
1791386230.269,23642,10000008.3852803,249999990
1791386230.512,23643,10000008.4319204,249999989
1791386230.759,23644,10000008.3680803,249999990
1791386231.010,23645,10000008.4000003,249999990
1791386231.252,23646,10000008.3999970,250000090
1791386231.496,23647,10000008.4057603,249999989
1791386231.746,23648,10000008.3942403,249999990
1791386232.002,23649,10000008.4000003,249999990
1791386232.251,23650,10000008.3886803,249999990
1791386232.510,23651,10000008.4056003,249999989
1791386232.770,23652,10000008.3944003,249999990
1791386232.998,23653,10000008.4056003,249999989
1791386233.263,23654,10000008.3944003,249999990
1791386233.505,23655,10000008.4000003,249999990
1791386233.756,23656,10000008.3916370,250000090
1791386233.997,23657,10000008.4043203,249999989
1791386234.260,23658,10000008.4000003,249999990
1791386234.506,23659,10000008.3897203,249999990
1791386234.747,23660,10000008.4059603,249999989
1791386235.001,23661,10000008.4000003,249999990
1791386235.251,23662,10000008.3940403,249999990
1791386235.501,23663,10000008.4000003,249999990
1791386235.754,23664,10000008.4059603,249999989
1791386236.003,23665,10000008.4000003,249999990
1791386236.254,23666,10000008.3940370,250000090
1791386236.517,23667,10000008.4059603,249999989
1791386236.752,23668,10000008.4000003,249999990
1791386237.002,23669,10000008.3864403,249999990
1791386237.260,23670,10000008.4076003,249999989
1791386237.514,23671,10000008.4059603,249999989
1791386237.761,23672,10000008.3940403,249999990
1791386238.001,23673,10000008.4000003,249999990
1791386238.254,23674,10000008.4059603,249999989
1791386238.502,23675,10000008.4000003,249999990
1791386238.779,23676,10000008.3999970,250000090
1791386239.217,23677,10000008.4043203,249999989
1791386239.907,23678,10000008.4040403,249999989
1791386239.960,23679,10000008.3959603,249999990
1791386240.002,23680,10000008.4040403,249999989
1791386240.005,23681,10000008.4000003,249999990
1791386240.256,23682,10000008.4000003,249999990
1791386240.503,23683,10000008.4113203,249999989
1791386240.778,23684,10000008.3886803,249999990
1791386241.003,23685,10000008.4113203,249999989
1791386241.255,23686,10000008.3943170,250000090
1791386241.527,23687,10000008.4114403,249999989
1791386241.762,23688,10000008.3942403,249999990
1791386242.008,23689,10000008.4100003,249999989
1791386242.254,23690,10000008.3957603,249999990
1791386242.507,23691,10000008.4089603,249999989
1791386242.756,23692,10000008.4000003,249999990
1791386243.010,23693,10000008.4315604,249999989
1791386243.725,23694,10000008.3684403,249999990
1791386243.754,23695,10000008.4114403,249999989
1791386243.757,23696,10000008.3938770,250000090
1791386244.006,23697,10000008.4213604,249999989
1791386244.257,23698,10000008.3733203,249999990
1791386244.504,23699,10000008.4226404,249999989
1791386244.754,23700,10000008.4000003,249999990
1791386245.012,23701,10000008.4088803,249999989
1791386245.257,23702,10000008.4066403,249999989
1791386245.504,23703,10000008.4290804,249999989
1791386245.757,23704,10000008.3642803,249999990
1791386246.008,23705,10000008.4235604,249999989
1791386246.259,23706,10000008.3966370,250000090
1791386246.508,23707,10000008.4113603,249999989
1791386246.759,23708,10000008.3541203,249999991
1791386247.012,23709,10000008.4419604,249999988
1791386247.260,23710,10000008.4000003,249999990
1791386247.508,23711,10000008.4000003,249999990
1791386247.758,23712,10000008.4119203,249999989
1791386248.011,23713,10000008.4054803,249999989
1791386248.258,23714,10000008.3945203,249999990
1791386248.508,23715,10000008.3961603,249999990
1791386248.766,23716,10000008.4156770,250000089
1791386249.011,23717,10000008.3912403,249999990
1791386249.258,23718,10000008.5705605,249999985
1791386249.559,23719,10000008.3826403,249999990
1791386249.773,23720,10000008.2601202,249999993
1791386250.016,23721,10000008.5572405,249999986
1791386250.258,23722,10000008.3757203,249999990
1791386250.536,23723,10000008.2624802,249999993
1791386250.768,23724,10000008.5554005,249999986
1791386251.023,23725,10000008.4169970,250000089
1791386251.258,23726,10000008.3860403,249999990
1791386251.508,23727,10000008.4318804,249999989
1791386251.774,23728,10000008.3821203,249999990
1791386252.023,23729,10000008.4088803,249999989
1791386252.297,23730,10000008.4141603,249999989
1791386252.522,23731,10000008.4207204,249999989
1791386252.767,23732,10000008.3792803,249999990
1791386253.009,23733,10000008.4556004,249999988
1791386253.270,23734,10000008.3650803,249999990
1791386253.565,23735,10000008.4211570,250000089
1791386253.768,23736,10000008.3893603,249999990
1791386254.026,23737,10000008.4148803,249999989
1791386254.282,23738,10000008.3487603,249999991
1791386254.512,23739,10000008.4418404,249999988
1791386254.760,23740,10000008.4051203,249999989
1791386255.013,23741,10000008.4076403,249999989
1791386255.263,23742,10000008.3872403,249999990
1791386255.514,23743,10000008.4188804,249999989
1791386255.760,23744,10000008.4000003,249999990
1791386256.016,23745,10000008.3999970,250000090
1791386256.262,23746,10000008.3811203,249999990
1791386256.513,23747,10000008.4127603,249999989
1791386256.759,23748,10000008.3363603,249999991
1791386257.020,23749,10000008.4560004,249999988
1791386257.635,23750,10000008.4042403,249999989
1791386257.686,23751,10000008.3980403,249999990
1791386257.893,23752,10000008.3683203,249999990
1791386259.113,23753,10000008.3285603,249999991
1791386259.113,23754,10000008.4796804,249999988
1791386259.113,23755,10000008.3917570,250000090
1791386259.156,23756,10000008.3590803,249999991
1791386259.156,23757,10000008.4233204,249999989
1791386259.289,23758,10000008.3766803,249999990
1791386259.515,23759,10000008.4000003,249999990
1791386259.761,23760,10000008.3851603,249999990
1791386260.011,23761,10000008.4032803,249999989
1791386260.266,23762,10000008.3820803,249999990
1791386261.624,23763,10000008.2624802,249999993
1791386261.624,23764,10000008.4000003,249999990
1791386261.624,23765,10000008.3936003,249999990
1791386261.666,23766,10000008.3999970,250000090
1791386261.666,23767,10000008.3945203,249999990
1791386261.774,23768,10000008.5562805,249999986
1791386262.055,23769,10000008.2398802,249999994
1791386262.324,23770,10000008.4000003,249999990
1791386262.586,23771,10000008.4038403,249999989
1791386265.116,23772,10000008.3920003,249999990
1791386265.116,23773,10000008.4111203,249999989
1791386265.116,23774,10000008.3888803,249999990
1791386265.197,23775,10000008.3836403,249999990
1791386265.197,23776,10000008.3999970,250000090
1791386265.340,23782,10000008.3828003,249999990
1791386265.537,23783,10000008.4226404,249999989
1791386265.767,23784,10000008.3726003,249999990
1791386266.066,23785,10000008.3957603,249999990
1791386266.263,23786,10000008.3942370,250000090
1791386266.518,23787,10000008.4000003,249999990
1791386266.763,23788,10000008.3943203,249999990
1791386267.016,23789,10000008.3944003,249999990
1791386267.265,23790,10000008.4000003,249999990
1791386267.513,23791,10000008.4000003,249999990
1791386267.765,23792,10000008.3856803,249999990
1791386268.013,23793,10000008.4000003,249999990
1791386268.267,23794,10000008.4000003,249999990
1791386268.539,23795,10000008.3924003,249999990
1791386268.764,23796,10000008.3887170,250000090
1791386269.014,23797,10000008.3932803,249999990
1791386269.266,23798,10000008.4000003,249999990
1791386269.514,23799,10000008.3302403,249999991
1791386269.765,23800,10000008.4415604,249999988
1791386270.023,23801,10000008.3495603,249999991
1791386270.268,23802,10000008.4230404,249999989
1791386270.525,23803,10000008.3490003,249999991
1791386270.768,23804,10000008.2518802,249999993
1791386271.027,23805,10000008.4130403,249999989
1791386271.276,23806,10000008.3788003,249999990
1791386271.518,23807,10000008.4054770,250000089
1791386271.772,23808,10000008.4000003,249999990
1791386272.026,23809,10000008.3406403,249999991
1791386272.267,23810,10000008.4570004,249999988
1791386272.513,23811,10000008.3849603,249999990
1791386272.763,23812,10000008.4039203,249999989
1791386273.017,23813,10000008.3886403,249999990
1791386273.267,23814,10000008.4155204,249999989
1791386273.516,23815,10000008.3794803,249999990
1791386273.777,23816,10000008.3951603,249999990
1791386274.028,23817,10000008.3962770,250000090
1791386274.295,23818,10000008.3933603,249999990
1791386274.516,23819,10000008.3637203,249999990
1791386274.780,23820,10000008.4219204,249999989
1791386275.022,23821,10000008.3881203,249999990
1791386275.270,23822,10000008.4000003,249999990
1791386275.533,23823,10000008.3857203,249999990
1791386275.768,23824,10000008.4204004,249999989
1791386276.022,23825,10000008.3738403,249999990
1791386276.268,23826,10000008.4057603,249999989
1791386276.523,23827,10000008.3942370,250000090
1791386276.778,23828,10000008.4000003,249999990
1791386277.016,23829,10000008.3943203,249999990
1791386277.265,23830,10000008.3944003,249999990
1791386277.518,23831,10000008.4000003,249999990
1791386277.781,23832,10000008.4000003,249999990
1791386278.046,23833,10000008.4000003,249999990
1791386278.277,23834,10000008.3856803,249999990
1791386278.516,23835,10000008.4059603,249999989
1791386278.798,23836,10000008.4000003,249999990
1791386279.083,23837,10000008.3999970,250000090
1791386279.266,23838,10000008.3940403,249999990
1791386279.516,23839,10000008.3924003,249999990
1791386279.770,23840,10000008.3724803,249999990
1791386280.027,23841,10000008.4234404,249999989
1791386280.268,23842,10000008.3928403,249999990
1791386280.517,23843,10000008.3932803,249999990
1791386280.766,23844,10000008.3938803,249999990
1791386281.019,23845,10000008.2915202,249999992
1791386281.267,23846,10000008.5146004,249999987
1791386281.520,23847,10000008.3862370,250000090
1791386281.771,23848,10000008.3948803,249999990
1791386282.016,23849,10000008.4000003,249999990
1791386282.269,23850,10000008.3491203,249999991
1791386282.520,23851,10000008.4225204,249999989
1791386282.767,23852,10000008.3916403,249999990
1791386283.020,23853,10000008.3948803,249999990
1791386283.277,23854,10000008.3766803,249999990
1791386283.538,23855,10000008.3694803,249999990
1791386283.774,23856,10000008.4253604,249999989
1791386284.024,23857,10000008.4194770,250000089
1791386284.269,23858,10000008.3676403,249999990
1791386284.524,23859,10000008.4000003,249999990
1791386284.800,23860,10000008.4128803,249999989
1791386285.017,23861,10000008.3871203,249999990
1791386285.267,23862,10000008.4000003,249999990
1791386285.535,23863,10000008.4082803,249999989
1791386285.768,23864,10000008.3872403,249999990
1791386286.026,23865,10000008.2601202,249999993
1791386286.268,23866,10000008.3954403,249999990
1791386286.526,23867,10000008.5444370,250000086
1791386286.772,23868,10000008.3930803,249999990
1791386287.016,23869,10000008.2624802,249999993
1791386287.268,23870,10000008.5584405,249999986
1791386287.518,23871,10000008.2351602,249999994
1791386287.767,23872,10000008.4109203,249999989
1791386288.022,23873,10000008.3890803,249999990
1791386288.266,23874,10000008.4109203,249999989
1791386288.516,23875,10000008.3917603,249999990
1791386288.769,23876,10000008.4130403,249999989
1791386289.053,23877,10000008.5305570,250000086
1791386289.269,23878,10000008.2694402,249999993
1791386289.600,23879,10000008.3906403,249999990
1791386290.020,23880,10000008.5618005,249999985
1791386290.076,23881,10000008.2382002,249999994
1791386290.268,23882,10000008.4000003,249999990
1791386290.517,23883,10000008.3912403,249999990
1791386290.770,23884,10000008.5165204,249999987
1791386291.017,23885,10000008.2922802,249999992
1791386291.270,23886,10000008.4045603,249999989
1791386291.517,23887,10000008.3954403,249999990
1791386291.767,23888,10000008.5374770,250000086
1791386292.020,23889,10000008.2588002,249999993
1791386292.267,23890,10000008.5621205,249999985
1791386292.525,23891,10000008.3860003,249999990
1791386292.809,23892,10000008.2601202,249999993
1791386293.020,23893,10000008.5476005,249999986
1791386293.280,23894,10000008.2478802,249999993
1791386293.538,23895,10000008.3963203,249999990
1791386293.767,23896,10000008.3972803,249999990
1791386294.020,23897,10000008.5462770,250000086
1791386294.275,23898,10000008.2564402,249999993
1791386294.529,23899,10000008.4000003,249999990
1791386294.776,23900,10000008.5608805,249999985
1791386295.018,23901,10000008.2473602,249999993
1791386295.276,23902,10000008.4048003,249999989
1791386295.523,23903,10000008.5270805,249999986
1791386295.770,23904,10000008.3712803,249999990
1791386296.029,23905,10000008.2922802,249999992
1791386296.273,23906,10000008.4045603,249999989
1791386296.518,23907,10000008.4000003,249999990
1791386296.769,23908,10000008.3954370,250000090
1791386297.019,23909,10000008.3881203,249999990
1791386297.281,23910,10000008.5640005,249999985
1791386297.524,23911,10000008.2442002,249999993
1791386297.775,23912,10000008.3918403,249999990
1791386298.030,23913,10000008.4054803,249999989
1791386298.269,23914,10000008.3945203,249999990
1791386298.572,23915,10000008.4054803,249999989
1791386298.725,23916,10000008.4000003,249999990
1791386298.971,23917,10000008.3945203,249999990
1791386299.219,23918,10000008.4031170,250000089
1791386299.480,23919,10000008.3968803,249999990
1791386299.721,23920,10000008.3556003,249999991
1791386299.970,23921,10000008.4389604,249999989
1791386300.228,23922,10000008.4016403,249999989
1791386300.471,23923,10000008.3958403,249999990
1791386300.724,23924,10000008.4080003,249999989
1791386300.973,23925,10000008.4031203,249999989
1791386301.225,23926,10000008.3809203,249999990
1791386301.472,23927,10000008.4080003,249999989
1791386301.724,23928,10000008.3836370,250000090
1791386301.971,23929,10000008.4083603,249999989
1791386302.221,23930,10000008.3620803,249999990
1791386302.484,23931,10000008.4458804,249999988
1791386302.888,23932,10000008.3836403,249999990
1791386302.973,23933,10000008.3914403,249999990
1791386303.230,23934,10000008.3790003,249999990
1791386303.506,23935,10000008.4379204,249999989
1791386303.724,23936,10000008.3675603,249999990
1791386303.983,23937,10000008.4088803,249999989
1791386304.229,23938,10000008.3911170,250000090
1791386305.593,23939,10000008.4155204,249999989
1791386305.593,23940,10000008.3671203,249999990
1791386305.593,23941,10000008.4061203,249999989
1791386305.667,23942,10000008.3938803,249999990
1791386305.667,23943,10000008.4061203,249999989
1791386305.755,23944,10000008.3885603,249999990
1791386305.986,23945,10000008.4226404,249999989
1791386306.227,23946,10000008.3773603,249999990
1791386306.471,23947,10000008.4000003,249999990
1791386306.722,23948,10000008.3952770,250000090
1791386306.978,23949,10000008.4000003,249999990
1791386307.222,23950,10000008.3957603,249999990
1791386307.487,23951,10000008.3942403,249999990
1791386307.737,23952,10000008.4000003,249999990
1791386307.980,23953,10000008.4000003,249999990
1791386308.223,23954,10000008.3943203,249999990
1791386308.474,23955,10000008.4056803,249999989
1791386308.776,23956,10000008.3886803,249999990
1791386309.123,23957,10000008.4056003,249999989
1791386309.224,23958,10000008.3999970,250000090
1791386309.475,23959,10000008.3944003,249999990
1791386309.725,23960,10000008.4000003,249999990
1791386309.974,23961,10000008.4000003,249999990
1791386310.224,23962,10000008.3916403,249999990
1791386310.473,23963,10000008.4043203,249999989
1791386310.725,23964,10000008.3956803,249999990
1791386310.973,23965,10000008.3940403,249999990
1791386311.224,23966,10000008.4059603,249999989
1791386311.475,23967,10000008.3940403,249999990
1791386311.724,23968,10000008.3951970,250000090
1791386311.977,23969,10000008.4000003,249999990
1791386312.228,23970,10000008.3971603,249999990
1791386312.477,23971,10000008.3538003,249999991
1791386312.729,23972,10000008.4349204,249999989
1791386312.981,23973,10000008.3932803,249999990
1791386313.232,23974,10000008.4000003,249999990
1791386313.478,23975,10000008.3756003,249999990
1791386313.737,23976,10000008.4311604,249999989
1791386313.988,23977,10000008.3743603,249999990
1791386314.233,23978,10000008.3793970,250000090
1791386314.479,23979,10000008.3646803,249999990
1791386314.759,23980,10000008.3961603,249999990
1791386314.979,23981,10000008.3945603,249999990
1791386315.229,23982,10000008.3851603,249999990
1791386315.479,23983,10000008.3923203,249999990
1791386315.728,23984,10000008.3920003,249999990
1791386315.981,23985,10000008.2729202,249999993
1791386316.235,23986,10000008.3842403,249999990
1791386316.487,23987,10000008.4064003,249999989
1791386316.728,23988,10000008.3881203,249999990
1791386316.978,23989,10000008.4054770,250000089
1791386317.229,23990,10000008.4064003,249999989
1791386317.482,23991,10000008.3342403,249999991
1791386317.729,23992,10000008.4500804,249999988
1791386317.978,23993,10000008.3958403,249999990
1791386318.229,23994,10000008.3920003,249999990
1791386318.478,23995,10000008.4000003,249999990
1791386318.732,23996,10000008.4160004,249999989
1791386318.980,23997,10000008.3604403,249999990
1791386319.232,23998,10000008.4152003,249999989
1791386319.482,23999,10000008.3847970,250000090
1791386319.744,24000,10000008.4000003,249999990
1791386319.980,24001,10000008.3737603,249999990
1791386320.235,24002,10000008.4118803,249999989
1791386320.483,24003,10000008.3942403,249999990
1791386320.731,24004,10000008.4112403,249999989
1791386320.982,24005,10000008.3773603,249999990
1791386321.240,24006,10000008.4172004,249999989
1791386321.481,24007,10000008.3828003,249999990
1791386321.743,24008,10000008.4000003,249999990
1791386321.981,24009,10000008.3852770,250000090
1791386322.245,24010,10000008.4100003,249999989
1791386322.485,24011,10000008.3900003,249999990
1791386322.731,24012,10000008.3943203,249999990
1791386323.016,24013,10000008.3978403,249999990
1791386323.232,24014,10000008.4021603,249999989
1791386323.484,24015,10000008.3944003,249999990
1791386323.733,24016,10000008.3916403,249999990
1791386323.985,24017,10000008.4000003,249999990
1791386324.233,24018,10000008.4000003,249999990
1791386324.498,24019,10000008.3940370,250000090
1791386324.734,24020,10000008.3965203,249999990
1791386324.984,24021,10000008.4034803,249999989
1791386325.246,24022,10000008.3743603,249999990
1791386325.496,24023,10000008.4139203,249999989
1791386325.735,24024,10000008.3928403,249999990
1791386325.987,24025,10000008.3932803,249999990
1791386326.245,24026,10000008.3904803,249999990
1791386326.484,24027,10000008.4095203,249999989
1791386326.744,24028,10000008.3811203,249999990
1791386326.993,24029,10000008.3906770,250000090
1791386327.253,24030,10000008.3495603,249999991
1791386327.491,24031,10000008.4000003,249999990
1791386327.735,24032,10000008.3945603,249999990
1791386327.986,24033,10000008.3914803,249999990
1791386328.243,24034,10000008.3860003,249999990
1791386328.496,24035,10000008.4140003,249999989
1791386328.735,24036,10000008.2460802,249999993
1791386329.023,24037,10000008.3890803,249999990
1791386329.236,24038,10000008.4109203,249999989
1791386329.506,24039,10000008.3866803,249999990
1791386329.735,24040,10000008.3930770,250000090
1791386329.984,24041,10000008.4038403,249999989
1791386330.235,24042,10000008.3756403,249999990
1791386330.485,24043,10000008.4124403,249999989
1791386330.738,24044,10000008.3875603,249999990
1791386330.986,24045,10000008.4163604,249999989
1791386331.235,24046,10000008.3750803,249999990
1791386331.484,24047,10000008.4290804,249999989
1791386331.739,24048,10000008.3794803,249999990
1791386331.984,24049,10000008.3848003,249999990
1791386332.240,24050,10000008.4066370,250000089
1791386332.485,24051,10000008.4037203,249999989
1791386332.738,24052,10000008.3634403,249999990
1791386332.984,24053,10000008.4173204,249999989
1791386333.235,24054,10000008.3887603,249999990
1791386333.484,24055,10000008.3938803,249999990
1791386333.734,24056,10000008.3899603,249999990
1791386333.987,24057,10000008.4274004,249999989
1791386334.239,24058,10000008.3626403,249999990
1791386334.485,24059,10000008.4100003,249999989
1791386334.735,24060,10000008.3957570,250000090
1791386334.986,24061,10000008.4000003,249999990
1791386335.235,24062,10000008.3942403,249999990
1791386335.486,24063,10000008.4000003,249999990
1791386335.737,24064,10000008.3943203,249999990
1791386335.985,24065,10000008.3978403,249999990
1791386336.236,24066,10000008.3965203,249999990
1791386336.487,24067,10000008.4000003,249999990
1791386336.743,24068,10000008.3959603,249999990
1791386336.987,24069,10000008.3956803,249999990
1791386337.239,24070,10000008.3999970,250000090
1791386337.489,24071,10000008.3940403,249999990
1791386337.736,24072,10000008.4059603,249999989
1791386337.986,24073,10000008.3823203,249999990
1791386338.237,24074,10000008.4041203,249999989
1791386339.593,24075,10000008.4000003,249999990
1791386339.667,24076,10000008.3958803,249999990
1791386339.667,24077,10000008.3928403,249999990
1791386339.743,24078,10000008.4044003,249999989
1791386339.743,24079,10000008.3888803,249999990
1791386339.884,24080,10000008.3999970,250000090
1791386340.024,24081,10000008.3811203,249999990
1791386340.261,24082,10000008.4093603,249999989
1791386340.563,24083,10000008.3347203,249999991
1791386340.736,24084,10000008.4353204,249999989
1791386341.016,24085,10000008.3947203,249999990
1791386341.239,24086,10000008.3891603,249999990
1791386341.488,24087,10000008.3617603,249999990
1791386341.738,24088,10000008.3792803,249999990
1791386341.986,24089,10000008.4080003,249999989
1791386342.237,24090,10000008.4109970,250000089
1791386342.490,24091,10000008.3890003,249999990
1791386342.737,24092,10000008.2518802,249999993
1791386342.987,24093,10000008.5591205,249999986
1791386343.236,24094,10000008.2446002,249999993
1791386343.487,24095,10000008.3963203,249999990
1791386343.737,24096,10000008.4000003,249999990
1791386343.997,24097,10000008.4036803,249999989
1791386344.259,24098,10000008.4000003,249999990
1791386344.491,24099,10000008.3963203,249999990
1791386344.821,24100,10000008.3838003,249999990
1791386345.742,24101,10000008.4134770,250000089
1791386345.751,24102,10000008.3945203,249999990
1791386348.603,24103,10000008.3920003,249999990
1791386348.603,24104,10000008.4000003,249999990
1791386348.603,24105,10000008.4080003,249999989
1791386348.603,24106,10000008.3880803,249999990
1791386348.650,24107,10000008.3925603,249999990
1791386348.742,24116,10000008.4152003,249999989
1791386348.993,24117,10000008.3896403,249999990
1791386349.242,24118,10000008.4276004,249999989
1791386349.603,24119,10000008.3724003,249999990
1791386349.741,24120,10000008.3911203,249999990
1791386349.994,24121,10000008.3999970,250000090
1791386350.368,24122,10000008.4088803,249999989
1791386350.503,24123,10000008.3737603,249999990
1791386350.752,24124,10000008.4061203,249999989
1791386351.000,24125,10000008.4000003,249999990
1791386351.258,24126,10000008.4057603,249999989
1791386351.489,24127,10000008.3881203,249999990
1791386351.757,24128,10000008.4262404,249999989
1791386351.989,24129,10000008.3737603,249999990
1791386352.243,24130,10000008.4000003,249999990
1791386352.490,24131,10000008.3899570,250000090
1791386352.753,24132,10000008.4100403,249999989
1791386352.994,24133,10000008.3857203,249999990
1791386353.242,24134,10000008.4089603,249999989
1791386353.491,24135,10000008.3910403,249999990
1791386353.755,24136,10000008.4000003,249999990
1791386354.002,24137,10000008.4000003,249999990
1791386354.282,24138,10000008.4204004,249999989
1791386354.492,24139,10000008.3738403,249999990
1791386354.745,24140,10000008.4100003,249999989
1791386354.999,24141,10000008.3899970,250000090
1791386355.248,24142,10000008.4100003,249999989
1791386355.497,24143,10000008.3900003,249999990
1791386355.745,24144,10000008.4057603,249999989
1791386355.992,24145,10000008.3942403,249999990
1791386356.242,24146,10000008.4000003,249999990
1791386356.492,24147,10000008.3943203,249999990
1791386356.743,24148,10000008.4156804,249999989
1791386356.994,24149,10000008.3900003,249999990
1791386357.244,24150,10000008.4000003,249999990
1791386357.494,24151,10000008.3943170,250000090
1791386357.743,24152,10000008.4056803,249999989
1791386357.993,24153,10000008.4000003,249999990
1791386358.242,24154,10000008.3943203,249999990
1791386358.515,24155,10000008.4056803,249999989
1791386358.746,24156,10000008.3943203,249999990
1791386358.992,24157,10000008.3944003,249999990
1791386359.242,24158,10000008.4113203,249999989
1791386359.493,24159,10000008.3886803,249999990
1791386359.792,24160,10000008.4056003,249999989
1791386359.992,24161,10000008.3943970,250000090
1791386360.246,24162,10000008.4056003,249999989
1791386360.494,24163,10000008.4000003,249999990
1791386360.744,24164,10000008.3944003,249999990
1791386360.994,24165,10000008.4000003,249999990
1791386361.243,24166,10000008.4000003,249999990
1791386361.498,24167,10000008.4000003,249999990
1791386361.753,24168,10000008.4056003,249999989
1791386361.995,24169,10000008.3944003,249999990
1791386362.244,24170,10000008.4034803,249999989
1791386362.496,24171,10000008.3924770,250000090
1791386362.745,24172,10000008.4040403,249999989
1791386362.995,24173,10000008.4000003,249999990
1791386363.246,24174,10000008.4000003,249999990
1791386363.494,24175,10000008.3959603,249999990
1791386363.745,24176,10000008.4040403,249999989
1791386363.994,24177,10000008.4000003,249999990
1791386364.243,24178,10000008.4000003,249999990
1791386364.493,24179,10000008.3916403,249999990
1791386364.744,24180,10000008.4083603,249999989
1791386364.996,24181,10000008.3999970,250000090
1791386365.247,24182,10000008.4000003,249999990
1791386365.497,24183,10000008.3959603,249999990
1791386365.747,24184,10000008.3897203,249999990
1791386365.998,24185,10000008.4059603,249999989
1791386366.247,24186,10000008.4083603,249999989
1791386366.494,24187,10000008.3916403,249999990
1791386366.746,24188,10000008.4000003,249999990
1791386366.999,24189,10000008.4000003,249999990
1791386367.246,24190,10000008.4043203,249999989
1791386367.495,24191,10000008.3956770,250000090
1791386367.745,24192,10000008.4043203,249999989
1791386367.995,24193,10000008.3956803,249999990
1791386368.245,24194,10000008.4000003,249999990
1791386368.496,24195,10000008.3940403,249999990
1791386368.745,24196,10000008.4059603,249999989
1791386368.999,24197,10000008.3940403,249999990
1791386369.249,24198,10000008.4000003,249999990
1791386369.498,24199,10000008.4059603,249999989
1791386369.749,24200,10000008.3940403,249999990
1791386370.000,24201,10000008.4059570,250000089
1791386370.247,24202,10000008.4000003,249999990
1791386370.497,24203,10000008.4000003,249999990
1791386370.750,24204,10000008.3751603,249999990
1791386370.996,24205,10000008.4188804,249999989
1791386371.250,24206,10000008.4000003,249999990
1791386371.498,24207,10000008.3965203,249999990
1791386371.747,24208,10000008.3958403,249999990
1791386371.996,24209,10000008.4028403,249999989
1791386372.247,24210,10000008.3971603,249999990
1791386372.497,24211,10000008.3999970,250000090
1791386372.750,24212,10000008.3958803,249999990
1791386372.997,24213,10000008.4041203,249999989
1791386373.260,24214,10000008.3470803,249999991
1791386373.497,24215,10000008.4416404,249999988
1791386373.750,24216,10000008.4000003,249999990
1791386374.000,24217,10000008.4000003,249999990
1791386374.250,24218,10000008.3818003,249999990
1791386374.502,24219,10000008.4182004,249999989
1791386374.751,24220,10000008.3837603,249999990
1791386375.006,24221,10000008.4033970,250000089
1791386375.250,24222,10000008.3872403,249999990
1791386375.498,24223,10000008.4188804,249999989
1791386375.751,24224,10000008.3252003,249999991
1791386375.997,24225,10000008.4398804,249999989
1791386376.251,24226,10000008.3562803,249999991
1791386376.503,24227,10000008.4471604,249999988
1791386376.749,24228,10000008.3422403,249999991
1791386377.000,24229,10000008.3746403,249999990
1791386377.249,24230,10000008.4305204,249999989
1791386377.503,24231,10000008.3851570,250000090
1791386377.750,24232,10000008.3967603,249999990
1791386377.999,24233,10000008.2510802,249999993
1791386378.248,24234,10000008.5618005,249999985
1791386378.503,24235,10000008.2294402,249999994
1791386378.752,24236,10000008.4133203,249999989
1791386378.999,24237,10000008.3890803,249999990
1791386379.249,24238,10000008.4109203,249999989
1791386379.501,24239,10000008.3890803,249999990
1791386379.754,24240,10000008.3945203,249999990
1791386380.000,24241,10000008.3961603,249999990
1791386380.251,24242,10000008.4038370,250000089
1791386380.500,24243,10000008.3961603,249999990
1791386380.750,24244,10000008.3594403,249999991
1791386381.000,24245,10000008.4324804,249999989
1791386381.253,24246,10000008.4039203,249999989
1791386381.504,24247,10000008.3960803,249999990
1791386381.751,24248,10000008.3724003,249999990
1791386382.007,24249,10000008.4357204,249999989
1791386382.249,24250,10000008.3594403,249999991
1791386382.511,24251,10000008.4114803,249999989
1791386382.752,24252,10000008.3789970,250000090
1791386383.003,24253,10000008.4210004,249999989
1791386383.249,24254,10000008.3618003,249999990
1791386383.501,24255,10000008.4172004,249999989
1791386383.749,24256,10000008.3881203,249999990
1791386384.000,24257,10000008.4061203,249999989
1791386384.255,24258,10000008.3838403,249999990
1791386384.504,24259,10000008.4274004,249999989
1791386384.753,24260,10000008.3626403,249999990
1791386385.001,24261,10000008.4057603,249999989
1791386385.254,24262,10000008.3942370,250000090
1791386385.505,24263,10000008.4000003,249999990
1791386385.750,24264,10000008.4000003,249999990
1791386386.001,24265,10000008.3943203,249999990
1791386386.251,24266,10000008.3944003,249999990
1791386386.505,24267,10000008.4000003,249999990
1791386386.753,24268,10000008.3959603,249999990
1791386387.003,24269,10000008.4000003,249999990
1791386387.251,24270,10000008.3956803,249999990
1791386387.503,24271,10000008.3940403,249999990
1791386387.751,24272,10000008.3999970,250000090
1791386388.002,24273,10000008.3965203,249999990
1791386388.251,24274,10000008.4000003,249999990
1791386388.506,24275,10000008.3717203,249999990
1791386388.752,24276,10000008.4061203,249999989
1791386389.001,24277,10000008.4067203,249999989
1791386389.252,24278,10000008.3932803,249999990
1791386389.503,24279,10000008.3811203,249999990
1791386389.776,24280,10000008.4188804,249999989
1791386390.011,24281,10000008.3811203,249999990
1791386390.264,24282,10000008.3944770,250000090
1791386390.502,24283,10000008.3457603,249999991
1791386390.751,24284,10000008.4314004,249999989
1791386391.001,24285,10000008.3686003,249999990
1791386391.251,24286,10000008.4000003,249999990
1791386391.502,24287,10000008.3674803,249999990
1791386391.751,24288,10000008.4122403,249999989
1791386392.007,24289,10000008.3556003,249999991
1791386392.251,24290,10000008.2885602,249999992
1791386392.502,24291,10000008.4082403,249999989
1791386392.755,24292,10000008.3954403,249999990
1791386393.004,24293,10000008.3963170,250000090
1791386393.256,24294,10000008.3972803,249999990
1791386393.503,24295,10000008.5508405,249999986
1791386393.757,24296,10000008.2356802,249999994
1791386394.007,24297,10000008.4162004,249999989
1791386394.257,24298,10000008.3880003,249999990
1791386394.506,24299,10000008.4038403,249999989
1791386394.753,24300,10000008.4081603,249999989
1791386395.022,24301,10000008.3918403,249999990
1791386395.253,24302,10000008.3961603,249999990
1791386395.503,24303,10000008.3918770,250000090
1791386395.754,24304,10000008.4119203,249999989
1791386396.005,24305,10000008.3515603,249999991
1791386396.257,24306,10000008.4324404,249999989
1791386396.506,24307,10000008.4080003,249999989
1791386396.754,24308,10000008.4000003,249999990
1791386397.003,24309,10000008.3684403,249999990
1791386397.254,24310,10000008.4357204,249999989
1791386397.505,24311,10000008.3878403,249999990
1791386397.754,24312,10000008.4040403,249999989
1791386398.003,24313,10000008.3925570,250000090
1791386398.253,24314,10000008.4113603,249999989
1791386398.553,24315,10000008.3684403,249999990
1791386398.753,24316,10000008.4152003,249999989
1791386399.004,24317,10000008.4050003,249999989
1791386399.258,24318,10000008.3894003,249999990
1791386399.506,24319,10000008.3815203,249999990
1791386399.759,24320,10000008.4404404,249999988
1791386400.004,24321,10000008.3750803,249999990
1791386400.255,24322,10000008.4037203,249999989
1791386400.506,24323,10000008.3896370,250000090
1791386400.756,24324,10000008.4152003,249999989
1791386401.004,24325,10000008.3646803,249999990
1791386401.256,24326,10000008.4201204,249999989
1791386401.506,24327,10000008.4000003,249999990
1791386401.757,24328,10000008.4000003,249999990
1791386402.004,24329,10000008.3856403,249999990
1791386402.254,24330,10000008.4379204,249999989
1791386402.513,24331,10000008.3675603,249999990
1791386402.757,24332,10000008.4240804,249999989
1791386403.011,24333,10000008.3704370,250000090
1791386403.254,24334,10000008.4247204,249999989
1791386403.505,24335,10000008.3695203,249999990
1791386403.755,24336,10000008.4112403,249999989
1791386404.004,24337,10000008.4000003,249999990
1791386404.257,24338,10000008.3945203,249999990
1791386404.509,24339,10000008.3881203,249999990
1791386404.756,24340,10000008.4498004,249999988
1791386405.009,24341,10000008.3620803,249999990
1791386405.258,24342,10000008.3942403,249999990
1791386405.506,24343,10000008.3938770,250000090
1791386405.760,24344,10000008.4414004,249999988
1791386406.006,24345,10000008.3586003,249999991
1791386406.259,24346,10000008.4173204,249999989
1791386406.511,24347,10000008.3887603,249999990
1791386406.757,24348,10000008.3938803,249999990
1791386407.008,24349,10000008.4000003,249999990
1791386407.257,24350,10000008.4365604,249999989
1791386407.511,24351,10000008.3634403,249999990
1791386407.757,24352,10000008.4061203,249999989
1791386408.015,24353,10000008.3999970,250000090
1791386408.259,24354,10000008.4057603,249999989
1791386408.507,24355,10000008.3828003,249999990
1791386410.113,24356,10000008.4114403,249999989
1791386410.113,24357,10000008.4000003,249999990
1791386410.113,24358,10000008.3885603,249999990
1791386410.163,24359,10000008.3952803,249999990
1791386410.163,24360,10000008.4362804,249999989
1791386410.259,24362,10000008.4000003,249999990
1791386410.508,24363,10000008.4114370,250000089
1791386410.756,24364,10000008.4000003,249999990
1791386411.007,24365,10000008.3838403,249999990
1791386411.260,24366,10000008.4000003,249999990
1791386411.517,24367,10000008.4000003,249999990
1791386411.766,24368,10000008.4100403,249999989
1791386412.032,24369,10000008.3857203,249999990
1791386412.259,24370,10000008.4261604,249999989
1791386412.508,24371,10000008.3738403,249999990
1791386412.758,24372,10000008.4042403,249999989
1791386413.016,24373,10000008.3957570,250000090
1791386413.258,24374,10000008.4042403,249999989
1791386413.510,24375,10000008.3957603,249999990
1791386413.764,24376,10000008.4042403,249999989
1791386414.008,24377,10000008.3900003,249999990
1791386414.258,24378,10000008.4057603,249999989
1791386414.511,24379,10000008.3942403,249999990
1791386414.760,24380,10000008.4100003,249999989
1791386415.009,24381,10000008.3900003,249999990
1791386415.261,24382,10000008.4000003,249999990
1791386415.510,24383,10000008.3999970,250000090
1791386415.759,24384,10000008.4057603,249999989
1791386416.010,24385,10000008.3942403,249999990
1791386416.262,24386,10000008.4000003,249999990
1791386416.509,24387,10000008.4000003,249999990
1791386416.759,24388,10000008.4100003,249999989
1791386417.009,24389,10000008.3821603,249999990
1791386417.259,24390,10000008.4078403,249999989
1791386417.517,24391,10000008.3943203,249999990
1791386417.764,24392,10000008.4056803,249999989
1791386418.014,24393,10000008.3943170,250000090
1791386418.264,24394,10000008.4016403,249999989
1791386418.515,24395,10000008.3983603,249999990
1791386418.764,24396,10000008.4000003,249999990
1791386419.015,24397,10000008.3944003,249999990
1791386419.266,24398,10000008.4056003,249999989
1791386419.514,24399,10000008.3903203,249999990
1791386419.768,24400,10000008.4075203,249999989
1791386420.020,24401,10000008.3924803,249999990
1791386420.265,24402,10000008.4040403,249999989
1791386420.516,24403,10000008.3999970,250000090
1791386420.766,24404,10000008.4000003,249999990
1791386421.016,24405,10000008.4000003,249999990
1791386421.266,24406,10000008.3916403,249999990
1791386421.516,24407,10000008.4000003,249999990
1791386421.777,24408,10000008.4043203,249999989
1791386422.017,24409,10000008.3956803,249999990
1791386422.280,24410,10000008.3940403,249999990
1791386422.516,24411,10000008.4000003,249999990
1791386422.766,24412,10000008.4059603,249999989
1791386423.021,24413,10000008.3940370,250000090
1791386423.268,24414,10000008.4000003,249999990
1791386423.518,24415,10000008.4000003,249999990
1791386423.766,24416,10000008.3965203,249999990
1791386424.020,24417,10000008.3958403,249999990
1791386424.272,24418,10000008.4028403,249999989
1791386424.517,24419,10000008.3930803,249999990
1791386424.769,24420,10000008.3928403,249999990
1791386425.022,24421,10000008.4112803,249999989
1791386425.271,24422,10000008.3958803,249999990
1791386425.518,24423,10000008.3971970,250000090
1791386425.767,24424,10000008.3956003,249999990
1791386425.968,24425,10000008.4044003,249999989
1791386426.218,24426,10000008.3380003,249999991
1791386426.468,24427,10000008.4508804,249999988
1791386426.770,24428,10000008.3904803,249999990
1791386427.019,24429,10000008.4034003,249999989
1791386427.271,24430,10000008.3746403,249999990
1791386427.521,24431,10000008.3168803,249999992
1791386427.770,24432,10000008.4864004,249999987
1791386428.019,24433,10000008.4037970,250000089
1791386428.270,24434,10000008.3735203,249999990
1791386428.519,24435,10000008.3952803,249999990
1791386428.770,24436,10000008.3769603,249999990
1791386429.019,24437,10000008.4000003,249999990
1791386429.268,24438,10000008.4000003,249999990
1791386429.520,24439,10000008.4000003,249999990
1791386429.768,24440,10000008.3830003,249999990
1791386430.018,24441,10000008.2446002,249999993
1791386430.273,24442,10000008.5444405,249999986
1791386430.520,24443,10000008.3999970,250000090
1791386430.769,24444,10000008.4000003,249999990
1791386431.025,24445,10000008.2555602,249999993
1791386431.271,24446,10000008.5584405,249999986
1791386431.519,24447,10000008.2378802,249999994
1791386431.771,24448,10000008.4036803,249999989
1791386432.020,24449,10000008.3881203,249999990
1791386432.269,24450,10000008.4164004,249999989
1791386432.527,24451,10000008.3954403,249999990
1791386432.772,24452,10000008.3912403,249999990
1791386433.025,24453,10000008.4023603,249999989
1791386433.273,24454,10000008.3976370,250000090
1791386433.523,24455,10000008.4023603,249999989
1791386433.770,24456,10000008.3460803,249999991
1791386434.024,24457,10000008.4404404,249999988
1791386434.272,24458,10000008.4041603,249999989
1791386434.521,24459,10000008.4000003,249999990
1791386434.769,24460,10000008.4000003,249999990
1791386435.022,24461,10000008.4093203,249999989
1791386435.269,24462,10000008.3906803,249999990
1791386435.519,24463,10000008.3958403,249999990
1791386435.770,24464,10000008.3886370,250000090
1791386436.020,24465,10000008.4113603,249999989
1791386436.271,24466,10000008.3541203,249999991
1791386436.522,24467,10000008.4379204,249999989
1791386436.769,24468,10000008.4080003,249999989
1791386437.021,24469,10000008.3920003,249999990
1791386437.270,24470,10000008.3716003,249999990
1791386437.523,24471,10000008.4364004,249999989
1791386437.769,24472,10000008.4041603,249999989
1791386438.020,24473,10000008.3594403,249999991
1791386438.269,24474,10000008.4048370,250000089
1791386439.623,24475,10000008.4152003,249999989
1791386439.623,24476,10000008.3586003,249999991
1791386439.623,24477,10000008.4173204,249999989
1791386439.668,24478,10000008.4000003,249999990
1791386439.668,24479,10000008.4000003,249999990
1791386439.719,24480,10000008.3887603,249999990
1791386439.970,24481,10000008.4353204,249999989
1791386440.219,24482,10000008.3646803,249999990
1791386440.469,24483,10000008.4000003,249999990
1791386440.722,24484,10000008.3938770,250000090
1791386440.972,24485,10000008.4061203,249999989
1791386441.220,24486,10000008.3838403,249999990
1791386441.469,24487,10000008.4100403,249999989
1791386441.721,24488,10000008.4000003,249999990
1791386441.969,24489,10000008.3899603,249999990
1791386442.226,24490,10000008.3957603,249999990
1791386442.472,24491,10000008.4204004,249999989
1791386442.727,24492,10000008.3738403,249999990
1791386442.970,24493,10000008.4057603,249999989
1791386443.219,24494,10000008.3942370,250000090
1791386443.474,24495,10000008.4100003,249999989
1791386443.724,24496,10000008.3900003,249999990
1791386443.971,24497,10000008.4000003,249999990
1791386444.224,24498,10000008.3886803,249999990
1791386444.482,24499,10000008.4113203,249999989
1791386444.721,24500,10000008.3943203,249999990
1791386444.972,24501,10000008.4056803,249999989
1791386445.231,24502,10000008.3886803,249999990
1791386445.472,24503,10000008.4000003,249999990
1791386445.722,24504,10000008.3999970,250000090
1791386445.974,24505,10000008.4000003,249999990
1791386446.224,24506,10000008.4000003,249999990
1791386446.472,24507,10000008.3959603,249999990
1791386446.723,24508,10000008.3956803,249999990
1791386446.973,24509,10000008.4043203,249999989
1791386447.226,24510,10000008.3956803,249999990
1791386447.472,24511,10000008.3940403,249999990
1791386447.722,24512,10000008.4059603,249999989
1791386447.972,24513,10000008.4000003,249999990
1791386448.226,24514,10000008.3940370,250000090
1791386448.478,24515,10000008.3965203,249999990
1791386448.723,24516,10000008.4034803,249999989
1791386448.974,24517,10000008.3882803,249999990
1791386449.222,24518,10000008.4000003,249999990
1791386449.523,24519,10000008.4041203,249999989
1791386449.724,24520,10000008.4000003,249999990
1791386449.972,24521,10000008.3887203,249999990
1791386450.226,24522,10000008.4071603,249999989
1791386450.472,24523,10000008.4000003,249999990
1791386450.723,24524,10000008.3928370,250000090
1791386450.973,24525,10000008.3932803,249999990
1791386451.227,24526,10000008.4067203,249999989
1791386451.473,24527,10000008.3325203,249999991
1791386451.726,24528,10000008.4512404,249999988
1791386451.973,24529,10000008.4000003,249999990
1791386452.223,24530,10000008.3980403,249999990
1791386452.476,24531,10000008.3642403,249999990
1791386452.724,24532,10000008.4472404,249999988
1791386452.973,24533,10000008.3302403,249999991
1791386453.223,24534,10000008.4302770,250000089
1791386453.476,24535,10000008.3608403,249999990
1791386453.723,24536,10000008.4178804,249999989
1791386453.976,24537,10000008.3766803,249999990
1791386454.224,24538,10000008.3948403,249999990
1791386454.478,24539,10000008.3903203,249999990
1791386454.727,24540,10000008.4050403,249999989
1791386454.974,24541,10000008.3872403,249999990
1791386455.224,24542,10000008.2555602,249999993
1791386455.476,24543,10000008.4093603,249999989
1791386455.728,24544,10000008.3952003,249999990
1791386455.975,24545,10000008.3917570,250000090
1791386456.224,24546,10000008.4082403,249999989
1791386456.474,24547,10000008.5476005,249999986
1791386456.727,24548,10000008.2391202,249999994
1791386456.974,24549,10000008.4050803,249999989
1791386457.224,24550,10000008.3949203,249999990
1791386457.476,24551,10000008.4023603,249999989
1791386457.725,24552,10000008.4027203,249999989
1791386457.976,24553,10000008.4000003,249999990
1791386458.224,24554,10000008.3838003,249999990
1791386458.477,24555,10000008.4041570,250000089
1791386458.724,24556,10000008.4038403,249999989
1791386458.974,24557,10000008.3460803,249999991
1791386459.226,24558,10000008.4500804,249999988
1791386459.474,24559,10000008.3918803,249999990
1791386459.774,24560,10000008.4000003,249999990
1791386459.974,24561,10000008.3875603,249999990
1791386460.224,24562,10000008.4205204,249999989
1791386460.475,24563,10000008.3958403,249999990
1791386460.725,24564,10000008.3886403,249999990
1791386460.975,24565,10000008.3949970,250000090
1791386461.225,24566,10000008.4083603,249999989
1791386461.475,24567,10000008.3620803,249999990
1791386461.725,24568,10000008.4143603,249999989
1791386461.975,24569,10000008.3911203,249999990
1791386462.234,24570,10000008.4088803,249999989
1791386462.594,24571,10000008.3856403,249999990
1791386462.734,24572,10000008.4379204,249999989
1791386462.977,24573,10000008.3563203,249999991
1791386463.227,24574,10000008.4112403,249999989
1791386463.486,24575,10000008.3887570,250000090
1791386463.728,24576,10000008.4057603,249999989
1791386465.129,24577,10000008.3828003,249999990
1791386465.129,24578,10000008.4114403,249999989
1791386465.129,24579,10000008.3938803,249999990
1791386465.189,24580,10000008.3946803,249999990
1791386465.189,24581,10000008.3952803,249999990
1791386465.245,24582,10000008.4274004,249999989
1791386465.514,24583,10000008.3726003,249999990
1791386465.750,24584,10000008.4047203,249999989
1791386465.978,24585,10000008.3852770,250000090
1791386466.231,24586,10000008.4100003,249999989
1791386466.479,24587,10000008.3900003,249999990
1791386466.729,24588,10000008.4000003,249999990
1791386466.978,24589,10000008.4000003,249999990
1791386467.227,24590,10000008.4000003,249999990
1791386467.478,24591,10000008.3943203,249999990
1791386467.729,24592,10000008.4056803,249999989
1791386467.978,24593,10000008.3943203,249999990
1791386468.228,24594,10000008.4000003,249999990
1791386468.478,24595,10000008.3978370,250000090
1791386468.739,24596,10000008.4021603,249999989
1791386468.978,24597,10000008.3978403,249999990
1791386469.229,24598,10000008.3965203,249999990
1791386469.483,24599,10000008.3959603,249999990
1791386469.755,24600,10000008.4040403,249999989
1791386469.979,24601,10000008.3916403,249999990
1791386470.233,24602,10000008.4000003,249999990
1791386470.480,24603,10000008.4000003,249999990
1791386470.731,24604,10000008.4000003,249999990
1791386470.980,24605,10000008.3999970,250000090
1791386471.230,24606,10000008.4000003,249999990
1791386471.508,24607,10000008.4000003,249999990
1791386471.730,24608,10000008.3823203,249999990
1791386471.982,24609,10000008.4117203,249999989
1791386472.233,24610,10000008.3952003,249999990
1791386472.480,24611,10000008.4000003,249999990
1791386472.731,24612,10000008.3902803,249999990
1791386472.980,24613,10000008.4145204,249999989
1791386473.230,24614,10000008.3924003,249999990
1791386473.493,24615,10000008.3887170,250000090
1791386473.735,24616,10000008.3932803,249999990
1791386473.981,24617,10000008.4139203,249999989
1791386474.230,24618,10000008.3352003,249999991
1791386474.480,24619,10000008.4508804,249999988
1791386474.730,24620,10000008.4000003,249999990
1791386474.982,24621,10000008.4000003,249999990
1791386475.230,24622,10000008.3811203,249999990
1791386475.483,24623,10000008.4188804,249999989
1791386475.730,24624,10000008.3862403,249999990
1791386475.980,24625,10000008.3999970,250000090
1791386476.230,24626,10000008.3742803,249999990
1791386476.482,24627,10000008.4150804,249999989
1791386476.735,24628,10000008.3496003,249999991
1791386476.988,24629,10000008.4433204,249999988
1791386477.231,24630,10000008.3566803,249999991
1791386477.481,24631,10000008.4275604,249999989
1791386477.731,24632,10000008.3631603,249999990
1791386477.981,24633,10000008.3694803,249999990
1791386478.232,24634,10000008.4253604,249999989
1791386478.481,24635,10000008.3999970,250000090
1791386478.736,24636,10000008.4000003,249999990
1791386478.981,24637,10000008.3966403,249999990
1791386479.232,24638,10000008.4085203,249999989
1791386479.483,24639,10000008.3819203,249999990
1791386479.732,24640,10000008.3955203,249999990
1791386479.981,24641,10000008.3920003,249999990
1791386480.234,24642,10000008.4010403,249999989
1791386480.481,24643,10000008.2588002,249999993
1791386480.733,24644,10000008.5412005,249999986
1791386480.981,24645,10000008.2588002,249999993
1791386481.231,24646,10000008.4082370,250000089
1791386481.484,24647,10000008.3890803,249999990
1791386481.731,24648,10000008.5585205,249999986
1791386481.982,24649,10000008.2478802,249999993
1791386482.234,24650,10000008.4045603,249999989
1791386482.481,24651,10000008.3917603,249999990
1791386482.734,24652,10000008.4082403,249999989
1791386482.983,24653,10000008.3954403,249999990
1791386483.232,24654,10000008.3963203,249999990
1791386483.482,24655,10000008.4000003,249999990
1791386483.734,24656,10000008.4036770,250000089
1791386483.985,24657,10000008.3912403,249999990
1791386484.233,24658,10000008.5532005,249999986
1791386484.484,24659,10000008.2398802,249999994
1791386484.732,24660,10000008.4093203,249999989
1791386484.984,24661,10000008.3945203,249999990
1791386485.232,24662,10000008.4081603,249999989
1791386485.483,24663,10000008.4000003,249999990
1791386485.737,24664,10000008.3972803,249999990
1791386485.984,24665,10000008.3945203,249999990
1791386486.232,24666,10000008.3999970,250000090
1791386486.488,24667,10000008.4000003,249999990
1791386486.734,24668,10000008.5493605,249999986
1791386486.985,24669,10000008.2468002,249999993
1791386487.237,24670,10000008.4069203,249999989
1791386487.485,24671,10000008.3888803,249999990
1791386487.734,24672,10000008.4080003,249999989
1791386487.985,24673,10000008.4054803,249999989
1791386488.335,24674,10000008.3945203,249999990
1791386488.484,24675,10000008.4000003,249999990
1791386488.738,24676,10000008.3999970,250000090
1791386488.985,24677,10000008.4000003,249999990
1791386489.234,24678,10000008.3840003,249999990
1791386489.484,24679,10000008.4160004,249999989
1791386489.735,24680,10000008.4000003,249999990
1791386489.985,24681,10000008.4031203,249999989
1791386490.234,24682,10000008.4000003,249999990
1791386490.485,24683,10000008.4050803,249999989
1791386490.735,24684,10000008.3918403,249999990
1791386490.988,24685,10000008.3961603,249999990
1791386491.238,24686,10000008.4038370,250000089
1791386491.485,24687,10000008.4000003,249999990
1791386491.741,24688,10000008.3840003,249999990
1791386491.988,24689,10000008.4080003,249999989
1791386492.236,24690,10000008.4080003,249999989
1791386492.485,24691,10000008.4000003,249999990
1791386492.740,24692,10000008.4054803,249999989
1791386492.986,24693,10000008.4027203,249999989
1791386493.236,24694,10000008.3949203,249999990
1791386493.485,24695,10000008.3968803,249999990
1791386493.736,24696,10000008.3999970,250000090
1791386493.987,24697,10000008.3961603,249999990
1791386494.241,24698,10000008.3594403,249999991
1791386494.490,24699,10000008.4405604,249999988
1791386494.739,24700,10000008.4038403,249999989
1791386494.987,24701,10000008.4054803,249999989
1791386495.244,24702,10000008.3945203,249999990
1791386495.494,24703,10000008.4081603,249999989
1791386495.744,24704,10000008.3972803,249999990
1791386495.991,24705,10000008.3906803,249999990
1791386496.250,24706,10000008.4038370,250000089
1791386496.493,24707,10000008.4000003,249999990
1791386496.746,24708,10000008.5562805,249999986
1791386496.994,24709,10000008.2398802,249999994
1791386497.242,24710,10000008.4093203,249999989
1791386497.492,24711,10000008.3906803,249999990
1791386497.742,24712,10000008.4156804,249999989
1791386497.994,24713,10000008.3936003,249999990
1791386498.246,24714,10000008.4027203,249999989
1791386498.492,24715,10000008.3918403,249999990
1791386498.743,24716,10000008.4081570,250000089
1791386498.992,24717,10000008.3972803,249999990
1791386499.241,24718,10000008.5508405,249999986
1791386499.494,24719,10000008.2437202,249999993
1791386499.742,24720,10000008.4118803,249999989
1791386499.993,24721,10000008.3936003,249999990
1791386500.245,24722,10000008.4109203,249999989
1791386500.498,24723,10000008.3917603,249999990
1791386500.744,24724,10000008.4000003,249999990
1791386501.000,24725,10000008.3949203,249999990
1791386501.242,24726,10000008.4050770,250000089
1791386501.493,24727,10000008.3972803,249999990
1791386501.742,24728,10000008.5508405,249999986
1791386501.995,24729,10000008.2356802,249999994
1791386502.242,24730,10000008.4198804,249999989
1791386502.496,24731,10000008.3881203,249999990
1791386502.743,24732,10000008.4118803,249999989
1791386502.992,24733,10000008.3936003,249999990
1791386503.244,24734,10000008.4000003,249999990
1791386503.493,24735,10000008.3945203,249999990
1791386503.743,24736,10000008.4031170,250000089
1791386503.995,24737,10000008.4000003,249999990
1791386504.244,24738,10000008.5532005,249999986
1791386504.496,24739,10000008.2398802,249999994
1791386504.748,24740,10000008.4093203,249999989
1791386504.993,24741,10000008.3945203,249999990
1791386505.246,24742,10000008.4031203,249999989
1791386505.493,24743,10000008.3968803,249999990
1791386505.743,24744,10000008.4000003,249999990
1791386505.993,24745,10000008.4000003,249999990
1791386506.246,24746,10000008.3919970,250000090
1791386506.493,24747,10000008.4111203,249999989
1791386506.747,24748,10000008.3573603,249999991
1791386506.992,24749,10000008.4395604,249999989
1791386507.243,24750,10000008.3920003,249999990
1791386507.495,24751,10000008.4041603,249999989
1791386507.748,24752,10000008.3958403,249999990
1791386507.993,24753,10000008.4162004,249999989
1791386508.249,24754,10000008.3880003,249999990
1791386508.497,24755,10000008.3958403,249999990
1791386508.743,24756,10000008.3999970,250000090
1791386508.996,24757,10000008.4041603,249999989
1791386509.243,24758,10000008.3441603,249999991
1791386509.493,24759,10000008.4436804,249999988
1791386509.747,24760,10000008.3916403,249999990
1791386509.994,24761,10000008.4083603,249999989
1791386510.249,24762,10000008.3764403,249999990
1791386510.494,24763,10000008.4357204,249999989
1791386510.744,24764,10000008.3794803,249999990
1791386510.993,24765,10000008.3914403,249999990
1791386511.246,24766,10000008.3933570,250000090
1791386511.494,24767,10000008.4152003,249999989
1791386511.748,24768,10000008.3586003,249999991
1791386511.993,24769,10000008.4173204,249999989
1791386512.247,24770,10000008.3887603,249999990
1791386512.498,24771,10000008.4000003,249999990
1791386512.744,24772,10000008.4057603,249999989
1791386512.996,24773,10000008.4210004,249999989
1791386513.245,24774,10000008.3618003,249999990
1791386513.494,24775,10000008.4114403,249999989
1791386513.745,24776,10000008.3938770,250000090
1791386514.012,24777,10000008.3946803,249999990
1791386514.245,24778,10000008.3952803,249999990
1791386514.495,24779,10000008.4000003,249999990
1791386514.751,24780,10000008.4047203,249999989
1791386514.995,24781,10000008.3910403,249999990
1791386515.244,24782,10000008.3942403,249999990
1791386515.495,24783,10000008.4147203,249999989
1791386515.750,24784,10000008.3796003,249999990
1791386516.010,24785,10000008.4056803,249999989
1791386516.245,24786,10000008.3959570,250000090
1791386516.498,24787,10000008.4040403,249999989
1791386516.748,24788,10000008.3886803,249999990
1791386516.998,24789,10000008.4000003,249999990
1791386517.251,24790,10000008.4000003,249999990
1791386517.498,24791,10000008.4000003,249999990
1791386517.752,24792,10000008.3916403,249999990
1791386517.999,24793,10000008.4000003,249999990
1791386518.251,24794,10000008.4000003,249999990
1791386518.498,24795,10000008.4000003,249999990
1791386518.748,24796,10000008.3892370,250000090
1791386519.000,24797,10000008.4048003,249999989
1791386519.252,24798,10000008.4000003,249999990
1791386519.498,24799,10000008.3811203,249999990
1791386519.748,24800,10000008.4112803,249999989
1791386519.998,24801,10000008.3958803,249999990
1791386520.251,24802,10000008.3972003,249999990
1791386520.498,24803,10000008.3888803,249999990
1791386520.752,24804,10000008.4139203,249999989
1791386521.001,24805,10000008.3799603,249999990
1791386521.248,24806,10000008.4061170,250000089
1791386521.498,24807,10000008.3811203,249999990
1791386521.751,24808,10000008.4093603,249999989
1791386522.003,24809,10000008.3397603,249999991
1791386522.249,24810,10000008.4348804,249999989
1791386522.499,24811,10000008.3651203,249999990
1791386522.749,24812,10000008.4250004,249999989
1791386523.000,24813,10000008.3555203,249999991
1791386523.252,24814,10000008.3746403,249999990
1791386523.502,24815,10000008.4124403,249999989
1791386523.749,24816,10000008.4065170,250000089
1791386523.999,24817,10000008.3934803,249999990
1791386524.251,24818,10000008.3875603,249999990
1791386524.500,24819,10000008.4220004,249999989
1791386524.749,24820,10000008.2460802,249999993
1791386525.000,24821,10000008.3954403,249999990
1791386525.252,24822,10000008.3963203,249999990
1791386525.499,24823,10000008.4036803,249999989
1791386525.753,24824,10000008.4000003,249999990
1791386526.001,24825,10000008.4000003,249999990
1791386526.249,24826,10000008.3881203,249999990
1791386526.501,24827,10000008.3999970,250000090
1791386526.758,24828,10000008.4000003,249999990
1791386527.000,24829,10000008.5562805,249999986
1791386527.250,24830,10000008.2398802,249999994
1791386527.501,24831,10000008.4000003,249999990
1791386527.754,24832,10000008.4038403,249999989
1791386528.002,24833,10000008.4000003,249999990
1791386528.254,24834,10000008.4054803,249999989
1791386528.500,24835,10000008.3945203,249999990
1791386528.751,24836,10000008.3840003,249999990
1791386529.001,24837,10000008.4159970,250000089
1791386529.254,24838,10000008.4000003,249999990
1791386529.501,24839,10000008.3604403,249999990
1791386529.751,24840,10000008.4235604,249999989
1791386530.004,24841,10000008.4080003,249999989
1791386530.251,24842,10000008.4000003,249999990
1791386530.501,24843,10000008.3960803,249999990
1791386530.751,24844,10000008.4119203,249999989
1791386531.004,24845,10000008.4000003,249999990
1791386531.251,24846,10000008.3880803,249999990
1791386531.501,24847,10000008.3959570,250000090
1791386531.755,24848,10000008.4080003,249999989
1791386532.001,24849,10000008.3541203,249999991
1791386532.256,24850,10000008.4419604,249999988
1791386532.502,24851,10000008.3959603,249999990
1791386532.751,24852,10000008.4080003,249999989
1791386533.002,24853,10000008.3836403,249999990
1791386533.251,24854,10000008.4243604,249999989
1791386533.507,24855,10000008.3880803,249999990
1791386533.751,24856,10000008.4081203,249999989
1791386534.006,24857,10000008.3794770,250000090
1791386534.252,24858,10000008.4163604,249999989
1791386534.504,24859,10000008.3483203,249999991
1791386534.758,24860,10000008.4477204,249999988
1791386535.007,24861,10000008.4000003,249999990
1791386535.253,24862,10000008.4000003,249999990
1791386535.504,24863,10000008.3724003,249999990
1791386535.758,24864,10000008.4395604,249999989
1791386536.003,24865,10000008.3920003,249999990
1791386536.254,24866,10000008.3960803,249999990
1791386536.508,24867,10000008.3959570,250000090
1791386536.757,24868,10000008.4080003,249999989
1791386537.004,24869,10000008.3541203,249999991
1791386537.257,24870,10000008.4379204,249999989
1791386537.504,24871,10000008.4121603,249999989
1791386537.759,24872,10000008.3958403,249999990
1791386538.005,24873,10000008.3960803,249999990
1791386538.258,24874,10000008.4119203,249999989
1791386538.508,24875,10000008.4000003,249999990
1791386538.760,24876,10000008.3920003,249999990
1791386539.005,24877,10000008.4041570,250000089
1791386539.305,24878,10000008.4038403,249999989
1791386539.509,24879,10000008.3556003,249999991
1791386539.757,24880,10000008.4405604,249999988
1791386540.006,24881,10000008.4069203,249999989
1791386540.255,24882,10000008.3809203,249999990
1791386540.506,24883,10000008.4160004,249999989
1791386540.756,24884,10000008.4118803,249999989
1791386541.008,24885,10000008.3963203,249999990
1791386541.257,24886,10000008.3798803,249999990
1791386541.505,24887,10000008.4081170,250000089
1791386541.758,24888,10000008.4038403,249999989
1791386542.007,24889,10000008.3920003,249999990
1791386542.258,24890,10000008.4111203,249999989
1791386542.506,24891,10000008.4000003,249999990
1791386542.757,24892,10000008.4000003,249999990
1791386543.006,24893,10000008.4023603,249999989
1791386543.257,24894,10000008.4000003,249999990
1791386543.506,24895,10000008.4000003,249999990
1791386543.756,24896,10000008.4000003,249999990
1791386544.006,24897,10000008.4063970,250000089
1791386544.260,24898,10000008.3936003,249999990
1791386544.507,24899,10000008.5618005,249999985
1791386544.757,24900,10000008.2408802,249999993
1791386545.007,24901,10000008.4082403,249999989
1791386545.261,24902,10000008.5319205,249999986
1791386545.507,24903,10000008.2680802,249999993
1791386545.762,24904,10000008.4000003,249999990
1791386546.007,24905,10000008.5821605,249999985
1791386546.262,24906,10000008.3687170,250000090
1791386546.507,24907,10000008.4063603,249999989
1791386546.758,24908,10000008.4194804,249999989
1791386547.007,24909,10000008.3911203,249999990
1791386547.262,24910,10000008.4230404,249999989
1791386547.508,24911,10000008.4000003,249999990
1791386547.757,24912,10000008.4367204,249999989
1791386548.011,24913,10000008.3632803,249999990
1791386548.258,24914,10000008.4556004,249999988
1791386548.511,24915,10000008.3811203,249999990
1791386548.759,24916,10000008.4051170,250000089
1791386549.012,24917,10000008.4042403,249999989
1791386549.266,24918,10000008.4162404,249999989
1791386549.512,24919,10000008.3325203,249999991
1791386549.763,24920,10000008.4706004,249999988
1791386550.014,24921,10000008.3968803,249999990
1791386550.262,24922,10000008.4031203,249999989
1791386550.515,24923,10000008.4000003,249999990
1791386550.764,24924,10000008.4110003,249999989
1791386551.013,24925,10000008.4013203,249999989
1791386551.265,24926,10000008.4034770,250000089
1791386551.517,24927,10000008.4000003,249999990
1791386551.763,24928,10000008.4059603,249999989
1791386552.016,24929,10000008.3940403,249999990
1791386552.262,24930,10000008.4059603,249999989
1791386552.513,24931,10000008.4083603,249999989
1791386552.767,24932,10000008.3916403,249999990
1791386553.012,24933,10000008.4043203,249999989
1791386553.265,24934,10000008.4040403,249999989
1791386553.512,24935,10000008.4000003,249999990
1791386553.763,24936,10000008.3999970,250000090
1791386554.013,24937,10000008.4056003,249999989
1791386554.266,24938,10000008.4056803,249999989
1791386554.512,24939,10000008.3943203,249999990
1791386554.767,24940,10000008.4056803,249999989
1791386555.016,24941,10000008.4000003,249999990
1791386555.262,24942,10000008.4000003,249999990
1791386555.514,24943,10000008.4147203,249999989
1791386555.780,24944,10000008.3852803,249999990
1791386556.015,24945,10000008.4057603,249999989
1791386556.266,24946,10000008.4042370,250000089
1791386556.516,24947,10000008.4047203,249999989
1791386556.976,24948,10000008.3852803,249999990
1791386557.024,24949,10000008.4147203,249999989
1791386557.266,24950,10000008.3910403,249999990
1791386557.523,24951,10000008.4142804,249999989
1791386557.768,24952,10000008.3899603,249999990
1791386558.035,24953,10000008.4362804,249999989
1791386558.266,24954,10000008.3684403,249999990
1791386558.521,24955,10000008.4114403,249999989
1791386558.791,24956,10000008.3999970,250000090
1791386559.024,24957,10000008.4112403,249999989
1791386559.270,24958,10000008.3726003,249999990
1791386559.537,24959,10000008.4219204,249999989
1791386559.820,24960,10000008.4054803,249999989
1791386560.018,24961,10000008.4040403,249999989
1791386560.465,24962,10000008.3847603,249999990
1791386560.517,24963,10000008.4516804,249999988
1791386560.767,24964,10000008.3595603,249999991
1791386561.016,24965,10000008.3945203,249999990
1791386561.268,24966,10000008.4379170,250000089
1791386561.519,24967,10000008.3830803,249999990
1791386561.769,24968,10000008.3732403,249999990
1791386562.017,24969,10000008.4201204,249999989
1791386562.268,24970,10000008.4000003,249999990
1791386562.517,24971,10000008.4066403,249999989
1791386562.772,24972,10000008.3844803,249999990
1791386563.020,24973,10000008.4446004,249999988
1791386563.268,24974,10000008.3642803,249999990
1791386563.517,24975,10000008.4152003,249999989
1791386563.773,24976,10000008.3847970,250000090
1791386564.019,24977,10000008.4152003,249999989
1791386564.271,24978,10000008.3704403,249999990
1791386564.523,24979,10000008.4295604,249999989
1791386564.769,24980,10000008.4000003,249999990
1791386565.019,24981,10000008.4000003,249999990
1791386565.274,24982,10000008.3848003,249999990
1791386565.521,24983,10000008.4315604,249999989
1791386565.769,24984,10000008.3750803,249999990
1791386566.020,24985,10000008.4085603,249999989
1791386566.272,24986,10000008.3847970,250000090
1791386566.522,24987,10000008.4152003,249999989
1791386566.770,24988,10000008.3646803,249999990
1791386567.020,24989,10000008.4353204,249999989
1791386567.364,24990,10000008.3914403,249999990
1791386567.608,24991,10000008.4085603,249999989
1791386567.865,24992,10000008.3848003,249999990
1791386568.020,24993,10000008.4315604,249999989
1791386568.275,24994,10000008.3684403,249999990
1791386568.520,24995,10000008.4066403,249999989
1791386568.775,24996,10000008.3933570,250000090
1791386569.022,24997,10000008.4000003,249999990
1791386569.271,24998,10000008.3737603,249999990
1791386569.570,24999,10000008.4173204,249999989
1791386569.721,25000,10000008.4040403,249999989
1791386570.023,25001,10000008.4000003,249999990
1791386570.271,25002,10000008.3847603,249999990
1791386570.521,25003,10000008.4304804,249999989
1791386570.778,25004,10000008.3695203,249999990
1791386570.974,25005,10000008.4057603,249999989
1791386571.223,25006,10000008.3881170,250000090
1791386571.474,25007,10000008.4061203,249999989
1791386571.723,25008,10000008.3796003,249999990
1791386571.972,25009,10000008.4204004,249999989
1791386572.223,25010,10000008.3885603,249999990
1791386572.476,25011,10000008.4000003,249999990
1791386572.724,25012,10000008.3852803,249999990
1791386572.972,25013,10000008.4200404,249999989
1791386573.222,25014,10000008.3799603,249999990
1791386573.476,25015,10000008.4000003,249999990
1791386573.723,25016,10000008.3999970,250000090
1791386573.973,25017,10000008.3943203,249999990
1791386574.224,25018,10000008.4000003,249999990
1791386574.475,25019,10000008.3944003,249999990
1791386574.724,25020,10000008.3959603,249999990
1791386574.975,25021,10000008.4000003,249999990
1791386575.223,25022,10000008.3956803,249999990
1791386575.474,25023,10000008.3940403,249999990
1791386575.724,25024,10000008.4000003,249999990
1791386575.973,25025,10000008.4000003,249999990
1791386576.224,25026,10000008.3923970,250000090
1791386576.475,25027,10000008.3958803,249999990
1791386576.726,25028,10000008.3972003,249999990
1791386576.973,25029,10000008.3494003,249999991
1791386577.227,25030,10000008.4299604,249999989
1791386577.476,25031,10000008.3957603,249999990
1791386577.724,25032,10000008.3893603,249999990
1791386577.974,25033,10000008.3457603,249999991
1791386578.224,25034,10000008.3640403,249999990
1791386578.477,25035,10000008.4305204,249999989
1791386578.726,25036,10000008.3694770,250000090
1791386578.977,25037,10000008.4010403,249999989
1791386579.224,25038,10000008.2561202,249999993
1791386579.476,25039,10000008.5585205,249999986
1791386579.726,25040,10000008.2360002,249999994
1791386579.976,25041,10000008.4054803,249999989
1791386580.228,25042,10000008.3865203,249999990
1791386580.477,25043,10000008.4000003,249999990
1791386580.730,25044,10000008.4111203,249999989
1791386580.978,25045,10000008.3849603,249999990
1791386582.668,25046,10000008.3925603,249999990
1791386582.668,25047,10000008.3864370,250000090
1791386582.668,25048,10000008.4000003,249999990
1791386582.716,25049,10000008.3732403,249999990
1791386582.716,25050,10000008.4057603,249999989
1791386582.761,25052,10000008.4118803,249999989
1791386582.982,25053,10000008.3680803,249999990
1791386583.230,25054,10000008.4261604,249999989
1791386583.479,25055,10000008.3738403,249999990
1791386583.729,25056,10000008.4000003,249999990
1791386583.981,25057,10000008.3943170,250000090
1791386584.241,25058,10000008.4000003,249999990
1791386584.483,25059,10000008.3944003,249999990
1791386584.734,25060,10000008.3916403,249999990
1791386584.984,25061,10000008.3940403,249999990
1791386585.232,25062,10000008.4000003,249999990
1791386585.487,25063,10000008.3924003,249999990
1791386585.736,25064,10000008.3887203,249999990
1791386585.986,25065,10000008.4112803,249999989
1791386586.238,25066,10000008.3820003,249999990
1791386586.487,25067,10000008.3862370,250000090
1791386586.739,25068,10000008.3788403,249999990
1791386586.986,25069,10000008.4104803,249999989
1791386587.240,25070,10000008.3457603,249999991
1791386587.491,25071,10000008.3830003,249999990
1791386587.739,25072,10000008.3844803,249999990
1791386587.986,25073,10000008.4090003,249999989
1791386588.289,25074,10000008.2659602,249999993
1791386588.489,25075,10000008.3851603,249999990
1791386588.740,25076,10000008.3936003,249999990
1791386589.009,25077,10000008.3865203,249999990
1791386589.241,25078,10000008.3999970,250000090
1791386589.488,25079,10000008.4080003,249999989
1791386589.738,25080,10000008.3700403,249999990
1791386589.991,25081,10000008.4056003,249999989
1791386590.239,25082,10000008.4124403,249999989
1791386590.489,25083,10000008.3959603,249999990
1791386590.739,25084,10000008.3830803,249999990
1791386590.989,25085,10000008.4290804,249999989
1791386591.240,25086,10000008.3709203,249999990
1791386591.490,25087,10000008.4000003,249999990
1791386591.740,25088,10000008.3885170,250000090
1791386591.995,25089,10000008.4152003,249999989
1791386592.241,25090,10000008.3634403,249999990
1791386592.492,25091,10000008.4118803,249999989
1791386592.741,25092,10000008.3942403,249999990
1791386592.992,25093,10000008.4000003,249999990
1791386593.246,25094,10000008.3838403,249999990
1791386593.493,25095,10000008.4362804,249999989
1791386593.746,25096,10000008.3637203,249999990
1791386593.996,25097,10000008.4000003,249999990
1791386594.243,25098,10000008.3957570,250000090
1791386594.494,25099,10000008.4042403,249999989
1791386594.746,25100,10000008.3900003,249999990
1791386594.996,25101,10000008.4000003,249999990
1791386595.247,25102,10000008.4000003,249999990
1791386595.499,25103,10000008.4000003,249999990
1791386595.746,25104,10000008.3943203,249999990
1791386596.003,25105,10000008.4056803,249999989
1791386596.246,25106,10000008.3943203,249999990
1791386596.497,25107,10000008.3944003,249999990
1791386596.747,25108,10000008.4055970,250000089
1791386596.996,25109,10000008.4000003,249999990
1791386597.247,25110,10000008.4000003,249999990
1791386597.496,25111,10000008.4000003,249999990
1791386597.746,25112,10000008.3944003,249999990
1791386597.996,25113,10000008.4056003,249999989
1791386598.258,25114,10000008.3944003,249999990
1791386598.499,25115,10000008.4056003,249999989
1791386598.750,25116,10000008.4056803,249999989
1791386598.996,25117,10000008.3886803,249999990
1791386599.250,25118,10000008.4055970,250000089
1791386599.497,25119,10000008.4056803,249999989
1791386599.746,25120,10000008.3943203,249999990
1791386599.997,25121,10000008.4000003,249999990
1791386600.248,25122,10000008.3944003,249999990
1791386600.497,25123,10000008.4034803,249999989
1791386600.747,25124,10000008.4000003,249999990
1791386600.998,25125,10000008.4021603,249999989
1791386601.248,25126,10000008.3944003,249999990
1791386601.498,25127,10000008.4113203,249999989
1791386601.756,25128,10000008.3999970,250000090
1791386601.997,25129,10000008.3959603,249999990
1791386602.251,25130,10000008.3983603,249999990
1791386602.498,25131,10000008.4056803,249999989
1791386602.750,25132,10000008.3943203,249999990
1791386603.000,25133,10000008.4056803,249999989
1791386603.249,25134,10000008.4000003,249999990
1791386603.500,25135,10000008.4100003,249999989
1791386603.749,25136,10000008.3900003,249999990
1791386604.003,25137,10000008.4000003,249999990
1791386604.253,25138,10000008.3999970,250000090
1791386604.503,25139,10000008.4057603,249999989
1791386604.749,25140,10000008.3942403,249999990
1791386605.000,25141,10000008.4100003,249999989
1791386605.250,25142,10000008.3900003,249999990
1791386605.502,25143,10000008.4147203,249999989
1791386605.751,25144,10000008.3910403,249999990
1791386606.000,25145,10000008.4261604,249999989
1791386606.252,25146,10000008.3680803,249999990
1791386606.500,25147,10000008.4200404,249999989
1791386606.750,25148,10000008.3899570,250000090
1791386607.001,25149,10000008.4219204,249999989
1791386607.255,25150,10000008.3780803,249999990
1791386607.503,25151,10000008.4274004,249999989
1791386607.751,25152,10000008.3826803,249999990
1791386608.001,25153,10000008.4000003,249999990
1791386608.256,25154,10000008.3946803,249999990
1791386608.501,25155,10000008.4382004,249999989
1791386608.751,25156,10000008.3618003,249999990
1791386609.013,25157,10000008.4226404,249999989
1791386609.256,25158,10000008.3887570,250000090
1791386609.507,25159,10000008.4353204,249999989
1791386609.759,25160,10000008.3586003,249999991
1791386610.006,25161,10000008.4173204,249999989
1791386610.255,25162,10000008.4040403,249999989
1791386610.502,25163,10000008.3959603,249999990
1791386610.752,25164,10000008.3920003,249999990
1791386611.003,25165,10000008.4484404,249999988
1791386611.256,25166,10000008.3595603,249999991
1791386611.502,25167,10000008.4155204,249999989
1791386611.752,25168,10000008.3885170,250000090
1791386612.002,25169,10000008.4200404,249999989
1791386612.253,25170,10000008.3646803,249999990
1791386612.504,25171,10000008.4267604,249999989
1791386612.758,25172,10000008.4000003,249999990
1791386613.003,25173,10000008.4085603,249999989
1791386613.257,25174,10000008.3848003,249999990
1791386613.505,25175,10000008.4357204,249999989
1791386613.755,25176,10000008.3794803,249999990
1791386614.003,25177,10000008.4124403,249999989
1791386614.257,25178,10000008.3959570,250000090
1791386614.504,25179,10000008.3916403,249999990
1791386614.755,25180,10000008.3646803,249999990
1791386615.005,25181,10000008.4403204,249999988
1791386615.254,25182,10000008.4033603,249999989
1791386615.504,25183,10000008.3916403,249999990
1791386615.754,25184,10000008.4000003,249999990
1791386616.008,25185,10000008.4298404,249999989
1791386616.258,25186,10000008.3751603,249999990
1791386616.504,25187,10000008.4074403,249999989
1791386616.754,25188,10000008.3999970,250000090
1791386617.005,25189,10000008.4039203,249999989
1791386617.254,25190,10000008.3483203,249999991
1791386617.506,25191,10000008.4436804,249999988
1791386617.755,25192,10000008.4040403,249999989
1791386618.005,25193,10000008.3959603,249999990
1791386618.259,25194,10000008.3916403,249999990
1791386618.509,25195,10000008.4243604,249999989
1791386618.756,25196,10000008.3920003,249999990
1791386619.007,25197,10000008.3920003,249999990
1791386619.260,25198,10000008.4040370,250000089
1791386619.510,25199,10000008.4039203,249999989
1791386619.757,25200,10000008.3483203,249999991
1791386620.008,25201,10000008.4353204,249999989
1791386620.258,25202,10000008.3951603,249999990
1791386620.507,25203,10000008.4098403,249999989
1791386620.766,25204,10000008.4033603,249999989
1791386621.009,25205,10000008.4160004,249999989
1791386621.257,25206,10000008.3756403,249999990
1791386621.507,25207,10000008.4000003,249999990
1791386621.757,25208,10000008.3999970,250000090
1791386622.009,25209,10000008.4083603,249999989
1791386622.258,25210,10000008.3620803,249999990
1791386622.507,25211,10000008.4210004,249999989
1791386622.764,25212,10000008.4000003,249999990
1791386623.011,25213,10000008.3933603,249999990
1791386623.257,25214,10000008.3951603,249999990
1791386623.507,25215,10000008.4284004,249999989
1791386623.759,25216,10000008.3563203,249999991
1791386624.008,25217,10000008.4112403,249999989
1791386624.262,25218,10000008.3945170,250000090
1791386624.508,25219,10000008.4143603,249999989
1791386624.761,25220,10000008.3737603,249999990
1791386625.008,25221,10000008.4061203,249999989
1791386625.261,25222,10000008.4000003,249999990
1791386625.507,25223,10000008.4057603,249999989
1791386625.759,25224,10000008.3828003,249999990
1791386626.010,25225,10000008.4315604,249999989
1791386626.275,25226,10000008.3637203,249999990
1791386626.508,25227,10000008.4047203,249999989
1791386626.758,25228,10000008.3999970,250000090
1791386627.010,25229,10000008.4000003,249999990
1791386627.259,25230,10000008.3910403,249999990
1791386627.509,25231,10000008.4000003,249999990
1791386627.763,25232,10000008.4000003,249999990
1791386628.013,25233,10000008.3942403,249999990
1791386628.260,25234,10000008.4000003,249999990
1791386628.509,25235,10000008.4057603,249999989
1791386628.760,25236,10000008.3829203,249999990
1791386629.013,25237,10000008.4113203,249999989
1791386629.262,25238,10000008.3886770,250000090
1791386629.511,25239,10000008.4056003,249999989
1791386629.759,25240,10000008.3944003,249999990
1791386630.012,25241,10000008.3916403,249999990
1791386630.261,25242,10000008.4043203,249999989
1791386630.511,25243,10000008.4000003,249999990
1791386630.759,25244,10000008.3956803,249999990
1791386631.009,25245,10000008.4000003,249999990
1791386631.268,25246,10000008.4000003,249999990
1791386631.514,25247,10000008.4000003,249999990
1791386631.760,25248,10000008.3940370,250000090
1791386632.010,25249,10000008.3924003,249999990
1791386632.260,25250,10000008.4076003,249999989
1791386632.510,25251,10000008.3743603,249999990
1791386632.764,25252,10000008.4139203,249999989
1791386633.018,25253,10000008.4000003,249999990
1791386633.267,25254,10000008.3928403,249999990
1791386633.517,25255,10000008.3871203,249999990
1791386633.765,25256,10000008.4128803,249999989
1791386634.011,25257,10000008.3932803,249999990
1791386634.261,25258,10000008.3862370,250000090
1791386634.511,25259,10000008.3742803,249999990
1791386634.761,25260,10000008.4257204,249999989
1791386635.011,25261,10000008.3440003,249999991
1791386635.261,25262,10000008.4141603,249999989
1791386635.514,25263,10000008.3715203,249999990
1791386635.762,25264,10000008.4143203,249999989
1791386636.013,25265,10000008.3708403,249999990
1791386636.265,25266,10000008.3843203,249999990
1791386636.515,25267,10000008.4124403,249999989
1791386636.763,25268,10000008.3909970,250000090
1791386637.011,25269,10000008.3678403,249999990
1791386637.261,25270,10000008.2922802,249999992
1791386637.513,25271,10000008.5521205,249999986
1791386637.771,25272,10000008.2414802,249999993
1791386638.015,25273,10000008.4027203,249999989
1791386638.265,25274,10000008.3949203,249999990
1791386638.518,25275,10000008.3888803,249999990
1791386638.762,25276,10000008.4162004,249999989
1791386639.012,25277,10000008.3918403,249999990
1791386639.313,25278,10000008.3880803,249999990
1791386639.520,25279,10000008.4119170,250000089
1791386639.771,25280,10000008.3961603,249999990
1791386640.013,25281,10000008.3499203,249999991
1791386640.268,25282,10000008.4295604,249999989
1791386640.513,25283,10000008.4050003,249999989
1791386640.766,25284,10000008.4033603,249999989
1791386641.014,25285,10000008.3916403,249999990
1791386641.268,25286,10000008.4163604,249999989
1791386641.514,25287,10000008.3836403,249999990
1791386641.763,25288,10000008.3848003,249999990
1791386642.021,25289,10000008.3999970,250000090
1791386642.264,25290,10000008.4066403,249999989
1791386642.516,25291,10000008.3671203,249999990
1791386642.763,25292,10000008.4173204,249999989
1791386643.013,25293,10000008.4000003,249999990
1791386643.270,25294,10000008.3887603,249999990
1791386643.514,25295,10000008.3938803,249999990
1791386643.763,25296,10000008.4328804,249999989
1791386644.047,25297,10000008.3618003,249999990
1791386644.291,25298,10000008.4053203,249999989
1791386644.517,25299,10000008.3946770,250000090
1791386644.763,25300,10000008.4114403,249999989
1791386645.014,25301,10000008.3796003,249999990
1791386645.269,25302,10000008.4089603,249999989
1791386645.517,25303,10000008.3852803,249999990
1791386645.764,25304,10000008.4057603,249999989
1791386646.017,25305,10000008.3942403,249999990
1791386646.266,25306,10000008.4200404,249999989
1791386646.514,25307,10000008.3742803,249999990
1791386646.769,25308,10000008.4056803,249999989
1791386647.014,25309,10000008.3943170,250000090
1791386647.265,25310,10000008.4056803,249999989
1791386647.514,25311,10000008.3921603,249999990
1791386647.767,25312,10000008.3965203,249999990
1791386648.018,25313,10000008.4000003,249999990
1791386648.264,25314,10000008.4000003,249999990
1791386648.514,25315,10000008.3959603,249999990
1791386648.769,25316,10000008.3956803,249999990
1791386649.017,25317,10000008.4000003,249999990
1791386649.268,25318,10000008.4000003,249999990
1791386649.558,25319,10000008.3999970,250000090
1791386649.787,25320,10000008.3940403,249999990
1791386650.017,25321,10000008.4000003,249999990
1791386650.265,25322,10000008.3854803,249999990
1791386650.516,25323,10000008.4068803,249999989
1791386650.765,25324,10000008.4000003,249999990
1791386651.025,25325,10000008.3958803,249999990
1791386651.269,25326,10000008.3860803,249999990
1791386651.515,25327,10000008.4139203,249999989
1791386651.767,25328,10000008.3860803,249999990
1791386652.022,25329,10000008.3999970,250000090
1791386652.266,25330,10000008.3862403,249999990
1791386652.533,25331,10000008.4137603,249999989
1791386652.766,25332,10000008.3302403,249999991
1791386653.063,25333,10000008.4453604,249999988
1791386653.270,25334,10000008.3688003,249999990
1791386653.517,25335,10000008.4207204,249999989
1791386653.766,25336,10000008.3423203,249999991
1791386654.016,25337,10000008.3780003,249999990
1791386654.267,25338,10000008.4448404,249999988
1791386654.516,25339,10000008.3759170,250000090
1791386654.766,25340,10000008.3949603,249999990
1791386655.017,25341,10000008.3843203,249999990
1791386655.269,25342,10000008.4253604,249999989
1791386655.517,25343,10000008.3826403,249999990
1791386655.770,25344,10000008.2704002,249999993
1791386656.017,25345,10000008.3787603,249999990
1791386656.268,25346,10000008.4109203,249999989
1791386656.519,25347,10000008.3954403,249999990
1791386656.771,25348,10000008.3936003,249999990
1791386657.017,25349,10000008.3945203,249999990
1791386657.273,25350,10000008.4054770,250000089
1791386657.518,25351,10000008.3976403,249999990
1791386657.771,25352,10000008.3809203,249999990
1791386658.018,25353,10000008.4121603,249999989
1791386658.273,25354,10000008.3958403,249999990
1791386658.522,25355,10000008.4041603,249999989
1791386658.769,25356,10000008.3958403,249999990
1791386659.026,25357,10000008.4134803,249999989
1791386659.270,25358,10000008.3865203,249999990
1791386659.522,25359,10000008.3960803,249999990
1791386659.772,25360,10000008.3959570,250000090
1791386660.019,25361,10000008.4000003,249999990
1791386660.276,25362,10000008.3563203,249999991
1791386660.523,25363,10000008.4353204,249999989
1791386660.771,25364,10000008.3914403,249999990
1791386661.022,25365,10000008.4000003,249999990
1791386661.273,25366,10000008.3933603,249999990
1791386661.529,25367,10000008.4235604,249999989
1791386661.770,25368,10000008.3764403,249999990
1791386662.020,25369,10000008.3951603,249999990
1791386662.275,25370,10000008.4048370,250000089
1791386662.520,25371,10000008.3951603,249999990
1791386662.770,25372,10000008.3733203,249999990
1791386663.020,25373,10000008.4146403,249999989
1791386663.271,25374,10000008.3967603,249999990
1791386663.521,25375,10000008.3938803,249999990
1791386663.773,25376,10000008.4000003,249999990
1791386664.021,25377,10000008.4213604,249999989
1791386664.275,25378,10000008.3733203,249999990
1791386664.524,25379,10000008.3952803,249999990
1791386664.772,25380,10000008.3999970,250000090
1791386665.021,25381,10000008.4100403,249999989
1791386665.272,25382,10000008.3857203,249999990
1791386665.472,25383,10000008.4089603,249999989
1791386665.726,25384,10000008.3852803,249999990
1791386665.973,25385,10000008.4057603,249999989
1791386666.227,25386,10000008.3942403,249999990
1791386666.474,25387,10000008.4057603,249999989
1791386666.724,25388,10000008.3885603,249999990
1791386666.977,25389,10000008.4056803,249999989
1791386667.228,25390,10000008.3943170,250000090
1791386667.474,25391,10000008.4000003,249999990
1791386667.725,25392,10000008.4056803,249999989
1791386667.978,25393,10000008.3886803,249999990
1791386668.226,25394,10000008.4000003,249999990
1791386668.480,25395,10000008.4113203,249999989
1791386668.730,25396,10000008.3803203,249999990
1791386668.978,25397,10000008.4000003,249999990
1791386669.227,25398,10000008.4000003,249999990
1791386669.481,25399,10000008.4000003,249999990
1791386669.732,25400,10000008.3940370,250000090
1791386669.983,25401,10000008.3965203,249999990
1791386670.229,25402,10000008.4094403,249999989
1791386670.479,25403,10000008.3795603,249999990
1791386670.731,25404,10000008.4068803,249999989
1791386670.981,25405,10000008.3958803,249999990
1791386671.231,25406,10000008.4000003,249999990
1791386671.485,25407,10000008.3860803,249999990
1791386671.733,25408,10000008.4139203,249999989
1791386671.987,25409,10000008.3928403,249999990
1791386672.239,25410,10000008.3932770,250000090
1791386672.488,25411,10000008.3885203,249999990
1791386672.736,25412,10000008.4114803,249999989
1791386672.986,25413,10000008.3302403,249999991
1791386673.240,25414,10000008.4508804,249999988
1791386673.486,25415,10000008.3874003,249999990
1791386673.739,25416,10000008.4070803,249999989
1791386673.990,25417,10000008.3546403,249999991
1791386674.239,25418,10000008.3551603,249999991
1791386674.490,25419,10000008.4359604,249999989
1791386674.737,25420,10000008.3945570,250000090
1791386674.990,25421,10000008.3851603,249999990
1791386675.237,25422,10000008.4000003,249999990
1791386675.486,25423,10000008.4096803,249999989
1791386675.736,25424,10000008.3826403,249999990
1791386675.987,25425,10000008.2601202,249999993
1791386676.240,25426,10000008.5319205,249999986
1791386676.490,25427,10000008.3712803,249999990
1791386676.736,25428,10000008.2885602,249999992
1791386676.990,25429,10000008.4082403,249999989
1791386677.237,25430,10000008.3836003,249999990
1791386677.491,25431,10000008.3919970,250000090
1791386677.737,25432,10000008.4080003,249999989
1791386677.987,25433,10000008.3840003,249999990
1791386678.237,25434,10000008.4121603,249999989
1791386678.487,25435,10000008.4000003,249999990
1791386678.737,25436,10000008.3918803,249999990
1791386678.987,25437,10000008.4081203,249999989
1791386679.237,25438,10000008.4093203,249999989
1791386679.486,25439,10000008.3865203,249999990
1791386679.738,25440,10000008.4000003,249999990
1791386679.987,25441,10000008.3999970,250000090
1791386680.245,25442,10000008.4041603,249999989
1791386680.492,25443,10000008.3499203,249999991
1791386680.739,25444,10000008.4379204,249999989
1791386680.990,25445,10000008.4000003,249999990
1791386681.237,25446,10000008.3916403,249999990
1791386681.536,25447,10000008.3848003,249999990
1791386681.737,25448,10000008.4315604,249999989
1791386681.987,25449,10000008.3595603,249999991
1791386682.241,25450,10000008.4155204,249999989
1791386682.498,25451,10000008.3789970,250000090
1791386682.737,25452,10000008.4143603,249999989
1791386682.990,25453,10000008.3737603,249999990
1791386683.237,25454,10000008.4173204,249999989
1791386683.487,25455,10000008.4000003,249999990
1791386683.749,25456,10000008.3887603,249999990
1791386684.001,25457,10000008.4000003,249999990
1791386684.245,25458,10000008.4201204,249999989
1791386684.488,25459,10000008.3684403,249999990
1791386684.738,25460,10000008.3952803,249999990
1791386684.988,25461,10000008.3999970,250000090
1791386685.240,25462,10000008.4047203,249999989
1791386685.488,25463,10000008.3910403,249999990
1791386685.740,25464,10000008.4000003,249999990
1791386685.988,25465,10000008.4042403,249999989
1791386686.239,25466,10000008.3957603,249999990
1791386686.490,25467,10000008.3942403,249999990
1791386686.739,25468,10000008.4100003,249999989
1791386686.999,25469,10000008.3900003,249999990
1791386687.239,25470,10000008.4000003,249999990
1791386687.491,25471,10000008.3943170,250000090
1791386687.774,25472,10000008.4056803,249999989
1791386687.996,25473,10000008.3921603,249999990
1791386688.248,25474,10000008.4000003,249999990
1791386688.545,25475,10000008.3965203,249999990
1791386688.741,25476,10000008.4056003,249999989
1791386688.991,25477,10000008.3903203,249999990
1791386689.239,25478,10000008.3956803,249999990
1791386689.510,25479,10000008.4043203,249999989
1791386689.741,25480,10000008.3956803,249999990
1791386689.994,25481,10000008.4083570,250000089
1791386690.269,25482,10000008.3856803,249999990
1791386690.490,25483,10000008.4102803,249999989
1791386690.770,25484,10000008.3897203,249999990
1791386690.990,25485,10000008.4059603,249999989
1791386691.240,25486,10000008.3940403,249999990
1791386691.498,25487,10000008.4000003,249999990
1791386691.803,25488,10000008.4000003,249999990
1791386691.990,25489,10000008.4000003,249999990
1791386692.243,25490,10000008.4059603,249999989
1791386692.490,25491,10000008.3892370,250000090
1791386692.786,25492,10000008.4013203,249999989
1791386692.998,25493,10000008.4034803,249999989
1791386693.248,25494,10000008.3924003,249999990
1791386693.490,25495,10000008.4041603,249999989
1791386693.751,25496,10000008.4000003,249999990
1791386693.995,25497,10000008.4034803,249999989
1791386694.240,25498,10000008.3924003,249999990
1791386694.494,25499,10000008.4076003,249999989
1791386694.740,25500,10000008.3965203,249999990
1791386694.990,25501,10000008.3986770,250000090
1791386695.268,25502,10000008.4048003,249999989
1791386695.494,25503,10000008.4059603,249999989
1791386695.747,25504,10000008.3940403,249999990
1791386695.995,25505,10000008.4000003,249999990
1791386696.246,25506,10000008.4000003,249999990
1791386696.501,25507,10000008.4000003,249999990
1791386696.741,25508,10000008.4000003,249999990
1791386696.992,25509,10000008.4000003,249999990
1791386697.247,25510,10000008.4059603,249999989
1791386697.493,25511,10000008.3999970,250000090
1791386697.745,25512,10000008.4000003,249999990
1791386697.999,25513,10000008.4043203,249999989
1791386698.243,25514,10000008.3956803,249999990
1791386698.503,25515,10000008.4000003,249999990
1791386698.742,25516,10000008.4000003,249999990
1791386698.994,25517,10000008.4043203,249999989
1791386699.262,25518,10000008.4000003,249999990
1791386699.493,25519,10000008.4000003,249999990
1791386699.751,25520,10000008.4040403,249999989
1791386699.995,25521,10000008.3999970,250000090
1791386700.243,25522,10000008.4056003,249999989
1791386700.496,25523,10000008.4000003,249999990
1791386700.754,25524,10000008.4056803,249999989
1791386701.000,25525,10000008.3921603,249999990
1791386701.248,25526,10000008.4078403,249999989
1791386701.495,25527,10000008.4000003,249999990
1791386701.744,25528,10000008.4147203,249999989
1791386701.992,25529,10000008.3852803,249999990
1791386702.246,25530,10000008.4057603,249999989
1791386702.493,25531,10000008.3942370,250000090
1791386702.742,25532,10000008.4057603,249999989
1791386702.997,25533,10000008.3942403,249999990
1791386703.243,25534,10000008.4057603,249999989
1791386703.494,25535,10000008.4042403,249999989
1791386703.741,25536,10000008.4000003,249999990
1791386703.993,25537,10000008.4000003,249999990
1791386704.243,25538,10000008.4219204,249999989
1791386704.506,25539,10000008.3828003,249999990
1791386704.743,25540,10000008.4114403,249999989
1791386704.992,25541,10000008.3838370,250000090
1791386705.243,25542,10000008.4194004,249999989
1791386705.496,25543,10000008.3806003,249999990
1791386705.743,25544,10000008.4219204,249999989
1791386705.993,25545,10000008.3942403,249999990
1791386706.243,25546,10000008.4057603,249999989
1791386706.494,25547,10000008.3881203,249999990
1791386706.745,25548,10000008.4414004,249999988
1791386706.993,25549,10000008.3646803,249999990
1791386707.243,25550,10000008.4112403,249999989
1791386707.499,25551,10000008.3999970,250000090
1791386707.746,25552,10000008.4155204,249999989
1791386707.995,25553,10000008.3671203,249999990
1791386708.243,25554,10000008.4262404,249999989
1791386708.496,25555,10000008.4000003,249999990
1791386708.755,25556,10000008.4066403,249999989
1791386709.008,25557,10000008.3933603,249999990
1791386709.254,25558,10000008.4315604,249999989
1791386709.494,25559,10000008.3886403,249999990
1791386709.743,25560,10000008.4113603,249999989
1791386709.993,25561,10000008.3684370,250000090
1791386710.244,25562,10000008.4315604,249999989
1791386710.507,25563,10000008.3541203,249999991
1791386710.749,25564,10000008.4419604,249999988
1791386710.994,25565,10000008.4039203,249999989
1791386711.245,25566,10000008.4000003,249999990
1791386711.521,25567,10000008.4000003,249999990
1791386711.757,25568,10000008.4198804,249999989
1791386711.993,25569,10000008.3912403,249999990
1791386712.243,25570,10000008.3930803,249999990
1791386712.495,25571,10000008.3999970,250000090
1791386712.744,25572,10000008.4038403,249999989
1791386712.997,25573,10000008.5562805,249999986
1791386713.246,25574,10000008.2491602,249999993
1791386713.497,25575,10000008.3906803,249999990
1791386713.747,25576,10000008.4038403,249999989
1791386713.995,25577,10000008.4000003,249999990
1791386714.250,25578,10000008.4081603,249999989
1791386714.495,25579,10000008.4036803,249999989
1791386714.744,25580,10000008.3963203,249999990
1791386714.999,25581,10000008.4082370,250000089
1791386715.245,25582,10000008.3917603,249999990
1791386715.499,25583,10000008.5608805,249999985
1791386715.748,25584,10000008.3872403,249999990
1791386715.996,25585,10000008.2555602,249999993
1791386716.257,25586,10000008.5364405,249999986
1791386716.496,25587,10000008.4080003,249999989
1791386716.745,25588,10000008.3920003,249999990
1791386716.995,25589,10000008.4156804,249999989
1791386717.250,25590,10000008.4202770,250000089
1791386717.503,25591,10000008.3797203,249999990
1791386717.747,25592,10000008.4382004,249999989
1791386717.996,25593,10000008.3821203,249999990
1791386718.246,25594,10000008.4038403,249999989
1791386718.497,25595,10000008.4050403,249999989
1791386718.747,25596,10000008.4090403,249999989
1791386718.996,25597,10000008.3909603,249999990
1791386719.251,25598,10000008.3551603,249999991
1791386719.510,25599,10000008.4305204,249999989
1791386719.746,25600,10000008.4143170,250000089
1791386719.996,25601,10000008.3856803,249999990
1791386720.246,25602,10000008.4143203,249999989
1791386720.500,25603,10000008.3856803,249999990
1791386720.754,25604,10000008.4000003,249999990
1791386721.085,25605,10000008.3902003,249999990
1791386721.337,25606,10000008.4046003,249999989
1791386721.501,25607,10000008.3903203,249999990
1791386721.751,25608,10000008.3843203,249999990
1791386722.002,25609,10000008.4080003,249999989
1791386722.251,25610,10000008.4044770,250000089
1791386722.500,25611,10000008.3910003,249999990
1791386722.750,25612,10000008.2601202,249999993
1791386723.000,25613,10000008.5554005,249999986
1791386723.251,25614,10000008.2382002,249999994
1791386723.499,25615,10000008.4064003,249999989
1791386723.751,25616,10000008.3843203,249999990
1791386724.004,25617,10000008.4069203,249999989
1791386724.255,25618,10000008.4023603,249999989
1791386724.503,25619,10000008.3906803,249999990
1791386724.752,25620,10000008.4000003,249999990
1791386725.001,25621,10000008.3958370,250000090
1791386725.252,25622,10000008.4000003,249999990
1791386725.502,25623,10000008.3541203,249999991
1791386725.751,25624,10000008.4295604,249999989
1791386726.008,25625,10000008.3848003,249999990
1791386726.256,25626,10000008.4000003,249999990
1791386726.504,25627,10000008.3798803,249999990
1791386726.751,25628,10000008.4353204,249999989
1791386727.010,25629,10000008.3532803,249999991
1791386727.254,25630,10000008.4000003,249999990
1791386727.506,25631,10000008.3952770,250000090
1791386727.753,25632,10000008.3900003,249999990
1791386728.001,25633,10000008.4000003,249999990
1791386728.252,25634,10000008.3943203,249999990
1791386728.506,25635,10000008.3903203,249999990
1791386728.792,25636,10000008.4000003,249999990
1791386729.005,25637,10000008.3897203,249999990
1791386729.258,25638,10000008.3882803,249999990
1791386729.506,25639,10000008.4000003,249999990
1791386729.756,25640,10000008.3860803,249999990
1791386730.006,25641,10000008.3938770,250000090
1791386730.260,25642,10000008.3588803,249999991
1791386730.504,25643,10000008.3829203,249999990
1791386730.757,25644,10000008.3750803,249999990
1791386731.009,25645,10000008.3781203,249999990
1791386731.256,25646,10000008.2601202,249999993
1791386731.508,25647,10000008.3881203,249999990
1791386731.758,25648,10000008.3961603,249999990
1791386732.007,25649,10000008.4120003,249999989
1791386732.256,25650,10000008.3838003,249999990
1791386732.507,25651,10000008.3960803,249999990
1791386732.757,25652,10000008.3790370,250000090
1791386733.008,25653,10000008.4085603,249999989
1791386733.256,25654,10000008.3586003,249999991
1791386733.508,25655,10000008.4061203,249999989
1791386733.758,25656,10000008.3838403,249999990
1791386734.013,25657,10000008.4000003,249999990
1791386734.255,25658,10000008.3900003,249999990
1791386734.507,25659,10000008.4100003,249999989
1791386734.765,25660,10000008.3787203,249999990
1791386735.091,25661,10000008.3959603,249999990
1791386735.255,25662,10000008.3956770,250000090
1791386735.508,25663,10000008.3905603,249999990
1791386735.759,25664,10000008.3958403,249999990
1791386736.009,25665,10000008.3263603,249999991
1791386736.256,25666,10000008.4418404,249999988
1791386736.509,25667,10000008.3742803,249999990
1791386736.759,25668,10000008.3787203,249999990
1791386737.007,25669,10000008.3586003,249999991
1791386737.262,25670,10000008.2474002,249999993
1791386737.511,25671,10000008.4082403,249999989
1791386737.761,25672,10000008.3836003,249999990
1791386738.021,25673,10000008.3999970,250000090
1791386738.259,25674,10000008.4031203,249999989
1791386738.511,25675,10000008.3430003,249999991
1791386738.758,25676,10000008.4295604,249999989
1791386739.011,25677,10000008.3848003,249999990
1791386739.308,25678,10000008.4000003,249999990
1791386739.507,25679,10000008.3798803,249999990
1791386739.758,25680,10000008.4403204,249999988
1791386740.009,25681,10000008.3536003,249999991
1791386740.262,25682,10000008.3946803,249999990
1791386740.509,25683,10000008.3910370,250000090
1791386740.758,25684,10000008.4000003,249999990
1791386741.011,25685,10000008.3942403,249999990
1791386741.260,25686,10000008.3921603,249999990
1791386741.508,25687,10000008.3965203,249999990
1791386741.762,25688,10000008.4000003,249999990
1791386742.008,25689,10000008.3916403,249999990
1791386742.261,25690,10000008.3940403,249999990
1791386742.512,25691,10000008.4000003,249999990
1791386742.763,25692,10000008.3924003,249999990
1791386743.014,25693,10000008.3958770,250000090
1791386743.264,25694,10000008.3860803,249999990
1791386743.520,25695,10000008.4000003,249999990
1791386743.759,25696,10000008.3302403,249999991
1791386744.010,25697,10000008.4141603,249999989
1791386744.260,25698,10000008.3663603,249999990
1791386744.512,25699,10000008.4051603,249999989
1791386744.760,25700,10000008.3774803,249999990
1791386745.010,25701,10000008.2518802,249999993
1791386745.262,25702,10000008.4036803,249999989
1791386745.512,25703,10000008.3963203,249999990
1791386745.761,25704,10000008.3949170,250000090
1791386746.011,25705,10000008.3968803,249999990
1791386746.264,25706,10000008.3515603,249999991
1791386746.514,25707,10000008.4404404,249999988
1791386746.762,25708,10000008.4041603,249999989
1791386747.012,25709,10000008.3878403,249999990
1791386747.262,25710,10000008.3916403,249999990
1791386747.512,25711,10000008.4243604,249999989
1791386747.763,25712,10000008.3604403,249999990
1791386748.017,25713,10000008.4066403,249999989
1791386748.261,25714,10000008.3933570,250000090
1791386748.518,25715,10000008.4000003,249999990
1791386748.760,25716,10000008.3684403,249999990
1791386749.013,25717,10000008.4226404,249999989
1791386749.260,25718,10000008.3945203,249999990
1791386749.516,25719,10000008.3942403,249999990
1791386749.764,25720,10000008.3885603,249999990
1791386750.020,25721,10000008.4266804,249999989
1791386750.264,25722,10000008.3685603,249999990
1791386750.512,25723,10000008.4047203,249999989
1791386750.765,25724,10000008.3910370,250000090
1791386751.015,25725,10000008.4000003,249999990
1791386751.266,25726,10000008.4000003,249999990
1791386751.512,25727,10000008.3942403,249999990
1791386751.766,25728,10000008.4000003,249999990
1791386752.013,25729,10000008.4000003,249999990
1791386752.262,25730,10000008.3943203,249999990
1791386752.520,25731,10000008.4114403,249999989
1791386752.762,25732,10000008.3885603,249999990
1791386753.033,25733,10000008.4056803,249999989
1791386753.263,25734,10000008.3943170,250000090
1791386753.513,25735,10000008.4056803,249999989
1791386753.762,25736,10000008.4000003,249999990
1791386754.015,25737,10000008.4000003,249999990
1791386754.269,25738,10000008.3943203,249999990
1791386754.518,25739,10000008.4056803,249999989
1791386754.777,25740,10000008.3943203,249999990
1791386755.016,25741,10000008.4114403,249999989
1791386755.265,25742,10000008.3942403,249999990
1791386755.514,25743,10000008.4000003,249999990
1791386755.762,25744,10000008.3999970,250000090
1791386756.016,25745,10000008.4000003,249999990
1791386756.272,25746,10000008.4000003,249999990
1791386756.519,25747,10000008.4057603,249999989
1791386756.778,25748,10000008.4042403,249999989
1791386757.016,25749,10000008.4047203,249999989
1791386757.265,25750,10000008.3852803,249999990
1791386757.516,25751,10000008.4373604,249999989
1791386757.770,25752,10000008.3773603,249999990
1791386758.015,25753,10000008.4053203,249999989
1791386758.275,25754,10000008.3999970,250000090
1791386758.521,25755,10000008.4173204,249999989
1791386758.766,25756,10000008.3773603,249999990
1791386759.028,25757,10000008.4172004,249999989
1791386759.264,25758,10000008.4054803,249999989
1791386759.526,25759,10000008.4088803,249999989
1791386759.765,25760,10000008.3911203,249999990
1791386760.015,25761,10000008.4446004,249999988
1791386760.268,25762,10000008.3844803,249999990
1791386760.527,25763,10000008.4000003,249999990
1791386760.764,25764,10000008.3949970,250000090
1791386761.015,25765,10000008.4163604,249999989
1791386761.281,25766,10000008.3541203,249999991
1791386761.516,25767,10000008.4458804,249999988
1791386761.766,25768,10000008.4000003,249999990
1791386762.013,25769,10000008.4080003,249999989
1791386762.269,25770,10000008.4118803,249999989
1791386762.517,25771,10000008.4000003,249999990
1791386762.764,25772,10000008.4093603,249999989
1791386763.020,25773,10000008.3906403,249999990
1791386763.273,25774,10000008.4093570,250000089
1791386763.515,25775,10000008.5490805,249999986
1791386763.774,25776,10000008.4085203,249999989
1791386764.018,25777,10000008.4143203,249999989
1791386764.277,25778,10000008.4000003,249999990
1791386764.515,25779,10000008.4453604,249999988
1791386764.785,25780,10000008.3895203,249999990
1791386765.027,25781,10000008.4416404,249999988
1791386765.268,25782,10000008.4000003,249999990
1791386765.561,25783,10000008.3999970,250000090
1791386765.778,25784,10000008.4071603,249999989
1791386766.019,25785,10000008.4117203,249999989
1791386766.271,25786,10000008.3811203,249999990
1791386766.522,25787,10000008.4188804,249999989
1791386766.772,25788,10000008.4059603,249999989
1791386767.019,25789,10000008.4000003,249999990
1791386767.271,25790,10000008.4000003,249999990
1791386767.528,25791,10000008.4043203,249999989
1791386767.767,25792,10000008.4096803,249999989
1791386768.020,25793,10000008.3978370,250000090
1791386768.271,25794,10000008.4021603,249999989
1791386768.520,25795,10000008.4000003,249999990
1791386768.772,25796,10000008.4056803,249999989
1791386769.017,25797,10000008.4000003,249999990
1791386769.267,25798,10000008.4000003,249999990
1791386769.528,25799,10000008.4000003,249999990
1791386769.767,25800,10000008.4261604,249999989
1791386770.053,25801,10000008.3838403,249999990
1791386770.301,25802,10000008.4047203,249999989
1791386770.546,25803,10000008.3999970,250000090
1791386770.768,25804,10000008.4053203,249999989
1791386771.019,25805,10000008.3857203,249999990
1791386771.272,25806,10000008.4142804,249999989
1791386771.472,25807,10000008.4000003,249999990
1791386771.725,25808,10000008.4061203,249999989
1791386771.975,25809,10000008.3938803,249999990
1791386772.219,25810,10000008.4328804,249999989
1791386772.470,25811,10000008.3671203,249999990
1791386772.726,25812,10000008.4118803,249999989
1791386772.971,25813,10000008.3942370,250000090
1791386773.218,25814,10000008.4057603,249999989
1791386773.469,25815,10000008.3881203,249999990
1791386773.724,25816,10000008.4118803,249999989
1791386773.971,25817,10000008.3942403,249999990
1791386774.221,25818,10000008.4057603,249999989
1791386774.473,25819,10000008.3942403,249999990
1791386774.760,25820,10000008.4267604,249999989
1791386774.983,25821,10000008.3732403,249999990
1791386775.236,25822,10000008.4000003,249999990
1791386775.473,25823,10000008.3999970,250000090
1791386775.721,25824,10000008.4112403,249999989
1791386775.977,25825,10000008.3726003,249999990
1791386776.271,25826,10000008.4100403,249999989
1791386776.472,25827,10000008.3946803,249999990
1791386776.756,25828,10000008.4000003,249999990
1791386776.973,25829,10000008.3952803,249999990
1791386777.228,25830,10000008.4274004,249999989
1791386777.478,25831,10000008.3684003,249999990
1791386777.723,25832,10000008.4000003,249999990
1791386777.987,25833,10000008.3999970,250000090
1791386778.225,25834,10000008.3942403,249999990
1791386778.531,25835,10000008.4000003,249999990
1791386778.732,25836,10000008.4000003,249999990
1791386778.983,25837,10000008.3943203,249999990
1791386779.223,25838,10000008.4056803,249999989
1791386779.476,25839,10000008.3803203,249999990
1791386779.729,25840,10000008.4083603,249999989
1791386779.982,25841,10000008.3916403,249999990
1791386780.243,25842,10000008.4000003,249999990
1791386780.478,25843,10000008.3940370,250000090
1791386780.728,25844,10000008.4000003,249999990
1791386780.998,25845,10000008.4000003,249999990
1791386781.223,25846,10000008.3554803,249999991
1791386781.474,25847,10000008.4256404,249999989
1791386781.726,25848,10000008.3932803,249999990
1791386781.990,25849,10000008.3862403,249999990
1791386782.225,25850,10000008.3855603,249999990
1791386782.503,25851,10000008.3136003,249999992
1791386782.732,25852,10000008.4359604,249999989
1791386782.975,25853,10000008.3797170,250000090
1791386783.225,25854,10000008.3877603,249999990
1791386783.487,25855,10000008.2601202,249999993
1791386783.738,25856,10000008.5444405,249999986
1791386783.998,25857,10000008.2437202,249999993
1791386784.233,25858,10000008.4000003,249999990
1791386784.476,25859,10000008.3920003,249999990
1791386784.726,25860,10000008.3886403,249999990
1791386784.991,25861,10000008.4193604,249999989
1791386785.227,25862,10000008.3880803,249999990
1791386785.478,25863,10000008.3875603,249999990
1791386785.727,25864,10000008.3759170,250000090
1791386785.978,25865,10000008.4155204,249999989
1791386786.238,25866,10000008.3671203,249999990
1791386786.486,25867,10000008.4061203,249999989
1791386786.737,25868,10000008.3838403,249999990
1791386786.982,25869,10000008.4000003,249999990
1791386787.231,25870,10000008.3900003,249999990
1791386787.481,25871,10000008.4100003,249999989
1791386787.733,25872,10000008.3843203,249999990
1791386787.992,25873,10000008.4000003,249999990
1791386788.236,25874,10000008.3943970,250000090
1791386788.495,25875,10000008.4000003,249999990
1791386788.740,25876,10000008.3959603,249999990
1791386788.989,25877,10000008.3897203,249999990
1791386789.231,25878,10000008.3965203,249999990
1791386789.484,25879,10000008.3917603,249999990
1791386789.757,25880,10000008.3972003,249999990
1791386789.988,25881,10000008.3888803,249999990
1791386790.334,25882,10000008.4067203,249999989
1791386790.483,25883,10000008.3743603,249999990
1791386790.746,25884,10000008.3999970,250000090
1791386790.997,25885,10000008.3491203,249999991
1791386791.235,25886,10000008.4000003,249999990
1791386791.486,25887,10000008.3856803,249999990
1791386791.735,25888,10000008.3884403,249999990
1791386791.987,25889,10000008.3844803,249999990
1791386792.265,25890,10000008.3965603,249999990
1791386792.488,25891,10000008.2729202,249999993
1791386792.739,25892,10000008.3906403,249999990
1791386792.989,25893,10000008.4000003,249999990
1791386793.235,25894,10000008.3881203,249999990
1791386793.488,25895,10000008.3999970,250000090
1791386793.753,25896,10000008.4054803,249999989
1791386793.987,25897,10000008.3785603,249999990
1791386794.235,25898,10000008.4080003,249999989
1791386794.489,25899,10000008.4111203,249999989
1791386794.760,25900,10000008.3968803,249999990
1791386794.992,25901,10000008.3840003,249999990
1791386795.235,25902,10000008.4190804,249999989
1791386795.488,25903,10000008.3888803,249999990
1791386795.737,25904,10000008.4000003,249999990
1791386795.985,25905,10000008.4041570,250000089
1791386796.279,25906,10000008.4038403,249999989
1791386796.485,25907,10000008.3515603,249999991
1791386796.762,25908,10000008.4240804,249999989
1791386797.000,25909,10000008.4163604,249999989
1791386797.237,25910,10000008.4041603,249999989
1791386797.528,25911,10000008.3878403,249999990
1791386797.765,25912,10000008.4160004,249999989
1791386797.989,25913,10000008.4000003,249999990
1791386798.264,25914,10000008.3880803,249999990
1791386798.509,25915,10000008.4039170,250000089
1791386798.765,25916,10000008.4041603,249999989
1791386798.988,25917,10000008.3499203,249999991
1791386799.239,25918,10000008.4419604,249999988
1791386799.498,25919,10000008.4081203,249999989
1791386799.739,25920,10000008.3958403,249999990
1791386799.986,25921,10000008.4000003,249999990
1791386800.239,25922,10000008.4111203,249999989
1791386800.496,25923,10000008.3888803,249999990
1791386800.740,25924,10000008.4000003,249999990
1791386801.005,25925,10000008.3999970,250000090
1791386801.251,25926,10000008.4080003,249999989
1791386801.494,25927,10000008.3460803,249999991
1791386801.738,25928,10000008.4500804,249999988
1791386801.989,25929,10000008.4038403,249999989
1791386802.239,25930,10000008.3920003,249999990
1791386802.500,25931,10000008.4000003,249999990
1791386802.856,25932,10000008.4134803,249999989
1791386802.993,25933,10000008.3945203,249999990
1791386803.242,25934,10000008.4000003,249999990
1791386803.494,25935,10000008.3961570,250000090
1791386803.739,25936,10000008.4000003,249999990
1791386803.990,25937,10000008.3794803,249999990
1791386804.239,25938,10000008.4243604,249999989
1791386804.497,25939,10000008.3961603,249999990
1791386804.744,25940,10000008.4000003,249999990
1791386805.000,25941,10000008.4000003,249999990
1791386805.262,25942,10000008.4120003,249999989
1791386805.492,25943,10000008.3918403,249999990
1791386805.750,25944,10000008.3961603,249999990
1791386806.017,25945,10000008.4156770,250000089
1791386806.244,25946,10000008.3936003,249999990
1791386806.511,25947,10000008.5585205,249999986
1791386806.744,25948,10000008.2442002,249999993
1791386806.994,25949,10000008.4000003,249999990
1791386807.268,25950,10000008.4036803,249999989
1791386807.544,25951,10000008.3936003,249999990
1791386807.745,25952,10000008.4027203,249999989
1791386808.013,25953,10000008.4036803,249999989
1791386808.243,25954,10000008.4045570,250000089
1791386808.492,25955,10000008.3890803,249999990
1791386808.748,25956,10000008.4000003,249999990
1791386808.992,25957,10000008.5682005,249999985
1791386809.259,25958,10000008.3826403,249999990
1791386809.502,25959,10000008.4000003,249999990
1791386809.747,25960,10000008.4044803,249999989
1791386810.048,25961,10000008.4000003,249999990
1791386810.262,25962,10000008.3875603,249999990
1791386810.493,25963,10000008.4305204,249999989
1791386810.780,25964,10000008.4092770,250000089
1791386810.993,25965,10000008.3961603,249999990
1791386811.255,25966,10000008.4471604,249999988
1791386811.601,25967,10000008.3566803,249999991
1791386811.754,25968,10000008.4192004,249999989
1791386812.009,25969,10000008.4274004,249999989
1791386812.246,25970,10000008.4038003,249999989
1791386812.494,25971,10000008.3849203,249999990
1791386812.749,25972,10000008.4394804,249999989
1791386813.000,25973,10000008.3904803,249999990
1791386813.258,25974,10000008.3999970,250000090
1791386813.524,25975,10000008.3906403,249999990
1791386813.746,25976,10000008.4188804,249999989
1791386814.001,25977,10000008.3491203,249999991
1791386814.246,25978,10000008.4508804,249999988
1791386814.507,25979,10000008.4067203,249999989
1791386814.747,25980,10000008.4000003,249999990
1791386815.006,25981,10000008.3871203,249999990
1791386815.248,25982,10000008.4200404,249999989
1791386815.498,25983,10000008.3959603,249999990
1791386815.750,25984,10000008.4040370,250000089
1791386815.996,25985,10000008.3972003,249999990
1791386816.247,25986,10000008.4068803,249999989
1791386816.499,25987,10000008.3630803,249999990
1791386816.747,25988,10000008.4369204,249999989
1791386817.011,25989,10000008.3958803,249999990
1791386817.252,25990,10000008.4041203,249999989
1791386817.500,25991,10000008.3820003,249999990
1791386817.752,25992,10000008.4208404,249999989
1791386818.004,25993,10000008.3971603,249999990
1791386818.251,25994,10000008.3999970,250000090
1791386818.514,25995,10000008.4041603,249999989
1791386818.750,25996,10000008.4034803,249999989
1791386819.004,25997,10000008.3811203,249999990
1791386819.251,25998,10000008.4112803,249999989
1791386819.504,25999,10000008.4028403,249999989
1791386819.753,26000,10000008.3971603,249999990
1791386820.003,26001,10000008.3958803,249999990
1791386820.252,26002,10000008.4082403,249999989
1791386820.505,26003,10000008.4000003,249999990
1791386820.752,26004,10000008.4034770,250000089
1791386821.000,26005,10000008.3924003,249999990
1791386821.251,26006,10000008.4076003,249999989
1791386821.502,26007,10000008.3743603,249999990
1791386821.752,26008,10000008.4180004,249999989
1791386822.010,26009,10000008.4041603,249999989
1791386822.257,26010,10000008.4034803,249999989
1791386822.505,26011,10000008.3924003,249999990
1791386822.753,26012,10000008.4076003,249999989
1791386823.002,26013,10000008.4000003,249999990
1791386823.258,26014,10000008.3999970,250000090
1791386823.506,26015,10000008.3965203,249999990
1791386823.756,26016,10000008.4094403,249999989
1791386824.002,26017,10000008.3823203,249999990
1791386824.252,26018,10000008.4069203,249999989
1791386824.505,26019,10000008.4048003,249999989
1791386824.772,26020,10000008.3924003,249999990
1791386825.023,26021,10000008.4000003,249999990
1791386825.257,26022,10000008.4041603,249999989
1791386825.503,26023,10000008.4034803,249999989
1791386825.756,26024,10000008.3965170,250000090
1791386826.002,26025,10000008.4000003,249999990
1791386826.255,26026,10000008.4094403,249999989
1791386826.502,26027,10000008.3940403,249999990
1791386826.755,26028,10000008.4000003,249999990
1791386827.003,26029,10000008.4000003,249999990
1791386827.257,26030,10000008.4000003,249999990
1791386827.503,26031,10000008.4000003,249999990
1791386827.753,26032,10000008.4059603,249999989
1791386828.005,26033,10000008.4000003,249999990
1791386828.257,26034,10000008.3999970,250000090
1791386828.504,26035,10000008.4000003,249999990
1791386828.755,26036,10000008.4083603,249999989
1791386829.005,26037,10000008.3916403,249999990
1791386829.256,26038,10000008.4000003,249999990
1791386829.505,26039,10000008.4043203,249999989
1791386829.752,26040,10000008.3956803,249999990
1791386830.004,26041,10000008.4083603,249999989
1791386830.256,26042,10000008.4000003,249999990
1791386830.506,26043,10000008.4034803,249999989
1791386830.752,26044,10000008.4021570,250000089
1791386831.005,26045,10000008.3944003,249999990
1791386831.257,26046,10000008.4034803,249999989
1791386831.506,26047,10000008.3965203,249999990
1791386831.756,26048,10000008.4056003,249999989
1791386832.012,26049,10000008.4056803,249999989
1791386832.256,26050,10000008.3943203,249999990
1791386832.505,26051,10000008.4114403,249999989
1791386832.755,26052,10000008.3885603,249999990
1791386833.004,26053,10000008.4056803,249999989
1791386833.255,26054,10000008.4057570,250000089
1791386833.506,26055,10000008.4042403,249999989
1791386833.758,26056,10000008.4000003,249999990
1791386834.006,26057,10000008.4000003,249999990
1791386834.253,26058,10000008.4047203,249999989
1791386834.506,26059,10000008.4053203,249999989
1791386834.754,26060,10000008.3946803,249999990
1791386835.006,26061,10000008.4467204,249999988
1791386835.255,26062,10000008.3586003,249999991
1791386835.518,26063,10000008.4173204,249999989
1791386835.761,26064,10000008.4088770,250000089
1791386836.005,26065,10000008.4000003,249999990
1791386836.254,26066,10000008.3798803,249999990
1791386836.505,26067,10000008.4152404,249999989
1791386836.757,26068,10000008.3959603,249999990
1791386837.008,26069,10000008.4155204,249999989
1791386837.256,26070,10000008.4085603,249999989
1791386837.509,26071,10000008.4205204,249999989
1791386837.759,26072,10000008.3878403,249999990
1791386838.010,26073,10000008.4040403,249999989
1791386838.256,26074,10000008.3999970,250000090
1791386838.506,26075,10000008.4039203,249999989
1791386838.756,26076,10000008.3595603,249999991
1791386839.005,26077,10000008.4404404,249999988
1791386839.305,26078,10000008.4080003,249999989
1791386839.508,26079,10000008.3880803,249999990
1791386839.757,26080,10000008.4238004,249999989
1791386840.005,26081,10000008.4000003,249999990
1791386840.259,26082,10000008.3936003,249999990
1791386840.505,26083,10000008.4027203,249999989
1791386840.759,26084,10000008.3999970,250000090
1791386841.006,26085,10000008.4000003,249999990
1791386841.259,26086,10000008.5654805,249999985
1791386841.505,26087,10000008.3871203,249999990
1791386841.755,26088,10000008.4032403,249999989
1791386842.008,26089,10000008.4291604,249999989
1791386842.260,26090,10000008.3771603,249999990
1791386842.507,26091,10000008.3780003,249999990
1791386842.760,26092,10000008.4590004,249999988
1791386843.008,26093,10000008.4418370,250000088
1791386843.259,26094,10000008.4000003,249999990
1791386843.510,26095,10000008.4137603,249999989
1791386843.761,26096,10000008.3491203,249999991
1791386844.011,26097,10000008.4576004,249999988
1791386844.259,26098,10000008.4071603,249999989
1791386844.509,26099,10000008.4000003,249999990
1791386844.761,26100,10000008.4000003,249999990
1791386845.012,26101,10000008.4082403,249999989
1791386845.262,26102,10000008.4000003,249999990
1791386845.509,26103,10000008.4034770,250000089
1791386845.757,26104,10000008.4000003,249999990
1791386846.007,26105,10000008.4059603,249999989
1791386846.261,26106,10000008.4000003,249999990
1791386846.511,26107,10000008.4000003,249999990
1791386846.757,26108,10000008.4083603,249999989
1791386847.007,26109,10000008.3959603,249999990
1791386847.263,26110,10000008.4040403,249999989
1791386847.510,26111,10000008.3959603,249999990
1791386847.759,26112,10000008.4153604,249999989
1791386848.009,26113,10000008.3886770,250000090
1791386848.260,26114,10000008.4056003,249999989
1791386848.512,26115,10000008.4000003,249999990
1791386848.774,26116,10000008.4016403,249999989
1791386849.009,26117,10000008.3983603,249999990
1791386849.264,26118,10000008.4114403,249999989
1791386849.513,26119,10000008.3942403,249999990
1791386849.760,26120,10000008.4147203,249999989
1791386850.013,26121,10000008.3852803,249999990
1791386850.263,26122,10000008.4057603,249999989
1791386850.512,26123,10000008.3942370,250000090
1791386850.763,26124,10000008.4100003,249999989
1791386851.015,26125,10000008.3957603,249999990
1791386851.263,26126,10000008.4042403,249999989
1791386851.512,26127,10000008.4047203,249999989
1791386851.759,26128,10000008.4000003,249999990
1791386852.011,26129,10000008.3910403,249999990
1791386852.264,26130,10000008.4261604,249999989
1791386852.512,26131,10000008.3680803,249999990
1791386852.766,26132,10000008.4147203,249999989
1791386853.016,26133,10000008.3952770,250000090
1791386853.267,26134,10000008.4047203,249999989
1791386853.512,26135,10000008.3910403,249999990
1791386853.766,26136,10000008.4089603,249999989
1791386854.016,26137,10000008.4000003,249999990
1791386854.264,26138,10000008.4000003,249999990
1791386854.516,26139,10000008.3910403,249999990
1791386854.765,26140,10000008.4316004,249999989
1791386855.015,26141,10000008.3726003,249999990
1791386855.269,26142,10000008.4047203,249999989
1791386855.527,26143,10000008.3999970,250000090
1791386855.765,26144,10000008.4053203,249999989
1791386856.017,26145,10000008.3857203,249999990
1791386856.268,26146,10000008.4089603,249999989
1791386856.518,26147,10000008.4000003,249999990
1791386856.766,26148,10000008.4000003,249999990
1791386857.021,26149,10000008.3852803,249999990
1791386857.270,26150,10000008.4319204,249999989
1791386857.519,26151,10000008.3680803,249999990
1791386857.767,26152,10000008.4057603,249999989
1791386858.018,26153,10000008.4042370,250000089
1791386858.270,26154,10000008.4000003,249999990
1791386858.517,26155,10000008.3957603,249999990
1791386858.791,26156,10000008.4000003,249999990
1791386859.166,26157,10000008.3942403,249999990
1791386859.265,26158,10000008.4057603,249999989
1791386859.541,26159,10000008.3942403,249999990
1791386859.718,26160,10000008.4200404,249999989
1791386859.968,26161,10000008.3799603,249999990
1791386860.216,26162,10000008.4057603,249999989
1791386860.465,26163,10000008.3942370,250000090
1791386860.716,26164,10000008.4000003,249999990
1791386860.968,26165,10000008.4000003,249999990
1791386861.216,26166,10000008.4000003,249999990
1791386861.493,26167,10000008.4100003,249999989
1791386861.718,26168,10000008.3843203,249999990
1791386861.973,26169,10000008.3944003,249999990
1791386862.218,26170,10000008.4113203,249999989
1791386862.467,26171,10000008.3943203,249999990
1791386862.720,26172,10000008.4056803,249999989
1791386862.970,26173,10000008.3886770,250000090
1791386863.221,26174,10000008.4072403,249999989
1791386863.467,26175,10000008.4040403,249999989
1791386863.722,26176,10000008.4000003,249999990
1791386863.969,26177,10000008.3886803,249999990
1791386864.220,26178,10000008.4056003,249999989
1791386864.472,26179,10000008.3978403,249999990
1791386864.718,26180,10000008.4021603,249999989
1791386864.968,26181,10000008.3944003,249999990
1791386865.218,26182,10000008.4000003,249999990
1791386865.472,26183,10000008.3999970,250000090
1791386865.719,26184,10000008.4000003,249999990
1791386865.970,26185,10000008.4000003,249999990
1791386866.224,26186,10000008.4000003,249999990
1791386866.471,26187,10000008.3959603,249999990
1791386866.719,26188,10000008.4040403,249999989
1791386866.971,26189,10000008.3916403,249999990
1791386867.220,26190,10000008.4000003,249999990
1791386867.473,26191,10000008.4043203,249999989
1791386867.719,26192,10000008.4040403,249999989
1791386867.970,26193,10000008.3916370,250000090
1791386868.220,26194,10000008.4043203,249999989
1791386868.473,26195,10000008.3956803,249999990
1791386868.723,26196,10000008.4000003,249999990
1791386868.973,26197,10000008.3940403,249999990
1791386869.224,26198,10000008.4059603,249999989
1791386869.470,26199,10000008.4000003,249999990
1791386869.721,26200,10000008.3940403,249999990
1791386869.974,26201,10000008.4059603,249999989
1791386870.222,26202,10000008.4000003,249999990
1791386870.492,26203,10000008.3940370,250000090
1791386870.721,26204,10000008.4059603,249999989
1791386870.976,26205,10000008.4000003,249999990
1791386871.225,26206,10000008.3823203,249999990
1791386871.474,26207,10000008.4082403,249999989
1791386871.725,26208,10000008.4034803,249999989
1791386871.975,26209,10000008.4000003,249999990
1791386872.227,26210,10000008.3882803,249999990
1791386872.476,26211,10000008.4117203,249999989
1791386872.722,26212,10000008.4000003,249999990
1791386872.973,26213,10000008.3999970,250000090
1791386873.222,26214,10000008.3965203,249999990
1791386873.476,26215,10000008.4034803,249999989
1791386873.724,26216,10000008.3854803,249999990
1791386873.975,26217,10000008.4068803,249999989
1791386874.223,26218,10000008.4041603,249999989
1791386874.475,26219,10000008.3958403,249999990
1791386874.731,26220,10000008.3931203,249999990
1791386874.975,26221,10000008.4097203,249999989
1791386875.224,26222,10000008.3971603,249999990
1791386875.475,26223,10000008.3958770,250000090
1791386875.726,26224,10000008.4041203,249999989
1791386875.973,26225,10000008.4076003,249999989
1791386876.223,26226,10000008.3743603,249999990
1791386876.474,26227,10000008.4139203,249999989
1791386876.724,26228,10000008.4000003,249999990
1791386876.977,26229,10000008.3972003,249999990
1791386878.302,26230,10000008.3956003,249999990
1791386878.302,26231,10000008.4112803,249999989
1791386878.302,26232,10000008.3931203,249999990
1791386878.353,26233,10000008.4068770,250000089
1791386878.353,26234,10000008.3887203,249999990
1791386878.487,26235,10000008.4071603,249999989
1791386878.726,26236,10000008.3616803,249999990
1791386878.977,26237,10000008.4311604,249999989
1791386879.224,26238,10000008.4000003,249999990
1791386879.476,26239,10000008.4000003,249999990
1791386879.724,26240,10000008.3871203,249999990
1791386879.977,26241,10000008.4160004,249999989
1791386880.224,26242,10000008.3901203,249999990
1791386880.477,26243,10000008.4067170,250000089
1791386880.724,26244,10000008.3932803,249999990
1791386880.978,26245,10000008.4067203,249999989
1791386881.227,26246,10000008.3376403,249999991
1791386881.477,26247,10000008.4556004,249999988
1791386881.726,26248,10000008.4000003,249999990
1791386881.988,26249,10000008.4067203,249999989
1791386882.225,26250,10000008.3871203,249999990
1791386882.476,26251,10000008.4172804,249999989
1791386882.728,26252,10000008.3888803,249999990
1791386882.982,26253,10000008.4067170,250000089
1791386883.230,26254,10000008.4000003,249999990
1791386883.480,26255,10000008.4000003,249999990
1791386883.746,26256,10000008.3583603,249999991
1791386883.978,26257,10000008.4416404,249999988
1791386884.228,26258,10000008.4031203,249999989
1791386884.505,26259,10000008.4000003,249999990
1791386884.732,26260,10000008.3901203,249999990
1791386884.982,26261,10000008.4139203,249999989
1791386885.231,26262,10000008.3972003,249999990
1791386885.481,26263,10000008.3999970,250000090
1791386885.733,26264,10000008.4028003,249999989
1791386885.980,26265,10000008.4069203,249999989
1791386886.229,26266,10000008.3730403,249999990
1791386886.481,26267,10000008.4200404,249999989
1791386886.732,26268,10000008.4041203,249999989
1791386886.979,26269,10000008.4000003,249999990
1791386887.230,26270,10000008.3958803,249999990
1791386887.480,26271,10000008.4041203,249999989
1791386887.730,26272,10000008.4028403,249999989
1791386887.981,26273,10000008.4013170,250000089
1791386888.234,26274,10000008.4034803,249999989
1791386888.481,26275,10000008.4000003,249999990
1791386888.730,26276,10000008.3882803,249999990
1791386888.983,26277,10000008.4069203,249999989
1791386889.230,26278,10000008.4107603,249999989
1791386889.482,26279,10000008.3940403,249999990
1791386889.733,26280,10000008.4000003,249999990
1791386889.982,26281,10000008.4059603,249999989
1791386890.333,26282,10000008.4000003,249999990
1791386890.484,26283,10000008.3999970,250000090
1791386890.732,26284,10000008.4000003,249999990
1791386890.986,26285,10000008.4000003,249999990
1791386891.231,26286,10000008.4000003,249999990
1791386891.482,26287,10000008.4000003,249999990
1791386891.731,26288,10000008.4083603,249999989
1791386891.986,26289,10000008.3959603,249999990
1791386892.231,26290,10000008.4096803,249999989
1791386892.483,26291,10000008.3944003,249999990
1791386892.733,26292,10000008.4056003,249999989
1791386892.982,26293,10000008.3999970,250000090
1791386893.232,26294,10000008.4056803,249999989
1791386893.482,26295,10000008.4000003,249999990
1791386893.734,26296,10000008.4000003,249999990
1791386893.981,26297,10000008.4000003,249999990
1791386894.231,26298,10000008.4000003,249999990
1791386894.483,26299,10000008.4000003,249999990
1791386894.731,26300,10000008.4200404,249999989
1791386894.987,26301,10000008.3799603,249999990
1791386895.231,26302,10000008.4100003,249999989
1791386895.485,26303,10000008.3999970,250000090
1791386895.734,26304,10000008.4100403,249999989
1791386895.989,26305,10000008.3899603,249999990
1791386896.232,26306,10000008.4100403,249999989
1791386896.486,26307,10000008.4000003,249999990
1791386896.733,26308,10000008.4000003,249999990
1791386896.985,26309,10000008.4000003,249999990
1791386897.233,26310,10000008.4328804,249999989
1791386897.484,26311,10000008.3732403,249999990
1791386897.734,26312,10000008.4112403,249999989
1791386897.986,26313,10000008.3999970,250000090
1791386899.306,26314,10000008.4088803,249999989
1791386899.306,26315,10000008.3798803,249999990
1791386899.306,26316,10000008.4201204,249999989
1791386899.359,26317,10000008.4103603,249999989
1791386899.359,26318,10000008.4098403,249999989
1791386899.486,26319,10000008.3864403,249999990
1791386899.736,26320,10000008.4329204,249999989
1791386899.988,26321,10000008.3920003,249999990
1791386900.239,26322,10000008.3920003,249999990
1791386900.486,26323,10000008.4079970,250000089
1791386900.735,26324,10000008.4080003,249999989
1791386900.988,26325,10000008.3604403,249999990
1791386901.236,26326,10000008.4315604,249999989
1791386901.485,26327,10000008.4134803,249999989
1791386901.737,26328,10000008.3945203,249999990
1791386901.988,26329,10000008.4118803,249999989
1791386902.236,26330,10000008.4000003,249999990
1791386902.486,26331,10000008.3963203,249999990
1791386902.739,26332,10000008.4036803,249999989
1791386902.989,26333,10000008.3963170,250000090
1791386903.240,26334,10000008.5401205,249999986
1791386903.496,26335,10000008.4305204,249999989
1791386903.738,26336,10000008.3948403,249999990
1791386903.988,26337,10000008.3954003,249999990
1791386904.236,26338,10000008.4430004,249999988
1791386904.488,26339,10000008.3901203,249999990
1791386904.738,26340,10000008.4607604,249999988
1791386904.988,26341,10000008.3862403,249999990
1791386905.237,26342,10000008.4076370,250000089
1791386905.493,26343,10000008.4061203,249999989
1791386905.736,26344,10000008.4067203,249999989
1791386905.986,26345,10000008.3617603,249999990
1791386906.237,26346,10000008.4426404,249999988
1791386906.486,26347,10000008.4068803,249999989
1791386906.736,26348,10000008.4000003,249999990
1791386906.986,26349,10000008.4000003,249999990
1791386907.240,26350,10000008.4076003,249999989
1791386907.486,26351,10000008.4059603,249999989
1791386907.736,26352,10000008.3999970,250000090
1791386907.987,26353,10000008.4083603,249999989
1791386908.241,26354,10000008.3959603,249999990
1791386908.489,26355,10000008.4040403,249999989
1791386908.739,26356,10000008.3959603,249999990
1791386908.986,26357,10000008.4096803,249999989
1791386909.238,26358,10000008.4000003,249999990
1791386909.490,26359,10000008.4114403,249999989
1791386909.740,26360,10000008.3942403,249999990
1791386909.990,26361,10000008.4000003,249999990
1791386910.242,26362,10000008.3999970,250000090
1791386910.490,26363,10000008.4100003,249999989
1791386910.740,26364,10000008.3900003,249999990
1791386910.988,26365,10000008.4100003,249999989
1791386911.239,26366,10000008.4047203,249999989
1791386911.488,26367,10000008.4000003,249999990
1791386911.739,26368,10000008.4000003,249999990
1791386911.992,26369,10000008.4382004,249999989
1791386912.240,26370,10000008.3671203,249999990
1791386912.490,26371,10000008.4118803,249999989
1791386912.742,26372,10000008.3942370,250000090
1791386912.991,26373,10000008.4267604,249999989
1791386913.242,26374,10000008.3671203,249999990
1791386913.488,26375,10000008.4414004,249999988
1791386913.737,26376,10000008.4163604,249999989
1791386913.988,26377,10000008.3836403,249999990
1791386914.238,26378,10000008.3914403,249999990
1791386914.489,26379,10000008.4290804,249999989
1791386914.738,26380,10000008.3642803,249999990
1791386914.992,26381,10000008.4235604,249999989
1791386915.242,26382,10000008.3916370,250000090
1791386915.488,26383,10000008.4163604,249999989
1791386915.739,26384,10000008.3595603,249999991
1791386915.989,26385,10000008.4446004,249999988
1791386916.242,26386,10000008.4038403,249999989
1791386916.495,26387,10000008.3961603,249999990
1791386916.738,26388,10000008.4120003,249999989
1791386916.988,26389,10000008.4036803,249999989
1791386917.244,26390,10000008.3843203,249999990
1791386917.488,26391,10000008.4093203,249999989
1791386917.738,26392,10000008.3976370,250000090
1791386917.994,26393,10000008.4050803,249999989
1791386918.238,26394,10000008.5558005,249999986
1791386918.487,26395,10000008.2391202,249999994
1791386918.737,26396,10000008.4023603,249999989
1791386918.987,26397,10000008.5428405,249999986
1791386919.238,26398,10000008.4034403,249999989
1791386919.809,26399,10000008.3965603,249999990
1791386919.876,26400,10000008.4220004,249999989
1791386919.999,26401,10000008.4033570,250000089
1791386920.239,26402,10000008.3936403,249999990
1791386920.489,26403,10000008.4312804,249999989
1791386920.742,26404,10000008.3856803,249999990
1791386920.997,26405,10000008.4088803,249999989
1791386921.244,26406,10000008.3911203,249999990
1791386921.489,26407,10000008.4504404,249999988
1791386921.741,26408,10000008.3887203,249999990
1791386921.990,26409,10000008.3248803,249999991
1791386922.241,26410,10000008.5008404,249999987
1791386922.494,26411,10000008.4042370,250000089
1791386922.745,26412,10000008.4034003,249999989
1791386922.995,26413,10000008.4128803,249999989
1791386923.241,26414,10000008.3837603,249999990
1791386923.494,26415,10000008.4162404,249999989
1791386923.740,26416,10000008.4044003,249999989
1791386923.991,26417,10000008.4028003,249999989
1791386924.245,26418,10000008.3972003,249999990
1791386924.498,26419,10000008.4097203,249999989
1791386924.741,26420,10000008.4107603,249999989
1791386924.991,26421,10000008.3940370,250000090
1791386925.241,26422,10000008.4059603,249999989
1791386925.491,26423,10000008.4000003,249999990
1791386925.741,26424,10000008.3940403,249999990
1791386925.991,26425,10000008.4059603,249999989
1791386926.242,26426,10000008.4083603,249999989
1791386926.491,26427,10000008.3959603,249999990
1791386926.741,26428,10000008.4040403,249999989
1791386927.002,26429,10000008.4000003,249999990
1791386927.241,26430,10000008.4113203,249999989
1791386927.492,26431,10000008.3921570,250000090
1791386927.741,26432,10000008.4078403,249999989
1791386927.992,26433,10000008.4000003,249999990
1791386928.241,26434,10000008.4100003,249999989
1791386928.492,26435,10000008.3957603,249999990
1791386928.743,26436,10000008.4042403,249999989
1791386928.992,26437,10000008.4000003,249999990
1791386929.251,26438,10000008.4219204,249999989
1791386929.492,26439,10000008.3780803,249999990
1791386929.748,26440,10000008.4100403,249999989
1791386929.992,26441,10000008.3999970,250000090
1791386930.241,26442,10000008.4213604,249999989
1791386930.493,26443,10000008.3733203,249999990
1791386930.741,26444,10000008.4266804,249999989
1791386930.994,26445,10000008.3959603,249999990
1791386931.246,26446,10000008.4088803,249999989
1791386931.491,26447,10000008.3911203,249999990
1791386931.742,26448,10000008.4446004,249999988
1791386931.995,26449,10000008.3794803,249999990
1791386932.246,26450,10000008.4000003,249999990
1791386932.491,26451,10000008.3999970,250000090
1791386932.744,26452,10000008.4163604,249999989
1791386932.995,26453,10000008.3595603,249999991
1791386933.251,26454,10000008.4240804,249999989
1791386933.492,26455,10000008.4205204,249999989
1791386933.742,26456,10000008.3878403,249999990
1791386933.994,26457,10000008.3966403,249999990
1791386934.247,26458,10000008.4248404,249999989
1791386934.495,26459,10000008.3945203,249999990
1791386934.746,26460,10000008.4000003,249999990
1791386934.993,26461,10000008.4118770,250000089
1791386935.244,26462,10000008.3912403,249999990
1791386935.497,26463,10000008.5659605,249999985
1791386935.744,26464,10000008.2364402,249999994
1791386936.019,26465,10000008.4064003,249999989
1791386936.251,26466,10000008.5364405,249999986
1791386936.497,26467,10000008.4189604,249999989
1791386936.744,26468,10000008.3810403,249999990
1791386936.995,26469,10000008.4359604,249999989
1791386937.255,26470,10000008.4230370,250000089
1791386937.495,26471,10000008.3912803,249999990
1791386937.745,26472,10000008.4505604,249999988
1791386937.995,26473,10000008.3494403,249999991
1791386938.244,26474,10000008.4643204,249999988
1791386938.494,26475,10000008.4098803,249999989
1791386938.745,26476,10000008.3968803,249999990
1791386938.994,26477,10000008.4000003,249999990
1791386939.301,26478,10000008.4141203,249999989
1791386939.493,26479,10000008.4000003,249999990
1791386939.744,26480,10000008.4047970,250000089
1791386939.998,26481,10000008.4059603,249999989
1791386940.244,26482,10000008.4043203,249999989
1791386940.498,26483,10000008.3956803,249999990
1791386940.744,26484,10000008.4083603,249999989
1791386940.995,26485,10000008.4000003,249999990
1791386941.249,26486,10000008.4034803,249999989
1791386941.494,26487,10000008.4078403,249999989
1791386941.745,26488,10000008.3943203,249999990
1791386941.997,26489,10000008.4056803,249999989
1791386942.245,26490,10000008.3999970,250000090
1791386942.496,26491,10000008.4200404,249999989
1791386942.744,26492,10000008.3857203,249999990
1791386942.998,26493,10000008.4042403,249999989
1791386943.249,26494,10000008.4000003,249999990
1791386943.495,26495,10000008.4100403,249999989
1791386943.747,26496,10000008.3946803,249999990
1791386943.999,26497,10000008.4517204,249999988
1791386944.250,26498,10000008.3654403,249999990
1791386944.497,26499,10000008.4000003,249999990
1791386944.747,26500,10000008.4054770,250000089
1791386944.999,26501,10000008.4240804,249999989
1791386945.251,26502,10000008.3586003,249999991
1791386945.498,26503,10000008.4365604,249999989
1791386945.749,26504,10000008.4048403,249999989
1791386945.996,26505,10000008.4083603,249999989
1791386946.247,26506,10000008.3916403,249999990
1791386946.495,26507,10000008.4243604,249999989
1791386946.747,26508,10000008.3920003,249999990
1791386946.998,26509,10000008.4000003,249999990
1791386947.248,26510,10000008.3919970,250000090
1791386947.508,26511,10000008.4160004,249999989
1791386947.747,26512,10000008.3515603,249999991
1791386948.000,26513,10000008.4404404,249999988
1791386948.247,26514,10000008.4041603,249999989
1791386948.497,26515,10000008.4000003,249999990
1791386948.747,26516,10000008.3918803,249999990
1791386948.997,26517,10000008.4283604,249999989
1791386949.251,26518,10000008.3917603,249999990
1791386949.497,26519,10000008.3880003,249999990
1791386949.747,26520,10000008.4038370,250000089
1791386949.999,26521,10000008.4031203,249999989
1791386950.250,26522,10000008.5608805,249999985
1791386950.499,26523,10000008.2391202,249999994
1791386950.753,26524,10000008.4050803,249999989
1791386951.000,26525,10000008.4000003,249999990
1791386951.253,26526,10000008.4130403,249999989
1791386951.499,26527,10000008.3906403,249999990
1791386951.749,26528,10000008.4000003,249999990
1791386951.999,26529,10000008.5444370,250000086
1791386952.250,26530,10000008.2601202,249999993
1791386952.499,26531,10000008.3954403,249999990
1791386952.753,26532,10000008.5669605,249999985
1791386953.001,26533,10000008.4000003,249999990
1791386953.250,26534,10000008.3851603,249999990
1791386953.501,26535,10000008.4202804,249999989
1791386953.749,26536,10000008.3893603,249999990
1791386954.003,26537,10000008.3746403,249999990
1791386954.254,26538,10000008.4359604,249999989
1791386954.501,26539,10000008.4143170,250000089
1791386954.750,26540,10000008.3856803,249999990
1791386955.004,26541,10000008.4391604,249999989
1791386955.254,26542,10000008.3608403,249999990
1791386955.504,26543,10000008.4354804,249999989
1791386955.752,26544,10000008.3683603,249999990
1791386956.004,26545,10000008.4504004,249999988
1791386956.251,26546,10000008.3600803,249999990
1791386956.500,26547,10000008.3497203,249999991
1791386956.751,26548,10000008.4957204,249999987
1791386957.001,26549,10000008.3873970,250000090
1791386957.255,26550,10000008.3617203,249999990
1791386957.501,26551,10000008.4560004,249999988
1791386957.754,26552,10000008.3440003,249999991
1791386958.001,26553,10000008.4508804,249999988
1791386958.252,26554,10000008.3840003,249999990
1791386958.502,26555,10000008.4160004,249999989
1791386958.752,26556,10000008.3581603,249999991
1791386959.005,26557,10000008.3461603,249999991
1791386959.253,26558,10000008.4957204,249999987
1791386959.504,26559,10000008.3793970,250000090
1791386959.753,26560,10000008.3554003,249999991
1791386960.003,26561,10000008.4596804,249999988
1791386960.266,26562,10000008.3457603,249999991
1791386960.503,26563,10000008.4143203,249999989
1791386960.753,26564,10000008.3945603,249999990
1791386961.003,26565,10000008.4090403,249999989
1791386961.257,26566,10000008.3714803,249999990
1791386961.503,26567,10000008.3746403,249999990
1791386961.753,26568,10000008.4398004,249999989
1791386962.004,26569,10000008.4050370,250000089
1791386962.257,26570,10000008.3805203,249999990
1791386962.503,26571,10000008.4000003,249999990
1791386962.753,26572,10000008.4051603,249999989
1791386963.002,26573,10000008.4000003,249999990
1791386963.257,26574,10000008.3819203,249999990
1791386963.502,26575,10000008.4065203,249999989
1791386963.755,26576,10000008.3890003,249999990
1791386964.003,26577,10000008.3920003,249999990
1791386964.253,26578,10000008.4080003,249999989
1791386964.511,26579,10000008.4076770,250000089
1791386964.761,26580,10000008.3923203,249999990
1791386965.004,26581,10000008.4000003,249999990
1791386965.257,26582,10000008.4173604,249999989
1791386965.507,26583,10000008.2475602,249999993
1791386965.756,26584,10000008.4000003,249999990
1791386966.010,26585,10000008.3869603,249999990
1791386966.286,26586,10000008.5114404,249999987
1791386966.522,26587,10000008.2922802,249999992
1791386966.756,26588,10000008.4000003,249999990
1791386967.005,26589,10000008.3963203,249999990
1791386967.255,26590,10000008.4036770,250000089
1791386967.505,26591,10000008.3963203,249999990
1791386967.756,26592,10000008.5558005,249999986
1791386968.005,26593,10000008.2321602,249999994
1791386968.256,26594,10000008.4156804,249999989
1791386968.505,26595,10000008.3881203,249999990
1791386968.756,26596,10000008.4164004,249999989
1791386969.007,26597,10000008.3917603,249999990
1791386969.259,26598,10000008.3918403,249999990
1791386969.509,26599,10000008.4031203,249999989
1791386969.755,26600,10000008.3999970,250000090
1791386970.005,26601,10000008.3968803,249999990
1791386970.259,26602,10000008.5562805,249999986
1791386970.519,26603,10000008.2356802,249999994
1791386970.766,26604,10000008.4080003,249999989
1791386971.005,26605,10000008.4000003,249999990
1791386971.260,26606,10000008.4000003,249999990
1791386971.505,26607,10000008.4081603,249999989
1791386971.756,26608,10000008.3972803,249999990
1791386972.005,26609,10000008.3826003,249999990
1791386972.258,26610,10000008.3959570,250000090
1791386972.508,26611,10000008.4214404,249999989
1791386972.757,26612,10000008.3348803,249999991
1791386973.006,26613,10000008.4403204,249999988
1791386973.257,26614,10000008.4224804,249999989
1791386973.506,26615,10000008.3930803,249999990
1791386973.758,26616,10000008.4038403,249999989
1791386974.008,26617,10000008.4081603,249999989
1791386974.259,26618,10000008.3880003,249999990
1791386974.508,26619,10000008.3958403,249999990
1791386974.758,26620,10000008.3999970,250000090
1791386975.009,26621,10000008.4080003,249999989
1791386975.261,26622,10000008.3460803,249999991
1791386975.508,26623,10000008.4419604,249999988
1791386975.759,26624,10000008.4081203,249999989
1791386976.009,26625,10000008.4000003,249999990
1791386976.260,26626,10000008.3878403,249999990
1791386976.511,26627,10000008.4190804,249999989
1791386976.759,26628,10000008.3888803,249999990
1791386977.009,26629,10000008.4000003,249999990
1791386977.260,26630,10000008.3886370,250000090
1791386977.510,26631,10000008.4113603,249999989
1791386977.760,26632,10000008.3541203,249999991
1791386978.011,26633,10000008.4419604,249999988
1791386978.261,26634,10000008.4000003,249999990
1791386978.509,26635,10000008.4039203,249999989
1791386978.763,26636,10000008.3920003,249999990
1791386979.011,26637,10000008.4160004,249999989
1791386979.265,26638,10000008.3920003,249999990
1791386979.514,26639,10000008.3920003,249999990
1791386979.762,26640,10000008.3999970,250000090
1791386980.011,26641,10000008.4080003,249999989
1791386980.262,26642,10000008.3541203,249999991
1791386980.513,26643,10000008.4379204,249999989
1791386980.765,26644,10000008.4080003,249999989
1791386981.020,26645,10000008.3960803,249999990
1791386981.265,26646,10000008.3875603,249999990
1791386981.512,26647,10000008.4298404,249999989
1791386981.763,26648,10000008.3785603,249999990
1791386982.012,26649,10000008.3916403,249999990
1791386982.262,26650,10000008.3999970,250000090
1791386982.463,26651,10000008.4083603,249999989
1791386982.717,26652,10000008.3675603,249999990
1791386982.968,26653,10000008.4240804,249999989
1791386983.213,26654,10000008.4083603,249999989
1791386983.462,26655,10000008.4040403,249999989
1791386983.714,26656,10000008.4039203,249999989
1791386983.963,26657,10000008.4134803,249999989
1791386984.212,26658,10000008.3751603,249999990
1791386984.462,26659,10000008.4113603,249999989
1791386984.712,26660,10000008.3999970,250000090
1791386984.969,26661,10000008.4041603,249999989
1791386985.213,26662,10000008.3794803,249999990
1791386985.463,26663,10000008.4000003,249999990
1791386985.714,26664,10000008.4083603,249999989
1791386985.964,26665,10000008.4080003,249999989
1791386986.214,26666,10000008.3960803,249999990
1791386986.464,26667,10000008.4119203,249999989
1791386986.714,26668,10000008.3880803,249999990
1791386986.964,26669,10000008.3875603,249999990
1791386987.218,26670,10000008.3999970,250000090
1791386987.464,26671,10000008.4083603,249999989
1791386987.715,26672,10000008.3620803,249999990
1791386987.964,26673,10000008.4295604,249999989
1791386988.214,26674,10000008.4000003,249999990
1791386988.464,26675,10000008.4083603,249999989
1791386988.715,26676,10000008.3830803,249999990
1791386988.970,26677,10000008.4290804,249999989
1791386989.215,26678,10000008.3878403,249999990
1791386989.465,26679,10000008.4000003,249999990
1791386989.714,26680,10000008.3916370,250000090
1791386989.966,26681,10000008.4163604,249999989
1791386990.316,26682,10000008.3483203,249999991
1791386990.467,26683,10000008.4436804,249999988
1791386990.716,26684,10000008.3916403,249999990
1791386990.965,26685,10000008.4083603,249999989
1791386991.225,26686,10000008.3830803,249999990
1791386991.487,26687,10000008.4290804,249999989
1791386991.714,26688,10000008.3878403,249999990
1791386991.965,26689,10000008.3916403,249999990
1791386992.220,26690,10000008.3999970,250000090
1791386992.467,26691,10000008.4083603,249999989
1791386992.719,26692,10000008.3563203,249999991
1791386992.969,26693,10000008.4353204,249999989
1791386993.216,26694,10000008.4000003,249999990
1791386993.471,26695,10000008.4000003,249999990
1791386993.716,26696,10000008.3944003,249999990
1791386993.967,26697,10000008.4299604,249999989
1791386994.216,26698,10000008.3806403,249999990
1791386994.467,26699,10000008.4113603,249999989
1791386994.721,26700,10000008.3684370,250000090
1791386994.966,26701,10000008.4235604,249999989
1791386995.217,26702,10000008.3620803,249999990
1791386995.466,26703,10000008.4295604,249999989
1791386995.716,26704,10000008.4050003,249999989
1791386995.965,26705,10000008.3864403,249999990
1791386996.217,26706,10000008.4000003,249999990
1791386996.466,26707,10000008.4290804,249999989
1791386996.716,26708,10000008.3642803,249999990
1791386996.968,26709,10000008.4152003,249999989
1791386997.217,26710,10000008.3999970,250000090
1791386997.465,26711,10000008.4000003,249999990
1791386997.718,26712,10000008.3646803,249999990
1791386997.966,26713,10000008.4353204,249999989
1791386998.220,26714,10000008.3944003,249999990
1791386998.517,26715,10000008.4056003,249999989
1791386998.775,26716,10000008.3914403,249999990
1791386999.017,26717,10000008.4249204,249999989
1791386999.274,26718,10000008.3684403,249999990
1791386999.516,26719,10000008.4066403,249999989
1791386999.766,26720,10000008.3933570,250000090
1791387000.017,26721,10000008.4066403,249999989
1791387000.267,26722,10000008.3671203,249999990
1791387000.516,26723,10000008.4213604,249999989
1791387000.767,26724,10000008.3959603,249999990
1791387001.017,26725,10000008.4088803,249999989
1791387001.271,26726,10000008.3798803,249999990
1791387001.517,26727,10000008.4436804,249999988
1791387001.767,26728,10000008.3620803,249999990
1791387002.016,26729,10000008.4054803,249999989
1791387002.266,26730,10000008.3887570,250000090
1791387002.520,26731,10000008.4267604,249999989
1791387002.771,26732,10000008.3618003,249999990
1791387003.019,26733,10000008.4172004,249999989
1791387003.267,26734,10000008.3828003,249999990
1791387003.517,26735,10000008.4053203,249999989
1791387003.766,26736,10000008.3946803,249999990
1791387004.017,26737,10000008.4315604,249999989
1791387004.273,26738,10000008.3637203,249999990
1791387004.519,26739,10000008.4100403,249999989
1791387004.766,26740,10000008.3899570,250000090
1791387005.020,26741,10000008.4000003,249999990
1791387005.268,26742,10000008.3900003,249999990
1791387005.520,26743,10000008.4200404,249999989
1791387005.767,26744,10000008.3799603,249999990
1791387006.018,26745,10000008.4100003,249999989
1791387006.268,26746,10000008.3900003,249999990
1791387006.519,26747,10000008.4100003,249999989
1791387006.782,26748,10000008.3900003,249999990
1791387007.018,26749,10000008.4000003,249999990
1791387007.271,26750,10000008.3943170,250000090
1791387007.518,26751,10000008.4056803,249999989
1791387007.771,26752,10000008.4000003,249999990
1791387008.018,26753,10000008.3943203,249999990
1791387008.272,26754,10000008.3944003,249999990
1791387008.523,26755,10000008.4056003,249999989
1791387008.717,26756,10000008.3944003,249999990
1791387008.967,26757,10000008.4113203,249999989
1791387009.221,26758,10000008.3886803,249999990
1791387009.467,26759,10000008.4056003,249999989
1791387009.718,26760,10000008.3943970,250000090
1791387009.970,26761,10000008.4000003,249999990
1791387010.218,26762,10000008.4000003,249999990
1791387010.469,26763,10000008.3959603,249999990
1791387010.717,26764,10000008.4040403,249999989
1791387010.967,26765,10000008.4000003,249999990
1791387011.221,26766,10000008.3916403,249999990
1791387011.471,26767,10000008.4043203,249999989
1791387011.724,26768,10000008.4000003,249999990
1791387011.969,26769,10000008.3956803,249999990
1791387012.219,26770,10000008.3999970,250000090
1791387012.468,26771,10000008.4043203,249999989
1791387012.718,26772,10000008.4000003,249999990
1791387012.969,26773,10000008.3956803,249999990
1791387013.219,26774,10000008.4000003,249999990
1791387013.473,26775,10000008.4083603,249999989
1791387013.719,26776,10000008.3916403,249999990
1791387013.972,26777,10000008.3940403,249999990
1791387014.220,26778,10000008.4102803,249999989
1791387014.469,26779,10000008.3956803,249999990
1791387014.720,26780,10000008.3999970,250000090
1791387014.969,26781,10000008.4043203,249999989
1791387015.220,26782,10000008.4000003,249999990
1791387015.472,26783,10000008.4000003,249999990
1791387015.720,26784,10000008.3956803,249999990
1791387015.969,26785,10000008.4043203,249999989
1791387016.220,26786,10000008.4000003,249999990
1791387016.470,26787,10000008.4000003,249999990
1791387016.723,26788,10000008.4000003,249999990
1791387016.969,26789,10000008.4000003,249999990
1791387017.220,26790,10000008.4040370,250000089
1791387017.470,26791,10000008.4000003,249999990
1791387017.719,26792,10000008.4000003,249999990
1791387017.969,26793,10000008.3916403,249999990
1791387018.222,26794,10000008.4083603,249999989
1791387018.470,26795,10000008.4000003,249999990
1791387018.721,26796,10000008.3959603,249999990
1791387018.972,26797,10000008.4075203,249999989
1791387019.221,26798,10000008.3924803,249999990
1791387019.470,26799,10000008.4040403,249999989
1791387019.728,26800,10000008.3999970,250000090
