/* Auto-generated by tools/font_gen/gen_fonts.js. Do not edit. */
#include <prim/text.h>
#include <ui/fonts.h>   /* UI_API extern decl -> correct visibility */

static const uint8_t ui_font_sans_14_bmp[] = {
    0x33, 0xbb, 0xbb, 0xbb, 0xbb, 0xbb, 0x8b, 0x67, 0x00, 0x88, 0xcc, 0x00, 0x23, 0x14, 0x08, 0xb4,
    0xf0, 0x8b, 0x4f, 0x08, 0xb3, 0xf0, 0x67, 0x0b, 0x00, 0x00, 0x04, 0x00, 0x22, 0x00, 0x03, 0xd0,
    0x08, 0x80, 0x00, 0x5b, 0x00, 0xb4, 0x00, 0x8b, 0xb8, 0x8e, 0x94, 0x1b, 0xec, 0xbc, 0xfb, 0x60,
    0x0b, 0x40, 0x4b, 0x00, 0x00, 0xf0, 0x06, 0x90, 0x08, 0xbf, 0xbb, 0xdd, 0xb0, 0x37, 0xc4, 0x4c,
    0x73, 0x00, 0x88, 0x00, 0xd3, 0x00, 0x09, 0x70, 0x0f, 0x00, 0x00, 0x00, 0x00, 0xb0, 0x00, 0x00,
    0x00, 0x3f, 0x40, 0x00, 0x01, 0xcf, 0xff, 0xd3, 0x00, 0xaa, 0x1f, 0x09, 0xd0, 0x0f, 0x60, 0xf0,
    0x28, 0x00, 0xac, 0x2f, 0x00, 0x00, 0x01, 0xbf, 0xf8, 0x20, 0x00, 0x00, 0x2f, 0xbf, 0x60, 0x00,
    0x00, 0xf0, 0x6f, 0x22, 0xb3, 0x0f, 0x02, 0xf3, 0x0d, 0xb2, 0xf2, 0xad, 0x00, 0x3b, 0xff, 0xfb,
    0x30, 0x00, 0x01, 0xf1, 0x00, 0x00, 0x00, 0x08, 0x00, 0x00, 0x02, 0x42, 0x00, 0x00, 0x14, 0x00,
    0x2d, 0x8e, 0x40, 0x00, 0xa7, 0x00, 0x79, 0x08, 0x80, 0x07, 0xb0, 0x00, 0x79, 0x08, 0x80, 0x2d,
    0x20, 0x00, 0x2e, 0x8e, 0x30, 0xb7, 0x00, 0x00, 0x01, 0x42, 0x07, 0xa0, 0x00, 0x00, 0x00, 0x00,
    0x3e, 0x10, 0x67, 0x20, 0x00, 0x00, 0xc5, 0x08, 0xb8, 0xd0, 0x00, 0x08, 0xa0, 0x0b, 0x40, 0xd4,
    0x00, 0x3d, 0x10, 0x0b, 0x50, 0xe3, 0x01, 0xd4, 0x00, 0x05, 0xdc, 0x90, 0x00, 0x00, 0x00, 0x00,
    0x23, 0x00, 0x00, 0x04, 0x40, 0x00, 0x00, 0x1c, 0xdd, 0xc1, 0x00, 0x07, 0xd1, 0x0c, 0x70, 0x00,
    0x7d, 0x01, 0xd7, 0x00, 0x01, 0xe8, 0xcc, 0x10, 0x00, 0x08, 0xfa, 0x10, 0x00, 0x06, 0xea, 0xe3,
    0x08, 0x22, 0xf4, 0x09, 0xc3, 0xf2, 0x4f, 0x00, 0x0b, 0xed, 0x01, 0xe8, 0x00, 0x8f, 0x90, 0x03,
    0xdf, 0xfd, 0x6e, 0x60, 0x00, 0x11, 0x00, 0x00, 0x23, 0x8b, 0x8b, 0x8b, 0x67, 0x00, 0xa3, 0x06,
    0xd0, 0x0c, 0x80, 0x1f, 0x30, 0x4f, 0x00, 0x8c, 0x00, 0x8b, 0x00, 0x8b, 0x00, 0x6d, 0x00, 0x3f,
    0x20, 0x0d, 0x70, 0x08, 0xc0, 0x01, 0xe4, 0x2b, 0x10, 0x0b, 0x80, 0x06, 0xd0, 0x02, 0xf3, 0x00,
    0xd6, 0x00, 0xb8, 0x00, 0xb8, 0x00, 0xb8, 0x00, 0xb8, 0x00, 0xf4, 0x05, 0xe0, 0x0a, 0x90, 0x2e,
    0x20, 0x00, 0x04, 0x00, 0x00, 0x00, 0xf0, 0x00, 0x1d, 0x7f, 0x7d, 0x10, 0x2c, 0xfc, 0x20, 0x0a,
    0xbf, 0xbb, 0x00, 0x50, 0xf0, 0x50, 0x00, 0x08, 0x00, 0x00, 0x00, 0x04, 0x10, 0x00, 0x00, 0xf4,
    0x00, 0x00, 0x0f, 0x40, 0x06, 0x88, 0xf9, 0x88, 0x68, 0x8f, 0x98, 0x80, 0x00, 0xf4, 0x00, 0x00,
    0x0f, 0x40, 0x00, 0x00, 0x41, 0x00, 0x04, 0x60, 0xa9, 0x0c, 0x60, 0xf1, 0x07, 0x00, 0x0f, 0xff,
    0xf8, 0x04, 0x44, 0x42, 0x88, 0xcc, 0x00, 0x00, 0x06, 0x80, 0x00, 0xa7, 0x00, 0x0f, 0x20, 0x04,
    0xd0, 0x00, 0x89, 0x00, 0x0c, 0x50, 0x01, 0xf1, 0x00, 0x5c, 0x00, 0x09, 0x80, 0x00, 0xd4, 0x00,
    0x2f, 0x00, 0x06, 0xb0, 0x00, 0x54, 0x00, 0x00, 0x00, 0x03, 0x42, 0x00, 0x00, 0x9f, 0xbf, 0x80,
    0x08, 0xd1, 0x03, 0xe4, 0x0d, 0x70, 0x00, 0x9a, 0x0f, 0x40, 0x00, 0x5e, 0x4f, 0x00, 0x00, 0x4f,
    0x3f, 0x10, 0x00, 0x4f, 0x0f, 0x40, 0x00, 0x6d, 0x0c, 0x80, 0x00, 0x99, 0x06, 0xe4, 0x07, 0xf4,
    0x00, 0x8f, 0xfe, 0x60, 0x00, 0x00, 0x20, 0x00, 0x00, 0x14, 0x20, 0x3d, 0xf8, 0x3f, 0x8b, 0x83,
    0x30, 0xb8, 0x00, 0x0b, 0x80, 0x00, 0xb8, 0x00, 0x0b, 0x80, 0x00, 0xb8, 0x00, 0x0b, 0x80, 0x00,
    0xb8, 0x00, 0x0b, 0x80, 0x00, 0x44, 0x20, 0x01, 0xce, 0xcf, 0x60, 0xaa, 0x00, 0x3f, 0x3a, 0x40,
    0x00, 0xd4, 0x00, 0x00, 0x2f, 0x30, 0x00, 0x0c, 0xa0, 0x00, 0x09, 0xc1, 0x00, 0x09, 0xd1, 0x00,
    0x08, 0xe3, 0x00, 0x06, 0xf7, 0x44, 0x42, 0xff, 0xff, 0xff, 0x80, 0x00, 0x04, 0x42, 0x00, 0x02,
    0xce, 0xbf, 0x90, 0x0a, 0xa0, 0x03, 0xf4, 0x08, 0x20, 0x00, 0xb8, 0x00, 0x00, 0x03, 0xf3, 0x00,
    0x08, 0xbf, 0x50, 0x00, 0x03, 0x59, 0xe3, 0x00, 0x00, 0x00, 0x9a, 0x18, 0x20, 0x00, 0x8b, 0x0d,
    0xb2, 0x04, 0xe8, 0x03, 0xbf, 0xfe, 0x80, 0x00, 0x00, 0x30, 0x00, 0x00, 0x00, 0x03, 0x30, 0x00,
    0x00, 0x03, 0xfb, 0x00, 0x00, 0x00, 0xbe, 0xb0, 0x00, 0x00, 0x7d, 0x8b, 0x00, 0x00, 0x2e, 0x48,
    0xb0, 0x00, 0x0a, 0x80, 0x8b, 0x00, 0x05, 0xe1, 0x08, 0xb0, 0x01, 0xd8, 0x44, 0x9c, 0x41, 0x4f,
    0xff, 0xff, 0xff, 0x40, 0x00, 0x00, 0x8b, 0x00, 0x00, 0x00, 0x08, 0xb0, 0x00, 0x01, 0x44, 0x44,
    0x40, 0x08, 0xff, 0xff, 0xf0, 0x08, 0xa0, 0x00, 0x00, 0x0b, 0x80, 0x00, 0x00, 0x0b, 0x98, 0xa6,
    0x00, 0x0e, 0xd8, 0x8e, 0x90, 0x00, 0x00, 0x03, 0xf4, 0x00, 0x00, 0x00, 0xc8, 0x08, 0x20, 0x00,
    0xd6, 0x0d, 0x91, 0x19, 0xe1, 0x03, 0xbf, 0xfd, 0x30, 0x00, 0x01, 0x10, 0x00, 0x00, 0x02, 0x43,
    0x00, 0x00, 0x8f, 0xbf, 0xb1, 0x06, 0xe2, 0x01, 0xd8, 0x0c, 0x60, 0x00, 0x46, 0x0f, 0x37, 0xa8,
    0x20, 0x3f, 0xab, 0x8b, 0xe2, 0x4f, 0xa0, 0x00, 0xb9, 0x1f, 0x40, 0x00, 0x8b, 0x0d, 0x60, 0x00,
    0x8b, 0x08, 0xe4, 0x05, 0xe6, 0x00, 0x8f, 0xfe, 0x80, 0x00, 0x00, 0x20, 0x00, 0x14, 0x44, 0x44,
    0x41, 0x4f, 0xff, 0xff, 0xf4, 0x00, 0x00, 0x06, 0xe1, 0x00, 0x00, 0x0d, 0x80, 0x00, 0x00, 0x6e,
    0x10, 0x00, 0x00, 0xd8, 0x00, 0x00, 0x06, 0xe1, 0x00, 0x00, 0x0d, 0x80, 0x00, 0x00, 0x6e, 0x10,
    0x00, 0x00, 0xd8, 0x00, 0x00, 0x06, 0xe1, 0x00, 0x00, 0x00, 0x04, 0x42, 0x00, 0x01, 0xce, 0xbf,
    0x80, 0x09, 0xb1, 0x03, 0xf4, 0x0b, 0x80, 0x00, 0xb8, 0x08, 0xc1, 0x03, 0xf3, 0x00, 0xae, 0xbf,
    0x60, 0x07, 0xe6, 0x49, 0xe3, 0x1f, 0x50, 0x00, 0x9a, 0x3f, 0x20, 0x00, 0x8b, 0x0d, 0x91, 0x04,
    0xe8, 0x03, 0xbf, 0xff, 0x80, 0x00, 0x00, 0x30, 0x00, 0x00, 0x04, 0x42, 0x00, 0x03, 0xde, 0xcf,
    0x70, 0x0b, 0xa1, 0x04, 0xf4, 0x2f, 0x30, 0x00, 0x99, 0x3f, 0x20, 0x00, 0x9b, 0x0d, 0x90, 0x03,
    0xeb, 0x03, 0xec, 0xbd, 0x9b, 0x00, 0x27, 0x72, 0x8a, 0x08, 0x20, 0x00, 0xc6, 0x0b, 0xc2, 0x18,
    0xe1, 0x01, 0xbf, 0xfd, 0x30, 0x00, 0x01, 0x10, 0x00, 0x22, 0xde, 0x55, 0x00, 0x00, 0x00, 0x88,
    0xcc, 0x00, 0x01, 0x30, 0x0a, 0xf1, 0x03, 0x70, 0x00, 0x00, 0x00, 0x00, 0x00, 0x00, 0x04, 0x60,
    0x0a, 0x90, 0x0c, 0x60, 0x0f, 0x10, 0x07, 0x00, 0x00, 0x00, 0x02, 0x70, 0x00, 0x29, 0xf9, 0x02,
    0x9f, 0xa4, 0x08, 0xf9, 0x20, 0x00, 0x8f, 0x92, 0x00, 0x00, 0x29, 0xf9, 0x20, 0x00, 0x02, 0x9f,
    0x80, 0x00, 0x00, 0x27, 0x00, 0x00, 0x00, 0x08, 0xff, 0xff, 0xfb, 0x00, 0x00, 0x00, 0x00, 0x00,
    0x00, 0x00, 0x8f, 0xff, 0xff, 0xb0, 0x00, 0x00, 0x00, 0x54, 0x00, 0x00, 0x00, 0x6f, 0xb4, 0x00,
    0x00, 0x02, 0x8e, 0xb4, 0x00, 0x00, 0x01, 0x8e, 0xb0, 0x00, 0x01, 0x8e, 0xb0, 0x01, 0x8e, 0xb4,
    0x00, 0x6e, 0xb4, 0x00, 0x00, 0x54, 0x00, 0x00, 0x00, 0x00, 0x34, 0x30, 0x00, 0x9f, 0xbe, 0x90,
    0x4f, 0x30, 0x1e, 0x54, 0x70, 0x00, 0xc8, 0x00, 0x00, 0x5f, 0x30, 0x00, 0x8f, 0x60, 0x00, 0x3f,
    0x30, 0x00, 0x06, 0xd0, 0x00, 0x00, 0x00, 0x00, 0x00, 0x05, 0xa0, 0x00, 0x00, 0x8e, 0x20, 0x00,
    0x00, 0x00, 0x00, 0x00, 0x01, 0x7a, 0xbb, 0xa6, 0x00, 0x00, 0x03, 0xea, 0x54, 0x46, 0xbc, 0x10,
    0x02, 0xe6, 0x00, 0x00, 0x00, 0x9b, 0x00, 0x99, 0x01, 0x9b, 0xa8, 0x60, 0xd4, 0x0e, 0x40, 0xb9,
    0x46, 0xe8, 0x08, 0x82, 0xf0, 0x2e, 0x00, 0x09, 0x80, 0x8b, 0x4f, 0x04, 0xb0, 0x00, 0x88, 0x08,
    0xb1, 0xf0, 0x1f, 0x10, 0x0b, 0x80, 0x88, 0x0e, 0x50, 0xba, 0x48, 0xea, 0x4d, 0x40, 0x9a, 0x01,
    0x8b, 0x81, 0xab, 0x80, 0x01, 0xe7, 0x00, 0x00, 0x00, 0x00, 0x00, 0x03, 0xcd, 0x84, 0x47, 0x90,
    0x00, 0x00, 0x00, 0x58, 0xbb, 0x85, 0x00, 0x00, 0x00, 0x00, 0x42, 0x00, 0x00, 0x00, 0x03, 0xfc,
    0x00, 0x00, 0x00, 0x08, 0x9f, 0x30, 0x00, 0x00, 0x0e, 0x5a, 0x80, 0x00, 0x00, 0x5e, 0x06, 0xd0,
    0x00, 0x00, 0x99, 0x01, 0xf5, 0x00, 0x01, 0xe5, 0x00, 0xa9, 0x00, 0x06, 0xff, 0xff, 0xff, 0x10,
    0x0a, 0xa4, 0x44, 0x4e, 0x60, 0x2f, 0x50, 0x00, 0x09, 0xb0, 0x7d, 0x00, 0x00, 0x04, 0xf2, 0x34,
    0x44, 0x30, 0x00, 0xbf, 0xff, 0xfd, 0x30, 0xb8, 0x00, 0x1a, 0xb0, 0xb8, 0x00, 0x04, 0xf0, 0xb8,
    0x00, 0x09, 0xb0, 0xbd, 0xbb, 0xcc, 0x10, 0xbb, 0x88, 0x8d, 0xa0, 0xb8, 0x00, 0x01, 0xf4, 0xb8,
    0x00, 0x00, 0xf4, 0xb9, 0x44, 0x48, 0xf2, 0xbf, 0xff, 0xfc, 0x40, 0x00, 0x00, 0x44, 0x30, 0x00,
    0x00, 0x5e, 0xff, 0xfb, 0x20, 0x03, 0xf8, 0x00, 0x2a, 0xc0, 0x0b, 0xa0, 0x00, 0x01, 0xe6, 0x0f,
    0x40, 0x00, 0x00, 0x00, 0x4f, 0x10, 0x00, 0x00, 0x00, 0x3f, 0x20, 0x00, 0x00, 0x00, 0x0f, 0x50,
    0x00, 0x00, 0x32, 0x09, 0xb0, 0x00, 0x02, 0xf5, 0x02, 0xea, 0x30, 0x5c, 0xb0, 0x00, 0x3b, 0xff,
    0xf9, 0x10, 0x00, 0x00, 0x03, 0x00, 0x00, 0x34, 0x44, 0x20, 0x00, 0x0b, 0xff, 0xff, 0xd5, 0x00,
    0xb8, 0x00, 0x18, 0xf5, 0x0b, 0x80, 0x00, 0x08, 0xd0, 0xb8, 0x00, 0x00, 0x2f, 0x2b, 0x80, 0x00,
    0x00, 0xf4, 0xb8, 0x00, 0x00, 0x0f, 0x4b, 0x80, 0x00, 0x03, 0xf2, 0xb8, 0x00, 0x00, 0xab, 0x0b,
    0x94, 0x45, 0xae, 0x30, 0xbf, 0xff, 0xe9, 0x20, 0x00, 0x34, 0x44, 0x44, 0x2b, 0xff, 0xff, 0xf8,
    0xb8, 0x00, 0x00, 0x0b, 0x80, 0x00, 0x00, 0xb8, 0x00, 0x00, 0x0b, 0xdb, 0xbb, 0xb0, 0xbb, 0x88,
    0x88, 0x0b, 0x80, 0x00, 0x00, 0xb8, 0x00, 0x00, 0x0b, 0x94, 0x44, 0x42, 0xbf, 0xff, 0xff, 0x80,
    0x34, 0x44, 0x44, 0x2b, 0xff, 0xff, 0xf8, 0xb8, 0x00, 0x00, 0x0b, 0x80, 0x00, 0x00, 0xb8, 0x00,
    0x00, 0x0b, 0xb8, 0x88, 0x80, 0xbb, 0x88, 0x88, 0x0b, 0x80, 0x00, 0x00, 0xb8, 0x00, 0x00, 0x0b,
    0x80, 0x00, 0x00, 0xb8, 0x00, 0x00, 0x00, 0x00, 0x00, 0x44, 0x30, 0x00, 0x00, 0x5e, 0xff, 0xfb,
    0x20, 0x04, 0xf8, 0x00, 0x2c, 0xc0, 0x0b, 0x90, 0x00, 0x01, 0xf6, 0x0f, 0x40, 0x00, 0x00, 0x00,
    0x4f, 0x10, 0x00, 0x00, 0x00, 0x3f, 0x20, 0x04, 0xff, 0xf8, 0x0f, 0x50, 0x00, 0x00, 0xb8, 0x09,
    0xb0, 0x00, 0x01, 0xf6, 0x02, 0xea, 0x30, 0x5c, 0xc0, 0x00, 0x3b, 0xff, 0xf9, 0x10, 0x00, 0x00,
    0x03, 0x00, 0x00, 0x32, 0x00, 0x00, 0x14, 0x1b, 0x80, 0x00, 0x04, 0xf4, 0xb8, 0x00, 0x00, 0x4f,
    0x4b, 0x80, 0x00, 0x04, 0xf4, 0xb8, 0x00, 0x00, 0x4f, 0x4b, 0xdb, 0xbb, 0xbc, 0xf4, 0xb9, 0x44,
    0x44, 0x7f, 0x4b, 0x80, 0x00, 0x04, 0xf4, 0xb8, 0x00, 0x00, 0x4f, 0x4b, 0x80, 0x00, 0x04, 0xf4,
    0xb8, 0x00, 0x00, 0x4f, 0x40, 0x32, 0xb8, 0xb8, 0xb8, 0xb8, 0xb8, 0xb8, 0xb8, 0xb8, 0xb8, 0xb8,
    0x00, 0x00, 0x02, 0x30, 0x00, 0x00, 0x8b, 0x00, 0x00, 0x08, 0xb0, 0x00, 0x00, 0x8b, 0x00, 0x00,
    0x08, 0xb0, 0x00, 0x00, 0x8b, 0x00, 0x00, 0x08, 0xb2, 0x80, 0x00, 0x8b, 0x4f, 0x00, 0x08, 0xb1,
    0xe8, 0x03, 0xe8, 0x05, 0xef, 0xf9, 0x00, 0x00, 0x20, 0x00, 0x32, 0x00, 0x00, 0x34, 0x0b, 0x80,
    0x00, 0x6f, 0x60, 0xb8, 0x00, 0x4f, 0x60, 0x0b, 0x80, 0x3e, 0x80, 0x00, 0xb8, 0x3e, 0x90, 0x00,
    0x0b, 0x8d, 0xf2, 0x00, 0x00, 0xbf, 0x9b, 0xc0, 0x00, 0x0b, 0xa0, 0x1e, 0x80, 0x00, 0xb8, 0x00,
    0x5f, 0x40, 0x0b, 0x80, 0x00, 0x8d, 0x10, 0xb8, 0x00, 0x01, 0xca, 0x00, 0x32, 0x00, 0x00, 0x0b,
    0x80, 0x00, 0x00, 0xb8, 0x00, 0x00, 0x0b, 0x80, 0x00, 0x00, 0xb8, 0x00, 0x00, 0x0b, 0x80, 0x00,
    0x00, 0xb8, 0x00, 0x00, 0x0b, 0x80, 0x00, 0x00, 0xb8, 0x00, 0x00, 0x0b, 0x94, 0x44, 0x41, 0xbf,
    0xff, 0xff, 0x40, 0x34, 0x00, 0x00, 0x00, 0x24, 0x2b, 0xf6, 0x00, 0x00, 0x0a, 0xf8, 0xbe, 0xb0,
    0x00, 0x02, 0xfd, 0x8b, 0x9f, 0x20, 0x00, 0x7c, 0xb8, 0xb8, 0xc8, 0x00, 0x0d, 0x6b, 0x8b, 0x87,
    0xd0, 0x04, 0xf1, 0xb8, 0xb8, 0x1f, 0x50, 0x99, 0x0b, 0x8b, 0x80, 0x9a, 0x1e, 0x40, 0xb8, 0xb8,
    0x04, 0xf7, 0xd0, 0x0b, 0x8b, 0x80, 0x0d, 0xd7, 0x00, 0xb8, 0xb8, 0x00, 0x7f, 0x20, 0x0b, 0x80,
    0x33, 0x00, 0x00, 0x04, 0x1b, 0xf3, 0x00, 0x00, 0xf4, 0xbe, 0xc0, 0x00, 0x0f, 0x4b, 0x8d, 0x80,
    0x00, 0xf4, 0xb8, 0x6e, 0x20, 0x0f, 0x4b, 0x80, 0xbb, 0x00, 0xf4, 0xb8, 0x02, 0xe6, 0x0f, 0x4b,
    0x80, 0x08, 0xe1, 0xf4, 0xb8, 0x00, 0x0c, 0x9f, 0x4b, 0x80, 0x00, 0x3f, 0xf4, 0xb8, 0x00, 0x00,
    0x8f, 0x40, 0x00, 0x00, 0x44, 0x30, 0x00, 0x00, 0x5e, 0xff, 0xfb, 0x20, 0x03, 0xf8, 0x10, 0x2a,
    0xd1, 0x0b, 0xa0, 0x00, 0x01, 0xd7, 0x0f, 0x40, 0x00, 0x00, 0x8b, 0x4f, 0x10, 0x00, 0x00, 0x8b,
    0x3f, 0x20, 0x00, 0x00, 0x8b, 0x0f, 0x50, 0x00, 0x00, 0x9a, 0x09, 0xb0, 0x00, 0x02, 0xe6, 0x02,
    0xea, 0x30, 0x5c, 0xc0, 0x00, 0x3b, 0xff, 0xf9, 0x10, 0x00, 0x00, 0x03, 0x00, 0x00, 0x34, 0x44,
    0x20, 0x00, 0xbf, 0xff, 0xfd, 0x30, 0xb8, 0x00, 0x1a, 0xd0, 0xb8, 0x00, 0x03, 0xf3, 0xb8, 0x00,
    0x02, 0xf3, 0xb8, 0x00, 0x09, 0xd0, 0xbd, 0xbb, 0xee, 0x30, 0xb9, 0x44, 0x40, 0x00, 0xb8, 0x00,
    0x00, 0x00, 0xb8, 0x00, 0x00, 0x00, 0xb8, 0x00, 0x00, 0x00, 0x00, 0x00, 0x44, 0x30, 0x00, 0x00,
    0x5e, 0xff, 0xfb, 0x20, 0x03, 0xf8, 0x10, 0x2a, 0xd1, 0x0b, 0xa0, 0x00, 0x01, 0xd7, 0x0f, 0x40,
    0x00, 0x00, 0x8b, 0x4f, 0x10, 0x00, 0x00, 0x8b, 0x3f, 0x20, 0x00, 0x00, 0x8b, 0x0f, 0x50, 0x04,
    0x10, 0x9a, 0x09, 0xb0, 0x08, 0xc1, 0xe6, 0x02, 0xea, 0x30, 0xee, 0xc0, 0x00, 0x3b, 0xff, 0xfe,
    0x60, 0x00, 0x00, 0x03, 0x05, 0xe2, 0x34, 0x44, 0x20, 0x00, 0xbf, 0xff, 0xfd, 0x30, 0xb8, 0x00,
    0x19, 0xd0, 0xb8, 0x00, 0x02, 0xf3, 0xb8, 0x00, 0x03, 0xf3, 0xb8, 0x00, 0x4b, 0xc0, 0xbf, 0xff,
    0xfb, 0x30, 0xb8, 0x00, 0xba, 0x00, 0xb8, 0x00, 0x4f, 0x40, 0xb8, 0x00, 0x0b, 0xb0, 0xb8, 0x00,
    0x03, 0xf5, 0x00, 0x03, 0x44, 0x00, 0x00, 0x1c, 0xfb, 0xed, 0x30, 0x0a, 0xa1, 0x00, 0x9d, 0x00,
    0xf6, 0x00, 0x02, 0x80, 0x0a, 0xc2, 0x00, 0x00, 0x00, 0x1b, 0xfc, 0x82, 0x00, 0x00, 0x02, 0x7b,
    0xf6, 0x00, 0x00, 0x00, 0x06, 0xf2, 0x2b, 0x30, 0x00, 0x2f, 0x30, 0xdb, 0x20, 0x2b, 0xd0, 0x03,
    0xbf, 0xff, 0xb3, 0x00, 0x00, 0x14, 0x10, 0x00, 0x14, 0x44, 0x44, 0x44, 0x14, 0xff, 0xff, 0xff,
    0xf4, 0x00, 0x00, 0xf4, 0x00, 0x00, 0x00, 0x0f, 0x40, 0x00, 0x00, 0x00, 0xf4, 0x00, 0x00, 0x00,
    0x0f, 0x40, 0x00, 0x00, 0x00, 0xf4, 0x00, 0x00, 0x00, 0x0f, 0x40, 0x00, 0x00, 0x00, 0xf4, 0x00,
    0x00, 0x00, 0x0f, 0x40, 0x00, 0x00, 0x00, 0xf4, 0x00, 0x00, 0x32, 0x00, 0x00, 0x04, 0x1b, 0x80,
    0x00, 0x00, 0xf4, 0xb8, 0x00, 0x00, 0x0f, 0x4b, 0x80, 0x00, 0x00, 0xf4, 0xb8, 0x00, 0x00, 0x0f,
    0x4b, 0x80, 0x00, 0x00, 0xf4, 0xb8, 0x00, 0x00, 0x0f, 0x4b, 0x80, 0x00, 0x01, 0xf4, 0x9b, 0x00,
    0x00, 0x6f, 0x14, 0xf9, 0x20, 0x5e, 0x80, 0x05, 0xdf, 0xff, 0x80, 0x00, 0x00, 0x23, 0x00, 0x00,
    0x23, 0x00, 0x00, 0x00, 0x41, 0x6e, 0x00, 0x00, 0x05, 0xf1, 0x1f, 0x50, 0x00, 0x09, 0xa0, 0x09,
    0xa0, 0x00, 0x1f, 0x50, 0x05, 0xf1, 0x00, 0x6e, 0x00, 0x00, 0xe6, 0x00, 0xa9, 0x00, 0x00, 0x8b,
    0x01, 0xf3, 0x00, 0x00, 0x3f, 0x26, 0xd0, 0x00, 0x00, 0x0c, 0x7a, 0x80, 0x00, 0x00, 0x07, 0xbf,
    0x20, 0x00, 0x00, 0x02, 0xfc, 0x00, 0x00, 0x33, 0x00, 0x00, 0x33, 0x00, 0x00, 0x42, 0x7d, 0x00,
    0x00, 0xfc, 0x00, 0x01, 0xf4, 0x3f, 0x20, 0x05, 0xcf, 0x10, 0x05, 0xf0, 0x0e, 0x60, 0x08, 0x9d,
    0x50, 0x08, 0xa0, 0x09, 0x90, 0x0c, 0x69, 0x90, 0x0d, 0x70, 0x06, 0xd0, 0x1f, 0x26, 0xd0, 0x2f,
    0x20, 0x02, 0xf2, 0x5d, 0x01, 0xf2, 0x6d, 0x00, 0x00, 0xc6, 0x99, 0x00, 0xc6, 0x99, 0x00, 0x00,
    0x89, 0xc5, 0x00, 0x89, 0xd5, 0x00, 0x00, 0x5c, 0xf1, 0x00, 0x4c, 0xf1, 0x00, 0x00, 0x0f, 0xc0,
    0x00, 0x0f, 0xc0, 0x00, 0x14, 0x10, 0x00, 0x02, 0x40, 0x1d, 0x80, 0x00, 0x1e, 0x80, 0x04, 0xf4,
    0x00, 0xac, 0x00, 0x00, 0x8d, 0x15, 0xe2, 0x00, 0x00, 0x0c, 0x8e, 0x70, 0x00, 0x00, 0x03, 0xfb,
    0x00, 0x00, 0x00, 0x07, 0xee, 0x20, 0x00, 0x00, 0x3f, 0x4b, 0xb0, 0x00, 0x00, 0xc8, 0x02, 0xe7,
    0x00, 0x08, 0xd1, 0x00, 0x6e, 0x30, 0x4f, 0x40, 0x00, 0x0a, 0xc0, 0x24, 0x00, 0x00, 0x02, 0x40,
    0x4f, 0x40, 0x00, 0x0b, 0xb0, 0x08, 0xd0, 0x00, 0x6e, 0x20, 0x01, 0xe8, 0x01, 0xe8, 0x00, 0x00,
    0x5f, 0x28, 0xc0, 0x00, 0x00, 0x0b, 0xbf, 0x40, 0x00, 0x00, 0x02, 0xf9, 0x00, 0x00, 0x00, 0x00,
    0xf8, 0x00, 0x00, 0x00, 0x00, 0xf8, 0x00, 0x00, 0x00, 0x00, 0xf8, 0x00, 0x00, 0x00, 0x00, 0xf8,
    0x00, 0x00, 0x14, 0x44, 0x44, 0x44, 0x4f, 0xff, 0xff, 0xfe, 0x00, 0x00, 0x01, 0xe7, 0x00, 0x00,
    0x0a, 0xb0, 0x00, 0x00, 0x5e, 0x20, 0x00, 0x01, 0xe7, 0x00, 0x00, 0x0a, 0xb0, 0x00, 0x00, 0x6e,
    0x20, 0x00, 0x02, 0xe5, 0x00, 0x00, 0x0b, 0xa4, 0x44, 0x44, 0x0f, 0xff, 0xff, 0xff, 0x6b, 0xb3,
    0x8c, 0x41, 0x8b, 0x00, 0x8b, 0x00, 0x8b, 0x00, 0x8b, 0x00, 0x8b, 0x00, 0x8b, 0x00, 0x8b, 0x00,
    0x8b, 0x00, 0x8b, 0x00, 0x8c, 0x41, 0x8f, 0xf4, 0x76, 0x00, 0x06, 0xb0, 0x00, 0x2f, 0x10, 0x00,
    0xc5, 0x00, 0x08, 0x80, 0x00, 0x5c, 0x00, 0x01, 0xf2, 0x00, 0x0b, 0x60, 0x00, 0x89, 0x00, 0x03,
    0xe0, 0x00, 0x0e, 0x30, 0x00, 0xa7, 0x00, 0x04, 0x50, 0x3b, 0xb6, 0x14, 0x98, 0x00, 0x88, 0x00,
    0x88, 0x00, 0x88, 0x00, 0x88, 0x00, 0x88, 0x00, 0x88, 0x00, 0x88, 0x00, 0x88, 0x00, 0x88, 0x14,
    0x98, 0x4f, 0xf8, 0x00, 0x7b, 0x20, 0x00, 0x1e, 0x99, 0x00, 0x08, 0x91, 0xf2, 0x01, 0xe4, 0x09,
    0x90, 0x37, 0x00, 0x28, 0x00, 0xff, 0xff, 0xff, 0x84, 0x44, 0x44, 0x42, 0x97, 0x04, 0xe1, 0x03,
    0x10, 0x01, 0x7b, 0xb6, 0x00, 0xcc, 0x67, 0xe8, 0x05, 0x10, 0x08, 0xb0, 0x04, 0x78, 0xdb, 0x1c,
    0xd9, 0x89, 0xb6, 0xe1, 0x00, 0x8b, 0x4e, 0x20, 0x2d, 0xb0, 0x9f, 0xfd, 0xab, 0x00, 0x23, 0x00,
    0x00, 0x41, 0x00, 0x00, 0x0f, 0x40, 0x00, 0x00, 0xf4, 0x00, 0x00, 0x0f, 0x48, 0xb9, 0x20, 0xfc,
    0x96, 0xae, 0x2f, 0x90, 0x00, 0xb9, 0xf5, 0x00, 0x08, 0xbf, 0x40, 0x00, 0x8b, 0xf8, 0x00, 0x09,
    0xaf, 0xd3, 0x04, 0xe6, 0xf7, 0xdf, 0xf8, 0x00, 0x00, 0x41, 0x00, 0x00, 0x5a, 0xb7, 0x10, 0x06,
    0xe8, 0x6c, 0xc0, 0x0e, 0x60, 0x01, 0x92, 0x4f, 0x00, 0x00, 0x00, 0x4f, 0x00, 0x00, 0x00, 0x2f,
    0x20, 0x00, 0x40, 0x0b, 0xc1, 0x06, 0xf2, 0x01, 0xbf, 0xfe, 0x50, 0x00, 0x01, 0x30, 0x00, 0x00,
    0x00, 0x00, 0x32, 0x00, 0x00, 0x00, 0xb8, 0x00, 0x00, 0x00, 0xb8, 0x00, 0x6b, 0xa4, 0xb8, 0x08,
    0xe8, 0x6b, 0xd8, 0x1f, 0x60, 0x01, 0xf8, 0x4f, 0x00, 0x00, 0xb8, 0x4f, 0x00, 0x00, 0xb8, 0x2f,
    0x20, 0x00, 0xd8, 0x0b, 0xa1, 0x08, 0xf8, 0x01, 0xcf, 0xf9, 0xb8, 0x00, 0x02, 0x20, 0x00, 0x00,
    0x5a, 0xb7, 0x10, 0x06, 0xe7, 0x6c, 0xb0, 0x0e, 0x40, 0x01, 0xf3, 0x4f, 0x88, 0x88, 0xd8, 0x4f,
    0x88, 0x88, 0x84, 0x2f, 0x20, 0x00, 0x00, 0x0b, 0xa1, 0x04, 0xf2, 0x01, 0xbf, 0xfe, 0x60, 0x00,
    0x01, 0x40, 0x00, 0x00, 0x4a, 0x80, 0x3f, 0x86, 0x04, 0xd0, 0x08, 0xce, 0xb8, 0x69, 0xd8, 0x60,
    0x4b, 0x00, 0x04, 0xb0, 0x00, 0x4b, 0x00, 0x04, 0xb0, 0x00, 0x4b, 0x00, 0x04, 0xb0, 0x00, 0x00,
    0x6b, 0xa4, 0x86, 0x08, 0xe8, 0x6b, 0xd8, 0x1f, 0x60, 0x01, 0xf8, 0x4f, 0x00, 0x00, 0xb8, 0x4f,
    0x00, 0x00, 0xb8, 0x2f, 0x40, 0x01, 0xe8, 0x0a, 0xc5, 0x4a, 0xe8, 0x01, 0x8c, 0xb6, 0xb8, 0x00,
    0x00, 0x00, 0xb8, 0x0a, 0x92, 0x17, 0xf4, 0x02, 0xaf, 0xfd, 0x50, 0x00, 0x00, 0x00, 0x00, 0x41,
    0x00, 0x00, 0x0f, 0x40, 0x00, 0x00, 0xf4, 0x00, 0x00, 0x0f, 0x48, 0xb9, 0x10, 0xfc, 0x86, 0xcc,
    0x0f, 0x80, 0x02, 0xf3, 0xf4, 0x00, 0x0f, 0x4f, 0x40, 0x00, 0xf4, 0xf4, 0x00, 0x0f, 0x4f, 0x40,
    0x00, 0xf4, 0xf4, 0x00, 0x0f, 0x40, 0x07, 0x32, 0xf7, 0x00, 0x00, 0xb3, 0x0f, 0x40, 0xf4, 0x0f,
    0x40, 0xf4, 0x0f, 0x40, 0xf4, 0x0f, 0x40, 0x00, 0x73, 0x02, 0xf7, 0x00, 0x00, 0x00, 0xb3, 0x00,
    0xf4, 0x00, 0xf4, 0x00, 0xf4, 0x00, 0xf4, 0x00, 0xf4, 0x00, 0xf4, 0x00, 0xf4, 0x00, 0xf4, 0x17,
    0xf3, 0x3b, 0x60, 0x41, 0x00, 0x00, 0x0f, 0x40, 0x00, 0x00, 0xf4, 0x00, 0x00, 0x0f, 0x40, 0x06,
    0xa1, 0xf4, 0x06, 0xe3, 0x0f, 0x46, 0xe3, 0x00, 0xf9, 0xf4, 0x00, 0x0f, 0xec, 0xb0, 0x00, 0xf4,
    0x2e, 0x80, 0x0f, 0x40, 0x4f, 0x50, 0xf4, 0x00, 0x8e, 0x30, 0x41, 0xf4, 0xf4, 0xf4, 0xf4, 0xf4,
    0xf4, 0xf4, 0xf4, 0xf4, 0xf4, 0xb4, 0x9b, 0x80, 0x8b, 0xa3, 0x0f, 0xc7, 0x7e, 0xaa, 0x5a, 0xd0,
    0xf6, 0x00, 0x8c, 0x00, 0x1f, 0x3f, 0x40, 0x08, 0xb0, 0x00, 0xf4, 0xf4, 0x00, 0x8b, 0x00, 0x0f,
    0x4f, 0x40, 0x08, 0xb0, 0x00, 0xf4, 0xf4, 0x00, 0x8b, 0x00, 0x0f, 0x4f, 0x40, 0x08, 0xb0, 0x00,
    0xf4, 0xb3, 0x8b, 0x91, 0x0f, 0xc8, 0x6c, 0xc0, 0xf8, 0x00, 0x2f, 0x3f, 0x40, 0x00, 0xf4, 0xf4,
    0x00, 0x0f, 0x4f, 0x40, 0x00, 0xf4, 0xf4, 0x00, 0x0f, 0x4f, 0x40, 0x00, 0xf4, 0x00, 0x5a, 0xb8,
    0x10, 0x06, 0xe8, 0x6c, 0xc0, 0x0e, 0x60, 0x01, 0xe6, 0x4f, 0x00, 0x00, 0x99, 0x4f, 0x00, 0x00,
    0x8b, 0x2f, 0x20, 0x00, 0xc8, 0x0b, 0xc1, 0x07, 0xf2, 0x01, 0xbf, 0xfe, 0x50, 0x00, 0x01, 0x30,
    0x00, 0xb3, 0x8b, 0x92, 0x0f, 0xc9, 0x6a, 0xe2, 0xf9, 0x00, 0x0b, 0x9f, 0x50, 0x00, 0x8b, 0xf4,
    0x00, 0x08, 0xbf, 0x80, 0x00, 0x9a, 0xfd, 0x30, 0x4e, 0x6f, 0x7d, 0xff, 0x80, 0xf4, 0x04, 0x10,
    0x0f, 0x40, 0x00, 0x00, 0xb3, 0x00, 0x00, 0x00, 0x00, 0x6b, 0xa4, 0x86, 0x08, 0xe8, 0x6b, 0xd8,
    0x1f, 0x60, 0x01, 0xf8, 0x4f, 0x00, 0x00, 0xb8, 0x4f, 0x00, 0x00, 0xb8, 0x2f, 0x20, 0x00, 0xd8,
    0x0b, 0xa1, 0x08, 0xf8, 0x01, 0xcf, 0xf9, 0xb8, 0x00, 0x02, 0x20, 0xb8, 0x00, 0x00, 0x00, 0xb8,
    0x00, 0x00, 0x00, 0x86, 0xb4, 0x9b, 0xfd, 0x88, 0xf8, 0x00, 0xf4, 0x00, 0xf4, 0x00, 0xf4, 0x00,
    0xf4, 0x00, 0xf4, 0x00, 0x01, 0x8b, 0xa5, 0x00, 0xbc, 0x56, 0xe4, 0x0f, 0x40, 0x03, 0x20, 0xbd,
    0x84, 0x00, 0x00, 0x6a, 0xed, 0x30, 0x10, 0x00, 0xba, 0x2f, 0x40, 0x1c, 0x90, 0x6e, 0xff, 0xb1,
    0x00, 0x04, 0x10, 0x00, 0x06, 0x40, 0x00, 0xb8, 0x00, 0x8e, 0xdb, 0x06, 0xdb, 0x80, 0x0b, 0x80,
    0x00, 0xb8, 0x00, 0x0b, 0x80, 0x00, 0xb8, 0x00, 0x0a, 0x90, 0x00, 0x3e, 0xf3, 0x00, 0x00, 0x00,
    0xb3, 0x00, 0x0b, 0x3f, 0x40, 0x00, 0xf4, 0xf4, 0x00, 0x0f, 0x4f, 0x40, 0x00, 0xf4, 0xf4, 0x00,
    0x0f, 0x4f, 0x50, 0x01, 0xf4, 0xac, 0x11, 0x8f, 0x43, 0xdf, 0xe6, 0xf4, 0x00, 0x00, 0x00, 0x00,
    0x69, 0x00, 0x00, 0xa5, 0x3f, 0x20, 0x04, 0xf1, 0x0c, 0x70, 0x09, 0xa0, 0x07, 0xd0, 0x0e, 0x50,
    0x01, 0xf3, 0x6d, 0x00, 0x00, 0x98, 0xa8, 0x00, 0x00, 0x5c, 0xe2, 0x00, 0x00, 0x0d, 0xc0, 0x00,
    0x59, 0x00, 0x0b, 0x60, 0x05, 0xa3, 0xf2, 0x03, 0xfa, 0x00, 0x99, 0x0d, 0x60, 0x89, 0xf0, 0x0e,
    0x50, 0x8a, 0x0c, 0x5c, 0x43, 0xf1, 0x05, 0xe1, 0xf1, 0x88, 0x7a, 0x00, 0x0e, 0x8b, 0x05, 0xbb,
    0x70, 0x00, 0x9e, 0x70, 0x0f, 0xf2, 0x00, 0x06, 0xf3, 0x00, 0xac, 0x00, 0x3b, 0x20, 0x06, 0xa0,
    0x09, 0xb0, 0x2e, 0x50, 0x01, 0xd6, 0xba, 0x00, 0x00, 0x4e, 0xd1, 0x00, 0x00, 0x3f, 0xb0, 0x00,
    0x00, 0xc8, 0xc7, 0x00, 0x08, 0xc0, 0x4f, 0x30, 0x4f, 0x30, 0x08, 0xc0, 0x69, 0x00, 0x00, 0xa5,
    0x3f, 0x20, 0x04, 0xf1, 0x0c, 0x70, 0x09, 0xa0, 0x07, 0xd0, 0x0e, 0x50, 0x01, 0xf3, 0x6d, 0x00,
    0x00, 0xa8, 0xa8, 0x00, 0x00, 0x5c, 0xe2, 0x00, 0x00, 0x0d, 0xc0, 0x00, 0x00, 0x0d, 0x60, 0x00,
    0x03, 0x7e, 0x10, 0x00, 0x0d, 0xc3, 0x00, 0x00, 0x0b, 0xbb, 0xbb, 0x80, 0x88, 0x88, 0xf8, 0x00,
    0x00, 0x8c, 0x10, 0x00, 0x6e, 0x20, 0x00, 0x3e, 0x50, 0x00, 0x1c, 0x80, 0x00, 0x0a, 0xe4, 0x44,
    0x34, 0xff, 0xff, 0xfb, 0x00, 0x08, 0xb3, 0x00, 0x5e, 0x51, 0x00, 0x89, 0x00, 0x00, 0x88, 0x00,
    0x00, 0x88, 0x00, 0x02, 0xc7, 0x00, 0x0f, 0xa0, 0x00, 0x04, 0xd7, 0x00, 0x00, 0x88, 0x00, 0x00,
    0x88, 0x00, 0x00, 0x89, 0x00, 0x00, 0x6d, 0x30, 0x00, 0x08, 0xd4, 0x26, 0x4b, 0x4b, 0x4b, 0x4b,
    0x4b, 0x4b, 0x4b, 0x4b, 0x4b, 0x4b, 0x4b, 0x4b, 0x4b, 0x4b, 0x4b, 0x4b, 0x13, 0x3b, 0x80, 0x01,
    0x5e, 0x40, 0x00, 0xb8, 0x00, 0x0b, 0x80, 0x00, 0xb8, 0x00, 0x08, 0xb1, 0x00, 0x1b, 0xf0, 0x07,
    0xc4, 0x00, 0xb8, 0x00, 0x0b, 0x80, 0x00, 0xb8, 0x00, 0x3e, 0x50, 0x4d, 0x80, 0x00, 0x03, 0x40,
    0x00, 0x00, 0x8e, 0xdc, 0x21, 0xf0, 0xb5, 0x08, 0xee, 0x90, 0x00, 0x00, 0x34, 0x00, 0x88, 0xbc,
    0x00, 0x46, 0x8b, 0x8b, 0xab, 0xbb, 0xbb, 0xbb, 0x66, 0x00, 0x01, 0x20, 0x00, 0x00, 0x04, 0x80,
    0x00, 0x01, 0x9f, 0xfc, 0x30, 0x09, 0xc7, 0x88, 0xe1, 0x2f, 0x44, 0x80, 0x50, 0x4f, 0x04, 0x80,
    0x00, 0x4f, 0x04, 0x80, 0x00, 0x1f, 0x54, 0x80, 0x81, 0x08, 0xe8, 0x9a, 0xd1, 0x00, 0x8c, 0xd9,
    0x10, 0x00, 0x04, 0x80, 0x00, 0x00, 0x02, 0x44, 0x00, 0x00, 0x6f, 0xce, 0xc1, 0x01, 0xf6, 0x01,
    0xb9, 0x04, 0xf0, 0x00, 0x33, 0x04, 0xf0, 0x00, 0x00, 0x29, 0xf8, 0x88, 0x20, 0x29, 0xf8, 0x88,
    0x20, 0x04, 0xf0, 0x00, 0x00, 0x04, 0xf0, 0x00, 0x13, 0x18, 0xc4, 0x44, 0x8b, 0x4f, 0xff, 0xff,
    0xe5, 0x04, 0x02, 0x77, 0x20, 0x60, 0x0c, 0xbf, 0xbb, 0xec, 0xe2, 0x06, 0xe3, 0x00, 0x2d, 0x80,
    0x0c, 0x60, 0x00, 0x05, 0xe0, 0x0f, 0x10, 0x00, 0x00, 0xf1, 0x0f, 0x30, 0x00, 0x01, 0xf0, 0x0a,
    0x80, 0x00, 0x08, 0xc0, 0x08, 0xf7, 0x10, 0x7f, 0xa0, 0x0b, 0x6c, 0xff, 0xd7, 0xd2, 0x00, 0x00,
    0x11, 0x00, 0x00, 0x33, 0x00, 0x00, 0x42, 0x8e, 0x00, 0x04, 0xf2, 0x1e, 0x60, 0x0a, 0x90, 0x08,
    0xd0, 0x2f, 0x20, 0x01, 0xe5, 0x99, 0x00, 0x00, 0x8b, 0xf2, 0x00, 0x0b, 0xbe, 0xdb, 0x80, 0x00,
    0x0b, 0x80, 0x00, 0x0b, 0xbe, 0xdb, 0x80, 0x00, 0x0b, 0x80, 0x00, 0x00, 0x0b, 0x80, 0x00, 0x32,
    0xb8, 0xb8, 0xb8, 0xb8, 0x64, 0x00, 0x00, 0x86, 0xb8, 0xb8, 0xb8, 0xb8, 0x00, 0x14, 0x41, 0x00,
    0x02, 0xec, 0xcd, 0x10, 0x08, 0xc0, 0x0a, 0x80, 0x06, 0xd1, 0x00, 0x00, 0x02, 0xee, 0x60, 0x00,
    0x0e, 0x34, 0xdb, 0x20, 0x3f, 0x10, 0x08, 0xc0, 0x0b, 0xb2, 0x00, 0xf0, 0x01, 0x8f, 0x88, 0xb0,
    0x00, 0x02, 0xbe, 0x10, 0x02, 0x10, 0x0c, 0x70, 0x0a, 0xa0, 0x1d, 0x70, 0x01, 0xbf, 0xf9, 0x10,
    0x00, 0x00, 0x00, 0x00, 0x07, 0x30, 0x81, 0x0e, 0x73, 0xf5, 0x00, 0x00, 0x00, 0x00, 0x00, 0x44,
    0x40, 0x00, 0x00, 0x08, 0xef, 0xbf, 0xd5, 0x00, 0x09, 0xe6, 0x00, 0x07, 0xf6, 0x04, 0xf3, 0x5d,
    0xfd, 0x36, 0xe2, 0xa9, 0x2f, 0x72, 0x7e, 0x1c, 0x7b, 0x58, 0xb0, 0x00, 0x41, 0x89, 0xb6, 0x7c,
    0x00, 0x18, 0x08, 0x99, 0x91, 0xea, 0x4a, 0xc0, 0xd6, 0x2f, 0x63, 0xab, 0x91, 0x8e, 0x10, 0x6f,
    0x82, 0x03, 0xae, 0x30, 0x00, 0x4c, 0xff, 0xfa, 0x30, 0x00, 0x00, 0x01, 0x40, 0x00, 0x00, 0x00,
    0x44, 0x10, 0x1d, 0xb9, 0xe3, 0x14, 0x00, 0xb8, 0x19, 0xcd, 0xe8, 0x8b, 0x10, 0xb8, 0x6d, 0x68,
    0xe8, 0x06, 0x86, 0x44, 0x00, 0x06, 0x50, 0x73, 0x00, 0x6e, 0x29, 0xc1, 0x03, 0xf3, 0x7e, 0x10,
    0x2e, 0x75, 0xf3, 0x00, 0x0a, 0xb1, 0xc8, 0x00, 0x01, 0xc9, 0x3e, 0x60, 0x00, 0x1e, 0x64, 0xe3,
    0x00, 0x00, 0x00, 0x00, 0x00, 0x00, 0x00, 0x08, 0xff, 0xff, 0xf4, 0x00, 0x00, 0x0f, 0x40, 0x00,
    0x00, 0xb3, 0x04, 0x44, 0x42, 0x0f, 0xff, 0xf8, 0x00, 0x02, 0x44, 0x00, 0x00, 0x1a, 0xdb, 0xcd,
    0x30, 0x0a, 0x93, 0x42, 0x4e, 0x12, 0xd0, 0xb8, 0xd2, 0x87, 0x4b, 0x0b, 0x5d, 0x24, 0xa4, 0xc0,
    0xb4, 0xc0, 0x78, 0x0d, 0x56, 0x05, 0x3d, 0x20, 0x3e, 0x85, 0x7d, 0x60, 0x00, 0x17, 0x98, 0x20,
    0x00, 0x24, 0x44, 0x16, 0xbb, 0xb3, 0x00, 0x24, 0x00, 0x07, 0xec, 0xc1, 0x0f, 0x10, 0xa7, 0x0f,
    0x10, 0x97, 0x08, 0xdc, 0xc1, 0x00, 0x34, 0x10, 0x00, 0x0b, 0x30, 0x00, 0x00, 0xf4, 0x00, 0x6b,
    0xbf, 0xcb, 0x84, 0x88, 0xf9, 0x86, 0x00, 0x0f, 0x40, 0x00, 0x00, 0x82, 0x00, 0x48, 0x88, 0x88,
    0x64, 0x88, 0x88, 0x86, 0x05, 0xbb, 0x50, 0x3f, 0x55, 0xf3, 0x00, 0x03, 0xf2, 0x00, 0x5d, 0x60,
    0x08, 0xc3, 0x00, 0x3b, 0xbb, 0xb6, 0x04, 0xab, 0x70, 0x1b, 0x54, 0xd4, 0x00, 0x48, 0xc2, 0x00,
    0x48, 0xc5, 0x3b, 0x21, 0xc8, 0x08, 0xde, 0xa1, 0x1b, 0x47, 0xb0, 0x31, 0x00, 0xb3, 0x00, 0x0b,
    0x30, 0xf4, 0x00, 0x0f, 0x40, 0xf4, 0x00, 0x0f, 0x40, 0xf4, 0x00, 0x0f, 0x40, 0xf4, 0x00, 0x0f,
    0x40, 0xf5, 0x00, 0x1f, 0x40, 0xfc, 0x20, 0x9f, 0x50, 0xf8, 0xef, 0x98, 0xf4, 0xf4, 0x00, 0x00,
    0x00, 0xf4, 0x00, 0x00, 0x00, 0xb3, 0x00, 0x00, 0x00, 0x00, 0x03, 0x44, 0x41, 0x03, 0xdf, 0xff,
    0xf4, 0x0d, 0xff, 0xb0, 0xf4, 0x4f, 0xff, 0xb0, 0xf4, 0x4f, 0xff, 0xb0, 0xf4, 0x0e, 0xff, 0xb0,
    0xf4, 0x03, 0xdf, 0xb0, 0xf4, 0x00, 0x03, 0x30, 0xf4, 0x00, 0x00, 0x00, 0xf4, 0x00, 0x00, 0x00,
    0xf4, 0x00, 0x00, 0x00, 0xf4, 0x88, 0xcc, 0x00, 0x21, 0x08, 0x81, 0x39, 0x78, 0xb3, 0x05, 0xb6,
    0x4b, 0xc8, 0x00, 0xb8, 0x00, 0xb8, 0x00, 0xb8, 0x00, 0x86, 0x00, 0x34, 0x20, 0x00, 0x9d, 0xbe,
    0x60, 0x5e, 0x10, 0x4f, 0x18, 0xb0, 0x00, 0xf4, 0x6d, 0x00, 0x2f, 0x21, 0xca, 0x8c, 0x90, 0x01,
    0x78, 0x60, 0x00, 0x38, 0x15, 0x70, 0x00, 0x09, 0xb1, 0xc8, 0x00, 0x01, 0xc9, 0x2e, 0x60, 0x00,
    0x1e, 0x63, 0xf3, 0x00, 0x6e, 0x39, 0xc1, 0x03, 0xe4, 0x6e, 0x10, 0x2e, 0x64, 0xe3, 0x00, 0x00,
    0x00, 0x00, 0x00, 0x02, 0x40, 0x00, 0x00, 0x32, 0x04, 0xdf, 0x00, 0x00, 0x3e, 0x10, 0x51, 0xf0,
    0x00, 0x0c, 0x40, 0x00, 0x0f, 0x00, 0x08, 0x80, 0x00, 0x00, 0xf0, 0x04, 0xd1, 0x00, 0x00, 0x0f,
    0x01, 0xd4, 0x05, 0x80, 0x00, 0x40, 0x88, 0x01, 0xdf, 0x00, 0x00, 0x5c, 0x00, 0x97, 0xf0, 0x00,
    0x1e, 0x30, 0x3d, 0x0f, 0x00, 0x0a, 0x80, 0x08, 0xdb, 0xf8, 0x05, 0xc0, 0x00, 0x24, 0x4f, 0x30,
    0x02, 0x40, 0x00, 0x00, 0x32, 0x00, 0x4d, 0xf0, 0x00, 0x03, 0xe1, 0x00, 0x51, 0xf0, 0x00, 0x0c,
    0x40, 0x00, 0x00, 0xf0, 0x00, 0x88, 0x00, 0x00, 0x00, 0xf0, 0x04, 0xd1, 0x00, 0x00, 0x00, 0xf0,
    0x1d, 0x41, 0x78, 0x40, 0x00, 0x40, 0x88, 0x07, 0xa5, 0xe0, 0x00, 0x05, 0xc0, 0x00, 0x03, 0xe0,
    0x00, 0x1e, 0x30, 0x00, 0x1c, 0x50, 0x00, 0xa8, 0x00, 0x01, 0xc6, 0x00, 0x05, 0xc0, 0x00, 0x08,
    0xff, 0xf4, 0x00, 0x42, 0x00, 0x00, 0x03, 0x20, 0x1c, 0xbe, 0x50, 0x00, 0x2d, 0x20, 0x13, 0x08,
    0x80, 0x00, 0xb7, 0x00, 0x00, 0xff, 0x30, 0x07, 0xb0, 0x00, 0x00, 0x07, 0xb0, 0x3d, 0x10, 0x00,
    0x3e, 0x8c, 0x80, 0xc5, 0x04, 0x80, 0x02, 0x85, 0x08, 0xa0, 0x0d, 0xf0, 0x00, 0x00, 0x3e, 0x10,
    0x88, 0xf0, 0x00, 0x01, 0xc4, 0x02, 0xd1, 0xf0, 0x00, 0x08, 0x80, 0x08, 0xdb, 0xf8, 0x00, 0x4d,
    0x10, 0x02, 0x44, 0xf3, 0x00, 0x08, 0x70, 0x00, 0x00, 0xea, 0x00, 0x00, 0x00, 0x00, 0x00, 0x00,
    0x64, 0x00, 0x00, 0x0d, 0x80, 0x00, 0x1a, 0xe2, 0x00, 0x0c, 0xc1, 0x00, 0x04, 0xf1, 0x00, 0x00,
    0x4f, 0x10, 0x0c, 0x80, 0xcc, 0x8a, 0xe2, 0x01, 0x7b, 0x82, 0x00, 0x00, 0x04, 0x20, 0x00, 0x00,
    0x00, 0x08, 0xb0, 0x00, 0x00, 0x00, 0x00, 0xa2, 0x00, 0x00, 0x00, 0x00, 0x42, 0x00, 0x00, 0x00,
    0x03, 0xfc, 0x00, 0x00, 0x00, 0x08, 0x9f, 0x30, 0x00, 0x00, 0x0e, 0x5a, 0x80, 0x00, 0x00, 0x5e,
    0x06, 0xd0, 0x00, 0x00, 0x99, 0x01, 0xf5, 0x00, 0x01, 0xe5, 0x00, 0xa9, 0x00, 0x06, 0xff, 0xff,
    0xff, 0x10, 0x0a, 0xa4, 0x44, 0x4e, 0x60, 0x2f, 0x50, 0x00, 0x09, 0xb0, 0x7d, 0x00, 0x00, 0x04,
    0xf2, 0x00, 0x00, 0x03, 0x20, 0x00, 0x00, 0x00, 0x2f, 0x30, 0x00, 0x00, 0x00, 0x67, 0x00, 0x00,
    0x00, 0x00, 0x42, 0x00, 0x00, 0x00, 0x03, 0xfc, 0x00, 0x00, 0x00, 0x08, 0x9f, 0x30, 0x00, 0x00,
    0x0e, 0x5a, 0x80, 0x00, 0x00, 0x5e, 0x06, 0xd0, 0x00, 0x00, 0x99, 0x01, 0xf5, 0x00, 0x01, 0xe5,
    0x00, 0xa9, 0x00, 0x06, 0xff, 0xff, 0xff, 0x10, 0x0a, 0xa4, 0x44, 0x4e, 0x60, 0x2f, 0x50, 0x00,
    0x09, 0xb0, 0x7d, 0x00, 0x00, 0x04, 0xf2, 0x00, 0x00, 0x32, 0x00, 0x00, 0x00, 0x06, 0xcd, 0x20,
    0x00, 0x00, 0x2b, 0x16, 0x80, 0x00, 0x00, 0x00, 0x42, 0x00, 0x00, 0x00, 0x03, 0xfc, 0x00, 0x00,
    0x00, 0x08, 0x9f, 0x30, 0x00, 0x00, 0x0e, 0x5a, 0x80, 0x00, 0x00, 0x5e, 0x06, 0xd0, 0x00, 0x00,
    0x99, 0x01, 0xf5, 0x00, 0x01, 0xe5, 0x00, 0xa9, 0x00, 0x06, 0xff, 0xff, 0xff, 0x10, 0x0a, 0xa4,
    0x44, 0x4e, 0x60, 0x2f, 0x50, 0x00, 0x09, 0xb0, 0x7d, 0x00, 0x00, 0x04, 0xf2, 0x00, 0x0c, 0xd8,
    0xb0, 0x00, 0x00, 0x26, 0x17, 0x30, 0x00, 0x00, 0x00, 0x42, 0x00, 0x00, 0x00, 0x03, 0xfc, 0x00,
    0x00, 0x00, 0x08, 0x9f, 0x30, 0x00, 0x00, 0x0e, 0x5a, 0x80, 0x00, 0x00, 0x5e, 0x06, 0xd0, 0x00,
    0x00, 0x99, 0x01, 0xf5, 0x00, 0x01, 0xe5, 0x00, 0xa9, 0x00, 0x06, 0xff, 0xff, 0xff, 0x10, 0x0a,
    0xa4, 0x44, 0x4e, 0x60, 0x2f, 0x50, 0x00, 0x09, 0xb0, 0x7d, 0x00, 0x00, 0x04, 0xf2, 0x00, 0x00,
    0x00, 0x00, 0x00, 0x00, 0x5f, 0x27, 0xe0, 0x00, 0x00, 0x28, 0x03, 0x70, 0x00, 0x00, 0x00, 0x42,
    0x00, 0x00, 0x00, 0x03, 0xfc, 0x00, 0x00, 0x00, 0x08, 0x9f, 0x30, 0x00, 0x00, 0x0e, 0x5a, 0x80,
    0x00, 0x00, 0x5e, 0x06, 0xd0, 0x00, 0x00, 0x99, 0x01, 0xf5, 0x00, 0x01, 0xe5, 0x00, 0xa9, 0x00,
    0x06, 0xff, 0xff, 0xff, 0x10, 0x0a, 0xa4, 0x44, 0x4e, 0x60, 0x2f, 0x50, 0x00, 0x09, 0xb0, 0x7d,
    0x00, 0x00, 0x04, 0xf2, 0x00, 0x06, 0xed, 0x20, 0x00, 0x00, 0x0e, 0x16, 0x80, 0x00, 0x00, 0x0b,
    0x8b, 0x60, 0x00, 0x00, 0x01, 0xa8, 0x00, 0x00, 0x00, 0x03, 0xfc, 0x00, 0x00, 0x00, 0x08, 0x9f,
    0x30, 0x00, 0x00, 0x0e, 0x5a, 0x80, 0x00, 0x00, 0x5e, 0x06, 0xd0, 0x00, 0x00, 0x99, 0x01, 0xf5,
    0x00, 0x01, 0xe5, 0x00, 0xa9, 0x00, 0x06, 0xff, 0xff, 0xff, 0x10, 0x0a, 0xa4, 0x44, 0x4e, 0x60,
    0x2f, 0x50, 0x00, 0x09, 0xb0, 0x7d, 0x00, 0x00, 0x04, 0xf2, 0x00, 0x00, 0x03, 0x44, 0x44, 0x44,
    0x40, 0x00, 0x02, 0xfc, 0xff, 0xff, 0xff, 0x00, 0x00, 0x8b, 0x4f, 0x00, 0x00, 0x00, 0x00, 0x1e,
    0x44, 0xf0, 0x00, 0x00, 0x00, 0x08, 0xd0, 0x4f, 0x00, 0x00, 0x00, 0x01, 0xe6, 0x04, 0xfb, 0xbb,
    0xb6, 0x00, 0x8d, 0x00, 0x4f, 0x88, 0x88, 0x40, 0x1e, 0xff, 0xff, 0xf0, 0x00, 0x00, 0x07, 0xe4,
    0x44, 0x7f, 0x00, 0x00, 0x00, 0xd8, 0x00, 0x04, 0xf4, 0x44, 0x44, 0x6e, 0x10, 0x00, 0x4f, 0xff,
    0xff, 0xf0, 0x00, 0x00, 0x44, 0x30, 0x00, 0x00, 0x5e, 0xff, 0xfb, 0x20, 0x03, 0xf8, 0x00, 0x2a,
    0xc0, 0x0b, 0xa0, 0x00, 0x01, 0xe6, 0x0f, 0x40, 0x00, 0x00, 0x00, 0x4f, 0x10, 0x00, 0x00, 0x00,
    0x3f, 0x20, 0x00, 0x00, 0x00, 0x0f, 0x50, 0x00, 0x00, 0x32, 0x09, 0xb0, 0x00, 0x02, 0xf5, 0x02,
    0xea, 0x30, 0x5c, 0xb0, 0x00, 0x3b, 0xff, 0xf9, 0x10, 0x00, 0x00, 0x0c, 0x20, 0x00, 0x00, 0x00,
    0x15, 0xe0, 0x00, 0x00, 0x00, 0x6b, 0x90, 0x00, 0x02, 0x40, 0x00, 0x00, 0x1e, 0x40, 0x00, 0x00,
    0x58, 0x00, 0x03, 0x44, 0x44, 0x42, 0xbf, 0xff, 0xff, 0x8b, 0x80, 0x00, 0x00, 0xb8, 0x00, 0x00,
    0x0b, 0x80, 0x00, 0x00, 0xbd, 0xbb, 0xbb, 0x0b, 0xb8, 0x88, 0x80, 0xb8, 0x00, 0x00, 0x0b, 0x80,
    0x00, 0x00, 0xb9, 0x44, 0x44, 0x2b, 0xff, 0xff, 0xf8, 0x00, 0x01, 0x40, 0x00, 0x00, 0x8a, 0x00,
    0x00, 0x0a, 0x10, 0x03, 0x44, 0x44, 0x42, 0xbf, 0xff, 0xff, 0x8b, 0x80, 0x00, 0x00, 0xb8, 0x00,
    0x00, 0x0b, 0x80, 0x00, 0x00, 0xbd, 0xbb, 0xbb, 0x0b, 0xb8, 0x88, 0x80, 0xb8, 0x00, 0x00, 0x0b,
    0x80, 0x00, 0x00, 0xb9, 0x44, 0x44, 0x2b, 0xff, 0xff, 0xf8, 0x00, 0x14, 0x00, 0x00, 0x1c, 0xb9,
    0x00, 0x07, 0x80, 0xa3, 0x03, 0x44, 0x44, 0x42, 0xbf, 0xff, 0xff, 0x8b, 0x80, 0x00, 0x00, 0xb8,
    0x00, 0x00, 0x0b, 0x80, 0x00, 0x00, 0xbd, 0xbb, 0xbb, 0x0b, 0xb8, 0x88, 0x80, 0xb8, 0x00, 0x00,
    0x0b, 0x80, 0x00, 0x00, 0xb9, 0x44, 0x44, 0x2b, 0xff, 0xff, 0xf8, 0x00, 0x00, 0x00, 0x00, 0xaa,
    0x0e, 0x70, 0x05, 0x50, 0x73, 0x03, 0x44, 0x44, 0x42, 0xbf, 0xff, 0xff, 0x8b, 0x80, 0x00, 0x00,
    0xb8, 0x00, 0x00, 0x0b, 0x80, 0x00, 0x00, 0xbd, 0xbb, 0xbb, 0x0b, 0xb8, 0x88, 0x80, 0xb8, 0x00,
    0x00, 0x0b, 0x80, 0x00, 0x00, 0xb9, 0x44, 0x44, 0x2b, 0xff, 0xff, 0xf8, 0x42, 0x08, 0xb0, 0x0a,
    0x20, 0x32, 0x0b, 0x80, 0xb8, 0x0b, 0x80, 0xb8, 0x0b, 0x80, 0xb8, 0x0b, 0x80, 0xb8, 0x0b, 0x80,
    0xb8, 0x03, 0x31, 0xe4, 0x58, 0x03, 0x20, 0xb8, 0x0b, 0x80, 0xb8, 0x0b, 0x80, 0xb8, 0x0b, 0x80,
    0xb8, 0x0b, 0x80, 0xb8, 0x0b, 0x80, 0x00, 0x32, 0x00, 0x06, 0xcd, 0x30, 0x1a, 0x25, 0x90, 0x00,
    0x32, 0x00, 0x00, 0xb8, 0x00, 0x00, 0xb8, 0x00, 0x00, 0xb8, 0x00, 0x00, 0xb8, 0x00, 0x00, 0xb8,
    0x00, 0x00, 0xb8, 0x00, 0x00, 0xb8, 0x00, 0x00, 0xb8, 0x00, 0x00, 0xb8, 0x00, 0x00, 0xb8, 0x00,
    0x00, 0x00, 0x00, 0x3f, 0x37, 0xe0, 0x18, 0x13, 0x70, 0x00, 0x32, 0x00, 0x00, 0xb8, 0x00, 0x00,
    0xb8, 0x00, 0x00, 0xb8, 0x00, 0x00, 0xb8, 0x00, 0x00, 0xb8, 0x00, 0x00, 0xb8, 0x00, 0x00, 0xb8,
    0x00, 0x00, 0xb8, 0x00, 0x00, 0xb8, 0x00, 0x00, 0xb8, 0x00, 0x02, 0x44, 0x42, 0x00, 0x00, 0x08,
    0xff, 0xff, 0xd7, 0x00, 0x08, 0xb0, 0x00, 0x6e, 0x80, 0x08, 0xb0, 0x00, 0x06, 0xe1, 0x08, 0xb0,
    0x00, 0x00, 0xf5, 0x6b, 0xd8, 0x84, 0x00, 0xb8, 0x6b, 0xd8, 0x84, 0x00, 0xc8, 0x08, 0xb0, 0x00,
    0x01, 0xf4, 0x08, 0xb0, 0x00, 0x08, 0xe0, 0x08, 0xc4, 0x44, 0x9f, 0x50, 0x08, 0xff, 0xff, 0xa4,
    0x00, 0x00, 0x6f, 0x9c, 0x30, 0x00, 0x06, 0x26, 0x70, 0x00, 0x33, 0x00, 0x00, 0x04, 0x1b, 0xf3,
    0x00, 0x00, 0xf4, 0xbe, 0xc0, 0x00, 0x0f, 0x4b, 0x8d, 0x80, 0x00, 0xf4, 0xb8, 0x6e, 0x20, 0x0f,
    0x4b, 0x80, 0xbb, 0x00, 0xf4, 0xb8, 0x02, 0xe6, 0x0f, 0x4b, 0x80, 0x08, 0xe1, 0xf4, 0xb8, 0x00,
    0x0c, 0x9f, 0x4b, 0x80, 0x00, 0x3f, 0xf4, 0xb8, 0x00, 0x00, 0x8f, 0x40, 0x00, 0x02, 0x40, 0x00,
    0x00, 0x00, 0x01, 0xe4, 0x00, 0x00, 0x00, 0x00, 0x58, 0x00, 0x00, 0x00, 0x00, 0x44, 0x30, 0x00,
    0x00, 0x5e, 0xff, 0xfb, 0x20, 0x03, 0xf8, 0x10, 0x2a, 0xd1, 0x0b, 0xa0, 0x00, 0x01, 0xd7, 0x0f,
    0x40, 0x00, 0x00, 0x8b, 0x4f, 0x10, 0x00, 0x00, 0x8b, 0x3f, 0x20, 0x00, 0x00, 0x8b, 0x0f, 0x50,
    0x00, 0x00, 0x9a, 0x09, 0xb0, 0x00, 0x02, 0xe6, 0x02, 0xea, 0x30, 0x5c, 0xc0, 0x00, 0x3b, 0xff,
    0xf9, 0x10, 0x00, 0x00, 0x03, 0x00, 0x00, 0x00, 0x00, 0x01, 0x40, 0x00, 0x00, 0x00, 0x08, 0xa0,
    0x00, 0x00, 0x00, 0x0a, 0x10, 0x00, 0x00, 0x00, 0x44, 0x30, 0x00, 0x00, 0x5e, 0xff, 0xfb, 0x20,
    0x03, 0xf8, 0x10, 0x2a, 0xd1, 0x0b, 0xa0, 0x00, 0x01, 0xd7, 0x0f, 0x40, 0x00, 0x00, 0x8b, 0x4f,
    0x10, 0x00, 0x00, 0x8b, 0x3f, 0x20, 0x00, 0x00, 0x8b, 0x0f, 0x50, 0x00, 0x00, 0x9a, 0x09, 0xb0,
    0x00, 0x02, 0xe6, 0x02, 0xea, 0x30, 0x5c, 0xc0, 0x00, 0x3b, 0xff, 0xf9, 0x10, 0x00, 0x00, 0x03,
    0x00, 0x00, 0x00, 0x00, 0x14, 0x00, 0x00, 0x00, 0x01, 0xcb, 0x90, 0x00, 0x00, 0x07, 0x81, 0xa3,
    0x00, 0x00, 0x00, 0x44, 0x30, 0x00, 0x00, 0x5e, 0xff, 0xfb, 0x20, 0x03, 0xf8, 0x10, 0x2a, 0xd1,
    0x0b, 0xa0, 0x00, 0x01, 0xd7, 0x0f, 0x40, 0x00, 0x00, 0x8b, 0x4f, 0x10, 0x00, 0x00, 0x8b, 0x3f,
    0x20, 0x00, 0x00, 0x8b, 0x0f, 0x50, 0x00, 0x00, 0x9a, 0x09, 0xb0, 0x00, 0x02, 0xe6, 0x02, 0xea,
    0x30, 0x5c, 0xc0, 0x00, 0x3b, 0xff, 0xf9, 0x10, 0x00, 0x00, 0x03, 0x00, 0x00, 0x00, 0x05, 0xf9,
    0xb4, 0x00, 0x00, 0x05, 0x24, 0x70, 0x00, 0x00, 0x00, 0x44, 0x30, 0x00, 0x00, 0x5e, 0xff, 0xfb,
    0x20, 0x03, 0xf8, 0x10, 0x2a, 0xd1, 0x0b, 0xa0, 0x00, 0x01, 0xd7, 0x0f, 0x40, 0x00, 0x00, 0x8b,
    0x4f, 0x10, 0x00, 0x00, 0x8b, 0x3f, 0x20, 0x00, 0x00, 0x8b, 0x0f, 0x50, 0x00, 0x00, 0x9a, 0x09,
    0xb0, 0x00, 0x02, 0xe6, 0x02, 0xea, 0x30, 0x5c, 0xc0, 0x00, 0x3b, 0xff, 0xf9, 0x10, 0x00, 0x00,
    0x03, 0x00, 0x00, 0x00, 0x00, 0x00, 0x00, 0x00, 0x00, 0x0c, 0xa0, 0xe7, 0x00, 0x00, 0x05, 0x50,
    0x73, 0x00, 0x00, 0x00, 0x44, 0x30, 0x00, 0x00, 0x5e, 0xff, 0xfb, 0x20, 0x03, 0xf8, 0x10, 0x2a,
    0xd1, 0x0b, 0xa0, 0x00, 0x01, 0xd7, 0x0f, 0x40, 0x00, 0x00, 0x8b, 0x4f, 0x10, 0x00, 0x00, 0x8b,
    0x3f, 0x20, 0x00, 0x00, 0x8b, 0x0f, 0x50, 0x00, 0x00, 0x9a, 0x09, 0xb0, 0x00, 0x02, 0xe6, 0x02,
    0xea, 0x30, 0x5c, 0xc0, 0x00, 0x3b, 0xff, 0xf9, 0x10, 0x00, 0x00, 0x03, 0x00, 0x00, 0x00, 0x00,
    0x00, 0x14, 0xc1, 0x00, 0x99, 0x09, 0xc1, 0x9c, 0x10, 0x09, 0xec, 0x10, 0x00, 0x9e, 0xc1, 0x00,
    0x9c, 0x19, 0xc1, 0x6c, 0x10, 0x09, 0x90, 0x10, 0x00, 0x01, 0x00, 0x00, 0x44, 0x30, 0x40, 0x00,
    0x5e, 0xff, 0xfc, 0xe2, 0x03, 0xf8, 0x10, 0x3f, 0xd1, 0x0b, 0xa0, 0x00, 0x9a, 0xd7, 0x0f, 0x40,
    0x05, 0xe1, 0x8b, 0x4f, 0x10, 0x1e, 0x50, 0x8b, 0x3f, 0x20, 0xa8, 0x00, 0x8b, 0x0f, 0x57, 0xd1,
    0x00, 0x9a, 0x09, 0xce, 0x40, 0x02, 0xe6, 0x02, 0xfc, 0x30, 0x5c, 0xc0, 0x07, 0xcb, 0xff, 0xf9,
    0x10, 0x00, 0x20, 0x03, 0x00, 0x00, 0x00, 0x23, 0x00, 0x00, 0x00, 0x03, 0xf2, 0x00, 0x00, 0x00,
    0x07, 0x70, 0x00, 0x03, 0x20, 0x00, 0x00, 0x41, 0xb8, 0x00, 0x00, 0x0f, 0x4b, 0x80, 0x00, 0x00,
    0xf4, 0xb8, 0x00, 0x00, 0x0f, 0x4b, 0x80, 0x00, 0x00, 0xf4, 0xb8, 0x00, 0x00, 0x0f, 0x4b, 0x80,
    0x00, 0x00, 0xf4, 0xb8, 0x00, 0x00, 0x1f, 0x49, 0xb0, 0x00, 0x06, 0xf1, 0x4f, 0x92, 0x05, 0xe8,
    0x00, 0x5d, 0xff, 0xf8, 0x00, 0x00, 0x02, 0x30, 0x00, 0x00, 0x00, 0x00, 0x24, 0x00, 0x00, 0x00,
    0x0b, 0x80, 0x00, 0x00, 0x01, 0xa1, 0x00, 0x03, 0x20, 0x00, 0x00, 0x41, 0xb8, 0x00, 0x00, 0x0f,
    0x4b, 0x80, 0x00, 0x00, 0xf4, 0xb8, 0x00, 0x00, 0x0f, 0x4b, 0x80, 0x00, 0x00, 0xf4, 0xb8, 0x00,
    0x00, 0x0f, 0x4b, 0x80, 0x00, 0x00, 0xf4, 0xb8, 0x00, 0x00, 0x1f, 0x49, 0xb0, 0x00, 0x06, 0xf1,
    0x4f, 0x92, 0x05, 0xe8, 0x00, 0x5d, 0xff, 0xf8, 0x00, 0x00, 0x02, 0x30, 0x00, 0x00, 0x00, 0x02,
    0x30, 0x00, 0x00, 0x01, 0xdc, 0x60, 0x00, 0x00, 0x86, 0x1a, 0x30, 0x03, 0x20, 0x00, 0x00, 0x41,
    0xb8, 0x00, 0x00, 0x0f, 0x4b, 0x80, 0x00, 0x00, 0xf4, 0xb8, 0x00, 0x00, 0x0f, 0x4b, 0x80, 0x00,
    0x00, 0xf4, 0xb8, 0x00, 0x00, 0x0f, 0x4b, 0x80, 0x00, 0x00, 0xf4, 0xb8, 0x00, 0x00, 0x1f, 0x49,
    0xb0, 0x00, 0x06, 0xf1, 0x4f, 0x92, 0x05, 0xe8, 0x00, 0x5d, 0xff, 0xf8, 0x00, 0x00, 0x02, 0x30,
    0x00, 0x00, 0x00, 0x00, 0x00, 0x00, 0x00, 0x0e, 0x72, 0xe7, 0x00, 0x00, 0x73, 0x07, 0x30, 0x03,
    0x20, 0x00, 0x00, 0x41, 0xb8, 0x00, 0x00, 0x0f, 0x4b, 0x80, 0x00, 0x00, 0xf4, 0xb8, 0x00, 0x00,
    0x0f, 0x4b, 0x80, 0x00, 0x00, 0xf4, 0xb8, 0x00, 0x00, 0x0f, 0x4b, 0x80, 0x00, 0x00, 0xf4, 0xb8,
    0x00, 0x00, 0x1f, 0x49, 0xb0, 0x00, 0x06, 0xf1, 0x4f, 0x92, 0x05, 0xe8, 0x00, 0x5d, 0xff, 0xf8,
    0x00, 0x00, 0x02, 0x30, 0x00, 0x00, 0x00, 0x00, 0x03, 0x20, 0x00, 0x00, 0x00, 0x2e, 0x20, 0x00,
    0x00, 0x00, 0x76, 0x00, 0x00, 0x24, 0x00, 0x00, 0x02, 0x40, 0x4f, 0x40, 0x00, 0x0b, 0xb0, 0x08,
    0xd0, 0x00, 0x6e, 0x20, 0x01, 0xe8, 0x01, 0xe8, 0x00, 0x00, 0x5f, 0x28, 0xc0, 0x00, 0x00, 0x0b,
    0xbf, 0x40, 0x00, 0x00, 0x02, 0xf9, 0x00, 0x00, 0x00, 0x00, 0xf8, 0x00, 0x00, 0x00, 0x00, 0xf8,
    0x00, 0x00, 0x00, 0x00, 0xf8, 0x00, 0x00, 0x00, 0x00, 0xf8, 0x00, 0x00, 0x32, 0x00, 0x00, 0x0b,
    0x80, 0x00, 0x00, 0xb8, 0x00, 0x00, 0x0b, 0xff, 0xfe, 0x80, 0xb8, 0x00, 0x4e, 0x7b, 0x80, 0x00,
    0x8b, 0xb8, 0x00, 0x08, 0xab, 0x94, 0x58, 0xf4, 0xbd, 0xbb, 0x94, 0x0b, 0x80, 0x00, 0x00, 0xb8,
    0x00, 0x00, 0x00, 0x00, 0x44, 0x20, 0x02, 0xde, 0xcf, 0x60, 0x9c, 0x10, 0x7f, 0x2b, 0x80, 0x00,
    0xf4, 0xb8, 0x00, 0x5e, 0x0b, 0x83, 0xbe, 0x30, 0xb8, 0x28, 0x8e, 0x4b, 0x80, 0x00, 0x8b, 0xb8,
    0x00, 0x08, 0xbb, 0x81, 0x45, 0xd8, 0xb8, 0x4f, 0xe8, 0x00, 0x00, 0x97, 0x00, 0x00, 0x04, 0xd0,
    0x00, 0x00, 0x03, 0x10, 0x00, 0x17, 0xbb, 0x60, 0x0c, 0xc6, 0x7e, 0x80, 0x51, 0x00, 0x8b, 0x00,
    0x47, 0x8d, 0xb1, 0xcd, 0x98, 0x9b, 0x6e, 0x10, 0x08, 0xb4, 0xe2, 0x02, 0xdb, 0x09, 0xff, 0xda,
    0xb0, 0x02, 0x30, 0x00, 0x00, 0x00, 0xa5, 0x00, 0x00, 0x6c, 0x00, 0x00, 0x02, 0x20, 0x00, 0x17,
    0xbb, 0x60, 0x0c, 0xc6, 0x7e, 0x80, 0x51, 0x00, 0x8b, 0x00, 0x47, 0x8d, 0xb1, 0xcd, 0x98, 0x9b,
    0x6e, 0x10, 0x08, 0xb4, 0xe2, 0x02, 0xdb, 0x09, 0xff, 0xda, 0xb0, 0x02, 0x30, 0x00, 0x00, 0x1a,
    0x80, 0x00, 0x0c, 0x7c, 0x60, 0x01, 0x40, 0x14, 0x00, 0x17, 0xbb, 0x60, 0x0c, 0xc6, 0x7e, 0x80,
    0x51, 0x00, 0x8b, 0x00, 0x47, 0x8d, 0xb1, 0xcd, 0x98, 0x9b, 0x6e, 0x10, 0x08, 0xb4, 0xe2, 0x02,
    0xdb, 0x09, 0xff, 0xda, 0xb0, 0x02, 0x30, 0x00, 0x00, 0x54, 0x06, 0x00, 0x2d, 0x9d, 0x80, 0x00,
    0x00, 0x00, 0x00, 0x17, 0xbb, 0x60, 0x0c, 0xc6, 0x7e, 0x80, 0x51, 0x00, 0x8b, 0x00, 0x47, 0x8d,
    0xb1, 0xcd, 0x98, 0x9b, 0x6e, 0x10, 0x08, 0xb4, 0xe2, 0x02, 0xdb, 0x09, 0xff, 0xda, 0xb0, 0x02,
    0x30, 0x00, 0x01, 0x70, 0x37, 0x00, 0x6f, 0x27, 0xe0, 0x00, 0x00, 0x00, 0x00, 0x17, 0xbb, 0x60,
    0x0c, 0xc6, 0x7e, 0x80, 0x51, 0x00, 0x8b, 0x00, 0x47, 0x8d, 0xb1, 0xcd, 0x98, 0x9b, 0x6e, 0x10,
    0x08, 0xb4, 0xe2, 0x02, 0xdb, 0x09, 0xff, 0xda, 0xb0, 0x02, 0x30, 0x00, 0x00, 0x28, 0x70, 0x00,
    0x0d, 0x79, 0x70, 0x00, 0xe1, 0x78, 0x00, 0x05, 0xba, 0x10, 0x01, 0x7b, 0xb6, 0x00, 0xcc, 0x67,
    0xe8, 0x05, 0x10, 0x08, 0xb0, 0x04, 0x78, 0xdb, 0x1c, 0xd9, 0x89, 0xb6, 0xe1, 0x00, 0x8b, 0x4e,
    0x20, 0x2d, 0xb0, 0x9f, 0xfd, 0xab, 0x00, 0x23, 0x00, 0x00, 0x01, 0x7b, 0xa5, 0x07, 0xba, 0x50,
    0x00, 0xcc, 0x67, 0xeb, 0xc6, 0x7e, 0x70, 0x05, 0x10, 0x08, 0xe1, 0x00, 0x6e, 0x00, 0x04, 0x88,
    0xbd, 0x88, 0x88, 0xf2, 0x1c, 0xd9, 0x8b, 0xd8, 0x88, 0x88, 0x26, 0xe1, 0x00, 0x8c, 0x00, 0x00,
    0x00, 0x4e, 0x20, 0x3e, 0xe7, 0x00, 0x9c, 0x00, 0x9f, 0xfe, 0x63, 0xdf, 0xfd, 0x30, 0x00, 0x23,
    0x00, 0x00, 0x32, 0x00, 0x00, 0x00, 0x5a, 0xb7, 0x10, 0x06, 0xe8, 0x6c, 0xc0, 0x0e, 0x60, 0x01,
    0x92, 0x4f, 0x00, 0x00, 0x00, 0x4f, 0x00, 0x00, 0x00, 0x2f, 0x20, 0x00, 0x40, 0x0b, 0xc1, 0x06,
    0xf2, 0x01, 0xbf, 0xfe, 0x50, 0x00, 0x04, 0xc2, 0x00, 0x00, 0x01, 0x5b, 0x00, 0x00, 0x04, 0x97,
    0x00, 0x00, 0x69, 0x00, 0x00, 0x00, 0x1d, 0x40, 0x00, 0x00, 0x02, 0x20, 0x00, 0x00, 0x5a, 0xb7,
    0x10, 0x06, 0xe7, 0x6c, 0xb0, 0x0e, 0x40, 0x01, 0xf3, 0x4f, 0x88, 0x88, 0xd8, 0x4f, 0x88, 0x88,
    0x84, 0x2f, 0x20, 0x00, 0x00, 0x0b, 0xa1, 0x04, 0xf2, 0x01, 0xbf, 0xfe, 0x60, 0x00, 0x01, 0x40,
    0x00, 0x00, 0x00, 0x78, 0x00, 0x00, 0x01, 0xe3, 0x00, 0x00, 0x01, 0x30, 0x00, 0x00, 0x5a, 0xb7,
    0x10, 0x06, 0xe7, 0x6c, 0xb0, 0x0e, 0x40, 0x01, 0xf3, 0x4f, 0x88, 0x88, 0xd8, 0x4f, 0x88, 0x88,
    0x84, 0x2f, 0x20, 0x00, 0x00, 0x0b, 0xa1, 0x04, 0xf2, 0x01, 0xbf, 0xfe, 0x60, 0x00, 0x01, 0x40,
    0x00, 0x00, 0x08, 0xa1, 0x00, 0x00, 0x7b, 0x8a, 0x00, 0x00, 0x41, 0x04, 0x10, 0x00, 0x5a, 0xb7,
    0x10, 0x06, 0xe7, 0x6c, 0xb0, 0x0e, 0x40, 0x01, 0xf3, 0x4f, 0x88, 0x88, 0xd8, 0x4f, 0x88, 0x88,
    0x84, 0x2f, 0x20, 0x00, 0x00, 0x0b, 0xa1, 0x04, 0xf2, 0x01, 0xbf, 0xfe, 0x60, 0x00, 0x01, 0x40,
    0x00, 0x00, 0x73, 0x18, 0x10, 0x00, 0xf7, 0x3f, 0x40, 0x00, 0x00, 0x00, 0x00, 0x00, 0x5a, 0xb7,
    0x10, 0x06, 0xe7, 0x6c, 0xb0, 0x0e, 0x40, 0x01, 0xf3, 0x4f, 0x88, 0x88, 0xd8, 0x4f, 0x88, 0x88,
    0x84, 0x2f, 0x20, 0x00, 0x00, 0x0b, 0xa1, 0x04, 0xf2, 0x01, 0xbf, 0xfe, 0x60, 0x00, 0x01, 0x40,
    0x00, 0x0a, 0x50, 0x05, 0xd0, 0x00, 0x40, 0x00, 0xb3, 0x00, 0xf4, 0x00, 0xf4, 0x00, 0xf4, 0x00,
    0xf4, 0x00, 0xf4, 0x00, 0xf4, 0x00, 0xf4, 0x1b, 0x46, 0xb0, 0x31, 0x0b, 0x30, 0xf4, 0x0f, 0x40,
    0xf4, 0x0f, 0x40, 0xf4, 0x0f, 0x40, 0xf4, 0x00, 0x02, 0xb6, 0x01, 0xc7, 0xc6, 0x23, 0x02, 0x30,
    0x0b, 0x30, 0x00, 0xf4, 0x00, 0x0f, 0x40, 0x00, 0xf4, 0x00, 0x0f, 0x40, 0x00, 0xf4, 0x00, 0x0f,
    0x40, 0x00, 0xf4, 0x00, 0x37, 0x03, 0x57, 0xe0, 0x9e, 0x00, 0x00, 0x00, 0x0b, 0x30, 0x00, 0xf4,
    0x00, 0x0f, 0x40, 0x00, 0xf4, 0x00, 0x0f, 0x40, 0x00, 0xf4, 0x00, 0x0f, 0x40, 0x00, 0xf4, 0x00,
    0x00, 0x66, 0x01, 0x20, 0x00, 0x3c, 0xbc, 0x40, 0x00, 0x8d, 0xa9, 0x00, 0x00, 0x23, 0x1c, 0x60,
    0x03, 0xce, 0xd9, 0xd0, 0x0c, 0x90, 0x07, 0xf4, 0x3f, 0x10, 0x00, 0xd7, 0x4f, 0x00, 0x00, 0xb8,
    0x3f, 0x10, 0x00, 0xd5, 0x0c, 0x91, 0x08, 0xe1, 0x03, 0xbf, 0xfd, 0x30, 0x00, 0x02, 0x30, 0x00,
    0x02, 0x71, 0x60, 0x00, 0xb8, 0xdc, 0x00, 0x00, 0x00, 0x00, 0x0b, 0x38, 0xb9, 0x10, 0xfc, 0x86,
    0xcc, 0x0f, 0x80, 0x02, 0xf3, 0xf4, 0x00, 0x0f, 0x4f, 0x40, 0x00, 0xf4, 0xf4, 0x00, 0x0f, 0x4f,
    0x40, 0x00, 0xf4, 0xf4, 0x00, 0x0f, 0x40, 0x00, 0x5a, 0x00, 0x00, 0x00, 0x0c, 0x50, 0x00, 0x00,
    0x02, 0x20, 0x00, 0x00, 0x5a, 0xb8, 0x10, 0x06, 0xe8, 0x6c, 0xc0, 0x0e, 0x60, 0x01, 0xe6, 0x4f,
    0x00, 0x00, 0x99, 0x4f, 0x00, 0x00, 0x8b, 0x2f, 0x20, 0x00, 0xc8, 0x0b, 0xc1, 0x07, 0xf2, 0x01,
    0xbf, 0xfe, 0x50, 0x00, 0x01, 0x30, 0x00, 0x00, 0x00, 0x79, 0x00, 0x00, 0x00, 0xe4, 0x00, 0x00,
    0x01, 0x30, 0x00, 0x00, 0x5a, 0xb8, 0x10, 0x06, 0xe8, 0x6c, 0xc0, 0x0e, 0x60, 0x01, 0xe6, 0x4f,
    0x00, 0x00, 0x99, 0x4f, 0x00, 0x00, 0x8b, 0x2f, 0x20, 0x00, 0xc8, 0x0b, 0xc1, 0x07, 0xf2, 0x01,
    0xbf, 0xfe, 0x50, 0x00, 0x01, 0x30, 0x00, 0x00, 0x08, 0xa1, 0x00, 0x00, 0x6c, 0x7c, 0x00, 0x00,
    0x41, 0x04, 0x10, 0x00, 0x5a, 0xb8, 0x10, 0x06, 0xe8, 0x6c, 0xc0, 0x0e, 0x60, 0x01, 0xe6, 0x4f,
    0x00, 0x00, 0x99, 0x4f, 0x00, 0x00, 0x8b, 0x2f, 0x20, 0x00, 0xc8, 0x0b, 0xc1, 0x07, 0xf2, 0x01,
    0xbf, 0xfe, 0x50, 0x00, 0x01, 0x30, 0x00, 0x00, 0x27, 0x16, 0x20, 0x00, 0xa8, 0xce, 0x00, 0x00,
    0x00, 0x00, 0x00, 0x00, 0x5a, 0xb8, 0x10, 0x06, 0xe8, 0x6c, 0xc0, 0x0e, 0x60, 0x01, 0xe6, 0x4f,
    0x00, 0x00, 0x99, 0x4f, 0x00, 0x00, 0x8b, 0x2f, 0x20, 0x00, 0xc8, 0x0b, 0xc1, 0x07, 0xf2, 0x01,
    0xbf, 0xfe, 0x50, 0x00, 0x01, 0x30, 0x00, 0x00, 0x73, 0x07, 0x10, 0x00, 0xe7, 0x2f, 0x60, 0x00,
    0x00, 0x00, 0x00, 0x00, 0x5a, 0xb8, 0x10, 0x06, 0xe8, 0x6c, 0xc0, 0x0e, 0x60, 0x01, 0xe6, 0x4f,
    0x00, 0x00, 0x99, 0x4f, 0x00, 0x00, 0x8b, 0x2f, 0x20, 0x00, 0xc8, 0x0b, 0xc1, 0x07, 0xf2, 0x01,
    0xbf, 0xfe, 0x50, 0x00, 0x01, 0x30, 0x00, 0x00, 0x07, 0x10, 0x00, 0x04, 0xf8, 0x00, 0x00, 0x04,
    0x10, 0x04, 0x88, 0x88, 0x86, 0x48, 0x88, 0x88, 0x60, 0x00, 0x41, 0x00, 0x00, 0x4f, 0x80, 0x00,
    0x00, 0x71, 0x00, 0x00, 0x5a, 0xb8, 0x68, 0x06, 0xe8, 0x6c, 0xf3, 0x0e, 0x60, 0x1e, 0xe6, 0x4f,
    0x01, 0xc6, 0x99, 0x4f, 0x0a, 0x80, 0x8b, 0x2f, 0xa9, 0x00, 0xc8, 0x0c, 0xf2, 0x07, 0xf2, 0x4e,
    0xbf, 0xfe, 0x50, 0x02, 0x01, 0x30, 0x00, 0x06, 0x90, 0x00, 0x00, 0x1d, 0x40, 0x00, 0x00, 0x22,
    0x00, 0x0b, 0x30, 0x00, 0xb3, 0xf4, 0x00, 0x0f, 0x4f, 0x40, 0x00, 0xf4, 0xf4, 0x00, 0x0f, 0x4f,
    0x40, 0x00, 0xf4, 0xf5, 0x00, 0x1f, 0x4a, 0xc1, 0x18, 0xf4, 0x3d, 0xfe, 0x6f, 0x40, 0x00, 0x00,
    0x00, 0x00, 0x07, 0x80, 0x00, 0x01, 0xe3, 0x00, 0x00, 0x13, 0x00, 0x0b, 0x30, 0x00, 0xb3, 0xf4,
    0x00, 0x0f, 0x4f, 0x40, 0x00, 0xf4, 0xf4, 0x00, 0x0f, 0x4f, 0x40, 0x00, 0xf4, 0xf5, 0x00, 0x1f,
    0x4a, 0xc1, 0x18, 0xf4, 0x3d, 0xfe, 0x6f, 0x40, 0x00, 0x00, 0x00, 0x00, 0x8a, 0x10, 0x00, 0x7b,
    0x8a, 0x00, 0x04, 0x10, 0x41, 0x0b, 0x30, 0x00, 0xb3, 0xf4, 0x00, 0x0f, 0x4f, 0x40, 0x00, 0xf4,
    0xf4, 0x00, 0x0f, 0x4f, 0x40, 0x00, 0xf4, 0xf5, 0x00, 0x1f, 0x4a, 0xc1, 0x18, 0xf4, 0x3d, 0xfe,
    0x6f, 0x40, 0x00, 0x00, 0x00, 0x07, 0x30, 0x81, 0x00, 0xe7, 0x3f, 0x50, 0x00, 0x00, 0x00, 0x0b,
    0x30, 0x00, 0xb3, 0xf4, 0x00, 0x0f, 0x4f, 0x40, 0x00, 0xf4, 0xf4, 0x00, 0x0f, 0x4f, 0x40, 0x00,
    0xf4, 0xf5, 0x00, 0x1f, 0x4a, 0xc1, 0x18, 0xf4, 0x3d, 0xfe, 0x6f, 0x40, 0x00, 0x00, 0x00, 0x00,
    0x00, 0x97, 0x00, 0x00, 0x03, 0xe1, 0x00, 0x00, 0x02, 0x20, 0x00, 0x69, 0x00, 0x00, 0xa5, 0x3f,
    0x20, 0x04, 0xf1, 0x0c, 0x70, 0x09, 0xa0, 0x07, 0xd0, 0x0e, 0x50, 0x01, 0xf3, 0x6d, 0x00, 0x00,
    0xa8, 0xa8, 0x00, 0x00, 0x5c, 0xe2, 0x00, 0x00, 0x0d, 0xc0, 0x00, 0x00, 0x0d, 0x60, 0x00, 0x03,
    0x7e, 0x10, 0x00, 0x0d, 0xc3, 0x00, 0x00, 0x41, 0x00, 0x00, 0x0f, 0x40, 0x00, 0x00, 0xf4, 0x00,
    0x00, 0x0f, 0x48, 0xb9, 0x20, 0xfc, 0x96, 0xae, 0x2f, 0x90, 0x00, 0xb9, 0xf5, 0x00, 0x08, 0xbf,
    0x40, 0x00, 0x8b, 0xf8, 0x00, 0x09, 0xaf, 0xd3, 0x04, 0xe6, 0xf7, 0xdf, 0xf8, 0x0f, 0x40, 0x41,
    0x00, 0xf4, 0x00, 0x00, 0x0b, 0x30, 0x00, 0x00, 0x01, 0x81, 0x17, 0x00, 0x03, 0xf3, 0x6f, 0x20,
    0x00, 0x00, 0x00, 0x00, 0x69, 0x00, 0x00, 0xa5, 0x3f, 0x20, 0x04, 0xf1, 0x0c, 0x70, 0x09, 0xa0,
    0x07, 0xd0, 0x0e, 0x50, 0x01, 0xf3, 0x6d, 0x00, 0x00, 0xa8, 0xa8, 0x00, 0x00, 0x5c, 0xe2, 0x00,
    0x00, 0x0d, 0xc0, 0x00, 0x00, 0x0d, 0x60, 0x00, 0x03, 0x7e, 0x10, 0x00, 0x0d, 0xc3, 0x00, 0x00,
    0x00, 0x0b, 0xbb, 0x80, 0x00, 0x00, 0x04, 0x44, 0x30, 0x00, 0x00, 0x00, 0x42, 0x00, 0x00, 0x00,
    0x03, 0xfc, 0x00, 0x00, 0x00, 0x08, 0x9f, 0x30, 0x00, 0x00, 0x0e, 0x5a, 0x80, 0x00, 0x00, 0x5e,
    0x06, 0xd0, 0x00, 0x00, 0x99, 0x01, 0xf5, 0x00, 0x01, 0xe5, 0x00, 0xa9, 0x00, 0x06, 0xff, 0xff,
    0xff, 0x10, 0x0a, 0xa4, 0x44, 0x4e, 0x60, 0x2f, 0x50, 0x00, 0x09, 0xb0, 0x7d, 0x00, 0x00, 0x04,
    0xf2, 0x00, 0x44, 0x43, 0x00, 0x0b, 0xbb, 0x80, 0x00, 0x00, 0x00, 0x00, 0x17, 0xbb, 0x60, 0x0c,
    0xc6, 0x7e, 0x80, 0x51, 0x00, 0x8b, 0x00, 0x47, 0x8d, 0xb1, 0xcd, 0x98, 0x9b, 0x6e, 0x10, 0x08,
    0xb4, 0xe2, 0x02, 0xdb, 0x09, 0xff, 0xda, 0xb0, 0x02, 0x30, 0x00, 0x00, 0x13, 0x00, 0x30, 0x00,
    0x00, 0x1d, 0x48, 0xa0, 0x00, 0x00, 0x04, 0xa9, 0x10, 0x00, 0x00, 0x00, 0x42, 0x00, 0x00, 0x00,
    0x03, 0xfc, 0x00, 0x00, 0x00, 0x08, 0x9f, 0x30, 0x00, 0x00, 0x0e, 0x5a, 0x80, 0x00, 0x00, 0x5e,
    0x06, 0xd0, 0x00, 0x00, 0x99, 0x01, 0xf5, 0x00, 0x01, 0xe5, 0x00, 0xa9, 0x00, 0x06, 0xff, 0xff,
    0xff, 0x10, 0x0a, 0xa4, 0x44, 0x4e, 0x60, 0x2f, 0x50, 0x00, 0x09, 0xb0, 0x7d, 0x00, 0x00, 0x04,
    0xf2, 0x02, 0x80, 0x28, 0x00, 0x0b, 0x9d, 0x60, 0x00, 0x04, 0x20, 0x00, 0x17, 0xbb, 0x60, 0x0c,
    0xc6, 0x7e, 0x80, 0x51, 0x00, 0x8b, 0x00, 0x47, 0x8d, 0xb1, 0xcd, 0x98, 0x9b, 0x6e, 0x10, 0x08,
    0xb4, 0xe2, 0x02, 0xdb, 0x09, 0xff, 0xda, 0xb0, 0x02, 0x30, 0x00, 0x00, 0x00, 0x42, 0x00, 0x00,
    0x00, 0x03, 0xfc, 0x00, 0x00, 0x00, 0x08, 0x9f, 0x30, 0x00, 0x00, 0x0e, 0x5a, 0x80, 0x00, 0x00,
    0x5e, 0x06, 0xd0, 0x00, 0x00, 0x99, 0x01, 0xf5, 0x00, 0x01, 0xe5, 0x00, 0xa9, 0x00, 0x06, 0xff,
    0xff, 0xff, 0x10, 0x0a, 0xa4, 0x44, 0x4e, 0x60, 0x2f, 0x50, 0x00, 0x09, 0xb0, 0x7d, 0x00, 0x00,
    0x04, 0xf2, 0x00, 0x00, 0x00, 0x09, 0x91, 0x00, 0x00, 0x00, 0x0f, 0x52, 0x00, 0x00, 0x00, 0x0b,
    0xf8, 0x01, 0x7b, 0xb6, 0x00, 0x0c, 0xc6, 0x7e, 0x80, 0x05, 0x10, 0x08, 0xb0, 0x00, 0x47, 0x8d,
    0xb0, 0x1c, 0xd9, 0x89, 0xb0, 0x6e, 0x10, 0x08, 0xb0, 0x4e, 0x20, 0x2d, 0xb0, 0x09, 0xff, 0xda,
    0xb0, 0x00, 0x23, 0x3d, 0x30, 0x00, 0x00, 0x8c, 0x30, 0x00, 0x00, 0x3d, 0xd2, 0x00, 0x00, 0x01,
    0x40, 0x00, 0x00, 0x00, 0x08, 0xa0, 0x00, 0x00, 0x00, 0x0a, 0x10, 0x00, 0x00, 0x00, 0x44, 0x30,
    0x00, 0x00, 0x5e, 0xff, 0xfb, 0x20, 0x03, 0xf8, 0x00, 0x2a, 0xc0, 0x0b, 0xa0, 0x00, 0x01, 0xe6,
    0x0f, 0x40, 0x00, 0x00, 0x00, 0x4f, 0x10, 0x00, 0x00, 0x00, 0x3f, 0x20, 0x00, 0x00, 0x00, 0x0f,
    0x50, 0x00, 0x00, 0x32, 0x09, 0xb0, 0x00, 0x02, 0xf5, 0x02, 0xea, 0x30, 0x5c, 0xb0, 0x00, 0x3b,
    0xff, 0xf9, 0x10, 0x00, 0x00, 0x03, 0x00, 0x00, 0x00, 0x00, 0x79, 0x00, 0x00, 0x00, 0xe4, 0x00,
    0x00, 0x01, 0x30, 0x00, 0x00, 0x5a, 0xb7, 0x10, 0x06, 0xe8, 0x6c, 0xc0, 0x0e, 0x60, 0x01, 0x92,
    0x4f, 0x00, 0x00, 0x00, 0x4f, 0x00, 0x00, 0x00, 0x2f, 0x20, 0x00, 0x40, 0x0b, 0xc1, 0x06, 0xf2,
    0x01, 0xbf, 0xfe, 0x50, 0x00, 0x01, 0x30, 0x00, 0x00, 0x00, 0x14, 0x00, 0x00, 0x00, 0x01, 0xcb,
    0x90, 0x00, 0x00, 0x07, 0x81, 0xa3, 0x00, 0x00, 0x00, 0x44, 0x30, 0x00, 0x00, 0x5e, 0xff, 0xfb,
    0x20, 0x03, 0xf8, 0x00, 0x2a, 0xc0, 0x0b, 0xa0, 0x00, 0x01, 0xe6, 0x0f, 0x40, 0x00, 0x00, 0x00,
    0x4f, 0x10, 0x00, 0x00, 0x00, 0x3f, 0x20, 0x00, 0x00, 0x00, 0x0f, 0x50, 0x00, 0x00, 0x32, 0x09,
    0xb0, 0x00, 0x02, 0xf5, 0x02, 0xea, 0x30, 0x5c, 0xb0, 0x00, 0x3b, 0xff, 0xf9, 0x10, 0x00, 0x00,
    0x03, 0x00, 0x00, 0x00, 0x08, 0xa1, 0x00, 0x00, 0x6c, 0x7c, 0x00, 0x00, 0x41, 0x04, 0x10, 0x00,
    0x5a, 0xb7, 0x10, 0x06, 0xe8, 0x6c, 0xc0, 0x0e, 0x60, 0x01, 0x92, 0x4f, 0x00, 0x00, 0x00, 0x4f,
    0x00, 0x00, 0x00, 0x2f, 0x20, 0x00, 0x40, 0x0b, 0xc1, 0x06, 0xf2, 0x01, 0xbf, 0xfe, 0x50, 0x00,
    0x01, 0x30, 0x00, 0x00, 0x00, 0x00, 0x00, 0x00, 0x00, 0x00, 0x7f, 0x20, 0x00, 0x00, 0x00, 0x38,
    0x00, 0x00, 0x00, 0x00, 0x44, 0x30, 0x00, 0x00, 0x5e, 0xff, 0xfb, 0x20, 0x03, 0xf8, 0x00, 0x2a,
    0xc0, 0x0b, 0xa0, 0x00, 0x01, 0xe6, 0x0f, 0x40, 0x00, 0x00, 0x00, 0x4f, 0x10, 0x00, 0x00, 0x00,
    0x3f, 0x20, 0x00, 0x00, 0x00, 0x0f, 0x50, 0x00, 0x00, 0x32, 0x09, 0xb0, 0x00, 0x02, 0xf5, 0x02,
    0xea, 0x30, 0x5c, 0xb0, 0x00, 0x3b, 0xff, 0xf9, 0x10, 0x00, 0x00, 0x03, 0x00, 0x00, 0x00, 0x03,
    0x70, 0x00, 0x00, 0x09, 0xe0, 0x00, 0x00, 0x00, 0x00, 0x00, 0x00, 0x5a, 0xb7, 0x10, 0x06, 0xe8,
    0x6c, 0xc0, 0x0e, 0x60, 0x01, 0x92, 0x4f, 0x00, 0x00, 0x00, 0x4f, 0x00, 0x00, 0x00, 0x2f, 0x20,
    0x00, 0x40, 0x0b, 0xc1, 0x06, 0xf2, 0x01, 0xbf, 0xfe, 0x50, 0x00, 0x01, 0x30, 0x00, 0x00, 0x03,
    0x20, 0x32, 0x00, 0x00, 0x05, 0xd5, 0xe1, 0x00, 0x00, 0x00, 0x6b, 0x30, 0x00, 0x00, 0x00, 0x44,
    0x30, 0x00, 0x00, 0x5e, 0xff, 0xfb, 0x20, 0x03, 0xf8, 0x00, 0x2a, 0xc0, 0x0b, 0xa0, 0x00, 0x01,
    0xe6, 0x0f, 0x40, 0x00, 0x00, 0x00, 0x4f, 0x10, 0x00, 0x00, 0x00, 0x3f, 0x20, 0x00, 0x00, 0x00,
    0x0f, 0x50, 0x00, 0x00, 0x32, 0x09, 0xb0, 0x00, 0x02, 0xf5, 0x02, 0xea, 0x30, 0x5c, 0xb0, 0x00,
    0x3b, 0xff, 0xf9, 0x10, 0x00, 0x00, 0x03, 0x00, 0x00, 0x00, 0x86, 0x1a, 0x30, 0x00, 0x3d, 0xc6,
    0x00, 0x00, 0x02, 0x30, 0x00, 0x00, 0x5a, 0xb7, 0x10, 0x06, 0xe8, 0x6c, 0xc0, 0x0e, 0x60, 0x01,
    0x92, 0x4f, 0x00, 0x00, 0x00, 0x4f, 0x00, 0x00, 0x00, 0x2f, 0x20, 0x00, 0x40, 0x0b, 0xc1, 0x06,
    0xf2, 0x01, 0xbf, 0xfe, 0x50, 0x00, 0x01, 0x30, 0x00, 0x04, 0x10, 0x32, 0x00, 0x00, 0x6c, 0x7c,
    0x10, 0x00, 0x00, 0x8a, 0x10, 0x00, 0x03, 0x44, 0x42, 0x00, 0x00, 0xbf, 0xff, 0xfd, 0x50, 0x0b,
    0x80, 0x01, 0x8f, 0x50, 0xb8, 0x00, 0x00, 0x8d, 0x0b, 0x80, 0x00, 0x02, 0xf2, 0xb8, 0x00, 0x00,
    0x0f, 0x4b, 0x80, 0x00, 0x00, 0xf4, 0xb8, 0x00, 0x00, 0x3f, 0x2b, 0x80, 0x00, 0x0a, 0xb0, 0xb9,
    0x44, 0x5a, 0xe3, 0x0b, 0xff, 0xfe, 0x92, 0x00, 0x00, 0x00, 0x00, 0x32, 0x67, 0x00, 0x00, 0x00,
    0xb8, 0x88, 0x00, 0x00, 0x00, 0xb8, 0x85, 0x00, 0x6b, 0xa4, 0xb8, 0x00, 0x08, 0xe8, 0x6b, 0xd8,
    0x00, 0x1f, 0x60, 0x01, 0xf8, 0x00, 0x4f, 0x00, 0x00, 0xb8, 0x00, 0x4f, 0x00, 0x00, 0xb8, 0x00,
    0x2f, 0x20, 0x00, 0xd8, 0x00, 0x0b, 0xa1, 0x08, 0xf8, 0x00, 0x01, 0xcf, 0xf9, 0xb8, 0x00, 0x00,
    0x02, 0x20, 0x00, 0x00, 0x02, 0x44, 0x42, 0x00, 0x00, 0x08, 0xff, 0xff, 0xd7, 0x00, 0x08, 0xb0,
    0x00, 0x6e, 0x80, 0x08, 0xb0, 0x00, 0x06, 0xe1, 0x08, 0xb0, 0x00, 0x00, 0xf5, 0x6b, 0xd8, 0x84,
    0x00, 0xb8, 0x6b, 0xd8, 0x84, 0x00, 0xc8, 0x08, 0xb0, 0x00, 0x01, 0xf4, 0x08, 0xb0, 0x00, 0x08,
    0xe0, 0x08, 0xc4, 0x44, 0x9f, 0x50, 0x08, 0xff, 0xff, 0xa4, 0x00, 0x00, 0x00, 0x00, 0x32, 0x00,
    0x00, 0x08, 0x8d, 0xb4, 0x00, 0x00, 0x88, 0xdb, 0x40, 0x06, 0xba, 0x4b, 0x80, 0x08, 0xe8, 0x6b,
    0xd8, 0x01, 0xf6, 0x00, 0x1f, 0x80, 0x4f, 0x00, 0x00, 0xb8, 0x04, 0xf0, 0x00, 0x0b, 0x80, 0x2f,
    0x20, 0x00, 0xd8, 0x00, 0xba, 0x10, 0x8f, 0x80, 0x01, 0xcf, 0xf9, 0xb8, 0x00, 0x00, 0x22, 0x00,
    0x00, 0x06, 0xbb, 0xb3, 0x00, 0x24, 0x44, 0x10, 0x34, 0x44, 0x44, 0x2b, 0xff, 0xff, 0xf8, 0xb8,
    0x00, 0x00, 0x0b, 0x80, 0x00, 0x00, 0xb8, 0x00, 0x00, 0x0b, 0xdb, 0xbb, 0xb0, 0xbb, 0x88, 0x88,
    0x0b, 0x80, 0x00, 0x00, 0xb8, 0x00, 0x00, 0x0b, 0x94, 0x44, 0x42, 0xbf, 0xff, 0xff, 0x80, 0x00,
    0x34, 0x44, 0x00, 0x00, 0x8b, 0xbb, 0x00, 0x00, 0x00, 0x00, 0x00, 0x00, 0x5a, 0xb7, 0x10, 0x06,
    0xe7, 0x6c, 0xb0, 0x0e, 0x40, 0x01, 0xf3, 0x4f, 0x88, 0x88, 0xd8, 0x4f, 0x88, 0x88, 0x84, 0x2f,
    0x20, 0x00, 0x00, 0x0b, 0xa1, 0x04, 0xf2, 0x01, 0xbf, 0xfe, 0x60, 0x00, 0x01, 0x40, 0x00, 0x02,
    0x10, 0x21, 0x00, 0x79, 0x4c, 0x30, 0x00, 0x8b, 0x50, 0x03, 0x44, 0x44, 0x42, 0xbf, 0xff, 0xff,
    0x8b, 0x80, 0x00, 0x00, 0xb8, 0x00, 0x00, 0x0b, 0x80, 0x00, 0x00, 0xbd, 0xbb, 0xbb, 0x0b, 0xb8,
    0x88, 0x80, 0xb8, 0x00, 0x00, 0x0b, 0x80, 0x00, 0x00, 0xb9, 0x44, 0x44, 0x2b, 0xff, 0xff, 0xf8,
    0x00, 0x81, 0x09, 0x00, 0x00, 0x7b, 0x99, 0x00, 0x00, 0x03, 0x40, 0x00, 0x00, 0x5a, 0xb7, 0x10,
    0x06, 0xe7, 0x6c, 0xb0, 0x0e, 0x40, 0x01, 0xf3, 0x4f, 0x88, 0x88, 0xd8, 0x4f, 0x88, 0x88, 0x84,
    0x2f, 0x20, 0x00, 0x00, 0x0b, 0xa1, 0x04, 0xf2, 0x01, 0xbf, 0xfe, 0x60, 0x00, 0x01, 0x40, 0x00,
    0x00, 0x00, 0x00, 0x00, 0x07, 0xf3, 0x00, 0x00, 0x38, 0x10, 0x03, 0x44, 0x44, 0x42, 0xbf, 0xff,
    0xff, 0x8b, 0x80, 0x00, 0x00, 0xb8, 0x00, 0x00, 0x0b, 0x80, 0x00, 0x00, 0xbd, 0xbb, 0xbb, 0x0b,
    0xb8, 0x88, 0x80, 0xb8, 0x00, 0x00, 0x0b, 0x80, 0x00, 0x00, 0xb9, 0x44, 0x44, 0x2b, 0xff, 0xff,
    0xf8, 0x00, 0x03, 0x50, 0x00, 0x00, 0x0a, 0xe0, 0x00, 0x00, 0x00, 0x00, 0x00, 0x00, 0x5a, 0xb7,
    0x10, 0x06, 0xe7, 0x6c, 0xb0, 0x0e, 0x40, 0x01, 0xf3, 0x4f, 0x88, 0x88, 0xd8, 0x4f, 0x88, 0x88,
    0x84, 0x2f, 0x20, 0x00, 0x00, 0x0b, 0xa1, 0x04, 0xf2, 0x01, 0xbf, 0xfe, 0x60, 0x00, 0x01, 0x40,
    0x00, 0x34, 0x44, 0x44, 0x2b, 0xff, 0xff, 0xf8, 0xb8, 0x00, 0x00, 0x0b, 0x80, 0x00, 0x00, 0xb8,
    0x00, 0x00, 0x0b, 0xdb, 0xbb, 0xb0, 0xbb, 0x88, 0x88, 0x0b, 0x80, 0x00, 0x00, 0xb8, 0x00, 0x00,
    0x0b, 0x94, 0x44, 0x42, 0xbf, 0xff, 0xff, 0x80, 0x00, 0x06, 0xc1, 0x00, 0x00, 0xc7, 0x10, 0x00,
    0x08, 0xfb, 0x00, 0x5a, 0xb7, 0x10, 0x06, 0xe7, 0x6c, 0xb0, 0x0e, 0x40, 0x01, 0xf3, 0x4f, 0x88,
    0x88, 0xd8, 0x4f, 0x88, 0x88, 0x84, 0x2f, 0x20, 0x00, 0x00, 0x0b, 0xa1, 0x04, 0xf2, 0x01, 0xbf,
    0xff, 0xb0, 0x00, 0x01, 0x6e, 0x20, 0x00, 0x00, 0x8c, 0x10, 0x00, 0x00, 0x3d, 0xe2, 0x03, 0x20,
    0x32, 0x00, 0x5d, 0x4e, 0x10, 0x00, 0x6b, 0x30, 0x03, 0x44, 0x44, 0x42, 0xbf, 0xff, 0xff, 0x8b,
    0x80, 0x00, 0x00, 0xb8, 0x00, 0x00, 0x0b, 0x80, 0x00, 0x00, 0xbd, 0xbb, 0xbb, 0x0b, 0xb8, 0x88,
    0x80, 0xb8, 0x00, 0x00, 0x0b, 0x80, 0x00, 0x00, 0xb9, 0x44, 0x44, 0x2b, 0xff, 0xff, 0xf8, 0x00,
    0xa4, 0x2b, 0x20, 0x00, 0x3d, 0xc6, 0x00, 0x00, 0x02, 0x30, 0x00, 0x00, 0x5a, 0xb7, 0x10, 0x06,
    0xe7, 0x6c, 0xb0, 0x0e, 0x40, 0x01, 0xf3, 0x4f, 0x88, 0x88, 0xd8, 0x4f, 0x88, 0x88, 0x84, 0x2f,
    0x20, 0x00, 0x00, 0x0b, 0xa1, 0x04, 0xf2, 0x01, 0xbf, 0xfe, 0x60, 0x00, 0x01, 0x40, 0x00, 0x00,
    0x00, 0x14, 0x00, 0x00, 0x00, 0x01, 0xcc, 0x80, 0x00, 0x00, 0x08, 0x71, 0xa3, 0x00, 0x00, 0x00,
    0x44, 0x30, 0x00, 0x00, 0x5e, 0xff, 0xfb, 0x20, 0x04, 0xf8, 0x00, 0x2c, 0xc0, 0x0b, 0x90, 0x00,
    0x01, 0xf6, 0x0f, 0x40, 0x00, 0x00, 0x00, 0x4f, 0x10, 0x00, 0x00, 0x00, 0x3f, 0x20, 0x04, 0xff,
    0xf8, 0x0f, 0x50, 0x00, 0x00, 0xb8, 0x09, 0xb0, 0x00, 0x01, 0xf6, 0x02, 0xea, 0x30, 0x5c, 0xc0,
    0x00, 0x3b, 0xff, 0xf9, 0x10, 0x00, 0x00, 0x03, 0x00, 0x00, 0x00, 0x08, 0xa1, 0x00, 0x00, 0x7b,
    0x8a, 0x00, 0x00, 0x41, 0x04, 0x10, 0x00, 0x6b, 0xa4, 0x86, 0x08, 0xe8, 0x6b, 0xd8, 0x1f, 0x60,
    0x01, 0xf8, 0x4f, 0x00, 0x00, 0xb8, 0x4f, 0x00, 0x00, 0xb8, 0x2f, 0x40, 0x01, 0xe8, 0x0a, 0xc5,
    0x4a, 0xe8, 0x01, 0x8c, 0xb6, 0xb8, 0x00, 0x00, 0x00, 0xb8, 0x0a, 0x92, 0x17, 0xf4, 0x02, 0xaf,
    0xfd, 0x50, 0x00, 0x00, 0x00, 0x00, 0x00, 0x03, 0x10, 0x21, 0x00, 0x00, 0x08, 0x84, 0xd2, 0x00,
    0x00, 0x01, 0x8b, 0x50, 0x00, 0x00, 0x00, 0x44, 0x30, 0x00, 0x00, 0x5e, 0xff, 0xfb, 0x20, 0x04,
    0xf8, 0x00, 0x2c, 0xc0, 0x0b, 0x90, 0x00, 0x01, 0xf6, 0x0f, 0x40, 0x00, 0x00, 0x00, 0x4f, 0x10,
    0x00, 0x00, 0x00, 0x3f, 0x20, 0x04, 0xff, 0xf8, 0x0f, 0x50, 0x00, 0x00, 0xb8, 0x09, 0xb0, 0x00,
    0x01, 0xf6, 0x02, 0xea, 0x30, 0x5c, 0xc0, 0x00, 0x3b, 0xff, 0xf9, 0x10, 0x00, 0x00, 0x03, 0x00,
    0x00, 0x00, 0x81, 0x09, 0x00, 0x00, 0x6b, 0x9a, 0x00, 0x00, 0x03, 0x40, 0x00, 0x00, 0x6b, 0xa4,
    0x86, 0x08, 0xe8, 0x6b, 0xd8, 0x1f, 0x60, 0x01, 0xf8, 0x4f, 0x00, 0x00, 0xb8, 0x4f, 0x00, 0x00,
    0xb8, 0x2f, 0x40, 0x01, 0xe8, 0x0a, 0xc5, 0x4a, 0xe8, 0x01, 0x8c, 0xb6, 0xb8, 0x00, 0x00, 0x00,
    0xb8, 0x0a, 0x92, 0x17, 0xf4, 0x02, 0xaf, 0xfd, 0x50, 0x00, 0x00, 0x00, 0x00, 0x00, 0x00, 0x00,
    0x00, 0x00, 0x00, 0x00, 0x7e, 0x20, 0x00, 0x00, 0x00, 0x37, 0x00, 0x00, 0x00, 0x00, 0x44, 0x30,
    0x00, 0x00, 0x5e, 0xff, 0xfb, 0x20, 0x04, 0xf8, 0x00, 0x2c, 0xc0, 0x0b, 0x90, 0x00, 0x01, 0xf6,
    0x0f, 0x40, 0x00, 0x00, 0x00, 0x4f, 0x10, 0x00, 0x00, 0x00, 0x3f, 0x20, 0x04, 0xff, 0xf8, 0x0f,
    0x50, 0x00, 0x00, 0xb8, 0x09, 0xb0, 0x00, 0x01, 0xf6, 0x02, 0xea, 0x30, 0x5c, 0xc0, 0x00, 0x3b,
    0xff, 0xf9, 0x10, 0x00, 0x00, 0x03, 0x00, 0x00, 0x00, 0x03, 0x70, 0x00, 0x00, 0x0a, 0xe0, 0x00,
    0x00, 0x00, 0x00, 0x00, 0x00, 0x6b, 0xa4, 0x86, 0x08, 0xe8, 0x6b, 0xd8, 0x1f, 0x60, 0x01, 0xf8,
    0x4f, 0x00, 0x00, 0xb8, 0x4f, 0x00, 0x00, 0xb8, 0x2f, 0x40, 0x01, 0xe8, 0x0a, 0xc5, 0x4a, 0xe8,
    0x01, 0x8c, 0xb6, 0xb8, 0x00, 0x00, 0x00, 0xb8, 0x0a, 0x92, 0x17, 0xf4, 0x02, 0xaf, 0xfd, 0x50,
    0x00, 0x00, 0x00, 0x00, 0x00, 0x00, 0x44, 0x30, 0x00, 0x00, 0x5e, 0xff, 0xfb, 0x20, 0x04, 0xf8,
    0x00, 0x2c, 0xc0, 0x0b, 0x90, 0x00, 0x01, 0xf6, 0x0f, 0x40, 0x00, 0x00, 0x00, 0x4f, 0x10, 0x00,
    0x00, 0x00, 0x3f, 0x20, 0x04, 0xff, 0xf8, 0x0f, 0x50, 0x00, 0x00, 0xb8, 0x09, 0xb0, 0x00, 0x01,
    0xf6, 0x02, 0xea, 0x30, 0x5c, 0xc0, 0x00, 0x3b, 0xff, 0xf9, 0x10, 0x00, 0x00, 0x17, 0x00, 0x00,
    0x00, 0x00, 0x89, 0x00, 0x00, 0x00, 0x00, 0xb5, 0x00, 0x00, 0x00, 0x00, 0x30, 0x00, 0x00, 0x00,
    0x00, 0x20, 0x00, 0x00, 0x02, 0xd1, 0x00, 0x00, 0x07, 0xb0, 0x00, 0x00, 0x04, 0x60, 0x00, 0x00,
    0x6b, 0xa4, 0x86, 0x08, 0xe8, 0x6b, 0xd8, 0x1f, 0x60, 0x01, 0xf8, 0x4f, 0x00, 0x00, 0xb8, 0x4f,
    0x00, 0x00, 0xb8, 0x2f, 0x40, 0x01, 0xe8, 0x0a, 0xc5, 0x4a, 0xe8, 0x01, 0x8c, 0xb6, 0xb8, 0x00,
    0x00, 0x00, 0xb8, 0x0a, 0x92, 0x17, 0xf4, 0x02, 0xaf, 0xfd, 0x50, 0x00, 0x00, 0x00, 0x00, 0x00,
    0x02, 0x30, 0x00, 0x00, 0x01, 0xec, 0x60, 0x00, 0x00, 0x86, 0x1b, 0x30, 0x03, 0x20, 0x00, 0x01,
    0x41, 0xb8, 0x00, 0x00, 0x4f, 0x4b, 0x80, 0x00, 0x04, 0xf4, 0xb8, 0x00, 0x00, 0x4f, 0x4b, 0x80,
    0x00, 0x04, 0xf4, 0xbd, 0xbb, 0xbb, 0xcf, 0x4b, 0x94, 0x44, 0x47, 0xf4, 0xb8, 0x00, 0x00, 0x4f,
    0x4b, 0x80, 0x00, 0x04, 0xf4, 0xb8, 0x00, 0x00, 0x4f, 0x4b, 0x80, 0x00, 0x04, 0xf4, 0x00, 0x41,
    0x00, 0x00, 0x00, 0x8c, 0xc1, 0x00, 0x00, 0x3a, 0x17, 0x80, 0x00, 0x00, 0x04, 0x10, 0x00, 0x00,
    0x00, 0xf4, 0x00, 0x00, 0x00, 0x0f, 0x40, 0x00, 0x00, 0x00, 0xf4, 0x8b, 0x91, 0x00, 0x0f, 0xc8,
    0x6c, 0xc0, 0x00, 0xf8, 0x00, 0x2f, 0x30, 0x0f, 0x40, 0x00, 0xf4, 0x00, 0xf4, 0x00, 0x0f, 0x40,
    0x0f, 0x40, 0x00, 0xf4, 0x00, 0xf4, 0x00, 0x0f, 0x40, 0x0f, 0x40, 0x00, 0xf4, 0x02, 0x30, 0x00,
    0x00, 0x32, 0x00, 0x8b, 0x00, 0x00, 0x0b, 0x80, 0x08, 0xb0, 0x00, 0x00, 0xb8, 0x04, 0xff, 0xff,
    0xff, 0xff, 0xf4, 0x08, 0xb0, 0x00, 0x00, 0xb8, 0x00, 0x8e, 0xbb, 0xbb, 0xbe, 0x80, 0x08, 0xc4,
    0x44, 0x44, 0xc8, 0x00, 0x8b, 0x00, 0x00, 0x0b, 0x80, 0x08, 0xb0, 0x00, 0x00, 0xb8, 0x00, 0x8b,
    0x00, 0x00, 0x0b, 0x80, 0x08, 0xb0, 0x00, 0x00, 0xb8, 0x00, 0x04, 0x10, 0x00, 0x00, 0x8f, 0x98,
    0x40, 0x00, 0x8f, 0x98, 0x40, 0x00, 0x0f, 0x48, 0xb9, 0x10, 0x0f, 0xc8, 0x6c, 0xc0, 0x0f, 0x80,
    0x02, 0xf3, 0x0f, 0x40, 0x00, 0xf4, 0x0f, 0x40, 0x00, 0xf4, 0x0f, 0x40, 0x00, 0xf4, 0x0f, 0x40,
    0x00, 0xf4, 0x0f, 0x40, 0x00, 0xf4, 0x0c, 0xd8, 0xb0, 0x61, 0x73, 0x00, 0x32, 0x00, 0x0b, 0x80,
    0x00, 0xb8, 0x00, 0x0b, 0x80, 0x00, 0xb8, 0x00, 0x0b, 0x80, 0x00, 0xb8, 0x00, 0x0b, 0x80, 0x00,
    0xb8, 0x00, 0x0b, 0x80, 0x00, 0xb8, 0x00, 0x06, 0x42, 0x63, 0xc9, 0xe7, 0x00, 0x00, 0x00, 0x0b,
    0x30, 0x00, 0xf4, 0x00, 0x0f, 0x40, 0x00, 0xf4, 0x00, 0x0f, 0x40, 0x00, 0xf4, 0x00, 0x0f, 0x40,
    0x00, 0xf4, 0x00, 0x0b, 0xbb, 0x80, 0x44, 0x43, 0x00, 0x32, 0x00, 0x0b, 0x80, 0x00, 0xb8, 0x00,
    0x0b, 0x80, 0x00, 0xb8, 0x00, 0x0b, 0x80, 0x00, 0xb8, 0x00, 0x0b, 0x80, 0x00, 0xb8, 0x00, 0x0b,
    0x80, 0x00, 0xb8, 0x00, 0x14, 0x44, 0x23, 0xbb, 0xb6, 0x00, 0x00, 0x00, 0x0b, 0x30, 0x00, 0xf4,
    0x00, 0x0f, 0x40, 0x00, 0xf4, 0x00, 0x0f, 0x40, 0x00, 0xf4, 0x00, 0x0f, 0x40, 0x00, 0xf4, 0x00,
    0x03, 0x00, 0x30, 0xd5, 0x7a, 0x03, 0xa9, 0x10, 0x03, 0x20, 0x00, 0xb8, 0x00, 0x0b, 0x80, 0x00,
    0xb8, 0x00, 0x0b, 0x80, 0x00, 0xb8, 0x00, 0x0b, 0x80, 0x00, 0xb8, 0x00, 0x0b, 0x80, 0x00, 0xb8,
    0x00, 0x0b, 0x80, 0x38, 0x03, 0x80, 0xc9, 0xd5, 0x00, 0x42, 0x00, 0x0b, 0x30, 0x00, 0xf4, 0x00,
    0x0f, 0x40, 0x00, 0xf4, 0x00, 0x0f, 0x40, 0x00, 0xf4, 0x00, 0x0f, 0x40, 0x00, 0xf4, 0x00, 0x03,
    0x20, 0xb8, 0x0b, 0x80, 0xb8, 0x0b, 0x80, 0xb8, 0x0b, 0x80, 0xb8, 0x0b, 0x80, 0xb8, 0x0b, 0x86,
    0xc1, 0xb8, 0x28, 0xfb, 0x00, 0x73, 0x02, 0xf7, 0x00, 0x00, 0x00, 0xb3, 0x00, 0xf4, 0x00, 0xf4,
    0x00, 0xf4, 0x00, 0xf4, 0x00, 0xf4, 0x00, 0xf4, 0x00, 0xf4, 0x08, 0x91, 0x0f, 0x52, 0x09, 0xf8,
    0x00, 0xea, 0x75, 0x32, 0xb8, 0xb8, 0xb8, 0xb8, 0xb8, 0xb8, 0xb8, 0xb8, 0xb8, 0xb8, 0xb3, 0xf4,
    0xf4, 0xf4, 0xf4, 0xf4, 0xf4, 0xf4, 0x32, 0x00, 0x00, 0x00, 0x32, 0xb8, 0x00, 0x00, 0x00, 0xb8,
    0xb8, 0x00, 0x00, 0x00, 0xb8, 0xb8, 0x00, 0x00, 0x00, 0xb8, 0xb8, 0x00, 0x00, 0x00, 0xb8, 0xb8,
    0x00, 0x00, 0x00, 0xb8, 0xb8, 0x00, 0x00, 0x00, 0xb8, 0xb8, 0x04, 0x60, 0x00, 0xb8, 0xb8, 0x08,
    0xb0, 0x00, 0xc8, 0xb8, 0x04, 0xf4, 0x06, 0xf4, 0xb8, 0x00, 0x8f, 0xfe, 0x80, 0x00, 0x00, 0x00,
    0x20, 0x00, 0x07, 0x30, 0x55, 0x2f, 0x70, 0xad, 0x00, 0x00, 0x00, 0x0b, 0x30, 0x68, 0x0f, 0x40,
    0x8b, 0x0f, 0x40, 0x8b, 0x0f, 0x40, 0x8b, 0x0f, 0x40, 0x8b, 0x0f, 0x40, 0x8b, 0x0f, 0x40, 0x8b,
    0x0f, 0x40, 0x8b, 0x00, 0x00, 0x8b, 0x00, 0x03, 0xd8, 0x00, 0x08, 0xa1, 0x00, 0x00, 0x02, 0x30,
    0x00, 0x00, 0x03, 0xdc, 0x60, 0x00, 0x00, 0x95, 0x3a, 0x10, 0x00, 0x00, 0x23, 0x00, 0x00, 0x00,
    0x08, 0xb0, 0x00, 0x00, 0x00, 0x8b, 0x00, 0x00, 0x00, 0x08, 0xb0, 0x00, 0x00, 0x00, 0x8b, 0x00,
    0x00, 0x00, 0x08, 0xb0, 0x00, 0x00, 0x00, 0x8b, 0x00, 0x28, 0x00, 0x08, 0xb0, 0x04, 0xf0, 0x00,
    0x8b, 0x00, 0x1e, 0x80, 0x3e, 0x80, 0x00, 0x5e, 0xff, 0x90, 0x00, 0x00, 0x02, 0x00, 0x00, 0x00,
    0x02, 0xb6, 0x01, 0xc7, 0xd5, 0x23, 0x02, 0x30, 0x0b, 0x30, 0x00, 0xf4, 0x00, 0x0f, 0x40, 0x00,
    0xf4, 0x00, 0x0f, 0x40, 0x00, 0xf4, 0x00, 0x0f, 0x40, 0x00, 0xf4, 0x00, 0x0f, 0x40, 0x17, 0xf3,
    0x03, 0xb6, 0x00, 0x32, 0x00, 0x00, 0x34, 0x0b, 0x80, 0x00, 0x6f, 0x60, 0xb8, 0x00, 0x4f, 0x60,
    0x0b, 0x80, 0x3e, 0x80, 0x00, 0xb8, 0x3e, 0x90, 0x00, 0x0b, 0x8d, 0xf2, 0x00, 0x00, 0xbf, 0x9b,
    0xc0, 0x00, 0x0b, 0xa0, 0x1e, 0x80, 0x00, 0xb8, 0x00, 0x5f, 0x40, 0x0b, 0x80, 0x00, 0x8d, 0x10,
    0xb8, 0x00, 0x01, 0xca, 0x00, 0x00, 0x32, 0x00, 0x00, 0x00, 0x0f, 0x30, 0x00, 0x00, 0x03, 0xd0,
    0x00, 0x00, 0x00, 0x13, 0x00, 0x00, 0x00, 0x41, 0x00, 0x00, 0x0f, 0x40, 0x00, 0x00, 0xf4, 0x00,
    0x00, 0x0f, 0x40, 0x06, 0xa1, 0xf4, 0x06, 0xe3, 0x0f, 0x46, 0xe3, 0x00, 0xf9, 0xf4, 0x00, 0x0f,
    0xec, 0xb0, 0x00, 0xf4, 0x2e, 0x80, 0x0f, 0x40, 0x4f, 0x50, 0xf4, 0x00, 0x8e, 0x30, 0x03, 0x20,
    0x00, 0x00, 0xc6, 0x00, 0x00, 0x0f, 0x10, 0x00, 0x01, 0x30, 0x00, 0x00, 0xb3, 0x00, 0x6a, 0x1f,
    0x40, 0x4e, 0x30, 0xf4, 0x2e, 0x60, 0x0f, 0x7c, 0x80, 0x00, 0xfa, 0xf3, 0x00, 0x0f, 0x47, 0xe1,
    0x00, 0xf4, 0x09, 0xc1, 0x0f, 0x40, 0x0c, 0xa0, 0x03, 0x30, 0x00, 0x01, 0xe4, 0x00, 0x00, 0x58,
    0x00, 0x00, 0x03, 0x20, 0x00, 0x00, 0xb8, 0x00, 0x00, 0x0b, 0x80, 0x00, 0x00, 0xb8, 0x00, 0x00,
    0x0b, 0x80, 0x00, 0x00, 0xb8, 0x00, 0x00, 0x0b, 0x80, 0x00, 0x00, 0xb8, 0x00, 0x00, 0x0b, 0x80,
    0x00, 0x00, 0xb9, 0x44, 0x44, 0x1b, 0xff, 0xff, 0xf4, 0x04, 0x24, 0xe1, 0x85, 0x04, 0x10, 0xf4,
    0x0f, 0x40, 0xf4, 0x0f, 0x40, 0xf4, 0x0f, 0x40, 0xf4, 0x0f, 0x40, 0xf4, 0x0f, 0x40, 0x32, 0x00,
    0x00, 0x0b, 0x80, 0x00, 0x00, 0xb8, 0x00, 0x00, 0x0b, 0x80, 0x00, 0x00, 0xb8, 0x00, 0x00, 0x0b,
    0x80, 0x00, 0x00, 0xb8, 0x00, 0x00, 0x0b, 0x80, 0x00, 0x00, 0xb8, 0x00, 0x00, 0x0b, 0x94, 0x44,
    0x41, 0xbf, 0xff, 0xff, 0x40, 0x02, 0x30, 0x00, 0x00, 0x89, 0x00, 0x00, 0x0b, 0x50, 0x00, 0x00,
    0x40, 0x00, 0x00, 0x04, 0x10, 0xf4, 0x0f, 0x40, 0xf4, 0x0f, 0x40, 0xf4, 0x0f, 0x40, 0xf4, 0x0f,
    0x40, 0xf4, 0x0f, 0x40, 0x41, 0x2f, 0x15, 0xa0, 0x22, 0x00, 0x32, 0x08, 0x60, 0x0b, 0x80, 0xb4,
    0x00, 0xb8, 0x0b, 0x40, 0x0b, 0x80, 0x00, 0x00, 0xb8, 0x00, 0x00, 0x0b, 0x80, 0x00, 0x00, 0xb8,
    0x00, 0x00, 0x0b, 0x80, 0x00, 0x00, 0xb8, 0x00, 0x00, 0x0b, 0x94, 0x44, 0x41, 0xbf, 0xff, 0xff,
    0x40, 0x41, 0x86, 0xf4, 0xb6, 0xf4, 0xb4, 0xf4, 0x00, 0xf4, 0x00, 0xf4, 0x00, 0xf4, 0x00, 0xf4,
    0x00, 0xf4, 0x00, 0xf4, 0x00, 0xf4, 0x00, 0x32, 0x00, 0x00, 0x0b, 0x80, 0x00, 0x00, 0xb8, 0x00,
    0x00, 0x0b, 0x80, 0x00, 0x00, 0xb8, 0x08, 0x50, 0x0b, 0x80, 0xc8, 0x00, 0xb8, 0x00, 0x00, 0x0b,
    0x80, 0x00, 0x00, 0xb8, 0x00, 0x00, 0x0b, 0x94, 0x44, 0x41, 0xbf, 0xff, 0xff, 0x40, 0x41, 0x00,
    0x0f, 0x40, 0x00, 0xf4, 0x00, 0x0f, 0x40, 0x00, 0xf4, 0x00, 0x0f, 0x4a, 0xc0, 0xf4, 0x8a, 0x0f,
    0x40, 0x00, 0xf4, 0x00, 0x0f, 0x40, 0x00, 0xf4, 0x00, 0x00, 0x01, 0x40, 0x00, 0x00, 0x04, 0xf0,
    0x00, 0x00, 0x04, 0xf0, 0x00, 0x00, 0x04, 0xf0, 0x35, 0x00, 0x04, 0xf9, 0xf5, 0x00, 0x08, 0xfa,
    0x20, 0x00, 0xae, 0xf0, 0x00, 0x00, 0x44, 0xf0, 0x00, 0x00, 0x04, 0xf0, 0x00, 0x00, 0x04, 0xf4,
    0x44, 0x43, 0x04, 0xff, 0xff, 0xfb, 0x00, 0x41, 0x00, 0x0f, 0x40, 0x00, 0xf4, 0x00, 0x0f, 0x65,
    0x01, 0xfe, 0x40, 0xef, 0x40, 0x02, 0xf4, 0x00, 0x0f, 0x40, 0x00, 0xf4, 0x00, 0x0f, 0x40, 0x00,
    0xf4, 0x00, 0x00, 0x00, 0x14, 0x00, 0x00, 0x00, 0x09, 0x80, 0x00, 0x00, 0x01, 0xa1, 0x00, 0x03,
    0x30, 0x00, 0x00, 0x41, 0xbf, 0x30, 0x00, 0x0f, 0x4b, 0xec, 0x00, 0x00, 0xf4, 0xb8, 0xd8, 0x00,
    0x0f, 0x4b, 0x86, 0xe2, 0x00, 0xf4, 0xb8, 0x0b, 0xb0, 0x0f, 0x4b, 0x80, 0x2e, 0x60, 0xf4, 0xb8,
    0x00, 0x8e, 0x1f, 0x4b, 0x80, 0x00, 0xc9, 0xf4, 0xb8, 0x00, 0x03, 0xff, 0x4b, 0x80, 0x00, 0x08,
    0xf4, 0x00, 0x07, 0x80, 0x00, 0x01, 0xe3, 0x00, 0x00, 0x13, 0x00, 0x0b, 0x38, 0xb9, 0x10, 0xfc,
    0x86, 0xcc, 0x0f, 0x80, 0x02, 0xf3, 0xf4, 0x00, 0x0f, 0x4f, 0x40, 0x00, 0xf4, 0xf4, 0x00, 0x0f,
    0x4f, 0x40, 0x00, 0xf4, 0xf4, 0x00, 0x0f, 0x40, 0x33, 0x00, 0x00, 0x04, 0x1b, 0xf3, 0x00, 0x00,
    0xf4, 0xbe, 0xc0, 0x00, 0x0f, 0x4b, 0x8d, 0x80, 0x00, 0xf4, 0xb8, 0x6e, 0x20, 0x0f, 0x4b, 0x80,
    0xbb, 0x00, 0xf4, 0xb8, 0x02, 0xe6, 0x0f, 0x4b, 0x80, 0x08, 0xe1, 0xf4, 0xb8, 0x00, 0x0c, 0x9f,
    0x4b, 0x80, 0x00, 0x3f, 0xf4, 0xb8, 0x00, 0x00, 0x8f, 0x40, 0x00, 0x23, 0x00, 0x00, 0x00, 0x08,
    0x90, 0x00, 0x00, 0x00, 0xb5, 0x00, 0x00, 0x00, 0x03, 0x00, 0x00, 0x00, 0xb3, 0x8b, 0x91, 0x0f,
    0xc8, 0x6c, 0xc0, 0xf8, 0x00, 0x2f, 0x3f, 0x40, 0x00, 0xf4, 0xf4, 0x00, 0x0f, 0x4f, 0x40, 0x00,
    0xf4, 0xf4, 0x00, 0x0f, 0x4f, 0x40, 0x00, 0xf4, 0x00, 0x23, 0x00, 0x00, 0x0a, 0x80, 0x00, 0x00,
    0xd3, 0x00, 0x00, 0x04, 0x00, 0x00, 0x00, 0x41, 0x03, 0x20, 0x00, 0x06, 0xc6, 0xc1, 0x00, 0x00,
    0x06, 0xb2, 0x00, 0x03, 0x30, 0x00, 0x00, 0x41, 0xbf, 0x30, 0x00, 0x0f, 0x4b, 0xec, 0x00, 0x00,
    0xf4, 0xb8, 0xd8, 0x00, 0x0f, 0x4b, 0x86, 0xe2, 0x00, 0xf4, 0xb8, 0x0b, 0xb0, 0x0f, 0x4b, 0x80,
    0x2e, 0x60, 0xf4, 0xb8, 0x00, 0x8e, 0x1f, 0x4b, 0x80, 0x00, 0xc9, 0xf4, 0xb8, 0x00, 0x03, 0xff,
    0x4b, 0x80, 0x00, 0x08, 0xf4, 0x09, 0x51, 0xb2, 0x00, 0x3d, 0xc6, 0x00, 0x00, 0x23, 0x00, 0x0b,
    0x38, 0xb9, 0x10, 0xfc, 0x86, 0xcc, 0x0f, 0x80, 0x02, 0xf3, 0xf4, 0x00, 0x0f, 0x4f, 0x40, 0x00,
    0xf4, 0xf4, 0x00, 0x0f, 0x4f, 0x40, 0x00, 0xf4, 0xf4, 0x00, 0x0f, 0x40, 0x00, 0x00, 0x00, 0x00,
    0x00, 0x3f, 0x50, 0x00, 0x00, 0x0c, 0x80, 0x00, 0x00, 0x00, 0x00, 0x00, 0x00, 0x00, 0x00, 0x86,
    0x8b, 0xa3, 0x00, 0x0b, 0xc8, 0x5c, 0xd0, 0x00, 0xbb, 0x00, 0x5f, 0x40, 0x0b, 0x80, 0x04, 0xf4,
    0x00, 0xb8, 0x00, 0x4f, 0x40, 0x0b, 0x80, 0x04, 0xf4, 0x00, 0xb8, 0x00, 0x4f, 0x40, 0x0b, 0x80,
    0x04, 0xf4, 0x33, 0x00, 0x00, 0x04, 0x1b, 0xf3, 0x00, 0x00, 0xf4, 0xbe, 0xc0, 0x00, 0x0f, 0x4b,
    0x8d, 0x80, 0x00, 0xf4, 0xb8, 0x6e, 0x20, 0x0f, 0x4b, 0x80, 0xbb, 0x00, 0xf4, 0xb8, 0x02, 0xe6,
    0x0f, 0x4b, 0x80, 0x08, 0xe1, 0xf4, 0xb8, 0x00, 0x0c, 0x9f, 0x4b, 0x80, 0x00, 0x3f, 0xf4, 0xb8,
    0x00, 0x00, 0x8f, 0x80, 0x00, 0x00, 0x00, 0xf8, 0x00, 0x00, 0x01, 0x4f, 0x60, 0x00, 0x00, 0x4f,
    0xa1, 0xb3, 0x8b, 0x91, 0x0f, 0xc8, 0x6c, 0xc0, 0xf8, 0x00, 0x2f, 0x3f, 0x40, 0x00, 0xf4, 0xf4,
    0x00, 0x0f, 0x4f, 0x40, 0x00, 0xf4, 0xf4, 0x00, 0x0f, 0x4f, 0x40, 0x00, 0xf4, 0x00, 0x00, 0x0f,
    0x40, 0x00, 0x25, 0xf3, 0x00, 0x08, 0xe8, 0x00, 0x00, 0x06, 0xbb, 0xb3, 0x00, 0x00, 0x02, 0x44,
    0x41, 0x00, 0x00, 0x00, 0x44, 0x30, 0x00, 0x00, 0x5e, 0xff, 0xfb, 0x20, 0x03, 0xf8, 0x10, 0x2a,
    0xd1, 0x0b, 0xa0, 0x00, 0x01, 0xd7, 0x0f, 0x40, 0x00, 0x00, 0x8b, 0x4f, 0x10, 0x00, 0x00, 0x8b,
    0x3f, 0x20, 0x00, 0x00, 0x8b, 0x0f, 0x50, 0x00, 0x00, 0x9a, 0x09, 0xb0, 0x00, 0x02, 0xe6, 0x02,
    0xea, 0x30, 0x5c, 0xc0, 0x00, 0x3b, 0xff, 0xf9, 0x10, 0x00, 0x00, 0x03, 0x00, 0x00, 0x00, 0x34,
    0x44, 0x00, 0x00, 0x8b, 0xbb, 0x00, 0x00, 0x00, 0x00, 0x00, 0x00, 0x5a, 0xb8, 0x10, 0x06, 0xe8,
    0x6c, 0xc0, 0x0e, 0x60, 0x01, 0xe6, 0x4f, 0x00, 0x00, 0x99, 0x4f, 0x00, 0x00, 0x8b, 0x2f, 0x20,
    0x00, 0xc8, 0x0b, 0xc1, 0x07, 0xf2, 0x01, 0xbf, 0xfe, 0x50, 0x00, 0x01, 0x30, 0x00, 0x00, 0x02,
    0x10, 0x21, 0x00, 0x00, 0x07, 0x94, 0xc3, 0x00, 0x00, 0x00, 0x8b, 0x50, 0x00, 0x00, 0x00, 0x44,
    0x30, 0x00, 0x00, 0x5e, 0xff, 0xfb, 0x20, 0x03, 0xf8, 0x10, 0x2a, 0xd1, 0x0b, 0xa0, 0x00, 0x01,
    0xd7, 0x0f, 0x40, 0x00, 0x00, 0x8b, 0x4f, 0x10, 0x00, 0x00, 0x8b, 0x3f, 0x20, 0x00, 0x00, 0x8b,
    0x0f, 0x50, 0x00, 0x00, 0x9a, 0x09, 0xb0, 0x00, 0x02, 0xe6, 0x02, 0xea, 0x30, 0x5c, 0xc0, 0x00,
    0x3b, 0xff, 0xf9, 0x10, 0x00, 0x00, 0x03, 0x00, 0x00, 0x00, 0x82, 0x08, 0x20, 0x00, 0x6d, 0x9c,
    0x00, 0x00, 0x02, 0x40, 0x00, 0x00, 0x5a, 0xb8, 0x10, 0x06, 0xe8, 0x6c, 0xc0, 0x0e, 0x60, 0x01,
    0xe6, 0x4f, 0x00, 0x00, 0x99, 0x4f, 0x00, 0x00, 0x8b, 0x2f, 0x20, 0x00, 0xc8, 0x0b, 0xc1, 0x07,
    0xf2, 0x01, 0xbf, 0xfe, 0x50, 0x00, 0x01, 0x30, 0x00, 0x00, 0x00, 0x41, 0x24, 0x00, 0x00, 0x05,
    0xe1, 0xc7, 0x00, 0x00, 0x08, 0x54, 0x80, 0x00, 0x00, 0x00, 0x44, 0x30, 0x00, 0x00, 0x5e, 0xff,
    0xfb, 0x20, 0x03, 0xf8, 0x10, 0x2a, 0xd1, 0x0b, 0xa0, 0x00, 0x01, 0xd7, 0x0f, 0x40, 0x00, 0x00,
    0x8b, 0x4f, 0x10, 0x00, 0x00, 0x8b, 0x3f, 0x20, 0x00, 0x00, 0x8b, 0x0f, 0x50, 0x00, 0x00, 0x9a,
    0x09, 0xb0, 0x00, 0x02, 0xe6, 0x02, 0xea, 0x30, 0x5c, 0xc0, 0x00, 0x3b, 0xff, 0xf9, 0x10, 0x00,
    0x00, 0x03, 0x00, 0x00, 0x00, 0x4b, 0x18, 0x70, 0x00, 0x98, 0x4d, 0x10, 0x00, 0x41, 0x22, 0x00,
    0x00, 0x5a, 0xb8, 0x10, 0x06, 0xe8, 0x6c, 0xc0, 0x0e, 0x60, 0x01, 0xe6, 0x4f, 0x00, 0x00, 0x99,
    0x4f, 0x00, 0x00, 0x8b, 0x2f, 0x20, 0x00, 0xc8, 0x0b, 0xc1, 0x07, 0xf2, 0x01, 0xbf, 0xfe, 0x50,
    0x00, 0x01, 0x30, 0x00, 0x00, 0x00, 0x14, 0x44, 0x44, 0x44, 0x40, 0x00, 0x3b, 0xff, 0xff, 0xff,
    0xff, 0xf0, 0x03, 0xe9, 0x10, 0x0f, 0x40, 0x00, 0x00, 0x0a, 0xa0, 0x00, 0x0f, 0x40, 0x00, 0x00,
    0x0f, 0x50, 0x00, 0x0f, 0x40, 0x00, 0x00, 0x3f, 0x10, 0x00, 0x0f, 0xcb, 0xbb, 0x80, 0x3f, 0x20,
    0x00, 0x0f, 0x98, 0x88, 0x60, 0x0e, 0x50, 0x00, 0x0f, 0x40, 0x00, 0x00, 0x09, 0xc0, 0x00, 0x0f,
    0x40, 0x00, 0x00, 0x01, 0xcb, 0x54, 0x4f, 0x74, 0x44, 0x41, 0x00, 0x19, 0xef, 0xff, 0xff, 0xff,
    0xf4, 0x00, 0x5a, 0xb8, 0x10, 0x6b, 0xb6, 0x00, 0x06, 0xe8, 0x6c, 0xc9, 0xd7, 0x7e, 0x80, 0x0e,
    0x60, 0x01, 0xef, 0x20, 0x04, 0xf2, 0x4f, 0x00, 0x00, 0x9d, 0x88, 0x88, 0xf4, 0x4f, 0x00, 0x00,
    0x8d, 0x88, 0x88, 0x82, 0x2f, 0x20, 0x00, 0xce, 0x00, 0x00, 0x00, 0x0b, 0xc1, 0x07, 0xfd, 0x91,
    0x07, 0xe1, 0x01, 0xbf, 0xfe, 0x53, 0xcf, 0xfe, 0x50, 0x00, 0x01, 0x30, 0x00, 0x02, 0x30, 0x00,
    0x00, 0x01, 0x41, 0x00, 0x00, 0x08, 0xb0, 0x00, 0x00, 0x0a, 0x20, 0x00, 0x34, 0x44, 0x20, 0x00,
    0xbf, 0xff, 0xfd, 0x30, 0xb8, 0x00, 0x19, 0xd0, 0xb8, 0x00, 0x02, 0xf3, 0xb8, 0x00, 0x03, 0xf3,
    0xb8, 0x00, 0x4b, 0xc0, 0xbf, 0xff, 0xfb, 0x30, 0xb8, 0x00, 0xba, 0x00, 0xb8, 0x00, 0x4f, 0x40,
    0xb8, 0x00, 0x0b, 0xb0, 0xb8, 0x00, 0x03, 0xf5, 0x00, 0x96, 0x04, 0xd1, 0x02, 0x20, 0xb4, 0x9b,
    0xfd, 0x88, 0xf8, 0x00, 0xf4, 0x00, 0xf4, 0x00, 0xf4, 0x00, 0xf4, 0x00, 0xf4, 0x00, 0x34, 0x44,
    0x20, 0x00, 0xbf, 0xff, 0xfd, 0x30, 0xb8, 0x00, 0x19, 0xd0, 0xb8, 0x00, 0x02, 0xf3, 0xb8, 0x00,
    0x03, 0xf3, 0xb8, 0x00, 0x4b, 0xc0, 0xbf, 0xff, 0xfb, 0x30, 0xb8, 0x00, 0xba, 0x00, 0xb8, 0x00,
    0x4f, 0x40, 0xb8, 0x00, 0x0b, 0xb0, 0xb8, 0x00, 0x03, 0xf5, 0x00, 0x04, 0x10, 0x00, 0x00, 0x3f,
    0x10, 0x00, 0x00, 0x6a, 0x00, 0x00, 0x00, 0x22, 0x00, 0x00, 0x0b, 0x49, 0xb0, 0xfd, 0x88, 0x0f,
    0x80, 0x00, 0xf4, 0x00, 0x0f, 0x40, 0x00, 0xf4, 0x00, 0x0f, 0x40, 0x00, 0xf4, 0x00, 0x04, 0x10,
    0x02, 0xf1, 0x00, 0x5a, 0x00, 0x02, 0x20, 0x00, 0x03, 0x20, 0x33, 0x00, 0x03, 0xd5, 0xd3, 0x00,
    0x00, 0x6b, 0x30, 0x00, 0x34, 0x44, 0x20, 0x00, 0xbf, 0xff, 0xfd, 0x30, 0xb8, 0x00, 0x19, 0xd0,
    0xb8, 0x00, 0x02, 0xf3, 0xb8, 0x00, 0x03, 0xf3, 0xb8, 0x00, 0x4b, 0xc0, 0xbf, 0xff, 0xfb, 0x30,
    0xb8, 0x00, 0xba, 0x00, 0xb8, 0x00, 0x4f, 0x40, 0xb8, 0x00, 0x0b, 0xb0, 0xb8, 0x00, 0x03, 0xf5,
    0x1a, 0x24, 0xa0, 0x06, 0xcd, 0x30, 0x00, 0x32, 0x00, 0x0b, 0x49, 0xb0, 0x0f, 0xd8, 0x80, 0x0f,
    0x80, 0x00, 0x0f, 0x40, 0x00, 0x0f, 0x40, 0x00, 0x0f, 0x40, 0x00, 0x0f, 0x40, 0x00, 0x0f, 0x40,
    0x00, 0x00, 0x00, 0x14, 0x10, 0x00, 0x00, 0x06, 0xc0, 0x00, 0x00, 0x00, 0x93, 0x00, 0x00, 0x00,
    0x34, 0x40, 0x00, 0x01, 0xcf, 0xbe, 0xd3, 0x00, 0xaa, 0x10, 0x09, 0xd0, 0x0f, 0x60, 0x00, 0x28,
    0x00, 0xac, 0x20, 0x00, 0x00, 0x01, 0xbf, 0xc8, 0x20, 0x00, 0x00, 0x27, 0xbf, 0x60, 0x00, 0x00,
    0x00, 0x6f, 0x22, 0xb3, 0x00, 0x02, 0xf3, 0x0d, 0xb2, 0x02, 0xbd, 0x00, 0x3b, 0xff, 0xfb, 0x30,
    0x00, 0x01, 0x41, 0x00, 0x00, 0x00, 0x00, 0xa5, 0x00, 0x00, 0x6c, 0x00, 0x00, 0x03, 0x20, 0x00,
    0x18, 0xba, 0x50, 0x0b, 0xc5, 0x6e, 0x40, 0xf4, 0x00, 0x32, 0x0b, 0xd8, 0x40, 0x00, 0x06, 0xae,
    0xd3, 0x01, 0x00, 0x0b, 0xa2, 0xf4, 0x01, 0xc9, 0x06, 0xef, 0xfb, 0x10, 0x00, 0x41, 0x00, 0x00,
    0x01, 0x41, 0x00, 0x00, 0x00, 0xad, 0x90, 0x00, 0x00, 0x68, 0x08, 0x60, 0x00, 0x00, 0x34, 0x40,
    0x00, 0x01, 0xcf, 0xbe, 0xd3, 0x00, 0xaa, 0x10, 0x09, 0xd0, 0x0f, 0x60, 0x00, 0x28, 0x00, 0xac,
    0x20, 0x00, 0x00, 0x01, 0xbf, 0xc8, 0x20, 0x00, 0x00, 0x27, 0xbf, 0x60, 0x00, 0x00, 0x00, 0x6f,
    0x22, 0xb3, 0x00, 0x02, 0xf3, 0x0d, 0xb2, 0x02, 0xbd, 0x00, 0x3b, 0xff, 0xfb, 0x30, 0x00, 0x01,
    0x41, 0x00, 0x00, 0x00, 0x1a, 0x70, 0x00, 0x1c, 0x7c, 0x60, 0x01, 0x40, 0x14, 0x00, 0x18, 0xba,
    0x50, 0x0b, 0xc5, 0x6e, 0x40, 0xf4, 0x00, 0x32, 0x0b, 0xd8, 0x40, 0x00, 0x06, 0xae, 0xd3, 0x01,
    0x00, 0x0b, 0xa2, 0xf4, 0x01, 0xc9, 0x06, 0xef, 0xfb, 0x10, 0x00, 0x41, 0x00, 0x00, 0x03, 0x44,
    0x00, 0x00, 0x1c, 0xfb, 0xed, 0x30, 0x0a, 0xa1, 0x00, 0x9d, 0x00, 0xf6, 0x00, 0x02, 0x80, 0x0a,
    0xc2, 0x00, 0x00, 0x00, 0x1b, 0xfc, 0x82, 0x00, 0x00, 0x02, 0x7b, 0xf6, 0x00, 0x00, 0x00, 0x06,
    0xf2, 0x2b, 0x30, 0x00, 0x2f, 0x30, 0xdb, 0x20, 0x2b, 0xd0, 0x03, 0xbf, 0xff, 0xb3, 0x00, 0x00,
    0x1e, 0x50, 0x00, 0x00, 0x00, 0x4d, 0x10, 0x00, 0x00, 0x28, 0xa0, 0x00, 0x01, 0x8b, 0xa5, 0x00,
    0xbc, 0x56, 0xe4, 0x0f, 0x40, 0x03, 0x20, 0xbd, 0x84, 0x00, 0x00, 0x6a, 0xed, 0x30, 0x10, 0x00,
    0xba, 0x2f, 0x40, 0x1c, 0x90, 0x6e, 0xff, 0xb1, 0x00, 0x0c, 0x70, 0x00, 0x00, 0x3a, 0x60, 0x00,
    0x08, 0xb2, 0x00, 0x00, 0x32, 0x02, 0x30, 0x00, 0x03, 0xd6, 0xd3, 0x00, 0x00, 0x05, 0xb4, 0x00,
    0x00, 0x00, 0x34, 0x40, 0x00, 0x01, 0xcf, 0xbe, 0xd3, 0x00, 0xaa, 0x10, 0x09, 0xd0, 0x0f, 0x60,
    0x00, 0x28, 0x00, 0xac, 0x20, 0x00, 0x00, 0x01, 0xbf, 0xc8, 0x20, 0x00, 0x00, 0x27, 0xbf, 0x60,
    0x00, 0x00, 0x00, 0x6f, 0x22, 0xb3, 0x00, 0x02, 0xf3, 0x0d, 0xb2, 0x02, 0xbd, 0x00, 0x3b, 0xff,
    0xfb, 0x30, 0x00, 0x01, 0x41, 0x00, 0x00, 0x03, 0xa1, 0x68, 0x00, 0x07, 0xce, 0x10, 0x00, 0x04,
    0x20, 0x00, 0x18, 0xba, 0x50, 0x0b, 0xc5, 0x6e, 0x40, 0xf4, 0x00, 0x32, 0x0b, 0xd8, 0x40, 0x00,
    0x06, 0xae, 0xd3, 0x01, 0x00, 0x0b, 0xa2, 0xf4, 0x01, 0xc9, 0x06, 0xef, 0xfb, 0x10, 0x00, 0x41,
    0x00, 0x14, 0x44, 0x44, 0x44, 0x14, 0xff, 0xff, 0xff, 0xf4, 0x00, 0x00, 0xf4, 0x00, 0x00, 0x00,
    0x0f, 0x40, 0x00, 0x00, 0x00, 0xf4, 0x00, 0x00, 0x00, 0x0f, 0x40, 0x00, 0x00, 0x00, 0xf4, 0x00,
    0x00, 0x00, 0x0f, 0x40, 0x00, 0x00, 0x00, 0xf4, 0x00, 0x00, 0x00, 0x0f, 0x40, 0x00, 0x00, 0x00,
    0xf4, 0x00, 0x00, 0x00, 0x0b, 0x40, 0x00, 0x00, 0x00, 0x4c, 0x30, 0x00, 0x00, 0x28, 0xa0, 0x00,
    0x06, 0x40, 0x00, 0xb8, 0x00, 0x8e, 0xdb, 0x06, 0xdb, 0x80, 0x0b, 0x80, 0x00, 0xb8, 0x00, 0x0b,
    0x80, 0x00, 0xb8, 0x00, 0x0a, 0x90, 0x00, 0x3e, 0xf3, 0x00, 0x88, 0x10, 0x02, 0x88, 0x00, 0x6a,
    0x50, 0x00, 0x32, 0x02, 0x30, 0x00, 0x03, 0xd5, 0xd3, 0x00, 0x00, 0x03, 0xb5, 0x00, 0x01, 0x44,
    0x44, 0x44, 0x41, 0x4f, 0xff, 0xff, 0xff, 0x40, 0x00, 0x0f, 0x40, 0x00, 0x00, 0x00, 0xf4, 0x00,
    0x00, 0x00, 0x0f, 0x40, 0x00, 0x00, 0x00, 0xf4, 0x00, 0x00, 0x00, 0x0f, 0x40, 0x00, 0x00, 0x00,
    0xf4, 0x00, 0x00, 0x00, 0x0f, 0x40, 0x00, 0x00, 0x00, 0xf4, 0x00, 0x00, 0x00, 0x0f, 0x40, 0x00,
    0x00, 0x03, 0x20, 0x00, 0xb8, 0x06, 0x4b, 0x40, 0xb8, 0x62, 0x8e, 0xdb, 0x06, 0xdb, 0x80, 0x0b,
    0x80, 0x00, 0xb8, 0x00, 0x0b, 0x80, 0x00, 0xb8, 0x00, 0x0a, 0x90, 0x00, 0x3e, 0xf3, 0x00, 0x00,
    0x00, 0x14, 0x44, 0x44, 0x44, 0x14, 0xff, 0xff, 0xff, 0xf4, 0x00, 0x00, 0xf4, 0x00, 0x00, 0x00,
    0x0f, 0x40, 0x00, 0x00, 0x00, 0xf4, 0x00, 0x00, 0x3b, 0xbf, 0xcb, 0x30, 0x01, 0x44, 0xf7, 0x41,
    0x00, 0x00, 0x0f, 0x40, 0x00, 0x00, 0x00, 0xf4, 0x00, 0x00, 0x00, 0x0f, 0x40, 0x00, 0x00, 0x00,
    0xf4, 0x00, 0x00, 0x06, 0x40, 0x00, 0xb8, 0x00, 0x8e, 0xdb, 0x06, 0xdb, 0x80, 0x3c, 0x94, 0x0b,
    0xff, 0xf0, 0x0b, 0x80, 0x00, 0xb8, 0x00, 0x0a, 0x90, 0x00, 0x3e, 0xf3, 0x00, 0x00, 0x00, 0x00,
    0x7e, 0x8d, 0x20, 0x00, 0x06, 0x16, 0x50, 0x00, 0x32, 0x00, 0x00, 0x04, 0x1b, 0x80, 0x00, 0x00,
    0xf4, 0xb8, 0x00, 0x00, 0x0f, 0x4b, 0x80, 0x00, 0x00, 0xf4, 0xb8, 0x00, 0x00, 0x0f, 0x4b, 0x80,
    0x00, 0x00, 0xf4, 0xb8, 0x00, 0x00, 0x0f, 0x4b, 0x80, 0x00, 0x01, 0xf4, 0x9b, 0x00, 0x00, 0x6f,
    0x14, 0xf9, 0x20, 0x5e, 0x80, 0x05, 0xdf, 0xff, 0x80, 0x00, 0x00, 0x23, 0x00, 0x00, 0x02, 0x71,
    0x60, 0x00, 0xb8, 0xdc, 0x00, 0x00, 0x00, 0x00, 0x0b, 0x30, 0x00, 0xb3, 0xf4, 0x00, 0x0f, 0x4f,
    0x40, 0x00, 0xf4, 0xf4, 0x00, 0x0f, 0x4f, 0x40, 0x00, 0xf4, 0xf5, 0x00, 0x1f, 0x4a, 0xc1, 0x18,
    0xf4, 0x3d, 0xfe, 0x6f, 0x40, 0x00, 0x00, 0x00, 0x00, 0x8b, 0xbb, 0x00, 0x00, 0x03, 0x44, 0x40,
    0x00, 0x32, 0x00, 0x00, 0x04, 0x1b, 0x80, 0x00, 0x00, 0xf4, 0xb8, 0x00, 0x00, 0x0f, 0x4b, 0x80,
    0x00, 0x00, 0xf4, 0xb8, 0x00, 0x00, 0x0f, 0x4b, 0x80, 0x00, 0x00, 0xf4, 0xb8, 0x00, 0x00, 0x0f,
    0x4b, 0x80, 0x00, 0x01, 0xf4, 0x9b, 0x00, 0x00, 0x6f, 0x14, 0xf9, 0x20, 0x5e, 0x80, 0x05, 0xdf,
    0xff, 0x80, 0x00, 0x00, 0x23, 0x00, 0x00, 0x03, 0x44, 0x40, 0x00, 0x8b, 0xbb, 0x00, 0x00, 0x00,
    0x00, 0x0b, 0x30, 0x00, 0xb3, 0xf4, 0x00, 0x0f, 0x4f, 0x40, 0x00, 0xf4, 0xf4, 0x00, 0x0f, 0x4f,
    0x40, 0x00, 0xf4, 0xf5, 0x00, 0x1f, 0x4a, 0xc1, 0x18, 0xf4, 0x3d, 0xfe, 0x6f, 0x40, 0x00, 0x00,
    0x00, 0x00, 0x31, 0x03, 0x10, 0x00, 0x09, 0x84, 0xd1, 0x00, 0x00, 0x19, 0xb5, 0x00, 0x03, 0x20,
    0x00, 0x00, 0x41, 0xb8, 0x00, 0x00, 0x0f, 0x4b, 0x80, 0x00, 0x00, 0xf4, 0xb8, 0x00, 0x00, 0x0f,
    0x4b, 0x80, 0x00, 0x00, 0xf4, 0xb8, 0x00, 0x00, 0x0f, 0x4b, 0x80, 0x00, 0x00, 0xf4, 0xb8, 0x00,
    0x00, 0x1f, 0x49, 0xb0, 0x00, 0x06, 0xf1, 0x4f, 0x92, 0x05, 0xe8, 0x00, 0x5d, 0xff, 0xf8, 0x00,
    0x00, 0x02, 0x30, 0x00, 0x00, 0x08, 0x10, 0x90, 0x00, 0x6b, 0x9a, 0x00, 0x00, 0x34, 0x00, 0x0b,
    0x30, 0x00, 0xb3, 0xf4, 0x00, 0x0f, 0x4f, 0x40, 0x00, 0xf4, 0xf4, 0x00, 0x0f, 0x4f, 0x40, 0x00,
    0xf4, 0xf5, 0x00, 0x1f, 0x4a, 0xc1, 0x18, 0xf4, 0x3d, 0xfe, 0x6f, 0x40, 0x00, 0x00, 0x00, 0x00,
    0x2b, 0xe6, 0x00, 0x00, 0x08, 0x71, 0xf0, 0x00, 0x00, 0x6c, 0x8c, 0x00, 0x03, 0x20, 0x47, 0x10,
    0x41, 0xb8, 0x00, 0x00, 0x0f, 0x4b, 0x80, 0x00, 0x00, 0xf4, 0xb8, 0x00, 0x00, 0x0f, 0x4b, 0x80,
    0x00, 0x00, 0xf4, 0xb8, 0x00, 0x00, 0x0f, 0x4b, 0x80, 0x00, 0x00, 0xf4, 0xb8, 0x00, 0x00, 0x1f,
    0x49, 0xb0, 0x00, 0x06, 0xf1, 0x4f, 0x92, 0x05, 0xe8, 0x00, 0x5d, 0xff, 0xf8, 0x00, 0x00, 0x02,
    0x30, 0x00, 0x00, 0x00, 0x78, 0x10, 0x00, 0x89, 0x7b, 0x00, 0x09, 0x73, 0xd0, 0x00, 0x2a, 0xb4,
    0x00, 0xb3, 0x00, 0x0b, 0x3f, 0x40, 0x00, 0xf4, 0xf4, 0x00, 0x0f, 0x4f, 0x40, 0x00, 0xf4, 0xf4,
    0x00, 0x0f, 0x4f, 0x50, 0x01, 0xf4, 0xac, 0x11, 0x8f, 0x43, 0xdf, 0xe6, 0xf4, 0x00, 0x00, 0x00,
    0x00, 0x00, 0x14, 0x12, 0x30, 0x00, 0x07, 0xc1, 0xe4, 0x00, 0x00, 0x94, 0x57, 0x00, 0x03, 0x20,
    0x00, 0x00, 0x41, 0xb8, 0x00, 0x00, 0x0f, 0x4b, 0x80, 0x00, 0x00, 0xf4, 0xb8, 0x00, 0x00, 0x0f,
    0x4b, 0x80, 0x00, 0x00, 0xf4, 0xb8, 0x00, 0x00, 0x0f, 0x4b, 0x80, 0x00, 0x00, 0xf4, 0xb8, 0x00,
    0x00, 0x1f, 0x49, 0xb0, 0x00, 0x06, 0xf1, 0x4f, 0x92, 0x05, 0xe8, 0x00, 0x5d, 0xff, 0xf8, 0x00,
    0x00, 0x02, 0x30, 0x00, 0x00, 0x04, 0xa0, 0x96, 0x00, 0xa8, 0x5c, 0x10, 0x04, 0x03, 0x20, 0x0b,
    0x30, 0x00, 0xb3, 0xf4, 0x00, 0x0f, 0x4f, 0x40, 0x00, 0xf4, 0xf4, 0x00, 0x0f, 0x4f, 0x40, 0x00,
    0xf4, 0xf5, 0x00, 0x1f, 0x4a, 0xc1, 0x18, 0xf4, 0x3d, 0xfe, 0x6f, 0x40, 0x00, 0x00, 0x00, 0x32,
    0x00, 0x00, 0x04, 0x1b, 0x80, 0x00, 0x00, 0xf4, 0xb8, 0x00, 0x00, 0x0f, 0x4b, 0x80, 0x00, 0x00,
    0xf4, 0xb8, 0x00, 0x00, 0x0f, 0x4b, 0x80, 0x00, 0x00, 0xf4, 0xb8, 0x00, 0x00, 0x0f, 0x4b, 0x80,
    0x00, 0x01, 0xf4, 0x9b, 0x00, 0x00, 0x6f, 0x14, 0xf9, 0x20, 0x5e, 0x80, 0x05, 0xdf, 0xff, 0x80,
    0x00, 0x00, 0x7c, 0x30, 0x00, 0x00, 0x0e, 0x51, 0x00, 0x00, 0x00, 0x8f, 0x90, 0x00, 0xb3, 0x00,
    0x0b, 0x3f, 0x40, 0x00, 0xf4, 0xf4, 0x00, 0x0f, 0x4f, 0x40, 0x00, 0xf4, 0xf4, 0x00, 0x0f, 0x4f,
    0x50, 0x01, 0xf4, 0xac, 0x11, 0x8f, 0x43, 0xdf, 0xe6, 0xf4, 0x00, 0x00, 0x99, 0x00, 0x00, 0x3f,
    0x11, 0x00, 0x00, 0xbf, 0x80, 0x00, 0x00, 0x00, 0x32, 0x00, 0x00, 0x00, 0x00, 0x00, 0x06, 0xcd,
    0x30, 0x00, 0x00, 0x00, 0x00, 0x1a, 0x35, 0x90, 0x00, 0x00, 0x33, 0x00, 0x00, 0x33, 0x00, 0x00,
    0x42, 0x7d, 0x00, 0x00, 0xfc, 0x00, 0x01, 0xf4, 0x3f, 0x20, 0x05, 0xcf, 0x10, 0x05, 0xf0, 0x0e,
    0x60, 0x08, 0x9d, 0x50, 0x08, 0xa0, 0x09, 0x90, 0x0c, 0x69, 0x90, 0x0d, 0x70, 0x06, 0xd0, 0x1f,
    0x26, 0xd0, 0x2f, 0x20, 0x02, 0xf2, 0x5d, 0x01, 0xf2, 0x6d, 0x00, 0x00, 0xc6, 0x99, 0x00, 0xc6,
    0x99, 0x00, 0x00, 0x89, 0xc5, 0x00, 0x89, 0xd5, 0x00, 0x00, 0x5c, 0xf1, 0x00, 0x4c, 0xf1, 0x00,
    0x00, 0x0f, 0xc0, 0x00, 0x0f, 0xc0, 0x00, 0x00, 0x00, 0x1b, 0x60, 0x00, 0x00, 0x00, 0x1c, 0x7c,
    0x60, 0x00, 0x00, 0x02, 0x30, 0x24, 0x00, 0x05, 0x90, 0x00, 0xb6, 0x00, 0x5a, 0x3f, 0x20, 0x3f,
    0xa0, 0x09, 0x90, 0xd6, 0x08, 0x9f, 0x00, 0xe5, 0x08, 0xa0, 0xc5, 0xc4, 0x3f, 0x10, 0x5e, 0x1f,
    0x18, 0x87, 0xa0, 0x00, 0xe8, 0xb0, 0x5b, 0xb7, 0x00, 0x09, 0xe7, 0x00, 0xff, 0x20, 0x00, 0x6f,
    0x30, 0x0a, 0xc0, 0x00, 0x00, 0x00, 0x42, 0x00, 0x00, 0x00, 0x06, 0xdc, 0x10, 0x00, 0x00, 0x3a,
    0x16, 0x80, 0x00, 0x24, 0x00, 0x00, 0x02, 0x40, 0x4f, 0x40, 0x00, 0x0b, 0xb0, 0x08, 0xd0, 0x00,
    0x6e, 0x20, 0x01, 0xe8, 0x01, 0xe8, 0x00, 0x00, 0x5f, 0x28, 0xc0, 0x00, 0x00, 0x0b, 0xbf, 0x40,
    0x00, 0x00, 0x02, 0xf9, 0x00, 0x00, 0x00, 0x00, 0xf8, 0x00, 0x00, 0x00, 0x00, 0xf8, 0x00, 0x00,
    0x00, 0x00, 0xf8, 0x00, 0x00, 0x00, 0x00, 0xf8, 0x00, 0x00, 0x00, 0x0a, 0x80, 0x00, 0x00, 0x98,
    0xa8, 0x00, 0x01, 0x40, 0x14, 0x00, 0x69, 0x00, 0x00, 0xa5, 0x3f, 0x20, 0x04, 0xf1, 0x0c, 0x70,
    0x09, 0xa0, 0x07, 0xd0, 0x0e, 0x50, 0x01, 0xf3, 0x6d, 0x00, 0x00, 0xa8, 0xa8, 0x00, 0x00, 0x5c,
    0xe2, 0x00, 0x00, 0x0d, 0xc0, 0x00, 0x00, 0x0d, 0x60, 0x00, 0x03, 0x7e, 0x10, 0x00, 0x0d, 0xc3,
    0x00, 0x00, 0x00, 0x00, 0x00, 0x00, 0x00, 0x00, 0x7e, 0x07, 0xe0, 0x00, 0x00, 0x37, 0x03, 0x70,
    0x00, 0x24, 0x00, 0x00, 0x02, 0x40, 0x4f, 0x40, 0x00, 0x0b, 0xb0, 0x08, 0xd0, 0x00, 0x6e, 0x20,
    0x01, 0xe8, 0x01, 0xe8, 0x00, 0x00, 0x5f, 0x28, 0xc0, 0x00, 0x00, 0x0b, 0xbf, 0x40, 0x00, 0x00,
    0x02, 0xf9, 0x00, 0x00, 0x00, 0x00, 0xf8, 0x00, 0x00, 0x00, 0x00, 0xf8, 0x00, 0x00, 0x00, 0x00,
    0xf8, 0x00, 0x00, 0x00, 0x00, 0xf8, 0x00, 0x00, 0x00, 0x00, 0x14, 0x10, 0x00, 0x00, 0x8b, 0x00,
    0x00, 0x00, 0xa2, 0x00, 0x14, 0x44, 0x44, 0x44, 0x4f, 0xff, 0xff, 0xfe, 0x00, 0x00, 0x01, 0xe7,
    0x00, 0x00, 0x0a, 0xb0, 0x00, 0x00, 0x5e, 0x20, 0x00, 0x01, 0xe7, 0x00, 0x00, 0x0a, 0xb0, 0x00,
    0x00, 0x6e, 0x20, 0x00, 0x02, 0xe5, 0x00, 0x00, 0x0b, 0xa4, 0x44, 0x44, 0x0f, 0xff, 0xff, 0xff,
    0x00, 0x00, 0xa5, 0x00, 0x00, 0x6c, 0x00, 0x00, 0x03, 0x20, 0x00, 0xbb, 0xbb, 0xb8, 0x08, 0x88,
    0x8f, 0x80, 0x00, 0x08, 0xc1, 0x00, 0x06, 0xe2, 0x00, 0x03, 0xe5, 0x00, 0x01, 0xc8, 0x00, 0x00,
    0xae, 0x44, 0x43, 0x4f, 0xff, 0xff, 0xb0, 0x00, 0x00, 0x00, 0x00, 0x00, 0x06, 0xf3, 0x00, 0x00,
    0x02, 0x81, 0x00, 0x14, 0x44, 0x44, 0x44, 0x4f, 0xff, 0xff, 0xfe, 0x00, 0x00, 0x01, 0xe7, 0x00,
    0x00, 0x0a, 0xb0, 0x00, 0x00, 0x5e, 0x20, 0x00, 0x01, 0xe7, 0x00, 0x00, 0x0a, 0xb0, 0x00, 0x00,
    0x6e, 0x20, 0x00, 0x02, 0xe5, 0x00, 0x00, 0x0b, 0xa4, 0x44, 0x44, 0x0f, 0xff, 0xff, 0xff, 0x00,
    0x07, 0x30, 0x00, 0x00, 0xe9, 0x00, 0x00, 0x00, 0x00, 0x00, 0xbb, 0xbb, 0xb8, 0x08, 0x88, 0x8f,
    0x80, 0x00, 0x08, 0xc1, 0x00, 0x06, 0xe2, 0x00, 0x03, 0xe5, 0x00, 0x01, 0xc8, 0x00, 0x00, 0xae,
    0x44, 0x43, 0x4f, 0xff, 0xff, 0xb0, 0x00, 0x32, 0x03, 0x20, 0x00, 0x4e, 0x4e, 0x20, 0x00, 0x06,
    0xb3, 0x00, 0x14, 0x44, 0x44, 0x44, 0x4f, 0xff, 0xff, 0xfe, 0x00, 0x00, 0x01, 0xe7, 0x00, 0x00,
    0x0a, 0xb0, 0x00, 0x00, 0x5e, 0x20, 0x00, 0x01, 0xe7, 0x00, 0x00, 0x0a, 0xb0, 0x00, 0x00, 0x6e,
    0x20, 0x00, 0x02, 0xe5, 0x00, 0x00, 0x0b, 0xa4, 0x44, 0x44, 0x0f, 0xff, 0xff, 0xff, 0x03, 0xa1,
    0x68, 0x00, 0x06, 0xcd, 0x20, 0x00, 0x04, 0x20, 0x00, 0xbb, 0xbb, 0xb8, 0x08, 0x88, 0x8f, 0x80,
    0x00, 0x08, 0xc1, 0x00, 0x06, 0xe2, 0x00, 0x03, 0xe5, 0x00, 0x01, 0xc8, 0x00, 0x00, 0xae, 0x44,
    0x43, 0x4f, 0xff, 0xff, 0xb0, 0x18, 0xa3, 0xbc, 0x82, 0xf5, 0x00, 0xf4, 0x00, 0xf4, 0x00, 0xf4,
    0x00, 0xf4, 0x00, 0xf4, 0x00, 0xf4, 0x00, 0xf4, 0x00, 0xf4, 0x00, 0x00, 0x00, 0x42, 0x00, 0x00,
    0x00, 0x03, 0xfc, 0x00, 0x00, 0x00, 0x08, 0x9f, 0x30, 0x00, 0x00, 0x0e, 0x5a, 0x80, 0x00, 0x00,
    0x5e, 0x06, 0xd0, 0x00, 0x00, 0x99, 0x01, 0xf5, 0x00, 0x01, 0xe5, 0x00, 0xa9, 0x00, 0x06, 0xff,
    0xff, 0xff, 0x10, 0x0a, 0xa4, 0x44, 0x4e, 0x60, 0x2f, 0x50, 0x00, 0x09, 0xb0, 0x7d, 0x00, 0x00,
    0x04, 0xf2, 0x34, 0x44, 0x30, 0x00, 0xbf, 0xff, 0xfd, 0x30, 0xb8, 0x00, 0x1a, 0xb0, 0xb8, 0x00,
    0x04, 0xf0, 0xb8, 0x00, 0x09, 0xb0, 0xbd, 0xbb, 0xcc, 0x10, 0xbb, 0x88, 0x8d, 0xa0, 0xb8, 0x00,
    0x01, 0xf4, 0xb8, 0x00, 0x00, 0xf4, 0xb9, 0x44, 0x48, 0xf2, 0xbf, 0xff, 0xfc, 0x40, 0x34, 0x44,
    0x44, 0x2b, 0xff, 0xff, 0xf8, 0xb8, 0x00, 0x00, 0x0b, 0x80, 0x00, 0x00, 0xb8, 0x00, 0x00, 0x0b,
    0x80, 0x00, 0x00, 0xb8, 0x00, 0x00, 0x0b, 0x80, 0x00, 0x00, 0xb8, 0x00, 0x00, 0x0b, 0x80, 0x00,
    0x00, 0xb8, 0x00, 0x00, 0x00, 0x00, 0x00, 0x42, 0x00, 0x00, 0x00, 0x02, 0xfa, 0x00, 0x00, 0x00,
    0x08, 0xdf, 0x20, 0x00, 0x00, 0x0d, 0x6c, 0x70, 0x00, 0x00, 0x5f, 0x17, 0xc0, 0x00, 0x00, 0x9a,
    0x02, 0xf3, 0x00, 0x01, 0xe5, 0x00, 0xc8, 0x00, 0x06, 0xe0, 0x00, 0x6d, 0x00, 0x0a, 0x90, 0x00,
    0x1f, 0x50, 0x2f, 0x84, 0x44, 0x4c, 0x90, 0x7f, 0xff, 0xff, 0xff, 0xe1, 0x34, 0x44, 0x44, 0x2b,
    0xff, 0xff, 0xf8, 0xb8, 0x00, 0x00, 0x0b, 0x80, 0x00, 0x00, 0xb8, 0x00, 0x00, 0x0b, 0xdb, 0xbb,
    0xb0, 0xbb, 0x88, 0x88, 0x0b, 0x80, 0x00, 0x00, 0xb8, 0x00, 0x00, 0x0b, 0x94, 0x44, 0x42, 0xbf,
    0xff, 0xff, 0x80, 0x14, 0x44, 0x44, 0x44, 0x4f, 0xff, 0xff, 0xfe, 0x00, 0x00, 0x01, 0xe7, 0x00,
    0x00, 0x0a, 0xb0, 0x00, 0x00, 0x5e, 0x20, 0x00, 0x01, 0xe7, 0x00, 0x00, 0x0a, 0xb0, 0x00, 0x00,
    0x6e, 0x20, 0x00, 0x02, 0xe5, 0x00, 0x00, 0x0b, 0xa4, 0x44, 0x44, 0x0f, 0xff, 0xff, 0xff, 0x32,
    0x00, 0x00, 0x14, 0x1b, 0x80, 0x00, 0x04, 0xf4, 0xb8, 0x00, 0x00, 0x4f, 0x4b, 0x80, 0x00, 0x04,
    0xf4, 0xb8, 0x00, 0x00, 0x4f, 0x4b, 0xdb, 0xbb, 0xbc, 0xf4, 0xb9, 0x44, 0x44, 0x7f, 0x4b, 0x80,
    0x00, 0x04, 0xf4, 0xb8, 0x00, 0x00, 0x4f, 0x4b, 0x80, 0x00, 0x04, 0xf4, 0xb8, 0x00, 0x00, 0x4f,
    0x40, 0x00, 0x00, 0x44, 0x30, 0x00, 0x00, 0x5e, 0xff, 0xfb, 0x20, 0x03, 0xf8, 0x10, 0x2a, 0xd1,
    0x0b, 0xa0, 0x00, 0x01, 0xd7, 0x0f, 0x40, 0x00, 0x00, 0x8b, 0x4f, 0x18, 0xbb, 0xb6, 0x8b, 0x3f,
    0x26, 0x88, 0x84, 0x8b, 0x0f, 0x50, 0x00, 0x00, 0x9a, 0x09, 0xb0, 0x00, 0x02, 0xe6, 0x02, 0xea,
    0x30, 0x5c, 0xc0, 0x00, 0x3b, 0xff, 0xf9, 0x10, 0x00, 0x00, 0x03, 0x00, 0x00, 0x32, 0xb8, 0xb8,
    0xb8, 0xb8, 0xb8, 0xb8, 0xb8, 0xb8, 0xb8, 0xb8, 0x32, 0x00, 0x00, 0x34, 0x0b, 0x80, 0x00, 0x6f,
    0x60, 0xb8, 0x00, 0x4f, 0x60, 0x0b, 0x80, 0x3e, 0x80, 0x00, 0xb8, 0x3e, 0x90, 0x00, 0x0b, 0x8d,
    0xf2, 0x00, 0x00, 0xbf, 0x9b, 0xc0, 0x00, 0x0b, 0xa0, 0x1e, 0x80, 0x00, 0xb8, 0x00, 0x5f, 0x40,
    0x0b, 0x80, 0x00, 0x8d, 0x10, 0xb8, 0x00, 0x01, 0xca, 0x00, 0x00, 0x00, 0x42, 0x00, 0x00, 0x00,
    0x03, 0xfc, 0x00, 0x00, 0x00, 0x08, 0x9f, 0x30, 0x00, 0x00, 0x0e, 0x5a, 0x80, 0x00, 0x00, 0x5e,
    0x06, 0xd0, 0x00, 0x00, 0x99, 0x01, 0xf5, 0x00, 0x01, 0xe5, 0x00, 0xa9, 0x00, 0x06, 0xe0, 0x00,
    0x5f, 0x10, 0x0a, 0x90, 0x00, 0x0e, 0x60, 0x2f, 0x50, 0x00, 0x09, 0xb0, 0x7d, 0x00, 0x00, 0x04,
    0xf2, 0x34, 0x00, 0x00, 0x00, 0x24, 0x2b, 0xf6, 0x00, 0x00, 0x0a, 0xf8, 0xbe, 0xb0, 0x00, 0x02,
    0xfd, 0x8b, 0x9f, 0x20, 0x00, 0x7c, 0xb8, 0xb8, 0xc8, 0x00, 0x0d, 0x6b, 0x8b, 0x87, 0xd0, 0x04,
    0xf1, 0xb8, 0xb8, 0x1f, 0x50, 0x99, 0x0b, 0x8b, 0x80, 0x9a, 0x1e, 0x40, 0xb8, 0xb8, 0x04, 0xf7,
    0xd0, 0x0b, 0x8b, 0x80, 0x0d, 0xd7, 0x00, 0xb8, 0xb8, 0x00, 0x7f, 0x20, 0x0b, 0x80, 0x33, 0x00,
    0x00, 0x04, 0x1b, 0xf3, 0x00, 0x00, 0xf4, 0xbe, 0xc0, 0x00, 0x0f, 0x4b, 0x8d, 0x80, 0x00, 0xf4,
    0xb8, 0x6e, 0x20, 0x0f, 0x4b, 0x80, 0xbb, 0x00, 0xf4, 0xb8, 0x02, 0xe6, 0x0f, 0x4b, 0x80, 0x08,
    0xe1, 0xf4, 0xb8, 0x00, 0x0c, 0x9f, 0x4b, 0x80, 0x00, 0x3f, 0xf4, 0xb8, 0x00, 0x00, 0x8f, 0x40,
    0x04, 0x44, 0x44, 0x44, 0x10, 0xff, 0xff, 0xff, 0xf4, 0x00, 0x00, 0x00, 0x00, 0x00, 0x00, 0x00,
    0x00, 0x00, 0x00, 0x00, 0x00, 0x00, 0x00, 0x6b, 0xbb, 0xbb, 0x80, 0x04, 0x88, 0x88, 0x86, 0x00,
    0x00, 0x00, 0x00, 0x00, 0x00, 0x00, 0x00, 0x00, 0x00, 0x44, 0x44, 0x44, 0x41, 0x0f, 0xff, 0xff,
    0xff, 0x40, 0x00, 0x00, 0x44, 0x30, 0x00, 0x00, 0x5e, 0xff, 0xfb, 0x20, 0x03, 0xf8, 0x10, 0x2a,
    0xd1, 0x0b, 0xa0, 0x00, 0x01, 0xd7, 0x0f, 0x40, 0x00, 0x00, 0x8b, 0x4f, 0x10, 0x00, 0x00, 0x8b,
    0x3f, 0x20, 0x00, 0x00, 0x8b, 0x0f, 0x50, 0x00, 0x00, 0x9a, 0x09, 0xb0, 0x00, 0x02, 0xe6, 0x02,
    0xea, 0x30, 0x5c, 0xc0, 0x00, 0x3b, 0xff, 0xf9, 0x10, 0x00, 0x00, 0x03, 0x00, 0x00, 0x34, 0x44,
    0x44, 0x44, 0x1b, 0xff, 0xff, 0xff, 0xf4, 0xb8, 0x00, 0x00, 0x4f, 0x4b, 0x80, 0x00, 0x04, 0xf4,
    0xb8, 0x00, 0x00, 0x4f, 0x4b, 0x80, 0x00, 0x04, 0xf4, 0xb8, 0x00, 0x00, 0x4f, 0x4b, 0x80, 0x00,
    0x04, 0xf4, 0xb8, 0x00, 0x00, 0x4f, 0x4b, 0x80, 0x00, 0x04, 0xf4, 0xb8, 0x00, 0x00, 0x4f, 0x40,
    0x34, 0x44, 0x20, 0x00, 0xbf, 0xff, 0xfd, 0x30, 0xb8, 0x00, 0x1a, 0xd0, 0xb8, 0x00, 0x03, 0xf3,
    0xb8, 0x00, 0x02, 0xf3, 0xb8, 0x00, 0x09, 0xd0, 0xbd, 0xbb, 0xee, 0x30, 0xb9, 0x44, 0x40, 0x00,
    0xb8, 0x00, 0x00, 0x00, 0xb8, 0x00, 0x00, 0x00, 0xb8, 0x00, 0x00, 0x00, 0x03, 0x44, 0x44, 0x44,
    0x30, 0xbf, 0xff, 0xff, 0xfb, 0x03, 0xe6, 0x00, 0x00, 0x00, 0x03, 0xe6, 0x00, 0x00, 0x00, 0x05,
    0xf6, 0x00, 0x00, 0x00, 0x03, 0xf3, 0x00, 0x00, 0x00, 0x9c, 0x10, 0x00, 0x00, 0x9c, 0x10, 0x00,
    0x00, 0x9c, 0x10, 0x00, 0x00, 0x9c, 0x54, 0x44, 0x43, 0x0f, 0xff, 0xff, 0xff, 0xb0, 0x14, 0x44,
    0x44, 0x44, 0x14, 0xff, 0xff, 0xff, 0xf4, 0x00, 0x00, 0xf4, 0x00, 0x00, 0x00, 0x0f, 0x40, 0x00,
    0x00, 0x00, 0xf4, 0x00, 0x00, 0x00, 0x0f, 0x40, 0x00, 0x00, 0x00, 0xf4, 0x00, 0x00, 0x00, 0x0f,
    0x40, 0x00, 0x00, 0x00, 0xf4, 0x00, 0x00, 0x00, 0x0f, 0x40, 0x00, 0x00, 0x00, 0xf4, 0x00, 0x00,
    0x24, 0x00, 0x00, 0x02, 0x40, 0x4f, 0x40, 0x00, 0x0b, 0xb0, 0x08, 0xd0, 0x00, 0x6e, 0x20, 0x01,
    0xe8, 0x01, 0xe8, 0x00, 0x00, 0x5f, 0x28, 0xc0, 0x00, 0x00, 0x0b, 0xbf, 0x40, 0x00, 0x00, 0x02,
    0xf9, 0x00, 0x00, 0x00, 0x00, 0xf8, 0x00, 0x00, 0x00, 0x00, 0xf8, 0x00, 0x00, 0x00, 0x00, 0xf8,
    0x00, 0x00, 0x00, 0x00, 0xf8, 0x00, 0x00, 0x00, 0x00, 0x06, 0x80, 0x00, 0x00, 0x00, 0x06, 0x9d,
    0xeb, 0x71, 0x00, 0x00, 0xae, 0x8a, 0xc8, 0xbd, 0x30, 0x08, 0xd1, 0x08, 0xb0, 0x09, 0xd0, 0x0e,
    0x60, 0x08, 0xb0, 0x01, 0xf5, 0x3f, 0x40, 0x08, 0xb0, 0x00, 0xb8, 0x2f, 0x40, 0x08, 0xb0, 0x00,
    0xc8, 0x0e, 0x70, 0x08, 0xb0, 0x02, 0xf3, 0x07, 0xe3, 0x08, 0xb0, 0x1c, 0xb0, 0x00, 0x8f, 0xab,
    0xd9, 0xeb, 0x10, 0x00, 0x02, 0x7b, 0xd8, 0x40, 0x00, 0x00, 0x00, 0x04, 0x60, 0x00, 0x00, 0x14,
    0x10, 0x00, 0x02, 0x40, 0x1d, 0x80, 0x00, 0x1e, 0x80, 0x04, 0xf4, 0x00, 0xac, 0x00, 0x00, 0x8d,
    0x15, 0xe2, 0x00, 0x00, 0x0c, 0x8e, 0x70, 0x00, 0x00, 0x03, 0xfb, 0x00, 0x00, 0x00, 0x07, 0xee,
    0x20, 0x00, 0x00, 0x3f, 0x4b, 0xb0, 0x00, 0x00, 0xc8, 0x02, 0xe7, 0x00, 0x08, 0xd1, 0x00, 0x6e,
    0x30, 0x4f, 0x40, 0x00, 0x0a, 0xc0, 0x32, 0x00, 0x23, 0x00, 0x14, 0x0b, 0x80, 0x08, 0xb0, 0x04,
    0xf0, 0xb8, 0x00, 0x8b, 0x00, 0x4f, 0x0b, 0x80, 0x08, 0xb0, 0x04, 0xf0, 0xa8, 0x00, 0x8b, 0x00,
    0x4f, 0x07, 0xd0, 0x08, 0xb0, 0x08, 0xb0, 0x1d, 0xa3, 0x8b, 0x27, 0xf4, 0x00, 0x19, 0xef, 0xff,
    0xa4, 0x00, 0x00, 0x00, 0x8b, 0x00, 0x00, 0x00, 0x00, 0x08, 0xb0, 0x00, 0x00, 0x00, 0x00, 0x8b,
    0x00, 0x00, 0x00, 0x00, 0x00, 0x44, 0x30, 0x00, 0x00, 0x5e, 0xff, 0xfd, 0x30, 0x05, 0xf7, 0x00,
    0x19, 0xe2, 0x0c, 0x90, 0x00, 0x00, 0xb9, 0x1f, 0x40, 0x00, 0x00, 0x8d, 0x4f, 0x40, 0x00, 0x00,
    0x5f, 0x1f, 0x40, 0x00, 0x00, 0x8c, 0x0b, 0x90, 0x00, 0x00, 0xd8, 0x03, 0xe8, 0x10, 0x2a, 0xc1,
    0x14, 0x5d, 0x80, 0xbb, 0x44, 0x4f, 0xff, 0x80, 0xbf, 0xff, 0x00, 0x00, 0x00, 0x3f, 0x37, 0xe0,
    0x18, 0x13, 0x70, 0x00, 0x32, 0x00, 0x00, 0xb8, 0x00, 0x00, 0xb8, 0x00, 0x00, 0xb8, 0x00, 0x00,
    0xb8, 0x00, 0x00, 0xb8, 0x00, 0x00, 0xb8, 0x00, 0x00, 0xb8, 0x00, 0x00, 0xb8, 0x00, 0x00, 0xb8,
    0x00, 0x00, 0xb8, 0x00, 0x00, 0x00, 0x00, 0x00, 0x00, 0x00, 0x7e, 0x07, 0xe0, 0x00, 0x00, 0x37,
    0x03, 0x70, 0x00, 0x24, 0x00, 0x00, 0x02, 0x40, 0x4f, 0x40, 0x00, 0x0b, 0xb0, 0x08, 0xd0, 0x00,
    0x6e, 0x20, 0x01, 0xe8, 0x01, 0xe8, 0x00, 0x00, 0x5f, 0x28, 0xc0, 0x00, 0x00, 0x0b, 0xbf, 0x40,
    0x00, 0x00, 0x02, 0xf9, 0x00, 0x00, 0x00, 0x00, 0xf8, 0x00, 0x00, 0x00, 0x00, 0xf8, 0x00, 0x00,
    0x00, 0x00, 0xf8, 0x00, 0x00, 0x00, 0x00, 0xf8, 0x00, 0x00, 0x00, 0x00, 0xb3, 0x00, 0x00, 0x00,
    0x2e, 0x00, 0x00, 0x00, 0x01, 0x30, 0x00, 0x00, 0x05, 0xab, 0x60, 0x77, 0x06, 0xe8, 0x6c, 0x8b,
    0x50, 0xe6, 0x00, 0x1d, 0xf1, 0x4f, 0x00, 0x00, 0x8c, 0x04, 0xf0, 0x00, 0x07, 0xa0, 0x2f, 0x20,
    0x00, 0xbf, 0x00, 0xba, 0x10, 0x89, 0xb5, 0x01, 0xbf, 0xfc, 0x18, 0x90, 0x00, 0x22, 0x00, 0x00,
    0x00, 0x05, 0x90, 0x00, 0x00, 0x88, 0x00, 0x00, 0x02, 0x10, 0x00, 0x18, 0xba, 0x60, 0x0c, 0xc6,
    0x7e, 0x60, 0xf4, 0x00, 0x53, 0x0c, 0xb8, 0x60, 0x00, 0x8d, 0x86, 0x00, 0x3f, 0x20, 0x02, 0x03,
    0xf7, 0x01, 0xb9, 0x06, 0xef, 0xfb, 0x10, 0x00, 0x21, 0x00, 0x00, 0x0b, 0x30, 0x00, 0x01, 0xe0,
    0x00, 0x00, 0x13, 0x00, 0x0b, 0x38, 0xb9, 0x10, 0xfc, 0x86, 0xcc, 0x0f, 0x80, 0x02, 0xf3, 0xf4,
    0x00, 0x0f, 0x4f, 0x40, 0x00, 0xf4, 0xf4, 0x00, 0x0f, 0x4f, 0x40, 0x00, 0xf4, 0xf4, 0x00, 0x0f,
    0x40, 0x00, 0x00, 0xf4, 0x00, 0x00, 0x0f, 0x40, 0x00, 0x00, 0xb3, 0x68, 0x09, 0x70, 0x31, 0x0b,
    0x30, 0xf4, 0x0f, 0x40, 0xf4, 0x0f, 0x40, 0xf4, 0x0e, 0x60, 0x8f, 0x80, 0x00, 0x00, 0x04, 0x10,
    0x00, 0x04, 0xe0, 0x00, 0x35, 0x38, 0x35, 0x09, 0xd0, 0x07, 0xe0, 0x00, 0x00, 0x00, 0x0b, 0x30,
    0x00, 0xb3, 0xf4, 0x00, 0x0f, 0x4f, 0x40, 0x00, 0xf4, 0xf4, 0x00, 0x0f, 0x4f, 0x40, 0x00, 0xf4,
    0xe5, 0x00, 0x1f, 0x4a, 0xc1, 0x08, 0xe0, 0x1b, 0xff, 0xd4, 0x00, 0x01, 0x20, 0x00, 0x00, 0x5a,
    0xb6, 0x07, 0x70, 0x6e, 0x86, 0xc8, 0xb5, 0x0e, 0x60, 0x01, 0xdf, 0x14, 0xf0, 0x00, 0x08, 0xc0,
    0x4f, 0x00, 0x00, 0x7a, 0x02, 0xf2, 0x00, 0x0b, 0xf0, 0x0b, 0xa1, 0x08, 0x9b, 0x50, 0x1b, 0xff,
    0xc1, 0x89, 0x00, 0x02, 0x20, 0x00, 0x00, 0x00, 0x44, 0x10, 0x03, 0xed, 0xce, 0x60, 0xaa, 0x00,
    0x7e, 0x0f, 0x40, 0x01, 0xf0, 0xf4, 0x00, 0x8c, 0x0f, 0x48, 0xfd, 0x20, 0xf4, 0x24, 0x7e, 0x2f,
    0x40, 0x00, 0xb8, 0xf5, 0x00, 0x0b, 0x8f, 0xc2, 0x07, 0xf4, 0xf8, 0xef, 0xe6, 0x0f, 0x40, 0x20,
    0x00, 0xf4, 0x00, 0x00, 0x0b, 0x30, 0x00, 0x00, 0x69, 0x00, 0x00, 0xa5, 0x3f, 0x20, 0x04, 0xf1,
    0x0c, 0x70, 0x09, 0xa0, 0x07, 0xd0, 0x0e, 0x50, 0x01, 0xf3, 0x6d, 0x00, 0x00, 0x98, 0xa8, 0x00,
    0x00, 0x5c, 0xe2, 0x00, 0x00, 0x0d, 0xc0, 0x00, 0x00, 0x0b, 0x80, 0x00, 0x00, 0x0b, 0x80, 0x00,
    0x00, 0x08, 0x60, 0x00, 0x00, 0x00, 0x34, 0x20, 0x00, 0x8f, 0xff, 0x80, 0x04, 0xf3, 0x00, 0x00,
    0x01, 0xb8, 0x20, 0x00, 0x00, 0x7e, 0xfb, 0x30, 0x09, 0xc2, 0x19, 0xd0, 0x2f, 0x20, 0x00, 0xe5,
    0x4f, 0x00, 0x00, 0xb8, 0x4f, 0x10, 0x00, 0xd6, 0x0d, 0x90, 0x07, 0xe2, 0x03, 0xdf, 0xfd, 0x50,
    0x00, 0x02, 0x30, 0x00, 0x01, 0x8b, 0xa6, 0x00, 0xcc, 0x67, 0xe6, 0x0f, 0x40, 0x05, 0x30, 0xcb,
    0x86, 0x00, 0x08, 0xd8, 0x60, 0x03, 0xf2, 0x00, 0x20, 0x3f, 0x70, 0x1b, 0x90, 0x6e, 0xff, 0xb1,
    0x00, 0x02, 0x10, 0x00, 0x04, 0x44, 0x44, 0x20, 0xff, 0xfe, 0xf7, 0x00, 0x00, 0x9c, 0x00, 0x00,
    0x7e, 0x10, 0x00, 0x3f, 0x40, 0x00, 0x1e, 0x70, 0x00, 0x0b, 0xa0, 0x00, 0x03, 0xf2, 0x00, 0x00,
    0x4f, 0x00, 0x00, 0x01, 0xe8, 0x20, 0x00, 0x03, 0xbf, 0xfe, 0x20, 0x00, 0x00, 0xc8, 0x00, 0x00,
    0x0b, 0x80, 0xb3, 0x8b, 0x91, 0x0f, 0xc8, 0x6c, 0xc0, 0xf8, 0x00, 0x2f, 0x3f, 0x40, 0x00, 0xf4,
    0xf4, 0x00, 0x0f, 0x4f, 0x40, 0x00, 0xf4, 0xf4, 0x00, 0x0f, 0x4f, 0x40, 0x00, 0xf4, 0x00, 0x00,
    0x0f, 0x40, 0x00, 0x00, 0xf4, 0x00, 0x00, 0x0b, 0x30, 0x00, 0x03, 0x42, 0x00, 0x00, 0xbe, 0xbf,
    0x60, 0x08, 0xc1, 0x03, 0xf4, 0x0d, 0x50, 0x00, 0x99, 0x1f, 0x20, 0x00, 0x8b, 0x4f, 0x88, 0x88,
    0xbb, 0x4f, 0x88, 0x88, 0xbb, 0x0f, 0x30, 0x00, 0x8b, 0x0d, 0x60, 0x00, 0xa8, 0x06, 0xd2, 0x06,
    0xe2, 0x00, 0x8f, 0xfe, 0x50, 0x00, 0x01, 0x30, 0x00, 0xb3, 0x0f, 0x40, 0xf4, 0x0f, 0x40, 0xf4,
    0x0f, 0x40, 0xe6, 0x08, 0xf8, 0x00, 0x00, 0xb3, 0x00, 0x6a, 0x1f, 0x40, 0x4e, 0x30, 0xf4, 0x2e,
    0x60, 0x0f, 0x7c, 0x80, 0x00, 0xfa, 0xf3, 0x00, 0x0f, 0x47, 0xe1, 0x00, 0xf4, 0x09, 0xc1, 0x0f,
    0x40, 0x0c, 0xa0, 0x04, 0x40, 0x00, 0x00, 0x00, 0x8d, 0xa0, 0x00, 0x00, 0x00, 0x1e, 0x40, 0x00,
    0x00, 0x00, 0xc9, 0x00, 0x00, 0x00, 0x2e, 0xe1, 0x00, 0x00, 0x08, 0x9c, 0x60, 0x00, 0x00, 0xd5,
    0x7c, 0x00, 0x00, 0x5e, 0x01, 0xf2, 0x00, 0x0a, 0x90, 0x0a, 0x80, 0x01, 0xf4, 0x00, 0x5e, 0x10,
    0x7d, 0x00, 0x00, 0x9f, 0x90, 0x00, 0x00, 0x00, 0x22, 0xb3, 0x00, 0x0b, 0x30, 0xf4, 0x00, 0x0f,
    0x40, 0xf4, 0x00, 0x0f, 0x40, 0xf4, 0x00, 0x0f, 0x40, 0xf4, 0x00, 0x0f, 0x40, 0xf5, 0x00, 0x1f,
    0x40, 0xfc, 0x20, 0x9f, 0x50, 0xf8, 0xef, 0x98, 0xf4, 0xf4, 0x00, 0x00, 0x00, 0xf4, 0x00, 0x00,
    0x00, 0xb3, 0x00, 0x00, 0x00, 0x88, 0x10, 0x00, 0x78, 0x4d, 0x70, 0x00, 0xd6, 0x07, 0xd0, 0x05,
    0xf1, 0x01, 0xf3, 0x09, 0x90, 0x00, 0xa8, 0x0e, 0x40, 0x00, 0x5d, 0x5d, 0x00, 0x00, 0x0e, 0xc8,
    0x00, 0x00, 0x08, 0xf2, 0x00, 0x03, 0x44, 0x44, 0x30, 0x8b, 0xff, 0xd8, 0x03, 0xd5, 0x00, 0x00,
    0xa8, 0x00, 0x00, 0x09, 0xc1, 0x00, 0x00, 0x18, 0xeb, 0xb3, 0x06, 0xc7, 0x44, 0x12, 0xf2, 0x00,
    0x00, 0x4f, 0x10, 0x00, 0x00, 0xda, 0x30, 0x00, 0x03, 0xaf, 0xff, 0x80, 0x00, 0x00, 0x5e, 0x00,
    0x00, 0x04, 0xf0, 0x00, 0x5a, 0xb8, 0x10, 0x06, 0xe8, 0x6c, 0xc0, 0x0e, 0x60, 0x01, 0xe6, 0x4f,
    0x00, 0x00, 0x99, 0x4f, 0x00, 0x00, 0x8b, 0x2f, 0x20, 0x00, 0xc8, 0x0b, 0xc1, 0x07, 0xf2, 0x01,
    0xbf, 0xfe, 0x50, 0x00, 0x01, 0x30, 0x00, 0x8b, 0xbb, 0xbb, 0xbb, 0x36, 0xbd, 0x88, 0xbd, 0x82,
    0x08, 0xb0, 0x08, 0xb0, 0x00, 0x8b, 0x00, 0x8b, 0x00, 0x08, 0xb0, 0x08, 0xb0, 0x00, 0x8b, 0x00,
    0x8b, 0x00, 0x08, 0xb0, 0x07, 0xd0, 0x00, 0x8b, 0x00, 0x2d, 0xf1, 0x00, 0x00, 0x00, 0x00, 0x00,
    0x02, 0x9b, 0x92, 0x03, 0xe9, 0x6a, 0xe2, 0x99, 0x00, 0x0b, 0x9d, 0x50, 0x00, 0x8b, 0xf4, 0x00,
    0x08, 0xbf, 0x80, 0x00, 0x9a, 0xfd, 0x30, 0x4e, 0x5f, 0x7d, 0xff, 0x80, 0xf4, 0x04, 0x10, 0x0f,
    0x40, 0x00, 0x00, 0xb3, 0x00, 0x00, 0x00, 0x00, 0x5a, 0xb7, 0x10, 0x06, 0xe8, 0x6c, 0xc0, 0x0e,
    0x60, 0x01, 0x92, 0x4f, 0x00, 0x00, 0x00, 0x4f, 0x00, 0x00, 0x00, 0x2f, 0x30, 0x00, 0x00, 0x0b,
    0xc3, 0x00, 0x00, 0x01, 0x9e, 0xff, 0x70, 0x00, 0x00, 0x05, 0xf0, 0x00, 0x00, 0x04, 0xf0, 0x00,
    0x48, 0xbb, 0xbb, 0x60, 0x6f, 0x88, 0xda, 0x84, 0x0e, 0x60, 0x01, 0xe3, 0x04, 0xf0, 0x00, 0x09,
    0x80, 0x4f, 0x00, 0x00, 0x8b, 0x02, 0xf2, 0x00, 0x0c, 0x80, 0x0b, 0xc1, 0x07, 0xf2, 0x00, 0x1b,
    0xff, 0xe5, 0x00, 0x00, 0x01, 0x30, 0x00, 0x00, 0x8b, 0xbb, 0xbb, 0x66, 0x89, 0xf8, 0x84, 0x00,
    0x4f, 0x00, 0x00, 0x04, 0xf0, 0x00, 0x00, 0x4f, 0x00, 0x00, 0x04, 0xf0, 0x00, 0x00, 0x4f, 0x10,
    0x00, 0x01, 0xbf, 0x80, 0x00, 0x00, 0x00, 0x00, 0xb3, 0x00, 0x0b, 0x3f, 0x40, 0x00, 0xf4, 0xf4,
    0x00, 0x0f, 0x4f, 0x40, 0x00, 0xf4, 0xf4, 0x00, 0x0f, 0x4e, 0x50, 0x01, 0xf4, 0xac, 0x10, 0x8e,
    0x01, 0xbf, 0xfd, 0x40, 0x00, 0x12, 0x00, 0x00, 0x00, 0x72, 0x08, 0xb8, 0x10, 0x08, 0xc2, 0x7d,
    0x5b, 0xb0, 0x0e, 0x40, 0x8b, 0x02, 0xf3, 0x4f, 0x00, 0x8b, 0x00, 0xd5, 0x4f, 0x00, 0x8b, 0x00,
    0xd5, 0x2f, 0x30, 0x8b, 0x02, 0xf3, 0x08, 0xc2, 0x8b, 0x2c, 0xa0, 0x01, 0x8f, 0xff, 0xf8, 0x10,
    0x00, 0x00, 0x8b, 0x00, 0x00, 0x00, 0x00, 0x8b, 0x00, 0x00, 0x00, 0x00, 0x68, 0x00, 0x00, 0x88,
    0x00, 0x01, 0xa4, 0x6d, 0x80, 0x08, 0xd0, 0x04, 0xe1, 0x1e, 0x40, 0x00, 0xb8, 0x8b, 0x00, 0x00,
    0x4e, 0xe4, 0x00, 0x00, 0x0c, 0xc0, 0x00, 0x00, 0x3f, 0xf2, 0x00, 0x00, 0xb8, 0x99, 0x00, 0x04,
    0xe1, 0x2f, 0x20, 0x0b, 0x80, 0x09, 0xa3, 0x3b, 0x10, 0x01, 0xa8, 0x00, 0x02, 0x80, 0x00, 0x00,
    0x00, 0x4f, 0x00, 0x00, 0xb3, 0x04, 0xf0, 0x06, 0x8f, 0x40, 0x4f, 0x00, 0x8b, 0xf4, 0x04, 0xf0,
    0x08, 0xbf, 0x40, 0x4f, 0x00, 0x8b, 0xe4, 0x04, 0xf0, 0x08, 0xbb, 0x80, 0x4f, 0x00, 0x99, 0x5e,
    0x44, 0xf0, 0x7f, 0x40, 0x7e, 0xff, 0xfe, 0x60, 0x00, 0x05, 0xf1, 0x00, 0x00, 0x00, 0x4f, 0x00,
    0x00, 0x00, 0x03, 0xb0, 0x00, 0x00, 0x00, 0xa6, 0x00, 0x03, 0xb2, 0x00, 0x8d, 0x00, 0x00, 0x08,
    0xb0, 0x0e, 0x60, 0x00, 0x00, 0x1f, 0x34, 0xf1, 0x00, 0xf4, 0x00, 0xb8, 0x4f, 0x00, 0x0f, 0x40,
    0x0b, 0x84, 0xf1, 0x00, 0xf4, 0x00, 0xb8, 0x0e, 0x80, 0x7e, 0xa0, 0x4f, 0x30, 0x3d, 0xfd, 0x4c,
    0xfe, 0x60, 0x00, 0x00, 0x00, 0x00, 0x00, 0x00, 0x00, 0x33, 0x00, 0x09, 0xff, 0x80, 0x3f, 0xff,
    0xf0, 0x3f, 0xff, 0xf0, 0x08, 0xff, 0x60, 0x00, 0x10, 0x00, 0x03, 0xab, 0x80, 0x1e, 0x74, 0xd7,
    0x4e, 0x00, 0x8b, 0x4e, 0x00, 0x8b, 0x2f, 0x51, 0xc8, 0x05, 0xde, 0x91, 0x00, 0x02, 0xd0, 0x14,
    0x04, 0xf0, 0x4f, 0x04, 0xf0, 0x3b, 0x00, 0x00, 0x08, 0xb0, 0x00, 0x6d, 0xf0, 0x03, 0xd3, 0xf0,
    0x1c, 0x50, 0xf0, 0x4f, 0xff, 0xfb, 0x00, 0x03, 0xb0, 0x08, 0xbb, 0xb3, 0x0b, 0x74, 0x41, 0x0e,
    0xab, 0x80, 0x04, 0x32, 0xd7, 0x1b, 0x21, 0xc7, 0x07, 0xde, 0x80, 0x03, 0xab, 0x80, 0x1e, 0x85,
    0xd6, 0x4d, 0x8b, 0x81, 0x4f, 0x41, 0xc7, 0x2f, 0x31, 0xb7, 0x06, 0xde, 0x91, 0x6b, 0xbb, 0xb0,
    0x24, 0x48, 0xe0, 0x00, 0x0d, 0x50, 0x00, 0x8b, 0x00, 0x02, 0xe2, 0x00, 0x08, 0x70, 0x00, 0x05,
    0xab, 0x70, 0x0f, 0x53, 0xd6, 0x0b, 0x88, 0xc2, 0x1c, 0x88, 0xd4, 0x4f, 0x10, 0xaa, 0x08, 0xde,
    0xa1, 0x05, 0xbb, 0x50, 0x3e, 0x55, 0xe4, 0x4d, 0x11, 0xc8, 0x08, 0xea, 0xa8, 0x2b, 0x34, 0xe4,
    0x08, 0xee, 0x80, 0x00, 0x44, 0x00, 0x04, 0x99, 0x40, 0x0b, 0xdd, 0xb0, 0x00, 0x88, 0x00, 0x00,
    0x22, 0x00, 0x04, 0x44, 0x40, 0x0b, 0xbb, 0xb0, 0x00, 0x00, 0xff, 0xff, 0x44, 0x44, 0xbb, 0xbb,
    0x00, 0x04, 0xe1, 0x98, 0x0d, 0x50, 0xf4, 0x0d, 0x50, 0x99, 0x02, 0xa0, 0x00, 0x02, 0xe1, 0x0c,
    0x60, 0x8a, 0x08, 0xb0, 0x8a, 0x0d, 0x62, 0xa0, 0x14, 0x28, 0x20, 0x4f, 0x99, 0xf2, 0x4f, 0x00,
    0xf4, 0x4f, 0x00, 0xf4, 0x3b, 0x00, 0xb3, 0x01, 0x78, 0x40, 0x0c, 0xa8, 0xe5, 0x4f, 0x00, 0x8b,
    0x4d, 0x00, 0x8b, 0x3f, 0x30, 0xa9, 0x08, 0xfd, 0xc2, 0x00, 0x02, 0x00, 0x02, 0x84, 0x3d, 0xd8,
    0x11, 0xb8, 0x00, 0xb8, 0x00, 0xb8, 0x00, 0xb8, 0x00, 0x00, 0x02, 0x88, 0x30, 0x2e, 0x88, 0xf2,
    0x14, 0x01, 0xf3, 0x00, 0x3c, 0x70, 0x05, 0xd5, 0x00, 0x3f, 0xff, 0xf8, 0x00, 0x00, 0x00, 0x02,
    0x88, 0x40, 0x1e, 0x88, 0xe3, 0x00, 0x25, 0xe3, 0x00, 0x6b, 0xb3, 0x28, 0x00, 0xc8, 0x1b, 0xed,
    0xd3, 0x00, 0x02, 0x00, 0x00, 0x05, 0x80, 0x00, 0x4e, 0xf0, 0x01, 0xe4, 0xf0, 0x0b, 0x70, 0xf0,
    0x4f, 0xbb, 0xf8, 0x14, 0x47, 0xf3, 0x00, 0x00, 0x00, 0x06, 0x88, 0x82, 0x0b, 0x98, 0x82, 0x0d,
    0x88, 0x50, 0x08, 0x65, 0xe6, 0x18, 0x10, 0xc8, 0x09, 0xdc, 0xc1, 0x00, 0x11, 0x00, 0x01, 0x78,
    0x40, 0x0c, 0xa8, 0xe4, 0x4e, 0x48, 0x60, 0x4e, 0x75, 0xd6, 0x3f, 0x10, 0x98, 0x08, 0xdc, 0xc2,
    0x00, 0x02, 0x00, 0x48, 0x88, 0x80, 0x48, 0x89, 0xe0, 0x00, 0x0b, 0x80, 0x00, 0x6c, 0x00, 0x01,
    0xe4, 0x00, 0x09, 0x80, 0x00, 0x00, 0x00, 0x00, 0x02, 0x88, 0x40, 0x0e, 0x86, 0xe5, 0x0c, 0x74,
    0xd4, 0x09, 0xcb, 0xc3, 0x4f, 0x00, 0x99, 0x1b, 0xcb, 0xd3, 0x00, 0x02, 0x00, 0x02, 0x88, 0x20,
    0x2e, 0x87, 0xf2, 0x4c, 0x00, 0xc8, 0x1c, 0xcb, 0xb8, 0x28, 0x11, 0xd6, 0x09, 0xff, 0x90, 0x00,
    0x21, 0x00, 0x00, 0x44, 0x00, 0x00, 0x88, 0x00, 0x0f, 0xff, 0xf0, 0x00, 0x88, 0x00, 0x00, 0x44,
    0x00, 0x0f, 0xff, 0xf0, 0x00, 0x00, 0x00, 0xbb, 0xbb, 0x00, 0x00, 0xff, 0xff, 0x2a, 0x08, 0x90,
    0xd5, 0x0f, 0x40, 0xe4, 0x0a, 0x80, 0x4e, 0x10, 0x00, 0x2a, 0x00, 0xd5, 0x08, 0x90, 0x8b, 0x08,
    0xb0, 0xc7, 0x2e, 0x10, 0x00, 0x00, 0x42, 0x02, 0xd9, 0xd8, 0x03, 0x8a, 0xb7, 0xc4, 0x7b, 0x5e,
    0xbb, 0xb0, 0x12, 0x00, 0x00, 0x33, 0x00, 0x1c, 0xcc, 0xb0, 0x6e, 0x88, 0xf4, 0x6d, 0x44, 0x51,
    0x1b, 0xcc, 0xb1, 0x00, 0x12, 0x00, 0x00, 0x33, 0x00, 0x1c, 0xcc, 0xc1, 0x6d, 0x00, 0xd6, 0x6d,
    0x00, 0xd5, 0x0b, 0xdd, 0xb0, 0x00, 0x11, 0x00, 0x23, 0x00, 0x41, 0x2e, 0x49, 0xa0, 0x05, 0xed,
    0x10, 0x08, 0xce, 0x20, 0x4e, 0x27, 0xc0, 0x00, 0x00, 0x00, 0x04, 0x9a, 0x50, 0x0c, 0x88, 0xe5,
    0x28, 0x88, 0xca, 0x4f, 0xbb, 0xdb, 0x1e, 0x52, 0xd7, 0x06, 0xdf, 0x80, 0x28, 0x00, 0x00, 0x4f,
    0x04, 0x10, 0x4f, 0xac, 0xe1, 0x4f, 0x00, 0xf4, 0x4f, 0x00, 0xf4, 0x4f, 0x00, 0xf4, 0x00, 0x00,
    0x00, 0x28, 0x00, 0x00, 0x4f, 0x01, 0x41, 0x4f, 0x1c, 0x90, 0x4f, 0xca, 0x00, 0x4f, 0x8e, 0x10,
    0x4f, 0x09, 0xc1, 0x00, 0x00, 0x00, 0x28, 0x4f, 0x4f, 0x4f, 0x4f, 0x4f, 0x00, 0x14, 0x14, 0x01,
    0x40, 0x4f, 0xbd, 0x9b, 0xdb, 0x4f, 0x04, 0xf0, 0x4f, 0x4f, 0x04, 0xf0, 0x4f, 0x4f, 0x04, 0xf0,
    0x4f, 0x00, 0x00, 0x00, 0x00, 0x14, 0x04, 0x10, 0x4f, 0xac, 0xe1, 0x4f, 0x00, 0xf4, 0x4f, 0x00,
    0xf4, 0x4f, 0x00, 0xf4, 0x00, 0x00, 0x00, 0x14, 0x04, 0x10, 0x4f, 0xac, 0xe2, 0x4f, 0x10, 0xc8,
    0x4f, 0x10, 0xc8, 0x4f, 0xbc, 0xd2, 0x4f, 0x00, 0x00, 0x28, 0x00, 0x00, 0x00, 0x42, 0x02, 0xe9,
    0xd8, 0x3f, 0x86, 0x11, 0x55, 0xad, 0x2d, 0xbd, 0x80, 0x03, 0x00, 0x04, 0x00, 0x3f, 0x40, 0x8f,
    0xb0, 0x0f, 0x00, 0x0f, 0x00, 0x0e, 0xc0, 0x00, 0x20, 0x00, 0x00, 0x96, 0x00, 0x00, 0x00, 0x00,
    0x9e, 0x30, 0x00, 0x00, 0x00, 0x9c, 0x30, 0x00, 0x00, 0x00, 0x9c, 0x10, 0x00, 0x00, 0x00, 0x6f,
    0xef, 0xff, 0xff, 0xff, 0x80, 0x9a, 0x10, 0x00, 0x00, 0x00, 0x00, 0x9c, 0x10, 0x00, 0x00, 0x00,
    0x00, 0x9c, 0x10, 0x00, 0x00, 0x00, 0x00, 0x95, 0x00, 0x00, 0x00, 0x00, 0x00, 0x20, 0x00, 0x00,
    0x00, 0x03, 0xe9, 0x00, 0x00, 0x00, 0x3e, 0xdc, 0x90, 0x00, 0x03, 0xe8, 0xb7, 0xc9, 0x00, 0x3e,
    0x90, 0xb8, 0x1c, 0x90, 0x38, 0x00, 0xb8, 0x01, 0x91, 0x00, 0x00, 0xb8, 0x00, 0x00, 0x00, 0x00,
    0xb8, 0x00, 0x00, 0x00, 0x00, 0xb8, 0x00, 0x00, 0x00, 0x00, 0xb8, 0x00, 0x00, 0x00, 0x00, 0xb8,
    0x00, 0x00, 0x00, 0x00, 0x01, 0x91, 0x00, 0x00, 0x00, 0x00, 0x09, 0xc1, 0x00, 0x00, 0x00, 0x00,
    0x09, 0xc1, 0x00, 0x00, 0x00, 0x00, 0x08, 0xc1, 0x4f, 0xff, 0xff, 0xff, 0xfe, 0xb0, 0x00, 0x00,
    0x00, 0x06, 0xe3, 0x00, 0x00, 0x00, 0x09, 0xe3, 0x00, 0x00, 0x00, 0x09, 0xe3, 0x00, 0x00, 0x00,
    0x01, 0xb3, 0x00, 0x00, 0x00, 0x00, 0x32, 0x00, 0x00, 0x00, 0x00, 0xb8, 0x00, 0x00, 0x00, 0x00,
    0xb8, 0x00, 0x00, 0x00, 0x00, 0xb8, 0x00, 0x00, 0x00, 0x00, 0xb8, 0x00, 0x00, 0x00, 0x00, 0xb8,
    0x00, 0x00, 0x5c, 0x10, 0xb8, 0x03, 0xd2, 0x1c, 0xb0, 0xb8, 0x3e, 0x90, 0x01, 0xc9, 0xb7, 0xd9,
    0x00, 0x00, 0x1c, 0xde, 0x90, 0x00, 0x00, 0x01, 0xc9, 0x00, 0x00, 0x00, 0x00, 0x10, 0x00, 0x00,
    0x00, 0x00, 0x96, 0x00, 0x00, 0x06, 0x60, 0x00, 0x00, 0x00, 0x9e, 0x30, 0x00, 0x00, 0x3e, 0x60,
    0x00, 0x00, 0x9c, 0x30, 0x00, 0x00, 0x00, 0x3e, 0x60, 0x00, 0x9c, 0x10, 0x00, 0x00, 0x00, 0x00,
    0x3d, 0x60, 0x6f, 0xef, 0xff, 0xff, 0xff, 0xff, 0xff, 0xef, 0x20, 0x9a, 0x10, 0x00, 0x00, 0x00,
    0x00, 0x3c, 0x60, 0x00, 0x9c, 0x10, 0x00, 0x00, 0x00, 0x3e, 0x60, 0x00, 0x00, 0x9c, 0x10, 0x00,
    0x00, 0x3e, 0x60, 0x00, 0x00, 0x00, 0x95, 0x00, 0x00, 0x08, 0x60, 0x00, 0x00, 0x00, 0x00, 0x31,
    0x00, 0x00, 0x00, 0x03, 0xec, 0x10, 0x00, 0x00, 0x3e, 0xbc, 0xc1, 0x00, 0x03, 0xe6, 0xb7, 0xac,
    0x10, 0x3e, 0x60, 0xb8, 0x1c, 0xc1, 0x36, 0x00, 0xb8, 0x01, 0x91, 0x00, 0x00, 0xb8, 0x00, 0x00,
    0x00, 0x00, 0xb8, 0x00, 0x00, 0x00, 0x00, 0xb8, 0x00, 0x00, 0x00, 0x00, 0xb8, 0x00, 0x00, 0x00,
    0x00, 0xb8, 0x00, 0x00, 0x36, 0x00, 0xb8, 0x00, 0x60, 0x3e, 0x60, 0xb8, 0x09, 0xc1, 0x03, 0xe6,
    0xb8, 0x9c, 0x10, 0x00, 0x3d, 0xca, 0xc1, 0x00, 0x00, 0x03, 0xec, 0x10, 0x00, 0x00, 0x00, 0x31,
    0x00, 0x00, 0x3b, 0xbb, 0xbb, 0xb0, 0x04, 0xfc, 0x88, 0x88, 0x00, 0x4c, 0xc9, 0x00, 0x00, 0x04,
    0xb1, 0xc9, 0x00, 0x00, 0x4b, 0x01, 0xc9, 0x00, 0x04, 0xb0, 0x01, 0xc9, 0x00, 0x38, 0x00, 0x01,
    0xc9, 0x00, 0x00, 0x00, 0x01, 0xb2, 0x03, 0xbb, 0xbb, 0xbb, 0x30, 0x28, 0x88, 0x8c, 0xf4, 0x00,
    0x00, 0x1c, 0xbd, 0x40, 0x00, 0x1c, 0xc1, 0xf4, 0x00, 0x1c, 0xc1, 0x0f, 0x40, 0x1c, 0xc1, 0x00,
    0xf4, 0x1c, 0xc1, 0x00, 0x0b, 0x33, 0xb1, 0x00, 0x00, 0x00, 0x15, 0x00, 0x00, 0x00, 0x03, 0xe6,
    0x00, 0x00, 0x41, 0x03, 0xe6, 0x00, 0x0f, 0x40, 0x03, 0xe6, 0x00, 0xf4, 0x00, 0x03, 0xe6, 0x0f,
    0x40, 0x00, 0x03, 0xe6, 0xe4, 0x01, 0x44, 0x23, 0xdd, 0x40, 0x4f, 0xff, 0xff, 0xf4, 0x00, 0x00,
    0x00, 0x06, 0x01, 0x30, 0x00, 0x09, 0xe2, 0x4b, 0x00, 0x09, 0xe3, 0x04, 0xb0, 0x09, 0xe3, 0x00,
    0x4b, 0x09, 0xe3, 0x00, 0x04, 0xb9, 0xe3, 0x00, 0x00, 0x4e, 0xc2, 0x24, 0x40, 0x04, 0xff, 0xff,
    0xff, 0x00, 0x34, 0x44, 0x44, 0x18, 0xbb, 0xbb, 0xb3, 0x00, 0x00, 0x00, 0x03, 0x44, 0x44, 0x41,
    0xbf, 0xff, 0xff, 0x40, 0x00, 0x00, 0x00, 0x00, 0x00, 0x00, 0x0b, 0xff, 0xff, 0xf4, 0x00, 0x00,
    0x00, 0x00, 0x40, 0x00, 0x00, 0x00, 0x00, 0x00, 0xbb, 0x30, 0x00, 0x00, 0x00, 0x00, 0xbf, 0xf8,
    0x10, 0x00, 0x00, 0x00, 0xbf, 0xff, 0xe7, 0x00, 0x00, 0x00, 0xbf, 0xff, 0xff, 0xc4, 0x00, 0x00,
    0xbf, 0xff, 0xff, 0xff, 0x92, 0x00, 0xbf, 0xff, 0xff, 0xff, 0xfe, 0x80, 0xbf, 0xff, 0xff, 0xff,
    0xfd, 0x40, 0xbf, 0xff, 0xff, 0xfe, 0x80, 0x00, 0xbf, 0xff, 0xff, 0x92, 0x00, 0x00, 0xbf, 0xff,
    0xc4, 0x00, 0x00, 0x00, 0xbf, 0xe6, 0x00, 0x00, 0x00, 0x00, 0xb8, 0x10, 0x00, 0x00, 0x00, 0x00,
    0x10, 0x00, 0x00, 0x00, 0x00, 0x00, 0x40, 0x00, 0x00, 0x00, 0x00, 0x00, 0xbb, 0x30, 0x00, 0x00,
    0x00, 0x00, 0xbd, 0xf8, 0x10, 0x00, 0x00, 0x00, 0xb8, 0x2b, 0xe7, 0x00, 0x00, 0x00, 0xb8, 0x00,
    0x5d, 0xc4, 0x00, 0x00, 0xb8, 0x00, 0x01, 0x8e, 0x92, 0x00, 0xb8, 0x00, 0x00, 0x02, 0xae, 0x80,
    0xb8, 0x00, 0x00, 0x04, 0xdd, 0x40, 0xb8, 0x00, 0x02, 0xae, 0x80, 0x00, 0xb8, 0x01, 0x8e, 0x92,
    0x00, 0x00, 0xb8, 0x5d, 0xc4, 0x00, 0x00, 0x00, 0xbe, 0xe6, 0x00, 0x00, 0x00, 0x00, 0xb8, 0x10,
    0x00, 0x00, 0x00, 0x00, 0x10, 0x00, 0x00, 0x00, 0x00, 0x00, 0x00, 0x00, 0x44, 0x40, 0x00, 0x00,
    0x08, 0xef, 0xff, 0xd5, 0x00, 0x09, 0xff, 0xff, 0xff, 0xf6, 0x04, 0xff, 0xff, 0xff, 0xff, 0xe2,
    0xaf, 0xff, 0xff, 0xff, 0xff, 0x7b, 0xff, 0xff, 0xff, 0xff, 0xf9, 0xbf, 0xff, 0xff, 0xff, 0xff,
    0x99, 0xff, 0xff, 0xff, 0xff, 0xf6, 0x2f, 0xff, 0xff, 0xff, 0xfe, 0x10, 0x6f, 0xff, 0xff, 0xfe,
    0x30, 0x00, 0x4c, 0xff, 0xfa, 0x30, 0x00, 0x00, 0x01, 0x40, 0x00, 0x00,
};

static const prim_glyph_t ui_font_sans_14_glyphs[] = {
    {32, 0, 0, 0, 0, 0, 4},
    {33, 0, 2, 12, 1, 11, 4},
    {34, 12, 5, 5, 1, 11, 7},
    {35, 25, 9, 11, 0, 11, 9},
    {36, 75, 9, 14, 0, 12, 9},
    {37, 138, 12, 12, 1, 11, 14},
    {38, 210, 9, 12, 0, 11, 9},
    {39, 264, 2, 5, 1, 11, 4},
    {40, 269, 4, 13, 1, 11, 5},
    {41, 295, 4, 13, 0, 11, 5},
    {42, 321, 7, 7, 0, 11, 7},
    {43, 346, 7, 8, 1, 8, 9},
    {44, 374, 3, 5, 0, 2, 4},
    {45, 382, 6, 2, 0, 5, 6},
    {46, 388, 2, 3, 1, 2, 4},
    {47, 391, 5, 13, 0, 11, 5},
    {48, 424, 8, 12, 0, 11, 9},
    {49, 472, 5, 11, 0, 11, 6},
    {50, 500, 7, 11, 1, 11, 9},
    {51, 539, 8, 12, 0, 11, 9},
    {52, 587, 9, 11, 0, 11, 9},
    {53, 637, 8, 12, 0, 11, 8},
    {54, 685, 8, 12, 0, 11, 9},
    {55, 733, 8, 11, 0, 11, 8},
    {56, 777, 8, 12, 0, 11, 9},
    {57, 825, 8, 12, 0, 11, 9},
    {58, 873, 2, 9, 1, 8, 4},
    {59, 882, 4, 11, 0, 8, 4},
    {60, 904, 7, 8, 1, 8, 9},
    {61, 932, 7, 6, 1, 7, 9},
    {62, 953, 8, 8, 1, 8, 9},
    {63, 985, 7, 12, 0, 11, 7},
    {64, 1027, 13, 13, 0, 10, 14},
    {65, 1112, 10, 11, 0, 11, 10},
    {66, 1167, 8, 11, 1, 11, 9},
    {67, 1211, 10, 12, 0, 11, 10},
    {68, 1271, 9, 11, 1, 11, 10},
    {69, 1321, 7, 11, 1, 11, 8},
    {70, 1360, 7, 11, 1, 11, 8},
    {71, 1399, 10, 12, 0, 11, 10},
    {72, 1459, 9, 11, 1, 11, 10},
    {73, 1509, 2, 11, 1, 11, 4},
    {74, 1520, 7, 12, 0, 11, 8},
    {75, 1562, 9, 11, 1, 11, 9},
    {76, 1612, 7, 11, 1, 11, 8},
    {77, 1651, 11, 11, 1, 11, 13},
    {78, 1712, 9, 11, 1, 11, 11},
    {79, 1762, 10, 12, 0, 11, 11},
    {80, 1822, 8, 11, 1, 11, 9},
    {81, 1866, 10, 12, 0, 11, 11},
    {82, 1926, 8, 11, 1, 11, 9},
    {83, 1970, 9, 12, 0, 11, 9},
    {84, 2024, 9, 11, 0, 11, 9},
    {85, 2074, 9, 12, 1, 11, 10},
    {86, 2128, 10, 11, 0, 11, 10},
    {87, 2183, 14, 11, 0, 11, 14},
    {88, 2260, 10, 11, 0, 11, 10},
    {89, 2315, 10, 11, 0, 11, 10},
    {90, 2370, 8, 11, 0, 11, 9},
    {91, 2414, 4, 13, 1, 11, 5},
    {92, 2440, 5, 13, 0, 11, 5},
    {93, 2473, 4, 13, 0, 11, 5},
    {94, 2499, 7, 5, 0, 10, 7},
    {95, 2517, 7, 2, 0, 0, 6},
    {96, 2524, 3, 3, 1, 11, 5},
    {97, 2529, 7, 9, 0, 8, 8},
    {98, 2561, 7, 12, 1, 11, 9},
    {99, 2603, 8, 9, 0, 8, 8},
    {100, 2639, 8, 12, 0, 11, 9},
    {101, 2687, 8, 9, 0, 8, 8},
    {102, 2723, 5, 11, 0, 11, 5},
    {103, 2751, 8, 12, 0, 8, 9},
    {104, 2799, 7, 11, 1, 11, 8},
    {105, 2838, 3, 11, 0, 11, 3},
    {106, 2855, 4, 14, -1, 11, 3},
    {107, 2883, 7, 11, 1, 11, 8},
    {108, 2922, 2, 11, 1, 11, 3},
    {109, 2933, 11, 8, 1, 8, 12},
    {110, 2977, 7, 8, 1, 8, 8},
    {111, 3005, 8, 9, 0, 8, 8},
    {112, 3041, 7, 11, 1, 8, 9},
    {113, 3080, 8, 11, 0, 8, 9},
    {114, 3124, 4, 8, 1, 8, 5},
    {115, 3140, 7, 9, 0, 8, 7},
    {116, 3172, 5, 11, 0, 10, 5},
    {117, 3200, 7, 9, 1, 8, 8},
    {118, 3232, 8, 8, 0, 8, 8},
    {119, 3264, 11, 8, 0, 8, 11},
    {120, 3308, 8, 8, 0, 8, 8},
    {121, 3340, 8, 11, 0, 8, 8},
    {122, 3384, 7, 8, 0, 8, 8},
    {123, 3412, 6, 13, 0, 11, 6},
    {124, 3451, 2, 18, 1, 14, 5},
    {125, 3469, 5, 13, 0, 11, 6},
    {126, 3502, 8, 4, 1, 6, 9},
    {160, 3518, 0, 0, 0, 0, 4},
    {161, 3518, 2, 11, 1, 8, 4},
    {162, 3529, 8, 11, 0, 11, 8},
    {163, 3573, 8, 11, 0, 11, 9},
    {164, 3617, 10, 10, 0, 9, 10},
    {165, 3667, 8, 11, 0, 11, 8},
    {166, 3711, 2, 13, 1, 11, 4},
    {167, 3724, 8, 14, 0, 11, 8},
    {168, 3780, 6, 3, 1, 11, 8},
    {169, 3789, 11, 12, 1, 11, 13},
    {170, 3855, 6, 7, 0, 11, 6},
    {171, 3876, 8, 8, 0, 8, 8},
    {172, 3908, 7, 4, 1, 6, 9},
    {173, 3922, 6, 2, 1, 6, 8},
    {174, 3928, 9, 9, 0, 11, 9},
    {175, 3969, 5, 2, 1, 11, 7},
    {176, 3974, 6, 6, 0, 11, 6},
    {177, 3992, 7, 8, 1, 8, 9},
    {178, 4020, 6, 6, 0, 12, 6},
    {179, 4038, 6, 6, 0, 12, 6},
    {180, 4056, 3, 3, 1, 11, 5},
    {181, 4061, 8, 11, 1, 8, 8},
    {182, 4105, 8, 11, 0, 11, 8},
    {183, 4149, 2, 3, 1, 6, 4},
    {184, 4152, 3, 4, 1, 1, 4},
    {185, 4158, 4, 6, 0, 12, 4},
    {186, 4170, 7, 7, 0, 11, 7},
    {187, 4195, 8, 8, 0, 8, 8},
    {188, 4227, 11, 11, 0, 11, 11},
    {189, 4288, 12, 11, 0, 11, 12},
    {190, 4354, 12, 11, 0, 11, 12},
    {191, 4420, 7, 11, 0, 8, 7},
    {192, 4459, 10, 14, 0, 14, 10},
    {193, 4529, 10, 14, 0, 14, 10},
    {194, 4599, 10, 14, 0, 14, 10},
    {195, 4669, 10, 13, 0, 13, 10},
    {196, 4734, 10, 14, 0, 14, 10},
    {197, 4804, 10, 14, 0, 14, 10},
    {198, 4874, 13, 11, 0, 11, 14},
    {199, 4946, 10, 14, 0, 11, 10},
    {200, 5016, 7, 14, 1, 14, 8},
    {201, 5065, 7, 14, 1, 14, 8},
    {202, 5114, 7, 14, 1, 14, 8},
    {203, 5163, 7, 14, 1, 14, 8},
    {204, 5212, 3, 14, 0, 14, 4},
    {205, 5233, 3, 14, 1, 14, 4},
    {206, 5254, 6, 14, -1, 14, 4},
    {207, 5296, 6, 14, -1, 14, 4},
    {208, 5338, 10, 11, 0, 11, 10},
    {209, 5393, 9, 13, 1, 13, 11},
    {210, 5452, 10, 15, 0, 14, 11},
    {211, 5527, 10, 15, 0, 14, 11},
    {212, 5602, 10, 15, 0, 14, 11},
    {213, 5677, 10, 14, 0, 13, 11},
    {214, 5747, 10, 15, 0, 14, 11},
    {215, 5822, 7, 8, 1, 8, 9},
    {216, 5850, 10, 12, 0, 11, 11},
    {217, 5910, 9, 15, 1, 14, 10},
    {218, 5978, 9, 15, 1, 14, 10},
    {219, 6046, 9, 15, 1, 14, 10},
    {220, 6114, 9, 15, 1, 14, 10},
    {221, 6182, 10, 14, 0, 14, 10},
    {222, 6252, 7, 11, 1, 11, 9},
    {223, 6291, 7, 11, 1, 11, 9},
    {224, 6330, 7, 12, 0, 11, 8},
    {225, 6372, 7, 12, 0, 11, 8},
    {226, 6414, 7, 12, 0, 11, 8},
    {227, 6456, 7, 12, 0, 11, 8},
    {228, 6498, 7, 12, 0, 11, 8},
    {229, 6540, 7, 13, 0, 12, 8},
    {230, 6586, 13, 9, 0, 8, 13},
    {231, 6645, 8, 11, 0, 8, 8},
    {232, 6689, 8, 12, 0, 11, 8},
    {233, 6737, 8, 12, 0, 11, 8},
    {234, 6785, 8, 12, 0, 11, 8},
    {235, 6833, 8, 12, 0, 11, 8},
    {236, 6881, 4, 11, -1, 11, 3},
    {237, 6903, 3, 11, 1, 11, 3},
    {238, 6920, 5, 11, -1, 11, 3},
    {239, 6948, 5, 11, -1, 11, 3},
    {240, 6976, 8, 12, 0, 11, 8},
    {241, 7024, 7, 11, 1, 11, 8},
    {242, 7063, 8, 12, 0, 11, 8},
    {243, 7111, 8, 12, 0, 11, 8},
    {244, 7159, 8, 12, 0, 11, 8},
    {245, 7207, 8, 12, 0, 11, 8},
    {246, 7255, 8, 12, 0, 11, 8},
    {247, 7303, 7, 8, 1, 8, 9},
    {248, 7331, 8, 9, 0, 8, 8},
    {249, 7367, 7, 12, 1, 11, 8},
    {250, 7409, 7, 12, 1, 11, 8},
    {251, 7451, 7, 12, 1, 11, 8},
    {252, 7493, 7, 12, 1, 11, 8},
    {253, 7535, 8, 14, 0, 11, 8},
    {254, 7591, 7, 14, 1, 11, 9},
    {255, 7640, 8, 14, 0, 11, 8},
    {256, 7696, 10, 13, 0, 13, 10},
    {257, 7761, 7, 12, 0, 11, 8},
    {258, 7803, 10, 14, 0, 14, 10},
    {259, 7873, 7, 12, 0, 11, 8},
    {260, 7915, 10, 14, 0, 11, 10},
    {261, 7985, 8, 11, 0, 8, 8},
    {262, 8029, 10, 15, 0, 14, 10},
    {263, 8104, 8, 12, 0, 11, 8},
    {264, 8152, 10, 15, 0, 14, 10},
    {265, 8227, 8, 12, 0, 11, 8},
    {266, 8275, 10, 15, 0, 14, 10},
    {267, 8350, 8, 12, 0, 11, 8},
    {268, 8398, 10, 15, 0, 14, 10},
    {269, 8473, 8, 12, 0, 11, 8},
    {270, 8521, 9, 14, 1, 14, 10},
    {271, 8584, 10, 12, 0, 11, 10},
    {272, 8644, 10, 11, 0, 11, 10},
    {273, 8699, 9, 12, 0, 11, 9},
    {274, 8753, 7, 13, 1, 13, 8},
    {275, 8799, 8, 12, 0, 11, 8},
    {276, 8847, 7, 14, 1, 14, 8},
    {277, 8896, 8, 12, 0, 11, 8},
    {278, 8944, 7, 14, 1, 14, 8},
    {279, 8993, 8, 12, 0, 11, 8},
    {280, 9041, 7, 14, 1, 11, 8},
    {281, 9090, 8, 11, 0, 8, 8},
    {282, 9134, 7, 14, 1, 14, 8},
    {283, 9183, 8, 12, 0, 11, 8},
    {284, 9231, 10, 15, 0, 14, 10},
    {285, 9306, 8, 15, 0, 11, 9},
    {286, 9366, 10, 15, 0, 14, 10},
    {287, 9441, 8, 15, 0, 11, 9},
    {288, 9501, 10, 15, 0, 14, 10},
    {289, 9576, 8, 15, 0, 11, 9},
    {290, 9636, 10, 15, 0, 11, 10},
    {291, 9711, 8, 16, 0, 12, 9},
    {292, 9775, 9, 14, 1, 14, 10},
    {293, 9838, 9, 14, -1, 14, 8},
    {294, 9901, 11, 11, 0, 11, 11},
    {295, 9962, 8, 11, 0, 11, 8},
    {296, 10006, 5, 13, -1, 13, 4},
    {297, 10039, 5, 11, -1, 11, 3},
    {298, 10067, 5, 13, -1, 13, 4},
    {299, 10100, 5, 11, -1, 11, 3},
    {300, 10128, 5, 14, -1, 14, 4},
    {301, 10163, 5, 11, -1, 11, 3},
    {302, 10191, 3, 14, 0, 11, 4},
    {303, 10212, 4, 14, -1, 11, 3},
    {304, 10240, 2, 14, 1, 14, 4},
    {305, 10254, 2, 8, 1, 8, 3},
    {306, 10262, 10, 12, 1, 11, 12},
    {307, 10322, 6, 14, 0, 11, 7},
    {308, 10364, 9, 15, 0, 14, 8},
    {309, 10432, 5, 14, -1, 11, 3},
    {310, 10467, 9, 15, 1, 11, 9},
    {311, 10535, 7, 15, 1, 11, 8},
    {312, 10588, 7, 8, 1, 8, 7},
    {313, 10616, 7, 14, 1, 14, 8},
    {314, 10665, 3, 14, 1, 14, 3},
    {315, 10686, 7, 15, 1, 11, 8},
    {316, 10739, 3, 15, 0, 11, 3},
    {317, 10762, 7, 11, 1, 11, 8},
    {318, 10801, 4, 11, 1, 11, 5},
    {319, 10823, 7, 11, 1, 11, 8},
    {320, 10862, 5, 11, 1, 11, 5},
    {321, 10890, 8, 11, 0, 11, 8},
    {322, 10934, 5, 11, -1, 11, 3},
    {323, 10962, 9, 14, 1, 14, 11},
    {324, 11025, 7, 11, 1, 11, 8},
    {325, 11064, 9, 15, 1, 11, 11},
    {326, 11132, 7, 12, 1, 8, 8},
    {327, 11174, 9, 14, 1, 14, 11},
    {328, 11237, 7, 11, 1, 11, 8},
    {329, 11276, 9, 12, -1, 12, 8},
    {330, 11330, 9, 14, 1, 11, 11},
    {331, 11393, 7, 11, 1, 8, 8},
    {332, 11432, 10, 14, 0, 13, 11},
    {333, 11502, 8, 12, 0, 11, 8},
    {334, 11550, 10, 15, 0, 14, 11},
    {335, 11625, 8, 12, 0, 11, 8},
    {336, 11673, 10, 15, 0, 14, 11},
    {337, 11748, 8, 12, 0, 11, 8},
    {338, 11796, 14, 11, 0, 11, 14},
    {339, 11873, 14, 9, 0, 8, 14},
    {340, 11936, 8, 14, 1, 14, 9},
    {341, 11992, 4, 11, 1, 11, 5},
    {342, 12014, 8, 15, 1, 11, 9},
    {343, 12074, 5, 12, 0, 8, 5},
    {344, 12104, 8, 14, 1, 14, 9},
    {345, 12160, 6, 11, 0, 11, 5},
    {346, 12193, 9, 15, 0, 14, 9},
    {347, 12261, 7, 12, 0, 11, 7},
    {348, 12303, 9, 15, 0, 14, 9},
    {349, 12371, 7, 12, 0, 11, 7},
    {350, 12413, 9, 14, 0, 11, 9},
    {351, 12476, 7, 11, 0, 8, 7},
    {352, 12515, 9, 15, 0, 14, 9},
    {353, 12583, 7, 12, 0, 11, 7},
    {354, 12625, 9, 14, 0, 11, 9},
    {355, 12688, 5, 13, 0, 10, 5},
    {356, 12721, 9, 14, 0, 14, 9},
    {357, 12784, 5, 13, 0, 12, 5},
    {358, 12817, 9, 11, 0, 11, 9},
    {359, 12867, 5, 11, 0, 10, 5},
    {360, 12895, 9, 14, 1, 13, 10},
    {361, 12958, 7, 12, 1, 11, 8},
    {362, 13000, 9, 14, 1, 13, 10},
    {363, 13063, 7, 12, 1, 11, 8},
    {364, 13105, 9, 15, 1, 14, 10},
    {365, 13173, 7, 12, 1, 11, 8},
    {366, 13215, 9, 15, 1, 14, 10},
    {367, 13283, 7, 13, 1, 12, 8},
    {368, 13329, 9, 15, 1, 14, 10},
    {369, 13397, 7, 12, 1, 11, 8},
    {370, 13439, 9, 14, 1, 11, 10},
    {371, 13502, 7, 11, 1, 8, 8},
    {372, 13541, 14, 14, 0, 14, 14},
    {373, 13639, 11, 11, 0, 11, 11},
    {374, 13700, 10, 14, 0, 14, 10},
    {375, 13770, 8, 14, 0, 11, 8},
    {376, 13826, 10, 14, 0, 14, 10},
    {377, 13896, 8, 14, 0, 14, 9},
    {378, 13952, 7, 11, 0, 11, 8},
    {379, 13991, 8, 14, 0, 14, 9},
    {380, 14047, 7, 11, 0, 11, 8},
    {381, 14086, 8, 14, 0, 14, 9},
    {382, 14142, 7, 11, 0, 11, 8},
    {383, 14181, 4, 11, 1, 11, 4},
    {913, 14203, 10, 11, 0, 11, 10},
    {914, 14258, 8, 11, 1, 11, 9},
    {915, 14302, 7, 11, 1, 11, 8},
    {916, 14341, 10, 11, 0, 11, 10},
    {917, 14396, 7, 11, 1, 11, 8},
    {918, 14435, 8, 11, 0, 11, 9},
    {919, 14479, 9, 11, 1, 11, 10},
    {920, 14529, 10, 12, 0, 11, 11},
    {921, 14589, 2, 11, 1, 11, 4},
    {922, 14600, 9, 11, 1, 11, 9},
    {923, 14650, 10, 11, 0, 11, 10},
    {924, 14705, 11, 11, 1, 11, 13},
    {925, 14766, 9, 11, 1, 11, 11},
    {926, 14816, 9, 11, 0, 11, 9},
    {927, 14866, 10, 12, 0, 11, 11},
    {928, 14926, 9, 11, 1, 11, 10},
    {929, 14976, 8, 11, 1, 11, 9},
    {931, 15020, 9, 11, 0, 11, 10},
    {932, 15070, 9, 11, 0, 11, 9},
    {933, 15120, 10, 11, 0, 11, 10},
    {934, 15175, 12, 12, 0, 11, 12},
    {935, 15247, 10, 11, 0, 11, 10},
    {936, 15302, 11, 11, 1, 11, 12},
    {937, 15363, 10, 11, 0, 11, 11},
    {938, 15418, 6, 14, -1, 14, 4},
    {939, 15460, 10, 14, 0, 14, 10},
    {940, 15530, 9, 12, 0, 11, 9},
    {941, 15584, 7, 12, 0, 11, 8},
    {942, 15626, 7, 14, 1, 11, 8},
    {943, 15675, 3, 12, 1, 11, 4},
    {944, 15693, 7, 14, 1, 13, 8},
    {945, 15742, 9, 9, 0, 8, 9},
    {946, 15783, 7, 14, 1, 11, 8},
    {947, 15832, 8, 11, 0, 8, 8},
    {948, 15876, 8, 12, 0, 11, 8},
    {949, 15924, 7, 9, 0, 8, 8},
    {950, 15956, 7, 13, 0, 11, 7},
    {951, 16002, 7, 11, 1, 8, 8},
    {952, 16041, 8, 12, 0, 11, 9},
    {953, 16089, 3, 9, 1, 8, 4},
    {954, 16103, 7, 8, 1, 8, 7},
    {955, 16131, 9, 12, 0, 11, 9},
    {956, 16185, 8, 11, 1, 8, 8},
    {957, 16229, 8, 8, 0, 8, 8},
    {958, 16261, 7, 13, 0, 11, 8},
    {959, 16307, 8, 9, 0, 8, 8},
    {960, 16343, 9, 9, 0, 8, 8},
    {961, 16384, 7, 11, 1, 8, 9},
    {962, 16423, 8, 10, 0, 8, 8},
    {963, 16463, 9, 9, 0, 8, 9},
    {964, 16504, 7, 9, 0, 8, 7},
    {965, 16536, 7, 9, 1, 8, 8},
    {966, 16568, 10, 11, 0, 8, 10},
    {967, 16623, 8, 11, 0, 8, 8},
    {968, 16667, 9, 13, 1, 10, 11},
    {969, 16726, 11, 9, 0, 8, 11},
    {8226, 16776, 6, 6, 1, 7, 8},
    {8304, 16794, 6, 6, 0, 12, 6},
    {8305, 16812, 3, 7, 0, 13, 3},
    {8308, 16823, 6, 6, 0, 12, 6},
    {8309, 16841, 6, 6, 0, 12, 6},
    {8310, 16859, 6, 6, 0, 12, 6},
    {8311, 16877, 6, 6, 0, 12, 6},
    {8312, 16895, 6, 6, 0, 12, 6},
    {8313, 16913, 6, 6, 0, 12, 6},
    {8314, 16931, 6, 5, 0, 11, 6},
    {8315, 16946, 6, 2, 0, 10, 6},
    {8316, 16952, 4, 4, 1, 11, 6},
    {8317, 16960, 3, 8, 1, 13, 4},
    {8318, 16972, 3, 8, 0, 13, 4},
    {8319, 16984, 6, 5, 0, 11, 6},
    {8320, 16999, 6, 7, 0, 4, 6},
    {8321, 17020, 4, 7, 0, 4, 4},
    {8322, 17034, 6, 7, 0, 4, 6},
    {8323, 17055, 6, 7, 0, 4, 6},
    {8324, 17076, 6, 7, 0, 4, 6},
    {8325, 17097, 6, 7, 0, 4, 6},
    {8326, 17118, 6, 7, 0, 4, 6},
    {8327, 17139, 6, 7, 0, 4, 6},
    {8328, 17160, 6, 7, 0, 4, 6},
    {8329, 17181, 6, 7, 0, 4, 6},
    {8330, 17202, 6, 5, 0, 3, 6},
    {8331, 17217, 6, 2, 0, 1, 6},
    {8332, 17223, 4, 3, 1, 2, 6},
    {8333, 17229, 3, 8, 1, 4, 4},
    {8334, 17241, 3, 8, 0, 4, 4},
    {8336, 17253, 5, 6, 0, 3, 6},
    {8337, 17268, 6, 6, 0, 3, 6},
    {8338, 17286, 6, 6, 0, 3, 6},
    {8339, 17304, 6, 6, 0, 3, 6},
    {8340, 17322, 6, 6, 0, 3, 6},
    {8341, 17340, 6, 7, 0, 4, 6},
    {8342, 17361, 6, 7, 0, 4, 6},
    {8343, 17382, 2, 7, 0, 4, 3},
    {8344, 17389, 8, 6, 0, 3, 9},
    {8345, 17413, 6, 6, 0, 3, 6},
    {8346, 17431, 6, 7, 0, 3, 6},
    {8347, 17452, 5, 6, 0, 3, 5},
    {8348, 17467, 4, 7, 0, 4, 3},
    {8592, 17481, 11, 9, 1, 9, 13},
    {8593, 17531, 10, 11, 1, 11, 12},
    {8594, 17586, 11, 9, 1, 9, 13},
    {8595, 17636, 10, 12, 1, 11, 12},
    {8596, 17696, 17, 9, 1, 9, 19},
    {8597, 17773, 10, 17, 1, 13, 12},
    {8598, 17858, 9, 8, 1, 8, 11},
    {8599, 17894, 9, 8, 1, 8, 11},
    {8600, 17930, 9, 8, 1, 8, 11},
    {8601, 17966, 9, 8, 1, 8, 11},
    {8801, 18002, 7, 9, 1, 9, 8},
    {9654, 18034, 12, 14, 1, 12, 13},
    {9655, 18118, 12, 14, 1, 12, 13},
    {9679, 18202, 11, 12, 1, 11, 13},
};

const prim_font_t ui_font_sans_14 = {
    .bitmap_data = ui_font_sans_14_bmp,
    .glyphs = ui_font_sans_14_glyphs,
    .glyph_count = 432,
    .line_height = 17,
    .baseline = 14,
    .ascent = 14,
    .descent = 3,
    .bpp = 4,
};
