/* Auto-generated by tools/font_gen/gen_fonts.js. Do not edit. */
#include <prim/text.h>
#include <ui/fonts.h>   /* UI_API extern decl -> correct visibility */

static const uint8_t ui_font_mono_22_bmp[] = {
    0x00, 0x00, 0x00, 0xbf, 0xb0, 0x08, 0xfb, 0x00, 0x8f, 0xb0, 0x08, 0xfb, 0x00, 0x8f, 0xb0, 0x08,
    0xfb, 0x00, 0x8f, 0xb0, 0x08, 0xfb, 0x00, 0x8f, 0xb0, 0x08, 0xf8, 0x00, 0x8f, 0x80, 0x01, 0x42,
    0x00, 0x00, 0x00, 0x05, 0x87, 0x00, 0xff, 0xf4, 0x0c, 0xfe, 0x20, 0x00, 0x00, 0x00, 0x00, 0x00,
    0x00, 0x00, 0xff, 0x80, 0x4f, 0xf4, 0x0f, 0xf6, 0x04, 0xff, 0x40, 0xff, 0x40, 0x4f, 0xf4, 0x0f,
    0xf4, 0x01, 0xff, 0x20, 0xff, 0x40, 0x0f, 0xf0, 0x0b, 0xf4, 0x00, 0xff, 0x00, 0x68, 0x20, 0x08,
    0x80, 0x00, 0x00, 0x00, 0x00, 0x00, 0x00, 0x00, 0x00, 0x06, 0xf4, 0x00, 0x5f, 0x50, 0x00, 0x00,
    0x8f, 0x10, 0x08, 0xf2, 0x00, 0x00, 0x0b, 0xd0, 0x00, 0xbe, 0x00, 0x00, 0x00, 0xfb, 0x00, 0x0d,
    0xb0, 0x00, 0x48, 0x8f, 0xb8, 0x88, 0xfc, 0x84, 0x08, 0xff, 0xff, 0xff, 0xff, 0xff, 0x80, 0x00,
    0x8f, 0x30, 0x07, 0xf4, 0x00, 0x00, 0x0a, 0xf0, 0x00, 0x9f, 0x00, 0x00, 0x00, 0xdb, 0x00, 0x0b,
    0xd0, 0x00, 0x00, 0x0f, 0x90, 0x00, 0xfa, 0x00, 0x04, 0xff, 0xff, 0xff, 0xff, 0xff, 0xb0, 0x28,
    0xbf, 0x98, 0x8a, 0xf9, 0x86, 0x00, 0x08, 0xf1, 0x00, 0x8f, 0x20, 0x00, 0x00, 0xbd, 0x00, 0x0a,
    0xf0, 0x00, 0x00, 0x0e, 0xb0, 0x00, 0xdb, 0x00, 0x00, 0x02, 0xf8, 0x00, 0x0f, 0x80, 0x00, 0x00,
    0x00, 0x00, 0x04, 0x10, 0x00, 0x00, 0x00, 0x00, 0xf4, 0x00, 0x00, 0x00, 0x00, 0x0f, 0x40, 0x00,
    0x00, 0x00, 0x03, 0xf7, 0x10, 0x00, 0x00, 0x5d, 0xff, 0xff, 0x81, 0x00, 0x5f, 0xfc, 0xfc, 0xff,
    0xa0, 0x0d, 0xf9, 0x0f, 0x43, 0xff, 0x30, 0xff, 0x20, 0xf4, 0x0b, 0xf8, 0x0f, 0xf3, 0x0f, 0x40,
    0x00, 0x00, 0xdf, 0x90, 0xf4, 0x00, 0x00, 0x07, 0xff, 0xbf, 0x40, 0x00, 0x00, 0x09, 0xff, 0xff,
    0xa4, 0x00, 0x00, 0x04, 0x9f, 0xff, 0xf6, 0x00, 0x00, 0x00, 0xf8, 0xbf, 0xf2, 0x00, 0x00, 0x0f,
    0x40, 0xdf, 0x82, 0x43, 0x00, 0xf4, 0x08, 0xfb, 0x7f, 0xc0, 0x0f, 0x40, 0x8f, 0xa2, 0xff, 0x60,
    0xf4, 0x3e, 0xf6, 0x08, 0xff, 0xdf, 0xdf, 0xfc, 0x00, 0x07, 0xdf, 0xff, 0xe8, 0x10, 0x00, 0x00,
    0x2f, 0x60, 0x00, 0x00, 0x00, 0x00, 0xf4, 0x00, 0x00, 0x00, 0x00, 0x0f, 0x40, 0x00, 0x00, 0x00,
    0x00, 0x00, 0x00, 0x00, 0x00, 0x14, 0x00, 0x00, 0x00, 0x00, 0x01, 0xaf, 0xfe, 0x60, 0x00, 0x03,
    0xf8, 0x7f, 0xa7, 0xcf, 0x30, 0x00, 0xcd, 0x1b, 0xf1, 0x05, 0xf8, 0x00, 0x8f, 0x40, 0xbf, 0x00,
    0x4f, 0x80, 0x3f, 0x80, 0x0b, 0xf0, 0x04, 0xf8, 0x1d, 0xc0, 0x00, 0x7f, 0xa5, 0xcf, 0x38, 0xf3,
    0x00, 0x01, 0xbf, 0xff, 0x74, 0xf8, 0x00, 0x00, 0x00, 0x24, 0x11, 0xdc, 0x00, 0x00, 0x00, 0x00,
    0x00, 0xae, 0x21, 0x44, 0x00, 0x00, 0x00, 0x5f, 0x76, 0xef, 0xfd, 0x20, 0x00, 0x1e, 0xb1, 0xfd,
    0x57, 0xfa, 0x00, 0x0a, 0xe2, 0x4f, 0x80, 0x0b, 0xe0, 0x06, 0xf5, 0x04, 0xf8, 0x00, 0xbf, 0x02,
    0xea, 0x00, 0x4f, 0x80, 0x0c, 0xe0, 0xbe, 0x10, 0x01, 0xee, 0x89, 0xf9, 0x7f, 0x50, 0x00, 0x03,
    0xdf, 0xfb, 0x10, 0x00, 0x00, 0x00, 0x00, 0x00, 0x00, 0x00, 0x00, 0x04, 0x42, 0x00, 0x00, 0x00,
    0x00, 0x06, 0xef, 0xff, 0xa1, 0x00, 0x00, 0x00, 0x4f, 0xf9, 0x8e, 0xf9, 0x00, 0x00, 0x00, 0x8f,
    0x90, 0x03, 0xff, 0x20, 0x00, 0x00, 0xaf, 0x80, 0x00, 0xbf, 0x40, 0x00, 0x00, 0x6f, 0xb0, 0x00,
    0x00, 0x00, 0x00, 0x00, 0x0c, 0xf8, 0x00, 0x00, 0x00, 0x00, 0x00, 0x07, 0xff, 0x50, 0x00, 0x00,
    0x00, 0x03, 0xdf, 0xff, 0xe2, 0x00, 0x00, 0x00, 0x1e, 0xfb, 0x8a, 0xfc, 0x00, 0x4f, 0xe3, 0x6f,
    0xd0, 0x00, 0xcf, 0x92, 0xef, 0x50, 0x8f, 0x90, 0x00, 0x2e, 0xfd, 0xf8, 0x00, 0x8f, 0x80, 0x00,
    0x04, 0xff, 0xa0, 0x00, 0x8f, 0xa0, 0x00, 0x07, 0xff, 0xc1, 0x00, 0x5f, 0xe3, 0x00, 0x6f, 0xeb,
    0xf9, 0x00, 0x0c, 0xff, 0xbc, 0xff, 0x51, 0xdf, 0x70, 0x01, 0x9f, 0xff, 0xd4, 0x00, 0x3f, 0xf3,
    0x00, 0x01, 0x42, 0x00, 0x00, 0x00, 0x00, 0x00, 0x08, 0xfb, 0x8f, 0xb8, 0xfb, 0x8f, 0xb8, 0xfb,
    0x8f, 0xb4, 0x86, 0x00, 0x00, 0x00, 0x25, 0x00, 0x00, 0x3b, 0xfb, 0x00, 0x06, 0xff, 0xf8, 0x00,
    0x4f, 0xfa, 0x10, 0x00, 0xdf, 0x90, 0x00, 0x06, 0xfe, 0x10, 0x00, 0x0a, 0xf8, 0x00, 0x00, 0x0e,
    0xf5, 0x00, 0x00, 0x0f, 0xf4, 0x00, 0x00, 0x0f, 0xf4, 0x00, 0x00, 0x0f, 0xf4, 0x00, 0x00, 0x0f,
    0xf4, 0x00, 0x00, 0x0f, 0xf4, 0x00, 0x00, 0x0f, 0xf4, 0x00, 0x00, 0x0e, 0xf4, 0x00, 0x00, 0x0b,
    0xf8, 0x00, 0x00, 0x07, 0xfd, 0x00, 0x00, 0x01, 0xef, 0x80, 0x00, 0x00, 0x6f, 0xf8, 0x00, 0x00,
    0x08, 0xff, 0xd7, 0x00, 0x00, 0x5d, 0xfb, 0x00, 0x00, 0x00, 0x57, 0x43, 0x00, 0x00, 0x00, 0x8f,
    0xc4, 0x00, 0x00, 0x6e, 0xff, 0x80, 0x00, 0x01, 0x8f, 0xf8, 0x00, 0x00, 0x07, 0xff, 0x20, 0x00,
    0x00, 0xbf, 0x90, 0x00, 0x00, 0x6f, 0xe0, 0x00, 0x00, 0x1f, 0xf2, 0x00, 0x00, 0x0f, 0xf4, 0x00,
    0x00, 0x0f, 0xf4, 0x00, 0x00, 0x0f, 0xf4, 0x00, 0x00, 0x0f, 0xf4, 0x00, 0x00, 0x0f, 0xf4, 0x00,
    0x00, 0x0f, 0xf4, 0x00, 0x00, 0x1f, 0xf3, 0x00, 0x00, 0x5f, 0xe0, 0x00, 0x00, 0xbf, 0xa0, 0x00,
    0x06, 0xff, 0x40, 0x00, 0x7f, 0xf8, 0x00, 0x4c, 0xff, 0x90, 0x00, 0x8f, 0xe7, 0x00, 0x00, 0x46,
    0x10, 0x00, 0x00, 0x00, 0x00, 0x03, 0xb6, 0x00, 0x00, 0x00, 0x00, 0x00, 0x4f, 0x80, 0x00, 0x00,
    0x00, 0x00, 0x04, 0xf8, 0x00, 0x00, 0x00, 0x63, 0x00, 0x4f, 0x80, 0x02, 0x70, 0x0e, 0xfd, 0x75,
    0xf8, 0x6c, 0xff, 0x31, 0x8d, 0xff, 0xff, 0xef, 0xfe, 0x82, 0x00, 0x03, 0x8d, 0xff, 0x85, 0x00,
    0x00, 0x00, 0x06, 0xfd, 0xf9, 0x00, 0x00, 0x00, 0x03, 0xff, 0x2d, 0xf6, 0x00, 0x00, 0x01, 0xcf,
    0x80, 0x5f, 0xe2, 0x00, 0x00, 0x7f, 0xc0, 0x00, 0x8f, 0x90, 0x00, 0x00, 0x73, 0x00, 0x01, 0x81,
    0x00, 0x00, 0x00, 0x48, 0x60, 0x00, 0x00, 0x00, 0x08, 0xfb, 0x00, 0x00, 0x00, 0x00, 0x8f, 0xb0,
    0x00, 0x00, 0x00, 0x08, 0xfb, 0x00, 0x00, 0x24, 0x44, 0x9f, 0xc4, 0x44, 0x38, 0xff, 0xff, 0xff,
    0xff, 0xfb, 0x6b, 0xbb, 0xdf, 0xeb, 0xbb, 0x80, 0x00, 0x08, 0xfb, 0x00, 0x00, 0x00, 0x00, 0x8f,
    0xb0, 0x00, 0x00, 0x00, 0x08, 0xfb, 0x00, 0x00, 0x00, 0x00, 0x8f, 0xb0, 0x00, 0x00, 0x01, 0x44,
    0x10, 0x7f, 0xf2, 0x09, 0xfd, 0x00, 0xbf, 0x90, 0x0f, 0xf7, 0x02, 0xff, 0x30, 0x5f, 0xe0, 0x04,
    0x86, 0x00, 0x44, 0x44, 0x44, 0x40, 0xff, 0xff, 0xff, 0xf0, 0xbb, 0xbb, 0xbb, 0xb0, 0x02, 0x84,
    0x02, 0xef, 0xf4, 0x4f, 0xff, 0x81, 0xcf, 0xe2, 0x00, 0x41, 0x00, 0x00, 0x00, 0x00, 0x00, 0x34,
    0x20, 0x00, 0x00, 0x00, 0x0e, 0xf6, 0x00, 0x00, 0x00, 0x05, 0xfe, 0x00, 0x00, 0x00, 0x00, 0xaf,
    0x90, 0x00, 0x00, 0x00, 0x1f, 0xf3, 0x00, 0x00, 0x00, 0x07, 0xfd, 0x00, 0x00, 0x00, 0x00, 0xcf,
    0x70, 0x00, 0x00, 0x00, 0x3f, 0xf2, 0x00, 0x00, 0x00, 0x08, 0xfa, 0x00, 0x00, 0x00, 0x00, 0xef,
    0x60, 0x00, 0x00, 0x00, 0x5f, 0xe0, 0x00, 0x00, 0x00, 0x0a, 0xf9, 0x00, 0x00, 0x00, 0x02, 0xff,
    0x30, 0x00, 0x00, 0x00, 0x7f, 0xd0, 0x00, 0x00, 0x00, 0x0d, 0xf7, 0x00, 0x00, 0x00, 0x03, 0xff,
    0x20, 0x00, 0x00, 0x00, 0x9f, 0xa0, 0x00, 0x00, 0x00, 0x0e, 0xf5, 0x00, 0x00, 0x00, 0x06, 0xfe,
    0x00, 0x00, 0x00, 0x00, 0xaf, 0x80, 0x00, 0x00, 0x00, 0x2f, 0xf3, 0x00, 0x00, 0x00, 0x03, 0x87,
    0x00, 0x00, 0x00, 0x00, 0x00, 0x00, 0x34, 0x40, 0x00, 0x00, 0x06, 0xef, 0xff, 0xe8, 0x00, 0x06,
    0xff, 0xc8, 0xbf, 0xf8, 0x00, 0xef, 0x70, 0x00, 0x5f, 0xf2, 0x4f, 0xe0, 0x00, 0x00, 0xbf, 0x74,
    0xfb, 0x00, 0x00, 0x08, 0xf8, 0x4f, 0xb0, 0x00, 0x00, 0x8f, 0x84, 0xfb, 0x01, 0x42, 0x08, 0xf8,
    0x4f, 0xb0, 0xaf, 0xd0, 0x8f, 0x84, 0xfb, 0x08, 0xfc, 0x08, 0xf8, 0x4f, 0xb0, 0x04, 0x10, 0x8f,
    0x84, 0xfb, 0x00, 0x00, 0x08, 0xf8, 0x4f, 0xb0, 0x00, 0x00, 0x8f, 0x84, 0xfe, 0x00, 0x00, 0x0c,
    0xf7, 0x0e, 0xf9, 0x00, 0x06, 0xff, 0x20, 0x6f, 0xfd, 0xbc, 0xff, 0x80, 0x00, 0x5d, 0xff, 0xfe,
    0x70, 0x00, 0x00, 0x02, 0x43, 0x00, 0x00, 0x00, 0x00, 0x00, 0x00, 0x00, 0x00, 0x00, 0x4e, 0xff,
    0x80, 0x00, 0x00, 0x8f, 0xff, 0xf8, 0x00, 0x00, 0xbf, 0xf7, 0xbf, 0x80, 0x00, 0x0f, 0xd3, 0x0b,
    0xf8, 0x00, 0x00, 0xa1, 0x00, 0xbf, 0x80, 0x00, 0x00, 0x00, 0x0b, 0xf8, 0x00, 0x00, 0x00, 0x00,
    0xbf, 0x80, 0x00, 0x00, 0x00, 0x0b, 0xf8, 0x00, 0x00, 0x00, 0x00, 0xbf, 0x80, 0x00, 0x00, 0x00,
    0x0b, 0xf8, 0x00, 0x00, 0x00, 0x00, 0xbf, 0x80, 0x00, 0x00, 0x00, 0x0b, 0xf8, 0x00, 0x00, 0x00,
    0x00, 0xbf, 0x80, 0x00, 0x00, 0x00, 0x0b, 0xf8, 0x00, 0x00, 0xff, 0xff, 0xff, 0xff, 0xff, 0x0f,
    0xff, 0xff, 0xff, 0xff, 0xf0, 0x00, 0x00, 0x34, 0x40, 0x00, 0x00, 0x06, 0xdf, 0xff, 0xe8, 0x00,
    0x06, 0xff, 0xcb, 0xcf, 0xf8, 0x01, 0xef, 0x80, 0x00, 0x7f, 0xf2, 0x4f, 0xe0, 0x00, 0x00, 0xdf,
    0x63, 0x86, 0x00, 0x00, 0x0b, 0xf8, 0x00, 0x00, 0x00, 0x00, 0xef, 0x50, 0x00, 0x00, 0x00, 0x6f,
    0xe1, 0x00, 0x00, 0x00, 0x3e, 0xf8, 0x00, 0x00, 0x00, 0x1c, 0xfb, 0x00, 0x00, 0x00, 0x1c, 0xfc,
    0x10, 0x00, 0x00, 0x1c, 0xfc, 0x10, 0x00, 0x00, 0x1c, 0xfc, 0x10, 0x00, 0x00, 0x0b, 0xfc, 0x10,
    0x00, 0x00, 0x09, 0xfd, 0x10, 0x00, 0x00, 0x04, 0xff, 0xff, 0xff, 0xff, 0xfb, 0x4f, 0xff, 0xff,
    0xff, 0xff, 0xb0, 0x00, 0x00, 0x00, 0x00, 0x00, 0x00, 0xff, 0xff, 0xff, 0xff, 0xf0, 0x0f, 0xff,
    0xff, 0xff, 0xff, 0x00, 0x00, 0x00, 0x03, 0xef, 0x60, 0x00, 0x00, 0x03, 0xef, 0x60, 0x00, 0x00,
    0x03, 0xef, 0x60, 0x00, 0x00, 0x01, 0xdf, 0x60, 0x00, 0x00, 0x00, 0x8f, 0xff, 0xc5, 0x00, 0x00,
    0x06, 0xbb, 0xef, 0xf6, 0x00, 0x00, 0x00, 0x00, 0x9f, 0xe0, 0x00, 0x00, 0x00, 0x01, 0xff, 0x40,
    0x00, 0x00, 0x00, 0x0b, 0xf4, 0x48, 0x60, 0x00, 0x00, 0xbf, 0x48, 0xfc, 0x00, 0x00, 0x0f, 0xf4,
    0x3f, 0xf6, 0x00, 0x09, 0xfe, 0x10, 0x9f, 0xfc, 0xbd, 0xff, 0x60, 0x00, 0x8e, 0xff, 0xfd, 0x50,
    0x00, 0x00, 0x03, 0x42, 0x00, 0x00, 0x00, 0x00, 0x00, 0x00, 0x00, 0x00, 0x00, 0x01, 0xef, 0x80,
    0x00, 0x00, 0x09, 0xfc, 0x00, 0x00, 0x00, 0x4f, 0xf3, 0x00, 0x00, 0x01, 0xdf, 0x80, 0x00, 0x00,
    0x08, 0xfd, 0x10, 0x00, 0x00, 0x3f, 0xf5, 0x00, 0x00, 0x00, 0xbf, 0xa0, 0x01, 0x44, 0x07, 0xfe,
    0x20, 0x04, 0xff, 0x2e, 0xf7, 0x00, 0x04, 0xff, 0x8f, 0xc0, 0x00, 0x04, 0xff, 0x8f, 0xd8, 0x88,
    0x89, 0xff, 0x8f, 0xff, 0xff, 0xff, 0xff, 0x48, 0x88, 0x88, 0x89, 0xff, 0x00, 0x00, 0x00, 0x04,
    0xff, 0x00, 0x00, 0x00, 0x04, 0xff, 0x00, 0x00, 0x00, 0x04, 0xff, 0x00, 0x00, 0x00, 0x00, 0x00,
    0x00, 0xbf, 0xff, 0xff, 0xff, 0xb0, 0x0b, 0xff, 0xff, 0xff, 0xfb, 0x00, 0xbf, 0x40, 0x00, 0x00,
    0x00, 0x0b, 0xf4, 0x00, 0x00, 0x00, 0x00, 0xbf, 0x40, 0x00, 0x00, 0x00, 0x0b, 0xf4, 0x00, 0x00,
    0x00, 0x00, 0xbf, 0xff, 0xff, 0xd6, 0x00, 0x08, 0xbb, 0xbb, 0xff, 0xf8, 0x00, 0x00, 0x00, 0x01,
    0x9f, 0xf1, 0x00, 0x00, 0x00, 0x00, 0xef, 0x50, 0x00, 0x00, 0x00, 0x0b, 0xf8, 0x48, 0x60, 0x00,
    0x00, 0xbf, 0x85, 0xfd, 0x00, 0x00, 0x0d, 0xf5, 0x2f, 0xf8, 0x00, 0x08, 0xff, 0x20, 0x8f, 0xfd,
    0xbd, 0xff, 0x80, 0x00, 0x7d, 0xff, 0xfd, 0x70, 0x00, 0x00, 0x03, 0x43, 0x00, 0x00, 0x00, 0x00,
    0x00, 0x00, 0x00, 0x00, 0x00, 0x00, 0xcf, 0x90, 0x00, 0x00, 0x00, 0x6f, 0xe1, 0x00, 0x00, 0x00,
    0x1d, 0xf8, 0x00, 0x00, 0x00, 0x08, 0xfd, 0x00, 0x00, 0x00, 0x01, 0xef, 0x40, 0x00, 0x00, 0x00,
    0x9f, 0xb0, 0x00, 0x00, 0x00, 0x2f, 0xf9, 0xce, 0xa5, 0x00, 0x09, 0xff, 0xeb, 0xdf, 0xf9, 0x02,
    0xff, 0x90, 0x00, 0x7f, 0xf4, 0x7f, 0xd0, 0x00, 0x00, 0x9f, 0xa9, 0xf8, 0x00, 0x00, 0x05, 0xfb,
    0xaf, 0x80, 0x00, 0x00, 0x5f, 0xb8, 0xfc, 0x00, 0x00, 0x09, 0xfa, 0x2f, 0xf8, 0x00, 0x06, 0xff,
    0x50, 0x6f, 0xfd, 0xbc, 0xff, 0x90, 0x00, 0x5d, 0xff, 0xfe, 0x80, 0x00, 0x00, 0x02, 0x43, 0x00,
    0x00, 0x00, 0x00, 0x00, 0x00, 0x00, 0x00, 0x4f, 0xff, 0xff, 0xff, 0xff, 0xf0, 0x4f, 0xff, 0xff,
    0xff, 0xff, 0xf0, 0x4f, 0xf0, 0x00, 0x00, 0x8f, 0xd0, 0x4f, 0xf0, 0x00, 0x00, 0xdf, 0x70, 0x28,
    0x80, 0x00, 0x05, 0xff, 0x10, 0x00, 0x00, 0x00, 0x0a, 0xf9, 0x00, 0x00, 0x00, 0x00, 0x2f, 0xf4,
    0x00, 0x00, 0x00, 0x00, 0x8f, 0xd0, 0x00, 0x00, 0x00, 0x00, 0xef, 0x70, 0x00, 0x00, 0x00, 0x06,
    0xfe, 0x10, 0x00, 0x00, 0x00, 0x0b, 0xf9, 0x00, 0x00, 0x00, 0x00, 0x2f, 0xf3, 0x00, 0x00, 0x00,
    0x00, 0x8f, 0xc0, 0x00, 0x00, 0x00, 0x01, 0xef, 0x60, 0x00, 0x00, 0x00, 0x06, 0xfe, 0x10, 0x00,
    0x00, 0x00, 0x0c, 0xf9, 0x00, 0x00, 0x00, 0x00, 0x00, 0x34, 0x40, 0x00, 0x00, 0x05, 0xdf, 0xff,
    0xe8, 0x00, 0x06, 0xff, 0xc8, 0xcf, 0xf8, 0x00, 0xef, 0x90, 0x00, 0x6f, 0xf2, 0x3f, 0xf1, 0x00,
    0x00, 0xdf, 0x42, 0xff, 0x00, 0x00, 0x0b, 0xf4, 0x0d, 0xf6, 0x00, 0x03, 0xff, 0x10, 0x3e, 0xf8,
    0x47, 0xef, 0x60, 0x00, 0x4d, 0xff, 0xff, 0x60, 0x00, 0x6f, 0xfa, 0x89, 0xef, 0x90, 0x2f, 0xf5,
    0x00, 0x03, 0xef, 0x58, 0xfa, 0x00, 0x00, 0x08, 0xfa, 0x8f, 0x80, 0x00, 0x00, 0x4f, 0xb8, 0xfb,
    0x00, 0x00, 0x08, 0xfb, 0x3f, 0xf7, 0x00, 0x04, 0xef, 0x60, 0x8f, 0xfd, 0xbc, 0xff, 0xb0, 0x00,
    0x6d, 0xff, 0xfe, 0x80, 0x00, 0x00, 0x02, 0x43, 0x00, 0x00, 0x00, 0x00, 0x34, 0x40, 0x00, 0x00,
    0x07, 0xef, 0xff, 0xe8, 0x00, 0x08, 0xff, 0xcb, 0xbf, 0xfa, 0x02, 0xff, 0x60, 0x00, 0x4f, 0xf6,
    0x8f, 0xc0, 0x00, 0x00, 0x8f, 0xaa, 0xf8, 0x00, 0x00, 0x05, 0xfb, 0x9f, 0x80, 0x00, 0x00, 0x6f,
    0xb7, 0xfd, 0x00, 0x00, 0x09, 0xf9, 0x2e, 0xf9, 0x10, 0x07, 0xff, 0x50, 0x6f, 0xff, 0xbe, 0xff,
    0xd0, 0x00, 0x39, 0xcc, 0xaf, 0xf5, 0x00, 0x00, 0x00, 0x09, 0xfb, 0x00, 0x00, 0x00, 0x04, 0xff,
    0x40, 0x00, 0x00, 0x00, 0xcf, 0x90, 0x00, 0x00, 0x00, 0x6f, 0xf2, 0x00, 0x00, 0x00, 0x1e, 0xf8,
    0x00, 0x00, 0x00, 0x08, 0xfe, 0x10, 0x00, 0x00, 0x02, 0x42, 0x02, 0xef, 0xf4, 0x4f, 0xff, 0x81,
    0xbf, 0xd2, 0x00, 0x00, 0x00, 0x00, 0x00, 0x00, 0x00, 0x00, 0x00, 0x00, 0x00, 0x00, 0x00, 0x03,
    0x00, 0x1c, 0xfe, 0x34, 0xff, 0xf8, 0x1e, 0xfe, 0x40, 0x14, 0x10, 0x02, 0x43, 0x02, 0xef, 0xf4,
    0x4f, 0xff, 0x81, 0xcf, 0xe2, 0x00, 0x00, 0x00, 0x00, 0x00, 0x00, 0x00, 0x00, 0x00, 0x00, 0x00,
    0x00, 0x00, 0x24, 0x41, 0x08, 0xff, 0x00, 0xbf, 0xb0, 0x0d, 0xf8, 0x01, 0xff, 0x50, 0x4f, 0xf1,
    0x07, 0xfc, 0x00, 0x48, 0x60, 0x00, 0x00, 0x00, 0x00, 0x00, 0x00, 0x00, 0x00, 0x00, 0x00, 0x04,
    0xb4, 0x00, 0x00, 0x00, 0x4b, 0xff, 0x40, 0x00, 0x04, 0xbf, 0xfd, 0x60, 0x00, 0x4b, 0xff, 0xc6,
    0x00, 0x02, 0xbf, 0xfb, 0x40, 0x00, 0x00, 0x4f, 0xc4, 0x00, 0x00, 0x00, 0x04, 0xff, 0xd6, 0x00,
    0x00, 0x00, 0x04, 0xbf, 0xfd, 0x60, 0x00, 0x00, 0x00, 0x4b, 0xff, 0xd6, 0x10, 0x00, 0x00, 0x04,
    0xbf, 0xfe, 0x30, 0x00, 0x00, 0x00, 0x4a, 0xf4, 0x00, 0x00, 0x00, 0x00, 0x02, 0x20, 0x4f, 0xff,
    0xff, 0xff, 0xff, 0x44, 0xff, 0xff, 0xff, 0xff, 0xf4, 0x00, 0x00, 0x00, 0x00, 0x00, 0x00, 0x00,
    0x00, 0x00, 0x00, 0x00, 0x00, 0x00, 0x00, 0x00, 0x00, 0x02, 0x88, 0x88, 0x88, 0x88, 0x82, 0x4f,
    0xff, 0xff, 0xff, 0xff, 0x41, 0x44, 0x44, 0x44, 0x44, 0x41, 0x00, 0x00, 0x00, 0x00, 0x00, 0x04,
    0xb4, 0x00, 0x00, 0x00, 0x00, 0x4f, 0xfd, 0x60, 0x00, 0x00, 0x00, 0x6c, 0xff, 0xd6, 0x00, 0x00,
    0x00, 0x04, 0xbf, 0xfd, 0x60, 0x00, 0x00, 0x00, 0x4b, 0xff, 0xd2, 0x00, 0x00, 0x00, 0x04, 0xbf,
    0x40, 0x00, 0x00, 0x03, 0x9f, 0xf4, 0x00, 0x00, 0x4b, 0xff, 0xd6, 0x00, 0x04, 0xbf, 0xfd, 0x60,
    0x00, 0x2b, 0xff, 0xb4, 0x00, 0x00, 0x04, 0xfb, 0x40, 0x00, 0x00, 0x00, 0x24, 0x00, 0x00, 0x00,
    0x00, 0x00, 0x00, 0x00, 0x00, 0x00, 0x04, 0xff, 0xff, 0xc6, 0x00, 0x4f, 0xff, 0xff, 0xf9, 0x00,
    0x00, 0x01, 0x8f, 0xf4, 0x00, 0x00, 0x00, 0x9f, 0x90, 0x00, 0x00, 0x08, 0xfb, 0x00, 0x00, 0x00,
    0x8f, 0xa0, 0x00, 0x00, 0x3e, 0xf6, 0x00, 0x6b, 0xbf, 0xfc, 0x00, 0x08, 0xff, 0xf9, 0x10, 0x00,
    0x8f, 0x91, 0x00, 0x00, 0x08, 0xf8, 0x00, 0x00, 0x00, 0x24, 0x20, 0x00, 0x00, 0x00, 0x00, 0x00,
    0x00, 0x00, 0x78, 0x60, 0x00, 0x00, 0x3f, 0xff, 0x30, 0x00, 0x01, 0xef, 0xd1, 0x00, 0x00, 0x00,
    0x00, 0x00, 0x00, 0x00, 0x00, 0x03, 0x44, 0x20, 0x00, 0x00, 0x00, 0x5d, 0xff, 0xff, 0xb3, 0x00,
    0x00, 0x8f, 0xe8, 0x78, 0x9f, 0xf3, 0x00, 0x4f, 0xe3, 0x00, 0x00, 0x6f, 0xd0, 0x0a, 0xf6, 0x00,
    0x00, 0x00, 0xcf, 0x30, 0xef, 0x00, 0x00, 0x00, 0x08, 0xf5, 0x0f, 0xc0, 0x00, 0x4a, 0xb6, 0x8f,
    0x80, 0xfb, 0x00, 0x4f, 0xfb, 0xdd, 0xf8, 0x0f, 0xb0, 0x09, 0xf7, 0x00, 0xbf, 0x80, 0xfb, 0x00,
    0xbf, 0x20, 0x08, 0xf8, 0x0f, 0xb0, 0x0b, 0xf0, 0x00, 0x8f, 0x80, 0xfb, 0x00, 0xbf, 0x00, 0x08,
    0xf8, 0x0f, 0xb0, 0x0b, 0xf2, 0x00, 0x8f, 0x50, 0xfb, 0x00, 0x8f, 0x70, 0x0d, 0xf3, 0x0f, 0xb0,
    0x02, 0xef, 0xcd, 0xf9, 0x00, 0xfd, 0x00, 0x02, 0x9b, 0xb7, 0x00, 0x0d, 0xf2, 0x00, 0x00, 0x00,
    0x00, 0x00, 0x8f, 0xa0, 0x00, 0x00, 0x00, 0x00, 0x01, 0xef, 0x91, 0x00, 0x00, 0x00, 0x00, 0x03,
    0xef, 0xfc, 0xbb, 0x60, 0x00, 0x00, 0x01, 0x8b, 0xff, 0xf8, 0x00, 0x00, 0x00, 0x00, 0x00, 0x00,
    0x00, 0x00, 0x00, 0x00, 0xff, 0xf3, 0x00, 0x00, 0x00, 0x04, 0xff, 0xf7, 0x00, 0x00, 0x00, 0x08,
    0xfb, 0xfa, 0x00, 0x00, 0x00, 0x0b, 0xf5, 0xfe, 0x00, 0x00, 0x00, 0x0f, 0xf0, 0xcf, 0x40, 0x00,
    0x00, 0x4f, 0xb0, 0x8f, 0x80, 0x00, 0x00, 0x8f, 0x80, 0x5f, 0xb0, 0x00, 0x00, 0xcf, 0x50, 0x1f,
    0xf0, 0x00, 0x01, 0xff, 0x10, 0x0d, 0xf4, 0x00, 0x05, 0xfc, 0x00, 0x09, 0xf8, 0x00, 0x08, 0xff,
    0xff, 0xff, 0xfb, 0x00, 0x0c, 0xfc, 0xbb, 0xbb, 0xff, 0x10, 0x1f, 0xf1, 0x00, 0x00, 0xdf, 0x50,
    0x5f, 0xc0, 0x00, 0x00, 0x9f, 0x80, 0x9f, 0x90, 0x00, 0x00, 0x6f, 0xc0, 0xdf, 0x60, 0x00, 0x00,
    0x2f, 0xf1, 0x00, 0x00, 0x00, 0x00, 0x00, 0x00, 0xff, 0xff, 0xff, 0xc6, 0x00, 0x0f, 0xfb, 0xbb,
    0xff, 0xf8, 0x00, 0xff, 0x00, 0x00, 0x8f, 0xf2, 0x0f, 0xf0, 0x00, 0x00, 0xdf, 0x60, 0xff, 0x00,
    0x00, 0x0b, 0xf6, 0x0f, 0xf0, 0x00, 0x01, 0xff, 0x20, 0xff, 0x44, 0x46, 0xdf, 0x60, 0x0f, 0xff,
    0xff, 0xfe, 0x60, 0x00, 0xff, 0x88, 0x89, 0xef, 0x80, 0x0f, 0xf0, 0x00, 0x03, 0xef, 0x40, 0xff,
    0x00, 0x00, 0x08, 0xfa, 0x0f, 0xf0, 0x00, 0x00, 0x8f, 0xb0, 0xff, 0x00, 0x00, 0x09, 0xfa, 0x0f,
    0xf0, 0x00, 0x07, 0xff, 0x60, 0xff, 0xff, 0xff, 0xff, 0x90, 0x0f, 0xff, 0xff, 0xfc, 0x70, 0x00,
    0x00, 0x00, 0x34, 0x41, 0x00, 0x00, 0x04, 0xdf, 0xff, 0xf8, 0x10, 0x04, 0xff, 0xdb, 0xbf, 0xfb,
    0x00, 0xbf, 0xa0, 0x00, 0x3f, 0xf4, 0x0f, 0xf4, 0x00, 0x00, 0xaf, 0x80, 0xff, 0x00, 0x00, 0x02,
    0x42, 0x0f, 0xf0, 0x00, 0x00, 0x00, 0x00, 0xff, 0x00, 0x00, 0x00, 0x00, 0x0f, 0xf0, 0x00, 0x00,
    0x00, 0x00, 0xff, 0x00, 0x00, 0x00, 0x00, 0x0f, 0xf0, 0x00, 0x00, 0x00, 0x00, 0xff, 0x00, 0x00,
    0x00, 0x00, 0x0f, 0xf0, 0x00, 0x00, 0x48, 0x40, 0xff, 0x40, 0x00, 0x0a, 0xf8, 0x0a, 0xfb, 0x10,
    0x04, 0xff, 0x40, 0x3e, 0xfe, 0xbc, 0xff, 0x90, 0x00, 0x3b, 0xff, 0xfe, 0x80, 0x00, 0x00, 0x01,
    0x44, 0x00, 0x00, 0x00, 0x00, 0x00, 0x00, 0x00, 0x00, 0xff, 0xff, 0xfe, 0x92, 0x00, 0x0f, 0xff,
    0xff, 0xff, 0xe3, 0x00, 0xff, 0x00, 0x02, 0xbf, 0xd0, 0x0f, 0xf0, 0x00, 0x01, 0xff, 0x40, 0xff,
    0x00, 0x00, 0x0b, 0xf7, 0x0f, 0xf0, 0x00, 0x00, 0xbf, 0x80, 0xff, 0x00, 0x00, 0x0b, 0xf8, 0x0f,
    0xf0, 0x00, 0x00, 0xbf, 0x80, 0xff, 0x00, 0x00, 0x0b, 0xf8, 0x0f, 0xf0, 0x00, 0x00, 0xbf, 0x80,
    0xff, 0x00, 0x00, 0x0b, 0xf8, 0x0f, 0xf0, 0x00, 0x00, 0xbf, 0x60, 0xff, 0x00, 0x00, 0x1f, 0xf3,
    0x0f, 0xf0, 0x00, 0x2c, 0xfd, 0x00, 0xff, 0xff, 0xff, 0xfe, 0x30, 0x0f, 0xff, 0xff, 0xd9, 0x20,
    0x00, 0x00, 0x00, 0x00, 0x00, 0x00, 0xbf, 0xff, 0xff, 0xff, 0xf8, 0xbf, 0xff, 0xff, 0xff, 0xf8,
    0xbf, 0x40, 0x00, 0x00, 0x00, 0xbf, 0x40, 0x00, 0x00, 0x00, 0xbf, 0x40, 0x00, 0x00, 0x00, 0xbf,
    0x40, 0x00, 0x00, 0x00, 0xbf, 0x74, 0x44, 0x44, 0x30, 0xbf, 0xff, 0xff, 0xff, 0xb0, 0xbf, 0x98,
    0x88, 0x88, 0x60, 0xbf, 0x40, 0x00, 0x00, 0x00, 0xbf, 0x40, 0x00, 0x00, 0x00, 0xbf, 0x40, 0x00,
    0x00, 0x00, 0xbf, 0x40, 0x00, 0x00, 0x00, 0xbf, 0x40, 0x00, 0x00, 0x00, 0xbf, 0xff, 0xff, 0xff,
    0xf8, 0xbf, 0xff, 0xff, 0xff, 0xf8, 0x00, 0x00, 0x00, 0x00, 0x00, 0xff, 0xff, 0xff, 0xff, 0xf8,
    0xff, 0xff, 0xff, 0xff, 0xf8, 0xff, 0x40, 0x00, 0x00, 0x00, 0xff, 0x40, 0x00, 0x00, 0x00, 0xff,
    0x40, 0x00, 0x00, 0x00, 0xff, 0x40, 0x00, 0x00, 0x00, 0xff, 0x40, 0x00, 0x00, 0x00, 0xff, 0xff,
    0xff, 0xff, 0xf0, 0xff, 0xff, 0xff, 0xff, 0xf0, 0xff, 0x40, 0x00, 0x00, 0x00, 0xff, 0x40, 0x00,
    0x00, 0x00, 0xff, 0x40, 0x00, 0x00, 0x00, 0xff, 0x40, 0x00, 0x00, 0x00, 0xff, 0x40, 0x00, 0x00,
    0x00, 0xff, 0x40, 0x00, 0x00, 0x00, 0xff, 0x40, 0x00, 0x00, 0x00, 0x00, 0x00, 0x34, 0x40, 0x00,
    0x00, 0x05, 0xdf, 0xff, 0xf8, 0x00, 0x05, 0xff, 0xdb, 0xbf, 0xf9, 0x00, 0xdf, 0x90, 0x00, 0x5f,
    0xf3, 0x1f, 0xf2, 0x00, 0x00, 0xcf, 0x74, 0xff, 0x00, 0x00, 0x03, 0x42, 0x4f, 0xf0, 0x00, 0x00,
    0x00, 0x04, 0xff, 0x00, 0x00, 0x00, 0x00, 0x4f, 0xf0, 0x06, 0x88, 0x88, 0x44, 0xff, 0x00, 0xbf,
    0xff, 0xf8, 0x4f, 0xf0, 0x06, 0x88, 0xdf, 0x84, 0xff, 0x00, 0x00, 0x0b, 0xf8, 0x4f, 0xf0, 0x00,
    0x00, 0xbf, 0x81, 0xff, 0x20, 0x00, 0x0c, 0xf7, 0x0c, 0xfa, 0x00, 0x06, 0xff, 0x20, 0x4f, 0xfe,
    0xbc, 0xff, 0x80, 0x00, 0x4d, 0xff, 0xfe, 0x80, 0x00, 0x00, 0x02, 0x43, 0x00, 0x00, 0x00, 0x00,
    0x00, 0x00, 0x00, 0x00, 0xff, 0x40, 0x00, 0x0f, 0xf4, 0x0f, 0xf4, 0x00, 0x00, 0xff, 0x40, 0xff,
    0x40, 0x00, 0x0f, 0xf4, 0x0f, 0xf4, 0x00, 0x00, 0xff, 0x40, 0xff, 0x40, 0x00, 0x0f, 0xf4, 0x0f,
    0xf4, 0x00, 0x00, 0xff, 0x40, 0xff, 0x74, 0x44, 0x4f, 0xf4, 0x0f, 0xff, 0xff, 0xff, 0xff, 0x40,
    0xff, 0xcb, 0xbb, 0xbf, 0xf4, 0x0f, 0xf4, 0x00, 0x00, 0xff, 0x40, 0xff, 0x40, 0x00, 0x0f, 0xf4,
    0x0f, 0xf4, 0x00, 0x00, 0xff, 0x40, 0xff, 0x40, 0x00, 0x0f, 0xf4, 0x0f, 0xf4, 0x00, 0x00, 0xff,
    0x40, 0xff, 0x40, 0x00, 0x0f, 0xf4, 0x0f, 0xf4, 0x00, 0x00, 0xff, 0x40, 0x00, 0x00, 0x00, 0x00,
    0x0b, 0xff, 0xff, 0xff, 0xff, 0xbf, 0xff, 0xff, 0xff, 0xf0, 0x00, 0x8f, 0xb0, 0x00, 0x00, 0x08,
    0xfb, 0x00, 0x00, 0x00, 0x8f, 0xb0, 0x00, 0x00, 0x08, 0xfb, 0x00, 0x00, 0x00, 0x8f, 0xb0, 0x00,
    0x00, 0x08, 0xfb, 0x00, 0x00, 0x00, 0x8f, 0xb0, 0x00, 0x00, 0x08, 0xfb, 0x00, 0x00, 0x00, 0x8f,
    0xb0, 0x00, 0x00, 0x08, 0xfb, 0x00, 0x00, 0x00, 0x8f, 0xb0, 0x00, 0x00, 0x08, 0xfb, 0x00, 0x0b,
    0xff, 0xff, 0xff, 0xff, 0xbf, 0xff, 0xff, 0xff, 0xf0, 0x00, 0x00, 0x00, 0x00, 0x00, 0x00, 0x00,
    0x00, 0x00, 0x04, 0xff, 0x00, 0x00, 0x00, 0x00, 0x4f, 0xf0, 0x00, 0x00, 0x00, 0x04, 0xff, 0x00,
    0x00, 0x00, 0x00, 0x4f, 0xf0, 0x00, 0x00, 0x00, 0x04, 0xff, 0x00, 0x00, 0x00, 0x00, 0x4f, 0xf0,
    0x00, 0x00, 0x00, 0x04, 0xff, 0x00, 0x00, 0x00, 0x00, 0x4f, 0xf0, 0x00, 0x00, 0x00, 0x04, 0xff,
    0x00, 0x00, 0x00, 0x00, 0x4f, 0xf0, 0x00, 0x00, 0x00, 0x04, 0xff, 0x0b, 0xb0, 0x00, 0x00, 0x4f,
    0xf0, 0xff, 0x50, 0x00, 0x06, 0xfd, 0x0a, 0xfc, 0x10, 0x02, 0xdf, 0x90, 0x3e, 0xfe, 0xbb, 0xff,
    0xe1, 0x00, 0x3b, 0xff, 0xff, 0xa2, 0x00, 0x00, 0x01, 0x44, 0x00, 0x00, 0x00, 0x00, 0x00, 0x00,
    0x00, 0x00, 0x0f, 0xf0, 0x00, 0x00, 0x8f, 0xd0, 0x0f, 0xf0, 0x00, 0x01, 0xef, 0x60, 0x0f, 0xf0,
    0x00, 0x08, 0xfd, 0x00, 0x0f, 0xf0, 0x00, 0x1e, 0xf6, 0x00, 0x0f, 0xf0, 0x00, 0x8f, 0xd0, 0x00,
    0x0f, 0xf0, 0x01, 0xef, 0x60, 0x00, 0x0f, 0xf4, 0x48, 0xfd, 0x00, 0x00, 0x0f, 0xff, 0xff, 0xf7,
    0x00, 0x00, 0x0f, 0xfb, 0xbd, 0xf9, 0x00, 0x00, 0x0f, 0xf0, 0x04, 0xff, 0x20, 0x00, 0x0f, 0xf0,
    0x00, 0xbf, 0x90, 0x00, 0x0f, 0xf0, 0x00, 0x4f, 0xf2, 0x00, 0x0f, 0xf0, 0x00, 0x0c, 0xf9, 0x00,
    0x0f, 0xf0, 0x00, 0x06, 0xff, 0x20, 0x0f, 0xf0, 0x00, 0x00, 0xdf, 0x90, 0x0f, 0xf0, 0x00, 0x00,
    0x6f, 0xf2, 0x00, 0x00, 0x00, 0x00, 0x00, 0x04, 0xff, 0x00, 0x00, 0x00, 0x00, 0x4f, 0xf0, 0x00,
    0x00, 0x00, 0x04, 0xff, 0x00, 0x00, 0x00, 0x00, 0x4f, 0xf0, 0x00, 0x00, 0x00, 0x04, 0xff, 0x00,
    0x00, 0x00, 0x00, 0x4f, 0xf0, 0x00, 0x00, 0x00, 0x04, 0xff, 0x00, 0x00, 0x00, 0x00, 0x4f, 0xf0,
    0x00, 0x00, 0x00, 0x04, 0xff, 0x00, 0x00, 0x00, 0x00, 0x4f, 0xf0, 0x00, 0x00, 0x00, 0x04, 0xff,
    0x00, 0x00, 0x00, 0x00, 0x4f, 0xf0, 0x00, 0x00, 0x00, 0x04, 0xff, 0x00, 0x00, 0x00, 0x00, 0x4f,
    0xf0, 0x00, 0x00, 0x00, 0x04, 0xff, 0xff, 0xff, 0xff, 0xf4, 0x4f, 0xff, 0xff, 0xff, 0xff, 0x40,
    0x00, 0x00, 0x00, 0x00, 0x00, 0x08, 0xff, 0xb0, 0x00, 0x8f, 0xfb, 0x8f, 0xdf, 0x10, 0x0d, 0xaf,
    0xb8, 0xf9, 0xf5, 0x02, 0xf9, 0xfb, 0x8f, 0x8f, 0x90, 0x7f, 0x6f, 0xb8, 0xf8, 0xad, 0x0a, 0xc4,
    0xfb, 0x8f, 0x86, 0xf4, 0xf7, 0x4f, 0xb8, 0xf8, 0x2f, 0xbf, 0x34, 0xfb, 0x8f, 0x80, 0xcf, 0xd0,
    0x4f, 0xb8, 0xf8, 0x06, 0xb7, 0x04, 0xfb, 0x8f, 0x80, 0x00, 0x00, 0x4f, 0xb8, 0xf8, 0x00, 0x00,
    0x04, 0xfb, 0x8f, 0x80, 0x00, 0x00, 0x4f, 0xb8, 0xf8, 0x00, 0x00, 0x04, 0xfb, 0x8f, 0x80, 0x00,
    0x00, 0x4f, 0xb8, 0xf8, 0x00, 0x00, 0x04, 0xfb, 0x8f, 0x80, 0x00, 0x00, 0x4f, 0xb0, 0x00, 0x00,
    0x00, 0x00, 0x00, 0x00, 0xff, 0xd0, 0x00, 0x0b, 0xf4, 0x0f, 0xff, 0x50, 0x00, 0xbf, 0x40, 0xfe,
    0xf9, 0x00, 0x0b, 0xf4, 0x0f, 0xbd, 0xe0, 0x00, 0xbf, 0x40, 0xfc, 0x8f, 0x50, 0x0b, 0xf4, 0x0f,
    0xf3, 0xfa, 0x00, 0xbf, 0x40, 0xff, 0x0d, 0xf1, 0x0b, 0xf4, 0x0f, 0xf0, 0x7f, 0x60, 0xbf, 0x40,
    0xff, 0x02, 0xfa, 0x0b, 0xf4, 0x0f, 0xf0, 0x0c, 0xf2, 0xbf, 0x40, 0xff, 0x00, 0x7f, 0x7b, 0xf4,
    0x0f, 0xf0, 0x02, 0xfc, 0xbf, 0x40, 0xff, 0x00, 0x0a, 0xf9, 0xf4, 0x0f, 0xf0, 0x00, 0x6f, 0xef,
    0x40, 0xff, 0x00, 0x01, 0xff, 0xf4, 0x0f, 0xf0, 0x00, 0x0a, 0xff, 0x40, 0x00, 0x00, 0x34, 0x40,
    0x00, 0x00, 0x05, 0xdf, 0xff, 0xe8, 0x00, 0x05, 0xff, 0xdb, 0xcf, 0xf8, 0x00, 0xcf, 0x90, 0x00,
    0x7f, 0xe1, 0x0f, 0xf2, 0x00, 0x00, 0xef, 0x44, 0xff, 0x00, 0x00, 0x0b, 0xf4, 0x4f, 0xf0, 0x00,
    0x00, 0xbf, 0x44, 0xff, 0x00, 0x00, 0x0b, 0xf4, 0x4f, 0xf0, 0x00, 0x00, 0xbf, 0x44, 0xff, 0x00,
    0x00, 0x0b, 0xf4, 0x4f, 0xf0, 0x00, 0x00, 0xbf, 0x44, 0xff, 0x00, 0x00, 0x0b, 0xf4, 0x4f, 0xf0,
    0x00, 0x00, 0xbf, 0x40, 0xff, 0x20, 0x00, 0x0e, 0xf4, 0x0c, 0xf9, 0x00, 0x07, 0xfe, 0x00, 0x4f,
    0xfd, 0xbc, 0xff, 0x70, 0x00, 0x4d, 0xff, 0xfe, 0x60, 0x00, 0x00, 0x02, 0x43, 0x00, 0x00, 0x00,
    0x00, 0x00, 0x00, 0x00, 0x00, 0x0f, 0xff, 0xff, 0xfe, 0x91, 0x00, 0x0f, 0xff, 0xff, 0xff, 0xfe,
    0x20, 0x0f, 0xf0, 0x00, 0x03, 0xdf, 0xa0, 0x0f, 0xf0, 0x00, 0x00, 0x5f, 0xf0, 0x0f, 0xf0, 0x00,
    0x00, 0x0f, 0xf4, 0x0f, 0xf0, 0x00, 0x00, 0x3f, 0xf2, 0x0f, 0xf0, 0x00, 0x00, 0x9f, 0xd0, 0x0f,
    0xf8, 0x88, 0x8b, 0xff, 0x50, 0x0f, 0xff, 0xff, 0xff, 0xe7, 0x00, 0x0f, 0xf8, 0x88, 0x86, 0x10,
    0x00, 0x0f, 0xf0, 0x00, 0x00, 0x00, 0x00, 0x0f, 0xf0, 0x00, 0x00, 0x00, 0x00, 0x0f, 0xf0, 0x00,
    0x00, 0x00, 0x00, 0x0f, 0xf0, 0x00, 0x00, 0x00, 0x00, 0x0f, 0xf0, 0x00, 0x00, 0x00, 0x00, 0x0f,
    0xf0, 0x00, 0x00, 0x00, 0x00, 0x00, 0x00, 0x34, 0x40, 0x00, 0x00, 0x06, 0xdf, 0xff, 0xe8, 0x00,
    0x06, 0xff, 0xcb, 0xcf, 0xf8, 0x00, 0xef, 0x90, 0x00, 0x6f, 0xf2, 0x4f, 0xf1, 0x00, 0x00, 0xcf,
    0x74, 0xfd, 0x00, 0x00, 0x0b, 0xf8, 0x4f, 0xb0, 0x00, 0x00, 0xbf, 0x84, 0xfb, 0x00, 0x00, 0x0b,
    0xf8, 0x4f, 0xb0, 0x00, 0x00, 0xbf, 0x84, 0xfb, 0x00, 0x00, 0x0b, 0xf8, 0x4f, 0xb0, 0x00, 0x00,
    0xbf, 0x84, 0xfb, 0x00, 0x00, 0x0b, 0xf8, 0x4f, 0xd0, 0x00, 0x00, 0xbf, 0x84, 0xff, 0x10, 0x00,
    0x0c, 0xf7, 0x0e, 0xf9, 0x00, 0x06, 0xff, 0x20, 0x5f, 0xfd, 0xbc, 0xff, 0x80, 0x00, 0x5d, 0xff,
    0xff, 0x80, 0x00, 0x00, 0x02, 0x4d, 0xf8, 0x00, 0x00, 0x00, 0x00, 0x4f, 0xf3, 0x00, 0x00, 0x00,
    0x00, 0xaf, 0xb0, 0x00, 0x00, 0x00, 0x02, 0xef, 0x70, 0x00, 0x00, 0x00, 0x00, 0x00, 0x00, 0x0f,
    0xff, 0xff, 0xfd, 0x80, 0x00, 0x0f, 0xff, 0xff, 0xff, 0xfa, 0x00, 0x0f, 0xf0, 0x00, 0x06, 0xff,
    0x60, 0x0f, 0xf0, 0x00, 0x00, 0x9f, 0xb0, 0x0f, 0xf0, 0x00, 0x00, 0x8f, 0xb0, 0x0f, 0xf0, 0x00,
    0x00, 0x8f, 0xb0, 0x0f, 0xf0, 0x00, 0x03, 0xef, 0x80, 0x0f, 0xfb, 0xbb, 0xbe, 0xfc, 0x10, 0x0f,
    0xff, 0xff, 0xff, 0xb1, 0x00, 0x0f, 0xf4, 0x47, 0xfe, 0x10, 0x00, 0x0f, 0xf0, 0x00, 0xdf, 0x80,
    0x00, 0x0f, 0xf0, 0x00, 0x6f, 0xe1, 0x00, 0x0f, 0xf0, 0x00, 0x0e, 0xf6, 0x00, 0x0f, 0xf0, 0x00,
    0x08, 0xfd, 0x00, 0x0f, 0xf0, 0x00, 0x01, 0xef, 0x60, 0x0f, 0xf0, 0x00, 0x00, 0x9f, 0xd0, 0x00,
    0x00, 0x34, 0x40, 0x00, 0x00, 0x05, 0xdf, 0xff, 0xe7, 0x00, 0x05, 0xff, 0xcb, 0xcf, 0xf8, 0x00,
    0xdf, 0x80, 0x00, 0x7f, 0xe1, 0x0f, 0xf1, 0x00, 0x00, 0xff, 0x41, 0xff, 0x10, 0x00, 0x00, 0x00,
    0x0d, 0xf8, 0x00, 0x00, 0x00, 0x00, 0x7f, 0xfc, 0x84, 0x00, 0x00, 0x00, 0x8f, 0xff, 0xfe, 0x80,
    0x00, 0x00, 0x27, 0xaf, 0xff, 0x90, 0x00, 0x00, 0x00, 0x07, 0xff, 0x40, 0x00, 0x00, 0x00, 0x09,
    0xf8, 0x48, 0x60, 0x00, 0x00, 0x8f, 0xb7, 0xfc, 0x00, 0x00, 0x08, 0xf9, 0x2f, 0xf7, 0x00, 0x04,
    0xef, 0x60, 0x8f, 0xfd, 0xbc, 0xff, 0xb0, 0x00, 0x6d, 0xff, 0xfe, 0x81, 0x00, 0x00, 0x02, 0x43,
    0x00, 0x00, 0x00, 0x00, 0x00, 0x00, 0x00, 0x00, 0xbf, 0xff, 0xff, 0xff, 0xff, 0xf0, 0xbf, 0xff,
    0xff, 0xff, 0xff, 0xf0, 0x00, 0x00, 0x8f, 0xb0, 0x00, 0x00, 0x00, 0x00, 0x8f, 0xb0, 0x00, 0x00,
    0x00, 0x00, 0x8f, 0xb0, 0x00, 0x00, 0x00, 0x00, 0x8f, 0xb0, 0x00, 0x00, 0x00, 0x00, 0x8f, 0xb0,
    0x00, 0x00, 0x00, 0x00, 0x8f, 0xb0, 0x00, 0x00, 0x00, 0x00, 0x8f, 0xb0, 0x00, 0x00, 0x00, 0x00,
    0x8f, 0xb0, 0x00, 0x00, 0x00, 0x00, 0x8f, 0xb0, 0x00, 0x00, 0x00, 0x00, 0x8f, 0xb0, 0x00, 0x00,
    0x00, 0x00, 0x8f, 0xb0, 0x00, 0x00, 0x00, 0x00, 0x8f, 0xb0, 0x00, 0x00, 0x00, 0x00, 0x8f, 0xb0,
    0x00, 0x00, 0x00, 0x00, 0x8f, 0xb0, 0x00, 0x00, 0x00, 0x00, 0x00, 0x00, 0x00, 0x00, 0xff, 0x00,
    0x00, 0x0b, 0xf4, 0x0f, 0xf0, 0x00, 0x00, 0xbf, 0x40, 0xff, 0x00, 0x00, 0x0b, 0xf4, 0x0f, 0xf0,
    0x00, 0x00, 0xbf, 0x40, 0xff, 0x00, 0x00, 0x0b, 0xf4, 0x0f, 0xf0, 0x00, 0x00, 0xbf, 0x40, 0xff,
    0x00, 0x00, 0x0b, 0xf4, 0x0f, 0xf0, 0x00, 0x00, 0xbf, 0x40, 0xff, 0x00, 0x00, 0x0b, 0xf4, 0x0f,
    0xf0, 0x00, 0x00, 0xbf, 0x40, 0xff, 0x00, 0x00, 0x0b, 0xf4, 0x0f, 0xf0, 0x00, 0x00, 0xbf, 0x40,
    0xff, 0x30, 0x00, 0x0f, 0xf4, 0x0c, 0xfa, 0x00, 0x07, 0xfe, 0x10, 0x4f, 0xfd, 0xbc, 0xff, 0x80,
    0x00, 0x5d, 0xff, 0xfe, 0x80, 0x00, 0x00, 0x02, 0x43, 0x00, 0x00, 0x00, 0x00, 0x00, 0x00, 0x00,
    0x00, 0xdf, 0x60, 0x00, 0x00, 0x3f, 0xf1, 0x8f, 0x90, 0x00, 0x00, 0x7f, 0xc0, 0x5f, 0xd0, 0x00,
    0x00, 0xaf, 0x80, 0x1f, 0xf2, 0x00, 0x00, 0xdf, 0x40, 0x0c, 0xf6, 0x00, 0x02, 0xff, 0x00, 0x08,
    0xf9, 0x00, 0x06, 0xfb, 0x00, 0x05, 0xfd, 0x00, 0x09, 0xf8, 0x00, 0x01, 0xff, 0x20, 0x0d, 0xf4,
    0x00, 0x00, 0xcf, 0x60, 0x2f, 0xf0, 0x00, 0x00, 0x8f, 0x90, 0x5f, 0xb0, 0x00, 0x00, 0x5f, 0xd0,
    0x8f, 0x70, 0x00, 0x00, 0x0f, 0xf2, 0xcf, 0x30, 0x00, 0x00, 0x0b, 0xf5, 0xfe, 0x00, 0x00, 0x00,
    0x08, 0xfb, 0xfa, 0x00, 0x00, 0x00, 0x04, 0xff, 0xf7, 0x00, 0x00, 0x00, 0x00, 0xff, 0xf3, 0x00,
    0x00, 0x00, 0x00, 0x00, 0x00, 0x00, 0x00, 0x08, 0xf7, 0x00, 0x8f, 0xb0, 0x03, 0xfb, 0x7f, 0x80,
    0x09, 0xdf, 0x00, 0x4f, 0x94, 0xf9, 0x00, 0xbb, 0xf0, 0x05, 0xf8, 0x4f, 0xb0, 0x0e, 0xbf, 0x40,
    0x8f, 0x60, 0xfb, 0x00, 0xf6, 0xf4, 0x08, 0xf4, 0x0f, 0xf0, 0x3f, 0x4f, 0x80, 0xaf, 0x30, 0xbf,
    0x04, 0xf1, 0xc8, 0x0b, 0xf0, 0x0b, 0xf2, 0x8f, 0x0b, 0xa0, 0xde, 0x00, 0x8f, 0x48, 0xc0, 0x9b,
    0x0f, 0xb0, 0x08, 0xf4, 0xbb, 0x08, 0xe0, 0xfa, 0x00, 0x6f, 0x8b, 0x80, 0x7f, 0x4f, 0x80, 0x04,
    0xf8, 0xf8, 0x04, 0xf7, 0xf8, 0x00, 0x2f, 0x9f, 0x50, 0x3f, 0x9f, 0x40, 0x00, 0xff, 0xf4, 0x00,
    0xfd, 0xf4, 0x00, 0x0e, 0xff, 0x00, 0x0f, 0xff, 0x00, 0x00, 0xbf, 0xf0, 0x00, 0xbf, 0xf0, 0x00,
    0x00, 0x00, 0x00, 0x00, 0x00, 0x00, 0x00, 0x9f, 0xd0, 0x00, 0x00, 0x8f, 0xc0, 0x02, 0xff, 0x60,
    0x00, 0x2e, 0xf4, 0x00, 0x08, 0xfd, 0x00, 0x09, 0xfb, 0x00, 0x00, 0x1e, 0xf6, 0x02, 0xff, 0x20,
    0x00, 0x00, 0x7f, 0xd0, 0x9f, 0x90, 0x00, 0x00, 0x00, 0xdf, 0x8f, 0xe1, 0x00, 0x00, 0x00, 0x06,
    0xff, 0xf8, 0x00, 0x00, 0x00, 0x00, 0x0c, 0xfe, 0x10, 0x00, 0x00, 0x00, 0x01, 0xef, 0xf4, 0x00,
    0x00, 0x00, 0x00, 0x8f, 0xef, 0xb0, 0x00, 0x00, 0x00, 0x2f, 0xf3, 0xef, 0x60, 0x00, 0x00, 0x09,
    0xf9, 0x08, 0xfd, 0x00, 0x00, 0x04, 0xff, 0x20, 0x1e, 0xf8, 0x00, 0x00, 0xbf, 0x80, 0x00, 0x6f,
    0xe1, 0x00, 0x6f, 0xe1, 0x00, 0x00, 0xdf, 0x80, 0x0d, 0xf8, 0x00, 0x00, 0x06, 0xff, 0x20, 0x00,
    0x00, 0x00, 0x00, 0x00, 0x00, 0x01, 0xef, 0x40, 0x00, 0x00, 0x1e, 0xf4, 0x08, 0xfb, 0x00, 0x00,
    0x08, 0xfb, 0x00, 0x2f, 0xf4, 0x00, 0x00, 0xef, 0x40, 0x00, 0x9f, 0x90, 0x00, 0x6f, 0xc0, 0x00,
    0x02, 0xff, 0x20, 0x0d, 0xf6, 0x00, 0x00, 0x09, 0xf9, 0x06, 0xfd, 0x00, 0x00, 0x00, 0x2f, 0xf2,
    0xcf, 0x60, 0x00, 0x00, 0x00, 0xaf, 0x9f, 0xd0, 0x00, 0x00, 0x00, 0x04, 0xff, 0xf6, 0x00, 0x00,
    0x00, 0x00, 0x0b, 0xfe, 0x10, 0x00, 0x00, 0x00, 0x00, 0x8f, 0xb0, 0x00, 0x00, 0x00, 0x00, 0x08,
    0xfb, 0x00, 0x00, 0x00, 0x00, 0x00, 0x8f, 0xb0, 0x00, 0x00, 0x00, 0x00, 0x08, 0xfb, 0x00, 0x00,
    0x00, 0x00, 0x00, 0x8f, 0xb0, 0x00, 0x00, 0x00, 0x00, 0x08, 0xfb, 0x00, 0x00, 0x00, 0x00, 0x00,
    0x00, 0x00, 0x00, 0x00, 0xff, 0xff, 0xff, 0xff, 0xf4, 0x0f, 0xff, 0xff, 0xff, 0xff, 0x40, 0x00,
    0x00, 0x00, 0x8f, 0xd0, 0x00, 0x00, 0x00, 0x2e, 0xf4, 0x00, 0x00, 0x00, 0x09, 0xfb, 0x00, 0x00,
    0x00, 0x04, 0xff, 0x20, 0x00, 0x00, 0x00, 0xcf, 0x80, 0x00, 0x00, 0x00, 0x7f, 0xd1, 0x00, 0x00,
    0x00, 0x1e, 0xf5, 0x00, 0x00, 0x00, 0x08, 0xfb, 0x00, 0x00, 0x00, 0x03, 0xff, 0x30, 0x00, 0x00,
    0x00, 0xbf, 0x80, 0x00, 0x00, 0x00, 0x6f, 0xe1, 0x00, 0x00, 0x00, 0x1d, 0xf6, 0x00, 0x00, 0x00,
    0x04, 0xff, 0xff, 0xff, 0xff, 0xf4, 0x4f, 0xff, 0xff, 0xff, 0xff, 0x40, 0x24, 0x44, 0x44, 0x8f,
    0xff, 0xff, 0x8f, 0xdb, 0xbb, 0x8f, 0x80, 0x00, 0x8f, 0x80, 0x00, 0x8f, 0x80, 0x00, 0x8f, 0x80,
    0x00, 0x8f, 0x80, 0x00, 0x8f, 0x80, 0x00, 0x8f, 0x80, 0x00, 0x8f, 0x80, 0x00, 0x8f, 0x80, 0x00,
    0x8f, 0x80, 0x00, 0x8f, 0x80, 0x00, 0x8f, 0x80, 0x00, 0x8f, 0x80, 0x00, 0x8f, 0x80, 0x00, 0x8f,
    0x80, 0x00, 0x8f, 0x80, 0x00, 0x8f, 0xb8, 0x88, 0x8f, 0xff, 0xff, 0x48, 0x88, 0x88, 0x24, 0x40,
    0x00, 0x00, 0x00, 0x02, 0xff, 0x20, 0x00, 0x00, 0x00, 0x0c, 0xf8, 0x00, 0x00, 0x00, 0x00, 0x6f,
    0xd0, 0x00, 0x00, 0x00, 0x01, 0xff, 0x40, 0x00, 0x00, 0x00, 0x09, 0xf9, 0x00, 0x00, 0x00, 0x00,
    0x5f, 0xf1, 0x00, 0x00, 0x00, 0x00, 0xdf, 0x60, 0x00, 0x00, 0x00, 0x08, 0xfc, 0x00, 0x00, 0x00,
    0x00, 0x2f, 0xf2, 0x00, 0x00, 0x00, 0x00, 0xbf, 0x80, 0x00, 0x00, 0x00, 0x06, 0xfd, 0x00, 0x00,
    0x00, 0x00, 0x1e, 0xf5, 0x00, 0x00, 0x00, 0x00, 0x9f, 0x90, 0x00, 0x00, 0x00, 0x04, 0xff, 0x10,
    0x00, 0x00, 0x00, 0x0d, 0xf6, 0x00, 0x00, 0x00, 0x00, 0x8f, 0xc0, 0x00, 0x00, 0x00, 0x02, 0xff,
    0x20, 0x00, 0x00, 0x00, 0x0b, 0xf8, 0x00, 0x00, 0x00, 0x00, 0x6f, 0xd0, 0x00, 0x00, 0x00, 0x01,
    0xef, 0x50, 0x00, 0x00, 0x00, 0x06, 0x84, 0x34, 0x44, 0x43, 0xbf, 0xff, 0xfb, 0x8b, 0xbd, 0xfb,
    0x00, 0x08, 0xfb, 0x00, 0x08, 0xfb, 0x00, 0x08, 0xfb, 0x00, 0x08, 0xfb, 0x00, 0x08, 0xfb, 0x00,
    0x08, 0xfb, 0x00, 0x08, 0xfb, 0x00, 0x08, 0xfb, 0x00, 0x08, 0xfb, 0x00, 0x08, 0xfb, 0x00, 0x08,
    0xfb, 0x00, 0x08, 0xfb, 0x00, 0x08, 0xfb, 0x00, 0x08, 0xfb, 0x00, 0x08, 0xfb, 0x00, 0x08, 0xfb,
    0x68, 0x8b, 0xfb, 0xbf, 0xff, 0xfb, 0x68, 0x88, 0x86, 0x00, 0x00, 0x00, 0x00, 0x00, 0x00, 0x00,
    0x09, 0xfd, 0x00, 0x00, 0x00, 0x02, 0xfd, 0xf6, 0x00, 0x00, 0x00, 0x9f, 0x6f, 0xc0, 0x00, 0x00,
    0x1e, 0xd0, 0x9f, 0x40, 0x00, 0x08, 0xf7, 0x03, 0xfa, 0x00, 0x00, 0xee, 0x10, 0x0b, 0xf2, 0x00,
    0x6f, 0x80, 0x00, 0x6f, 0x90, 0x0d, 0xf2, 0x00, 0x00, 0xdf, 0x12, 0x86, 0x00, 0x00, 0x05, 0x83,
    0x68, 0x88, 0x88, 0x88, 0x88, 0x8b, 0xff, 0xff, 0xff, 0xff, 0xff, 0x68, 0x88, 0x88, 0x88, 0x88,
    0x80, 0x24, 0x40, 0x00, 0x1c, 0xf8, 0x00, 0x03, 0xef, 0x40, 0x00, 0x4b, 0xa1, 0x00, 0x00, 0x44,
    0x41, 0x00, 0x00, 0x08, 0xef, 0xff, 0xf9, 0x10, 0x08, 0xff, 0xa8, 0x9e, 0xfa, 0x00, 0xef, 0x50,
    0x00, 0x4f, 0xf2, 0x00, 0x00, 0x00, 0x00, 0xff, 0x40, 0x00, 0x44, 0x44, 0x4f, 0xf4, 0x03, 0xdf,
    0xff, 0xff, 0xff, 0x42, 0xef, 0xa4, 0x44, 0x4f, 0xf4, 0x7f, 0xc0, 0x00, 0x00, 0xff, 0x48, 0xfb,
    0x00, 0x00, 0x0f, 0xf4, 0x7f, 0xe1, 0x00, 0x09, 0xef, 0x41, 0xef, 0xea, 0x9d, 0xdb, 0xf4, 0x03,
    0xdf, 0xff, 0xc3, 0xbf, 0x40, 0x00, 0x24, 0x20, 0x00, 0x00, 0x00, 0x00, 0x00, 0x00, 0x00, 0x00,
    0xff, 0x00, 0x00, 0x00, 0x00, 0x0f, 0xf0, 0x00, 0x00, 0x00, 0x00, 0xff, 0x00, 0x00, 0x00, 0x00,
    0x0f, 0xf0, 0x04, 0x43, 0x00, 0x00, 0xff, 0x2c, 0xff, 0xfb, 0x10, 0x0f, 0xfa, 0xc8, 0xaf, 0xfb,
    0x00, 0xff, 0xa0, 0x00, 0x4f, 0xf2, 0x0f, 0xf4, 0x00, 0x00, 0xdf, 0x40, 0xff, 0x00, 0x00, 0x0b,
    0xf4, 0x0f, 0xf0, 0x00, 0x00, 0xbf, 0x40, 0xff, 0x00, 0x00, 0x0b, 0xf4, 0x0f, 0xf0, 0x00, 0x00,
    0xbf, 0x40, 0xff, 0x40, 0x00, 0x0d, 0xf4, 0x0f, 0xf9, 0x00, 0x06, 0xff, 0x20, 0xff, 0x9d, 0xbc,
    0xff, 0x90, 0x0f, 0xf1, 0xbf, 0xff, 0x91, 0x00, 0x00, 0x00, 0x24, 0x10, 0x00, 0x00, 0x00, 0x34,
    0x42, 0x00, 0x00, 0x05, 0xdf, 0xff, 0xfa, 0x10, 0x05, 0xff, 0xd8, 0xae, 0xfc, 0x00, 0xcf, 0x90,
    0x00, 0x3e, 0xf6, 0x0f, 0xf2, 0x00, 0x00, 0x9f, 0x83, 0xff, 0x00, 0x00, 0x00, 0x00, 0x4f, 0xf0,
    0x00, 0x00, 0x00, 0x04, 0xff, 0x00, 0x00, 0x00, 0x00, 0x3f, 0xf0, 0x00, 0x00, 0x00, 0x00, 0xff,
    0x30, 0x00, 0x09, 0xf8, 0x0b, 0xfa, 0x10, 0x03, 0xef, 0x50, 0x3f, 0xfe, 0xbc, 0xff, 0xb0, 0x00,
    0x3b, 0xff, 0xfe, 0x81, 0x00, 0x00, 0x01, 0x44, 0x00, 0x00, 0x00, 0x00, 0x00, 0x00, 0x00, 0x00,
    0x00, 0x00, 0x00, 0x0f, 0xf4, 0x00, 0x00, 0x00, 0x00, 0xff, 0x40, 0x00, 0x00, 0x00, 0x0f, 0xf4,
    0x00, 0x02, 0x44, 0x00, 0xff, 0x40, 0x08, 0xff, 0xfe, 0x3f, 0xf4, 0x08, 0xff, 0xc8, 0xbd, 0xff,
    0x40, 0xef, 0x70, 0x00, 0x7e, 0xf4, 0x2f, 0xf1, 0x00, 0x00, 0xff, 0x44, 0xff, 0x00, 0x00, 0x0f,
    0xf4, 0x4f, 0xf0, 0x00, 0x00, 0xff, 0x44, 0xff, 0x00, 0x00, 0x0f, 0xf4, 0x4f, 0xf0, 0x00, 0x00,
    0xff, 0x42, 0xff, 0x10, 0x00, 0x1f, 0xf4, 0x0e, 0xf8, 0x00, 0x08, 0xff, 0x40, 0x8f, 0xfc, 0xbc,
    0xdf, 0xf4, 0x00, 0x8f, 0xff, 0xd3, 0xff, 0x40, 0x00, 0x14, 0x30, 0x00, 0x00, 0x00, 0x00, 0x44,
    0x41, 0x00, 0x00, 0x06, 0xef, 0xff, 0xe8, 0x00, 0x05, 0xff, 0x98, 0x8e, 0xf8, 0x00, 0xdf, 0x70,
    0x00, 0x3f, 0xf2, 0x3f, 0xf0, 0x00, 0x00, 0xbf, 0x64, 0xff, 0x00, 0x00, 0x0b, 0xf8, 0x4f, 0xff,
    0xff, 0xff, 0xff, 0x84, 0xff, 0x88, 0x88, 0x88, 0x84, 0x4f, 0xf0, 0x00, 0x00, 0x00, 0x02, 0xff,
    0x10, 0x00, 0x00, 0x00, 0x0d, 0xf8, 0x00, 0x03, 0xff, 0x30, 0x4f, 0xfc, 0xbb, 0xff, 0x90, 0x00,
    0x4d, 0xff, 0xfe, 0x80, 0x00, 0x00, 0x02, 0x43, 0x00, 0x00, 0x00, 0x00, 0x00, 0x00, 0x00, 0x00,
    0x00, 0x03, 0xbf, 0xff, 0xfb, 0x00, 0x01, 0xef, 0xff, 0xff, 0xb0, 0x00, 0x4f, 0xe1, 0x00, 0x00,
    0x00, 0x04, 0xfb, 0x00, 0x00, 0x00, 0x00, 0x4f, 0xb0, 0x00, 0x00, 0x68, 0x89, 0xfd, 0x88, 0x88,
    0x6b, 0xff, 0xff, 0xff, 0xff, 0xfb, 0x68, 0x89, 0xfd, 0x88, 0x88, 0x60, 0x00, 0x4f, 0xb0, 0x00,
    0x00, 0x00, 0x04, 0xfb, 0x00, 0x00, 0x00, 0x00, 0x4f, 0xb0, 0x00, 0x00, 0x00, 0x04, 0xfb, 0x00,
    0x00, 0x00, 0x00, 0x4f, 0xb0, 0x00, 0x00, 0x00, 0x04, 0xfb, 0x00, 0x00, 0x00, 0x00, 0x4f, 0xb0,
    0x00, 0x00, 0x00, 0x04, 0xfb, 0x00, 0x00, 0x00, 0x00, 0x02, 0x44, 0x10, 0x00, 0x00, 0x08, 0xff,
    0xfe, 0x3f, 0xf4, 0x08, 0xff, 0xc8, 0xbe, 0xff, 0x40, 0xef, 0x80, 0x00, 0x7f, 0xf4, 0x2f, 0xf1,
    0x00, 0x00, 0xff, 0x44, 0xff, 0x00, 0x00, 0x0f, 0xf4, 0x4f, 0xf0, 0x00, 0x00, 0xff, 0x44, 0xff,
    0x00, 0x00, 0x0f, 0xf4, 0x1f, 0xf1, 0x00, 0x01, 0xff, 0x40, 0xdf, 0x90, 0x00, 0x8e, 0xf4, 0x07,
    0xff, 0xcb, 0xcd, 0xff, 0x40, 0x08, 0xef, 0xfd, 0x3f, 0xf4, 0x00, 0x00, 0x43, 0x00, 0xff, 0x40,
    0x00, 0x00, 0x00, 0x0f, 0xf4, 0x00, 0x00, 0x00, 0x19, 0xfe, 0x00, 0x08, 0xff, 0xff, 0xff, 0x60,
    0x00, 0x8f, 0xff, 0xfa, 0x50, 0x00, 0x00, 0x00, 0x00, 0x00, 0x00, 0x00, 0xff, 0x00, 0x00, 0x00,
    0x00, 0x0f, 0xf0, 0x00, 0x00, 0x00, 0x00, 0xff, 0x00, 0x00, 0x00, 0x00, 0x0f, 0xf0, 0x04, 0x43,
    0x00, 0x00, 0xff, 0x3d, 0xff, 0xfb, 0x10, 0x0f, 0xfa, 0xc8, 0x9f, 0xfb, 0x00, 0xff, 0x90, 0x00,
    0x6f, 0xf2, 0x0f, 0xf4, 0x00, 0x00, 0xff, 0x40, 0xff, 0x00, 0x00, 0x0b, 0xf4, 0x0f, 0xf0, 0x00,
    0x00, 0xbf, 0x40, 0xff, 0x00, 0x00, 0x0b, 0xf4, 0x0f, 0xf0, 0x00, 0x00, 0xbf, 0x40, 0xff, 0x00,
    0x00, 0x0b, 0xf4, 0x0f, 0xf0, 0x00, 0x00, 0xbf, 0x40, 0xff, 0x00, 0x00, 0x0b, 0xf4, 0x0f, 0xf0,
    0x00, 0x00, 0xbf, 0x40, 0x00, 0x00, 0x01, 0x10, 0x00, 0x00, 0x00, 0x00, 0x5f, 0xf5, 0x00, 0x00,
    0x00, 0x00, 0xaf, 0xf8, 0x00, 0x00, 0x00, 0x00, 0x3a, 0xa2, 0x00, 0x00, 0x00, 0x00, 0x00, 0x00,
    0x00, 0x00, 0x00, 0x00, 0x00, 0x00, 0x00, 0x00, 0x0b, 0xff, 0xff, 0xf4, 0x00, 0x00, 0x0b, 0xff,
    0xff, 0xf4, 0x00, 0x00, 0x00, 0x00, 0x0f, 0xf4, 0x00, 0x00, 0x00, 0x00, 0x0f, 0xf4, 0x00, 0x00,
    0x00, 0x00, 0x0f, 0xf4, 0x00, 0x00, 0x00, 0x00, 0x0f, 0xf4, 0x00, 0x00, 0x00, 0x00, 0x0f, 0xf4,
    0x00, 0x00, 0x00, 0x00, 0x0f, 0xf4, 0x00, 0x00, 0x00, 0x00, 0x0f, 0xf4, 0x00, 0x00, 0x00, 0x00,
    0x0f, 0xf4, 0x00, 0x00, 0x4f, 0xff, 0xff, 0xff, 0xff, 0xf4, 0x4f, 0xff, 0xff, 0xff, 0xff, 0xf4,
    0x00, 0x00, 0x00, 0x02, 0x00, 0x00, 0x00, 0x01, 0xdf, 0xb0, 0x00, 0x00, 0x04, 0xff, 0xf0, 0x00,
    0x00, 0x00, 0x8b, 0x60, 0x00, 0x00, 0x00, 0x00, 0x00, 0x00, 0x00, 0x00, 0x00, 0x00, 0x4f, 0xff,
    0xff, 0xff, 0xb0, 0x4f, 0xff, 0xff, 0xff, 0xb0, 0x00, 0x00, 0x00, 0x8f, 0xb0, 0x00, 0x00, 0x00,
    0x8f, 0xb0, 0x00, 0x00, 0x00, 0x8f, 0xb0, 0x00, 0x00, 0x00, 0x8f, 0xb0, 0x00, 0x00, 0x00, 0x8f,
    0xb0, 0x00, 0x00, 0x00, 0x8f, 0xb0, 0x00, 0x00, 0x00, 0x8f, 0xb0, 0x00, 0x00, 0x00, 0x8f, 0xb0,
    0x00, 0x00, 0x00, 0x8f, 0xb0, 0x00, 0x00, 0x00, 0x8f, 0xb0, 0x00, 0x00, 0x00, 0xbf, 0x80, 0x00,
    0x00, 0x18, 0xff, 0x40, 0x0f, 0xff, 0xff, 0xf8, 0x00, 0x0f, 0xff, 0xfa, 0x50, 0x00, 0x00, 0x00,
    0x00, 0x00, 0x00, 0x0f, 0xf4, 0x00, 0x00, 0x00, 0x00, 0xff, 0x40, 0x00, 0x00, 0x00, 0x0f, 0xf4,
    0x00, 0x00, 0x00, 0x00, 0xff, 0x40, 0x00, 0x00, 0x00, 0x0f, 0xf4, 0x00, 0x00, 0xaf, 0xb0, 0xff,
    0x40, 0x00, 0x5f, 0xe2, 0x0f, 0xf4, 0x00, 0x1e, 0xf7, 0x00, 0xff, 0x40, 0x0a, 0xfc, 0x00, 0x0f,
    0xf7, 0x47, 0xff, 0x30, 0x00, 0xff, 0xff, 0xff, 0x80, 0x00, 0x0f, 0xfc, 0xbd, 0xfd, 0x00, 0x00,
    0xff, 0x40, 0x1e, 0xf8, 0x00, 0x0f, 0xf4, 0x00, 0x6f, 0xf3, 0x00, 0xff, 0x40, 0x00, 0xbf, 0xb0,
    0x0f, 0xf4, 0x00, 0x02, 0xef, 0x70, 0xff, 0x40, 0x00, 0x08, 0xfe, 0x20, 0x00, 0x00, 0x00, 0x00,
    0x00, 0x00, 0x04, 0xff, 0xff, 0xff, 0x00, 0x00, 0x00, 0x4f, 0xff, 0xff, 0xf0, 0x00, 0x00, 0x00,
    0x00, 0x04, 0xff, 0x00, 0x00, 0x00, 0x00, 0x00, 0x4f, 0xf0, 0x00, 0x00, 0x00, 0x00, 0x04, 0xff,
    0x00, 0x00, 0x00, 0x00, 0x00, 0x4f, 0xf0, 0x00, 0x00, 0x00, 0x00, 0x04, 0xff, 0x00, 0x00, 0x00,
    0x00, 0x00, 0x4f, 0xf0, 0x00, 0x00, 0x00, 0x00, 0x04, 0xff, 0x00, 0x00, 0x00, 0x00, 0x00, 0x4f,
    0xf0, 0x00, 0x00, 0x00, 0x00, 0x04, 0xff, 0x00, 0x00, 0x00, 0x00, 0x00, 0x4f, 0xf0, 0x00, 0x00,
    0x00, 0x00, 0x04, 0xff, 0x00, 0x00, 0x00, 0x00, 0x00, 0x2f, 0xf6, 0x00, 0x00, 0x00, 0x00, 0x00,
    0xaf, 0xff, 0xff, 0xf4, 0x00, 0x00, 0x01, 0x8e, 0xff, 0xff, 0x40, 0x00, 0x03, 0x40, 0x02, 0x41,
    0x0b, 0xf6, 0xff, 0xc5, 0xff, 0xe3, 0xbf, 0xa6, 0xcf, 0xd5, 0xaf, 0xab, 0xf4, 0x05, 0xf8, 0x01,
    0xff, 0xbf, 0x40, 0x4f, 0x80, 0x0f, 0xfb, 0xf4, 0x04, 0xf8, 0x00, 0xff, 0xbf, 0x40, 0x4f, 0x80,
    0x0f, 0xfb, 0xf4, 0x04, 0xf8, 0x00, 0xff, 0xbf, 0x40, 0x4f, 0x80, 0x0f, 0xfb, 0xf4, 0x04, 0xf8,
    0x00, 0xff, 0xbf, 0x40, 0x4f, 0x80, 0x0f, 0xfb, 0xf4, 0x04, 0xf8, 0x00, 0xff, 0xbf, 0x40, 0x4f,
    0x80, 0x0f, 0xf0, 0x00, 0x00, 0x04, 0x43, 0x00, 0x00, 0xff, 0x3d, 0xff, 0xfb, 0x10, 0x0f, 0xfa,
    0xc8, 0x9f, 0xfb, 0x00, 0xff, 0x90, 0x00, 0x6f, 0xf2, 0x0f, 0xf4, 0x00, 0x00, 0xff, 0x40, 0xff,
    0x00, 0x00, 0x0b, 0xf4, 0x0f, 0xf0, 0x00, 0x00, 0xbf, 0x40, 0xff, 0x00, 0x00, 0x0b, 0xf4, 0x0f,
    0xf0, 0x00, 0x00, 0xbf, 0x40, 0xff, 0x00, 0x00, 0x0b, 0xf4, 0x0f, 0xf0, 0x00, 0x00, 0xbf, 0x40,
    0xff, 0x00, 0x00, 0x0b, 0xf4, 0x0f, 0xf0, 0x00, 0x00, 0xbf, 0x40, 0x00, 0x00, 0x34, 0x40, 0x00,
    0x00, 0x05, 0xdf, 0xff, 0xe8, 0x00, 0x05, 0xff, 0xcb, 0xcf, 0xf8, 0x00, 0xdf, 0x80, 0x00, 0x6f,
    0xf2, 0x3f, 0xf1, 0x00, 0x00, 0xcf, 0x54, 0xff, 0x00, 0x00, 0x0b, 0xf8, 0x4f, 0xf0, 0x00, 0x00,
    0xbf, 0x84, 0xff, 0x00, 0x00, 0x0b, 0xf8, 0x4f, 0xf0, 0x00, 0x00, 0xbf, 0x82, 0xff, 0x10, 0x00,
    0x0d, 0xf5, 0x0d, 0xf9, 0x00, 0x06, 0xff, 0x10, 0x5f, 0xfd, 0xbd, 0xff, 0x80, 0x00, 0x4c, 0xff,
    0xfd, 0x50, 0x00, 0x00, 0x01, 0x42, 0x00, 0x00, 0x00, 0x00, 0x04, 0x43, 0x00, 0x00, 0xff, 0x1c,
    0xff, 0xfb, 0x10, 0x0f, 0xfa, 0xc8, 0xaf, 0xfb, 0x00, 0xff, 0x90, 0x00, 0x4f, 0xf2, 0x0f, 0xf4,
    0x00, 0x00, 0xdf, 0x40, 0xff, 0x00, 0x00, 0x0b, 0xf4, 0x0f, 0xf0, 0x00, 0x00, 0xbf, 0x40, 0xff,
    0x00, 0x00, 0x0b, 0xf4, 0x0f, 0xf0, 0x00, 0x00, 0xbf, 0x40, 0xff, 0x40, 0x00, 0x0d, 0xf4, 0x0f,
    0xf9, 0x00, 0x06, 0xff, 0x20, 0xff, 0x9d, 0xbc, 0xff, 0x90, 0x0f, 0xf1, 0xbf, 0xff, 0x91, 0x00,
    0xff, 0x00, 0x24, 0x10, 0x00, 0x0f, 0xf0, 0x00, 0x00, 0x00, 0x00, 0xff, 0x00, 0x00, 0x00, 0x00,
    0x0f, 0xf0, 0x00, 0x00, 0x00, 0x00, 0x00, 0x02, 0x44, 0x00, 0x00, 0x00, 0x08, 0xff, 0xfe, 0x3f,
    0xf4, 0x08, 0xff, 0xc8, 0xbd, 0xff, 0x40, 0xef, 0x70, 0x00, 0x7f, 0xf4, 0x2f, 0xf1, 0x00, 0x00,
    0xff, 0x44, 0xff, 0x00, 0x00, 0x0f, 0xf4, 0x4f, 0xf0, 0x00, 0x00, 0xff, 0x44, 0xff, 0x00, 0x00,
    0x0f, 0xf4, 0x4f, 0xf0, 0x00, 0x00, 0xff, 0x42, 0xff, 0x10, 0x00, 0x1f, 0xf4, 0x0e, 0xf8, 0x00,
    0x08, 0xef, 0x40, 0x8f, 0xfc, 0xbc, 0xcf, 0xf4, 0x00, 0x8f, 0xff, 0xd3, 0xff, 0x40, 0x00, 0x14,
    0x30, 0x0f, 0xf4, 0x00, 0x00, 0x00, 0x00, 0xff, 0x40, 0x00, 0x00, 0x00, 0x0f, 0xf4, 0x00, 0x00,
    0x00, 0x00, 0xff, 0x40, 0x00, 0x00, 0x24, 0x41, 0x00, 0x8f, 0x88, 0xff, 0xfe, 0x60, 0x8f, 0xae,
    0x98, 0xdf, 0xf4, 0x8f, 0xe3, 0x00, 0x1c, 0xf8, 0x8f, 0x90, 0x00, 0x08, 0xfb, 0x8f, 0x80, 0x00,
    0x08, 0xfb, 0x8f, 0x80, 0x00, 0x02, 0x43, 0x8f, 0x80, 0x00, 0x00, 0x00, 0x8f, 0x80, 0x00, 0x00,
    0x00, 0x8f, 0x80, 0x00, 0x00, 0x00, 0x8f, 0x80, 0x00, 0x00, 0x00, 0x8f, 0x80, 0x00, 0x00, 0x00,
    0x8f, 0x80, 0x00, 0x00, 0x00, 0x00, 0x01, 0x44, 0x42, 0x00, 0x00, 0x1b, 0xff, 0xff, 0xfb, 0x10,
    0x0a, 0xfe, 0x88, 0x8d, 0xfc, 0x00, 0xff, 0x30, 0x00, 0x1f, 0xf4, 0x0f, 0xf1, 0x00, 0x00, 0x00,
    0x00, 0xdf, 0xc8, 0x43, 0x00, 0x00, 0x05, 0xff, 0xff, 0xff, 0xb3, 0x00, 0x02, 0x78, 0xbd, 0xff,
    0xd1, 0x00, 0x00, 0x00, 0x02, 0xef, 0x51, 0x44, 0x00, 0x00, 0x0b, 0xf8, 0x2f, 0xf3, 0x00, 0x01,
    0xdf, 0x50, 0xbf, 0xfb, 0xbb, 0xef, 0xd1, 0x01, 0x9f, 0xff, 0xff, 0xb2, 0x00, 0x00, 0x03, 0x44,
    0x00, 0x00, 0x00, 0x00, 0x48, 0x40, 0x00, 0x00, 0x00, 0x00, 0x8f, 0x80, 0x00, 0x00, 0x00, 0x00,
    0x8f, 0x80, 0x00, 0x00, 0x00, 0x00, 0x8f, 0x80, 0x00, 0x00, 0x0f, 0xff, 0xff, 0xff, 0xff, 0xf8,
    0x0f, 0xff, 0xff, 0xff, 0xff, 0xf8, 0x00, 0x00, 0x8f, 0x80, 0x00, 0x00, 0x00, 0x00, 0x8f, 0x80,
    0x00, 0x00, 0x00, 0x00, 0x8f, 0x80, 0x00, 0x00, 0x00, 0x00, 0x8f, 0x80, 0x00, 0x00, 0x00, 0x00,
    0x8f, 0x80, 0x00, 0x00, 0x00, 0x00, 0x8f, 0x80, 0x00, 0x00, 0x00, 0x00, 0x8f, 0x80, 0x00, 0x00,
    0x00, 0x00, 0x8f, 0xd1, 0x00, 0x00, 0x00, 0x00, 0x2e, 0xff, 0xff, 0xf8, 0x00, 0x00, 0x04, 0xcf,
    0xff, 0xf8, 0x00, 0x00, 0x00, 0x00, 0x00, 0x00, 0xff, 0x00, 0x00, 0x0b, 0xf4, 0x0f, 0xf0, 0x00,
    0x00, 0xbf, 0x40, 0xff, 0x00, 0x00, 0x0b, 0xf4, 0x0f, 0xf0, 0x00, 0x00, 0xbf, 0x40, 0xff, 0x00,
    0x00, 0x0b, 0xf4, 0x0f, 0xf0, 0x00, 0x00, 0xbf, 0x40, 0xff, 0x00, 0x00, 0x0b, 0xf4, 0x0f, 0xf0,
    0x00, 0x00, 0xcf, 0x40, 0xff, 0x30, 0x00, 0x0f, 0xf4, 0x0b, 0xfa, 0x00, 0x08, 0xfe, 0x00, 0x4f,
    0xfd, 0xbc, 0xff, 0x60, 0x00, 0x4d, 0xff, 0xfd, 0x50, 0x00, 0x00, 0x02, 0x43, 0x00, 0x00, 0x00,
    0x00, 0x00, 0x00, 0x00, 0x00, 0xaf, 0x90, 0x00, 0x00, 0x6f, 0xe0, 0x6f, 0xe0, 0x00, 0x00, 0xaf,
    0x80, 0x1f, 0xf4, 0x00, 0x01, 0xff, 0x30, 0x0a, 0xf8, 0x00, 0x06, 0xfd, 0x00, 0x06, 0xfd, 0x00,
    0x0a, 0xf8, 0x00, 0x01, 0xff, 0x30, 0x0e, 0xf3, 0x00, 0x00, 0xaf, 0x80, 0x5f, 0xd0, 0x00, 0x00,
    0x5f, 0xd0, 0x9f, 0x80, 0x00, 0x00, 0x0e, 0xf3, 0xef, 0x30, 0x00, 0x00, 0x09, 0xf9, 0xfd, 0x00,
    0x00, 0x00, 0x05, 0xfe, 0xf8, 0x00, 0x00, 0x00, 0x00, 0xef, 0xf3, 0x00, 0x00, 0x00, 0x00, 0x00,
    0x00, 0x00, 0x00, 0x04, 0xf8, 0x00, 0x8f, 0xb0, 0x04, 0xf8, 0x3f, 0xa0, 0x0b, 0xee, 0x00, 0x6f,
    0x50, 0xfb, 0x00, 0xdb, 0xf1, 0x08, 0xf3, 0x0c, 0xf0, 0x1f, 0x8f, 0x40, 0xbf, 0x00, 0xaf, 0x14,
    0xf3, 0xf8, 0x0c, 0xc0, 0x08, 0xf4, 0x7f, 0x0c, 0x90, 0xfa, 0x00, 0x5f, 0x68, 0xc0, 0xab, 0x2f,
    0x80, 0x03, 0xf8, 0xba, 0x08, 0xf4, 0xf5, 0x00, 0x0f, 0xbf, 0x80, 0x5f, 0x9f, 0x30, 0x00, 0xcb,
    0xf5, 0x03, 0xfb, 0xf0, 0x00, 0x0b, 0xef, 0x30, 0x0f, 0xec, 0x00, 0x00, 0x8f, 0xf0, 0x00, 0xdf,
    0x90, 0x00, 0x00, 0x00, 0x00, 0x00, 0x00, 0x00, 0x5f, 0xf4, 0x00, 0x01, 0xef, 0x80, 0x08, 0xfc,
    0x00, 0x09, 0xfc, 0x00, 0x01, 0xdf, 0x80, 0x4f, 0xf3, 0x00, 0x00, 0x4f, 0xf2, 0xdf, 0x80, 0x00,
    0x00, 0x08, 0xfd, 0xfc, 0x00, 0x00, 0x00, 0x01, 0xdf, 0xf3, 0x00, 0x00, 0x00, 0x03, 0xff, 0xf7,
    0x00, 0x00, 0x00, 0x1d, 0xf8, 0xfe, 0x20, 0x00, 0x00, 0x8f, 0xc0, 0x9f, 0xb0, 0x00, 0x04, 0xff,
    0x30, 0x1e, 0xf8, 0x00, 0x1d, 0xf8, 0x00, 0x05, 0xff, 0x30, 0xaf, 0xd1, 0x00, 0x00, 0xaf, 0xc0,
    0x00, 0x00, 0x00, 0x00, 0x00, 0x00, 0x9f, 0x90, 0x00, 0x00, 0x6f, 0xd0, 0x4f, 0xf1, 0x00, 0x00,
    0xbf, 0x80, 0x0d, 0xf6, 0x00, 0x02, 0xff, 0x20, 0x07, 0xfc, 0x00, 0x07, 0xfc, 0x00, 0x02, 0xff,
    0x20, 0x0c, 0xf6, 0x00, 0x00, 0xaf, 0x80, 0x3f, 0xf1, 0x00, 0x00, 0x5f, 0xe0, 0x8f, 0x90, 0x00,
    0x00, 0x0d, 0xf5, 0xdf, 0x50, 0x00, 0x00, 0x08, 0xfc, 0xfd, 0x00, 0x00, 0x00, 0x02, 0xff, 0xf8,
    0x00, 0x00, 0x00, 0x00, 0xaf, 0xf2, 0x00, 0x00, 0x00, 0x00, 0x8f, 0xc0, 0x00, 0x00, 0x00, 0x00,
    0xdf, 0x60, 0x00, 0x00, 0x00, 0x03, 0xff, 0x10, 0x00, 0x00, 0x00, 0x09, 0xf9, 0x00, 0x00, 0x00,
    0x00, 0x0e, 0xf5, 0x00, 0x00, 0x00, 0x00, 0x00, 0x00, 0x00, 0x00, 0x00, 0xff, 0xff, 0xff, 0xff,
    0xf0, 0x0b, 0xbb, 0xbb, 0xbd, 0xff, 0x00, 0x00, 0x00, 0x01, 0xdf, 0x90, 0x00, 0x00, 0x00, 0xcf,
    0xc0, 0x00, 0x00, 0x00, 0x9f, 0xd1, 0x00, 0x00, 0x00, 0x7f, 0xe3, 0x00, 0x00, 0x00, 0x5f, 0xf4,
    0x00, 0x00, 0x00, 0x3e, 0xf6, 0x00, 0x00, 0x00, 0x1c, 0xf9, 0x00, 0x00, 0x00, 0x0b, 0xfa, 0x00,
    0x00, 0x00, 0x00, 0xff, 0xff, 0xff, 0xff, 0xf4, 0x0f, 0xff, 0xff, 0xff, 0xff, 0x40, 0x00, 0x00,
    0x00, 0x01, 0x44, 0x10, 0x00, 0x00, 0x19, 0xff, 0xf4, 0x00, 0x00, 0x09, 0xff, 0xbb, 0x30, 0x00,
    0x00, 0xff, 0x70, 0x00, 0x00, 0x00, 0x0f, 0xf4, 0x00, 0x00, 0x00, 0x00, 0xff, 0x40, 0x00, 0x00,
    0x00, 0x0c, 0xf4, 0x00, 0x00, 0x00, 0x00, 0xbf, 0x80, 0x00, 0x00, 0x00, 0x0b, 0xf8, 0x00, 0x00,
    0x00, 0x02, 0xef, 0x40, 0x00, 0x4f, 0xff, 0xfd, 0x50, 0x00, 0x04, 0xff, 0xff, 0xc5, 0x00, 0x00,
    0x00, 0x00, 0x5e, 0xf3, 0x00, 0x00, 0x00, 0x00, 0xbf, 0x80, 0x00, 0x00, 0x00, 0x0b, 0xf8, 0x00,
    0x00, 0x00, 0x00, 0xbf, 0x40, 0x00, 0x00, 0x00, 0x0f, 0xf4, 0x00, 0x00, 0x00, 0x00, 0xff, 0x40,
    0x00, 0x00, 0x00, 0x0f, 0xf5, 0x00, 0x00, 0x00, 0x00, 0xbf, 0xe8, 0x82, 0x00, 0x00, 0x02, 0xcf,
    0xff, 0x40, 0x00, 0x00, 0x00, 0x37, 0x82, 0x24, 0x38, 0xfb, 0x8f, 0xb8, 0xfb, 0x8f, 0xb8, 0xfb,
    0x8f, 0xb8, 0xfb, 0x8f, 0xb8, 0xfb, 0x8f, 0xb8, 0xfb, 0x8f, 0xb8, 0xfb, 0x8f, 0xb8, 0xfb, 0x8f,
    0xb8, 0xfb, 0x8f, 0xb8, 0xfb, 0x8f, 0xb4, 0x86, 0x44, 0x20, 0x00, 0x00, 0x00, 0xff, 0xfb, 0x30,
    0x00, 0x00, 0xbb, 0xef, 0xd0, 0x00, 0x00, 0x00, 0x3f, 0xf4, 0x00, 0x00, 0x00, 0x0f, 0xf4, 0x00,
    0x00, 0x00, 0x1f, 0xf1, 0x00, 0x00, 0x00, 0x4f, 0xf0, 0x00, 0x00, 0x00, 0x6f, 0xb0, 0x00, 0x00,
    0x00, 0x8f, 0xb0, 0x00, 0x00, 0x00, 0x6f, 0xd2, 0x00, 0x00, 0x00, 0x08, 0xef, 0xff, 0xf8, 0x00,
    0x06, 0xef, 0xff, 0xf8, 0x00, 0x4f, 0xe5, 0x00, 0x00, 0x00, 0x8f, 0xb0, 0x00, 0x00, 0x00, 0x7f,
    0xb0, 0x00, 0x00, 0x00, 0x4f, 0xe0, 0x00, 0x00, 0x00, 0x2f, 0xf0, 0x00, 0x00, 0x00, 0x0f, 0xf4,
    0x00, 0x00, 0x00, 0x1f, 0xf4, 0x00, 0x00, 0x88, 0xdf, 0xe1, 0x00, 0x00, 0xff, 0xfe, 0x30, 0x00,
    0x00, 0x88, 0x40, 0x00, 0x00, 0x00, 0x00, 0x00, 0x00, 0x00, 0x00, 0x00, 0x8e, 0xfe, 0x50, 0x04,
    0xfb, 0x4f, 0xeb, 0xff, 0x30, 0x4f, 0xb8, 0xf8, 0x06, 0xfe, 0x58, 0xfa, 0x8f, 0x80, 0x09, 0xff,
    0xfe, 0x34, 0x84, 0x00, 0x05, 0x88, 0x20, 0x01, 0x42, 0x00, 0xef, 0xe2, 0x0f, 0xff, 0x30, 0x48,
    0x60, 0x00, 0x00, 0x00, 0x14, 0x20, 0x08, 0xf8, 0x00, 0x8f, 0x80, 0x08, 0xfb, 0x00, 0x8f, 0xb0,
    0x08, 0xfb, 0x00, 0x8f, 0xb0, 0x08, 0xfb, 0x00, 0x8f, 0xb0, 0x08, 0xfb, 0x00, 0x8f, 0xb0, 0x0b,
    0xfb, 0x00, 0x00, 0x00, 0x04, 0x10, 0x00, 0x00, 0x00, 0x00, 0xf4, 0x00, 0x00, 0x00, 0x00, 0x0f,
    0x40, 0x00, 0x00, 0x00, 0x03, 0xf7, 0x20, 0x00, 0x00, 0x5d, 0xff, 0xff, 0x91, 0x00, 0x5f, 0xfd,
    0xfc, 0xff, 0xc0, 0x0c, 0xf9, 0x0f, 0x43, 0xef, 0x60, 0xff, 0x20, 0xf4, 0x09, 0xf8, 0x3f, 0xf0,
    0x0f, 0x40, 0x00, 0x04, 0xff, 0x00, 0xf4, 0x00, 0x00, 0x4f, 0xf0, 0x0f, 0x40, 0x00, 0x03, 0xff,
    0x00, 0xf4, 0x00, 0x00, 0x0f, 0xf3, 0x0f, 0x40, 0x9f, 0x80, 0xbf, 0xa1, 0xf4, 0x3f, 0xf5, 0x03,
    0xff, 0xef, 0xcf, 0xfb, 0x00, 0x03, 0xcf, 0xff, 0xe8, 0x10, 0x00, 0x00, 0x1f, 0x70, 0x00, 0x00,
    0x00, 0x00, 0xf4, 0x00, 0x00, 0x00, 0x00, 0x0f, 0x40, 0x00, 0x00, 0x00, 0x00, 0x00, 0x00, 0x00,
    0x00, 0x00, 0x44, 0x40, 0x00, 0x00, 0x07, 0xef, 0xff, 0xf8, 0x00, 0x08, 0xff, 0xcb, 0xcf, 0xf9,
    0x00, 0xef, 0x70, 0x00, 0x6f, 0xf3, 0x4f, 0xf0, 0x00, 0x00, 0xef, 0x63, 0xff, 0x00, 0x00, 0x00,
    0x00, 0x0d, 0xf6, 0x00, 0x00, 0x00, 0x00, 0x6f, 0xe2, 0x00, 0x00, 0x00, 0x28, 0xef, 0xb8, 0x88,
    0x40, 0x04, 0xff, 0xff, 0xff, 0xf8, 0x00, 0x14, 0x4f, 0xf7, 0x44, 0x20, 0x00, 0x00, 0xff, 0x30,
    0x00, 0x00, 0x00, 0x6f, 0xe0, 0x00, 0x00, 0x00, 0x3e, 0xf6, 0x00, 0x00, 0x00, 0x2e, 0xf6, 0x00,
    0x00, 0x00, 0x04, 0xff, 0xff, 0xff, 0xff, 0xfb, 0x4f, 0xff, 0xff, 0xff, 0xff, 0xb0, 0x03, 0xb1,
    0x00, 0x00, 0x00, 0x63, 0x00, 0xdf, 0xc3, 0x8a, 0x84, 0x6f, 0xe1, 0x03, 0xef, 0xff, 0xff, 0xff,
    0xf6, 0x00, 0x06, 0xfc, 0x20, 0x2a, 0xf9, 0x00, 0x00, 0xaf, 0x20, 0x00, 0x0d, 0xe0, 0x00, 0x0e,
    0xc0, 0x00, 0x00, 0x9f, 0x00, 0x00, 0xcd, 0x00, 0x00, 0x0a, 0xf0, 0x00, 0x09, 0xf6, 0x00, 0x03,
    0xfb, 0x00, 0x00, 0x7f, 0xf9, 0x78, 0xef, 0xa0, 0x00, 0x6f, 0xfc, 0xff, 0xfd, 0xef, 0x90, 0x09,
    0xf6, 0x02, 0x43, 0x03, 0xec, 0x10, 0x04, 0x00, 0x00, 0x00, 0x03, 0x10, 0x00, 0x00, 0x00, 0x00,
    0x00, 0x00, 0x01, 0xef, 0x40, 0x00, 0x00, 0x1e, 0xf4, 0x08, 0xfb, 0x00, 0x00, 0x08, 0xfb, 0x00,
    0x2f, 0xf4, 0x00, 0x00, 0xef, 0x40, 0x00, 0x9f, 0x90, 0x00, 0x6f, 0xb0, 0x00, 0x02, 0xff, 0x20,
    0x0d, 0xf6, 0x00, 0x00, 0x09, 0xf9, 0x06, 0xfd, 0x00, 0x00, 0x00, 0x2f, 0xf2, 0xcf, 0x60, 0x00,
    0x00, 0x00, 0xaf, 0x9f, 0xd0, 0x00, 0x00, 0x8b, 0xbd, 0xff, 0xfd, 0xbb, 0xb0, 0x0b, 0xff, 0xff,
    0xff, 0xff, 0xff, 0x00, 0x00, 0x00, 0x8f, 0xb0, 0x00, 0x00, 0x03, 0x44, 0x49, 0xfc, 0x44, 0x44,
    0x00, 0xbf, 0xff, 0xff, 0xff, 0xff, 0xf0, 0x06, 0x88, 0x8b, 0xfd, 0x88, 0x88, 0x00, 0x00, 0x00,
    0x8f, 0xb0, 0x00, 0x00, 0x00, 0x00, 0x08, 0xfb, 0x00, 0x00, 0x00, 0x24, 0x38, 0xfb, 0x8f, 0xb8,
    0xfb, 0x8f, 0xb8, 0xfb, 0x8f, 0xb8, 0xfb, 0x8f, 0xb0, 0x00, 0x00, 0x00, 0x00, 0x00, 0x08, 0xfb,
    0x8f, 0xb8, 0xfb, 0x8f, 0xb8, 0xfb, 0x8f, 0xb8, 0xfb, 0x8f, 0xb4, 0x86, 0x00, 0x01, 0x44, 0x42,
    0x00, 0x00, 0x19, 0xff, 0xff, 0xfb, 0x30, 0x09, 0xfe, 0xa8, 0x8d, 0xfe, 0x10, 0xff, 0x40, 0x00,
    0x1e, 0xf6, 0x1f, 0xf0, 0x00, 0x00, 0x00, 0x00, 0xef, 0x70, 0x00, 0x00, 0x00, 0x06, 0xff, 0xda,
    0x85, 0x00, 0x00, 0x06, 0xff, 0xff, 0xfd, 0x30, 0x07, 0xf9, 0x13, 0x6b, 0xfe, 0x11, 0xff, 0x10,
    0x00, 0x0d, 0xf7, 0x4f, 0xf0, 0x00, 0x00, 0x9f, 0x81, 0xff, 0x40, 0x00, 0x0c, 0xf6, 0x08, 0xfe,
    0x84, 0x47, 0xf9, 0x00, 0x1a, 0xff, 0xff, 0xfa, 0x10, 0x00, 0x03, 0x78, 0xbf, 0xfc, 0x10, 0x00,
    0x00, 0x00, 0x3e, 0xf7, 0x00, 0x00, 0x00, 0x00, 0x8f, 0x86, 0xfe, 0x10, 0x00, 0x0b, 0xf8, 0x1e,
    0xfd, 0x88, 0x8b, 0xff, 0x20, 0x3d, 0xff, 0xff, 0xfe, 0x50, 0x00, 0x04, 0x68, 0x64, 0x00, 0x00,
    0x00, 0x10, 0x00, 0x11, 0x02, 0xef, 0x50, 0x2e, 0xf5, 0x4f, 0xf8, 0x06, 0xff, 0x81, 0x9a, 0x30,
    0x1a, 0xa2, 0x00, 0x00, 0x04, 0x44, 0x10, 0x00, 0x00, 0x00, 0x8e, 0xeb, 0xdf, 0x91, 0x00, 0x00,
    0xcc, 0x40, 0x00, 0x2b, 0xc1, 0x00, 0x7d, 0x10, 0x24, 0x30, 0x0b, 0x90, 0x0c, 0x70, 0x6f, 0xff,
    0xb0, 0x5f, 0x00, 0xf4, 0x0e, 0xa0, 0x4f, 0x60, 0xf4, 0x0f, 0x40, 0xf8, 0x00, 0x42, 0x0f, 0x40,
    0xf4, 0x0f, 0x80, 0x00, 0x00, 0xf4, 0x0f, 0x40, 0xf8, 0x00, 0x00, 0x0f, 0x40, 0xf4, 0x0f, 0x80,
    0x2f, 0x70, 0xf4, 0x0d, 0x60, 0x8f, 0xbd, 0xe2, 0x2f, 0x10, 0x9b, 0x00, 0x68, 0x82, 0x08, 0xb0,
    0x01, 0xe9, 0x10, 0x00, 0x07, 0xf4, 0x00, 0x03, 0xce, 0x98, 0x8d, 0xe5, 0x00, 0x00, 0x00, 0x58,
    0x88, 0x50, 0x00, 0x00, 0x00, 0x24, 0x30, 0x00, 0x6e, 0xbd, 0xc0, 0x06, 0x40, 0x0f, 0x40, 0x39,
    0xbb, 0xf4, 0x1e, 0x74, 0x4f, 0x43, 0xf1, 0x03, 0xe4, 0x08, 0xeb, 0x8b, 0x40, 0x00, 0x00, 0x00,
    0x00, 0x00, 0x38, 0x81, 0x01, 0x88, 0x30, 0x00, 0x1e, 0xf7, 0x00, 0xbf, 0xa0, 0x00, 0x0c, 0xf9,
    0x00, 0x8f, 0xc1, 0x00, 0x08, 0xfc, 0x10, 0x5f, 0xe3, 0x00, 0x06, 0xfe, 0x20, 0x2e, 0xf5, 0x00,
    0x02, 0xef, 0x40, 0x0c, 0xf8, 0x00, 0x00, 0x1c, 0xf8, 0x00, 0x9f, 0xc0, 0x00, 0x00, 0x3e, 0xf6,
    0x00, 0xcf, 0x90, 0x00, 0x00, 0x5f, 0xe3, 0x02, 0xef, 0x60, 0x00, 0x00, 0x8f, 0xd1, 0x04, 0xff,
    0x30, 0x00, 0x00, 0xbf, 0xa0, 0x08, 0xfd, 0x10, 0x00, 0x00, 0x00, 0x00, 0x00, 0x00, 0x8b, 0xbb,
    0xbb, 0xbb, 0xbb, 0xff, 0xff, 0xff, 0xff, 0x34, 0x44, 0x44, 0x4f, 0xf0, 0x00, 0x00, 0x00, 0xff,
    0x00, 0x00, 0x00, 0x0f, 0xf0, 0x00, 0x00, 0x00, 0x00, 0x44, 0x44, 0x44, 0x40, 0xff, 0xff, 0xff,
    0xf0, 0xbb, 0xbb, 0xbb, 0xb0, 0x00, 0x00, 0x04, 0x44, 0x10, 0x00, 0x00, 0x00, 0x8e, 0xeb, 0xdf,
    0x91, 0x00, 0x00, 0xcc, 0x40, 0x00, 0x2b, 0xc1, 0x00, 0x7d, 0x13, 0x44, 0x20, 0x0b, 0x90, 0x0c,
    0x70, 0xbf, 0xff, 0x90, 0x5f, 0x00, 0xf4, 0x0b, 0x80, 0x4f, 0x30, 0xf4, 0x0f, 0x40, 0xb8, 0x02,
    0xf4, 0x0f, 0x40, 0xf4, 0x0b, 0xdb, 0xec, 0x00, 0xf4, 0x0f, 0x40, 0xbb, 0x9f, 0x30, 0x0f, 0x40,
    0xf4, 0x0b, 0x80, 0xd8, 0x00, 0xf4, 0x0d, 0x60, 0xb8, 0x07, 0xe1, 0x2f, 0x10, 0x9b, 0x06, 0x40,
    0x18, 0x38, 0xb0, 0x01, 0xe9, 0x10, 0x00, 0x07, 0xf4, 0x00, 0x03, 0xce, 0x98, 0x8d, 0xe5, 0x00,
    0x00, 0x00, 0x58, 0x88, 0x50, 0x00, 0x00, 0x88, 0x88, 0x88, 0x82, 0xff, 0xff, 0xff, 0xf4, 0x44,
    0x44, 0x44, 0x41, 0x00, 0x24, 0x30, 0x00, 0x9f, 0xff, 0xb1, 0x7f, 0x70, 0x4e, 0x9b, 0xc0, 0x00,
    0x9e, 0xbc, 0x00, 0x09, 0xe6, 0xf7, 0x26, 0xf9, 0x08, 0xff, 0xfb, 0x10, 0x01, 0x42, 0x00, 0x00,
    0x00, 0x48, 0x60, 0x00, 0x00, 0x00, 0x08, 0xfb, 0x00, 0x00, 0x00, 0x00, 0x8f, 0xb0, 0x00, 0x00,
    0x00, 0x08, 0xfb, 0x00, 0x00, 0x24, 0x44, 0x9f, 0xc4, 0x44, 0x38, 0xff, 0xff, 0xff, 0xff, 0xfb,
    0x48, 0x88, 0xbf, 0xd8, 0x88, 0x60, 0x00, 0x08, 0xfb, 0x00, 0x00, 0x00, 0x00, 0x8f, 0xb0, 0x00,
    0x00, 0x00, 0x08, 0xfb, 0x00, 0x00, 0x00, 0x00, 0x8f, 0xb0, 0x00, 0x06, 0xbb, 0xbd, 0xfe, 0xbb,
    0xb8, 0x8f, 0xff, 0xff, 0xff, 0xff, 0xb0, 0x00, 0x34, 0x40, 0x00, 0x09, 0xff, 0xfd, 0x30, 0x7f,
    0x81, 0x6e, 0xb0, 0x8a, 0x00, 0x09, 0xf0, 0x00, 0x00, 0x0c, 0xe0, 0x00, 0x00, 0x9f, 0x60, 0x00,
    0x1c, 0xf6, 0x00, 0x03, 0xce, 0x40, 0x00, 0x3e, 0xc3, 0x00, 0x00, 0x8f, 0xff, 0xff, 0xf0, 0x48,
    0x88, 0x88, 0x80, 0x24, 0x44, 0x44, 0x30, 0x8f, 0xff, 0xff, 0xb0, 0x24, 0x44, 0x8f, 0x80, 0x00,
    0x07, 0xf7, 0x00, 0x00, 0x4f, 0xc6, 0x00, 0x00, 0x28, 0xcf, 0x80, 0x00, 0x00, 0x0b, 0xf1, 0x86,
    0x00, 0x08, 0xf4, 0xce, 0x20, 0x1c, 0xf1, 0x5f, 0xfb, 0xef, 0x60, 0x02, 0x8b, 0x94, 0x00, 0x00,
    0x34, 0x20, 0x4f, 0xe2, 0x1e, 0xf4, 0x08, 0xb6, 0x00, 0x00, 0x00, 0x00, 0x00, 0x00, 0x00, 0xff,
    0x40, 0x00, 0x0f, 0xf4, 0x0f, 0xf4, 0x00, 0x00, 0xff, 0x40, 0xff, 0x40, 0x00, 0x0f, 0xf4, 0x0f,
    0xf4, 0x00, 0x00, 0xff, 0x40, 0xff, 0x40, 0x00, 0x0f, 0xf4, 0x0f, 0xf4, 0x00, 0x00, 0xff, 0x40,
    0xff, 0x40, 0x00, 0x0f, 0xf4, 0x0f, 0xf4, 0x00, 0x00, 0xff, 0x40, 0xff, 0x40, 0x00, 0x1f, 0xf4,
    0x0f, 0xf9, 0x00, 0x08, 0xef, 0x40, 0xff, 0xbd, 0xbc, 0xeb, 0xf4, 0x0f, 0xf6, 0xff, 0xf6, 0xbf,
    0x40, 0xff, 0x41, 0x42, 0x00, 0x00, 0x0f, 0xf4, 0x00, 0x00, 0x00, 0x00, 0xff, 0x40, 0x00, 0x00,
    0x00, 0x0f, 0xf4, 0x00, 0x00, 0x00, 0x00, 0x00, 0x00, 0x00, 0x00, 0x00, 0x00, 0x19, 0xff, 0xf8,
    0x0b, 0xf4, 0x1d, 0xff, 0xff, 0x80, 0xbf, 0x47, 0xff, 0xff, 0xf8, 0x0b, 0xf4, 0x8f, 0xff, 0xff,
    0x80, 0xbf, 0x48, 0xff, 0xff, 0xf8, 0x0b, 0xf4, 0x8f, 0xff, 0xff, 0x80, 0xbf, 0x47, 0xff, 0xff,
    0xf8, 0x0b, 0xf4, 0x1e, 0xff, 0xff, 0x80, 0xbf, 0x40, 0x3b, 0xff, 0xf8, 0x0b, 0xf4, 0x00, 0x01,
    0x9f, 0x80, 0xbf, 0x40, 0x00, 0x08, 0xf8, 0x0b, 0xf4, 0x00, 0x00, 0x8f, 0x80, 0xbf, 0x40, 0x00,
    0x08, 0xf8, 0x0b, 0xf4, 0x00, 0x00, 0x8f, 0x80, 0xbf, 0x40, 0x00, 0x08, 0xf8, 0x0b, 0xf4, 0x00,
    0x00, 0x8f, 0x80, 0xbf, 0x40, 0x00, 0x08, 0xf8, 0x0b, 0xf4, 0x00, 0x00, 0x8f, 0x80, 0xbf, 0x40,
    0x00, 0x08, 0xf8, 0x0b, 0xf4, 0x00, 0x00, 0x8f, 0x80, 0xbf, 0x40, 0x02, 0x73, 0x01, 0xef, 0xf4,
    0x4f, 0xff, 0x81, 0xef, 0xe2, 0x01, 0x42, 0x00, 0x04, 0x60, 0x00, 0x0c, 0xa0, 0x00, 0x18, 0xce,
    0x60, 0x00, 0x0f, 0xf1, 0x6b, 0xcf, 0xc0, 0x48, 0x86, 0x10, 0x00, 0x14, 0x40, 0x00, 0x07, 0xef,
    0xf0, 0x00, 0x9f, 0xa9, 0xf0, 0x00, 0x95, 0x08, 0xf0, 0x00, 0x00, 0x08, 0xf0, 0x00, 0x00, 0x08,
    0xf0, 0x00, 0x00, 0x08, 0xf0, 0x00, 0x00, 0x08, 0xf0, 0x00, 0x00, 0x08, 0xf0, 0x00, 0xbf, 0xff,
    0xff, 0xf8, 0x68, 0x88, 0x88, 0x84, 0x00, 0x41, 0x00, 0x6e, 0xbf, 0x80, 0xe7, 0x03, 0xf2, 0xf4,
    0x00, 0xf4, 0xf4, 0x00, 0xf4, 0xe7, 0x03, 0xf2, 0x6e, 0xbe, 0x80, 0x00, 0x41, 0x00, 0x18, 0x83,
    0x00, 0x78, 0x50, 0x00, 0x00, 0x8f, 0xd1, 0x04, 0xff, 0x30, 0x00, 0x00, 0xaf, 0xa0, 0x08, 0xfe,
    0x10, 0x00, 0x01, 0xdf, 0x80, 0x0a, 0xfb, 0x00, 0x00, 0x03, 0xef, 0x40, 0x1c, 0xf8, 0x00, 0x00,
    0x07, 0xfe, 0x20, 0x3f, 0xf5, 0x00, 0x00, 0x9f, 0xc0, 0x06, 0xfe, 0x20, 0x00, 0x6f, 0xe1, 0x03,
    0xff, 0x50, 0x00, 0x3f, 0xf4, 0x01, 0xdf, 0x80, 0x00, 0x1d, 0xf7, 0x00, 0xbf, 0xb0, 0x00, 0x0b,
    0xfa, 0x00, 0x8f, 0xd1, 0x00, 0x00, 0x00, 0x00, 0x00, 0x00, 0x00, 0x00, 0x00, 0x00, 0x00, 0x00,
    0x00, 0x00, 0x00, 0x02, 0xcf, 0xb0, 0x00, 0x00, 0x4f, 0xb0, 0x0b, 0xbb, 0xb0, 0x00, 0x01, 0xde,
    0x20, 0x06, 0x0b, 0xb0, 0x00, 0x08, 0xf6, 0x00, 0x00, 0x0b, 0xb0, 0x00, 0x5f, 0xa0, 0x00, 0x00,
    0x0b, 0xb0, 0x01, 0xee, 0x10, 0x00, 0x00, 0x0b, 0xb0, 0x0a, 0xf5, 0x00, 0x00, 0x4f, 0xff, 0xff,
    0xef, 0x80, 0x00, 0x00, 0x00, 0x00, 0x02, 0xed, 0x10, 0x00, 0x00, 0x00, 0x00, 0x0b, 0xf4, 0x02,
    0x40, 0x00, 0x00, 0x00, 0x7f, 0x80, 0x2e, 0x80, 0x00, 0x00, 0x03, 0xfc, 0x00, 0xbc, 0x10, 0x00,
    0x00, 0x0c, 0xf3, 0x08, 0xf3, 0x48, 0x00, 0x00, 0x8f, 0x80, 0x3f, 0x70, 0x8f, 0x00, 0x04, 0xfb,
    0x00, 0x4f, 0xbb, 0xdf, 0x00, 0x1d, 0xe2, 0x00, 0x28, 0x88, 0xbf, 0x00, 0x8f, 0x70, 0x00, 0x00,
    0x00, 0x8f, 0x00, 0x00, 0x00, 0x00, 0x00, 0x00, 0x00, 0x00, 0x02, 0xcf, 0xb0, 0x00, 0x00, 0x4f,
    0xb0, 0x0b, 0xbb, 0xb0, 0x00, 0x01, 0xde, 0x20, 0x06, 0x0b, 0xb0, 0x00, 0x09, 0xf6, 0x00, 0x00,
    0x0b, 0xb0, 0x00, 0x5f, 0xa0, 0x00, 0x00, 0x0b, 0xb0, 0x01, 0xee, 0x10, 0x00, 0x00, 0x0b, 0xb0,
    0x0a, 0xf5, 0x00, 0x00, 0x4f, 0xff, 0xff, 0xff, 0x80, 0x00, 0x00, 0x00, 0x00, 0x02, 0xed, 0x10,
    0x00, 0x00, 0x00, 0x00, 0x0b, 0xf4, 0x14, 0x30, 0x00, 0x00, 0x00, 0x7f, 0x86, 0xef, 0xfb, 0x00,
    0x00, 0x03, 0xfc, 0x0e, 0x90, 0x3f, 0x60, 0x00, 0x0c, 0xf3, 0x04, 0x10, 0x0f, 0x70, 0x00, 0x8f,
    0x80, 0x00, 0x01, 0x9e, 0x10, 0x04, 0xfb, 0x00, 0x00, 0x6e, 0xb2, 0x00, 0x1d, 0xe2, 0x00, 0x0c,
    0xd7, 0x44, 0x20, 0x8f, 0x70, 0x00, 0x0f, 0xff, 0xff, 0x80, 0x00, 0x00, 0x00, 0x00, 0x00, 0x00,
    0x00, 0x0f, 0xff, 0xfb, 0x00, 0x00, 0x4f, 0xb0, 0x00, 0x03, 0xd6, 0x00, 0x01, 0xde, 0x20, 0x00,
    0x3e, 0x80, 0x00, 0x08, 0xf6, 0x00, 0x00, 0x3b, 0xea, 0x00, 0x5f, 0xa0, 0x00, 0x00, 0x00, 0x5f,
    0x31, 0xee, 0x10, 0x00, 0x6f, 0x30, 0x7f, 0x2a, 0xf5, 0x00, 0x00, 0x09, 0xff, 0xf7, 0x6f, 0x80,
    0x00, 0x00, 0x00, 0x24, 0x12, 0xed, 0x10, 0x00, 0x00, 0x00, 0x00, 0x0b, 0xf4, 0x02, 0x40, 0x00,
    0x00, 0x00, 0x7f, 0x80, 0x2e, 0x80, 0x00, 0x00, 0x03, 0xfc, 0x00, 0xbc, 0x10, 0x00, 0x00, 0x0c,
    0xf3, 0x08, 0xf3, 0x48, 0x00, 0x00, 0x8f, 0x80, 0x3f, 0x70, 0x8f, 0x00, 0x03, 0xfb, 0x00, 0x4f,
    0xbb, 0xdf, 0x00, 0x1d, 0xe2, 0x00, 0x28, 0x88, 0xbf, 0x00, 0x8f, 0x70, 0x00, 0x00, 0x00, 0x8f,
    0x00, 0x00, 0x00, 0x04, 0x20, 0x00, 0x00, 0x0c, 0xff, 0x40, 0x00, 0x00, 0xef, 0xf6, 0x00, 0x00,
    0x03, 0x87, 0x00, 0x00, 0x00, 0x00, 0x00, 0x00, 0x00, 0x01, 0x43, 0x00, 0x00, 0x00, 0x4f, 0xb0,
    0x00, 0x00, 0x27, 0xfb, 0x00, 0x01, 0x9f, 0xff, 0xb0, 0x00, 0xbf, 0xfa, 0x86, 0x00, 0x4f, 0xf3,
    0x00, 0x00, 0x08, 0xfb, 0x00, 0x00, 0x00, 0x8f, 0xa0, 0x00, 0x00, 0x07, 0xfd, 0x10, 0x00, 0x00,
    0x1e, 0xfb, 0x40, 0x00, 0x00, 0x6f, 0xff, 0xff, 0xf8, 0x00, 0x39, 0xdf, 0xff, 0x80, 0x00, 0x6f,
    0xd1, 0x00, 0x00, 0x00, 0x00, 0x09, 0xfb, 0x00, 0x00, 0x00, 0x00, 0x00, 0xcf, 0x80, 0x00, 0x00,
    0x00, 0x00, 0x14, 0x40, 0x00, 0x00, 0x00, 0x00, 0x00, 0x00, 0x00, 0x00, 0x00, 0x00, 0xff, 0xf3,
    0x00, 0x00, 0x00, 0x04, 0xff, 0xf7, 0x00, 0x00, 0x00, 0x08, 0xfb, 0xfa, 0x00, 0x00, 0x00, 0x0b,
    0xf5, 0xfe, 0x00, 0x00, 0x00, 0x0f, 0xf0, 0xcf, 0x40, 0x00, 0x00, 0x4f, 0xb0, 0x8f, 0x80, 0x00,
    0x00, 0x8f, 0x80, 0x5f, 0xb0, 0x00, 0x00, 0xcf, 0x50, 0x1f, 0xf0, 0x00, 0x01, 0xff, 0x10, 0x0d,
    0xf4, 0x00, 0x05, 0xfc, 0x00, 0x09, 0xf8, 0x00, 0x08, 0xff, 0xff, 0xff, 0xfb, 0x00, 0x0c, 0xfc,
    0xbb, 0xbb, 0xff, 0x10, 0x1f, 0xf1, 0x00, 0x00, 0xdf, 0x50, 0x5f, 0xc0, 0x00, 0x00, 0x9f, 0x80,
    0x9f, 0x90, 0x00, 0x00, 0x6f, 0xc0, 0xdf, 0x60, 0x00, 0x00, 0x2f, 0xf1, 0x00, 0x00, 0x00, 0xbf,
    0x90, 0x00, 0x00, 0x00, 0x08, 0xfc, 0x00, 0x00, 0x00, 0x00, 0x4f, 0xe1, 0x00, 0x00, 0x00, 0x00,
    0x34, 0x20, 0x00, 0x00, 0x00, 0x00, 0x00, 0x00, 0x00, 0x00, 0x00, 0x00, 0xff, 0xf3, 0x00, 0x00,
    0x00, 0x04, 0xff, 0xf7, 0x00, 0x00, 0x00, 0x08, 0xfb, 0xfa, 0x00, 0x00, 0x00, 0x0b, 0xf5, 0xfe,
    0x00, 0x00, 0x00, 0x0f, 0xf0, 0xcf, 0x40, 0x00, 0x00, 0x4f, 0xb0, 0x8f, 0x80, 0x00, 0x00, 0x8f,
    0x80, 0x5f, 0xb0, 0x00, 0x00, 0xcf, 0x50, 0x1f, 0xf0, 0x00, 0x01, 0xff, 0x10, 0x0d, 0xf4, 0x00,
    0x05, 0xfc, 0x00, 0x09, 0xf8, 0x00, 0x08, 0xff, 0xff, 0xff, 0xfb, 0x00, 0x0c, 0xfc, 0xbb, 0xbb,
    0xff, 0x10, 0x1f, 0xf1, 0x00, 0x00, 0xdf, 0x50, 0x5f, 0xc0, 0x00, 0x00, 0x9f, 0x80, 0x9f, 0x90,
    0x00, 0x00, 0x6f, 0xc0, 0xdf, 0x60, 0x00, 0x00, 0x2f, 0xf1, 0x00, 0x01, 0xcf, 0xc1, 0x00, 0x00,
    0x00, 0x1c, 0xfb, 0xfc, 0x10, 0x00, 0x01, 0xcf, 0x90, 0x6f, 0xc1, 0x00, 0x02, 0x44, 0x00, 0x03,
    0x42, 0x00, 0x00, 0x00, 0x00, 0x00, 0x00, 0x00, 0x00, 0x00, 0xff, 0xf3, 0x00, 0x00, 0x00, 0x04,
    0xff, 0xf7, 0x00, 0x00, 0x00, 0x08, 0xfb, 0xfa, 0x00, 0x00, 0x00, 0x0b, 0xf5, 0xfe, 0x00, 0x00,
    0x00, 0x0f, 0xf0, 0xcf, 0x40, 0x00, 0x00, 0x4f, 0xb0, 0x8f, 0x80, 0x00, 0x00, 0x8f, 0x80, 0x5f,
    0xb0, 0x00, 0x00, 0xcf, 0x50, 0x1f, 0xf0, 0x00, 0x01, 0xff, 0x10, 0x0d, 0xf4, 0x00, 0x05, 0xfc,
    0x00, 0x09, 0xf8, 0x00, 0x08, 0xff, 0xff, 0xff, 0xfb, 0x00, 0x0c, 0xfc, 0xbb, 0xbb, 0xff, 0x10,
    0x1f, 0xf1, 0x00, 0x00, 0xdf, 0x50, 0x5f, 0xc0, 0x00, 0x00, 0x9f, 0x80, 0x9f, 0x90, 0x00, 0x00,
    0x6f, 0xc0, 0xdf, 0x60, 0x00, 0x00, 0x2f, 0xf1, 0x00, 0x3b, 0xb5, 0x03, 0xb3, 0x00, 0x00, 0xde,
    0xbf, 0x89, 0xf2, 0x00, 0x00, 0xf8, 0x08, 0xff, 0x90, 0x00, 0x00, 0x00, 0x00, 0x00, 0x00, 0x00,
    0x00, 0x00, 0x00, 0x00, 0x00, 0x00, 0x00, 0x00, 0xff, 0xf3, 0x00, 0x00, 0x00, 0x04, 0xff, 0xf7,
    0x00, 0x00, 0x00, 0x08, 0xfb, 0xfa, 0x00, 0x00, 0x00, 0x0b, 0xf5, 0xfe, 0x00, 0x00, 0x00, 0x0f,
    0xf0, 0xcf, 0x40, 0x00, 0x00, 0x4f, 0xb0, 0x8f, 0x80, 0x00, 0x00, 0x8f, 0x80, 0x5f, 0xb0, 0x00,
    0x00, 0xcf, 0x50, 0x1f, 0xf0, 0x00, 0x01, 0xff, 0x10, 0x0d, 0xf4, 0x00, 0x05, 0xfc, 0x00, 0x09,
    0xf8, 0x00, 0x08, 0xff, 0xff, 0xff, 0xfb, 0x00, 0x0c, 0xfc, 0xbb, 0xbb, 0xff, 0x10, 0x1f, 0xf1,
    0x00, 0x00, 0xdf, 0x50, 0x5f, 0xc0, 0x00, 0x00, 0x9f, 0x80, 0x9f, 0x90, 0x00, 0x00, 0x6f, 0xc0,
    0xdf, 0x60, 0x00, 0x00, 0x2f, 0xf1, 0x01, 0xab, 0x30, 0x1a, 0xb2, 0x00, 0x04, 0xff, 0x80, 0x5f,
    0xf8, 0x00, 0x02, 0xef, 0x50, 0x2e, 0xf4, 0x00, 0x00, 0x00, 0x00, 0x00, 0x00, 0x00, 0x00, 0x00,
    0x00, 0x00, 0x00, 0x00, 0x00, 0x00, 0xff, 0xf3, 0x00, 0x00, 0x00, 0x04, 0xff, 0xf7, 0x00, 0x00,
    0x00, 0x08, 0xfb, 0xfa, 0x00, 0x00, 0x00, 0x0b, 0xf5, 0xfe, 0x00, 0x00, 0x00, 0x0f, 0xf0, 0xcf,
    0x40, 0x00, 0x00, 0x4f, 0xb0, 0x8f, 0x80, 0x00, 0x00, 0x8f, 0x80, 0x5f, 0xb0, 0x00, 0x00, 0xcf,
    0x50, 0x1f, 0xf0, 0x00, 0x01, 0xff, 0x10, 0x0d, 0xf4, 0x00, 0x05, 0xfc, 0x00, 0x09, 0xf8, 0x00,
    0x08, 0xff, 0xff, 0xff, 0xfb, 0x00, 0x0c, 0xfc, 0xbb, 0xbb, 0xff, 0x10, 0x1f, 0xf1, 0x00, 0x00,
    0xdf, 0x50, 0x5f, 0xc0, 0x00, 0x00, 0x9f, 0x80, 0x9f, 0x90, 0x00, 0x00, 0x6f, 0xc0, 0xdf, 0x60,
    0x00, 0x00, 0x2f, 0xf1, 0x00, 0x03, 0xaf, 0xb4, 0x00, 0x00, 0x00, 0x0d, 0xc4, 0xae, 0x20, 0x00,
    0x00, 0x0f, 0x40, 0x1f, 0x40, 0x00, 0x00, 0x0e, 0x90, 0x8f, 0x30, 0x00, 0x00, 0x06, 0xef, 0xf8,
    0x00, 0x00, 0x00, 0x00, 0x04, 0x10, 0x00, 0x00, 0x00, 0x00, 0xff, 0xf3, 0x00, 0x00, 0x00, 0x04,
    0xff, 0xf7, 0x00, 0x00, 0x00, 0x08, 0xfb, 0xfa, 0x00, 0x00, 0x00, 0x0b, 0xf5, 0xfe, 0x00, 0x00,
    0x00, 0x0f, 0xf0, 0xcf, 0x40, 0x00, 0x00, 0x4f, 0xb0, 0x8f, 0x80, 0x00, 0x00, 0x8f, 0x80, 0x5f,
    0xb0, 0x00, 0x00, 0xcf, 0x50, 0x1f, 0xf0, 0x00, 0x01, 0xff, 0x10, 0x0d, 0xf4, 0x00, 0x05, 0xfc,
    0x00, 0x09, 0xf8, 0x00, 0x08, 0xff, 0xff, 0xff, 0xfb, 0x00, 0x0c, 0xfc, 0xbb, 0xbb, 0xff, 0x10,
    0x1f, 0xf1, 0x00, 0x00, 0xdf, 0x50, 0x5f, 0xc0, 0x00, 0x00, 0x9f, 0x80, 0x9f, 0x90, 0x00, 0x00,
    0x6f, 0xc0, 0xdf, 0x60, 0x00, 0x00, 0x2f, 0xf1, 0x00, 0x00, 0x00, 0x00, 0x00, 0x00, 0x00, 0x00,
    0x6f, 0xff, 0xff, 0xff, 0xf8, 0x00, 0x08, 0xff, 0xff, 0xff, 0xff, 0x80, 0x00, 0xbf, 0x48, 0xf8,
    0x00, 0x00, 0x00, 0x0f, 0xf1, 0x8f, 0x80, 0x00, 0x00, 0x03, 0xfe, 0x08, 0xf8, 0x00, 0x00, 0x00,
    0x6f, 0xb0, 0x8f, 0x80, 0x00, 0x00, 0x08, 0xf8, 0x08, 0xf9, 0x44, 0x40, 0x00, 0xbf, 0x50, 0x8f,
    0xff, 0xff, 0x00, 0x0f, 0xf3, 0x08, 0xfd, 0xbb, 0xb0, 0x03, 0xff, 0x00, 0x8f, 0x80, 0x00, 0x00,
    0x6f, 0xff, 0xff, 0xf8, 0x00, 0x00, 0x08, 0xfd, 0xbb, 0xdf, 0x80, 0x00, 0x00, 0xbf, 0x70, 0x08,
    0xf8, 0x00, 0x00, 0x0e, 0xf4, 0x00, 0x8f, 0x80, 0x00, 0x02, 0xff, 0x00, 0x08, 0xff, 0xff, 0xf8,
    0x5f, 0xc0, 0x00, 0x8f, 0xff, 0xff, 0x80, 0x00, 0x00, 0x34, 0x41, 0x00, 0x00, 0x04, 0xdf, 0xff,
    0xf8, 0x10, 0x04, 0xff, 0xdb, 0xbf, 0xfb, 0x00, 0xbf, 0xa0, 0x00, 0x3f, 0xf4, 0x0f, 0xf4, 0x00,
    0x00, 0xaf, 0x80, 0xff, 0x00, 0x00, 0x02, 0x42, 0x0f, 0xf0, 0x00, 0x00, 0x00, 0x00, 0xff, 0x00,
    0x00, 0x00, 0x00, 0x0f, 0xf0, 0x00, 0x00, 0x00, 0x00, 0xff, 0x00, 0x00, 0x00, 0x00, 0x0f, 0xf0,
    0x00, 0x00, 0x00, 0x00, 0xff, 0x00, 0x00, 0x00, 0x00, 0x0f, 0xf0, 0x00, 0x00, 0x48, 0x40, 0xff,
    0x40, 0x00, 0x0a, 0xf8, 0x0a, 0xfb, 0x10, 0x04, 0xff, 0x40, 0x3e, 0xfe, 0xbc, 0xff, 0x90, 0x00,
    0x3b, 0xff, 0xfe, 0x80, 0x00, 0x00, 0x0a, 0xc4, 0x00, 0x00, 0x00, 0x00, 0x8c, 0xf8, 0x00, 0x00,
    0x00, 0x00, 0x0d, 0xf4, 0x00, 0x00, 0x06, 0xbc, 0xfe, 0x10, 0x00, 0x00, 0x48, 0x87, 0x10, 0x00,
    0x04, 0xfe, 0x30, 0x00, 0x00, 0x00, 0x6f, 0xd1, 0x00, 0x00, 0x00, 0x09, 0xfa, 0x00, 0x00, 0x00,
    0x00, 0x44, 0x10, 0x00, 0x00, 0x00, 0x00, 0x00, 0x00, 0xbf, 0xff, 0xff, 0xff, 0xf8, 0xbf, 0xff,
    0xff, 0xff, 0xf8, 0xbf, 0x40, 0x00, 0x00, 0x00, 0xbf, 0x40, 0x00, 0x00, 0x00, 0xbf, 0x40, 0x00,
    0x00, 0x00, 0xbf, 0x40, 0x00, 0x00, 0x00, 0xbf, 0x74, 0x44, 0x44, 0x30, 0xbf, 0xff, 0xff, 0xff,
    0xb0, 0xbf, 0x98, 0x88, 0x88, 0x60, 0xbf, 0x40, 0x00, 0x00, 0x00, 0xbf, 0x40, 0x00, 0x00, 0x00,
    0xbf, 0x40, 0x00, 0x00, 0x00, 0xbf, 0x40, 0x00, 0x00, 0x00, 0xbf, 0x40, 0x00, 0x00, 0x00, 0xbf,
    0xff, 0xff, 0xff, 0xf8, 0xbf, 0xff, 0xff, 0xff, 0xf8, 0x00, 0x00, 0x08, 0xfc, 0x00, 0x00, 0x00,
    0x5f, 0xe1, 0x00, 0x00, 0x02, 0xef, 0x30, 0x00, 0x00, 0x02, 0x43, 0x00, 0x00, 0x00, 0x00, 0x00,
    0x00, 0x00, 0xbf, 0xff, 0xff, 0xff, 0xf8, 0xbf, 0xff, 0xff, 0xff, 0xf8, 0xbf, 0x40, 0x00, 0x00,
    0x00, 0xbf, 0x40, 0x00, 0x00, 0x00, 0xbf, 0x40, 0x00, 0x00, 0x00, 0xbf, 0x40, 0x00, 0x00, 0x00,
    0xbf, 0x74, 0x44, 0x44, 0x30, 0xbf, 0xff, 0xff, 0xff, 0xb0, 0xbf, 0x98, 0x88, 0x88, 0x60, 0xbf,
    0x40, 0x00, 0x00, 0x00, 0xbf, 0x40, 0x00, 0x00, 0x00, 0xbf, 0x40, 0x00, 0x00, 0x00, 0xbf, 0x40,
    0x00, 0x00, 0x00, 0xbf, 0x40, 0x00, 0x00, 0x00, 0xbf, 0xff, 0xff, 0xff, 0xf8, 0xbf, 0xff, 0xff,
    0xff, 0xf8, 0x00, 0x09, 0xfe, 0x30, 0x00, 0x00, 0x9f, 0xce, 0xe3, 0x00, 0x09, 0xfc, 0x13, 0xee,
    0x30, 0x14, 0x41, 0x00, 0x24, 0x30, 0x00, 0x00, 0x00, 0x00, 0x00, 0xbf, 0xff, 0xff, 0xff, 0xf8,
    0xbf, 0xff, 0xff, 0xff, 0xf8, 0xbf, 0x40, 0x00, 0x00, 0x00, 0xbf, 0x40, 0x00, 0x00, 0x00, 0xbf,
    0x40, 0x00, 0x00, 0x00, 0xbf, 0x40, 0x00, 0x00, 0x00, 0xbf, 0x74, 0x44, 0x44, 0x30, 0xbf, 0xff,
    0xff, 0xff, 0xb0, 0xbf, 0x98, 0x88, 0x88, 0x60, 0xbf, 0x40, 0x00, 0x00, 0x00, 0xbf, 0x40, 0x00,
    0x00, 0x00, 0xbf, 0x40, 0x00, 0x00, 0x00, 0xbf, 0x40, 0x00, 0x00, 0x00, 0xbf, 0x40, 0x00, 0x00,
    0x00, 0xbf, 0xff, 0xff, 0xff, 0xf8, 0xbf, 0xff, 0xff, 0xff, 0xf8, 0x08, 0xb5, 0x00, 0x8b, 0x40,
    0x1f, 0xfb, 0x03, 0xff, 0xb0, 0x0c, 0xf8, 0x01, 0xcf, 0x70, 0x00, 0x00, 0x00, 0x00, 0x00, 0x00,
    0x00, 0x00, 0x00, 0x00, 0xbf, 0xff, 0xff, 0xff, 0xf8, 0xbf, 0xff, 0xff, 0xff, 0xf8, 0xbf, 0x40,
    0x00, 0x00, 0x00, 0xbf, 0x40, 0x00, 0x00, 0x00, 0xbf, 0x40, 0x00, 0x00, 0x00, 0xbf, 0x40, 0x00,
    0x00, 0x00, 0xbf, 0x74, 0x44, 0x44, 0x30, 0xbf, 0xff, 0xff, 0xff, 0xb0, 0xbf, 0x98, 0x88, 0x88,
    0x60, 0xbf, 0x40, 0x00, 0x00, 0x00, 0xbf, 0x40, 0x00, 0x00, 0x00, 0xbf, 0x40, 0x00, 0x00, 0x00,
    0xbf, 0x40, 0x00, 0x00, 0x00, 0xbf, 0x40, 0x00, 0x00, 0x00, 0xbf, 0xff, 0xff, 0xff, 0xf8, 0xbf,
    0xff, 0xff, 0xff, 0xf8, 0x06, 0xfd, 0x10, 0x00, 0x00, 0x09, 0xfb, 0x00, 0x00, 0x00, 0x0c, 0xf8,
    0x00, 0x00, 0x00, 0x14, 0x40, 0x00, 0x00, 0x00, 0x00, 0x00, 0x0b, 0xff, 0xff, 0xff, 0xff, 0xbf,
    0xff, 0xff, 0xff, 0xf0, 0x00, 0x8f, 0xb0, 0x00, 0x00, 0x08, 0xfb, 0x00, 0x00, 0x00, 0x8f, 0xb0,
    0x00, 0x00, 0x08, 0xfb, 0x00, 0x00, 0x00, 0x8f, 0xb0, 0x00, 0x00, 0x08, 0xfb, 0x00, 0x00, 0x00,
    0x8f, 0xb0, 0x00, 0x00, 0x08, 0xfb, 0x00, 0x00, 0x00, 0x8f, 0xb0, 0x00, 0x00, 0x08, 0xfb, 0x00,
    0x00, 0x00, 0x8f, 0xb0, 0x00, 0x00, 0x08, 0xfb, 0x00, 0x0b, 0xff, 0xff, 0xff, 0xff, 0xbf, 0xff,
    0xff, 0xff, 0xf0, 0x00, 0x00, 0x0b, 0xf9, 0x00, 0x00, 0x08, 0xfc, 0x00, 0x00, 0x04, 0xfe, 0x10,
    0x00, 0x00, 0x34, 0x20, 0x00, 0x00, 0x00, 0x00, 0x00, 0x0b, 0xff, 0xff, 0xff, 0xff, 0xbf, 0xff,
    0xff, 0xff, 0xf0, 0x00, 0x8f, 0xb0, 0x00, 0x00, 0x08, 0xfb, 0x00, 0x00, 0x00, 0x8f, 0xb0, 0x00,
    0x00, 0x08, 0xfb, 0x00, 0x00, 0x00, 0x8f, 0xb0, 0x00, 0x00, 0x08, 0xfb, 0x00, 0x00, 0x00, 0x8f,
    0xb0, 0x00, 0x00, 0x08, 0xfb, 0x00, 0x00, 0x00, 0x8f, 0xb0, 0x00, 0x00, 0x08, 0xfb, 0x00, 0x00,
    0x00, 0x8f, 0xb0, 0x00, 0x00, 0x08, 0xfb, 0x00, 0x0b, 0xff, 0xff, 0xff, 0xff, 0xbf, 0xff, 0xff,
    0xff, 0xf0, 0x00, 0x1c, 0xfc, 0x10, 0x00, 0x1c, 0xfb, 0xfc, 0x10, 0x1c, 0xf9, 0x06, 0xfc, 0x12,
    0x44, 0x00, 0x03, 0x42, 0x00, 0x00, 0x00, 0x00, 0x0b, 0xff, 0xff, 0xff, 0xff, 0xbf, 0xff, 0xff,
    0xff, 0xf0, 0x00, 0x8f, 0xb0, 0x00, 0x00, 0x08, 0xfb, 0x00, 0x00, 0x00, 0x8f, 0xb0, 0x00, 0x00,
    0x08, 0xfb, 0x00, 0x00, 0x00, 0x8f, 0xb0, 0x00, 0x00, 0x08, 0xfb, 0x00, 0x00, 0x00, 0x8f, 0xb0,
    0x00, 0x00, 0x08, 0xfb, 0x00, 0x00, 0x00, 0x8f, 0xb0, 0x00, 0x00, 0x08, 0xfb, 0x00, 0x00, 0x00,
    0x8f, 0xb0, 0x00, 0x00, 0x08, 0xfb, 0x00, 0x0b, 0xff, 0xff, 0xff, 0xff, 0xbf, 0xff, 0xff, 0xff,
    0xf0, 0x1a, 0xb3, 0x01, 0xab, 0x24, 0xff, 0x80, 0x5f, 0xf8, 0x2e, 0xf5, 0x02, 0xef, 0x40, 0x00,
    0x00, 0x00, 0x00, 0x00, 0x00, 0x00, 0x00, 0x0b, 0xff, 0xff, 0xff, 0xff, 0xbf, 0xff, 0xff, 0xff,
    0xf0, 0x00, 0x8f, 0xb0, 0x00, 0x00, 0x08, 0xfb, 0x00, 0x00, 0x00, 0x8f, 0xb0, 0x00, 0x00, 0x08,
    0xfb, 0x00, 0x00, 0x00, 0x8f, 0xb0, 0x00, 0x00, 0x08, 0xfb, 0x00, 0x00, 0x00, 0x8f, 0xb0, 0x00,
    0x00, 0x08, 0xfb, 0x00, 0x00, 0x00, 0x8f, 0xb0, 0x00, 0x00, 0x08, 0xfb, 0x00, 0x00, 0x00, 0x8f,
    0xb0, 0x00, 0x00, 0x08, 0xfb, 0x00, 0x0b, 0xff, 0xff, 0xff, 0xff, 0xbf, 0xff, 0xff, 0xff, 0xf0,
    0x00, 0x00, 0x00, 0x00, 0x00, 0x00, 0x00, 0xff, 0xff, 0xfe, 0x92, 0x00, 0x00, 0xff, 0xff, 0xff,
    0xfe, 0x30, 0x00, 0xff, 0x00, 0x02, 0xbf, 0xd0, 0x00, 0xff, 0x00, 0x00, 0x1f, 0xf4, 0x00, 0xff,
    0x00, 0x00, 0x0b, 0xf7, 0x00, 0xff, 0x00, 0x00, 0x0b, 0xf8, 0x00, 0xff, 0x00, 0x00, 0x0b, 0xf8,
    0xbf, 0xff, 0xff, 0x80, 0x0b, 0xf8, 0x8b, 0xff, 0xbb, 0x60, 0x0b, 0xf8, 0x00, 0xff, 0x00, 0x00,
    0x0b, 0xf8, 0x00, 0xff, 0x00, 0x00, 0x0b, 0xf8, 0x00, 0xff, 0x00, 0x00, 0x0b, 0xf6, 0x00, 0xff,
    0x00, 0x00, 0x1f, 0xf3, 0x00, 0xff, 0x00, 0x02, 0xcf, 0xd0, 0x00, 0xff, 0xff, 0xff, 0xfe, 0x30,
    0x00, 0xff, 0xff, 0xfd, 0x92, 0x00, 0x00, 0x3b, 0xb5, 0x03, 0xb3, 0x00, 0x0d, 0xeb, 0xf8, 0x9f,
    0x20, 0x00, 0xf8, 0x08, 0xff, 0x90, 0x00, 0x00, 0x00, 0x00, 0x00, 0x00, 0x00, 0x00, 0x00, 0x00,
    0x00, 0x00, 0xff, 0xd0, 0x00, 0x0b, 0xf4, 0x0f, 0xff, 0x50, 0x00, 0xbf, 0x40, 0xfe, 0xf9, 0x00,
    0x0b, 0xf4, 0x0f, 0xbd, 0xe0, 0x00, 0xbf, 0x40, 0xfc, 0x8f, 0x50, 0x0b, 0xf4, 0x0f, 0xf3, 0xfa,
    0x00, 0xbf, 0x40, 0xff, 0x0d, 0xf1, 0x0b, 0xf4, 0x0f, 0xf0, 0x7f, 0x60, 0xbf, 0x40, 0xff, 0x02,
    0xfa, 0x0b, 0xf4, 0x0f, 0xf0, 0x0c, 0xf2, 0xbf, 0x40, 0xff, 0x00, 0x7f, 0x7b, 0xf4, 0x0f, 0xf0,
    0x02, 0xfc, 0xbf, 0x40, 0xff, 0x00, 0x0a, 0xf9, 0xf4, 0x0f, 0xf0, 0x00, 0x6f, 0xef, 0x40, 0xff,
    0x00, 0x01, 0xff, 0xf4, 0x0f, 0xf0, 0x00, 0x0a, 0xff, 0x40, 0x00, 0x6f, 0xd1, 0x00, 0x00, 0x00,
    0x00, 0x9f, 0xb0, 0x00, 0x00, 0x00, 0x00, 0xcf, 0x80, 0x00, 0x00, 0x00, 0x01, 0x44, 0x00, 0x00,
    0x00, 0x00, 0x34, 0x40, 0x00, 0x00, 0x05, 0xdf, 0xff, 0xe8, 0x00, 0x05, 0xff, 0xdb, 0xcf, 0xf8,
    0x00, 0xcf, 0x90, 0x00, 0x7f, 0xe1, 0x0f, 0xf2, 0x00, 0x00, 0xef, 0x44, 0xff, 0x00, 0x00, 0x0b,
    0xf4, 0x4f, 0xf0, 0x00, 0x00, 0xbf, 0x44, 0xff, 0x00, 0x00, 0x0b, 0xf4, 0x4f, 0xf0, 0x00, 0x00,
    0xbf, 0x44, 0xff, 0x00, 0x00, 0x0b, 0xf4, 0x4f, 0xf0, 0x00, 0x00, 0xbf, 0x44, 0xff, 0x00, 0x00,
    0x0b, 0xf4, 0x4f, 0xf0, 0x00, 0x00, 0xbf, 0x40, 0xff, 0x20, 0x00, 0x0e, 0xf4, 0x0c, 0xf9, 0x00,
    0x07, 0xfe, 0x00, 0x4f, 0xfd, 0xbc, 0xff, 0x70, 0x00, 0x4d, 0xff, 0xfe, 0x60, 0x00, 0x00, 0x02,
    0x43, 0x00, 0x00, 0x00, 0x00, 0x00, 0xbf, 0x90, 0x00, 0x00, 0x00, 0x8f, 0xc0, 0x00, 0x00, 0x00,
    0x4f, 0xe1, 0x00, 0x00, 0x00, 0x03, 0x42, 0x00, 0x00, 0x00, 0x00, 0x34, 0x40, 0x00, 0x00, 0x05,
    0xdf, 0xff, 0xe8, 0x00, 0x05, 0xff, 0xdb, 0xcf, 0xf8, 0x00, 0xcf, 0x90, 0x00, 0x7f, 0xe1, 0x0f,
    0xf2, 0x00, 0x00, 0xef, 0x44, 0xff, 0x00, 0x00, 0x0b, 0xf4, 0x4f, 0xf0, 0x00, 0x00, 0xbf, 0x44,
    0xff, 0x00, 0x00, 0x0b, 0xf4, 0x4f, 0xf0, 0x00, 0x00, 0xbf, 0x44, 0xff, 0x00, 0x00, 0x0b, 0xf4,
    0x4f, 0xf0, 0x00, 0x00, 0xbf, 0x44, 0xff, 0x00, 0x00, 0x0b, 0xf4, 0x4f, 0xf0, 0x00, 0x00, 0xbf,
    0x40, 0xff, 0x20, 0x00, 0x0e, 0xf4, 0x0c, 0xf9, 0x00, 0x07, 0xfe, 0x00, 0x4f, 0xfd, 0xbc, 0xff,
    0x70, 0x00, 0x4d, 0xff, 0xfe, 0x60, 0x00, 0x00, 0x02, 0x43, 0x00, 0x00, 0x00, 0x01, 0xcf, 0xc1,
    0x00, 0x00, 0x01, 0xcf, 0xbf, 0xc1, 0x00, 0x01, 0xcf, 0x90, 0x6f, 0xc1, 0x00, 0x24, 0x40, 0x00,
    0x34, 0x20, 0x00, 0x00, 0x34, 0x40, 0x00, 0x00, 0x05, 0xdf, 0xff, 0xe8, 0x00, 0x05, 0xff, 0xdb,
    0xcf, 0xf8, 0x00, 0xcf, 0x90, 0x00, 0x7f, 0xe1, 0x0f, 0xf2, 0x00, 0x00, 0xef, 0x44, 0xff, 0x00,
    0x00, 0x0b, 0xf4, 0x4f, 0xf0, 0x00, 0x00, 0xbf, 0x44, 0xff, 0x00, 0x00, 0x0b, 0xf4, 0x4f, 0xf0,
    0x00, 0x00, 0xbf, 0x44, 0xff, 0x00, 0x00, 0x0b, 0xf4, 0x4f, 0xf0, 0x00, 0x00, 0xbf, 0x44, 0xff,
    0x00, 0x00, 0x0b, 0xf4, 0x4f, 0xf0, 0x00, 0x00, 0xbf, 0x40, 0xff, 0x20, 0x00, 0x0e, 0xf4, 0x0c,
    0xf9, 0x00, 0x07, 0xfe, 0x00, 0x4f, 0xfd, 0xbc, 0xff, 0x70, 0x00, 0x4d, 0xff, 0xfe, 0x60, 0x00,
    0x00, 0x02, 0x43, 0x00, 0x00, 0x00, 0x3b, 0xb5, 0x03, 0xb3, 0x00, 0x0d, 0xeb, 0xf8, 0x9f, 0x20,
    0x00, 0xf8, 0x08, 0xff, 0x90, 0x00, 0x00, 0x00, 0x00, 0x00, 0x00, 0x00, 0x00, 0x34, 0x40, 0x00,
    0x00, 0x05, 0xdf, 0xff, 0xe8, 0x00, 0x05, 0xff, 0xdb, 0xcf, 0xf8, 0x00, 0xcf, 0x90, 0x00, 0x7f,
    0xe1, 0x0f, 0xf2, 0x00, 0x00, 0xef, 0x44, 0xff, 0x00, 0x00, 0x0b, 0xf4, 0x4f, 0xf0, 0x00, 0x00,
    0xbf, 0x44, 0xff, 0x00, 0x00, 0x0b, 0xf4, 0x4f, 0xf0, 0x00, 0x00, 0xbf, 0x44, 0xff, 0x00, 0x00,
    0x0b, 0xf4, 0x4f, 0xf0, 0x00, 0x00, 0xbf, 0x44, 0xff, 0x00, 0x00, 0x0b, 0xf4, 0x4f, 0xf0, 0x00,
    0x00, 0xbf, 0x40, 0xff, 0x20, 0x00, 0x0e, 0xf4, 0x0c, 0xf9, 0x00, 0x07, 0xfe, 0x00, 0x4f, 0xfd,
    0xbc, 0xff, 0x70, 0x00, 0x4d, 0xff, 0xfe, 0x60, 0x00, 0x00, 0x02, 0x43, 0x00, 0x00, 0x01, 0xab,
    0x30, 0x1a, 0xb2, 0x00, 0x4f, 0xf8, 0x05, 0xff, 0x80, 0x02, 0xef, 0x50, 0x2e, 0xf4, 0x00, 0x00,
    0x00, 0x00, 0x00, 0x00, 0x00, 0x00, 0x34, 0x40, 0x00, 0x00, 0x05, 0xdf, 0xff, 0xe8, 0x00, 0x05,
    0xff, 0xdb, 0xcf, 0xf8, 0x00, 0xcf, 0x90, 0x00, 0x7f, 0xe1, 0x0f, 0xf2, 0x00, 0x00, 0xef, 0x44,
    0xff, 0x00, 0x00, 0x0b, 0xf4, 0x4f, 0xf0, 0x00, 0x00, 0xbf, 0x44, 0xff, 0x00, 0x00, 0x0b, 0xf4,
    0x4f, 0xf0, 0x00, 0x00, 0xbf, 0x44, 0xff, 0x00, 0x00, 0x0b, 0xf4, 0x4f, 0xf0, 0x00, 0x00, 0xbf,
    0x44, 0xff, 0x00, 0x00, 0x0b, 0xf4, 0x4f, 0xf0, 0x00, 0x00, 0xbf, 0x40, 0xff, 0x20, 0x00, 0x0e,
    0xf4, 0x0c, 0xf9, 0x00, 0x07, 0xfe, 0x00, 0x4f, 0xfd, 0xbc, 0xff, 0x70, 0x00, 0x4d, 0xff, 0xfe,
    0x60, 0x00, 0x00, 0x02, 0x43, 0x00, 0x00, 0x06, 0x00, 0x00, 0x05, 0x18, 0xf9, 0x00, 0x06, 0xfb,
    0x3e, 0xf9, 0x06, 0xfe, 0x30, 0x3e, 0xfb, 0xfe, 0x30, 0x00, 0x3e, 0xff, 0x30, 0x00, 0x06, 0xff,
    0xf9, 0x00, 0x06, 0xfe, 0x6e, 0xf9, 0x06, 0xfe, 0x30, 0x3e, 0xf8, 0x3d, 0x30, 0x00, 0x3d, 0x30,
    0x00, 0x00, 0x00, 0x00, 0x00, 0x00, 0x03, 0x44, 0x00, 0x58, 0x30, 0x00, 0x5d, 0xff, 0xfe, 0x8e,
    0xd1, 0x00, 0x5f, 0xfd, 0xbc, 0xff, 0xf6, 0x00, 0x0d, 0xf9, 0x00, 0x07, 0xff, 0x10, 0x01, 0xff,
    0x20, 0x00, 0xbf, 0xf4, 0x00, 0x4f, 0xf0, 0x00, 0x4f, 0xff, 0x40, 0x04, 0xff, 0x00, 0x0d, 0xfd,
    0xf4, 0x00, 0x4f, 0xf0, 0x07, 0xf8, 0xbf, 0x40, 0x04, 0xff, 0x01, 0xee, 0x1b, 0xf4, 0x00, 0x4f,
    0xf0, 0x8f, 0x60, 0xbf, 0x40, 0x04, 0xff, 0x2f, 0xd0, 0x0b, 0xf4, 0x00, 0x4f, 0xfa, 0xf4, 0x00,
    0xbf, 0x40, 0x04, 0xff, 0xfb, 0x00, 0x0b, 0xf4, 0x00, 0x1f, 0xff, 0x20, 0x00, 0xef, 0x40, 0x00,
    0xcf, 0xc0, 0x00, 0x7f, 0xe1, 0x00, 0x1d, 0xff, 0xdb, 0xcf, 0xf8, 0x00, 0x08, 0xfa, 0xdf, 0xff,
    0xe7, 0x00, 0x02, 0xed, 0x00, 0x24, 0x30, 0x00, 0x00, 0x00, 0x6f, 0xd1, 0x00, 0x00, 0x00, 0x00,
    0x9f, 0xb0, 0x00, 0x00, 0x00, 0x00, 0xcf, 0x80, 0x00, 0x00, 0x00, 0x01, 0x44, 0x00, 0x00, 0x00,
    0x00, 0x00, 0x00, 0x00, 0x00, 0xff, 0x00, 0x00, 0x0b, 0xf4, 0x0f, 0xf0, 0x00, 0x00, 0xbf, 0x40,
    0xff, 0x00, 0x00, 0x0b, 0xf4, 0x0f, 0xf0, 0x00, 0x00, 0xbf, 0x40, 0xff, 0x00, 0x00, 0x0b, 0xf4,
    0x0f, 0xf0, 0x00, 0x00, 0xbf, 0x40, 0xff, 0x00, 0x00, 0x0b, 0xf4, 0x0f, 0xf0, 0x00, 0x00, 0xbf,
    0x40, 0xff, 0x00, 0x00, 0x0b, 0xf4, 0x0f, 0xf0, 0x00, 0x00, 0xbf, 0x40, 0xff, 0x00, 0x00, 0x0b,
    0xf4, 0x0f, 0xf0, 0x00, 0x00, 0xbf, 0x40, 0xff, 0x30, 0x00, 0x0f, 0xf4, 0x0c, 0xfa, 0x00, 0x07,
    0xfe, 0x10, 0x4f, 0xfd, 0xbc, 0xff, 0x80, 0x00, 0x5d, 0xff, 0xfe, 0x80, 0x00, 0x00, 0x02, 0x43,
    0x00, 0x00, 0x00, 0x00, 0x00, 0xbf, 0x90, 0x00, 0x00, 0x00, 0x8f, 0xc0, 0x00, 0x00, 0x00, 0x4f,
    0xe1, 0x00, 0x00, 0x00, 0x03, 0x42, 0x00, 0x00, 0x00, 0x00, 0x00, 0x00, 0x00, 0x00, 0xff, 0x00,
    0x00, 0x0b, 0xf4, 0x0f, 0xf0, 0x00, 0x00, 0xbf, 0x40, 0xff, 0x00, 0x00, 0x0b, 0xf4, 0x0f, 0xf0,
    0x00, 0x00, 0xbf, 0x40, 0xff, 0x00, 0x00, 0x0b, 0xf4, 0x0f, 0xf0, 0x00, 0x00, 0xbf, 0x40, 0xff,
    0x00, 0x00, 0x0b, 0xf4, 0x0f, 0xf0, 0x00, 0x00, 0xbf, 0x40, 0xff, 0x00, 0x00, 0x0b, 0xf4, 0x0f,
    0xf0, 0x00, 0x00, 0xbf, 0x40, 0xff, 0x00, 0x00, 0x0b, 0xf4, 0x0f, 0xf0, 0x00, 0x00, 0xbf, 0x40,
    0xff, 0x30, 0x00, 0x0f, 0xf4, 0x0c, 0xfa, 0x00, 0x07, 0xfe, 0x10, 0x4f, 0xfd, 0xbc, 0xff, 0x80,
    0x00, 0x5d, 0xff, 0xfe, 0x80, 0x00, 0x00, 0x02, 0x43, 0x00, 0x00, 0x00, 0x01, 0xcf, 0xc1, 0x00,
    0x00, 0x01, 0xcf, 0xbf, 0xc1, 0x00, 0x01, 0xcf, 0x90, 0x6f, 0xc1, 0x00, 0x24, 0x40, 0x00, 0x34,
    0x20, 0x00, 0x00, 0x00, 0x00, 0x00, 0x00, 0xff, 0x00, 0x00, 0x0b, 0xf4, 0x0f, 0xf0, 0x00, 0x00,
    0xbf, 0x40, 0xff, 0x00, 0x00, 0x0b, 0xf4, 0x0f, 0xf0, 0x00, 0x00, 0xbf, 0x40, 0xff, 0x00, 0x00,
    0x0b, 0xf4, 0x0f, 0xf0, 0x00, 0x00, 0xbf, 0x40, 0xff, 0x00, 0x00, 0x0b, 0xf4, 0x0f, 0xf0, 0x00,
    0x00, 0xbf, 0x40, 0xff, 0x00, 0x00, 0x0b, 0xf4, 0x0f, 0xf0, 0x00, 0x00, 0xbf, 0x40, 0xff, 0x00,
    0x00, 0x0b, 0xf4, 0x0f, 0xf0, 0x00, 0x00, 0xbf, 0x40, 0xff, 0x30, 0x00, 0x0f, 0xf4, 0x0c, 0xfa,
    0x00, 0x07, 0xfe, 0x10, 0x4f, 0xfd, 0xbc, 0xff, 0x80, 0x00, 0x5d, 0xff, 0xfe, 0x80, 0x00, 0x00,
    0x02, 0x43, 0x00, 0x00, 0x01, 0xab, 0x30, 0x1a, 0xb2, 0x00, 0x4f, 0xf8, 0x05, 0xff, 0x80, 0x02,
    0xef, 0x50, 0x2e, 0xf4, 0x00, 0x00, 0x00, 0x00, 0x00, 0x00, 0x00, 0x00, 0x00, 0x00, 0x00, 0x00,
    0xff, 0x00, 0x00, 0x0b, 0xf4, 0x0f, 0xf0, 0x00, 0x00, 0xbf, 0x40, 0xff, 0x00, 0x00, 0x0b, 0xf4,
    0x0f, 0xf0, 0x00, 0x00, 0xbf, 0x40, 0xff, 0x00, 0x00, 0x0b, 0xf4, 0x0f, 0xf0, 0x00, 0x00, 0xbf,
    0x40, 0xff, 0x00, 0x00, 0x0b, 0xf4, 0x0f, 0xf0, 0x00, 0x00, 0xbf, 0x40, 0xff, 0x00, 0x00, 0x0b,
    0xf4, 0x0f, 0xf0, 0x00, 0x00, 0xbf, 0x40, 0xff, 0x00, 0x00, 0x0b, 0xf4, 0x0f, 0xf0, 0x00, 0x00,
    0xbf, 0x40, 0xff, 0x30, 0x00, 0x0f, 0xf4, 0x0c, 0xfa, 0x00, 0x07, 0xfe, 0x10, 0x4f, 0xfd, 0xbc,
    0xff, 0x80, 0x00, 0x5d, 0xff, 0xfe, 0x80, 0x00, 0x00, 0x02, 0x43, 0x00, 0x00, 0x00, 0x00, 0x00,
    0x0b, 0xf9, 0x00, 0x00, 0x00, 0x00, 0x08, 0xfc, 0x00, 0x00, 0x00, 0x00, 0x04, 0xfe, 0x10, 0x00,
    0x00, 0x00, 0x00, 0x34, 0x20, 0x00, 0x00, 0x00, 0x00, 0x00, 0x00, 0x00, 0x00, 0x01, 0xef, 0x40,
    0x00, 0x00, 0x1e, 0xf4, 0x08, 0xfb, 0x00, 0x00, 0x08, 0xfb, 0x00, 0x2f, 0xf4, 0x00, 0x00, 0xef,
    0x40, 0x00, 0x9f, 0x90, 0x00, 0x6f, 0xc0, 0x00, 0x02, 0xff, 0x20, 0x0d, 0xf6, 0x00, 0x00, 0x09,
    0xf9, 0x06, 0xfd, 0x00, 0x00, 0x00, 0x2f, 0xf2, 0xcf, 0x60, 0x00, 0x00, 0x00, 0xaf, 0x9f, 0xd0,
    0x00, 0x00, 0x00, 0x04, 0xff, 0xf6, 0x00, 0x00, 0x00, 0x00, 0x0b, 0xfe, 0x10, 0x00, 0x00, 0x00,
    0x00, 0x8f, 0xb0, 0x00, 0x00, 0x00, 0x00, 0x08, 0xfb, 0x00, 0x00, 0x00, 0x00, 0x00, 0x8f, 0xb0,
    0x00, 0x00, 0x00, 0x00, 0x08, 0xfb, 0x00, 0x00, 0x00, 0x00, 0x00, 0x8f, 0xb0, 0x00, 0x00, 0x00,
    0x00, 0x08, 0xfb, 0x00, 0x00, 0x00, 0x00, 0x00, 0x00, 0x00, 0x00, 0x00, 0x0f, 0xf0, 0x00, 0x00,
    0x00, 0x00, 0x0f, 0xf0, 0x00, 0x00, 0x00, 0x00, 0x0f, 0xf0, 0x00, 0x00, 0x00, 0x00, 0x0f, 0xfb,
    0xbb, 0xbb, 0x71, 0x00, 0x0f, 0xff, 0xff, 0xff, 0xfc, 0x10, 0x0f, 0xf0, 0x00, 0x15, 0xef, 0x90,
    0x0f, 0xf0, 0x00, 0x00, 0x5f, 0xf0, 0x0f, 0xf0, 0x00, 0x00, 0x0f, 0xf4, 0x0f, 0xf0, 0x00, 0x00,
    0x3f, 0xf1, 0x0f, 0xf0, 0x00, 0x01, 0xcf, 0xc0, 0x0f, 0xfb, 0xbb, 0xcf, 0xfe, 0x30, 0x0f, 0xff,
    0xff, 0xff, 0xa3, 0x00, 0x0f, 0xf0, 0x00, 0x00, 0x00, 0x00, 0x0f, 0xf0, 0x00, 0x00, 0x00, 0x00,
    0x0f, 0xf0, 0x00, 0x00, 0x00, 0x00, 0x0f, 0xf0, 0x00, 0x00, 0x00, 0x00, 0x00, 0x00, 0x34, 0x40,
    0x00, 0x00, 0x03, 0xdf, 0xff, 0xf8, 0x00, 0x03, 0xff, 0xdb, 0xcf, 0xf9, 0x00, 0xbf, 0xa0, 0x00,
    0x6f, 0xf3, 0x0f, 0xf3, 0x00, 0x00, 0xdf, 0x60, 0xff, 0x00, 0x00, 0x0b, 0xf5, 0x0f, 0xf0, 0x00,
    0x03, 0xfe, 0x10, 0xff, 0x01, 0x47, 0xef, 0x60, 0x0f, 0xf0, 0x4f, 0xfe, 0x80, 0x00, 0xff, 0x02,
    0x88, 0xef, 0xc0, 0x0f, 0xf0, 0x00, 0x01, 0xdf, 0x70, 0xff, 0x00, 0x00, 0x07, 0xfb, 0x0f, 0xf0,
    0x00, 0x00, 0x5f, 0xd0, 0xff, 0x00, 0x00, 0x09, 0xfb, 0x0f, 0xf0, 0x00, 0x17, 0xff, 0x70, 0xff,
    0x04, 0xff, 0xff, 0xa0, 0x0f, 0xf0, 0x4f, 0xfc, 0x60, 0x00, 0x00, 0x24, 0x40, 0x00, 0x00, 0x00,
    0x01, 0xef, 0x60, 0x00, 0x00, 0x00, 0x03, 0xfe, 0x30, 0x00, 0x00, 0x00, 0x06, 0xb9, 0x00, 0x00,
    0x00, 0x00, 0x00, 0x00, 0x00, 0x00, 0x00, 0x04, 0x44, 0x10, 0x00, 0x00, 0x8e, 0xff, 0xff, 0x91,
    0x00, 0x8f, 0xfa, 0x89, 0xef, 0xa0, 0x0e, 0xf5, 0x00, 0x04, 0xff, 0x20, 0x00, 0x00, 0x00, 0x0f,
    0xf4, 0x00, 0x04, 0x44, 0x44, 0xff, 0x40, 0x3d, 0xff, 0xff, 0xff, 0xf4, 0x2e, 0xfa, 0x44, 0x44,
    0xff, 0x47, 0xfc, 0x00, 0x00, 0x0f, 0xf4, 0x8f, 0xb0, 0x00, 0x00, 0xff, 0x47, 0xfe, 0x10, 0x00,
    0x9e, 0xf4, 0x1e, 0xfe, 0xa9, 0xdd, 0xbf, 0x40, 0x3d, 0xff, 0xfc, 0x3b, 0xf4, 0x00, 0x02, 0x42,
    0x00, 0x00, 0x00, 0x00, 0x00, 0x00, 0x24, 0x40, 0x00, 0x00, 0x00, 0x1d, 0xf6, 0x00, 0x00, 0x00,
    0x0a, 0xf9, 0x00, 0x00, 0x00, 0x04, 0xba, 0x00, 0x00, 0x00, 0x00, 0x00, 0x00, 0x00, 0x00, 0x00,
    0x04, 0x44, 0x10, 0x00, 0x00, 0x8e, 0xff, 0xff, 0x91, 0x00, 0x8f, 0xfa, 0x89, 0xef, 0xa0, 0x0e,
    0xf5, 0x00, 0x04, 0xff, 0x20, 0x00, 0x00, 0x00, 0x0f, 0xf4, 0x00, 0x04, 0x44, 0x44, 0xff, 0x40,
    0x3d, 0xff, 0xff, 0xff, 0xf4, 0x2e, 0xfa, 0x44, 0x44, 0xff, 0x47, 0xfc, 0x00, 0x00, 0x0f, 0xf4,
    0x8f, 0xb0, 0x00, 0x00, 0xff, 0x47, 0xfe, 0x10, 0x00, 0x9e, 0xf4, 0x1e, 0xfe, 0xa9, 0xdd, 0xbf,
    0x40, 0x3d, 0xff, 0xfc, 0x3b, 0xf4, 0x00, 0x02, 0x42, 0x00, 0x00, 0x00, 0x00, 0x00, 0x24, 0x30,
    0x00, 0x00, 0x00, 0x3e, 0xff, 0x60, 0x00, 0x00, 0x3e, 0xf7, 0xcf, 0x60, 0x00, 0x1a, 0xb6, 0x01,
    0xab, 0x30, 0x00, 0x00, 0x00, 0x00, 0x00, 0x00, 0x00, 0x04, 0x44, 0x10, 0x00, 0x00, 0x8e, 0xff,
    0xff, 0x91, 0x00, 0x8f, 0xfa, 0x89, 0xef, 0xa0, 0x0e, 0xf5, 0x00, 0x04, 0xff, 0x20, 0x00, 0x00,
    0x00, 0x0f, 0xf4, 0x00, 0x04, 0x44, 0x44, 0xff, 0x40, 0x3d, 0xff, 0xff, 0xff, 0xf4, 0x2e, 0xfa,
    0x44, 0x44, 0xff, 0x47, 0xfc, 0x00, 0x00, 0x0f, 0xf4, 0x8f, 0xb0, 0x00, 0x00, 0xff, 0x47, 0xfe,
    0x10, 0x00, 0x9e, 0xf4, 0x1e, 0xfe, 0xa9, 0xdd, 0xbf, 0x40, 0x3d, 0xff, 0xfc, 0x3b, 0xf4, 0x00,
    0x02, 0x42, 0x00, 0x00, 0x00, 0x00, 0x02, 0x30, 0x00, 0x00, 0x00, 0x06, 0xff, 0xc1, 0x4f, 0x40,
    0x00, 0xbc, 0x5e, 0xdd, 0xf2, 0x00, 0x0b, 0x60, 0x29, 0xb5, 0x00, 0x00, 0x00, 0x00, 0x00, 0x00,
    0x00, 0x00, 0x04, 0x44, 0x10, 0x00, 0x00, 0x8e, 0xff, 0xff, 0x91, 0x00, 0x8f, 0xfa, 0x89, 0xef,
    0xa0, 0x0e, 0xf5, 0x00, 0x04, 0xff, 0x20, 0x00, 0x00, 0x00, 0x0f, 0xf4, 0x00, 0x04, 0x44, 0x44,
    0xff, 0x40, 0x3d, 0xff, 0xff, 0xff, 0xf4, 0x2e, 0xfa, 0x44, 0x44, 0xff, 0x47, 0xfc, 0x00, 0x00,
    0x0f, 0xf4, 0x8f, 0xb0, 0x00, 0x00, 0xff, 0x47, 0xfe, 0x10, 0x00, 0x9e, 0xf4, 0x1e, 0xfe, 0xa9,
    0xdd, 0xbf, 0x40, 0x3d, 0xff, 0xfc, 0x3b, 0xf4, 0x00, 0x02, 0x42, 0x00, 0x00, 0x00, 0x00, 0x02,
    0x00, 0x00, 0x20, 0x00, 0x1e, 0xf8, 0x02, 0xef, 0x50, 0x04, 0xff, 0xa0, 0x4f, 0xfa, 0x00, 0x08,
    0xb3, 0x00, 0x9b, 0x30, 0x00, 0x00, 0x00, 0x00, 0x00, 0x00, 0x00, 0x04, 0x44, 0x10, 0x00, 0x00,
    0x8e, 0xff, 0xff, 0x91, 0x00, 0x8f, 0xfa, 0x89, 0xef, 0xa0, 0x0e, 0xf5, 0x00, 0x04, 0xff, 0x20,
    0x00, 0x00, 0x00, 0x0f, 0xf4, 0x00, 0x04, 0x44, 0x44, 0xff, 0x40, 0x3d, 0xff, 0xff, 0xff, 0xf4,
    0x2e, 0xfa, 0x44, 0x44, 0xff, 0x47, 0xfc, 0x00, 0x00, 0x0f, 0xf4, 0x8f, 0xb0, 0x00, 0x00, 0xff,
    0x47, 0xfe, 0x10, 0x00, 0x9e, 0xf4, 0x1e, 0xfe, 0xa9, 0xdd, 0xbf, 0x40, 0x3d, 0xff, 0xfc, 0x3b,
    0xf4, 0x00, 0x02, 0x42, 0x00, 0x00, 0x00, 0x00, 0x00, 0x38, 0x61, 0x00, 0x00, 0x00, 0x6f, 0xbe,
    0xc1, 0x00, 0x00, 0x0e, 0x80, 0x2f, 0x60, 0x00, 0x00, 0xf8, 0x01, 0xf6, 0x00, 0x00, 0x08, 0xe8,
    0xce, 0x10, 0x00, 0x00, 0x06, 0xa8, 0x20, 0x00, 0x00, 0x00, 0x44, 0x41, 0x00, 0x00, 0x08, 0xef,
    0xff, 0xf9, 0x10, 0x08, 0xff, 0xa8, 0x9e, 0xfa, 0x00, 0xef, 0x50, 0x00, 0x4f, 0xf2, 0x00, 0x00,
    0x00, 0x00, 0xff, 0x40, 0x00, 0x44, 0x44, 0x4f, 0xf4, 0x03, 0xdf, 0xff, 0xff, 0xff, 0x42, 0xef,
    0xa4, 0x44, 0x4f, 0xf4, 0x7f, 0xc0, 0x00, 0x00, 0xff, 0x48, 0xfb, 0x00, 0x00, 0x0f, 0xf4, 0x7f,
    0xe1, 0x00, 0x09, 0xef, 0x41, 0xef, 0xea, 0x9d, 0xdb, 0xf4, 0x03, 0xdf, 0xff, 0xc3, 0xbf, 0x40,
    0x00, 0x24, 0x20, 0x00, 0x00, 0x00, 0x04, 0x41, 0x00, 0x34, 0x20, 0x00, 0x3d, 0xff, 0xe3, 0xbf,
    0xff, 0x60, 0x0b, 0xfa, 0x8e, 0xef, 0x88, 0xff, 0x20, 0xfe, 0x00, 0x6f, 0xb0, 0x09, 0xf7, 0x00,
    0x00, 0x04, 0xf8, 0x00, 0x8f, 0x80, 0x00, 0x24, 0x7f, 0x94, 0x49, 0xf8, 0x03, 0xbf, 0xff, 0xff,
    0xff, 0xff, 0x80, 0xcf, 0x88, 0x9f, 0xb8, 0x88, 0x84, 0x3f, 0xc0, 0x04, 0xf8, 0x00, 0x00, 0x04,
    0xfb, 0x00, 0x4f, 0x80, 0x00, 0x00, 0x4f, 0xc0, 0x06, 0xfc, 0x00, 0x8f, 0x70, 0xdf, 0xa8, 0xec,
    0xf9, 0x8f, 0xf2, 0x03, 0xdf, 0xfc, 0x18, 0xff, 0xe6, 0x00, 0x00, 0x43, 0x00, 0x02, 0x40, 0x00,
    0x00, 0x00, 0x34, 0x42, 0x00, 0x00, 0x05, 0xdf, 0xff, 0xfa, 0x10, 0x05, 0xff, 0xd8, 0xae, 0xfc,
    0x00, 0xcf, 0x90, 0x00, 0x3e, 0xf6, 0x0f, 0xf2, 0x00, 0x00, 0x9f, 0x83, 0xff, 0x00, 0x00, 0x00,
    0x00, 0x4f, 0xf0, 0x00, 0x00, 0x00, 0x04, 0xff, 0x00, 0x00, 0x00, 0x00, 0x3f, 0xf0, 0x00, 0x00,
    0x00, 0x00, 0xff, 0x30, 0x00, 0x09, 0xf8, 0x0b, 0xfa, 0x10, 0x03, 0xef, 0x50, 0x4f, 0xfe, 0xbc,
    0xff, 0xb0, 0x00, 0x4c, 0xff, 0xfe, 0x81, 0x00, 0x00, 0x0b, 0xc4, 0x00, 0x00, 0x00, 0x00, 0x8c,
    0xe8, 0x00, 0x00, 0x00, 0x00, 0x0d, 0xf3, 0x00, 0x00, 0x06, 0xbc, 0xfc, 0x10, 0x00, 0x00, 0x48,
    0x87, 0x10, 0x00, 0x00, 0x34, 0x30, 0x00, 0x00, 0x00, 0x03, 0xef, 0x40, 0x00, 0x00, 0x00, 0x05,
    0xfe, 0x20, 0x00, 0x00, 0x00, 0x06, 0xb8, 0x00, 0x00, 0x00, 0x00, 0x00, 0x00, 0x00, 0x00, 0x00,
    0x04, 0x44, 0x10, 0x00, 0x00, 0x6e, 0xff, 0xfe, 0x80, 0x00, 0x5f, 0xf9, 0x88, 0xef, 0x80, 0x0d,
    0xf7, 0x00, 0x03, 0xff, 0x23, 0xff, 0x00, 0x00, 0x0b, 0xf6, 0x4f, 0xf0, 0x00, 0x00, 0xbf, 0x84,
    0xff, 0xff, 0xff, 0xff, 0xf8, 0x4f, 0xf8, 0x88, 0x88, 0x88, 0x44, 0xff, 0x00, 0x00, 0x00, 0x00,
    0x2f, 0xf1, 0x00, 0x00, 0x00, 0x00, 0xdf, 0x80, 0x00, 0x3f, 0xf3, 0x04, 0xff, 0xcb, 0xbf, 0xf9,
    0x00, 0x04, 0xdf, 0xff, 0xe8, 0x00, 0x00, 0x00, 0x24, 0x30, 0x00, 0x00, 0x00, 0x00, 0x00, 0x24,
    0x30, 0x00, 0x00, 0x00, 0x2e, 0xf5, 0x00, 0x00, 0x00, 0x0c, 0xf8, 0x00, 0x00, 0x00, 0x06, 0xb8,
    0x00, 0x00, 0x00, 0x00, 0x00, 0x00, 0x00, 0x00, 0x00, 0x04, 0x44, 0x10, 0x00, 0x00, 0x6e, 0xff,
    0xfe, 0x80, 0x00, 0x5f, 0xf9, 0x88, 0xef, 0x80, 0x0d, 0xf7, 0x00, 0x03, 0xff, 0x23, 0xff, 0x00,
    0x00, 0x0b, 0xf6, 0x4f, 0xf0, 0x00, 0x00, 0xbf, 0x84, 0xff, 0xff, 0xff, 0xff, 0xf8, 0x4f, 0xf8,
    0x88, 0x88, 0x88, 0x44, 0xff, 0x00, 0x00, 0x00, 0x00, 0x2f, 0xf1, 0x00, 0x00, 0x00, 0x00, 0xdf,
    0x80, 0x00, 0x3f, 0xf3, 0x04, 0xff, 0xcb, 0xbf, 0xf9, 0x00, 0x04, 0xdf, 0xff, 0xe8, 0x00, 0x00,
    0x00, 0x24, 0x30, 0x00, 0x00, 0x00, 0x00, 0x24, 0x30, 0x00, 0x00, 0x00, 0x3e, 0xff, 0x60, 0x00,
    0x00, 0x3e, 0xe6, 0xcf, 0x60, 0x00, 0x1a, 0xb3, 0x01, 0xab, 0x30, 0x00, 0x00, 0x00, 0x00, 0x00,
    0x00, 0x00, 0x04, 0x44, 0x10, 0x00, 0x00, 0x6e, 0xff, 0xfe, 0x80, 0x00, 0x5f, 0xf9, 0x88, 0xef,
    0x80, 0x0d, 0xf7, 0x00, 0x03, 0xff, 0x23, 0xff, 0x00, 0x00, 0x0b, 0xf6, 0x4f, 0xf0, 0x00, 0x00,
    0xbf, 0x84, 0xff, 0xff, 0xff, 0xff, 0xf8, 0x4f, 0xf8, 0x88, 0x88, 0x88, 0x44, 0xff, 0x00, 0x00,
    0x00, 0x00, 0x2f, 0xf1, 0x00, 0x00, 0x00, 0x00, 0xdf, 0x80, 0x00, 0x3f, 0xf3, 0x04, 0xff, 0xcb,
    0xbf, 0xf9, 0x00, 0x04, 0xdf, 0xff, 0xe8, 0x00, 0x00, 0x00, 0x24, 0x30, 0x00, 0x00, 0x00, 0x01,
    0x00, 0x01, 0x10, 0x00, 0x2e, 0xf5, 0x02, 0xef, 0x50, 0x04, 0xff, 0x80, 0x6f, 0xf8, 0x00, 0x19,
    0xa3, 0x01, 0xaa, 0x20, 0x00, 0x00, 0x00, 0x00, 0x00, 0x00, 0x00, 0x04, 0x44, 0x10, 0x00, 0x00,
    0x6e, 0xff, 0xfe, 0x80, 0x00, 0x5f, 0xf9, 0x88, 0xef, 0x80, 0x0d, 0xf7, 0x00, 0x03, 0xff, 0x23,
    0xff, 0x00, 0x00, 0x0b, 0xf6, 0x4f, 0xf0, 0x00, 0x00, 0xbf, 0x84, 0xff, 0xff, 0xff, 0xff, 0xf8,
    0x4f, 0xf8, 0x88, 0x88, 0x88, 0x44, 0xff, 0x00, 0x00, 0x00, 0x00, 0x2f, 0xf1, 0x00, 0x00, 0x00,
    0x00, 0xdf, 0x80, 0x00, 0x3f, 0xf3, 0x04, 0xff, 0xcb, 0xbf, 0xf9, 0x00, 0x04, 0xdf, 0xff, 0xe8,
    0x00, 0x00, 0x00, 0x24, 0x30, 0x00, 0x00, 0x00, 0x14, 0x40, 0x00, 0x00, 0x00, 0x00, 0x0c, 0xf9,
    0x00, 0x00, 0x00, 0x00, 0x01, 0xdf, 0x60, 0x00, 0x00, 0x00, 0x00, 0x3b, 0xa1, 0x00, 0x00, 0x00,
    0x00, 0x00, 0x00, 0x00, 0x00, 0x00, 0x00, 0x00, 0x00, 0x00, 0x00, 0x0b, 0xff, 0xff, 0xf4, 0x00,
    0x00, 0x0b, 0xff, 0xff, 0xf4, 0x00, 0x00, 0x00, 0x00, 0x0f, 0xf4, 0x00, 0x00, 0x00, 0x00, 0x0f,
    0xf4, 0x00, 0x00, 0x00, 0x00, 0x0f, 0xf4, 0x00, 0x00, 0x00, 0x00, 0x0f, 0xf4, 0x00, 0x00, 0x00,
    0x00, 0x0f, 0xf4, 0x00, 0x00, 0x00, 0x00, 0x0f, 0xf4, 0x00, 0x00, 0x00, 0x00, 0x0f, 0xf4, 0x00,
    0x00, 0x00, 0x00, 0x0f, 0xf4, 0x00, 0x00, 0x4f, 0xff, 0xff, 0xff, 0xff, 0xf4, 0x4f, 0xff, 0xff,
    0xff, 0xff, 0xf4, 0x00, 0x00, 0x00, 0x14, 0x41, 0x00, 0x00, 0x00, 0x00, 0xaf, 0x90, 0x00, 0x00,
    0x00, 0x07, 0xfc, 0x10, 0x00, 0x00, 0x00, 0x1b, 0xb2, 0x00, 0x00, 0x00, 0x00, 0x00, 0x00, 0x00,
    0x00, 0x00, 0x00, 0x00, 0x00, 0x00, 0x00, 0x0b, 0xff, 0xff, 0xf4, 0x00, 0x00, 0x0b, 0xff, 0xff,
    0xf4, 0x00, 0x00, 0x00, 0x00, 0x0f, 0xf4, 0x00, 0x00, 0x00, 0x00, 0x0f, 0xf4, 0x00, 0x00, 0x00,
    0x00, 0x0f, 0xf4, 0x00, 0x00, 0x00, 0x00, 0x0f, 0xf4, 0x00, 0x00, 0x00, 0x00, 0x0f, 0xf4, 0x00,
    0x00, 0x00, 0x00, 0x0f, 0xf4, 0x00, 0x00, 0x00, 0x00, 0x0f, 0xf4, 0x00, 0x00, 0x00, 0x00, 0x0f,
    0xf4, 0x00, 0x00, 0x4f, 0xff, 0xff, 0xff, 0xff, 0xf4, 0x4f, 0xff, 0xff, 0xff, 0xff, 0xf4, 0x00,
    0x00, 0x14, 0x40, 0x00, 0x00, 0x00, 0x01, 0xcf, 0xf9, 0x00, 0x00, 0x00, 0x1c, 0xf9, 0x9f, 0x90,
    0x00, 0x00, 0x8b, 0x80, 0x08, 0xb6, 0x00, 0x00, 0x00, 0x00, 0x00, 0x00, 0x00, 0x00, 0x00, 0x00,
    0x00, 0x00, 0x00, 0x0b, 0xff, 0xff, 0xf4, 0x00, 0x00, 0x0b, 0xff, 0xff, 0xf4, 0x00, 0x00, 0x00,
    0x00, 0x0f, 0xf4, 0x00, 0x00, 0x00, 0x00, 0x0f, 0xf4, 0x00, 0x00, 0x00, 0x00, 0x0f, 0xf4, 0x00,
    0x00, 0x00, 0x00, 0x0f, 0xf4, 0x00, 0x00, 0x00, 0x00, 0x0f, 0xf4, 0x00, 0x00, 0x00, 0x00, 0x0f,
    0xf4, 0x00, 0x00, 0x00, 0x00, 0x0f, 0xf4, 0x00, 0x00, 0x00, 0x00, 0x0f, 0xf4, 0x00, 0x00, 0x4f,
    0xff, 0xff, 0xff, 0xff, 0xf4, 0x4f, 0xff, 0xff, 0xff, 0xff, 0xf4, 0x00, 0x02, 0x00, 0x00, 0x20,
    0x00, 0x00, 0xbf, 0xb0, 0x0c, 0xf8, 0x00, 0x00, 0xff, 0xe0, 0x0f, 0xfd, 0x00, 0x00, 0x6b, 0x60,
    0x07, 0xb6, 0x00, 0x00, 0x00, 0x00, 0x00, 0x00, 0x00, 0x00, 0x00, 0x00, 0x00, 0x00, 0x00, 0x0b,
    0xff, 0xff, 0xf4, 0x00, 0x00, 0x0b, 0xff, 0xff, 0xf4, 0x00, 0x00, 0x00, 0x00, 0x0f, 0xf4, 0x00,
    0x00, 0x00, 0x00, 0x0f, 0xf4, 0x00, 0x00, 0x00, 0x00, 0x0f, 0xf4, 0x00, 0x00, 0x00, 0x00, 0x0f,
    0xf4, 0x00, 0x00, 0x00, 0x00, 0x0f, 0xf4, 0x00, 0x00, 0x00, 0x00, 0x0f, 0xf4, 0x00, 0x00, 0x00,
    0x00, 0x0f, 0xf4, 0x00, 0x00, 0x00, 0x00, 0x0f, 0xf4, 0x00, 0x00, 0x4f, 0xff, 0xff, 0xff, 0xff,
    0xf4, 0x4f, 0xff, 0xff, 0xff, 0xff, 0xf4, 0x00, 0x00, 0x00, 0x00, 0x01, 0x00, 0x02, 0xef, 0x71,
    0x6d, 0x40, 0x00, 0x05, 0xfe, 0xef, 0xe3, 0x00, 0x03, 0x9f, 0xff, 0x61, 0x00, 0x07, 0xff, 0xbc,
    0xf8, 0x00, 0x00, 0x89, 0x30, 0x3f, 0xf4, 0x00, 0x00, 0x00, 0x00, 0x7f, 0xd1, 0x00, 0x01, 0x79,
    0x95, 0xbf, 0x80, 0x03, 0xef, 0xff, 0xfb, 0xfe, 0x00, 0xdf, 0xc5, 0x44, 0xbf, 0xf6, 0x5f, 0xe1,
    0x00, 0x00, 0xdf, 0x98, 0xfb, 0x00, 0x00, 0x08, 0xfb, 0x8f, 0xb0, 0x00, 0x00, 0x8f, 0xb7, 0xfd,
    0x00, 0x00, 0x09, 0xf9, 0x2f, 0xf9, 0x00, 0x06, 0xff, 0x40, 0x6f, 0xfd, 0xbc, 0xff, 0x90, 0x00,
    0x5d, 0xff, 0xfd, 0x70, 0x00, 0x00, 0x01, 0x42, 0x00, 0x00, 0x00, 0x02, 0x30, 0x00, 0x00, 0x00,
    0x06, 0xff, 0xc1, 0x4f, 0x40, 0x00, 0xbc, 0x5e, 0xdd, 0xf2, 0x00, 0x0b, 0x60, 0x29, 0xb5, 0x00,
    0x00, 0x00, 0x00, 0x00, 0x00, 0x00, 0x00, 0x00, 0x44, 0x30, 0x00, 0x0f, 0xf3, 0xdf, 0xff, 0xb1,
    0x00, 0xff, 0xac, 0x89, 0xff, 0xb0, 0x0f, 0xf9, 0x00, 0x06, 0xff, 0x20, 0xff, 0x40, 0x00, 0x0f,
    0xf4, 0x0f, 0xf0, 0x00, 0x00, 0xbf, 0x40, 0xff, 0x00, 0x00, 0x0b, 0xf4, 0x0f, 0xf0, 0x00, 0x00,
    0xbf, 0x40, 0xff, 0x00, 0x00, 0x0b, 0xf4, 0x0f, 0xf0, 0x00, 0x00, 0xbf, 0x40, 0xff, 0x00, 0x00,
    0x0b, 0xf4, 0x0f, 0xf0, 0x00, 0x00, 0xbf, 0x40, 0xff, 0x00, 0x00, 0x0b, 0xf4, 0x00, 0x34, 0x30,
    0x00, 0x00, 0x00, 0x03, 0xef, 0x40, 0x00, 0x00, 0x00, 0x05, 0xfe, 0x20, 0x00, 0x00, 0x00, 0x06,
    0xb8, 0x00, 0x00, 0x00, 0x00, 0x00, 0x00, 0x00, 0x00, 0x00, 0x03, 0x44, 0x00, 0x00, 0x00, 0x5d,
    0xff, 0xfe, 0x80, 0x00, 0x5f, 0xfc, 0xbc, 0xff, 0x80, 0x0d, 0xf8, 0x00, 0x06, 0xff, 0x23, 0xff,
    0x10, 0x00, 0x0c, 0xf5, 0x4f, 0xf0, 0x00, 0x00, 0xbf, 0x84, 0xff, 0x00, 0x00, 0x0b, 0xf8, 0x4f,
    0xf0, 0x00, 0x00, 0xbf, 0x84, 0xff, 0x00, 0x00, 0x0b, 0xf8, 0x2f, 0xf1, 0x00, 0x00, 0xdf, 0x50,
    0xdf, 0x90, 0x00, 0x6f, 0xf1, 0x05, 0xff, 0xdb, 0xdf, 0xf8, 0x00, 0x04, 0xcf, 0xff, 0xd5, 0x00,
    0x00, 0x00, 0x14, 0x20, 0x00, 0x00, 0x00, 0x00, 0x00, 0x24, 0x30, 0x00, 0x00, 0x00, 0x2e, 0xf5,
    0x00, 0x00, 0x00, 0x0c, 0xf8, 0x00, 0x00, 0x00, 0x06, 0xb8, 0x00, 0x00, 0x00, 0x00, 0x00, 0x00,
    0x00, 0x00, 0x00, 0x03, 0x44, 0x00, 0x00, 0x00, 0x5d, 0xff, 0xfe, 0x80, 0x00, 0x5f, 0xfc, 0xbc,
    0xff, 0x80, 0x0d, 0xf8, 0x00, 0x06, 0xff, 0x23, 0xff, 0x10, 0x00, 0x0c, 0xf5, 0x4f, 0xf0, 0x00,
    0x00, 0xbf, 0x84, 0xff, 0x00, 0x00, 0x0b, 0xf8, 0x4f, 0xf0, 0x00, 0x00, 0xbf, 0x84, 0xff, 0x00,
    0x00, 0x0b, 0xf8, 0x2f, 0xf1, 0x00, 0x00, 0xdf, 0x50, 0xdf, 0x90, 0x00, 0x6f, 0xf1, 0x05, 0xff,
    0xdb, 0xdf, 0xf8, 0x00, 0x04, 0xcf, 0xff, 0xd5, 0x00, 0x00, 0x00, 0x14, 0x20, 0x00, 0x00, 0x00,
    0x00, 0x24, 0x30, 0x00, 0x00, 0x00, 0x3e, 0xff, 0x60, 0x00, 0x00, 0x3e, 0xe6, 0xcf, 0x60, 0x00,
    0x1a, 0xb3, 0x01, 0xab, 0x30, 0x00, 0x00, 0x00, 0x00, 0x00, 0x00, 0x00, 0x03, 0x44, 0x00, 0x00,
    0x00, 0x5d, 0xff, 0xfe, 0x80, 0x00, 0x5f, 0xfc, 0xbc, 0xff, 0x80, 0x0d, 0xf8, 0x00, 0x06, 0xff,
    0x23, 0xff, 0x10, 0x00, 0x0c, 0xf5, 0x4f, 0xf0, 0x00, 0x00, 0xbf, 0x84, 0xff, 0x00, 0x00, 0x0b,
    0xf8, 0x4f, 0xf0, 0x00, 0x00, 0xbf, 0x84, 0xff, 0x00, 0x00, 0x0b, 0xf8, 0x2f, 0xf1, 0x00, 0x00,
    0xdf, 0x50, 0xdf, 0x90, 0x00, 0x6f, 0xf1, 0x05, 0xff, 0xdb, 0xdf, 0xf8, 0x00, 0x04, 0xcf, 0xff,
    0xd5, 0x00, 0x00, 0x00, 0x14, 0x20, 0x00, 0x00, 0x00, 0x02, 0x30, 0x00, 0x00, 0x00, 0x08, 0xff,
    0xb1, 0x4f, 0x40, 0x00, 0xea, 0x5e, 0xdd, 0xe1, 0x00, 0x0b, 0x60, 0x3a, 0xb5, 0x00, 0x00, 0x00,
    0x00, 0x00, 0x00, 0x00, 0x00, 0x03, 0x44, 0x00, 0x00, 0x00, 0x5d, 0xff, 0xfe, 0x80, 0x00, 0x5f,
    0xfc, 0xbc, 0xff, 0x80, 0x0d, 0xf8, 0x00, 0x06, 0xff, 0x23, 0xff, 0x10, 0x00, 0x0c, 0xf5, 0x4f,
    0xf0, 0x00, 0x00, 0xbf, 0x84, 0xff, 0x00, 0x00, 0x0b, 0xf8, 0x4f, 0xf0, 0x00, 0x00, 0xbf, 0x84,
    0xff, 0x00, 0x00, 0x0b, 0xf8, 0x2f, 0xf1, 0x00, 0x00, 0xdf, 0x50, 0xdf, 0x90, 0x00, 0x6f, 0xf1,
    0x05, 0xff, 0xdb, 0xdf, 0xf8, 0x00, 0x04, 0xcf, 0xff, 0xd5, 0x00, 0x00, 0x00, 0x14, 0x20, 0x00,
    0x00, 0x00, 0x01, 0x00, 0x01, 0x10, 0x00, 0x2e, 0xf5, 0x02, 0xef, 0x50, 0x04, 0xff, 0x80, 0x6f,
    0xf8, 0x00, 0x19, 0xa3, 0x01, 0xaa, 0x20, 0x00, 0x00, 0x00, 0x00, 0x00, 0x00, 0x00, 0x03, 0x44,
    0x00, 0x00, 0x00, 0x5d, 0xff, 0xfe, 0x80, 0x00, 0x5f, 0xfc, 0xbc, 0xff, 0x80, 0x0d, 0xf8, 0x00,
    0x06, 0xff, 0x23, 0xff, 0x10, 0x00, 0x0c, 0xf5, 0x4f, 0xf0, 0x00, 0x00, 0xbf, 0x84, 0xff, 0x00,
    0x00, 0x0b, 0xf8, 0x4f, 0xf0, 0x00, 0x00, 0xbf, 0x84, 0xff, 0x00, 0x00, 0x0b, 0xf8, 0x2f, 0xf1,
    0x00, 0x00, 0xdf, 0x50, 0xdf, 0x90, 0x00, 0x6f, 0xf1, 0x05, 0xff, 0xdb, 0xdf, 0xf8, 0x00, 0x04,
    0xcf, 0xff, 0xd5, 0x00, 0x00, 0x00, 0x14, 0x20, 0x00, 0x00, 0x00, 0x04, 0x86, 0x00, 0x00, 0x02,
    0xff, 0xf6, 0x00, 0x00, 0x4f, 0xff, 0x70, 0x00, 0x00, 0x8c, 0xa1, 0x00, 0x00, 0x00, 0x00, 0x00,
    0x03, 0x44, 0x44, 0x44, 0x44, 0xbf, 0xff, 0xff, 0xff, 0xf6, 0x88, 0x88, 0x88, 0x88, 0x00, 0x00,
    0x00, 0x00, 0x00, 0x00, 0x48, 0x40, 0x00, 0x00, 0x2f, 0xff, 0x50, 0x00, 0x04, 0xff, 0xf7, 0x00,
    0x00, 0x08, 0xea, 0x10, 0x00, 0x00, 0x00, 0x04, 0x44, 0x11, 0xde, 0x30, 0x00, 0x6e, 0xff, 0xff,
    0xcf, 0x70, 0x00, 0x5f, 0xfc, 0x8b, 0xff, 0xc0, 0x00, 0x0d, 0xf7, 0x00, 0x2e, 0xff, 0x10, 0x01,
    0xff, 0x00, 0x0c, 0xfe, 0xf4, 0x00, 0x4f, 0xf0, 0x08, 0xf8, 0xbf, 0x40, 0x04, 0xff, 0x03, 0xfc,
    0x1b, 0xf4, 0x00, 0x4f, 0xf1, 0xdf, 0x30, 0xbf, 0x40, 0x04, 0xff, 0x9f, 0x70, 0x0b, 0xf4, 0x00,
    0x1f, 0xff, 0xb0, 0x00, 0xcf, 0x40, 0x00, 0xcf, 0xf2, 0x00, 0x6f, 0xe1, 0x00, 0x0b, 0xff, 0xdb,
    0xcf, 0xf8, 0x00, 0x07, 0xfa, 0xdf, 0xff, 0xe7, 0x00, 0x01, 0xba, 0x10, 0x24, 0x30, 0x00, 0x00,
    0x00, 0x34, 0x30, 0x00, 0x00, 0x00, 0x03, 0xef, 0x40, 0x00, 0x00, 0x00, 0x05, 0xfe, 0x20, 0x00,
    0x00, 0x00, 0x06, 0xb8, 0x00, 0x00, 0x00, 0x00, 0x00, 0x00, 0x00, 0x00, 0x00, 0x00, 0x00, 0x00,
    0x00, 0x0f, 0xf0, 0x00, 0x00, 0xbf, 0x40, 0xff, 0x00, 0x00, 0x0b, 0xf4, 0x0f, 0xf0, 0x00, 0x00,
    0xbf, 0x40, 0xff, 0x00, 0x00, 0x0b, 0xf4, 0x0f, 0xf0, 0x00, 0x00, 0xbf, 0x40, 0xff, 0x00, 0x00,
    0x0b, 0xf4, 0x0f, 0xf0, 0x00, 0x00, 0xbf, 0x40, 0xff, 0x00, 0x00, 0x0c, 0xf4, 0x0f, 0xf3, 0x00,
    0x00, 0xff, 0x40, 0xbf, 0xa0, 0x00, 0x8f, 0xe0, 0x04, 0xff, 0xdb, 0xcf, 0xf6, 0x00, 0x04, 0xdf,
    0xff, 0xd5, 0x00, 0x00, 0x00, 0x24, 0x30, 0x00, 0x00, 0x00, 0x00, 0x00, 0x24, 0x30, 0x00, 0x00,
    0x00, 0x2e, 0xf5, 0x00, 0x00, 0x00, 0x0c, 0xf8, 0x00, 0x00, 0x00, 0x06, 0xb8, 0x00, 0x00, 0x00,
    0x00, 0x00, 0x00, 0x00, 0x00, 0x00, 0x00, 0x00, 0x00, 0x00, 0x0f, 0xf0, 0x00, 0x00, 0xbf, 0x40,
    0xff, 0x00, 0x00, 0x0b, 0xf4, 0x0f, 0xf0, 0x00, 0x00, 0xbf, 0x40, 0xff, 0x00, 0x00, 0x0b, 0xf4,
    0x0f, 0xf0, 0x00, 0x00, 0xbf, 0x40, 0xff, 0x00, 0x00, 0x0b, 0xf4, 0x0f, 0xf0, 0x00, 0x00, 0xbf,
    0x40, 0xff, 0x00, 0x00, 0x0c, 0xf4, 0x0f, 0xf3, 0x00, 0x00, 0xff, 0x40, 0xbf, 0xa0, 0x00, 0x8f,
    0xe0, 0x04, 0xff, 0xdb, 0xcf, 0xf6, 0x00, 0x04, 0xdf, 0xff, 0xd5, 0x00, 0x00, 0x00, 0x24, 0x30,
    0x00, 0x00, 0x00, 0x00, 0x24, 0x30, 0x00, 0x00, 0x00, 0x3e, 0xff, 0x60, 0x00, 0x00, 0x3e, 0xe6,
    0xcf, 0x60, 0x00, 0x1a, 0xb3, 0x01, 0xab, 0x30, 0x00, 0x00, 0x00, 0x00, 0x00, 0x00, 0x00, 0x00,
    0x00, 0x00, 0x00, 0x0f, 0xf0, 0x00, 0x00, 0xbf, 0x40, 0xff, 0x00, 0x00, 0x0b, 0xf4, 0x0f, 0xf0,
    0x00, 0x00, 0xbf, 0x40, 0xff, 0x00, 0x00, 0x0b, 0xf4, 0x0f, 0xf0, 0x00, 0x00, 0xbf, 0x40, 0xff,
    0x00, 0x00, 0x0b, 0xf4, 0x0f, 0xf0, 0x00, 0x00, 0xbf, 0x40, 0xff, 0x00, 0x00, 0x0c, 0xf4, 0x0f,
    0xf3, 0x00, 0x00, 0xff, 0x40, 0xbf, 0xa0, 0x00, 0x8f, 0xe0, 0x04, 0xff, 0xdb, 0xcf, 0xf6, 0x00,
    0x04, 0xdf, 0xff, 0xd5, 0x00, 0x00, 0x00, 0x24, 0x30, 0x00, 0x00, 0x00, 0x01, 0x00, 0x01, 0x10,
    0x00, 0x2e, 0xf5, 0x02, 0xef, 0x50, 0x04, 0xff, 0x80, 0x6f, 0xf8, 0x00, 0x19, 0xa3, 0x01, 0xaa,
    0x20, 0x00, 0x00, 0x00, 0x00, 0x00, 0x00, 0x00, 0x00, 0x00, 0x00, 0x00, 0x0f, 0xf0, 0x00, 0x00,
    0xbf, 0x40, 0xff, 0x00, 0x00, 0x0b, 0xf4, 0x0f, 0xf0, 0x00, 0x00, 0xbf, 0x40, 0xff, 0x00, 0x00,
    0x0b, 0xf4, 0x0f, 0xf0, 0x00, 0x00, 0xbf, 0x40, 0xff, 0x00, 0x00, 0x0b, 0xf4, 0x0f, 0xf0, 0x00,
    0x00, 0xbf, 0x40, 0xff, 0x00, 0x00, 0x0c, 0xf4, 0x0f, 0xf3, 0x00, 0x00, 0xff, 0x40, 0xbf, 0xa0,
    0x00, 0x8f, 0xe0, 0x04, 0xff, 0xdb, 0xcf, 0xf6, 0x00, 0x04, 0xdf, 0xff, 0xd5, 0x00, 0x00, 0x00,
    0x24, 0x30, 0x00, 0x00, 0x00, 0x00, 0x00, 0x24, 0x30, 0x00, 0x00, 0x00, 0x02, 0xef, 0x50, 0x00,
    0x00, 0x00, 0x0c, 0xf8, 0x00, 0x00, 0x00, 0x00, 0x6b, 0x80, 0x00, 0x00, 0x00, 0x00, 0x00, 0x00,
    0x00, 0x00, 0x00, 0x00, 0x00, 0x00, 0x00, 0x00, 0x9f, 0x90, 0x00, 0x00, 0x6f, 0xd0, 0x4f, 0xf1,
    0x00, 0x00, 0xbf, 0x80, 0x0d, 0xf6, 0x00, 0x02, 0xff, 0x20, 0x07, 0xfc, 0x00, 0x07, 0xfc, 0x00,
    0x02, 0xff, 0x20, 0x0c, 0xf6, 0x00, 0x00, 0xaf, 0x80, 0x3f, 0xf1, 0x00, 0x00, 0x5f, 0xe0, 0x8f,
    0x90, 0x00, 0x00, 0x0d, 0xf5, 0xdf, 0x50, 0x00, 0x00, 0x08, 0xfc, 0xfd, 0x00, 0x00, 0x00, 0x02,
    0xff, 0xf8, 0x00, 0x00, 0x00, 0x00, 0xaf, 0xf2, 0x00, 0x00, 0x00, 0x00, 0x8f, 0xc0, 0x00, 0x00,
    0x00, 0x00, 0xdf, 0x60, 0x00, 0x00, 0x00, 0x03, 0xff, 0x10, 0x00, 0x00, 0x00, 0x09, 0xf9, 0x00,
    0x00, 0x00, 0x00, 0x0e, 0xf5, 0x00, 0x00, 0x00, 0x00, 0x00, 0x00, 0x00, 0x00, 0x04, 0xff, 0x00,
    0x00, 0x00, 0x00, 0x4f, 0xf0, 0x00, 0x00, 0x00, 0x04, 0xff, 0x00, 0x00, 0x00, 0x00, 0x4f, 0xf0,
    0x04, 0x43, 0x00, 0x04, 0xff, 0x3d, 0xff, 0xfb, 0x10, 0x4f, 0xfb, 0xc8, 0xaf, 0xf9, 0x04, 0xff,
    0x90, 0x00, 0x6f, 0xf1, 0x4f, 0xf2, 0x00, 0x00, 0xff, 0x44, 0xff, 0x00, 0x00, 0x0f, 0xf4, 0x4f,
    0xf0, 0x00, 0x00, 0xff, 0x44, 0xff, 0x00, 0x00, 0x0f, 0xf4, 0x4f, 0xf0, 0x00, 0x00, 0xff, 0x44,
    0xff, 0x20, 0x00, 0x0f, 0xf4, 0x4f, 0xf9, 0x00, 0x07, 0xff, 0x14, 0xff, 0xbd, 0xbc, 0xff, 0x80,
    0x4f, 0xf1, 0xbf, 0xff, 0x80, 0x04, 0xff, 0x00, 0x34, 0x10, 0x00, 0x4f, 0xf0, 0x00, 0x00, 0x00,
    0x04, 0xff, 0x00, 0x00, 0x00, 0x00, 0x3b, 0xb0, 0x00, 0x00, 0x00, 0x00, 0x00, 0x01, 0x00, 0x01,
    0x10, 0x00, 0x02, 0xef, 0x50, 0x2e, 0xf5, 0x00, 0x04, 0xff, 0x80, 0x6f, 0xf8, 0x00, 0x01, 0x9a,
    0x30, 0x1a, 0xa2, 0x00, 0x00, 0x00, 0x00, 0x00, 0x00, 0x00, 0x00, 0x00, 0x00, 0x00, 0x00, 0x00,
    0x9f, 0x90, 0x00, 0x00, 0x6f, 0xd0, 0x4f, 0xf1, 0x00, 0x00, 0xbf, 0x80, 0x0d, 0xf6, 0x00, 0x02,
    0xff, 0x20, 0x07, 0xfc, 0x00, 0x07, 0xfc, 0x00, 0x02, 0xff, 0x20, 0x0c, 0xf6, 0x00, 0x00, 0xaf,
    0x80, 0x3f, 0xf1, 0x00, 0x00, 0x5f, 0xe0, 0x8f, 0x90, 0x00, 0x00, 0x0d, 0xf5, 0xdf, 0x50, 0x00,
    0x00, 0x08, 0xfc, 0xfd, 0x00, 0x00, 0x00, 0x02, 0xff, 0xf8, 0x00, 0x00, 0x00, 0x00, 0xaf, 0xf2,
    0x00, 0x00, 0x00, 0x00, 0x8f, 0xc0, 0x00, 0x00, 0x00, 0x00, 0xdf, 0x60, 0x00, 0x00, 0x00, 0x03,
    0xff, 0x10, 0x00, 0x00, 0x00, 0x09, 0xf9, 0x00, 0x00, 0x00, 0x00, 0x0e, 0xf5, 0x00, 0x00, 0x00,
    0x00, 0x44, 0x44, 0x44, 0x41, 0x00, 0x00, 0xff, 0xff, 0xff, 0xf4, 0x00, 0x00, 0x88, 0x88, 0x88,
    0x82, 0x00, 0x00, 0x00, 0x00, 0x00, 0x00, 0x00, 0x00, 0x00, 0x00, 0x00, 0x00, 0x00, 0x00, 0x00,
    0xff, 0xf3, 0x00, 0x00, 0x00, 0x04, 0xff, 0xf7, 0x00, 0x00, 0x00, 0x08, 0xfb, 0xfa, 0x00, 0x00,
    0x00, 0x0b, 0xf5, 0xfe, 0x00, 0x00, 0x00, 0x0f, 0xf0, 0xcf, 0x40, 0x00, 0x00, 0x4f, 0xb0, 0x8f,
    0x80, 0x00, 0x00, 0x8f, 0x80, 0x5f, 0xb0, 0x00, 0x00, 0xcf, 0x50, 0x1f, 0xf0, 0x00, 0x01, 0xff,
    0x10, 0x0d, 0xf4, 0x00, 0x05, 0xfc, 0x00, 0x09, 0xf8, 0x00, 0x08, 0xff, 0xff, 0xff, 0xfb, 0x00,
    0x0c, 0xfc, 0xbb, 0xbb, 0xff, 0x10, 0x1f, 0xf1, 0x00, 0x00, 0xdf, 0x50, 0x5f, 0xc0, 0x00, 0x00,
    0x9f, 0x80, 0x9f, 0x90, 0x00, 0x00, 0x6f, 0xc0, 0xdf, 0x60, 0x00, 0x00, 0x2f, 0xf1, 0x00, 0x88,
    0x88, 0x88, 0x82, 0x00, 0x0f, 0xff, 0xff, 0xff, 0x40, 0x00, 0x44, 0x44, 0x44, 0x41, 0x00, 0x00,
    0x00, 0x00, 0x00, 0x00, 0x00, 0x00, 0x44, 0x41, 0x00, 0x00, 0x08, 0xef, 0xff, 0xf9, 0x10, 0x08,
    0xff, 0xa8, 0x9e, 0xfa, 0x00, 0xef, 0x50, 0x00, 0x4f, 0xf2, 0x00, 0x00, 0x00, 0x00, 0xff, 0x40,
    0x00, 0x44, 0x44, 0x4f, 0xf4, 0x03, 0xdf, 0xff, 0xff, 0xff, 0x42, 0xef, 0xa4, 0x44, 0x4f, 0xf4,
    0x7f, 0xc0, 0x00, 0x00, 0xff, 0x48, 0xfb, 0x00, 0x00, 0x0f, 0xf4, 0x7f, 0xe1, 0x00, 0x09, 0xef,
    0x41, 0xef, 0xea, 0x9d, 0xdb, 0xf4, 0x03, 0xdf, 0xff, 0xc3, 0xbf, 0x40, 0x00, 0x24, 0x20, 0x00,
    0x00, 0x00, 0xfb, 0x00, 0x08, 0xf4, 0x00, 0x00, 0xaf, 0x70, 0x5e, 0xd0, 0x00, 0x00, 0x1b, 0xff,
    0xfd, 0x30, 0x00, 0x00, 0x00, 0x34, 0x40, 0x00, 0x00, 0x00, 0x00, 0x00, 0x00, 0x00, 0x00, 0x00,
    0x00, 0xff, 0xf3, 0x00, 0x00, 0x00, 0x04, 0xff, 0xf7, 0x00, 0x00, 0x00, 0x08, 0xfb, 0xfa, 0x00,
    0x00, 0x00, 0x0b, 0xf5, 0xfe, 0x00, 0x00, 0x00, 0x0f, 0xf0, 0xcf, 0x40, 0x00, 0x00, 0x4f, 0xb0,
    0x8f, 0x80, 0x00, 0x00, 0x8f, 0x80, 0x5f, 0xb0, 0x00, 0x00, 0xcf, 0x50, 0x1f, 0xf0, 0x00, 0x01,
    0xff, 0x10, 0x0d, 0xf4, 0x00, 0x05, 0xfc, 0x00, 0x09, 0xf8, 0x00, 0x08, 0xff, 0xff, 0xff, 0xfb,
    0x00, 0x0c, 0xfc, 0xbb, 0xbb, 0xff, 0x10, 0x1f, 0xf1, 0x00, 0x00, 0xdf, 0x50, 0x5f, 0xc0, 0x00,
    0x00, 0x9f, 0x80, 0x9f, 0x90, 0x00, 0x00, 0x6f, 0xc0, 0xdf, 0x60, 0x00, 0x00, 0x2f, 0xf1, 0x00,
    0x43, 0x00, 0x02, 0x41, 0x00, 0x0c, 0xe1, 0x00, 0x8f, 0x40, 0x00, 0x5f, 0xc8, 0x9f, 0xc0, 0x00,
    0x00, 0x5c, 0xfd, 0x91, 0x00, 0x00, 0x00, 0x00, 0x00, 0x00, 0x00, 0x00, 0x04, 0x44, 0x10, 0x00,
    0x00, 0x8e, 0xff, 0xff, 0x91, 0x00, 0x8f, 0xfa, 0x89, 0xef, 0xa0, 0x0e, 0xf5, 0x00, 0x04, 0xff,
    0x20, 0x00, 0x00, 0x00, 0x0f, 0xf4, 0x00, 0x04, 0x44, 0x44, 0xff, 0x40, 0x3d, 0xff, 0xff, 0xff,
    0xf4, 0x2e, 0xfa, 0x44, 0x44, 0xff, 0x47, 0xfc, 0x00, 0x00, 0x0f, 0xf4, 0x8f, 0xb0, 0x00, 0x00,
    0xff, 0x47, 0xfe, 0x10, 0x00, 0x9e, 0xf4, 0x1e, 0xfe, 0xa9, 0xdd, 0xbf, 0x40, 0x3d, 0xff, 0xfc,
    0x3b, 0xf4, 0x00, 0x02, 0x42, 0x00, 0x00, 0x00, 0x00, 0x00, 0x00, 0x00, 0x00, 0x00, 0x00, 0x00,
    0xff, 0xf3, 0x00, 0x00, 0x00, 0x04, 0xff, 0xf7, 0x00, 0x00, 0x00, 0x08, 0xfb, 0xfa, 0x00, 0x00,
    0x00, 0x0b, 0xf5, 0xfe, 0x00, 0x00, 0x00, 0x0f, 0xf0, 0xcf, 0x40, 0x00, 0x00, 0x4f, 0xb0, 0x8f,
    0x80, 0x00, 0x00, 0x8f, 0x80, 0x5f, 0xb0, 0x00, 0x00, 0xcf, 0x50, 0x1f, 0xf0, 0x00, 0x01, 0xff,
    0x10, 0x0d, 0xf4, 0x00, 0x05, 0xfc, 0x00, 0x09, 0xf8, 0x00, 0x08, 0xff, 0xff, 0xff, 0xfb, 0x00,
    0x0c, 0xfc, 0xbb, 0xbb, 0xff, 0x10, 0x1f, 0xf1, 0x00, 0x00, 0xdf, 0x50, 0x5f, 0xc0, 0x00, 0x00,
    0x9f, 0x80, 0x9f, 0x90, 0x00, 0x00, 0x6f, 0xc0, 0xdf, 0x60, 0x00, 0x00, 0x2f, 0xf1, 0x00, 0x00,
    0x00, 0x00, 0x9e, 0x30, 0x00, 0x00, 0x00, 0x07, 0xf6, 0x00, 0x00, 0x00, 0x00, 0x0b, 0xf7, 0x00,
    0x00, 0x00, 0x00, 0x05, 0xff, 0xfb, 0x00, 0x00, 0x00, 0x00, 0x48, 0x86, 0x00, 0x00, 0x44, 0x41,
    0x00, 0x00, 0x00, 0x8e, 0xff, 0xff, 0x91, 0x00, 0x08, 0xff, 0xa8, 0x9e, 0xfa, 0x00, 0x0e, 0xf5,
    0x00, 0x04, 0xff, 0x20, 0x00, 0x00, 0x00, 0x00, 0xff, 0x40, 0x00, 0x04, 0x44, 0x44, 0xff, 0x40,
    0x03, 0xdf, 0xff, 0xff, 0xff, 0x40, 0x2e, 0xfa, 0x44, 0x44, 0xff, 0x40, 0x7f, 0xc0, 0x00, 0x00,
    0xff, 0x40, 0x8f, 0xb0, 0x00, 0x00, 0xff, 0x40, 0x7f, 0xe1, 0x00, 0x09, 0xef, 0x40, 0x1e, 0xfe,
    0xa9, 0xdd, 0xbf, 0x40, 0x03, 0xdf, 0xff, 0xc3, 0xbf, 0x40, 0x00, 0x02, 0x42, 0x03, 0xdb, 0x10,
    0x00, 0x00, 0x00, 0x0d, 0xf1, 0x00, 0x00, 0x00, 0x00, 0x0f, 0xf1, 0x00, 0x00, 0x00, 0x00, 0x0b,
    0xff, 0xf8, 0x00, 0x00, 0x00, 0x00, 0x68, 0x84, 0x00, 0x00, 0x00, 0x9f, 0xa0, 0x00, 0x00, 0x00,
    0x6f, 0xc1, 0x00, 0x00, 0x00, 0x3e, 0xe3, 0x00, 0x00, 0x00, 0x02, 0x42, 0x00, 0x00, 0x00, 0x00,
    0x34, 0x41, 0x00, 0x00, 0x04, 0xdf, 0xff, 0xf8, 0x10, 0x04, 0xff, 0xdb, 0xbf, 0xfb, 0x00, 0xbf,
    0xa0, 0x00, 0x3f, 0xf4, 0x0f, 0xf4, 0x00, 0x00, 0xaf, 0x80, 0xff, 0x00, 0x00, 0x02, 0x42, 0x0f,
    0xf0, 0x00, 0x00, 0x00, 0x00, 0xff, 0x00, 0x00, 0x00, 0x00, 0x0f, 0xf0, 0x00, 0x00, 0x00, 0x00,
    0xff, 0x00, 0x00, 0x00, 0x00, 0x0f, 0xf0, 0x00, 0x00, 0x00, 0x00, 0xff, 0x00, 0x00, 0x00, 0x00,
    0x0f, 0xf0, 0x00, 0x00, 0x48, 0x40, 0xff, 0x40, 0x00, 0x0a, 0xf8, 0x0a, 0xfb, 0x10, 0x04, 0xff,
    0x40, 0x3e, 0xfe, 0xbc, 0xff, 0x90, 0x00, 0x3b, 0xff, 0xfe, 0x80, 0x00, 0x00, 0x01, 0x44, 0x00,
    0x00, 0x00, 0x00, 0x00, 0x24, 0x40, 0x00, 0x00, 0x00, 0x1c, 0xf7, 0x00, 0x00, 0x00, 0x09, 0xf9,
    0x00, 0x00, 0x00, 0x03, 0xba, 0x10, 0x00, 0x00, 0x00, 0x00, 0x00, 0x00, 0x00, 0x00, 0x03, 0x44,
    0x20, 0x00, 0x00, 0x5d, 0xff, 0xff, 0xa1, 0x00, 0x5f, 0xfd, 0x8a, 0xef, 0xc0, 0x0c, 0xf9, 0x00,
    0x03, 0xef, 0x60, 0xff, 0x20, 0x00, 0x09, 0xf8, 0x3f, 0xf0, 0x00, 0x00, 0x00, 0x04, 0xff, 0x00,
    0x00, 0x00, 0x00, 0x4f, 0xf0, 0x00, 0x00, 0x00, 0x03, 0xff, 0x00, 0x00, 0x00, 0x00, 0x0f, 0xf3,
    0x00, 0x00, 0x9f, 0x80, 0xbf, 0xa1, 0x00, 0x3e, 0xf5, 0x03, 0xff, 0xeb, 0xcf, 0xfb, 0x00, 0x03,
    0xbf, 0xff, 0xe8, 0x10, 0x00, 0x00, 0x14, 0x40, 0x00, 0x00, 0x00, 0x00, 0x9f, 0xe3, 0x00, 0x00,
    0x00, 0x9f, 0xbf, 0xe3, 0x00, 0x00, 0x9f, 0x90, 0x4e, 0xe3, 0x00, 0x14, 0x40, 0x00, 0x24, 0x30,
    0x00, 0x00, 0x34, 0x41, 0x00, 0x00, 0x04, 0xdf, 0xff, 0xf8, 0x10, 0x04, 0xff, 0xdb, 0xbf, 0xfb,
    0x00, 0xbf, 0xa0, 0x00, 0x3f, 0xf4, 0x0f, 0xf4, 0x00, 0x00, 0xaf, 0x80, 0xff, 0x00, 0x00, 0x02,
    0x42, 0x0f, 0xf0, 0x00, 0x00, 0x00, 0x00, 0xff, 0x00, 0x00, 0x00, 0x00, 0x0f, 0xf0, 0x00, 0x00,
    0x00, 0x00, 0xff, 0x00, 0x00, 0x00, 0x00, 0x0f, 0xf0, 0x00, 0x00, 0x00, 0x00, 0xff, 0x00, 0x00,
    0x00, 0x00, 0x0f, 0xf0, 0x00, 0x00, 0x48, 0x40, 0xff, 0x40, 0x00, 0x0a, 0xf8, 0x0a, 0xfb, 0x10,
    0x04, 0xff, 0x40, 0x3e, 0xfe, 0xbc, 0xff, 0x90, 0x00, 0x3b, 0xff, 0xfe, 0x80, 0x00, 0x00, 0x01,
    0x44, 0x00, 0x00, 0x00, 0x00, 0x24, 0x40, 0x00, 0x00, 0x00, 0x1e, 0xff, 0x90, 0x00, 0x00, 0x1c,
    0xf7, 0xcf, 0x90, 0x00, 0x08, 0xb6, 0x01, 0xab, 0x60, 0x00, 0x00, 0x00, 0x00, 0x00, 0x00, 0x00,
    0x03, 0x44, 0x20, 0x00, 0x00, 0x5d, 0xff, 0xff, 0xa1, 0x00, 0x5f, 0xfd, 0x8a, 0xef, 0xc0, 0x0c,
    0xf9, 0x00, 0x03, 0xef, 0x60, 0xff, 0x20, 0x00, 0x09, 0xf8, 0x3f, 0xf0, 0x00, 0x00, 0x00, 0x04,
    0xff, 0x00, 0x00, 0x00, 0x00, 0x4f, 0xf0, 0x00, 0x00, 0x00, 0x03, 0xff, 0x00, 0x00, 0x00, 0x00,
    0x0f, 0xf3, 0x00, 0x00, 0x9f, 0x80, 0xbf, 0xa1, 0x00, 0x3e, 0xf5, 0x03, 0xff, 0xeb, 0xcf, 0xfb,
    0x00, 0x03, 0xbf, 0xff, 0xe8, 0x10, 0x00, 0x00, 0x14, 0x40, 0x00, 0x00, 0x00, 0x00, 0x6b, 0x91,
    0x00, 0x00, 0x00, 0x0e, 0xff, 0x40, 0x00, 0x00, 0x00, 0x8f, 0xe2, 0x00, 0x00, 0x00, 0x00, 0x00,
    0x00, 0x00, 0x00, 0x00, 0x34, 0x41, 0x00, 0x00, 0x04, 0xdf, 0xff, 0xf8, 0x10, 0x04, 0xff, 0xdb,
    0xbf, 0xfb, 0x00, 0xbf, 0xa0, 0x00, 0x3f, 0xf4, 0x0f, 0xf4, 0x00, 0x00, 0xaf, 0x80, 0xff, 0x00,
    0x00, 0x02, 0x42, 0x0f, 0xf0, 0x00, 0x00, 0x00, 0x00, 0xff, 0x00, 0x00, 0x00, 0x00, 0x0f, 0xf0,
    0x00, 0x00, 0x00, 0x00, 0xff, 0x00, 0x00, 0x00, 0x00, 0x0f, 0xf0, 0x00, 0x00, 0x00, 0x00, 0xff,
    0x00, 0x00, 0x00, 0x00, 0x0f, 0xf0, 0x00, 0x00, 0x48, 0x40, 0xff, 0x40, 0x00, 0x0a, 0xf8, 0x0a,
    0xfb, 0x10, 0x04, 0xff, 0x40, 0x3e, 0xfe, 0xbc, 0xff, 0x90, 0x00, 0x3b, 0xff, 0xfe, 0x80, 0x00,
    0x00, 0x01, 0x44, 0x00, 0x00, 0x00, 0x00, 0x02, 0x00, 0x00, 0x00, 0x00, 0x08, 0xfe, 0x20, 0x00,
    0x00, 0x00, 0xbf, 0xf7, 0x00, 0x00, 0x00, 0x05, 0xb9, 0x10, 0x00, 0x00, 0x00, 0x00, 0x00, 0x00,
    0x00, 0x00, 0x03, 0x44, 0x20, 0x00, 0x00, 0x5d, 0xff, 0xff, 0xa1, 0x00, 0x5f, 0xfd, 0x8a, 0xef,
    0xc0, 0x0c, 0xf9, 0x00, 0x03, 0xef, 0x60, 0xff, 0x20, 0x00, 0x09, 0xf8, 0x3f, 0xf0, 0x00, 0x00,
    0x00, 0x04, 0xff, 0x00, 0x00, 0x00, 0x00, 0x4f, 0xf0, 0x00, 0x00, 0x00, 0x03, 0xff, 0x00, 0x00,
    0x00, 0x00, 0x0f, 0xf3, 0x00, 0x00, 0x9f, 0x80, 0xbf, 0xa1, 0x00, 0x3e, 0xf5, 0x03, 0xff, 0xeb,
    0xcf, 0xfb, 0x00, 0x03, 0xbf, 0xff, 0xe8, 0x10, 0x00, 0x00, 0x14, 0x40, 0x00, 0x00, 0x01, 0xcf,
    0x60, 0x1c, 0xf6, 0x00, 0x01, 0xcf, 0x7c, 0xf6, 0x00, 0x00, 0x01, 0xcf, 0xf6, 0x00, 0x00, 0x00,
    0x01, 0x43, 0x00, 0x00, 0x00, 0x00, 0x34, 0x41, 0x00, 0x00, 0x04, 0xdf, 0xff, 0xf8, 0x10, 0x04,
    0xff, 0xdb, 0xbf, 0xfb, 0x00, 0xbf, 0xa0, 0x00, 0x3f, 0xf4, 0x0f, 0xf4, 0x00, 0x00, 0xaf, 0x80,
    0xff, 0x00, 0x00, 0x02, 0x42, 0x0f, 0xf0, 0x00, 0x00, 0x00, 0x00, 0xff, 0x00, 0x00, 0x00, 0x00,
    0x0f, 0xf0, 0x00, 0x00, 0x00, 0x00, 0xff, 0x00, 0x00, 0x00, 0x00, 0x0f, 0xf0, 0x00, 0x00, 0x00,
    0x00, 0xff, 0x00, 0x00, 0x00, 0x00, 0x0f, 0xf0, 0x00, 0x00, 0x48, 0x40, 0xff, 0x40, 0x00, 0x0a,
    0xf8, 0x0a, 0xfb, 0x10, 0x04, 0xff, 0x40, 0x3e, 0xfe, 0xbc, 0xff, 0x90, 0x00, 0x3b, 0xff, 0xfe,
    0x80, 0x00, 0x00, 0x01, 0x44, 0x00, 0x00, 0x01, 0x44, 0x10, 0x03, 0x43, 0x00, 0x09, 0xfc, 0x16,
    0xfe, 0x30, 0x00, 0x09, 0xfd, 0xfe, 0x30, 0x00, 0x00, 0x08, 0xbb, 0x30, 0x00, 0x00, 0x00, 0x00,
    0x00, 0x00, 0x00, 0x00, 0x03, 0x44, 0x20, 0x00, 0x00, 0x5d, 0xff, 0xff, 0xa1, 0x00, 0x5f, 0xfd,
    0x8a, 0xef, 0xc0, 0x0c, 0xf9, 0x00, 0x03, 0xef, 0x60, 0xff, 0x20, 0x00, 0x09, 0xf8, 0x3f, 0xf0,
    0x00, 0x00, 0x00, 0x04, 0xff, 0x00, 0x00, 0x00, 0x00, 0x4f, 0xf0, 0x00, 0x00, 0x00, 0x03, 0xff,
    0x00, 0x00, 0x00, 0x00, 0x0f, 0xf3, 0x00, 0x00, 0x9f, 0x80, 0xbf, 0xa1, 0x00, 0x3e, 0xf5, 0x03,
    0xff, 0xeb, 0xcf, 0xfb, 0x00, 0x03, 0xbf, 0xff, 0xe8, 0x10, 0x00, 0x00, 0x14, 0x40, 0x00, 0x00,
    0x03, 0xee, 0x60, 0x3e, 0xf6, 0x00, 0x03, 0xef, 0x8e, 0xf6, 0x00, 0x00, 0x03, 0xef, 0xf6, 0x00,
    0x00, 0x00, 0x02, 0x43, 0x00, 0x00, 0x00, 0x00, 0x00, 0x00, 0x00, 0x00, 0xff, 0xff, 0xfe, 0x92,
    0x00, 0x0f, 0xff, 0xff, 0xff, 0xe3, 0x00, 0xff, 0x00, 0x02, 0xbf, 0xd0, 0x0f, 0xf0, 0x00, 0x01,
    0xff, 0x40, 0xff, 0x00, 0x00, 0x0b, 0xf7, 0x0f, 0xf0, 0x00, 0x00, 0xbf, 0x80, 0xff, 0x00, 0x00,
    0x0b, 0xf8, 0x0f, 0xf0, 0x00, 0x00, 0xbf, 0x80, 0xff, 0x00, 0x00, 0x0b, 0xf8, 0x0f, 0xf0, 0x00,
    0x00, 0xbf, 0x80, 0xff, 0x00, 0x00, 0x0b, 0xf8, 0x0f, 0xf0, 0x00, 0x00, 0xbf, 0x60, 0xff, 0x00,
    0x00, 0x1f, 0xf3, 0x0f, 0xf0, 0x00, 0x2c, 0xfd, 0x00, 0xff, 0xff, 0xff, 0xfe, 0x30, 0x0f, 0xff,
    0xff, 0xd9, 0x20, 0x00, 0x00, 0x00, 0x00, 0x00, 0x00, 0x00, 0x00, 0x00, 0x00, 0x04, 0xff, 0x0b,
    0xf4, 0x00, 0x00, 0x00, 0x4f, 0xf0, 0xbf, 0x30, 0x00, 0x00, 0x04, 0xff, 0x0b, 0xf0, 0x00, 0x14,
    0x40, 0x4f, 0xf0, 0xfd, 0x00, 0x6e, 0xff, 0xd3, 0xff, 0x00, 0x00, 0x2f, 0xfd, 0x8a, 0xaf, 0xf0,
    0x00, 0x08, 0xfd, 0x10, 0x07, 0xff, 0x00, 0x00, 0xaf, 0x80, 0x00, 0x4f, 0xf0, 0x00, 0x0b, 0xf8,
    0x00, 0x04, 0xff, 0x00, 0x00, 0xbf, 0x80, 0x00, 0x4f, 0xf0, 0x00, 0x0b, 0xf8, 0x00, 0x04, 0xff,
    0x00, 0x00, 0xbf, 0x80, 0x00, 0x4f, 0xf0, 0x00, 0x0a, 0xf8, 0x00, 0x04, 0xff, 0x00, 0x00, 0x7f,
    0xd1, 0x00, 0x9f, 0xf0, 0x00, 0x02, 0xef, 0xdb, 0xc9, 0xff, 0x00, 0x00, 0x03, 0xef, 0xfc, 0x1f,
    0xf0, 0x00, 0x00, 0x00, 0x43, 0x00, 0x00, 0x00, 0x00, 0x00, 0x00, 0x00, 0x00, 0x00, 0x00, 0x00,
    0xff, 0xff, 0xfe, 0x92, 0x00, 0x00, 0xff, 0xff, 0xff, 0xfe, 0x30, 0x00, 0xff, 0x00, 0x02, 0xbf,
    0xd0, 0x00, 0xff, 0x00, 0x00, 0x1f, 0xf4, 0x00, 0xff, 0x00, 0x00, 0x0b, 0xf7, 0x00, 0xff, 0x00,
    0x00, 0x0b, 0xf8, 0x00, 0xff, 0x00, 0x00, 0x0b, 0xf8, 0xbf, 0xff, 0xff, 0x80, 0x0b, 0xf8, 0x8b,
    0xff, 0xbb, 0x60, 0x0b, 0xf8, 0x00, 0xff, 0x00, 0x00, 0x0b, 0xf8, 0x00, 0xff, 0x00, 0x00, 0x0b,
    0xf8, 0x00, 0xff, 0x00, 0x00, 0x0b, 0xf6, 0x00, 0xff, 0x00, 0x00, 0x1f, 0xf3, 0x00, 0xff, 0x00,
    0x02, 0xcf, 0xd0, 0x00, 0xff, 0xff, 0xff, 0xfe, 0x30, 0x00, 0xff, 0xff, 0xfd, 0x92, 0x00, 0x00,
    0x00, 0x00, 0x00, 0x00, 0x00, 0x00, 0x00, 0x00, 0x00, 0x0f, 0xf4, 0x00, 0x00, 0x00, 0x24, 0x44,
    0xff, 0x74, 0x10, 0x00, 0x08, 0xff, 0xff, 0xff, 0xf4, 0x00, 0x00, 0x48, 0x88, 0xff, 0x98, 0x20,
    0x00, 0x00, 0x00, 0x0f, 0xf4, 0x00, 0x00, 0x5c, 0xfe, 0x91, 0xff, 0x40, 0x00, 0x4f, 0xff, 0xff,
    0x9f, 0xf4, 0x00, 0x0c, 0xfc, 0x10, 0x1b, 0xff, 0x40, 0x00, 0xff, 0x40, 0x00, 0x2f, 0xf4, 0x00,
    0x0f, 0xf0, 0x00, 0x00, 0xff, 0x40, 0x00, 0xff, 0x00, 0x00, 0x0f, 0xf4, 0x00, 0x0f, 0xf0, 0x00,
    0x00, 0xff, 0x40, 0x00, 0xff, 0x30, 0x00, 0x1f, 0xf4, 0x00, 0x0d, 0xfa, 0x00, 0x09, 0xff, 0x40,
    0x00, 0x6f, 0xfd, 0xbc, 0xbf, 0xf4, 0x00, 0x00, 0x8f, 0xff, 0xd3, 0xff, 0x40, 0x00, 0x00, 0x14,
    0x30, 0x00, 0x00, 0x00, 0x03, 0x44, 0x44, 0x44, 0x20, 0x0b, 0xff, 0xff, 0xff, 0x80, 0x06, 0x88,
    0x88, 0x88, 0x40, 0x00, 0x00, 0x00, 0x00, 0x00, 0x00, 0x00, 0x00, 0x00, 0x00, 0xbf, 0xff, 0xff,
    0xff, 0xf8, 0xbf, 0xff, 0xff, 0xff, 0xf8, 0xbf, 0x40, 0x00, 0x00, 0x00, 0xbf, 0x40, 0x00, 0x00,
    0x00, 0xbf, 0x40, 0x00, 0x00, 0x00, 0xbf, 0x40, 0x00, 0x00, 0x00, 0xbf, 0x74, 0x44, 0x44, 0x30,
    0xbf, 0xff, 0xff, 0xff, 0xb0, 0xbf, 0x98, 0x88, 0x88, 0x60, 0xbf, 0x40, 0x00, 0x00, 0x00, 0xbf,
    0x40, 0x00, 0x00, 0x00, 0xbf, 0x40, 0x00, 0x00, 0x00, 0xbf, 0x40, 0x00, 0x00, 0x00, 0xbf, 0x40,
    0x00, 0x00, 0x00, 0xbf, 0xff, 0xff, 0xff, 0xf8, 0xbf, 0xff, 0xff, 0xff, 0xf8, 0x00, 0x88, 0x88,
    0x88, 0x82, 0x00, 0x0f, 0xff, 0xff, 0xff, 0x40, 0x00, 0x44, 0x44, 0x44, 0x41, 0x00, 0x00, 0x00,
    0x00, 0x00, 0x00, 0x00, 0x00, 0x44, 0x41, 0x00, 0x00, 0x06, 0xef, 0xff, 0xe8, 0x00, 0x05, 0xff,
    0x98, 0x8e, 0xf8, 0x00, 0xdf, 0x70, 0x00, 0x3f, 0xf2, 0x3f, 0xf0, 0x00, 0x00, 0xbf, 0x64, 0xff,
    0x00, 0x00, 0x0b, 0xf8, 0x4f, 0xff, 0xff, 0xff, 0xff, 0x84, 0xff, 0x88, 0x88, 0x88, 0x84, 0x4f,
    0xf0, 0x00, 0x00, 0x00, 0x02, 0xff, 0x10, 0x00, 0x00, 0x00, 0x0d, 0xf8, 0x00, 0x03, 0xff, 0x30,
    0x4f, 0xfc, 0xbb, 0xff, 0x90, 0x00, 0x4d, 0xff, 0xfe, 0x80, 0x00, 0x00, 0x02, 0x43, 0x00, 0x00,
    0x0b, 0xf0, 0x00, 0x5f, 0x60, 0x08, 0xf9, 0x13, 0xcf, 0x20, 0x00, 0xaf, 0xff, 0xe6, 0x00, 0x00,
    0x02, 0x44, 0x10, 0x00, 0x00, 0x00, 0x00, 0x00, 0x00, 0xbf, 0xff, 0xff, 0xff, 0xf8, 0xbf, 0xff,
    0xff, 0xff, 0xf8, 0xbf, 0x40, 0x00, 0x00, 0x00, 0xbf, 0x40, 0x00, 0x00, 0x00, 0xbf, 0x40, 0x00,
    0x00, 0x00, 0xbf, 0x40, 0x00, 0x00, 0x00, 0xbf, 0x74, 0x44, 0x44, 0x30, 0xbf, 0xff, 0xff, 0xff,
    0xb0, 0xbf, 0x98, 0x88, 0x88, 0x60, 0xbf, 0x40, 0x00, 0x00, 0x00, 0xbf, 0x40, 0x00, 0x00, 0x00,
    0xbf, 0x40, 0x00, 0x00, 0x00, 0xbf, 0x40, 0x00, 0x00, 0x00, 0xbf, 0x40, 0x00, 0x00, 0x00, 0xbf,
    0xff, 0xff, 0xff, 0xf8, 0xbf, 0xff, 0xff, 0xff, 0xf8, 0x00, 0x43, 0x00, 0x02, 0x41, 0x00, 0x0e,
    0xd0, 0x00, 0xaf, 0x20, 0x00, 0x8f, 0xb8, 0x9f, 0xa0, 0x00, 0x00, 0x6c, 0xfd, 0x81, 0x00, 0x00,
    0x00, 0x00, 0x00, 0x00, 0x00, 0x00, 0x04, 0x44, 0x10, 0x00, 0x00, 0x6e, 0xff, 0xfe, 0x80, 0x00,
    0x5f, 0xf9, 0x88, 0xef, 0x80, 0x0d, 0xf7, 0x00, 0x03, 0xff, 0x23, 0xff, 0x00, 0x00, 0x0b, 0xf6,
    0x4f, 0xf0, 0x00, 0x00, 0xbf, 0x84, 0xff, 0xff, 0xff, 0xff, 0xf8, 0x4f, 0xf8, 0x88, 0x88, 0x88,
    0x44, 0xff, 0x00, 0x00, 0x00, 0x00, 0x2f, 0xf1, 0x00, 0x00, 0x00, 0x00, 0xdf, 0x80, 0x00, 0x3f,
    0xf3, 0x04, 0xff, 0xcb, 0xbf, 0xf9, 0x00, 0x04, 0xdf, 0xff, 0xe8, 0x00, 0x00, 0x00, 0x24, 0x30,
    0x00, 0x00, 0x00, 0x05, 0xba, 0x10, 0x00, 0x00, 0x0b, 0xff, 0x70, 0x00, 0x00, 0x08, 0xfe, 0x20,
    0x00, 0x00, 0x00, 0x00, 0x00, 0x00, 0x00, 0x00, 0x00, 0x00, 0x00, 0xbf, 0xff, 0xff, 0xff, 0xf8,
    0xbf, 0xff, 0xff, 0xff, 0xf8, 0xbf, 0x40, 0x00, 0x00, 0x00, 0xbf, 0x40, 0x00, 0x00, 0x00, 0xbf,
    0x40, 0x00, 0x00, 0x00, 0xbf, 0x40, 0x00, 0x00, 0x00, 0xbf, 0x74, 0x44, 0x44, 0x30, 0xbf, 0xff,
    0xff, 0xff, 0xb0, 0xbf, 0x98, 0x88, 0x88, 0x60, 0xbf, 0x40, 0x00, 0x00, 0x00, 0xbf, 0x40, 0x00,
    0x00, 0x00, 0xbf, 0x40, 0x00, 0x00, 0x00, 0xbf, 0x40, 0x00, 0x00, 0x00, 0xbf, 0x40, 0x00, 0x00,
    0x00, 0xbf, 0xff, 0xff, 0xff, 0xf8, 0xbf, 0xff, 0xff, 0xff, 0xf8, 0x00, 0x00, 0x02, 0x00, 0x00,
    0x00, 0x00, 0x0b, 0xfd, 0x10, 0x00, 0x00, 0x00, 0xff, 0xf4, 0x00, 0x00, 0x00, 0x06, 0xb8, 0x00,
    0x00, 0x00, 0x00, 0x00, 0x00, 0x00, 0x00, 0x00, 0x04, 0x44, 0x10, 0x00, 0x00, 0x6e, 0xff, 0xfe,
    0x80, 0x00, 0x5f, 0xf9, 0x88, 0xef, 0x80, 0x0d, 0xf7, 0x00, 0x03, 0xff, 0x23, 0xff, 0x00, 0x00,
    0x0b, 0xf6, 0x4f, 0xf0, 0x00, 0x00, 0xbf, 0x84, 0xff, 0xff, 0xff, 0xff, 0xf8, 0x4f, 0xf8, 0x88,
    0x88, 0x88, 0x44, 0xff, 0x00, 0x00, 0x00, 0x00, 0x2f, 0xf1, 0x00, 0x00, 0x00, 0x00, 0xdf, 0x80,
    0x00, 0x3f, 0xf3, 0x04, 0xff, 0xcb, 0xbf, 0xf9, 0x00, 0x04, 0xdf, 0xff, 0xe8, 0x00, 0x00, 0x00,
    0x24, 0x30, 0x00, 0x00, 0x00, 0x00, 0x00, 0x00, 0x00, 0xbf, 0xff, 0xff, 0xff, 0xf8, 0xbf, 0xff,
    0xff, 0xff, 0xf8, 0xbf, 0x40, 0x00, 0x00, 0x00, 0xbf, 0x40, 0x00, 0x00, 0x00, 0xbf, 0x40, 0x00,
    0x00, 0x00, 0xbf, 0x40, 0x00, 0x00, 0x00, 0xbf, 0x74, 0x44, 0x44, 0x30, 0xbf, 0xff, 0xff, 0xff,
    0xb0, 0xbf, 0x98, 0x88, 0x88, 0x60, 0xbf, 0x40, 0x00, 0x00, 0x00, 0xbf, 0x40, 0x00, 0x00, 0x00,
    0xbf, 0x40, 0x00, 0x00, 0x00, 0xbf, 0x40, 0x00, 0x00, 0x00, 0xbf, 0x40, 0x00, 0x00, 0x00, 0xbf,
    0xff, 0xff, 0xff, 0xf8, 0xbf, 0xff, 0xff, 0xff, 0xf8, 0x00, 0x00, 0x01, 0xcc, 0x10, 0x00, 0x00,
    0x0a, 0xf2, 0x00, 0x00, 0x00, 0x0f, 0xf3, 0x00, 0x00, 0x00, 0x08, 0xff, 0xf8, 0x00, 0x00, 0x00,
    0x58, 0x84, 0x00, 0x00, 0x44, 0x41, 0x00, 0x00, 0x06, 0xef, 0xff, 0xe8, 0x00, 0x05, 0xff, 0x98,
    0x8e, 0xf8, 0x00, 0xdf, 0x70, 0x00, 0x3f, 0xf1, 0x1f, 0xf0, 0x00, 0x00, 0xcf, 0x44, 0xff, 0x00,
    0x00, 0x0b, 0xf4, 0x4f, 0xff, 0xff, 0xff, 0xff, 0x44, 0xff, 0x88, 0x88, 0x88, 0x82, 0x4f, 0xf0,
    0x00, 0x00, 0x00, 0x01, 0xff, 0x10, 0x00, 0x00, 0x00, 0x0c, 0xf8, 0x00, 0x03, 0xff, 0x20, 0x4f,
    0xfc, 0x8a, 0xef, 0x90, 0x00, 0x4d, 0xff, 0xff, 0x80, 0x00, 0x00, 0x02, 0x9f, 0x60, 0x00, 0x00,
    0x00, 0x4f, 0x80, 0x00, 0x00, 0x00, 0x08, 0xfa, 0x00, 0x00, 0x00, 0x00, 0x4f, 0xff, 0xf0, 0x00,
    0x00, 0x00, 0x28, 0x88, 0x00, 0x1c, 0xf6, 0x01, 0xcf, 0x60, 0x01, 0xcf, 0x7c, 0xf6, 0x00, 0x00,
    0x1c, 0xff, 0x60, 0x00, 0x00, 0x01, 0x43, 0x00, 0x00, 0x00, 0x00, 0x00, 0x00, 0x00, 0xbf, 0xff,
    0xff, 0xff, 0xf8, 0xbf, 0xff, 0xff, 0xff, 0xf8, 0xbf, 0x40, 0x00, 0x00, 0x00, 0xbf, 0x40, 0x00,
    0x00, 0x00, 0xbf, 0x40, 0x00, 0x00, 0x00, 0xbf, 0x40, 0x00, 0x00, 0x00, 0xbf, 0x74, 0x44, 0x44,
    0x30, 0xbf, 0xff, 0xff, 0xff, 0xb0, 0xbf, 0x98, 0x88, 0x88, 0x60, 0xbf, 0x40, 0x00, 0x00, 0x00,
    0xbf, 0x40, 0x00, 0x00, 0x00, 0xbf, 0x40, 0x00, 0x00, 0x00, 0xbf, 0x40, 0x00, 0x00, 0x00, 0xbf,
    0x40, 0x00, 0x00, 0x00, 0xbf, 0xff, 0xff, 0xff, 0xf8, 0xbf, 0xff, 0xff, 0xff, 0xf8, 0x01, 0x44,
    0x00, 0x03, 0x42, 0x00, 0x09, 0xf9, 0x06, 0xfc, 0x10, 0x00, 0x09, 0xfb, 0xfc, 0x10, 0x00, 0x00,
    0x08, 0xba, 0x10, 0x00, 0x00, 0x00, 0x00, 0x00, 0x00, 0x00, 0x00, 0x04, 0x44, 0x10, 0x00, 0x00,
    0x6e, 0xff, 0xfe, 0x80, 0x00, 0x5f, 0xf9, 0x88, 0xef, 0x80, 0x0d, 0xf7, 0x00, 0x03, 0xff, 0x23,
    0xff, 0x00, 0x00, 0x0b, 0xf6, 0x4f, 0xf0, 0x00, 0x00, 0xbf, 0x84, 0xff, 0xff, 0xff, 0xff, 0xf8,
    0x4f, 0xf8, 0x88, 0x88, 0x88, 0x44, 0xff, 0x00, 0x00, 0x00, 0x00, 0x2f, 0xf1, 0x00, 0x00, 0x00,
    0x00, 0xdf, 0x80, 0x00, 0x3f, 0xf3, 0x04, 0xff, 0xcb, 0xbf, 0xf9, 0x00, 0x04, 0xdf, 0xff, 0xe8,
    0x00, 0x00, 0x00, 0x24, 0x30, 0x00, 0x00, 0x00, 0x01, 0xcf, 0xc1, 0x00, 0x00, 0x01, 0xcf, 0xbf,
    0xc1, 0x00, 0x01, 0xcf, 0x90, 0x6f, 0xc1, 0x00, 0x24, 0x40, 0x00, 0x34, 0x20, 0x00, 0x00, 0x34,
    0x40, 0x00, 0x00, 0x05, 0xdf, 0xff, 0xf8, 0x00, 0x05, 0xff, 0xdb, 0xbf, 0xf9, 0x00, 0xdf, 0x90,
    0x00, 0x5f, 0xf3, 0x1f, 0xf2, 0x00, 0x00, 0xcf, 0x74, 0xff, 0x00, 0x00, 0x03, 0x42, 0x4f, 0xf0,
    0x00, 0x00, 0x00, 0x04, 0xff, 0x00, 0x00, 0x00, 0x00, 0x4f, 0xf0, 0x06, 0x88, 0x88, 0x44, 0xff,
    0x00, 0xbf, 0xff, 0xf8, 0x4f, 0xf0, 0x06, 0x88, 0xdf, 0x84, 0xff, 0x00, 0x00, 0x0b, 0xf8, 0x4f,
    0xf0, 0x00, 0x00, 0xbf, 0x81, 0xff, 0x20, 0x00, 0x0c, 0xf7, 0x0c, 0xfa, 0x00, 0x06, 0xff, 0x20,
    0x4f, 0xfe, 0xbc, 0xff, 0x80, 0x00, 0x4d, 0xff, 0xfe, 0x80, 0x00, 0x00, 0x02, 0x43, 0x00, 0x00,
    0x00, 0x00, 0x24, 0x30, 0x00, 0x00, 0x00, 0x3e, 0xff, 0x60, 0x00, 0x00, 0x3e, 0xe6, 0xef, 0x60,
    0x00, 0x1a, 0xb3, 0x03, 0xbb, 0x30, 0x00, 0x00, 0x00, 0x00, 0x00, 0x00, 0x00, 0x24, 0x41, 0x00,
    0x00, 0x00, 0x8f, 0xff, 0xe3, 0xff, 0x40, 0x8f, 0xfc, 0x8b, 0xef, 0xf4, 0x0e, 0xf8, 0x00, 0x07,
    0xff, 0x42, 0xff, 0x10, 0x00, 0x0f, 0xf4, 0x4f, 0xf0, 0x00, 0x00, 0xff, 0x44, 0xff, 0x00, 0x00,
    0x0f, 0xf4, 0x4f, 0xf0, 0x00, 0x00, 0xff, 0x41, 0xff, 0x10, 0x00, 0x1f, 0xf4, 0x0d, 0xf9, 0x00,
    0x08, 0xef, 0x40, 0x7f, 0xfc, 0xbc, 0xdf, 0xf4, 0x00, 0x8e, 0xff, 0xd3, 0xff, 0x40, 0x00, 0x04,
    0x30, 0x0f, 0xf4, 0x00, 0x00, 0x00, 0x00, 0xff, 0x40, 0x00, 0x00, 0x01, 0x9f, 0xe0, 0x00, 0x8f,
    0xff, 0xff, 0xf6, 0x00, 0x08, 0xff, 0xff, 0xa5, 0x00, 0x00, 0xfb, 0x00, 0x08, 0xf4, 0x00, 0x0a,
    0xf7, 0x05, 0xed, 0x00, 0x00, 0x1b, 0xff, 0xfd, 0x30, 0x00, 0x00, 0x03, 0x44, 0x00, 0x00, 0x00,
    0x00, 0x34, 0x40, 0x00, 0x00, 0x05, 0xdf, 0xff, 0xf8, 0x00, 0x05, 0xff, 0xdb, 0xbf, 0xf9, 0x00,
    0xdf, 0x90, 0x00, 0x5f, 0xf3, 0x1f, 0xf2, 0x00, 0x00, 0xcf, 0x74, 0xff, 0x00, 0x00, 0x03, 0x42,
    0x4f, 0xf0, 0x00, 0x00, 0x00, 0x04, 0xff, 0x00, 0x00, 0x00, 0x00, 0x4f, 0xf0, 0x06, 0x88, 0x88,
    0x44, 0xff, 0x00, 0xbf, 0xff, 0xf8, 0x4f, 0xf0, 0x06, 0x88, 0xdf, 0x84, 0xff, 0x00, 0x00, 0x0b,
    0xf8, 0x4f, 0xf0, 0x00, 0x00, 0xbf, 0x81, 0xff, 0x20, 0x00, 0x0c, 0xf7, 0x0c, 0xfa, 0x00, 0x06,
    0xff, 0x20, 0x4f, 0xfe, 0xbc, 0xff, 0x80, 0x00, 0x4d, 0xff, 0xfe, 0x80, 0x00, 0x00, 0x02, 0x43,
    0x00, 0x00, 0x00, 0x43, 0x00, 0x02, 0x41, 0x00, 0x0f, 0xc0, 0x00, 0xbf, 0x00, 0x00, 0x8f, 0xb8,
    0xaf, 0x80, 0x00, 0x00, 0x8c, 0xfc, 0x80, 0x00, 0x00, 0x00, 0x00, 0x00, 0x00, 0x00, 0x00, 0x24,
    0x41, 0x00, 0x00, 0x00, 0x8f, 0xff, 0xe3, 0xff, 0x40, 0x8f, 0xfc, 0x8b, 0xef, 0xf4, 0x0e, 0xf8,
    0x00, 0x07, 0xff, 0x42, 0xff, 0x10, 0x00, 0x0f, 0xf4, 0x4f, 0xf0, 0x00, 0x00, 0xff, 0x44, 0xff,
    0x00, 0x00, 0x0f, 0xf4, 0x4f, 0xf0, 0x00, 0x00, 0xff, 0x41, 0xff, 0x10, 0x00, 0x1f, 0xf4, 0x0d,
    0xf9, 0x00, 0x08, 0xef, 0x40, 0x7f, 0xfc, 0xbc, 0xdf, 0xf4, 0x00, 0x8e, 0xff, 0xd3, 0xff, 0x40,
    0x00, 0x04, 0x30, 0x0f, 0xf4, 0x00, 0x00, 0x00, 0x00, 0xff, 0x40, 0x00, 0x00, 0x01, 0x9f, 0xe0,
    0x00, 0x8f, 0xff, 0xff, 0xf6, 0x00, 0x08, 0xff, 0xff, 0xa5, 0x00, 0x00, 0x00, 0x7b, 0x80, 0x00,
    0x00, 0x00, 0x0f, 0xff, 0x40, 0x00, 0x00, 0x00, 0xaf, 0xc1, 0x00, 0x00, 0x00, 0x00, 0x00, 0x00,
    0x00, 0x00, 0x00, 0x34, 0x40, 0x00, 0x00, 0x05, 0xdf, 0xff, 0xf8, 0x00, 0x05, 0xff, 0xdb, 0xbf,
    0xf9, 0x00, 0xdf, 0x90, 0x00, 0x5f, 0xf3, 0x1f, 0xf2, 0x00, 0x00, 0xcf, 0x74, 0xff, 0x00, 0x00,
    0x03, 0x42, 0x4f, 0xf0, 0x00, 0x00, 0x00, 0x04, 0xff, 0x00, 0x00, 0x00, 0x00, 0x4f, 0xf0, 0x06,
    0x88, 0x88, 0x44, 0xff, 0x00, 0xbf, 0xff, 0xf8, 0x4f, 0xf0, 0x06, 0x88, 0xdf, 0x84, 0xff, 0x00,
    0x00, 0x0b, 0xf8, 0x4f, 0xf0, 0x00, 0x00, 0xbf, 0x81, 0xff, 0x20, 0x00, 0x0c, 0xf7, 0x0c, 0xfa,
    0x00, 0x06, 0xff, 0x20, 0x4f, 0xfe, 0xbc, 0xff, 0x80, 0x00, 0x4d, 0xff, 0xfe, 0x80, 0x00, 0x00,
    0x02, 0x43, 0x00, 0x00, 0x00, 0x00, 0x02, 0x00, 0x00, 0x00, 0x00, 0x0c, 0xfc, 0x00, 0x00, 0x00,
    0x00, 0xff, 0xf3, 0x00, 0x00, 0x00, 0x08, 0xb8, 0x00, 0x00, 0x00, 0x00, 0x00, 0x00, 0x00, 0x00,
    0x00, 0x24, 0x41, 0x00, 0x00, 0x00, 0x8f, 0xff, 0xe3, 0xff, 0x40, 0x8f, 0xfc, 0x8b, 0xef, 0xf4,
    0x0e, 0xf8, 0x00, 0x07, 0xff, 0x42, 0xff, 0x10, 0x00, 0x0f, 0xf4, 0x4f, 0xf0, 0x00, 0x00, 0xff,
    0x44, 0xff, 0x00, 0x00, 0x0f, 0xf4, 0x4f, 0xf0, 0x00, 0x00, 0xff, 0x41, 0xff, 0x10, 0x00, 0x1f,
    0xf4, 0x0d, 0xf9, 0x00, 0x08, 0xef, 0x40, 0x7f, 0xfc, 0xbc, 0xdf, 0xf4, 0x00, 0x8e, 0xff, 0xd3,
    0xff, 0x40, 0x00, 0x04, 0x30, 0x0f, 0xf4, 0x00, 0x00, 0x00, 0x00, 0xff, 0x40, 0x00, 0x00, 0x01,
    0x9f, 0xe0, 0x00, 0x8f, 0xff, 0xff, 0xf6, 0x00, 0x08, 0xff, 0xff, 0xa5, 0x00, 0x00, 0x00, 0x34,
    0x40, 0x00, 0x00, 0x05, 0xdf, 0xff, 0xf8, 0x00, 0x05, 0xff, 0xdb, 0xbf, 0xf9, 0x00, 0xdf, 0x90,
    0x00, 0x5f, 0xf3, 0x1f, 0xf2, 0x00, 0x00, 0xcf, 0x74, 0xff, 0x00, 0x00, 0x03, 0x42, 0x4f, 0xf0,
    0x00, 0x00, 0x00, 0x04, 0xff, 0x00, 0x00, 0x00, 0x00, 0x4f, 0xf0, 0x06, 0x88, 0x88, 0x44, 0xff,
    0x00, 0xbf, 0xff, 0xf8, 0x4f, 0xf0, 0x06, 0x88, 0xdf, 0x84, 0xff, 0x00, 0x00, 0x0b, 0xf8, 0x4f,
    0xf0, 0x00, 0x00, 0xbf, 0x81, 0xff, 0x20, 0x00, 0x0c, 0xf7, 0x0c, 0xfa, 0x00, 0x06, 0xff, 0x20,
    0x4f, 0xfe, 0xbc, 0xff, 0x80, 0x00, 0x4d, 0xff, 0xfe, 0x80, 0x00, 0x00, 0x02, 0x43, 0x00, 0x00,
    0x00, 0x00, 0x00, 0x00, 0x00, 0x00, 0x00, 0x01, 0xdf, 0x80, 0x00, 0x00, 0x00, 0x8f, 0xb0, 0x00,
    0x00, 0x00, 0x4f, 0xe1, 0x00, 0x00, 0x00, 0x03, 0x42, 0x00, 0x00, 0x00, 0x00, 0x00, 0x00, 0x34,
    0x00, 0x00, 0x00, 0x00, 0x2f, 0xd0, 0x00, 0x00, 0x00, 0x0a, 0xf8, 0x00, 0x00, 0x00, 0x04, 0xff,
    0x30, 0x00, 0x00, 0x00, 0xbf, 0xd0, 0x00, 0x00, 0x00, 0x4b, 0xb7, 0x00, 0x00, 0x00, 0x00, 0x00,
    0x00, 0x00, 0x00, 0x00, 0x24, 0x41, 0x00, 0x00, 0x00, 0x8f, 0xff, 0xe3, 0xff, 0x40, 0x8f, 0xfc,
    0x8b, 0xef, 0xf4, 0x0e, 0xf8, 0x00, 0x07, 0xff, 0x42, 0xff, 0x10, 0x00, 0x0f, 0xf4, 0x4f, 0xf0,
    0x00, 0x00, 0xff, 0x44, 0xff, 0x00, 0x00, 0x0f, 0xf4, 0x4f, 0xf0, 0x00, 0x00, 0xff, 0x41, 0xff,
    0x10, 0x00, 0x1f, 0xf4, 0x0d, 0xf9, 0x00, 0x08, 0xef, 0x40, 0x7f, 0xfc, 0xbc, 0xdf, 0xf4, 0x00,
    0x8e, 0xff, 0xd3, 0xff, 0x40, 0x00, 0x04, 0x30, 0x0f, 0xf4, 0x00, 0x00, 0x00, 0x00, 0xff, 0x40,
    0x00, 0x00, 0x01, 0x9f, 0xe0, 0x00, 0x8f, 0xff, 0xff, 0xf6, 0x00, 0x08, 0xff, 0xff, 0xa5, 0x00,
    0x00, 0x01, 0xcf, 0xc1, 0x00, 0x00, 0x01, 0xcf, 0xbf, 0xc1, 0x00, 0x01, 0xcf, 0x90, 0x6f, 0xc1,
    0x00, 0x24, 0x40, 0x00, 0x34, 0x20, 0x00, 0x00, 0x00, 0x00, 0x00, 0x00, 0xff, 0x40, 0x00, 0x0f,
    0xf4, 0x0f, 0xf4, 0x00, 0x00, 0xff, 0x40, 0xff, 0x40, 0x00, 0x0f, 0xf4, 0x0f, 0xf4, 0x00, 0x00,
    0xff, 0x40, 0xff, 0x40, 0x00, 0x0f, 0xf4, 0x0f, 0xf4, 0x00, 0x00, 0xff, 0x40, 0xff, 0x74, 0x44,
    0x4f, 0xf4, 0x0f, 0xff, 0xff, 0xff, 0xff, 0x40, 0xff, 0xcb, 0xbb, 0xbf, 0xf4, 0x0f, 0xf4, 0x00,
    0x00, 0xff, 0x40, 0xff, 0x40, 0x00, 0x0f, 0xf4, 0x0f, 0xf4, 0x00, 0x00, 0xff, 0x40, 0xff, 0x40,
    0x00, 0x0f, 0xf4, 0x0f, 0xf4, 0x00, 0x00, 0xff, 0x40, 0xff, 0x40, 0x00, 0x0f, 0xf4, 0x0f, 0xf4,
    0x00, 0x00, 0xff, 0x40, 0x00, 0x00, 0x44, 0x10, 0x00, 0x00, 0x00, 0x00, 0x09, 0xff, 0xc1, 0x00,
    0x00, 0x00, 0x00, 0x9f, 0x99, 0xfc, 0x10, 0x00, 0x00, 0x06, 0xb8, 0x00, 0x8b, 0x80, 0x00, 0x00,
    0x00, 0x00, 0x00, 0x00, 0x00, 0x00, 0x00, 0x00, 0x00, 0x00, 0x00, 0x00, 0x00, 0x00, 0x00, 0x00,
    0xff, 0x00, 0x00, 0x00, 0x00, 0x00, 0x00, 0xff, 0x00, 0x00, 0x00, 0x00, 0x00, 0x00, 0xff, 0x00,
    0x00, 0x00, 0x00, 0x00, 0x00, 0xff, 0x00, 0x44, 0x30, 0x00, 0x00, 0x00, 0xff, 0x3d, 0xff, 0xfb,
    0x10, 0x00, 0x00, 0xff, 0xac, 0x89, 0xff, 0xb0, 0x00, 0x00, 0xff, 0x90, 0x00, 0x6f, 0xf2, 0x00,
    0x00, 0xff, 0x40, 0x00, 0x0f, 0xf4, 0x00, 0x00, 0xff, 0x00, 0x00, 0x0b, 0xf4, 0x00, 0x00, 0xff,
    0x00, 0x00, 0x0b, 0xf4, 0x00, 0x00, 0xff, 0x00, 0x00, 0x0b, 0xf4, 0x00, 0x00, 0xff, 0x00, 0x00,
    0x0b, 0xf4, 0x00, 0x00, 0xff, 0x00, 0x00, 0x0b, 0xf4, 0x00, 0x00, 0xff, 0x00, 0x00, 0x0b, 0xf4,
    0x00, 0x00, 0xff, 0x00, 0x00, 0x0b, 0xf4, 0x00, 0x00, 0xff, 0x00, 0x00, 0x0b, 0xf4, 0x00, 0x00,
    0x00, 0x00, 0x00, 0x00, 0x00, 0x0f, 0xf4, 0x00, 0x00, 0xff, 0x40, 0x00, 0xff, 0x40, 0x00, 0x0f,
    0xf4, 0x03, 0x4f, 0xf7, 0x44, 0x44, 0xff, 0x74, 0xbf, 0xff, 0xff, 0xff, 0xff, 0xff, 0xf6, 0x8f,
    0xf9, 0x88, 0x88, 0xff, 0x98, 0x00, 0xff, 0x40, 0x00, 0x0f, 0xf4, 0x00, 0x0f, 0xf7, 0x44, 0x44,
    0xff, 0x40, 0x00, 0xff, 0xff, 0xff, 0xff, 0xf4, 0x00, 0x0f, 0xfc, 0xbb, 0xbb, 0xff, 0x40, 0x00,
    0xff, 0x40, 0x00, 0x0f, 0xf4, 0x00, 0x0f, 0xf4, 0x00, 0x00, 0xff, 0x40, 0x00, 0xff, 0x40, 0x00,
    0x0f, 0xf4, 0x00, 0x0f, 0xf4, 0x00, 0x00, 0xff, 0x40, 0x00, 0xff, 0x40, 0x00, 0x0f, 0xf4, 0x00,
    0x0f, 0xf4, 0x00, 0x00, 0xff, 0x40, 0x00, 0xff, 0x40, 0x00, 0x0f, 0xf4, 0x00, 0x00, 0x00, 0x00,
    0x00, 0x00, 0x00, 0x00, 0xff, 0x00, 0x00, 0x00, 0x00, 0x44, 0xff, 0x44, 0x43, 0x00, 0x00, 0xff,
    0xff, 0xff, 0xfb, 0x00, 0x00, 0x88, 0xff, 0x88, 0x86, 0x00, 0x00, 0x00, 0xff, 0x00, 0x00, 0x00,
    0x00, 0x00, 0xff, 0x08, 0xef, 0xd7, 0x00, 0x00, 0xff, 0x8f, 0xcf, 0xff, 0x80, 0x00, 0xff, 0xa2,
    0x00, 0x9f, 0xf1, 0x00, 0xff, 0x50, 0x00, 0x1f, 0xf4, 0x00, 0xff, 0x10, 0x00, 0x0c, 0xf4, 0x00,
    0xff, 0x00, 0x00, 0x0b, 0xf4, 0x00, 0xff, 0x00, 0x00, 0x0b, 0xf4, 0x00, 0xff, 0x00, 0x00, 0x0b,
    0xf4, 0x00, 0xff, 0x00, 0x00, 0x0b, 0xf4, 0x00, 0xff, 0x00, 0x00, 0x0b, 0xf4, 0x00, 0xff, 0x00,
    0x00, 0x0b, 0xf4, 0x03, 0xbb, 0x50, 0x3b, 0x30, 0xde, 0xbf, 0x89, 0xf2, 0x0f, 0x80, 0x8f, 0xf9,
    0x00, 0x00, 0x00, 0x00, 0x00, 0x00, 0x00, 0x00, 0x00, 0x0b, 0xff, 0xff, 0xff, 0xff, 0xbf, 0xff,
    0xff, 0xff, 0xf0, 0x00, 0x8f, 0xb0, 0x00, 0x00, 0x08, 0xfb, 0x00, 0x00, 0x00, 0x8f, 0xb0, 0x00,
    0x00, 0x08, 0xfb, 0x00, 0x00, 0x00, 0x8f, 0xb0, 0x00, 0x00, 0x08, 0xfb, 0x00, 0x00, 0x00, 0x8f,
    0xb0, 0x00, 0x00, 0x08, 0xfb, 0x00, 0x00, 0x00, 0x8f, 0xb0, 0x00, 0x00, 0x08, 0xfb, 0x00, 0x00,
    0x00, 0x8f, 0xb0, 0x00, 0x00, 0x08, 0xfb, 0x00, 0x0b, 0xff, 0xff, 0xff, 0xff, 0xbf, 0xff, 0xff,
    0xff, 0xf0, 0x00, 0x01, 0x40, 0x00, 0x00, 0x00, 0x00, 0x3e, 0xfe, 0x30, 0xf8, 0x00, 0x00, 0x8e,
    0x4c, 0xec, 0xf6, 0x00, 0x00, 0x88, 0x01, 0x8b, 0x80, 0x00, 0x00, 0x00, 0x00, 0x00, 0x00, 0x00,
    0x00, 0x00, 0x00, 0x00, 0x00, 0x00, 0x0b, 0xff, 0xff, 0xf4, 0x00, 0x00, 0x0b, 0xff, 0xff, 0xf4,
    0x00, 0x00, 0x00, 0x00, 0x0f, 0xf4, 0x00, 0x00, 0x00, 0x00, 0x0f, 0xf4, 0x00, 0x00, 0x00, 0x00,
    0x0f, 0xf4, 0x00, 0x00, 0x00, 0x00, 0x0f, 0xf4, 0x00, 0x00, 0x00, 0x00, 0x0f, 0xf4, 0x00, 0x00,
    0x00, 0x00, 0x0f, 0xf4, 0x00, 0x00, 0x00, 0x00, 0x0f, 0xf4, 0x00, 0x00, 0x00, 0x00, 0x0f, 0xf4,
    0x00, 0x00, 0x4f, 0xff, 0xff, 0xff, 0xff, 0xf4, 0x4f, 0xff, 0xff, 0xff, 0xff, 0xf4, 0x04, 0x44,
    0x44, 0x44, 0x10, 0xff, 0xff, 0xff, 0xf4, 0x08, 0x88, 0x88, 0x88, 0x20, 0x00, 0x00, 0x00, 0x00,
    0x00, 0x00, 0x00, 0x00, 0x0b, 0xff, 0xff, 0xff, 0xff, 0xbf, 0xff, 0xff, 0xff, 0xf0, 0x00, 0x8f,
    0xb0, 0x00, 0x00, 0x08, 0xfb, 0x00, 0x00, 0x00, 0x8f, 0xb0, 0x00, 0x00, 0x08, 0xfb, 0x00, 0x00,
    0x00, 0x8f, 0xb0, 0x00, 0x00, 0x08, 0xfb, 0x00, 0x00, 0x00, 0x8f, 0xb0, 0x00, 0x00, 0x08, 0xfb,
    0x00, 0x00, 0x00, 0x8f, 0xb0, 0x00, 0x00, 0x08, 0xfb, 0x00, 0x00, 0x00, 0x8f, 0xb0, 0x00, 0x00,
    0x08, 0xfb, 0x00, 0x0b, 0xff, 0xff, 0xff, 0xff, 0xbf, 0xff, 0xff, 0xff, 0xf0, 0x00, 0x68, 0x88,
    0x88, 0x84, 0x00, 0x00, 0xbf, 0xff, 0xff, 0xf8, 0x00, 0x00, 0x34, 0x44, 0x44, 0x42, 0x00, 0x00,
    0x00, 0x00, 0x00, 0x00, 0x00, 0x00, 0x00, 0x00, 0x00, 0x00, 0x00, 0x0b, 0xff, 0xff, 0xf4, 0x00,
    0x00, 0x0b, 0xff, 0xff, 0xf4, 0x00, 0x00, 0x00, 0x00, 0x0f, 0xf4, 0x00, 0x00, 0x00, 0x00, 0x0f,
    0xf4, 0x00, 0x00, 0x00, 0x00, 0x0f, 0xf4, 0x00, 0x00, 0x00, 0x00, 0x0f, 0xf4, 0x00, 0x00, 0x00,
    0x00, 0x0f, 0xf4, 0x00, 0x00, 0x00, 0x00, 0x0f, 0xf4, 0x00, 0x00, 0x00, 0x00, 0x0f, 0xf4, 0x00,
    0x00, 0x00, 0x00, 0x0f, 0xf4, 0x00, 0x00, 0x4f, 0xff, 0xff, 0xff, 0xff, 0xf4, 0x4f, 0xff, 0xff,
    0xff, 0xff, 0xf4, 0x0f, 0xb0, 0x00, 0x8f, 0x40, 0xaf, 0x70, 0x5e, 0xd0, 0x01, 0xbf, 0xff, 0xd3,
    0x00, 0x00, 0x34, 0x40, 0x00, 0x00, 0x00, 0x00, 0x00, 0x0b, 0xff, 0xff, 0xff, 0xff, 0xbf, 0xff,
    0xff, 0xff, 0xf0, 0x00, 0x8f, 0xb0, 0x00, 0x00, 0x08, 0xfb, 0x00, 0x00, 0x00, 0x8f, 0xb0, 0x00,
    0x00, 0x08, 0xfb, 0x00, 0x00, 0x00, 0x8f, 0xb0, 0x00, 0x00, 0x08, 0xfb, 0x00, 0x00, 0x00, 0x8f,
    0xb0, 0x00, 0x00, 0x08, 0xfb, 0x00, 0x00, 0x00, 0x8f, 0xb0, 0x00, 0x00, 0x08, 0xfb, 0x00, 0x00,
    0x00, 0x8f, 0xb0, 0x00, 0x00, 0x08, 0xfb, 0x00, 0x0b, 0xff, 0xff, 0xff, 0xff, 0xbf, 0xff, 0xff,
    0xff, 0xf0, 0x00, 0x34, 0x00, 0x01, 0x42, 0x00, 0x00, 0x8f, 0x40, 0x05, 0xf7, 0x00, 0x00, 0x2e,
    0xe8, 0x8e, 0xe2, 0x00, 0x00, 0x03, 0xaf, 0xea, 0x30, 0x00, 0x00, 0x00, 0x00, 0x00, 0x00, 0x00,
    0x00, 0x00, 0x00, 0x00, 0x00, 0x00, 0x0b, 0xff, 0xff, 0xf4, 0x00, 0x00, 0x0b, 0xff, 0xff, 0xf4,
    0x00, 0x00, 0x00, 0x00, 0x0f, 0xf4, 0x00, 0x00, 0x00, 0x00, 0x0f, 0xf4, 0x00, 0x00, 0x00, 0x00,
    0x0f, 0xf4, 0x00, 0x00, 0x00, 0x00, 0x0f, 0xf4, 0x00, 0x00, 0x00, 0x00, 0x0f, 0xf4, 0x00, 0x00,
    0x00, 0x00, 0x0f, 0xf4, 0x00, 0x00, 0x00, 0x00, 0x0f, 0xf4, 0x00, 0x00, 0x00, 0x00, 0x0f, 0xf4,
    0x00, 0x00, 0x4f, 0xff, 0xff, 0xff, 0xff, 0xf4, 0x4f, 0xff, 0xff, 0xff, 0xff, 0xf4, 0x00, 0x00,
    0x00, 0x00, 0x0b, 0xff, 0xff, 0xff, 0xff, 0xbf, 0xff, 0xff, 0xff, 0xf0, 0x00, 0x8f, 0xb0, 0x00,
    0x00, 0x08, 0xfb, 0x00, 0x00, 0x00, 0x8f, 0xb0, 0x00, 0x00, 0x08, 0xfb, 0x00, 0x00, 0x00, 0x8f,
    0xb0, 0x00, 0x00, 0x08, 0xfb, 0x00, 0x00, 0x00, 0x8f, 0xb0, 0x00, 0x00, 0x08, 0xfb, 0x00, 0x00,
    0x00, 0x8f, 0xb0, 0x00, 0x00, 0x08, 0xfb, 0x00, 0x00, 0x00, 0x8f, 0xb0, 0x00, 0x00, 0x08, 0xfb,
    0x00, 0x0b, 0xff, 0xff, 0xff, 0xff, 0xbf, 0xff, 0xff, 0xff, 0xf0, 0x01, 0xcc, 0x10, 0x00, 0x00,
    0xbf, 0x20, 0x00, 0x00, 0x0f, 0xf3, 0x00, 0x00, 0x00, 0x8f, 0xff, 0x80, 0x00, 0x00, 0x68, 0x84,
    0x00, 0x00, 0x00, 0x01, 0x10, 0x00, 0x00, 0x00, 0x00, 0x5f, 0xf5, 0x00, 0x00, 0x00, 0x00, 0xaf,
    0xf8, 0x00, 0x00, 0x00, 0x00, 0x3a, 0xa2, 0x00, 0x00, 0x00, 0x00, 0x00, 0x00, 0x00, 0x00, 0x00,
    0x00, 0x00, 0x00, 0x00, 0x00, 0x0b, 0xff, 0xff, 0xf4, 0x00, 0x00, 0x0b, 0xff, 0xff, 0xf4, 0x00,
    0x00, 0x00, 0x00, 0x0f, 0xf4, 0x00, 0x00, 0x00, 0x00, 0x0f, 0xf4, 0x00, 0x00, 0x00, 0x00, 0x0f,
    0xf4, 0x00, 0x00, 0x00, 0x00, 0x0f, 0xf4, 0x00, 0x00, 0x00, 0x00, 0x0f, 0xf4, 0x00, 0x00, 0x00,
    0x00, 0x0f, 0xf4, 0x00, 0x00, 0x00, 0x00, 0x0f, 0xf4, 0x00, 0x00, 0x00, 0x00, 0x0f, 0xf4, 0x00,
    0x00, 0x4f, 0xff, 0xff, 0xff, 0xff, 0xf4, 0x4f, 0xff, 0xff, 0xff, 0xff, 0xf4, 0x00, 0x00, 0x9e,
    0x30, 0x00, 0x00, 0x00, 0x06, 0xf8, 0x00, 0x00, 0x00, 0x00, 0x09, 0xf8, 0x00, 0x00, 0x00, 0x00,
    0x05, 0xff, 0xff, 0x00, 0x00, 0x00, 0x00, 0x38, 0x88, 0x00, 0x00, 0x00, 0x07, 0xb8, 0x00, 0x00,
    0x00, 0xff, 0xf4, 0x00, 0x00, 0x0a, 0xfc, 0x10, 0x00, 0x00, 0x00, 0x00, 0x00, 0x00, 0x00, 0x00,
    0x00, 0x0b, 0xff, 0xff, 0xff, 0xff, 0xbf, 0xff, 0xff, 0xff, 0xf0, 0x00, 0x8f, 0xb0, 0x00, 0x00,
    0x08, 0xfb, 0x00, 0x00, 0x00, 0x8f, 0xb0, 0x00, 0x00, 0x08, 0xfb, 0x00, 0x00, 0x00, 0x8f, 0xb0,
    0x00, 0x00, 0x08, 0xfb, 0x00, 0x00, 0x00, 0x8f, 0xb0, 0x00, 0x00, 0x08, 0xfb, 0x00, 0x00, 0x00,
    0x8f, 0xb0, 0x00, 0x00, 0x08, 0xfb, 0x00, 0x00, 0x00, 0x8f, 0xb0, 0x00, 0x00, 0x08, 0xfb, 0x00,
    0x0b, 0xff, 0xff, 0xff, 0xff, 0xbf, 0xff, 0xff, 0xff, 0xf0, 0x00, 0x00, 0x00, 0x00, 0x00, 0x00,
    0x0b, 0xff, 0xff, 0xf4, 0x00, 0x00, 0x0b, 0xff, 0xff, 0xf4, 0x00, 0x00, 0x00, 0x00, 0x0f, 0xf4,
    0x00, 0x00, 0x00, 0x00, 0x0f, 0xf4, 0x00, 0x00, 0x00, 0x00, 0x0f, 0xf4, 0x00, 0x00, 0x00, 0x00,
    0x0f, 0xf4, 0x00, 0x00, 0x00, 0x00, 0x0f, 0xf4, 0x00, 0x00, 0x00, 0x00, 0x0f, 0xf4, 0x00, 0x00,
    0x00, 0x00, 0x0f, 0xf4, 0x00, 0x00, 0x00, 0x00, 0x0f, 0xf4, 0x00, 0x00, 0x4f, 0xff, 0xff, 0xff,
    0xff, 0xf4, 0x4f, 0xff, 0xff, 0xff, 0xff, 0xf4, 0x00, 0x00, 0x00, 0x00, 0x00, 0x00, 0x00, 0x00,
    0x0f, 0xf0, 0x00, 0x00, 0x00, 0x00, 0x08, 0xf8, 0x0f, 0xf0, 0x00, 0x00, 0x00, 0x00, 0x08, 0xf8,
    0x0f, 0xf0, 0x00, 0x00, 0x00, 0x00, 0x08, 0xf8, 0x0f, 0xf0, 0x00, 0x00, 0x00, 0x00, 0x08, 0xf8,
    0x0f, 0xf0, 0x00, 0x00, 0x00, 0x00, 0x08, 0xf8, 0x0f, 0xf0, 0x00, 0x00, 0x00, 0x00, 0x08, 0xf8,
    0x0f, 0xf0, 0x00, 0x00, 0x00, 0x00, 0x08, 0xf8, 0x0f, 0xf0, 0x00, 0x00, 0x00, 0x00, 0x08, 0xf8,
    0x0f, 0xf0, 0x00, 0x00, 0x00, 0x00, 0x08, 0xf8, 0x0f, 0xf0, 0x00, 0x00, 0x00, 0x00, 0x08, 0xf8,
    0x0f, 0xf0, 0x00, 0x88, 0x00, 0x00, 0x08, 0xf8, 0x0f, 0xf0, 0x00, 0xff, 0x00, 0x00, 0x08, 0xf8,
    0x0f, 0xf0, 0x00, 0xef, 0x20, 0x00, 0x09, 0xf7, 0x0f, 0xf0, 0x00, 0x9f, 0xa0, 0x00, 0x3f, 0xf3,
    0x0f, 0xf0, 0x00, 0x2e, 0xfd, 0x8a, 0xff, 0x90, 0x0f, 0xf0, 0x00, 0x03, 0xbf, 0xff, 0xe8, 0x00,
    0x00, 0x00, 0x00, 0x00, 0x01, 0x43, 0x00, 0x00, 0x18, 0x40, 0x00, 0x77, 0x09, 0xfe, 0x00, 0x4f,
    0xf4, 0x5f, 0xa0, 0x02, 0xee, 0x20, 0x00, 0x00, 0x00, 0x00, 0x00, 0x00, 0x00, 0x00, 0x04, 0xfb,
    0x00, 0x0f, 0xf0, 0x4f, 0xb0, 0x00, 0xff, 0x04, 0xfb, 0x00, 0x0f, 0xf0, 0x4f, 0xb0, 0x00, 0xff,
    0x04, 0xfb, 0x00, 0x0f, 0xf0, 0x4f, 0xb0, 0x00, 0xff, 0x04, 0xfb, 0x00, 0x0f, 0xf0, 0x4f, 0xb0,
    0x00, 0xff, 0x04, 0xfb, 0x00, 0x0f, 0xf0, 0x4f, 0xb0, 0x00, 0xff, 0x04, 0xfb, 0x00, 0x0f, 0xf0,
    0x4f, 0xb0, 0x00, 0xff, 0x00, 0x00, 0x00, 0x0f, 0xf0, 0x00, 0x00, 0x01, 0xfe, 0x00, 0x00, 0x04,
    0xaf, 0xa0, 0x00, 0x00, 0xff, 0xe3, 0x00, 0x00, 0x08, 0x61, 0x00, 0x00, 0x00, 0x00, 0x00, 0x9f,
    0xf6, 0x00, 0x00, 0x00, 0x00, 0x08, 0xfc, 0xef, 0x60, 0x00, 0x00, 0x00, 0x6f, 0xc1, 0x3e, 0xf6,
    0x00, 0x00, 0x00, 0x44, 0x10, 0x02, 0x44, 0x00, 0x00, 0x00, 0x00, 0x00, 0x00, 0x00, 0x00, 0x00,
    0x00, 0x00, 0x4f, 0xf0, 0x00, 0x00, 0x00, 0x00, 0x00, 0x4f, 0xf0, 0x00, 0x00, 0x00, 0x00, 0x00,
    0x4f, 0xf0, 0x00, 0x00, 0x00, 0x00, 0x00, 0x4f, 0xf0, 0x00, 0x00, 0x00, 0x00, 0x00, 0x4f, 0xf0,
    0x00, 0x00, 0x00, 0x00, 0x00, 0x4f, 0xf0, 0x00, 0x00, 0x00, 0x00, 0x00, 0x4f, 0xf0, 0x00, 0x00,
    0x00, 0x00, 0x00, 0x4f, 0xf0, 0x00, 0x00, 0x00, 0x00, 0x00, 0x4f, 0xf0, 0x00, 0x00, 0x00, 0x00,
    0x00, 0x4f, 0xf0, 0x00, 0x00, 0x00, 0x00, 0x00, 0x4f, 0xf0, 0x00, 0x0b, 0xb0, 0x00, 0x00, 0x4f,
    0xf0, 0x00, 0x0f, 0xf5, 0x00, 0x00, 0x6f, 0xd0, 0x00, 0x0a, 0xfc, 0x10, 0x02, 0xdf, 0x90, 0x00,
    0x03, 0xef, 0xeb, 0xbf, 0xfe, 0x10, 0x00, 0x00, 0x3b, 0xff, 0xff, 0xa2, 0x00, 0x00, 0x00, 0x00,
    0x14, 0x40, 0x00, 0x00, 0x00, 0x00, 0x00, 0x00, 0x34, 0x20, 0x00, 0x00, 0x00, 0x06, 0xff, 0xe3,
    0x00, 0x00, 0x00, 0x6f, 0xe6, 0xee, 0x30, 0x00, 0x03, 0xbb, 0x30, 0x3b, 0xa1, 0x00, 0x00, 0x00,
    0x00, 0x00, 0x00, 0x00, 0x00, 0x00, 0x00, 0x00, 0x00, 0x4f, 0xff, 0xff, 0xff, 0xb0, 0x00, 0x4f,
    0xff, 0xff, 0xff, 0xb0, 0x00, 0x00, 0x00, 0x00, 0x8f, 0xb0, 0x00, 0x00, 0x00, 0x00, 0x8f, 0xb0,
    0x00, 0x00, 0x00, 0x00, 0x8f, 0xb0, 0x00, 0x00, 0x00, 0x00, 0x8f, 0xb0, 0x00, 0x00, 0x00, 0x00,
    0x8f, 0xb0, 0x00, 0x00, 0x00, 0x00, 0x8f, 0xb0, 0x00, 0x00, 0x00, 0x00, 0x8f, 0xb0, 0x00, 0x00,
    0x00, 0x00, 0x8f, 0xb0, 0x00, 0x00, 0x00, 0x00, 0x8f, 0xb0, 0x00, 0x00, 0x00, 0x00, 0x8f, 0xb0,
    0x00, 0x00, 0x00, 0x00, 0xbf, 0x80, 0x00, 0x00, 0x00, 0x18, 0xff, 0x40, 0x00, 0x0f, 0xff, 0xff,
    0xf8, 0x00, 0x00, 0x0f, 0xff, 0xfa, 0x50, 0x00, 0x00, 0x00, 0x00, 0x00, 0x00, 0x00, 0x00, 0x0f,
    0xf0, 0x00, 0x00, 0x8f, 0xd0, 0x0f, 0xf0, 0x00, 0x01, 0xef, 0x60, 0x0f, 0xf0, 0x00, 0x08, 0xfd,
    0x00, 0x0f, 0xf0, 0x00, 0x1e, 0xf6, 0x00, 0x0f, 0xf0, 0x00, 0x8f, 0xd0, 0x00, 0x0f, 0xf0, 0x01,
    0xef, 0x60, 0x00, 0x0f, 0xf4, 0x48, 0xfd, 0x00, 0x00, 0x0f, 0xff, 0xff, 0xf7, 0x00, 0x00, 0x0f,
    0xfb, 0xbd, 0xf9, 0x00, 0x00, 0x0f, 0xf0, 0x04, 0xff, 0x20, 0x00, 0x0f, 0xf0, 0x00, 0xbf, 0x90,
    0x00, 0x0f, 0xf0, 0x00, 0x4f, 0xf2, 0x00, 0x0f, 0xf0, 0x00, 0x0c, 0xf9, 0x00, 0x0f, 0xf0, 0x00,
    0x06, 0xff, 0x20, 0x0f, 0xf0, 0x00, 0x00, 0xdf, 0x90, 0x0f, 0xf0, 0x00, 0x00, 0x6f, 0xf2, 0x00,
    0x00, 0x00, 0x00, 0x00, 0x00, 0x00, 0x00, 0x00, 0x00, 0x00, 0x00, 0x00, 0x00, 0x1e, 0xf6, 0x00,
    0x00, 0x00, 0x00, 0xaf, 0x90, 0x00, 0x00, 0x00, 0x05, 0xfd, 0x10, 0x00, 0x00, 0x00, 0x03, 0x42,
    0x00, 0x00, 0x00, 0x00, 0x00, 0x00, 0x00, 0x00, 0x0f, 0xf4, 0x00, 0x00, 0x00, 0x00, 0xff, 0x40,
    0x00, 0x00, 0x00, 0x0f, 0xf4, 0x00, 0x00, 0x00, 0x00, 0xff, 0x40, 0x00, 0x00, 0x00, 0x0f, 0xf4,
    0x00, 0x00, 0xaf, 0xb0, 0xff, 0x40, 0x00, 0x5f, 0xe2, 0x0f, 0xf4, 0x00, 0x1e, 0xf7, 0x00, 0xff,
    0x40, 0x0a, 0xfc, 0x00, 0x0f, 0xf7, 0x47, 0xff, 0x30, 0x00, 0xff, 0xff, 0xff, 0x80, 0x00, 0x0f,
    0xfc, 0xbd, 0xfd, 0x00, 0x00, 0xff, 0x40, 0x1e, 0xf8, 0x00, 0x0f, 0xf4, 0x00, 0x6f, 0xf3, 0x00,
    0xff, 0x40, 0x00, 0xbf, 0xb0, 0x0f, 0xf4, 0x00, 0x02, 0xef, 0x70, 0xff, 0x40, 0x00, 0x08, 0xfe,
    0x20, 0x00, 0x00, 0x00, 0x00, 0x00, 0x00, 0x00, 0x00, 0x00, 0x00, 0x00, 0x00, 0x1e, 0xf6, 0x00,
    0x00, 0x00, 0x0a, 0xf9, 0x00, 0x00, 0x00, 0x05, 0xfd, 0x10, 0x00, 0x00, 0x00, 0x34, 0x20, 0x00,
    0x00, 0x00, 0x00, 0x00, 0x00, 0x00, 0x00, 0x0b, 0xf4, 0x00, 0x00, 0x8f, 0xd1, 0xbf, 0x40, 0x00,
    0x4f, 0xf4, 0x0b, 0xf4, 0x00, 0x1d, 0xf8, 0x00, 0xbf, 0x40, 0x08, 0xfd, 0x10, 0x0b, 0xf7, 0x45,
    0xff, 0x40, 0x00, 0xbf, 0xff, 0xff, 0x90, 0x00, 0x0b, 0xfc, 0xbc, 0xfe, 0x10, 0x00, 0xbf, 0x40,
    0x1d, 0xf9, 0x00, 0x0b, 0xf4, 0x00, 0x4f, 0xf4, 0x00, 0xbf, 0x40, 0x00, 0xaf, 0xd1, 0x0b, 0xf4,
    0x00, 0x01, 0xef, 0x80, 0xbf, 0x40, 0x00, 0x05, 0xff, 0x30, 0x00, 0x7f, 0xc1, 0x00, 0x00, 0x00,
    0x3f, 0xe2, 0x00, 0x00, 0x00, 0x1d, 0xf4, 0x00, 0x00, 0x00, 0x02, 0x43, 0x00, 0x00, 0x00, 0x00,
    0x00, 0x00, 0x00, 0x00, 0x00, 0x04, 0xff, 0x00, 0x00, 0x00, 0x00, 0x4f, 0xf0, 0x00, 0x00, 0x00,
    0x04, 0xff, 0x00, 0x00, 0x00, 0x00, 0x4f, 0xf0, 0x00, 0x00, 0x00, 0x04, 0xff, 0x00, 0x00, 0x00,
    0x00, 0x4f, 0xf0, 0x00, 0x00, 0x00, 0x04, 0xff, 0x00, 0x00, 0x00, 0x00, 0x4f, 0xf0, 0x00, 0x00,
    0x00, 0x04, 0xff, 0x00, 0x00, 0x00, 0x00, 0x4f, 0xf0, 0x00, 0x00, 0x00, 0x04, 0xff, 0x00, 0x00,
    0x00, 0x00, 0x4f, 0xf0, 0x00, 0x00, 0x00, 0x04, 0xff, 0x00, 0x00, 0x00, 0x00, 0x4f, 0xf0, 0x00,
    0x00, 0x00, 0x04, 0xff, 0xff, 0xff, 0xff, 0xf4, 0x4f, 0xff, 0xff, 0xff, 0xff, 0x40, 0x00, 0x00,
    0x01, 0xdf, 0x60, 0x00, 0x00, 0x00, 0x00, 0xaf, 0x80, 0x00, 0x00, 0x00, 0x00, 0x7f, 0xb0, 0x00,
    0x00, 0x00, 0x00, 0x04, 0x41, 0x00, 0x00, 0x00, 0x00, 0x00, 0x00, 0x00, 0x00, 0x00, 0x04, 0xff,
    0xff, 0xff, 0x00, 0x00, 0x00, 0x4f, 0xff, 0xff, 0xf0, 0x00, 0x00, 0x00, 0x00, 0x04, 0xff, 0x00,
    0x00, 0x00, 0x00, 0x00, 0x4f, 0xf0, 0x00, 0x00, 0x00, 0x00, 0x04, 0xff, 0x00, 0x00, 0x00, 0x00,
    0x00, 0x4f, 0xf0, 0x00, 0x00, 0x00, 0x00, 0x04, 0xff, 0x00, 0x00, 0x00, 0x00, 0x00, 0x4f, 0xf0,
    0x00, 0x00, 0x00, 0x00, 0x04, 0xff, 0x00, 0x00, 0x00, 0x00, 0x00, 0x4f, 0xf0, 0x00, 0x00, 0x00,
    0x00, 0x04, 0xff, 0x00, 0x00, 0x00, 0x00, 0x00, 0x4f, 0xf0, 0x00, 0x00, 0x00, 0x00, 0x04, 0xff,
    0x00, 0x00, 0x00, 0x00, 0x00, 0x2f, 0xf6, 0x00, 0x00, 0x00, 0x00, 0x00, 0xaf, 0xff, 0xff, 0xf4,
    0x00, 0x00, 0x01, 0x8e, 0xff, 0xff, 0x40, 0x00, 0x00, 0x00, 0x00, 0x00, 0x04, 0xff, 0x00, 0x00,
    0x00, 0x00, 0x4f, 0xf0, 0x00, 0x00, 0x00, 0x04, 0xff, 0x00, 0x00, 0x00, 0x00, 0x4f, 0xf0, 0x00,
    0x00, 0x00, 0x04, 0xff, 0x00, 0x00, 0x00, 0x00, 0x4f, 0xf0, 0x00, 0x00, 0x00, 0x04, 0xff, 0x00,
    0x00, 0x00, 0x00, 0x4f, 0xf0, 0x00, 0x00, 0x00, 0x04, 0xff, 0x00, 0x00, 0x00, 0x00, 0x4f, 0xf0,
    0x00, 0x00, 0x00, 0x04, 0xff, 0x00, 0x00, 0x00, 0x00, 0x4f, 0xf0, 0x00, 0x00, 0x00, 0x04, 0xff,
    0x00, 0x00, 0x00, 0x00, 0x4f, 0xf0, 0x00, 0x00, 0x00, 0x04, 0xff, 0xff, 0xff, 0xff, 0xf4, 0x4f,
    0xff, 0xff, 0xff, 0xff, 0x40, 0x00, 0x00, 0x00, 0x00, 0x00, 0x00, 0x00, 0x00, 0x00, 0x00, 0x00,
    0x00, 0x03, 0xff, 0x40, 0x00, 0x00, 0x00, 0xcf, 0x80, 0x00, 0x00, 0x00, 0x8f, 0xc0, 0x00, 0x00,
    0x00, 0x04, 0x41, 0x00, 0x00, 0x00, 0x00, 0x00, 0x00, 0x00, 0x00, 0x00, 0x04, 0xff, 0xff, 0xff,
    0x00, 0x00, 0x00, 0x4f, 0xff, 0xff, 0xf0, 0x00, 0x00, 0x00, 0x00, 0x04, 0xff, 0x00, 0x00, 0x00,
    0x00, 0x00, 0x4f, 0xf0, 0x00, 0x00, 0x00, 0x00, 0x04, 0xff, 0x00, 0x00, 0x00, 0x00, 0x00, 0x4f,
    0xf0, 0x00, 0x00, 0x00, 0x00, 0x04, 0xff, 0x00, 0x00, 0x00, 0x00, 0x00, 0x4f, 0xf0, 0x00, 0x00,
    0x00, 0x00, 0x04, 0xff, 0x00, 0x00, 0x00, 0x00, 0x00, 0x4f, 0xf0, 0x00, 0x00, 0x00, 0x00, 0x04,
    0xff, 0x00, 0x00, 0x00, 0x00, 0x00, 0x4f, 0xf0, 0x00, 0x00, 0x00, 0x00, 0x04, 0xff, 0x00, 0x00,
    0x00, 0x00, 0x00, 0x2f, 0xf6, 0x00, 0x00, 0x00, 0x00, 0x00, 0xaf, 0xff, 0xff, 0xf4, 0x00, 0x00,
    0x01, 0x8e, 0xff, 0xff, 0x40, 0x00, 0x00, 0x00, 0x00, 0x00, 0x00, 0x00, 0x00, 0x00, 0x00, 0x00,
    0x00, 0x00, 0x00, 0x00, 0x08, 0xfc, 0x00, 0x00, 0x00, 0x00, 0x04, 0xfe, 0x20, 0x00, 0x00, 0x00,
    0x01, 0xdf, 0x60, 0x00, 0x00, 0x00, 0x00, 0x14, 0x40, 0x00, 0x00, 0x00, 0x00, 0x00, 0x00, 0x00,
    0x00, 0x04, 0xff, 0x00, 0x3f, 0xb0, 0x00, 0x4f, 0xf0, 0x04, 0xfa, 0x00, 0x04, 0xff, 0x00, 0x4f,
    0x80, 0x00, 0x4f, 0xf0, 0x07, 0xf7, 0x00, 0x04, 0xff, 0x00, 0x00, 0x00, 0x00, 0x4f, 0xf0, 0x00,
    0x00, 0x00, 0x04, 0xff, 0x00, 0x00, 0x00, 0x00, 0x4f, 0xf0, 0x00, 0x00, 0x00, 0x04, 0xff, 0x00,
    0x00, 0x00, 0x00, 0x4f, 0xf0, 0x00, 0x00, 0x00, 0x04, 0xff, 0x00, 0x00, 0x00, 0x00, 0x4f, 0xf0,
    0x00, 0x00, 0x00, 0x04, 0xff, 0x00, 0x00, 0x00, 0x00, 0x4f, 0xf0, 0x00, 0x00, 0x00, 0x04, 0xff,
    0xff, 0xff, 0xff, 0xf4, 0x4f, 0xff, 0xff, 0xff, 0xff, 0x40, 0x00, 0x00, 0x00, 0x00, 0x00, 0x00,
    0x04, 0xff, 0xff, 0xff, 0x00, 0xaf, 0x40, 0x4f, 0xff, 0xff, 0xf0, 0x0b, 0xf3, 0x00, 0x00, 0x04,
    0xff, 0x00, 0xbf, 0x00, 0x00, 0x00, 0x4f, 0xf0, 0x0e, 0xe0, 0x00, 0x00, 0x04, 0xff, 0x00, 0x00,
    0x00, 0x00, 0x00, 0x4f, 0xf0, 0x00, 0x00, 0x00, 0x00, 0x04, 0xff, 0x00, 0x00, 0x00, 0x00, 0x00,
    0x4f, 0xf0, 0x00, 0x00, 0x00, 0x00, 0x04, 0xff, 0x00, 0x00, 0x00, 0x00, 0x00, 0x4f, 0xf0, 0x00,
    0x00, 0x00, 0x00, 0x04, 0xff, 0x00, 0x00, 0x00, 0x00, 0x00, 0x4f, 0xf0, 0x00, 0x00, 0x00, 0x00,
    0x04, 0xff, 0x00, 0x00, 0x00, 0x00, 0x00, 0x2f, 0xf6, 0x00, 0x00, 0x00, 0x00, 0x00, 0xaf, 0xff,
    0xff, 0xf4, 0x00, 0x00, 0x01, 0x8e, 0xff, 0xff, 0x40, 0x00, 0x00, 0x00, 0x00, 0x00, 0x04, 0xff,
    0x00, 0x00, 0x00, 0x00, 0x4f, 0xf0, 0x00, 0x00, 0x00, 0x04, 0xff, 0x00, 0x00, 0x00, 0x00, 0x4f,
    0xf0, 0x00, 0x00, 0x00, 0x04, 0xff, 0x00, 0x00, 0x00, 0x00, 0x4f, 0xf0, 0x00, 0x00, 0x00, 0x04,
    0xff, 0x00, 0x00, 0x68, 0x20, 0x4f, 0xf0, 0x00, 0x6f, 0xfe, 0x14, 0xff, 0x00, 0x08, 0xff, 0xf4,
    0x4f, 0xf0, 0x00, 0x3e, 0xfc, 0x04, 0xff, 0x00, 0x00, 0x13, 0x00, 0x4f, 0xf0, 0x00, 0x00, 0x00,
    0x04, 0xff, 0x00, 0x00, 0x00, 0x00, 0x4f, 0xf0, 0x00, 0x00, 0x00, 0x04, 0xff, 0xff, 0xff, 0xff,
    0xf4, 0x4f, 0xff, 0xff, 0xff, 0xff, 0x40, 0x00, 0x00, 0x00, 0x00, 0x00, 0x00, 0x00, 0xbf, 0xff,
    0xff, 0x80, 0x00, 0x00, 0x00, 0xbf, 0xff, 0xff, 0x80, 0x00, 0x00, 0x00, 0x00, 0x00, 0xbf, 0x80,
    0x00, 0x00, 0x00, 0x00, 0x00, 0xbf, 0x80, 0x00, 0x00, 0x00, 0x00, 0x00, 0xbf, 0x80, 0x00, 0x00,
    0x00, 0x00, 0x00, 0xbf, 0x80, 0x00, 0x00, 0x00, 0x00, 0x00, 0xbf, 0x80, 0x00, 0x07, 0x81, 0x00,
    0x00, 0xbf, 0x80, 0x00, 0x8f, 0xfb, 0x00, 0x00, 0xbf, 0x80, 0x00, 0xbf, 0xff, 0x00, 0x00, 0xbf,
    0x80, 0x00, 0x5f, 0xf8, 0x00, 0x00, 0xbf, 0x80, 0x00, 0x01, 0x20, 0x00, 0x00, 0xbf, 0x80, 0x00,
    0x00, 0x00, 0x00, 0x00, 0xbf, 0x80, 0x00, 0x00, 0x00, 0x00, 0x00, 0x8f, 0xd1, 0x00, 0x00, 0x00,
    0x00, 0x00, 0x2e, 0xff, 0xff, 0xfb, 0x00, 0x00, 0x00, 0x03, 0xbf, 0xff, 0xfb, 0x00, 0x00, 0x00,
    0x00, 0x00, 0x00, 0x00, 0x00, 0x04, 0xff, 0x00, 0x00, 0x00, 0x00, 0x00, 0x4f, 0xf0, 0x00, 0x00,
    0x00, 0x00, 0x04, 0xff, 0x00, 0x00, 0x00, 0x00, 0x00, 0x4f, 0xf0, 0x00, 0x10, 0x00, 0x00, 0x04,
    0xff, 0x01, 0x88, 0x00, 0x00, 0x00, 0x4f, 0xf5, 0xdf, 0x70, 0x00, 0x00, 0x04, 0xff, 0xfe, 0x50,
    0x00, 0x00, 0x00, 0x7f, 0xfa, 0x10, 0x00, 0x00, 0x02, 0xbf, 0xff, 0x00, 0x00, 0x00, 0x00, 0x8f,
    0xbf, 0xf0, 0x00, 0x00, 0x00, 0x06, 0x44, 0xff, 0x00, 0x00, 0x00, 0x00, 0x00, 0x4f, 0xf0, 0x00,
    0x00, 0x00, 0x00, 0x04, 0xff, 0x00, 0x00, 0x00, 0x00, 0x00, 0x4f, 0xf0, 0x00, 0x00, 0x00, 0x00,
    0x04, 0xff, 0xff, 0xff, 0xff, 0xf4, 0x00, 0x4f, 0xff, 0xff, 0xff, 0xff, 0x40, 0x00, 0x00, 0x00,
    0x00, 0x00, 0x00, 0x04, 0xff, 0xff, 0xff, 0x00, 0x00, 0x00, 0x4f, 0xff, 0xff, 0xf0, 0x00, 0x00,
    0x00, 0x00, 0x04, 0xff, 0x00, 0x00, 0x00, 0x00, 0x00, 0x4f, 0xf0, 0x00, 0x20, 0x00, 0x00, 0x04,
    0xff, 0x02, 0xb8, 0x00, 0x00, 0x00, 0x4f, 0xf7, 0xef, 0x60, 0x00, 0x00, 0x04, 0xff, 0xfc, 0x40,
    0x00, 0x00, 0x00, 0x8f, 0xf8, 0x00, 0x00, 0x00, 0x04, 0xcf, 0xff, 0x00, 0x00, 0x00, 0x00, 0xbe,
    0x9f, 0xf0, 0x00, 0x00, 0x00, 0x08, 0x24, 0xff, 0x00, 0x00, 0x00, 0x00, 0x00, 0x4f, 0xf0, 0x00,
    0x00, 0x00, 0x00, 0x04, 0xff, 0x00, 0x00, 0x00, 0x00, 0x00, 0x2f, 0xf6, 0x00, 0x00, 0x00, 0x00,
    0x00, 0xaf, 0xff, 0xff, 0xf4, 0x00, 0x00, 0x01, 0x8e, 0xff, 0xff, 0x40, 0x00, 0x00, 0x00, 0xbf,
    0x90, 0x00, 0x00, 0x00, 0x8f, 0xc0, 0x00, 0x00, 0x00, 0x4f, 0xe1, 0x00, 0x00, 0x00, 0x03, 0x42,
    0x00, 0x00, 0x00, 0x00, 0x00, 0x00, 0x00, 0x00, 0xff, 0xd0, 0x00, 0x0b, 0xf4, 0x0f, 0xff, 0x50,
    0x00, 0xbf, 0x40, 0xfe, 0xf9, 0x00, 0x0b, 0xf4, 0x0f, 0xbd, 0xe0, 0x00, 0xbf, 0x40, 0xfc, 0x8f,
    0x50, 0x0b, 0xf4, 0x0f, 0xf3, 0xfa, 0x00, 0xbf, 0x40, 0xff, 0x0d, 0xf1, 0x0b, 0xf4, 0x0f, 0xf0,
    0x7f, 0x60, 0xbf, 0x40, 0xff, 0x02, 0xfa, 0x0b, 0xf4, 0x0f, 0xf0, 0x0c, 0xf2, 0xbf, 0x40, 0xff,
    0x00, 0x7f, 0x7b, 0xf4, 0x0f, 0xf0, 0x02, 0xfc, 0xbf, 0x40, 0xff, 0x00, 0x0a, 0xf9, 0xf4, 0x0f,
    0xf0, 0x00, 0x6f, 0xef, 0x40, 0xff, 0x00, 0x01, 0xff, 0xf4, 0x0f, 0xf0, 0x00, 0x0a, 0xff, 0x40,
    0x00, 0x00, 0x00, 0x24, 0x40, 0x00, 0x00, 0x00, 0x1d, 0xf6, 0x00, 0x00, 0x00, 0x0a, 0xf9, 0x00,
    0x00, 0x00, 0x04, 0xba, 0x00, 0x00, 0x00, 0x00, 0x00, 0x00, 0x00, 0x00, 0x00, 0x00, 0x44, 0x30,
    0x00, 0x0f, 0xf3, 0xdf, 0xff, 0xb1, 0x00, 0xff, 0xac, 0x89, 0xff, 0xb0, 0x0f, 0xf9, 0x00, 0x06,
    0xff, 0x20, 0xff, 0x40, 0x00, 0x0f, 0xf4, 0x0f, 0xf0, 0x00, 0x00, 0xbf, 0x40, 0xff, 0x00, 0x00,
    0x0b, 0xf4, 0x0f, 0xf0, 0x00, 0x00, 0xbf, 0x40, 0xff, 0x00, 0x00, 0x0b, 0xf4, 0x0f, 0xf0, 0x00,
    0x00, 0xbf, 0x40, 0xff, 0x00, 0x00, 0x0b, 0xf4, 0x0f, 0xf0, 0x00, 0x00, 0xbf, 0x40, 0xff, 0x00,
    0x00, 0x0b, 0xf4, 0x00, 0x00, 0x00, 0x00, 0x00, 0x00, 0xff, 0xd0, 0x00, 0x0b, 0xf4, 0x0f, 0xff,
    0x50, 0x00, 0xbf, 0x40, 0xfe, 0xf9, 0x00, 0x0b, 0xf4, 0x0f, 0xbd, 0xe0, 0x00, 0xbf, 0x40, 0xfc,
    0x8f, 0x50, 0x0b, 0xf4, 0x0f, 0xf3, 0xfa, 0x00, 0xbf, 0x40, 0xff, 0x0d, 0xf1, 0x0b, 0xf4, 0x0f,
    0xf0, 0x7f, 0x60, 0xbf, 0x40, 0xff, 0x02, 0xfa, 0x0b, 0xf4, 0x0f, 0xf0, 0x0c, 0xf2, 0xbf, 0x40,
    0xff, 0x00, 0x7f, 0x7b, 0xf4, 0x0f, 0xf0, 0x02, 0xfc, 0xbf, 0x40, 0xff, 0x00, 0x0a, 0xf9, 0xf4,
    0x0f, 0xf0, 0x00, 0x6f, 0xef, 0x40, 0xff, 0x00, 0x01, 0xff, 0xf4, 0x0f, 0xf0, 0x00, 0x0a, 0xff,
    0x40, 0x00, 0x00, 0x00, 0x00, 0x00, 0x00, 0x00, 0x00, 0x00, 0x00, 0x00, 0x00, 0x01, 0xef, 0x60,
    0x00, 0x00, 0x00, 0xaf, 0x90, 0x00, 0x00, 0x00, 0x5f, 0xd1, 0x00, 0x00, 0x00, 0x03, 0x42, 0x00,
    0x00, 0x00, 0x00, 0x00, 0x04, 0x43, 0x00, 0x00, 0xff, 0x3d, 0xff, 0xfb, 0x10, 0x0f, 0xfa, 0xc8,
    0x9f, 0xfb, 0x00, 0xff, 0x90, 0x00, 0x6f, 0xf2, 0x0f, 0xf4, 0x00, 0x00, 0xff, 0x40, 0xff, 0x00,
    0x00, 0x0b, 0xf4, 0x0f, 0xf0, 0x00, 0x00, 0xbf, 0x40, 0xff, 0x00, 0x00, 0x0b, 0xf4, 0x0f, 0xf0,
    0x00, 0x00, 0xbf, 0x40, 0xff, 0x00, 0x00, 0x0b, 0xf4, 0x0f, 0xf0, 0x00, 0x00, 0xbf, 0x40, 0xff,
    0x00, 0x00, 0x0b, 0xf4, 0x0f, 0xf0, 0x00, 0x00, 0xbf, 0x40, 0x00, 0x00, 0x00, 0x00, 0x00, 0x00,
    0x00, 0x00, 0x00, 0x00, 0x00, 0x00, 0x01, 0xef, 0x60, 0x00, 0x00, 0x00, 0xaf, 0x90, 0x00, 0x00,
    0x00, 0x5f, 0xd1, 0x00, 0x00, 0x00, 0x03, 0x42, 0x00, 0x00, 0x00, 0x03, 0xee, 0x60, 0x3e, 0xf6,
    0x00, 0x03, 0xef, 0x8e, 0xf6, 0x00, 0x00, 0x03, 0xef, 0xf6, 0x00, 0x00, 0x00, 0x02, 0x43, 0x00,
    0x00, 0x00, 0x00, 0x00, 0x00, 0x00, 0x00, 0xff, 0xd0, 0x00, 0x0b, 0xf4, 0x0f, 0xff, 0x50, 0x00,
    0xbf, 0x40, 0xfe, 0xf9, 0x00, 0x0b, 0xf4, 0x0f, 0xbd, 0xe0, 0x00, 0xbf, 0x40, 0xfc, 0x8f, 0x50,
    0x0b, 0xf4, 0x0f, 0xf3, 0xfa, 0x00, 0xbf, 0x40, 0xff, 0x0d, 0xf1, 0x0b, 0xf4, 0x0f, 0xf0, 0x7f,
    0x60, 0xbf, 0x40, 0xff, 0x02, 0xfa, 0x0b, 0xf4, 0x0f, 0xf0, 0x0c, 0xf2, 0xbf, 0x40, 0xff, 0x00,
    0x7f, 0x7b, 0xf4, 0x0f, 0xf0, 0x02, 0xfc, 0xbf, 0x40, 0xff, 0x00, 0x0a, 0xf9, 0xf4, 0x0f, 0xf0,
    0x00, 0x6f, 0xef, 0x40, 0xff, 0x00, 0x01, 0xff, 0xf4, 0x0f, 0xf0, 0x00, 0x0a, 0xff, 0x40, 0x01,
    0x44, 0x00, 0x03, 0x43, 0x00, 0x09, 0xfa, 0x16, 0xfe, 0x30, 0x00, 0x09, 0xfd, 0xfe, 0x30, 0x00,
    0x00, 0x08, 0xbb, 0x30, 0x00, 0x00, 0x00, 0x00, 0x00, 0x00, 0x00, 0x00, 0x00, 0x44, 0x30, 0x00,
    0x0f, 0xf3, 0xdf, 0xff, 0xb1, 0x00, 0xff, 0xac, 0x89, 0xff, 0xb0, 0x0f, 0xf9, 0x00, 0x06, 0xff,
    0x20, 0xff, 0x40, 0x00, 0x0f, 0xf4, 0x0f, 0xf0, 0x00, 0x00, 0xbf, 0x40, 0xff, 0x00, 0x00, 0x0b,
    0xf4, 0x0f, 0xf0, 0x00, 0x00, 0xbf, 0x40, 0xff, 0x00, 0x00, 0x0b, 0xf4, 0x0f, 0xf0, 0x00, 0x00,
    0xbf, 0x40, 0xff, 0x00, 0x00, 0x0b, 0xf4, 0x0f, 0xf0, 0x00, 0x00, 0xbf, 0x40, 0xff, 0x00, 0x00,
    0x0b, 0xf4, 0x00, 0x28, 0x81, 0x00, 0x00, 0x00, 0x00, 0x0b, 0xf9, 0x00, 0x00, 0x00, 0x00, 0x07,
    0xfd, 0x10, 0x00, 0x00, 0x00, 0x01, 0xab, 0x30, 0x00, 0x00, 0x00, 0x00, 0x00, 0x00, 0x00, 0x00,
    0x00, 0x00, 0x00, 0x00, 0x00, 0x00, 0x44, 0x30, 0x00, 0x00, 0x0f, 0xf3, 0xdf, 0xff, 0xb1, 0x00,
    0x00, 0xff, 0xac, 0x89, 0xff, 0xb0, 0x00, 0x0f, 0xf9, 0x00, 0x06, 0xff, 0x20, 0x00, 0xff, 0x40,
    0x00, 0x0f, 0xf4, 0x00, 0x0f, 0xf0, 0x00, 0x00, 0xbf, 0x40, 0x00, 0xff, 0x00, 0x00, 0x0b, 0xf4,
    0x00, 0x0f, 0xf0, 0x00, 0x00, 0xbf, 0x40, 0x00, 0xff, 0x00, 0x00, 0x0b, 0xf4, 0x00, 0x0f, 0xf0,
    0x00, 0x00, 0xbf, 0x40, 0x00, 0xff, 0x00, 0x00, 0x0b, 0xf4, 0x00, 0x0f, 0xf0, 0x00, 0x00, 0xbf,
    0x40, 0x00, 0xff, 0x00, 0x00, 0x0b, 0xf4, 0x00, 0x00, 0x00, 0x00, 0x00, 0x00, 0xff, 0xe0, 0x00,
    0x0b, 0xf4, 0x0f, 0xff, 0x60, 0x00, 0xbf, 0x40, 0xfe, 0xfb, 0x00, 0x0b, 0xf4, 0x0f, 0xbd, 0xf2,
    0x00, 0xbf, 0x40, 0xfc, 0x6f, 0x80, 0x0b, 0xf4, 0x0f, 0xf1, 0xee, 0x00, 0xbf, 0x40, 0xff, 0x09,
    0xf6, 0x0b, 0xf4, 0x0f, 0xf0, 0x3f, 0xb0, 0xbf, 0x40, 0xff, 0x00, 0xbf, 0x3b, 0xf4, 0x0f, 0xf0,
    0x06, 0xf9, 0xbf, 0x40, 0xff, 0x00, 0x0e, 0xe9, 0xf4, 0x0f, 0xf0, 0x00, 0x8f, 0xdf, 0x40, 0xff,
    0x00, 0x02, 0xff, 0xf4, 0x0f, 0xf0, 0x00, 0x0a, 0xff, 0x40, 0xff, 0x00, 0x00, 0x5f, 0xf4, 0x0f,
    0xf0, 0x00, 0x00, 0xdf, 0x40, 0x00, 0x00, 0x00, 0x1f, 0xf4, 0x00, 0x00, 0x00, 0x2a, 0xfe, 0x00,
    0x00, 0x0b, 0xff, 0xff, 0x50, 0x00, 0x00, 0xbf, 0xea, 0x30, 0x00, 0x00, 0x00, 0x04, 0x43, 0x00,
    0x00, 0xff, 0x6d, 0xff, 0xfb, 0x10, 0x0f, 0xfe, 0xc8, 0x9f, 0xfa, 0x00, 0xff, 0xa0, 0x00, 0x7f,
    0xf2, 0x0f, 0xf4, 0x00, 0x00, 0xff, 0x40, 0xff, 0x40, 0x00, 0x0f, 0xf4, 0x0f, 0xf4, 0x00, 0x00,
    0xff, 0x40, 0xff, 0x40, 0x00, 0x0f, 0xf4, 0x0f, 0xf4, 0x00, 0x00, 0xff, 0x40, 0xff, 0x40, 0x00,
    0x0f, 0xf4, 0x0f, 0xf4, 0x00, 0x00, 0xff, 0x40, 0xff, 0x40, 0x00, 0x0f, 0xf4, 0x0f, 0xf4, 0x00,
    0x00, 0xff, 0x40, 0x00, 0x00, 0x00, 0x1f, 0xf3, 0x00, 0x00, 0x00, 0x2c, 0xfd, 0x00, 0x00, 0x0b,
    0xff, 0xff, 0x40, 0x00, 0x00, 0xbf, 0xe9, 0x30, 0x00, 0x00, 0x44, 0x44, 0x44, 0x41, 0x00, 0x0f,
    0xff, 0xff, 0xff, 0x40, 0x00, 0x88, 0x88, 0x88, 0x82, 0x00, 0x00, 0x00, 0x00, 0x00, 0x00, 0x00,
    0x00, 0x34, 0x40, 0x00, 0x00, 0x05, 0xdf, 0xff, 0xe8, 0x00, 0x05, 0xff, 0xdb, 0xcf, 0xf8, 0x00,
    0xcf, 0x90, 0x00, 0x7f, 0xe1, 0x0f, 0xf2, 0x00, 0x00, 0xef, 0x44, 0xff, 0x00, 0x00, 0x0b, 0xf4,
    0x4f, 0xf0, 0x00, 0x00, 0xbf, 0x44, 0xff, 0x00, 0x00, 0x0b, 0xf4, 0x4f, 0xf0, 0x00, 0x00, 0xbf,
    0x44, 0xff, 0x00, 0x00, 0x0b, 0xf4, 0x4f, 0xf0, 0x00, 0x00, 0xbf, 0x44, 0xff, 0x00, 0x00, 0x0b,
    0xf4, 0x4f, 0xf0, 0x00, 0x00, 0xbf, 0x40, 0xff, 0x20, 0x00, 0x0e, 0xf4, 0x0c, 0xf9, 0x00, 0x07,
    0xfe, 0x00, 0x4f, 0xfd, 0xbc, 0xff, 0x70, 0x00, 0x4d, 0xff, 0xfe, 0x60, 0x00, 0x00, 0x02, 0x43,
    0x00, 0x00, 0x00, 0x88, 0x88, 0x88, 0x82, 0x00, 0x0f, 0xff, 0xff, 0xff, 0x40, 0x00, 0x44, 0x44,
    0x44, 0x41, 0x00, 0x00, 0x00, 0x00, 0x00, 0x00, 0x00, 0x00, 0x34, 0x40, 0x00, 0x00, 0x05, 0xdf,
    0xff, 0xe8, 0x00, 0x05, 0xff, 0xcb, 0xcf, 0xf8, 0x00, 0xdf, 0x80, 0x00, 0x6f, 0xf2, 0x3f, 0xf1,
    0x00, 0x00, 0xcf, 0x54, 0xff, 0x00, 0x00, 0x0b, 0xf8, 0x4f, 0xf0, 0x00, 0x00, 0xbf, 0x84, 0xff,
    0x00, 0x00, 0x0b, 0xf8, 0x4f, 0xf0, 0x00, 0x00, 0xbf, 0x82, 0xff, 0x10, 0x00, 0x0d, 0xf5, 0x0d,
    0xf9, 0x00, 0x06, 0xff, 0x10, 0x5f, 0xfd, 0xbd, 0xff, 0x80, 0x00, 0x4c, 0xff, 0xfd, 0x50, 0x00,
    0x00, 0x01, 0x42, 0x00, 0x00, 0x00, 0xfb, 0x00, 0x08, 0xf4, 0x00, 0x0a, 0xf7, 0x05, 0xed, 0x00,
    0x00, 0x1b, 0xff, 0xfd, 0x30, 0x00, 0x00, 0x03, 0x44, 0x00, 0x00, 0x00, 0x00, 0x34, 0x40, 0x00,
    0x00, 0x05, 0xdf, 0xff, 0xe8, 0x00, 0x05, 0xff, 0xdb, 0xcf, 0xf8, 0x00, 0xcf, 0x90, 0x00, 0x7f,
    0xe1, 0x0f, 0xf2, 0x00, 0x00, 0xef, 0x44, 0xff, 0x00, 0x00, 0x0b, 0xf4, 0x4f, 0xf0, 0x00, 0x00,
    0xbf, 0x44, 0xff, 0x00, 0x00, 0x0b, 0xf4, 0x4f, 0xf0, 0x00, 0x00, 0xbf, 0x44, 0xff, 0x00, 0x00,
    0x0b, 0xf4, 0x4f, 0xf0, 0x00, 0x00, 0xbf, 0x44, 0xff, 0x00, 0x00, 0x0b, 0xf4, 0x4f, 0xf0, 0x00,
    0x00, 0xbf, 0x40, 0xff, 0x20, 0x00, 0x0e, 0xf4, 0x0c, 0xf9, 0x00, 0x07, 0xfe, 0x00, 0x4f, 0xfd,
    0xbc, 0xff, 0x70, 0x00, 0x4d, 0xff, 0xfe, 0x60, 0x00, 0x00, 0x02, 0x43, 0x00, 0x00, 0x00, 0x43,
    0x00, 0x02, 0x41, 0x00, 0x0e, 0xd0, 0x00, 0xaf, 0x20, 0x00, 0x8f, 0xb8, 0x9f, 0xa0, 0x00, 0x00,
    0x6c, 0xfd, 0x81, 0x00, 0x00, 0x00, 0x00, 0x00, 0x00, 0x00, 0x00, 0x03, 0x44, 0x00, 0x00, 0x00,
    0x5d, 0xff, 0xfe, 0x80, 0x00, 0x5f, 0xfc, 0xbc, 0xff, 0x80, 0x0d, 0xf8, 0x00, 0x06, 0xff, 0x23,
    0xff, 0x10, 0x00, 0x0c, 0xf5, 0x4f, 0xf0, 0x00, 0x00, 0xbf, 0x84, 0xff, 0x00, 0x00, 0x0b, 0xf8,
    0x4f, 0xf0, 0x00, 0x00, 0xbf, 0x84, 0xff, 0x00, 0x00, 0x0b, 0xf8, 0x2f, 0xf1, 0x00, 0x00, 0xdf,
    0x50, 0xdf, 0x90, 0x00, 0x6f, 0xf1, 0x05, 0xff, 0xdb, 0xdf, 0xf8, 0x00, 0x04, 0xcf, 0xff, 0xd5,
    0x00, 0x00, 0x00, 0x14, 0x20, 0x00, 0x00, 0x00, 0x00, 0xcf, 0x60, 0xbf, 0x60, 0x00, 0x9f, 0x80,
    0x8f, 0x90, 0x00, 0x6f, 0xb0, 0x5f, 0xc0, 0x00, 0x03, 0x41, 0x03, 0x41, 0x00, 0x00, 0x00, 0x34,
    0x40, 0x00, 0x00, 0x05, 0xdf, 0xff, 0xe8, 0x00, 0x05, 0xff, 0xdb, 0xcf, 0xf8, 0x00, 0xcf, 0x90,
    0x00, 0x7f, 0xe1, 0x0f, 0xf2, 0x00, 0x00, 0xef, 0x44, 0xff, 0x00, 0x00, 0x0b, 0xf4, 0x4f, 0xf0,
    0x00, 0x00, 0xbf, 0x44, 0xff, 0x00, 0x00, 0x0b, 0xf4, 0x4f, 0xf0, 0x00, 0x00, 0xbf, 0x44, 0xff,
    0x00, 0x00, 0x0b, 0xf4, 0x4f, 0xf0, 0x00, 0x00, 0xbf, 0x44, 0xff, 0x00, 0x00, 0x0b, 0xf4, 0x4f,
    0xf0, 0x00, 0x00, 0xbf, 0x40, 0xff, 0x20, 0x00, 0x0e, 0xf4, 0x0c, 0xf9, 0x00, 0x07, 0xfe, 0x00,
    0x4f, 0xfd, 0xbc, 0xff, 0x70, 0x00, 0x4d, 0xff, 0xfe, 0x60, 0x00, 0x00, 0x02, 0x43, 0x00, 0x00,
    0x00, 0x00, 0x24, 0x20, 0x24, 0x30, 0x00, 0x3e, 0xe3, 0x2e, 0xe3, 0x00, 0x1c, 0xf4, 0x0c, 0xf5,
    0x00, 0x06, 0xb6, 0x06, 0xb6, 0x00, 0x00, 0x00, 0x00, 0x00, 0x00, 0x00, 0x00, 0x03, 0x44, 0x00,
    0x00, 0x00, 0x5d, 0xff, 0xfe, 0x80, 0x00, 0x5f, 0xfc, 0xbc, 0xff, 0x80, 0x0d, 0xf8, 0x00, 0x06,
    0xff, 0x23, 0xff, 0x10, 0x00, 0x0c, 0xf5, 0x4f, 0xf0, 0x00, 0x00, 0xbf, 0x84, 0xff, 0x00, 0x00,
    0x0b, 0xf8, 0x4f, 0xf0, 0x00, 0x00, 0xbf, 0x84, 0xff, 0x00, 0x00, 0x0b, 0xf8, 0x2f, 0xf1, 0x00,
    0x00, 0xdf, 0x50, 0xdf, 0x90, 0x00, 0x6f, 0xf1, 0x05, 0xff, 0xdb, 0xdf, 0xf8, 0x00, 0x04, 0xcf,
    0xff, 0xd5, 0x00, 0x00, 0x00, 0x14, 0x20, 0x00, 0x00, 0x00, 0x03, 0x41, 0x00, 0x00, 0x00, 0x00,
    0x1c, 0xff, 0xe6, 0xff, 0xff, 0xfb, 0x09, 0xff, 0xbc, 0xdf, 0xff, 0xff, 0xb0, 0xff, 0x60, 0x0a,
    0xfb, 0x00, 0x00, 0x2f, 0xf0, 0x00, 0x4f, 0xb0, 0x00, 0x04, 0xff, 0x00, 0x04, 0xfb, 0x00, 0x00,
    0x4f, 0xf0, 0x00, 0x4f, 0xb0, 0x00, 0x04, 0xff, 0x00, 0x04, 0xfc, 0x44, 0x40, 0x4f, 0xf0, 0x00,
    0x4f, 0xff, 0xff, 0x04, 0xff, 0x00, 0x04, 0xfe, 0xbb, 0xb0, 0x4f, 0xf0, 0x00, 0x4f, 0xb0, 0x00,
    0x04, 0xff, 0x00, 0x04, 0xfb, 0x00, 0x00, 0x4f, 0xf0, 0x00, 0x4f, 0xb0, 0x00, 0x02, 0xff, 0x00,
    0x04, 0xfb, 0x00, 0x00, 0x0e, 0xf7, 0x00, 0xaf, 0xb0, 0x00, 0x00, 0x9f, 0xfb, 0xcc, 0xff, 0xff,
    0xfb, 0x01, 0xbf, 0xfc, 0x5f, 0xff, 0xff, 0xb0, 0x00, 0x24, 0x00, 0x00, 0x00, 0x00, 0x00, 0x14,
    0x41, 0x00, 0x44, 0x20, 0x00, 0x3e, 0xff, 0xe3, 0xcf, 0xff, 0x60, 0x0d, 0xfa, 0x8e, 0xdf, 0x88,
    0xff, 0x23, 0xfc, 0x00, 0x8f, 0xa0, 0x09, 0xf6, 0x4f, 0xb0, 0x08, 0xf8, 0x00, 0x8f, 0x84, 0xfb,
    0x00, 0x8f, 0x94, 0x49, 0xf8, 0x4f, 0xb0, 0x08, 0xff, 0xff, 0xff, 0x84, 0xfb, 0x00, 0x8f, 0xb8,
    0x88, 0x84, 0x4f, 0xb0, 0x08, 0xf8, 0x00, 0x00, 0x04, 0xfb, 0x00, 0x8f, 0x80, 0x00, 0x00, 0x3f,
    0xd0, 0x08, 0xfb, 0x00, 0x8b, 0x30, 0xdf, 0xb8, 0xfd, 0xf9, 0x9f, 0xe1, 0x03, 0xdf, 0xfc, 0x2b,
    0xff, 0xe3, 0x00, 0x00, 0x43, 0x00, 0x03, 0x40, 0x00, 0x00, 0x00, 0x00, 0xbf, 0x90, 0x00, 0x00,
    0x00, 0x08, 0xfc, 0x00, 0x00, 0x00, 0x00, 0x4f, 0xe1, 0x00, 0x00, 0x00, 0x00, 0x34, 0x20, 0x00,
    0x00, 0x00, 0x00, 0x00, 0x00, 0x00, 0x00, 0x0f, 0xff, 0xff, 0xfd, 0x80, 0x00, 0x0f, 0xff, 0xff,
    0xff, 0xfa, 0x00, 0x0f, 0xf0, 0x00, 0x06, 0xff, 0x60, 0x0f, 0xf0, 0x00, 0x00, 0x9f, 0xb0, 0x0f,
    0xf0, 0x00, 0x00, 0x8f, 0xb0, 0x0f, 0xf0, 0x00, 0x00, 0x8f, 0xb0, 0x0f, 0xf0, 0x00, 0x03, 0xef,
    0x80, 0x0f, 0xfb, 0xbb, 0xbe, 0xfc, 0x10, 0x0f, 0xff, 0xff, 0xff, 0xb1, 0x00, 0x0f, 0xf4, 0x47,
    0xfe, 0x10, 0x00, 0x0f, 0xf0, 0x00, 0xdf, 0x80, 0x00, 0x0f, 0xf0, 0x00, 0x6f, 0xe1, 0x00, 0x0f,
    0xf0, 0x00, 0x0e, 0xf6, 0x00, 0x0f, 0xf0, 0x00, 0x08, 0xfd, 0x00, 0x0f, 0xf0, 0x00, 0x01, 0xef,
    0x60, 0x0f, 0xf0, 0x00, 0x00, 0x9f, 0xd0, 0x00, 0x00, 0x00, 0x44, 0x10, 0x00, 0x00, 0x08, 0xfa,
    0x00, 0x00, 0x00, 0x5f, 0xc1, 0x00, 0x00, 0x01, 0xab, 0x30, 0x00, 0x00, 0x00, 0x00, 0x00, 0x00,
    0x00, 0x00, 0x24, 0x41, 0x00, 0x8f, 0x88, 0xff, 0xfe, 0x60, 0x8f, 0xae, 0x98, 0xdf, 0xf4, 0x8f,
    0xe3, 0x00, 0x1c, 0xf8, 0x8f, 0x90, 0x00, 0x08, 0xfb, 0x8f, 0x80, 0x00, 0x08, 0xfb, 0x8f, 0x80,
    0x00, 0x02, 0x43, 0x8f, 0x80, 0x00, 0x00, 0x00, 0x8f, 0x80, 0x00, 0x00, 0x00, 0x8f, 0x80, 0x00,
    0x00, 0x00, 0x8f, 0x80, 0x00, 0x00, 0x00, 0x8f, 0x80, 0x00, 0x00, 0x00, 0x8f, 0x80, 0x00, 0x00,
    0x00, 0x00, 0x00, 0x00, 0x00, 0x00, 0x00, 0x0f, 0xff, 0xff, 0xfd, 0x80, 0x00, 0x0f, 0xff, 0xff,
    0xff, 0xfa, 0x00, 0x0f, 0xf0, 0x00, 0x06, 0xff, 0x60, 0x0f, 0xf0, 0x00, 0x00, 0x9f, 0xb0, 0x0f,
    0xf0, 0x00, 0x00, 0x8f, 0xb0, 0x0f, 0xf0, 0x00, 0x00, 0x8f, 0xb0, 0x0f, 0xf0, 0x00, 0x03, 0xef,
    0x80, 0x0f, 0xfb, 0xbb, 0xbe, 0xfc, 0x10, 0x0f, 0xff, 0xff, 0xff, 0xb1, 0x00, 0x0f, 0xf4, 0x47,
    0xfe, 0x10, 0x00, 0x0f, 0xf0, 0x00, 0xdf, 0x80, 0x00, 0x0f, 0xf0, 0x00, 0x6f, 0xe1, 0x00, 0x0f,
    0xf0, 0x00, 0x0e, 0xf6, 0x00, 0x0f, 0xf0, 0x00, 0x08, 0xfd, 0x00, 0x0f, 0xf0, 0x00, 0x01, 0xef,
    0x60, 0x0f, 0xf0, 0x00, 0x00, 0x9f, 0xd0, 0x00, 0x00, 0x00, 0x00, 0x00, 0x00, 0x00, 0x00, 0x00,
    0x00, 0x00, 0x00, 0x00, 0x00, 0x1e, 0xf6, 0x00, 0x00, 0x00, 0x00, 0xaf, 0x90, 0x00, 0x00, 0x00,
    0x05, 0xfd, 0x10, 0x00, 0x00, 0x00, 0x03, 0x42, 0x00, 0x00, 0x00, 0x00, 0x00, 0x00, 0x24, 0x41,
    0x00, 0x00, 0x8f, 0x88, 0xff, 0xfe, 0x60, 0x00, 0x8f, 0xae, 0x98, 0xdf, 0xf4, 0x00, 0x8f, 0xe3,
    0x00, 0x1c, 0xf8, 0x00, 0x8f, 0x90, 0x00, 0x08, 0xfb, 0x00, 0x8f, 0x80, 0x00, 0x08, 0xfb, 0x00,
    0x8f, 0x80, 0x00, 0x02, 0x43, 0x00, 0x8f, 0x80, 0x00, 0x00, 0x00, 0x00, 0x8f, 0x80, 0x00, 0x00,
    0x00, 0x00, 0x8f, 0x80, 0x00, 0x00, 0x00, 0x00, 0x8f, 0x80, 0x00, 0x00, 0x00, 0x00, 0x8f, 0x80,
    0x00, 0x00, 0x00, 0x00, 0x8f, 0x80, 0x00, 0x00, 0x00, 0x00, 0x00, 0x00, 0x00, 0x00, 0x00, 0x00,
    0x00, 0x00, 0x00, 0x00, 0x00, 0x00, 0x7f, 0xe1, 0x00, 0x00, 0x00, 0x02, 0xef, 0x40, 0x00, 0x00,
    0x00, 0x0b, 0xf8, 0x00, 0x00, 0x00, 0x00, 0x14, 0x40, 0x00, 0x00, 0x00, 0x00, 0x03, 0xee, 0x60,
    0x3e, 0xf6, 0x00, 0x00, 0x3e, 0xf8, 0xef, 0x60, 0x00, 0x00, 0x03, 0xef, 0xf6, 0x00, 0x00, 0x00,
    0x00, 0x24, 0x30, 0x00, 0x00, 0x00, 0x00, 0x00, 0x00, 0x00, 0x00, 0x0f, 0xff, 0xff, 0xfd, 0x80,
    0x00, 0x0f, 0xff, 0xff, 0xff, 0xfa, 0x00, 0x0f, 0xf0, 0x00, 0x06, 0xff, 0x60, 0x0f, 0xf0, 0x00,
    0x00, 0x9f, 0xb0, 0x0f, 0xf0, 0x00, 0x00, 0x8f, 0xb0, 0x0f, 0xf0, 0x00, 0x00, 0x8f, 0xb0, 0x0f,
    0xf0, 0x00, 0x03, 0xef, 0x80, 0x0f, 0xfb, 0xbb, 0xbe, 0xfc, 0x10, 0x0f, 0xff, 0xff, 0xff, 0xb1,
    0x00, 0x0f, 0xf4, 0x47, 0xfe, 0x10, 0x00, 0x0f, 0xf0, 0x00, 0xdf, 0x80, 0x00, 0x0f, 0xf0, 0x00,
    0x6f, 0xe1, 0x00, 0x0f, 0xf0, 0x00, 0x0e, 0xf6, 0x00, 0x0f, 0xf0, 0x00, 0x08, 0xfd, 0x00, 0x0f,
    0xf0, 0x00, 0x01, 0xef, 0x60, 0x0f, 0xf0, 0x00, 0x00, 0x9f, 0xd0, 0x04, 0x42, 0x00, 0x24, 0x40,
    0x06, 0xfe, 0x33, 0xef, 0x60, 0x00, 0x6f, 0xee, 0xf6, 0x00, 0x00, 0x06, 0xbb, 0x60, 0x00, 0x00,
    0x00, 0x00, 0x00, 0x00, 0x00, 0x00, 0x24, 0x41, 0x00, 0x8f, 0x88, 0xff, 0xfe, 0x60, 0x8f, 0xae,
    0x98, 0xdf, 0xf4, 0x8f, 0xe3, 0x00, 0x1c, 0xf8, 0x8f, 0x90, 0x00, 0x08, 0xfb, 0x8f, 0x80, 0x00,
    0x08, 0xfb, 0x8f, 0x80, 0x00, 0x02, 0x43, 0x8f, 0x80, 0x00, 0x00, 0x00, 0x8f, 0x80, 0x00, 0x00,
    0x00, 0x8f, 0x80, 0x00, 0x00, 0x00, 0x8f, 0x80, 0x00, 0x00, 0x00, 0x8f, 0x80, 0x00, 0x00, 0x00,
    0x8f, 0x80, 0x00, 0x00, 0x00, 0x00, 0x00, 0x00, 0xbf, 0x90, 0x00, 0x00, 0x00, 0x8f, 0xc0, 0x00,
    0x00, 0x00, 0x4f, 0xe1, 0x00, 0x00, 0x00, 0x03, 0x42, 0x00, 0x00, 0x00, 0x00, 0x34, 0x40, 0x00,
    0x00, 0x05, 0xdf, 0xff, 0xe7, 0x00, 0x05, 0xff, 0xcb, 0xcf, 0xf8, 0x00, 0xdf, 0x80, 0x00, 0x7f,
    0xe1, 0x0f, 0xf1, 0x00, 0x00, 0xff, 0x41, 0xff, 0x10, 0x00, 0x00, 0x00, 0x0d, 0xf8, 0x00, 0x00,
    0x00, 0x00, 0x7f, 0xfc, 0x84, 0x00, 0x00, 0x00, 0x8f, 0xff, 0xfe, 0x80, 0x00, 0x00, 0x27, 0xaf,
    0xff, 0x90, 0x00, 0x00, 0x00, 0x07, 0xff, 0x40, 0x00, 0x00, 0x00, 0x09, 0xf8, 0x48, 0x60, 0x00,
    0x00, 0x8f, 0xb7, 0xfc, 0x00, 0x00, 0x08, 0xf9, 0x2f, 0xf7, 0x00, 0x04, 0xef, 0x60, 0x8f, 0xfd,
    0xbc, 0xff, 0xb0, 0x00, 0x6d, 0xff, 0xfe, 0x81, 0x00, 0x00, 0x02, 0x43, 0x00, 0x00, 0x00, 0x00,
    0x00, 0x24, 0x30, 0x00, 0x00, 0x00, 0x2e, 0xf5, 0x00, 0x00, 0x00, 0x0c, 0xf8, 0x00, 0x00, 0x00,
    0x06, 0xb8, 0x00, 0x00, 0x00, 0x00, 0x00, 0x00, 0x00, 0x00, 0x00, 0x14, 0x44, 0x20, 0x00, 0x01,
    0xbf, 0xff, 0xff, 0xb1, 0x00, 0xaf, 0xe8, 0x88, 0xdf, 0xc0, 0x0f, 0xf3, 0x00, 0x01, 0xff, 0x40,
    0xff, 0x10, 0x00, 0x00, 0x00, 0x0d, 0xfc, 0x84, 0x30, 0x00, 0x00, 0x5f, 0xff, 0xff, 0xfb, 0x30,
    0x00, 0x27, 0x8b, 0xdf, 0xfd, 0x10, 0x00, 0x00, 0x00, 0x2e, 0xf5, 0x14, 0x40, 0x00, 0x00, 0xbf,
    0x82, 0xff, 0x30, 0x00, 0x1d, 0xf5, 0x0b, 0xff, 0xbb, 0xbe, 0xfd, 0x10, 0x19, 0xff, 0xff, 0xfb,
    0x20, 0x00, 0x00, 0x34, 0x40, 0x00, 0x00, 0x00, 0x01, 0xcf, 0xc1, 0x00, 0x00, 0x01, 0xcf, 0xbf,
    0xc1, 0x00, 0x01, 0xcf, 0x90, 0x6f, 0xc1, 0x00, 0x24, 0x40, 0x00, 0x34, 0x20, 0x00, 0x00, 0x34,
    0x40, 0x00, 0x00, 0x05, 0xdf, 0xff, 0xe7, 0x00, 0x05, 0xff, 0xcb, 0xcf, 0xf8, 0x00, 0xdf, 0x80,
    0x00, 0x7f, 0xe1, 0x0f, 0xf1, 0x00, 0x00, 0xff, 0x41, 0xff, 0x10, 0x00, 0x00, 0x00, 0x0d, 0xf8,
    0x00, 0x00, 0x00, 0x00, 0x7f, 0xfc, 0x84, 0x00, 0x00, 0x00, 0x8f, 0xff, 0xfe, 0x80, 0x00, 0x00,
    0x27, 0xaf, 0xff, 0x90, 0x00, 0x00, 0x00, 0x07, 0xff, 0x40, 0x00, 0x00, 0x00, 0x09, 0xf8, 0x48,
    0x60, 0x00, 0x00, 0x8f, 0xb7, 0xfc, 0x00, 0x00, 0x08, 0xf9, 0x2f, 0xf7, 0x00, 0x04, 0xef, 0x60,
    0x8f, 0xfd, 0xbc, 0xff, 0xb0, 0x00, 0x6d, 0xff, 0xfe, 0x81, 0x00, 0x00, 0x02, 0x43, 0x00, 0x00,
    0x00, 0x00, 0x24, 0x30, 0x00, 0x00, 0x00, 0x3e, 0xff, 0x60, 0x00, 0x00, 0x3e, 0xe6, 0xcf, 0x60,
    0x00, 0x1a, 0xb3, 0x01, 0xab, 0x30, 0x00, 0x00, 0x00, 0x00, 0x00, 0x00, 0x00, 0x14, 0x44, 0x20,
    0x00, 0x01, 0xbf, 0xff, 0xff, 0xb1, 0x00, 0xaf, 0xe8, 0x88, 0xdf, 0xc0, 0x0f, 0xf3, 0x00, 0x01,
    0xff, 0x40, 0xff, 0x10, 0x00, 0x00, 0x00, 0x0d, 0xfc, 0x84, 0x30, 0x00, 0x00, 0x5f, 0xff, 0xff,
    0xfb, 0x30, 0x00, 0x27, 0x8b, 0xdf, 0xfd, 0x10, 0x00, 0x00, 0x00, 0x2e, 0xf5, 0x14, 0x40, 0x00,
    0x00, 0xbf, 0x82, 0xff, 0x30, 0x00, 0x1d, 0xf5, 0x0b, 0xff, 0xbb, 0xbe, 0xfd, 0x10, 0x19, 0xff,
    0xff, 0xfb, 0x20, 0x00, 0x00, 0x34, 0x40, 0x00, 0x00, 0x00, 0x00, 0x34, 0x40, 0x00, 0x00, 0x05,
    0xdf, 0xff, 0xe7, 0x00, 0x05, 0xff, 0xcb, 0xcf, 0xf8, 0x00, 0xdf, 0x80, 0x00, 0x7f, 0xe1, 0x0f,
    0xf1, 0x00, 0x00, 0xff, 0x41, 0xff, 0x10, 0x00, 0x00, 0x00, 0x0d, 0xf8, 0x00, 0x00, 0x00, 0x00,
    0x7f, 0xfc, 0x84, 0x00, 0x00, 0x00, 0x8f, 0xff, 0xfe, 0x80, 0x00, 0x00, 0x27, 0xaf, 0xff, 0x90,
    0x00, 0x00, 0x00, 0x07, 0xff, 0x40, 0x00, 0x00, 0x00, 0x09, 0xf8, 0x48, 0x60, 0x00, 0x00, 0x8f,
    0xb7, 0xfc, 0x00, 0x00, 0x08, 0xf9, 0x2f, 0xf7, 0x00, 0x04, 0xef, 0x60, 0x8f, 0xfd, 0xbc, 0xff,
    0xb0, 0x00, 0x7d, 0xff, 0xfe, 0x81, 0x00, 0x00, 0x0c, 0xb3, 0x00, 0x00, 0x00, 0x01, 0x8c, 0xe6,
    0x00, 0x00, 0x00, 0x00, 0x0d, 0xf1, 0x00, 0x00, 0x06, 0xbc, 0xfc, 0x00, 0x00, 0x00, 0x48, 0x86,
    0x10, 0x00, 0x00, 0x01, 0x44, 0x42, 0x00, 0x00, 0x1b, 0xff, 0xff, 0xfb, 0x10, 0x0a, 0xfe, 0x88,
    0x8d, 0xfc, 0x00, 0xff, 0x30, 0x00, 0x1f, 0xf4, 0x0f, 0xf1, 0x00, 0x00, 0x00, 0x00, 0xdf, 0xc8,
    0x43, 0x00, 0x00, 0x05, 0xff, 0xff, 0xff, 0xb3, 0x00, 0x02, 0x78, 0xbd, 0xff, 0xd1, 0x00, 0x00,
    0x00, 0x02, 0xef, 0x51, 0x44, 0x00, 0x00, 0x0b, 0xf8, 0x2f, 0xf3, 0x00, 0x01, 0xdf, 0x50, 0xbf,
    0xfb, 0xbb, 0xef, 0xd1, 0x01, 0x9f, 0xff, 0xff, 0xb2, 0x00, 0x00, 0x0a, 0xd5, 0x00, 0x00, 0x00,
    0x00, 0x7b, 0xf8, 0x00, 0x00, 0x00, 0x00, 0x0b, 0xf4, 0x00, 0x00, 0x03, 0xbb, 0xfe, 0x20, 0x00,
    0x00, 0x28, 0x87, 0x20, 0x00, 0x03, 0xee, 0x60, 0x3e, 0xf6, 0x00, 0x03, 0xef, 0x8e, 0xf6, 0x00,
    0x00, 0x03, 0xef, 0xf6, 0x00, 0x00, 0x00, 0x02, 0x43, 0x00, 0x00, 0x00, 0x00, 0x34, 0x40, 0x00,
    0x00, 0x05, 0xdf, 0xff, 0xe7, 0x00, 0x05, 0xff, 0xcb, 0xcf, 0xf8, 0x00, 0xdf, 0x80, 0x00, 0x7f,
    0xe1, 0x0f, 0xf1, 0x00, 0x00, 0xff, 0x41, 0xff, 0x10, 0x00, 0x00, 0x00, 0x0d, 0xf8, 0x00, 0x00,
    0x00, 0x00, 0x7f, 0xfc, 0x84, 0x00, 0x00, 0x00, 0x8f, 0xff, 0xfe, 0x80, 0x00, 0x00, 0x27, 0xaf,
    0xff, 0x90, 0x00, 0x00, 0x00, 0x07, 0xff, 0x40, 0x00, 0x00, 0x00, 0x09, 0xf8, 0x48, 0x60, 0x00,
    0x00, 0x8f, 0xb7, 0xfc, 0x00, 0x00, 0x08, 0xf9, 0x2f, 0xf7, 0x00, 0x04, 0xef, 0x60, 0x8f, 0xfd,
    0xbc, 0xff, 0xb0, 0x00, 0x6d, 0xff, 0xfe, 0x81, 0x00, 0x00, 0x02, 0x43, 0x00, 0x00, 0x01, 0x44,
    0x00, 0x03, 0x42, 0x00, 0x09, 0xf9, 0x06, 0xfc, 0x10, 0x00, 0x09, 0xfb, 0xfc, 0x10, 0x00, 0x00,
    0x08, 0xba, 0x10, 0x00, 0x00, 0x00, 0x00, 0x00, 0x00, 0x00, 0x00, 0x14, 0x44, 0x20, 0x00, 0x01,
    0xbf, 0xff, 0xff, 0xb1, 0x00, 0xaf, 0xe8, 0x88, 0xdf, 0xc0, 0x0f, 0xf3, 0x00, 0x01, 0xff, 0x40,
    0xff, 0x10, 0x00, 0x00, 0x00, 0x0d, 0xfc, 0x84, 0x30, 0x00, 0x00, 0x5f, 0xff, 0xff, 0xfb, 0x30,
    0x00, 0x27, 0x8b, 0xdf, 0xfd, 0x10, 0x00, 0x00, 0x00, 0x2e, 0xf5, 0x14, 0x40, 0x00, 0x00, 0xbf,
    0x82, 0xff, 0x30, 0x00, 0x1d, 0xf5, 0x0b, 0xff, 0xbb, 0xbe, 0xfd, 0x10, 0x19, 0xff, 0xff, 0xfb,
    0x20, 0x00, 0x00, 0x34, 0x40, 0x00, 0x00, 0x00, 0x00, 0x00, 0x00, 0x00, 0x00, 0xbf, 0xff, 0xff,
    0xff, 0xff, 0xf0, 0xbf, 0xff, 0xff, 0xff, 0xff, 0xf0, 0x00, 0x00, 0x8f, 0xb0, 0x00, 0x00, 0x00,
    0x00, 0x8f, 0xb0, 0x00, 0x00, 0x00, 0x00, 0x8f, 0xb0, 0x00, 0x00, 0x00, 0x00, 0x8f, 0xb0, 0x00,
    0x00, 0x00, 0x00, 0x8f, 0xb0, 0x00, 0x00, 0x00, 0x00, 0x8f, 0xb0, 0x00, 0x00, 0x00, 0x00, 0x8f,
    0xb0, 0x00, 0x00, 0x00, 0x00, 0x8f, 0xb0, 0x00, 0x00, 0x00, 0x00, 0x8f, 0xb0, 0x00, 0x00, 0x00,
    0x00, 0x8f, 0xb0, 0x00, 0x00, 0x00, 0x00, 0x8f, 0xb0, 0x00, 0x00, 0x00, 0x00, 0x8f, 0xb0, 0x00,
    0x00, 0x00, 0x00, 0x8f, 0xb0, 0x00, 0x00, 0x00, 0x00, 0x8f, 0xb0, 0x00, 0x00, 0x00, 0x00, 0x0c,
    0xa0, 0x00, 0x00, 0x00, 0x00, 0x18, 0xce, 0x60, 0x00, 0x00, 0x00, 0x00, 0x0e, 0xf2, 0x00, 0x00,
    0x00, 0x6b, 0xcf, 0xc0, 0x00, 0x00, 0x00, 0x48, 0x86, 0x10, 0x00, 0x00, 0x00, 0x48, 0x40, 0x00,
    0x00, 0x00, 0x00, 0x8f, 0x80, 0x00, 0x00, 0x00, 0x00, 0x8f, 0x80, 0x00, 0x00, 0x00, 0x00, 0x8f,
    0x80, 0x00, 0x00, 0x0f, 0xff, 0xff, 0xff, 0xff, 0xf8, 0x0f, 0xff, 0xff, 0xff, 0xff, 0xf8, 0x00,
    0x00, 0x8f, 0x80, 0x00, 0x00, 0x00, 0x00, 0x8f, 0x80, 0x00, 0x00, 0x00, 0x00, 0x8f, 0x80, 0x00,
    0x00, 0x00, 0x00, 0x8f, 0x80, 0x00, 0x00, 0x00, 0x00, 0x8f, 0x80, 0x00, 0x00, 0x00, 0x00, 0x8f,
    0x80, 0x00, 0x00, 0x00, 0x00, 0x8f, 0x80, 0x00, 0x00, 0x00, 0x00, 0x8f, 0xd1, 0x00, 0x00, 0x00,
    0x00, 0x2e, 0xff, 0xff, 0xf8, 0x00, 0x00, 0x04, 0xcf, 0xff, 0xf8, 0x00, 0x00, 0x00, 0x8d, 0x10,
    0x00, 0x00, 0x00, 0x00, 0x6a, 0xf9, 0x10, 0x00, 0x00, 0x00, 0x00, 0x9f, 0x70, 0x00, 0x00, 0x03,
    0xbb, 0xfe, 0x30, 0x00, 0x00, 0x02, 0x88, 0x82, 0x00, 0x03, 0xee, 0x60, 0x3e, 0xf6, 0x00, 0x00,
    0x3e, 0xf8, 0xef, 0x60, 0x00, 0x00, 0x03, 0xef, 0xf6, 0x00, 0x00, 0x00, 0x00, 0x24, 0x30, 0x00,
    0x00, 0x00, 0x00, 0x00, 0x00, 0x00, 0x00, 0xbf, 0xff, 0xff, 0xff, 0xff, 0xf0, 0xbf, 0xff, 0xff,
    0xff, 0xff, 0xf0, 0x00, 0x00, 0x8f, 0xb0, 0x00, 0x00, 0x00, 0x00, 0x8f, 0xb0, 0x00, 0x00, 0x00,
    0x00, 0x8f, 0xb0, 0x00, 0x00, 0x00, 0x00, 0x8f, 0xb0, 0x00, 0x00, 0x00, 0x00, 0x8f, 0xb0, 0x00,
    0x00, 0x00, 0x00, 0x8f, 0xb0, 0x00, 0x00, 0x00, 0x00, 0x8f, 0xb0, 0x00, 0x00, 0x00, 0x00, 0x8f,
    0xb0, 0x00, 0x00, 0x00, 0x00, 0x8f, 0xb0, 0x00, 0x00, 0x00, 0x00, 0x8f, 0xb0, 0x00, 0x00, 0x00,
    0x00, 0x8f, 0xb0, 0x00, 0x00, 0x00, 0x00, 0x8f, 0xb0, 0x00, 0x00, 0x00, 0x00, 0x8f, 0xb0, 0x00,
    0x00, 0x00, 0x00, 0x8f, 0xb0, 0x00, 0x00, 0x00, 0x00, 0x00, 0x00, 0x48, 0x40, 0x00, 0x00, 0x00,
    0x00, 0x8f, 0x60, 0x00, 0x00, 0x48, 0x40, 0xaf, 0x40, 0x00, 0x00, 0x8f, 0x80, 0xbf, 0x10, 0x00,
    0x00, 0x8f, 0x80, 0x34, 0x00, 0x00, 0x00, 0x8f, 0x80, 0x00, 0x00, 0x0f, 0xff, 0xff, 0xff, 0xff,
    0xf8, 0x0f, 0xff, 0xff, 0xff, 0xff, 0xf8, 0x00, 0x00, 0x8f, 0x80, 0x00, 0x00, 0x00, 0x00, 0x8f,
    0x80, 0x00, 0x00, 0x00, 0x00, 0x8f, 0x80, 0x00, 0x00, 0x00, 0x00, 0x8f, 0x80, 0x00, 0x00, 0x00,
    0x00, 0x8f, 0x80, 0x00, 0x00, 0x00, 0x00, 0x8f, 0x80, 0x00, 0x00, 0x00, 0x00, 0x8f, 0x80, 0x00,
    0x00, 0x00, 0x00, 0x8f, 0xd1, 0x00, 0x00, 0x00, 0x00, 0x2e, 0xff, 0xff, 0xf8, 0x00, 0x00, 0x04,
    0xcf, 0xff, 0xf8, 0x00, 0x00, 0x00, 0x00, 0x00, 0x00, 0xbf, 0xff, 0xff, 0xff, 0xff, 0xf0, 0xbf,
    0xff, 0xff, 0xff, 0xff, 0xf0, 0x00, 0x00, 0x8f, 0xb0, 0x00, 0x00, 0x00, 0x00, 0x8f, 0xb0, 0x00,
    0x00, 0x00, 0x00, 0x8f, 0xb0, 0x00, 0x00, 0x00, 0x00, 0x8f, 0xb0, 0x00, 0x00, 0x00, 0x00, 0x8f,
    0xb0, 0x00, 0x00, 0x02, 0x44, 0x9f, 0xc4, 0x43, 0x00, 0x08, 0xff, 0xff, 0xff, 0xfb, 0x00, 0x04,
    0x88, 0xbf, 0xd8, 0x86, 0x00, 0x00, 0x00, 0x8f, 0xb0, 0x00, 0x00, 0x00, 0x00, 0x8f, 0xb0, 0x00,
    0x00, 0x00, 0x00, 0x8f, 0xb0, 0x00, 0x00, 0x00, 0x00, 0x8f, 0xb0, 0x00, 0x00, 0x00, 0x00, 0x8f,
    0xb0, 0x00, 0x00, 0x00, 0x00, 0x8f, 0xb0, 0x00, 0x00, 0x00, 0x00, 0x48, 0x40, 0x00, 0x00, 0x00,
    0x00, 0x8f, 0x80, 0x00, 0x00, 0x00, 0x00, 0x8f, 0x80, 0x00, 0x00, 0x00, 0x00, 0x8f, 0x80, 0x00,
    0x00, 0x0f, 0xff, 0xff, 0xff, 0xff, 0xf8, 0x0f, 0xff, 0xff, 0xff, 0xff, 0xf8, 0x00, 0x00, 0x8f,
    0x80, 0x00, 0x00, 0x00, 0x00, 0x8f, 0x80, 0x00, 0x00, 0x00, 0x00, 0x8f, 0x80, 0x00, 0x00, 0x04,
    0xff, 0xff, 0xff, 0xff, 0x80, 0x03, 0xbb, 0xdf, 0xdb, 0xbb, 0x60, 0x00, 0x00, 0x8f, 0x80, 0x00,
    0x00, 0x00, 0x00, 0x8f, 0x80, 0x00, 0x00, 0x00, 0x00, 0x8f, 0xd1, 0x00, 0x00, 0x00, 0x00, 0x2e,
    0xff, 0xff, 0xf8, 0x00, 0x00, 0x04, 0xcf, 0xff, 0xf8, 0x00, 0x3b, 0xb5, 0x03, 0xb3, 0x00, 0x0d,
    0xeb, 0xf8, 0x9f, 0x20, 0x00, 0xf8, 0x08, 0xff, 0x90, 0x00, 0x00, 0x00, 0x00, 0x00, 0x00, 0x00,
    0x00, 0x00, 0x00, 0x00, 0x00, 0xff, 0x00, 0x00, 0x0b, 0xf4, 0x0f, 0xf0, 0x00, 0x00, 0xbf, 0x40,
    0xff, 0x00, 0x00, 0x0b, 0xf4, 0x0f, 0xf0, 0x00, 0x00, 0xbf, 0x40, 0xff, 0x00, 0x00, 0x0b, 0xf4,
    0x0f, 0xf0, 0x00, 0x00, 0xbf, 0x40, 0xff, 0x00, 0x00, 0x0b, 0xf4, 0x0f, 0xf0, 0x00, 0x00, 0xbf,
    0x40, 0xff, 0x00, 0x00, 0x0b, 0xf4, 0x0f, 0xf0, 0x00, 0x00, 0xbf, 0x40, 0xff, 0x00, 0x00, 0x0b,
    0xf4, 0x0f, 0xf0, 0x00, 0x00, 0xbf, 0x40, 0xff, 0x30, 0x00, 0x0f, 0xf4, 0x0c, 0xfa, 0x00, 0x07,
    0xfe, 0x10, 0x4f, 0xfd, 0xbc, 0xff, 0x80, 0x00, 0x5d, 0xff, 0xfe, 0x80, 0x00, 0x00, 0x02, 0x43,
    0x00, 0x00, 0x00, 0x02, 0x30, 0x00, 0x00, 0x00, 0x08, 0xff, 0xb1, 0x4f, 0x40, 0x00, 0xea, 0x5e,
    0xdd, 0xe1, 0x00, 0x0b, 0x60, 0x3a, 0xb5, 0x00, 0x00, 0x00, 0x00, 0x00, 0x00, 0x00, 0x00, 0x00,
    0x00, 0x00, 0x00, 0x0f, 0xf0, 0x00, 0x00, 0xbf, 0x40, 0xff, 0x00, 0x00, 0x0b, 0xf4, 0x0f, 0xf0,
    0x00, 0x00, 0xbf, 0x40, 0xff, 0x00, 0x00, 0x0b, 0xf4, 0x0f, 0xf0, 0x00, 0x00, 0xbf, 0x40, 0xff,
    0x00, 0x00, 0x0b, 0xf4, 0x0f, 0xf0, 0x00, 0x00, 0xbf, 0x40, 0xff, 0x00, 0x00, 0x0c, 0xf4, 0x0f,
    0xf3, 0x00, 0x00, 0xff, 0x40, 0xbf, 0xa0, 0x00, 0x8f, 0xe0, 0x04, 0xff, 0xdb, 0xcf, 0xf6, 0x00,
    0x04, 0xdf, 0xff, 0xd5, 0x00, 0x00, 0x00, 0x24, 0x30, 0x00, 0x00, 0x00, 0x44, 0x44, 0x44, 0x41,
    0x00, 0x0f, 0xff, 0xff, 0xff, 0x40, 0x00, 0x88, 0x88, 0x88, 0x82, 0x00, 0x00, 0x00, 0x00, 0x00,
    0x00, 0x00, 0x00, 0x00, 0x00, 0x00, 0x00, 0xff, 0x00, 0x00, 0x0b, 0xf4, 0x0f, 0xf0, 0x00, 0x00,
    0xbf, 0x40, 0xff, 0x00, 0x00, 0x0b, 0xf4, 0x0f, 0xf0, 0x00, 0x00, 0xbf, 0x40, 0xff, 0x00, 0x00,
    0x0b, 0xf4, 0x0f, 0xf0, 0x00, 0x00, 0xbf, 0x40, 0xff, 0x00, 0x00, 0x0b, 0xf4, 0x0f, 0xf0, 0x00,
    0x00, 0xbf, 0x40, 0xff, 0x00, 0x00, 0x0b, 0xf4, 0x0f, 0xf0, 0x00, 0x00, 0xbf, 0x40, 0xff, 0x00,
    0x00, 0x0b, 0xf4, 0x0f, 0xf0, 0x00, 0x00, 0xbf, 0x40, 0xff, 0x30, 0x00, 0x0f, 0xf4, 0x0c, 0xfa,
    0x00, 0x07, 0xfe, 0x10, 0x4f, 0xfd, 0xbc, 0xff, 0x80, 0x00, 0x5d, 0xff, 0xfe, 0x80, 0x00, 0x00,
    0x02, 0x43, 0x00, 0x00, 0x00, 0x88, 0x88, 0x88, 0x82, 0x00, 0x0f, 0xff, 0xff, 0xff, 0x40, 0x00,
    0x44, 0x44, 0x44, 0x41, 0x00, 0x00, 0x00, 0x00, 0x00, 0x00, 0x00, 0x00, 0x00, 0x00, 0x00, 0x00,
    0xff, 0x00, 0x00, 0x0b, 0xf4, 0x0f, 0xf0, 0x00, 0x00, 0xbf, 0x40, 0xff, 0x00, 0x00, 0x0b, 0xf4,
    0x0f, 0xf0, 0x00, 0x00, 0xbf, 0x40, 0xff, 0x00, 0x00, 0x0b, 0xf4, 0x0f, 0xf0, 0x00, 0x00, 0xbf,
    0x40, 0xff, 0x00, 0x00, 0x0b, 0xf4, 0x0f, 0xf0, 0x00, 0x00, 0xcf, 0x40, 0xff, 0x30, 0x00, 0x0f,
    0xf4, 0x0b, 0xfa, 0x00, 0x08, 0xfe, 0x00, 0x4f, 0xfd, 0xbc, 0xff, 0x60, 0x00, 0x4d, 0xff, 0xfd,
    0x50, 0x00, 0x00, 0x02, 0x43, 0x00, 0x00, 0x00, 0xfb, 0x00, 0x08, 0xf4, 0x00, 0x0a, 0xf7, 0x05,
    0xed, 0x00, 0x00, 0x1b, 0xff, 0xfd, 0x30, 0x00, 0x00, 0x03, 0x44, 0x00, 0x00, 0x00, 0x00, 0x00,
    0x00, 0x00, 0x00, 0xff, 0x00, 0x00, 0x0b, 0xf4, 0x0f, 0xf0, 0x00, 0x00, 0xbf, 0x40, 0xff, 0x00,
    0x00, 0x0b, 0xf4, 0x0f, 0xf0, 0x00, 0x00, 0xbf, 0x40, 0xff, 0x00, 0x00, 0x0b, 0xf4, 0x0f, 0xf0,
    0x00, 0x00, 0xbf, 0x40, 0xff, 0x00, 0x00, 0x0b, 0xf4, 0x0f, 0xf0, 0x00, 0x00, 0xbf, 0x40, 0xff,
    0x00, 0x00, 0x0b, 0xf4, 0x0f, 0xf0, 0x00, 0x00, 0xbf, 0x40, 0xff, 0x00, 0x00, 0x0b, 0xf4, 0x0f,
    0xf0, 0x00, 0x00, 0xbf, 0x40, 0xff, 0x30, 0x00, 0x0f, 0xf4, 0x0c, 0xfa, 0x00, 0x07, 0xfe, 0x10,
    0x4f, 0xfd, 0xbc, 0xff, 0x80, 0x00, 0x5d, 0xff, 0xfe, 0x80, 0x00, 0x00, 0x02, 0x43, 0x00, 0x00,
    0x00, 0x43, 0x00, 0x02, 0x41, 0x00, 0x0e, 0xd0, 0x00, 0xaf, 0x20, 0x00, 0x8f, 0xb8, 0x9f, 0xa0,
    0x00, 0x00, 0x6c, 0xfd, 0x81, 0x00, 0x00, 0x00, 0x00, 0x00, 0x00, 0x00, 0x00, 0x00, 0x00, 0x00,
    0x00, 0x0f, 0xf0, 0x00, 0x00, 0xbf, 0x40, 0xff, 0x00, 0x00, 0x0b, 0xf4, 0x0f, 0xf0, 0x00, 0x00,
    0xbf, 0x40, 0xff, 0x00, 0x00, 0x0b, 0xf4, 0x0f, 0xf0, 0x00, 0x00, 0xbf, 0x40, 0xff, 0x00, 0x00,
    0x0b, 0xf4, 0x0f, 0xf0, 0x00, 0x00, 0xbf, 0x40, 0xff, 0x00, 0x00, 0x0c, 0xf4, 0x0f, 0xf3, 0x00,
    0x00, 0xff, 0x40, 0xbf, 0xa0, 0x00, 0x8f, 0xe0, 0x04, 0xff, 0xdb, 0xcf, 0xf6, 0x00, 0x04, 0xdf,
    0xff, 0xd5, 0x00, 0x00, 0x00, 0x24, 0x30, 0x00, 0x00, 0x00, 0x03, 0xaf, 0xb4, 0x00, 0x00, 0x00,
    0xdc, 0x4a, 0xe2, 0x00, 0x00, 0x0f, 0x40, 0x1f, 0x40, 0x00, 0x00, 0xe9, 0x08, 0xf3, 0x00, 0x00,
    0x06, 0xef, 0xf8, 0x00, 0x00, 0x00, 0x00, 0x41, 0x00, 0x00, 0x0f, 0xf0, 0x00, 0x00, 0xbf, 0x40,
    0xff, 0x00, 0x00, 0x0b, 0xf4, 0x0f, 0xf0, 0x00, 0x00, 0xbf, 0x40, 0xff, 0x00, 0x00, 0x0b, 0xf4,
    0x0f, 0xf0, 0x00, 0x00, 0xbf, 0x40, 0xff, 0x00, 0x00, 0x0b, 0xf4, 0x0f, 0xf0, 0x00, 0x00, 0xbf,
    0x40, 0xff, 0x00, 0x00, 0x0b, 0xf4, 0x0f, 0xf0, 0x00, 0x00, 0xbf, 0x40, 0xff, 0x00, 0x00, 0x0b,
    0xf4, 0x0f, 0xf0, 0x00, 0x00, 0xbf, 0x40, 0xff, 0x00, 0x00, 0x0b, 0xf4, 0x0f, 0xf3, 0x00, 0x00,
    0xff, 0x40, 0xcf, 0xa0, 0x00, 0x7f, 0xe1, 0x04, 0xff, 0xdb, 0xcf, 0xf8, 0x00, 0x05, 0xdf, 0xff,
    0xe8, 0x00, 0x00, 0x00, 0x24, 0x30, 0x00, 0x00, 0x00, 0x00, 0x48, 0x50, 0x00, 0x00, 0x00, 0x8f,
    0xbe, 0xc0, 0x00, 0x00, 0x0f, 0x70, 0x4f, 0x40, 0x00, 0x00, 0xf5, 0x02, 0xf4, 0x00, 0x00, 0x0b,
    0xe8, 0xdc, 0x00, 0x00, 0x00, 0x17, 0xa8, 0x10, 0x00, 0x00, 0x00, 0x00, 0x00, 0x00, 0x00, 0xff,
    0x00, 0x00, 0x0b, 0xf4, 0x0f, 0xf0, 0x00, 0x00, 0xbf, 0x40, 0xff, 0x00, 0x00, 0x0b, 0xf4, 0x0f,
    0xf0, 0x00, 0x00, 0xbf, 0x40, 0xff, 0x00, 0x00, 0x0b, 0xf4, 0x0f, 0xf0, 0x00, 0x00, 0xbf, 0x40,
    0xff, 0x00, 0x00, 0x0b, 0xf4, 0x0f, 0xf0, 0x00, 0x00, 0xcf, 0x40, 0xff, 0x30, 0x00, 0x0f, 0xf4,
    0x0b, 0xfa, 0x00, 0x08, 0xfe, 0x00, 0x4f, 0xfd, 0xbc, 0xff, 0x60, 0x00, 0x4d, 0xff, 0xfd, 0x50,
    0x00, 0x00, 0x02, 0x43, 0x00, 0x00, 0x00, 0x00, 0xcf, 0x60, 0xbf, 0x60, 0x00, 0x9f, 0x80, 0x8f,
    0x90, 0x00, 0x6f, 0xb0, 0x5f, 0xc0, 0x00, 0x03, 0x41, 0x03, 0x41, 0x00, 0x00, 0x00, 0x00, 0x00,
    0x00, 0x00, 0xff, 0x00, 0x00, 0x0b, 0xf4, 0x0f, 0xf0, 0x00, 0x00, 0xbf, 0x40, 0xff, 0x00, 0x00,
    0x0b, 0xf4, 0x0f, 0xf0, 0x00, 0x00, 0xbf, 0x40, 0xff, 0x00, 0x00, 0x0b, 0xf4, 0x0f, 0xf0, 0x00,
    0x00, 0xbf, 0x40, 0xff, 0x00, 0x00, 0x0b, 0xf4, 0x0f, 0xf0, 0x00, 0x00, 0xbf, 0x40, 0xff, 0x00,
    0x00, 0x0b, 0xf4, 0x0f, 0xf0, 0x00, 0x00, 0xbf, 0x40, 0xff, 0x00, 0x00, 0x0b, 0xf4, 0x0f, 0xf0,
    0x00, 0x00, 0xbf, 0x40, 0xff, 0x30, 0x00, 0x0f, 0xf4, 0x0c, 0xfa, 0x00, 0x07, 0xfe, 0x10, 0x4f,
    0xfd, 0xbc, 0xff, 0x80, 0x00, 0x5d, 0xff, 0xfe, 0x80, 0x00, 0x00, 0x02, 0x43, 0x00, 0x00, 0x00,
    0x00, 0x24, 0x20, 0x24, 0x30, 0x00, 0x3e, 0xe3, 0x2e, 0xe3, 0x00, 0x1c, 0xf4, 0x0c, 0xf5, 0x00,
    0x06, 0xb6, 0x06, 0xb6, 0x00, 0x00, 0x00, 0x00, 0x00, 0x00, 0x00, 0x00, 0x00, 0x00, 0x00, 0x00,
    0x0f, 0xf0, 0x00, 0x00, 0xbf, 0x40, 0xff, 0x00, 0x00, 0x0b, 0xf4, 0x0f, 0xf0, 0x00, 0x00, 0xbf,
    0x40, 0xff, 0x00, 0x00, 0x0b, 0xf4, 0x0f, 0xf0, 0x00, 0x00, 0xbf, 0x40, 0xff, 0x00, 0x00, 0x0b,
    0xf4, 0x0f, 0xf0, 0x00, 0x00, 0xbf, 0x40, 0xff, 0x00, 0x00, 0x0c, 0xf4, 0x0f, 0xf3, 0x00, 0x00,
    0xff, 0x40, 0xbf, 0xa0, 0x00, 0x8f, 0xe0, 0x04, 0xff, 0xdb, 0xcf, 0xf6, 0x00, 0x04, 0xdf, 0xff,
    0xd5, 0x00, 0x00, 0x00, 0x24, 0x30, 0x00, 0x00, 0x00, 0x00, 0x00, 0x00, 0x00, 0x00, 0xff, 0x00,
    0x00, 0x0b, 0xf4, 0x0f, 0xf0, 0x00, 0x00, 0xbf, 0x40, 0xff, 0x00, 0x00, 0x0b, 0xf4, 0x0f, 0xf0,
    0x00, 0x00, 0xbf, 0x40, 0xff, 0x00, 0x00, 0x0b, 0xf4, 0x0f, 0xf0, 0x00, 0x00, 0xbf, 0x40, 0xff,
    0x00, 0x00, 0x0b, 0xf4, 0x0f, 0xf0, 0x00, 0x00, 0xbf, 0x40, 0xff, 0x00, 0x00, 0x0b, 0xf4, 0x0f,
    0xf0, 0x00, 0x00, 0xbf, 0x40, 0xff, 0x00, 0x00, 0x0b, 0xf4, 0x0f, 0xf0, 0x00, 0x00, 0xbf, 0x40,
    0xff, 0x30, 0x00, 0x0f, 0xf4, 0x0c, 0xfa, 0x00, 0x07, 0xfe, 0x10, 0x4f, 0xfd, 0xbc, 0xff, 0x80,
    0x00, 0x4d, 0xff, 0xff, 0x70, 0x00, 0x00, 0x02, 0x9f, 0x60, 0x00, 0x00, 0x00, 0x2f, 0x90, 0x00,
    0x00, 0x00, 0x08, 0xfa, 0x00, 0x00, 0x00, 0x00, 0x2e, 0xff, 0xf0, 0x00, 0x00, 0x00, 0x28, 0x88,
    0x00, 0x00, 0x00, 0x00, 0x00, 0x00, 0x00, 0xff, 0x00, 0x00, 0x0b, 0xf4, 0x0f, 0xf0, 0x00, 0x00,
    0xbf, 0x40, 0xff, 0x00, 0x00, 0x0b, 0xf4, 0x0f, 0xf0, 0x00, 0x00, 0xbf, 0x40, 0xff, 0x00, 0x00,
    0x0b, 0xf4, 0x0f, 0xf0, 0x00, 0x00, 0xbf, 0x40, 0xff, 0x00, 0x00, 0x0b, 0xf4, 0x0f, 0xf0, 0x00,
    0x00, 0xcf, 0x40, 0xff, 0x30, 0x00, 0x0f, 0xf4, 0x0c, 0xfa, 0x00, 0x07, 0xfe, 0x00, 0x4f, 0xfd,
    0xbc, 0xff, 0x80, 0x00, 0x4d, 0xff, 0xff, 0x70, 0x00, 0x00, 0x02, 0xcf, 0x40, 0x00, 0x00, 0x00,
    0x5f, 0x80, 0x00, 0x00, 0x00, 0x08, 0xf8, 0x00, 0x00, 0x00, 0x00, 0x4f, 0xff, 0xf0, 0x00, 0x00,
    0x00, 0x28, 0x88, 0x00, 0x00, 0x00, 0x1c, 0xfc, 0x10, 0x00, 0x00, 0x00, 0x1c, 0xfb, 0xfc, 0x10,
    0x00, 0x00, 0x1c, 0xf9, 0x06, 0xfc, 0x10, 0x00, 0x02, 0x44, 0x00, 0x03, 0x42, 0x00, 0x00, 0x00,
    0x00, 0x00, 0x00, 0x00, 0x08, 0xf7, 0x00, 0x8f, 0xb0, 0x03, 0xfb, 0x7f, 0x80, 0x09, 0xdf, 0x00,
    0x4f, 0x94, 0xf9, 0x00, 0xbb, 0xf0, 0x05, 0xf8, 0x4f, 0xb0, 0x0e, 0xbf, 0x40, 0x8f, 0x60, 0xfb,
    0x00, 0xf6, 0xf4, 0x08, 0xf4, 0x0f, 0xf0, 0x3f, 0x4f, 0x80, 0xaf, 0x30, 0xbf, 0x04, 0xf1, 0xc8,
    0x0b, 0xf0, 0x0b, 0xf2, 0x8f, 0x0b, 0xa0, 0xde, 0x00, 0x8f, 0x48, 0xc0, 0x9b, 0x0f, 0xb0, 0x08,
    0xf4, 0xbb, 0x08, 0xe0, 0xfa, 0x00, 0x6f, 0x8b, 0x80, 0x7f, 0x4f, 0x80, 0x04, 0xf8, 0xf8, 0x04,
    0xf7, 0xf8, 0x00, 0x2f, 0x9f, 0x50, 0x3f, 0x9f, 0x40, 0x00, 0xff, 0xf4, 0x00, 0xfd, 0xf4, 0x00,
    0x0e, 0xff, 0x00, 0x0f, 0xff, 0x00, 0x00, 0xbf, 0xf0, 0x00, 0xbf, 0xf0, 0x00, 0x00, 0x00, 0x02,
    0x43, 0x00, 0x00, 0x00, 0x00, 0x03, 0xef, 0xf6, 0x00, 0x00, 0x00, 0x03, 0xee, 0x6c, 0xf6, 0x00,
    0x00, 0x01, 0xab, 0x30, 0x1a, 0xb3, 0x00, 0x00, 0x00, 0x00, 0x00, 0x00, 0x00, 0x00, 0x00, 0x00,
    0x00, 0x00, 0x00, 0x00, 0x4f, 0x80, 0x08, 0xfb, 0x00, 0x4f, 0x83, 0xfa, 0x00, 0xbe, 0xe0, 0x06,
    0xf5, 0x0f, 0xb0, 0x0d, 0xbf, 0x10, 0x8f, 0x30, 0xcf, 0x01, 0xf8, 0xf4, 0x0b, 0xf0, 0x0a, 0xf1,
    0x4f, 0x3f, 0x80, 0xcc, 0x00, 0x8f, 0x47, 0xf0, 0xc9, 0x0f, 0xa0, 0x05, 0xf6, 0x8c, 0x0a, 0xb2,
    0xf8, 0x00, 0x3f, 0x8b, 0xa0, 0x8f, 0x4f, 0x50, 0x00, 0xfb, 0xf8, 0x05, 0xf9, 0xf3, 0x00, 0x0c,
    0xbf, 0x50, 0x3f, 0xbf, 0x00, 0x00, 0xbe, 0xf3, 0x00, 0xfe, 0xc0, 0x00, 0x08, 0xff, 0x00, 0x0d,
    0xf9, 0x00, 0x00, 0x00, 0x1c, 0xfc, 0x10, 0x00, 0x00, 0x00, 0x1c, 0xfb, 0xfc, 0x10, 0x00, 0x00,
    0x1c, 0xf9, 0x06, 0xfc, 0x10, 0x00, 0x02, 0x44, 0x00, 0x03, 0x42, 0x00, 0x00, 0x00, 0x00, 0x00,
    0x00, 0x00, 0x01, 0xef, 0x40, 0x00, 0x00, 0x1e, 0xf4, 0x08, 0xfb, 0x00, 0x00, 0x08, 0xfb, 0x00,
    0x2f, 0xf4, 0x00, 0x00, 0xef, 0x40, 0x00, 0x9f, 0x90, 0x00, 0x6f, 0xc0, 0x00, 0x02, 0xff, 0x20,
    0x0d, 0xf6, 0x00, 0x00, 0x09, 0xf9, 0x06, 0xfd, 0x00, 0x00, 0x00, 0x2f, 0xf2, 0xcf, 0x60, 0x00,
    0x00, 0x00, 0xaf, 0x9f, 0xd0, 0x00, 0x00, 0x00, 0x04, 0xff, 0xf6, 0x00, 0x00, 0x00, 0x00, 0x0b,
    0xfe, 0x10, 0x00, 0x00, 0x00, 0x00, 0x8f, 0xb0, 0x00, 0x00, 0x00, 0x00, 0x08, 0xfb, 0x00, 0x00,
    0x00, 0x00, 0x00, 0x8f, 0xb0, 0x00, 0x00, 0x00, 0x00, 0x08, 0xfb, 0x00, 0x00, 0x00, 0x00, 0x00,
    0x8f, 0xb0, 0x00, 0x00, 0x00, 0x00, 0x08, 0xfb, 0x00, 0x00, 0x00, 0x00, 0x00, 0x24, 0x30, 0x00,
    0x00, 0x00, 0x03, 0xef, 0xf6, 0x00, 0x00, 0x00, 0x3e, 0xe6, 0xcf, 0x60, 0x00, 0x01, 0xab, 0x30,
    0x1a, 0xb3, 0x00, 0x00, 0x00, 0x00, 0x00, 0x00, 0x00, 0x00, 0x00, 0x00, 0x00, 0x00, 0x00, 0x9f,
    0x90, 0x00, 0x00, 0x6f, 0xd0, 0x4f, 0xf1, 0x00, 0x00, 0xbf, 0x80, 0x0d, 0xf6, 0x00, 0x02, 0xff,
    0x20, 0x07, 0xfc, 0x00, 0x07, 0xfc, 0x00, 0x02, 0xff, 0x20, 0x0c, 0xf6, 0x00, 0x00, 0xaf, 0x80,
    0x3f, 0xf1, 0x00, 0x00, 0x5f, 0xe0, 0x8f, 0x90, 0x00, 0x00, 0x0d, 0xf5, 0xdf, 0x50, 0x00, 0x00,
    0x08, 0xfc, 0xfd, 0x00, 0x00, 0x00, 0x02, 0xff, 0xf8, 0x00, 0x00, 0x00, 0x00, 0xaf, 0xf2, 0x00,
    0x00, 0x00, 0x00, 0x8f, 0xc0, 0x00, 0x00, 0x00, 0x00, 0xdf, 0x60, 0x00, 0x00, 0x00, 0x03, 0xff,
    0x10, 0x00, 0x00, 0x00, 0x09, 0xf9, 0x00, 0x00, 0x00, 0x00, 0x0e, 0xf5, 0x00, 0x00, 0x00, 0x00,
    0x1a, 0xb3, 0x01, 0xab, 0x20, 0x00, 0x04, 0xff, 0x80, 0x5f, 0xf8, 0x00, 0x00, 0x2e, 0xf5, 0x02,
    0xef, 0x40, 0x00, 0x00, 0x00, 0x00, 0x00, 0x00, 0x00, 0x00, 0x00, 0x00, 0x00, 0x00, 0x00, 0x01,
    0xef, 0x40, 0x00, 0x00, 0x1e, 0xf4, 0x08, 0xfb, 0x00, 0x00, 0x08, 0xfb, 0x00, 0x2f, 0xf4, 0x00,
    0x00, 0xef, 0x40, 0x00, 0x9f, 0x90, 0x00, 0x6f, 0xc0, 0x00, 0x02, 0xff, 0x20, 0x0d, 0xf6, 0x00,
    0x00, 0x09, 0xf9, 0x06, 0xfd, 0x00, 0x00, 0x00, 0x2f, 0xf2, 0xcf, 0x60, 0x00, 0x00, 0x00, 0xaf,
    0x9f, 0xd0, 0x00, 0x00, 0x00, 0x04, 0xff, 0xf6, 0x00, 0x00, 0x00, 0x00, 0x0b, 0xfe, 0x10, 0x00,
    0x00, 0x00, 0x00, 0x8f, 0xb0, 0x00, 0x00, 0x00, 0x00, 0x08, 0xfb, 0x00, 0x00, 0x00, 0x00, 0x00,
    0x8f, 0xb0, 0x00, 0x00, 0x00, 0x00, 0x08, 0xfb, 0x00, 0x00, 0x00, 0x00, 0x00, 0x8f, 0xb0, 0x00,
    0x00, 0x00, 0x00, 0x08, 0xfb, 0x00, 0x00, 0x00, 0x00, 0x00, 0x00, 0xbf, 0x90, 0x00, 0x00, 0x00,
    0x8f, 0xc0, 0x00, 0x00, 0x00, 0x4f, 0xe1, 0x00, 0x00, 0x00, 0x03, 0x42, 0x00, 0x00, 0x00, 0x00,
    0x00, 0x00, 0x00, 0x00, 0xff, 0xff, 0xff, 0xff, 0xf4, 0x0f, 0xff, 0xff, 0xff, 0xff, 0x40, 0x00,
    0x00, 0x00, 0x8f, 0xd0, 0x00, 0x00, 0x00, 0x2e, 0xf4, 0x00, 0x00, 0x00, 0x09, 0xfb, 0x00, 0x00,
    0x00, 0x04, 0xff, 0x20, 0x00, 0x00, 0x00, 0xcf, 0x80, 0x00, 0x00, 0x00, 0x7f, 0xd1, 0x00, 0x00,
    0x00, 0x1e, 0xf5, 0x00, 0x00, 0x00, 0x08, 0xfb, 0x00, 0x00, 0x00, 0x03, 0xff, 0x30, 0x00, 0x00,
    0x00, 0xbf, 0x80, 0x00, 0x00, 0x00, 0x6f, 0xe1, 0x00, 0x00, 0x00, 0x1d, 0xf6, 0x00, 0x00, 0x00,
    0x04, 0xff, 0xff, 0xff, 0xff, 0xf4, 0x4f, 0xff, 0xff, 0xff, 0xff, 0x40, 0x00, 0x00, 0x00, 0x24,
    0x30, 0x00, 0x00, 0x00, 0x2e, 0xf5, 0x00, 0x00, 0x00, 0x0c, 0xf8, 0x00, 0x00, 0x00, 0x06, 0xb8,
    0x00, 0x00, 0x00, 0x00, 0x00, 0x00, 0x00, 0x00, 0x00, 0x00, 0x00, 0x00, 0x00, 0x0f, 0xff, 0xff,
    0xff, 0xff, 0x00, 0xbb, 0xbb, 0xbb, 0xdf, 0xf0, 0x00, 0x00, 0x00, 0x1d, 0xf9, 0x00, 0x00, 0x00,
    0x0c, 0xfc, 0x00, 0x00, 0x00, 0x09, 0xfd, 0x10, 0x00, 0x00, 0x07, 0xfe, 0x30, 0x00, 0x00, 0x05,
    0xff, 0x40, 0x00, 0x00, 0x03, 0xef, 0x60, 0x00, 0x00, 0x01, 0xcf, 0x90, 0x00, 0x00, 0x00, 0xbf,
    0xa0, 0x00, 0x00, 0x00, 0x0f, 0xff, 0xff, 0xff, 0xff, 0x40, 0xff, 0xff, 0xff, 0xff, 0xf4, 0x00,
    0x00, 0x7b, 0x80, 0x00, 0x00, 0x00, 0x0f, 0xff, 0x40, 0x00, 0x00, 0x00, 0xaf, 0xc1, 0x00, 0x00,
    0x00, 0x00, 0x00, 0x00, 0x00, 0x00, 0x00, 0x00, 0x00, 0x00, 0x00, 0xff, 0xff, 0xff, 0xff, 0xf4,
    0x0f, 0xff, 0xff, 0xff, 0xff, 0x40, 0x00, 0x00, 0x00, 0x8f, 0xd0, 0x00, 0x00, 0x00, 0x2e, 0xf4,
    0x00, 0x00, 0x00, 0x09, 0xfb, 0x00, 0x00, 0x00, 0x04, 0xff, 0x20, 0x00, 0x00, 0x00, 0xcf, 0x80,
    0x00, 0x00, 0x00, 0x7f, 0xd1, 0x00, 0x00, 0x00, 0x1e, 0xf5, 0x00, 0x00, 0x00, 0x08, 0xfb, 0x00,
    0x00, 0x00, 0x03, 0xff, 0x30, 0x00, 0x00, 0x00, 0xbf, 0x80, 0x00, 0x00, 0x00, 0x6f, 0xe1, 0x00,
    0x00, 0x00, 0x1d, 0xf6, 0x00, 0x00, 0x00, 0x04, 0xff, 0xff, 0xff, 0xff, 0xf4, 0x4f, 0xff, 0xff,
    0xff, 0xff, 0x40, 0x00, 0x00, 0x02, 0x00, 0x00, 0x00, 0x00, 0x0b, 0xfd, 0x10, 0x00, 0x00, 0x00,
    0xff, 0xf4, 0x00, 0x00, 0x00, 0x06, 0xb8, 0x00, 0x00, 0x00, 0x00, 0x00, 0x00, 0x00, 0x00, 0x00,
    0x00, 0x00, 0x00, 0x00, 0x0f, 0xff, 0xff, 0xff, 0xff, 0x00, 0xbb, 0xbb, 0xbb, 0xdf, 0xf0, 0x00,
    0x00, 0x00, 0x1d, 0xf9, 0x00, 0x00, 0x00, 0x0c, 0xfc, 0x00, 0x00, 0x00, 0x09, 0xfd, 0x10, 0x00,
    0x00, 0x07, 0xfe, 0x30, 0x00, 0x00, 0x05, 0xff, 0x40, 0x00, 0x00, 0x03, 0xef, 0x60, 0x00, 0x00,
    0x01, 0xcf, 0x90, 0x00, 0x00, 0x00, 0xbf, 0xa0, 0x00, 0x00, 0x00, 0x0f, 0xff, 0xff, 0xff, 0xff,
    0x40, 0xff, 0xff, 0xff, 0xff, 0xf4, 0x03, 0xee, 0x60, 0x3e, 0xf6, 0x00, 0x03, 0xef, 0x8e, 0xf6,
    0x00, 0x00, 0x03, 0xef, 0xf6, 0x00, 0x00, 0x00, 0x02, 0x43, 0x00, 0x00, 0x00, 0x00, 0x00, 0x00,
    0x00, 0x00, 0xff, 0xff, 0xff, 0xff, 0xf4, 0x0f, 0xff, 0xff, 0xff, 0xff, 0x40, 0x00, 0x00, 0x00,
    0x8f, 0xd0, 0x00, 0x00, 0x00, 0x2e, 0xf4, 0x00, 0x00, 0x00, 0x09, 0xfb, 0x00, 0x00, 0x00, 0x04,
    0xff, 0x20, 0x00, 0x00, 0x00, 0xcf, 0x80, 0x00, 0x00, 0x00, 0x7f, 0xd1, 0x00, 0x00, 0x00, 0x1e,
    0xf5, 0x00, 0x00, 0x00, 0x08, 0xfb, 0x00, 0x00, 0x00, 0x03, 0xff, 0x30, 0x00, 0x00, 0x00, 0xbf,
    0x80, 0x00, 0x00, 0x00, 0x6f, 0xe1, 0x00, 0x00, 0x00, 0x1d, 0xf6, 0x00, 0x00, 0x00, 0x04, 0xff,
    0xff, 0xff, 0xff, 0xf4, 0x4f, 0xff, 0xff, 0xff, 0xff, 0x40, 0x01, 0x44, 0x00, 0x03, 0x42, 0x00,
    0x09, 0xf9, 0x06, 0xfc, 0x10, 0x00, 0x09, 0xfb, 0xfc, 0x10, 0x00, 0x00, 0x08, 0xba, 0x10, 0x00,
    0x00, 0x00, 0x00, 0x00, 0x00, 0x00, 0x00, 0x00, 0x00, 0x00, 0x00, 0x0f, 0xff, 0xff, 0xff, 0xff,
    0x00, 0xbb, 0xbb, 0xbb, 0xdf, 0xf0, 0x00, 0x00, 0x00, 0x1d, 0xf9, 0x00, 0x00, 0x00, 0x0c, 0xfc,
    0x00, 0x00, 0x00, 0x09, 0xfd, 0x10, 0x00, 0x00, 0x07, 0xfe, 0x30, 0x00, 0x00, 0x05, 0xff, 0x40,
    0x00, 0x00, 0x03, 0xef, 0x60, 0x00, 0x00, 0x01, 0xcf, 0x90, 0x00, 0x00, 0x00, 0xbf, 0xa0, 0x00,
    0x00, 0x00, 0x0f, 0xff, 0xff, 0xff, 0xff, 0x40, 0xff, 0xff, 0xff, 0xff, 0xf4, 0x00, 0x00, 0x00,
    0x00, 0x00, 0x19, 0xff, 0xff, 0xf4, 0x0c, 0xff, 0xcb, 0xbb, 0x35, 0xfe, 0x30, 0x00, 0x00, 0x8f,
    0xb0, 0x00, 0x00, 0x08, 0xfb, 0x00, 0x00, 0x00, 0x8f, 0xb0, 0x00, 0x00, 0x08, 0xfb, 0x00, 0x00,
    0x00, 0x8f, 0xb0, 0x00, 0x00, 0x08, 0xfb, 0x00, 0x00, 0x00, 0x8f, 0xb0, 0x00, 0x00, 0x08, 0xfb,
    0x00, 0x00, 0x00, 0x8f, 0xb0, 0x00, 0x00, 0x08, 0xfb, 0x00, 0x00, 0x00, 0x8f, 0xb0, 0x00, 0x00,
    0x08, 0xfb, 0x00, 0x00, 0x00, 0x8f, 0xb0, 0x00, 0x00, 0x00, 0x00, 0x00, 0x00, 0x00, 0x00, 0x00,
    0x00, 0x00, 0xff, 0xf3, 0x00, 0x00, 0x00, 0x04, 0xff, 0xf7, 0x00, 0x00, 0x00, 0x08, 0xfb, 0xfa,
    0x00, 0x00, 0x00, 0x0b, 0xf5, 0xfe, 0x00, 0x00, 0x00, 0x0f, 0xf0, 0xcf, 0x40, 0x00, 0x00, 0x4f,
    0xb0, 0x8f, 0x80, 0x00, 0x00, 0x8f, 0x80, 0x5f, 0xb0, 0x00, 0x00, 0xcf, 0x50, 0x1f, 0xf0, 0x00,
    0x01, 0xff, 0x10, 0x0d, 0xf4, 0x00, 0x05, 0xfc, 0x00, 0x09, 0xf8, 0x00, 0x08, 0xff, 0xff, 0xff,
    0xfb, 0x00, 0x0c, 0xfc, 0xbb, 0xbb, 0xff, 0x10, 0x1f, 0xf1, 0x00, 0x00, 0xdf, 0x50, 0x5f, 0xc0,
    0x00, 0x00, 0x9f, 0x80, 0x9f, 0x90, 0x00, 0x00, 0x6f, 0xc0, 0xdf, 0x60, 0x00, 0x00, 0x2f, 0xf1,
    0x00, 0x00, 0x00, 0x00, 0x00, 0x00, 0xff, 0xff, 0xff, 0xc6, 0x00, 0x0f, 0xfb, 0xbb, 0xff, 0xf8,
    0x00, 0xff, 0x00, 0x00, 0x8f, 0xf2, 0x0f, 0xf0, 0x00, 0x00, 0xdf, 0x60, 0xff, 0x00, 0x00, 0x0b,
    0xf6, 0x0f, 0xf0, 0x00, 0x01, 0xff, 0x20, 0xff, 0x44, 0x46, 0xdf, 0x60, 0x0f, 0xff, 0xff, 0xfe,
    0x60, 0x00, 0xff, 0x88, 0x89, 0xef, 0x80, 0x0f, 0xf0, 0x00, 0x03, 0xef, 0x40, 0xff, 0x00, 0x00,
    0x08, 0xfa, 0x0f, 0xf0, 0x00, 0x00, 0x8f, 0xb0, 0xff, 0x00, 0x00, 0x09, 0xfa, 0x0f, 0xf0, 0x00,
    0x07, 0xff, 0x60, 0xff, 0xff, 0xff, 0xff, 0x90, 0x0f, 0xff, 0xff, 0xfc, 0x70, 0x00, 0x00, 0x00,
    0x00, 0x00, 0x00, 0x04, 0xff, 0xff, 0xff, 0xff, 0xf4, 0x4f, 0xff, 0xff, 0xff, 0xff, 0x44, 0xff,
    0x00, 0x00, 0x00, 0x00, 0x4f, 0xf0, 0x00, 0x00, 0x00, 0x04, 0xff, 0x00, 0x00, 0x00, 0x00, 0x4f,
    0xf0, 0x00, 0x00, 0x00, 0x04, 0xff, 0x00, 0x00, 0x00, 0x00, 0x4f, 0xf0, 0x00, 0x00, 0x00, 0x04,
    0xff, 0x00, 0x00, 0x00, 0x00, 0x4f, 0xf0, 0x00, 0x00, 0x00, 0x04, 0xff, 0x00, 0x00, 0x00, 0x00,
    0x4f, 0xf0, 0x00, 0x00, 0x00, 0x04, 0xff, 0x00, 0x00, 0x00, 0x00, 0x4f, 0xf0, 0x00, 0x00, 0x00,
    0x04, 0xff, 0x00, 0x00, 0x00, 0x00, 0x4f, 0xf0, 0x00, 0x00, 0x00, 0x00, 0x00, 0x00, 0x00, 0x00,
    0x00, 0x00, 0x00, 0x00, 0xff, 0xf3, 0x00, 0x00, 0x00, 0x04, 0xfe, 0xf7, 0x00, 0x00, 0x00, 0x08,
    0xfa, 0xfa, 0x00, 0x00, 0x00, 0x0b, 0xf5, 0xfe, 0x00, 0x00, 0x00, 0x0f, 0xf0, 0xcf, 0x40, 0x00,
    0x00, 0x4f, 0xb0, 0x8f, 0x80, 0x00, 0x00, 0x8f, 0x80, 0x5f, 0xb0, 0x00, 0x00, 0xcf, 0x50, 0x2f,
    0xf0, 0x00, 0x01, 0xff, 0x10, 0x0d, 0xf4, 0x00, 0x05, 0xfc, 0x00, 0x09, 0xf8, 0x00, 0x08, 0xf8,
    0x00, 0x06, 0xfb, 0x00, 0x0c, 0xf5, 0x00, 0x02, 0xff, 0x10, 0x1f, 0xf1, 0x00, 0x00, 0xdf, 0x50,
    0x5f, 0xc0, 0x00, 0x00, 0x9f, 0x80, 0x9f, 0xff, 0xff, 0xff, 0xff, 0xc0, 0xdf, 0xff, 0xff, 0xff,
    0xff, 0xf1, 0x00, 0x00, 0x00, 0x00, 0x00, 0xbf, 0xff, 0xff, 0xff, 0xf8, 0xbf, 0xff, 0xff, 0xff,
    0xf8, 0xbf, 0x40, 0x00, 0x00, 0x00, 0xbf, 0x40, 0x00, 0x00, 0x00, 0xbf, 0x40, 0x00, 0x00, 0x00,
    0xbf, 0x40, 0x00, 0x00, 0x00, 0xbf, 0x74, 0x44, 0x44, 0x30, 0xbf, 0xff, 0xff, 0xff, 0xb0, 0xbf,
    0x98, 0x88, 0x88, 0x60, 0xbf, 0x40, 0x00, 0x00, 0x00, 0xbf, 0x40, 0x00, 0x00, 0x00, 0xbf, 0x40,
    0x00, 0x00, 0x00, 0xbf, 0x40, 0x00, 0x00, 0x00, 0xbf, 0x40, 0x00, 0x00, 0x00, 0xbf, 0xff, 0xff,
    0xff, 0xf8, 0xbf, 0xff, 0xff, 0xff, 0xf8, 0x00, 0x00, 0x00, 0x00, 0x00, 0x00, 0xff, 0xff, 0xff,
    0xff, 0xf4, 0x0f, 0xff, 0xff, 0xff, 0xff, 0x40, 0x00, 0x00, 0x00, 0x8f, 0xd0, 0x00, 0x00, 0x00,
    0x2e, 0xf4, 0x00, 0x00, 0x00, 0x09, 0xfb, 0x00, 0x00, 0x00, 0x04, 0xff, 0x20, 0x00, 0x00, 0x00,
    0xcf, 0x80, 0x00, 0x00, 0x00, 0x7f, 0xd1, 0x00, 0x00, 0x00, 0x1e, 0xf5, 0x00, 0x00, 0x00, 0x08,
    0xfb, 0x00, 0x00, 0x00, 0x03, 0xff, 0x30, 0x00, 0x00, 0x00, 0xbf, 0x80, 0x00, 0x00, 0x00, 0x6f,
    0xe1, 0x00, 0x00, 0x00, 0x1d, 0xf6, 0x00, 0x00, 0x00, 0x04, 0xff, 0xff, 0xff, 0xff, 0xf4, 0x4f,
    0xff, 0xff, 0xff, 0xff, 0x40, 0x00, 0x00, 0x00, 0x00, 0x00, 0x00, 0xff, 0x40, 0x00, 0x0f, 0xf4,
    0x0f, 0xf4, 0x00, 0x00, 0xff, 0x40, 0xff, 0x40, 0x00, 0x0f, 0xf4, 0x0f, 0xf4, 0x00, 0x00, 0xff,
    0x40, 0xff, 0x40, 0x00, 0x0f, 0xf4, 0x0f, 0xf4, 0x00, 0x00, 0xff, 0x40, 0xff, 0x74, 0x44, 0x4f,
    0xf4, 0x0f, 0xff, 0xff, 0xff, 0xff, 0x40, 0xff, 0xcb, 0xbb, 0xbf, 0xf4, 0x0f, 0xf4, 0x00, 0x00,
    0xff, 0x40, 0xff, 0x40, 0x00, 0x0f, 0xf4, 0x0f, 0xf4, 0x00, 0x00, 0xff, 0x40, 0xff, 0x40, 0x00,
    0x0f, 0xf4, 0x0f, 0xf4, 0x00, 0x00, 0xff, 0x40, 0xff, 0x40, 0x00, 0x0f, 0xf4, 0x0f, 0xf4, 0x00,
    0x00, 0xff, 0x40, 0x00, 0x00, 0x34, 0x40, 0x00, 0x00, 0x05, 0xdf, 0xff, 0xe8, 0x00, 0x05, 0xff,
    0xdb, 0xcf, 0xf8, 0x00, 0xdf, 0x90, 0x00, 0x7f, 0xf1, 0x1f, 0xf2, 0x00, 0x00, 0xef, 0x44, 0xff,
    0x00, 0x00, 0x0b, 0xf4, 0x4f, 0xf0, 0x00, 0x00, 0xbf, 0x44, 0xff, 0x00, 0x00, 0x0b, 0xf4, 0x4f,
    0xf4, 0xff, 0xf8, 0xbf, 0x44, 0xff, 0x4f, 0xff, 0x8b, 0xf4, 0x4f, 0xf0, 0x00, 0x00, 0xbf, 0x44,
    0xff, 0x00, 0x00, 0x0b, 0xf4, 0x4f, 0xf0, 0x00, 0x00, 0xbf, 0x41, 0xff, 0x20, 0x00, 0x0e, 0xf4,
    0x0c, 0xf9, 0x00, 0x07, 0xfe, 0x10, 0x5f, 0xfd, 0xbc, 0xff, 0x80, 0x00, 0x5d, 0xff, 0xfe, 0x70,
    0x00, 0x00, 0x02, 0x43, 0x00, 0x00, 0x00, 0x00, 0x00, 0x00, 0x0b, 0xff, 0xff, 0xff, 0xff, 0xbf,
    0xff, 0xff, 0xff, 0xf0, 0x00, 0x8f, 0xb0, 0x00, 0x00, 0x08, 0xfb, 0x00, 0x00, 0x00, 0x8f, 0xb0,
    0x00, 0x00, 0x08, 0xfb, 0x00, 0x00, 0x00, 0x8f, 0xb0, 0x00, 0x00, 0x08, 0xfb, 0x00, 0x00, 0x00,
    0x8f, 0xb0, 0x00, 0x00, 0x08, 0xfb, 0x00, 0x00, 0x00, 0x8f, 0xb0, 0x00, 0x00, 0x08, 0xfb, 0x00,
    0x00, 0x00, 0x8f, 0xb0, 0x00, 0x00, 0x08, 0xfb, 0x00, 0x0b, 0xff, 0xff, 0xff, 0xff, 0xbf, 0xff,
    0xff, 0xff, 0xf0, 0x00, 0x00, 0x00, 0x00, 0x00, 0x00, 0x0f, 0xf0, 0x00, 0x00, 0x8f, 0xd0, 0x0f,
    0xf0, 0x00, 0x01, 0xef, 0x60, 0x0f, 0xf0, 0x00, 0x08, 0xfd, 0x00, 0x0f, 0xf0, 0x00, 0x1e, 0xf6,
    0x00, 0x0f, 0xf0, 0x00, 0x8f, 0xd0, 0x00, 0x0f, 0xf0, 0x01, 0xef, 0x60, 0x00, 0x0f, 0xf4, 0x48,
    0xfd, 0x00, 0x00, 0x0f, 0xff, 0xff, 0xf7, 0x00, 0x00, 0x0f, 0xfb, 0xbd, 0xf9, 0x00, 0x00, 0x0f,
    0xf0, 0x04, 0xff, 0x20, 0x00, 0x0f, 0xf0, 0x00, 0xbf, 0x90, 0x00, 0x0f, 0xf0, 0x00, 0x4f, 0xf2,
    0x00, 0x0f, 0xf0, 0x00, 0x0c, 0xf9, 0x00, 0x0f, 0xf0, 0x00, 0x06, 0xff, 0x20, 0x0f, 0xf0, 0x00,
    0x00, 0xdf, 0x90, 0x0f, 0xf0, 0x00, 0x00, 0x6f, 0xf2, 0x00, 0x00, 0x00, 0x00, 0x00, 0x00, 0x00,
    0x00, 0xff, 0xf3, 0x00, 0x00, 0x00, 0x04, 0xfe, 0xf7, 0x00, 0x00, 0x00, 0x08, 0xfa, 0xfa, 0x00,
    0x00, 0x00, 0x0b, 0xf4, 0xfe, 0x00, 0x00, 0x00, 0x0f, 0xf0, 0xcf, 0x40, 0x00, 0x00, 0x4f, 0xb0,
    0x8f, 0x80, 0x00, 0x00, 0x8f, 0x80, 0x5f, 0xb0, 0x00, 0x00, 0xcf, 0x50, 0x2f, 0xf0, 0x00, 0x01,
    0xff, 0x10, 0x0d, 0xf4, 0x00, 0x05, 0xfc, 0x00, 0x09, 0xf8, 0x00, 0x08, 0xf8, 0x00, 0x06, 0xfb,
    0x00, 0x0c, 0xf5, 0x00, 0x02, 0xff, 0x10, 0x1f, 0xf1, 0x00, 0x00, 0xdf, 0x50, 0x5f, 0xc0, 0x00,
    0x00, 0x9f, 0x80, 0x9f, 0x90, 0x00, 0x00, 0x6f, 0xc0, 0xdf, 0x60, 0x00, 0x00, 0x3f, 0xf1, 0x00,
    0x00, 0x00, 0x00, 0x00, 0x08, 0xff, 0xb0, 0x00, 0x8f, 0xfb, 0x8f, 0xdf, 0x10, 0x0d, 0xaf, 0xb8,
    0xf9, 0xf5, 0x02, 0xf9, 0xfb, 0x8f, 0x8f, 0x90, 0x7f, 0x6f, 0xb8, 0xf8, 0xad, 0x0a, 0xc4, 0xfb,
    0x8f, 0x86, 0xf4, 0xf7, 0x4f, 0xb8, 0xf8, 0x2f, 0xbf, 0x34, 0xfb, 0x8f, 0x80, 0xcf, 0xd0, 0x4f,
    0xb8, 0xf8, 0x06, 0xb7, 0x04, 0xfb, 0x8f, 0x80, 0x00, 0x00, 0x4f, 0xb8, 0xf8, 0x00, 0x00, 0x04,
    0xfb, 0x8f, 0x80, 0x00, 0x00, 0x4f, 0xb8, 0xf8, 0x00, 0x00, 0x04, 0xfb, 0x8f, 0x80, 0x00, 0x00,
    0x4f, 0xb8, 0xf8, 0x00, 0x00, 0x04, 0xfb, 0x8f, 0x80, 0x00, 0x00, 0x4f, 0xb0, 0x00, 0x00, 0x00,
    0x00, 0x00, 0x00, 0xff, 0xd0, 0x00, 0x0b, 0xf4, 0x0f, 0xff, 0x50, 0x00, 0xbf, 0x40, 0xfe, 0xf9,
    0x00, 0x0b, 0xf4, 0x0f, 0xbd, 0xe0, 0x00, 0xbf, 0x40, 0xfc, 0x8f, 0x50, 0x0b, 0xf4, 0x0f, 0xf3,
    0xfa, 0x00, 0xbf, 0x40, 0xff, 0x0d, 0xf1, 0x0b, 0xf4, 0x0f, 0xf0, 0x7f, 0x60, 0xbf, 0x40, 0xff,
    0x02, 0xfa, 0x0b, 0xf4, 0x0f, 0xf0, 0x0c, 0xf2, 0xbf, 0x40, 0xff, 0x00, 0x7f, 0x7b, 0xf4, 0x0f,
    0xf0, 0x02, 0xfc, 0xbf, 0x40, 0xff, 0x00, 0x0a, 0xf9, 0xf4, 0x0f, 0xf0, 0x00, 0x6f, 0xef, 0x40,
    0xff, 0x00, 0x01, 0xff, 0xf4, 0x0f, 0xf0, 0x00, 0x0a, 0xff, 0x40, 0x00, 0x00, 0x00, 0x00, 0x00,
    0x04, 0xff, 0xff, 0xff, 0xff, 0xf8, 0x4f, 0xff, 0xff, 0xff, 0xff, 0x80, 0x00, 0x00, 0x00, 0x00,
    0x00, 0x00, 0x00, 0x00, 0x00, 0x00, 0x00, 0x00, 0x00, 0x00, 0x00, 0x00, 0x00, 0x00, 0x00, 0x00,
    0x00, 0x00, 0x24, 0x44, 0x44, 0x44, 0x30, 0x08, 0xff, 0xff, 0xff, 0xfb, 0x00, 0x6b, 0xbb, 0xbb,
    0xbb, 0x80, 0x00, 0x00, 0x00, 0x00, 0x00, 0x00, 0x00, 0x00, 0x00, 0x00, 0x00, 0x00, 0x00, 0x00,
    0x00, 0x00, 0x00, 0x00, 0x00, 0x00, 0x00, 0x00, 0x00, 0x00, 0x00, 0x00, 0x00, 0x04, 0xff, 0xff,
    0xff, 0xff, 0xf8, 0x4f, 0xff, 0xff, 0xff, 0xff, 0x80, 0x00, 0x00, 0x34, 0x40, 0x00, 0x00, 0x05,
    0xdf, 0xff, 0xe8, 0x00, 0x05, 0xff, 0xdb, 0xcf, 0xf8, 0x00, 0xcf, 0x90, 0x00, 0x7f, 0xe1, 0x0f,
    0xf2, 0x00, 0x00, 0xef, 0x44, 0xff, 0x00, 0x00, 0x0b, 0xf4, 0x4f, 0xf0, 0x00, 0x00, 0xbf, 0x44,
    0xff, 0x00, 0x00, 0x0b, 0xf4, 0x4f, 0xf0, 0x00, 0x00, 0xbf, 0x44, 0xff, 0x00, 0x00, 0x0b, 0xf4,
    0x4f, 0xf0, 0x00, 0x00, 0xbf, 0x44, 0xff, 0x00, 0x00, 0x0b, 0xf4, 0x4f, 0xf0, 0x00, 0x00, 0xbf,
    0x40, 0xff, 0x20, 0x00, 0x0e, 0xf4, 0x0c, 0xf9, 0x00, 0x07, 0xfe, 0x00, 0x4f, 0xfd, 0xbc, 0xff,
    0x70, 0x00, 0x4d, 0xff, 0xfe, 0x60, 0x00, 0x00, 0x02, 0x43, 0x00, 0x00, 0x00, 0x00, 0x00, 0x00,
    0x00, 0x00, 0xff, 0xff, 0xff, 0xff, 0xf4, 0x0f, 0xff, 0xff, 0xff, 0xff, 0x40, 0xff, 0x40, 0x00,
    0x0f, 0xf4, 0x0f, 0xf4, 0x00, 0x00, 0xff, 0x40, 0xff, 0x40, 0x00, 0x0f, 0xf4, 0x0f, 0xf4, 0x00,
    0x00, 0xff, 0x40, 0xff, 0x40, 0x00, 0x0f, 0xf4, 0x0f, 0xf4, 0x00, 0x00, 0xff, 0x40, 0xff, 0x40,
    0x00, 0x0f, 0xf4, 0x0f, 0xf4, 0x00, 0x00, 0xff, 0x40, 0xff, 0x40, 0x00, 0x0f, 0xf4, 0x0f, 0xf4,
    0x00, 0x00, 0xff, 0x40, 0xff, 0x40, 0x00, 0x0f, 0xf4, 0x0f, 0xf4, 0x00, 0x00, 0xff, 0x40, 0xff,
    0x40, 0x00, 0x0f, 0xf4, 0x0f, 0xf4, 0x00, 0x00, 0xff, 0x40, 0x00, 0x00, 0x00, 0x00, 0x00, 0x00,
    0x0f, 0xff, 0xff, 0xfe, 0x91, 0x00, 0x0f, 0xff, 0xff, 0xff, 0xfe, 0x20, 0x0f, 0xf0, 0x00, 0x03,
    0xdf, 0xa0, 0x0f, 0xf0, 0x00, 0x00, 0x5f, 0xf0, 0x0f, 0xf0, 0x00, 0x00, 0x0f, 0xf4, 0x0f, 0xf0,
    0x00, 0x00, 0x3f, 0xf2, 0x0f, 0xf0, 0x00, 0x00, 0x9f, 0xd0, 0x0f, 0xf8, 0x88, 0x8b, 0xff, 0x50,
    0x0f, 0xff, 0xff, 0xff, 0xe7, 0x00, 0x0f, 0xf8, 0x88, 0x86, 0x10, 0x00, 0x0f, 0xf0, 0x00, 0x00,
    0x00, 0x00, 0x0f, 0xf0, 0x00, 0x00, 0x00, 0x00, 0x0f, 0xf0, 0x00, 0x00, 0x00, 0x00, 0x0f, 0xf0,
    0x00, 0x00, 0x00, 0x00, 0x0f, 0xf0, 0x00, 0x00, 0x00, 0x00, 0x0f, 0xf0, 0x00, 0x00, 0x00, 0x00,
    0x00, 0x00, 0x00, 0x00, 0x00, 0x00, 0x4f, 0xff, 0xff, 0xff, 0xff, 0xf0, 0x4f, 0xff, 0xff, 0xff,
    0xff, 0xf0, 0x1c, 0xfb, 0x00, 0x00, 0x00, 0x00, 0x01, 0xef, 0x90, 0x00, 0x00, 0x00, 0x00, 0x3e,
    0xf6, 0x00, 0x00, 0x00, 0x00, 0x06, 0xff, 0x50, 0x00, 0x00, 0x00, 0x00, 0x8f, 0xe3, 0x00, 0x00,
    0x00, 0x00, 0x0a, 0xfe, 0x00, 0x00, 0x00, 0x00, 0x1d, 0xf9, 0x00, 0x00, 0x00, 0x00, 0xbf, 0xc0,
    0x00, 0x00, 0x00, 0x08, 0xfe, 0x10, 0x00, 0x00, 0x00, 0x6f, 0xf3, 0x00, 0x00, 0x00, 0x03, 0xef,
    0x60, 0x00, 0x00, 0x00, 0x1d, 0xf9, 0x00, 0x00, 0x00, 0x00, 0x4f, 0xff, 0xff, 0xff, 0xff, 0xf0,
    0x4f, 0xff, 0xff, 0xff, 0xff, 0xf0, 0x00, 0x00, 0x00, 0x00, 0x00, 0x00, 0xbf, 0xff, 0xff, 0xff,
    0xff, 0xf0, 0xbf, 0xff, 0xff, 0xff, 0xff, 0xf0, 0x00, 0x00, 0x8f, 0xb0, 0x00, 0x00, 0x00, 0x00,
    0x8f, 0xb0, 0x00, 0x00, 0x00, 0x00, 0x8f, 0xb0, 0x00, 0x00, 0x00, 0x00, 0x8f, 0xb0, 0x00, 0x00,
    0x00, 0x00, 0x8f, 0xb0, 0x00, 0x00, 0x00, 0x00, 0x8f, 0xb0, 0x00, 0x00, 0x00, 0x00, 0x8f, 0xb0,
    0x00, 0x00, 0x00, 0x00, 0x8f, 0xb0, 0x00, 0x00, 0x00, 0x00, 0x8f, 0xb0, 0x00, 0x00, 0x00, 0x00,
    0x8f, 0xb0, 0x00, 0x00, 0x00, 0x00, 0x8f, 0xb0, 0x00, 0x00, 0x00, 0x00, 0x8f, 0xb0, 0x00, 0x00,
    0x00, 0x00, 0x8f, 0xb0, 0x00, 0x00, 0x00, 0x00, 0x8f, 0xb0, 0x00, 0x00, 0x00, 0x00, 0x00, 0x00,
    0x00, 0x00, 0x01, 0xef, 0x40, 0x00, 0x00, 0x1e, 0xf4, 0x08, 0xfb, 0x00, 0x00, 0x08, 0xfb, 0x00,
    0x2f, 0xf4, 0x00, 0x00, 0xef, 0x40, 0x00, 0x9f, 0x90, 0x00, 0x6f, 0xc0, 0x00, 0x02, 0xff, 0x20,
    0x0d, 0xf6, 0x00, 0x00, 0x09, 0xf9, 0x06, 0xfd, 0x00, 0x00, 0x00, 0x2f, 0xf2, 0xcf, 0x60, 0x00,
    0x00, 0x00, 0xaf, 0x9f, 0xd0, 0x00, 0x00, 0x00, 0x04, 0xff, 0xf6, 0x00, 0x00, 0x00, 0x00, 0x0b,
    0xfe, 0x10, 0x00, 0x00, 0x00, 0x00, 0x8f, 0xb0, 0x00, 0x00, 0x00, 0x00, 0x08, 0xfb, 0x00, 0x00,
    0x00, 0x00, 0x00, 0x8f, 0xb0, 0x00, 0x00, 0x00, 0x00, 0x08, 0xfb, 0x00, 0x00, 0x00, 0x00, 0x00,
    0x8f, 0xb0, 0x00, 0x00, 0x00, 0x00, 0x08, 0xfb, 0x00, 0x00, 0x00, 0x00, 0x00, 0x08, 0xfb, 0x00,
    0x00, 0x00, 0x00, 0x03, 0x9f, 0xc4, 0x00, 0x00, 0x00, 0x4d, 0xff, 0xff, 0xfe, 0x60, 0x00, 0x3f,
    0xfb, 0x9f, 0xb9, 0xff, 0x60, 0x0a, 0xf8, 0x04, 0xf8, 0x06, 0xfe, 0x00, 0xff, 0x10, 0x4f, 0x80,
    0x0c, 0xf3, 0x0f, 0xf0, 0x04, 0xf8, 0x00, 0xbf, 0x40, 0xff, 0x00, 0x4f, 0x80, 0x0b, 0xf4, 0x0f,
    0xf0, 0x04, 0xf8, 0x00, 0xbf, 0x40, 0xff, 0x00, 0x4f, 0x80, 0x0b, 0xf4, 0x0f, 0xf0, 0x04, 0xf8,
    0x00, 0xbf, 0x40, 0xff, 0x00, 0x4f, 0x80, 0x0b, 0xf4, 0x0d, 0xf4, 0x04, 0xf8, 0x01, 0xef, 0x20,
    0x8f, 0xc4, 0x4f, 0x82, 0xcf, 0xb0, 0x00, 0xbf, 0xff, 0xff, 0xff, 0xc1, 0x00, 0x00, 0x6a, 0xdf,
    0xeb, 0x71, 0x00, 0x00, 0x00, 0x08, 0xfb, 0x00, 0x00, 0x00, 0x00, 0x00, 0x48, 0x60, 0x00, 0x00,
    0x00, 0x00, 0x00, 0x00, 0x00, 0x00, 0x00, 0x9f, 0xd0, 0x00, 0x00, 0x8f, 0xc0, 0x02, 0xff, 0x60,
    0x00, 0x2e, 0xf4, 0x00, 0x08, 0xfd, 0x00, 0x09, 0xfb, 0x00, 0x00, 0x1e, 0xf6, 0x02, 0xff, 0x20,
    0x00, 0x00, 0x7f, 0xd0, 0x9f, 0x90, 0x00, 0x00, 0x00, 0xdf, 0x8f, 0xe1, 0x00, 0x00, 0x00, 0x06,
    0xff, 0xf8, 0x00, 0x00, 0x00, 0x00, 0x0c, 0xfe, 0x10, 0x00, 0x00, 0x00, 0x01, 0xef, 0xf4, 0x00,
    0x00, 0x00, 0x00, 0x8f, 0xef, 0xb0, 0x00, 0x00, 0x00, 0x2f, 0xf3, 0xef, 0x60, 0x00, 0x00, 0x09,
    0xf9, 0x08, 0xfd, 0x00, 0x00, 0x04, 0xff, 0x20, 0x1e, 0xf8, 0x00, 0x00, 0xbf, 0x80, 0x00, 0x6f,
    0xe1, 0x00, 0x6f, 0xe1, 0x00, 0x00, 0xdf, 0x80, 0x0d, 0xf8, 0x00, 0x00, 0x06, 0xff, 0x20, 0x00,
    0x00, 0x00, 0x00, 0x00, 0x00, 0xff, 0x00, 0x4f, 0x80, 0x0f, 0xf0, 0xff, 0x00, 0x4f, 0x80, 0x0f,
    0xf0, 0xff, 0x00, 0x4f, 0x80, 0x0f, 0xf0, 0xff, 0x00, 0x4f, 0x80, 0x0f, 0xf0, 0xff, 0x00, 0x4f,
    0x80, 0x0f, 0xf0, 0xff, 0x00, 0x4f, 0x80, 0x0f, 0xf0, 0xff, 0x00, 0x4f, 0x80, 0x0f, 0xf0, 0xff,
    0x00, 0x4f, 0x80, 0x0f, 0xf0, 0xcf, 0x40, 0x4f, 0x80, 0x0f, 0xf0, 0x9f, 0xa0, 0x4f, 0x80, 0x7f,
    0xc0, 0x2e, 0xfd, 0xaf, 0xbc, 0xff, 0x40, 0x03, 0xbf, 0xff, 0xff, 0xd5, 0x00, 0x00, 0x02, 0x9f,
    0xc3, 0x00, 0x00, 0x00, 0x00, 0x8f, 0xb0, 0x00, 0x00, 0x00, 0x00, 0x8f, 0xb0, 0x00, 0x00, 0x00,
    0x00, 0x8f, 0xb0, 0x00, 0x00, 0x00, 0x00, 0x34, 0x40, 0x00, 0x00, 0x00, 0x6e, 0xff, 0xfe, 0x80,
    0x00, 0x06, 0xff, 0xcb, 0xcf, 0xf9, 0x00, 0x1e, 0xf9, 0x00, 0x06, 0xff, 0x30, 0x4f, 0xe0, 0x00,
    0x00, 0xcf, 0x80, 0x4f, 0xb0, 0x00, 0x00, 0xbf, 0x80, 0x4f, 0xb0, 0x00, 0x00, 0xbf, 0x80, 0x4f,
    0xb0, 0x00, 0x00, 0xbf, 0x80, 0x4f, 0xb0, 0x00, 0x00, 0xbf, 0x80, 0x4f, 0xb0, 0x00, 0x00, 0xbf,
    0x80, 0x4f, 0xb0, 0x00, 0x00, 0xbf, 0x80, 0x4f, 0xb0, 0x00, 0x00, 0xbf, 0x80, 0x4f, 0xe0, 0x00,
    0x00, 0xbf, 0x70, 0x0c, 0xf7, 0x00, 0x03, 0xfe, 0x10, 0x01, 0xaf, 0x90, 0x6f, 0xa3, 0x00, 0xff,
    0xff, 0xb0, 0x8f, 0xff, 0xf0, 0xff, 0xff, 0xb0, 0x8f, 0xff, 0xf0, 0x1a, 0xb3, 0x01, 0xab, 0x24,
    0xff, 0x80, 0x5f, 0xf8, 0x2e, 0xf5, 0x02, 0xef, 0x40, 0x00, 0x00, 0x00, 0x00, 0x00, 0x00, 0x00,
    0x00, 0x0b, 0xff, 0xff, 0xff, 0xff, 0xbf, 0xff, 0xff, 0xff, 0xf0, 0x00, 0x8f, 0xb0, 0x00, 0x00,
    0x08, 0xfb, 0x00, 0x00, 0x00, 0x8f, 0xb0, 0x00, 0x00, 0x08, 0xfb, 0x00, 0x00, 0x00, 0x8f, 0xb0,
    0x00, 0x00, 0x08, 0xfb, 0x00, 0x00, 0x00, 0x8f, 0xb0, 0x00, 0x00, 0x08, 0xfb, 0x00, 0x00, 0x00,
    0x8f, 0xb0, 0x00, 0x00, 0x08, 0xfb, 0x00, 0x00, 0x00, 0x8f, 0xb0, 0x00, 0x00, 0x08, 0xfb, 0x00,
    0x0b, 0xff, 0xff, 0xff, 0xff, 0xbf, 0xff, 0xff, 0xff, 0xf0, 0x00, 0x1a, 0xb3, 0x01, 0xab, 0x20,
    0x00, 0x04, 0xff, 0x80, 0x5f, 0xf8, 0x00, 0x00, 0x2e, 0xf5, 0x02, 0xef, 0x40, 0x00, 0x00, 0x00,
    0x00, 0x00, 0x00, 0x00, 0x00, 0x00, 0x00, 0x00, 0x00, 0x00, 0x01, 0xef, 0x40, 0x00, 0x00, 0x1e,
    0xf4, 0x08, 0xfb, 0x00, 0x00, 0x08, 0xfb, 0x00, 0x2f, 0xf4, 0x00, 0x00, 0xef, 0x40, 0x00, 0x9f,
    0x90, 0x00, 0x6f, 0xc0, 0x00, 0x02, 0xff, 0x20, 0x0d, 0xf6, 0x00, 0x00, 0x09, 0xf9, 0x06, 0xfd,
    0x00, 0x00, 0x00, 0x2f, 0xf2, 0xcf, 0x60, 0x00, 0x00, 0x00, 0xaf, 0x9f, 0xd0, 0x00, 0x00, 0x00,
    0x04, 0xff, 0xf6, 0x00, 0x00, 0x00, 0x00, 0x0b, 0xfe, 0x10, 0x00, 0x00, 0x00, 0x00, 0x8f, 0xb0,
    0x00, 0x00, 0x00, 0x00, 0x08, 0xfb, 0x00, 0x00, 0x00, 0x00, 0x00, 0x8f, 0xb0, 0x00, 0x00, 0x00,
    0x00, 0x08, 0xfb, 0x00, 0x00, 0x00, 0x00, 0x00, 0x8f, 0xb0, 0x00, 0x00, 0x00, 0x00, 0x08, 0xfb,
    0x00, 0x00, 0x00, 0x00, 0x00, 0x00, 0x34, 0x30, 0x00, 0x00, 0x00, 0x3f, 0xe3, 0x00, 0x00, 0x00,
    0x1e, 0xf6, 0x00, 0x00, 0x00, 0x08, 0xb8, 0x00, 0x00, 0x00, 0x00, 0x00, 0x00, 0x00, 0x00, 0x00,
    0x24, 0x40, 0x00, 0x00, 0x00, 0x8f, 0xff, 0xe3, 0xff, 0x40, 0x8f, 0xfc, 0x8b, 0xdf, 0xf4, 0x0e,
    0xf8, 0x00, 0x07, 0xef, 0x44, 0xff, 0x10, 0x00, 0x0f, 0xf4, 0x4f, 0xf0, 0x00, 0x00, 0xff, 0x44,
    0xff, 0x00, 0x00, 0x0f, 0xf4, 0x4f, 0xf0, 0x00, 0x00, 0xff, 0x44, 0xff, 0x00, 0x00, 0x0f, 0xf4,
    0x3f, 0xf1, 0x00, 0x01, 0xff, 0x40, 0xef, 0x90, 0x00, 0x8f, 0xf4, 0x08, 0xff, 0xdb, 0xcd, 0xff,
    0x40, 0x08, 0xff, 0xfd, 0x3f, 0xf4, 0x00, 0x01, 0x43, 0x00, 0x00, 0x00, 0x00, 0x00, 0x00, 0x24,
    0x30, 0x00, 0x00, 0x00, 0x2e, 0xf5, 0x00, 0x00, 0x00, 0x0c, 0xf8, 0x00, 0x00, 0x00, 0x06, 0xb8,
    0x00, 0x00, 0x00, 0x00, 0x00, 0x00, 0x00, 0x00, 0x00, 0x14, 0x44, 0x30, 0x00, 0x01, 0xaf, 0xff,
    0xff, 0xd4, 0x00, 0xcf, 0xfa, 0x88, 0xcf, 0xf2, 0x2f, 0xf4, 0x00, 0x00, 0xcf, 0x81, 0xff, 0x20,
    0x00, 0x00, 0x00, 0x08, 0xfc, 0x44, 0x43, 0x00, 0x00, 0x08, 0xef, 0xff, 0xb0, 0x00, 0x0c, 0xff,
    0xbb, 0xb8, 0x00, 0x05, 0xff, 0x30, 0x00, 0x00, 0x00, 0x8f, 0xb0, 0x00, 0x00, 0x24, 0x35, 0xff,
    0x30, 0x00, 0x0a, 0xfa, 0x0c, 0xff, 0xbb, 0xbd, 0xff, 0x40, 0x19, 0xef, 0xff, 0xfc, 0x40, 0x00,
    0x00, 0x24, 0x40, 0x00, 0x00, 0x00, 0x00, 0x00, 0x24, 0x40, 0x00, 0x00, 0x00, 0x1d, 0xf6, 0x00,
    0x00, 0x00, 0x0a, 0xf9, 0x00, 0x00, 0x00, 0x04, 0xba, 0x00, 0x00, 0x00, 0x00, 0x00, 0x00, 0x00,
    0x00, 0x00, 0x00, 0x44, 0x30, 0x00, 0x0f, 0xf3, 0xdf, 0xff, 0xb1, 0x00, 0xff, 0xac, 0x89, 0xff,
    0xb0, 0x0f, 0xf9, 0x00, 0x06, 0xff, 0x20, 0xff, 0x40, 0x00, 0x0f, 0xf4, 0x0f, 0xf0, 0x00, 0x00,
    0xbf, 0x40, 0xff, 0x00, 0x00, 0x0b, 0xf4, 0x0f, 0xf0, 0x00, 0x00, 0xbf, 0x40, 0xff, 0x00, 0x00,
    0x0b, 0xf4, 0x0f, 0xf0, 0x00, 0x00, 0xbf, 0x40, 0xff, 0x00, 0x00, 0x0b, 0xf4, 0x0f, 0xf0, 0x00,
    0x00, 0xbf, 0x40, 0xff, 0x00, 0x00, 0x0b, 0xf4, 0x00, 0x00, 0x00, 0x34, 0x30, 0x00, 0x00, 0x00,
    0x03, 0xff, 0x30, 0x00, 0x00, 0x00, 0x1d, 0xf6, 0x00, 0x00, 0x00, 0x00, 0x7b, 0x80, 0x00, 0x00,
    0x00, 0x00, 0x00, 0x00, 0x00, 0x00, 0x00, 0x00, 0x00, 0x00, 0x00, 0x00, 0xbf, 0xff, 0xff, 0x80,
    0x00, 0x00, 0xbf, 0xff, 0xff, 0x80, 0x00, 0x00, 0x00, 0x00, 0x8f, 0x80, 0x00, 0x00, 0x00, 0x00,
    0x8f, 0x80, 0x00, 0x00, 0x00, 0x00, 0x8f, 0x80, 0x00, 0x00, 0x00, 0x00, 0x8f, 0x80, 0x00, 0x00,
    0x00, 0x00, 0x8f, 0x80, 0x00, 0x00, 0x00, 0x00, 0x8f, 0x80, 0x00, 0x00, 0x00, 0x00, 0x8f, 0x80,
    0x00, 0x00, 0x00, 0x00, 0x7f, 0xd1, 0x00, 0x00, 0x00, 0x00, 0x2e, 0xff, 0xff, 0xf4, 0x00, 0x00,
    0x03, 0xaf, 0xff, 0xf4, 0x00, 0x00, 0x01, 0xde, 0x10, 0x00, 0x00, 0x00, 0x8f, 0x50, 0x00, 0x00,
    0x01, 0x2e, 0xa1, 0x10, 0x00, 0x2e, 0xf5, 0x02, 0xef, 0x50, 0x04, 0xff, 0x80, 0x6f, 0xf8, 0x00,
    0x19, 0xa3, 0x01, 0xaa, 0x20, 0x00, 0x00, 0x00, 0x00, 0x00, 0x00, 0x00, 0x00, 0x00, 0x00, 0x00,
    0x0f, 0xf0, 0x00, 0x00, 0xbf, 0x40, 0xff, 0x00, 0x00, 0x0b, 0xf4, 0x0f, 0xf0, 0x00, 0x00, 0xbf,
    0x40, 0xff, 0x00, 0x00, 0x0b, 0xf4, 0x0f, 0xf0, 0x00, 0x00, 0xbf, 0x40, 0xff, 0x00, 0x00, 0x0b,
    0xf4, 0x0f, 0xf0, 0x00, 0x00, 0xbf, 0x40, 0xff, 0x00, 0x00, 0x0c, 0xf4, 0x0f, 0xf3, 0x00, 0x00,
    0xff, 0x40, 0xbf, 0xa0, 0x00, 0x8f, 0xe0, 0x04, 0xff, 0xdb, 0xcf, 0xf6, 0x00, 0x04, 0xdf, 0xff,
    0xd5, 0x00, 0x00, 0x00, 0x24, 0x30, 0x00, 0x00, 0x00, 0x02, 0x44, 0x00, 0x00, 0x00, 0x08, 0xff,
    0xfe, 0x3f, 0xf4, 0x08, 0xff, 0xc8, 0xbd, 0xff, 0x40, 0xef, 0x80, 0x00, 0x7e, 0xf4, 0x4f, 0xf1,
    0x00, 0x00, 0xff, 0x44, 0xff, 0x00, 0x00, 0x0f, 0xf4, 0x4f, 0xf0, 0x00, 0x00, 0xff, 0x44, 0xff,
    0x00, 0x00, 0x0f, 0xf4, 0x4f, 0xf0, 0x00, 0x00, 0xff, 0x43, 0xff, 0x10, 0x00, 0x1f, 0xf4, 0x0e,
    0xf9, 0x00, 0x08, 0xff, 0x40, 0x8f, 0xfd, 0xbc, 0xdf, 0xf4, 0x00, 0x8f, 0xff, 0xd3, 0xff, 0x40,
    0x00, 0x14, 0x30, 0x00, 0x00, 0x00, 0x00, 0x34, 0x40, 0x00, 0x00, 0x04, 0xdf, 0xff, 0xe8, 0x00,
    0x03, 0xff, 0xdb, 0xcf, 0xf8, 0x00, 0xaf, 0xa0, 0x00, 0x7f, 0xe0, 0x0f, 0xf4, 0x00, 0x00, 0xff,
    0x40, 0xff, 0x00, 0x00, 0x0f, 0xf1, 0x0f, 0xf0, 0x00, 0x07, 0xfb, 0x00, 0xff, 0x02, 0x8a, 0xfb,
    0x10, 0x0f, 0xf0, 0x4f, 0xfe, 0x91, 0x00, 0xff, 0x01, 0x44, 0xaf, 0xe1, 0x0f, 0xf0, 0x00, 0x00,
    0xbf, 0x90, 0xff, 0x00, 0x00, 0x05, 0xfd, 0x0f, 0xf1, 0x00, 0x00, 0x4f, 0xf0, 0xff, 0x50, 0x00,
    0x08, 0xfc, 0x0f, 0xfd, 0x30, 0x04, 0xef, 0x80, 0xff, 0xaf, 0xcc, 0xff, 0xd1, 0x0f, 0xf1, 0xcf,
    0xff, 0xb2, 0x00, 0xff, 0x00, 0x34, 0x10, 0x00, 0x0f, 0xf0, 0x00, 0x00, 0x00, 0x00, 0xff, 0x00,
    0x00, 0x00, 0x00, 0x0f, 0xf0, 0x00, 0x00, 0x00, 0x00, 0x00, 0x00, 0x00, 0x00, 0x00, 0x08, 0xfa,
    0x00, 0x00, 0x07, 0xfc, 0x3f, 0xf1, 0x00, 0x00, 0xcf, 0x70, 0xdf, 0x60, 0x00, 0x2f, 0xf1, 0x08,
    0xfa, 0x00, 0x06, 0xfa, 0x00, 0x2f, 0xf1, 0x00, 0xaf, 0x60, 0x00, 0xcf, 0x60, 0x1f, 0xe1, 0x00,
    0x07, 0xfa, 0x06, 0xf9, 0x00, 0x00, 0x2f, 0xf1, 0xaf, 0x50, 0x00, 0x00, 0xaf, 0x6f, 0xe0, 0x00,
    0x00, 0x06, 0xfc, 0xf9, 0x00, 0x00, 0x00, 0x1f, 0xff, 0x30, 0x00, 0x00, 0x00, 0x9f, 0xd0, 0x00,
    0x00, 0x00, 0x08, 0xfb, 0x00, 0x00, 0x00, 0x00, 0x8f, 0xb0, 0x00, 0x00, 0x00, 0x08, 0xfb, 0x00,
    0x00, 0x00, 0x00, 0x8f, 0xb0, 0x00, 0x00, 0x00, 0x00, 0x00, 0x00, 0x00, 0x00, 0xbf, 0xff, 0xff,
    0xff, 0xf0, 0x0b, 0xff, 0xbb, 0xbb, 0xbb, 0x00, 0x1a, 0xfc, 0x20, 0x00, 0x00, 0x00, 0x07, 0xfe,
    0x60, 0x00, 0x00, 0x00, 0x07, 0xff, 0x80, 0x00, 0x00, 0x7e, 0xff, 0xff, 0x80, 0x00, 0x7f, 0xfb,
    0x88, 0xef, 0x40, 0x0e, 0xf8, 0x00, 0x06, 0xfd, 0x03, 0xff, 0x10, 0x00, 0x0f, 0xf3, 0x4f, 0xf0,
    0x00, 0x00, 0xcf, 0x64, 0xff, 0x00, 0x00, 0x0b, 0xf8, 0x4f, 0xf0, 0x00, 0x00, 0xcf, 0x73, 0xff,
    0x10, 0x00, 0x1f, 0xf4, 0x0d, 0xf9, 0x00, 0x09, 0xfe, 0x00, 0x5f, 0xfd, 0xbd, 0xff, 0x60, 0x00,
    0x4d, 0xff, 0xfd, 0x60, 0x00, 0x00, 0x02, 0x43, 0x00, 0x00, 0x00, 0x01, 0x44, 0x43, 0x00, 0x00,
    0x1a, 0xff, 0xff, 0xfd, 0x40, 0x0c, 0xff, 0xa8, 0x8c, 0xff, 0x22, 0xff, 0x40, 0x00, 0x0c, 0xf8,
    0x1f, 0xf2, 0x00, 0x00, 0x00, 0x00, 0x8f, 0xc4, 0x44, 0x30, 0x00, 0x00, 0x8e, 0xff, 0xfb, 0x00,
    0x00, 0xcf, 0xfb, 0xbb, 0x80, 0x00, 0x5f, 0xf3, 0x00, 0x00, 0x00, 0x08, 0xfb, 0x00, 0x00, 0x02,
    0x43, 0x5f, 0xf3, 0x00, 0x00, 0xaf, 0xa0, 0xcf, 0xfb, 0xbb, 0xdf, 0xf4, 0x01, 0x9e, 0xff, 0xff,
    0xc4, 0x00, 0x00, 0x02, 0x44, 0x00, 0x00, 0x00, 0x00, 0x00, 0x00, 0x00, 0x08, 0xff, 0xff, 0xff,
    0xff, 0xf4, 0x8f, 0xff, 0xff, 0xff, 0xff, 0x40, 0x00, 0x00, 0x03, 0xef, 0xa1, 0x00, 0x00, 0x06,
    0xef, 0x90, 0x00, 0x00, 0x08, 0xff, 0x70, 0x00, 0x00, 0x09, 0xff, 0x60, 0x00, 0x00, 0x09, 0xfe,
    0x50, 0x00, 0x00, 0x07, 0xff, 0x40, 0x00, 0x00, 0x02, 0xff, 0x70, 0x00, 0x00, 0x00, 0x7f, 0xd0,
    0x00, 0x00, 0x00, 0x0b, 0xf8, 0x00, 0x00, 0x00, 0x00, 0xaf, 0xb0, 0x00, 0x00, 0x00, 0x06, 0xff,
    0x81, 0x00, 0x00, 0x00, 0x09, 0xff, 0xfa, 0x72, 0x00, 0x00, 0x07, 0xdf, 0xff, 0xfc, 0x40, 0x00,
    0x00, 0x48, 0xcf, 0xfe, 0x20, 0x00, 0x00, 0x00, 0x2e, 0xf4, 0x00, 0x00, 0x00, 0x02, 0xff, 0x20,
    0x00, 0x00, 0x00, 0xaf, 0x90, 0x00, 0x00, 0x00, 0x07, 0xd1, 0x00, 0x00, 0x00, 0x00, 0x00, 0x00,
    0x00, 0x00, 0x04, 0x43, 0x00, 0x00, 0xff, 0x3d, 0xff, 0xfb, 0x10, 0x0f, 0xfa, 0xc8, 0x9f, 0xfb,
    0x00, 0xff, 0x90, 0x00, 0x6f, 0xf2, 0x0f, 0xf4, 0x00, 0x00, 0xff, 0x40, 0xff, 0x00, 0x00, 0x0b,
    0xf4, 0x0f, 0xf0, 0x00, 0x00, 0xbf, 0x40, 0xff, 0x00, 0x00, 0x0b, 0xf4, 0x0f, 0xf0, 0x00, 0x00,
    0xbf, 0x40, 0xff, 0x00, 0x00, 0x0b, 0xf4, 0x0f, 0xf0, 0x00, 0x00, 0xbf, 0x40, 0xff, 0x00, 0x00,
    0x0b, 0xf4, 0x0f, 0xf0, 0x00, 0x00, 0xbf, 0x40, 0x00, 0x00, 0x00, 0x00, 0x00, 0x00, 0x03, 0xaf,
    0xff, 0xb4, 0x00, 0x03, 0xef, 0xfc, 0xff, 0xf6, 0x00, 0xbf, 0xc1, 0x00, 0x9f, 0xe0, 0x0f, 0xf3,
    0x00, 0x00, 0xff, 0x44, 0xff, 0x00, 0x00, 0x0b, 0xf4, 0x4f, 0xf0, 0x00, 0x00, 0xbf, 0x44, 0xff,
    0x00, 0x00, 0x0b, 0xf4, 0x4f, 0xff, 0xff, 0xff, 0xff, 0x44, 0xff, 0xff, 0xff, 0xff, 0xf4, 0x4f,
    0xf0, 0x00, 0x00, 0xbf, 0x44, 0xff, 0x00, 0x00, 0x0b, 0xf4, 0x4f, 0xf0, 0x00, 0x00, 0xbf, 0x41,
    0xff, 0x20, 0x00, 0x0e, 0xf4, 0x0c, 0xf9, 0x00, 0x07, 0xfe, 0x10, 0x5f, 0xfd, 0xbc, 0xff, 0x80,
    0x00, 0x5d, 0xff, 0xfe, 0x70, 0x00, 0x00, 0x02, 0x43, 0x00, 0x00, 0x00, 0x00, 0x00, 0x00, 0x00,
    0x00, 0xbf, 0xff, 0xff, 0x80, 0x00, 0x00, 0xbf, 0xff, 0xff, 0x80, 0x00, 0x00, 0x00, 0x00, 0x8f,
    0x80, 0x00, 0x00, 0x00, 0x00, 0x8f, 0x80, 0x00, 0x00, 0x00, 0x00, 0x8f, 0x80, 0x00, 0x00, 0x00,
    0x00, 0x8f, 0x80, 0x00, 0x00, 0x00, 0x00, 0x8f, 0x80, 0x00, 0x00, 0x00, 0x00, 0x8f, 0x80, 0x00,
    0x00, 0x00, 0x00, 0x8f, 0x80, 0x00, 0x00, 0x00, 0x00, 0x7f, 0xd1, 0x00, 0x00, 0x00, 0x00, 0x2e,
    0xff, 0xff, 0xf4, 0x00, 0x00, 0x03, 0xaf, 0xff, 0xf4, 0x00, 0x00, 0x00, 0x00, 0x00, 0x0b, 0xf4,
    0x00, 0x00, 0x8f, 0xd1, 0xbf, 0x40, 0x00, 0x4f, 0xf4, 0x0b, 0xf4, 0x00, 0x1d, 0xf8, 0x00, 0xbf,
    0x40, 0x08, 0xfd, 0x10, 0x0b, 0xf7, 0x45, 0xff, 0x40, 0x00, 0xbf, 0xff, 0xff, 0x90, 0x00, 0x0b,
    0xfc, 0xbc, 0xfe, 0x10, 0x00, 0xbf, 0x40, 0x1d, 0xf9, 0x00, 0x0b, 0xf4, 0x00, 0x4f, 0xf4, 0x00,
    0xbf, 0x40, 0x00, 0xaf, 0xd1, 0x0b, 0xf4, 0x00, 0x01, 0xef, 0x80, 0xbf, 0x40, 0x00, 0x05, 0xff,
    0x30, 0x00, 0x00, 0x00, 0x00, 0x00, 0x00, 0x00, 0x0d, 0xf6, 0x00, 0x00, 0x00, 0x00, 0x08, 0xfc,
    0x00, 0x00, 0x00, 0x00, 0x02, 0xff, 0x20, 0x00, 0x00, 0x00, 0x00, 0xaf, 0x80, 0x00, 0x00, 0x00,
    0x00, 0x9f, 0xd0, 0x00, 0x00, 0x00, 0x01, 0xef, 0xf5, 0x00, 0x00, 0x00, 0x06, 0xfd, 0xf9, 0x00,
    0x00, 0x00, 0x0c, 0xf6, 0xff, 0x10, 0x00, 0x00, 0x2f, 0xe0, 0xcf, 0x60, 0x00, 0x00, 0x8f, 0x90,
    0x7f, 0xc0, 0x00, 0x00, 0xdf, 0x50, 0x2f, 0xf2, 0x00, 0x05, 0xfe, 0x00, 0x0a, 0xf8, 0x00, 0x09,
    0xf9, 0x00, 0x06, 0xfd, 0x00, 0x1f, 0xf3, 0x00, 0x01, 0xff, 0x40, 0x6f, 0xd0, 0x00, 0x00, 0x9f,
    0x90, 0xcf, 0x80, 0x00, 0x00, 0x5f, 0xe1, 0x00, 0x00, 0x00, 0x00, 0x00, 0x00, 0xff, 0x40, 0x00,
    0x0f, 0xf4, 0x0f, 0xf4, 0x00, 0x00, 0xff, 0x40, 0xff, 0x40, 0x00, 0x0f, 0xf4, 0x0f, 0xf4, 0x00,
    0x00, 0xff, 0x40, 0xff, 0x40, 0x00, 0x0f, 0xf4, 0x0f, 0xf4, 0x00, 0x00, 0xff, 0x40, 0xff, 0x40,
    0x00, 0x0f, 0xf4, 0x0f, 0xf4, 0x00, 0x00, 0xff, 0x40, 0xff, 0x40, 0x00, 0x1f, 0xf4, 0x0f, 0xf9,
    0x00, 0x08, 0xef, 0x40, 0xff, 0xbd, 0xbc, 0xeb, 0xf4, 0x0f, 0xf6, 0xff, 0xf6, 0xbf, 0x40, 0xff,
    0x41, 0x42, 0x00, 0x00, 0x0f, 0xf4, 0x00, 0x00, 0x00, 0x00, 0xff, 0x40, 0x00, 0x00, 0x00, 0x0f,
    0xf4, 0x00, 0x00, 0x00, 0x00, 0x00, 0x00, 0x00, 0x00, 0x00, 0x00, 0xaf, 0x90, 0x00, 0x00, 0x6f,
    0xe0, 0x6f, 0xe0, 0x00, 0x00, 0xaf, 0x80, 0x1f, 0xf4, 0x00, 0x01, 0xff, 0x30, 0x0a, 0xf8, 0x00,
    0x06, 0xfd, 0x00, 0x06, 0xfd, 0x00, 0x0a, 0xf8, 0x00, 0x01, 0xff, 0x30, 0x0e, 0xf3, 0x00, 0x00,
    0xaf, 0x80, 0x5f, 0xd0, 0x00, 0x00, 0x5f, 0xd0, 0x9f, 0x80, 0x00, 0x00, 0x0e, 0xf3, 0xef, 0x30,
    0x00, 0x00, 0x09, 0xf9, 0xfd, 0x00, 0x00, 0x00, 0x05, 0xfe, 0xf8, 0x00, 0x00, 0x00, 0x00, 0xef,
    0xf3, 0x00, 0x00, 0x00, 0x00, 0x14, 0x42, 0x00, 0x00, 0x02, 0xbf, 0xff, 0xfc, 0x30, 0x01, 0xef,
    0xfb, 0xbd, 0xfe, 0x30, 0x7f, 0xe3, 0x00, 0x1b, 0xfa, 0x0b, 0xf8, 0x00, 0x00, 0x38, 0x70, 0x9f,
    0x80, 0x00, 0x00, 0x00, 0x04, 0xfe, 0x20, 0x00, 0x00, 0x00, 0x06, 0xef, 0xbb, 0xbb, 0x30, 0x00,
    0x5c, 0xff, 0xff, 0xf4, 0x00, 0x6f, 0xf9, 0x44, 0x44, 0x10, 0x0e, 0xf8, 0x00, 0x00, 0x00, 0x04,
    0xff, 0x10, 0x00, 0x00, 0x00, 0x3f, 0xf3, 0x00, 0x00, 0x00, 0x00, 0xdf, 0xc2, 0x00, 0x00, 0x00,
    0x03, 0xef, 0xfa, 0x62, 0x00, 0x00, 0x03, 0xbf, 0xff, 0xfc, 0x60, 0x00, 0x00, 0x27, 0xbf, 0xff,
    0x80, 0x00, 0x00, 0x00, 0x1a, 0xfb, 0x00, 0x00, 0x00, 0x00, 0x8f, 0x80, 0x00, 0x00, 0x00, 0x2f,
    0xe2, 0x00, 0x00, 0x00, 0x03, 0xb8, 0x00, 0x00, 0x00, 0x00, 0x00, 0x00, 0x00, 0x00, 0x34, 0x40,
    0x00, 0x00, 0x05, 0xdf, 0xff, 0xe8, 0x00, 0x05, 0xff, 0xcb, 0xcf, 0xf8, 0x00, 0xdf, 0x80, 0x00,
    0x6f, 0xf2, 0x3f, 0xf1, 0x00, 0x00, 0xcf, 0x54, 0xff, 0x00, 0x00, 0x0b, 0xf8, 0x4f, 0xf0, 0x00,
    0x00, 0xbf, 0x84, 0xff, 0x00, 0x00, 0x0b, 0xf8, 0x4f, 0xf0, 0x00, 0x00, 0xbf, 0x82, 0xff, 0x10,
    0x00, 0x0d, 0xf5, 0x0d, 0xf9, 0x00, 0x06, 0xff, 0x10, 0x5f, 0xfd, 0xbd, 0xff, 0x80, 0x00, 0x4c,
    0xff, 0xfd, 0x50, 0x00, 0x00, 0x01, 0x42, 0x00, 0x00, 0x00, 0x00, 0x00, 0x00, 0x00, 0x00, 0x08,
    0xff, 0xff, 0xff, 0xff, 0xff, 0xf4, 0x6b, 0xef, 0xdb, 0xbb, 0xff, 0xbb, 0x30, 0x0b, 0xf8, 0x00,
    0x0f, 0xf0, 0x00, 0x00, 0xbf, 0x80, 0x00, 0xff, 0x00, 0x00, 0x0b, 0xf8, 0x00, 0x0f, 0xf0, 0x00,
    0x00, 0xbf, 0x80, 0x00, 0xff, 0x00, 0x00, 0x0b, 0xf8, 0x00, 0x0f, 0xf0, 0x00, 0x00, 0xbf, 0x80,
    0x00, 0xff, 0x00, 0x00, 0x0b, 0xf8, 0x00, 0x0f, 0xf2, 0x00, 0x00, 0xbf, 0x80, 0x00, 0xcf, 0x80,
    0x00, 0x0b, 0xf8, 0x00, 0x05, 0xff, 0xf4, 0x00, 0xbf, 0x80, 0x00, 0x06, 0xef, 0x40, 0x00, 0x00,
    0x00, 0x00, 0x00, 0x00, 0x00, 0x00, 0x44, 0x41, 0x00, 0x00, 0x05, 0xdf, 0xff, 0xf8, 0x00, 0x04,
    0xff, 0xc8, 0xaf, 0xf8, 0x00, 0xaf, 0xa0, 0x00, 0x6f, 0xf1, 0x0f, 0xf4, 0x00, 0x00, 0xef, 0x40,
    0xff, 0x40, 0x00, 0x0b, 0xf4, 0x0f, 0xf4, 0x00, 0x00, 0xbf, 0x40, 0xff, 0x40, 0x00, 0x0b, 0xf4,
    0x0f, 0xf4, 0x00, 0x00, 0xbf, 0x40, 0xff, 0x50, 0x00, 0x0f, 0xf4, 0x0f, 0xfa, 0x00, 0x07, 0xff,
    0x10, 0xff, 0x9d, 0xbc, 0xff, 0x80, 0x0f, 0xf5, 0xbf, 0xff, 0x91, 0x00, 0xff, 0x40, 0x24, 0x10,
    0x00, 0x0f, 0xf4, 0x00, 0x00, 0x00, 0x00, 0xff, 0x40, 0x00, 0x00, 0x00, 0x0f, 0xf4, 0x00, 0x00,
    0x00, 0x00, 0x00, 0x00, 0x34, 0x42, 0x00, 0x00, 0x05, 0xdf, 0xff, 0xfa, 0x10, 0x04, 0xff, 0xd8,
    0xae, 0xfc, 0x00, 0xcf, 0xa0, 0x00, 0x3e, 0xf6, 0x0f, 0xf3, 0x00, 0x00, 0x9f, 0x80, 0xff, 0x00,
    0x00, 0x00, 0x00, 0x0f, 0xf0, 0x00, 0x00, 0x00, 0x00, 0xff, 0x00, 0x00, 0x00, 0x00, 0x0f, 0xf2,
    0x00, 0x00, 0x00, 0x00, 0xdf, 0x90, 0x00, 0x00, 0x00, 0x05, 0xff, 0xc7, 0x20, 0x00, 0x00, 0x06,
    0xef, 0xff, 0xd8, 0x00, 0x00, 0x01, 0x6a, 0xff, 0xf8, 0x00, 0x00, 0x00, 0x01, 0x8f, 0xb0, 0x00,
    0x00, 0x00, 0x08, 0xf9, 0x00, 0x00, 0x00, 0x02, 0xef, 0x30, 0x00, 0x00, 0x00, 0x2b, 0x80, 0x00,
    0x00, 0x00, 0x00, 0x00, 0x00, 0x00, 0x00, 0x00, 0x00, 0x00, 0x00, 0x00, 0x3a, 0xff, 0xff, 0xff,
    0xf8, 0x03, 0xef, 0xfb, 0xef, 0xbb, 0xb6, 0x0c, 0xfa, 0x10, 0x09, 0xe6, 0x00, 0x2f, 0xf2, 0x00,
    0x01, 0xff, 0x20, 0x4f, 0xf0, 0x00, 0x00, 0xdf, 0x40, 0x4f, 0xf0, 0x00, 0x00, 0xbf, 0x40, 0x4f,
    0xf0, 0x00, 0x00, 0xbf, 0x40, 0x4f, 0xf0, 0x00, 0x00, 0xcf, 0x40, 0x2f, 0xf1, 0x00, 0x00, 0xff,
    0x40, 0x0d, 0xf9, 0x00, 0x09, 0xfe, 0x00, 0x05, 0xff, 0xdb, 0xdf, 0xf6, 0x00, 0x00, 0x5d, 0xff,
    0xfd, 0x50, 0x00, 0x00, 0x00, 0x24, 0x30, 0x00, 0x00, 0x00, 0x00, 0x00, 0x00, 0x00, 0x00, 0x0f,
    0xff, 0xff, 0xff, 0xff, 0xf8, 0x0f, 0xff, 0xff, 0xff, 0xff, 0xf8, 0x00, 0x00, 0x4f, 0xb0, 0x00,
    0x00, 0x00, 0x00, 0x4f, 0xb0, 0x00, 0x00, 0x00, 0x00, 0x4f, 0xb0, 0x00, 0x00, 0x00, 0x00, 0x4f,
    0xb0, 0x00, 0x00, 0x00, 0x00, 0x4f, 0xb0, 0x00, 0x00, 0x00, 0x00, 0x4f, 0xb0, 0x00, 0x00, 0x00,
    0x00, 0x4f, 0xb0, 0x00, 0x00, 0x00, 0x00, 0x4f, 0xf3, 0x00, 0x00, 0x00, 0x00, 0x0d, 0xff, 0xff,
    0xf8, 0x00, 0x00, 0x02, 0xaf, 0xff, 0xf8, 0x00, 0x00, 0x00, 0x00, 0x00, 0x00, 0xff, 0x00, 0x00,
    0x0b, 0xf4, 0x0f, 0xf0, 0x00, 0x00, 0xbf, 0x40, 0xff, 0x00, 0x00, 0x0b, 0xf4, 0x0f, 0xf0, 0x00,
    0x00, 0xbf, 0x40, 0xff, 0x00, 0x00, 0x0b, 0xf4, 0x0f, 0xf0, 0x00, 0x00, 0xbf, 0x40, 0xff, 0x00,
    0x00, 0x0b, 0xf4, 0x0f, 0xf0, 0x00, 0x00, 0xcf, 0x40, 0xff, 0x30, 0x00, 0x0f, 0xf4, 0x0b, 0xfa,
    0x00, 0x08, 0xfe, 0x00, 0x4f, 0xfd, 0xbc, 0xff, 0x60, 0x00, 0x4d, 0xff, 0xfd, 0x50, 0x00, 0x00,
    0x02, 0x43, 0x00, 0x00, 0x00, 0x11, 0x00, 0x00, 0x00, 0x00, 0x06, 0xe4, 0x4f, 0xff, 0xb3, 0x00,
    0x2f, 0xf4, 0x4f, 0xbc, 0xfe, 0x30, 0x9f, 0xa0, 0x4f, 0x80, 0x7f, 0xb0, 0xcf, 0x40, 0x4f, 0x80,
    0x0f, 0xf0, 0xff, 0x10, 0x4f, 0x80, 0x0f, 0xf0, 0xff, 0x00, 0x4f, 0x80, 0x0f, 0xf0, 0xff, 0x00,
    0x4f, 0x80, 0x0f, 0xf0, 0xff, 0x00, 0x4f, 0x80, 0x0f, 0xf0, 0xbf, 0x50, 0x4f, 0x80, 0x1f, 0xf0,
    0x8f, 0xc1, 0x4f, 0x80, 0x9f, 0xa0, 0x1c, 0xfe, 0xcf, 0xdd, 0xfe, 0x20, 0x01, 0x8d, 0xff, 0xfe,
    0x92, 0x00, 0x00, 0x00, 0x8f, 0xb0, 0x00, 0x00, 0x00, 0x00, 0x8f, 0xb0, 0x00, 0x00, 0x00, 0x00,
    0x8f, 0xb0, 0x00, 0x00, 0x00, 0x00, 0x8f, 0xb0, 0x00, 0x00, 0x00, 0x00, 0x00, 0x00, 0x00, 0x00,
    0x5f, 0xf4, 0x00, 0x01, 0xef, 0x80, 0x08, 0xfc, 0x00, 0x09, 0xfc, 0x00, 0x01, 0xdf, 0x80, 0x4f,
    0xf3, 0x00, 0x00, 0x4f, 0xf2, 0xdf, 0x80, 0x00, 0x00, 0x08, 0xfd, 0xfc, 0x00, 0x00, 0x00, 0x01,
    0xdf, 0xf3, 0x00, 0x00, 0x00, 0x03, 0xff, 0xf7, 0x00, 0x00, 0x00, 0x1d, 0xf8, 0xfe, 0x20, 0x00,
    0x00, 0x8f, 0xc0, 0x9f, 0xb0, 0x00, 0x04, 0xff, 0x30, 0x1e, 0xf8, 0x00, 0x1d, 0xf8, 0x00, 0x05,
    0xff, 0x30, 0xaf, 0xd1, 0x00, 0x00, 0xaf, 0xc0, 0x00, 0x00, 0x00, 0x00, 0x00, 0x00, 0xff, 0x00,
    0x4f, 0x80, 0x0f, 0xf0, 0xff, 0x00, 0x4f, 0x80, 0x0f, 0xf0, 0xff, 0x00, 0x4f, 0x80, 0x0f, 0xf0,
    0xff, 0x00, 0x4f, 0x80, 0x0f, 0xf0, 0xff, 0x00, 0x4f, 0x80, 0x0f, 0xf0, 0xff, 0x00, 0x4f, 0x80,
    0x0f, 0xf0, 0xff, 0x00, 0x4f, 0x80, 0x0f, 0xf0, 0xff, 0x00, 0x4f, 0x80, 0x0f, 0xf0, 0xbf, 0x40,
    0x4f, 0x80, 0x1f, 0xf0, 0x8f, 0xa1, 0x4f, 0x80, 0x9f, 0xb0, 0x1c, 0xfe, 0xcf, 0xdd, 0xfe, 0x30,
    0x01, 0x9d, 0xff, 0xfe, 0xa3, 0x00, 0x00, 0x00, 0x8f, 0xb0, 0x00, 0x00, 0x00, 0x00, 0x8f, 0xb0,
    0x00, 0x00, 0x00, 0x00, 0x8f, 0xb0, 0x00, 0x00, 0x00, 0x00, 0x8f, 0xb0, 0x00, 0x00, 0x00, 0x21,
    0x00, 0x01, 0x10, 0x00, 0x06, 0xf4, 0x00, 0x04, 0xf6, 0x00, 0x4f, 0xf4, 0x00, 0x04, 0xff, 0x50,
    0x9f, 0xa0, 0x00, 0x00, 0x8f, 0xc0, 0xbf, 0x40, 0x00, 0x00, 0x1f, 0xf0, 0xef, 0x40, 0x28, 0x40,
    0x0f, 0xf0, 0xff, 0x40, 0x4f, 0x80, 0x0f, 0xf0, 0xff, 0x40, 0x4f, 0x80, 0x0f, 0xf0, 0xff, 0x40,
    0x4f, 0x80, 0x0f, 0xf0, 0xdf, 0x40, 0x4f, 0x80, 0x0f, 0xf0, 0xbf, 0x50, 0x7e, 0x90, 0x1f, 0xf0,
    0x8f, 0xe8, 0xe8, 0xf9, 0xdf, 0xa0, 0x1b, 0xff, 0xb0, 0x8f, 0xfd, 0x20, 0x00, 0x33, 0x00, 0x02,
    0x40, 0x00, 0x01, 0x8b, 0x81, 0x00, 0xaf, 0xff, 0xc0, 0x0f, 0xff, 0xff, 0x40, 0xff, 0xff, 0xf4,
    0x08, 0xff, 0xfc, 0x00, 0x07, 0xa8, 0x10, 0x00, 0x03, 0x44, 0x00, 0x00, 0x1b, 0xff, 0xfd, 0x30,
    0x09, 0xf7, 0x15, 0xed, 0x00, 0xfb, 0x00, 0x08, 0xf3, 0x0f, 0x80, 0x00, 0x8f, 0x40, 0xf8, 0x00,
    0x08, 0xf4, 0x0f, 0x80, 0x00, 0x8f, 0x40, 0xfa, 0x00, 0x08, 0xf4, 0x0c, 0xe3, 0x01, 0xde, 0x00,
    0x3e, 0xfb, 0xef, 0x60, 0x00, 0x28, 0xb9, 0x40, 0x00, 0x8d, 0x18, 0xa1, 0x34, 0x0b, 0xf0, 0xbf,
    0x0b, 0xf0, 0xbf, 0x0b, 0xf0, 0xbf, 0x03, 0x40, 0x00, 0x01, 0x43, 0x00, 0x00, 0x9f, 0x40, 0x00,
    0x5f, 0x80, 0x00, 0x1e, 0xc0, 0x00, 0x0a, 0xf3, 0x06, 0x67, 0xf8, 0x00, 0xbb, 0xed, 0x44, 0x4c,
    0xbf, 0xff, 0xff, 0xfb, 0x44, 0x44, 0x4c, 0xb0, 0x00, 0x00, 0xbb, 0x00, 0x00, 0x06, 0x60, 0x24,
    0x44, 0x44, 0x30, 0x8f, 0xff, 0xff, 0xb0, 0x8f, 0x74, 0x44, 0x30, 0x8f, 0x40, 0x00, 0x00, 0x8f,
    0xcb, 0xa6, 0x00, 0x6b, 0xbb, 0xcf, 0x80, 0x00, 0x00, 0x0a, 0xf2, 0x86, 0x00, 0x08, 0xf4, 0xce,
    0x10, 0x1b, 0xf1, 0x5f, 0xfb, 0xdf, 0x80, 0x02, 0x8b, 0x94, 0x00, 0x00, 0x00, 0x24, 0x10, 0x00,
    0x00, 0x1e, 0xb0, 0x00, 0x00, 0x0a, 0xe2, 0x00, 0x00, 0x05, 0xf7, 0x00, 0x00, 0x01, 0xed, 0x9b,
    0x81, 0x00, 0x8f, 0xb8, 0x9f, 0xb0, 0x0e, 0xc0, 0x00, 0x8f, 0x30, 0xf8, 0x00, 0x05, 0xf4, 0x0d,
    0xd1, 0x01, 0xbf, 0x20, 0x5f, 0xeb, 0xef, 0x80, 0x00, 0x38, 0xb9, 0x40, 0x00, 0x34, 0x44, 0x44,
    0x41, 0xbf, 0xff, 0xff, 0xf4, 0xbc, 0x44, 0x4a, 0xf3, 0xbb, 0x00, 0x1e, 0xb0, 0x00, 0x00, 0x8f,
    0x40, 0x00, 0x00, 0xed, 0x00, 0x00, 0x06, 0xf6, 0x00, 0x00, 0x0d, 0xd0, 0x00, 0x00, 0x6f, 0x80,
    0x00, 0x00, 0xce, 0x10, 0x00, 0x01, 0x85, 0x00, 0x00, 0x00, 0x04, 0x44, 0x10, 0x00, 0x3d, 0xff,
    0xfe, 0x60, 0x0a, 0xf4, 0x02, 0xde, 0x00, 0xbb, 0x00, 0x08, 0xf0, 0x05, 0xe7, 0x46, 0xe8, 0x00,
    0x18, 0xef, 0xf9, 0x10, 0x0b, 0xe6, 0x45, 0xcc, 0x00, 0xf8, 0x00, 0x05, 0xf4, 0x0e, 0xb0, 0x00,
    0xaf, 0x30, 0x6f, 0xdb, 0xcf, 0x90, 0x00, 0x48, 0xb9, 0x60, 0x00, 0x00, 0x44, 0x40, 0x00, 0x1c,
    0xff, 0xfd, 0x30, 0xaf, 0x71, 0x5e, 0xd0, 0xfb, 0x00, 0x08, 0xf3, 0xfb, 0x00, 0x08, 0xf3, 0x9f,
    0x74, 0x6e, 0xd0, 0x1b, 0xff, 0xbf, 0x60, 0x00, 0x01, 0xeb, 0x00, 0x00, 0x0a, 0xf2, 0x00, 0x00,
    0x4f, 0x80, 0x00, 0x00, 0x68, 0x00, 0x00, 0x00, 0x3b, 0x60, 0x00, 0x04, 0xf8, 0x00, 0x48, 0x9f,
    0xb8, 0x68, 0xff, 0xff, 0xfb, 0x00, 0x4f, 0x80, 0x00, 0x04, 0xf8, 0x00, 0x00, 0x14, 0x20, 0x00,
    0x24, 0x44, 0x44, 0x48, 0xff, 0xff, 0xff, 0x24, 0x44, 0x44, 0x40, 0x34, 0x44, 0x44, 0x4b, 0xff,
    0xff, 0xff, 0x00, 0x00, 0x00, 0x00, 0x00, 0x00, 0x00, 0x68, 0x88, 0x88, 0x88, 0xbb, 0xbb, 0xbb,
    0x01, 0xdd, 0x00, 0x7f, 0x60, 0x0d, 0xf1, 0x02, 0xfb, 0x00, 0x5f, 0x80, 0x08, 0xf8, 0x00, 0x6f,
    0x80, 0x03, 0xfa, 0x00, 0x0d, 0xe1, 0x00, 0x8f, 0x60, 0x01, 0xdd, 0x00, 0x0d, 0xc0, 0x00, 0x7f,
    0x60, 0x02, 0xfc, 0x00, 0x0c, 0xf1, 0x00, 0x9f, 0x40, 0x08, 0xf4, 0x00, 0x8f, 0x40, 0x0b, 0xf2,
    0x01, 0xfd, 0x00, 0x8f, 0x60, 0x1e, 0xc0, 0x00, 0x34, 0x03, 0x43, 0x00, 0xbf, 0x8f, 0xff, 0x90,
    0xbf, 0x94, 0x5d, 0xf4, 0xbf, 0x10, 0x08, 0xf4, 0xbf, 0x00, 0x08, 0xf4, 0xbf, 0x00, 0x08, 0xf4,
    0xbf, 0x00, 0x08, 0xf4, 0x34, 0x00, 0x02, 0x41, 0x00, 0x00, 0x00, 0x00, 0x00, 0x08, 0xdf, 0xe8,
    0x10, 0x08, 0xfb, 0x8a, 0xfa, 0x00, 0xdd, 0x00, 0x0a, 0xf2, 0x0f, 0x90, 0x00, 0x8f, 0x40, 0xf8,
    0x00, 0x08, 0xf4, 0x0f, 0x80, 0x00, 0x8f, 0x40, 0xf9, 0x00, 0x08, 0xf4, 0x0d, 0xd0, 0x00, 0xaf,
    0x20, 0x7f, 0xb8, 0xaf, 0x80, 0x00, 0x7d, 0xfe, 0x81, 0x00, 0x00, 0x00, 0x00, 0x00, 0x02, 0xaf,
    0xf0, 0x00, 0x7e, 0xec, 0xf0, 0x00, 0xb9, 0x18, 0xf0, 0x00, 0x20, 0x08, 0xf0, 0x00, 0x00, 0x08,
    0xf0, 0x00, 0x00, 0x08, 0xf0, 0x00, 0x00, 0x08, 0xf0, 0x00, 0x00, 0x08, 0xf0, 0x00, 0x68, 0x8b,
    0xf8, 0x84, 0xbf, 0xff, 0xff, 0xf8, 0x00, 0x00, 0x00, 0x00, 0x05, 0xdf, 0xe8, 0x00, 0x4f, 0xc8,
    0xaf, 0x80, 0xaf, 0x10, 0x0c, 0xf0, 0x33, 0x00, 0x0a, 0xf0, 0x00, 0x00, 0x6f, 0x80, 0x00, 0x07,
    0xfb, 0x10, 0x00, 0x9f, 0x90, 0x00, 0x1b, 0xf6, 0x00, 0x00, 0x8f, 0xb8, 0x88, 0x80, 0x8f, 0xff,
    0xff, 0xf0, 0x8f, 0xff, 0xff, 0xb0, 0x48, 0x88, 0x8f, 0xb0, 0x00, 0x03, 0xcb, 0x10, 0x00, 0x3e,
    0xc1, 0x00, 0x00, 0x4f, 0xfe, 0x40, 0x00, 0x00, 0x2d, 0xe0, 0x43, 0x00, 0x08, 0xf4, 0xec, 0x00,
    0x09, 0xf2, 0x8f, 0xb8, 0x9f, 0xb0, 0x08, 0xdf, 0xe9, 0x10, 0x00, 0x00, 0x00, 0x00, 0x00, 0x07,
    0xf7, 0x00, 0x02, 0xeb, 0x00, 0x00, 0xbe, 0x20, 0x00, 0x8f, 0x70, 0x33, 0x3f, 0xa0, 0x0b, 0xbc,
    0xe1, 0x00, 0xbb, 0xfe, 0xbb, 0xbe, 0xbb, 0xbb, 0xbb, 0xeb, 0x00, 0x00, 0x0b, 0xb0, 0x00, 0x00,
    0xbb, 0x8f, 0xff, 0xff, 0xb0, 0x8f, 0x98, 0x88, 0x60, 0x8f, 0x40, 0x00, 0x00, 0x8f, 0x98, 0x51,
    0x00, 0x8f, 0xff, 0xfe, 0x60, 0x00, 0x00, 0x2d, 0xe0, 0x43, 0x00, 0x08, 0xf4, 0xdc, 0x00, 0x09,
    0xf3, 0x8f, 0xb8, 0x9f, 0xb0, 0x08, 0xdf, 0xf9, 0x10, 0x00, 0x00, 0x00, 0x00, 0x00, 0x00, 0xbe,
    0x10, 0x00, 0x00, 0x7f, 0x50, 0x00, 0x00, 0x2e, 0xa0, 0x00, 0x00, 0x0b, 0xe6, 0x72, 0x00, 0x06,
    0xfe, 0xbe, 0xf6, 0x00, 0xde, 0x20, 0x1c, 0xf2, 0x0f, 0x80, 0x00, 0x6f, 0x40, 0xfb, 0x00, 0x08,
    0xf3, 0x08, 0xfb, 0x89, 0xfb, 0x00, 0x08, 0xef, 0xe9, 0x10, 0x00, 0x00, 0x00, 0x00, 0x00, 0xbf,
    0xff, 0xff, 0xf4, 0xbd, 0x88, 0x8b, 0xf4, 0xbb, 0x00, 0x0d, 0xd0, 0x33, 0x00, 0x6f, 0x70, 0x00,
    0x00, 0xbe, 0x10, 0x00, 0x04, 0xf8, 0x00, 0x00, 0x0b, 0xf2, 0x00, 0x00, 0x3f, 0x90, 0x00, 0x00,
    0x9f, 0x20, 0x00, 0x02, 0xfb, 0x00, 0x00, 0x00, 0x5a, 0xbb, 0x70, 0x00, 0x7f, 0xc8, 0xbf, 0xa0,
    0x0b, 0xd0, 0x00, 0x9f, 0x00, 0xad, 0x10, 0x0a, 0xd0, 0x01, 0x9c, 0xbc, 0xa3, 0x00, 0x4d, 0xdb,
    0xce, 0x60, 0x0e, 0xb0, 0x00, 0xaf, 0x20, 0xf8, 0x00, 0x05, 0xf4, 0x0c, 0xe6, 0x45, 0xce, 0x10,
    0x3b, 0xff, 0xfd, 0x30, 0x00, 0x02, 0x43, 0x00, 0x00, 0x00, 0x00, 0x00, 0x00, 0x08, 0xef, 0xe9,
    0x10, 0x8f, 0xb8, 0x9f, 0xa0, 0xdc, 0x00, 0x09, 0xf2, 0xfb, 0x00, 0x08, 0xf4, 0xce, 0x30, 0x1d,
    0xe0, 0x3e, 0xfb, 0xff, 0x80, 0x01, 0x66, 0xdd, 0x10, 0x00, 0x07, 0xf5, 0x00, 0x00, 0x2e, 0xa0,
    0x00, 0x00, 0xbe, 0x20, 0x00, 0x00, 0x0b, 0x60, 0x00, 0x00, 0xf8, 0x00, 0x48, 0x8f, 0xb8, 0x88,
    0xff, 0xff, 0xff, 0x00, 0x0f, 0x80, 0x00, 0x00, 0xf8, 0x00, 0x00, 0x04, 0x20, 0x00, 0x48, 0x88,
    0x88, 0x88, 0xff, 0xff, 0xff, 0x00, 0x00, 0x00, 0x00, 0x8f, 0xff, 0xff, 0xb4, 0x88, 0x88, 0x86,
    0x00, 0x00, 0x00, 0x08, 0xff, 0xff, 0xfb, 0x48, 0x88, 0x88, 0x60, 0x00, 0x00, 0x00, 0x1e, 0xb0,
    0x08, 0xf6, 0x00, 0xde, 0x00, 0x3f, 0xb0, 0x05, 0xf8, 0x00, 0x8f, 0x80, 0x06, 0xf8, 0x00, 0x3f,
    0xa0, 0x00, 0xdf, 0x10, 0x06, 0xf7, 0x00, 0x0a, 0x90, 0x00, 0x00, 0x00, 0xdd, 0x00, 0x06, 0xf6,
    0x00, 0x1f, 0xc0, 0x00, 0xcf, 0x10, 0x09, 0xf4, 0x00, 0x8f, 0x40, 0x08, 0xf4, 0x00, 0xcf, 0x20,
    0x2f, 0xc0, 0x08, 0xf6, 0x00, 0xa9, 0x00, 0x00, 0x27, 0x85, 0x00, 0x06, 0xfe, 0xcf, 0xd2, 0x06,
    0x70, 0x05, 0xf8, 0x01, 0x79, 0xbd, 0xf8, 0x1e, 0xe8, 0x67, 0xf8, 0x4f, 0x80, 0x08, 0xf8, 0x0c,
    0xfd, 0xec, 0xf8, 0x00, 0x44, 0x31, 0x42, 0x00, 0x15, 0x87, 0x20, 0x00, 0x3d, 0xfc, 0xff, 0x60,
    0x0b, 0xe3, 0x01, 0xce, 0x10, 0xfe, 0xbb, 0xbd, 0xf4, 0x0f, 0xc4, 0x44, 0x44, 0x10, 0xbf, 0x40,
    0x18, 0x80, 0x02, 0xcf, 0xff, 0xf8, 0x00, 0x00, 0x34, 0x42, 0x00, 0x00, 0x15, 0x87, 0x20, 0x00,
    0x3d, 0xff, 0xff, 0x60, 0x0b, 0xf6, 0x01, 0xcf, 0x30, 0xfc, 0x00, 0x08, 0xf8, 0x0f, 0xc0, 0x00,
    0x8f, 0x80, 0xbf, 0x70, 0x2d, 0xf2, 0x01, 0xcf, 0xff, 0xe6, 0x00, 0x00, 0x34, 0x41, 0x00, 0x18,
    0x70, 0x00, 0x78, 0x00, 0x9f, 0x60, 0x8f, 0x70, 0x01, 0xdf, 0x6f, 0xb0, 0x00, 0x03, 0xff, 0xe1,
    0x00, 0x00, 0x7f, 0xdf, 0x30, 0x00, 0x3f, 0xc2, 0xed, 0x10, 0x1c, 0xe3, 0x05, 0xfa, 0x01, 0x42,
    0x00, 0x03, 0x41, 0x00, 0x14, 0x30, 0x00, 0x18, 0xff, 0xfd, 0x50, 0x5f, 0xb8, 0x8e, 0xf4, 0x04,
    0x00, 0x06, 0xfc, 0x68, 0x88, 0x88, 0xff, 0xbf, 0xff, 0xff, 0xff, 0xbf, 0x40, 0x02, 0xfd, 0x7f,
    0xa1, 0x1a, 0xf8, 0x0c, 0xff, 0xff, 0x90, 0x00, 0x7a, 0xa6, 0x00, 0x68, 0x00, 0x00, 0x00, 0xbf,
    0x00, 0x00, 0x00, 0xbf, 0x05, 0x86, 0x00, 0xbf, 0x9f, 0xff, 0xc0, 0xbf, 0x80, 0x2c, 0xf4, 0xbf,
    0x00, 0x08, 0xf4, 0xbf, 0x00, 0x08, 0xf4, 0xbf, 0x00, 0x08, 0xf4, 0xbf, 0x00, 0x08, 0xf4, 0x34,
    0x00, 0x02, 0x41, 0x68, 0x00, 0x00, 0x00, 0xbf, 0x00, 0x00, 0x00, 0xbf, 0x00, 0x18, 0x81, 0xbf,
    0x01, 0xcf, 0x60, 0xbf, 0x3e, 0xe4, 0x00, 0xbf, 0xef, 0x60, 0x00, 0xbf, 0xdf, 0xe2, 0x00, 0xbf,
    0x16, 0xfc, 0x10, 0xbf, 0x00, 0x8f, 0xa0, 0x34, 0x00, 0x04, 0x41, 0x68, 0x0b, 0xf0, 0xbf, 0x0b,
    0xf0, 0xbf, 0x0b, 0xf0, 0xbf, 0x0b, 0xf0, 0xbf, 0x03, 0x40, 0x68, 0x06, 0x82, 0x02, 0x87, 0x20,
    0xbf, 0xaf, 0xfe, 0x6f, 0xff, 0xe2, 0xbf, 0x80, 0x5f, 0xd2, 0x1a, 0xf8, 0xbf, 0x00, 0x0f, 0xb0,
    0x08, 0xf8, 0xbf, 0x00, 0x0f, 0xb0, 0x08, 0xf8, 0xbf, 0x00, 0x0f, 0xb0, 0x08, 0xf8, 0xbf, 0x00,
    0x0f, 0xb0, 0x08, 0xf8, 0x34, 0x00, 0x04, 0x30, 0x02, 0x42, 0x68, 0x05, 0x86, 0x00, 0xbf, 0x9f,
    0xff, 0xc0, 0xbf, 0x80, 0x2c, 0xf4, 0xbf, 0x00, 0x08, 0xf4, 0xbf, 0x00, 0x08, 0xf4, 0xbf, 0x00,
    0x08, 0xf4, 0xbf, 0x00, 0x08, 0xf4, 0x34, 0x00, 0x02, 0x41, 0x68, 0x05, 0x86, 0x00, 0xbf, 0x8f,
    0xff, 0xc1, 0xbf, 0x90, 0x1a, 0xf7, 0xbf, 0x20, 0x04, 0xfb, 0xbf, 0x20, 0x05, 0xfa, 0xbf, 0xa2,
    0x3c, 0xf7, 0xbf, 0x8f, 0xff, 0xa0, 0xbf, 0x03, 0x43, 0x00, 0xbf, 0x00, 0x00, 0x00, 0x8b, 0x00,
    0x00, 0x00, 0x00, 0x37, 0x86, 0x10, 0x07, 0xfe, 0xbf, 0xe3, 0x0c, 0xf1, 0x03, 0x72, 0x08, 0xfe,
    0xb8, 0x50, 0x00, 0x38, 0xae, 0xf8, 0x0a, 0xa1, 0x05, 0xfa, 0x06, 0xff, 0xff, 0xd3, 0x00, 0x24,
    0x44, 0x00, 0x08, 0xf4, 0x06, 0xbf, 0x96, 0xbf, 0xff, 0xb0, 0x8f, 0x40, 0x08, 0xf4, 0x00, 0x8f,
    0x40, 0x08, 0xf6, 0x00, 0x5f, 0xfb, 0x00, 0x24, 0x40, 0x00, 0x00, 0x18, 0x83, 0x00, 0x00, 0x00,
    0x00, 0x0a, 0xfc, 0x00, 0x00, 0x00, 0x00, 0x07, 0xfe, 0x20, 0x00, 0x00, 0x00, 0x04, 0xff, 0x40,
    0x00, 0x00, 0x00, 0x02, 0xef, 0x70, 0x00, 0x00, 0x00, 0x00, 0xcf, 0xc4, 0x44, 0x44, 0x44, 0x43,
    0x8f, 0xff, 0xff, 0xff, 0xff, 0xff, 0xb3, 0xef, 0xdb, 0xbb, 0xbb, 0xbb, 0xb8, 0x06, 0xfe, 0x20,
    0x00, 0x00, 0x00, 0x00, 0x09, 0xfc, 0x10, 0x00, 0x00, 0x00, 0x00, 0x0c, 0xf9, 0x00, 0x00, 0x00,
    0x00, 0x00, 0x2e, 0xf7, 0x00, 0x00, 0x00, 0x00, 0x00, 0x4f, 0xf3, 0x00, 0x00, 0x00, 0x00, 0x00,
    0x00, 0x10, 0x00, 0x00, 0x00, 0x00, 0x00, 0x6f, 0x80, 0x00, 0x00, 0x00, 0x00, 0x7f, 0xff, 0x90,
    0x00, 0x00, 0x00, 0x9f, 0xff, 0xef, 0xb1, 0x00, 0x01, 0xaf, 0xea, 0xf8, 0xcf, 0xc2, 0x01, 0xcf,
    0xc3, 0x8f, 0x81, 0x9f, 0xe2, 0x4f, 0xc1, 0x08, 0xf8, 0x00, 0x9f, 0x44, 0xa1, 0x00, 0x8f, 0x80,
    0x00, 0x74, 0x10, 0x00, 0x08, 0xf8, 0x00, 0x00, 0x00, 0x00, 0x00, 0x8f, 0x80, 0x00, 0x00, 0x00,
    0x00, 0x08, 0xf8, 0x00, 0x00, 0x00, 0x00, 0x00, 0x8f, 0x80, 0x00, 0x00, 0x00, 0x00, 0x08, 0xf8,
    0x00, 0x00, 0x00, 0x00, 0x00, 0x8f, 0x80, 0x00, 0x00, 0x00, 0x00, 0x08, 0xf8, 0x00, 0x00, 0x00,
    0x00, 0x00, 0x8f, 0x80, 0x00, 0x00, 0x00, 0x00, 0x08, 0xf8, 0x00, 0x00, 0x00, 0x00, 0x00, 0x01,
    0x88, 0x30, 0x00, 0x00, 0x00, 0x00, 0x09, 0xfc, 0x10, 0x00, 0x00, 0x00, 0x00, 0x1c, 0xf9, 0x00,
    0x00, 0x00, 0x00, 0x00, 0x2e, 0xf7, 0x00, 0x00, 0x00, 0x00, 0x00, 0x4f, 0xf4, 0x02, 0x44, 0x44,
    0x44, 0x44, 0x9f, 0xe1, 0x8f, 0xff, 0xff, 0xff, 0xff, 0xff, 0xb6, 0xbb, 0xbb, 0xbb, 0xbb, 0xcf,
    0xf6, 0x00, 0x00, 0x00, 0x00, 0x1c, 0xf9, 0x00, 0x00, 0x00, 0x00, 0x09, 0xfc, 0x00, 0x00, 0x00,
    0x00, 0x07, 0xfe, 0x10, 0x00, 0x00, 0x00, 0x04, 0xff, 0x40, 0x00, 0x00, 0x00, 0x01, 0xef, 0x70,
    0x00, 0x00, 0x00, 0x00, 0x00, 0x00, 0x00, 0x00, 0x00, 0x00, 0x00, 0x8f, 0x80, 0x00, 0x00, 0x00,
    0x00, 0x08, 0xf8, 0x00, 0x00, 0x00, 0x00, 0x00, 0x8f, 0x80, 0x00, 0x00, 0x00, 0x00, 0x08, 0xf8,
    0x00, 0x00, 0x00, 0x00, 0x00, 0x8f, 0x80, 0x00, 0x00, 0x00, 0x00, 0x08, 0xf8, 0x00, 0x00, 0x00,
    0x00, 0x00, 0x8f, 0x80, 0x00, 0x00, 0x00, 0x00, 0x08, 0xf8, 0x00, 0x00, 0x01, 0x00, 0x00, 0x8f,
    0x80, 0x00, 0x00, 0x4c, 0x10, 0x08, 0xf8, 0x00, 0x08, 0x44, 0xfc, 0x10, 0x8f, 0x80, 0x09, 0xf4,
    0x1c, 0xfe, 0x38, 0xf8, 0x1b, 0xfd, 0x20, 0x09, 0xfe, 0xaf, 0x8c, 0xfc, 0x10, 0x00, 0x08, 0xff,
    0xfe, 0xf9, 0x10, 0x00, 0x00, 0x06, 0xff, 0xf9, 0x00, 0x00, 0x00, 0x00, 0x05, 0xe6, 0x00, 0x00,
    0x00, 0x00, 0x00, 0x01, 0x00, 0x00, 0x00, 0x00, 0x00, 0x18, 0x83, 0x01, 0x88, 0x30, 0x00, 0x00,
    0x00, 0x00, 0xbf, 0xb0, 0x00, 0x8f, 0xd1, 0x00, 0x00, 0x00, 0x08, 0xfe, 0x10, 0x00, 0x0b, 0xfb,
    0x00, 0x00, 0x00, 0x5f, 0xf3, 0x00, 0x00, 0x01, 0xef, 0x80, 0x00, 0x03, 0xef, 0x70, 0x00, 0x00,
    0x00, 0x4f, 0xf5, 0x00, 0x1c, 0xfb, 0x44, 0x44, 0x44, 0x44, 0x49, 0xfe, 0x20, 0x8f, 0xff, 0xff,
    0xff, 0xff, 0xff, 0xff, 0xff, 0xc0, 0x3f, 0xfc, 0xbb, 0xbb, 0xbb, 0xbb, 0xbc, 0xff, 0x60, 0x07,
    0xfe, 0x10, 0x00, 0x00, 0x00, 0x0c, 0xf9, 0x00, 0x00, 0x9f, 0xc0, 0x00, 0x00, 0x00, 0x9f, 0xc1,
    0x00, 0x00, 0x1c, 0xf9, 0x00, 0x00, 0x06, 0xfe, 0x20, 0x00, 0x00, 0x03, 0xef, 0x60, 0x00, 0x3e,
    0xf5, 0x00, 0x00, 0x00, 0x00, 0x5f, 0xe3, 0x01, 0xdf, 0x80, 0x00, 0x00, 0x00, 0x00, 0x01, 0x81,
    0x00, 0x00, 0x00, 0x00, 0x01, 0xcf, 0xe3, 0x00, 0x00, 0x00, 0x03, 0xef, 0xff, 0xe5, 0x00, 0x00,
    0x04, 0xef, 0xdf, 0xbf, 0xf6, 0x00, 0x06, 0xff, 0x88, 0xf8, 0x6e, 0xf9, 0x03, 0xff, 0x60, 0x8f,
    0x80, 0x3e, 0xf4, 0x4e, 0x60, 0x08, 0xf8, 0x00, 0x3d, 0x43, 0x30, 0x00, 0x8f, 0x80, 0x00, 0x12,
    0x00, 0x00, 0x08, 0xf8, 0x00, 0x00, 0x00, 0x00, 0x00, 0x8f, 0x80, 0x00, 0x00, 0x00, 0x00, 0x08,
    0xf8, 0x00, 0x00, 0x00, 0x00, 0x00, 0x8f, 0x80, 0x00, 0x00, 0x00, 0x00, 0x08, 0xf8, 0x00, 0x00,
    0x00, 0x00, 0x00, 0x8f, 0x80, 0x00, 0x00, 0x00, 0x00, 0x08, 0xf8, 0x00, 0x00, 0x00, 0x00, 0x00,
    0x8f, 0x80, 0x00, 0x00, 0x34, 0x00, 0x08, 0xf8, 0x00, 0x02, 0x24, 0xf6, 0x00, 0x8f, 0x80, 0x03,
    0xe4, 0x3f, 0xf7, 0x08, 0xf8, 0x04, 0xef, 0x40, 0x6e, 0xf9, 0x8f, 0x86, 0xff, 0x80, 0x00, 0x3e,
    0xfe, 0xfb, 0xff, 0x60, 0x00, 0x00, 0x3c, 0xff, 0xfe, 0x30, 0x00, 0x00, 0x00, 0x1c, 0xfc, 0x30,
    0x00, 0x00, 0x00, 0x00, 0x18, 0x10, 0x00, 0x00, 0x00, 0x00, 0x00, 0x00, 0x00, 0x00, 0xbf, 0xff,
    0xff, 0xff, 0xf6, 0x00, 0xbf, 0xfe, 0xbb, 0xbb, 0xbb, 0x10, 0xbf, 0xff, 0x60, 0x00, 0x00, 0x00,
    0xbf, 0x8f, 0xf6, 0x00, 0x00, 0x00, 0xbf, 0x46, 0xff, 0x60, 0x00, 0x00, 0xbf, 0x40, 0x6f, 0xf6,
    0x00, 0x00, 0xbf, 0x40, 0x06, 0xff, 0x60, 0x00, 0xbf, 0x40, 0x00, 0x6f, 0xf6, 0x00, 0xaf, 0x40,
    0x00, 0x07, 0xff, 0x60, 0x08, 0x40, 0x00, 0x00, 0x9f, 0xe1, 0x00, 0x00, 0x00, 0x00, 0x08, 0x30,
    0x00, 0x00, 0x00, 0x00, 0x00, 0x00, 0x00, 0x3e, 0xff, 0xff, 0xff, 0xff, 0x01, 0xab, 0xbb, 0xbb,
    0xdf, 0xff, 0x00, 0x00, 0x00, 0x03, 0xef, 0xff, 0x00, 0x00, 0x00, 0x3e, 0xf9, 0xff, 0x00, 0x00,
    0x03, 0xef, 0x90, 0xff, 0x00, 0x00, 0x3e, 0xf9, 0x00, 0xff, 0x00, 0x03, 0xef, 0x90, 0x00, 0xff,
    0x00, 0x3e, 0xf9, 0x00, 0x00, 0xff, 0x03, 0xef, 0x90, 0x00, 0x00, 0xfc, 0x0d, 0xf9, 0x00, 0x00,
    0x00, 0xc1, 0x01, 0x80, 0x00, 0x00, 0x00, 0x10, 0x03, 0xb1, 0x00, 0x00, 0x00, 0x10, 0x0d, 0xfc,
    0x10, 0x00, 0x00, 0xc1, 0x03, 0xef, 0xc1, 0x00, 0x00, 0xfc, 0x00, 0x3e, 0xfc, 0x10, 0x00, 0xff,
    0x00, 0x03, 0xef, 0xc1, 0x00, 0xff, 0x00, 0x00, 0x3e, 0xfc, 0x10, 0xff, 0x00, 0x00, 0x03, 0xef,
    0xc1, 0xff, 0x00, 0x00, 0x00, 0x3e, 0xfc, 0xff, 0x00, 0x00, 0x00, 0x03, 0xef, 0xff, 0x03, 0xef,
    0xff, 0xff, 0xdf, 0xff, 0x00, 0x3e, 0xff, 0xff, 0xff, 0xff, 0x01, 0x20, 0x00, 0x00, 0x08, 0x50,
    0x1c, 0x40, 0x00, 0x00, 0x9f, 0xe1, 0xaf, 0x40, 0x00, 0x09, 0xfe, 0x30, 0xbf, 0x40, 0x00, 0x9f,
    0xe3, 0x00, 0xbf, 0x40, 0x09, 0xfe, 0x30, 0x00, 0xbf, 0x40, 0x9f, 0xe3, 0x00, 0x00, 0xbf, 0x49,
    0xfe, 0x30, 0x00, 0x00, 0xbf, 0xcf, 0xe3, 0x00, 0x00, 0x00, 0xbf, 0xfe, 0x30, 0x00, 0x00, 0x00,
    0xbf, 0xfd, 0xef, 0xff, 0xff, 0x60, 0xbf, 0xff, 0xff, 0xff, 0xf6, 0x00, 0x00, 0x00, 0x00, 0x00,
    0x00, 0x04, 0xff, 0xff, 0xff, 0xff, 0xf4, 0x3b, 0xbb, 0xbb, 0xbb, 0xbb, 0x30, 0x00, 0x00, 0x00,
    0x00, 0x00, 0x00, 0x00, 0x00, 0x00, 0x00, 0x01, 0x44, 0x44, 0x44, 0x44, 0x41, 0x4f, 0xff, 0xff,
    0xff, 0xff, 0x43, 0xbb, 0xbb, 0xbb, 0xbb, 0xb3, 0x00, 0x00, 0x00, 0x00, 0x00, 0x00, 0x00, 0x00,
    0x00, 0x00, 0x00, 0x14, 0x44, 0x44, 0x44, 0x44, 0x14, 0xff, 0xff, 0xff, 0xff, 0xf4, 0x28, 0x88,
    0x88, 0x88, 0x88, 0x20, 0x81, 0x00, 0x00, 0x00, 0x00, 0x00, 0x00, 0xfe, 0x81, 0x00, 0x00, 0x00,
    0x00, 0x00, 0xff, 0xfe, 0x81, 0x00, 0x00, 0x00, 0x00, 0xff, 0xff, 0xfe, 0x70, 0x00, 0x00, 0x00,
    0xff, 0xff, 0xff, 0xfd, 0x60, 0x00, 0x00, 0xff, 0xff, 0xff, 0xff, 0xfd, 0x60, 0x00, 0xff, 0xff,
    0xff, 0xff, 0xff, 0xfd, 0x60, 0xff, 0xff, 0xff, 0xff, 0xff, 0xfe, 0x81, 0xff, 0xff, 0xff, 0xff,
    0xff, 0x81, 0x00, 0xff, 0xff, 0xff, 0xff, 0x92, 0x00, 0x00, 0xff, 0xff, 0xff, 0x92, 0x00, 0x00,
    0x00, 0xff, 0xff, 0x92, 0x00, 0x00, 0x00, 0x00, 0xff, 0x92, 0x00, 0x00, 0x00, 0x00, 0x00, 0x92,
    0x00, 0x00, 0x00, 0x00, 0x00, 0x00, 0x81, 0x00, 0x00, 0x00, 0x00, 0x00, 0x00, 0xfe, 0x81, 0x00,
    0x00, 0x00, 0x00, 0x00, 0xf4, 0xbe, 0x81, 0x00, 0x00, 0x00, 0x00, 0xf0, 0x04, 0xbe, 0x70, 0x00,
    0x00, 0x00, 0xf0, 0x00, 0x06, 0xdd, 0x60, 0x00, 0x00, 0xf0, 0x00, 0x00, 0x06, 0xdd, 0x60, 0x00,
    0xf0, 0x00, 0x00, 0x00, 0x06, 0xdd, 0x60, 0xf0, 0x00, 0x00, 0x00, 0x02, 0xbe, 0x81, 0xf0, 0x00,
    0x00, 0x02, 0x9f, 0x81, 0x00, 0xf0, 0x00, 0x02, 0x9f, 0x92, 0x00, 0x00, 0xf0, 0x02, 0x9f, 0x92,
    0x00, 0x00, 0x00, 0xf2, 0x9f, 0x92, 0x00, 0x00, 0x00, 0x00, 0xff, 0x92, 0x00, 0x00, 0x00, 0x00,
    0x00, 0x92, 0x00, 0x00, 0x00, 0x00, 0x00, 0x00, 0x00, 0x00, 0x17, 0xab, 0xb8, 0x20, 0x00, 0x00,
    0x00, 0x7e, 0xff, 0xff, 0xff, 0x80, 0x00, 0x00, 0x8f, 0xff, 0xff, 0xff, 0xff, 0xb0, 0x00, 0x4f,
    0xff, 0xff, 0xff, 0xff, 0xff, 0x80, 0x0b, 0xff, 0xff, 0xff, 0xff, 0xff, 0xfe, 0x01, 0xff, 0xff,
    0xff, 0xff, 0xff, 0xff, 0xf4, 0x4f, 0xff, 0xff, 0xff, 0xff, 0xff, 0xff, 0x74, 0xff, 0xff, 0xff,
    0xff, 0xff, 0xff, 0xf8, 0x1f, 0xff, 0xff, 0xff, 0xff, 0xff, 0xff, 0x40, 0xcf, 0xff, 0xff, 0xff,
    0xff, 0xff, 0xe1, 0x06, 0xff, 0xff, 0xff, 0xff, 0xff, 0xf8, 0x00, 0x09, 0xff, 0xff, 0xff, 0xff,
    0xfc, 0x10, 0x00, 0x08, 0xff, 0xff, 0xff, 0xfb, 0x10, 0x00, 0x00, 0x04, 0x9b, 0xfc, 0xa5, 0x00,
    0x00,
};

static const prim_glyph_t ui_font_mono_22_glyphs[] = {
    {32, 0, 0, 0, 0, 0, 13},
    {33, 0, 5, 18, 4, 17, 13},
    {34, 45, 9, 8, 2, 17, 13},
    {35, 81, 13, 17, 0, 17, 13},
    {36, 192, 11, 24, 1, 20, 13},
    {37, 324, 13, 18, 0, 17, 13},
    {38, 441, 14, 18, 0, 17, 13},
    {39, 567, 3, 8, 5, 17, 13},
    {40, 579, 8, 22, 3, 19, 13},
    {41, 667, 8, 22, 2, 19, 13},
    {42, 755, 13, 12, 0, 14, 13},
    {43, 833, 11, 11, 1, 13, 13},
    {44, 894, 5, 8, 4, 4, 13},
    {45, 914, 8, 3, 3, 9, 13},
    {46, 926, 5, 5, 4, 4, 13},
    {47, 939, 11, 22, 1, 19, 13},
    {48, 1060, 11, 18, 1, 17, 13},
    {49, 1159, 11, 17, 1, 17, 13},
    {50, 1253, 11, 17, 1, 17, 13},
    {51, 1347, 11, 18, 1, 17, 13},
    {52, 1446, 10, 17, 1, 17, 13},
    {53, 1531, 11, 18, 1, 17, 13},
    {54, 1630, 11, 18, 1, 17, 13},
    {55, 1729, 12, 17, 1, 17, 13},
    {56, 1831, 11, 18, 1, 17, 13},
    {57, 1930, 11, 17, 1, 17, 13},
    {58, 2024, 5, 14, 4, 13, 13},
    {59, 2059, 5, 17, 4, 13, 13},
    {60, 2102, 11, 13, 1, 14, 13},
    {61, 2174, 11, 8, 1, 11, 13},
    {62, 2218, 11, 13, 1, 14, 13},
    {63, 2290, 9, 18, 2, 17, 13},
    {64, 2371, 13, 21, 0, 17, 13},
    {65, 2508, 12, 17, 1, 17, 13},
    {66, 2610, 11, 17, 1, 17, 13},
    {67, 2704, 11, 18, 1, 17, 13},
    {68, 2803, 11, 17, 1, 17, 13},
    {69, 2897, 10, 17, 2, 17, 13},
    {70, 2982, 10, 17, 2, 17, 13},
    {71, 3067, 11, 18, 1, 17, 13},
    {72, 3166, 11, 17, 1, 17, 13},
    {73, 3260, 9, 17, 2, 17, 13},
    {74, 3337, 11, 18, 0, 17, 13},
    {75, 3436, 12, 17, 1, 17, 13},
    {76, 3538, 11, 17, 2, 17, 13},
    {77, 3632, 11, 17, 1, 17, 13},
    {78, 3726, 11, 17, 1, 17, 13},
    {79, 3820, 11, 18, 1, 17, 13},
    {80, 3919, 12, 17, 1, 17, 13},
    {81, 4021, 11, 21, 1, 17, 13},
    {82, 4137, 12, 17, 1, 17, 13},
    {83, 4239, 11, 18, 1, 17, 13},
    {84, 4338, 12, 17, 1, 17, 13},
    {85, 4440, 11, 18, 1, 17, 13},
    {86, 4539, 12, 17, 1, 17, 13},
    {87, 4641, 13, 17, 0, 17, 13},
    {88, 4752, 13, 17, 0, 17, 13},
    {89, 4863, 13, 17, 0, 17, 13},
    {90, 4974, 11, 17, 1, 17, 13},
    {91, 5068, 6, 22, 4, 19, 13},
    {92, 5134, 11, 22, 1, 19, 13},
    {93, 5255, 6, 22, 3, 19, 13},
    {94, 5321, 11, 10, 1, 17, 13},
    {95, 5376, 11, 3, 1, 0, 13},
    {96, 5393, 6, 4, 3, 18, 13},
    {97, 5405, 11, 14, 1, 13, 13},
    {98, 5482, 11, 18, 1, 17, 13},
    {99, 5581, 11, 14, 1, 13, 13},
    {100, 5658, 11, 18, 1, 17, 13},
    {101, 5757, 11, 14, 1, 13, 13},
    {102, 5834, 11, 17, 1, 17, 13},
    {103, 5928, 11, 17, 1, 13, 13},
    {104, 6022, 11, 17, 1, 17, 13},
    {105, 6116, 12, 18, 1, 18, 13},
    {106, 6224, 10, 22, 1, 18, 13},
    {107, 6334, 11, 17, 2, 17, 13},
    {108, 6428, 13, 17, 0, 17, 13},
    {109, 6539, 11, 13, 1, 13, 13},
    {110, 6611, 11, 13, 1, 13, 13},
    {111, 6683, 11, 14, 1, 13, 13},
    {112, 6760, 11, 17, 1, 13, 13},
    {113, 6854, 11, 17, 1, 13, 13},
    {114, 6948, 10, 13, 2, 13, 13},
    {115, 7013, 11, 14, 1, 13, 13},
    {116, 7090, 12, 16, 0, 16, 13},
    {117, 7186, 11, 14, 1, 13, 13},
    {118, 7263, 12, 13, 1, 13, 13},
    {119, 7341, 13, 13, 0, 13, 13},
    {120, 7426, 12, 13, 1, 13, 13},
    {121, 7504, 12, 17, 1, 13, 13},
    {122, 7606, 11, 13, 1, 13, 13},
    {123, 7678, 11, 22, 1, 19, 13},
    {124, 7799, 3, 22, 5, 19, 13},
    {125, 7832, 10, 22, 2, 19, 13},
    {126, 7942, 11, 6, 1, 11, 13},
    {160, 7975, 0, 0, 0, 0, 13},
    {161, 7975, 5, 17, 4, 13, 13},
    {162, 8018, 11, 20, 1, 16, 13},
    {163, 8128, 11, 17, 1, 17, 13},
    {164, 8222, 13, 12, 0, 14, 13},
    {165, 8300, 13, 17, 0, 17, 13},
    {166, 8411, 3, 22, 5, 19, 13},
    {167, 8444, 11, 21, 1, 17, 13},
    {168, 8560, 9, 4, 2, 18, 13},
    {169, 8578, 13, 15, 0, 17, 13},
    {170, 8676, 7, 8, 3, 17, 13},
    {171, 8704, 13, 12, 0, 12, 13},
    {172, 8782, 9, 6, 2, 9, 13},
    {173, 8809, 8, 3, 3, 9, 13},
    {174, 8821, 13, 15, 0, 17, 13},
    {175, 8919, 8, 3, 3, 17, 13},
    {176, 8931, 7, 8, 3, 17, 13},
    {177, 8959, 11, 13, 1, 13, 13},
    {178, 9031, 8, 11, 3, 19, 13},
    {179, 9075, 8, 11, 3, 19, 13},
    {180, 9119, 5, 4, 5, 18, 13},
    {181, 9129, 11, 17, 1, 13, 13},
    {182, 9223, 11, 21, 1, 17, 13},
    {183, 9339, 5, 5, 4, 10, 13},
    {184, 9352, 6, 6, 4, 1, 13},
    {185, 9370, 8, 11, 3, 19, 13},
    {186, 9414, 6, 8, 4, 17, 13},
    {187, 9438, 13, 12, 0, 12, 13},
    {188, 9516, 14, 17, 0, 17, 13},
    {189, 9635, 14, 17, 0, 17, 13},
    {190, 9754, 14, 17, 0, 17, 13},
    {191, 9873, 9, 17, 2, 13, 13},
    {192, 9950, 12, 21, 1, 21, 13},
    {193, 10076, 12, 21, 1, 21, 13},
    {194, 10202, 12, 21, 1, 21, 13},
    {195, 10328, 12, 21, 1, 21, 13},
    {196, 10454, 12, 21, 1, 21, 13},
    {197, 10580, 12, 22, 1, 22, 13},
    {198, 10712, 13, 17, 0, 17, 13},
    {199, 10823, 11, 22, 1, 17, 13},
    {200, 10944, 10, 21, 2, 21, 13},
    {201, 11049, 10, 21, 2, 21, 13},
    {202, 11154, 10, 21, 2, 21, 13},
    {203, 11259, 10, 21, 2, 21, 13},
    {204, 11364, 9, 21, 2, 21, 13},
    {205, 11459, 9, 21, 2, 21, 13},
    {206, 11554, 9, 21, 2, 21, 13},
    {207, 11649, 9, 21, 2, 21, 13},
    {208, 11744, 12, 17, 0, 17, 13},
    {209, 11846, 11, 21, 1, 21, 13},
    {210, 11962, 11, 22, 1, 21, 13},
    {211, 12083, 11, 22, 1, 21, 13},
    {212, 12204, 11, 22, 1, 21, 13},
    {213, 12325, 11, 22, 1, 21, 13},
    {214, 12446, 11, 22, 1, 21, 13},
    {215, 12567, 9, 10, 2, 12, 13},
    {216, 12612, 13, 18, 0, 17, 13},
    {217, 12729, 11, 22, 1, 21, 13},
    {218, 12850, 11, 22, 1, 21, 13},
    {219, 12971, 11, 22, 1, 21, 13},
    {220, 13092, 11, 22, 1, 21, 13},
    {221, 13213, 13, 21, 0, 21, 13},
    {222, 13350, 12, 17, 1, 17, 13},
    {223, 13452, 11, 17, 1, 17, 13},
    {224, 13546, 11, 19, 1, 18, 13},
    {225, 13651, 11, 19, 1, 18, 13},
    {226, 13756, 11, 19, 1, 18, 13},
    {227, 13861, 11, 19, 1, 18, 13},
    {228, 13966, 11, 19, 1, 18, 13},
    {229, 14071, 11, 20, 1, 19, 13},
    {230, 14181, 13, 14, 0, 13, 13},
    {231, 14272, 11, 18, 1, 13, 13},
    {232, 14371, 11, 19, 1, 18, 13},
    {233, 14476, 11, 19, 1, 18, 13},
    {234, 14581, 11, 19, 1, 18, 13},
    {235, 14686, 11, 19, 1, 18, 13},
    {236, 14791, 12, 18, 1, 18, 13},
    {237, 14899, 12, 18, 1, 18, 13},
    {238, 15007, 12, 18, 1, 18, 13},
    {239, 15115, 12, 18, 1, 18, 13},
    {240, 15223, 11, 18, 1, 17, 13},
    {241, 15322, 11, 18, 1, 18, 13},
    {242, 15421, 11, 19, 1, 18, 13},
    {243, 15526, 11, 19, 1, 18, 13},
    {244, 15631, 11, 19, 1, 18, 13},
    {245, 15736, 11, 19, 1, 18, 13},
    {246, 15841, 11, 19, 1, 18, 13},
    {247, 15946, 9, 13, 2, 14, 13},
    {248, 16005, 13, 14, 0, 13, 13},
    {249, 16096, 11, 19, 1, 18, 13},
    {250, 16201, 11, 19, 1, 18, 13},
    {251, 16306, 11, 19, 1, 18, 13},
    {252, 16411, 11, 19, 1, 18, 13},
    {253, 16516, 12, 22, 1, 18, 13},
    {254, 16648, 11, 21, 1, 17, 13},
    {255, 16764, 12, 22, 1, 18, 13},
    {256, 16896, 12, 21, 1, 21, 13},
    {257, 17022, 11, 18, 1, 17, 13},
    {258, 17121, 12, 21, 1, 21, 13},
    {259, 17247, 11, 19, 1, 18, 13},
    {260, 17352, 12, 22, 1, 17, 13},
    {261, 17484, 12, 18, 1, 13, 13},
    {262, 17592, 11, 22, 1, 21, 13},
    {263, 17713, 11, 19, 1, 18, 13},
    {264, 17818, 11, 22, 1, 21, 13},
    {265, 17939, 11, 19, 1, 18, 13},
    {266, 18044, 11, 22, 1, 21, 13},
    {267, 18165, 11, 19, 1, 18, 13},
    {268, 18270, 11, 22, 1, 21, 13},
    {269, 18391, 11, 19, 1, 18, 13},
    {270, 18496, 11, 21, 1, 21, 13},
    {271, 18612, 13, 18, 1, 17, 13},
    {272, 18729, 12, 17, 0, 17, 13},
    {273, 18831, 13, 18, 1, 17, 13},
    {274, 18948, 10, 21, 2, 21, 13},
    {275, 19053, 11, 18, 1, 17, 13},
    {276, 19152, 10, 21, 2, 21, 13},
    {277, 19257, 11, 19, 1, 18, 13},
    {278, 19362, 10, 21, 2, 21, 13},
    {279, 19467, 11, 19, 1, 18, 13},
    {280, 19572, 10, 22, 2, 17, 13},
    {281, 19682, 11, 18, 1, 13, 13},
    {282, 19781, 10, 21, 2, 21, 13},
    {283, 19886, 11, 19, 1, 18, 13},
    {284, 19991, 11, 22, 1, 21, 13},
    {285, 20112, 11, 22, 1, 18, 13},
    {286, 20233, 11, 22, 1, 21, 13},
    {287, 20354, 11, 22, 1, 18, 13},
    {288, 20475, 11, 22, 1, 21, 13},
    {289, 20596, 11, 22, 1, 18, 13},
    {290, 20717, 11, 23, 1, 17, 13},
    {291, 20844, 11, 24, 1, 20, 13},
    {292, 20976, 11, 21, 1, 21, 13},
    {293, 21092, 14, 22, -2, 22, 13},
    {294, 21246, 13, 17, 0, 17, 13},
    {295, 21357, 12, 17, 0, 17, 13},
    {296, 21459, 9, 21, 2, 21, 13},
    {297, 21554, 12, 18, 1, 18, 13},
    {298, 21662, 9, 21, 2, 21, 13},
    {299, 21757, 12, 17, 1, 17, 13},
    {300, 21859, 9, 21, 2, 21, 13},
    {301, 21954, 12, 18, 1, 18, 13},
    {302, 22062, 9, 22, 2, 17, 13},
    {303, 22161, 12, 23, 1, 18, 13},
    {304, 22299, 9, 21, 2, 21, 13},
    {305, 22394, 12, 13, 1, 13, 13},
    {306, 22472, 16, 18, 1, 17, 18},
    {307, 22616, 9, 22, 1, 17, 11},
    {308, 22715, 14, 22, 0, 21, 13},
    {309, 22869, 12, 22, 1, 18, 13},
    {310, 23001, 12, 23, 1, 17, 13},
    {311, 23139, 11, 23, 2, 17, 13},
    {312, 23266, 11, 13, 2, 13, 13},
    {313, 23338, 11, 21, 2, 21, 13},
    {314, 23454, 13, 21, 0, 21, 13},
    {315, 23591, 11, 23, 2, 17, 13},
    {316, 23718, 13, 23, 0, 17, 13},
    {317, 23868, 11, 17, 2, 17, 13},
    {318, 23962, 13, 17, 0, 17, 13},
    {319, 24073, 11, 17, 2, 17, 13},
    {320, 24167, 14, 17, 0, 17, 13},
    {321, 24286, 13, 17, 0, 17, 13},
    {322, 24397, 13, 17, 0, 17, 13},
    {323, 24508, 11, 21, 1, 21, 13},
    {324, 24624, 11, 18, 1, 18, 13},
    {325, 24723, 11, 23, 1, 17, 13},
    {326, 24850, 11, 19, 1, 13, 13},
    {327, 24955, 11, 21, 1, 21, 13},
    {328, 25071, 11, 18, 1, 18, 13},
    {329, 25170, 13, 18, -1, 18, 13},
    {330, 25287, 11, 21, 1, 17, 13},
    {331, 25403, 11, 17, 1, 13, 13},
    {332, 25497, 11, 22, 1, 21, 13},
    {333, 25618, 11, 18, 1, 17, 13},
    {334, 25717, 11, 22, 1, 21, 13},
    {335, 25838, 11, 19, 1, 18, 13},
    {336, 25943, 11, 22, 1, 21, 13},
    {337, 26064, 11, 19, 1, 18, 13},
    {338, 26169, 13, 18, 0, 17, 13},
    {339, 26286, 13, 14, 0, 13, 13},
    {340, 26377, 12, 21, 1, 21, 13},
    {341, 26503, 10, 18, 2, 18, 13},
    {342, 26593, 12, 23, 1, 17, 13},
    {343, 26731, 12, 19, 0, 13, 13},
    {344, 26845, 12, 21, 1, 21, 13},
    {345, 26971, 10, 18, 2, 18, 13},
    {346, 27061, 11, 22, 1, 21, 13},
    {347, 27182, 11, 19, 1, 18, 13},
    {348, 27287, 11, 22, 1, 21, 13},
    {349, 27408, 11, 19, 1, 18, 13},
    {350, 27513, 11, 22, 1, 17, 13},
    {351, 27634, 11, 18, 1, 13, 13},
    {352, 27733, 11, 22, 1, 21, 13},
    {353, 27854, 11, 19, 1, 18, 13},
    {354, 27959, 12, 22, 1, 17, 13},
    {355, 28091, 12, 21, 0, 16, 13},
    {356, 28217, 12, 21, 1, 21, 13},
    {357, 28343, 12, 18, 0, 18, 13},
    {358, 28451, 12, 17, 1, 17, 13},
    {359, 28553, 12, 16, 0, 16, 13},
    {360, 28649, 11, 22, 1, 21, 13},
    {361, 28770, 11, 19, 1, 18, 13},
    {362, 28875, 11, 22, 1, 21, 13},
    {363, 28996, 11, 18, 1, 17, 13},
    {364, 29095, 11, 22, 1, 21, 13},
    {365, 29216, 11, 19, 1, 18, 13},
    {366, 29321, 11, 23, 1, 22, 13},
    {367, 29448, 11, 20, 1, 19, 13},
    {368, 29558, 11, 22, 1, 21, 13},
    {369, 29679, 11, 19, 1, 18, 13},
    {370, 29784, 11, 22, 1, 17, 13},
    {371, 29905, 11, 18, 1, 13, 13},
    {372, 30004, 13, 21, 0, 21, 13},
    {373, 30141, 13, 18, 0, 18, 13},
    {374, 30258, 13, 21, 0, 21, 13},
    {375, 30395, 12, 22, 1, 18, 13},
    {376, 30527, 13, 21, 0, 21, 13},
    {377, 30664, 11, 21, 1, 21, 13},
    {378, 30780, 11, 18, 1, 18, 13},
    {379, 30879, 11, 21, 1, 21, 13},
    {380, 30995, 11, 18, 1, 18, 13},
    {381, 31094, 11, 21, 1, 21, 13},
    {382, 31210, 11, 18, 1, 18, 13},
    {383, 31309, 9, 17, 3, 17, 13},
    {913, 31386, 12, 17, 1, 17, 13},
    {914, 31488, 11, 17, 1, 17, 13},
    {915, 31582, 11, 17, 2, 17, 13},
    {916, 31676, 12, 17, 1, 17, 13},
    {917, 31778, 10, 17, 2, 17, 13},
    {918, 31863, 11, 17, 1, 17, 13},
    {919, 31957, 11, 17, 1, 17, 13},
    {920, 32051, 11, 18, 1, 17, 13},
    {921, 32150, 9, 17, 2, 17, 13},
    {922, 32227, 12, 17, 1, 17, 13},
    {923, 32329, 12, 17, 1, 17, 13},
    {924, 32431, 11, 17, 1, 17, 13},
    {925, 32525, 11, 17, 1, 17, 13},
    {926, 32619, 11, 17, 1, 17, 13},
    {927, 32713, 11, 18, 1, 17, 13},
    {928, 32812, 11, 17, 1, 17, 13},
    {929, 32906, 12, 17, 1, 17, 13},
    {931, 33008, 12, 17, 1, 17, 13},
    {932, 33110, 12, 17, 1, 17, 13},
    {933, 33212, 13, 17, 0, 17, 13},
    {934, 33323, 13, 18, 0, 17, 13},
    {935, 33440, 13, 17, 0, 17, 13},
    {936, 33551, 12, 17, 1, 17, 13},
    {937, 33653, 12, 17, 1, 17, 13},
    {938, 33755, 9, 21, 2, 21, 13},
    {939, 33850, 13, 21, 0, 21, 13},
    {940, 33987, 11, 19, 1, 18, 13},
    {941, 34092, 11, 19, 1, 18, 13},
    {942, 34197, 11, 18, 1, 18, 13},
    {943, 34296, 12, 18, 1, 18, 13},
    {944, 34404, 11, 21, 1, 20, 13},
    {945, 34520, 11, 14, 1, 13, 13},
    {946, 34597, 11, 21, 1, 17, 13},
    {947, 34713, 11, 17, 1, 13, 13},
    {948, 34807, 11, 18, 1, 17, 13},
    {949, 34906, 11, 14, 1, 13, 13},
    {950, 34983, 11, 22, 2, 17, 13},
    {951, 35104, 11, 13, 1, 13, 13},
    {952, 35176, 11, 18, 1, 17, 13},
    {953, 35275, 12, 13, 1, 13, 13},
    {954, 35353, 11, 13, 2, 13, 13},
    {955, 35425, 12, 17, 1, 17, 13},
    {956, 35527, 11, 17, 1, 13, 13},
    {957, 35621, 12, 13, 1, 13, 13},
    {958, 35699, 11, 22, 1, 17, 13},
    {959, 35820, 11, 14, 1, 13, 13},
    {960, 35897, 13, 14, 0, 13, 13},
    {961, 35988, 11, 17, 1, 13, 13},
    {962, 36082, 11, 18, 1, 13, 13},
    {963, 36181, 12, 14, 1, 13, 13},
    {964, 36265, 12, 13, 0, 13, 13},
    {965, 36343, 11, 14, 1, 13, 13},
    {966, 36420, 12, 17, 1, 13, 13},
    {967, 36522, 12, 13, 1, 13, 13},
    {968, 36600, 12, 17, 1, 13, 13},
    {969, 36702, 12, 14, 1, 13, 13},
    {8226, 36786, 7, 6, 3, 11, 13},
    {8304, 36807, 9, 11, 2, 19, 13},
    {8305, 36857, 3, 10, 1, 19, 4},
    {8308, 36872, 7, 11, 3, 19, 13},
    {8309, 36911, 8, 11, 3, 19, 13},
    {8310, 36955, 9, 11, 2, 19, 13},
    {8311, 37005, 8, 11, 3, 19, 13},
    {8312, 37049, 9, 11, 2, 19, 13},
    {8313, 37099, 8, 11, 3, 19, 13},
    {8314, 37143, 7, 7, 3, 13, 13},
    {8315, 37168, 7, 3, 1, 15, 9},
    {8316, 37179, 7, 6, 3, 16, 13},
    {8317, 37200, 5, 11, 1, 19, 6},
    {8318, 37228, 5, 11, 0, 19, 6},
    {8319, 37256, 8, 8, 1, 17, 10},
    {8320, 37288, 9, 12, 2, 8, 13},
    {8321, 37342, 8, 10, 3, 7, 13},
    {8322, 37382, 8, 11, 3, 8, 13},
    {8323, 37426, 8, 11, 3, 7, 13},
    {8324, 37470, 7, 10, 3, 7, 13},
    {8325, 37505, 8, 11, 3, 7, 13},
    {8326, 37549, 9, 11, 2, 7, 13},
    {8327, 37599, 8, 10, 3, 7, 13},
    {8328, 37639, 9, 11, 2, 7, 13},
    {8329, 37689, 8, 11, 3, 8, 13},
    {8330, 37733, 7, 7, 1, 4, 9},
    {8331, 37758, 7, 3, 1, 2, 9},
    {8332, 37769, 7, 5, 1, 3, 9},
    {8333, 37787, 5, 12, 1, 7, 6},
    {8334, 37817, 5, 12, 0, 7, 6},
    {8336, 37847, 8, 8, 0, 4, 9},
    {8337, 37879, 9, 8, 0, 4, 9},
    {8338, 37915, 9, 8, 0, 4, 9},
    {8339, 37951, 9, 8, 0, 4, 9},
    {8340, 37987, 8, 10, 1, 5, 10},
    {8341, 38027, 8, 10, 1, 6, 10},
    {8342, 38067, 8, 10, 1, 6, 9},
    {8343, 38107, 3, 10, 1, 6, 4},
    {8344, 38122, 12, 8, 1, 4, 14},
    {8345, 38170, 8, 8, 1, 4, 10},
    {8346, 38202, 8, 10, 1, 4, 10},
    {8347, 38242, 8, 8, 0, 4, 9},
    {8348, 38274, 5, 9, 0, 5, 5},
    {8592, 38297, 13, 13, 0, 14, 13},
    {8593, 38382, 13, 17, 0, 17, 13},
    {8594, 38493, 13, 13, 0, 14, 13},
    {8595, 38578, 13, 18, 0, 17, 13},
    {8596, 38695, 18, 13, -2, 14, 13},
    {8597, 38812, 13, 24, 0, 20, 13},
    {8598, 38968, 12, 12, 1, 17, 13},
    {8599, 39040, 12, 12, 0, 17, 13},
    {8600, 39112, 12, 11, 0, 11, 13},
    {8601, 39178, 12, 11, 1, 11, 13},
    {8801, 39244, 11, 13, 1, 14, 13},
    {9654, 39316, 14, 14, 0, 15, 13},
    {9655, 39414, 14, 14, 0, 15, 13},
    {9679, 39512, 15, 14, -1, 15, 13},
};

const prim_font_t ui_font_mono_22 = {
    .bitmap_data = ui_font_mono_22_bmp,
    .glyphs = ui_font_mono_22_glyphs,
    .glyph_count = 432,
    .line_height = 29,
    .baseline = 22,
    .ascent = 22,
    .descent = 7,
    .bpp = 4,
};
