/* Auto-generated by tools/font_gen/gen_fonts.js. Do not edit. */
#include <prim/text.h>
#include <ui/fonts.h>   /* UI_API extern decl -> correct visibility */

static const uint8_t ui_font_sans_16_bmp[] = {
    0x6b, 0x08, 0xf0, 0x8f, 0x08, 0xf0, 0x8f, 0x08, 0xf0, 0x8f, 0x08, 0xf0, 0x24, 0x00, 0x00, 0x8e,
    0x28, 0xf3, 0x00, 0x00, 0x3b, 0x38, 0x84, 0xf1, 0xbb, 0x4f, 0x08, 0xb4, 0xf0, 0x8b, 0x3b, 0x06,
    0x80, 0x00, 0x08, 0x60, 0x06, 0x70, 0x00, 0x0b, 0x60, 0x0b, 0x80, 0x00, 0x0f, 0x40, 0x0d, 0x40,
    0x07, 0x8f, 0x88, 0x8f, 0x96, 0x0b, 0xce, 0xbb, 0xcf, 0xb8, 0x00, 0x8b, 0x00, 0x6c, 0x00, 0x00,
    0x98, 0x00, 0x8a, 0x00, 0x48, 0xdb, 0x88, 0xdb, 0x82, 0x8b, 0xfc, 0xbb, 0xfc, 0xb0, 0x02, 0xf0,
    0x00, 0xf3, 0x00, 0x04, 0xe0, 0x04, 0xf0, 0x00, 0x08, 0xb0, 0x06, 0xc0, 0x00, 0x00, 0x00, 0x12,
    0x00, 0x00, 0x00, 0x00, 0x48, 0x00, 0x00, 0x00, 0x17, 0xcd, 0x94, 0x00, 0x02, 0xee, 0xab, 0xcf,
    0x60, 0x09, 0xd1, 0x48, 0x08, 0xf1, 0x0b, 0xb0, 0x48, 0x01, 0x41, 0x08, 0xe4, 0x48, 0x00, 0x00,
    0x01, 0xbf, 0xdb, 0x40, 0x00, 0x00, 0x04, 0xaf, 0xfd, 0x30, 0x00, 0x00, 0x48, 0x3c, 0xe1, 0x00,
    0x00, 0x48, 0x02, 0xf4, 0x0f, 0x80, 0x48, 0x04, 0xf4, 0x08, 0xf8, 0x79, 0x6e, 0xc0, 0x00, 0x8e,
    0xff, 0xfb, 0x10, 0x00, 0x00, 0x79, 0x10, 0x00, 0x00, 0x00, 0x36, 0x00, 0x00, 0x03, 0xbb, 0x50,
    0x00, 0x01, 0xa3, 0x01, 0xe7, 0x5f, 0x20, 0x00, 0x9a, 0x00, 0x4f, 0x00, 0xc4, 0x00, 0x5e, 0x10,
    0x03, 0xf1, 0x0d, 0x40, 0x1e, 0x50, 0x00, 0x0c, 0xa9, 0xe1, 0x0a, 0x90, 0x00, 0x00, 0x17, 0x82,
    0x06, 0xd1, 0x00, 0x00, 0x00, 0x00, 0x02, 0xe4, 0x00, 0x00, 0x00, 0x00, 0x00, 0xb8, 0x01, 0xcf,
    0xe3, 0x00, 0x00, 0x7c, 0x10, 0x8b, 0x08, 0xc0, 0x00, 0x3e, 0x30, 0x0b, 0x80, 0x4f, 0x00, 0x0c,
    0x80, 0x00, 0x89, 0x06, 0xc0, 0x08, 0xc0, 0x00, 0x02, 0xec, 0xf5, 0x00, 0x00, 0x00, 0x00, 0x00,
    0x42, 0x00, 0x00, 0x18, 0xb9, 0x30, 0x00, 0x00, 0x0c, 0xd8, 0xae, 0x20, 0x00, 0x04, 0xf4, 0x00,
    0xf7, 0x00, 0x00, 0x3f, 0x50, 0x3f, 0x50, 0x00, 0x00, 0xbc, 0x6e, 0xb0, 0x00, 0x00, 0x02, 0xff,
    0x80, 0x00, 0x00, 0x01, 0xce, 0xf8, 0x00, 0x41, 0x00, 0xbd, 0x36, 0xf6, 0x0f, 0x40, 0x3f, 0x50,
    0x08, 0xe8, 0xf3, 0x02, 0xf5, 0x00, 0x0a, 0xfb, 0x00, 0x0b, 0xc4, 0x05, 0xcf, 0xc1, 0x00, 0x1a,
    0xff, 0xfb, 0x5e, 0x90, 0x00, 0x00, 0x40, 0x00, 0x00, 0x00, 0x3b, 0x34, 0xf1, 0x4f, 0x04, 0xf0,
    0x3b, 0x00, 0x00, 0x24, 0x00, 0x0b, 0xa0, 0x02, 0xf5, 0x00, 0x8e, 0x00, 0x0c, 0xa0, 0x00, 0xf7,
    0x00, 0x4f, 0x40, 0x04, 0xf4, 0x00, 0x4f, 0x40, 0x04, 0xf4, 0x00, 0x1f, 0x60, 0x00, 0xd9, 0x00,
    0x08, 0xe0, 0x00, 0x2f, 0x60, 0x00, 0x9b, 0x00, 0x01, 0x40, 0x14, 0x10, 0x00, 0xd9, 0x00, 0x07,
    0xe1, 0x00, 0x2f, 0x60, 0x00, 0xc9, 0x00, 0x08, 0xd0, 0x00, 0x8f, 0x00, 0x04, 0xf1, 0x00, 0x4f,
    0x30, 0x06, 0xf0, 0x00, 0x8e, 0x00, 0x0c, 0xa0, 0x02, 0xf6, 0x00, 0x8e, 0x10, 0x0d, 0x80, 0x01,
    0x41, 0x00, 0x00, 0x06, 0x60, 0x00, 0x04, 0x08, 0x80, 0x50, 0x0c, 0xca, 0xac, 0xd0, 0x00, 0x7f,
    0xf7, 0x00, 0x08, 0xdc, 0xcd, 0x80, 0x08, 0x28, 0x82, 0x80, 0x00, 0x08, 0x80, 0x00, 0x00, 0x01,
    0x40, 0x00, 0x00, 0x00, 0x4f, 0x00, 0x00, 0x00, 0x04, 0xf0, 0x00, 0x02, 0x44, 0x7f, 0x44, 0x40,
    0x8f, 0xff, 0xff, 0xff, 0x00, 0x00, 0x4f, 0x00, 0x00, 0x00, 0x04, 0xf0, 0x00, 0x00, 0x00, 0x4f,
    0x00, 0x00, 0x00, 0x01, 0x40, 0x00, 0x00, 0x4b, 0x38, 0xf0, 0x9a, 0x0b, 0x70, 0xb3, 0x00, 0x88,
    0x88, 0x82, 0xbb, 0xbb, 0xb3, 0x00, 0x08, 0xe2, 0x8f, 0x30, 0x00, 0x00, 0x00, 0x42, 0x00, 0x01,
    0xf3, 0x00, 0x06, 0xe0, 0x00, 0x09, 0xa0, 0x00, 0x0d, 0x70, 0x00, 0x2f, 0x20, 0x00, 0x7d, 0x00,
    0x00, 0xa9, 0x00, 0x00, 0xe5, 0x00, 0x04, 0xf1, 0x00, 0x08, 0xc0, 0x00, 0x0b, 0x80, 0x00, 0x1f,
    0x40, 0x00, 0x5f, 0x00, 0x00, 0x68, 0x00, 0x00, 0x00, 0x07, 0xbb, 0x81, 0x00, 0x00, 0xbe, 0x88,
    0xec, 0x00, 0x06, 0xf4, 0x00, 0x3f, 0x70, 0x0a, 0xc0, 0x00, 0x09, 0xc0, 0x0e, 0x80, 0x00, 0x07,
    0xf0, 0x0f, 0x80, 0x00, 0x04, 0xf2, 0x0f, 0x80, 0x00, 0x04, 0xf3, 0x0f, 0x80, 0x00, 0x06, 0xf0,
    0x0c, 0x90, 0x00, 0x08, 0xe0, 0x08, 0xe1, 0x00, 0x1d, 0x90, 0x01, 0xec, 0x44, 0xae, 0x20, 0x00,
    0x3d, 0xff, 0xd4, 0x00, 0x00, 0x00, 0x22, 0x00, 0x00, 0x00, 0x2a, 0xb0, 0x05, 0xed, 0xf0, 0x3f,
    0x84, 0xf0, 0x34, 0x04, 0xf0, 0x00, 0x04, 0xf0, 0x00, 0x04, 0xf0, 0x00, 0x04, 0xf0, 0x00, 0x04,
    0xf0, 0x00, 0x04, 0xf0, 0x00, 0x04, 0xf0, 0x00, 0x04, 0xf0, 0x00, 0x04, 0xf0, 0x02, 0x8b, 0xb7,
    0x00, 0x2e, 0xd8, 0x8e, 0xb0, 0x9d, 0x10, 0x04, 0xf4, 0x88, 0x00, 0x00, 0xf8, 0x00, 0x00, 0x04,
    0xf3, 0x00, 0x00, 0x1c, 0xb0, 0x00, 0x00, 0xae, 0x20, 0x00, 0x09, 0xe3, 0x00, 0x00, 0x9e, 0x30,
    0x00, 0x07, 0xf6, 0x00, 0x00, 0x6f, 0x94, 0x44, 0x42, 0xbf, 0xff, 0xff, 0xf8, 0x00, 0x18, 0xbb,
    0x81, 0x00, 0x2e, 0xd8, 0x8e, 0xc1, 0x09, 0xd1, 0x00, 0x3f, 0x60, 0x33, 0x00, 0x00, 0xf8, 0x00,
    0x00, 0x00, 0x4f, 0x40, 0x00, 0x28, 0xbe, 0x80, 0x00, 0x03, 0xbb, 0xf9, 0x10, 0x00, 0x00, 0x03,
    0xe9, 0x00, 0x00, 0x00, 0x08, 0xe0, 0xf8, 0x00, 0x00, 0x9d, 0x08, 0xf8, 0x44, 0x8f, 0x70, 0x08,
    0xef, 0xfe, 0x70, 0x00, 0x00, 0x32, 0x00, 0x00, 0x00, 0x00, 0x02, 0xb8, 0x00, 0x00, 0x00, 0x0a,
    0xfb, 0x00, 0x00, 0x00, 0x5f, 0xab, 0x00, 0x00, 0x01, 0xd8, 0x8b, 0x00, 0x00, 0x08, 0xd0, 0x8b,
    0x00, 0x00, 0x4f, 0x40, 0x8b, 0x00, 0x00, 0xc9, 0x00, 0x8b, 0x00, 0x08, 0xe1, 0x00, 0x8b, 0x00,
    0x0e, 0xdb, 0xbb, 0xde, 0xb6, 0x0b, 0xbb, 0xbb, 0xde, 0xb6, 0x00, 0x00, 0x00, 0x8b, 0x00, 0x00,
    0x00, 0x00, 0x8b, 0x00, 0x3b, 0xbb, 0xbb, 0xb0, 0x4f, 0xbb, 0xbb, 0xb0, 0x6f, 0x00, 0x00, 0x00,
    0x8e, 0x00, 0x00, 0x00, 0x9b, 0x68, 0x84, 0x00, 0xbf, 0xdb, 0xdf, 0x70, 0x33, 0x00, 0x09, 0xf2,
    0x00, 0x00, 0x01, 0xf8, 0x00, 0x00, 0x00, 0xf8, 0xe8, 0x00, 0x03, 0xf6, 0x8f, 0x74, 0x5c, 0xc0,
    0x08, 0xff, 0xfb, 0x10, 0x00, 0x04, 0x10, 0x00, 0x00, 0x06, 0xbb, 0x92, 0x00, 0x09, 0xf9, 0x8d,
    0xe2, 0x04, 0xf4, 0x00, 0x1d, 0x90, 0x9b, 0x00, 0x00, 0x33, 0x0d, 0x82, 0x88, 0x61, 0x00, 0xf8,
    0xeb, 0xbf, 0xc1, 0x0f, 0xf6, 0x00, 0x3e, 0x90, 0xfa, 0x00, 0x00, 0x8e, 0x0d, 0x80, 0x00, 0x08,
    0xf0, 0x9d, 0x00, 0x00, 0xbc, 0x02, 0xea, 0x44, 0xaf, 0x50, 0x03, 0xdf, 0xfd, 0x50, 0x00, 0x00,
    0x22, 0x00, 0x00, 0x3b, 0xbb, 0xbb, 0xbb, 0x33, 0xbb, 0xbb, 0xbc, 0xf4, 0x00, 0x00, 0x00, 0x9d,
    0x00, 0x00, 0x00, 0x2f, 0x60, 0x00, 0x00, 0x09, 0xd0, 0x00, 0x00, 0x02, 0xf6, 0x00, 0x00, 0x00,
    0x9d, 0x00, 0x00, 0x00, 0x2f, 0x60, 0x00, 0x00, 0x09, 0xd0, 0x00, 0x00, 0x02, 0xf6, 0x00, 0x00,
    0x00, 0x9d, 0x00, 0x00, 0x00, 0x2f, 0x60, 0x00, 0x00, 0x00, 0x18, 0xbb, 0x81, 0x00, 0x1e, 0xd8,
    0x8e, 0xc1, 0x08, 0xf1, 0x00, 0x3f, 0x60, 0x8b, 0x00, 0x00, 0xf8, 0x06, 0xf3, 0x00, 0x4f, 0x40,
    0x08, 0xdb, 0xbe, 0x70, 0x01, 0xbe, 0xaa, 0xeb, 0x10, 0xbd, 0x10, 0x02, 0xe9, 0x0f, 0x80, 0x00,
    0x08, 0xe0, 0xf8, 0x00, 0x00, 0x9d, 0x08, 0xf7, 0x44, 0x8f, 0x80, 0x08, 0xef, 0xfe, 0x80, 0x00,
    0x00, 0x32, 0x00, 0x00, 0x00, 0x29, 0xbb, 0x70, 0x00, 0x3e, 0xd8, 0x8e, 0xc0, 0x0a, 0xd1, 0x00,
    0x3f, 0x60, 0xf8, 0x00, 0x00, 0xbb, 0x0f, 0x80, 0x00, 0x0b, 0xe0, 0xcb, 0x00, 0x02, 0xef, 0x05,
    0xfb, 0x67, 0xec, 0xf0, 0x04, 0xcf, 0xd5, 0x8c, 0x00, 0x00, 0x00, 0x0a, 0xa0, 0xd9, 0x00, 0x02,
    0xf6, 0x07, 0xf8, 0x45, 0xcc, 0x00, 0x08, 0xef, 0xfb, 0x10, 0x00, 0x00, 0x31, 0x00, 0x00, 0x14,
    0x0a, 0xf4, 0x6a, 0x20, 0x00, 0x00, 0x00, 0x00, 0x00, 0x08, 0xe2, 0x8f, 0x30, 0x00, 0x04, 0x17,
    0xf8, 0x3b, 0x30, 0x00, 0x00, 0x00, 0x00, 0x00, 0x04, 0xb3, 0x8f, 0x09, 0xa0, 0xb7, 0x0b, 0x30,
    0x00, 0x00, 0x00, 0x27, 0x00, 0x00, 0x29, 0xfa, 0x00, 0x29, 0xfd, 0x60, 0x29, 0xfb, 0x40, 0x00,
    0xbf, 0x90, 0x00, 0x00, 0x18, 0xed, 0x60, 0x00, 0x00, 0x18, 0xed, 0x71, 0x00, 0x00, 0x18, 0xeb,
    0x00, 0x00, 0x00, 0x15, 0x4f, 0xff, 0xff, 0xfb, 0x28, 0x88, 0x88, 0x86, 0x00, 0x00, 0x00, 0x00,
    0x28, 0x88, 0x88, 0x86, 0x3b, 0xbb, 0xbb, 0xb8, 0x38, 0x00, 0x00, 0x00, 0x03, 0xfd, 0x60, 0x00,
    0x00, 0x02, 0x8e, 0xd6, 0x00, 0x00, 0x00, 0x18, 0xed, 0x60, 0x00, 0x00, 0x03, 0xdf, 0x40, 0x00,
    0x29, 0xfb, 0x40, 0x02, 0x9f, 0xd5, 0x00, 0x03, 0xfd, 0x60, 0x00, 0x00, 0x36, 0x00, 0x00, 0x00,
    0x00, 0x01, 0x8b, 0xb8, 0x10, 0x0b, 0xe8, 0x8e, 0xc0, 0x3f, 0x50, 0x04, 0xf4, 0x14, 0x10, 0x01,
    0xf6, 0x00, 0x00, 0x08, 0xf2, 0x00, 0x01, 0xaf, 0x60, 0x00, 0x0a, 0xe4, 0x00, 0x00, 0x0f, 0x80,
    0x00, 0x00, 0x08, 0x40, 0x00, 0x00, 0x00, 0x00, 0x00, 0x00, 0x2e, 0x80, 0x00, 0x00, 0x3f, 0x80,
    0x00, 0x00, 0x00, 0x00, 0x00, 0x00, 0x00, 0x00, 0x24, 0x41, 0x00, 0x00, 0x00, 0x00, 0x18, 0xdf,
    0xff, 0xfd, 0x60, 0x00, 0x00, 0x3d, 0xc5, 0x00, 0x01, 0x6e, 0x90, 0x00, 0x0c, 0xc1, 0x00, 0x00,
    0x00, 0x3e, 0x80, 0x06, 0xe1, 0x02, 0x9b, 0xa8, 0x80, 0x6e, 0x10, 0xb9, 0x01, 0xea, 0x58, 0xeb,
    0x00, 0xe5, 0x0f, 0x60, 0x7c, 0x00, 0x08, 0xb0, 0x0b, 0x80, 0xf4, 0x0b, 0x80, 0x00, 0x6b, 0x00,
    0xb8, 0x0f, 0x40, 0xa8, 0x00, 0x08, 0xb0, 0x0b, 0x80, 0xe6, 0x07, 0xd0, 0x00, 0xab, 0x00, 0xf4,
    0x0a, 0x90, 0x1d, 0xb8, 0xac, 0xf7, 0x8d, 0x00, 0x6f, 0x20, 0x18, 0xb8, 0x07, 0xba, 0x30, 0x00,
    0xbc, 0x10, 0x00, 0x00, 0x00, 0x00, 0x00, 0x01, 0xce, 0x84, 0x00, 0x37, 0x20, 0x00, 0x00, 0x00,
    0x6b, 0xff, 0xff, 0xb4, 0x00, 0x00, 0x00, 0x00, 0x00, 0x00, 0x00, 0x00, 0x00, 0x00, 0x00, 0x5b,
    0x50, 0x00, 0x00, 0x00, 0x0c, 0xfc, 0x00, 0x00, 0x00, 0x02, 0xf6, 0xf2, 0x00, 0x00, 0x00, 0x8d,
    0x0e, 0x80, 0x00, 0x00, 0x0d, 0x80, 0x9d, 0x00, 0x00, 0x03, 0xf3, 0x04, 0xf4, 0x00, 0x00, 0x9d,
    0x00, 0x0d, 0x90, 0x00, 0x0e, 0xc8, 0x88, 0xce, 0x00, 0x05, 0xfb, 0xbb, 0xbb, 0xf6, 0x00, 0xad,
    0x00, 0x00, 0x0c, 0xa0, 0x1f, 0x80, 0x00, 0x00, 0x7f, 0x26, 0xf2, 0x00, 0x00, 0x02, 0xf7, 0x6b,
    0xbb, 0xb8, 0x40, 0x08, 0xfb, 0xbb, 0xcf, 0x60, 0x8f, 0x00, 0x00, 0xae, 0x08, 0xf0, 0x00, 0x04,
    0xf0, 0x8f, 0x00, 0x00, 0xad, 0x08, 0xf8, 0x88, 0xbb, 0x30, 0x8f, 0xbb, 0xbc, 0xe6, 0x08, 0xf0,
    0x00, 0x06, 0xf4, 0x8f, 0x00, 0x00, 0x0e, 0x88, 0xf0, 0x00, 0x01, 0xf8, 0x8f, 0x44, 0x46, 0xce,
    0x28, 0xff, 0xff, 0xfa, 0x30, 0x00, 0x02, 0x8b, 0xb9, 0x40, 0x00, 0x06, 0xee, 0x98, 0xdf, 0x80,
    0x02, 0xea, 0x10, 0x00, 0x8f, 0x40, 0x9e, 0x10, 0x00, 0x00, 0xda, 0x0d, 0x90, 0x00, 0x00, 0x00,
    0x00, 0xf8, 0x00, 0x00, 0x00, 0x00, 0x0f, 0x80, 0x00, 0x00, 0x00, 0x00, 0xf8, 0x00, 0x00, 0x00,
    0x00, 0x0a, 0xc0, 0x00, 0x00, 0x08, 0x80, 0x5f, 0x70, 0x00, 0x03, 0xf7, 0x00, 0x9f, 0x94, 0x48,
    0xec, 0x10, 0x00, 0x8d, 0xff, 0xe8, 0x10, 0x00, 0x00, 0x02, 0x30, 0x00, 0x00, 0x6b, 0xbb, 0xa8,
    0x30, 0x00, 0x8f, 0xbb, 0xbd, 0xfa, 0x10, 0x8f, 0x00, 0x00, 0x5e, 0x80, 0x8f, 0x00, 0x00, 0x07,
    0xf2, 0x8f, 0x00, 0x00, 0x01, 0xf7, 0x8f, 0x00, 0x00, 0x00, 0xd8, 0x8f, 0x00, 0x00, 0x00, 0xc8,
    0x8f, 0x00, 0x00, 0x00, 0xf8, 0x8f, 0x00, 0x00, 0x05, 0xf4, 0x8f, 0x00, 0x00, 0x1c, 0xc0, 0x8f,
    0x44, 0x58, 0xee, 0x30, 0x8f, 0xff, 0xfd, 0x81, 0x00, 0x6b, 0xbb, 0xbb, 0xb6, 0x8f, 0xbb, 0xbb,
    0xb6, 0x8f, 0x00, 0x00, 0x00, 0x8f, 0x00, 0x00, 0x00, 0x8f, 0x00, 0x00, 0x00, 0x8f, 0x88, 0x88,
    0x80, 0x8f, 0xbb, 0xbb, 0xb0, 0x8f, 0x00, 0x00, 0x00, 0x8f, 0x00, 0x00, 0x00, 0x8f, 0x00, 0x00,
    0x00, 0x8f, 0x44, 0x44, 0x42, 0x8f, 0xff, 0xff, 0xf8, 0x6b, 0xbb, 0xbb, 0xb6, 0x8f, 0xbb, 0xbb,
    0xb6, 0x8f, 0x00, 0x00, 0x00, 0x8f, 0x00, 0x00, 0x00, 0x8f, 0x00, 0x00, 0x00, 0x8f, 0x44, 0x44,
    0x40, 0x8f, 0xff, 0xff, 0xf0, 0x8f, 0x00, 0x00, 0x00, 0x8f, 0x00, 0x00, 0x00, 0x8f, 0x00, 0x00,
    0x00, 0x8f, 0x00, 0x00, 0x00, 0x8f, 0x00, 0x00, 0x00, 0x00, 0x02, 0x8b, 0xb9, 0x40, 0x00, 0x06,
    0xee, 0x98, 0xdf, 0x70, 0x02, 0xea, 0x10, 0x00, 0x9f, 0x40, 0x9e, 0x10, 0x00, 0x00, 0xda, 0x0d,
    0x90, 0x00, 0x00, 0x00, 0x00, 0xf8, 0x00, 0x00, 0x00, 0x00, 0x0f, 0x80, 0x00, 0x6b, 0xbb, 0xb0,
    0xf8, 0x00, 0x04, 0x88, 0xbf, 0x0a, 0xc0, 0x00, 0x00, 0x0a, 0xc0, 0x5f, 0x70, 0x00, 0x03, 0xf8,
    0x00, 0x9f, 0x94, 0x48, 0xec, 0x10, 0x00, 0x8d, 0xff, 0xf9, 0x10, 0x00, 0x00, 0x02, 0x30, 0x00,
    0x00, 0x6b, 0x00, 0x00, 0x00, 0xb6, 0x8f, 0x00, 0x00, 0x00, 0xf8, 0x8f, 0x00, 0x00, 0x00, 0xf8,
    0x8f, 0x00, 0x00, 0x00, 0xf8, 0x8f, 0x00, 0x00, 0x00, 0xf8, 0x8f, 0x88, 0x88, 0x88, 0xf8, 0x8f,
    0xbb, 0xbb, 0xbb, 0xf8, 0x8f, 0x00, 0x00, 0x00, 0xf8, 0x8f, 0x00, 0x00, 0x00, 0xf8, 0x8f, 0x00,
    0x00, 0x00, 0xf8, 0x8f, 0x00, 0x00, 0x00, 0xf8, 0x8f, 0x00, 0x00, 0x00, 0xf8, 0x6b, 0x8f, 0x8f,
    0x8f, 0x8f, 0x8f, 0x8f, 0x8f, 0x8f, 0x8f, 0x8f, 0x8f, 0x00, 0x00, 0x00, 0x88, 0x00, 0x00, 0x00,
    0xbb, 0x00, 0x00, 0x00, 0xbb, 0x00, 0x00, 0x00, 0xbb, 0x00, 0x00, 0x00, 0xbb, 0x00, 0x00, 0x00,
    0xbb, 0x00, 0x00, 0x00, 0xbb, 0x00, 0x00, 0x00, 0xbb, 0x4f, 0x40, 0x00, 0xbb, 0x2f, 0x60, 0x00,
    0xda, 0x0c, 0xe5, 0x49, 0xf5, 0x01, 0xbf, 0xfe, 0x70, 0x00, 0x01, 0x30, 0x00, 0x6b, 0x00, 0x00,
    0x1a, 0xa1, 0x8f, 0x00, 0x00, 0x9f, 0x30, 0x8f, 0x00, 0x09, 0xf6, 0x00, 0x8f, 0x00, 0x9f, 0x60,
    0x00, 0x8f, 0x07, 0xf6, 0x00, 0x00, 0x8e, 0x6f, 0xb0, 0x00, 0x00, 0x8d, 0xea, 0xf6, 0x00, 0x00,
    0x8f, 0x90, 0xae, 0x20, 0x00, 0x8f, 0x00, 0x1d, 0xc0, 0x00, 0x8f, 0x00, 0x04, 0xf8, 0x00, 0x8f,
    0x00, 0x00, 0x8f, 0x40, 0x8f, 0x00, 0x00, 0x0c, 0xd1, 0x6b, 0x00, 0x00, 0x00, 0x8f, 0x00, 0x00,
    0x00, 0x8f, 0x00, 0x00, 0x00, 0x8f, 0x00, 0x00, 0x00, 0x8f, 0x00, 0x00, 0x00, 0x8f, 0x00, 0x00,
    0x00, 0x8f, 0x00, 0x00, 0x00, 0x8f, 0x00, 0x00, 0x00, 0x8f, 0x00, 0x00, 0x00, 0x8f, 0x00, 0x00,
    0x00, 0x8f, 0x44, 0x44, 0x41, 0x8f, 0xff, 0xff, 0xf4, 0x6b, 0x70, 0x00, 0x00, 0x02, 0xbb, 0x08,
    0xfe, 0x00, 0x00, 0x00, 0x8f, 0xf0, 0x8c, 0xf6, 0x00, 0x00, 0x0d, 0xcf, 0x08, 0xba, 0xb0, 0x00,
    0x05, 0xf9, 0xf0, 0x8b, 0x6f, 0x20, 0x00, 0x9c, 0x8f, 0x08, 0xb1, 0xe8, 0x00, 0x1f, 0x68, 0xf0,
    0x8b, 0x09, 0xd0, 0x07, 0xe1, 0x8f, 0x08, 0xb0, 0x3f, 0x50, 0xc9, 0x08, 0xf0, 0x8b, 0x00, 0xc9,
    0x3f, 0x40, 0x8f, 0x08, 0xb0, 0x06, 0xe8, 0xd0, 0x08, 0xf0, 0x8b, 0x00, 0x1e, 0xf7, 0x00, 0x8f,
    0x08, 0xb0, 0x00, 0x9f, 0x10, 0x08, 0xf0, 0x6b, 0x40, 0x00, 0x00, 0x88, 0x8f, 0xd0, 0x00, 0x00,
    0xbb, 0x8c, 0xe8, 0x00, 0x00, 0xbb, 0x8b, 0x8f, 0x30, 0x00, 0xbb, 0x8d, 0x0d, 0xb0, 0x00, 0xbb,
    0x8f, 0x04, 0xf7, 0x00, 0xbb, 0x8f, 0x00, 0x9e, 0x20, 0xbb, 0x8f, 0x00, 0x1e, 0xa0, 0xbb, 0x8f,
    0x00, 0x05, 0xf5, 0xbb, 0x8f, 0x00, 0x00, 0xbd, 0xbb, 0x8f, 0x00, 0x00, 0x2e, 0xfb, 0x8f, 0x00,
    0x00, 0x07, 0xfb, 0x00, 0x02, 0x8b, 0xb9, 0x40, 0x00, 0x00, 0x6e, 0xe9, 0x8d, 0xf8, 0x00, 0x02,
    0xea, 0x10, 0x00, 0x8f, 0x50, 0x09, 0xe1, 0x00, 0x00, 0x0b, 0xd0, 0x0d, 0x90, 0x00, 0x00, 0x06,
    0xf2, 0x0f, 0x80, 0x00, 0x00, 0x04, 0xf4, 0x0f, 0x80, 0x00, 0x00, 0x04, 0xf4, 0x0f, 0x80, 0x00,
    0x00, 0x04, 0xf3, 0x0a, 0xc0, 0x00, 0x00, 0x09, 0xe0, 0x04, 0xf7, 0x00, 0x00, 0x3f, 0x80, 0x00,
    0x9f, 0x94, 0x48, 0xec, 0x10, 0x00, 0x07, 0xdf, 0xfe, 0x81, 0x00, 0x00, 0x00, 0x02, 0x30, 0x00,
    0x00, 0x6b, 0xbb, 0xa8, 0x30, 0x08, 0xfb, 0xbb, 0xdf, 0x60, 0x8f, 0x00, 0x00, 0x9f, 0x18, 0xf0,
    0x00, 0x03, 0xf4, 0x8f, 0x00, 0x00, 0x3f, 0x48, 0xf0, 0x00, 0x08, 0xf2, 0x8f, 0x88, 0x8a, 0xf8,
    0x08, 0xfb, 0xbb, 0xa6, 0x00, 0x8f, 0x00, 0x00, 0x00, 0x08, 0xf0, 0x00, 0x00, 0x00, 0x8f, 0x00,
    0x00, 0x00, 0x08, 0xf0, 0x00, 0x00, 0x00, 0x00, 0x02, 0x8b, 0xb9, 0x40, 0x00, 0x00, 0x6e, 0xe9,
    0x8d, 0xf8, 0x00, 0x02, 0xea, 0x10, 0x00, 0x8f, 0x50, 0x09, 0xe1, 0x00, 0x00, 0x0b, 0xd0, 0x0d,
    0x90, 0x00, 0x00, 0x06, 0xf2, 0x0f, 0x80, 0x00, 0x00, 0x04, 0xf4, 0x0f, 0x80, 0x00, 0x00, 0x04,
    0xf4, 0x0f, 0x80, 0x00, 0x00, 0x04, 0xf3, 0x0a, 0xc0, 0x02, 0xb5, 0x09, 0xe0, 0x04, 0xf7, 0x00,
    0x8e, 0x5f, 0x80, 0x00, 0x9f, 0x94, 0x4d, 0xfc, 0x10, 0x00, 0x07, 0xdf, 0xfe, 0xe8, 0x00, 0x00,
    0x00, 0x02, 0x30, 0x4f, 0x50, 0x00, 0x00, 0x00, 0x00, 0x00, 0x00, 0x6b, 0xbb, 0xa8, 0x40, 0x08,
    0xfb, 0xbb, 0xcf, 0x70, 0x8f, 0x00, 0x00, 0x9f, 0x28, 0xf0, 0x00, 0x03, 0xf4, 0x8f, 0x00, 0x00,
    0x3f, 0x48, 0xf0, 0x00, 0x1a, 0xf1, 0x8f, 0xbb, 0xbf, 0xf6, 0x08, 0xf8, 0x88, 0xf7, 0x00, 0x8f,
    0x00, 0x0b, 0xd0, 0x08, 0xf0, 0x00, 0x4f, 0x80, 0x8f, 0x00, 0x00, 0xbe, 0x18, 0xf0, 0x00, 0x02,
    0xf8, 0x00, 0x18, 0xbb, 0x94, 0x00, 0x02, 0xee, 0x88, 0xcf, 0x60, 0x09, 0xd1, 0x00, 0x08, 0xf1,
    0x0b, 0xb0, 0x00, 0x01, 0x41, 0x08, 0xe4, 0x00, 0x00, 0x00, 0x01, 0xbf, 0xd8, 0x40, 0x00, 0x00,
    0x04, 0x9d, 0xfd, 0x30, 0x00, 0x00, 0x00, 0x3c, 0xe1, 0x00, 0x00, 0x00, 0x02, 0xf4, 0x0f, 0x80,
    0x00, 0x04, 0xf4, 0x08, 0xf8, 0x44, 0x6e, 0xc0, 0x00, 0x8e, 0xff, 0xfb, 0x10, 0x00, 0x00, 0x44,
    0x10, 0x00, 0x3b, 0xbb, 0xbb, 0xbb, 0xb6, 0x3b, 0xbb, 0xdf, 0xbb, 0xb6, 0x00, 0x00, 0x8f, 0x00,
    0x00, 0x00, 0x00, 0x8f, 0x00, 0x00, 0x00, 0x00, 0x8f, 0x00, 0x00, 0x00, 0x00, 0x8f, 0x00, 0x00,
    0x00, 0x00, 0x8f, 0x00, 0x00, 0x00, 0x00, 0x8f, 0x00, 0x00, 0x00, 0x00, 0x8f, 0x00, 0x00, 0x00,
    0x00, 0x8f, 0x00, 0x00, 0x00, 0x00, 0x8f, 0x00, 0x00, 0x00, 0x00, 0x8f, 0x00, 0x00, 0x6b, 0x00,
    0x00, 0x00, 0xb6, 0x8f, 0x00, 0x00, 0x00, 0xf8, 0x8f, 0x00, 0x00, 0x00, 0xf8, 0x8f, 0x00, 0x00,
    0x00, 0xf8, 0x8f, 0x00, 0x00, 0x00, 0xf8, 0x8f, 0x00, 0x00, 0x00, 0xf8, 0x8f, 0x00, 0x00, 0x00,
    0xf8, 0x8f, 0x00, 0x00, 0x00, 0xf8, 0x8f, 0x00, 0x00, 0x00, 0xf8, 0x6f, 0x50, 0x00, 0x07, 0xf3,
    0x0c, 0xe8, 0x44, 0x8f, 0xa0, 0x01, 0x9f, 0xff, 0xe8, 0x10, 0x00, 0x00, 0x43, 0x00, 0x00, 0x6b,
    0x10, 0x00, 0x00, 0x0b, 0x73, 0xf6, 0x00, 0x00, 0x06, 0xf3, 0x0c, 0xa0, 0x00, 0x00, 0xad, 0x00,
    0x7f, 0x20, 0x00, 0x1f, 0x80, 0x01, 0xf7, 0x00, 0x06, 0xf2, 0x00, 0x0a, 0xc0, 0x00, 0xac, 0x00,
    0x00, 0x6f, 0x20, 0x1f, 0x60, 0x00, 0x00, 0xe8, 0x07, 0xf1, 0x00, 0x00, 0x09, 0xd0, 0xca, 0x00,
    0x00, 0x00, 0x3f, 0x3f, 0x50, 0x00, 0x00, 0x00, 0xdc, 0xe0, 0x00, 0x00, 0x00, 0x08, 0xf9, 0x00,
    0x00, 0x6b, 0x00, 0x00, 0x0b, 0x80, 0x00, 0x03, 0xb3, 0x5f, 0x30, 0x00, 0x4f, 0xf0, 0x00, 0x07,
    0xf1, 0x0f, 0x80, 0x00, 0x8b, 0xf5, 0x00, 0x0b, 0xc0, 0x0b, 0xb0, 0x00, 0xc8, 0xc8, 0x00, 0x0f,
    0x80, 0x07, 0xf0, 0x01, 0xf5, 0x8c, 0x00, 0x4f, 0x30, 0x03, 0xf4, 0x05, 0xf1, 0x5f, 0x10, 0x8e,
    0x00, 0x00, 0xe8, 0x08, 0xc0, 0x1f, 0x50, 0xba, 0x00, 0x00, 0x9b, 0x0d, 0x80, 0x0c, 0x90, 0xf6,
    0x00, 0x00, 0x6f, 0x2f, 0x40, 0x08, 0xd4, 0xf2, 0x00, 0x00, 0x2f, 0x8f, 0x00, 0x04, 0xf8, 0xd0,
    0x00, 0x00, 0x0c, 0xea, 0x00, 0x00, 0xee, 0x80, 0x00, 0x00, 0x08, 0xf7, 0x00, 0x00, 0xaf, 0x50,
    0x00, 0x1b, 0x70, 0x00, 0x00, 0x7b, 0x10, 0x8f, 0x30, 0x00, 0x4f, 0x70, 0x00, 0xcc, 0x10, 0x1d,
    0xb0, 0x00, 0x03, 0xe8, 0x08, 0xe2, 0x00, 0x00, 0x07, 0xf6, 0xf6, 0x00, 0x00, 0x00, 0x0b, 0xfa,
    0x00, 0x00, 0x00, 0x00, 0xaf, 0xa0, 0x00, 0x00, 0x00, 0x7f, 0x7f, 0x60, 0x00, 0x00, 0x2e, 0x80,
    0xae, 0x20, 0x00, 0x0c, 0xc1, 0x01, 0xeb, 0x00, 0x08, 0xf3, 0x00, 0x04, 0xf7, 0x03, 0xf8, 0x00,
    0x00, 0x08, 0xe3, 0x5b, 0x40, 0x00, 0x00, 0x5b, 0x40, 0xdc, 0x00, 0x00, 0x1e, 0xb0, 0x04, 0xf7,
    0x00, 0x08, 0xf2, 0x00, 0x09, 0xe2, 0x03, 0xf8, 0x00, 0x00, 0x1e, 0xa0, 0xbd, 0x00, 0x00, 0x00,
    0x7f, 0x9f, 0x40, 0x00, 0x00, 0x00, 0xbf, 0x90, 0x00, 0x00, 0x00, 0x05, 0xf4, 0x00, 0x00, 0x00,
    0x00, 0x4f, 0x40, 0x00, 0x00, 0x00, 0x04, 0xf4, 0x00, 0x00, 0x00, 0x00, 0x4f, 0x40, 0x00, 0x00,
    0x00, 0x04, 0xf4, 0x00, 0x00, 0x0b, 0xbb, 0xbb, 0xbb, 0xb0, 0x0b, 0xbb, 0xbb, 0xbe, 0xe0, 0x00,
    0x00, 0x00, 0x4f, 0x50, 0x00, 0x00, 0x01, 0xea, 0x00, 0x00, 0x00, 0x0a, 0xe1, 0x00, 0x00, 0x00,
    0x5f, 0x50, 0x00, 0x00, 0x01, 0xea, 0x00, 0x00, 0x00, 0x0a, 0xd1, 0x00, 0x00, 0x00, 0x5f, 0x40,
    0x00, 0x00, 0x01, 0xe8, 0x00, 0x00, 0x00, 0x0a, 0xe5, 0x44, 0x44, 0x40, 0x0f, 0xff, 0xff, 0xff,
    0xf0, 0x14, 0x43, 0x4f, 0xb8, 0x4f, 0x00, 0x4f, 0x00, 0x4f, 0x00, 0x4f, 0x00, 0x4f, 0x00, 0x4f,
    0x00, 0x4f, 0x00, 0x4f, 0x00, 0x4f, 0x00, 0x4f, 0x00, 0x4f, 0x00, 0x4f, 0x00, 0x4f, 0xfb, 0x14,
    0x43, 0x23, 0x00, 0x00, 0x7c, 0x00, 0x00, 0x3f, 0x20, 0x00, 0x0e, 0x60, 0x00, 0x09, 0x90, 0x00,
    0x06, 0xe0, 0x00, 0x02, 0xf3, 0x00, 0x00, 0xc7, 0x00, 0x00, 0x8a, 0x00, 0x00, 0x5f, 0x00, 0x00,
    0x1f, 0x40, 0x00, 0x0b, 0x80, 0x00, 0x08, 0xc0, 0x00, 0x04, 0xf1, 0x00, 0x00, 0xb3, 0x04, 0x44,
    0x00, 0xbc, 0xf0, 0x00, 0x4f, 0x00, 0x04, 0xf0, 0x00, 0x4f, 0x00, 0x04, 0xf0, 0x00, 0x4f, 0x00,
    0x04, 0xf0, 0x00, 0x4f, 0x00, 0x04, 0xf0, 0x00, 0x4f, 0x00, 0x04, 0xf0, 0x00, 0x4f, 0x00, 0x04,
    0xf0, 0x0f, 0xff, 0x00, 0x44, 0x40, 0x00, 0x04, 0x20, 0x00, 0x06, 0xfd, 0x00, 0x00, 0xd8, 0xd6,
    0x00, 0x6e, 0x18, 0xd0, 0x0c, 0x80, 0x1e, 0x62, 0xb2, 0x00, 0x79, 0xff, 0xff, 0xff, 0xf4, 0x44,
    0x44, 0x44, 0x41, 0x33, 0x07, 0xf1, 0x0b, 0x80, 0x00, 0x00, 0x6b, 0xbb, 0x50, 0x09, 0xf8, 0x89,
    0xf5, 0x06, 0x50, 0x00, 0xca, 0x00, 0x00, 0x14, 0xdb, 0x04, 0xaf, 0xfe, 0xeb, 0x2f, 0xa4, 0x00,
    0xbb, 0x4f, 0x30, 0x00, 0xcb, 0x2f, 0x81, 0x18, 0xfb, 0x06, 0xef, 0xf9, 0xbb, 0x00, 0x04, 0x20,
    0x00, 0x88, 0x00, 0x00, 0x00, 0xbb, 0x00, 0x00, 0x00, 0xbb, 0x00, 0x00, 0x00, 0xbb, 0x4b, 0xb9,
    0x20, 0xbd, 0xd8, 0x8d, 0xe2, 0xbf, 0x30, 0x01, 0xe9, 0xbb, 0x00, 0x00, 0x8d, 0xbb, 0x00, 0x00,
    0x8f, 0xbb, 0x00, 0x00, 0x8f, 0xbe, 0x10, 0x00, 0xca, 0xbd, 0xa2, 0x29, 0xf4, 0xb8, 0x8f, 0xfe,
    0x60, 0x00, 0x02, 0x40, 0x00, 0x00, 0x39, 0xbb, 0x80, 0x00, 0x3e, 0xb8, 0x8e, 0xb0, 0x0b, 0xc0,
    0x00, 0x4c, 0x31, 0xf6, 0x00, 0x00, 0x00, 0x4f, 0x40, 0x00, 0x00, 0x02, 0xf5, 0x00, 0x00, 0x00,
    0x0d, 0x90, 0x00, 0x18, 0x10, 0x7f, 0x71, 0x3c, 0xe1, 0x00, 0x8e, 0xff, 0xd3, 0x00, 0x00, 0x04,
    0x20, 0x00, 0x00, 0x00, 0x00, 0x08, 0x60, 0x00, 0x00, 0x00, 0xb8, 0x00, 0x00, 0x00, 0x0b, 0x80,
    0x04, 0xab, 0xa3, 0xb8, 0x04, 0xfb, 0x88, 0xcc, 0x80, 0xcb, 0x00, 0x06, 0xf8, 0x1f, 0x60, 0x00,
    0x0f, 0x84, 0xf4, 0x00, 0x00, 0xb8, 0x2f, 0x50, 0x00, 0x0d, 0x80, 0xe9, 0x00, 0x02, 0xf8, 0x08,
    0xf7, 0x13, 0xce, 0x80, 0x08, 0xff, 0xf6, 0xb8, 0x00, 0x01, 0x41, 0x00, 0x00, 0x00, 0x39, 0xbb,
    0x70, 0x00, 0x3e, 0xb8, 0x8e, 0x90, 0x0b, 0xb0, 0x00, 0x5f, 0x31, 0xf5, 0x00, 0x00, 0xf8, 0x4f,
    0xff, 0xff, 0xff, 0x82, 0xf4, 0x00, 0x00, 0x00, 0x0d, 0x80, 0x00, 0x05, 0x00, 0x7f, 0x71, 0x29,
    0xf2, 0x00, 0x8e, 0xff, 0xd5, 0x00, 0x00, 0x04, 0x30, 0x00, 0x00, 0x01, 0x40, 0x00, 0x6f, 0xf8,
    0x00, 0xf9, 0x21, 0x04, 0xf4, 0x00, 0x8c, 0xfc, 0xb3, 0x69, 0xf9, 0x82, 0x04, 0xf4, 0x00, 0x04,
    0xf4, 0x00, 0x04, 0xf4, 0x00, 0x04, 0xf4, 0x00, 0x04, 0xf4, 0x00, 0x04, 0xf4, 0x00, 0x04, 0xf4,
    0x00, 0x00, 0x4a, 0xba, 0x38, 0x60, 0x4f, 0xb8, 0x8d, 0xc8, 0x0c, 0xb0, 0x00, 0x5f, 0x81, 0xf6,
    0x00, 0x00, 0xe8, 0x4f, 0x40, 0x00, 0x0b, 0x82, 0xf5, 0x00, 0x00, 0xd8, 0x0d, 0xb0, 0x00, 0x4f,
    0x80, 0x5f, 0xa8, 0x8d, 0xd8, 0x00, 0x4a, 0xba, 0x3b, 0x80, 0x00, 0x00, 0x00, 0xc8, 0x07, 0xc1,
    0x00, 0x6f, 0x60, 0x3d, 0xeb, 0xcf, 0x90, 0x00, 0x15, 0x87, 0x30, 0x00, 0x88, 0x00, 0x00, 0x00,
    0xbb, 0x00, 0x00, 0x00, 0xbb, 0x00, 0x00, 0x00, 0xbb, 0x5b, 0xb9, 0x10, 0xbe, 0xc8, 0x8e, 0xb0,
    0xbd, 0x10, 0x06, 0xf2, 0xbb, 0x00, 0x04, 0xf4, 0xbb, 0x00, 0x04, 0xf4, 0xbb, 0x00, 0x04, 0xf4,
    0xbb, 0x00, 0x04, 0xf4, 0xbb, 0x00, 0x04, 0xf4, 0xbb, 0x00, 0x04, 0xf4, 0x00, 0x00, 0xcc, 0x0a,
    0x80, 0x00, 0x08, 0x80, 0xbb, 0x0b, 0xb0, 0xbb, 0x0b, 0xb0, 0xbb, 0x0b, 0xb0, 0xbb, 0x0b, 0xb0,
    0x00, 0x00, 0x00, 0xcc, 0x00, 0xa8, 0x00, 0x00, 0x00, 0x88, 0x00, 0xbb, 0x00, 0xbb, 0x00, 0xbb,
    0x00, 0xbb, 0x00, 0xbb, 0x00, 0xbb, 0x00, 0xbb, 0x00, 0xbb, 0x00, 0xbb, 0x02, 0xe8, 0x4f, 0xe2,
    0x14, 0x00, 0x88, 0x00, 0x00, 0x00, 0xbb, 0x00, 0x00, 0x00, 0xbb, 0x00, 0x00, 0x00, 0xbb, 0x00,
    0x08, 0xa1, 0xbb, 0x00, 0x9e, 0x30, 0xbb, 0x09, 0xe3, 0x00, 0xbb, 0x9e, 0x30, 0x00, 0xbf, 0xfe,
    0x10, 0x00, 0xbd, 0x2e, 0xc0, 0x00, 0xbb, 0x03, 0xf9, 0x00, 0xbb, 0x00, 0x6f, 0x60, 0xbb, 0x00,
    0x09, 0xe3, 0x88, 0xbb, 0xbb, 0xbb, 0xbb, 0xbb, 0xbb, 0xbb, 0xbb, 0xbb, 0xbb, 0xbb, 0x86, 0x5c,
    0xc6, 0x08, 0xcc, 0x80, 0xbb, 0xb8, 0xaf, 0x9a, 0x89, 0xf7, 0xbd, 0x00, 0x0c, 0xd0, 0x00, 0xbb,
    0xbb, 0x00, 0x0b, 0xb0, 0x00, 0xbb, 0xbb, 0x00, 0x0b, 0xb0, 0x00, 0xbb, 0xbb, 0x00, 0x0b, 0xb0,
    0x00, 0xbb, 0xbb, 0x00, 0x0b, 0xb0, 0x00, 0xbb, 0xbb, 0x00, 0x0b, 0xb0, 0x00, 0xbb, 0xbb, 0x00,
    0x0b, 0xb0, 0x00, 0xbb, 0x86, 0x5b, 0xb9, 0x10, 0xbb, 0xc8, 0x8e, 0xb0, 0xbd, 0x10, 0x06, 0xf2,
    0xbb, 0x00, 0x04, 0xf4, 0xbb, 0x00, 0x04, 0xf4, 0xbb, 0x00, 0x04, 0xf4, 0xbb, 0x00, 0x04, 0xf4,
    0xbb, 0x00, 0x04, 0xf4, 0xbb, 0x00, 0x04, 0xf4, 0x00, 0x39, 0xbb, 0x80, 0x00, 0x3e, 0xb8, 0x8e,
    0xb0, 0x0b, 0xc0, 0x00, 0x3f, 0x61, 0xf6, 0x00, 0x00, 0xca, 0x4f, 0x40, 0x00, 0x0b, 0xb2, 0xf5,
    0x00, 0x00, 0xbb, 0x0d, 0x90, 0x00, 0x1e, 0x70, 0x7f, 0x71, 0x3c, 0xe1, 0x00, 0x8e, 0xff, 0xd3,
    0x00, 0x00, 0x04, 0x20, 0x00, 0x86, 0x4b, 0xb9, 0x20, 0xba, 0xd8, 0x8d, 0xe2, 0xbf, 0x30, 0x01,
    0xe9, 0xbb, 0x00, 0x00, 0x8d, 0xbb, 0x00, 0x00, 0x8f, 0xbb, 0x00, 0x00, 0x8f, 0xbe, 0x10, 0x00,
    0xca, 0xbe, 0xa2, 0x29, 0xf4, 0xbb, 0x8f, 0xfe, 0x60, 0xbb, 0x02, 0x40, 0x00, 0xbb, 0x00, 0x00,
    0x00, 0xbb, 0x00, 0x00, 0x00, 0x33, 0x00, 0x00, 0x00, 0x00, 0x4a, 0xba, 0x38, 0x60, 0x4f, 0xb8,
    0x8c, 0xc8, 0x0c, 0xb0, 0x00, 0x6f, 0x81, 0xf6, 0x00, 0x00, 0xf8, 0x4f, 0x40, 0x00, 0x0b, 0x82,
    0xf5, 0x00, 0x00, 0xd8, 0x0e, 0x90, 0x00, 0x2f, 0x80, 0x8f, 0x71, 0x3c, 0xe8, 0x00, 0x8f, 0xff,
    0x6b, 0x80, 0x00, 0x14, 0x10, 0xb8, 0x00, 0x00, 0x00, 0x0b, 0x80, 0x00, 0x00, 0x00, 0xb8, 0x00,
    0x00, 0x00, 0x03, 0x20, 0x86, 0x6b, 0x8b, 0xcd, 0x86, 0xbd, 0x10, 0x0b, 0xb0, 0x00, 0xbb, 0x00,
    0x0b, 0xb0, 0x00, 0xbb, 0x00, 0x0b, 0xb0, 0x00, 0xbb, 0x00, 0x00, 0x00, 0x6b, 0xba, 0x30, 0x08,
    0xe8, 0x5a, 0xe2, 0x0d, 0x80, 0x00, 0x82, 0x0a, 0xd5, 0x00, 0x00, 0x02, 0xbf, 0xfb, 0x60, 0x00,
    0x02, 0x5a, 0xf6, 0x04, 0x20, 0x00, 0xca, 0x0e, 0xb2, 0x07, 0xf7, 0x03, 0xdf, 0xff, 0x80, 0x00,
    0x02, 0x40, 0x00, 0x06, 0x80, 0x00, 0x8b, 0x00, 0x8d, 0xeb, 0x86, 0xbd, 0x86, 0x08, 0xb0, 0x00,
    0x8b, 0x00, 0x08, 0xb0, 0x00, 0x8b, 0x00, 0x08, 0xc0, 0x00, 0x7f, 0x53, 0x01, 0xbf, 0xc0, 0x00,
    0x00, 0x88, 0x00, 0x03, 0xb3, 0xbb, 0x00, 0x04, 0xf4, 0xbb, 0x00, 0x04, 0xf4, 0xbb, 0x00, 0x04,
    0xf4, 0xbb, 0x00, 0x04, 0xf4, 0xbb, 0x00, 0x04, 0xf4, 0xbc, 0x00, 0x06, 0xf4, 0x7f, 0x84, 0x6d,
    0xf4, 0x08, 0xff, 0xd7, 0xf4, 0x00, 0x00, 0x00, 0x00, 0x5b, 0x10, 0x00, 0x1b, 0x52, 0xf6, 0x00,
    0x06, 0xf2, 0x0a, 0xc0, 0x00, 0xca, 0x00, 0x6f, 0x20, 0x2f, 0x60, 0x00, 0xe7, 0x07, 0xe0, 0x00,
    0x09, 0xd0, 0xd8, 0x00, 0x00, 0x3f, 0x6f, 0x30, 0x00, 0x00, 0xcd, 0xc0, 0x00, 0x00, 0x07, 0xf7,
    0x00, 0x00, 0x4b, 0x20, 0x03, 0xb5, 0x00, 0x0b, 0x51, 0xf6, 0x00, 0x8f, 0x90, 0x05, 0xf3, 0x0c,
    0xa0, 0x0c, 0xae, 0x00, 0x8d, 0x00, 0x7e, 0x01, 0xf3, 0xf3, 0x0d, 0x80, 0x03, 0xf3, 0x6d, 0x0c,
    0x72, 0xf5, 0x00, 0x0d, 0x89, 0x90, 0x8a, 0x6e, 0x00, 0x00, 0x8b, 0xc5, 0x03, 0xe9, 0x90, 0x00,
    0x04, 0xef, 0x10, 0x0e, 0xe6, 0x00, 0x00, 0x0e, 0xb0, 0x00, 0x9f, 0x10, 0x00, 0x1b, 0x70, 0x00,
    0x89, 0x00, 0x8f, 0x20, 0x5f, 0x40, 0x00, 0xcb, 0x1e, 0x80, 0x00, 0x02, 0xeb, 0xd1, 0x00, 0x00,
    0x09, 0xf5, 0x00, 0x00, 0x02, 0xec, 0xc0, 0x00, 0x00, 0xbb, 0x1e, 0x80, 0x00, 0x8f, 0x20, 0x7f,
    0x30, 0x3f, 0x80, 0x00, 0xbc, 0x10, 0x5b, 0x10, 0x00, 0x1b, 0x52, 0xf6, 0x00, 0x06, 0xf2, 0x0a,
    0xc0, 0x00, 0xca, 0x00, 0x6f, 0x20, 0x2f, 0x60, 0x00, 0xe7, 0x08, 0xe0, 0x00, 0x09, 0xd0, 0xd8,
    0x00, 0x00, 0x3f, 0x5f, 0x30, 0x00, 0x00, 0xdd, 0xc0, 0x00, 0x00, 0x07, 0xf7, 0x00, 0x00, 0x00,
    0x6f, 0x10, 0x00, 0x00, 0x1d, 0x90, 0x00, 0x00, 0xaf, 0xe2, 0x00, 0x00, 0x04, 0x41, 0x00, 0x00,
    0x00, 0x08, 0xbb, 0xbb, 0xb8, 0x06, 0x88, 0x88, 0xf8, 0x00, 0x00, 0x0b, 0xc1, 0x00, 0x00, 0x8e,
    0x20, 0x00, 0x05, 0xf5, 0x00, 0x00, 0x3e, 0x80, 0x00, 0x01, 0xcc, 0x00, 0x00, 0x09, 0xf5, 0x44,
    0x43, 0x0f, 0xff, 0xff, 0xfb, 0x00, 0x03, 0x30, 0x08, 0xf9, 0x00, 0xf7, 0x00, 0x4f, 0x30, 0x04,
    0xf0, 0x00, 0x4f, 0x00, 0x06, 0xf0, 0x0b, 0xd6, 0x00, 0x9e, 0x80, 0x00, 0x5f, 0x00, 0x04, 0xf0,
    0x00, 0x4f, 0x00, 0x04, 0xf4, 0x00, 0x0e, 0x80, 0x00, 0x6f, 0xb0, 0x00, 0x03, 0x82, 0xf4, 0xf4,
    0xf4, 0xf4, 0xf4, 0xf4, 0xf4, 0xf4, 0xf4, 0xf4, 0xf4, 0xf4, 0xf4, 0xf4, 0xf4, 0xf4, 0xf4, 0xf4,
    0xb3, 0x04, 0x20, 0x00, 0x0d, 0xf6, 0x00, 0x00, 0x8d, 0x00, 0x00, 0x4f, 0x00, 0x00, 0x4f, 0x00,
    0x00, 0x4f, 0x00, 0x00, 0x4f, 0x30, 0x00, 0x08, 0xe8, 0x00, 0x0b, 0xd8, 0x00, 0x4f, 0x20, 0x00,
    0x4f, 0x00, 0x00, 0x4f, 0x00, 0x00, 0x5f, 0x00, 0x01, 0xac, 0x00, 0x0f, 0xe3, 0x00, 0x03, 0x00,
    0x00, 0x00, 0x00, 0x00, 0x00, 0x01, 0xcf, 0xd4, 0x00, 0xb3, 0x8d, 0x48, 0xf8, 0xaf, 0x26, 0x40,
    0x05, 0xbb, 0x50, 0x8d, 0x2a, 0xf3, 0x03, 0x00, 0x00, 0x8f, 0x08, 0xf0, 0x8f, 0x08, 0xf0, 0x8f,
    0x08, 0xf0, 0x8f, 0x06, 0xb0, 0x00, 0x00, 0x83, 0x00, 0x00, 0x00, 0x2c, 0x70, 0x00, 0x00, 0x8f,
    0xff, 0xe5, 0x00, 0x8f, 0x4b, 0x59, 0xe2, 0x0e, 0x80, 0xb4, 0x15, 0x13, 0xf4, 0x0b, 0x40, 0x00,
    0x4f, 0x40, 0xb4, 0x00, 0x00, 0xf7, 0x0b, 0x40, 0x10, 0x0a, 0xd1, 0xb4, 0x5f, 0x20, 0x2e, 0xde,
    0xbf, 0x90, 0x00, 0x17, 0xea, 0x60, 0x00, 0x00, 0x0b, 0x40, 0x00, 0x00, 0x04, 0xab, 0xa3, 0x00,
    0x05, 0xfb, 0x8b, 0xf4, 0x00, 0xda, 0x00, 0x0b, 0xa0, 0x0f, 0x60, 0x00, 0x23, 0x00, 0xf8, 0x00,
    0x00, 0x02, 0x8f, 0xb8, 0x88, 0x20, 0x3b, 0xfd, 0xbb, 0xb3, 0x00, 0x0f, 0x80, 0x00, 0x00, 0x00,
    0xf8, 0x00, 0x00, 0x00, 0x0d, 0x80, 0x00, 0x48, 0x18, 0xe5, 0x44, 0x4a, 0xc4, 0xff, 0xff, 0xff,
    0xe6, 0x06, 0x31, 0x79, 0x84, 0x08, 0x30, 0x9e, 0xed, 0x9b, 0xfd, 0xf6, 0x03, 0xf9, 0x00, 0x03,
    0xea, 0x00, 0x9c, 0x00, 0x00, 0x04, 0xf2, 0x0b, 0x80, 0x00, 0x00, 0x0f, 0x60, 0xd8, 0x00, 0x00,
    0x00, 0xf8, 0x0b, 0x90, 0x00, 0x00, 0x1f, 0x40, 0x6e, 0x30, 0x00, 0x09, 0xd0, 0x06, 0xfe, 0x62,
    0x4a, 0xfe, 0x30, 0x96, 0x8e, 0xff, 0xc5, 0xc6, 0x00, 0x00, 0x03, 0x10, 0x00, 0x00, 0x8a, 0x00,
    0x00, 0x2b, 0x54, 0xf6, 0x00, 0x09, 0xe1, 0x0b, 0xd0, 0x01, 0xe8, 0x00, 0x4f, 0x40, 0x8e, 0x10,
    0x00, 0xbb, 0x0e, 0x80, 0x00, 0x04, 0xf9, 0xe1, 0x00, 0x0b, 0xbf, 0xfe, 0xb8, 0x00, 0x44, 0x7f,
    0x74, 0x30, 0x08, 0x89, 0xf9, 0x86, 0x00, 0x88, 0x9f, 0x98, 0x60, 0x00, 0x04, 0xf4, 0x00, 0x00,
    0x00, 0x4f, 0x40, 0x00, 0x68, 0x8b, 0x8b, 0x8b, 0x8b, 0x68, 0x00, 0x00, 0x23, 0x8b, 0x8b, 0x8b,
    0x8b, 0x8b, 0x23, 0x00, 0x39, 0xba, 0x30, 0x00, 0x1e, 0xb8, 0xae, 0x20, 0x04, 0xf1, 0x00, 0xb6,
    0x00, 0x2f, 0x70, 0x00, 0x00, 0x01, 0xaf, 0xa2, 0x00, 0x00, 0xb9, 0x5b, 0xe8, 0x00, 0x0f, 0x40,
    0x05, 0xe8, 0x00, 0xd9, 0x00, 0x04, 0xf1, 0x03, 0xec, 0x40, 0x3f, 0x10, 0x01, 0x8f, 0xcd, 0x60,
    0x00, 0x00, 0x2c, 0xc1, 0x00, 0x23, 0x00, 0x1f, 0x60, 0x08, 0xe1, 0x03, 0xf6, 0x00, 0x1c, 0xfc,
    0xfb, 0x00, 0x00, 0x04, 0x43, 0x00, 0x00, 0x00, 0x00, 0x00, 0xac, 0x06, 0xe3, 0x8a, 0x05, 0xb2,
    0x00, 0x02, 0x8b, 0xba, 0x60, 0x00, 0x00, 0x06, 0xfd, 0x98, 0xaf, 0xd3, 0x00, 0x06, 0xf8, 0x01,
    0x40, 0x2c, 0xe2, 0x01, 0xe8, 0x08, 0xff, 0xe6, 0x1d, 0x90, 0x7e, 0x18, 0xe6, 0x48, 0xf4, 0x6f,
    0x1a, 0xb0, 0xe7, 0x00, 0x07, 0x41, 0xf4, 0xbb, 0x0f, 0x50, 0x00, 0x00, 0x0f, 0x48, 0xd0, 0xac,
    0x10, 0x3f, 0x54, 0xf3, 0x3f, 0x43, 0xee, 0xbf, 0x90, 0xad, 0x00, 0xae, 0x31, 0x78, 0x60, 0x7f,
    0x50, 0x01, 0xce, 0x84, 0x45, 0xbf, 0x60, 0x00, 0x00, 0x8d, 0xff, 0xfb, 0x40, 0x00, 0x00, 0x00,
    0x02, 0x41, 0x00, 0x00, 0x00, 0x03, 0xab, 0xa5, 0x01, 0xe9, 0x48, 0xf2, 0x00, 0x00, 0x3f, 0x41,
    0x8d, 0xfb, 0xf4, 0x7e, 0x20, 0x0f, 0x47, 0xe4, 0x29, 0xf4, 0x08, 0xed, 0x6b, 0x30, 0x00, 0x03,
    0x83, 0x18, 0x40, 0x01, 0xca, 0x0b, 0xc1, 0x00, 0xcc, 0x19, 0xe2, 0x00, 0x9e, 0x17, 0xf3, 0x00,
    0x1d, 0xa0, 0xcd, 0x10, 0x00, 0x3e, 0x81, 0xca, 0x00, 0x00, 0x4f, 0x63, 0xe8, 0x00, 0x00, 0x6b,
    0x14, 0xb3, 0x3b, 0xbb, 0xbb, 0xb3, 0x28, 0x88, 0x88, 0xf4, 0x00, 0x00, 0x00, 0xf4, 0x00, 0x00,
    0x00, 0x82, 0xbf, 0xff, 0xf4, 0x68, 0x88, 0x82, 0x00, 0x06, 0xbb, 0x94, 0x00, 0x01, 0xcc, 0x64,
    0x8e, 0x70, 0x09, 0xa1, 0x44, 0x23, 0xe4, 0x1f, 0x24, 0xc5, 0xd1, 0x8a, 0x4f, 0x04, 0xc5, 0xe1,
    0x4b, 0x3f, 0x04, 0xd9, 0x90, 0x5b, 0x0d, 0x63, 0x80, 0xa1, 0xb8, 0x05, 0xe5, 0x00, 0x19, 0xd1,
    0x00, 0x5d, 0xdb, 0xfb, 0x10, 0x00, 0x00, 0x44, 0x20, 0x00, 0x3b, 0xbb, 0xb2, 0x88, 0x88, 0x07,
    0xb9, 0x10, 0x8d, 0x8b, 0xc0, 0xe5, 0x00, 0xf4, 0xe6, 0x01, 0xf3, 0x6e, 0xbd, 0xb0, 0x04, 0x86,
    0x00, 0x00, 0x03, 0xb0, 0x00, 0x00, 0x04, 0xf0, 0x00, 0x48, 0x89, 0xf8, 0x88, 0x6b, 0xbc, 0xfb,
    0xbb, 0x00, 0x04, 0xf0, 0x00, 0x00, 0x04, 0xf0, 0x00, 0x00, 0x01, 0x40, 0x00, 0x6b, 0xbb, 0xbb,
    0xbb, 0x48, 0x88, 0x88, 0x88, 0x00, 0x58, 0x50, 0x00, 0xcd, 0x9e, 0xa0, 0x08, 0x20, 0x6f, 0x00,
    0x00, 0x1c, 0x80, 0x00, 0x4e, 0x90, 0x00, 0x7e, 0x50, 0x00, 0x0f, 0xff, 0xff, 0x40, 0x00, 0x48,
    0x50, 0x00, 0x9d, 0xbd, 0xc0, 0x08, 0x20, 0x5f, 0x00, 0x03, 0xbe, 0x60, 0x00, 0x14, 0x8e, 0x22,
    0xb7, 0x04, 0xf6, 0x07, 0xef, 0xf8, 0x00, 0x00, 0x00, 0x00, 0x02, 0x40, 0xd8, 0x6d, 0x00, 0x00,
    0x88, 0x00, 0x03, 0xb3, 0x0b, 0xb0, 0x00, 0x4f, 0x40, 0xbb, 0x00, 0x04, 0xf4, 0x0b, 0xb0, 0x00,
    0x4f, 0x40, 0xbb, 0x00, 0x04, 0xf4, 0x0b, 0xb0, 0x00, 0x4f, 0x40, 0xbc, 0x00, 0x05, 0xf4, 0x0b,
    0xf8, 0x25, 0xbf, 0x81, 0xbc, 0xbf, 0xe6, 0x8f, 0x4b, 0xb0, 0x00, 0x00, 0x00, 0xbb, 0x00, 0x00,
    0x00, 0x0b, 0xb0, 0x00, 0x00, 0x00, 0x33, 0x00, 0x00, 0x00, 0x00, 0x00, 0x28, 0xab, 0xbb, 0x30,
    0x3e, 0xff, 0xcc, 0xf4, 0x0d, 0xff, 0xf4, 0x4f, 0x41, 0xff, 0xff, 0x44, 0xf4, 0x2f, 0xff, 0xf4,
    0x4f, 0x40, 0xdf, 0xff, 0x44, 0xf4, 0x05, 0xff, 0xf4, 0x4f, 0x40, 0x02, 0x8b, 0x34, 0xf4, 0x00,
    0x00, 0x00, 0x4f, 0x40, 0x00, 0x00, 0x04, 0xf4, 0x00, 0x00, 0x00, 0x4f, 0x40, 0x00, 0x00, 0x04,
    0xf4, 0x38, 0x1b, 0xf4, 0x37, 0x10, 0x24, 0x06, 0x92, 0x48, 0xd6, 0x9c, 0x34, 0x10, 0x00, 0x44,
    0x2c, 0xef, 0x36, 0x8f, 0x00, 0x8f, 0x00, 0x8f, 0x00, 0x8f, 0x00, 0x8f, 0x01, 0x8b, 0xb6, 0x00,
    0x0c, 0xc5, 0x6e, 0x80, 0x4f, 0x20, 0x07, 0xe0, 0x7f, 0x00, 0x04, 0xf0, 0x4f, 0x20, 0x06, 0xf0,
    0x0c, 0xc4, 0x5e, 0x80, 0x02, 0xae, 0xd8, 0x00, 0x18, 0x30, 0x85, 0x00, 0x00, 0x8e, 0x36, 0xf4,
    0x00, 0x00, 0xac, 0x18, 0xe3, 0x00, 0x01, 0xcc, 0x0a, 0xd1, 0x00, 0x08, 0xe2, 0x7f, 0x50, 0x06,
    0xf4, 0x3f, 0x60, 0x03, 0xf6, 0x2e, 0x90, 0x01, 0xa8, 0x08, 0x80, 0x00, 0x06, 0xb6, 0x00, 0x00,
    0x08, 0x70, 0x07, 0xcd, 0x80, 0x00, 0x05, 0xe1, 0x00, 0x31, 0xb8, 0x00, 0x01, 0xe5, 0x00, 0x00,
    0x0b, 0x80, 0x00, 0xaa, 0x00, 0x00, 0x00, 0xb8, 0x00, 0x6d, 0x10, 0x00, 0x00, 0x0b, 0x80, 0x2e,
    0x40, 0x14, 0x20, 0x00, 0x86, 0x0b, 0x80, 0x0a, 0xf8, 0x00, 0x00, 0x07, 0xd1, 0x04, 0xdc, 0x80,
    0x00, 0x03, 0xe3, 0x00, 0xc6, 0xb8, 0x00, 0x00, 0xc8, 0x00, 0x7b, 0x0b, 0x80, 0x00, 0x8c, 0x00,
    0x0b, 0xff, 0xff, 0x40, 0x3f, 0x30, 0x00, 0x00, 0x0b, 0x80, 0x06, 0xb6, 0x00, 0x00, 0x08, 0x70,
    0x07, 0xcd, 0x80, 0x00, 0x05, 0xe1, 0x00, 0x31, 0xb8, 0x00, 0x01, 0xe5, 0x00, 0x00, 0x0b, 0x80,
    0x00, 0xaa, 0x00, 0x00, 0x00, 0xb8, 0x00, 0x6d, 0x10, 0x00, 0x00, 0x0b, 0x80, 0x2e, 0x40, 0x38,
    0x30, 0x00, 0x86, 0x0b, 0x80, 0x5e, 0x9e, 0x80, 0x00, 0x07, 0xd1, 0x04, 0x60, 0x8a, 0x00, 0x03,
    0xe3, 0x00, 0x00, 0x3e, 0x40, 0x00, 0xc8, 0x00, 0x00, 0x1d, 0x70, 0x00, 0x8c, 0x00, 0x00, 0x1c,
    0x90, 0x00, 0x3f, 0x30, 0x00, 0x08, 0xff, 0xfb, 0x03, 0x9b, 0x50, 0x00, 0x00, 0x5a, 0x00, 0x0e,
    0x87, 0xf2, 0x00, 0x01, 0xe4, 0x00, 0x00, 0x03, 0xf2, 0x00, 0x0b, 0x80, 0x00, 0x00, 0xbf, 0xa0,
    0x00, 0x7d, 0x10, 0x00, 0x00, 0x01, 0xd7, 0x02, 0xe4, 0x00, 0x00, 0x2b, 0x65, 0xe6, 0x0b, 0x80,
    0x04, 0x30, 0x05, 0xbb, 0x70, 0x8c, 0x00, 0x6f, 0xb0, 0x00, 0x00, 0x03, 0xf3, 0x01, 0xea, 0xb0,
    0x00, 0x00, 0x0c, 0x80, 0x08, 0x98, 0xb0, 0x00, 0x00, 0x8b, 0x00, 0x2e, 0x18, 0xb0, 0x00, 0x04,
    0xe2, 0x00, 0x8f, 0xff, 0xf8, 0x00, 0x1d, 0x70, 0x00, 0x00, 0x08, 0xb0, 0x00, 0x05, 0xb3, 0x00,
    0x00, 0x07, 0xf7, 0x00, 0x00, 0x00, 0x40, 0x00, 0x00, 0x01, 0x41, 0x00, 0x00, 0x04, 0xf4, 0x00,
    0x00, 0x0a, 0xe0, 0x00, 0x03, 0xce, 0x60, 0x00, 0x0c, 0xc2, 0x00, 0x00, 0x3f, 0x50, 0x00, 0x00,
    0x3f, 0x50, 0x01, 0xf8, 0x0c, 0xc5, 0x4a, 0xe2, 0x01, 0xaf, 0xfc, 0x40, 0x00, 0x00, 0x00, 0x00,
    0x00, 0x00, 0x00, 0x00, 0x00, 0x00, 0x00, 0x3f, 0x40, 0x00, 0x00, 0x00, 0x00, 0x8b, 0x00, 0x00,
    0x00, 0x00, 0x00, 0x40, 0x00, 0x00, 0x00, 0x00, 0x5b, 0x50, 0x00, 0x00, 0x00, 0x0c, 0xfc, 0x00,
    0x00, 0x00, 0x02, 0xf6, 0xf2, 0x00, 0x00, 0x00, 0x8d, 0x0e, 0x80, 0x00, 0x00, 0x0d, 0x80, 0x9d,
    0x00, 0x00, 0x03, 0xf3, 0x04, 0xf4, 0x00, 0x00, 0x9d, 0x00, 0x0d, 0x90, 0x00, 0x0e, 0xc8, 0x88,
    0xce, 0x00, 0x05, 0xfb, 0xbb, 0xbb, 0xf6, 0x00, 0xad, 0x00, 0x00, 0x0c, 0xa0, 0x1f, 0x80, 0x00,
    0x00, 0x7f, 0x26, 0xf2, 0x00, 0x00, 0x02, 0xf7, 0x00, 0x00, 0x00, 0x00, 0x00, 0x00, 0x00, 0x00,
    0x4f, 0x30, 0x00, 0x00, 0x00, 0x0b, 0x80, 0x00, 0x00, 0x00, 0x00, 0x40, 0x00, 0x00, 0x00, 0x00,
    0x5b, 0x50, 0x00, 0x00, 0x00, 0x0c, 0xfc, 0x00, 0x00, 0x00, 0x02, 0xf6, 0xf2, 0x00, 0x00, 0x00,
    0x8d, 0x0e, 0x80, 0x00, 0x00, 0x0d, 0x80, 0x9d, 0x00, 0x00, 0x03, 0xf3, 0x04, 0xf4, 0x00, 0x00,
    0x9d, 0x00, 0x0d, 0x90, 0x00, 0x0e, 0xc8, 0x88, 0xce, 0x00, 0x05, 0xfb, 0xbb, 0xbb, 0xf6, 0x00,
    0xad, 0x00, 0x00, 0x0c, 0xa0, 0x1f, 0x80, 0x00, 0x00, 0x7f, 0x26, 0xf2, 0x00, 0x00, 0x02, 0xf7,
    0x00, 0x00, 0x00, 0x00, 0x00, 0x00, 0x00, 0x09, 0xe9, 0x00, 0x00, 0x00, 0x09, 0xc2, 0xc9, 0x00,
    0x00, 0x00, 0x00, 0x00, 0x00, 0x00, 0x00, 0x00, 0x5b, 0x50, 0x00, 0x00, 0x00, 0x0c, 0xfc, 0x00,
    0x00, 0x00, 0x02, 0xf6, 0xf2, 0x00, 0x00, 0x00, 0x8d, 0x0e, 0x80, 0x00, 0x00, 0x0d, 0x80, 0x9d,
    0x00, 0x00, 0x03, 0xf3, 0x04, 0xf4, 0x00, 0x00, 0x9d, 0x00, 0x0d, 0x90, 0x00, 0x0e, 0xc8, 0x88,
    0xce, 0x00, 0x05, 0xfb, 0xbb, 0xbb, 0xf6, 0x00, 0xad, 0x00, 0x00, 0x0c, 0xa0, 0x1f, 0x80, 0x00,
    0x00, 0x7f, 0x26, 0xf2, 0x00, 0x00, 0x02, 0xf7, 0x00, 0x05, 0xb8, 0x68, 0x00, 0x00, 0x00, 0x86,
    0x8b, 0x50, 0x00, 0x00, 0x00, 0x00, 0x00, 0x00, 0x00, 0x00, 0x05, 0xb5, 0x00, 0x00, 0x00, 0x00,
    0xcf, 0xc0, 0x00, 0x00, 0x00, 0x2f, 0x6f, 0x20, 0x00, 0x00, 0x08, 0xd0, 0xe8, 0x00, 0x00, 0x00,
    0xd8, 0x09, 0xd0, 0x00, 0x00, 0x3f, 0x30, 0x4f, 0x40, 0x00, 0x09, 0xd0, 0x00, 0xd9, 0x00, 0x00,
    0xec, 0x88, 0x8c, 0xe0, 0x00, 0x5f, 0xbb, 0xbb, 0xbf, 0x60, 0x0a, 0xd0, 0x00, 0x00, 0xca, 0x01,
    0xf8, 0x00, 0x00, 0x07, 0xf2, 0x6f, 0x20, 0x00, 0x00, 0x2f, 0x70, 0x00, 0x0c, 0x80, 0x8c, 0x00,
    0x00, 0x00, 0xc8, 0x08, 0xc0, 0x00, 0x00, 0x00, 0x00, 0x00, 0x00, 0x00, 0x00, 0x05, 0xb5, 0x00,
    0x00, 0x00, 0x00, 0xcf, 0xc0, 0x00, 0x00, 0x00, 0x2f, 0x6f, 0x20, 0x00, 0x00, 0x08, 0xd0, 0xe8,
    0x00, 0x00, 0x00, 0xd8, 0x09, 0xd0, 0x00, 0x00, 0x3f, 0x30, 0x4f, 0x40, 0x00, 0x09, 0xd0, 0x00,
    0xd9, 0x00, 0x00, 0xec, 0x88, 0x8c, 0xe0, 0x00, 0x5f, 0xbb, 0xbb, 0xbf, 0x60, 0x0a, 0xd0, 0x00,
    0x00, 0xca, 0x01, 0xf8, 0x00, 0x00, 0x07, 0xf2, 0x6f, 0x20, 0x00, 0x00, 0x2f, 0x70, 0x00, 0x01,
    0xaf, 0xa1, 0x00, 0x00, 0x00, 0x7a, 0x0a, 0x70, 0x00, 0x00, 0x07, 0xa0, 0xa7, 0x00, 0x00, 0x00,
    0x1a, 0xfb, 0x10, 0x00, 0x00, 0x00, 0x5b, 0x50, 0x00, 0x00, 0x00, 0x0c, 0xfc, 0x00, 0x00, 0x00,
    0x02, 0xf6, 0xf2, 0x00, 0x00, 0x00, 0x8d, 0x0e, 0x80, 0x00, 0x00, 0x0d, 0x80, 0x9d, 0x00, 0x00,
    0x03, 0xf3, 0x04, 0xf4, 0x00, 0x00, 0x9d, 0x00, 0x0d, 0x90, 0x00, 0x0e, 0xc8, 0x88, 0xce, 0x00,
    0x05, 0xfb, 0xbb, 0xbb, 0xf6, 0x00, 0xad, 0x00, 0x00, 0x0c, 0xa0, 0x1f, 0x80, 0x00, 0x00, 0x7f,
    0x26, 0xf2, 0x00, 0x00, 0x02, 0xf7, 0x00, 0x00, 0x02, 0xbb, 0xbb, 0xbb, 0xbb, 0x80, 0x00, 0x00,
    0x8e, 0x7f, 0xcb, 0xbb, 0xb8, 0x00, 0x00, 0x1e, 0x84, 0xf4, 0x00, 0x00, 0x00, 0x00, 0x08, 0xe1,
    0x4f, 0x40, 0x00, 0x00, 0x00, 0x01, 0xe8, 0x04, 0xf4, 0x00, 0x00, 0x00, 0x00, 0x8f, 0x20, 0x4f,
    0x98, 0x88, 0x84, 0x00, 0x1e, 0x90, 0x04, 0xfc, 0xbb, 0xbb, 0x60, 0x06, 0xf9, 0x88, 0x9f, 0x40,
    0x00, 0x00, 0x00, 0xdd, 0xbb, 0xbc, 0xf4, 0x00, 0x00, 0x00, 0x6f, 0x40, 0x00, 0x4f, 0x40, 0x00,
    0x00, 0x0d, 0xb0, 0x00, 0x04, 0xf7, 0x44, 0x44, 0x36, 0xf4, 0x00, 0x00, 0x4f, 0xff, 0xff, 0xfb,
    0x00, 0x02, 0x8b, 0xb9, 0x40, 0x00, 0x06, 0xee, 0x98, 0xdf, 0x80, 0x02, 0xea, 0x10, 0x00, 0x8f,
    0x40, 0x9e, 0x10, 0x00, 0x00, 0xda, 0x0d, 0x90, 0x00, 0x00, 0x00, 0x00, 0xf8, 0x00, 0x00, 0x00,
    0x00, 0x0f, 0x80, 0x00, 0x00, 0x00, 0x00, 0xf8, 0x00, 0x00, 0x00, 0x00, 0x0a, 0xc0, 0x00, 0x00,
    0x08, 0x80, 0x5f, 0x70, 0x00, 0x03, 0xf7, 0x00, 0x9f, 0x94, 0x48, 0xec, 0x10, 0x00, 0x8d, 0xff,
    0xe8, 0x10, 0x00, 0x00, 0x06, 0xa1, 0x00, 0x00, 0x00, 0x00, 0x48, 0xd0, 0x00, 0x00, 0x00, 0x06,
    0x8d, 0x00, 0x00, 0x00, 0x00, 0x34, 0x20, 0x00, 0x00, 0x00, 0x00, 0x00, 0x00, 0xab, 0x00, 0x00,
    0x00, 0x1e, 0x40, 0x00, 0x00, 0x02, 0x20, 0x00, 0x6b, 0xbb, 0xbb, 0xb6, 0x8f, 0xbb, 0xbb, 0xb6,
    0x8f, 0x00, 0x00, 0x00, 0x8f, 0x00, 0x00, 0x00, 0x8f, 0x00, 0x00, 0x00, 0x8f, 0x88, 0x88, 0x80,
    0x8f, 0xbb, 0xbb, 0xb0, 0x8f, 0x00, 0x00, 0x00, 0x8f, 0x00, 0x00, 0x00, 0x8f, 0x00, 0x00, 0x00,
    0x8f, 0x44, 0x44, 0x42, 0x8f, 0xff, 0xff, 0xf8, 0x00, 0x00, 0x00, 0x00, 0x00, 0x00, 0xca, 0x00,
    0x00, 0x04, 0xe1, 0x00, 0x00, 0x02, 0x20, 0x00, 0x6b, 0xbb, 0xbb, 0xb6, 0x8f, 0xbb, 0xbb, 0xb6,
    0x8f, 0x00, 0x00, 0x00, 0x8f, 0x00, 0x00, 0x00, 0x8f, 0x00, 0x00, 0x00, 0x8f, 0x88, 0x88, 0x80,
    0x8f, 0xbb, 0xbb, 0xb0, 0x8f, 0x00, 0x00, 0x00, 0x8f, 0x00, 0x00, 0x00, 0x8f, 0x00, 0x00, 0x00,
    0x8f, 0x44, 0x44, 0x42, 0x8f, 0xff, 0xff, 0xf8, 0x00, 0x00, 0x00, 0x00, 0x00, 0x3d, 0xd3, 0x00,
    0x03, 0xe6, 0x6e, 0x30, 0x00, 0x00, 0x00, 0x00, 0x6b, 0xbb, 0xbb, 0xb6, 0x8f, 0xbb, 0xbb, 0xb6,
    0x8f, 0x00, 0x00, 0x00, 0x8f, 0x00, 0x00, 0x00, 0x8f, 0x00, 0x00, 0x00, 0x8f, 0x88, 0x88, 0x80,
    0x8f, 0xbb, 0xbb, 0xb0, 0x8f, 0x00, 0x00, 0x00, 0x8f, 0x00, 0x00, 0x00, 0x8f, 0x00, 0x00, 0x00,
    0x8f, 0x44, 0x44, 0x42, 0x8f, 0xff, 0xff, 0xf8, 0x05, 0xe2, 0x2e, 0x50, 0x05, 0xe2, 0x2e, 0x50,
    0x00, 0x00, 0x00, 0x00, 0x6b, 0xbb, 0xbb, 0xb6, 0x8f, 0xbb, 0xbb, 0xb6, 0x8f, 0x00, 0x00, 0x00,
    0x8f, 0x00, 0x00, 0x00, 0x8f, 0x00, 0x00, 0x00, 0x8f, 0x88, 0x88, 0x80, 0x8f, 0xbb, 0xbb, 0xb0,
    0x8f, 0x00, 0x00, 0x00, 0x8f, 0x00, 0x00, 0x00, 0x8f, 0x00, 0x00, 0x00, 0x8f, 0x44, 0x44, 0x42,
    0x8f, 0xff, 0xff, 0xf8, 0x00, 0x08, 0xd0, 0x0d, 0x60, 0x23, 0x06, 0xb0, 0x8f, 0x08, 0xf0, 0x8f,
    0x08, 0xf0, 0x8f, 0x08, 0xf0, 0x8f, 0x08, 0xf0, 0x8f, 0x08, 0xf0, 0x8f, 0x00, 0x00, 0x09, 0xc0,
    0x2f, 0x30, 0x23, 0x00, 0x6b, 0x00, 0x8f, 0x00, 0x8f, 0x00, 0x8f, 0x00, 0x8f, 0x00, 0x8f, 0x00,
    0x8f, 0x00, 0x8f, 0x00, 0x8f, 0x00, 0x8f, 0x00, 0x8f, 0x00, 0x8f, 0x00, 0x00, 0x00, 0x00, 0x02,
    0xee, 0x60, 0x1c, 0x83, 0xf3, 0x00, 0x00, 0x00, 0x00, 0x6b, 0x00, 0x00, 0x8f, 0x00, 0x00, 0x8f,
    0x00, 0x00, 0x8f, 0x00, 0x00, 0x8f, 0x00, 0x00, 0x8f, 0x00, 0x00, 0x8f, 0x00, 0x00, 0x8f, 0x00,
    0x00, 0x8f, 0x00, 0x00, 0x8f, 0x00, 0x00, 0x8f, 0x00, 0x00, 0x8f, 0x00, 0x4d, 0x40, 0xd8, 0x4d,
    0x40, 0xd8, 0x00, 0x00, 0x00, 0x00, 0x6b, 0x00, 0x00, 0x8f, 0x00, 0x00, 0x8f, 0x00, 0x00, 0x8f,
    0x00, 0x00, 0x8f, 0x00, 0x00, 0x8f, 0x00, 0x00, 0x8f, 0x00, 0x00, 0x8f, 0x00, 0x00, 0x8f, 0x00,
    0x00, 0x8f, 0x00, 0x00, 0x8f, 0x00, 0x00, 0x8f, 0x00, 0x06, 0xbb, 0xbb, 0x85, 0x00, 0x00, 0x8f,
    0xbb, 0xbc, 0xfc, 0x10, 0x08, 0xf0, 0x00, 0x03, 0xec, 0x00, 0x8f, 0x00, 0x00, 0x04, 0xf6, 0x08,
    0xf0, 0x00, 0x00, 0x0c, 0x96, 0xbf, 0x88, 0x82, 0x00, 0xbb, 0x8d, 0xfb, 0xbb, 0x30, 0x0b, 0xb0,
    0x8f, 0x00, 0x00, 0x00, 0xbb, 0x08, 0xf0, 0x00, 0x00, 0x2f, 0x70, 0x8f, 0x00, 0x00, 0x0a, 0xe1,
    0x08, 0xf4, 0x44, 0x8d, 0xf6, 0x00, 0x8f, 0xff, 0xfe, 0x92, 0x00, 0x00, 0x0a, 0xa5, 0x93, 0x00,
    0x00, 0x39, 0x5a, 0xa0, 0x00, 0x00, 0x00, 0x00, 0x00, 0x00, 0x6b, 0x40, 0x00, 0x00, 0x88, 0x8f,
    0xd0, 0x00, 0x00, 0xbb, 0x8c, 0xe8, 0x00, 0x00, 0xbb, 0x8b, 0x8f, 0x30, 0x00, 0xbb, 0x8d, 0x0d,
    0xb0, 0x00, 0xbb, 0x8f, 0x04, 0xf7, 0x00, 0xbb, 0x8f, 0x00, 0x9e, 0x20, 0xbb, 0x8f, 0x00, 0x1e,
    0xa0, 0xbb, 0x8f, 0x00, 0x05, 0xf5, 0xbb, 0x8f, 0x00, 0x00, 0xbd, 0xbb, 0x8f, 0x00, 0x00, 0x2e,
    0xfb, 0x8f, 0x00, 0x00, 0x07, 0xfb, 0x00, 0x00, 0x00, 0x00, 0x00, 0x00, 0x00, 0x00, 0x8d, 0x00,
    0x00, 0x00, 0x00, 0x00, 0x1d, 0x60, 0x00, 0x00, 0x00, 0x00, 0x02, 0x30, 0x00, 0x00, 0x00, 0x02,
    0x8b, 0xb9, 0x40, 0x00, 0x00, 0x6e, 0xe9, 0x8d, 0xf8, 0x00, 0x02, 0xea, 0x10, 0x00, 0x8f, 0x50,
    0x09, 0xe1, 0x00, 0x00, 0x0b, 0xd0, 0x0d, 0x90, 0x00, 0x00, 0x06, 0xf2, 0x0f, 0x80, 0x00, 0x00,
    0x04, 0xf4, 0x0f, 0x80, 0x00, 0x00, 0x04, 0xf4, 0x0f, 0x80, 0x00, 0x00, 0x04, 0xf3, 0x0a, 0xc0,
    0x00, 0x00, 0x09, 0xe0, 0x04, 0xf7, 0x00, 0x00, 0x3f, 0x80, 0x00, 0x9f, 0x94, 0x48, 0xec, 0x10,
    0x00, 0x07, 0xdf, 0xfe, 0x81, 0x00, 0x00, 0x00, 0x02, 0x30, 0x00, 0x00, 0x00, 0x00, 0x00, 0x00,
    0x00, 0x00, 0x00, 0x00, 0x00, 0x9b, 0x00, 0x00, 0x00, 0x00, 0x02, 0xf3, 0x00, 0x00, 0x00, 0x00,
    0x02, 0x30, 0x00, 0x00, 0x00, 0x02, 0x8b, 0xb9, 0x40, 0x00, 0x00, 0x6e, 0xe9, 0x8d, 0xf8, 0x00,
    0x02, 0xea, 0x10, 0x00, 0x8f, 0x50, 0x09, 0xe1, 0x00, 0x00, 0x0b, 0xd0, 0x0d, 0x90, 0x00, 0x00,
    0x06, 0xf2, 0x0f, 0x80, 0x00, 0x00, 0x04, 0xf4, 0x0f, 0x80, 0x00, 0x00, 0x04, 0xf4, 0x0f, 0x80,
    0x00, 0x00, 0x04, 0xf3, 0x0a, 0xc0, 0x00, 0x00, 0x09, 0xe0, 0x04, 0xf7, 0x00, 0x00, 0x3f, 0x80,
    0x00, 0x9f, 0x94, 0x48, 0xec, 0x10, 0x00, 0x07, 0xdf, 0xfe, 0x81, 0x00, 0x00, 0x00, 0x02, 0x30,
    0x00, 0x00, 0x00, 0x00, 0x00, 0x00, 0x00, 0x00, 0x00, 0x00, 0x3e, 0xe6, 0x00, 0x00, 0x00, 0x01,
    0xc7, 0x4e, 0x30, 0x00, 0x00, 0x00, 0x00, 0x00, 0x00, 0x00, 0x00, 0x02, 0x8b, 0xb9, 0x40, 0x00,
    0x00, 0x6e, 0xe9, 0x8d, 0xf8, 0x00, 0x02, 0xea, 0x10, 0x00, 0x8f, 0x50, 0x09, 0xe1, 0x00, 0x00,
    0x0b, 0xd0, 0x0d, 0x90, 0x00, 0x00, 0x06, 0xf2, 0x0f, 0x80, 0x00, 0x00, 0x04, 0xf4, 0x0f, 0x80,
    0x00, 0x00, 0x04, 0xf4, 0x0f, 0x80, 0x00, 0x00, 0x04, 0xf3, 0x0a, 0xc0, 0x00, 0x00, 0x09, 0xe0,
    0x04, 0xf7, 0x00, 0x00, 0x3f, 0x80, 0x00, 0x9f, 0x94, 0x48, 0xec, 0x10, 0x00, 0x07, 0xdf, 0xfe,
    0x81, 0x00, 0x00, 0x00, 0x02, 0x30, 0x00, 0x00, 0x00, 0x00, 0x8b, 0x58, 0x40, 0x00, 0x00, 0x01,
    0xa5, 0xaa, 0x10, 0x00, 0x00, 0x00, 0x00, 0x00, 0x00, 0x00, 0x00, 0x02, 0x8b, 0xb9, 0x40, 0x00,
    0x00, 0x6e, 0xe9, 0x8d, 0xf8, 0x00, 0x02, 0xea, 0x10, 0x00, 0x8f, 0x50, 0x09, 0xe1, 0x00, 0x00,
    0x0b, 0xd0, 0x0d, 0x90, 0x00, 0x00, 0x06, 0xf2, 0x0f, 0x80, 0x00, 0x00, 0x04, 0xf4, 0x0f, 0x80,
    0x00, 0x00, 0x04, 0xf4, 0x0f, 0x80, 0x00, 0x00, 0x04, 0xf3, 0x0a, 0xc0, 0x00, 0x00, 0x09, 0xe0,
    0x04, 0xf7, 0x00, 0x00, 0x3f, 0x80, 0x00, 0x9f, 0x94, 0x48, 0xec, 0x10, 0x00, 0x07, 0xdf, 0xfe,
    0x81, 0x00, 0x00, 0x00, 0x02, 0x30, 0x00, 0x00, 0x00, 0x04, 0xd4, 0x1d, 0x70, 0x00, 0x00, 0x04,
    0xd4, 0x1d, 0x70, 0x00, 0x00, 0x00, 0x00, 0x00, 0x00, 0x00, 0x00, 0x02, 0x8b, 0xb9, 0x40, 0x00,
    0x00, 0x6e, 0xe9, 0x8d, 0xf8, 0x00, 0x02, 0xea, 0x10, 0x00, 0x8f, 0x50, 0x09, 0xe1, 0x00, 0x00,
    0x0b, 0xd0, 0x0d, 0x90, 0x00, 0x00, 0x06, 0xf2, 0x0f, 0x80, 0x00, 0x00, 0x04, 0xf4, 0x0f, 0x80,
    0x00, 0x00, 0x04, 0xf4, 0x0f, 0x80, 0x00, 0x00, 0x04, 0xf3, 0x0a, 0xc0, 0x00, 0x00, 0x09, 0xe0,
    0x04, 0xf7, 0x00, 0x00, 0x3f, 0x80, 0x00, 0x9f, 0x94, 0x48, 0xec, 0x10, 0x00, 0x07, 0xdf, 0xfe,
    0x81, 0x00, 0x00, 0x00, 0x02, 0x30, 0x00, 0x00, 0x01, 0x00, 0x00, 0x01, 0x2e, 0x60, 0x00, 0x9b,
    0x09, 0xf6, 0x09, 0xe3, 0x00, 0x9f, 0xbe, 0x30, 0x00, 0x0d, 0xf8, 0x00, 0x00, 0x9e, 0xaf, 0x60,
    0x09, 0xe3, 0x09, 0xf6, 0x2d, 0x30, 0x00, 0x99, 0x00, 0x00, 0x00, 0x00, 0x00, 0x02, 0x8b, 0xb9,
    0x49, 0x50, 0x00, 0x6e, 0xe9, 0x8d, 0xff, 0x30, 0x02, 0xea, 0x10, 0x02, 0xff, 0x50, 0x09, 0xe1,
    0x00, 0x0b, 0xbb, 0xd0, 0x0d, 0x90, 0x00, 0x7e, 0x26, 0xf2, 0x0f, 0x80, 0x03, 0xf5, 0x04, 0xf4,
    0x0f, 0x80, 0x0c, 0xa0, 0x04, 0xf4, 0x0f, 0x80, 0x8d, 0x10, 0x04, 0xf3, 0x0a, 0xc4, 0xf4, 0x00,
    0x09, 0xe0, 0x04, 0xff, 0x80, 0x00, 0x3f, 0x80, 0x00, 0xdf, 0xa4, 0x48, 0xec, 0x10, 0x03, 0xf8,
    0xdf, 0xfe, 0x81, 0x00, 0x00, 0x20, 0x02, 0x30, 0x00, 0x00, 0x00, 0x00, 0x00, 0x00, 0x00, 0x00,
    0x0b, 0xb0, 0x00, 0x00, 0x00, 0x02, 0xe4, 0x00, 0x00, 0x00, 0x00, 0x32, 0x00, 0x00, 0x6b, 0x00,
    0x00, 0x00, 0xb6, 0x8f, 0x00, 0x00, 0x00, 0xf8, 0x8f, 0x00, 0x00, 0x00, 0xf8, 0x8f, 0x00, 0x00,
    0x00, 0xf8, 0x8f, 0x00, 0x00, 0x00, 0xf8, 0x8f, 0x00, 0x00, 0x00, 0xf8, 0x8f, 0x00, 0x00, 0x00,
    0xf8, 0x8f, 0x00, 0x00, 0x00, 0xf8, 0x8f, 0x00, 0x00, 0x00, 0xf8, 0x6f, 0x50, 0x00, 0x07, 0xf3,
    0x0c, 0xe8, 0x44, 0x8f, 0xa0, 0x01, 0x9f, 0xff, 0xe8, 0x10, 0x00, 0x00, 0x43, 0x00, 0x00, 0x00,
    0x00, 0x00, 0x00, 0x00, 0x00, 0x00, 0x0d, 0x90, 0x00, 0x00, 0x00, 0x5e, 0x10, 0x00, 0x00, 0x00,
    0x22, 0x00, 0x00, 0x6b, 0x00, 0x00, 0x00, 0xb6, 0x8f, 0x00, 0x00, 0x00, 0xf8, 0x8f, 0x00, 0x00,
    0x00, 0xf8, 0x8f, 0x00, 0x00, 0x00, 0xf8, 0x8f, 0x00, 0x00, 0x00, 0xf8, 0x8f, 0x00, 0x00, 0x00,
    0xf8, 0x8f, 0x00, 0x00, 0x00, 0xf8, 0x8f, 0x00, 0x00, 0x00, 0xf8, 0x8f, 0x00, 0x00, 0x00, 0xf8,
    0x6f, 0x50, 0x00, 0x07, 0xf3, 0x0c, 0xe8, 0x44, 0x8f, 0xa0, 0x01, 0x9f, 0xff, 0xe8, 0x10, 0x00,
    0x00, 0x43, 0x00, 0x00, 0x00, 0x00, 0x00, 0x00, 0x00, 0x00, 0x03, 0xee, 0x30, 0x00, 0x00, 0x3e,
    0x56, 0xe2, 0x00, 0x00, 0x00, 0x00, 0x00, 0x00, 0x6b, 0x00, 0x00, 0x00, 0xb6, 0x8f, 0x00, 0x00,
    0x00, 0xf8, 0x8f, 0x00, 0x00, 0x00, 0xf8, 0x8f, 0x00, 0x00, 0x00, 0xf8, 0x8f, 0x00, 0x00, 0x00,
    0xf8, 0x8f, 0x00, 0x00, 0x00, 0xf8, 0x8f, 0x00, 0x00, 0x00, 0xf8, 0x8f, 0x00, 0x00, 0x00, 0xf8,
    0x8f, 0x00, 0x00, 0x00, 0xf8, 0x6f, 0x50, 0x00, 0x07, 0xf3, 0x0c, 0xe8, 0x44, 0x8f, 0xa0, 0x01,
    0x9f, 0xff, 0xe8, 0x10, 0x00, 0x00, 0x43, 0x00, 0x00, 0x00, 0x5d, 0x22, 0xe5, 0x00, 0x00, 0x5e,
    0x22, 0xe5, 0x00, 0x00, 0x00, 0x00, 0x00, 0x00, 0x6b, 0x00, 0x00, 0x00, 0xb6, 0x8f, 0x00, 0x00,
    0x00, 0xf8, 0x8f, 0x00, 0x00, 0x00, 0xf8, 0x8f, 0x00, 0x00, 0x00, 0xf8, 0x8f, 0x00, 0x00, 0x00,
    0xf8, 0x8f, 0x00, 0x00, 0x00, 0xf8, 0x8f, 0x00, 0x00, 0x00, 0xf8, 0x8f, 0x00, 0x00, 0x00, 0xf8,
    0x8f, 0x00, 0x00, 0x00, 0xf8, 0x6f, 0x50, 0x00, 0x07, 0xf3, 0x0c, 0xe8, 0x44, 0x8f, 0xa0, 0x01,
    0x9f, 0xff, 0xe8, 0x10, 0x00, 0x00, 0x43, 0x00, 0x00, 0x00, 0x00, 0x00, 0x00, 0x00, 0x00, 0x00,
    0x00, 0x6e, 0x20, 0x00, 0x00, 0x00, 0x0d, 0x70, 0x00, 0x00, 0x00, 0x01, 0x40, 0x00, 0x00, 0x5b,
    0x40, 0x00, 0x00, 0x5b, 0x40, 0xdc, 0x00, 0x00, 0x1e, 0xb0, 0x04, 0xf7, 0x00, 0x08, 0xf2, 0x00,
    0x09, 0xe2, 0x03, 0xf8, 0x00, 0x00, 0x1e, 0xa0, 0xbd, 0x00, 0x00, 0x00, 0x7f, 0x9f, 0x40, 0x00,
    0x00, 0x00, 0xbf, 0x90, 0x00, 0x00, 0x00, 0x05, 0xf4, 0x00, 0x00, 0x00, 0x00, 0x4f, 0x40, 0x00,
    0x00, 0x00, 0x04, 0xf4, 0x00, 0x00, 0x00, 0x00, 0x4f, 0x40, 0x00, 0x00, 0x00, 0x04, 0xf4, 0x00,
    0x00, 0x88, 0x00, 0x00, 0x00, 0xbb, 0x00, 0x00, 0x00, 0xbc, 0x44, 0x41, 0x00, 0xbf, 0xff, 0xff,
    0x80, 0xbb, 0x00, 0x17, 0xf8, 0xbb, 0x00, 0x00, 0x9c, 0xbb, 0x00, 0x00, 0x8d, 0xbb, 0x00, 0x03,
    0xe9, 0xbe, 0xbb, 0xdf, 0xb1, 0xbd, 0x88, 0x84, 0x00, 0xbb, 0x00, 0x00, 0x00, 0xbb, 0x00, 0x00,
    0x00, 0x02, 0x9b, 0xb7, 0x00, 0x2e, 0xd8, 0x9f, 0xb0, 0x8f, 0x10, 0x07, 0xf3, 0x8b, 0x00, 0x04,
    0xf4, 0x8b, 0x00, 0x07, 0xe1, 0x8b, 0x06, 0x9d, 0x30, 0x8b, 0x08, 0xbe, 0xb1, 0x8b, 0x00, 0x01,
    0xda, 0x8b, 0x00, 0x00, 0x8f, 0x8b, 0x00, 0x00, 0x9d, 0x8b, 0x03, 0x48, 0xf8, 0x8b, 0x0b, 0xfd,
    0x80, 0x00, 0x34, 0x00, 0x00, 0x00, 0x4f, 0x30, 0x00, 0x00, 0x08, 0x90, 0x00, 0x00, 0x00, 0x00,
    0x00, 0x00, 0x6b, 0xbb, 0x50, 0x09, 0xf8, 0x89, 0xf5, 0x06, 0x50, 0x00, 0xca, 0x00, 0x00, 0x14,
    0xdb, 0x04, 0xaf, 0xfe, 0xeb, 0x2f, 0xa4, 0x00, 0xbb, 0x4f, 0x30, 0x00, 0xcb, 0x2f, 0x81, 0x18,
    0xfb, 0x06, 0xef, 0xf9, 0xbb, 0x00, 0x04, 0x20, 0x00, 0x00, 0x00, 0x14, 0x20, 0x00, 0x00, 0x8e,
    0x10, 0x00, 0x01, 0xe5, 0x00, 0x00, 0x00, 0x00, 0x00, 0x00, 0x6b, 0xbb, 0x50, 0x09, 0xf8, 0x89,
    0xf5, 0x06, 0x50, 0x00, 0xca, 0x00, 0x00, 0x14, 0xdb, 0x04, 0xaf, 0xfe, 0xeb, 0x2f, 0xa4, 0x00,
    0xbb, 0x4f, 0x30, 0x00, 0xcb, 0x2f, 0x81, 0x18, 0xfb, 0x06, 0xef, 0xf9, 0xbb, 0x00, 0x04, 0x20,
    0x00, 0x00, 0x01, 0x40, 0x00, 0x00, 0x1c, 0xe9, 0x00, 0x00, 0xc9, 0x1c, 0x80, 0x00, 0x00, 0x00,
    0x00, 0x00, 0x6b, 0xbb, 0x50, 0x09, 0xf8, 0x89, 0xf5, 0x06, 0x50, 0x00, 0xca, 0x00, 0x00, 0x14,
    0xdb, 0x04, 0xaf, 0xfe, 0xeb, 0x2f, 0xa4, 0x00, 0xbb, 0x4f, 0x30, 0x00, 0xcb, 0x2f, 0x81, 0x18,
    0xfb, 0x06, 0xef, 0xf9, 0xbb, 0x00, 0x04, 0x20, 0x00, 0x00, 0x8e, 0x88, 0x80, 0x00, 0xa3, 0x8b,
    0x30, 0x00, 0x00, 0x00, 0x00, 0x00, 0x6b, 0xbb, 0x50, 0x09, 0xf8, 0x89, 0xf5, 0x06, 0x50, 0x00,
    0xca, 0x00, 0x00, 0x14, 0xdb, 0x04, 0xaf, 0xfe, 0xeb, 0x2f, 0xa4, 0x00, 0xbb, 0x4f, 0x30, 0x00,
    0xcb, 0x2f, 0x81, 0x18, 0xfb, 0x06, 0xef, 0xf9, 0xbb, 0x00, 0x04, 0x20, 0x00, 0x00, 0x00, 0x00,
    0x00, 0x02, 0xe8, 0x0c, 0xc0, 0x01, 0xa5, 0x08, 0x80, 0x00, 0x00, 0x00, 0x00, 0x00, 0x6b, 0xbb,
    0x50, 0x09, 0xf8, 0x89, 0xf5, 0x06, 0x50, 0x00, 0xca, 0x00, 0x00, 0x14, 0xdb, 0x04, 0xaf, 0xfe,
    0xeb, 0x2f, 0xa4, 0x00, 0xbb, 0x4f, 0x30, 0x00, 0xcb, 0x2f, 0x81, 0x18, 0xfb, 0x06, 0xef, 0xf9,
    0xbb, 0x00, 0x04, 0x20, 0x00, 0x00, 0x01, 0x40, 0x00, 0x00, 0x3e, 0xcc, 0x10, 0x00, 0xa8, 0x0b,
    0x70, 0x00, 0x8b, 0x5e, 0x40, 0x00, 0x08, 0xb5, 0x00, 0x00, 0x6b, 0xbb, 0x50, 0x09, 0xf8, 0x89,
    0xf5, 0x06, 0x50, 0x00, 0xca, 0x00, 0x00, 0x14, 0xdb, 0x04, 0xaf, 0xfe, 0xeb, 0x2f, 0xa4, 0x00,
    0xbb, 0x4f, 0x30, 0x00, 0xcb, 0x2f, 0x81, 0x18, 0xfb, 0x06, 0xef, 0xf9, 0xbb, 0x00, 0x04, 0x20,
    0x00, 0x00, 0x6b, 0xba, 0x40, 0x8b, 0xb9, 0x20, 0x09, 0xf8, 0x89, 0xfa, 0xe8, 0x8c, 0xe2, 0x06,
    0x50, 0x00, 0xce, 0x20, 0x01, 0xd9, 0x00, 0x00, 0x00, 0xb9, 0x00, 0x00, 0x8b, 0x04, 0xcf, 0xff,
    0xff, 0xff, 0xff, 0xff, 0x2e, 0xa4, 0x00, 0xb9, 0x00, 0x00, 0x00, 0x4f, 0x30, 0x00, 0xcd, 0x00,
    0x00, 0x32, 0x2f, 0x81, 0x18, 0xee, 0xa2, 0x16, 0xf8, 0x06, 0xef, 0xfc, 0x33, 0xdf, 0xff, 0x80,
    0x00, 0x04, 0x20, 0x00, 0x02, 0x40, 0x00, 0x00, 0x39, 0xbb, 0x80, 0x00, 0x3e, 0xb8, 0x8e, 0xb0,
    0x0b, 0xc0, 0x00, 0x4c, 0x31, 0xf6, 0x00, 0x00, 0x00, 0x4f, 0x40, 0x00, 0x00, 0x02, 0xf5, 0x00,
    0x00, 0x00, 0x0d, 0x90, 0x00, 0x18, 0x10, 0x7f, 0x71, 0x3c, 0xe1, 0x00, 0x8e, 0xff, 0xd3, 0x00,
    0x00, 0x0c, 0x80, 0x00, 0x00, 0x00, 0x6b, 0x90, 0x00, 0x00, 0x08, 0xc8, 0x00, 0x00, 0x00, 0x43,
    0x00, 0x00, 0x00, 0x14, 0x10, 0x00, 0x00, 0x01, 0xd8, 0x00, 0x00, 0x00, 0x04, 0xe1, 0x00, 0x00,
    0x00, 0x00, 0x00, 0x00, 0x00, 0x39, 0xbb, 0x70, 0x00, 0x3e, 0xb8, 0x8e, 0x90, 0x0b, 0xb0, 0x00,
    0x5f, 0x31, 0xf5, 0x00, 0x00, 0xf8, 0x4f, 0xff, 0xff, 0xff, 0x82, 0xf4, 0x00, 0x00, 0x00, 0x0d,
    0x80, 0x00, 0x05, 0x00, 0x7f, 0x71, 0x29, 0xf2, 0x00, 0x8e, 0xff, 0xd5, 0x00, 0x00, 0x04, 0x30,
    0x00, 0x00, 0x00, 0x03, 0x30, 0x00, 0x00, 0x02, 0xf5, 0x00, 0x00, 0x00, 0x9a, 0x00, 0x00, 0x00,
    0x00, 0x00, 0x00, 0x00, 0x39, 0xbb, 0x70, 0x00, 0x3e, 0xb8, 0x8e, 0x90, 0x0b, 0xb0, 0x00, 0x5f,
    0x31, 0xf5, 0x00, 0x00, 0xf8, 0x4f, 0xff, 0xff, 0xff, 0x82, 0xf4, 0x00, 0x00, 0x00, 0x0d, 0x80,
    0x00, 0x05, 0x00, 0x7f, 0x71, 0x29, 0xf2, 0x00, 0x8e, 0xff, 0xd5, 0x00, 0x00, 0x04, 0x30, 0x00,
    0x00, 0x00, 0x42, 0x00, 0x00, 0x00, 0x9d, 0xd1, 0x00, 0x00, 0x6e, 0x19, 0xc1, 0x00, 0x00, 0x00,
    0x00, 0x00, 0x00, 0x39, 0xbb, 0x70, 0x00, 0x3e, 0xb8, 0x8e, 0x90, 0x0b, 0xb0, 0x00, 0x5f, 0x31,
    0xf5, 0x00, 0x00, 0xf8, 0x4f, 0xff, 0xff, 0xff, 0x82, 0xf4, 0x00, 0x00, 0x00, 0x0d, 0x80, 0x00,
    0x05, 0x00, 0x7f, 0x71, 0x29, 0xf2, 0x00, 0x8e, 0xff, 0xd5, 0x00, 0x00, 0x04, 0x30, 0x00, 0x00,
    0x00, 0x00, 0x00, 0x00, 0x0a, 0xc0, 0x7e, 0x20, 0x00, 0x89, 0x05, 0xb2, 0x00, 0x00, 0x00, 0x00,
    0x00, 0x00, 0x39, 0xbb, 0x70, 0x00, 0x3e, 0xb8, 0x8e, 0x90, 0x0b, 0xb0, 0x00, 0x5f, 0x31, 0xf5,
    0x00, 0x00, 0xf8, 0x4f, 0xff, 0xff, 0xff, 0x82, 0xf4, 0x00, 0x00, 0x00, 0x0d, 0x80, 0x00, 0x05,
    0x00, 0x7f, 0x71, 0x29, 0xf2, 0x00, 0x8e, 0xff, 0xd5, 0x00, 0x00, 0x04, 0x30, 0x00, 0x04, 0x20,
    0x0a, 0xb0, 0x01, 0xe4, 0x00, 0x00, 0x00, 0x88, 0x00, 0xbb, 0x00, 0xbb, 0x00, 0xbb, 0x00, 0xbb,
    0x00, 0xbb, 0x00, 0xbb, 0x00, 0xbb, 0x00, 0xbb, 0x02, 0x40, 0xd8, 0x6d, 0x10, 0x00, 0x88, 0x0b,
    0xb0, 0xbb, 0x0b, 0xb0, 0xbb, 0x0b, 0xb0, 0xbb, 0x0b, 0xb0, 0xbb, 0x00, 0x00, 0x33, 0x00, 0x06,
    0xed, 0x30, 0x3e, 0x36, 0xe3, 0x00, 0x00, 0x00, 0x00, 0x88, 0x00, 0x00, 0xbb, 0x00, 0x00, 0xbb,
    0x00, 0x00, 0xbb, 0x00, 0x00, 0xbb, 0x00, 0x00, 0xbb, 0x00, 0x00, 0xbb, 0x00, 0x00, 0xbb, 0x00,
    0x00, 0xbb, 0x00, 0x00, 0x00, 0x00, 0x7e, 0x23, 0xf5, 0x5b, 0x12, 0xb5, 0x00, 0x00, 0x00, 0x00,
    0x88, 0x00, 0x00, 0xbb, 0x00, 0x00, 0xbb, 0x00, 0x00, 0xbb, 0x00, 0x00, 0xbb, 0x00, 0x00, 0xbb,
    0x00, 0x00, 0xbb, 0x00, 0x00, 0xbb, 0x00, 0x00, 0xbb, 0x00, 0x00, 0x02, 0x00, 0x00, 0x00, 0x04,
    0xf8, 0x29, 0x60, 0x00, 0x05, 0xff, 0x81, 0x00, 0x05, 0xd6, 0xc9, 0x00, 0x00, 0x11, 0x41, 0xe5,
    0x00, 0x08, 0xff, 0xd8, 0xd0, 0x08, 0xe4, 0x02, 0xcf, 0x30, 0xe8, 0x00, 0x02, 0xf7, 0x3f, 0x40,
    0x00, 0x0e, 0x83, 0xf4, 0x00, 0x00, 0xd8, 0x0e, 0x80, 0x00, 0x2f, 0x40, 0x8e, 0x60, 0x3c, 0xc0,
    0x00, 0x8f, 0xff, 0xb1, 0x00, 0x00, 0x04, 0x20, 0x00, 0x03, 0xda, 0x6e, 0x00, 0x06, 0x76, 0xb6,
    0x00, 0x00, 0x00, 0x00, 0x00, 0x86, 0x5b, 0xb9, 0x10, 0xbb, 0xc8, 0x8e, 0xb0, 0xbd, 0x10, 0x06,
    0xf2, 0xbb, 0x00, 0x04, 0xf4, 0xbb, 0x00, 0x04, 0xf4, 0xbb, 0x00, 0x04, 0xf4, 0xbb, 0x00, 0x04,
    0xf4, 0xbb, 0x00, 0x04, 0xf4, 0xbb, 0x00, 0x04, 0xf4, 0x00, 0x14, 0x10, 0x00, 0x00, 0x00, 0xc9,
    0x00, 0x00, 0x00, 0x03, 0xf2, 0x00, 0x00, 0x00, 0x00, 0x00, 0x00, 0x00, 0x39, 0xbb, 0x80, 0x00,
    0x3e, 0xb8, 0x8e, 0xb0, 0x0b, 0xc0, 0x00, 0x3f, 0x61, 0xf6, 0x00, 0x00, 0xca, 0x4f, 0x40, 0x00,
    0x0b, 0xb2, 0xf5, 0x00, 0x00, 0xbb, 0x0d, 0x90, 0x00, 0x1e, 0x70, 0x7f, 0x71, 0x3c, 0xe1, 0x00,
    0x8e, 0xff, 0xd3, 0x00, 0x00, 0x04, 0x20, 0x00, 0x00, 0x00, 0x03, 0x30, 0x00, 0x00, 0x01, 0xf7,
    0x00, 0x00, 0x00, 0x8b, 0x00, 0x00, 0x00, 0x00, 0x00, 0x00, 0x00, 0x39, 0xbb, 0x80, 0x00, 0x3e,
    0xb8, 0x8e, 0xb0, 0x0b, 0xc0, 0x00, 0x3f, 0x61, 0xf6, 0x00, 0x00, 0xca, 0x4f, 0x40, 0x00, 0x0b,
    0xb2, 0xf5, 0x00, 0x00, 0xbb, 0x0d, 0x90, 0x00, 0x1e, 0x70, 0x7f, 0x71, 0x3c, 0xe1, 0x00, 0x8e,
    0xff, 0xd3, 0x00, 0x00, 0x04, 0x20, 0x00, 0x00, 0x00, 0x42, 0x00, 0x00, 0x00, 0x7d, 0xe3, 0x00,
    0x00, 0x6e, 0x28, 0xc1, 0x00, 0x00, 0x00, 0x00, 0x00, 0x00, 0x39, 0xbb, 0x80, 0x00, 0x3e, 0xb8,
    0x8e, 0xb0, 0x0b, 0xc0, 0x00, 0x3f, 0x61, 0xf6, 0x00, 0x00, 0xca, 0x4f, 0x40, 0x00, 0x0b, 0xb2,
    0xf5, 0x00, 0x00, 0xbb, 0x0d, 0x90, 0x00, 0x1e, 0x70, 0x7f, 0x71, 0x3c, 0xe1, 0x00, 0x8e, 0xff,
    0xd3, 0x00, 0x00, 0x04, 0x20, 0x00, 0x00, 0x2d, 0xb5, 0xf0, 0x00, 0x06, 0x75, 0xa7, 0x00, 0x00,
    0x00, 0x00, 0x00, 0x00, 0x03, 0x9b, 0xb8, 0x00, 0x03, 0xeb, 0x88, 0xeb, 0x00, 0xbc, 0x00, 0x03,
    0xf6, 0x1f, 0x60, 0x00, 0x0c, 0xa4, 0xf4, 0x00, 0x00, 0xbb, 0x2f, 0x50, 0x00, 0x0b, 0xb0, 0xd9,
    0x00, 0x01, 0xe7, 0x07, 0xf7, 0x13, 0xce, 0x10, 0x08, 0xef, 0xfd, 0x30, 0x00, 0x00, 0x42, 0x00,
    0x00, 0x00, 0x00, 0x00, 0x00, 0x00, 0x08, 0xe0, 0x5f, 0x30, 0x00, 0x8a, 0x04, 0xb2, 0x00, 0x00,
    0x00, 0x00, 0x00, 0x00, 0x39, 0xbb, 0x80, 0x00, 0x3e, 0xb8, 0x8e, 0xb0, 0x0b, 0xc0, 0x00, 0x3f,
    0x61, 0xf6, 0x00, 0x00, 0xca, 0x4f, 0x40, 0x00, 0x0b, 0xb2, 0xf5, 0x00, 0x00, 0xbb, 0x0d, 0x90,
    0x00, 0x1e, 0x70, 0x7f, 0x71, 0x3c, 0xe1, 0x00, 0x8e, 0xff, 0xd3, 0x00, 0x00, 0x04, 0x20, 0x00,
    0x00, 0x03, 0x71, 0x00, 0x00, 0x0b, 0xf4, 0x00, 0x00, 0x03, 0x70, 0x00, 0x14, 0x44, 0x44, 0x44,
    0x4f, 0xff, 0xff, 0xff, 0x00, 0x00, 0x00, 0x00, 0x00, 0x04, 0x81, 0x00, 0x00, 0x0b, 0xf4, 0x00,
    0x00, 0x02, 0x70, 0x00, 0x00, 0x00, 0x00, 0x00, 0x00, 0x03, 0x9b, 0xb8, 0x6a, 0x03, 0xeb, 0x88,
    0xef, 0x30, 0xbc, 0x00, 0x3e, 0xf6, 0x1f, 0x60, 0x1d, 0x7c, 0xa4, 0xf4, 0x1c, 0x90, 0xbb, 0x2f,
    0x59, 0xb0, 0x0b, 0xb0, 0xde, 0xc1, 0x01, 0xe7, 0x09, 0xf8, 0x13, 0xce, 0x11, 0xf8, 0xef, 0xfd,
    0x30, 0x02, 0x00, 0x42, 0x00, 0x00, 0x01, 0x41, 0x00, 0x00, 0x01, 0xd8, 0x00, 0x00, 0x00, 0x4e,
    0x10, 0x00, 0x00, 0x00, 0x00, 0x00, 0x88, 0x00, 0x03, 0xb3, 0xbb, 0x00, 0x04, 0xf4, 0xbb, 0x00,
    0x04, 0xf4, 0xbb, 0x00, 0x04, 0xf4, 0xbb, 0x00, 0x04, 0xf4, 0xbb, 0x00, 0x04, 0xf4, 0xbc, 0x00,
    0x06, 0xf4, 0x7f, 0x84, 0x6d, 0xf4, 0x08, 0xff, 0xd7, 0xf4, 0x00, 0x00, 0x00, 0x00, 0x00, 0x00,
    0x33, 0x00, 0x00, 0x02, 0xf5, 0x00, 0x00, 0x09, 0xa0, 0x00, 0x00, 0x00, 0x00, 0x00, 0x88, 0x00,
    0x03, 0xb3, 0xbb, 0x00, 0x04, 0xf4, 0xbb, 0x00, 0x04, 0xf4, 0xbb, 0x00, 0x04, 0xf4, 0xbb, 0x00,
    0x04, 0xf4, 0xbb, 0x00, 0x04, 0xf4, 0xbc, 0x00, 0x06, 0xf4, 0x7f, 0x84, 0x6d, 0xf4, 0x08, 0xff,
    0xd7, 0xf4, 0x00, 0x00, 0x00, 0x00, 0x00, 0x04, 0x20, 0x00, 0x00, 0x8d, 0xd1, 0x00, 0x06, 0xe1,
    0x8c, 0x10, 0x00, 0x00, 0x00, 0x00, 0x88, 0x00, 0x03, 0xb3, 0xbb, 0x00, 0x04, 0xf4, 0xbb, 0x00,
    0x04, 0xf4, 0xbb, 0x00, 0x04, 0xf4, 0xbb, 0x00, 0x04, 0xf4, 0xbb, 0x00, 0x04, 0xf4, 0xbc, 0x00,
    0x06, 0xf4, 0x7f, 0x84, 0x6d, 0xf4, 0x08, 0xff, 0xd7, 0xf4, 0x00, 0x00, 0x00, 0x00, 0x00, 0x00,
    0x00, 0x00, 0x0a, 0xc0, 0x6e, 0x30, 0x08, 0xa0, 0x5b, 0x20, 0x00, 0x00, 0x00, 0x00, 0x88, 0x00,
    0x03, 0xb3, 0xbb, 0x00, 0x04, 0xf4, 0xbb, 0x00, 0x04, 0xf4, 0xbb, 0x00, 0x04, 0xf4, 0xbb, 0x00,
    0x04, 0xf4, 0xbb, 0x00, 0x04, 0xf4, 0xbc, 0x00, 0x06, 0xf4, 0x7f, 0x84, 0x6d, 0xf4, 0x08, 0xff,
    0xd7, 0xf4, 0x00, 0x00, 0x00, 0x00, 0x00, 0x00, 0x04, 0x20, 0x00, 0x00, 0x06, 0xe2, 0x00, 0x00,
    0x00, 0xd7, 0x00, 0x00, 0x00, 0x00, 0x00, 0x00, 0x5b, 0x10, 0x00, 0x1b, 0x52, 0xf6, 0x00, 0x06,
    0xf2, 0x0a, 0xc0, 0x00, 0xca, 0x00, 0x6f, 0x20, 0x2f, 0x60, 0x00, 0xe7, 0x08, 0xe0, 0x00, 0x09,
    0xd0, 0xd8, 0x00, 0x00, 0x3f, 0x5f, 0x30, 0x00, 0x00, 0xdd, 0xc0, 0x00, 0x00, 0x07, 0xf7, 0x00,
    0x00, 0x00, 0x6f, 0x10, 0x00, 0x00, 0x1d, 0x90, 0x00, 0x00, 0xaf, 0xe2, 0x00, 0x00, 0x04, 0x41,
    0x00, 0x00, 0x00, 0x88, 0x00, 0x00, 0x00, 0xbb, 0x00, 0x00, 0x00, 0xbb, 0x00, 0x00, 0x00, 0xbb,
    0x4b, 0xb9, 0x20, 0xbd, 0xd8, 0x8d, 0xe2, 0xbf, 0x30, 0x01, 0xe9, 0xbb, 0x00, 0x00, 0x8d, 0xbb,
    0x00, 0x00, 0x8f, 0xbb, 0x00, 0x00, 0x8f, 0xbe, 0x10, 0x00, 0xca, 0xbe, 0xa2, 0x29, 0xf4, 0xbb,
    0x8f, 0xfe, 0x60, 0xbb, 0x02, 0x40, 0x00, 0xbb, 0x00, 0x00, 0x00, 0xbb, 0x00, 0x00, 0x00, 0x33,
    0x00, 0x00, 0x00, 0x00, 0x00, 0x00, 0x00, 0x00, 0x0e, 0x80, 0x8e, 0x00, 0x00, 0xa8, 0x08, 0xa0,
    0x00, 0x00, 0x00, 0x00, 0x00, 0x5b, 0x10, 0x00, 0x1b, 0x52, 0xf6, 0x00, 0x06, 0xf2, 0x0a, 0xc0,
    0x00, 0xca, 0x00, 0x6f, 0x20, 0x2f, 0x60, 0x00, 0xe7, 0x08, 0xe0, 0x00, 0x09, 0xd0, 0xd8, 0x00,
    0x00, 0x3f, 0x5f, 0x30, 0x00, 0x00, 0xdd, 0xc0, 0x00, 0x00, 0x07, 0xf7, 0x00, 0x00, 0x00, 0x6f,
    0x10, 0x00, 0x00, 0x1d, 0x90, 0x00, 0x00, 0xaf, 0xe2, 0x00, 0x00, 0x04, 0x41, 0x00, 0x00, 0x00,
    0x00, 0x06, 0x88, 0x86, 0x00, 0x00, 0x00, 0x68, 0x88, 0x60, 0x00, 0x00, 0x00, 0x00, 0x00, 0x00,
    0x00, 0x00, 0x05, 0xb5, 0x00, 0x00, 0x00, 0x00, 0xcf, 0xc0, 0x00, 0x00, 0x00, 0x2f, 0x6f, 0x20,
    0x00, 0x00, 0x08, 0xd0, 0xe8, 0x00, 0x00, 0x00, 0xd8, 0x09, 0xd0, 0x00, 0x00, 0x3f, 0x30, 0x4f,
    0x40, 0x00, 0x09, 0xd0, 0x00, 0xd9, 0x00, 0x00, 0xec, 0x88, 0x8c, 0xe0, 0x00, 0x5f, 0xbb, 0xbb,
    0xbf, 0x60, 0x0a, 0xd0, 0x00, 0x00, 0xca, 0x01, 0xf8, 0x00, 0x00, 0x07, 0xf2, 0x6f, 0x20, 0x00,
    0x00, 0x2f, 0x70, 0x00, 0x8b, 0xbb, 0x60, 0x00, 0x68, 0x88, 0x40, 0x00, 0x00, 0x00, 0x00, 0x00,
    0x6b, 0xbb, 0x50, 0x09, 0xf8, 0x89, 0xf5, 0x06, 0x50, 0x00, 0xca, 0x00, 0x00, 0x14, 0xdb, 0x04,
    0xaf, 0xfe, 0xeb, 0x2f, 0xa4, 0x00, 0xbb, 0x4f, 0x30, 0x00, 0xcb, 0x2f, 0x81, 0x18, 0xfb, 0x06,
    0xef, 0xf9, 0xbb, 0x00, 0x04, 0x20, 0x00, 0x00, 0x00, 0x00, 0x00, 0x00, 0x00, 0x00, 0xa7, 0x07,
    0xa0, 0x00, 0x00, 0x03, 0xdd, 0xd3, 0x00, 0x00, 0x00, 0x00, 0x20, 0x00, 0x00, 0x00, 0x00, 0x5b,
    0x50, 0x00, 0x00, 0x00, 0x0c, 0xfc, 0x00, 0x00, 0x00, 0x02, 0xf6, 0xf2, 0x00, 0x00, 0x00, 0x8d,
    0x0e, 0x80, 0x00, 0x00, 0x0d, 0x80, 0x9d, 0x00, 0x00, 0x03, 0xf3, 0x04, 0xf4, 0x00, 0x00, 0x9d,
    0x00, 0x0d, 0x90, 0x00, 0x0e, 0xc8, 0x88, 0xce, 0x00, 0x05, 0xfb, 0xbb, 0xbb, 0xf6, 0x00, 0xad,
    0x00, 0x00, 0x0c, 0xa0, 0x1f, 0x80, 0x00, 0x00, 0x7f, 0x26, 0xf2, 0x00, 0x00, 0x02, 0xf7, 0x00,
    0x41, 0x02, 0x20, 0x00, 0xc7, 0x0a, 0x70, 0x00, 0x3d, 0xfb, 0x10, 0x00, 0x00, 0x00, 0x00, 0x00,
    0x6b, 0xbb, 0x50, 0x09, 0xf8, 0x89, 0xf5, 0x06, 0x50, 0x00, 0xca, 0x00, 0x00, 0x14, 0xdb, 0x04,
    0xaf, 0xfe, 0xeb, 0x2f, 0xa4, 0x00, 0xbb, 0x4f, 0x30, 0x00, 0xcb, 0x2f, 0x81, 0x18, 0xfb, 0x06,
    0xef, 0xf9, 0xbb, 0x00, 0x04, 0x20, 0x00, 0x00, 0x00, 0x5b, 0x50, 0x00, 0x00, 0x00, 0x00, 0xcf,
    0xc0, 0x00, 0x00, 0x00, 0x02, 0xf6, 0xf2, 0x00, 0x00, 0x00, 0x08, 0xd0, 0xe8, 0x00, 0x00, 0x00,
    0x0d, 0x80, 0x9d, 0x00, 0x00, 0x00, 0x3f, 0x30, 0x4f, 0x40, 0x00, 0x00, 0x9d, 0x00, 0x0d, 0x90,
    0x00, 0x00, 0xec, 0x88, 0x8c, 0xe0, 0x00, 0x05, 0xfb, 0xbb, 0xbb, 0xf6, 0x00, 0x0a, 0xd0, 0x00,
    0x00, 0xca, 0x00, 0x1f, 0x80, 0x00, 0x00, 0x7f, 0x20, 0x6f, 0x20, 0x00, 0x00, 0x2f, 0x70, 0x00,
    0x00, 0x00, 0x00, 0x7c, 0x30, 0x00, 0x00, 0x00, 0x00, 0xf5, 0x00, 0x00, 0x00, 0x00, 0x00, 0xed,
    0xb0, 0x00, 0x00, 0x00, 0x00, 0x27, 0x50, 0x00, 0x6b, 0xbb, 0x50, 0x00, 0x9f, 0x88, 0x9f, 0x50,
    0x06, 0x50, 0x00, 0xca, 0x00, 0x00, 0x01, 0x4d, 0xb0, 0x04, 0xaf, 0xfe, 0xeb, 0x02, 0xfa, 0x40,
    0x0b, 0xb0, 0x4f, 0x30, 0x00, 0xcb, 0x02, 0xf8, 0x11, 0x8f, 0xb0, 0x06, 0xef, 0xf9, 0xbb, 0x00,
    0x00, 0x42, 0x6e, 0x30, 0x00, 0x00, 0x0e, 0x80, 0x00, 0x00, 0x00, 0xce, 0xe2, 0x00, 0x00, 0x00,
    0x44, 0x00, 0x00, 0x00, 0x00, 0x00, 0x00, 0x00, 0x00, 0x00, 0x09, 0xb0, 0x00, 0x00, 0x00, 0x02,
    0xf2, 0x00, 0x00, 0x00, 0x00, 0x23, 0x00, 0x00, 0x00, 0x02, 0x8b, 0xb9, 0x40, 0x00, 0x06, 0xee,
    0x98, 0xdf, 0x80, 0x02, 0xea, 0x10, 0x00, 0x8f, 0x40, 0x9e, 0x10, 0x00, 0x00, 0xda, 0x0d, 0x90,
    0x00, 0x00, 0x00, 0x00, 0xf8, 0x00, 0x00, 0x00, 0x00, 0x0f, 0x80, 0x00, 0x00, 0x00, 0x00, 0xf8,
    0x00, 0x00, 0x00, 0x00, 0x0a, 0xc0, 0x00, 0x00, 0x08, 0x80, 0x5f, 0x70, 0x00, 0x03, 0xf7, 0x00,
    0x9f, 0x94, 0x48, 0xec, 0x10, 0x00, 0x8d, 0xff, 0xe8, 0x10, 0x00, 0x00, 0x02, 0x30, 0x00, 0x00,
    0x00, 0x00, 0x03, 0x30, 0x00, 0x00, 0x01, 0xf7, 0x00, 0x00, 0x00, 0x8b, 0x00, 0x00, 0x00, 0x00,
    0x00, 0x00, 0x00, 0x39, 0xbb, 0x80, 0x00, 0x3e, 0xb8, 0x8e, 0xb0, 0x0b, 0xc0, 0x00, 0x4c, 0x31,
    0xf6, 0x00, 0x00, 0x00, 0x4f, 0x40, 0x00, 0x00, 0x02, 0xf5, 0x00, 0x00, 0x00, 0x0d, 0x90, 0x00,
    0x18, 0x10, 0x7f, 0x71, 0x3c, 0xe1, 0x00, 0x8e, 0xff, 0xd3, 0x00, 0x00, 0x04, 0x20, 0x00, 0x00,
    0x00, 0x00, 0x00, 0x00, 0x00, 0x00, 0x03, 0xee, 0x50, 0x00, 0x00, 0x01, 0xc7, 0x4e, 0x30, 0x00,
    0x00, 0x00, 0x00, 0x00, 0x00, 0x00, 0x02, 0x8b, 0xb9, 0x40, 0x00, 0x06, 0xee, 0x98, 0xdf, 0x80,
    0x02, 0xea, 0x10, 0x00, 0x8f, 0x40, 0x9e, 0x10, 0x00, 0x00, 0xda, 0x0d, 0x90, 0x00, 0x00, 0x00,
    0x00, 0xf8, 0x00, 0x00, 0x00, 0x00, 0x0f, 0x80, 0x00, 0x00, 0x00, 0x00, 0xf8, 0x00, 0x00, 0x00,
    0x00, 0x0a, 0xc0, 0x00, 0x00, 0x08, 0x80, 0x5f, 0x70, 0x00, 0x03, 0xf7, 0x00, 0x9f, 0x94, 0x48,
    0xec, 0x10, 0x00, 0x8d, 0xff, 0xe8, 0x10, 0x00, 0x00, 0x02, 0x30, 0x00, 0x00, 0x00, 0x00, 0x42,
    0x00, 0x00, 0x00, 0x7d, 0xe3, 0x00, 0x00, 0x6e, 0x28, 0xc1, 0x00, 0x00, 0x00, 0x00, 0x00, 0x00,
    0x39, 0xbb, 0x80, 0x00, 0x3e, 0xb8, 0x8e, 0xb0, 0x0b, 0xc0, 0x00, 0x4c, 0x31, 0xf6, 0x00, 0x00,
    0x00, 0x4f, 0x40, 0x00, 0x00, 0x02, 0xf5, 0x00, 0x00, 0x00, 0x0d, 0x90, 0x00, 0x18, 0x10, 0x7f,
    0x71, 0x3c, 0xe1, 0x00, 0x8e, 0xff, 0xd3, 0x00, 0x00, 0x04, 0x20, 0x00, 0x00, 0x00, 0x08, 0xc0,
    0x00, 0x00, 0x00, 0x00, 0x8c, 0x00, 0x00, 0x00, 0x00, 0x00, 0x00, 0x00, 0x00, 0x00, 0x28, 0xbb,
    0x94, 0x00, 0x00, 0x6e, 0xe9, 0x8d, 0xf8, 0x00, 0x2e, 0xa1, 0x00, 0x08, 0xf4, 0x09, 0xe1, 0x00,
    0x00, 0x0d, 0xa0, 0xd9, 0x00, 0x00, 0x00, 0x00, 0x0f, 0x80, 0x00, 0x00, 0x00, 0x00, 0xf8, 0x00,
    0x00, 0x00, 0x00, 0x0f, 0x80, 0x00, 0x00, 0x00, 0x00, 0xac, 0x00, 0x00, 0x00, 0x88, 0x05, 0xf7,
    0x00, 0x00, 0x3f, 0x70, 0x09, 0xf9, 0x44, 0x8e, 0xc1, 0x00, 0x08, 0xdf, 0xfe, 0x81, 0x00, 0x00,
    0x00, 0x23, 0x00, 0x00, 0x00, 0x00, 0x00, 0x00, 0x00, 0x00, 0x2e, 0x80, 0x00, 0x00, 0x01, 0xa8,
    0x00, 0x00, 0x00, 0x00, 0x00, 0x00, 0x00, 0x39, 0xbb, 0x80, 0x00, 0x3e, 0xb8, 0x8e, 0xb0, 0x0b,
    0xc0, 0x00, 0x4c, 0x31, 0xf6, 0x00, 0x00, 0x00, 0x4f, 0x40, 0x00, 0x00, 0x02, 0xf5, 0x00, 0x00,
    0x00, 0x0d, 0x90, 0x00, 0x18, 0x10, 0x7f, 0x71, 0x3c, 0xe1, 0x00, 0x8e, 0xff, 0xd3, 0x00, 0x00,
    0x04, 0x20, 0x00, 0x00, 0x00, 0x00, 0x00, 0x00, 0x00, 0x00, 0x1c, 0x74, 0xe3, 0x00, 0x00, 0x00,
    0x3e, 0xe5, 0x00, 0x00, 0x00, 0x00, 0x00, 0x00, 0x00, 0x00, 0x02, 0x8b, 0xb9, 0x40, 0x00, 0x06,
    0xee, 0x98, 0xdf, 0x80, 0x02, 0xea, 0x10, 0x00, 0x8f, 0x40, 0x9e, 0x10, 0x00, 0x00, 0xda, 0x0d,
    0x90, 0x00, 0x00, 0x00, 0x00, 0xf8, 0x00, 0x00, 0x00, 0x00, 0x0f, 0x80, 0x00, 0x00, 0x00, 0x00,
    0xf8, 0x00, 0x00, 0x00, 0x00, 0x0a, 0xc0, 0x00, 0x00, 0x08, 0x80, 0x5f, 0x70, 0x00, 0x03, 0xf7,
    0x00, 0x9f, 0x94, 0x48, 0xec, 0x10, 0x00, 0x8d, 0xff, 0xe8, 0x10, 0x00, 0x00, 0x02, 0x30, 0x00,
    0x00, 0x00, 0x33, 0x01, 0x41, 0x00, 0x03, 0xe3, 0x9c, 0x00, 0x00, 0x06, 0xfc, 0x10, 0x00, 0x00,
    0x00, 0x00, 0x00, 0x00, 0x39, 0xbb, 0x80, 0x00, 0x3e, 0xb8, 0x8e, 0xb0, 0x0b, 0xc0, 0x00, 0x4c,
    0x31, 0xf6, 0x00, 0x00, 0x00, 0x4f, 0x40, 0x00, 0x00, 0x02, 0xf5, 0x00, 0x00, 0x00, 0x0d, 0x90,
    0x00, 0x18, 0x10, 0x7f, 0x71, 0x3c, 0xe1, 0x00, 0x8e, 0xff, 0xd3, 0x00, 0x00, 0x04, 0x20, 0x00,
    0x00, 0x00, 0x00, 0x00, 0x00, 0x03, 0xf3, 0x8c, 0x10, 0x00, 0x00, 0x6e, 0xe1, 0x00, 0x00, 0x00,
    0x00, 0x00, 0x00, 0x00, 0x6b, 0xbb, 0xa8, 0x30, 0x00, 0x8f, 0xbb, 0xbd, 0xfa, 0x10, 0x8f, 0x00,
    0x00, 0x5e, 0x80, 0x8f, 0x00, 0x00, 0x07, 0xf2, 0x8f, 0x00, 0x00, 0x01, 0xf7, 0x8f, 0x00, 0x00,
    0x00, 0xd8, 0x8f, 0x00, 0x00, 0x00, 0xc8, 0x8f, 0x00, 0x00, 0x00, 0xf8, 0x8f, 0x00, 0x00, 0x05,
    0xf4, 0x8f, 0x00, 0x00, 0x1c, 0xc0, 0x8f, 0x44, 0x58, 0xee, 0x30, 0x8f, 0xff, 0xfd, 0x81, 0x00,
    0x00, 0x00, 0x00, 0x00, 0x02, 0x40, 0x00, 0x00, 0x00, 0x08, 0x68, 0xf0, 0x00, 0x00, 0x00, 0x0b,
    0x88, 0xb0, 0x00, 0x00, 0x00, 0x0b, 0x86, 0x80, 0x00, 0x4a, 0xba, 0x3b, 0x80, 0x00, 0x04, 0xfb,
    0x88, 0xcc, 0x80, 0x00, 0x0c, 0xb0, 0x00, 0x6f, 0x80, 0x00, 0x1f, 0x60, 0x00, 0x0f, 0x80, 0x00,
    0x4f, 0x40, 0x00, 0x0b, 0x80, 0x00, 0x2f, 0x50, 0x00, 0x0d, 0x80, 0x00, 0x0e, 0x90, 0x00, 0x2f,
    0x80, 0x00, 0x08, 0xf7, 0x13, 0xce, 0x80, 0x00, 0x00, 0x8f, 0xff, 0x6b, 0x80, 0x00, 0x00, 0x01,
    0x41, 0x00, 0x00, 0x00, 0x06, 0xbb, 0xbb, 0x85, 0x00, 0x00, 0x8f, 0xbb, 0xbc, 0xfc, 0x10, 0x08,
    0xf0, 0x00, 0x03, 0xec, 0x00, 0x8f, 0x00, 0x00, 0x04, 0xf6, 0x08, 0xf0, 0x00, 0x00, 0x0c, 0x96,
    0xbf, 0x88, 0x82, 0x00, 0xbb, 0x8d, 0xfb, 0xbb, 0x30, 0x0b, 0xb0, 0x8f, 0x00, 0x00, 0x00, 0xbb,
    0x08, 0xf0, 0x00, 0x00, 0x2f, 0x70, 0x8f, 0x00, 0x00, 0x0a, 0xe1, 0x08, 0xf4, 0x44, 0x8d, 0xf6,
    0x00, 0x8f, 0xff, 0xfe, 0x92, 0x00, 0x00, 0x00, 0x00, 0x08, 0x60, 0x00, 0x00, 0x3b, 0xbe, 0xd8,
    0x00, 0x00, 0x14, 0x4c, 0x93, 0x00, 0x4a, 0xba, 0x3b, 0x80, 0x04, 0xfb, 0x88, 0xcc, 0x80, 0x0c,
    0xb0, 0x00, 0x6f, 0x80, 0x1f, 0x60, 0x00, 0x0f, 0x80, 0x4f, 0x40, 0x00, 0x0b, 0x80, 0x2f, 0x50,
    0x00, 0x0d, 0x80, 0x0e, 0x90, 0x00, 0x2f, 0x80, 0x08, 0xf7, 0x13, 0xce, 0x80, 0x00, 0x8f, 0xff,
    0x6b, 0x80, 0x00, 0x01, 0x41, 0x00, 0x00, 0x02, 0x88, 0x88, 0x20, 0x02, 0x88, 0x88, 0x20, 0x00,
    0x00, 0x00, 0x00, 0x6b, 0xbb, 0xbb, 0xb6, 0x8f, 0xbb, 0xbb, 0xb6, 0x8f, 0x00, 0x00, 0x00, 0x8f,
    0x00, 0x00, 0x00, 0x8f, 0x00, 0x00, 0x00, 0x8f, 0x88, 0x88, 0x80, 0x8f, 0xbb, 0xbb, 0xb0, 0x8f,
    0x00, 0x00, 0x00, 0x8f, 0x00, 0x00, 0x00, 0x8f, 0x00, 0x00, 0x00, 0x8f, 0x44, 0x44, 0x42, 0x8f,
    0xff, 0xff, 0xf8, 0x00, 0x6b, 0xbb, 0x80, 0x00, 0x04, 0x88, 0x86, 0x00, 0x00, 0x00, 0x00, 0x00,
    0x00, 0x03, 0x9b, 0xb7, 0x00, 0x03, 0xeb, 0x88, 0xe9, 0x00, 0xbb, 0x00, 0x05, 0xf3, 0x1f, 0x50,
    0x00, 0x0f, 0x84, 0xff, 0xff, 0xff, 0xf8, 0x2f, 0x40, 0x00, 0x00, 0x00, 0xd8, 0x00, 0x00, 0x50,
    0x07, 0xf7, 0x12, 0x9f, 0x20, 0x08, 0xef, 0xfd, 0x50, 0x00, 0x00, 0x43, 0x00, 0x00, 0x00, 0x00,
    0x00, 0x00, 0x03, 0xd1, 0x1d, 0x30, 0x00, 0x8e, 0xe8, 0x00, 0x00, 0x01, 0x10, 0x00, 0x6b, 0xbb,
    0xbb, 0xb6, 0x8f, 0xbb, 0xbb, 0xb6, 0x8f, 0x00, 0x00, 0x00, 0x8f, 0x00, 0x00, 0x00, 0x8f, 0x00,
    0x00, 0x00, 0x8f, 0x88, 0x88, 0x80, 0x8f, 0xbb, 0xbb, 0xb0, 0x8f, 0x00, 0x00, 0x00, 0x8f, 0x00,
    0x00, 0x00, 0x8f, 0x00, 0x00, 0x00, 0x8f, 0x44, 0x44, 0x42, 0x8f, 0xff, 0xff, 0xf8, 0x00, 0x22,
    0x00, 0x40, 0x00, 0x07, 0xa0, 0x5d, 0x00, 0x00, 0x1a, 0xfd, 0x30, 0x00, 0x00, 0x00, 0x00, 0x00,
    0x00, 0x39, 0xbb, 0x70, 0x00, 0x3e, 0xb8, 0x8e, 0x90, 0x0b, 0xb0, 0x00, 0x5f, 0x31, 0xf5, 0x00,
    0x00, 0xf8, 0x4f, 0xff, 0xff, 0xff, 0x82, 0xf4, 0x00, 0x00, 0x00, 0x0d, 0x80, 0x00, 0x05, 0x00,
    0x7f, 0x71, 0x29, 0xf2, 0x00, 0x8e, 0xff, 0xd5, 0x00, 0x00, 0x04, 0x30, 0x00, 0x00, 0x0b, 0xb0,
    0x00, 0x00, 0x0b, 0xb0, 0x00, 0x00, 0x00, 0x00, 0x00, 0x6b, 0xbb, 0xbb, 0xb6, 0x8f, 0xbb, 0xbb,
    0xb6, 0x8f, 0x00, 0x00, 0x00, 0x8f, 0x00, 0x00, 0x00, 0x8f, 0x00, 0x00, 0x00, 0x8f, 0x88, 0x88,
    0x80, 0x8f, 0xbb, 0xbb, 0xb0, 0x8f, 0x00, 0x00, 0x00, 0x8f, 0x00, 0x00, 0x00, 0x8f, 0x00, 0x00,
    0x00, 0x8f, 0x44, 0x44, 0x42, 0x8f, 0xff, 0xff, 0xf8, 0x00, 0x00, 0x00, 0x00, 0x00, 0x00, 0x2e,
    0x80, 0x00, 0x00, 0x02, 0xb6, 0x00, 0x00, 0x00, 0x00, 0x00, 0x00, 0x00, 0x39, 0xbb, 0x70, 0x00,
    0x3e, 0xb8, 0x8e, 0x90, 0x0b, 0xb0, 0x00, 0x5f, 0x31, 0xf5, 0x00, 0x00, 0xf8, 0x4f, 0xff, 0xff,
    0xff, 0x82, 0xf4, 0x00, 0x00, 0x00, 0x0d, 0x80, 0x00, 0x05, 0x00, 0x7f, 0x71, 0x29, 0xf2, 0x00,
    0x8e, 0xff, 0xd5, 0x00, 0x00, 0x04, 0x30, 0x00, 0x6b, 0xbb, 0xbb, 0xb6, 0x08, 0xfb, 0xbb, 0xbb,
    0x60, 0x8f, 0x00, 0x00, 0x00, 0x08, 0xf0, 0x00, 0x00, 0x00, 0x8f, 0x00, 0x00, 0x00, 0x08, 0xf8,
    0x88, 0x88, 0x00, 0x8f, 0xbb, 0xbb, 0xb0, 0x08, 0xf0, 0x00, 0x00, 0x00, 0x8f, 0x00, 0x00, 0x00,
    0x08, 0xf0, 0x00, 0x00, 0x00, 0x8f, 0x44, 0x44, 0x42, 0x08, 0xff, 0xff, 0xff, 0x80, 0x00, 0x00,
    0x08, 0xc2, 0x00, 0x00, 0x02, 0xf4, 0x00, 0x00, 0x00, 0x1e, 0xdb, 0x00, 0x00, 0x00, 0x27, 0x40,
    0x00, 0x39, 0xbb, 0x70, 0x00, 0x3e, 0xb8, 0x8e, 0x90, 0x0b, 0xb0, 0x00, 0x5f, 0x31, 0xf5, 0x00,
    0x00, 0xf8, 0x4f, 0xff, 0xff, 0xff, 0x82, 0xf4, 0x00, 0x00, 0x00, 0x0d, 0x80, 0x00, 0x05, 0x00,
    0x7f, 0x71, 0x29, 0xf3, 0x00, 0x8e, 0xff, 0xfa, 0x00, 0x00, 0x04, 0x9e, 0x10, 0x00, 0x00, 0x0d,
    0x80, 0x00, 0x00, 0x00, 0xbe, 0xc2, 0x00, 0x00, 0x01, 0x65, 0x10, 0x00, 0x00, 0x00, 0x00, 0x03,
    0xe6, 0x6e, 0x30, 0x00, 0x3d, 0xd3, 0x00, 0x00, 0x00, 0x00, 0x00, 0x6b, 0xbb, 0xbb, 0xb6, 0x8f,
    0xbb, 0xbb, 0xb6, 0x8f, 0x00, 0x00, 0x00, 0x8f, 0x00, 0x00, 0x00, 0x8f, 0x00, 0x00, 0x00, 0x8f,
    0x88, 0x88, 0x80, 0x8f, 0xbb, 0xbb, 0xb0, 0x8f, 0x00, 0x00, 0x00, 0x8f, 0x00, 0x00, 0x00, 0x8f,
    0x00, 0x00, 0x00, 0x8f, 0x44, 0x44, 0x42, 0x8f, 0xff, 0xff, 0xf8, 0x00, 0x32, 0x01, 0x41, 0x00,
    0x05, 0xe3, 0xa9, 0x00, 0x00, 0x06, 0xfc, 0x10, 0x00, 0x00, 0x00, 0x00, 0x00, 0x00, 0x39, 0xbb,
    0x70, 0x00, 0x3e, 0xb8, 0x8e, 0x90, 0x0b, 0xb0, 0x00, 0x5f, 0x31, 0xf5, 0x00, 0x00, 0xf8, 0x4f,
    0xff, 0xff, 0xff, 0x82, 0xf4, 0x00, 0x00, 0x00, 0x0d, 0x80, 0x00, 0x05, 0x00, 0x7f, 0x71, 0x29,
    0xf2, 0x00, 0x8e, 0xff, 0xd5, 0x00, 0x00, 0x04, 0x30, 0x00, 0x00, 0x00, 0x00, 0x00, 0x00, 0x00,
    0x00, 0x03, 0xee, 0x40, 0x00, 0x00, 0x01, 0xe6, 0x5e, 0x30, 0x00, 0x00, 0x00, 0x00, 0x00, 0x00,
    0x00, 0x02, 0x8b, 0xb9, 0x40, 0x00, 0x06, 0xee, 0x98, 0xdf, 0x70, 0x02, 0xea, 0x10, 0x00, 0x9f,
    0x40, 0x9e, 0x10, 0x00, 0x00, 0xda, 0x0d, 0x90, 0x00, 0x00, 0x00, 0x00, 0xf8, 0x00, 0x00, 0x00,
    0x00, 0x0f, 0x80, 0x00, 0x6b, 0xbb, 0xb0, 0xf8, 0x00, 0x04, 0x88, 0xbf, 0x0a, 0xc0, 0x00, 0x00,
    0x0a, 0xc0, 0x5f, 0x70, 0x00, 0x03, 0xf8, 0x00, 0x9f, 0x94, 0x48, 0xec, 0x10, 0x00, 0x8d, 0xff,
    0xf9, 0x10, 0x00, 0x00, 0x02, 0x30, 0x00, 0x00, 0x00, 0x00, 0x42, 0x00, 0x00, 0x00, 0x8d, 0xd1,
    0x00, 0x00, 0x6e, 0x18, 0xc1, 0x00, 0x00, 0x00, 0x00, 0x00, 0x00, 0x4a, 0xba, 0x38, 0x60, 0x4f,
    0xb8, 0x8d, 0xc8, 0x0c, 0xb0, 0x00, 0x5f, 0x81, 0xf6, 0x00, 0x00, 0xe8, 0x4f, 0x40, 0x00, 0x0b,
    0x82, 0xf5, 0x00, 0x00, 0xd8, 0x0d, 0xb0, 0x00, 0x4f, 0x80, 0x5f, 0xa8, 0x8d, 0xd8, 0x00, 0x4a,
    0xba, 0x3b, 0x80, 0x00, 0x00, 0x00, 0xc8, 0x07, 0xc1, 0x00, 0x6f, 0x60, 0x3d, 0xeb, 0xcf, 0x90,
    0x00, 0x15, 0x87, 0x30, 0x00, 0x00, 0x00, 0x00, 0x00, 0x00, 0x00, 0x00, 0x2e, 0x11, 0xd3, 0x00,
    0x00, 0x00, 0x8f, 0xe9, 0x00, 0x00, 0x00, 0x00, 0x01, 0x00, 0x00, 0x00, 0x02, 0x8b, 0xb9, 0x40,
    0x00, 0x06, 0xee, 0x98, 0xdf, 0x70, 0x02, 0xea, 0x10, 0x00, 0x9f, 0x40, 0x9e, 0x10, 0x00, 0x00,
    0xda, 0x0d, 0x90, 0x00, 0x00, 0x00, 0x00, 0xf8, 0x00, 0x00, 0x00, 0x00, 0x0f, 0x80, 0x00, 0x6b,
    0xbb, 0xb0, 0xf8, 0x00, 0x04, 0x88, 0xbf, 0x0a, 0xc0, 0x00, 0x00, 0x0a, 0xc0, 0x5f, 0x70, 0x00,
    0x03, 0xf8, 0x00, 0x9f, 0x94, 0x48, 0xec, 0x10, 0x00, 0x8d, 0xff, 0xf9, 0x10, 0x00, 0x00, 0x02,
    0x30, 0x00, 0x00, 0x00, 0x22, 0x00, 0x40, 0x00, 0x07, 0xa0, 0x4d, 0x00, 0x00, 0x0a, 0xfd, 0x30,
    0x00, 0x00, 0x00, 0x00, 0x00, 0x00, 0x4a, 0xba, 0x38, 0x60, 0x4f, 0xb8, 0x8d, 0xc8, 0x0c, 0xb0,
    0x00, 0x5f, 0x81, 0xf6, 0x00, 0x00, 0xe8, 0x4f, 0x40, 0x00, 0x0b, 0x82, 0xf5, 0x00, 0x00, 0xd8,
    0x0d, 0xb0, 0x00, 0x4f, 0x80, 0x5f, 0xa8, 0x8d, 0xd8, 0x00, 0x4a, 0xba, 0x3b, 0x80, 0x00, 0x00,
    0x00, 0xc8, 0x07, 0xc1, 0x00, 0x6f, 0x60, 0x3d, 0xeb, 0xcf, 0x90, 0x00, 0x15, 0x87, 0x30, 0x00,
    0x00, 0x00, 0x0a, 0xc0, 0x00, 0x00, 0x00, 0x00, 0xac, 0x00, 0x00, 0x00, 0x00, 0x00, 0x00, 0x00,
    0x00, 0x00, 0x28, 0xbb, 0x94, 0x00, 0x00, 0x6e, 0xe9, 0x8d, 0xf7, 0x00, 0x2e, 0xa1, 0x00, 0x09,
    0xf4, 0x09, 0xe1, 0x00, 0x00, 0x0d, 0xa0, 0xd9, 0x00, 0x00, 0x00, 0x00, 0x0f, 0x80, 0x00, 0x00,
    0x00, 0x00, 0xf8, 0x00, 0x06, 0xbb, 0xbb, 0x0f, 0x80, 0x00, 0x48, 0x8b, 0xf0, 0xac, 0x00, 0x00,
    0x00, 0xac, 0x05, 0xf7, 0x00, 0x00, 0x3f, 0x80, 0x09, 0xf9, 0x44, 0x8e, 0xc1, 0x00, 0x08, 0xdf,
    0xff, 0x91, 0x00, 0x00, 0x00, 0x23, 0x00, 0x00, 0x00, 0x00, 0x00, 0x00, 0x00, 0x00, 0x2e, 0x80,
    0x00, 0x00, 0x01, 0xb6, 0x00, 0x00, 0x00, 0x00, 0x00, 0x00, 0x00, 0x4a, 0xba, 0x38, 0x60, 0x4f,
    0xb8, 0x8d, 0xc8, 0x0c, 0xb0, 0x00, 0x5f, 0x81, 0xf6, 0x00, 0x00, 0xe8, 0x4f, 0x40, 0x00, 0x0b,
    0x82, 0xf5, 0x00, 0x00, 0xd8, 0x0d, 0xb0, 0x00, 0x4f, 0x80, 0x5f, 0xa8, 0x8d, 0xd8, 0x00, 0x4a,
    0xba, 0x3b, 0x80, 0x00, 0x00, 0x00, 0xc8, 0x07, 0xc1, 0x00, 0x6f, 0x60, 0x3d, 0xeb, 0xcf, 0x90,
    0x00, 0x15, 0x87, 0x30, 0x00, 0x00, 0x02, 0x8b, 0xb9, 0x40, 0x00, 0x06, 0xee, 0x98, 0xdf, 0x70,
    0x02, 0xea, 0x10, 0x00, 0x9f, 0x40, 0x9e, 0x10, 0x00, 0x00, 0xda, 0x0d, 0x90, 0x00, 0x00, 0x00,
    0x00, 0xf8, 0x00, 0x00, 0x00, 0x00, 0x0f, 0x80, 0x00, 0x6b, 0xbb, 0xb0, 0xf8, 0x00, 0x04, 0x88,
    0xbf, 0x0a, 0xc0, 0x00, 0x00, 0x0a, 0xc0, 0x5f, 0x70, 0x00, 0x03, 0xf8, 0x00, 0x9f, 0x94, 0x48,
    0xec, 0x10, 0x00, 0x8d, 0xff, 0xf9, 0x10, 0x00, 0x00, 0x02, 0x30, 0x00, 0x00, 0x00, 0x00, 0xc8,
    0x00, 0x00, 0x00, 0x00, 0x0f, 0x30, 0x00, 0x00, 0x00, 0x03, 0xa0, 0x00, 0x00, 0x00, 0x00, 0x39,
    0x00, 0x00, 0x00, 0x0a, 0x80, 0x00, 0x00, 0x00, 0xf4, 0x00, 0x00, 0x00, 0x04, 0x10, 0x00, 0x00,
    0x4a, 0xba, 0x38, 0x60, 0x4f, 0xb8, 0x8d, 0xc8, 0x0c, 0xb0, 0x00, 0x5f, 0x81, 0xf6, 0x00, 0x00,
    0xe8, 0x4f, 0x40, 0x00, 0x0b, 0x82, 0xf5, 0x00, 0x00, 0xd8, 0x0d, 0xb0, 0x00, 0x4f, 0x80, 0x5f,
    0xa8, 0x8d, 0xd8, 0x00, 0x4a, 0xba, 0x3b, 0x80, 0x00, 0x00, 0x00, 0xc8, 0x07, 0xc1, 0x00, 0x6f,
    0x60, 0x3d, 0xeb, 0xcf, 0x90, 0x00, 0x15, 0x87, 0x30, 0x00, 0x00, 0x00, 0x00, 0x00, 0x00, 0x00,
    0x04, 0xee, 0x30, 0x00, 0x00, 0x3e, 0x56, 0xe1, 0x00, 0x00, 0x00, 0x00, 0x00, 0x00, 0x6b, 0x00,
    0x00, 0x00, 0xb6, 0x8f, 0x00, 0x00, 0x00, 0xf8, 0x8f, 0x00, 0x00, 0x00, 0xf8, 0x8f, 0x00, 0x00,
    0x00, 0xf8, 0x8f, 0x00, 0x00, 0x00, 0xf8, 0x8f, 0x88, 0x88, 0x88, 0xf8, 0x8f, 0xbb, 0xbb, 0xbb,
    0xf8, 0x8f, 0x00, 0x00, 0x00, 0xf8, 0x8f, 0x00, 0x00, 0x00, 0xf8, 0x8f, 0x00, 0x00, 0x00, 0xf8,
    0x8f, 0x00, 0x00, 0x00, 0xf8, 0x8f, 0x00, 0x00, 0x00, 0xf8, 0x00, 0x00, 0x00, 0x00, 0x00, 0x04,
    0xee, 0x30, 0x00, 0x00, 0x3e, 0x56, 0xe1, 0x00, 0x00, 0x00, 0x00, 0x00, 0x00, 0x00, 0x00, 0x88,
    0x00, 0x00, 0x00, 0x00, 0xbb, 0x00, 0x00, 0x00, 0x00, 0xbb, 0x00, 0x00, 0x00, 0x00, 0xbb, 0x5b,
    0xb9, 0x10, 0x00, 0xbe, 0xc8, 0x8e, 0xb0, 0x00, 0xbd, 0x10, 0x06, 0xf2, 0x00, 0xbb, 0x00, 0x04,
    0xf4, 0x00, 0xbb, 0x00, 0x04, 0xf4, 0x00, 0xbb, 0x00, 0x04, 0xf4, 0x00, 0xbb, 0x00, 0x04, 0xf4,
    0x00, 0xbb, 0x00, 0x04, 0xf4, 0x00, 0xbb, 0x00, 0x04, 0xf4, 0x03, 0xb3, 0x00, 0x00, 0x08, 0x80,
    0x04, 0xf4, 0x00, 0x00, 0x0b, 0xb0, 0x17, 0xf7, 0x44, 0x44, 0x4c, 0xc3, 0x4f, 0xff, 0xff, 0xff,
    0xff, 0xfb, 0x04, 0xf4, 0x00, 0x00, 0x0b, 0xb0, 0x04, 0xf9, 0x88, 0x88, 0x8d, 0xb0, 0x04, 0xfc,
    0xbb, 0xbb, 0xbe, 0xb0, 0x04, 0xf4, 0x00, 0x00, 0x0b, 0xb0, 0x04, 0xf4, 0x00, 0x00, 0x0b, 0xb0,
    0x04, 0xf4, 0x00, 0x00, 0x0b, 0xb0, 0x04, 0xf4, 0x00, 0x00, 0x0b, 0xb0, 0x04, 0xf4, 0x00, 0x00,
    0x0b, 0xb0, 0x08, 0x80, 0x00, 0x00, 0x0b, 0xee, 0xbb, 0x00, 0x00, 0x4c, 0xc4, 0x40, 0x00, 0x00,
    0xbb, 0x5b, 0xb9, 0x10, 0x0b, 0xec, 0x88, 0xeb, 0x00, 0xbd, 0x10, 0x06, 0xf2, 0x0b, 0xb0, 0x00,
    0x4f, 0x40, 0xbb, 0x00, 0x04, 0xf4, 0x0b, 0xb0, 0x00, 0x4f, 0x40, 0xbb, 0x00, 0x04, 0xf4, 0x0b,
    0xb0, 0x00, 0x4f, 0x40, 0xbb, 0x00, 0x04, 0xf4, 0x08, 0xb6, 0x85, 0x0b, 0x5a, 0xa1, 0x00, 0x00,
    0x00, 0x00, 0x6b, 0x00, 0x00, 0x8f, 0x00, 0x00, 0x8f, 0x00, 0x00, 0x8f, 0x00, 0x00, 0x8f, 0x00,
    0x00, 0x8f, 0x00, 0x00, 0x8f, 0x00, 0x00, 0x8f, 0x00, 0x00, 0x8f, 0x00, 0x00, 0x8f, 0x00, 0x00,
    0x8f, 0x00, 0x00, 0x8f, 0x00, 0x1c, 0xc5, 0xd3, 0x39, 0x4a, 0x80, 0x00, 0x00, 0x00, 0x00, 0x88,
    0x00, 0x00, 0xbb, 0x00, 0x00, 0xbb, 0x00, 0x00, 0xbb, 0x00, 0x00, 0xbb, 0x00, 0x00, 0xbb, 0x00,
    0x00, 0xbb, 0x00, 0x00, 0xbb, 0x00, 0x00, 0xbb, 0x00, 0x08, 0x88, 0x82, 0x08, 0x88, 0x82, 0x00,
    0x00, 0x00, 0x00, 0x6b, 0x00, 0x00, 0x8f, 0x00, 0x00, 0x8f, 0x00, 0x00, 0x8f, 0x00, 0x00, 0x8f,
    0x00, 0x00, 0x8f, 0x00, 0x00, 0x8f, 0x00, 0x00, 0x8f, 0x00, 0x00, 0x8f, 0x00, 0x00, 0x8f, 0x00,
    0x00, 0x8f, 0x00, 0x00, 0x8f, 0x00, 0x3b, 0xbb, 0xb0, 0x28, 0x88, 0x80, 0x00, 0x00, 0x00, 0x00,
    0x88, 0x00, 0x00, 0xbb, 0x00, 0x00, 0xbb, 0x00, 0x00, 0xbb, 0x00, 0x00, 0xbb, 0x00, 0x00, 0xbb,
    0x00, 0x00, 0xbb, 0x00, 0x00, 0xbb, 0x00, 0x00, 0xbb, 0x00, 0x00, 0x00, 0x00, 0x0f, 0x10, 0xc5,
    0x06, 0xfe, 0x90, 0x00, 0x01, 0x00, 0x00, 0x6b, 0x00, 0x00, 0x8f, 0x00, 0x00, 0x8f, 0x00, 0x00,
    0x8f, 0x00, 0x00, 0x8f, 0x00, 0x00, 0x8f, 0x00, 0x00, 0x8f, 0x00, 0x00, 0x8f, 0x00, 0x00, 0x8f,
    0x00, 0x00, 0x8f, 0x00, 0x00, 0x8f, 0x00, 0x00, 0x8f, 0x00, 0x13, 0x00, 0x31, 0x3d, 0x12, 0xe2,
    0x08, 0xfe, 0x60, 0x00, 0x00, 0x00, 0x00, 0x88, 0x00, 0x00, 0xbb, 0x00, 0x00, 0xbb, 0x00, 0x00,
    0xbb, 0x00, 0x00, 0xbb, 0x00, 0x00, 0xbb, 0x00, 0x00, 0xbb, 0x00, 0x00, 0xbb, 0x00, 0x00, 0xbb,
    0x00, 0x06, 0xb0, 0x08, 0xf0, 0x08, 0xf0, 0x08, 0xf0, 0x08, 0xf0, 0x08, 0xf0, 0x08, 0xf0, 0x08,
    0xf0, 0x08, 0xf0, 0x08, 0xf0, 0x08, 0xf0, 0x08, 0xf0, 0x3d, 0x50, 0xb8, 0x00, 0xae, 0xc2, 0x16,
    0x61, 0x00, 0x00, 0x00, 0x0c, 0xc0, 0x00, 0xa8, 0x00, 0x00, 0x00, 0x00, 0x88, 0x00, 0x0b, 0xb0,
    0x00, 0xbb, 0x00, 0x0b, 0xb0, 0x00, 0xbb, 0x00, 0x0b, 0xb0, 0x00, 0xbb, 0x00, 0x0b, 0xb0, 0x00,
    0xbb, 0x00, 0x6c, 0x30, 0x0f, 0x50, 0x00, 0xed, 0xb0, 0x02, 0x75, 0x00, 0x8d, 0x08, 0xc0, 0x00,
    0x06, 0xb0, 0x8f, 0x08, 0xf0, 0x8f, 0x08, 0xf0, 0x8f, 0x08, 0xf0, 0x8f, 0x08, 0xf0, 0x8f, 0x08,
    0xf0, 0x8f, 0x00, 0x88, 0xbb, 0xbb, 0xbb, 0xbb, 0xbb, 0xbb, 0xbb, 0xbb, 0x6b, 0x00, 0x00, 0x00,
    0x06, 0xb0, 0x8f, 0x00, 0x00, 0x00, 0x08, 0xf0, 0x8f, 0x00, 0x00, 0x00, 0x08, 0xf0, 0x8f, 0x00,
    0x00, 0x00, 0x08, 0xf0, 0x8f, 0x00, 0x00, 0x00, 0x08, 0xf0, 0x8f, 0x00, 0x00, 0x00, 0x08, 0xf0,
    0x8f, 0x00, 0x00, 0x00, 0x08, 0xf0, 0x8f, 0x00, 0x00, 0x00, 0x08, 0xf0, 0x8f, 0x00, 0xf8, 0x00,
    0x08, 0xf0, 0x8f, 0x00, 0xca, 0x00, 0x08, 0xe0, 0x8f, 0x00, 0x8f, 0x74, 0x6e, 0x90, 0x8f, 0x00,
    0x08, 0xff, 0xf9, 0x10, 0x00, 0x00, 0x00, 0x04, 0x00, 0x00, 0x00, 0x00, 0x00, 0x00, 0xcc, 0x01,
    0xe8, 0x0a, 0x80, 0x1a, 0x80, 0x00, 0x00, 0x00, 0x08, 0x80, 0x0b, 0x60, 0xbb, 0x00, 0xf8, 0x0b,
    0xb0, 0x0f, 0x80, 0xbb, 0x00, 0xf8, 0x0b, 0xb0, 0x0f, 0x80, 0xbb, 0x00, 0xf8, 0x0b, 0xb0, 0x0f,
    0x80, 0xbb, 0x00, 0xf8, 0x0b, 0xb0, 0x0f, 0x80, 0x00, 0x00, 0xf8, 0x00, 0x00, 0x3f, 0x70, 0x00,
    0x4f, 0xc1, 0x00, 0x01, 0x40, 0x00, 0x00, 0x00, 0x00, 0x00, 0x00, 0x00, 0x00, 0x03, 0xde, 0x30,
    0x00, 0x00, 0x3e, 0x66, 0xe2, 0x00, 0x00, 0x00, 0x00, 0x00, 0x00, 0x00, 0x00, 0x88, 0x00, 0x00,
    0x00, 0x00, 0xbb, 0x00, 0x00, 0x00, 0x00, 0xbb, 0x00, 0x00, 0x00, 0x00, 0xbb, 0x00, 0x00, 0x00,
    0x00, 0xbb, 0x00, 0x00, 0x00, 0x00, 0xbb, 0x00, 0x00, 0x00, 0x00, 0xbb, 0x00, 0x00, 0x00, 0x00,
    0xbb, 0x00, 0x4f, 0x40, 0x00, 0xbb, 0x00, 0x2f, 0x60, 0x00, 0xda, 0x00, 0x0c, 0xe5, 0x49, 0xf5,
    0x00, 0x01, 0xbf, 0xfe, 0x70, 0x00, 0x00, 0x01, 0x30, 0x00, 0x00, 0x00, 0x33, 0x00, 0x06, 0xed,
    0x30, 0x3f, 0x36, 0xe3, 0x00, 0x00, 0x00, 0x00, 0x88, 0x00, 0x00, 0xbb, 0x00, 0x00, 0xbb, 0x00,
    0x00, 0xbb, 0x00, 0x00, 0xbb, 0x00, 0x00, 0xbb, 0x00, 0x00, 0xbb, 0x00, 0x00, 0xbb, 0x00, 0x00,
    0xbb, 0x00, 0x00, 0xbb, 0x00, 0x02, 0xe8, 0x00, 0x4f, 0xe2, 0x00, 0x14, 0x00, 0x00, 0x6b, 0x00,
    0x00, 0x1a, 0xa1, 0x8f, 0x00, 0x00, 0x9f, 0x30, 0x8f, 0x00, 0x09, 0xf6, 0x00, 0x8f, 0x00, 0x9f,
    0x60, 0x00, 0x8f, 0x07, 0xf6, 0x00, 0x00, 0x8e, 0x6f, 0xb0, 0x00, 0x00, 0x8d, 0xea, 0xf6, 0x00,
    0x00, 0x8f, 0x90, 0xae, 0x20, 0x00, 0x8f, 0x00, 0x1d, 0xc0, 0x00, 0x8f, 0x00, 0x04, 0xf8, 0x00,
    0x8f, 0x00, 0x00, 0x8f, 0x40, 0x8f, 0x00, 0x00, 0x0c, 0xd1, 0x00, 0x00, 0x00, 0x00, 0x00, 0x00,
    0x06, 0xf1, 0x00, 0x00, 0x00, 0x08, 0xa0, 0x00, 0x00, 0x00, 0x08, 0x40, 0x00, 0x00, 0x88, 0x00,
    0x00, 0x00, 0xbb, 0x00, 0x00, 0x00, 0xbb, 0x00, 0x00, 0x00, 0xbb, 0x00, 0x08, 0xa1, 0xbb, 0x00,
    0x9e, 0x30, 0xbb, 0x09, 0xe3, 0x00, 0xbb, 0x9e, 0x30, 0x00, 0xbf, 0xfe, 0x10, 0x00, 0xbd, 0x2e,
    0xc0, 0x00, 0xbb, 0x03, 0xf9, 0x00, 0xbb, 0x00, 0x6f, 0x60, 0xbb, 0x00, 0x09, 0xe3, 0x00, 0x00,
    0x00, 0x00, 0x00, 0x5f, 0x10, 0x00, 0x00, 0x8a, 0x00, 0x00, 0x00, 0x85, 0x00, 0x00, 0x88, 0x00,
    0x08, 0xa0, 0xbb, 0x00, 0x8e, 0x30, 0xbb, 0x05, 0xf5, 0x00, 0xbb, 0x3e, 0x60, 0x00, 0xbe, 0xeb,
    0x00, 0x00, 0xbc, 0x8e, 0x30, 0x00, 0xbb, 0x09, 0xe1, 0x00, 0xbb, 0x01, 0xcc, 0x10, 0xbb, 0x00,
    0x1e, 0xa0, 0x00, 0x00, 0x00, 0x00, 0x09, 0xc0, 0x00, 0x00, 0x2f, 0x30, 0x00, 0x00, 0x23, 0x00,
    0x00, 0x00, 0x6b, 0x00, 0x00, 0x00, 0x8f, 0x00, 0x00, 0x00, 0x8f, 0x00, 0x00, 0x00, 0x8f, 0x00,
    0x00, 0x00, 0x8f, 0x00, 0x00, 0x00, 0x8f, 0x00, 0x00, 0x00, 0x8f, 0x00, 0x00, 0x00, 0x8f, 0x00,
    0x00, 0x00, 0x8f, 0x00, 0x00, 0x00, 0x8f, 0x00, 0x00, 0x00, 0x8f, 0x44, 0x44, 0x41, 0x8f, 0xff,
    0xff, 0xf4, 0x00, 0x00, 0xd8, 0x6d, 0x13, 0x20, 0x88, 0x0b, 0xb0, 0xbb, 0x0b, 0xb0, 0xbb, 0x0b,
    0xb0, 0xbb, 0x0b, 0xb0, 0xbb, 0x0b, 0xb0, 0xbb, 0x0b, 0xb0, 0x6b, 0x00, 0x00, 0x00, 0x8f, 0x00,
    0x00, 0x00, 0x8f, 0x00, 0x00, 0x00, 0x8f, 0x00, 0x00, 0x00, 0x8f, 0x00, 0x00, 0x00, 0x8f, 0x00,
    0x00, 0x00, 0x8f, 0x00, 0x00, 0x00, 0x8f, 0x00, 0x00, 0x00, 0x8f, 0x00, 0x00, 0x00, 0x8f, 0x00,
    0x00, 0x00, 0x8f, 0x44, 0x44, 0x41, 0x8f, 0xff, 0xff, 0xf4, 0x00, 0x00, 0x00, 0x00, 0x00, 0x0f,
    0x60, 0x00, 0x00, 0x4f, 0x10, 0x00, 0x00, 0x58, 0x00, 0x00, 0x08, 0x80, 0xbb, 0x0b, 0xb0, 0xbb,
    0x0b, 0xb0, 0xbb, 0x0b, 0xb0, 0xbb, 0x0b, 0xb0, 0xbb, 0x0b, 0xb0, 0xbb, 0x00, 0x00, 0xe7, 0x2f,
    0x24, 0x90, 0x00, 0x01, 0x41, 0x00, 0x6b, 0x04, 0xf3, 0x00, 0x8f, 0x04, 0xf0, 0x00, 0x8f, 0x03,
    0xb0, 0x00, 0x8f, 0x00, 0x00, 0x00, 0x8f, 0x00, 0x00, 0x00, 0x8f, 0x00, 0x00, 0x00, 0x8f, 0x00,
    0x00, 0x00, 0x8f, 0x00, 0x00, 0x00, 0x8f, 0x00, 0x00, 0x00, 0x8f, 0x00, 0x00, 0x00, 0x8f, 0x44,
    0x44, 0x41, 0x8f, 0xff, 0xff, 0xf4, 0x00, 0x14, 0x18, 0x84, 0xf0, 0xbb, 0x4f, 0x0b, 0xb3, 0x80,
    0xbb, 0x00, 0x0b, 0xb0, 0x00, 0xbb, 0x00, 0x0b, 0xb0, 0x00, 0xbb, 0x00, 0x0b, 0xb0, 0x00, 0xbb,
    0x00, 0x0b, 0xb0, 0x00, 0xbb, 0x00, 0x00, 0x6b, 0x00, 0x00, 0x00, 0x8f, 0x00, 0x00, 0x00, 0x8f,
    0x00, 0x00, 0x00, 0x8f, 0x00, 0x00, 0x00, 0x8f, 0x01, 0x83, 0x00, 0x8f, 0x07, 0xf7, 0x00, 0x8f,
    0x00, 0x40, 0x00, 0x8f, 0x00, 0x00, 0x00, 0x8f, 0x00, 0x00, 0x00, 0x8f, 0x00, 0x00, 0x00, 0x8f,
    0x44, 0x44, 0x41, 0x8f, 0xff, 0xff, 0xf4, 0x88, 0x00, 0x0b, 0xb0, 0x00, 0xbb, 0x00, 0x0b, 0xb0,
    0x00, 0xbb, 0x00, 0x0b, 0xb2, 0xb7, 0xbb, 0x3f, 0xab, 0xb0, 0x31, 0xbb, 0x00, 0x0b, 0xb0, 0x00,
    0xbb, 0x00, 0x0b, 0xb0, 0x00, 0x03, 0xb3, 0x00, 0x00, 0x00, 0x4f, 0x40, 0x00, 0x00, 0x04, 0xf4,
    0x00, 0x00, 0x00, 0x4f, 0x40, 0x73, 0x00, 0x04, 0xf8, 0xce, 0x30, 0x00, 0x5f, 0xf9, 0x20, 0x00,
    0x5f, 0xf6, 0x00, 0x00, 0x06, 0x8f, 0x40, 0x00, 0x00, 0x04, 0xf4, 0x00, 0x00, 0x00, 0x4f, 0x40,
    0x00, 0x00, 0x04, 0xf7, 0x44, 0x44, 0x30, 0x4f, 0xff, 0xff, 0xfb, 0x00, 0x88, 0x00, 0x0b, 0xb0,
    0x00, 0xbb, 0x00, 0x0b, 0xc8, 0x00, 0xcf, 0xb0, 0xbf, 0xb0, 0x08, 0xbb, 0x00, 0x0b, 0xb0, 0x00,
    0xbb, 0x00, 0x0b, 0xb0, 0x00, 0xbb, 0x00, 0x0b, 0xb0, 0x00, 0x00, 0x00, 0x00, 0x00, 0x00, 0x00,
    0x0b, 0xa0, 0x00, 0x00, 0x00, 0x4e, 0x10, 0x00, 0x00, 0x00, 0x22, 0x00, 0x00, 0x6b, 0x40, 0x00,
    0x00, 0x88, 0x8f, 0xd0, 0x00, 0x00, 0xbb, 0x8c, 0xe8, 0x00, 0x00, 0xbb, 0x8b, 0x8f, 0x30, 0x00,
    0xbb, 0x8d, 0x0d, 0xb0, 0x00, 0xbb, 0x8f, 0x04, 0xf7, 0x00, 0xbb, 0x8f, 0x00, 0x9e, 0x20, 0xbb,
    0x8f, 0x00, 0x1e, 0xa0, 0xbb, 0x8f, 0x00, 0x05, 0xf5, 0xbb, 0x8f, 0x00, 0x00, 0xbd, 0xbb, 0x8f,
    0x00, 0x00, 0x2e, 0xfb, 0x8f, 0x00, 0x00, 0x07, 0xfb, 0x00, 0x00, 0x33, 0x00, 0x00, 0x02, 0xf5,
    0x00, 0x00, 0x09, 0xa0, 0x00, 0x00, 0x00, 0x00, 0x00, 0x86, 0x5b, 0xb9, 0x10, 0xbb, 0xc8, 0x8e,
    0xb0, 0xbd, 0x10, 0x06, 0xf2, 0xbb, 0x00, 0x04, 0xf4, 0xbb, 0x00, 0x04, 0xf4, 0xbb, 0x00, 0x04,
    0xf4, 0xbb, 0x00, 0x04, 0xf4, 0xbb, 0x00, 0x04, 0xf4, 0xbb, 0x00, 0x04, 0xf4, 0x6b, 0x40, 0x00,
    0x00, 0x88, 0x8f, 0xd0, 0x00, 0x00, 0xbb, 0x8c, 0xe8, 0x00, 0x00, 0xbb, 0x8b, 0x8f, 0x30, 0x00,
    0xbb, 0x8d, 0x0d, 0xb0, 0x00, 0xbb, 0x8f, 0x04, 0xf7, 0x00, 0xbb, 0x8f, 0x00, 0x9e, 0x20, 0xbb,
    0x8f, 0x00, 0x1e, 0xa0, 0xbb, 0x8f, 0x00, 0x05, 0xf5, 0xbb, 0x8f, 0x00, 0x00, 0xbd, 0xbb, 0x8f,
    0x00, 0x00, 0x2e, 0xfb, 0x8f, 0x00, 0x00, 0x07, 0xfb, 0x00, 0x00, 0x00, 0x00, 0x00, 0x00, 0x00,
    0xc8, 0x00, 0x00, 0x00, 0x01, 0xf3, 0x00, 0x00, 0x00, 0x03, 0xa0, 0x00, 0x00, 0x86, 0x5b, 0xb9,
    0x10, 0xbb, 0xc8, 0x8e, 0xb0, 0xbd, 0x10, 0x06, 0xf2, 0xbb, 0x00, 0x04, 0xf4, 0xbb, 0x00, 0x04,
    0xf4, 0xbb, 0x00, 0x04, 0xf4, 0xbb, 0x00, 0x04, 0xf4, 0xbb, 0x00, 0x04, 0xf4, 0xbb, 0x00, 0x04,
    0xf4, 0x00, 0x00, 0x00, 0x00, 0x00, 0x2f, 0x30, 0x00, 0x00, 0x6d, 0x00, 0x00, 0x00, 0x67, 0x00,
    0x00, 0x00, 0x00, 0x00, 0x00, 0x00, 0x00, 0x2e, 0x66, 0xe3, 0x00, 0x00, 0x03, 0xed, 0x30, 0x00,
    0x00, 0x00, 0x00, 0x00, 0x00, 0x6b, 0x40, 0x00, 0x00, 0x88, 0x8f, 0xd0, 0x00, 0x00, 0xbb, 0x8c,
    0xe8, 0x00, 0x00, 0xbb, 0x8b, 0x8f, 0x30, 0x00, 0xbb, 0x8d, 0x0d, 0xb0, 0x00, 0xbb, 0x8f, 0x04,
    0xf7, 0x00, 0xbb, 0x8f, 0x00, 0x9e, 0x20, 0xbb, 0x8f, 0x00, 0x1e, 0xa0, 0xbb, 0x8f, 0x00, 0x05,
    0xf5, 0xbb, 0x8f, 0x00, 0x00, 0xbd, 0xbb, 0x8f, 0x00, 0x00, 0x2e, 0xfb, 0x8f, 0x00, 0x00, 0x07,
    0xfb, 0x03, 0x30, 0x14, 0x10, 0x04, 0xe3, 0xa9, 0x00, 0x00, 0x6f, 0xc1, 0x00, 0x00, 0x00, 0x00,
    0x00, 0x86, 0x5b, 0xb9, 0x10, 0xbb, 0xc8, 0x8e, 0xb0, 0xbd, 0x10, 0x06, 0xf2, 0xbb, 0x00, 0x04,
    0xf4, 0xbb, 0x00, 0x04, 0xf4, 0xbb, 0x00, 0x04, 0xf4, 0xbb, 0x00, 0x04, 0xf4, 0xbb, 0x00, 0x04,
    0xf4, 0xbb, 0x00, 0x04, 0xf4, 0x00, 0x9a, 0x00, 0x00, 0x00, 0x07, 0xf4, 0x00, 0x00, 0x00, 0x1a,
    0x80, 0x00, 0x00, 0x00, 0x00, 0x00, 0x00, 0x00, 0x00, 0x00, 0x6b, 0x4d, 0xfa, 0x30, 0x00, 0x8f,
    0xb8, 0x8e, 0xd0, 0x00, 0x8f, 0x20, 0x08, 0xf3, 0x00, 0x8f, 0x00, 0x04, 0xf4, 0x00, 0x8f, 0x00,
    0x04, 0xf4, 0x00, 0x8f, 0x00, 0x04, 0xf4, 0x00, 0x8f, 0x00, 0x04, 0xf4, 0x00, 0x8f, 0x00, 0x04,
    0xf4, 0x00, 0x8f, 0x00, 0x04, 0xf4, 0x6b, 0x40, 0x00, 0x00, 0x88, 0x8f, 0xd0, 0x00, 0x00, 0xbb,
    0x8c, 0xe8, 0x00, 0x00, 0xbb, 0x8b, 0x8f, 0x30, 0x00, 0xbb, 0x8d, 0x0d, 0xb0, 0x00, 0xbb, 0x8f,
    0x04, 0xf7, 0x00, 0xbb, 0x8f, 0x00, 0x9e, 0x20, 0xbb, 0x8f, 0x00, 0x1e, 0xa0, 0xbb, 0x8f, 0x00,
    0x05, 0xf5, 0xbb, 0x8f, 0x00, 0x00, 0xbd, 0xbb, 0x8f, 0x00, 0x00, 0x2e, 0xfb, 0x8f, 0x00, 0x00,
    0x07, 0xfb, 0x00, 0x00, 0x00, 0x00, 0xbb, 0x00, 0x00, 0x00, 0x00, 0xcb, 0x00, 0x00, 0x00, 0x4f,
    0xf5, 0x00, 0x00, 0x00, 0x14, 0x30, 0x86, 0x5b, 0xb9, 0x10, 0xbb, 0xc8, 0x8e, 0xb0, 0xbd, 0x10,
    0x06, 0xf2, 0xbb, 0x00, 0x04, 0xf4, 0xbb, 0x00, 0x04, 0xf4, 0xbb, 0x00, 0x04, 0xf4, 0xbb, 0x00,
    0x04, 0xf4, 0xbb, 0x00, 0x04, 0xf4, 0xbb, 0x00, 0x04, 0xf4, 0x00, 0x00, 0x04, 0xf4, 0x00, 0x00,
    0x05, 0xf4, 0x00, 0x00, 0xbf, 0xc0, 0x00, 0x00, 0x34, 0x10, 0x00, 0x00, 0x88, 0x88, 0x20, 0x00,
    0x00, 0x00, 0x88, 0x88, 0x20, 0x00, 0x00, 0x00, 0x00, 0x00, 0x00, 0x00, 0x00, 0x02, 0x8b, 0xb9,
    0x40, 0x00, 0x00, 0x6e, 0xe9, 0x8d, 0xf8, 0x00, 0x02, 0xea, 0x10, 0x00, 0x8f, 0x50, 0x09, 0xe1,
    0x00, 0x00, 0x0b, 0xd0, 0x0d, 0x90, 0x00, 0x00, 0x06, 0xf2, 0x0f, 0x80, 0x00, 0x00, 0x04, 0xf4,
    0x0f, 0x80, 0x00, 0x00, 0x04, 0xf4, 0x0f, 0x80, 0x00, 0x00, 0x04, 0xf3, 0x0a, 0xc0, 0x00, 0x00,
    0x09, 0xe0, 0x04, 0xf7, 0x00, 0x00, 0x3f, 0x80, 0x00, 0x9f, 0x94, 0x48, 0xec, 0x10, 0x00, 0x07,
    0xdf, 0xfe, 0x81, 0x00, 0x00, 0x00, 0x02, 0x30, 0x00, 0x00, 0x00, 0x6b, 0xbb, 0xb0, 0x00, 0x04,
    0x88, 0x88, 0x00, 0x00, 0x00, 0x00, 0x00, 0x00, 0x03, 0x9b, 0xb8, 0x00, 0x03, 0xeb, 0x88, 0xeb,
    0x00, 0xbc, 0x00, 0x03, 0xf6, 0x1f, 0x60, 0x00, 0x0c, 0xa4, 0xf4, 0x00, 0x00, 0xbb, 0x2f, 0x50,
    0x00, 0x0b, 0xb0, 0xd9, 0x00, 0x01, 0xe7, 0x07, 0xf7, 0x13, 0xce, 0x10, 0x08, 0xef, 0xfd, 0x30,
    0x00, 0x00, 0x42, 0x00, 0x00, 0x00, 0x00, 0x00, 0x00, 0x00, 0x00, 0x00, 0x01, 0xf1, 0x0c, 0x50,
    0x00, 0x00, 0x00, 0x6f, 0xe9, 0x00, 0x00, 0x00, 0x00, 0x00, 0x10, 0x00, 0x00, 0x00, 0x02, 0x8b,
    0xb9, 0x40, 0x00, 0x00, 0x6e, 0xe9, 0x8d, 0xf8, 0x00, 0x02, 0xea, 0x10, 0x00, 0x8f, 0x50, 0x09,
    0xe1, 0x00, 0x00, 0x0b, 0xd0, 0x0d, 0x90, 0x00, 0x00, 0x06, 0xf2, 0x0f, 0x80, 0x00, 0x00, 0x04,
    0xf4, 0x0f, 0x80, 0x00, 0x00, 0x04, 0xf4, 0x0f, 0x80, 0x00, 0x00, 0x04, 0xf3, 0x0a, 0xc0, 0x00,
    0x00, 0x09, 0xe0, 0x04, 0xf7, 0x00, 0x00, 0x3f, 0x80, 0x00, 0x9f, 0x94, 0x48, 0xec, 0x10, 0x00,
    0x07, 0xdf, 0xfe, 0x81, 0x00, 0x00, 0x00, 0x02, 0x30, 0x00, 0x00, 0x00, 0x22, 0x00, 0x40, 0x00,
    0x06, 0xb1, 0x3e, 0x00, 0x00, 0x08, 0xfe, 0x50, 0x00, 0x00, 0x00, 0x00, 0x00, 0x00, 0x39, 0xbb,
    0x80, 0x00, 0x3e, 0xb8, 0x8e, 0xb0, 0x0b, 0xc0, 0x00, 0x3f, 0x61, 0xf6, 0x00, 0x00, 0xca, 0x4f,
    0x40, 0x00, 0x0b, 0xb2, 0xf5, 0x00, 0x00, 0xbb, 0x0d, 0x90, 0x00, 0x1e, 0x70, 0x7f, 0x71, 0x3c,
    0xe1, 0x00, 0x8e, 0xff, 0xd3, 0x00, 0x00, 0x04, 0x20, 0x00, 0x00, 0x00, 0x00, 0x00, 0x00, 0x00,
    0x00, 0x00, 0xab, 0x0c, 0x90, 0x00, 0x00, 0x01, 0xf4, 0x6c, 0x10, 0x00, 0x00, 0x01, 0x30, 0x32,
    0x00, 0x00, 0x00, 0x02, 0x8b, 0xb9, 0x40, 0x00, 0x00, 0x6e, 0xe9, 0x8d, 0xf8, 0x00, 0x02, 0xea,
    0x10, 0x00, 0x8f, 0x50, 0x09, 0xe1, 0x00, 0x00, 0x0b, 0xd0, 0x0d, 0x90, 0x00, 0x00, 0x06, 0xf2,
    0x0f, 0x80, 0x00, 0x00, 0x04, 0xf4, 0x0f, 0x80, 0x00, 0x00, 0x04, 0xf4, 0x0f, 0x80, 0x00, 0x00,
    0x04, 0xf3, 0x0a, 0xc0, 0x00, 0x00, 0x09, 0xe0, 0x04, 0xf7, 0x00, 0x00, 0x3f, 0x80, 0x00, 0x9f,
    0x94, 0x48, 0xec, 0x10, 0x00, 0x07, 0xdf, 0xfe, 0x81, 0x00, 0x00, 0x00, 0x02, 0x30, 0x00, 0x00,
    0x00, 0x03, 0x30, 0x33, 0x00, 0x01, 0xf6, 0x4f, 0x40, 0x00, 0x7c, 0x0b, 0x80, 0x00, 0x00, 0x00,
    0x00, 0x00, 0x00, 0x39, 0xbb, 0x80, 0x00, 0x3e, 0xb8, 0x8e, 0xb0, 0x0b, 0xc0, 0x00, 0x3f, 0x61,
    0xf6, 0x00, 0x00, 0xca, 0x4f, 0x40, 0x00, 0x0b, 0xb2, 0xf5, 0x00, 0x00, 0xbb, 0x0d, 0x90, 0x00,
    0x1e, 0x70, 0x7f, 0x71, 0x3c, 0xe1, 0x00, 0x8e, 0xff, 0xd3, 0x00, 0x00, 0x04, 0x20, 0x00, 0x00,
    0x01, 0x68, 0xbb, 0xbb, 0xbb, 0xbb, 0xb0, 0x00, 0x3d, 0xfb, 0xbc, 0xfc, 0xbb, 0xbb, 0xb0, 0x01,
    0xec, 0x10, 0x04, 0xf4, 0x00, 0x00, 0x00, 0x08, 0xe1, 0x00, 0x04, 0xf4, 0x00, 0x00, 0x00, 0x0d,
    0x90, 0x00, 0x04, 0xf4, 0x00, 0x00, 0x00, 0x0f, 0x80, 0x00, 0x04, 0xf9, 0x88, 0x88, 0x40, 0x0f,
    0x80, 0x00, 0x04, 0xfc, 0xbb, 0xbb, 0x60, 0x0e, 0x80, 0x00, 0x04, 0xf4, 0x00, 0x00, 0x00, 0x0a,
    0xd0, 0x00, 0x04, 0xf4, 0x00, 0x00, 0x00, 0x04, 0xf8, 0x00, 0x04, 0xf4, 0x00, 0x00, 0x00, 0x00,
    0x6f, 0xb6, 0x47, 0xf7, 0x44, 0x44, 0x40, 0x00, 0x04, 0xaf, 0xff, 0xff, 0xff, 0xff, 0xf0, 0x00,
    0x39, 0xbb, 0x80, 0x05, 0xbb, 0xa4, 0x00, 0x03, 0xeb, 0x88, 0xeb, 0x8f, 0x88, 0xaf, 0x50, 0x0b,
    0xc0, 0x00, 0x3f, 0xf7, 0x00, 0x0a, 0xd0, 0x1f, 0x60, 0x00, 0x0c, 0xf0, 0x00, 0x04, 0xf2, 0x4f,
    0x40, 0x00, 0x0b, 0xff, 0xff, 0xff, 0xf4, 0x2f, 0x50, 0x00, 0x0b, 0xf0, 0x00, 0x00, 0x00, 0x0d,
    0x90, 0x00, 0x1e, 0xf4, 0x00, 0x02, 0x30, 0x07, 0xf7, 0x13, 0xce, 0xbc, 0x50, 0x4c, 0xc0, 0x00,
    0x8e, 0xff, 0xd3, 0x19, 0xff, 0xfb, 0x20, 0x00, 0x00, 0x42, 0x00, 0x00, 0x14, 0x10, 0x00, 0x00,
    0x00, 0x00, 0x00, 0x00, 0x00, 0x0b, 0xb0, 0x00, 0x00, 0x03, 0xe2, 0x00, 0x00, 0x00, 0x23, 0x00,
    0x00, 0x6b, 0xbb, 0xa8, 0x40, 0x08, 0xfb, 0xbb, 0xcf, 0x70, 0x8f, 0x00, 0x00, 0x9f, 0x28, 0xf0,
    0x00, 0x03, 0xf4, 0x8f, 0x00, 0x00, 0x3f, 0x48, 0xf0, 0x00, 0x1a, 0xf1, 0x8f, 0xbb, 0xbf, 0xf6,
    0x08, 0xf8, 0x88, 0xf7, 0x00, 0x8f, 0x00, 0x0b, 0xd0, 0x08, 0xf0, 0x00, 0x4f, 0x80, 0x8f, 0x00,
    0x00, 0xbe, 0x18, 0xf0, 0x00, 0x02, 0xf8, 0x00, 0x14, 0x10, 0x08, 0xd1, 0x01, 0xe4, 0x00, 0x00,
    0x00, 0x86, 0x6b, 0x8b, 0xcd, 0x86, 0xbd, 0x10, 0x0b, 0xb0, 0x00, 0xbb, 0x00, 0x0b, 0xb0, 0x00,
    0xbb, 0x00, 0x0b, 0xb0, 0x00, 0xbb, 0x00, 0x00, 0x6b, 0xbb, 0xa8, 0x40, 0x08, 0xfb, 0xbb, 0xcf,
    0x70, 0x8f, 0x00, 0x00, 0x9f, 0x28, 0xf0, 0x00, 0x03, 0xf4, 0x8f, 0x00, 0x00, 0x3f, 0x48, 0xf0,
    0x00, 0x1a, 0xf1, 0x8f, 0xbb, 0xbf, 0xf6, 0x08, 0xf8, 0x88, 0xf7, 0x00, 0x8f, 0x00, 0x0b, 0xd0,
    0x08, 0xf0, 0x00, 0x4f, 0x80, 0x8f, 0x00, 0x00, 0xbe, 0x18, 0xf0, 0x00, 0x02, 0xf8, 0x00, 0x00,
    0x00, 0x00, 0x00, 0x00, 0x8c, 0x00, 0x00, 0x00, 0x0b, 0x70, 0x00, 0x00, 0x00, 0xb2, 0x00, 0x00,
    0x08, 0x66, 0xb8, 0x0b, 0xcd, 0x86, 0x0b, 0xd1, 0x00, 0x0b, 0xb0, 0x00, 0x0b, 0xb0, 0x00, 0x0b,
    0xb0, 0x00, 0x0b, 0xb0, 0x00, 0x0b, 0xb0, 0x00, 0x0b, 0xb0, 0x00, 0x00, 0x00, 0x00, 0x0e, 0x70,
    0x00, 0x2f, 0x20, 0x00, 0x49, 0x00, 0x00, 0x00, 0x00, 0x00, 0x00, 0x00, 0x1d, 0x75, 0xe3, 0x00,
    0x00, 0x3e, 0xe4, 0x00, 0x00, 0x00, 0x00, 0x00, 0x00, 0x6b, 0xbb, 0xa8, 0x40, 0x08, 0xfb, 0xbb,
    0xcf, 0x70, 0x8f, 0x00, 0x00, 0x9f, 0x28, 0xf0, 0x00, 0x03, 0xf4, 0x8f, 0x00, 0x00, 0x3f, 0x48,
    0xf0, 0x00, 0x1a, 0xf1, 0x8f, 0xbb, 0xbf, 0xf6, 0x08, 0xf8, 0x88, 0xf7, 0x00, 0x8f, 0x00, 0x0b,
    0xd0, 0x08, 0xf0, 0x00, 0x4f, 0x80, 0x8f, 0x00, 0x00, 0xbe, 0x18, 0xf0, 0x00, 0x02, 0xf8, 0x14,
    0x10, 0x23, 0x09, 0xb3, 0xe6, 0x00, 0xbe, 0x60, 0x00, 0x00, 0x00, 0x08, 0x66, 0xb8, 0x0b, 0xcd,
    0x86, 0x0b, 0xd1, 0x00, 0x0b, 0xb0, 0x00, 0x0b, 0xb0, 0x00, 0x0b, 0xb0, 0x00, 0x0b, 0xb0, 0x00,
    0x0b, 0xb0, 0x00, 0x0b, 0xb0, 0x00, 0x00, 0x00, 0x00, 0x00, 0x00, 0x00, 0x00, 0x09, 0xb0, 0x00,
    0x00, 0x00, 0x2f, 0x30, 0x00, 0x00, 0x00, 0x23, 0x00, 0x00, 0x00, 0x18, 0xbb, 0x94, 0x00, 0x02,
    0xee, 0x88, 0xcf, 0x60, 0x09, 0xd1, 0x00, 0x08, 0xf1, 0x0b, 0xb0, 0x00, 0x01, 0x41, 0x08, 0xe4,
    0x00, 0x00, 0x00, 0x01, 0xbf, 0xd8, 0x40, 0x00, 0x00, 0x04, 0x9d, 0xfd, 0x30, 0x00, 0x00, 0x00,
    0x3c, 0xe1, 0x00, 0x00, 0x00, 0x02, 0xf4, 0x0f, 0x80, 0x00, 0x04, 0xf4, 0x08, 0xf8, 0x44, 0x6e,
    0xc0, 0x00, 0x8e, 0xff, 0xfb, 0x10, 0x00, 0x00, 0x44, 0x10, 0x00, 0x00, 0x00, 0x14, 0x10, 0x00,
    0x00, 0x8d, 0x10, 0x00, 0x01, 0xe4, 0x00, 0x00, 0x00, 0x00, 0x00, 0x00, 0x6b, 0xba, 0x30, 0x08,
    0xe8, 0x5a, 0xe2, 0x0d, 0x80, 0x00, 0x82, 0x0a, 0xd5, 0x00, 0x00, 0x02, 0xbf, 0xfb, 0x60, 0x00,
    0x02, 0x5a, 0xf6, 0x04, 0x20, 0x00, 0xca, 0x0e, 0xb2, 0x07, 0xf7, 0x03, 0xdf, 0xff, 0x80, 0x00,
    0x02, 0x40, 0x00, 0x00, 0x00, 0x00, 0x00, 0x00, 0x00, 0x03, 0xee, 0x60, 0x00, 0x00, 0x1c, 0x74,
    0xe3, 0x00, 0x00, 0x00, 0x00, 0x00, 0x00, 0x00, 0x18, 0xbb, 0x94, 0x00, 0x02, 0xee, 0x88, 0xcf,
    0x60, 0x09, 0xd1, 0x00, 0x08, 0xf1, 0x0b, 0xb0, 0x00, 0x01, 0x41, 0x08, 0xe4, 0x00, 0x00, 0x00,
    0x01, 0xbf, 0xd8, 0x40, 0x00, 0x00, 0x04, 0x9d, 0xfd, 0x30, 0x00, 0x00, 0x00, 0x3c, 0xe1, 0x00,
    0x00, 0x00, 0x02, 0xf4, 0x0f, 0x80, 0x00, 0x04, 0xf4, 0x08, 0xf8, 0x44, 0x6e, 0xc0, 0x00, 0x8e,
    0xff, 0xfb, 0x10, 0x00, 0x00, 0x44, 0x10, 0x00, 0x00, 0x02, 0x40, 0x00, 0x00, 0x1c, 0xd9, 0x00,
    0x01, 0xc9, 0x1d, 0x70, 0x00, 0x00, 0x00, 0x00, 0x00, 0x6b, 0xba, 0x30, 0x08, 0xe8, 0x5a, 0xe2,
    0x0d, 0x80, 0x00, 0x82, 0x0a, 0xd5, 0x00, 0x00, 0x02, 0xbf, 0xfb, 0x60, 0x00, 0x02, 0x5a, 0xf6,
    0x04, 0x20, 0x00, 0xca, 0x0e, 0xb2, 0x07, 0xf7, 0x03, 0xdf, 0xff, 0x80, 0x00, 0x02, 0x40, 0x00,
    0x00, 0x18, 0xbb, 0x94, 0x00, 0x02, 0xee, 0x88, 0xcf, 0x60, 0x09, 0xd1, 0x00, 0x08, 0xf1, 0x0b,
    0xb0, 0x00, 0x01, 0x41, 0x08, 0xe4, 0x00, 0x00, 0x00, 0x01, 0xbf, 0xd8, 0x40, 0x00, 0x00, 0x04,
    0x9d, 0xfd, 0x30, 0x00, 0x00, 0x00, 0x3c, 0xe1, 0x00, 0x00, 0x00, 0x02, 0xf4, 0x0f, 0x80, 0x00,
    0x04, 0xf4, 0x08, 0xf8, 0x44, 0x6e, 0xc0, 0x00, 0x8e, 0xff, 0xfb, 0x10, 0x00, 0x00, 0x7b, 0x30,
    0x00, 0x00, 0x00, 0x48, 0xe0, 0x00, 0x00, 0x00, 0x68, 0xd0, 0x00, 0x00, 0x00, 0x34, 0x10, 0x00,
    0x00, 0x6b, 0xba, 0x30, 0x08, 0xe8, 0x5a, 0xe2, 0x0d, 0x80, 0x00, 0x82, 0x0a, 0xd5, 0x00, 0x00,
    0x02, 0xbf, 0xfb, 0x60, 0x00, 0x02, 0x5a, 0xf6, 0x04, 0x20, 0x00, 0xca, 0x0e, 0xb2, 0x07, 0xf7,
    0x03, 0xdf, 0xff, 0x80, 0x00, 0x05, 0xd2, 0x00, 0x00, 0x02, 0x8f, 0x20, 0x00, 0x04, 0x8e, 0x10,
    0x00, 0x02, 0x42, 0x00, 0x00, 0x00, 0x00, 0x00, 0x00, 0x00, 0x1c, 0x74, 0xe3, 0x00, 0x00, 0x03,
    0xee, 0x60, 0x00, 0x00, 0x00, 0x00, 0x00, 0x00, 0x00, 0x18, 0xbb, 0x94, 0x00, 0x02, 0xee, 0x88,
    0xcf, 0x60, 0x09, 0xd1, 0x00, 0x08, 0xf1, 0x0b, 0xb0, 0x00, 0x01, 0x41, 0x08, 0xe4, 0x00, 0x00,
    0x00, 0x01, 0xbf, 0xd8, 0x40, 0x00, 0x00, 0x04, 0x9d, 0xfd, 0x30, 0x00, 0x00, 0x00, 0x3c, 0xe1,
    0x00, 0x00, 0x00, 0x02, 0xf4, 0x0f, 0x80, 0x00, 0x04, 0xf4, 0x08, 0xf8, 0x44, 0x6e, 0xc0, 0x00,
    0x8e, 0xff, 0xfb, 0x10, 0x00, 0x00, 0x44, 0x10, 0x00, 0x01, 0x41, 0x02, 0x30, 0x00, 0x9b, 0x3e,
    0x60, 0x00, 0x0c, 0xe6, 0x00, 0x00, 0x00, 0x00, 0x00, 0x00, 0x6b, 0xba, 0x30, 0x08, 0xe8, 0x5a,
    0xe2, 0x0d, 0x80, 0x00, 0x82, 0x0a, 0xd5, 0x00, 0x00, 0x02, 0xbf, 0xfb, 0x60, 0x00, 0x02, 0x5a,
    0xf6, 0x04, 0x20, 0x00, 0xca, 0x0e, 0xb2, 0x07, 0xf7, 0x03, 0xdf, 0xff, 0x80, 0x00, 0x02, 0x40,
    0x00, 0x3b, 0xbb, 0xbb, 0xbb, 0xb6, 0x3b, 0xbb, 0xdf, 0xbb, 0xb6, 0x00, 0x00, 0x8f, 0x00, 0x00,
    0x00, 0x00, 0x8f, 0x00, 0x00, 0x00, 0x00, 0x8f, 0x00, 0x00, 0x00, 0x00, 0x8f, 0x00, 0x00, 0x00,
    0x00, 0x8f, 0x00, 0x00, 0x00, 0x00, 0x8f, 0x00, 0x00, 0x00, 0x00, 0x8f, 0x00, 0x00, 0x00, 0x00,
    0x8f, 0x00, 0x00, 0x00, 0x00, 0x8f, 0x00, 0x00, 0x00, 0x00, 0x8f, 0x00, 0x00, 0x00, 0x00, 0x49,
    0x20, 0x00, 0x00, 0x00, 0x38, 0xe0, 0x00, 0x00, 0x00, 0x68, 0xe0, 0x00, 0x00, 0x00, 0x34, 0x10,
    0x00, 0x06, 0x80, 0x00, 0x08, 0xb0, 0x00, 0x8d, 0xeb, 0x80, 0x6b, 0xd8, 0x60, 0x08, 0xb0, 0x00,
    0x08, 0xb0, 0x00, 0x08, 0xb0, 0x00, 0x08, 0xb0, 0x00, 0x08, 0xc0, 0x00, 0x07, 0xf5, 0x30, 0x01,
    0xbf, 0xc0, 0x00, 0x1c, 0x30, 0x00, 0x28, 0xe3, 0x00, 0x48, 0xe2, 0x00, 0x24, 0x20, 0x00, 0x00,
    0x00, 0x00, 0x00, 0x00, 0x1c, 0x83, 0xf3, 0x00, 0x00, 0x01, 0xee, 0x60, 0x00, 0x00, 0x00, 0x00,
    0x00, 0x00, 0x3b, 0xbb, 0xbb, 0xbb, 0xb6, 0x3b, 0xbb, 0xdf, 0xbb, 0xb6, 0x00, 0x00, 0x8f, 0x00,
    0x00, 0x00, 0x00, 0x8f, 0x00, 0x00, 0x00, 0x00, 0x8f, 0x00, 0x00, 0x00, 0x00, 0x8f, 0x00, 0x00,
    0x00, 0x00, 0x8f, 0x00, 0x00, 0x00, 0x00, 0x8f, 0x00, 0x00, 0x00, 0x00, 0x8f, 0x00, 0x00, 0x00,
    0x00, 0x8f, 0x00, 0x00, 0x00, 0x00, 0x8f, 0x00, 0x00, 0x00, 0x00, 0x8f, 0x00, 0x00, 0x00, 0x03,
    0xb2, 0x00, 0x04, 0xf0, 0x06, 0x84, 0xd0, 0x08, 0xb1, 0x30, 0x8d, 0xeb, 0x80, 0x6b, 0xd8, 0x60,
    0x08, 0xb0, 0x00, 0x08, 0xb0, 0x00, 0x08, 0xb0, 0x00, 0x08, 0xb0, 0x00, 0x08, 0xc0, 0x00, 0x07,
    0xf5, 0x30, 0x01, 0xbf, 0xc0, 0x00, 0x00, 0x00, 0x3b, 0xbb, 0xbb, 0xbb, 0xb6, 0x3b, 0xbb, 0xdf,
    0xbb, 0xb6, 0x00, 0x00, 0x8f, 0x00, 0x00, 0x00, 0x00, 0x8f, 0x00, 0x00, 0x00, 0x00, 0x8f, 0x00,
    0x00, 0x00, 0x88, 0xbf, 0x88, 0x20, 0x00, 0xbb, 0xdf, 0xbb, 0x30, 0x00, 0x00, 0x8f, 0x00, 0x00,
    0x00, 0x00, 0x8f, 0x00, 0x00, 0x00, 0x00, 0x8f, 0x00, 0x00, 0x00, 0x00, 0x8f, 0x00, 0x00, 0x00,
    0x00, 0x8f, 0x00, 0x00, 0x06, 0x80, 0x00, 0x8b, 0x00, 0x8d, 0xeb, 0x86, 0xbd, 0x86, 0x08, 0xb0,
    0x0b, 0xff, 0xfb, 0x39, 0xc4, 0x30, 0x8b, 0x00, 0x08, 0xc0, 0x00, 0x7f, 0x53, 0x01, 0xbf, 0xc0,
    0x00, 0x00, 0x00, 0x0a, 0xa5, 0x93, 0x00, 0x00, 0x39, 0x5a, 0xa0, 0x00, 0x00, 0x00, 0x00, 0x00,
    0x00, 0x6b, 0x00, 0x00, 0x00, 0xb6, 0x8f, 0x00, 0x00, 0x00, 0xf8, 0x8f, 0x00, 0x00, 0x00, 0xf8,
    0x8f, 0x00, 0x00, 0x00, 0xf8, 0x8f, 0x00, 0x00, 0x00, 0xf8, 0x8f, 0x00, 0x00, 0x00, 0xf8, 0x8f,
    0x00, 0x00, 0x00, 0xf8, 0x8f, 0x00, 0x00, 0x00, 0xf8, 0x8f, 0x00, 0x00, 0x00, 0xf8, 0x6f, 0x50,
    0x00, 0x07, 0xf3, 0x0c, 0xe8, 0x44, 0x8f, 0xa0, 0x01, 0x9f, 0xff, 0xe8, 0x10, 0x00, 0x00, 0x43,
    0x00, 0x00, 0x03, 0xda, 0x6e, 0x00, 0x06, 0x76, 0xb6, 0x00, 0x00, 0x00, 0x00, 0x00, 0x88, 0x00,
    0x03, 0xb3, 0xbb, 0x00, 0x04, 0xf4, 0xbb, 0x00, 0x04, 0xf4, 0xbb, 0x00, 0x04, 0xf4, 0xbb, 0x00,
    0x04, 0xf4, 0xbb, 0x00, 0x04, 0xf4, 0xbc, 0x00, 0x06, 0xf4, 0x7f, 0x84, 0x6d, 0xf4, 0x08, 0xff,
    0xd7, 0xf4, 0x00, 0x00, 0x00, 0x00, 0x00, 0x28, 0x88, 0x80, 0x00, 0x00, 0x28, 0x88, 0x80, 0x00,
    0x00, 0x00, 0x00, 0x00, 0x00, 0x6b, 0x00, 0x00, 0x00, 0xb6, 0x8f, 0x00, 0x00, 0x00, 0xf8, 0x8f,
    0x00, 0x00, 0x00, 0xf8, 0x8f, 0x00, 0x00, 0x00, 0xf8, 0x8f, 0x00, 0x00, 0x00, 0xf8, 0x8f, 0x00,
    0x00, 0x00, 0xf8, 0x8f, 0x00, 0x00, 0x00, 0xf8, 0x8f, 0x00, 0x00, 0x00, 0xf8, 0x8f, 0x00, 0x00,
    0x00, 0xf8, 0x6f, 0x50, 0x00, 0x07, 0xf3, 0x0c, 0xe8, 0x44, 0x8f, 0xa0, 0x01, 0x9f, 0xff, 0xe8,
    0x10, 0x00, 0x00, 0x43, 0x00, 0x00, 0x06, 0xbb, 0xbb, 0x00, 0x04, 0x88, 0x88, 0x00, 0x00, 0x00,
    0x00, 0x00, 0x88, 0x00, 0x03, 0xb3, 0xbb, 0x00, 0x04, 0xf4, 0xbb, 0x00, 0x04, 0xf4, 0xbb, 0x00,
    0x04, 0xf4, 0xbb, 0x00, 0x04, 0xf4, 0xbb, 0x00, 0x04, 0xf4, 0xbc, 0x00, 0x06, 0xf4, 0x7f, 0x84,
    0x6d, 0xf4, 0x08, 0xff, 0xd7, 0xf4, 0x00, 0x00, 0x00, 0x00, 0x00, 0x00, 0x00, 0x00, 0x00, 0x00,
    0x3d, 0x11, 0xe2, 0x00, 0x00, 0x08, 0xef, 0x80, 0x00, 0x00, 0x00, 0x11, 0x00, 0x00, 0x6b, 0x00,
    0x00, 0x00, 0xb6, 0x8f, 0x00, 0x00, 0x00, 0xf8, 0x8f, 0x00, 0x00, 0x00, 0xf8, 0x8f, 0x00, 0x00,
    0x00, 0xf8, 0x8f, 0x00, 0x00, 0x00, 0xf8, 0x8f, 0x00, 0x00, 0x00, 0xf8, 0x8f, 0x00, 0x00, 0x00,
    0xf8, 0x8f, 0x00, 0x00, 0x00, 0xf8, 0x8f, 0x00, 0x00, 0x00, 0xf8, 0x6f, 0x50, 0x00, 0x07, 0xf3,
    0x0c, 0xe8, 0x44, 0x8f, 0xa0, 0x01, 0x9f, 0xff, 0xe8, 0x10, 0x00, 0x00, 0x43, 0x00, 0x00, 0x02,
    0x20, 0x04, 0x00, 0x07, 0xa0, 0x4d, 0x00, 0x00, 0xaf, 0xd3, 0x00, 0x00, 0x00, 0x00, 0x00, 0x88,
    0x00, 0x03, 0xb3, 0xbb, 0x00, 0x04, 0xf4, 0xbb, 0x00, 0x04, 0xf4, 0xbb, 0x00, 0x04, 0xf4, 0xbb,
    0x00, 0x04, 0xf4, 0xbb, 0x00, 0x04, 0xf4, 0xbc, 0x00, 0x06, 0xf4, 0x7f, 0x84, 0x6d, 0xf4, 0x08,
    0xff, 0xd7, 0xf4, 0x00, 0x00, 0x00, 0x00, 0x00, 0x06, 0xed, 0x50, 0x00, 0x00, 0x0f, 0x34, 0xe0,
    0x00, 0x00, 0x0f, 0x34, 0xe0, 0x00, 0x00, 0x06, 0xed, 0x50, 0x00, 0x6b, 0x00, 0x00, 0x00, 0xb6,
    0x8f, 0x00, 0x00, 0x00, 0xf8, 0x8f, 0x00, 0x00, 0x00, 0xf8, 0x8f, 0x00, 0x00, 0x00, 0xf8, 0x8f,
    0x00, 0x00, 0x00, 0xf8, 0x8f, 0x00, 0x00, 0x00, 0xf8, 0x8f, 0x00, 0x00, 0x00, 0xf8, 0x8f, 0x00,
    0x00, 0x00, 0xf8, 0x8f, 0x00, 0x00, 0x00, 0xf8, 0x6f, 0x50, 0x00, 0x07, 0xf3, 0x0c, 0xe8, 0x44,
    0x8f, 0xa0, 0x01, 0x9f, 0xff, 0xe8, 0x10, 0x00, 0x00, 0x43, 0x00, 0x00, 0x00, 0x04, 0x10, 0x00,
    0x00, 0xcc, 0xe5, 0x00, 0x04, 0xc0, 0x5b, 0x00, 0x02, 0xe5, 0x99, 0x00, 0x00, 0x5b, 0x81, 0x00,
    0x88, 0x00, 0x03, 0xb3, 0xbb, 0x00, 0x04, 0xf4, 0xbb, 0x00, 0x04, 0xf4, 0xbb, 0x00, 0x04, 0xf4,
    0xbb, 0x00, 0x04, 0xf4, 0xbb, 0x00, 0x04, 0xf4, 0xbc, 0x00, 0x06, 0xf4, 0x7f, 0x84, 0x6d, 0xf4,
    0x08, 0xff, 0xd7, 0xf4, 0x00, 0x00, 0x00, 0x00, 0x00, 0x00, 0x00, 0x00, 0x00, 0x00, 0x0d, 0x91,
    0xe8, 0x00, 0x00, 0x4e, 0x18, 0xb0, 0x00, 0x00, 0x23, 0x04, 0x10, 0x00, 0x6b, 0x00, 0x00, 0x00,
    0xb6, 0x8f, 0x00, 0x00, 0x00, 0xf8, 0x8f, 0x00, 0x00, 0x00, 0xf8, 0x8f, 0x00, 0x00, 0x00, 0xf8,
    0x8f, 0x00, 0x00, 0x00, 0xf8, 0x8f, 0x00, 0x00, 0x00, 0xf8, 0x8f, 0x00, 0x00, 0x00, 0xf8, 0x8f,
    0x00, 0x00, 0x00, 0xf8, 0x8f, 0x00, 0x00, 0x00, 0xf8, 0x6f, 0x50, 0x00, 0x07, 0xf3, 0x0c, 0xe8,
    0x44, 0x8f, 0xa0, 0x01, 0x9f, 0xff, 0xe8, 0x10, 0x00, 0x00, 0x43, 0x00, 0x00, 0x00, 0x33, 0x04,
    0x30, 0x02, 0xf5, 0x4f, 0x30, 0x08, 0xb0, 0xd7, 0x00, 0x00, 0x00, 0x00, 0x00, 0x88, 0x00, 0x03,
    0xb3, 0xbb, 0x00, 0x04, 0xf4, 0xbb, 0x00, 0x04, 0xf4, 0xbb, 0x00, 0x04, 0xf4, 0xbb, 0x00, 0x04,
    0xf4, 0xbb, 0x00, 0x04, 0xf4, 0xbc, 0x00, 0x06, 0xf4, 0x7f, 0x84, 0x6d, 0xf4, 0x08, 0xff, 0xd7,
    0xf4, 0x00, 0x00, 0x00, 0x00, 0x6b, 0x00, 0x00, 0x00, 0xb6, 0x8f, 0x00, 0x00, 0x00, 0xf8, 0x8f,
    0x00, 0x00, 0x00, 0xf8, 0x8f, 0x00, 0x00, 0x00, 0xf8, 0x8f, 0x00, 0x00, 0x00, 0xf8, 0x8f, 0x00,
    0x00, 0x00, 0xf8, 0x8f, 0x00, 0x00, 0x00, 0xf8, 0x8f, 0x00, 0x00, 0x00, 0xf8, 0x8f, 0x00, 0x00,
    0x00, 0xf8, 0x6f, 0x50, 0x00, 0x07, 0xf4, 0x0c, 0xe8, 0x44, 0x8f, 0xb0, 0x01, 0x9f, 0xff, 0xf8,
    0x10, 0x00, 0x00, 0xbc, 0x30, 0x00, 0x00, 0x06, 0xf1, 0x00, 0x00, 0x00, 0x04, 0xfc, 0x80, 0x00,
    0x00, 0x00, 0x38, 0x30, 0x00, 0x88, 0x00, 0x03, 0xb3, 0xbb, 0x00, 0x04, 0xf4, 0xbb, 0x00, 0x04,
    0xf4, 0xbb, 0x00, 0x04, 0xf4, 0xbb, 0x00, 0x04, 0xf4, 0xbb, 0x00, 0x04, 0xf4, 0xbc, 0x00, 0x06,
    0xf4, 0x7f, 0x84, 0x6d, 0xf4, 0x08, 0xff, 0xd7, 0xf4, 0x00, 0x00, 0x1c, 0x90, 0x00, 0x00, 0x7f,
    0x00, 0x00, 0x00, 0x5f, 0xc8, 0x00, 0x00, 0x03, 0x72, 0x00, 0x00, 0x00, 0x00, 0x00, 0x00, 0x00,
    0x00, 0x00, 0x00, 0x00, 0x6e, 0xe3, 0x00, 0x00, 0x00, 0x00, 0x00, 0x03, 0xe4, 0x8c, 0x10, 0x00,
    0x00, 0x00, 0x00, 0x00, 0x00, 0x00, 0x00, 0x00, 0x00, 0x6b, 0x00, 0x00, 0x0b, 0x80, 0x00, 0x03,
    0xb3, 0x5f, 0x30, 0x00, 0x4f, 0xf0, 0x00, 0x07, 0xf1, 0x0f, 0x80, 0x00, 0x8b, 0xf5, 0x00, 0x0b,
    0xc0, 0x0b, 0xb0, 0x00, 0xc8, 0xc8, 0x00, 0x0f, 0x80, 0x07, 0xf0, 0x01, 0xf5, 0x8c, 0x00, 0x4f,
    0x30, 0x03, 0xf4, 0x05, 0xf1, 0x5f, 0x10, 0x8e, 0x00, 0x00, 0xe8, 0x08, 0xc0, 0x1f, 0x50, 0xba,
    0x00, 0x00, 0x9b, 0x0d, 0x80, 0x0c, 0x90, 0xf6, 0x00, 0x00, 0x6f, 0x2f, 0x40, 0x08, 0xd4, 0xf2,
    0x00, 0x00, 0x2f, 0x8f, 0x00, 0x04, 0xf8, 0xd0, 0x00, 0x00, 0x0c, 0xea, 0x00, 0x00, 0xee, 0x80,
    0x00, 0x00, 0x08, 0xf7, 0x00, 0x00, 0xaf, 0x50, 0x00, 0x00, 0x00, 0x01, 0x41, 0x00, 0x00, 0x00,
    0x00, 0x00, 0xad, 0xc1, 0x00, 0x00, 0x00, 0x00, 0x9c, 0x1b, 0x90, 0x00, 0x00, 0x00, 0x00, 0x00,
    0x00, 0x00, 0x00, 0x4b, 0x20, 0x03, 0xb5, 0x00, 0x0b, 0x51, 0xf6, 0x00, 0x8f, 0x90, 0x05, 0xf3,
    0x0c, 0xa0, 0x0c, 0xae, 0x00, 0x8d, 0x00, 0x7e, 0x01, 0xf3, 0xf3, 0x0d, 0x80, 0x03, 0xf3, 0x6d,
    0x0c, 0x72, 0xf5, 0x00, 0x0d, 0x89, 0x90, 0x8a, 0x6e, 0x00, 0x00, 0x8b, 0xc5, 0x03, 0xe9, 0x90,
    0x00, 0x04, 0xef, 0x10, 0x0e, 0xe6, 0x00, 0x00, 0x0e, 0xb0, 0x00, 0x9f, 0x10, 0x00, 0x00, 0x00,
    0x00, 0x00, 0x00, 0x00, 0x00, 0x0b, 0xe9, 0x00, 0x00, 0x00, 0x09, 0xc1, 0xd8, 0x00, 0x00, 0x00,
    0x00, 0x00, 0x00, 0x00, 0x5b, 0x40, 0x00, 0x00, 0x5b, 0x40, 0xdc, 0x00, 0x00, 0x1e, 0xb0, 0x04,
    0xf7, 0x00, 0x08, 0xf2, 0x00, 0x09, 0xe2, 0x03, 0xf8, 0x00, 0x00, 0x1e, 0xa0, 0xbd, 0x00, 0x00,
    0x00, 0x7f, 0x9f, 0x40, 0x00, 0x00, 0x00, 0xbf, 0x90, 0x00, 0x00, 0x00, 0x05, 0xf4, 0x00, 0x00,
    0x00, 0x00, 0x4f, 0x40, 0x00, 0x00, 0x00, 0x04, 0xf4, 0x00, 0x00, 0x00, 0x00, 0x4f, 0x40, 0x00,
    0x00, 0x00, 0x04, 0xf4, 0x00, 0x00, 0x00, 0x01, 0x41, 0x00, 0x00, 0x00, 0xbd, 0xb0, 0x00, 0x00,
    0x9c, 0x0c, 0x90, 0x00, 0x00, 0x00, 0x00, 0x00, 0x5b, 0x10, 0x00, 0x1b, 0x52, 0xf6, 0x00, 0x06,
    0xf2, 0x0a, 0xc0, 0x00, 0xca, 0x00, 0x6f, 0x20, 0x2f, 0x60, 0x00, 0xe7, 0x08, 0xe0, 0x00, 0x09,
    0xd0, 0xd8, 0x00, 0x00, 0x3f, 0x5f, 0x30, 0x00, 0x00, 0xdd, 0xc0, 0x00, 0x00, 0x07, 0xf7, 0x00,
    0x00, 0x00, 0x6f, 0x10, 0x00, 0x00, 0x1d, 0x90, 0x00, 0x00, 0xaf, 0xe2, 0x00, 0x00, 0x04, 0x41,
    0x00, 0x00, 0x00, 0x00, 0x1d, 0x80, 0x8b, 0x00, 0x00, 0x01, 0xd8, 0x08, 0xc0, 0x00, 0x00, 0x00,
    0x00, 0x00, 0x00, 0x05, 0xb4, 0x00, 0x00, 0x05, 0xb4, 0x0d, 0xc0, 0x00, 0x01, 0xeb, 0x00, 0x4f,
    0x70, 0x00, 0x8f, 0x20, 0x00, 0x9e, 0x20, 0x3f, 0x80, 0x00, 0x01, 0xea, 0x0b, 0xd0, 0x00, 0x00,
    0x07, 0xf9, 0xf4, 0x00, 0x00, 0x00, 0x0b, 0xf9, 0x00, 0x00, 0x00, 0x00, 0x5f, 0x40, 0x00, 0x00,
    0x00, 0x04, 0xf4, 0x00, 0x00, 0x00, 0x00, 0x4f, 0x40, 0x00, 0x00, 0x00, 0x04, 0xf4, 0x00, 0x00,
    0x00, 0x00, 0x4f, 0x40, 0x00, 0x00, 0x00, 0x00, 0x00, 0x00, 0x00, 0x00, 0x00, 0x0b, 0xa0, 0x00,
    0x00, 0x00, 0x4e, 0x10, 0x00, 0x00, 0x00, 0x22, 0x00, 0x00, 0x0b, 0xbb, 0xbb, 0xbb, 0xb0, 0x0b,
    0xbb, 0xbb, 0xbe, 0xe0, 0x00, 0x00, 0x00, 0x4f, 0x50, 0x00, 0x00, 0x01, 0xea, 0x00, 0x00, 0x00,
    0x0a, 0xe1, 0x00, 0x00, 0x00, 0x5f, 0x50, 0x00, 0x00, 0x01, 0xea, 0x00, 0x00, 0x00, 0x0a, 0xd1,
    0x00, 0x00, 0x00, 0x5f, 0x40, 0x00, 0x00, 0x01, 0xe8, 0x00, 0x00, 0x00, 0x0a, 0xe5, 0x44, 0x44,
    0x40, 0x0f, 0xff, 0xff, 0xff, 0xf0, 0x00, 0x00, 0x14, 0x10, 0x00, 0x00, 0x8d, 0x10, 0x00, 0x01,
    0xe4, 0x00, 0x00, 0x00, 0x00, 0x00, 0x08, 0xbb, 0xbb, 0xb8, 0x06, 0x88, 0x88, 0xf8, 0x00, 0x00,
    0x0b, 0xc1, 0x00, 0x00, 0x8e, 0x20, 0x00, 0x05, 0xf5, 0x00, 0x00, 0x3e, 0x80, 0x00, 0x01, 0xcc,
    0x00, 0x00, 0x09, 0xf5, 0x44, 0x43, 0x0f, 0xff, 0xff, 0xfb, 0x00, 0x00, 0xab, 0x00, 0x00, 0x00,
    0x00, 0xab, 0x00, 0x00, 0x00, 0x00, 0x00, 0x00, 0x00, 0x0b, 0xbb, 0xbb, 0xbb, 0xb0, 0x0b, 0xbb,
    0xbb, 0xbe, 0xe0, 0x00, 0x00, 0x00, 0x4f, 0x50, 0x00, 0x00, 0x01, 0xea, 0x00, 0x00, 0x00, 0x0a,
    0xe1, 0x00, 0x00, 0x00, 0x5f, 0x50, 0x00, 0x00, 0x01, 0xea, 0x00, 0x00, 0x00, 0x0a, 0xd1, 0x00,
    0x00, 0x00, 0x5f, 0x40, 0x00, 0x00, 0x01, 0xe8, 0x00, 0x00, 0x00, 0x0a, 0xe5, 0x44, 0x44, 0x40,
    0x0f, 0xff, 0xff, 0xff, 0xf0, 0x00, 0x00, 0x00, 0x00, 0x00, 0x08, 0xe3, 0x00, 0x00, 0x05, 0xb2,
    0x00, 0x00, 0x00, 0x00, 0x00, 0x08, 0xbb, 0xbb, 0xb8, 0x06, 0x88, 0x88, 0xf8, 0x00, 0x00, 0x0b,
    0xc1, 0x00, 0x00, 0x8e, 0x20, 0x00, 0x05, 0xf5, 0x00, 0x00, 0x3e, 0x80, 0x00, 0x01, 0xcc, 0x00,
    0x00, 0x09, 0xf5, 0x44, 0x43, 0x0f, 0xff, 0xff, 0xfb, 0x00, 0x00, 0x00, 0x00, 0x00, 0x00, 0x2e,
    0x66, 0xe3, 0x00, 0x00, 0x03, 0xed, 0x30, 0x00, 0x00, 0x00, 0x00, 0x00, 0x00, 0x0b, 0xbb, 0xbb,
    0xbb, 0xb0, 0x0b, 0xbb, 0xbb, 0xbe, 0xe0, 0x00, 0x00, 0x00, 0x4f, 0x50, 0x00, 0x00, 0x01, 0xea,
    0x00, 0x00, 0x00, 0x0a, 0xe1, 0x00, 0x00, 0x00, 0x5f, 0x50, 0x00, 0x00, 0x01, 0xea, 0x00, 0x00,
    0x00, 0x0a, 0xd1, 0x00, 0x00, 0x00, 0x5f, 0x40, 0x00, 0x00, 0x01, 0xe8, 0x00, 0x00, 0x00, 0x0a,
    0xe5, 0x44, 0x44, 0x40, 0x0f, 0xff, 0xff, 0xff, 0xf0, 0x01, 0x41, 0x02, 0x30, 0x00, 0x9b, 0x3e,
    0x60, 0x00, 0x0b, 0xe6, 0x00, 0x00, 0x00, 0x00, 0x00, 0x08, 0xbb, 0xbb, 0xb8, 0x06, 0x88, 0x88,
    0xf8, 0x00, 0x00, 0x0b, 0xc1, 0x00, 0x00, 0x8e, 0x20, 0x00, 0x05, 0xf5, 0x00, 0x00, 0x3e, 0x80,
    0x00, 0x01, 0xcc, 0x00, 0x00, 0x09, 0xf5, 0x44, 0x43, 0x0f, 0xff, 0xff, 0xfb, 0x00, 0x42, 0x03,
    0xdf, 0xd0, 0xad, 0x33, 0x0b, 0xb0, 0x00, 0xbb, 0x00, 0x0b, 0xb0, 0x00, 0xbb, 0x00, 0x0b, 0xb0,
    0x00, 0xbb, 0x00, 0x0b, 0xb0, 0x00, 0xbb, 0x00, 0x0b, 0xb0, 0x00, 0xbb, 0x00, 0x00, 0x00, 0x00,
    0x5b, 0x50, 0x00, 0x00, 0x00, 0x0c, 0xfc, 0x00, 0x00, 0x00, 0x02, 0xf6, 0xf2, 0x00, 0x00, 0x00,
    0x8d, 0x0e, 0x80, 0x00, 0x00, 0x0d, 0x80, 0x9d, 0x00, 0x00, 0x03, 0xf3, 0x04, 0xf4, 0x00, 0x00,
    0x9d, 0x00, 0x0d, 0x90, 0x00, 0x0e, 0xc8, 0x88, 0xce, 0x00, 0x05, 0xfb, 0xbb, 0xbb, 0xf6, 0x00,
    0xad, 0x00, 0x00, 0x0c, 0xa0, 0x1f, 0x80, 0x00, 0x00, 0x7f, 0x26, 0xf2, 0x00, 0x00, 0x02, 0xf7,
    0x6b, 0xbb, 0xb8, 0x40, 0x08, 0xfb, 0xbb, 0xcf, 0x60, 0x8f, 0x00, 0x00, 0xae, 0x08, 0xf0, 0x00,
    0x04, 0xf0, 0x8f, 0x00, 0x00, 0xad, 0x08, 0xf8, 0x88, 0xbb, 0x30, 0x8f, 0xbb, 0xbc, 0xe6, 0x08,
    0xf0, 0x00, 0x06, 0xf4, 0x8f, 0x00, 0x00, 0x0e, 0x88, 0xf0, 0x00, 0x01, 0xf8, 0x8f, 0x44, 0x46,
    0xce, 0x28, 0xff, 0xff, 0xfa, 0x30, 0x6b, 0xbb, 0xbb, 0xb6, 0x8f, 0xbb, 0xbb, 0xb6, 0x8f, 0x00,
    0x00, 0x00, 0x8f, 0x00, 0x00, 0x00, 0x8f, 0x00, 0x00, 0x00, 0x8f, 0x00, 0x00, 0x00, 0x8f, 0x00,
    0x00, 0x00, 0x8f, 0x00, 0x00, 0x00, 0x8f, 0x00, 0x00, 0x00, 0x8f, 0x00, 0x00, 0x00, 0x8f, 0x00,
    0x00, 0x00, 0x8f, 0x00, 0x00, 0x00, 0x00, 0x00, 0x5b, 0x40, 0x00, 0x00, 0x00, 0x0b, 0xf9, 0x00,
    0x00, 0x00, 0x02, 0xfa, 0xf1, 0x00, 0x00, 0x00, 0x7e, 0x1f, 0x60, 0x00, 0x00, 0x0d, 0x90, 0xab,
    0x00, 0x00, 0x03, 0xf5, 0x06, 0xf2, 0x00, 0x00, 0x8e, 0x00, 0x1e, 0x70, 0x00, 0x0e, 0x80, 0x00,
    0x9d, 0x00, 0x05, 0xf3, 0x00, 0x05, 0xf3, 0x00, 0xad, 0x00, 0x00, 0x0e, 0x90, 0x1f, 0xa4, 0x44,
    0x44, 0xbe, 0x06, 0xff, 0xff, 0xff, 0xff, 0xf5, 0x6b, 0xbb, 0xbb, 0xb6, 0x8f, 0xbb, 0xbb, 0xb6,
    0x8f, 0x00, 0x00, 0x00, 0x8f, 0x00, 0x00, 0x00, 0x8f, 0x00, 0x00, 0x00, 0x8f, 0x88, 0x88, 0x80,
    0x8f, 0xbb, 0xbb, 0xb0, 0x8f, 0x00, 0x00, 0x00, 0x8f, 0x00, 0x00, 0x00, 0x8f, 0x00, 0x00, 0x00,
    0x8f, 0x44, 0x44, 0x42, 0x8f, 0xff, 0xff, 0xf8, 0x0b, 0xbb, 0xbb, 0xbb, 0xb0, 0x0b, 0xbb, 0xbb,
    0xbe, 0xe0, 0x00, 0x00, 0x00, 0x4f, 0x50, 0x00, 0x00, 0x01, 0xea, 0x00, 0x00, 0x00, 0x0a, 0xe1,
    0x00, 0x00, 0x00, 0x5f, 0x50, 0x00, 0x00, 0x01, 0xea, 0x00, 0x00, 0x00, 0x0a, 0xd1, 0x00, 0x00,
    0x00, 0x5f, 0x40, 0x00, 0x00, 0x01, 0xe8, 0x00, 0x00, 0x00, 0x0a, 0xe5, 0x44, 0x44, 0x40, 0x0f,
    0xff, 0xff, 0xff, 0xf0, 0x6b, 0x00, 0x00, 0x00, 0xb6, 0x8f, 0x00, 0x00, 0x00, 0xf8, 0x8f, 0x00,
    0x00, 0x00, 0xf8, 0x8f, 0x00, 0x00, 0x00, 0xf8, 0x8f, 0x00, 0x00, 0x00, 0xf8, 0x8f, 0x88, 0x88,
    0x88, 0xf8, 0x8f, 0xbb, 0xbb, 0xbb, 0xf8, 0x8f, 0x00, 0x00, 0x00, 0xf8, 0x8f, 0x00, 0x00, 0x00,
    0xf8, 0x8f, 0x00, 0x00, 0x00, 0xf8, 0x8f, 0x00, 0x00, 0x00, 0xf8, 0x8f, 0x00, 0x00, 0x00, 0xf8,
    0x00, 0x02, 0x8b, 0xb9, 0x40, 0x00, 0x00, 0x6e, 0xe9, 0x8d, 0xf8, 0x00, 0x02, 0xea, 0x10, 0x00,
    0x8f, 0x50, 0x09, 0xe1, 0x00, 0x00, 0x0b, 0xd0, 0x0d, 0x90, 0x00, 0x00, 0x06, 0xf2, 0x0f, 0x82,
    0x88, 0x88, 0x44, 0xf4, 0x0f, 0x83, 0xbb, 0xbb, 0x64, 0xf4, 0x0f, 0x80, 0x00, 0x00, 0x04, 0xf3,
    0x0a, 0xc0, 0x00, 0x00, 0x09, 0xe0, 0x04, 0xf7, 0x00, 0x00, 0x3f, 0x80, 0x00, 0x9f, 0x94, 0x48,
    0xec, 0x10, 0x00, 0x07, 0xdf, 0xfe, 0x81, 0x00, 0x00, 0x00, 0x02, 0x30, 0x00, 0x00, 0x6b, 0x8f,
    0x8f, 0x8f, 0x8f, 0x8f, 0x8f, 0x8f, 0x8f, 0x8f, 0x8f, 0x8f, 0x6b, 0x00, 0x00, 0x1a, 0xa1, 0x8f,
    0x00, 0x00, 0x9f, 0x30, 0x8f, 0x00, 0x09, 0xf6, 0x00, 0x8f, 0x00, 0x9f, 0x60, 0x00, 0x8f, 0x07,
    0xf6, 0x00, 0x00, 0x8e, 0x6f, 0xb0, 0x00, 0x00, 0x8d, 0xea, 0xf6, 0x00, 0x00, 0x8f, 0x90, 0xae,
    0x20, 0x00, 0x8f, 0x00, 0x1d, 0xc0, 0x00, 0x8f, 0x00, 0x04, 0xf8, 0x00, 0x8f, 0x00, 0x00, 0x8f,
    0x40, 0x8f, 0x00, 0x00, 0x0c, 0xd1, 0x00, 0x00, 0x5b, 0x50, 0x00, 0x00, 0x00, 0x0c, 0xfc, 0x00,
    0x00, 0x00, 0x02, 0xf6, 0xf2, 0x00, 0x00, 0x00, 0x8d, 0x0e, 0x80, 0x00, 0x00, 0x0d, 0x80, 0x9d,
    0x00, 0x00, 0x03, 0xf3, 0x04, 0xf4, 0x00, 0x00, 0x9d, 0x00, 0x0d, 0x90, 0x00, 0x0e, 0x80, 0x00,
    0x8e, 0x00, 0x05, 0xf3, 0x00, 0x03, 0xf6, 0x00, 0xad, 0x00, 0x00, 0x0c, 0xa0, 0x1f, 0x80, 0x00,
    0x00, 0x7f, 0x26, 0xf2, 0x00, 0x00, 0x02, 0xf7, 0x6b, 0x70, 0x00, 0x00, 0x02, 0xbb, 0x08, 0xfe,
    0x00, 0x00, 0x00, 0x8f, 0xf0, 0x8c, 0xf6, 0x00, 0x00, 0x0d, 0xcf, 0x08, 0xba, 0xb0, 0x00, 0x05,
    0xf9, 0xf0, 0x8b, 0x6f, 0x20, 0x00, 0x9c, 0x8f, 0x08, 0xb1, 0xe8, 0x00, 0x1f, 0x68, 0xf0, 0x8b,
    0x09, 0xd0, 0x07, 0xe1, 0x8f, 0x08, 0xb0, 0x3f, 0x50, 0xc9, 0x08, 0xf0, 0x8b, 0x00, 0xc9, 0x3f,
    0x40, 0x8f, 0x08, 0xb0, 0x06, 0xe8, 0xd0, 0x08, 0xf0, 0x8b, 0x00, 0x1e, 0xf7, 0x00, 0x8f, 0x08,
    0xb0, 0x00, 0x9f, 0x10, 0x08, 0xf0, 0x6b, 0x40, 0x00, 0x00, 0x88, 0x8f, 0xd0, 0x00, 0x00, 0xbb,
    0x8c, 0xe8, 0x00, 0x00, 0xbb, 0x8b, 0x8f, 0x30, 0x00, 0xbb, 0x8d, 0x0d, 0xb0, 0x00, 0xbb, 0x8f,
    0x04, 0xf7, 0x00, 0xbb, 0x8f, 0x00, 0x9e, 0x20, 0xbb, 0x8f, 0x00, 0x1e, 0xa0, 0xbb, 0x8f, 0x00,
    0x05, 0xf5, 0xbb, 0x8f, 0x00, 0x00, 0xbd, 0xbb, 0x8f, 0x00, 0x00, 0x2e, 0xfb, 0x8f, 0x00, 0x00,
    0x07, 0xfb, 0x8b, 0xbb, 0xbb, 0xbb, 0x38, 0xbb, 0xbb, 0xbb, 0xb3, 0x00, 0x00, 0x00, 0x00, 0x00,
    0x00, 0x00, 0x00, 0x00, 0x00, 0x00, 0x00, 0x00, 0x02, 0x88, 0x88, 0x88, 0x60, 0x3b, 0xbb, 0xbb,
    0xb8, 0x00, 0x00, 0x00, 0x00, 0x00, 0x00, 0x00, 0x00, 0x00, 0x00, 0x00, 0x00, 0x00, 0x00, 0x44,
    0x44, 0x44, 0x44, 0x2f, 0xff, 0xff, 0xff, 0xf8, 0x00, 0x02, 0x8b, 0xb9, 0x40, 0x00, 0x00, 0x6e,
    0xe9, 0x8d, 0xf8, 0x00, 0x02, 0xea, 0x10, 0x00, 0x8f, 0x50, 0x09, 0xe1, 0x00, 0x00, 0x0b, 0xd0,
    0x0d, 0x90, 0x00, 0x00, 0x06, 0xf2, 0x0f, 0x80, 0x00, 0x00, 0x04, 0xf4, 0x0f, 0x80, 0x00, 0x00,
    0x04, 0xf4, 0x0f, 0x80, 0x00, 0x00, 0x04, 0xf3, 0x0a, 0xc0, 0x00, 0x00, 0x09, 0xe0, 0x04, 0xf7,
    0x00, 0x00, 0x3f, 0x80, 0x00, 0x9f, 0x94, 0x48, 0xec, 0x10, 0x00, 0x07, 0xdf, 0xfe, 0x81, 0x00,
    0x00, 0x00, 0x02, 0x30, 0x00, 0x00, 0x6b, 0xbb, 0xbb, 0xbb, 0xb6, 0x8f, 0xbb, 0xbb, 0xbb, 0xf8,
    0x8f, 0x00, 0x00, 0x00, 0xf8, 0x8f, 0x00, 0x00, 0x00, 0xf8, 0x8f, 0x00, 0x00, 0x00, 0xf8, 0x8f,
    0x00, 0x00, 0x00, 0xf8, 0x8f, 0x00, 0x00, 0x00, 0xf8, 0x8f, 0x00, 0x00, 0x00, 0xf8, 0x8f, 0x00,
    0x00, 0x00, 0xf8, 0x8f, 0x00, 0x00, 0x00, 0xf8, 0x8f, 0x00, 0x00, 0x00, 0xf8, 0x8f, 0x00, 0x00,
    0x00, 0xf8, 0x6b, 0xbb, 0xa8, 0x30, 0x08, 0xfb, 0xbb, 0xdf, 0x60, 0x8f, 0x00, 0x00, 0x9f, 0x18,
    0xf0, 0x00, 0x03, 0xf4, 0x8f, 0x00, 0x00, 0x3f, 0x48, 0xf0, 0x00, 0x08, 0xf2, 0x8f, 0x88, 0x8a,
    0xf8, 0x08, 0xfb, 0xbb, 0xa6, 0x00, 0x8f, 0x00, 0x00, 0x00, 0x08, 0xf0, 0x00, 0x00, 0x00, 0x8f,
    0x00, 0x00, 0x00, 0x08, 0xf0, 0x00, 0x00, 0x00, 0x8b, 0xbb, 0xbb, 0xbb, 0xb8, 0xfd, 0xbb, 0xbb,
    0xbb, 0x09, 0xe3, 0x00, 0x00, 0x00, 0x0c, 0xe3, 0x00, 0x00, 0x00, 0x1c, 0xe3, 0x00, 0x00, 0x00,
    0x1a, 0xe2, 0x00, 0x00, 0x01, 0x9e, 0x20, 0x00, 0x00, 0xbe, 0x30, 0x00, 0x00, 0x9e, 0x30, 0x00,
    0x00, 0x9e, 0x30, 0x00, 0x00, 0x9f, 0x74, 0x44, 0x44, 0x4f, 0xff, 0xff, 0xff, 0xff, 0x3b, 0xbb,
    0xbb, 0xbb, 0xb6, 0x3b, 0xbb, 0xdf, 0xbb, 0xb6, 0x00, 0x00, 0x8f, 0x00, 0x00, 0x00, 0x00, 0x8f,
    0x00, 0x00, 0x00, 0x00, 0x8f, 0x00, 0x00, 0x00, 0x00, 0x8f, 0x00, 0x00, 0x00, 0x00, 0x8f, 0x00,
    0x00, 0x00, 0x00, 0x8f, 0x00, 0x00, 0x00, 0x00, 0x8f, 0x00, 0x00, 0x00, 0x00, 0x8f, 0x00, 0x00,
    0x00, 0x00, 0x8f, 0x00, 0x00, 0x00, 0x00, 0x8f, 0x00, 0x00, 0x5b, 0x40, 0x00, 0x00, 0x5b, 0x40,
    0xdc, 0x00, 0x00, 0x1e, 0xb0, 0x04, 0xf7, 0x00, 0x08, 0xf2, 0x00, 0x09, 0xe2, 0x03, 0xf8, 0x00,
    0x00, 0x1e, 0xa0, 0xbd, 0x00, 0x00, 0x00, 0x7f, 0x9f, 0x40, 0x00, 0x00, 0x00, 0xbf, 0x90, 0x00,
    0x00, 0x00, 0x05, 0xf4, 0x00, 0x00, 0x00, 0x00, 0x4f, 0x40, 0x00, 0x00, 0x00, 0x04, 0xf4, 0x00,
    0x00, 0x00, 0x00, 0x4f, 0x40, 0x00, 0x00, 0x00, 0x04, 0xf4, 0x00, 0x00, 0x00, 0x00, 0x00, 0x33,
    0x00, 0x00, 0x00, 0x00, 0x00, 0x01, 0xcc, 0x10, 0x00, 0x00, 0x00, 0x06, 0xdf, 0xff, 0xfd, 0x80,
    0x00, 0x00, 0x9f, 0x84, 0xcc, 0x48, 0xe9, 0x00, 0x06, 0xf6, 0x00, 0xbb, 0x00, 0x3f, 0x80, 0x0c,
    0xb0, 0x00, 0xbb, 0x00, 0x09, 0xd0, 0x0f, 0x80, 0x00, 0xbb, 0x00, 0x07, 0xf0, 0x0f, 0x80, 0x00,
    0xbb, 0x00, 0x05, 0xf2, 0x0e, 0x90, 0x00, 0xbb, 0x00, 0x08, 0xf0, 0x08, 0xe1, 0x00, 0xbb, 0x00,
    0x1e, 0x90, 0x01, 0xdc, 0x40, 0xbb, 0x02, 0xce, 0x20, 0x00, 0x2b, 0xfd, 0xee, 0xcf, 0xc3, 0x00,
    0x00, 0x00, 0x38, 0xdd, 0x83, 0x00, 0x00, 0x00, 0x00, 0x00, 0x66, 0x00, 0x00, 0x00, 0x1b, 0x70,
    0x00, 0x00, 0x7b, 0x10, 0x8f, 0x30, 0x00, 0x4f, 0x70, 0x00, 0xcc, 0x10, 0x1d, 0xb0, 0x00, 0x03,
    0xe8, 0x08, 0xe2, 0x00, 0x00, 0x07, 0xf6, 0xf6, 0x00, 0x00, 0x00, 0x0b, 0xfa, 0x00, 0x00, 0x00,
    0x00, 0xaf, 0xa0, 0x00, 0x00, 0x00, 0x7f, 0x7f, 0x60, 0x00, 0x00, 0x2e, 0x80, 0xae, 0x20, 0x00,
    0x0c, 0xc1, 0x01, 0xeb, 0x00, 0x08, 0xf3, 0x00, 0x04, 0xf7, 0x03, 0xf8, 0x00, 0x00, 0x08, 0xe3,
    0x68, 0x00, 0x08, 0x80, 0x00, 0x88, 0x8b, 0x00, 0x0b, 0xb0, 0x00, 0xbb, 0x8b, 0x00, 0x0b, 0xb0,
    0x00, 0xbb, 0x8b, 0x00, 0x0b, 0xb0, 0x00, 0xbb, 0x8f, 0x00, 0x0b, 0xb0, 0x00, 0xc8, 0x5f, 0x20,
    0x0b, 0xb0, 0x01, 0xf6, 0x0d, 0xc1, 0x0b, 0xb0, 0x1a, 0xe1, 0x03, 0xde, 0xbe, 0xeb, 0xee, 0x30,
    0x00, 0x05, 0x8d, 0xd8, 0x61, 0x00, 0x00, 0x00, 0x0b, 0xb0, 0x00, 0x00, 0x00, 0x00, 0x0b, 0xb0,
    0x00, 0x00, 0x00, 0x00, 0x0b, 0xb0, 0x00, 0x00, 0x00, 0x02, 0x8b, 0xb9, 0x40, 0x00, 0x00, 0x6f,
    0xd9, 0x8c, 0xf9, 0x00, 0x03, 0xf9, 0x00, 0x00, 0x6f, 0x80, 0x0a, 0xd0, 0x00, 0x00, 0x09, 0xe1,
    0x0f, 0x80, 0x00, 0x00, 0x04, 0xf4, 0x0f, 0x80, 0x00, 0x00, 0x04, 0xf4, 0x0f, 0x80, 0x00, 0x00,
    0x04, 0xf4, 0x0c, 0xc0, 0x00, 0x00, 0x07, 0xf2, 0x05, 0xf6, 0x00, 0x00, 0x1e, 0x80, 0x00, 0x6e,
    0x91, 0x06, 0xea, 0x10, 0x04, 0x47, 0xf4, 0x0b, 0x94, 0x41, 0x0f, 0xff, 0xf4, 0x0b, 0xff, 0xf4,
    0x4d, 0x40, 0xd8, 0x4d, 0x40, 0xd8, 0x00, 0x00, 0x00, 0x00, 0x6b, 0x00, 0x00, 0x8f, 0x00, 0x00,
    0x8f, 0x00, 0x00, 0x8f, 0x00, 0x00, 0x8f, 0x00, 0x00, 0x8f, 0x00, 0x00, 0x8f, 0x00, 0x00, 0x8f,
    0x00, 0x00, 0x8f, 0x00, 0x00, 0x8f, 0x00, 0x00, 0x8f, 0x00, 0x00, 0x8f, 0x00, 0x00, 0x1d, 0x80,
    0x8b, 0x00, 0x00, 0x01, 0xd8, 0x08, 0xc0, 0x00, 0x00, 0x00, 0x00, 0x00, 0x00, 0x05, 0xb4, 0x00,
    0x00, 0x05, 0xb4, 0x0d, 0xc0, 0x00, 0x01, 0xeb, 0x00, 0x4f, 0x70, 0x00, 0x8f, 0x20, 0x00, 0x9e,
    0x20, 0x3f, 0x80, 0x00, 0x01, 0xea, 0x0b, 0xd0, 0x00, 0x00, 0x07, 0xf9, 0xf4, 0x00, 0x00, 0x00,
    0x0b, 0xf9, 0x00, 0x00, 0x00, 0x00, 0x5f, 0x40, 0x00, 0x00, 0x00, 0x04, 0xf4, 0x00, 0x00, 0x00,
    0x00, 0x4f, 0x40, 0x00, 0x00, 0x00, 0x04, 0xf4, 0x00, 0x00, 0x00, 0x00, 0x4f, 0x40, 0x00, 0x00,
    0x00, 0x00, 0x24, 0x00, 0x00, 0x00, 0x00, 0x08, 0xd0, 0x00, 0x00, 0x00, 0x00, 0x98, 0x00, 0x00,
    0x00, 0x00, 0x00, 0x00, 0x00, 0x00, 0x00, 0x39, 0xbb, 0x50, 0x68, 0x00, 0x3e, 0xb8, 0x8e, 0x5b,
    0x80, 0x0b, 0xb0, 0x00, 0x4d, 0xe5, 0x01, 0xf6, 0x00, 0x00, 0xbf, 0x00, 0x4f, 0x40, 0x00, 0x08,
    0xb0, 0x02, 0xf4, 0x00, 0x00, 0x9e, 0x00, 0x0d, 0x90, 0x00, 0x2e, 0xe4, 0x00, 0x7f, 0x71, 0x4c,
    0x8a, 0x80, 0x00, 0x8e, 0xff, 0x80, 0x7d, 0x00, 0x00, 0x04, 0x10, 0x00, 0x00, 0x00, 0x00, 0x33,
    0x00, 0x00, 0x00, 0xe7, 0x00, 0x00, 0x00, 0xf2, 0x00, 0x00, 0x00, 0x00, 0x00, 0x00, 0x7b, 0xba,
    0x50, 0x08, 0xe8, 0x8a, 0xf4, 0x0f, 0x80, 0x00, 0x84, 0x0d, 0xc3, 0x00, 0x00, 0x02, 0xdf, 0xf4,
    0x00, 0x0c, 0xc4, 0x00, 0x00, 0x3f, 0x60, 0x00, 0x64, 0x0e, 0xc4, 0x05, 0xe8, 0x03, 0xcf, 0xff,
    0x80, 0x00, 0x01, 0x40, 0x00, 0x00, 0x02, 0x40, 0x00, 0x00, 0x08, 0xd0, 0x00, 0x00, 0x08, 0x80,
    0x00, 0x00, 0x00, 0x00, 0x00, 0x86, 0x5b, 0xb9, 0x10, 0xbb, 0xc8, 0x8e, 0xb0, 0xbd, 0x10, 0x06,
    0xf2, 0xbb, 0x00, 0x04, 0xf4, 0xbb, 0x00, 0x04, 0xf4, 0xbb, 0x00, 0x04, 0xf4, 0xbb, 0x00, 0x04,
    0xf4, 0xbb, 0x00, 0x04, 0xf4, 0xbb, 0x00, 0x04, 0xf4, 0x00, 0x00, 0x04, 0xf4, 0x00, 0x00, 0x04,
    0xf4, 0x00, 0x00, 0x04, 0xf4, 0x00, 0x00, 0x01, 0x41, 0x14, 0x10, 0x5e, 0x00, 0x89, 0x00, 0x00,
    0x00, 0x88, 0x00, 0xbb, 0x00, 0xbb, 0x00, 0xbb, 0x00, 0xbb, 0x00, 0xbb, 0x00, 0xbb, 0x00, 0xbc,
    0x40, 0x5e, 0xf2, 0x00, 0x00, 0x00, 0x08, 0xc0, 0x00, 0x00, 0x0b, 0x70, 0x00, 0x5e, 0x33, 0x1a,
    0xc0, 0x4b, 0x20, 0x08, 0x80, 0x00, 0x00, 0x00, 0x00, 0x88, 0x00, 0x03, 0xb3, 0xbb, 0x00, 0x04,
    0xf4, 0xbb, 0x00, 0x04, 0xf4, 0xbb, 0x00, 0x04, 0xf4, 0xbb, 0x00, 0x04, 0xf4, 0xbb, 0x00, 0x04,
    0xf4, 0xbc, 0x00, 0x05, 0xf3, 0x6f, 0x74, 0x5c, 0xd0, 0x08, 0xff, 0xfb, 0x30, 0x00, 0x03, 0x10,
    0x00, 0x00, 0x39, 0xbb, 0x50, 0x68, 0x00, 0x3e, 0xb8, 0x8e, 0x5b, 0x80, 0x0b, 0xb0, 0x00, 0x4d,
    0xe5, 0x01, 0xf6, 0x00, 0x00, 0xbf, 0x00, 0x4f, 0x40, 0x00, 0x08, 0xb0, 0x02, 0xf4, 0x00, 0x00,
    0x9e, 0x00, 0x0d, 0x90, 0x00, 0x2e, 0xe4, 0x00, 0x7f, 0x71, 0x4c, 0x8a, 0x80, 0x00, 0x8e, 0xff,
    0x80, 0x7d, 0x00, 0x00, 0x04, 0x10, 0x00, 0x00, 0x03, 0x9b, 0xb6, 0x00, 0x3e, 0xd8, 0x9f, 0x80,
    0x9d, 0x00, 0x07, 0xf0, 0xbb, 0x00, 0x04, 0xf2, 0xbb, 0x00, 0x0a, 0xc0, 0xbb, 0x0b, 0xec, 0x10,
    0xbb, 0x08, 0x8d, 0x90, 0xbb, 0x00, 0x01, 0xe7, 0xbb, 0x00, 0x00, 0xb8, 0xbc, 0x00, 0x00, 0xd8,
    0xbf, 0x84, 0x4a, 0xf2, 0xbc, 0xbf, 0xfd, 0x50, 0xbb, 0x02, 0x20, 0x00, 0xbb, 0x00, 0x00, 0x00,
    0xbb, 0x00, 0x00, 0x00, 0x33, 0x00, 0x00, 0x00, 0x5b, 0x10, 0x00, 0x1b, 0x52, 0xf6, 0x00, 0x06,
    0xf2, 0x0a, 0xc0, 0x00, 0xca, 0x00, 0x6f, 0x20, 0x2f, 0x60, 0x00, 0xe7, 0x07, 0xe0, 0x00, 0x09,
    0xd0, 0xd8, 0x00, 0x00, 0x3f, 0x6f, 0x30, 0x00, 0x00, 0xcd, 0xc0, 0x00, 0x00, 0x07, 0xf6, 0x00,
    0x00, 0x00, 0x4f, 0x40, 0x00, 0x00, 0x04, 0xf4, 0x00, 0x00, 0x00, 0x4f, 0x40, 0x00, 0x00, 0x01,
    0x41, 0x00, 0x00, 0x00, 0x05, 0x88, 0xb6, 0x00, 0x09, 0xfb, 0x98, 0x40, 0x00, 0xf8, 0x00, 0x00,
    0x00, 0x08, 0xe6, 0x10, 0x00, 0x00, 0x3a, 0xff, 0x91, 0x00, 0x5f, 0x84, 0x5e, 0xb0, 0x0d, 0x90,
    0x00, 0x4f, 0x53, 0xf4, 0x00, 0x00, 0xf8, 0x4f, 0x40, 0x00, 0x0f, 0x80, 0xf7, 0x00, 0x02, 0xf6,
    0x08, 0xe5, 0x03, 0xce, 0x10, 0x18, 0xff, 0xfb, 0x30, 0x00, 0x00, 0x42, 0x00, 0x00, 0x00, 0x7b,
    0xba, 0x50, 0x08, 0xe8, 0x8a, 0xf4, 0x0f, 0x80, 0x00, 0x84, 0x0d, 0xc3, 0x00, 0x00, 0x02, 0xdf,
    0xf4, 0x00, 0x0c, 0xc4, 0x00, 0x00, 0x3f, 0x60, 0x00, 0x64, 0x0e, 0xc4, 0x05, 0xe8, 0x03, 0xcf,
    0xff, 0x80, 0x00, 0x01, 0x40, 0x00, 0x08, 0xbb, 0xbb, 0xb3, 0x06, 0x88, 0x8a, 0xf3, 0x00, 0x00,
    0x3e, 0x70, 0x00, 0x01, 0xda, 0x00, 0x00, 0x0b, 0xc1, 0x00, 0x00, 0x8e, 0x30, 0x00, 0x05, 0xf6,
    0x00, 0x00, 0x0d, 0x90, 0x00, 0x00, 0x3f, 0x40, 0x00, 0x00, 0x2f, 0x50, 0x00, 0x00, 0x0b, 0xe6,
    0x44, 0x00, 0x01, 0x9e, 0xff, 0xe2, 0x00, 0x00, 0x01, 0xf6, 0x00, 0x00, 0x00, 0xf8, 0x00, 0x00,
    0x00, 0x42, 0x86, 0x5b, 0xb9, 0x10, 0xbb, 0xc8, 0x8e, 0xb0, 0xbd, 0x10, 0x06, 0xf2, 0xbb, 0x00,
    0x04, 0xf4, 0xbb, 0x00, 0x04, 0xf4, 0xbb, 0x00, 0x04, 0xf4, 0xbb, 0x00, 0x04, 0xf4, 0xbb, 0x00,
    0x04, 0xf4, 0xbb, 0x00, 0x04, 0xf4, 0x00, 0x00, 0x04, 0xf4, 0x00, 0x00, 0x04, 0xf4, 0x00, 0x00,
    0x04, 0xf4, 0x00, 0x00, 0x01, 0x41, 0x00, 0x18, 0xbb, 0x80, 0x00, 0x0c, 0xd8, 0x8e, 0xb0, 0x06,
    0xe2, 0x00, 0x3f, 0x60, 0xb9, 0x00, 0x00, 0xaa, 0x0f, 0x80, 0x00, 0x08, 0xe0, 0xfb, 0x88, 0x88,
    0xbf, 0x0f, 0xdb, 0xbb, 0xbd, 0xf0, 0xf8, 0x00, 0x00, 0x8f, 0x0c, 0x80, 0x00, 0x09, 0xb0, 0x8d,
    0x00, 0x01, 0xe7, 0x02, 0xe9, 0x22, 0xae, 0x10, 0x03, 0xdf, 0xfd, 0x30, 0x00, 0x00, 0x33, 0x00,
    0x00, 0x88, 0x00, 0xbb, 0x00, 0xbb, 0x00, 0xbb, 0x00, 0xbb, 0x00, 0xbb, 0x00, 0xbb, 0x00, 0xbc,
    0x40, 0x5e, 0xf2, 0x00, 0x00, 0x88, 0x00, 0x08, 0xa0, 0xbb, 0x00, 0x8e, 0x30, 0xbb, 0x05, 0xf5,
    0x00, 0xbb, 0x3e, 0x60, 0x00, 0xbe, 0xeb, 0x00, 0x00, 0xbc, 0x8e, 0x30, 0x00, 0xbb, 0x09, 0xe1,
    0x00, 0xbb, 0x01, 0xcc, 0x10, 0xbb, 0x00, 0x1e, 0xa0, 0x08, 0xb8, 0x00, 0x00, 0x00, 0x00, 0x48,
    0xe8, 0x00, 0x00, 0x00, 0x00, 0x08, 0xe0, 0x00, 0x00, 0x00, 0x00, 0x6f, 0x50, 0x00, 0x00, 0x00,
    0x0a, 0xfa, 0x00, 0x00, 0x00, 0x02, 0xf8, 0xf2, 0x00, 0x00, 0x00, 0x8e, 0x0e, 0x70, 0x00, 0x00,
    0x0d, 0x80, 0x8d, 0x00, 0x00, 0x04, 0xf3, 0x03, 0xf4, 0x00, 0x00, 0x9d, 0x00, 0x0c, 0x90, 0x00,
    0x1e, 0x80, 0x00, 0x6f, 0x41, 0x06, 0xf2, 0x00, 0x00, 0x9f, 0xe0, 0x00, 0x00, 0x00, 0x00, 0x23,
    0x00, 0x88, 0x00, 0x03, 0xb3, 0x0b, 0xb0, 0x00, 0x4f, 0x40, 0xbb, 0x00, 0x04, 0xf4, 0x0b, 0xb0,
    0x00, 0x4f, 0x40, 0xbb, 0x00, 0x04, 0xf4, 0x0b, 0xb0, 0x00, 0x4f, 0x40, 0xbc, 0x00, 0x05, 0xf4,
    0x0b, 0xf8, 0x25, 0xbf, 0x81, 0xbc, 0xbf, 0xe6, 0x8f, 0x4b, 0xb0, 0x00, 0x00, 0x00, 0xbb, 0x00,
    0x00, 0x00, 0x0b, 0xb0, 0x00, 0x00, 0x00, 0x33, 0x00, 0x00, 0x00, 0x00, 0x6a, 0x30, 0x00, 0x08,
    0x94, 0xcb, 0x00, 0x01, 0xe8, 0x05, 0xf2, 0x00, 0x6f, 0x20, 0x0e, 0x80, 0x0a, 0xb0, 0x00, 0x8d,
    0x02, 0xf6, 0x00, 0x03, 0xf3, 0x7e, 0x00, 0x00, 0x0c, 0x8c, 0x90, 0x00, 0x00, 0x6d, 0xf3, 0x00,
    0x00, 0x01, 0xfc, 0x00, 0x00, 0x06, 0xbb, 0xbb, 0xb8, 0x04, 0x8e, 0xda, 0x86, 0x02, 0xe6, 0x00,
    0x00, 0x08, 0xf0, 0x00, 0x00, 0x06, 0xf3, 0x00, 0x00, 0x00, 0x8c, 0xa8, 0x80, 0x01, 0x9d, 0xbb,
    0xb0, 0x0b, 0xb1, 0x00, 0x00, 0x0f, 0x50, 0x00, 0x00, 0x0f, 0x80, 0x00, 0x00, 0x08, 0xe8, 0x44,
    0x20, 0x00, 0x8d, 0xff, 0xf8, 0x00, 0x00, 0x00, 0x8d, 0x00, 0x00, 0x00, 0x8f, 0x00, 0x00, 0x00,
    0x24, 0x00, 0x39, 0xbb, 0x80, 0x00, 0x3e, 0xb8, 0x8e, 0xb0, 0x0b, 0xc0, 0x00, 0x3f, 0x61, 0xf6,
    0x00, 0x00, 0xca, 0x4f, 0x40, 0x00, 0x0b, 0xb2, 0xf5, 0x00, 0x00, 0xbb, 0x0d, 0x90, 0x00, 0x1e,
    0x70, 0x7f, 0x71, 0x3c, 0xe1, 0x00, 0x8e, 0xff, 0xd3, 0x00, 0x00, 0x04, 0x20, 0x00, 0x8b, 0xbb,
    0xbb, 0xbb, 0xb3, 0x69, 0xf9, 0x88, 0xbd, 0x82, 0x04, 0xf4, 0x00, 0x8b, 0x00, 0x04, 0xf4, 0x00,
    0x8b, 0x00, 0x04, 0xf4, 0x00, 0x8b, 0x00, 0x04, 0xf4, 0x00, 0x8b, 0x00, 0x04, 0xf4, 0x00, 0x8b,
    0x00, 0x04, 0xf4, 0x00, 0x8d, 0x40, 0x04, 0xf4, 0x00, 0x3e, 0xf4, 0x00, 0x00, 0x00, 0x00, 0x00,
    0x01, 0x8b, 0xb9, 0x20, 0x0c, 0xe8, 0x8d, 0xe2, 0x6f, 0x30, 0x01, 0xe9, 0xab, 0x00, 0x00, 0x8d,
    0xbb, 0x00, 0x00, 0x8f, 0xbb, 0x00, 0x00, 0x8f, 0xbe, 0x10, 0x00, 0xca, 0xbe, 0xa2, 0x29, 0xf4,
    0xbb, 0x8f, 0xfe, 0x60, 0xbb, 0x02, 0x40, 0x00, 0xbb, 0x00, 0x00, 0x00, 0xbb, 0x00, 0x00, 0x00,
    0x33, 0x00, 0x00, 0x00, 0x00, 0x39, 0xbb, 0x80, 0x00, 0x3e, 0xb8, 0x8e, 0xb0, 0x0b, 0xc0, 0x00,
    0x4c, 0x31, 0xf6, 0x00, 0x00, 0x00, 0x4f, 0x40, 0x00, 0x00, 0x02, 0xf5, 0x00, 0x00, 0x00, 0x0d,
    0x90, 0x00, 0x00, 0x00, 0x5f, 0x84, 0x42, 0x00, 0x00, 0x5c, 0xff, 0xf8, 0x00, 0x00, 0x00, 0x07,
    0xf0, 0x00, 0x00, 0x00, 0x4f, 0x00, 0x00, 0x00, 0x01, 0x40, 0x00, 0x28, 0xbb, 0xbb, 0xb8, 0x03,
    0xed, 0x89, 0xe9, 0x86, 0x0b, 0xc1, 0x00, 0x4e, 0x20, 0x1f, 0x60, 0x00, 0x0c, 0x80, 0x4f, 0x40,
    0x00, 0x0b, 0xb0, 0x2f, 0x50, 0x00, 0x0b, 0xb0, 0x0d, 0x90, 0x00, 0x1e, 0x80, 0x07, 0xf7, 0x13,
    0xce, 0x20, 0x00, 0x8e, 0xff, 0xd3, 0x00, 0x00, 0x00, 0x42, 0x00, 0x00, 0x8b, 0xbb, 0xbb, 0xb3,
    0x68, 0x8f, 0xb8, 0x82, 0x00, 0x0f, 0x80, 0x00, 0x00, 0x0f, 0x80, 0x00, 0x00, 0x0f, 0x80, 0x00,
    0x00, 0x0f, 0x80, 0x00, 0x00, 0x0f, 0x80, 0x00, 0x00, 0x0d, 0xa4, 0x10, 0x00, 0x06, 0xef, 0x60,
    0x00, 0x00, 0x00, 0x00, 0x88, 0x00, 0x03, 0xb3, 0xbb, 0x00, 0x04, 0xf4, 0xbb, 0x00, 0x04, 0xf4,
    0xbb, 0x00, 0x04, 0xf4, 0xbb, 0x00, 0x04, 0xf4, 0xbb, 0x00, 0x04, 0xf4, 0xbc, 0x00, 0x05, 0xf3,
    0x6f, 0x74, 0x5c, 0xd0, 0x08, 0xff, 0xfb, 0x30, 0x00, 0x03, 0x10, 0x00, 0x00, 0x58, 0x03, 0xae,
    0xa2, 0x00, 0x4f, 0x80, 0xac, 0x7c, 0xd1, 0x0b, 0x90, 0x0f, 0x80, 0x1f, 0x61, 0xf5, 0x00, 0xf8,
    0x00, 0xba, 0x4f, 0x40, 0x0f, 0x80, 0x0b, 0xb2, 0xf5, 0x00, 0xf8, 0x00, 0xc9, 0x0d, 0xa0, 0x0f,
    0x80, 0x3f, 0x60, 0x5f, 0xa3, 0xf9, 0x6e, 0xc0, 0x00, 0x5d, 0xff, 0xfe, 0x81, 0x00, 0x00, 0x02,
    0xf8, 0x00, 0x00, 0x00, 0x00, 0x0f, 0x80, 0x00, 0x00, 0x00, 0x00, 0xf8, 0x00, 0x00, 0x00, 0x00,
    0x04, 0x20, 0x00, 0x00, 0x8a, 0x30, 0x00, 0x2b, 0x46, 0xcb, 0x00, 0x09, 0xd0, 0x02, 0xf6, 0x03,
    0xf5, 0x00, 0x09, 0xd0, 0xbb, 0x00, 0x00, 0x2f, 0x9f, 0x40, 0x00, 0x00, 0x9f, 0xa0, 0x00, 0x00,
    0x06, 0xf6, 0x00, 0x00, 0x00, 0xdd, 0xd0, 0x00, 0x00, 0x7e, 0x2e, 0x70, 0x00, 0x1e, 0x80, 0x8e,
    0x10, 0x08, 0xe1, 0x01, 0xe8, 0x01, 0xe8, 0x00, 0x06, 0xff, 0x14, 0x10, 0x00, 0x02, 0x40, 0x00,
    0x00, 0x6b, 0x00, 0x00, 0x00, 0x00, 0x08, 0xf0, 0x00, 0x00, 0x88, 0x00, 0x8f, 0x00, 0x3b, 0x3b,
    0xb0, 0x08, 0xf0, 0x04, 0xf4, 0xbb, 0x00, 0x8f, 0x00, 0x4f, 0x4b, 0xb0, 0x08, 0xf0, 0x04, 0xf4,
    0xbb, 0x00, 0x8f, 0x00, 0x4f, 0x4b, 0xb0, 0x08, 0xf0, 0x04, 0xf2, 0x7f, 0x10, 0x8f, 0x00, 0x9d,
    0x01, 0xec, 0x58, 0xf3, 0x8f, 0x70, 0x03, 0xbf, 0xff, 0xfe, 0x70, 0x00, 0x00, 0x09, 0xf2, 0x00,
    0x00, 0x00, 0x00, 0x8f, 0x00, 0x00, 0x00, 0x00, 0x08, 0xf0, 0x00, 0x00, 0x00, 0x00, 0x24, 0x00,
    0x00, 0x00, 0x00, 0x8a, 0x10, 0x00, 0x1b, 0x60, 0x00, 0x4f, 0x50, 0x00, 0x00, 0x7f, 0x20, 0x0a,
    0xb0, 0x00, 0x00, 0x00, 0xd9, 0x00, 0xf7, 0x00, 0x3b, 0x30, 0x08, 0xe0, 0x4f, 0x40, 0x04, 0xf4,
    0x00, 0x6f, 0x04, 0xf4, 0x00, 0x4f, 0x40, 0x06, 0xf0, 0x0f, 0x70, 0x06, 0xf4, 0x00, 0x8e, 0x00,
    0x9e, 0x54, 0xcd, 0xc4, 0x5e, 0x80, 0x01, 0xbf, 0xfa, 0x1c, 0xff, 0x91, 0x00, 0x00, 0x00, 0x00,
    0x00, 0x00, 0x00, 0x00, 0x20, 0x03, 0xef, 0xe3, 0xdf, 0xff, 0xdf, 0xff, 0xff, 0xbf, 0xff, 0xb1,
    0x9b, 0x91, 0x00, 0x38, 0x61, 0x00, 0x8f, 0xbd, 0xc1, 0x2f, 0x60, 0x1f, 0x74, 0xf4, 0x00, 0xb8,
    0x4f, 0x40, 0x0c, 0x80, 0xe9, 0x16, 0xf4, 0x03, 0xdf, 0xe8, 0x00, 0x00, 0x00, 0x00, 0x1b, 0x20,
    0x71, 0x0b, 0x30, 0xf4, 0x0f, 0x40, 0xf4, 0x0f, 0x40, 0x00, 0x01, 0x43, 0x00, 0x00, 0x9f, 0xb0,
    0x00, 0x6e, 0xab, 0x00, 0x3e, 0x48, 0xb0, 0x1d, 0x94, 0x9c, 0x24, 0xff, 0xff, 0xf8, 0x00, 0x00,
    0x8b, 0x00, 0x02, 0x44, 0x44, 0x00, 0x8e, 0xbb, 0xb0, 0x0b, 0x82, 0x20, 0x00, 0xbe, 0xbe, 0x90,
    0x00, 0x20, 0x2f, 0x40, 0xb6, 0x04, 0xf3, 0x06, 0xef, 0xe7, 0x00, 0x00, 0x00, 0x00, 0x00, 0x38,
    0x60, 0x00, 0x7f, 0xbd, 0xc0, 0x1f, 0x71, 0x38, 0x24, 0xf9, 0xbe, 0xb0, 0x4f, 0x50, 0x1f, 0x41,
    0xe8, 0x03, 0xf3, 0x03, 0xdf, 0xe8, 0x00, 0x00, 0x00, 0x00, 0x14, 0x44, 0x43, 0x3b, 0xbb, 0xeb,
    0x00, 0x01, 0xe6, 0x00, 0x0a, 0xb0, 0x00, 0x4f, 0x20, 0x01, 0xd8, 0x00, 0x08, 0xd0, 0x00, 0x00,
    0x58, 0x51, 0x00, 0xad, 0x8d, 0xc1, 0x0e, 0x60, 0x4f, 0x30, 0x5d, 0xbe, 0x70, 0x1e, 0x94, 0x7e,
    0x33, 0xf5, 0x02, 0xf7, 0x08, 0xef, 0xf9, 0x10, 0x00, 0x00, 0x00, 0x00, 0x68, 0x50, 0x00, 0xcd,
    0x8d, 0x90, 0x4f, 0x10, 0x3f, 0x32, 0xf8, 0x48, 0xf4, 0x05, 0xbb, 0x6f, 0x41, 0xb7, 0x29, 0xe1,
    0x06, 0xef, 0xd3, 0x00, 0x00, 0x00, 0x00, 0x00, 0x00, 0x00, 0x4f, 0x00, 0x89, 0xf8, 0x68, 0x9f,
    0x86, 0x04, 0xf0, 0x00, 0x14, 0x00, 0x88, 0x88, 0x6b, 0xbb, 0xb8, 0x68, 0x88, 0x66, 0x88, 0x86,
    0x68, 0x88, 0x68, 0xbb, 0xb8, 0x09, 0x54, 0xf2, 0x8c, 0x0b, 0x80, 0xb8, 0x0b, 0x90, 0x7e, 0x01,
    0xd6, 0x02, 0x30, 0x2b, 0x10, 0x0c, 0x80, 0x08, 0xd0, 0x04, 0xf1, 0x04, 0xf4, 0x05, 0xf0, 0x09,
    0xa0, 0x2f, 0x40, 0x23, 0x00, 0x0b, 0x7c, 0xd6, 0x00, 0xf9, 0x49, 0xf0, 0x0f, 0x40, 0x4f, 0x00,
    0xf4, 0x04, 0xf0, 0x0f, 0x40, 0x4f, 0x00, 0x00, 0x00, 0x00, 0x00, 0x3d, 0xfe, 0x80, 0x0e, 0xa1,
    0x6f, 0x44, 0xf4, 0x00, 0xc8, 0x4f, 0x40, 0x0b, 0x82, 0xf6, 0x01, 0xf7, 0x08, 0xfb, 0xdc, 0x10,
    0x03, 0x86, 0x10, 0x08, 0xef, 0x4b, 0xaf, 0x00, 0x8f, 0x00, 0x8f, 0x00, 0x8f, 0x00, 0x8f, 0x00,
    0x24, 0x00, 0x00, 0x00, 0x00, 0x6e, 0xfe, 0x60, 0x0f, 0x60, 0x7f, 0x00, 0x00, 0x09, 0xd0, 0x00,
    0x19, 0xe3, 0x00, 0x2c, 0xb1, 0x00, 0x0e, 0xfb, 0xbb, 0x30, 0x44, 0x44, 0x41, 0x00, 0x00, 0x00,
    0x00, 0x6d, 0xfe, 0x70, 0x0b, 0x60, 0x6f, 0x00, 0x01, 0x5a, 0xb0, 0x00, 0x28, 0xca, 0x12, 0x82,
    0x02, 0xf6, 0x0c, 0xdb, 0xde, 0x20, 0x05, 0x85, 0x10, 0x00, 0x06, 0xfb, 0x00, 0x03, 0xec, 0xb0,
    0x01, 0xc8, 0x8b, 0x00, 0x9b, 0x08, 0xb0, 0x3f, 0xcb, 0xde, 0x61, 0x44, 0x49, 0xc2, 0x00, 0x00,
    0x23, 0x00, 0x08, 0xff, 0xff, 0x00, 0x98, 0x00, 0x00, 0x0b, 0xab, 0xb5, 0x00, 0x57, 0x47, 0xf2,
    0x08, 0x20, 0x1f, 0x40, 0x9d, 0x8d, 0xc0, 0x00, 0x58, 0x50, 0x00, 0x00, 0x00, 0x00, 0x00, 0x3d,
    0xfe, 0x70, 0x0d, 0x94, 0x6b, 0x24, 0xf5, 0xab, 0x50, 0x4f, 0x84, 0x7f, 0x32, 0xf5, 0x01, 0xf4,
    0x08, 0xe8, 0xdc, 0x10, 0x03, 0x85, 0x10, 0x4f, 0xff, 0xfb, 0x00, 0x00, 0xb9, 0x00, 0x07, 0xe1,
    0x00, 0x1e, 0x60, 0x00, 0xab, 0x00, 0x04, 0xf2, 0x00, 0x03, 0x30, 0x00, 0x00, 0x00, 0x00, 0x00,
    0x6d, 0xfe, 0x80, 0x0f, 0x70, 0x5f, 0x30, 0x9c, 0x5a, 0xb0, 0x08, 0xc8, 0xca, 0x14, 0xf4, 0x00,
    0xf7, 0x1c, 0xd8, 0xbe, 0x30, 0x05, 0x86, 0x10, 0x00, 0x00, 0x00, 0x00, 0x6e, 0xfe, 0x60, 0x3f,
    0x50, 0x7f, 0x24, 0xf3, 0x04, 0xf4, 0x09, 0xfb, 0x9f, 0x41, 0x83, 0x14, 0xf2, 0x0b, 0xeb, 0xf8,
    0x00, 0x05, 0x84, 0x00, 0x03, 0xb0, 0x00, 0x4f, 0x00, 0xff, 0xff, 0xb0, 0x4f, 0x00, 0x03, 0xb0,
    0x00, 0x00, 0x00, 0x0f, 0xff, 0xfb, 0x00, 0x00, 0x00, 0x00, 0x00, 0x0b, 0xff, 0xfb, 0x00, 0x00,
    0x0b, 0xff, 0xfb, 0x00, 0x00, 0x00, 0x05, 0x52, 0xf4, 0x7d, 0x0b, 0x90, 0xb8, 0x0b, 0x80, 0x8c,
    0x02, 0xf4, 0x06, 0x40, 0x27, 0x00, 0x0e, 0x60, 0x08, 0xc0, 0x05, 0xf0, 0x04, 0xf4, 0x04, 0xf1,
    0x08, 0xd0, 0x0d, 0x80, 0x28, 0x00, 0x02, 0x88, 0x40, 0x1c, 0x88, 0xe5, 0x03, 0x88, 0xe8, 0x5e,
    0x64, 0xc8, 0x6e, 0x88, 0xe8, 0x04, 0x83, 0x32, 0x01, 0x78, 0x60, 0x00, 0xca, 0x8c, 0x80, 0x4f,
    0x88, 0x9f, 0x04, 0xf5, 0x44, 0x40, 0x0c, 0xb8, 0xc9, 0x00, 0x05, 0x85, 0x00, 0x01, 0x78, 0x60,
    0x00, 0xcc, 0x8d, 0xb0, 0x4f, 0x10, 0x5f, 0x24, 0xf2, 0x05, 0xf2, 0x0c, 0xd8, 0xe9, 0x00, 0x05,
    0x85, 0x00, 0x38, 0x10, 0x56, 0x0b, 0xb5, 0xf3, 0x02, 0xee, 0x70, 0x04, 0xfc, 0x90, 0x1d, 0x83,
    0xe6, 0x24, 0x00, 0x23, 0x00, 0x00, 0x00, 0x00, 0x6e, 0xfe, 0x60, 0x09, 0x74, 0x8f, 0x32, 0x88,
    0x88, 0xf8, 0x3f, 0xcb, 0xbf, 0x80, 0xe8, 0x03, 0xf5, 0x06, 0xfc, 0xf9, 0x00, 0x03, 0x73, 0x00,
    0x0f, 0x40, 0x00, 0x00, 0xf5, 0x78, 0x20, 0x0f, 0xc8, 0xdd, 0x00, 0xf4, 0x04, 0xf0, 0x0f, 0x40,
    0x4f, 0x00, 0xf4, 0x04, 0xf0, 0x04, 0x10, 0x14, 0x00, 0x0f, 0x40, 0x00, 0x00, 0xf4, 0x07, 0x50,
    0x0f, 0x49, 0xc1, 0x00, 0xfd, 0xe1, 0x00, 0x0f, 0xae, 0x80, 0x00, 0xf4, 0x5f, 0x60, 0x04, 0x10,
    0x33, 0x00, 0x0f, 0x40, 0xf4, 0x0f, 0x40, 0xf4, 0x0f, 0x40, 0xf4, 0x04, 0x10, 0x08, 0x38, 0x60,
    0x68, 0x20, 0x0f, 0xc8, 0xea, 0x8c, 0xe0, 0x0f, 0x40, 0xbb, 0x04, 0xf0, 0x0f, 0x40, 0xbb, 0x04,
    0xf0, 0x0f, 0x40, 0xbb, 0x04, 0xf0, 0x04, 0x10, 0x33, 0x01, 0x40, 0x08, 0x37, 0x82, 0x00, 0xfc,
    0x8d, 0xd0, 0x0f, 0x40, 0x4f, 0x00, 0xf4, 0x04, 0xf0, 0x0f, 0x40, 0x4f, 0x00, 0x41, 0x01, 0x40,
    0x08, 0x37, 0x82, 0x00, 0xfc, 0x8c, 0xe1, 0x0f, 0x50, 0x2f, 0x40, 0xf5, 0x02, 0xf4, 0x0f, 0xc9,
    0xdc, 0x00, 0xf5, 0x66, 0x10, 0x0f, 0x40, 0x00, 0x00, 0x41, 0x00, 0x00, 0x02, 0x88, 0x40, 0x2e,
    0x98, 0xc3, 0x1e, 0xb8, 0x50, 0x03, 0x58, 0xe7, 0x2e, 0x98, 0xe5, 0x02, 0x78, 0x30, 0x08, 0x20,
    0x6f, 0x94, 0x6f, 0x94, 0x0f, 0x40, 0x0f, 0x40, 0x0e, 0xb4, 0x02, 0x83, 0x00, 0x00, 0x01, 0x00,
    0x00, 0x00, 0x00, 0x00, 0x03, 0xe5, 0x00, 0x00, 0x00, 0x00, 0x03, 0xec, 0x10, 0x00, 0x00, 0x00,
    0x03, 0xec, 0x10, 0x00, 0x00, 0x00, 0x03, 0xe9, 0x00, 0x00, 0x00, 0x00, 0x03, 0xed, 0xbb, 0xbb,
    0xbb, 0xbb, 0xb3, 0x1c, 0xd8, 0x88, 0x88, 0x88, 0x88, 0x20, 0x1c, 0xc1, 0x00, 0x00, 0x00, 0x00,
    0x00, 0x1c, 0xc1, 0x00, 0x00, 0x00, 0x00, 0x00, 0x1c, 0xc1, 0x00, 0x00, 0x00, 0x00, 0x00, 0x1b,
    0x30, 0x00, 0x00, 0x00, 0x00, 0x00, 0x08, 0x10, 0x00, 0x00, 0x00, 0x09, 0xfc, 0x10, 0x00, 0x00,
    0x09, 0xcd, 0xbc, 0x10, 0x00, 0x09, 0xe3, 0xf4, 0xac, 0x10, 0x09, 0xe3, 0x0f, 0x41, 0xcc, 0x12,
    0xd3, 0x00, 0xf4, 0x01, 0xc8, 0x00, 0x00, 0x0f, 0x40, 0x01, 0x00, 0x00, 0x00, 0xf4, 0x00, 0x00,
    0x00, 0x00, 0x0f, 0x40, 0x00, 0x00, 0x00, 0x00, 0xf4, 0x00, 0x00, 0x00, 0x00, 0x0f, 0x40, 0x00,
    0x00, 0x00, 0x00, 0xf4, 0x00, 0x00, 0x00, 0x00, 0x00, 0x10, 0x00, 0x00, 0x00, 0x00, 0x02, 0xe6,
    0x00, 0x00, 0x00, 0x00, 0x00, 0x9f, 0x60, 0x00, 0x00, 0x00, 0x00, 0x08, 0xf6, 0x00, 0x00, 0x00,
    0x00, 0x00, 0x6f, 0x60, 0xbb, 0xbb, 0xbb, 0xbb, 0xbc, 0xf6, 0x88, 0x88, 0x88, 0x88, 0x8b, 0xe3,
    0x00, 0x00, 0x00, 0x00, 0x9e, 0x30, 0x00, 0x00, 0x00, 0x09, 0xe3, 0x00, 0x00, 0x00, 0x00, 0x9e,
    0x30, 0x00, 0x00, 0x00, 0x01, 0xb3, 0x00, 0x00, 0x00, 0x00, 0x0b, 0x30, 0x00, 0x00, 0x00, 0x00,
    0xf4, 0x00, 0x00, 0x00, 0x00, 0x0f, 0x40, 0x00, 0x00, 0x00, 0x00, 0xf4, 0x00, 0x00, 0x00, 0x00,
    0x0f, 0x40, 0x00, 0x00, 0x00, 0x00, 0xf4, 0x00, 0x00, 0x19, 0x10, 0x0f, 0x40, 0x06, 0x33, 0xec,
    0x10, 0xf4, 0x06, 0xf6, 0x03, 0xeb, 0x0f, 0x46, 0xf6, 0x00, 0x03, 0xe9, 0xe8, 0xf6, 0x00, 0x00,
    0x03, 0xee, 0xf6, 0x00, 0x00, 0x00, 0x03, 0xe6, 0x00, 0x00, 0x00, 0x00, 0x01, 0x00, 0x00, 0x00,
    0x00, 0x00, 0x01, 0x00, 0x00, 0x00, 0x00, 0x00, 0x00, 0x00, 0x00, 0x03, 0xe5, 0x00, 0x00, 0x00,
    0xc6, 0x00, 0x00, 0x00, 0x03, 0xec, 0x10, 0x00, 0x00, 0x06, 0xf6, 0x00, 0x00, 0x03, 0xec, 0x10,
    0x00, 0x00, 0x00, 0x06, 0xf6, 0x00, 0x03, 0xe9, 0x00, 0x00, 0x00, 0x00, 0x00, 0x04, 0xe6, 0x03,
    0xed, 0xbb, 0xbb, 0xbb, 0xbb, 0xbb, 0xbb, 0xbc, 0xf6, 0x1c, 0xd8, 0x88, 0x88, 0x88, 0x88, 0x88,
    0x88, 0xaf, 0x60, 0x1c, 0xc1, 0x00, 0x00, 0x00, 0x00, 0x00, 0x6f, 0x60, 0x00, 0x1c, 0xc1, 0x00,
    0x00, 0x00, 0x00, 0x9f, 0x60, 0x00, 0x00, 0x1c, 0xc1, 0x00, 0x00, 0x00, 0x9f, 0x60, 0x00, 0x00,
    0x00, 0x1b, 0x30, 0x00, 0x00, 0x09, 0x60, 0x00, 0x00, 0x00, 0x00, 0x01, 0x00, 0x00, 0x00, 0x00,
    0x03, 0xe6, 0x00, 0x00, 0x00, 0x03, 0xee, 0xf6, 0x00, 0x00, 0x03, 0xe8, 0xe7, 0xf6, 0x00, 0x03,
    0xe9, 0x0f, 0x46, 0xf6, 0x03, 0xe9, 0x00, 0xf4, 0x06, 0xf6, 0x18, 0x00, 0x0f, 0x40, 0x06, 0x30,
    0x00, 0x00, 0xf4, 0x00, 0x00, 0x00, 0x00, 0x0f, 0x40, 0x00, 0x00, 0x00, 0x00, 0xf4, 0x00, 0x00,
    0x00, 0x00, 0x0f, 0x40, 0x00, 0x00, 0x00, 0x00, 0xf4, 0x00, 0x00, 0x00, 0x00, 0x0f, 0x40, 0x00,
    0x01, 0x91, 0x00, 0xf4, 0x00, 0x96, 0x1c, 0xc1, 0x0f, 0x40, 0x9e, 0x30, 0x1c, 0xc1, 0xf4, 0x8e,
    0x30, 0x00, 0x1c, 0xad, 0x9e, 0x30, 0x00, 0x00, 0x1c, 0xfd, 0x30, 0x00, 0x00, 0x00, 0x1b, 0x30,
    0x00, 0x00, 0x00, 0x00, 0x00, 0x00, 0x00, 0x0b, 0xbb, 0xbb, 0xbb, 0x30, 0x0f, 0xf9, 0x88, 0x88,
    0x20, 0x0f, 0x9e, 0x30, 0x00, 0x00, 0x0f, 0x49, 0xe3, 0x00, 0x00, 0x0f, 0x40, 0x9e, 0x30, 0x00,
    0x0f, 0x40, 0x09, 0xe3, 0x00, 0x0f, 0x40, 0x00, 0x9e, 0x30, 0x08, 0x20, 0x00, 0x09, 0xe3, 0x00,
    0x00, 0x00, 0x00, 0x83, 0x00, 0x8b, 0xbb, 0xbb, 0xb6, 0x00, 0x68, 0x88, 0x8d, 0xf8, 0x00, 0x00,
    0x00, 0x9e, 0xc8, 0x00, 0x00, 0x09, 0xe3, 0xb8, 0x00, 0x00, 0x9e, 0x30, 0xb8, 0x00, 0x09, 0xe3,
    0x00, 0xb8, 0x00, 0x9e, 0x30, 0x00, 0xb8, 0x09, 0xe3, 0x00, 0x00, 0x64, 0x1b, 0x30, 0x00, 0x00,
    0x00, 0x08, 0x10, 0x00, 0x00, 0x00, 0x1c, 0xc1, 0x00, 0x00, 0x32, 0x01, 0xcc, 0x10, 0x00, 0xb8,
    0x00, 0x1c, 0xc1, 0x00, 0xb8, 0x00, 0x01, 0xcc, 0x10, 0xb8, 0x00, 0x00, 0x1c, 0xc1, 0xb8, 0x00,
    0x00, 0x01, 0xcc, 0xb8, 0x00, 0x34, 0x44, 0x5d, 0xf8, 0x00, 0xbf, 0xff, 0xff, 0xf8, 0x00, 0x00,
    0x00, 0x00, 0x51, 0x04, 0x10, 0x00, 0x06, 0xf5, 0x0f, 0x40, 0x00, 0x6f, 0x60, 0x0f, 0x40, 0x06,
    0xf6, 0x00, 0x0f, 0x40, 0x6f, 0x60, 0x00, 0x0f, 0x46, 0xf6, 0x00, 0x00, 0x0f, 0x8f, 0x60, 0x00,
    0x00, 0x0f, 0xd8, 0x44, 0x44, 0x10, 0x0f, 0xff, 0xff, 0xff, 0x40, 0x68, 0x88, 0x88, 0x82, 0x8b,
    0xbb, 0xbb, 0xb3, 0x00, 0x00, 0x00, 0x00, 0x00, 0x00, 0x00, 0x00, 0xbf, 0xff, 0xff, 0xf4, 0x68,
    0x88, 0x88, 0x82, 0x00, 0x00, 0x00, 0x00, 0x68, 0x88, 0x88, 0x82, 0xbf, 0xff, 0xff, 0xf4, 0x00,
    0x00, 0x00, 0x00, 0x00, 0x00, 0x07, 0x81, 0x00, 0x00, 0x00, 0x00, 0x00, 0x8f, 0xd5, 0x00, 0x00,
    0x00, 0x00, 0x08, 0xff, 0xfb, 0x20, 0x00, 0x00, 0x00, 0x8f, 0xff, 0xff, 0x81, 0x00, 0x00, 0x08,
    0xff, 0xff, 0xff, 0xe6, 0x00, 0x00, 0x8f, 0xff, 0xff, 0xff, 0xfc, 0x40, 0x08, 0xff, 0xff, 0xff,
    0xff, 0xff, 0x91, 0x8f, 0xff, 0xff, 0xff, 0xff, 0xfe, 0x68, 0xff, 0xff, 0xff, 0xff, 0xf8, 0x10,
    0x8f, 0xff, 0xff, 0xff, 0xb3, 0x00, 0x08, 0xff, 0xff, 0xfd, 0x60, 0x00, 0x00, 0x8f, 0xff, 0xf8,
    0x10, 0x00, 0x00, 0x08, 0xff, 0xa2, 0x00, 0x00, 0x00, 0x00, 0x8d, 0x40, 0x00, 0x00, 0x00, 0x00,
    0x03, 0x00, 0x00, 0x00, 0x00, 0x00, 0x00, 0x00, 0x00, 0x00, 0x00, 0x00, 0x00, 0x07, 0x81, 0x00,
    0x00, 0x00, 0x00, 0x00, 0x8f, 0xd5, 0x00, 0x00, 0x00, 0x00, 0x08, 0xc8, 0xfb, 0x20, 0x00, 0x00,
    0x00, 0x8b, 0x03, 0xbf, 0x81, 0x00, 0x00, 0x08, 0xb0, 0x00, 0x6d, 0xe6, 0x00, 0x00, 0x8b, 0x00,
    0x00, 0x18, 0xfc, 0x40, 0x08, 0xb0, 0x00, 0x00, 0x02, 0xbf, 0x91, 0x8b, 0x00, 0x00, 0x00, 0x05,
    0xee, 0x68, 0xb0, 0x00, 0x00, 0x3b, 0xf8, 0x10, 0x8b, 0x00, 0x01, 0x8f, 0xb3, 0x00, 0x08, 0xb0,
    0x06, 0xed, 0x60, 0x00, 0x00, 0x8b, 0x4c, 0xf8, 0x10, 0x00, 0x00, 0x08, 0xef, 0xa2, 0x00, 0x00,
    0x00, 0x00, 0x8d, 0x40, 0x00, 0x00, 0x00, 0x00, 0x03, 0x00, 0x00, 0x00, 0x00, 0x00, 0x00, 0x00,
    0x02, 0x8b, 0xba, 0x60, 0x00, 0x00, 0x06, 0xff, 0xff, 0xff, 0xd3, 0x00, 0x06, 0xff, 0xff, 0xff,
    0xff, 0xe2, 0x01, 0xef, 0xff, 0xff, 0xff, 0xff, 0x90, 0x7f, 0xff, 0xff, 0xff, 0xff, 0xff, 0x1a,
    0xff, 0xff, 0xff, 0xff, 0xff, 0xf4, 0xbf, 0xff, 0xff, 0xff, 0xff, 0xff, 0x48, 0xff, 0xff, 0xff,
    0xff, 0xff, 0xf3, 0x3f, 0xff, 0xff, 0xff, 0xff, 0xfd, 0x00, 0xaf, 0xff, 0xff, 0xff, 0xff, 0x50,
    0x01, 0xcf, 0xff, 0xff, 0xff, 0x60, 0x00, 0x00, 0x8d, 0xff, 0xfb, 0x40, 0x00, 0x00, 0x00, 0x02,
    0x41, 0x00, 0x00, 0x00,
};

static const prim_glyph_t ui_font_sans_16_glyphs[] = {
    {32, 0, 0, 0, 0, 0, 5},
    {33, 0, 3, 13, 1, 12, 5},
    {34, 20, 5, 5, 1, 12, 7},
    {35, 33, 10, 12, 0, 12, 10},
    {36, 93, 10, 16, 0, 14, 10},
    {37, 173, 13, 13, 1, 12, 16},
    {38, 258, 11, 13, 0, 12, 10},
    {39, 330, 3, 5, 1, 12, 5},
    {40, 338, 5, 16, 1, 13, 6},
    {41, 378, 5, 16, 0, 13, 6},
    {42, 418, 8, 7, 0, 12, 8},
    {43, 446, 9, 9, 1, 9, 11},
    {44, 487, 3, 5, 1, 2, 5},
    {45, 495, 6, 2, 1, 6, 7},
    {46, 501, 3, 4, 1, 3, 5},
    {47, 507, 6, 15, 0, 13, 6},
    {48, 552, 10, 13, 0, 12, 10},
    {49, 617, 6, 12, 0, 12, 7},
    {50, 653, 8, 12, 1, 12, 10},
    {51, 701, 9, 13, 0, 12, 10},
    {52, 760, 10, 12, 0, 12, 10},
    {53, 820, 8, 13, 1, 12, 9},
    {54, 872, 9, 13, 0, 12, 10},
    {55, 931, 9, 12, 0, 12, 9},
    {56, 985, 9, 13, 0, 12, 10},
    {57, 1044, 9, 13, 0, 12, 10},
    {58, 1103, 3, 10, 1, 9, 5},
    {59, 1118, 3, 12, 1, 9, 5},
    {60, 1136, 8, 9, 1, 9, 11},
    {61, 1172, 8, 5, 1, 7, 11},
    {62, 1192, 9, 9, 1, 9, 11},
    {63, 1233, 8, 13, 0, 12, 8},
    {64, 1285, 15, 16, 0, 12, 15},
    {65, 1405, 11, 12, 0, 12, 11},
    {66, 1471, 9, 12, 1, 12, 10},
    {67, 1525, 11, 13, 0, 12, 12},
    {68, 1597, 10, 12, 1, 12, 12},
    {69, 1657, 8, 12, 1, 12, 10},
    {70, 1705, 8, 12, 1, 12, 9},
    {71, 1753, 11, 13, 0, 12, 12},
    {72, 1825, 10, 12, 1, 12, 12},
    {73, 1885, 2, 12, 1, 12, 4},
    {74, 1897, 8, 13, 0, 12, 9},
    {75, 1949, 10, 12, 1, 12, 11},
    {76, 2009, 8, 12, 1, 12, 9},
    {77, 2057, 13, 12, 1, 12, 14},
    {78, 2135, 10, 12, 1, 12, 12},
    {79, 2195, 12, 13, 0, 12, 12},
    {80, 2273, 9, 12, 1, 12, 10},
    {81, 2327, 12, 14, 0, 12, 12},
    {82, 2411, 9, 12, 1, 12, 10},
    {83, 2465, 10, 13, 0, 12, 10},
    {84, 2530, 10, 12, 0, 12, 10},
    {85, 2590, 10, 13, 1, 12, 12},
    {86, 2655, 11, 12, 0, 12, 11},
    {87, 2721, 16, 12, 0, 12, 16},
    {88, 2817, 11, 12, 0, 12, 11},
    {89, 2883, 11, 12, 0, 12, 11},
    {90, 2949, 10, 12, 0, 12, 10},
    {91, 3009, 4, 16, 1, 13, 6},
    {92, 3041, 6, 15, 0, 13, 6},
    {93, 3086, 5, 16, 0, 13, 6},
    {94, 3126, 7, 6, 0, 12, 8},
    {95, 3147, 8, 2, 0, 0, 7},
    {96, 3155, 3, 4, 1, 13, 5},
    {97, 3161, 8, 10, 0, 9, 9},
    {98, 3201, 8, 13, 1, 12, 10},
    {99, 3253, 9, 10, 0, 9, 9},
    {100, 3298, 9, 13, 0, 12, 10},
    {101, 3357, 9, 10, 0, 9, 9},
    {102, 3402, 6, 13, 0, 13, 6},
    {103, 3441, 9, 13, 0, 9, 10},
    {104, 3500, 8, 12, 1, 12, 9},
    {105, 3548, 3, 13, 0, 13, 4},
    {106, 3568, 4, 17, -1, 13, 4},
    {107, 3602, 8, 12, 1, 12, 9},
    {108, 3650, 2, 12, 1, 12, 4},
    {109, 3662, 12, 9, 1, 9, 14},
    {110, 3716, 8, 9, 1, 9, 9},
    {111, 3752, 9, 10, 0, 9, 10},
    {112, 3797, 8, 13, 1, 9, 10},
    {113, 3849, 9, 13, 0, 9, 10},
    {114, 3908, 5, 9, 1, 9, 6},
    {115, 3931, 8, 10, 0, 9, 8},
    {116, 3971, 5, 12, 0, 11, 5},
    {117, 4001, 8, 10, 1, 9, 9},
    {118, 4041, 9, 9, 0, 9, 9},
    {119, 4082, 13, 9, 0, 9, 13},
    {120, 4141, 9, 9, 0, 9, 9},
    {121, 4182, 9, 13, 0, 9, 9},
    {122, 4241, 8, 9, 0, 9, 9},
    {123, 4277, 5, 16, 1, 13, 7},
    {124, 4317, 2, 20, 2, 16, 5},
    {125, 4337, 6, 16, 0, 13, 7},
    {126, 4385, 9, 4, 1, 7, 11},
    {160, 4403, 0, 0, 0, 0, 5},
    {161, 4403, 3, 12, 1, 9, 5},
    {162, 4421, 9, 12, 0, 12, 9},
    {163, 4475, 9, 12, 0, 12, 10},
    {164, 4529, 11, 11, 0, 10, 12},
    {165, 4590, 9, 12, 0, 12, 9},
    {166, 4644, 2, 15, 1, 12, 4},
    {167, 4659, 9, 15, 0, 12, 9},
    {168, 4727, 6, 3, 2, 13, 9},
    {169, 4736, 13, 13, 1, 12, 15},
    {170, 4821, 7, 7, 0, 12, 7},
    {171, 4846, 9, 8, 0, 9, 9},
    {172, 4882, 8, 4, 1, 6, 11},
    {173, 4898, 6, 2, 2, 6, 10},
    {174, 4904, 10, 10, 0, 12, 11},
    {175, 4954, 5, 2, 1, 12, 8},
    {176, 4959, 6, 6, 1, 12, 7},
    {177, 4977, 8, 9, 1, 9, 11},
    {178, 5013, 7, 7, 0, 14, 7},
    {179, 5038, 7, 8, 0, 14, 7},
    {180, 5066, 3, 4, 1, 13, 5},
    {181, 5072, 9, 13, 1, 9, 9},
    {182, 5131, 9, 12, 0, 12, 10},
    {183, 5185, 3, 3, 1, 7, 5},
    {184, 5190, 3, 5, 1, 1, 4},
    {185, 5198, 4, 7, 0, 14, 5},
    {186, 5212, 8, 7, 0, 12, 8},
    {187, 5240, 9, 8, 0, 9, 9},
    {188, 5276, 13, 12, 0, 12, 13},
    {189, 5354, 13, 12, 0, 12, 14},
    {190, 5432, 14, 12, 0, 12, 14},
    {191, 5516, 8, 13, 0, 9, 8},
    {192, 5568, 11, 16, 0, 16, 11},
    {193, 5656, 11, 16, 0, 16, 11},
    {194, 5744, 11, 16, 0, 16, 11},
    {195, 5832, 11, 15, 0, 15, 11},
    {196, 5915, 11, 15, 0, 15, 11},
    {197, 5998, 11, 16, 0, 16, 11},
    {198, 6086, 15, 12, 0, 12, 16},
    {199, 6176, 11, 16, 0, 12, 12},
    {200, 6264, 8, 16, 1, 16, 10},
    {201, 6328, 8, 16, 1, 16, 10},
    {202, 6392, 8, 16, 1, 16, 10},
    {203, 6456, 8, 15, 1, 15, 10},
    {204, 6516, 3, 16, 0, 16, 4},
    {205, 6540, 4, 16, 1, 16, 4},
    {206, 6572, 6, 16, -1, 16, 4},
    {207, 6620, 6, 15, -1, 15, 4},
    {208, 6665, 11, 12, 0, 12, 12},
    {209, 6731, 10, 15, 1, 15, 12},
    {210, 6806, 12, 17, 0, 16, 12},
    {211, 6908, 12, 17, 0, 16, 12},
    {212, 7010, 12, 17, 0, 16, 12},
    {213, 7112, 12, 16, 0, 15, 12},
    {214, 7208, 12, 16, 0, 15, 12},
    {215, 7304, 8, 9, 1, 9, 11},
    {216, 7340, 12, 13, 0, 12, 12},
    {217, 7418, 10, 17, 1, 16, 12},
    {218, 7503, 10, 17, 1, 16, 12},
    {219, 7588, 10, 17, 1, 16, 12},
    {220, 7673, 10, 16, 1, 15, 12},
    {221, 7753, 11, 16, 0, 16, 11},
    {222, 7841, 8, 12, 1, 12, 10},
    {223, 7889, 8, 12, 1, 12, 10},
    {224, 7937, 8, 14, 0, 13, 9},
    {225, 7993, 8, 14, 0, 13, 9},
    {226, 8049, 8, 14, 0, 13, 9},
    {227, 8105, 8, 13, 0, 12, 9},
    {228, 8157, 8, 14, 0, 13, 9},
    {229, 8213, 8, 15, 0, 14, 9},
    {230, 8273, 14, 10, 0, 9, 15},
    {231, 8343, 9, 13, 0, 9, 9},
    {232, 8402, 9, 14, 0, 13, 9},
    {233, 8465, 9, 14, 0, 13, 9},
    {234, 8528, 9, 14, 0, 13, 9},
    {235, 8591, 9, 14, 0, 13, 9},
    {236, 8654, 4, 13, -1, 13, 4},
    {237, 8680, 3, 13, 1, 13, 4},
    {238, 8700, 6, 13, -1, 13, 4},
    {239, 8739, 6, 13, -1, 13, 4},
    {240, 8778, 9, 14, 0, 13, 9},
    {241, 8841, 8, 12, 1, 12, 9},
    {242, 8889, 9, 14, 0, 13, 10},
    {243, 8952, 9, 14, 0, 13, 10},
    {244, 9015, 9, 14, 0, 13, 10},
    {245, 9078, 9, 13, 0, 12, 10},
    {246, 9137, 9, 14, 0, 13, 10},
    {247, 9200, 8, 9, 1, 9, 11},
    {248, 9236, 9, 11, 0, 10, 10},
    {249, 9286, 8, 14, 1, 13, 9},
    {250, 9342, 8, 14, 1, 13, 9},
    {251, 9398, 8, 14, 1, 13, 9},
    {252, 9454, 8, 14, 1, 13, 9},
    {253, 9510, 9, 17, 0, 13, 9},
    {254, 9587, 8, 16, 1, 12, 10},
    {255, 9651, 9, 17, 0, 13, 9},
    {256, 9728, 11, 15, 0, 15, 11},
    {257, 9811, 8, 13, 0, 12, 9},
    {258, 9863, 11, 16, 0, 16, 11},
    {259, 9951, 8, 14, 0, 13, 9},
    {260, 10007, 12, 16, 0, 12, 11},
    {261, 10103, 9, 13, 0, 9, 9},
    {262, 10162, 11, 17, 0, 16, 12},
    {263, 10256, 9, 14, 0, 13, 9},
    {264, 10319, 11, 17, 0, 16, 12},
    {265, 10413, 9, 14, 0, 13, 9},
    {266, 10476, 11, 16, 0, 15, 12},
    {267, 10564, 9, 14, 0, 13, 9},
    {268, 10627, 11, 17, 0, 16, 12},
    {269, 10721, 9, 14, 0, 13, 9},
    {270, 10784, 10, 16, 1, 16, 12},
    {271, 10864, 12, 14, 0, 13, 11},
    {272, 10948, 11, 12, 0, 12, 12},
    {273, 11014, 10, 13, 0, 12, 10},
    {274, 11079, 8, 15, 1, 15, 10},
    {275, 11139, 9, 13, 0, 12, 9},
    {276, 11198, 8, 16, 1, 16, 10},
    {277, 11262, 9, 14, 0, 13, 9},
    {278, 11325, 8, 15, 1, 15, 10},
    {279, 11385, 9, 14, 0, 13, 9},
    {280, 11448, 9, 16, 1, 12, 10},
    {281, 11520, 9, 13, 0, 9, 9},
    {282, 11579, 8, 16, 1, 16, 10},
    {283, 11643, 9, 14, 0, 13, 9},
    {284, 11706, 11, 17, 0, 16, 12},
    {285, 11800, 9, 17, 0, 13, 10},
    {286, 11877, 11, 17, 0, 16, 12},
    {287, 11971, 9, 17, 0, 13, 10},
    {288, 12048, 11, 16, 0, 15, 12},
    {289, 12136, 9, 17, 0, 13, 10},
    {290, 12213, 11, 16, 0, 12, 12},
    {291, 12301, 9, 17, 0, 13, 10},
    {292, 12378, 10, 16, 1, 16, 12},
    {293, 12458, 10, 16, -1, 16, 9},
    {294, 12538, 12, 12, 0, 12, 12},
    {295, 12610, 9, 12, 0, 12, 9},
    {296, 12664, 6, 15, -1, 15, 4},
    {297, 12709, 6, 12, -1, 12, 4},
    {298, 12745, 6, 15, -1, 15, 4},
    {299, 12790, 6, 12, -1, 12, 4},
    {300, 12826, 6, 16, -1, 16, 4},
    {301, 12874, 6, 13, -1, 13, 4},
    {302, 12913, 4, 16, 0, 12, 4},
    {303, 12945, 5, 17, -1, 13, 4},
    {304, 12988, 3, 15, 1, 15, 4},
    {305, 13011, 2, 9, 1, 9, 4},
    {306, 13020, 12, 13, 1, 12, 13},
    {307, 13098, 7, 17, 0, 13, 8},
    {308, 13158, 10, 17, 0, 16, 9},
    {309, 13243, 6, 17, -1, 13, 4},
    {310, 13294, 10, 16, 1, 12, 11},
    {311, 13374, 8, 16, 1, 12, 9},
    {312, 13438, 8, 9, 1, 9, 8},
    {313, 13474, 8, 16, 1, 16, 9},
    {314, 13538, 3, 16, 1, 16, 4},
    {315, 13562, 8, 16, 1, 12, 9},
    {316, 13626, 3, 16, 0, 12, 4},
    {317, 13650, 8, 13, 1, 13, 9},
    {318, 13702, 5, 13, 1, 13, 5},
    {319, 13735, 8, 12, 1, 12, 9},
    {320, 13783, 5, 12, 1, 12, 6},
    {321, 13813, 9, 12, 0, 12, 10},
    {322, 13867, 5, 12, -1, 12, 4},
    {323, 13897, 10, 16, 1, 16, 12},
    {324, 13977, 8, 13, 1, 13, 9},
    {325, 14029, 10, 16, 1, 12, 12},
    {326, 14109, 8, 13, 1, 9, 9},
    {327, 14161, 10, 16, 1, 16, 12},
    {328, 14241, 8, 13, 1, 13, 9},
    {329, 14293, 10, 13, -1, 13, 10},
    {330, 14358, 10, 16, 1, 12, 12},
    {331, 14438, 8, 13, 1, 9, 9},
    {332, 14490, 12, 16, 0, 15, 12},
    {333, 14586, 9, 13, 0, 12, 10},
    {334, 14645, 12, 17, 0, 16, 12},
    {335, 14747, 9, 14, 0, 13, 10},
    {336, 14810, 12, 17, 0, 16, 12},
    {337, 14912, 9, 14, 0, 13, 10},
    {338, 14975, 16, 12, 0, 12, 16},
    {339, 15071, 16, 10, 0, 9, 16},
    {340, 15151, 9, 16, 1, 16, 10},
    {341, 15223, 5, 13, 1, 13, 6},
    {342, 15256, 9, 16, 1, 12, 10},
    {343, 15328, 6, 13, 0, 9, 6},
    {344, 15367, 9, 16, 1, 16, 10},
    {345, 15439, 6, 13, 0, 13, 6},
    {346, 15478, 10, 17, 0, 16, 10},
    {347, 15563, 8, 14, 0, 13, 8},
    {348, 15619, 10, 17, 0, 16, 10},
    {349, 15704, 8, 14, 0, 13, 8},
    {350, 15760, 10, 16, 0, 12, 10},
    {351, 15840, 8, 13, 0, 9, 8},
    {352, 15892, 10, 17, 0, 16, 10},
    {353, 15977, 8, 14, 0, 13, 8},
    {354, 16033, 10, 16, 0, 12, 10},
    {355, 16113, 6, 15, 0, 11, 5},
    {356, 16158, 10, 16, 0, 16, 10},
    {357, 16238, 6, 14, 0, 13, 6},
    {358, 16280, 10, 12, 0, 12, 10},
    {359, 16340, 5, 12, 0, 11, 5},
    {360, 16370, 10, 16, 1, 15, 12},
    {361, 16450, 8, 13, 1, 12, 9},
    {362, 16502, 10, 16, 1, 15, 12},
    {363, 16582, 8, 13, 1, 12, 9},
    {364, 16634, 10, 17, 1, 16, 12},
    {365, 16719, 8, 14, 1, 13, 9},
    {366, 16775, 10, 17, 1, 16, 12},
    {367, 16860, 8, 15, 1, 14, 9},
    {368, 16920, 10, 17, 1, 16, 12},
    {369, 17005, 8, 14, 1, 13, 9},
    {370, 17061, 10, 16, 1, 12, 12},
    {371, 17141, 8, 13, 1, 9, 9},
    {372, 17193, 16, 16, 0, 16, 16},
    {373, 17321, 13, 13, 0, 13, 13},
    {374, 17406, 11, 16, 0, 16, 11},
    {375, 17494, 9, 17, 0, 13, 9},
    {376, 17571, 11, 15, 0, 15, 11},
    {377, 17654, 10, 16, 0, 16, 10},
    {378, 17734, 8, 13, 0, 13, 9},
    {379, 17786, 10, 15, 0, 15, 10},
    {380, 17861, 8, 13, 0, 13, 9},
    {381, 17913, 10, 16, 0, 16, 10},
    {382, 17993, 8, 13, 0, 13, 9},
    {383, 18045, 5, 13, 1, 13, 5},
    {913, 18078, 11, 12, 0, 12, 11},
    {914, 18144, 9, 12, 1, 12, 10},
    {915, 18198, 8, 12, 1, 12, 9},
    {916, 18246, 11, 12, 0, 12, 11},
    {917, 18312, 8, 12, 1, 12, 10},
    {918, 18360, 10, 12, 0, 12, 10},
    {919, 18420, 10, 12, 1, 12, 12},
    {920, 18480, 12, 13, 0, 12, 12},
    {921, 18558, 2, 12, 1, 12, 4},
    {922, 18570, 10, 12, 1, 12, 11},
    {923, 18630, 11, 12, 0, 12, 11},
    {924, 18696, 13, 12, 1, 12, 14},
    {925, 18774, 10, 12, 1, 12, 12},
    {926, 18834, 9, 12, 1, 12, 11},
    {927, 18888, 12, 13, 0, 12, 12},
    {928, 18966, 10, 12, 1, 12, 12},
    {929, 19026, 9, 12, 1, 12, 10},
    {931, 19080, 9, 12, 1, 12, 11},
    {932, 19134, 10, 12, 0, 12, 10},
    {933, 19194, 11, 12, 0, 12, 11},
    {934, 19260, 14, 14, 0, 13, 14},
    {935, 19358, 11, 12, 0, 12, 11},
    {936, 19424, 12, 12, 1, 12, 14},
    {937, 19496, 12, 12, 0, 12, 12},
    {938, 19568, 6, 15, -1, 15, 4},
    {939, 19613, 11, 15, 0, 15, 11},
    {940, 19696, 11, 14, 0, 13, 11},
    {941, 19773, 8, 14, 0, 13, 9},
    {942, 19829, 8, 17, 1, 13, 9},
    {943, 19897, 4, 14, 1, 13, 4},
    {944, 19925, 8, 15, 1, 14, 9},
    {945, 19985, 11, 10, 0, 9, 11},
    {946, 20040, 8, 16, 1, 12, 10},
    {947, 20104, 9, 13, 0, 9, 9},
    {948, 20163, 9, 13, 0, 12, 9},
    {949, 20222, 8, 10, 0, 9, 9},
    {950, 20262, 8, 15, 0, 12, 8},
    {951, 20322, 8, 13, 1, 9, 9},
    {952, 20374, 9, 13, 0, 12, 10},
    {953, 20433, 4, 10, 1, 9, 4},
    {954, 20453, 8, 9, 1, 9, 8},
    {955, 20489, 11, 13, 0, 12, 10},
    {956, 20561, 9, 13, 1, 9, 9},
    {957, 20620, 9, 9, 0, 9, 9},
    {958, 20661, 8, 15, 0, 12, 9},
    {959, 20721, 9, 10, 0, 9, 10},
    {960, 20766, 10, 10, 0, 9, 10},
    {961, 20816, 8, 13, 1, 9, 10},
    {962, 20868, 9, 12, 0, 9, 9},
    {963, 20922, 10, 10, 0, 9, 10},
    {964, 20972, 8, 10, 0, 9, 7},
    {965, 21012, 8, 10, 1, 9, 9},
    {966, 21052, 11, 13, 0, 9, 12},
    {967, 21124, 9, 13, 0, 9, 9},
    {968, 21183, 11, 15, 1, 11, 12},
    {969, 21266, 13, 10, 0, 9, 13},
    {8226, 21331, 5, 6, 2, 8, 9},
    {8304, 21346, 7, 8, 0, 14, 7},
    {8305, 21374, 3, 7, 0, 14, 3},
    {8308, 21385, 7, 7, 0, 14, 7},
    {8309, 21410, 7, 8, 0, 14, 7},
    {8310, 21438, 7, 8, 0, 14, 7},
    {8311, 21466, 6, 7, 0, 14, 6},
    {8312, 21487, 7, 8, 0, 14, 7},
    {8313, 21515, 7, 8, 0, 14, 7},
    {8314, 21543, 5, 6, 1, 13, 7},
    {8315, 21558, 5, 2, 1, 11, 7},
    {8316, 21563, 5, 4, 1, 12, 7},
    {8317, 21573, 3, 9, 1, 14, 4},
    {8318, 21587, 4, 9, 0, 14, 4},
    {8319, 21605, 7, 5, 0, 12, 7},
    {8320, 21623, 7, 8, 0, 5, 7},
    {8321, 21651, 4, 7, 0, 4, 5},
    {8322, 21665, 7, 8, 0, 5, 7},
    {8323, 21693, 7, 8, 0, 5, 7},
    {8324, 21721, 7, 7, 0, 4, 7},
    {8325, 21746, 7, 7, 0, 4, 7},
    {8326, 21771, 7, 8, 0, 5, 7},
    {8327, 21799, 6, 7, 0, 4, 6},
    {8328, 21820, 7, 8, 0, 5, 7},
    {8329, 21848, 7, 8, 0, 5, 7},
    {8330, 21876, 5, 5, 1, 3, 7},
    {8331, 21889, 5, 3, 1, 2, 7},
    {8332, 21897, 5, 5, 1, 3, 7},
    {8333, 21910, 3, 9, 1, 5, 4},
    {8334, 21924, 4, 9, 0, 5, 4},
    {8336, 21942, 6, 6, 0, 3, 6},
    {8337, 21960, 7, 6, 0, 3, 7},
    {8338, 21981, 7, 6, 0, 3, 7},
    {8339, 22002, 6, 6, 0, 3, 6},
    {8340, 22020, 7, 8, 0, 4, 7},
    {8341, 22048, 7, 7, 0, 4, 7},
    {8342, 22073, 7, 7, 0, 4, 6},
    {8343, 22098, 3, 7, 0, 4, 3},
    {8344, 22109, 10, 6, 0, 3, 10},
    {8345, 22139, 7, 6, 0, 3, 7},
    {8346, 22160, 7, 8, 0, 3, 7},
    {8347, 22188, 6, 6, 0, 3, 6},
    {8348, 22206, 4, 7, 0, 4, 4},
    {8592, 22220, 13, 11, 1, 11, 15},
    {8593, 22292, 11, 12, 1, 12, 13},
    {8594, 22358, 12, 11, 2, 11, 15},
    {8595, 22424, 11, 13, 1, 12, 13},
    {8596, 22496, 19, 11, 1, 11, 21},
    {8597, 22601, 11, 20, 1, 15, 13},
    {8598, 22711, 10, 9, 1, 9, 12},
    {8599, 22756, 10, 9, 1, 9, 12},
    {8600, 22801, 10, 9, 1, 9, 12},
    {8601, 22846, 10, 9, 1, 9, 12},
    {8801, 22891, 8, 9, 1, 10, 10},
    {9654, 22927, 13, 16, 1, 14, 15},
    {9655, 23031, 13, 16, 1, 14, 15},
    {9679, 23135, 13, 13, 1, 12, 15},
};

const prim_font_t ui_font_sans_16 = {
    .bitmap_data = ui_font_sans_16_bmp,
    .glyphs = ui_font_sans_16_glyphs,
    .glyph_count = 432,
    .line_height = 20,
    .baseline = 16,
    .ascent = 16,
    .descent = 4,
    .bpp = 4,
};
