/* Auto-generated by tools/font_gen/gen_fonts.js. Do not edit. */
#include <prim/text.h>
#include <ui/fonts.h>   /* UI_API extern decl -> correct visibility */

static const uint8_t ui_font_sans_18_bmp[] = {
    0x00, 0x04, 0xf8, 0x4f, 0x84, 0xf8, 0x4f, 0x84, 0xf8, 0x4f, 0x84, 0xf8, 0x4f, 0x83, 0xb3, 0x00,
    0x00, 0x41, 0x7f, 0xa5, 0xf8, 0x00, 0x00, 0x00, 0x00, 0x00, 0x3f, 0x84, 0xf8, 0x0f, 0x80, 0xf8,
    0x0f, 0x80, 0xf8, 0x0f, 0x80, 0xf8, 0x0f, 0x60, 0xf5, 0x00, 0x00, 0x00, 0x00, 0x00, 0x00, 0x00,
    0x04, 0xf0, 0x00, 0xb9, 0x00, 0x00, 0x08, 0xd0, 0x00, 0xc8, 0x00, 0x00, 0x09, 0xb0, 0x00, 0xf5,
    0x00, 0x06, 0x8d, 0xb8, 0x88, 0xf9, 0x80, 0x09, 0xbf, 0xcb, 0xbd, 0xfb, 0xb0, 0x00, 0x2f, 0x40,
    0x08, 0xc0, 0x00, 0x00, 0x4f, 0x00, 0x0a, 0xa0, 0x00, 0x00, 0x8d, 0x00, 0x0c, 0x80, 0x00, 0x8f,
    0xff, 0xff, 0xff, 0xff, 0x40, 0x68, 0xdb, 0x88, 0x9f, 0x88, 0x10, 0x00, 0xe7, 0x00, 0x5f, 0x00,
    0x00, 0x01, 0xf4, 0x00, 0x8c, 0x00, 0x00, 0x04, 0xf1, 0x00, 0xaa, 0x00, 0x00, 0x00, 0x00, 0x00,
    0x00, 0x00, 0x00, 0x00, 0xb4, 0x00, 0x00, 0x00, 0x02, 0xc7, 0x10, 0x00, 0x03, 0xbf, 0xff, 0xf9,
    0x10, 0x1e, 0xe7, 0xc7, 0x8f, 0xb0, 0x7f, 0x40, 0xb4, 0x08, 0xf4, 0x8f, 0x00, 0xb4, 0x01, 0x41,
    0x7f, 0x90, 0xb4, 0x00, 0x00, 0x0b, 0xfd, 0xe7, 0x00, 0x00, 0x00, 0x6b, 0xff, 0xe8, 0x10, 0x00,
    0x00, 0xb8, 0xaf, 0xc1, 0x00, 0x00, 0xb4, 0x07, 0xf6, 0x86, 0x00, 0xb4, 0x01, 0xf8, 0xce, 0x10,
    0xb4, 0x07, 0xf6, 0x5f, 0xd7, 0xc8, 0x9f, 0xc0, 0x05, 0xdf, 0xff, 0xf9, 0x10, 0x00, 0x02, 0xc7,
    0x00, 0x00, 0x00, 0x00, 0xb4, 0x00, 0x00, 0x02, 0x43, 0x00, 0x00, 0x00, 0x00, 0x00, 0x5f, 0xcf,
    0x70, 0x00, 0x00, 0xc9, 0x00, 0xd8, 0x06, 0xf0, 0x00, 0x08, 0xd1, 0x00, 0xf5, 0x04, 0xf4, 0x00,
    0x4f, 0x40, 0x00, 0xe7, 0x04, 0xf2, 0x01, 0xd8, 0x00, 0x00, 0x8e, 0x8c, 0xb0, 0x08, 0xc1, 0x00,
    0x00, 0x07, 0xb8, 0x10, 0x5f, 0x30, 0x00, 0x00, 0x00, 0x00, 0x01, 0xe8, 0x00, 0x00, 0x00, 0x00,
    0x00, 0x0a, 0xc0, 0x04, 0xab, 0x50, 0x00, 0x00, 0x5e, 0x30, 0x2f, 0x98, 0xf5, 0x00, 0x02, 0xe7,
    0x00, 0x8e, 0x00, 0xb9, 0x00, 0x0b, 0xb0, 0x00, 0x8c, 0x00, 0xbb, 0x00, 0x7e, 0x20, 0x00, 0x6f,
    0x21, 0xd8, 0x02, 0xe6, 0x00, 0x00, 0x0b, 0xff, 0xc1, 0x00, 0x00, 0x00, 0x00, 0x00, 0x34, 0x00,
    0x00, 0x00, 0x34, 0x00, 0x00, 0x00, 0x00, 0x3c, 0xff, 0xe6, 0x00, 0x00, 0x00, 0xbe, 0x54, 0xaf,
    0x20, 0x00, 0x00, 0xf8, 0x00, 0x4f, 0x40, 0x00, 0x00, 0xeb, 0x00, 0x8f, 0x30, 0x00, 0x00, 0x8f,
    0x58, 0xf9, 0x00, 0x00, 0x00, 0x0c, 0xff, 0x80, 0x00, 0x00, 0x00, 0x5e, 0xfd, 0x10, 0x00, 0x00,
    0x05, 0xfc, 0x5e, 0xc0, 0x0b, 0x60, 0x0d, 0xd1, 0x06, 0xf9, 0x2f, 0x70, 0x0f, 0x80, 0x00, 0x8f,
    0xbf, 0x30, 0x0e, 0xb0, 0x00, 0x0a, 0xfa, 0x00, 0x08, 0xfa, 0x44, 0x8f, 0xfe, 0x30, 0x00, 0x8e,
    0xff, 0xf9, 0x2e, 0xc1, 0x00, 0x00, 0x33, 0x00, 0x00, 0x00, 0x00, 0x03, 0xf8, 0x0f, 0x80, 0xf8,
    0x0f, 0x80, 0xf6, 0x00, 0x1e, 0x80, 0x08, 0xf2, 0x00, 0xea, 0x00, 0x4f, 0x60, 0x08, 0xf2, 0x00,
    0xbd, 0x00, 0x0e, 0xb0, 0x00, 0xf8, 0x00, 0x0f, 0x80, 0x00, 0xf8, 0x00, 0x0f, 0xa0, 0x00, 0xbd,
    0x00, 0x08, 0xf2, 0x00, 0x3f, 0x70, 0x00, 0xcd, 0x00, 0x06, 0xf4, 0x00, 0x07, 0x50, 0x1e, 0x90,
    0x00, 0x8f, 0x20, 0x02, 0xf8, 0x00, 0x0c, 0xc0, 0x00, 0x8f, 0x20, 0x05, 0xf5, 0x00, 0x2f, 0x80,
    0x00, 0xf8, 0x00, 0x0f, 0xb0, 0x00, 0xf9, 0x00, 0x1f, 0x80, 0x05, 0xf5, 0x00, 0x8f, 0x20, 0x0d,
    0xc0, 0x05, 0xf6, 0x00, 0xbd, 0x00, 0x08, 0x40, 0x00, 0x00, 0x00, 0x00, 0x00, 0x00, 0x0f, 0x10,
    0x00, 0x74, 0x0f, 0x04, 0x80, 0x9f, 0x9f, 0x8f, 0x90, 0x02, 0xdf, 0xd2, 0x00, 0x6d, 0xcf, 0xbd,
    0x60, 0x87, 0x0f, 0x07, 0x80, 0x00, 0x0f, 0x10, 0x00, 0x00, 0x04, 0x10, 0x00, 0x00, 0x00, 0x33,
    0x00, 0x00, 0x00, 0x00, 0xbb, 0x00, 0x00, 0x00, 0x00, 0xbb, 0x00, 0x00, 0x00, 0x00, 0xbb, 0x00,
    0x00, 0x3b, 0xbb, 0xee, 0xbb, 0xb3, 0x28, 0x88, 0xdd, 0x88, 0x82, 0x00, 0x00, 0xbb, 0x00, 0x00,
    0x00, 0x00, 0xbb, 0x00, 0x00, 0x00, 0x00, 0xbb, 0x00, 0x00, 0x00, 0x00, 0x00, 0x00, 0x00, 0x3b,
    0x74, 0xf6, 0x8f, 0x19, 0xc0, 0xb8, 0x03, 0x10, 0x34, 0x44, 0x44, 0x0b, 0xff, 0xff, 0xf0, 0x34,
    0x44, 0x44, 0x00, 0x04, 0x17, 0xfa, 0x5f, 0x80, 0x00, 0x00, 0x00, 0x6b, 0x00, 0x00, 0x0a, 0xb0,
    0x00, 0x00, 0xe8, 0x00, 0x00, 0x4f, 0x30, 0x00, 0x08, 0xe0, 0x00, 0x00, 0xca, 0x00, 0x00, 0x1f,
    0x70, 0x00, 0x05, 0xf2, 0x00, 0x00, 0x8d, 0x00, 0x00, 0x0d, 0x90, 0x00, 0x02, 0xf5, 0x00, 0x00,
    0x6f, 0x10, 0x00, 0x0a, 0xc0, 0x00, 0x00, 0xe8, 0x00, 0x00, 0x3f, 0x40, 0x00, 0x07, 0xf0, 0x00,
    0x00, 0x00, 0x02, 0x43, 0x00, 0x00, 0x01, 0xaf, 0xff, 0xd3, 0x00, 0x0a, 0xf8, 0x45, 0xde, 0x20,
    0x4f, 0x80, 0x00, 0x3f, 0x90, 0x8f, 0x10, 0x00, 0x0a, 0xe0, 0xbc, 0x00, 0x00, 0x08, 0xf3, 0xeb,
    0x00, 0x00, 0x05, 0xf4, 0xfb, 0x00, 0x00, 0x04, 0xf4, 0xeb, 0x00, 0x00, 0x05, 0xf4, 0xbc, 0x00,
    0x00, 0x08, 0xf2, 0x8f, 0x20, 0x00, 0x0c, 0xe0, 0x3f, 0x80, 0x00, 0x4f, 0x90, 0x09, 0xf9, 0x47,
    0xee, 0x10, 0x00, 0x8f, 0xff, 0xb3, 0x00, 0x00, 0x00, 0x41, 0x00, 0x00, 0x00, 0x00, 0x00, 0x00,
    0x3d, 0xfb, 0x08, 0xfc, 0xfb, 0x4f, 0x80, 0xfb, 0x35, 0x00, 0xfb, 0x00, 0x00, 0xfb, 0x00, 0x00,
    0xfb, 0x00, 0x00, 0xfb, 0x00, 0x00, 0xfb, 0x00, 0x00, 0xfb, 0x00, 0x00, 0xfb, 0x00, 0x00, 0xfb,
    0x00, 0x00, 0xfb, 0x00, 0x00, 0xfb, 0x00, 0x03, 0x43, 0x00, 0x00, 0x3d, 0xff, 0xfb, 0x30, 0x1e,
    0xe5, 0x46, 0xed, 0x17, 0xf4, 0x00, 0x05, 0xf6, 0x48, 0x00, 0x00, 0x1f, 0x80, 0x00, 0x00, 0x06,
    0xf5, 0x00, 0x00, 0x01, 0xdc, 0x00, 0x00, 0x00, 0xce, 0x30, 0x00, 0x00, 0x9f, 0x60, 0x00, 0x00,
    0x9f, 0x60, 0x00, 0x00, 0x9f, 0x60, 0x00, 0x00, 0x6f, 0x90, 0x00, 0x00, 0x6f, 0xe8, 0x88, 0x88,
    0x6b, 0xff, 0xff, 0xff, 0xfb, 0x00, 0x02, 0x43, 0x00, 0x00, 0x03, 0xbf, 0xff, 0xd3, 0x00, 0x2e,
    0xd6, 0x45, 0xce, 0x20, 0x8f, 0x30, 0x00, 0x4f, 0x80, 0x24, 0x00, 0x00, 0x0f, 0x80, 0x00, 0x00,
    0x00, 0x7f, 0x60, 0x00, 0x06, 0x89, 0xf9, 0x00, 0x00, 0x0b, 0xff, 0xc5, 0x00, 0x00, 0x00, 0x02,
    0x9f, 0x70, 0x00, 0x00, 0x00, 0x0c, 0xe0, 0x43, 0x00, 0x00, 0x08, 0xf0, 0xbe, 0x10, 0x00, 0x1d,
    0xd0, 0x4f, 0xd7, 0x46, 0xdf, 0x50, 0x04, 0xcf, 0xff, 0xd5, 0x00, 0x00, 0x01, 0x41, 0x00, 0x00,
    0x00, 0x00, 0x00, 0x00, 0x00, 0x00, 0x00, 0x08, 0xfb, 0x00, 0x00, 0x00, 0x4f, 0xfb, 0x00, 0x00,
    0x00, 0xcc, 0xbb, 0x00, 0x00, 0x08, 0xf3, 0xbb, 0x00, 0x00, 0x2f, 0x80, 0xbb, 0x00, 0x00, 0xbd,
    0x10, 0xbb, 0x00, 0x06, 0xf4, 0x00, 0xbb, 0x00, 0x1e, 0xa0, 0x00, 0xbb, 0x00, 0xaf, 0x54, 0x44,
    0xcc, 0x42, 0xff, 0xff, 0xff, 0xff, 0xf8, 0x44, 0x44, 0x44, 0xcc, 0x42, 0x00, 0x00, 0x00, 0xbb,
    0x00, 0x00, 0x00, 0x00, 0xbb, 0x00, 0x00, 0x00, 0x00, 0x00, 0x00, 0xff, 0xff, 0xff, 0xf0, 0x1f,
    0x94, 0x44, 0x44, 0x04, 0xf6, 0x00, 0x00, 0x00, 0x4f, 0x40, 0x00, 0x00, 0x08, 0xf5, 0x78, 0x71,
    0x00, 0x8f, 0xef, 0xff, 0xe4, 0x06, 0x84, 0x00, 0x4e, 0xe1, 0x00, 0x00, 0x00, 0x6f, 0x70, 0x00,
    0x00, 0x00, 0xf8, 0x33, 0x00, 0x00, 0x1f, 0x8a, 0xe1, 0x00, 0x08, 0xf5, 0x4f, 0xd6, 0x49, 0xfb,
    0x00, 0x5d, 0xff, 0xf8, 0x10, 0x00, 0x02, 0x40, 0x00, 0x00, 0x00, 0x01, 0x44, 0x00, 0x00, 0x00,
    0x8f, 0xff, 0xe6, 0x00, 0x08, 0xf9, 0x45, 0xcf, 0x50, 0x2f, 0x80, 0x00, 0x1d, 0xc0, 0x8f, 0x10,
    0x00, 0x03, 0x40, 0xbb, 0x04, 0x88, 0x40, 0x00, 0xcb, 0x9f, 0xff, 0xf9, 0x00, 0xff, 0xc3, 0x01,
    0x9f, 0x80, 0xff, 0x40, 0x00, 0x0c, 0xe0, 0xcf, 0x00, 0x00, 0x08, 0xf0, 0xaf, 0x00, 0x00, 0x09,
    0xf0, 0x5f, 0x70, 0x00, 0x2e, 0xb0, 0x0b, 0xf8, 0x47, 0xef, 0x30, 0x01, 0x9f, 0xff, 0xd4, 0x00,
    0x00, 0x00, 0x42, 0x00, 0x00, 0x00, 0x00, 0x00, 0x00, 0x00, 0x4f, 0xff, 0xff, 0xff, 0xf4, 0x14,
    0x44, 0x44, 0x49, 0xf3, 0x00, 0x00, 0x00, 0x1e, 0xb0, 0x00, 0x00, 0x00, 0x8f, 0x40, 0x00, 0x00,
    0x01, 0xeb, 0x00, 0x00, 0x00, 0x08, 0xf4, 0x00, 0x00, 0x00, 0x1e, 0xb0, 0x00, 0x00, 0x00, 0x8f,
    0x40, 0x00, 0x00, 0x01, 0xeb, 0x00, 0x00, 0x00, 0x08, 0xf4, 0x00, 0x00, 0x00, 0x1e, 0xb0, 0x00,
    0x00, 0x00, 0x8f, 0x40, 0x00, 0x00, 0x01, 0xeb, 0x00, 0x00, 0x00, 0x00, 0x03, 0x43, 0x00, 0x00,
    0x03, 0xcf, 0xff, 0xd3, 0x00, 0x1e, 0xe6, 0x45, 0xce, 0x20, 0x6f, 0x50, 0x00, 0x4f, 0x80, 0x8f,
    0x40, 0x00, 0x0f, 0x80, 0x3f, 0x80, 0x00, 0x7f, 0x40, 0x08, 0xf9, 0x89, 0xf9, 0x00, 0x05, 0xdf,
    0xff, 0xd6, 0x00, 0x5f, 0xa2, 0x01, 0x9f, 0x70, 0xbd, 0x00, 0x00, 0x0c, 0xe0, 0xfb, 0x00, 0x00,
    0x08, 0xf0, 0xce, 0x10, 0x00, 0x1d, 0xe0, 0x5f, 0xd6, 0x46, 0xcf, 0x60, 0x04, 0xcf, 0xff, 0xd5,
    0x00, 0x00, 0x01, 0x42, 0x00, 0x00, 0x00, 0x03, 0x42, 0x00, 0x00, 0x03, 0xdf, 0xff, 0xb3, 0x00,
    0x2e, 0xe6, 0x46, 0xee, 0x10, 0x9f, 0x30, 0x00, 0x3f, 0x80, 0xdb, 0x00, 0x00, 0x0b, 0xc0, 0xeb,
    0x00, 0x00, 0x0b, 0xf0, 0xae, 0x10, 0x00, 0x2f, 0xf0, 0x4f, 0xc2, 0x04, 0xce, 0xf0, 0x06, 0xff,
    0xff, 0x98, 0xf0, 0x00, 0x27, 0x83, 0x09, 0xd0, 0x34, 0x00, 0x00, 0x0d, 0x90, 0x9f, 0x30, 0x00,
    0x7f, 0x40, 0x2e, 0xe6, 0x48, 0xf9, 0x00, 0x03, 0xcf, 0xff, 0x80, 0x00, 0x00, 0x02, 0x40, 0x00,
    0x00, 0x14, 0x17, 0xfa, 0x5f, 0x80, 0x00, 0x00, 0x00, 0x00, 0x00, 0x00, 0x41, 0x7f, 0xa5, 0xf8,
    0x00, 0x00, 0x04, 0x20, 0x4f, 0xe0, 0x2e, 0xc0, 0x00, 0x00, 0x00, 0x00, 0x00, 0x00, 0x00, 0x00,
    0x00, 0x00, 0x3b, 0x70, 0x4f, 0x60, 0x8f, 0x10, 0x9c, 0x00, 0xb8, 0x00, 0x31, 0x00, 0x00, 0x00,
    0x00, 0x04, 0x80, 0x00, 0x00, 0x2b, 0xfb, 0x00, 0x02, 0x9f, 0xe8, 0x10, 0x29, 0xfd, 0x71, 0x00,
    0x6f, 0xd6, 0x00, 0x00, 0x04, 0xdf, 0x92, 0x00, 0x00, 0x00, 0x6d, 0xf9, 0x30, 0x00, 0x00, 0x06,
    0xdf, 0xb4, 0x00, 0x00, 0x01, 0x8e, 0xb0, 0x00, 0x00, 0x00, 0x15, 0x0b, 0xbb, 0xbb, 0xbb, 0xb0,
    0xbb, 0xbb, 0xbb, 0xbb, 0x00, 0x00, 0x00, 0x00, 0x00, 0x00, 0x00, 0x00, 0x00, 0x0f, 0xff, 0xff,
    0xff, 0xf0, 0x88, 0x88, 0x88, 0x88, 0x92, 0x00, 0x00, 0x00, 0x0f, 0xf9, 0x20, 0x00, 0x00, 0x18,
    0xef, 0x92, 0x00, 0x00, 0x01, 0x8e, 0xf9, 0x20, 0x00, 0x00, 0x16, 0xef, 0x60, 0x00, 0x03, 0x9f,
    0xd4, 0x00, 0x4b, 0xfd, 0x60, 0x04, 0xbf, 0xd6, 0x00, 0x00, 0xfd, 0x60, 0x00, 0x00, 0x06, 0x00,
    0x00, 0x00, 0x00, 0x00, 0x02, 0x43, 0x00, 0x00, 0x1b, 0xff, 0xfc, 0x30, 0x0c, 0xe6, 0x45, 0xed,
    0x03, 0xf8, 0x00, 0x06, 0xf4, 0x14, 0x20, 0x00, 0x5f, 0x40, 0x00, 0x00, 0x0b, 0xf2, 0x00, 0x00,
    0x3c, 0xf6, 0x00, 0x00, 0x2e, 0xe4, 0x00, 0x00, 0x08, 0xf4, 0x00, 0x00, 0x00, 0x9f, 0x00, 0x00,
    0x00, 0x00, 0x00, 0x00, 0x00, 0x00, 0x13, 0x00, 0x00, 0x00, 0x0d, 0xf3, 0x00, 0x00, 0x00, 0xcf,
    0x30, 0x00, 0x00, 0x00, 0x00, 0x00, 0x00, 0x00, 0x00, 0x16, 0x89, 0x98, 0x50, 0x00, 0x00, 0x00,
    0x08, 0xef, 0xbb, 0xbb, 0xfd, 0x50, 0x00, 0x01, 0xce, 0x71, 0x00, 0x00, 0x18, 0xf6, 0x00, 0x08,
    0xe3, 0x00, 0x00, 0x00, 0x00, 0x7f, 0x40, 0x2f, 0x80, 0x03, 0xab, 0xa5, 0x82, 0x0b, 0xb0, 0x8f,
    0x10, 0x4f, 0xb8, 0x9f, 0xf4, 0x06, 0xf1, 0xbb, 0x00, 0xca, 0x00, 0x08, 0xf4, 0x03, 0xf4, 0xe8,
    0x01, 0xf5, 0x00, 0x04, 0xf4, 0x00, 0xf4, 0xf8, 0x04, 0xf4, 0x00, 0x04, 0xf4, 0x01, 0xf4, 0xd8,
    0x00, 0xf6, 0x00, 0x05, 0xf4, 0x04, 0xf4, 0xbb, 0x00, 0xbc, 0x00, 0x0a, 0xf4, 0x06, 0xe0, 0x8f,
    0x10, 0x3e, 0xdb, 0xda, 0xfc, 0x8e, 0x80, 0x2f, 0x80, 0x02, 0x8b, 0x71, 0x49, 0xb8, 0x00, 0x08,
    0xf6, 0x00, 0x00, 0x00, 0x00, 0x00, 0x00, 0x00, 0x9f, 0x93, 0x00, 0x00, 0x25, 0x00, 0x00, 0x00,
    0x06, 0xdf, 0xfb, 0xbe, 0xfc, 0x00, 0x00, 0x00, 0x00, 0x03, 0x58, 0x86, 0x30, 0x00, 0x00, 0x00,
    0x00, 0x00, 0x00, 0x00, 0x00, 0x00, 0x00, 0x1e, 0xf6, 0x00, 0x00, 0x00, 0x00, 0x6f, 0xda, 0x00,
    0x00, 0x00, 0x00, 0xac, 0x7f, 0x20, 0x00, 0x00, 0x02, 0xf8, 0x2f, 0x70, 0x00, 0x00, 0x07, 0xf3,
    0x0c, 0xd0, 0x00, 0x00, 0x0c, 0xd0, 0x07, 0xf3, 0x00, 0x00, 0x3f, 0x70, 0x02, 0xf8, 0x00, 0x00,
    0x8f, 0x20, 0x00, 0xce, 0x00, 0x00, 0xdf, 0xff, 0xff, 0xff, 0x50, 0x05, 0xf8, 0x44, 0x44, 0x4f,
    0xa0, 0x09, 0xf2, 0x00, 0x00, 0x0a, 0xf1, 0x1e, 0xb0, 0x00, 0x00, 0x06, 0xf6, 0x6f, 0x60, 0x00,
    0x00, 0x00, 0xec, 0x00, 0x00, 0x00, 0x00, 0x00, 0x8f, 0xff, 0xff, 0xe9, 0x10, 0x8f, 0x98, 0x88,
    0x9f, 0xb0, 0x8f, 0x40, 0x00, 0x09, 0xf2, 0x8f, 0x40, 0x00, 0x05, 0xf4, 0x8f, 0x40, 0x00, 0x0a,
    0xf1, 0x8f, 0x74, 0x46, 0xae, 0x60, 0x8f, 0xff, 0xff, 0xfa, 0x30, 0x8f, 0x40, 0x00, 0x5c, 0xf3,
    0x8f, 0x40, 0x00, 0x02, 0xf9, 0x8f, 0x40, 0x00, 0x00, 0xdb, 0x8f, 0x40, 0x00, 0x03, 0xf9, 0x8f,
    0x98, 0x88, 0x8e, 0xe3, 0x8f, 0xff, 0xff, 0xea, 0x30, 0x00, 0x00, 0x24, 0x41, 0x00, 0x00, 0x00,
    0x3b, 0xff, 0xff, 0x91, 0x00, 0x04, 0xee, 0x84, 0x59, 0xfe, 0x10, 0x1e, 0xe3, 0x00, 0x00, 0x4f,
    0x90, 0x7f, 0x60, 0x00, 0x00, 0x09, 0xf1, 0xbe, 0x00, 0x00, 0x00, 0x00, 0x00, 0xdb, 0x00, 0x00,
    0x00, 0x00, 0x00, 0xfb, 0x00, 0x00, 0x00, 0x00, 0x00, 0xdb, 0x00, 0x00, 0x00, 0x00, 0x00, 0xae,
    0x00, 0x00, 0x00, 0x00, 0x00, 0x6f, 0x60, 0x00, 0x00, 0x0a, 0xf0, 0x1d, 0xe3, 0x00, 0x00, 0x6f,
    0x90, 0x03, 0xef, 0x97, 0x8b, 0xfc, 0x10, 0x00, 0x2a, 0xff, 0xfe, 0x81, 0x00, 0x00, 0x00, 0x04,
    0x30, 0x00, 0x00, 0x00, 0x00, 0x00, 0x00, 0x00, 0x08, 0xff, 0xff, 0xfe, 0x92, 0x00, 0x8f, 0x98,
    0x88, 0x9f, 0xe3, 0x08, 0xf4, 0x00, 0x00, 0x3e, 0xd1, 0x8f, 0x40, 0x00, 0x00, 0x6f, 0x78, 0xf4,
    0x00, 0x00, 0x00, 0xeb, 0x8f, 0x40, 0x00, 0x00, 0x0b, 0xd8, 0xf4, 0x00, 0x00, 0x00, 0xbf, 0x8f,
    0x40, 0x00, 0x00, 0x0b, 0xd8, 0xf4, 0x00, 0x00, 0x00, 0xfa, 0x8f, 0x40, 0x00, 0x00, 0x7f, 0x68,
    0xf4, 0x00, 0x00, 0x4e, 0xc0, 0x8f, 0x98, 0x88, 0xcf, 0xd3, 0x08, 0xff, 0xff, 0xfc, 0x71, 0x00,
    0x00, 0x00, 0x00, 0x00, 0x08, 0xff, 0xff, 0xff, 0xf8, 0x8f, 0x98, 0x88, 0x88, 0x48, 0xf4, 0x00,
    0x00, 0x00, 0x8f, 0x40, 0x00, 0x00, 0x08, 0xf4, 0x00, 0x00, 0x00, 0x8f, 0x74, 0x44, 0x44, 0x18,
    0xff, 0xff, 0xff, 0xf4, 0x8f, 0x74, 0x44, 0x44, 0x18, 0xf4, 0x00, 0x00, 0x00, 0x8f, 0x40, 0x00,
    0x00, 0x08, 0xf4, 0x00, 0x00, 0x00, 0x8f, 0x98, 0x88, 0x88, 0x68, 0xff, 0xff, 0xff, 0xfb, 0x00,
    0x00, 0x00, 0x00, 0x08, 0xff, 0xff, 0xff, 0xf8, 0x8f, 0x98, 0x88, 0x88, 0x48, 0xf4, 0x00, 0x00,
    0x00, 0x8f, 0x40, 0x00, 0x00, 0x08, 0xf4, 0x00, 0x00, 0x00, 0x8f, 0x74, 0x44, 0x44, 0x08, 0xff,
    0xff, 0xff, 0xf0, 0x8f, 0x74, 0x44, 0x44, 0x08, 0xf4, 0x00, 0x00, 0x00, 0x8f, 0x40, 0x00, 0x00,
    0x08, 0xf4, 0x00, 0x00, 0x00, 0x8f, 0x40, 0x00, 0x00, 0x08, 0xf4, 0x00, 0x00, 0x00, 0x00, 0x00,
    0x24, 0x41, 0x00, 0x00, 0x00, 0x3b, 0xff, 0xff, 0x91, 0x00, 0x05, 0xfe, 0x84, 0x59, 0xfe, 0x10,
    0x1e, 0xe2, 0x00, 0x00, 0x6f, 0x90, 0x7f, 0x60, 0x00, 0x00, 0x0b, 0xf1, 0xbe, 0x00, 0x00, 0x00,
    0x00, 0x00, 0xdb, 0x00, 0x00, 0x00, 0x00, 0x00, 0xfb, 0x00, 0x00, 0x68, 0x88, 0x82, 0xdb, 0x00,
    0x00, 0xbf, 0xff, 0xf4, 0xae, 0x00, 0x00, 0x00, 0x06, 0xf4, 0x6f, 0x60, 0x00, 0x00, 0x09, 0xf2,
    0x1d, 0xe3, 0x00, 0x00, 0x6f, 0xb0, 0x03, 0xef, 0x97, 0x89, 0xfe, 0x10, 0x00, 0x2a, 0xff, 0xff,
    0x91, 0x00, 0x00, 0x00, 0x04, 0x30, 0x00, 0x00, 0x00, 0x00, 0x00, 0x00, 0x00, 0x08, 0xf4, 0x00,
    0x00, 0x00, 0xfb, 0x8f, 0x40, 0x00, 0x00, 0x0f, 0xb8, 0xf4, 0x00, 0x00, 0x00, 0xfb, 0x8f, 0x40,
    0x00, 0x00, 0x0f, 0xb8, 0xf4, 0x00, 0x00, 0x00, 0xfb, 0x8f, 0x98, 0x88, 0x88, 0x8f, 0xb8, 0xff,
    0xff, 0xff, 0xff, 0xfb, 0x8f, 0x40, 0x00, 0x00, 0x0f, 0xb8, 0xf4, 0x00, 0x00, 0x00, 0xfb, 0x8f,
    0x40, 0x00, 0x00, 0x0f, 0xb8, 0xf4, 0x00, 0x00, 0x00, 0xfb, 0x8f, 0x40, 0x00, 0x00, 0x0f, 0xb8,
    0xf4, 0x00, 0x00, 0x00, 0xfb, 0x00, 0x08, 0xf4, 0x8f, 0x48, 0xf4, 0x8f, 0x48, 0xf4, 0x8f, 0x48,
    0xf4, 0x8f, 0x48, 0xf4, 0x8f, 0x48, 0xf4, 0x8f, 0x48, 0xf4, 0x00, 0x00, 0x00, 0x00, 0x00, 0x00,
    0x00, 0x00, 0xfb, 0x00, 0x00, 0x00, 0x0f, 0xb0, 0x00, 0x00, 0x00, 0xfb, 0x00, 0x00, 0x00, 0x0f,
    0xb0, 0x00, 0x00, 0x00, 0xfb, 0x00, 0x00, 0x00, 0x0f, 0xb0, 0x00, 0x00, 0x00, 0xfb, 0x00, 0x00,
    0x00, 0x0f, 0xb0, 0x84, 0x00, 0x00, 0xfb, 0x0f, 0x80, 0x00, 0x0f, 0xb0, 0xec, 0x00, 0x04, 0xf8,
    0x08, 0xfa, 0x46, 0xee, 0x20, 0x08, 0xff, 0xfd, 0x40, 0x00, 0x00, 0x42, 0x00, 0x00, 0x00, 0x00,
    0x00, 0x00, 0x00, 0x08, 0xf4, 0x00, 0x00, 0x3e, 0xe3, 0x8f, 0x40, 0x00, 0x3e, 0xe3, 0x08, 0xf4,
    0x00, 0x1e, 0xe3, 0x00, 0x8f, 0x40, 0x1c, 0xf3, 0x00, 0x08, 0xf4, 0x1c, 0xf6, 0x00, 0x00, 0x8f,
    0x4a, 0xf8, 0x00, 0x00, 0x08, 0xfc, 0xfe, 0xd1, 0x00, 0x00, 0x8f, 0xf6, 0x5f, 0xa0, 0x00, 0x08,
    0xf7, 0x00, 0x8f, 0x60, 0x00, 0x8f, 0x40, 0x01, 0xce, 0x20, 0x08, 0xf4, 0x00, 0x03, 0xfc, 0x00,
    0x8f, 0x40, 0x00, 0x07, 0xf8, 0x08, 0xf4, 0x00, 0x00, 0x0b, 0xf4, 0x00, 0x00, 0x00, 0x00, 0x08,
    0xf4, 0x00, 0x00, 0x00, 0x8f, 0x40, 0x00, 0x00, 0x08, 0xf4, 0x00, 0x00, 0x00, 0x8f, 0x40, 0x00,
    0x00, 0x08, 0xf4, 0x00, 0x00, 0x00, 0x8f, 0x40, 0x00, 0x00, 0x08, 0xf4, 0x00, 0x00, 0x00, 0x8f,
    0x40, 0x00, 0x00, 0x08, 0xf4, 0x00, 0x00, 0x00, 0x8f, 0x40, 0x00, 0x00, 0x08, 0xf4, 0x00, 0x00,
    0x00, 0x8f, 0x98, 0x88, 0x88, 0x28, 0xff, 0xff, 0xff, 0xf4, 0x00, 0x00, 0x00, 0x00, 0x00, 0x00,
    0x00, 0x8f, 0xf3, 0x00, 0x00, 0x00, 0x0e, 0xfb, 0x8f, 0xe9, 0x00, 0x00, 0x00, 0x5f, 0xfb, 0x8f,
    0xbe, 0x00, 0x00, 0x00, 0xac, 0xfb, 0x8f, 0x8f, 0x60, 0x00, 0x02, 0xf8, 0xfb, 0x8f, 0x4e, 0xb0,
    0x00, 0x07, 0xf2, 0xfb, 0x8f, 0x49, 0xf2, 0x00, 0x0d, 0xc0, 0xfb, 0x8f, 0x43, 0xf8, 0x00, 0x4f,
    0x60, 0xfb, 0x8f, 0x40, 0xcd, 0x00, 0x9e, 0x10, 0xfb, 0x8f, 0x40, 0x6f, 0x51, 0xe9, 0x00, 0xfb,
    0x8f, 0x40, 0x1e, 0x96, 0xf3, 0x00, 0xfb, 0x8f, 0x40, 0x09, 0xe9, 0xd0, 0x00, 0xfb, 0x8f, 0x40,
    0x03, 0xff, 0x70, 0x00, 0xfb, 0x8f, 0x40, 0x00, 0xcf, 0x10, 0x00, 0xfb, 0x00, 0x00, 0x00, 0x00,
    0x00, 0x08, 0xfd, 0x10, 0x00, 0x00, 0xbf, 0x8f, 0xf8, 0x00, 0x00, 0x0b, 0xf8, 0xfb, 0xf3, 0x00,
    0x00, 0xbf, 0x8f, 0x5e, 0xc0, 0x00, 0x0b, 0xf8, 0xf4, 0x6f, 0x80, 0x00, 0xbf, 0x8f, 0x40, 0xbe,
    0x20, 0x0b, 0xf8, 0xf4, 0x03, 0xfb, 0x00, 0xbf, 0x8f, 0x40, 0x08, 0xf6, 0x0b, 0xf8, 0xf4, 0x00,
    0x0d, 0xe1, 0xbf, 0x8f, 0x40, 0x00, 0x4f, 0x9b, 0xf8, 0xf4, 0x00, 0x00, 0x8f, 0xaf, 0x8f, 0x40,
    0x00, 0x01, 0xef, 0xf8, 0xf4, 0x00, 0x00, 0x05, 0xff, 0x00, 0x00, 0x24, 0x41, 0x00, 0x00, 0x00,
    0x3b, 0xff, 0xff, 0x91, 0x00, 0x03, 0xee, 0x84, 0x59, 0xfe, 0x10, 0x1e, 0xe3, 0x00, 0x00, 0x5f,
    0xb0, 0x7f, 0x60, 0x00, 0x00, 0x08, 0xf3, 0xbe, 0x00, 0x00, 0x00, 0x03, 0xf8, 0xdb, 0x00, 0x00,
    0x00, 0x00, 0xfa, 0xfb, 0x00, 0x00, 0x00, 0x00, 0xfb, 0xdb, 0x00, 0x00, 0x00, 0x00, 0xf9, 0xae,
    0x00, 0x00, 0x00, 0x03, 0xf8, 0x6f, 0x60, 0x00, 0x00, 0x09, 0xf3, 0x1d, 0xe3, 0x00, 0x00, 0x6f,
    0xa0, 0x03, 0xef, 0x97, 0x8b, 0xfc, 0x10, 0x00, 0x29, 0xff, 0xfe, 0x81, 0x00, 0x00, 0x00, 0x04,
    0x30, 0x00, 0x00, 0x00, 0x00, 0x00, 0x00, 0x00, 0x8f, 0xff, 0xff, 0xe8, 0x10, 0x8f, 0x74, 0x48,
    0x9f, 0xb0, 0x8f, 0x40, 0x00, 0x08, 0xf5, 0x8f, 0x40, 0x00, 0x04, 0xf8, 0x8f, 0x40, 0x00, 0x04,
    0xf8, 0x8f, 0x40, 0x00, 0x08, 0xf5, 0x8f, 0x74, 0x44, 0x8f, 0xc0, 0x8f, 0xff, 0xff, 0xfb, 0x10,
    0x8f, 0x74, 0x44, 0x20, 0x00, 0x8f, 0x40, 0x00, 0x00, 0x00, 0x8f, 0x40, 0x00, 0x00, 0x00, 0x8f,
    0x40, 0x00, 0x00, 0x00, 0x8f, 0x40, 0x00, 0x00, 0x00, 0x00, 0x00, 0x24, 0x41, 0x00, 0x00, 0x00,
    0x3b, 0xff, 0xff, 0x91, 0x00, 0x03, 0xee, 0x84, 0x59, 0xfe, 0x10, 0x1e, 0xe3, 0x00, 0x00, 0x5f,
    0xb0, 0x7f, 0x60, 0x00, 0x00, 0x08, 0xf3, 0xbe, 0x00, 0x00, 0x00, 0x03, 0xf8, 0xdb, 0x00, 0x00,
    0x00, 0x00, 0xfa, 0xfb, 0x00, 0x00, 0x00, 0x00, 0xfb, 0xdb, 0x00, 0x00, 0x00, 0x00, 0xf9, 0xae,
    0x00, 0x00, 0x00, 0x03, 0xf8, 0x6f, 0x60, 0x03, 0xf8, 0x09, 0xf2, 0x1d, 0xe3, 0x00, 0x7f, 0x9f,
    0xa0, 0x03, 0xef, 0x97, 0x8e, 0xfc, 0x10, 0x00, 0x29, 0xff, 0xfe, 0xec, 0x00, 0x00, 0x00, 0x04,
    0x30, 0x3f, 0x80, 0x00, 0x00, 0x00, 0x00, 0x03, 0x40, 0x00, 0x00, 0x00, 0x00, 0x00, 0x08, 0xff,
    0xff, 0xfe, 0x91, 0x00, 0x8f, 0x74, 0x48, 0x9f, 0xc0, 0x08, 0xf4, 0x00, 0x00, 0x8f, 0x50, 0x8f,
    0x40, 0x00, 0x04, 0xf8, 0x08, 0xf4, 0x00, 0x00, 0x4f, 0x80, 0x8f, 0x40, 0x00, 0x09, 0xf4, 0x08,
    0xf9, 0x88, 0x8c, 0xfb, 0x00, 0x8f, 0xff, 0xff, 0xf8, 0x00, 0x08, 0xf4, 0x00, 0x4f, 0x90, 0x00,
    0x8f, 0x40, 0x00, 0xbf, 0x20, 0x08, 0xf4, 0x00, 0x04, 0xfa, 0x00, 0x8f, 0x40, 0x00, 0x0b, 0xf4,
    0x08, 0xf4, 0x00, 0x00, 0x2f, 0xb0, 0x00, 0x02, 0x44, 0x10, 0x00, 0x03, 0xbf, 0xff, 0xf9, 0x10,
    0x1e, 0xe7, 0x44, 0x8f, 0xc0, 0x7f, 0x40, 0x00, 0x08, 0xf4, 0x8f, 0x00, 0x00, 0x01, 0x41, 0x7f,
    0x90, 0x00, 0x00, 0x00, 0x0b, 0xfd, 0x85, 0x00, 0x00, 0x00, 0x6b, 0xff, 0xe8, 0x10, 0x00, 0x00,
    0x15, 0xaf, 0xc1, 0x00, 0x00, 0x00, 0x07, 0xf6, 0x86, 0x00, 0x00, 0x01, 0xf8, 0xce, 0x10, 0x00,
    0x07, 0xf6, 0x5f, 0xd7, 0x45, 0x9f, 0xc0, 0x05, 0xdf, 0xff, 0xf9, 0x10, 0x00, 0x02, 0x44, 0x00,
    0x00, 0x00, 0x00, 0x00, 0x00, 0x00, 0x04, 0xff, 0xff, 0xff, 0xff, 0xfb, 0x28, 0x88, 0x8f, 0xd8,
    0x88, 0x60, 0x00, 0x00, 0xfb, 0x00, 0x00, 0x00, 0x00, 0x0f, 0xb0, 0x00, 0x00, 0x00, 0x00, 0xfb,
    0x00, 0x00, 0x00, 0x00, 0x0f, 0xb0, 0x00, 0x00, 0x00, 0x00, 0xfb, 0x00, 0x00, 0x00, 0x00, 0x0f,
    0xb0, 0x00, 0x00, 0x00, 0x00, 0xfb, 0x00, 0x00, 0x00, 0x00, 0x0f, 0xb0, 0x00, 0x00, 0x00, 0x00,
    0xfb, 0x00, 0x00, 0x00, 0x00, 0x0f, 0xb0, 0x00, 0x00, 0x00, 0x00, 0xfb, 0x00, 0x00, 0x00, 0x00,
    0x00, 0x00, 0x00, 0x08, 0xf4, 0x00, 0x00, 0x00, 0xbb, 0x8f, 0x40, 0x00, 0x00, 0x0b, 0xb8, 0xf4,
    0x00, 0x00, 0x00, 0xbb, 0x8f, 0x40, 0x00, 0x00, 0x0b, 0xb8, 0xf4, 0x00, 0x00, 0x00, 0xbb, 0x8f,
    0x40, 0x00, 0x00, 0x0b, 0xb8, 0xf4, 0x00, 0x00, 0x00, 0xbb, 0x8f, 0x40, 0x00, 0x00, 0x0b, 0xb8,
    0xf4, 0x00, 0x00, 0x00, 0xcb, 0x5f, 0x70, 0x00, 0x00, 0x1f, 0xb1, 0xed, 0x10, 0x00, 0x09, 0xf6,
    0x06, 0xfe, 0x84, 0x7b, 0xfc, 0x00, 0x05, 0xdf, 0xff, 0xe8, 0x10, 0x00, 0x00, 0x24, 0x30, 0x00,
    0x00, 0x00, 0x00, 0x00, 0x00, 0x00, 0x00, 0x5f, 0x70, 0x00, 0x00, 0x01, 0xfb, 0x0e, 0xc0, 0x00,
    0x00, 0x06, 0xf6, 0x09, 0xf2, 0x00, 0x00, 0x0a, 0xf1, 0x03, 0xf8, 0x00, 0x00, 0x1f, 0x90, 0x00,
    0xdd, 0x00, 0x00, 0x6f, 0x50, 0x00, 0x7f, 0x30, 0x00, 0xce, 0x00, 0x00, 0x2f, 0x80, 0x02, 0xf8,
    0x00, 0x00, 0x0b, 0xe0, 0x07, 0xf3, 0x00, 0x00, 0x06, 0xf5, 0x0c, 0xd0, 0x00, 0x00, 0x01, 0xf9,
    0x2f, 0x70, 0x00, 0x00, 0x00, 0x9d, 0x7f, 0x20, 0x00, 0x00, 0x00, 0x5f, 0xdb, 0x00, 0x00, 0x00,
    0x00, 0x0d, 0xf6, 0x00, 0x00, 0x00, 0x00, 0x00, 0x00, 0x00, 0x00, 0x00, 0x00, 0x00, 0x6f, 0x50,
    0x00, 0x04, 0xff, 0x00, 0x00, 0x09, 0xf2, 0x2f, 0x80, 0x00, 0x08, 0xff, 0x40, 0x00, 0x0d, 0xd0,
    0x0c, 0xc0, 0x00, 0x0b, 0xbf, 0x80, 0x00, 0x2f, 0x80, 0x08, 0xf1, 0x00, 0x1f, 0x8c, 0xb0, 0x00,
    0x6f, 0x50, 0x05, 0xf6, 0x00, 0x5f, 0x48, 0xf0, 0x00, 0x9f, 0x00, 0x00, 0xf9, 0x00, 0x8f, 0x05,
    0xf5, 0x00, 0xdb, 0x00, 0x00, 0xbd, 0x00, 0xcb, 0x00, 0xf8, 0x02, 0xf7, 0x00, 0x00, 0x7f, 0x21,
    0xf7, 0x00, 0xbc, 0x06, 0xf3, 0x00, 0x00, 0x3f, 0x66, 0xf3, 0x00, 0x7f, 0x19, 0xe0, 0x00, 0x00,
    0x0e, 0x98, 0xe0, 0x00, 0x3f, 0x5d, 0x90, 0x00, 0x00, 0x09, 0xcc, 0x90, 0x00, 0x0e, 0x9f, 0x60,
    0x00, 0x00, 0x06, 0xff, 0x60, 0x00, 0x09, 0xff, 0x20, 0x00, 0x00, 0x02, 0xff, 0x20, 0x00, 0x06,
    0xfc, 0x00, 0x00, 0x00, 0x00, 0x00, 0x00, 0x00, 0x00, 0x0c, 0xe3, 0x00, 0x00, 0x0b, 0xe3, 0x02,
    0xec, 0x00, 0x00, 0x8f, 0x70, 0x00, 0x7f, 0x80, 0x03, 0xfb, 0x00, 0x00, 0x0b, 0xf3, 0x0c, 0xe1,
    0x00, 0x00, 0x02, 0xeb, 0x8f, 0x50, 0x00, 0x00, 0x00, 0x5f, 0xea, 0x00, 0x00, 0x00, 0x00, 0x1e,
    0xf6, 0x00, 0x00, 0x00, 0x00, 0xaf, 0xce, 0x10, 0x00, 0x00, 0x05, 0xf8, 0x4f, 0xa0, 0x00, 0x00,
    0x2e, 0xc0, 0x08, 0xf6, 0x00, 0x00, 0xbf, 0x30, 0x01, 0xce, 0x20, 0x07, 0xf7, 0x00, 0x00, 0x3f,
    0xb0, 0x3f, 0xb0, 0x00, 0x00, 0x08, 0xf7, 0x00, 0x00, 0x00, 0x00, 0x00, 0x00, 0x3f, 0xb0, 0x00,
    0x00, 0x08, 0xf6, 0x08, 0xf6, 0x00, 0x00, 0x2f, 0xb0, 0x01, 0xde, 0x10, 0x00, 0xbf, 0x30, 0x00,
    0x5f, 0x80, 0x06, 0xf8, 0x00, 0x00, 0x0a, 0xf4, 0x1e, 0xd1, 0x00, 0x00, 0x02, 0xeb, 0x8f, 0x40,
    0x00, 0x00, 0x00, 0x7f, 0xea, 0x00, 0x00, 0x00, 0x00, 0x0d, 0xf1, 0x00, 0x00, 0x00, 0x00, 0x0b,
    0xf0, 0x00, 0x00, 0x00, 0x00, 0x0b, 0xf0, 0x00, 0x00, 0x00, 0x00, 0x0b, 0xf0, 0x00, 0x00, 0x00,
    0x00, 0x0b, 0xf0, 0x00, 0x00, 0x00, 0x00, 0x0b, 0xf0, 0x00, 0x00, 0x00, 0x00, 0x00, 0x00, 0x00,
    0xff, 0xff, 0xff, 0xff, 0xf4, 0x88, 0x88, 0x87, 0x4e, 0xd1, 0x00, 0x00, 0x00, 0x8f, 0x40, 0x00,
    0x00, 0x04, 0xf8, 0x00, 0x00, 0x00, 0x1d, 0xd1, 0x00, 0x00, 0x00, 0x8f, 0x40, 0x00, 0x00, 0x04,
    0xf8, 0x00, 0x00, 0x00, 0x1d, 0xc0, 0x00, 0x00, 0x00, 0x9f, 0x30, 0x00, 0x00, 0x05, 0xf8, 0x00,
    0x00, 0x00, 0x1e, 0xc0, 0x00, 0x00, 0x00, 0x9f, 0x98, 0x88, 0x88, 0x82, 0xbf, 0xff, 0xff, 0xff,
    0xf4, 0x0f, 0xff, 0x80, 0xfb, 0x84, 0x0f, 0x80, 0x00, 0xf8, 0x00, 0x0f, 0x80, 0x00, 0xf8, 0x00,
    0x0f, 0x80, 0x00, 0xf8, 0x00, 0x0f, 0x80, 0x00, 0xf8, 0x00, 0x0f, 0x80, 0x00, 0xf8, 0x00, 0x0f,
    0x80, 0x00, 0xf8, 0x00, 0x0f, 0x80, 0x00, 0xff, 0xf8, 0x08, 0x88, 0x40, 0x6b, 0x00, 0x00, 0x04,
    0xf3, 0x00, 0x00, 0x0f, 0x70, 0x00, 0x00, 0xbb, 0x00, 0x00, 0x07, 0xf0, 0x00, 0x00, 0x3f, 0x40,
    0x00, 0x00, 0xe8, 0x00, 0x00, 0x09, 0xc0, 0x00, 0x00, 0x6f, 0x10, 0x00, 0x02, 0xf6, 0x00, 0x00,
    0x0d, 0x90, 0x00, 0x00, 0x8d, 0x00, 0x00, 0x05, 0xf2, 0x00, 0x00, 0x1f, 0x70, 0x00, 0x00, 0xba,
    0x00, 0x00, 0x08, 0xe0, 0xff, 0xf8, 0x88, 0xf8, 0x00, 0xf8, 0x00, 0xf8, 0x00, 0xf8, 0x00, 0xf8,
    0x00, 0xf8, 0x00, 0xf8, 0x00, 0xf8, 0x00, 0xf8, 0x00, 0xf8, 0x00, 0xf8, 0x00, 0xf8, 0x00, 0xf8,
    0x00, 0xf8, 0xff, 0xf8, 0x88, 0x84, 0x00, 0x09, 0xb4, 0x00, 0x00, 0x4f, 0xd9, 0x00, 0x00, 0x9d,
    0x6f, 0x20, 0x02, 0xf6, 0x0d, 0x90, 0x09, 0xd0, 0x06, 0xf2, 0x1b, 0x60, 0x01, 0xb7, 0xff, 0xff,
    0xff, 0xff, 0x48, 0x88, 0x88, 0x88, 0x82, 0x6b, 0x20, 0x1d, 0x90, 0x04, 0xf2, 0x00, 0x5a, 0xef,
    0xa4, 0x00, 0x6f, 0xd8, 0x8c, 0xf4, 0x08, 0xa1, 0x00, 0x1f, 0x90, 0x00, 0x00, 0x00, 0xdb, 0x00,
    0x38, 0xab, 0xef, 0xb0, 0x9f, 0xda, 0x86, 0xbb, 0x2f, 0xa0, 0x00, 0x0c, 0xb4, 0xf8, 0x00, 0x02,
    0xfb, 0x0e, 0xd5, 0x46, 0xde, 0xb0, 0x3d, 0xff, 0xe6, 0xbb, 0x00, 0x03, 0x40, 0x00, 0x00, 0x00,
    0x00, 0x00, 0x00, 0x00, 0x8f, 0x00, 0x00, 0x00, 0x00, 0x8f, 0x00, 0x00, 0x00, 0x00, 0x8f, 0x00,
    0x00, 0x00, 0x00, 0x8f, 0x19, 0xfe, 0x92, 0x00, 0x8f, 0xbb, 0x88, 0xee, 0x10, 0x8f, 0xa0, 0x00,
    0x3f, 0x90, 0x8f, 0x30, 0x00, 0x0b, 0xe0, 0x8f, 0x00, 0x00, 0x08, 0xf0, 0x8f, 0x00, 0x00, 0x08,
    0xf0, 0x8f, 0x20, 0x00, 0x0a, 0xf0, 0x8f, 0x80, 0x00, 0x2f, 0xa0, 0x8f, 0xd8, 0x45, 0xcf, 0x30,
    0x8f, 0x3d, 0xff, 0xd5, 0x00, 0x00, 0x00, 0x43, 0x00, 0x00, 0x00, 0x18, 0xdf, 0xc8, 0x00, 0x01,
    0xcf, 0x98, 0x9f, 0x90, 0x08, 0xf4, 0x00, 0x08, 0xf2, 0x0d, 0xc0, 0x00, 0x01, 0x00, 0x0f, 0x80,
    0x00, 0x00, 0x00, 0x0f, 0x80, 0x00, 0x00, 0x00, 0x0e, 0xa0, 0x00, 0x00, 0x00, 0x09, 0xf2, 0x00,
    0x06, 0xd3, 0x02, 0xed, 0x54, 0x6e, 0xc0, 0x00, 0x3c, 0xff, 0xfb, 0x10, 0x00, 0x00, 0x24, 0x10,
    0x00, 0x00, 0x00, 0x00, 0x00, 0x00, 0x00, 0x00, 0x00, 0x00, 0xfb, 0x00, 0x00, 0x00, 0x00, 0xfb,
    0x00, 0x00, 0x00, 0x00, 0xfb, 0x00, 0x19, 0xef, 0x91, 0xfb, 0x01, 0xee, 0x88, 0xbb, 0xfb, 0x09,
    0xf4, 0x00, 0x0a, 0xfb, 0x0e, 0xc0, 0x00, 0x02, 0xfb, 0x0f, 0x80, 0x00, 0x00, 0xfb, 0x0f, 0x80,
    0x00, 0x00, 0xfb, 0x0f, 0xa0, 0x00, 0x01, 0xfb, 0x0a, 0xf2, 0x00, 0x08, 0xfb, 0x03, 0xfc, 0x54,
    0x8d, 0xfb, 0x00, 0x5d, 0xff, 0xd3, 0xfb, 0x00, 0x00, 0x34, 0x00, 0x00, 0x00, 0x18, 0xdf, 0xc6,
    0x00, 0x01, 0xce, 0x88, 0xbf, 0x80, 0x08, 0xf3, 0x00, 0x09, 0xf2, 0x0d, 0xa0, 0x00, 0x02, 0xf8,
    0x0f, 0xdb, 0xbb, 0xbb, 0xf8, 0x0f, 0xb8, 0x88, 0x88, 0x84, 0x0f, 0x90, 0x00, 0x00, 0x00, 0x09,
    0xe1, 0x00, 0x03, 0x83, 0x02, 0xed, 0x64, 0x6d, 0xe2, 0x00, 0x3b, 0xff, 0xfd, 0x30, 0x00, 0x00,
    0x24, 0x20, 0x00, 0x00, 0x06, 0xaa, 0x20, 0x08, 0xfd, 0xc1, 0x00, 0xdc, 0x00, 0x00, 0x0f, 0xb0,
    0x00, 0x8b, 0xfe, 0xbb, 0x06, 0x8f, 0xd8, 0x80, 0x00, 0xfb, 0x00, 0x00, 0x0f, 0xb0, 0x00, 0x00,
    0xfb, 0x00, 0x00, 0x0f, 0xb0, 0x00, 0x00, 0xfb, 0x00, 0x00, 0x0f, 0xb0, 0x00, 0x00, 0xfb, 0x00,
    0x00, 0x0f, 0xb0, 0x00, 0x00, 0x19, 0xef, 0xa1, 0xb8, 0x01, 0xee, 0x88, 0xbc, 0xfb, 0x09, 0xf4,
    0x00, 0x09, 0xfb, 0x0e, 0xc0, 0x00, 0x02, 0xfb, 0x0f, 0x80, 0x00, 0x00, 0xfb, 0x0f, 0x80, 0x00,
    0x00, 0xfb, 0x0e, 0xc0, 0x00, 0x02, 0xfb, 0x09, 0xf4, 0x00, 0x09, 0xfb, 0x01, 0xcf, 0xa8, 0xcb,
    0xfb, 0x00, 0x18, 0xbb, 0x81, 0xfb, 0x00, 0x00, 0x00, 0x00, 0xfa, 0x04, 0xb1, 0x00, 0x04, 0xf7,
    0x03, 0xee, 0x88, 0x9f, 0xc1, 0x00, 0x29, 0xbe, 0xb8, 0x10, 0x00, 0x00, 0x00, 0x00, 0x08, 0xf0,
    0x00, 0x00, 0x00, 0x8f, 0x00, 0x00, 0x00, 0x08, 0xf0, 0x00, 0x00, 0x00, 0x8f, 0x19, 0xee, 0x91,
    0x08, 0xfc, 0x98, 0xbf, 0xb0, 0x8f, 0x70, 0x00, 0xaf, 0x28, 0xf0, 0x00, 0x05, 0xf4, 0x8f, 0x00,
    0x00, 0x4f, 0x48, 0xf0, 0x00, 0x04, 0xf4, 0x8f, 0x00, 0x00, 0x4f, 0x48, 0xf0, 0x00, 0x04, 0xf4,
    0x8f, 0x00, 0x00, 0x4f, 0x48, 0xf0, 0x00, 0x04, 0xf4, 0x57, 0x0d, 0xf4, 0x57, 0x00, 0x00, 0x6b,
    0x08, 0xf0, 0x8f, 0x08, 0xf0, 0x8f, 0x08, 0xf0, 0x8f, 0x08, 0xf0, 0x8f, 0x08, 0xf0, 0x00, 0x57,
    0x00, 0x0d, 0xf4, 0x00, 0x57, 0x00, 0x00, 0x00, 0x00, 0x6b, 0x00, 0x08, 0xf0, 0x00, 0x8f, 0x00,
    0x08, 0xf0, 0x00, 0x8f, 0x00, 0x08, 0xf0, 0x00, 0x8f, 0x00, 0x08, 0xf0, 0x00, 0x8f, 0x00, 0x08,
    0xf0, 0x00, 0x8f, 0x00, 0x0c, 0xe0, 0x3d, 0xf8, 0x03, 0xa6, 0x00, 0x00, 0x00, 0x00, 0x00, 0x08,
    0xf0, 0x00, 0x00, 0x00, 0x8f, 0x00, 0x00, 0x00, 0x08, 0xf0, 0x00, 0x00, 0x00, 0x8f, 0x00, 0x01,
    0xaa, 0x18, 0xf0, 0x01, 0xce, 0x30, 0x8f, 0x01, 0xce, 0x30, 0x08, 0xf1, 0xce, 0x30, 0x00, 0x8f,
    0xcf, 0x70, 0x00, 0x08, 0xfc, 0xce, 0x30, 0x00, 0x8f, 0x13, 0xec, 0x10, 0x08, 0xf0, 0x06, 0xf9,
    0x00, 0x8f, 0x00, 0x08, 0xf7, 0x08, 0xf0, 0x00, 0x0c, 0xf4, 0x00, 0x8f, 0x8f, 0x8f, 0x8f, 0x8f,
    0x8f, 0x8f, 0x8f, 0x8f, 0x8f, 0x8f, 0x8f, 0x8f, 0x00, 0x00, 0x00, 0x00, 0x00, 0x00, 0x00, 0x6b,
    0x3b, 0xfd, 0x30, 0x8e, 0xfb, 0x30, 0x8f, 0xb8, 0x8d, 0xe9, 0xc8, 0x8e, 0xe1, 0x8f, 0x40, 0x01,
    0xfd, 0x10, 0x06, 0xf4, 0x8f, 0x00, 0x00, 0xfb, 0x00, 0x04, 0xf7, 0x8f, 0x00, 0x00, 0xfb, 0x00,
    0x04, 0xf8, 0x8f, 0x00, 0x00, 0xfb, 0x00, 0x04, 0xf8, 0x8f, 0x00, 0x00, 0xfb, 0x00, 0x04, 0xf8,
    0x8f, 0x00, 0x00, 0xfb, 0x00, 0x04, 0xf8, 0x8f, 0x00, 0x00, 0xfb, 0x00, 0x04, 0xf8, 0x8f, 0x00,
    0x00, 0xfb, 0x00, 0x04, 0xf8, 0x6b, 0x19, 0xee, 0x91, 0x08, 0xfc, 0x98, 0xbf, 0xb0, 0x8f, 0x70,
    0x00, 0xaf, 0x28, 0xf0, 0x00, 0x05, 0xf4, 0x8f, 0x00, 0x00, 0x4f, 0x48, 0xf0, 0x00, 0x04, 0xf4,
    0x8f, 0x00, 0x00, 0x4f, 0x48, 0xf0, 0x00, 0x04, 0xf4, 0x8f, 0x00, 0x00, 0x4f, 0x48, 0xf0, 0x00,
    0x04, 0xf4, 0x00, 0x18, 0xdf, 0xc8, 0x00, 0x01, 0xcf, 0x98, 0x9f, 0x90, 0x08, 0xf4, 0x00, 0x08,
    0xf6, 0x0d, 0xc0, 0x00, 0x00, 0xea, 0x0f, 0x80, 0x00, 0x00, 0xbb, 0x0f, 0x80, 0x00, 0x00, 0xbc,
    0x0e, 0xa0, 0x00, 0x00, 0xdb, 0x09, 0xf2, 0x00, 0x04, 0xf7, 0x02, 0xed, 0x54, 0x6e, 0xc1, 0x00,
    0x3c, 0xff, 0xfb, 0x10, 0x00, 0x00, 0x24, 0x10, 0x00, 0x6b, 0x19, 0xfe, 0x92, 0x00, 0x8f, 0xbb,
    0x88, 0xee, 0x10, 0x8f, 0xa0, 0x00, 0x3f, 0x90, 0x8f, 0x30, 0x00, 0x0b, 0xe0, 0x8f, 0x00, 0x00,
    0x08, 0xf0, 0x8f, 0x00, 0x00, 0x08, 0xf0, 0x8f, 0x20, 0x00, 0x0a, 0xf0, 0x8f, 0x80, 0x00, 0x2f,
    0xa0, 0x8f, 0xd8, 0x45, 0xcf, 0x30, 0x8f, 0x3d, 0xff, 0xd5, 0x00, 0x8f, 0x00, 0x43, 0x00, 0x00,
    0x8f, 0x00, 0x00, 0x00, 0x00, 0x8f, 0x00, 0x00, 0x00, 0x00, 0x6b, 0x00, 0x00, 0x00, 0x00, 0x00,
    0x19, 0xef, 0x91, 0xb8, 0x01, 0xee, 0x88, 0xbb, 0xfb, 0x09, 0xf4, 0x00, 0x0a, 0xfb, 0x0e, 0xc0,
    0x00, 0x02, 0xfb, 0x0f, 0x80, 0x00, 0x00, 0xfb, 0x0f, 0x80, 0x00, 0x00, 0xfb, 0x0f, 0xa0, 0x00,
    0x01, 0xfb, 0x0a, 0xf2, 0x00, 0x08, 0xfb, 0x03, 0xfc, 0x54, 0x8d, 0xfb, 0x00, 0x5d, 0xff, 0xd3,
    0xfb, 0x00, 0x00, 0x34, 0x00, 0xfb, 0x00, 0x00, 0x00, 0x00, 0xfb, 0x00, 0x00, 0x00, 0x00, 0xfb,
    0x00, 0x00, 0x00, 0x00, 0xb8, 0x6b, 0x3b, 0xf4, 0x8f, 0xdb, 0x82, 0x8f, 0x70, 0x00, 0x8f, 0x00,
    0x00, 0x8f, 0x00, 0x00, 0x8f, 0x00, 0x00, 0x8f, 0x00, 0x00, 0x8f, 0x00, 0x00, 0x8f, 0x00, 0x00,
    0x8f, 0x00, 0x00, 0x00, 0x5b, 0xfe, 0xa2, 0x00, 0x5f, 0xb8, 0x8e, 0xe1, 0x0b, 0xd0, 0x00, 0x39,
    0x30, 0xaf, 0x30, 0x00, 0x00, 0x03, 0xef, 0xc8, 0x50, 0x00, 0x02, 0x7b, 0xff, 0xc1, 0x00, 0x00,
    0x00, 0x8f, 0x70, 0x87, 0x00, 0x01, 0xf8, 0x0b, 0xf7, 0x44, 0xbf, 0x40, 0x1b, 0xff, 0xfe, 0x60,
    0x00, 0x01, 0x43, 0x00, 0x00, 0x01, 0x41, 0x00, 0x04, 0xf4, 0x00, 0x04, 0xf4, 0x00, 0x8c, 0xfc,
    0xb3, 0x69, 0xf9, 0x82, 0x04, 0xf4, 0x00, 0x04, 0xf4, 0x00, 0x04, 0xf4, 0x00, 0x04, 0xf4, 0x00,
    0x04, 0xf4, 0x00, 0x04, 0xf4, 0x00, 0x03, 0xf9, 0x41, 0x00, 0x8f, 0xf7, 0x00, 0x00, 0x00, 0x6b,
    0x00, 0x00, 0x3b, 0x38, 0xf0, 0x00, 0x04, 0xf4, 0x8f, 0x00, 0x00, 0x4f, 0x48, 0xf0, 0x00, 0x04,
    0xf4, 0x8f, 0x00, 0x00, 0x4f, 0x48, 0xf0, 0x00, 0x04, 0xf4, 0x8f, 0x00, 0x00, 0x6f, 0x48, 0xf4,
    0x00, 0x0a, 0xf4, 0x2f, 0xe6, 0x5a, 0xbf, 0x40, 0x6e, 0xff, 0x95, 0xf4, 0x00, 0x00, 0x00, 0x00,
    0x00, 0x4b, 0x40, 0x00, 0x03, 0xb5, 0x1f, 0xa0, 0x00, 0x08, 0xf2, 0x09, 0xf1, 0x00, 0x0e, 0xb0,
    0x04, 0xf6, 0x00, 0x5f, 0x60, 0x00, 0xdb, 0x00, 0x9e, 0x10, 0x00, 0x8f, 0x21, 0xe9, 0x00, 0x00,
    0x2f, 0x76, 0xf3, 0x00, 0x00, 0x0a, 0xc9, 0xd0, 0x00, 0x00, 0x06, 0xfe, 0x70, 0x00, 0x00, 0x00,
    0xef, 0x20, 0x00, 0x3b, 0x50, 0x00, 0x7b, 0x40, 0x00, 0x8b, 0x00, 0xea, 0x00, 0x0c, 0xf8, 0x00,
    0x0e, 0xa0, 0x0a, 0xe0, 0x02, 0xfb, 0xd0, 0x03, 0xf6, 0x00, 0x6f, 0x30, 0x6f, 0x4f, 0x20, 0x8f,
    0x20, 0x01, 0xf8, 0x09, 0xb0, 0xf6, 0x0b, 0xc0, 0x00, 0x0c, 0xb0, 0xe7, 0x0a, 0x91, 0xf8, 0x00,
    0x00, 0x7f, 0x3f, 0x30, 0x7d, 0x5f, 0x30, 0x00, 0x03, 0xf9, 0xd0, 0x02, 0xf9, 0xd0, 0x00, 0x00,
    0x0d, 0xf9, 0x00, 0x0d, 0xf9, 0x00, 0x00, 0x00, 0x8f, 0x50, 0x00, 0x8f, 0x50, 0x00, 0x0a, 0xa0,
    0x00, 0x1a, 0x80, 0x05, 0xf8, 0x00, 0x8f, 0x30, 0x00, 0xae, 0x24, 0xf8, 0x00, 0x00, 0x1e, 0xab,
    0xc0, 0x00, 0x00, 0x04, 0xff, 0x30, 0x00, 0x00, 0x05, 0xfe, 0x30, 0x00, 0x00, 0x1e, 0x9b, 0xc0,
    0x00, 0x00, 0xbe, 0x24, 0xf8, 0x00, 0x07, 0xf7, 0x00, 0x8f, 0x40, 0x2e, 0xb0, 0x00, 0x1d, 0xd1,
    0x4b, 0x40, 0x00, 0x03, 0xb5, 0x1f, 0xa0, 0x00, 0x08, 0xf2, 0x09, 0xf1, 0x00, 0x0e, 0xb0, 0x04,
    0xf6, 0x00, 0x5f, 0x60, 0x00, 0xdb, 0x00, 0x9e, 0x10, 0x00, 0x8f, 0x21, 0xe9, 0x00, 0x00, 0x2f,
    0x76, 0xf3, 0x00, 0x00, 0x0b, 0xca, 0xd0, 0x00, 0x00, 0x06, 0xfe, 0x70, 0x00, 0x00, 0x00, 0xef,
    0x20, 0x00, 0x00, 0x00, 0xea, 0x00, 0x00, 0x00, 0x06, 0xf5, 0x00, 0x00, 0x06, 0xbe, 0xc0, 0x00,
    0x00, 0x08, 0xb8, 0x10, 0x00, 0x00, 0x8b, 0xbb, 0xbb, 0xb8, 0x8b, 0xbb, 0xbd, 0xf8, 0x00, 0x00,
    0x1e, 0xc1, 0x00, 0x00, 0xbe, 0x20, 0x00, 0x08, 0xf5, 0x00, 0x00, 0x5f, 0x80, 0x00, 0x03, 0xec,
    0x00, 0x00, 0x1c, 0xe1, 0x00, 0x00, 0x9f, 0xa8, 0x88, 0x86, 0xff, 0xff, 0xff, 0xfb, 0x00, 0x08,
    0xb8, 0x00, 0x7f, 0x94, 0x00, 0xbc, 0x00, 0x00, 0xbb, 0x00, 0x00, 0xbb, 0x00, 0x00, 0xbb, 0x00,
    0x00, 0xe9, 0x00, 0x6b, 0xe3, 0x00, 0xbf, 0x70, 0x00, 0x07, 0xf7, 0x00, 0x00, 0xca, 0x00, 0x00,
    0xbb, 0x00, 0x00, 0xbb, 0x00, 0x00, 0xbb, 0x00, 0x00, 0x9e, 0x10, 0x00, 0x3e, 0xf7, 0x00, 0x01,
    0x64, 0x33, 0xbb, 0xbb, 0xbb, 0xbb, 0xbb, 0xbb, 0xbb, 0xbb, 0xbb, 0xbb, 0xbb, 0xbb, 0xbb, 0xbb,
    0xbb, 0xbb, 0xbb, 0xbb, 0xbb, 0xbb, 0xbb, 0x33, 0xda, 0x40, 0x00, 0x8c, 0xf2, 0x00, 0x02, 0xf7,
    0x00, 0x00, 0xf8, 0x00, 0x00, 0xf8, 0x00, 0x00, 0xf8, 0x00, 0x00, 0xe9, 0x00, 0x00, 0x8f, 0x94,
    0x00, 0x1a, 0xf8, 0x00, 0xbd, 0x30, 0x00, 0xf8, 0x00, 0x00, 0xf8, 0x00, 0x00, 0xf8, 0x00, 0x00,
    0xf8, 0x00, 0x06, 0xf5, 0x00, 0xdf, 0xc0, 0x00, 0x84, 0x00, 0x00, 0x05, 0xbb, 0x60, 0x00, 0x84,
    0x3f, 0xb9, 0xf9, 0x14, 0xf5, 0x8f, 0x00, 0x6e, 0xff, 0xc1, 0x24, 0x00, 0x02, 0x87, 0x10, 0x00,
    0x05, 0xf8, 0x7f, 0xa0, 0x41, 0x00, 0x03, 0xb6, 0x4f, 0x84, 0xf8, 0x4f, 0x84, 0xf8, 0x4f, 0x84,
    0xf8, 0x4f, 0x84, 0xf8, 0x14, 0x20, 0x00, 0x00, 0x00, 0x00, 0x00, 0x00, 0x00, 0x4b, 0x00, 0x00,
    0x00, 0x04, 0x9d, 0x82, 0x00, 0x00, 0x8f, 0xfe, 0xff, 0x60, 0x06, 0xf9, 0x4b, 0x1c, 0xf2, 0x0c,
    0xd0, 0x4b, 0x02, 0x61, 0x0f, 0x90, 0x4b, 0x00, 0x00, 0x0f, 0x80, 0x4b, 0x00, 0x00, 0x0f, 0x90,
    0x4b, 0x00, 0x00, 0x0c, 0xd0, 0x4b, 0x03, 0x81, 0x05, 0xf9, 0x5b, 0x2c, 0xe2, 0x00, 0x7f, 0xff,
    0xfe, 0x60, 0x00, 0x02, 0x9d, 0x71, 0x00, 0x00, 0x00, 0x4b, 0x00, 0x00, 0x00, 0x00, 0x04, 0x41,
    0x00, 0x00, 0x00, 0x6e, 0xff, 0xf8, 0x00, 0x00, 0x4f, 0xc4, 0x49, 0xf8, 0x00, 0x09, 0xf1, 0x00,
    0x0b, 0xd0, 0x00, 0xbb, 0x00, 0x00, 0x21, 0x00, 0x0b, 0xb0, 0x00, 0x00, 0x00, 0x04, 0xcc, 0x44,
    0x44, 0x00, 0x00, 0xff, 0xff, 0xff, 0xf0, 0x00, 0x00, 0xbf, 0x00, 0x00, 0x00, 0x00, 0x0b, 0xf0,
    0x00, 0x00, 0x00, 0x00, 0x8f, 0x00, 0x00, 0x00, 0x00, 0x0a, 0xd0, 0x00, 0x06, 0xb0, 0x08, 0xf9,
    0x88, 0x88, 0xce, 0x00, 0xff, 0xff, 0xff, 0xfe, 0x60, 0x00, 0x00, 0x00, 0x00, 0x00, 0x00, 0x69,
    0x17, 0xbb, 0xb6, 0x09, 0x60, 0x9f, 0xef, 0xa8, 0xaf, 0xef, 0x90, 0x0e, 0xe3, 0x00, 0x03, 0xee,
    0x00, 0x6f, 0x40, 0x00, 0x00, 0x4f, 0x60, 0x9c, 0x00, 0x00, 0x00, 0x0d, 0x90, 0xbb, 0x00, 0x00,
    0x00, 0x0b, 0xb0, 0xab, 0x00, 0x00, 0x00, 0x0c, 0xa0, 0x7f, 0x20, 0x00, 0x00, 0x2f, 0x70, 0x1e,
    0xc1, 0x00, 0x01, 0xce, 0x10, 0x6f, 0xfd, 0x64, 0x6d, 0xff, 0x60, 0x89, 0x3b, 0xff, 0xfb, 0x39,
    0x90, 0x00, 0x00, 0x14, 0x10, 0x00, 0x00, 0x00, 0x00, 0x00, 0x00, 0x00, 0x8f, 0x60, 0x00, 0x08,
    0xf6, 0x1e, 0xd0, 0x00, 0x0d, 0xd0, 0x08, 0xf4, 0x00, 0x6f, 0x60, 0x01, 0xeb, 0x00, 0xdd, 0x00,
    0x00, 0x8f, 0x34, 0xf6, 0x00, 0x00, 0x1e, 0x9b, 0xd0, 0x00, 0x06, 0x8c, 0xff, 0xb8, 0x60, 0x08,
    0xbb, 0xfe, 0xbb, 0x80, 0x00, 0x00, 0xfb, 0x00, 0x00, 0x0b, 0xff, 0xff, 0xff, 0xb0, 0x03, 0x44,
    0xfc, 0x44, 0x30, 0x00, 0x00, 0xfb, 0x00, 0x00, 0x00, 0x00, 0xfb, 0x00, 0x00, 0x00, 0x04, 0xf4,
    0x4f, 0x44, 0xf4, 0x4f, 0x44, 0xf4, 0x3b, 0x30, 0x00, 0x00, 0x00, 0x00, 0x28, 0x24, 0xf4, 0x4f,
    0x44, 0xf4, 0x4f, 0x44, 0xf4, 0x28, 0x20, 0x00, 0x04, 0x41, 0x00, 0x00, 0x4e, 0xff, 0xf6, 0x00,
    0x0e, 0xc3, 0x19, 0xf2, 0x00, 0xf8, 0x00, 0x0a, 0x40, 0x0c, 0xc1, 0x00, 0x00, 0x00, 0x6f, 0xd6,
    0x00, 0x00, 0x6e, 0x59, 0xfb, 0x30, 0x0d, 0x80, 0x04, 0xbf, 0x50, 0xd9, 0x00, 0x00, 0xae, 0x05,
    0xf8, 0x10, 0x04, 0xf3, 0x06, 0xee, 0x70, 0x9d, 0x00, 0x01, 0x9f, 0xfa, 0x20, 0x00, 0x00, 0x3c,
    0xc0, 0x01, 0x50, 0x00, 0x5f, 0x40, 0x6f, 0x50, 0x06, 0xf4, 0x00, 0xcf, 0xbb, 0xfc, 0x00, 0x01,
    0x79, 0x96, 0x00, 0x00, 0x18, 0x10, 0x47, 0x08, 0xf8, 0x0b, 0xf4, 0x38, 0x10, 0x57, 0x00, 0x00,
    0x00, 0x01, 0x44, 0x30, 0x00, 0x00, 0x00, 0x03, 0xbf, 0xff, 0xfd, 0x80, 0x00, 0x00, 0x6f, 0xe8,
    0x44, 0x6b, 0xfb, 0x10, 0x04, 0xfc, 0x10, 0x44, 0x20, 0x6f, 0xa0, 0x0d, 0xd1, 0x3d, 0xff, 0xf8,
    0x08, 0xf4, 0x3f, 0x61, 0xed, 0x54, 0x8f, 0x80, 0xea, 0x8f, 0x16, 0xf4, 0x00, 0x08, 0x90, 0x9e,
    0x8f, 0x08, 0xf0, 0x00, 0x00, 0x00, 0x8f, 0x8f, 0x26, 0xf4, 0x00, 0x0a, 0x80, 0xae, 0x3f, 0x60,
    0xde, 0x64, 0xaf, 0x51, 0xe9, 0x0b, 0xe1, 0x3b, 0xff, 0xf8, 0x08, 0xf4, 0x03, 0xec, 0x20, 0x34,
    0x10, 0x8f, 0x90, 0x00, 0x5e, 0xf9, 0x64, 0x8d, 0xf9, 0x00, 0x00, 0x02, 0x9e, 0xff, 0xfc, 0x60,
    0x00, 0x00, 0x00, 0x00, 0x34, 0x10, 0x00, 0x00, 0x00, 0x14, 0x41, 0x00, 0x06, 0xef, 0xff, 0x60,
    0x0a, 0x80, 0x0a, 0xf0, 0x00, 0x02, 0x4a, 0xf0, 0x08, 0xef, 0xcd, 0xf0, 0x5f, 0x70, 0x08, 0xf0,
    0x6f, 0x30, 0x1c, 0xf0, 0x1c, 0xfd, 0xf9, 0xf0, 0x00, 0x44, 0x21, 0x40, 0x00, 0x00, 0x77, 0x03,
    0x85, 0x00, 0x08, 0xf6, 0x1c, 0xc1, 0x00, 0x6f, 0x80, 0xce, 0x20, 0x03, 0xf9, 0x09, 0xf3, 0x00,
    0x0e, 0xe1, 0x5f, 0x80, 0x00, 0x06, 0xf8, 0x0c, 0xe3, 0x00, 0x00, 0x8f, 0x61, 0xcc, 0x10, 0x00,
    0x09, 0xe3, 0x3e, 0xb0, 0x00, 0x00, 0xaa, 0x03, 0xb6, 0x08, 0x88, 0x88, 0x88, 0x20, 0xbb, 0xbb,
    0xbc, 0xf4, 0x00, 0x00, 0x00, 0x4f, 0x40, 0x00, 0x00, 0x04, 0xf4, 0x00, 0x00, 0x00, 0x14, 0x10,
    0x6b, 0xbb, 0xbb, 0x36, 0xbb, 0xbb, 0xb3, 0x00, 0x00, 0x14, 0x41, 0x00, 0x00, 0x00, 0x19, 0xff,
    0xff, 0x91, 0x00, 0x01, 0xcc, 0x50, 0x05, 0xcc, 0x10, 0x08, 0xd1, 0x68, 0x83, 0x1d, 0x80, 0x0e,
    0x60, 0xb7, 0x7e, 0x06, 0xe0, 0x0f, 0x20, 0xb7, 0x6e, 0x04, 0xf0, 0x0f, 0x40, 0xb9, 0xc7, 0x04,
    0xf0, 0x0d, 0x80, 0xb4, 0x4d, 0x08, 0xd0, 0x05, 0xe3, 0x31, 0x04, 0x4e, 0x50, 0x00, 0x9f, 0x95,
    0x59, 0xf9, 0x00, 0x00, 0x04, 0xaf, 0xfa, 0x40, 0x00, 0x00, 0x00, 0x00, 0x4f, 0xff, 0xfb, 0x14,
    0x44, 0x43, 0x00, 0x23, 0x00, 0x01, 0xbf, 0xfc, 0x30, 0x8e, 0x54, 0xcb, 0x0b, 0x80, 0x05, 0xf0,
    0xba, 0x00, 0x7e, 0x04, 0xfb, 0xaf, 0x80, 0x04, 0x9a, 0x60, 0x00, 0x00, 0x00, 0x88, 0x00, 0x00,
    0x00, 0x00, 0xbb, 0x00, 0x00, 0x14, 0x44, 0xcc, 0x44, 0x40, 0x4f, 0xff, 0xff, 0xff, 0xf0, 0x14,
    0x44, 0xcc, 0x44, 0x40, 0x00, 0x00, 0xbb, 0x00, 0x00, 0x00, 0x00, 0x88, 0x00, 0x00, 0x00, 0x00,
    0x00, 0x00, 0x00, 0x4f, 0xff, 0xff, 0xff, 0xf0, 0x28, 0x88, 0x88, 0x88, 0x80, 0x00, 0x00, 0x00,
    0x00, 0x04, 0xdf, 0xfb, 0x30, 0x0e, 0xa1, 0x2d, 0xa0, 0x00, 0x00, 0x0d, 0xa0, 0x00, 0x01, 0xae,
    0x30, 0x00, 0x3d, 0xc3, 0x00, 0x06, 0xe9, 0x10, 0x00, 0x0f, 0xff, 0xff, 0xf0, 0x00, 0x00, 0x00,
    0x00, 0x00, 0x00, 0x00, 0x00, 0x03, 0xdf, 0xfd, 0x30, 0x0d, 0xc2, 0x2c, 0xc0, 0x00, 0x00, 0x2c,
    0xa0, 0x00, 0x0b, 0xfd, 0x30, 0x00, 0x00, 0x1a, 0xe2, 0x0b, 0x82, 0x1a, 0xf2, 0x06, 0xef, 0xfe,
    0x60, 0x00, 0x03, 0x40, 0x00, 0x05, 0xb3, 0x0d, 0xa0, 0x6e, 0x10, 0x6b, 0x00, 0x00, 0x3b, 0x30,
    0x8f, 0x00, 0x00, 0x4f, 0x40, 0x8f, 0x00, 0x00, 0x4f, 0x40, 0x8f, 0x00, 0x00, 0x4f, 0x40, 0x8f,
    0x00, 0x00, 0x4f, 0x40, 0x8f, 0x00, 0x00, 0x4f, 0x40, 0x8f, 0x00, 0x00, 0x5f, 0x40, 0x8f, 0x40,
    0x00, 0x8f, 0x40, 0x8f, 0xe6, 0x48, 0xdf, 0xa2, 0x8f, 0x6e, 0xfd, 0x38, 0xe8, 0x8f, 0x00, 0x20,
    0x00, 0x00, 0x8f, 0x00, 0x00, 0x00, 0x00, 0x8f, 0x00, 0x00, 0x00, 0x00, 0x6b, 0x00, 0x00, 0x00,
    0x00, 0x00, 0x00, 0x00, 0x00, 0x00, 0x00, 0x4c, 0xff, 0xff, 0xf4, 0x04, 0xff, 0xff, 0x49, 0xf4,
    0x0c, 0xff, 0xff, 0x08, 0xf4, 0x0f, 0xff, 0xff, 0x08, 0xf4, 0x0f, 0xff, 0xff, 0x08, 0xf4, 0x0c,
    0xff, 0xff, 0x08, 0xf4, 0x05, 0xff, 0xff, 0x08, 0xf4, 0x00, 0x5d, 0xff, 0x08, 0xf4, 0x00, 0x00,
    0x14, 0x08, 0xf4, 0x00, 0x00, 0x00, 0x08, 0xf4, 0x00, 0x00, 0x00, 0x08, 0xf4, 0x00, 0x00, 0x00,
    0x08, 0xf4, 0x00, 0x00, 0x00, 0x08, 0xf4, 0x17, 0x18, 0xfa, 0x5e, 0x70, 0x06, 0x00, 0x4c, 0x20,
    0x28, 0xe4, 0x34, 0xd7, 0x8b, 0x71, 0x00, 0x00, 0x00, 0x5d, 0xf8, 0x4e, 0x9f, 0x82, 0x14, 0xf8,
    0x00, 0x4f, 0x80, 0x04, 0xf8, 0x00, 0x4f, 0x80, 0x04, 0xf8, 0x00, 0x00, 0x00, 0x00, 0x04, 0x42,
    0x00, 0x03, 0xdf, 0xff, 0xa0, 0x0d, 0xd2, 0x04, 0xf8, 0x3f, 0x60, 0x00, 0xad, 0x4f, 0x40, 0x00,
    0x8f, 0x3f, 0x60, 0x00, 0xad, 0x0d, 0xd2, 0x04, 0xf8, 0x03, 0xdf, 0xff, 0x90, 0x00, 0x04, 0x42,
    0x00, 0x18, 0x70, 0x38, 0x30, 0x00, 0x06, 0xf6, 0x1c, 0xe1, 0x00, 0x00, 0x9f, 0x41, 0xec, 0x10,
    0x00, 0x0b, 0xe3, 0x3e, 0x90, 0x00, 0x01, 0xec, 0x08, 0xf6, 0x00, 0x09, 0xf4, 0x2e, 0xc1, 0x00,
    0x6f, 0x61, 0xcd, 0x10, 0x04, 0xf9, 0x0a, 0xe3, 0x00, 0x1a, 0x80, 0x6b, 0x50, 0x00, 0x00, 0x00,
    0x00, 0x00, 0x00, 0x00, 0x00, 0x19, 0xfb, 0x00, 0x00, 0x00, 0xbb, 0x00, 0x4b, 0x8b, 0x00, 0x00,
    0x07, 0xe2, 0x00, 0x10, 0x8b, 0x00, 0x00, 0x3e, 0x50, 0x00, 0x00, 0x8b, 0x00, 0x00, 0xca, 0x00,
    0x00, 0x00, 0x8b, 0x00, 0x08, 0xe1, 0x00, 0x00, 0x00, 0x8b, 0x00, 0x3f, 0x50, 0x04, 0x30, 0x00,
    0x8b, 0x01, 0xc8, 0x00, 0x5f, 0xb0, 0x00, 0x00, 0x08, 0xd1, 0x00, 0xdd, 0xb0, 0x00, 0x00, 0x4f,
    0x40, 0x08, 0xc8, 0xb0, 0x00, 0x01, 0xd8, 0x00, 0x2e, 0x48, 0xb0, 0x00, 0x09, 0xc0, 0x00, 0x9c,
    0x49, 0xc3, 0x00, 0x5f, 0x30, 0x00, 0xbf, 0xff, 0xfb, 0x01, 0xe8, 0x00, 0x00, 0x00, 0x08, 0xb0,
    0x00, 0x00, 0x00, 0x00, 0x00, 0x00, 0x00, 0x01, 0x9f, 0xb0, 0x00, 0x00, 0x0b, 0xb0, 0x00, 0x4b,
    0x8b, 0x00, 0x00, 0x07, 0xe2, 0x00, 0x01, 0x08, 0xb0, 0x00, 0x03, 0xe5, 0x00, 0x00, 0x00, 0x8b,
    0x00, 0x00, 0xca, 0x00, 0x00, 0x00, 0x08, 0xb0, 0x00, 0x8e, 0x10, 0x00, 0x00, 0x00, 0x8b, 0x00,
    0x3f, 0x50, 0x03, 0x30, 0x00, 0x08, 0xb0, 0x1c, 0x80, 0x1c, 0xff, 0xb0, 0x00, 0x00, 0x08, 0xd1,
    0x06, 0xb1, 0x3f, 0x40, 0x00, 0x04, 0xf4, 0x00, 0x00, 0x04, 0xf2, 0x00, 0x01, 0xd8, 0x00, 0x00,
    0x03, 0xe8, 0x00, 0x00, 0x9c, 0x00, 0x00, 0x01, 0xe9, 0x00, 0x00, 0x5f, 0x30, 0x00, 0x01, 0xcc,
    0x44, 0x20, 0x1e, 0x80, 0x00, 0x00, 0x8f, 0xff, 0xf8, 0x00, 0x04, 0x10, 0x00, 0x00, 0x00, 0x00,
    0x00, 0x06, 0xef, 0xf6, 0x00, 0x00, 0x05, 0xf3, 0x00, 0x0a, 0x70, 0x8c, 0x00, 0x00, 0x1e, 0x80,
    0x00, 0x00, 0x14, 0xba, 0x00, 0x00, 0xac, 0x00, 0x00, 0x00, 0x4f, 0xe6, 0x00, 0x06, 0xe2, 0x00,
    0x00, 0x00, 0x00, 0x7f, 0x20, 0x2e, 0x70, 0x00, 0x00, 0x08, 0x60, 0x8f, 0x20, 0xbb, 0x00, 0x24,
    0x10, 0x08, 0xff, 0xe6, 0x07, 0xe2, 0x00, 0xdf, 0x40, 0x00, 0x00, 0x00, 0x3e, 0x50, 0x08, 0xdf,
    0x40, 0x00, 0x00, 0x00, 0xca, 0x00, 0x1e, 0x4f, 0x40, 0x00, 0x00, 0x08, 0xe1, 0x00, 0x9a, 0x0f,
    0x40, 0x00, 0x00, 0x3f, 0x50, 0x03, 0xf6, 0x4f, 0x70, 0x00, 0x01, 0xc8, 0x00, 0x04, 0xff, 0xff,
    0xf0, 0x00, 0x08, 0xd1, 0x00, 0x00, 0x00, 0x0f, 0x40, 0x00, 0x00, 0xbc, 0x10, 0x00, 0x00, 0x2f,
    0xf3, 0x00, 0x00, 0x00, 0x44, 0x00, 0x00, 0x00, 0x00, 0x00, 0x00, 0x00, 0x00, 0xbb, 0x00, 0x00,
    0x00, 0x0e, 0xb0, 0x00, 0x00, 0x1a, 0xf6, 0x00, 0x00, 0x3e, 0xe7, 0x00, 0x00, 0x0b, 0xe3, 0x00,
    0x00, 0x00, 0xf8, 0x00, 0x00, 0x00, 0x0f, 0x80, 0x00, 0x5f, 0x70, 0xbe, 0x40, 0x2c, 0xf2, 0x03,
    0xdf, 0xff, 0xe6, 0x00, 0x00, 0x58, 0x61, 0x00, 0x00, 0x00, 0xcd, 0x00, 0x00, 0x00, 0x00, 0x00,
    0x3f, 0x60, 0x00, 0x00, 0x00, 0x00, 0x05, 0x60, 0x00, 0x00, 0x00, 0x00, 0x00, 0x00, 0x00, 0x00,
    0x00, 0x00, 0x1e, 0xf6, 0x00, 0x00, 0x00, 0x00, 0x6f, 0xda, 0x00, 0x00, 0x00, 0x00, 0xac, 0x7f,
    0x20, 0x00, 0x00, 0x02, 0xf8, 0x2f, 0x70, 0x00, 0x00, 0x07, 0xf3, 0x0c, 0xd0, 0x00, 0x00, 0x0c,
    0xd0, 0x07, 0xf3, 0x00, 0x00, 0x3f, 0x70, 0x02, 0xf8, 0x00, 0x00, 0x8f, 0x20, 0x00, 0xce, 0x00,
    0x00, 0xdf, 0xff, 0xff, 0xff, 0x50, 0x05, 0xf8, 0x44, 0x44, 0x4f, 0xa0, 0x09, 0xf2, 0x00, 0x00,
    0x0a, 0xf1, 0x1e, 0xb0, 0x00, 0x00, 0x06, 0xf6, 0x6f, 0x60, 0x00, 0x00, 0x00, 0xec, 0x00, 0x00,
    0x00, 0x8f, 0x30, 0x00, 0x00, 0x00, 0x01, 0xe8, 0x00, 0x00, 0x00, 0x00, 0x02, 0x81, 0x00, 0x00,
    0x00, 0x00, 0x00, 0x00, 0x00, 0x00, 0x00, 0x00, 0x1e, 0xf6, 0x00, 0x00, 0x00, 0x00, 0x6f, 0xda,
    0x00, 0x00, 0x00, 0x00, 0xac, 0x7f, 0x20, 0x00, 0x00, 0x02, 0xf8, 0x2f, 0x70, 0x00, 0x00, 0x07,
    0xf3, 0x0c, 0xd0, 0x00, 0x00, 0x0c, 0xd0, 0x07, 0xf3, 0x00, 0x00, 0x3f, 0x70, 0x02, 0xf8, 0x00,
    0x00, 0x8f, 0x20, 0x00, 0xce, 0x00, 0x00, 0xdf, 0xff, 0xff, 0xff, 0x50, 0x05, 0xf8, 0x44, 0x44,
    0x4f, 0xa0, 0x09, 0xf2, 0x00, 0x00, 0x0a, 0xf1, 0x1e, 0xb0, 0x00, 0x00, 0x06, 0xf6, 0x6f, 0x60,
    0x00, 0x00, 0x00, 0xec, 0x00, 0x00, 0x1d, 0xf6, 0x00, 0x00, 0x00, 0x01, 0xcb, 0x6f, 0x40, 0x00,
    0x00, 0x04, 0x81, 0x05, 0x70, 0x00, 0x00, 0x00, 0x00, 0x00, 0x00, 0x00, 0x00, 0x00, 0x1e, 0xf6,
    0x00, 0x00, 0x00, 0x00, 0x6f, 0xda, 0x00, 0x00, 0x00, 0x00, 0xac, 0x7f, 0x20, 0x00, 0x00, 0x02,
    0xf8, 0x2f, 0x70, 0x00, 0x00, 0x07, 0xf3, 0x0c, 0xd0, 0x00, 0x00, 0x0c, 0xd0, 0x07, 0xf3, 0x00,
    0x00, 0x3f, 0x70, 0x02, 0xf8, 0x00, 0x00, 0x8f, 0x20, 0x00, 0xce, 0x00, 0x00, 0xdf, 0xff, 0xff,
    0xff, 0x50, 0x05, 0xf8, 0x44, 0x44, 0x4f, 0xa0, 0x09, 0xf2, 0x00, 0x00, 0x0a, 0xf1, 0x1e, 0xb0,
    0x00, 0x00, 0x06, 0xf6, 0x6f, 0x60, 0x00, 0x00, 0x00, 0xec, 0x00, 0x00, 0x89, 0x24, 0x80, 0x00,
    0x00, 0x04, 0xe8, 0xef, 0x80, 0x00, 0x00, 0x01, 0x30, 0x13, 0x00, 0x00, 0x00, 0x00, 0x00, 0x00,
    0x00, 0x00, 0x00, 0x00, 0x1e, 0xf6, 0x00, 0x00, 0x00, 0x00, 0x6f, 0xda, 0x00, 0x00, 0x00, 0x00,
    0xac, 0x7f, 0x20, 0x00, 0x00, 0x02, 0xf8, 0x2f, 0x70, 0x00, 0x00, 0x07, 0xf3, 0x0c, 0xd0, 0x00,
    0x00, 0x0c, 0xd0, 0x07, 0xf3, 0x00, 0x00, 0x3f, 0x70, 0x02, 0xf8, 0x00, 0x00, 0x8f, 0x20, 0x00,
    0xce, 0x00, 0x00, 0xdf, 0xff, 0xff, 0xff, 0x50, 0x05, 0xf8, 0x44, 0x44, 0x4f, 0xa0, 0x09, 0xf2,
    0x00, 0x00, 0x0a, 0xf1, 0x1e, 0xb0, 0x00, 0x00, 0x06, 0xf6, 0x6f, 0x60, 0x00, 0x00, 0x00, 0xec,
    0x00, 0x05, 0xb2, 0x08, 0x90, 0x00, 0x00, 0x09, 0xf6, 0x0e, 0xf0, 0x00, 0x00, 0x01, 0x40, 0x02,
    0x30, 0x00, 0x00, 0x00, 0x00, 0x00, 0x00, 0x00, 0x00, 0x00, 0x1e, 0xf6, 0x00, 0x00, 0x00, 0x00,
    0x6f, 0xda, 0x00, 0x00, 0x00, 0x00, 0xac, 0x7f, 0x20, 0x00, 0x00, 0x02, 0xf8, 0x2f, 0x70, 0x00,
    0x00, 0x07, 0xf3, 0x0c, 0xd0, 0x00, 0x00, 0x0c, 0xd0, 0x07, 0xf3, 0x00, 0x00, 0x3f, 0x70, 0x02,
    0xf8, 0x00, 0x00, 0x8f, 0x20, 0x00, 0xce, 0x00, 0x00, 0xdf, 0xff, 0xff, 0xff, 0x50, 0x05, 0xf8,
    0x44, 0x44, 0x4f, 0xa0, 0x09, 0xf2, 0x00, 0x00, 0x0a, 0xf1, 0x1e, 0xb0, 0x00, 0x00, 0x06, 0xf6,
    0x6f, 0x60, 0x00, 0x00, 0x00, 0xec, 0x00, 0x00, 0x3d, 0xe8, 0x00, 0x00, 0x00, 0x00, 0xe8, 0x4e,
    0x60, 0x00, 0x00, 0x00, 0xf2, 0x0c, 0x80, 0x00, 0x00, 0x00, 0x9d, 0xce, 0x20, 0x00, 0x00, 0x00,
    0x06, 0x72, 0x00, 0x00, 0x00, 0x00, 0x1e, 0xf6, 0x00, 0x00, 0x00, 0x00, 0x6f, 0xda, 0x00, 0x00,
    0x00, 0x00, 0xac, 0x7f, 0x20, 0x00, 0x00, 0x02, 0xf8, 0x2f, 0x70, 0x00, 0x00, 0x07, 0xf3, 0x0c,
    0xd0, 0x00, 0x00, 0x0c, 0xd0, 0x07, 0xf3, 0x00, 0x00, 0x3f, 0x70, 0x02, 0xf8, 0x00, 0x00, 0x8f,
    0x20, 0x00, 0xce, 0x00, 0x00, 0xdf, 0xff, 0xff, 0xff, 0x50, 0x05, 0xf8, 0x44, 0x44, 0x4f, 0xa0,
    0x09, 0xf2, 0x00, 0x00, 0x0a, 0xf1, 0x1e, 0xb0, 0x00, 0x00, 0x06, 0xf6, 0x6f, 0x60, 0x00, 0x00,
    0x00, 0xec, 0x00, 0x00, 0x00, 0x00, 0x00, 0x00, 0x00, 0x00, 0x00, 0x00, 0x00, 0x08, 0xff, 0xff,
    0xff, 0xff, 0xf8, 0x00, 0x00, 0x01, 0xe9, 0x4f, 0x98, 0x88, 0x88, 0x40, 0x00, 0x00, 0x8f, 0x34,
    0xf4, 0x00, 0x00, 0x00, 0x00, 0x00, 0x1e, 0xb0, 0x4f, 0x40, 0x00, 0x00, 0x00, 0x00, 0x08, 0xf4,
    0x04, 0xf4, 0x00, 0x00, 0x00, 0x00, 0x00, 0xeb, 0x00, 0x4f, 0x74, 0x44, 0x44, 0x10, 0x00, 0x6f,
    0x60, 0x04, 0xff, 0xff, 0xff, 0xf4, 0x00, 0x0d, 0xd0, 0x00, 0x4f, 0x74, 0x44, 0x44, 0x10, 0x06,
    0xff, 0xff, 0xff, 0xf4, 0x00, 0x00, 0x00, 0x00, 0xdd, 0x44, 0x44, 0x7f, 0x40, 0x00, 0x00, 0x00,
    0x6f, 0x80, 0x00, 0x04, 0xf4, 0x00, 0x00, 0x00, 0x0d, 0xe1, 0x00, 0x00, 0x4f, 0x98, 0x88, 0x88,
    0x64, 0xf8, 0x00, 0x00, 0x04, 0xff, 0xff, 0xff, 0xfb, 0x00, 0x00, 0x24, 0x41, 0x00, 0x00, 0x00,
    0x3b, 0xff, 0xff, 0x91, 0x00, 0x04, 0xee, 0x84, 0x59, 0xfe, 0x10, 0x1e, 0xe3, 0x00, 0x00, 0x4f,
    0x90, 0x7f, 0x60, 0x00, 0x00, 0x09, 0xf1, 0xbe, 0x00, 0x00, 0x00, 0x00, 0x00, 0xdb, 0x00, 0x00,
    0x00, 0x00, 0x00, 0xfb, 0x00, 0x00, 0x00, 0x00, 0x00, 0xdb, 0x00, 0x00, 0x00, 0x00, 0x00, 0xae,
    0x00, 0x00, 0x00, 0x00, 0x00, 0x6f, 0x60, 0x00, 0x00, 0x0a, 0xf0, 0x1d, 0xe3, 0x00, 0x00, 0x6f,
    0x90, 0x03, 0xef, 0x97, 0x8b, 0xfc, 0x10, 0x00, 0x2a, 0xff, 0xfe, 0x81, 0x00, 0x00, 0x00, 0x0b,
    0x70, 0x00, 0x00, 0x00, 0x00, 0x08, 0xcb, 0x00, 0x00, 0x00, 0x00, 0x04, 0x7f, 0x00, 0x00, 0x00,
    0x00, 0x0b, 0xb5, 0x00, 0x00, 0x00, 0x7f, 0x40, 0x00, 0x00, 0x00, 0xbb, 0x00, 0x00, 0x00, 0x02,
    0x81, 0x00, 0x00, 0x00, 0x00, 0x00, 0x00, 0x8f, 0xff, 0xff, 0xff, 0x88, 0xf9, 0x88, 0x88, 0x84,
    0x8f, 0x40, 0x00, 0x00, 0x08, 0xf4, 0x00, 0x00, 0x00, 0x8f, 0x40, 0x00, 0x00, 0x08, 0xf7, 0x44,
    0x44, 0x41, 0x8f, 0xff, 0xff, 0xff, 0x48, 0xf7, 0x44, 0x44, 0x41, 0x8f, 0x40, 0x00, 0x00, 0x08,
    0xf4, 0x00, 0x00, 0x00, 0x8f, 0x40, 0x00, 0x00, 0x08, 0xf9, 0x88, 0x88, 0x86, 0x8f, 0xff, 0xff,
    0xff, 0xb0, 0x00, 0x00, 0x2f, 0x80, 0x00, 0x00, 0x08, 0xd1, 0x00, 0x00, 0x00, 0x74, 0x00, 0x00,
    0x00, 0x00, 0x00, 0x00, 0x8f, 0xff, 0xff, 0xff, 0x88, 0xf9, 0x88, 0x88, 0x84, 0x8f, 0x40, 0x00,
    0x00, 0x08, 0xf4, 0x00, 0x00, 0x00, 0x8f, 0x40, 0x00, 0x00, 0x08, 0xf7, 0x44, 0x44, 0x41, 0x8f,
    0xff, 0xff, 0xff, 0x48, 0xf7, 0x44, 0x44, 0x41, 0x8f, 0x40, 0x00, 0x00, 0x08, 0xf4, 0x00, 0x00,
    0x00, 0x8f, 0x40, 0x00, 0x00, 0x08, 0xf9, 0x88, 0x88, 0x86, 0x8f, 0xff, 0xff, 0xff, 0xb0, 0x00,
    0x09, 0xfc, 0x00, 0x00, 0x06, 0xe4, 0xc9, 0x00, 0x01, 0x85, 0x03, 0x83, 0x00, 0x00, 0x00, 0x00,
    0x00, 0x8f, 0xff, 0xff, 0xff, 0x88, 0xf9, 0x88, 0x88, 0x84, 0x8f, 0x40, 0x00, 0x00, 0x08, 0xf4,
    0x00, 0x00, 0x00, 0x8f, 0x40, 0x00, 0x00, 0x08, 0xf7, 0x44, 0x44, 0x41, 0x8f, 0xff, 0xff, 0xff,
    0x48, 0xf7, 0x44, 0x44, 0x41, 0x8f, 0x40, 0x00, 0x00, 0x08, 0xf4, 0x00, 0x00, 0x00, 0x8f, 0x40,
    0x00, 0x00, 0x08, 0xf9, 0x88, 0x88, 0x86, 0x8f, 0xff, 0xff, 0xff, 0xb0, 0x01, 0xa6, 0x03, 0xb3,
    0x00, 0x3f, 0xa0, 0x7f, 0x70, 0x00, 0x31, 0x00, 0x40, 0x00, 0x00, 0x00, 0x00, 0x00, 0x8f, 0xff,
    0xff, 0xff, 0x88, 0xf9, 0x88, 0x88, 0x84, 0x8f, 0x40, 0x00, 0x00, 0x08, 0xf4, 0x00, 0x00, 0x00,
    0x8f, 0x40, 0x00, 0x00, 0x08, 0xf7, 0x44, 0x44, 0x41, 0x8f, 0xff, 0xff, 0xff, 0x48, 0xf7, 0x44,
    0x44, 0x41, 0x8f, 0x40, 0x00, 0x00, 0x08, 0xf4, 0x00, 0x00, 0x00, 0x8f, 0x40, 0x00, 0x00, 0x08,
    0xf9, 0x88, 0x88, 0x86, 0x8f, 0xff, 0xff, 0xff, 0xb0, 0x8f, 0x20, 0x1d, 0x80, 0x03, 0x70, 0x00,
    0x00, 0x08, 0xf4, 0x08, 0xf4, 0x08, 0xf4, 0x08, 0xf4, 0x08, 0xf4, 0x08, 0xf4, 0x08, 0xf4, 0x08,
    0xf4, 0x08, 0xf4, 0x08, 0xf4, 0x08, 0xf4, 0x08, 0xf4, 0x08, 0xf4, 0x04, 0xf7, 0x0b, 0xb0, 0x18,
    0x20, 0x00, 0x00, 0x8f, 0x40, 0x8f, 0x40, 0x8f, 0x40, 0x8f, 0x40, 0x8f, 0x40, 0x8f, 0x40, 0x8f,
    0x40, 0x8f, 0x40, 0x8f, 0x40, 0x8f, 0x40, 0x8f, 0x40, 0x8f, 0x40, 0x8f, 0x40, 0x00, 0xbf, 0x90,
    0x00, 0x9d, 0x4e, 0x70, 0x38, 0x30, 0x48, 0x10, 0x00, 0x00, 0x00, 0x00, 0x8f, 0x40, 0x00, 0x08,
    0xf4, 0x00, 0x00, 0x8f, 0x40, 0x00, 0x08, 0xf4, 0x00, 0x00, 0x8f, 0x40, 0x00, 0x08, 0xf4, 0x00,
    0x00, 0x8f, 0x40, 0x00, 0x08, 0xf4, 0x00, 0x00, 0x8f, 0x40, 0x00, 0x08, 0xf4, 0x00, 0x00, 0x8f,
    0x40, 0x00, 0x08, 0xf4, 0x00, 0x00, 0x8f, 0x40, 0x00, 0x3b, 0x50, 0x6a, 0x17, 0xf8, 0x0a, 0xf3,
    0x04, 0x10, 0x13, 0x00, 0x00, 0x00, 0x00, 0x00, 0x8f, 0x40, 0x00, 0x08, 0xf4, 0x00, 0x00, 0x8f,
    0x40, 0x00, 0x08, 0xf4, 0x00, 0x00, 0x8f, 0x40, 0x00, 0x08, 0xf4, 0x00, 0x00, 0x8f, 0x40, 0x00,
    0x08, 0xf4, 0x00, 0x00, 0x8f, 0x40, 0x00, 0x08, 0xf4, 0x00, 0x00, 0x8f, 0x40, 0x00, 0x08, 0xf4,
    0x00, 0x00, 0x8f, 0x40, 0x00, 0x00, 0x00, 0x00, 0x00, 0x00, 0x00, 0x00, 0x4f, 0xff, 0xff, 0xfa,
    0x40, 0x00, 0x04, 0xfb, 0x88, 0x88, 0xef, 0x60, 0x00, 0x4f, 0x80, 0x00, 0x01, 0xcf, 0x30, 0x04,
    0xf8, 0x00, 0x00, 0x02, 0xfa, 0x00, 0x4f, 0x80, 0x00, 0x00, 0x0a, 0xf0, 0x37, 0xf9, 0x44, 0x40,
    0x00, 0x8f, 0x1b, 0xff, 0xff, 0xff, 0x00, 0x08, 0xf4, 0x37, 0xf9, 0x44, 0x40, 0x00, 0x8f, 0x10,
    0x4f, 0x80, 0x00, 0x00, 0x0b, 0xe0, 0x04, 0xf8, 0x00, 0x00, 0x03, 0xf9, 0x00, 0x4f, 0x80, 0x00,
    0x03, 0xce, 0x20, 0x04, 0xfb, 0x88, 0x8a, 0xfe, 0x60, 0x00, 0x4f, 0xff, 0xff, 0xd8, 0x20, 0x00,
    0x00, 0x03, 0xa7, 0x19, 0x30, 0x00, 0x00, 0xab, 0xbf, 0xe2, 0x00, 0x00, 0x03, 0x10, 0x21, 0x00,
    0x00, 0x00, 0x00, 0x00, 0x00, 0x00, 0x8f, 0xd1, 0x00, 0x00, 0x0b, 0xf8, 0xff, 0x80, 0x00, 0x00,
    0xbf, 0x8f, 0xbf, 0x30, 0x00, 0x0b, 0xf8, 0xf5, 0xec, 0x00, 0x00, 0xbf, 0x8f, 0x46, 0xf8, 0x00,
    0x0b, 0xf8, 0xf4, 0x0b, 0xe2, 0x00, 0xbf, 0x8f, 0x40, 0x3f, 0xb0, 0x0b, 0xf8, 0xf4, 0x00, 0x8f,
    0x60, 0xbf, 0x8f, 0x40, 0x00, 0xde, 0x1b, 0xf8, 0xf4, 0x00, 0x04, 0xf9, 0xbf, 0x8f, 0x40, 0x00,
    0x08, 0xfa, 0xf8, 0xf4, 0x00, 0x00, 0x1e, 0xff, 0x8f, 0x40, 0x00, 0x00, 0x5f, 0xf0, 0x00, 0x02,
    0xf8, 0x00, 0x00, 0x00, 0x00, 0x00, 0x8e, 0x10, 0x00, 0x00, 0x00, 0x00, 0x08, 0x30, 0x00, 0x00,
    0x00, 0x00, 0x24, 0x41, 0x00, 0x00, 0x00, 0x3b, 0xff, 0xff, 0x91, 0x00, 0x03, 0xee, 0x84, 0x59,
    0xfe, 0x10, 0x1e, 0xe3, 0x00, 0x00, 0x5f, 0xb0, 0x7f, 0x60, 0x00, 0x00, 0x08, 0xf3, 0xbe, 0x00,
    0x00, 0x00, 0x03, 0xf8, 0xdb, 0x00, 0x00, 0x00, 0x00, 0xfa, 0xfb, 0x00, 0x00, 0x00, 0x00, 0xfb,
    0xdb, 0x00, 0x00, 0x00, 0x00, 0xf9, 0xae, 0x00, 0x00, 0x00, 0x03, 0xf8, 0x6f, 0x60, 0x00, 0x00,
    0x09, 0xf3, 0x1d, 0xe3, 0x00, 0x00, 0x6f, 0xa0, 0x03, 0xef, 0x97, 0x8b, 0xfc, 0x10, 0x00, 0x29,
    0xff, 0xfe, 0x81, 0x00, 0x00, 0x00, 0x04, 0x30, 0x00, 0x00, 0x00, 0x00, 0x00, 0xbd, 0x10, 0x00,
    0x00, 0x00, 0x04, 0xf4, 0x00, 0x00, 0x00, 0x00, 0x05, 0x60, 0x00, 0x00, 0x00, 0x00, 0x24, 0x41,
    0x00, 0x00, 0x00, 0x3b, 0xff, 0xff, 0x91, 0x00, 0x03, 0xee, 0x84, 0x59, 0xfe, 0x10, 0x1e, 0xe3,
    0x00, 0x00, 0x5f, 0xb0, 0x7f, 0x60, 0x00, 0x00, 0x08, 0xf3, 0xbe, 0x00, 0x00, 0x00, 0x03, 0xf8,
    0xdb, 0x00, 0x00, 0x00, 0x00, 0xfa, 0xfb, 0x00, 0x00, 0x00, 0x00, 0xfb, 0xdb, 0x00, 0x00, 0x00,
    0x00, 0xf9, 0xae, 0x00, 0x00, 0x00, 0x03, 0xf8, 0x6f, 0x60, 0x00, 0x00, 0x09, 0xf3, 0x1d, 0xe3,
    0x00, 0x00, 0x6f, 0xa0, 0x03, 0xef, 0x97, 0x8b, 0xfc, 0x10, 0x00, 0x29, 0xff, 0xfe, 0x81, 0x00,
    0x00, 0x00, 0x04, 0x30, 0x00, 0x00, 0x00, 0x00, 0x5f, 0xe3, 0x00, 0x00, 0x00, 0x03, 0xe6, 0x9c,
    0x10, 0x00, 0x00, 0x07, 0x70, 0x18, 0x50, 0x00, 0x00, 0x00, 0x24, 0x41, 0x00, 0x00, 0x00, 0x3b,
    0xff, 0xff, 0x91, 0x00, 0x03, 0xee, 0x84, 0x59, 0xfe, 0x10, 0x1e, 0xe3, 0x00, 0x00, 0x5f, 0xb0,
    0x7f, 0x60, 0x00, 0x00, 0x08, 0xf3, 0xbe, 0x00, 0x00, 0x00, 0x03, 0xf8, 0xdb, 0x00, 0x00, 0x00,
    0x00, 0xfa, 0xfb, 0x00, 0x00, 0x00, 0x00, 0xfb, 0xdb, 0x00, 0x00, 0x00, 0x00, 0xf9, 0xae, 0x00,
    0x00, 0x00, 0x03, 0xf8, 0x6f, 0x60, 0x00, 0x00, 0x09, 0xf3, 0x1d, 0xe3, 0x00, 0x00, 0x6f, 0xa0,
    0x03, 0xef, 0x97, 0x8b, 0xfc, 0x10, 0x00, 0x29, 0xff, 0xfe, 0x81, 0x00, 0x00, 0x00, 0x04, 0x30,
    0x00, 0x00, 0x00, 0x01, 0xa8, 0x18, 0x60, 0x00, 0x00, 0x08, 0xb9, 0xff, 0x20, 0x00, 0x00, 0x03,
    0x20, 0x22, 0x00, 0x00, 0x00, 0x00, 0x24, 0x41, 0x00, 0x00, 0x00, 0x3b, 0xff, 0xff, 0x91, 0x00,
    0x03, 0xee, 0x84, 0x59, 0xfe, 0x10, 0x1e, 0xe3, 0x00, 0x00, 0x5f, 0xb0, 0x7f, 0x60, 0x00, 0x00,
    0x08, 0xf3, 0xbe, 0x00, 0x00, 0x00, 0x03, 0xf8, 0xdb, 0x00, 0x00, 0x00, 0x00, 0xfa, 0xfb, 0x00,
    0x00, 0x00, 0x00, 0xfb, 0xdb, 0x00, 0x00, 0x00, 0x00, 0xf9, 0xae, 0x00, 0x00, 0x00, 0x03, 0xf8,
    0x6f, 0x60, 0x00, 0x00, 0x09, 0xf3, 0x1d, 0xe3, 0x00, 0x00, 0x6f, 0xa0, 0x03, 0xef, 0x97, 0x8b,
    0xfc, 0x10, 0x00, 0x29, 0xff, 0xfe, 0x81, 0x00, 0x00, 0x00, 0x04, 0x30, 0x00, 0x00, 0x00, 0x08,
    0x80, 0x1a, 0x60, 0x00, 0x00, 0x0e, 0xf0, 0x3f, 0xa0, 0x00, 0x00, 0x02, 0x20, 0x03, 0x10, 0x00,
    0x00, 0x00, 0x24, 0x41, 0x00, 0x00, 0x00, 0x3b, 0xff, 0xff, 0x91, 0x00, 0x03, 0xee, 0x84, 0x59,
    0xfe, 0x10, 0x1e, 0xe3, 0x00, 0x00, 0x5f, 0xb0, 0x7f, 0x60, 0x00, 0x00, 0x08, 0xf3, 0xbe, 0x00,
    0x00, 0x00, 0x03, 0xf8, 0xdb, 0x00, 0x00, 0x00, 0x00, 0xfa, 0xfb, 0x00, 0x00, 0x00, 0x00, 0xfb,
    0xdb, 0x00, 0x00, 0x00, 0x00, 0xf9, 0xae, 0x00, 0x00, 0x00, 0x03, 0xf8, 0x6f, 0x60, 0x00, 0x00,
    0x09, 0xf3, 0x1d, 0xe3, 0x00, 0x00, 0x6f, 0xa0, 0x03, 0xef, 0x97, 0x8b, 0xfc, 0x10, 0x00, 0x29,
    0xff, 0xfe, 0x81, 0x00, 0x00, 0x00, 0x04, 0x30, 0x00, 0x00, 0x01, 0x00, 0x00, 0x00, 0x10, 0x0c,
    0x90, 0x00, 0x09, 0xc0, 0x06, 0xf9, 0x00, 0x9f, 0x60, 0x00, 0x6f, 0x99, 0xf6, 0x00, 0x00, 0x06,
    0xff, 0x60, 0x00, 0x00, 0x09, 0xff, 0x90, 0x00, 0x00, 0x9f, 0x66, 0xf9, 0x00, 0x09, 0xf6, 0x00,
    0x6f, 0x90, 0x09, 0x60, 0x00, 0x06, 0x90, 0x00, 0x00, 0x00, 0x00, 0x00, 0x00, 0x00, 0x24, 0x41,
    0x03, 0x20, 0x00, 0x3b, 0xff, 0xff, 0x9c, 0xb0, 0x03, 0xee, 0x84, 0x59, 0xff, 0x40, 0x1e, 0xe3,
    0x00, 0x03, 0xff, 0xb0, 0x7f, 0x60, 0x00, 0x1d, 0xc8, 0xf3, 0xbe, 0x00, 0x00, 0x8e, 0x23, 0xf8,
    0xdb, 0x00, 0x05, 0xf7, 0x00, 0xfa, 0xfb, 0x00, 0x1e, 0xa0, 0x00, 0xfb, 0xdb, 0x00, 0xae, 0x10,
    0x00, 0xf9, 0xae, 0x06, 0xf5, 0x00, 0x03, 0xf8, 0x6f, 0x8e, 0x90, 0x00, 0x09, 0xf3, 0x1d, 0xfd,
    0x10, 0x00, 0x6f, 0xa0, 0x08, 0xff, 0x97, 0x8b, 0xfc, 0x10, 0x1e, 0x89, 0xff, 0xfe, 0x81, 0x00,
    0x03, 0x00, 0x04, 0x30, 0x00, 0x00, 0x00, 0x05, 0xf6, 0x00, 0x00, 0x00, 0x00, 0x0a, 0xd0, 0x00,
    0x00, 0x00, 0x00, 0x18, 0x20, 0x00, 0x00, 0x00, 0x00, 0x00, 0x00, 0x00, 0x8f, 0x40, 0x00, 0x00,
    0x0b, 0xb8, 0xf4, 0x00, 0x00, 0x00, 0xbb, 0x8f, 0x40, 0x00, 0x00, 0x0b, 0xb8, 0xf4, 0x00, 0x00,
    0x00, 0xbb, 0x8f, 0x40, 0x00, 0x00, 0x0b, 0xb8, 0xf4, 0x00, 0x00, 0x00, 0xbb, 0x8f, 0x40, 0x00,
    0x00, 0x0b, 0xb8, 0xf4, 0x00, 0x00, 0x00, 0xbb, 0x8f, 0x40, 0x00, 0x00, 0x0c, 0xb5, 0xf7, 0x00,
    0x00, 0x01, 0xfb, 0x1e, 0xd1, 0x00, 0x00, 0x9f, 0x60, 0x6f, 0xe8, 0x47, 0xbf, 0xc0, 0x00, 0x5d,
    0xff, 0xfe, 0x81, 0x00, 0x00, 0x02, 0x43, 0x00, 0x00, 0x00, 0x00, 0x01, 0xea, 0x00, 0x00, 0x00,
    0x00, 0x8e, 0x20, 0x00, 0x00, 0x00, 0x06, 0x50, 0x00, 0x00, 0x00, 0x00, 0x00, 0x00, 0x00, 0x8f,
    0x40, 0x00, 0x00, 0x0b, 0xb8, 0xf4, 0x00, 0x00, 0x00, 0xbb, 0x8f, 0x40, 0x00, 0x00, 0x0b, 0xb8,
    0xf4, 0x00, 0x00, 0x00, 0xbb, 0x8f, 0x40, 0x00, 0x00, 0x0b, 0xb8, 0xf4, 0x00, 0x00, 0x00, 0xbb,
    0x8f, 0x40, 0x00, 0x00, 0x0b, 0xb8, 0xf4, 0x00, 0x00, 0x00, 0xbb, 0x8f, 0x40, 0x00, 0x00, 0x0c,
    0xb5, 0xf7, 0x00, 0x00, 0x01, 0xfb, 0x1e, 0xd1, 0x00, 0x00, 0x9f, 0x60, 0x6f, 0xe8, 0x47, 0xbf,
    0xc0, 0x00, 0x5d, 0xff, 0xfe, 0x81, 0x00, 0x00, 0x02, 0x43, 0x00, 0x00, 0x00, 0x00, 0x7f, 0xc1,
    0x00, 0x00, 0x00, 0x6f, 0x5c, 0xb0, 0x00, 0x00, 0x08, 0x50, 0x18, 0x30, 0x00, 0x00, 0x00, 0x00,
    0x00, 0x00, 0x8f, 0x40, 0x00, 0x00, 0x0b, 0xb8, 0xf4, 0x00, 0x00, 0x00, 0xbb, 0x8f, 0x40, 0x00,
    0x00, 0x0b, 0xb8, 0xf4, 0x00, 0x00, 0x00, 0xbb, 0x8f, 0x40, 0x00, 0x00, 0x0b, 0xb8, 0xf4, 0x00,
    0x00, 0x00, 0xbb, 0x8f, 0x40, 0x00, 0x00, 0x0b, 0xb8, 0xf4, 0x00, 0x00, 0x00, 0xbb, 0x8f, 0x40,
    0x00, 0x00, 0x0c, 0xb5, 0xf7, 0x00, 0x00, 0x01, 0xfb, 0x1e, 0xd1, 0x00, 0x00, 0x9f, 0x60, 0x6f,
    0xe8, 0x47, 0xbf, 0xc0, 0x00, 0x5d, 0xff, 0xfe, 0x81, 0x00, 0x00, 0x02, 0x43, 0x00, 0x00, 0x00,
    0x0a, 0x80, 0x3b, 0x40, 0x00, 0x02, 0xfd, 0x07, 0xf8, 0x00, 0x00, 0x03, 0x20, 0x04, 0x10, 0x00,
    0x00, 0x00, 0x00, 0x00, 0x00, 0x8f, 0x40, 0x00, 0x00, 0x0b, 0xb8, 0xf4, 0x00, 0x00, 0x00, 0xbb,
    0x8f, 0x40, 0x00, 0x00, 0x0b, 0xb8, 0xf4, 0x00, 0x00, 0x00, 0xbb, 0x8f, 0x40, 0x00, 0x00, 0x0b,
    0xb8, 0xf4, 0x00, 0x00, 0x00, 0xbb, 0x8f, 0x40, 0x00, 0x00, 0x0b, 0xb8, 0xf4, 0x00, 0x00, 0x00,
    0xbb, 0x8f, 0x40, 0x00, 0x00, 0x0c, 0xb5, 0xf7, 0x00, 0x00, 0x01, 0xfb, 0x1e, 0xd1, 0x00, 0x00,
    0x9f, 0x60, 0x6f, 0xe8, 0x47, 0xbf, 0xc0, 0x00, 0x5d, 0xff, 0xfe, 0x81, 0x00, 0x00, 0x02, 0x43,
    0x00, 0x00, 0x00, 0x00, 0x00, 0x9e, 0x20, 0x00, 0x00, 0x00, 0x01, 0xe7, 0x00, 0x00, 0x00, 0x00,
    0x03, 0x70, 0x00, 0x00, 0x00, 0x00, 0x00, 0x00, 0x00, 0x00, 0x3f, 0xb0, 0x00, 0x00, 0x08, 0xf6,
    0x08, 0xf6, 0x00, 0x00, 0x2f, 0xb0, 0x01, 0xde, 0x10, 0x00, 0xbf, 0x30, 0x00, 0x5f, 0x80, 0x06,
    0xf8, 0x00, 0x00, 0x0a, 0xf4, 0x1e, 0xd1, 0x00, 0x00, 0x02, 0xeb, 0x8f, 0x40, 0x00, 0x00, 0x00,
    0x7f, 0xea, 0x00, 0x00, 0x00, 0x00, 0x0d, 0xf1, 0x00, 0x00, 0x00, 0x00, 0x0b, 0xf0, 0x00, 0x00,
    0x00, 0x00, 0x0b, 0xf0, 0x00, 0x00, 0x00, 0x00, 0x0b, 0xf0, 0x00, 0x00, 0x00, 0x00, 0x0b, 0xf0,
    0x00, 0x00, 0x00, 0x00, 0x0b, 0xf0, 0x00, 0x00, 0x00, 0x00, 0x00, 0x00, 0x00, 0x8f, 0x40, 0x00,
    0x00, 0x00, 0x8f, 0x40, 0x00, 0x00, 0x00, 0x8f, 0x98, 0x85, 0x20, 0x00, 0x8f, 0xff, 0xff, 0xf8,
    0x00, 0x8f, 0x40, 0x02, 0x8f, 0x80, 0x8f, 0x40, 0x00, 0x0c, 0xe0, 0x8f, 0x40, 0x00, 0x08, 0xf0,
    0x8f, 0x40, 0x00, 0x0d, 0xc0, 0x8f, 0x74, 0x46, 0xbf, 0x50, 0x8f, 0xff, 0xff, 0xd5, 0x00, 0x8f,
    0x74, 0x41, 0x00, 0x00, 0x8f, 0x40, 0x00, 0x00, 0x00, 0x8f, 0x40, 0x00, 0x00, 0x00, 0x00, 0x03,
    0x43, 0x00, 0x00, 0x03, 0xdf, 0xff, 0xb3, 0x00, 0x1e, 0xe6, 0x47, 0xed, 0x00, 0x5f, 0x60, 0x00,
    0x8f, 0x40, 0x8f, 0x40, 0x00, 0x4f, 0x40, 0x8f, 0x40, 0x00, 0x9e, 0x10, 0x8f, 0x42, 0x89, 0xe4,
    0x00, 0x8f, 0x44, 0xff, 0xc6, 0x00, 0x8f, 0x40, 0x03, 0x8f, 0x80, 0x8f, 0x40, 0x00, 0x0b, 0xe0,
    0x8f, 0x40, 0x00, 0x08, 0xf0, 0x8f, 0x40, 0x00, 0x0d, 0xe0, 0x8f, 0x42, 0x88, 0xcf, 0x70, 0x8f,
    0x44, 0xff, 0xc5, 0x00, 0x00, 0x2b, 0x60, 0x00, 0x00, 0x00, 0xad, 0x00, 0x00, 0x00, 0x01, 0xe6,
    0x00, 0x00, 0x00, 0x00, 0x00, 0x00, 0x00, 0x5a, 0xef, 0xa4, 0x00, 0x6f, 0xd8, 0x8c, 0xf4, 0x08,
    0xa1, 0x00, 0x1f, 0x90, 0x00, 0x00, 0x00, 0xdb, 0x00, 0x38, 0xab, 0xef, 0xb0, 0x9f, 0xda, 0x86,
    0xbb, 0x2f, 0xa0, 0x00, 0x0c, 0xb4, 0xf8, 0x00, 0x02, 0xfb, 0x0e, 0xd5, 0x46, 0xde, 0xb0, 0x3d,
    0xff, 0xe6, 0xbb, 0x00, 0x03, 0x40, 0x00, 0x00, 0x00, 0x00, 0x08, 0xa1, 0x00, 0x00, 0x02, 0xf7,
    0x00, 0x00, 0x00, 0x9b, 0x00, 0x00, 0x00, 0x00, 0x00, 0x00, 0x00, 0x5a, 0xef, 0xa4, 0x00, 0x6f,
    0xd8, 0x8c, 0xf4, 0x08, 0xa1, 0x00, 0x1f, 0x90, 0x00, 0x00, 0x00, 0xdb, 0x00, 0x38, 0xab, 0xef,
    0xb0, 0x9f, 0xda, 0x86, 0xbb, 0x2f, 0xa0, 0x00, 0x0c, 0xb4, 0xf8, 0x00, 0x02, 0xfb, 0x0e, 0xd5,
    0x46, 0xde, 0xb0, 0x3d, 0xff, 0xe6, 0xbb, 0x00, 0x03, 0x40, 0x00, 0x00, 0x00, 0x02, 0xba, 0x10,
    0x00, 0x01, 0xc9, 0xc9, 0x00, 0x00, 0x8a, 0x12, 0xb6, 0x00, 0x00, 0x00, 0x00, 0x00, 0x00, 0x5a,
    0xef, 0xa4, 0x00, 0x6f, 0xd8, 0x8c, 0xf4, 0x08, 0xa1, 0x00, 0x1f, 0x90, 0x00, 0x00, 0x00, 0xdb,
    0x00, 0x38, 0xab, 0xef, 0xb0, 0x9f, 0xda, 0x86, 0xbb, 0x2f, 0xa0, 0x00, 0x0c, 0xb4, 0xf8, 0x00,
    0x02, 0xfb, 0x0e, 0xd5, 0x46, 0xde, 0xb0, 0x3d, 0xff, 0xe6, 0xbb, 0x00, 0x03, 0x40, 0x00, 0x00,
    0x00, 0x06, 0x30, 0x32, 0x00, 0x07, 0xed, 0xce, 0x50, 0x00, 0x64, 0x06, 0x60, 0x00, 0x00, 0x00,
    0x00, 0x00, 0x00, 0x5a, 0xef, 0xa4, 0x00, 0x6f, 0xd8, 0x8c, 0xf4, 0x08, 0xa1, 0x00, 0x1f, 0x90,
    0x00, 0x00, 0x00, 0xdb, 0x00, 0x38, 0xab, 0xef, 0xb0, 0x9f, 0xda, 0x86, 0xbb, 0x2f, 0xa0, 0x00,
    0x0c, 0xb4, 0xf8, 0x00, 0x02, 0xfb, 0x0e, 0xd5, 0x46, 0xde, 0xb0, 0x3d, 0xff, 0xe6, 0xbb, 0x00,
    0x03, 0x40, 0x00, 0x00, 0x00, 0x55, 0x00, 0x73, 0x00, 0x0f, 0xf0, 0x4f, 0xb0, 0x00, 0x57, 0x00,
    0x73, 0x00, 0x00, 0x00, 0x00, 0x00, 0x00, 0x5a, 0xef, 0xa4, 0x00, 0x6f, 0xd8, 0x8c, 0xf4, 0x08,
    0xa1, 0x00, 0x1f, 0x90, 0x00, 0x00, 0x00, 0xdb, 0x00, 0x38, 0xab, 0xef, 0xb0, 0x9f, 0xda, 0x86,
    0xbb, 0x2f, 0xa0, 0x00, 0x0c, 0xb4, 0xf8, 0x00, 0x02, 0xfb, 0x0e, 0xd5, 0x46, 0xde, 0xb0, 0x3d,
    0xff, 0xe6, 0xbb, 0x00, 0x03, 0x40, 0x00, 0x00, 0x00, 0x06, 0xbb, 0x40, 0x00, 0x03, 0xf5, 0x7e,
    0x10, 0x00, 0x7c, 0x01, 0xf4, 0x00, 0x02, 0xea, 0xbc, 0x00, 0x00, 0x02, 0x87, 0x10, 0x00, 0x05,
    0xae, 0xfa, 0x40, 0x06, 0xfd, 0x88, 0xcf, 0x40, 0x8a, 0x10, 0x01, 0xf9, 0x00, 0x00, 0x00, 0x0d,
    0xb0, 0x03, 0x8a, 0xbe, 0xfb, 0x09, 0xfd, 0xa8, 0x6b, 0xb2, 0xfa, 0x00, 0x00, 0xcb, 0x4f, 0x80,
    0x00, 0x2f, 0xb0, 0xed, 0x54, 0x6d, 0xeb, 0x03, 0xdf, 0xfe, 0x6b, 0xb0, 0x00, 0x34, 0x00, 0x00,
    0x00, 0x5a, 0xef, 0xa3, 0x08, 0xdf, 0xc6, 0x00, 0x06, 0xfd, 0x88, 0xde, 0xbf, 0x98, 0xbf, 0x90,
    0x08, 0xa1, 0x00, 0x1f, 0xf3, 0x00, 0x08, 0xf3, 0x00, 0x00, 0x00, 0x0f, 0xa0, 0x00, 0x01, 0xf8,
    0x00, 0x48, 0xbb, 0xbf, 0xdb, 0xbb, 0xbb, 0xf9, 0x09, 0xfd, 0xa8, 0x8f, 0xb8, 0x88, 0x88, 0x86,
    0x2f, 0xa0, 0x00, 0x0f, 0x90, 0x00, 0x00, 0x00, 0x4f, 0x80, 0x00, 0x3f, 0xe1, 0x00, 0x02, 0x83,
    0x0e, 0xd5, 0x46, 0xdb, 0xed, 0x64, 0x6d, 0xe2, 0x03, 0xdf, 0xff, 0x91, 0x3b, 0xff, 0xfd, 0x30,
    0x00, 0x03, 0x41, 0x00, 0x00, 0x24, 0x20, 0x00, 0x00, 0x18, 0xdf, 0xc8, 0x00, 0x01, 0xcf, 0x98,
    0x9f, 0x90, 0x08, 0xf4, 0x00, 0x08, 0xf2, 0x0d, 0xc0, 0x00, 0x01, 0x00, 0x0f, 0x80, 0x00, 0x00,
    0x00, 0x0f, 0x80, 0x00, 0x00, 0x00, 0x0e, 0xa0, 0x00, 0x00, 0x00, 0x09, 0xf2, 0x00, 0x06, 0xd3,
    0x02, 0xed, 0x54, 0x6e, 0xc0, 0x00, 0x3c, 0xff, 0xfb, 0x10, 0x00, 0x00, 0x4d, 0x30, 0x00, 0x00,
    0x00, 0x28, 0xe5, 0x00, 0x00, 0x00, 0x24, 0xd7, 0x00, 0x00, 0x00, 0x6b, 0x81, 0x00, 0x00, 0x09,
    0xa0, 0x00, 0x00, 0x00, 0x04, 0xf5, 0x00, 0x00, 0x00, 0x00, 0x8b, 0x00, 0x00, 0x00, 0x00, 0x00,
    0x00, 0x00, 0x00, 0x18, 0xdf, 0xc6, 0x00, 0x01, 0xce, 0x88, 0xbf, 0x80, 0x08, 0xf3, 0x00, 0x09,
    0xf2, 0x0d, 0xa0, 0x00, 0x02, 0xf8, 0x0f, 0xdb, 0xbb, 0xbb, 0xf8, 0x0f, 0xb8, 0x88, 0x88, 0x84,
    0x0f, 0x90, 0x00, 0x00, 0x00, 0x09, 0xe1, 0x00, 0x03, 0x83, 0x02, 0xed, 0x64, 0x6d, 0xe2, 0x00,
    0x3b, 0xff, 0xfd, 0x30, 0x00, 0x00, 0x24, 0x20, 0x00, 0x00, 0x00, 0x04, 0xb5, 0x00, 0x00, 0x00,
    0x0b, 0xc0, 0x00, 0x00, 0x00, 0x4f, 0x30, 0x00, 0x00, 0x00, 0x00, 0x00, 0x00, 0x00, 0x18, 0xdf,
    0xc6, 0x00, 0x01, 0xce, 0x88, 0xbf, 0x80, 0x08, 0xf3, 0x00, 0x09, 0xf2, 0x0d, 0xa0, 0x00, 0x02,
    0xf8, 0x0f, 0xdb, 0xbb, 0xbb, 0xf8, 0x0f, 0xb8, 0x88, 0x88, 0x84, 0x0f, 0x90, 0x00, 0x00, 0x00,
    0x09, 0xe1, 0x00, 0x03, 0x83, 0x02, 0xed, 0x64, 0x6d, 0xe2, 0x00, 0x3b, 0xff, 0xfd, 0x30, 0x00,
    0x00, 0x24, 0x20, 0x00, 0x00, 0x00, 0x8b, 0x30, 0x00, 0x00, 0x08, 0xe8, 0xe3, 0x00, 0x00, 0x3b,
    0x30, 0x8a, 0x00, 0x00, 0x00, 0x00, 0x00, 0x00, 0x00, 0x18, 0xdf, 0xc6, 0x00, 0x01, 0xce, 0x88,
    0xbf, 0x80, 0x08, 0xf3, 0x00, 0x09, 0xf2, 0x0d, 0xa0, 0x00, 0x02, 0xf8, 0x0f, 0xdb, 0xbb, 0xbb,
    0xf8, 0x0f, 0xb8, 0x88, 0x88, 0x84, 0x0f, 0x90, 0x00, 0x00, 0x00, 0x09, 0xe1, 0x00, 0x03, 0x83,
    0x02, 0xed, 0x64, 0x6d, 0xe2, 0x00, 0x3b, 0xff, 0xfd, 0x30, 0x00, 0x00, 0x24, 0x20, 0x00, 0x00,
    0x18, 0x10, 0x57, 0x00, 0x00, 0x8f, 0x80, 0xdf, 0x30, 0x00, 0x38, 0x10, 0x57, 0x00, 0x00, 0x00,
    0x00, 0x00, 0x00, 0x00, 0x18, 0xdf, 0xc6, 0x00, 0x01, 0xce, 0x88, 0xbf, 0x80, 0x08, 0xf3, 0x00,
    0x09, 0xf2, 0x0d, 0xa0, 0x00, 0x02, 0xf8, 0x0f, 0xdb, 0xbb, 0xbb, 0xf8, 0x0f, 0xb8, 0x88, 0x88,
    0x84, 0x0f, 0x90, 0x00, 0x00, 0x00, 0x09, 0xe1, 0x00, 0x03, 0x83, 0x02, 0xed, 0x64, 0x6d, 0xe2,
    0x00, 0x3b, 0xff, 0xfd, 0x30, 0x00, 0x00, 0x24, 0x20, 0x00, 0x0a, 0x90, 0x05, 0xf4, 0x00, 0xa9,
    0x00, 0x00, 0x00, 0x6b, 0x00, 0x8f, 0x00, 0x8f, 0x00, 0x8f, 0x00, 0x8f, 0x00, 0x8f, 0x00, 0x8f,
    0x00, 0x8f, 0x00, 0x8f, 0x00, 0x8f, 0x05, 0xb3, 0x0d, 0xa0, 0x6e, 0x20, 0x00, 0x00, 0x6b, 0x00,
    0x8f, 0x00, 0x8f, 0x00, 0x8f, 0x00, 0x8f, 0x00, 0x8f, 0x00, 0x8f, 0x00, 0x8f, 0x00, 0x8f, 0x00,
    0x8f, 0x00, 0x00, 0x9b, 0x30, 0x00, 0x9d, 0x9e, 0x10, 0x5b, 0x30, 0x98, 0x00, 0x00, 0x00, 0x00,
    0x00, 0x6b, 0x00, 0x00, 0x08, 0xf0, 0x00, 0x00, 0x8f, 0x00, 0x00, 0x08, 0xf0, 0x00, 0x00, 0x8f,
    0x00, 0x00, 0x08, 0xf0, 0x00, 0x00, 0x8f, 0x00, 0x00, 0x08, 0xf0, 0x00, 0x00, 0x8f, 0x00, 0x00,
    0x08, 0xf0, 0x00, 0x37, 0x10, 0x55, 0x0b, 0xf5, 0x0f, 0xf0, 0x38, 0x10, 0x57, 0x00, 0x00, 0x00,
    0x00, 0x00, 0x6b, 0x00, 0x00, 0x08, 0xf0, 0x00, 0x00, 0x8f, 0x00, 0x00, 0x08, 0xf0, 0x00, 0x00,
    0x8f, 0x00, 0x00, 0x08, 0xf0, 0x00, 0x00, 0x8f, 0x00, 0x00, 0x08, 0xf0, 0x00, 0x00, 0x8f, 0x00,
    0x00, 0x08, 0xf0, 0x00, 0x00, 0x09, 0x50, 0x02, 0x10, 0x00, 0x08, 0xf9, 0x9e, 0x40, 0x00, 0x02,
    0xbf, 0xe2, 0x00, 0x00, 0x1e, 0x84, 0xe9, 0x00, 0x00, 0x00, 0x42, 0x3f, 0x40, 0x00, 0x5e, 0xff,
    0xba, 0xc0, 0x04, 0xfc, 0x31, 0x7d, 0xf3, 0x0a, 0xe1, 0x00, 0x08, 0xf7, 0x0f, 0x90, 0x00, 0x01,
    0xf8, 0x0f, 0x80, 0x00, 0x00, 0xf8, 0x0f, 0x90, 0x00, 0x01, 0xf8, 0x0a, 0xe1, 0x00, 0x07, 0xf3,
    0x03, 0xfc, 0x54, 0x8f, 0xa0, 0x00, 0x5d, 0xff, 0xf8, 0x10, 0x00, 0x00, 0x34, 0x10, 0x00, 0x00,
    0x36, 0x11, 0x30, 0x00, 0x1e, 0xce, 0xca, 0x00, 0x02, 0x70, 0x38, 0x10, 0x00, 0x00, 0x00, 0x00,
    0x00, 0x6b, 0x19, 0xee, 0x91, 0x08, 0xfc, 0x98, 0xbf, 0xb0, 0x8f, 0x70, 0x00, 0xaf, 0x28, 0xf0,
    0x00, 0x05, 0xf4, 0x8f, 0x00, 0x00, 0x4f, 0x48, 0xf0, 0x00, 0x04, 0xf4, 0x8f, 0x00, 0x00, 0x4f,
    0x48, 0xf0, 0x00, 0x04, 0xf4, 0x8f, 0x00, 0x00, 0x4f, 0x48, 0xf0, 0x00, 0x04, 0xf4, 0x00, 0x08,
    0xa0, 0x00, 0x00, 0x00, 0x03, 0xf6, 0x00, 0x00, 0x00, 0x00, 0x8d, 0x00, 0x00, 0x00, 0x00, 0x00,
    0x00, 0x00, 0x00, 0x18, 0xdf, 0xc8, 0x00, 0x01, 0xcf, 0x98, 0x9f, 0x90, 0x08, 0xf4, 0x00, 0x08,
    0xf6, 0x0d, 0xc0, 0x00, 0x00, 0xea, 0x0f, 0x80, 0x00, 0x00, 0xbb, 0x0f, 0x80, 0x00, 0x00, 0xbc,
    0x0e, 0xa0, 0x00, 0x00, 0xdb, 0x09, 0xf2, 0x00, 0x04, 0xf7, 0x02, 0xed, 0x54, 0x6e, 0xc1, 0x00,
    0x3c, 0xff, 0xfb, 0x10, 0x00, 0x00, 0x24, 0x10, 0x00, 0x00, 0x00, 0x02, 0xb6, 0x00, 0x00, 0x00,
    0x09, 0xd1, 0x00, 0x00, 0x00, 0x2f, 0x40, 0x00, 0x00, 0x00, 0x00, 0x00, 0x00, 0x00, 0x18, 0xdf,
    0xc8, 0x00, 0x01, 0xcf, 0x98, 0x9f, 0x90, 0x08, 0xf4, 0x00, 0x08, 0xf6, 0x0d, 0xc0, 0x00, 0x00,
    0xea, 0x0f, 0x80, 0x00, 0x00, 0xbb, 0x0f, 0x80, 0x00, 0x00, 0xbc, 0x0e, 0xa0, 0x00, 0x00, 0xdb,
    0x09, 0xf2, 0x00, 0x04, 0xf7, 0x02, 0xed, 0x54, 0x6e, 0xc1, 0x00, 0x3c, 0xff, 0xfb, 0x10, 0x00,
    0x00, 0x24, 0x10, 0x00, 0x00, 0x00, 0x8b, 0x60, 0x00, 0x00, 0x06, 0xe8, 0xe3, 0x00, 0x00, 0x3b,
    0x50, 0x8a, 0x10, 0x00, 0x00, 0x00, 0x00, 0x00, 0x00, 0x18, 0xdf, 0xc8, 0x00, 0x01, 0xcf, 0x98,
    0x9f, 0x90, 0x08, 0xf4, 0x00, 0x08, 0xf6, 0x0d, 0xc0, 0x00, 0x00, 0xea, 0x0f, 0x80, 0x00, 0x00,
    0xbb, 0x0f, 0x80, 0x00, 0x00, 0xbc, 0x0e, 0xa0, 0x00, 0x00, 0xdb, 0x09, 0xf2, 0x00, 0x04, 0xf7,
    0x02, 0xed, 0x54, 0x6e, 0xc1, 0x00, 0x3c, 0xff, 0xfb, 0x10, 0x00, 0x00, 0x24, 0x10, 0x00, 0x00,
    0x02, 0x61, 0x14, 0x00, 0x00, 0x0e, 0xbe, 0xcb, 0x00, 0x00, 0x28, 0x02, 0x82, 0x00, 0x00, 0x00,
    0x00, 0x00, 0x00, 0x00, 0x18, 0xdf, 0xc8, 0x00, 0x01, 0xcf, 0x98, 0x9f, 0x90, 0x08, 0xf4, 0x00,
    0x08, 0xf6, 0x0d, 0xc0, 0x00, 0x00, 0xea, 0x0f, 0x80, 0x00, 0x00, 0xbb, 0x0f, 0x80, 0x00, 0x00,
    0xbc, 0x0e, 0xa0, 0x00, 0x00, 0xdb, 0x09, 0xf2, 0x00, 0x04, 0xf7, 0x02, 0xed, 0x54, 0x6e, 0xc1,
    0x00, 0x3c, 0xff, 0xfb, 0x10, 0x00, 0x00, 0x24, 0x10, 0x00, 0x00, 0x18, 0x10, 0x37, 0x00, 0x00,
    0x8f, 0x80, 0xbf, 0x40, 0x00, 0x18, 0x30, 0x37, 0x00, 0x00, 0x00, 0x00, 0x00, 0x00, 0x00, 0x18,
    0xdf, 0xc8, 0x00, 0x01, 0xcf, 0x98, 0x9f, 0x90, 0x08, 0xf4, 0x00, 0x08, 0xf6, 0x0d, 0xc0, 0x00,
    0x00, 0xea, 0x0f, 0x80, 0x00, 0x00, 0xbb, 0x0f, 0x80, 0x00, 0x00, 0xbc, 0x0e, 0xa0, 0x00, 0x00,
    0xdb, 0x09, 0xf2, 0x00, 0x04, 0xf7, 0x02, 0xed, 0x54, 0x6e, 0xc1, 0x00, 0x3c, 0xff, 0xfb, 0x10,
    0x00, 0x00, 0x24, 0x10, 0x00, 0x00, 0x00, 0x77, 0x00, 0x00, 0x00, 0x04, 0xff, 0x00, 0x00, 0x00,
    0x00, 0x88, 0x00, 0x00, 0x00, 0x00, 0x00, 0x00, 0x00, 0x3b, 0xbb, 0xbb, 0xbb, 0xb0, 0x28, 0x88,
    0x88, 0x88, 0x80, 0x00, 0x00, 0x00, 0x00, 0x00, 0x00, 0x01, 0xcc, 0x00, 0x00, 0x00, 0x03, 0xff,
    0x00, 0x00, 0x00, 0x00, 0x33, 0x00, 0x00, 0x00, 0x00, 0x00, 0x00, 0x01, 0x00, 0x01, 0x8d, 0xfc,
    0x88, 0xb0, 0x01, 0xcf, 0x98, 0x9f, 0xf4, 0x00, 0x8f, 0x40, 0x03, 0xff, 0x60, 0x0d, 0xc0, 0x03,
    0xe8, 0xea, 0x00, 0xf8, 0x01, 0xca, 0x0b, 0xb0, 0x0f, 0x80, 0xbc, 0x10, 0xbc, 0x00, 0xea, 0x9e,
    0x10, 0x0d, 0xb0, 0x09, 0xfe, 0x30, 0x04, 0xf7, 0x00, 0x7f, 0xd5, 0x46, 0xec, 0x10, 0x1e, 0x8c,
    0xff, 0xfb, 0x10, 0x00, 0x30, 0x02, 0x41, 0x00, 0x00, 0x00, 0x9a, 0x00, 0x00, 0x00, 0x04, 0xf6,
    0x00, 0x00, 0x00, 0x08, 0xc0, 0x00, 0x00, 0x00, 0x00, 0x00, 0x00, 0x6b, 0x00, 0x00, 0x3b, 0x38,
    0xf0, 0x00, 0x04, 0xf4, 0x8f, 0x00, 0x00, 0x4f, 0x48, 0xf0, 0x00, 0x04, 0xf4, 0x8f, 0x00, 0x00,
    0x4f, 0x48, 0xf0, 0x00, 0x04, 0xf4, 0x8f, 0x00, 0x00, 0x6f, 0x48, 0xf4, 0x00, 0x0a, 0xf4, 0x2f,
    0xe6, 0x5a, 0xbf, 0x40, 0x6e, 0xff, 0x95, 0xf4, 0x00, 0x00, 0x00, 0x00, 0x00, 0x00, 0x00, 0x4b,
    0x50, 0x00, 0x00, 0x0b, 0xc0, 0x00, 0x00, 0x03, 0xf3, 0x00, 0x00, 0x00, 0x00, 0x00, 0x00, 0x6b,
    0x00, 0x00, 0x3b, 0x38, 0xf0, 0x00, 0x04, 0xf4, 0x8f, 0x00, 0x00, 0x4f, 0x48, 0xf0, 0x00, 0x04,
    0xf4, 0x8f, 0x00, 0x00, 0x4f, 0x48, 0xf0, 0x00, 0x04, 0xf4, 0x8f, 0x00, 0x00, 0x6f, 0x48, 0xf4,
    0x00, 0x0a, 0xf4, 0x2f, 0xe6, 0x5a, 0xbf, 0x40, 0x6e, 0xff, 0x95, 0xf4, 0x00, 0x00, 0x00, 0x00,
    0x00, 0x00, 0x08, 0xb3, 0x00, 0x00, 0x08, 0xe8, 0xe3, 0x00, 0x03, 0xb4, 0x08, 0xa0, 0x00, 0x00,
    0x00, 0x00, 0x00, 0x6b, 0x00, 0x00, 0x3b, 0x38, 0xf0, 0x00, 0x04, 0xf4, 0x8f, 0x00, 0x00, 0x4f,
    0x48, 0xf0, 0x00, 0x04, 0xf4, 0x8f, 0x00, 0x00, 0x4f, 0x48, 0xf0, 0x00, 0x04, 0xf4, 0x8f, 0x00,
    0x00, 0x6f, 0x48, 0xf4, 0x00, 0x0a, 0xf4, 0x2f, 0xe6, 0x5a, 0xbf, 0x40, 0x6e, 0xff, 0x95, 0xf4,
    0x00, 0x00, 0x00, 0x00, 0x00, 0x01, 0x81, 0x04, 0x70, 0x00, 0x8f, 0x80, 0xbf, 0x40, 0x03, 0x81,
    0x05, 0x70, 0x00, 0x00, 0x00, 0x00, 0x00, 0x6b, 0x00, 0x00, 0x3b, 0x38, 0xf0, 0x00, 0x04, 0xf4,
    0x8f, 0x00, 0x00, 0x4f, 0x48, 0xf0, 0x00, 0x04, 0xf4, 0x8f, 0x00, 0x00, 0x4f, 0x48, 0xf0, 0x00,
    0x04, 0xf4, 0x8f, 0x00, 0x00, 0x6f, 0x48, 0xf4, 0x00, 0x0a, 0xf4, 0x2f, 0xe6, 0x5a, 0xbf, 0x40,
    0x6e, 0xff, 0x95, 0xf4, 0x00, 0x00, 0x00, 0x00, 0x00, 0x00, 0x00, 0x07, 0xb2, 0x00, 0x00, 0x00,
    0x1e, 0x80, 0x00, 0x00, 0x00, 0x7d, 0x10, 0x00, 0x00, 0x00, 0x00, 0x00, 0x00, 0x4b, 0x40, 0x00,
    0x03, 0xb5, 0x1f, 0xa0, 0x00, 0x08, 0xf2, 0x09, 0xf1, 0x00, 0x0e, 0xb0, 0x04, 0xf6, 0x00, 0x5f,
    0x60, 0x00, 0xdb, 0x00, 0x9e, 0x10, 0x00, 0x8f, 0x21, 0xe9, 0x00, 0x00, 0x2f, 0x76, 0xf3, 0x00,
    0x00, 0x0b, 0xca, 0xd0, 0x00, 0x00, 0x06, 0xfe, 0x70, 0x00, 0x00, 0x00, 0xef, 0x20, 0x00, 0x00,
    0x00, 0xea, 0x00, 0x00, 0x00, 0x06, 0xf5, 0x00, 0x00, 0x06, 0xbe, 0xc0, 0x00, 0x00, 0x08, 0xb8,
    0x10, 0x00, 0x00, 0x00, 0x00, 0x00, 0x00, 0x00, 0x8f, 0x00, 0x00, 0x00, 0x00, 0x8f, 0x00, 0x00,
    0x00, 0x00, 0x8f, 0x00, 0x00, 0x00, 0x00, 0x8f, 0x19, 0xfe, 0x92, 0x00, 0x8f, 0xbb, 0x88, 0xee,
    0x10, 0x8f, 0xa0, 0x00, 0x3f, 0x90, 0x8f, 0x30, 0x00, 0x0b, 0xe0, 0x8f, 0x00, 0x00, 0x08, 0xf0,
    0x8f, 0x00, 0x00, 0x08, 0xf0, 0x8f, 0x20, 0x00, 0x0a, 0xf0, 0x8f, 0x80, 0x00, 0x2f, 0xa0, 0x8f,
    0xd8, 0x45, 0xcf, 0x30, 0x8f, 0x3d, 0xff, 0xd5, 0x00, 0x8f, 0x00, 0x43, 0x00, 0x00, 0x8f, 0x00,
    0x00, 0x00, 0x00, 0x8f, 0x00, 0x00, 0x00, 0x00, 0x6b, 0x00, 0x00, 0x00, 0x00, 0x00, 0x37, 0x00,
    0x65, 0x00, 0x00, 0xbf, 0x40, 0xff, 0x00, 0x00, 0x57, 0x00, 0x75, 0x00, 0x00, 0x00, 0x00, 0x00,
    0x00, 0x4b, 0x40, 0x00, 0x03, 0xb5, 0x1f, 0xa0, 0x00, 0x08, 0xf2, 0x09, 0xf1, 0x00, 0x0e, 0xb0,
    0x04, 0xf6, 0x00, 0x5f, 0x60, 0x00, 0xdb, 0x00, 0x9e, 0x10, 0x00, 0x8f, 0x21, 0xe9, 0x00, 0x00,
    0x2f, 0x76, 0xf3, 0x00, 0x00, 0x0b, 0xca, 0xd0, 0x00, 0x00, 0x06, 0xfe, 0x70, 0x00, 0x00, 0x00,
    0xef, 0x20, 0x00, 0x00, 0x00, 0xea, 0x00, 0x00, 0x00, 0x06, 0xf5, 0x00, 0x00, 0x06, 0xbe, 0xc0,
    0x00, 0x00, 0x08, 0xb8, 0x10, 0x00, 0x00, 0x00, 0x01, 0x44, 0x44, 0x30, 0x00, 0x00, 0x03, 0xbb,
    0xbb, 0x80, 0x00, 0x00, 0x00, 0x00, 0x00, 0x00, 0x00, 0x00, 0x00, 0x00, 0x00, 0x00, 0x00, 0x00,
    0x00, 0x1e, 0xf6, 0x00, 0x00, 0x00, 0x00, 0x6f, 0xda, 0x00, 0x00, 0x00, 0x00, 0xac, 0x7f, 0x20,
    0x00, 0x00, 0x02, 0xf8, 0x2f, 0x70, 0x00, 0x00, 0x07, 0xf3, 0x0c, 0xd0, 0x00, 0x00, 0x0c, 0xd0,
    0x07, 0xf3, 0x00, 0x00, 0x3f, 0x70, 0x02, 0xf8, 0x00, 0x00, 0x8f, 0x20, 0x00, 0xce, 0x00, 0x00,
    0xdf, 0xff, 0xff, 0xff, 0x50, 0x05, 0xf8, 0x44, 0x44, 0x4f, 0xa0, 0x09, 0xf2, 0x00, 0x00, 0x0a,
    0xf1, 0x1e, 0xb0, 0x00, 0x00, 0x06, 0xf6, 0x6f, 0x60, 0x00, 0x00, 0x00, 0xec, 0x00, 0x00, 0x00,
    0x00, 0x00, 0x08, 0xff, 0xff, 0x40, 0x00, 0x24, 0x44, 0x41, 0x00, 0x00, 0x00, 0x00, 0x00, 0x00,
    0x5a, 0xef, 0xa4, 0x00, 0x6f, 0xd8, 0x8c, 0xf4, 0x08, 0xa1, 0x00, 0x1f, 0x90, 0x00, 0x00, 0x00,
    0xdb, 0x00, 0x38, 0xab, 0xef, 0xb0, 0x9f, 0xda, 0x86, 0xbb, 0x2f, 0xa0, 0x00, 0x0c, 0xb4, 0xf8,
    0x00, 0x02, 0xfb, 0x0e, 0xd5, 0x46, 0xde, 0xb0, 0x3d, 0xff, 0xe6, 0xbb, 0x00, 0x03, 0x40, 0x00,
    0x00, 0x00, 0x04, 0xd0, 0x08, 0xa0, 0x00, 0x00, 0x00, 0xcc, 0x9f, 0x40, 0x00, 0x00, 0x00, 0x17,
    0x82, 0x00, 0x00, 0x00, 0x00, 0x00, 0x00, 0x00, 0x00, 0x00, 0x00, 0x1e, 0xf6, 0x00, 0x00, 0x00,
    0x00, 0x6f, 0xda, 0x00, 0x00, 0x00, 0x00, 0xac, 0x7f, 0x20, 0x00, 0x00, 0x02, 0xf8, 0x2f, 0x70,
    0x00, 0x00, 0x07, 0xf3, 0x0c, 0xd0, 0x00, 0x00, 0x0c, 0xd0, 0x07, 0xf3, 0x00, 0x00, 0x3f, 0x70,
    0x02, 0xf8, 0x00, 0x00, 0x8f, 0x20, 0x00, 0xce, 0x00, 0x00, 0xdf, 0xff, 0xff, 0xff, 0x50, 0x05,
    0xf8, 0x44, 0x44, 0x4f, 0xa0, 0x09, 0xf2, 0x00, 0x00, 0x0a, 0xf1, 0x1e, 0xb0, 0x00, 0x00, 0x06,
    0xf6, 0x6f, 0x60, 0x00, 0x00, 0x00, 0xec, 0x00, 0x86, 0x00, 0x86, 0x00, 0x05, 0xe6, 0x8f, 0x20,
    0x00, 0x05, 0xba, 0x40, 0x00, 0x00, 0x00, 0x00, 0x00, 0x00, 0x5a, 0xef, 0xa4, 0x00, 0x6f, 0xd8,
    0x8c, 0xf4, 0x08, 0xa1, 0x00, 0x1f, 0x90, 0x00, 0x00, 0x00, 0xdb, 0x00, 0x38, 0xab, 0xef, 0xb0,
    0x9f, 0xda, 0x86, 0xbb, 0x2f, 0xa0, 0x00, 0x0c, 0xb4, 0xf8, 0x00, 0x02, 0xfb, 0x0e, 0xd5, 0x46,
    0xde, 0xb0, 0x3d, 0xff, 0xe6, 0xbb, 0x00, 0x03, 0x40, 0x00, 0x00, 0x00, 0x00, 0x00, 0x00, 0x00,
    0x00, 0x00, 0x00, 0x01, 0xef, 0x60, 0x00, 0x00, 0x00, 0x00, 0x6f, 0xda, 0x00, 0x00, 0x00, 0x00,
    0x0a, 0xc7, 0xf2, 0x00, 0x00, 0x00, 0x02, 0xf8, 0x2f, 0x70, 0x00, 0x00, 0x00, 0x7f, 0x30, 0xcd,
    0x00, 0x00, 0x00, 0x0c, 0xd0, 0x07, 0xf3, 0x00, 0x00, 0x03, 0xf7, 0x00, 0x2f, 0x80, 0x00, 0x00,
    0x8f, 0x20, 0x00, 0xce, 0x00, 0x00, 0x0d, 0xff, 0xff, 0xff, 0xf5, 0x00, 0x05, 0xf8, 0x44, 0x44,
    0x4f, 0xa0, 0x00, 0x9f, 0x20, 0x00, 0x00, 0xaf, 0x10, 0x1e, 0xb0, 0x00, 0x00, 0x06, 0xf6, 0x06,
    0xf6, 0x00, 0x00, 0x00, 0x0e, 0xc0, 0x00, 0x00, 0x00, 0x00, 0x06, 0xf6, 0x00, 0x00, 0x00, 0x00,
    0x00, 0xe8, 0x00, 0x00, 0x00, 0x00, 0x00, 0x0f, 0xc8, 0x20, 0x00, 0x00, 0x00, 0x00, 0x5b, 0xb4,
    0x00, 0x5a, 0xef, 0xa4, 0x00, 0x06, 0xfd, 0x88, 0xcf, 0x40, 0x08, 0xa1, 0x00, 0x1f, 0x90, 0x00,
    0x00, 0x00, 0x0d, 0xb0, 0x00, 0x38, 0xab, 0xef, 0xb0, 0x09, 0xfd, 0xa8, 0x6b, 0xb0, 0x2f, 0xa0,
    0x00, 0x0c, 0xb0, 0x4f, 0x80, 0x00, 0x2f, 0xb0, 0x0e, 0xd5, 0x46, 0xde, 0xb0, 0x03, 0xdf, 0xfe,
    0x6b, 0xb0, 0x00, 0x03, 0x40, 0x9d, 0x30, 0x00, 0x00, 0x03, 0xf5, 0x00, 0x00, 0x00, 0x04, 0xfb,
    0xa0, 0x00, 0x00, 0x00, 0x7b, 0x92, 0x00, 0x00, 0x00, 0xbd, 0x10, 0x00, 0x00, 0x00, 0x04, 0xf4,
    0x00, 0x00, 0x00, 0x00, 0x05, 0x60, 0x00, 0x00, 0x00, 0x00, 0x24, 0x41, 0x00, 0x00, 0x00, 0x3b,
    0xff, 0xff, 0x91, 0x00, 0x04, 0xee, 0x84, 0x59, 0xfe, 0x10, 0x1e, 0xe3, 0x00, 0x00, 0x4f, 0x90,
    0x7f, 0x60, 0x00, 0x00, 0x09, 0xf1, 0xbe, 0x00, 0x00, 0x00, 0x00, 0x00, 0xdb, 0x00, 0x00, 0x00,
    0x00, 0x00, 0xfb, 0x00, 0x00, 0x00, 0x00, 0x00, 0xdb, 0x00, 0x00, 0x00, 0x00, 0x00, 0xae, 0x00,
    0x00, 0x00, 0x00, 0x00, 0x6f, 0x60, 0x00, 0x00, 0x0a, 0xf0, 0x1d, 0xe3, 0x00, 0x00, 0x6f, 0x90,
    0x03, 0xef, 0x97, 0x8b, 0xfc, 0x10, 0x00, 0x2a, 0xff, 0xfe, 0x81, 0x00, 0x00, 0x00, 0x04, 0x30,
    0x00, 0x00, 0x00, 0x00, 0x02, 0xb6, 0x00, 0x00, 0x00, 0x09, 0xd1, 0x00, 0x00, 0x00, 0x2f, 0x40,
    0x00, 0x00, 0x00, 0x00, 0x00, 0x00, 0x00, 0x18, 0xdf, 0xc8, 0x00, 0x01, 0xcf, 0x98, 0x9f, 0x90,
    0x08, 0xf4, 0x00, 0x08, 0xf2, 0x0d, 0xc0, 0x00, 0x01, 0x00, 0x0f, 0x80, 0x00, 0x00, 0x00, 0x0f,
    0x80, 0x00, 0x00, 0x00, 0x0e, 0xa0, 0x00, 0x00, 0x00, 0x09, 0xf2, 0x00, 0x06, 0xd3, 0x02, 0xed,
    0x54, 0x6e, 0xc0, 0x00, 0x3c, 0xff, 0xfb, 0x10, 0x00, 0x00, 0x24, 0x10, 0x00, 0x00, 0x00, 0x5f,
    0xe2, 0x00, 0x00, 0x00, 0x03, 0xe6, 0x9c, 0x10, 0x00, 0x00, 0x07, 0x70, 0x18, 0x50, 0x00, 0x00,
    0x00, 0x24, 0x41, 0x00, 0x00, 0x00, 0x3b, 0xff, 0xff, 0x91, 0x00, 0x04, 0xee, 0x84, 0x59, 0xfe,
    0x10, 0x1e, 0xe3, 0x00, 0x00, 0x4f, 0x90, 0x7f, 0x60, 0x00, 0x00, 0x09, 0xf1, 0xbe, 0x00, 0x00,
    0x00, 0x00, 0x00, 0xdb, 0x00, 0x00, 0x00, 0x00, 0x00, 0xfb, 0x00, 0x00, 0x00, 0x00, 0x00, 0xdb,
    0x00, 0x00, 0x00, 0x00, 0x00, 0xae, 0x00, 0x00, 0x00, 0x00, 0x00, 0x6f, 0x60, 0x00, 0x00, 0x0a,
    0xf0, 0x1d, 0xe3, 0x00, 0x00, 0x6f, 0x90, 0x03, 0xef, 0x97, 0x8b, 0xfc, 0x10, 0x00, 0x2a, 0xff,
    0xfe, 0x81, 0x00, 0x00, 0x00, 0x04, 0x30, 0x00, 0x00, 0x00, 0x00, 0x8b, 0x60, 0x00, 0x00, 0x06,
    0xe8, 0xe3, 0x00, 0x00, 0x3b, 0x50, 0x8a, 0x10, 0x00, 0x00, 0x00, 0x00, 0x00, 0x00, 0x18, 0xdf,
    0xc8, 0x00, 0x01, 0xcf, 0x98, 0x9f, 0x90, 0x08, 0xf4, 0x00, 0x08, 0xf2, 0x0d, 0xc0, 0x00, 0x01,
    0x00, 0x0f, 0x80, 0x00, 0x00, 0x00, 0x0f, 0x80, 0x00, 0x00, 0x00, 0x0e, 0xa0, 0x00, 0x00, 0x00,
    0x09, 0xf2, 0x00, 0x06, 0xd3, 0x02, 0xed, 0x54, 0x6e, 0xc0, 0x00, 0x3c, 0xff, 0xfb, 0x10, 0x00,
    0x00, 0x24, 0x10, 0x00, 0x00, 0x00, 0x1a, 0x80, 0x00, 0x00, 0x00, 0x00, 0x3f, 0xe0, 0x00, 0x00,
    0x00, 0x00, 0x03, 0x20, 0x00, 0x00, 0x00, 0x00, 0x24, 0x41, 0x00, 0x00, 0x00, 0x3b, 0xff, 0xff,
    0x91, 0x00, 0x04, 0xee, 0x84, 0x59, 0xfe, 0x10, 0x1e, 0xe3, 0x00, 0x00, 0x4f, 0x90, 0x7f, 0x60,
    0x00, 0x00, 0x09, 0xf1, 0xbe, 0x00, 0x00, 0x00, 0x00, 0x00, 0xdb, 0x00, 0x00, 0x00, 0x00, 0x00,
    0xfb, 0x00, 0x00, 0x00, 0x00, 0x00, 0xdb, 0x00, 0x00, 0x00, 0x00, 0x00, 0xae, 0x00, 0x00, 0x00,
    0x00, 0x00, 0x6f, 0x60, 0x00, 0x00, 0x0a, 0xf0, 0x1d, 0xe3, 0x00, 0x00, 0x6f, 0x90, 0x03, 0xef,
    0x97, 0x8b, 0xfc, 0x10, 0x00, 0x2a, 0xff, 0xfe, 0x81, 0x00, 0x00, 0x00, 0x04, 0x30, 0x00, 0x00,
    0x00, 0x00, 0x38, 0x10, 0x00, 0x00, 0x00, 0xbf, 0x80, 0x00, 0x00, 0x00, 0x38, 0x10, 0x00, 0x00,
    0x00, 0x00, 0x00, 0x00, 0x00, 0x18, 0xdf, 0xc8, 0x00, 0x01, 0xcf, 0x98, 0x9f, 0x90, 0x08, 0xf4,
    0x00, 0x08, 0xf2, 0x0d, 0xc0, 0x00, 0x01, 0x00, 0x0f, 0x80, 0x00, 0x00, 0x00, 0x0f, 0x80, 0x00,
    0x00, 0x00, 0x0e, 0xa0, 0x00, 0x00, 0x00, 0x09, 0xf2, 0x00, 0x06, 0xd3, 0x02, 0xed, 0x54, 0x6e,
    0xc0, 0x00, 0x3c, 0xff, 0xfb, 0x10, 0x00, 0x00, 0x24, 0x10, 0x00, 0x00, 0x09, 0xe1, 0x4f, 0x60,
    0x00, 0x00, 0x00, 0xac, 0xe7, 0x00, 0x00, 0x00, 0x00, 0x18, 0x70, 0x00, 0x00, 0x00, 0x00, 0x24,
    0x41, 0x00, 0x00, 0x00, 0x3b, 0xff, 0xff, 0x91, 0x00, 0x04, 0xee, 0x84, 0x59, 0xfe, 0x10, 0x1e,
    0xe3, 0x00, 0x00, 0x4f, 0x90, 0x7f, 0x60, 0x00, 0x00, 0x09, 0xf1, 0xbe, 0x00, 0x00, 0x00, 0x00,
    0x00, 0xdb, 0x00, 0x00, 0x00, 0x00, 0x00, 0xfb, 0x00, 0x00, 0x00, 0x00, 0x00, 0xdb, 0x00, 0x00,
    0x00, 0x00, 0x00, 0xae, 0x00, 0x00, 0x00, 0x00, 0x00, 0x6f, 0x60, 0x00, 0x00, 0x0a, 0xf0, 0x1d,
    0xe3, 0x00, 0x00, 0x6f, 0x90, 0x03, 0xef, 0x97, 0x8b, 0xfc, 0x10, 0x00, 0x2a, 0xff, 0xfe, 0x81,
    0x00, 0x00, 0x00, 0x04, 0x30, 0x00, 0x00, 0x00, 0x3b, 0x50, 0x7a, 0x10, 0x00, 0x06, 0xe8, 0xf3,
    0x00, 0x00, 0x00, 0x8b, 0x60, 0x00, 0x00, 0x00, 0x00, 0x00, 0x00, 0x00, 0x18, 0xdf, 0xc8, 0x00,
    0x01, 0xcf, 0x98, 0x9f, 0x90, 0x08, 0xf4, 0x00, 0x08, 0xf2, 0x0d, 0xc0, 0x00, 0x01, 0x00, 0x0f,
    0x80, 0x00, 0x00, 0x00, 0x0f, 0x80, 0x00, 0x00, 0x00, 0x0e, 0xa0, 0x00, 0x00, 0x00, 0x09, 0xf2,
    0x00, 0x06, 0xd3, 0x02, 0xed, 0x54, 0x6e, 0xc0, 0x00, 0x3c, 0xff, 0xfb, 0x10, 0x00, 0x00, 0x24,
    0x10, 0x00, 0x02, 0xe8, 0x0a, 0xc1, 0x00, 0x00, 0x03, 0xeb, 0xe2, 0x00, 0x00, 0x00, 0x04, 0x83,
    0x00, 0x00, 0x00, 0x00, 0x00, 0x00, 0x00, 0x00, 0x8f, 0xff, 0xff, 0xe9, 0x20, 0x08, 0xf9, 0x88,
    0x89, 0xfe, 0x30, 0x8f, 0x40, 0x00, 0x03, 0xed, 0x18, 0xf4, 0x00, 0x00, 0x06, 0xf7, 0x8f, 0x40,
    0x00, 0x00, 0x0e, 0xb8, 0xf4, 0x00, 0x00, 0x00, 0xbd, 0x8f, 0x40, 0x00, 0x00, 0x0b, 0xf8, 0xf4,
    0x00, 0x00, 0x00, 0xbd, 0x8f, 0x40, 0x00, 0x00, 0x0f, 0xa8, 0xf4, 0x00, 0x00, 0x07, 0xf6, 0x8f,
    0x40, 0x00, 0x04, 0xec, 0x08, 0xf9, 0x88, 0x8c, 0xfd, 0x30, 0x8f, 0xff, 0xff, 0xc7, 0x10, 0x00,
    0x00, 0x00, 0x00, 0x00, 0x00, 0x3b, 0x40, 0x00, 0x00, 0x00, 0x0f, 0xb4, 0xf4, 0x00, 0x00, 0x00,
    0x00, 0xfb, 0x4f, 0x10, 0x00, 0x00, 0x00, 0x0f, 0xb2, 0x80, 0x00, 0x19, 0xef, 0x91, 0xfb, 0x00,
    0x00, 0x1e, 0xe8, 0x8b, 0xbf, 0xb0, 0x00, 0x09, 0xf4, 0x00, 0x0a, 0xfb, 0x00, 0x00, 0xec, 0x00,
    0x00, 0x2f, 0xb0, 0x00, 0x0f, 0x80, 0x00, 0x00, 0xfb, 0x00, 0x00, 0xf8, 0x00, 0x00, 0x0f, 0xb0,
    0x00, 0x0f, 0xa0, 0x00, 0x01, 0xfb, 0x00, 0x00, 0xaf, 0x20, 0x00, 0x8f, 0xb0, 0x00, 0x03, 0xfc,
    0x54, 0x8d, 0xfb, 0x00, 0x00, 0x05, 0xdf, 0xfd, 0x3f, 0xb0, 0x00, 0x00, 0x00, 0x34, 0x00, 0x00,
    0x00, 0x00, 0x00, 0x00, 0x00, 0x00, 0x00, 0x00, 0x00, 0x4f, 0xff, 0xff, 0xfa, 0x40, 0x00, 0x04,
    0xfb, 0x88, 0x88, 0xef, 0x60, 0x00, 0x4f, 0x80, 0x00, 0x01, 0xcf, 0x30, 0x04, 0xf8, 0x00, 0x00,
    0x02, 0xfa, 0x00, 0x4f, 0x80, 0x00, 0x00, 0x0a, 0xf0, 0x37, 0xf9, 0x44, 0x40, 0x00, 0x8f, 0x1b,
    0xff, 0xff, 0xff, 0x00, 0x08, 0xf4, 0x37, 0xf9, 0x44, 0x40, 0x00, 0x8f, 0x10, 0x4f, 0x80, 0x00,
    0x00, 0x0b, 0xe0, 0x04, 0xf8, 0x00, 0x00, 0x03, 0xf9, 0x00, 0x4f, 0x80, 0x00, 0x03, 0xce, 0x20,
    0x04, 0xfb, 0x88, 0x8a, 0xfe, 0x60, 0x00, 0x4f, 0xff, 0xff, 0xd8, 0x20, 0x00, 0x00, 0x00, 0x00,
    0x00, 0x00, 0x00, 0x00, 0x00, 0x00, 0x0f, 0xb0, 0x00, 0x00, 0x0b, 0xff, 0xff, 0xf0, 0x00, 0x00,
    0x34, 0x4f, 0xc4, 0x00, 0x19, 0xef, 0x91, 0xfb, 0x00, 0x1e, 0xe8, 0x8b, 0xbf, 0xb0, 0x09, 0xf4,
    0x00, 0x0a, 0xfb, 0x00, 0xec, 0x00, 0x00, 0x2f, 0xb0, 0x0f, 0x80, 0x00, 0x00, 0xfb, 0x00, 0xf8,
    0x00, 0x00, 0x0f, 0xb0, 0x0f, 0xa0, 0x00, 0x01, 0xfb, 0x00, 0xaf, 0x20, 0x00, 0x8f, 0xb0, 0x03,
    0xfc, 0x54, 0x8d, 0xfb, 0x00, 0x05, 0xdf, 0xfd, 0x3f, 0xb0, 0x00, 0x00, 0x34, 0x00, 0x00, 0x00,
    0x00, 0x34, 0x44, 0x40, 0x00, 0x08, 0xbb, 0xbb, 0x00, 0x00, 0x00, 0x00, 0x00, 0x00, 0x00, 0x00,
    0x00, 0x00, 0x8f, 0xff, 0xff, 0xff, 0x88, 0xf9, 0x88, 0x88, 0x84, 0x8f, 0x40, 0x00, 0x00, 0x08,
    0xf4, 0x00, 0x00, 0x00, 0x8f, 0x40, 0x00, 0x00, 0x08, 0xf7, 0x44, 0x44, 0x41, 0x8f, 0xff, 0xff,
    0xff, 0x48, 0xf7, 0x44, 0x44, 0x41, 0x8f, 0x40, 0x00, 0x00, 0x08, 0xf4, 0x00, 0x00, 0x00, 0x8f,
    0x40, 0x00, 0x00, 0x08, 0xf9, 0x88, 0x88, 0x86, 0x8f, 0xff, 0xff, 0xff, 0xb0, 0x00, 0x00, 0x00,
    0x00, 0x00, 0x00, 0x4f, 0xff, 0xfb, 0x00, 0x00, 0x14, 0x44, 0x43, 0x00, 0x00, 0x00, 0x00, 0x00,
    0x00, 0x00, 0x18, 0xdf, 0xc6, 0x00, 0x01, 0xce, 0x88, 0xbf, 0x80, 0x08, 0xf3, 0x00, 0x09, 0xf2,
    0x0d, 0xa0, 0x00, 0x02, 0xf8, 0x0f, 0xdb, 0xbb, 0xbb, 0xf8, 0x0f, 0xb8, 0x88, 0x88, 0x84, 0x0f,
    0x90, 0x00, 0x00, 0x00, 0x09, 0xe1, 0x00, 0x03, 0x83, 0x02, 0xed, 0x64, 0x6d, 0xe2, 0x00, 0x3b,
    0xff, 0xfd, 0x30, 0x00, 0x00, 0x24, 0x20, 0x00, 0x00, 0xd5, 0x01, 0xf2, 0x00, 0x06, 0xe8, 0xd9,
    0x00, 0x00, 0x04, 0x86, 0x00, 0x00, 0x00, 0x00, 0x00, 0x00, 0x8f, 0xff, 0xff, 0xff, 0x88, 0xf9,
    0x88, 0x88, 0x84, 0x8f, 0x40, 0x00, 0x00, 0x08, 0xf4, 0x00, 0x00, 0x00, 0x8f, 0x40, 0x00, 0x00,
    0x08, 0xf7, 0x44, 0x44, 0x41, 0x8f, 0xff, 0xff, 0xff, 0x48, 0xf7, 0x44, 0x44, 0x41, 0x8f, 0x40,
    0x00, 0x00, 0x08, 0xf4, 0x00, 0x00, 0x00, 0x8f, 0x40, 0x00, 0x00, 0x08, 0xf9, 0x88, 0x88, 0x86,
    0x8f, 0xff, 0xff, 0xff, 0xb0, 0x00, 0x3b, 0x00, 0x48, 0x00, 0x00, 0x0d, 0xa5, 0xc8, 0x00, 0x00,
    0x03, 0xab, 0x80, 0x00, 0x00, 0x00, 0x00, 0x00, 0x00, 0x00, 0x18, 0xdf, 0xc6, 0x00, 0x01, 0xce,
    0x88, 0xbf, 0x80, 0x08, 0xf3, 0x00, 0x09, 0xf2, 0x0d, 0xa0, 0x00, 0x02, 0xf8, 0x0f, 0xdb, 0xbb,
    0xbb, 0xf8, 0x0f, 0xb8, 0x88, 0x88, 0x84, 0x0f, 0x90, 0x00, 0x00, 0x00, 0x09, 0xe1, 0x00, 0x03,
    0x83, 0x02, 0xed, 0x64, 0x6d, 0xe2, 0x00, 0x3b, 0xff, 0xfd, 0x30, 0x00, 0x00, 0x24, 0x20, 0x00,
    0x00, 0x03, 0xb6, 0x00, 0x00, 0x00, 0x7f, 0xa0, 0x00, 0x00, 0x00, 0x41, 0x00, 0x00, 0x00, 0x00,
    0x00, 0x00, 0x8f, 0xff, 0xff, 0xff, 0x88, 0xf9, 0x88, 0x88, 0x84, 0x8f, 0x40, 0x00, 0x00, 0x08,
    0xf4, 0x00, 0x00, 0x00, 0x8f, 0x40, 0x00, 0x00, 0x08, 0xf7, 0x44, 0x44, 0x41, 0x8f, 0xff, 0xff,
    0xff, 0x48, 0xf7, 0x44, 0x44, 0x41, 0x8f, 0x40, 0x00, 0x00, 0x08, 0xf4, 0x00, 0x00, 0x00, 0x8f,
    0x40, 0x00, 0x00, 0x08, 0xf9, 0x88, 0x88, 0x86, 0x8f, 0xff, 0xff, 0xff, 0xb0, 0x00, 0x00, 0x38,
    0x10, 0x00, 0x00, 0x00, 0xbf, 0x60, 0x00, 0x00, 0x00, 0x38, 0x10, 0x00, 0x00, 0x00, 0x00, 0x00,
    0x00, 0x00, 0x18, 0xdf, 0xc6, 0x00, 0x01, 0xce, 0x88, 0xbf, 0x80, 0x08, 0xf3, 0x00, 0x09, 0xf2,
    0x0d, 0xa0, 0x00, 0x02, 0xf8, 0x0f, 0xdb, 0xbb, 0xbb, 0xf8, 0x0f, 0xb8, 0x88, 0x88, 0x84, 0x0f,
    0x90, 0x00, 0x00, 0x00, 0x09, 0xe1, 0x00, 0x03, 0x83, 0x02, 0xed, 0x64, 0x6d, 0xe2, 0x00, 0x3b,
    0xff, 0xfd, 0x30, 0x00, 0x00, 0x24, 0x20, 0x00, 0x00, 0x00, 0x00, 0x00, 0x00, 0x8f, 0xff, 0xff,
    0xff, 0x80, 0x8f, 0x98, 0x88, 0x88, 0x40, 0x8f, 0x40, 0x00, 0x00, 0x00, 0x8f, 0x40, 0x00, 0x00,
    0x00, 0x8f, 0x40, 0x00, 0x00, 0x00, 0x8f, 0x74, 0x44, 0x44, 0x10, 0x8f, 0xff, 0xff, 0xff, 0x40,
    0x8f, 0x74, 0x44, 0x44, 0x10, 0x8f, 0x40, 0x00, 0x00, 0x00, 0x8f, 0x40, 0x00, 0x00, 0x00, 0x8f,
    0x40, 0x00, 0x00, 0x00, 0x8f, 0x98, 0x88, 0x88, 0x60, 0x8f, 0xff, 0xff, 0xff, 0xb0, 0x00, 0x00,
    0x00, 0x9c, 0x30, 0x00, 0x00, 0x05, 0xf4, 0x00, 0x00, 0x00, 0x06, 0xfa, 0x80, 0x00, 0x00, 0x00,
    0x8b, 0xa1, 0x00, 0x18, 0xdf, 0xc6, 0x00, 0x01, 0xce, 0x88, 0xbf, 0x80, 0x08, 0xf3, 0x00, 0x09,
    0xf2, 0x0d, 0xa0, 0x00, 0x02, 0xf8, 0x0f, 0xdb, 0xbb, 0xbb, 0xf8, 0x0f, 0xb8, 0x88, 0x88, 0x84,
    0x0f, 0x90, 0x00, 0x00, 0x00, 0x09, 0xe1, 0x00, 0x03, 0x83, 0x02, 0xed, 0x64, 0x6d, 0xf2, 0x00,
    0x3b, 0xff, 0xff, 0x80, 0x00, 0x00, 0x24, 0xcd, 0x10, 0x00, 0x00, 0x03, 0xf6, 0x00, 0x00, 0x00,
    0x03, 0xfa, 0x81, 0x00, 0x00, 0x00, 0x8b, 0xb3, 0x01, 0xcb, 0x08, 0xe3, 0x00, 0x01, 0xeb, 0xf3,
    0x00, 0x00, 0x03, 0x85, 0x00, 0x00, 0x00, 0x00, 0x00, 0x00, 0x8f, 0xff, 0xff, 0xff, 0x88, 0xf9,
    0x88, 0x88, 0x84, 0x8f, 0x40, 0x00, 0x00, 0x08, 0xf4, 0x00, 0x00, 0x00, 0x8f, 0x40, 0x00, 0x00,
    0x08, 0xf7, 0x44, 0x44, 0x41, 0x8f, 0xff, 0xff, 0xff, 0x48, 0xf7, 0x44, 0x44, 0x41, 0x8f, 0x40,
    0x00, 0x00, 0x08, 0xf4, 0x00, 0x00, 0x00, 0x8f, 0x40, 0x00, 0x00, 0x08, 0xf9, 0x88, 0x88, 0x86,
    0x8f, 0xff, 0xff, 0xff, 0xb0, 0x00, 0x3b, 0x30, 0x8a, 0x00, 0x00, 0x08, 0xe7, 0xe3, 0x00, 0x00,
    0x00, 0x8b, 0x40, 0x00, 0x00, 0x00, 0x00, 0x00, 0x00, 0x00, 0x18, 0xdf, 0xc6, 0x00, 0x01, 0xce,
    0x88, 0xbf, 0x80, 0x08, 0xf3, 0x00, 0x09, 0xf2, 0x0d, 0xa0, 0x00, 0x02, 0xf8, 0x0f, 0xdb, 0xbb,
    0xbb, 0xf8, 0x0f, 0xb8, 0x88, 0x88, 0x84, 0x0f, 0x90, 0x00, 0x00, 0x00, 0x09, 0xe1, 0x00, 0x03,
    0x83, 0x02, 0xed, 0x64, 0x6d, 0xe2, 0x00, 0x3b, 0xff, 0xfd, 0x30, 0x00, 0x00, 0x24, 0x20, 0x00,
    0x00, 0x00, 0x6f, 0xd1, 0x00, 0x00, 0x00, 0x03, 0xf6, 0xac, 0x10, 0x00, 0x00, 0x07, 0x60, 0x18,
    0x50, 0x00, 0x00, 0x00, 0x24, 0x41, 0x00, 0x00, 0x00, 0x3b, 0xff, 0xff, 0x91, 0x00, 0x05, 0xfe,
    0x84, 0x59, 0xfe, 0x10, 0x1e, 0xe2, 0x00, 0x00, 0x6f, 0x90, 0x7f, 0x60, 0x00, 0x00, 0x0b, 0xf1,
    0xbe, 0x00, 0x00, 0x00, 0x00, 0x00, 0xdb, 0x00, 0x00, 0x00, 0x00, 0x00, 0xfb, 0x00, 0x00, 0x68,
    0x88, 0x82, 0xdb, 0x00, 0x00, 0xbf, 0xff, 0xf4, 0xae, 0x00, 0x00, 0x00, 0x06, 0xf4, 0x6f, 0x60,
    0x00, 0x00, 0x09, 0xf2, 0x1d, 0xe3, 0x00, 0x00, 0x6f, 0xb0, 0x03, 0xef, 0x97, 0x89, 0xfe, 0x10,
    0x00, 0x2a, 0xff, 0xff, 0x91, 0x00, 0x00, 0x00, 0x04, 0x30, 0x00, 0x00, 0x00, 0x00, 0x8b, 0x30,
    0x00, 0x00, 0x08, 0xe8, 0xe3, 0x00, 0x00, 0x3b, 0x40, 0x8a, 0x00, 0x00, 0x00, 0x00, 0x00, 0x00,
    0x00, 0x19, 0xef, 0xa1, 0xb8, 0x01, 0xee, 0x88, 0xbc, 0xfb, 0x09, 0xf4, 0x00, 0x09, 0xfb, 0x0e,
    0xc0, 0x00, 0x02, 0xfb, 0x0f, 0x80, 0x00, 0x00, 0xfb, 0x0f, 0x80, 0x00, 0x00, 0xfb, 0x0e, 0xc0,
    0x00, 0x02, 0xfb, 0x09, 0xf4, 0x00, 0x09, 0xfb, 0x01, 0xcf, 0xa8, 0xcb, 0xfb, 0x00, 0x18, 0xbb,
    0x81, 0xfb, 0x00, 0x00, 0x00, 0x00, 0xfa, 0x04, 0xb1, 0x00, 0x04, 0xf7, 0x03, 0xee, 0x88, 0x9f,
    0xc1, 0x00, 0x29, 0xbe, 0xb8, 0x10, 0x00, 0x0a, 0x80, 0x0d, 0x50, 0x00, 0x00, 0x04, 0xf9, 0xcc,
    0x10, 0x00, 0x00, 0x00, 0x28, 0x71, 0x00, 0x00, 0x00, 0x00, 0x24, 0x41, 0x00, 0x00, 0x00, 0x3b,
    0xff, 0xff, 0x91, 0x00, 0x05, 0xfe, 0x84, 0x59, 0xfe, 0x10, 0x1e, 0xe2, 0x00, 0x00, 0x6f, 0x90,
    0x7f, 0x60, 0x00, 0x00, 0x0b, 0xf1, 0xbe, 0x00, 0x00, 0x00, 0x00, 0x00, 0xdb, 0x00, 0x00, 0x00,
    0x00, 0x00, 0xfb, 0x00, 0x00, 0x68, 0x88, 0x82, 0xdb, 0x00, 0x00, 0xbf, 0xff, 0xf4, 0xae, 0x00,
    0x00, 0x00, 0x06, 0xf4, 0x6f, 0x60, 0x00, 0x00, 0x09, 0xf2, 0x1d, 0xe3, 0x00, 0x00, 0x6f, 0xb0,
    0x03, 0xef, 0x97, 0x89, 0xfe, 0x10, 0x00, 0x2a, 0xff, 0xff, 0x91, 0x00, 0x00, 0x00, 0x04, 0x30,
    0x00, 0x00, 0x00, 0x3b, 0x00, 0x48, 0x00, 0x00, 0x0d, 0xa5, 0xc8, 0x00, 0x00, 0x02, 0xab, 0x80,
    0x00, 0x00, 0x00, 0x00, 0x00, 0x00, 0x00, 0x19, 0xef, 0xa1, 0xb8, 0x01, 0xee, 0x88, 0xbc, 0xfb,
    0x09, 0xf4, 0x00, 0x09, 0xfb, 0x0e, 0xc0, 0x00, 0x02, 0xfb, 0x0f, 0x80, 0x00, 0x00, 0xfb, 0x0f,
    0x80, 0x00, 0x00, 0xfb, 0x0e, 0xc0, 0x00, 0x02, 0xfb, 0x09, 0xf4, 0x00, 0x09, 0xfb, 0x01, 0xcf,
    0xa8, 0xcb, 0xfb, 0x00, 0x18, 0xbb, 0x81, 0xfb, 0x00, 0x00, 0x00, 0x00, 0xfa, 0x04, 0xb1, 0x00,
    0x04, 0xf7, 0x03, 0xee, 0x88, 0x9f, 0xc1, 0x00, 0x29, 0xbe, 0xb8, 0x10, 0x00, 0x00, 0x1a, 0x80,
    0x00, 0x00, 0x00, 0x00, 0x3f, 0xd0, 0x00, 0x00, 0x00, 0x00, 0x03, 0x20, 0x00, 0x00, 0x00, 0x00,
    0x24, 0x41, 0x00, 0x00, 0x00, 0x3b, 0xff, 0xff, 0x91, 0x00, 0x05, 0xfe, 0x84, 0x59, 0xfe, 0x10,
    0x1e, 0xe2, 0x00, 0x00, 0x6f, 0x90, 0x7f, 0x60, 0x00, 0x00, 0x0b, 0xf1, 0xbe, 0x00, 0x00, 0x00,
    0x00, 0x00, 0xdb, 0x00, 0x00, 0x00, 0x00, 0x00, 0xfb, 0x00, 0x00, 0x68, 0x88, 0x82, 0xdb, 0x00,
    0x00, 0xbf, 0xff, 0xf4, 0xae, 0x00, 0x00, 0x00, 0x06, 0xf4, 0x6f, 0x60, 0x00, 0x00, 0x09, 0xf2,
    0x1d, 0xe3, 0x00, 0x00, 0x6f, 0xb0, 0x03, 0xef, 0x97, 0x89, 0xfe, 0x10, 0x00, 0x2a, 0xff, 0xff,
    0x91, 0x00, 0x00, 0x00, 0x04, 0x30, 0x00, 0x00, 0x00, 0x00, 0x38, 0x10, 0x00, 0x00, 0x00, 0xbf,
    0x60, 0x00, 0x00, 0x00, 0x38, 0x10, 0x00, 0x00, 0x00, 0x00, 0x00, 0x00, 0x00, 0x19, 0xef, 0xa1,
    0xb8, 0x01, 0xee, 0x88, 0xbc, 0xfb, 0x09, 0xf4, 0x00, 0x09, 0xfb, 0x0e, 0xc0, 0x00, 0x02, 0xfb,
    0x0f, 0x80, 0x00, 0x00, 0xfb, 0x0f, 0x80, 0x00, 0x00, 0xfb, 0x0e, 0xc0, 0x00, 0x02, 0xfb, 0x09,
    0xf4, 0x00, 0x09, 0xfb, 0x01, 0xcf, 0xa8, 0xcb, 0xfb, 0x00, 0x18, 0xbb, 0x81, 0xfb, 0x00, 0x00,
    0x00, 0x00, 0xfa, 0x04, 0xb1, 0x00, 0x04, 0xf7, 0x03, 0xee, 0x88, 0x9f, 0xc1, 0x00, 0x29, 0xbe,
    0xb8, 0x10, 0x00, 0x00, 0x24, 0x41, 0x00, 0x00, 0x00, 0x3b, 0xff, 0xff, 0x91, 0x00, 0x05, 0xfe,
    0x84, 0x59, 0xfe, 0x10, 0x1e, 0xe2, 0x00, 0x00, 0x6f, 0x90, 0x7f, 0x60, 0x00, 0x00, 0x0b, 0xf1,
    0xbe, 0x00, 0x00, 0x00, 0x00, 0x00, 0xdb, 0x00, 0x00, 0x00, 0x00, 0x00, 0xfb, 0x00, 0x00, 0x68,
    0x88, 0x82, 0xdb, 0x00, 0x00, 0xbf, 0xff, 0xf4, 0xae, 0x00, 0x00, 0x00, 0x06, 0xf4, 0x6f, 0x60,
    0x00, 0x00, 0x09, 0xf2, 0x1d, 0xe3, 0x00, 0x00, 0x6f, 0xb0, 0x03, 0xef, 0x97, 0x89, 0xfe, 0x10,
    0x00, 0x2a, 0xff, 0xff, 0x91, 0x00, 0x00, 0x00, 0x04, 0x30, 0x00, 0x00, 0x00, 0x00, 0x2f, 0x70,
    0x00, 0x00, 0x00, 0x00, 0x6f, 0x20, 0x00, 0x00, 0x00, 0x00, 0x8b, 0x00, 0x00, 0x00, 0x00, 0x00,
    0x32, 0x00, 0x00, 0x00, 0x00, 0x00, 0x03, 0x20, 0x00, 0x00, 0x00, 0x1e, 0x80, 0x00, 0x00, 0x00,
    0x4f, 0x10, 0x00, 0x00, 0x00, 0x8f, 0x00, 0x00, 0x00, 0x00, 0x24, 0x00, 0x00, 0x00, 0x19, 0xef,
    0xa1, 0xb8, 0x01, 0xee, 0x88, 0xbc, 0xfb, 0x09, 0xf4, 0x00, 0x09, 0xfb, 0x0e, 0xc0, 0x00, 0x02,
    0xfb, 0x0f, 0x80, 0x00, 0x00, 0xfb, 0x0f, 0x80, 0x00, 0x00, 0xfb, 0x0e, 0xc0, 0x00, 0x02, 0xfb,
    0x09, 0xf4, 0x00, 0x09, 0xfb, 0x01, 0xcf, 0xa8, 0xcb, 0xfb, 0x00, 0x18, 0xbb, 0x81, 0xfb, 0x00,
    0x00, 0x00, 0x00, 0xfa, 0x04, 0xb1, 0x00, 0x04, 0xf7, 0x03, 0xee, 0x88, 0x9f, 0xc1, 0x00, 0x29,
    0xbe, 0xb8, 0x10, 0x00, 0x00, 0x7f, 0xc1, 0x00, 0x00, 0x00, 0x6f, 0x4c, 0xa0, 0x00, 0x00, 0x18,
    0x50, 0x28, 0x30, 0x00, 0x00, 0x00, 0x00, 0x00, 0x00, 0x8f, 0x40, 0x00, 0x00, 0x0f, 0xb8, 0xf4,
    0x00, 0x00, 0x00, 0xfb, 0x8f, 0x40, 0x00, 0x00, 0x0f, 0xb8, 0xf4, 0x00, 0x00, 0x00, 0xfb, 0x8f,
    0x40, 0x00, 0x00, 0x0f, 0xb8, 0xf9, 0x88, 0x88, 0x88, 0xfb, 0x8f, 0xff, 0xff, 0xff, 0xff, 0xb8,
    0xf4, 0x00, 0x00, 0x00, 0xfb, 0x8f, 0x40, 0x00, 0x00, 0x0f, 0xb8, 0xf4, 0x00, 0x00, 0x00, 0xfb,
    0x8f, 0x40, 0x00, 0x00, 0x0f, 0xb8, 0xf4, 0x00, 0x00, 0x00, 0xfb, 0x8f, 0x40, 0x00, 0x00, 0x0f,
    0xb0, 0x01, 0xdf, 0x60, 0x00, 0x00, 0x01, 0xca, 0x6f, 0x30, 0x00, 0x00, 0x58, 0x10, 0x67, 0x00,
    0x00, 0x00, 0x00, 0x00, 0x00, 0x00, 0x00, 0x00, 0x8f, 0x00, 0x00, 0x00, 0x00, 0x08, 0xf0, 0x00,
    0x00, 0x00, 0x00, 0x8f, 0x00, 0x00, 0x00, 0x00, 0x08, 0xf1, 0x9e, 0xe9, 0x10, 0x00, 0x8f, 0xc9,
    0x8b, 0xfb, 0x00, 0x08, 0xf7, 0x00, 0x0a, 0xf2, 0x00, 0x8f, 0x00, 0x00, 0x5f, 0x40, 0x08, 0xf0,
    0x00, 0x04, 0xf4, 0x00, 0x8f, 0x00, 0x00, 0x4f, 0x40, 0x08, 0xf0, 0x00, 0x04, 0xf4, 0x00, 0x8f,
    0x00, 0x00, 0x4f, 0x40, 0x08, 0xf0, 0x00, 0x04, 0xf4, 0x00, 0x8f, 0x00, 0x00, 0x4f, 0x40, 0x00,
    0x00, 0x00, 0x00, 0x00, 0x00, 0x00, 0x00, 0xf8, 0x00, 0x00, 0x00, 0x8f, 0x40, 0x00, 0xf8, 0x00,
    0x00, 0x00, 0x8f, 0x40, 0x14, 0xf9, 0x44, 0x44, 0x44, 0x9f, 0x70, 0x4f, 0xff, 0xff, 0xff, 0xff,
    0xff, 0xf0, 0x00, 0xf8, 0x00, 0x00, 0x00, 0x8f, 0x40, 0x00, 0xfb, 0x88, 0x88, 0x88, 0xbf, 0x40,
    0x00, 0xff, 0xff, 0xff, 0xff, 0xff, 0x40, 0x00, 0xf8, 0x00, 0x00, 0x00, 0x8f, 0x40, 0x00, 0xf8,
    0x00, 0x00, 0x00, 0x8f, 0x40, 0x00, 0xf8, 0x00, 0x00, 0x00, 0x8f, 0x40, 0x00, 0xf8, 0x00, 0x00,
    0x00, 0x8f, 0x40, 0x00, 0xf8, 0x00, 0x00, 0x00, 0x8f, 0x40, 0x00, 0xf8, 0x00, 0x00, 0x00, 0x8f,
    0x40, 0x00, 0x00, 0x00, 0x00, 0x00, 0x08, 0xf0, 0x00, 0x00, 0x00, 0xff, 0xff, 0xfb, 0x00, 0x00,
    0x49, 0xf4, 0x43, 0x00, 0x00, 0x08, 0xf1, 0x9e, 0xe9, 0x10, 0x08, 0xfc, 0x98, 0xbf, 0xb0, 0x08,
    0xf7, 0x00, 0x0a, 0xf2, 0x08, 0xf0, 0x00, 0x05, 0xf4, 0x08, 0xf0, 0x00, 0x04, 0xf4, 0x08, 0xf0,
    0x00, 0x04, 0xf4, 0x08, 0xf0, 0x00, 0x04, 0xf4, 0x08, 0xf0, 0x00, 0x04, 0xf4, 0x08, 0xf0, 0x00,
    0x04, 0xf4, 0x08, 0xf0, 0x00, 0x04, 0xf4, 0x05, 0xa4, 0x2b, 0x0f, 0x8d, 0xfa, 0x14, 0x00, 0x40,
    0x00, 0x00, 0x00, 0x00, 0x8f, 0x40, 0x00, 0x8f, 0x40, 0x00, 0x8f, 0x40, 0x00, 0x8f, 0x40, 0x00,
    0x8f, 0x40, 0x00, 0x8f, 0x40, 0x00, 0x8f, 0x40, 0x00, 0x8f, 0x40, 0x00, 0x8f, 0x40, 0x00, 0x8f,
    0x40, 0x00, 0x8f, 0x40, 0x00, 0x8f, 0x40, 0x00, 0x8f, 0x40, 0x04, 0x60, 0x23, 0x3f, 0xcd, 0xd9,
    0x26, 0x04, 0x71, 0x00, 0x00, 0x00, 0x00, 0x6b, 0x00, 0x00, 0x8f, 0x00, 0x00, 0x8f, 0x00, 0x00,
    0x8f, 0x00, 0x00, 0x8f, 0x00, 0x00, 0x8f, 0x00, 0x00, 0x8f, 0x00, 0x00, 0x8f, 0x00, 0x00, 0x8f,
    0x00, 0x00, 0x8f, 0x00, 0x04, 0x44, 0x43, 0x0b, 0xbb, 0xb8, 0x00, 0x00, 0x00, 0x00, 0x00, 0x00,
    0x00, 0x8f, 0x40, 0x00, 0x8f, 0x40, 0x00, 0x8f, 0x40, 0x00, 0x8f, 0x40, 0x00, 0x8f, 0x40, 0x00,
    0x8f, 0x40, 0x00, 0x8f, 0x40, 0x00, 0x8f, 0x40, 0x00, 0x8f, 0x40, 0x00, 0x8f, 0x40, 0x00, 0x8f,
    0x40, 0x00, 0x8f, 0x40, 0x00, 0x8f, 0x40, 0x00, 0x00, 0x00, 0x4f, 0xff, 0xf8, 0x14, 0x44, 0x42,
    0x00, 0x00, 0x00, 0x00, 0x6b, 0x00, 0x00, 0x8f, 0x00, 0x00, 0x8f, 0x00, 0x00, 0x8f, 0x00, 0x00,
    0x8f, 0x00, 0x00, 0x8f, 0x00, 0x00, 0x8f, 0x00, 0x00, 0x8f, 0x00, 0x00, 0x8f, 0x00, 0x00, 0x8f,
    0x00, 0x1f, 0x20, 0x5e, 0x09, 0xd8, 0xe8, 0x00, 0x68, 0x40, 0x00, 0x00, 0x00, 0x00, 0x8f, 0x40,
    0x00, 0x8f, 0x40, 0x00, 0x8f, 0x40, 0x00, 0x8f, 0x40, 0x00, 0x8f, 0x40, 0x00, 0x8f, 0x40, 0x00,
    0x8f, 0x40, 0x00, 0x8f, 0x40, 0x00, 0x8f, 0x40, 0x00, 0x8f, 0x40, 0x00, 0x8f, 0x40, 0x00, 0x8f,
    0x40, 0x00, 0x8f, 0x40, 0x39, 0x00, 0x68, 0x1e, 0x86, 0xe6, 0x03, 0xab, 0x70, 0x00, 0x00, 0x00,
    0x00, 0x6b, 0x00, 0x00, 0x8f, 0x00, 0x00, 0x8f, 0x00, 0x00, 0x8f, 0x00, 0x00, 0x8f, 0x00, 0x00,
    0x8f, 0x00, 0x00, 0x8f, 0x00, 0x00, 0x8f, 0x00, 0x00, 0x8f, 0x00, 0x00, 0x8f, 0x00, 0x00, 0x00,
    0x08, 0xf4, 0x08, 0xf4, 0x08, 0xf4, 0x08, 0xf4, 0x08, 0xf4, 0x08, 0xf4, 0x08, 0xf4, 0x08, 0xf4,
    0x08, 0xf4, 0x08, 0xf4, 0x08, 0xf4, 0x08, 0xf4, 0x08, 0xf4, 0x3e, 0x90, 0xac, 0x00, 0xbe, 0x86,
    0x3a, 0xb7, 0x00, 0x57, 0x00, 0x0d, 0xf4, 0x00, 0x57, 0x00, 0x00, 0x00, 0x00, 0x6b, 0x00, 0x08,
    0xf0, 0x00, 0x8f, 0x00, 0x08, 0xf0, 0x00, 0x8f, 0x00, 0x08, 0xf0, 0x00, 0x8f, 0x00, 0x08, 0xf0,
    0x00, 0x8f, 0x00, 0x08, 0xf0, 0x06, 0xf6, 0x00, 0xe8, 0x00, 0x0f, 0xc8, 0x20, 0x5b, 0xb4, 0x5b,
    0x39, 0xf7, 0x14, 0x00, 0x00, 0x8f, 0x48, 0xf4, 0x8f, 0x48, 0xf4, 0x8f, 0x48, 0xf4, 0x8f, 0x48,
    0xf4, 0x8f, 0x48, 0xf4, 0x8f, 0x48, 0xf4, 0x8f, 0x40, 0x6b, 0x8f, 0x8f, 0x8f, 0x8f, 0x8f, 0x8f,
    0x8f, 0x8f, 0x8f, 0x00, 0x00, 0x00, 0x00, 0x00, 0x00, 0x08, 0xf4, 0x00, 0x00, 0x00, 0x04, 0xf8,
    0x8f, 0x40, 0x00, 0x00, 0x00, 0x4f, 0x88, 0xf4, 0x00, 0x00, 0x00, 0x04, 0xf8, 0x8f, 0x40, 0x00,
    0x00, 0x00, 0x4f, 0x88, 0xf4, 0x00, 0x00, 0x00, 0x04, 0xf8, 0x8f, 0x40, 0x00, 0x00, 0x00, 0x4f,
    0x88, 0xf4, 0x00, 0x00, 0x00, 0x04, 0xf8, 0x8f, 0x40, 0x00, 0x00, 0x00, 0x4f, 0x88, 0xf4, 0x02,
    0x84, 0x00, 0x04, 0xf8, 0x8f, 0x40, 0x4f, 0x80, 0x00, 0x4f, 0x88, 0xf4, 0x02, 0xf9, 0x00, 0x06,
    0xf6, 0x8f, 0x40, 0x0b, 0xf8, 0x48, 0xee, 0x18, 0xf4, 0x00, 0x19, 0xff, 0xfb, 0x30, 0x00, 0x00,
    0x00, 0x00, 0x41, 0x00, 0x00, 0x57, 0x00, 0x18, 0x2d, 0xf4, 0x08, 0xf9, 0x57, 0x00, 0x18, 0x30,
    0x00, 0x00, 0x00, 0x6b, 0x00, 0x3b, 0x38, 0xf0, 0x04, 0xf4, 0x8f, 0x00, 0x4f, 0x48, 0xf0, 0x04,
    0xf4, 0x8f, 0x00, 0x4f, 0x48, 0xf0, 0x04, 0xf4, 0x8f, 0x00, 0x4f, 0x48, 0xf0, 0x04, 0xf4, 0x8f,
    0x00, 0x4f, 0x48, 0xf0, 0x04, 0xf4, 0x00, 0x00, 0x4f, 0x40, 0x00, 0x07, 0xf4, 0x00, 0x08, 0xfc,
    0x00, 0x00, 0x88, 0x10, 0x00, 0x00, 0x00, 0x6f, 0xe1, 0x00, 0x00, 0x00, 0x3e, 0x69, 0xc1, 0x00,
    0x00, 0x07, 0x60, 0x18, 0x50, 0x00, 0x00, 0x00, 0x00, 0x00, 0x00, 0x00, 0x00, 0x0f, 0xb0, 0x00,
    0x00, 0x00, 0x00, 0xfb, 0x00, 0x00, 0x00, 0x00, 0x0f, 0xb0, 0x00, 0x00, 0x00, 0x00, 0xfb, 0x00,
    0x00, 0x00, 0x00, 0x0f, 0xb0, 0x00, 0x00, 0x00, 0x00, 0xfb, 0x00, 0x00, 0x00, 0x00, 0x0f, 0xb0,
    0x00, 0x00, 0x00, 0x00, 0xfb, 0x00, 0x08, 0x40, 0x00, 0x0f, 0xb0, 0x00, 0xf8, 0x00, 0x00, 0xfb,
    0x00, 0x0e, 0xc0, 0x00, 0x4f, 0x80, 0x00, 0x8f, 0xa4, 0x6e, 0xe2, 0x00, 0x00, 0x8f, 0xff, 0xd4,
    0x00, 0x00, 0x00, 0x04, 0x20, 0x00, 0x00, 0x00, 0x9b, 0x30, 0x00, 0x9c, 0x9d, 0x10, 0x5b, 0x30,
    0x98, 0x00, 0x00, 0x00, 0x00, 0x00, 0x6b, 0x00, 0x00, 0x08, 0xf0, 0x00, 0x00, 0x8f, 0x00, 0x00,
    0x08, 0xf0, 0x00, 0x00, 0x8f, 0x00, 0x00, 0x08, 0xf0, 0x00, 0x00, 0x8f, 0x00, 0x00, 0x08, 0xf0,
    0x00, 0x00, 0x8f, 0x00, 0x00, 0x08, 0xf0, 0x00, 0x00, 0x8f, 0x00, 0x00, 0x0c, 0xe0, 0x00, 0x3d,
    0xf8, 0x00, 0x03, 0xa6, 0x00, 0x00, 0x00, 0x00, 0x00, 0x00, 0x00, 0x08, 0xf4, 0x00, 0x00, 0x3e,
    0xe3, 0x8f, 0x40, 0x00, 0x3e, 0xe3, 0x08, 0xf4, 0x00, 0x1e, 0xe3, 0x00, 0x8f, 0x40, 0x1c, 0xf3,
    0x00, 0x08, 0xf4, 0x1c, 0xf6, 0x00, 0x00, 0x8f, 0x4a, 0xf8, 0x00, 0x00, 0x08, 0xfc, 0xfe, 0xd1,
    0x00, 0x00, 0x8f, 0xf6, 0x5f, 0xa0, 0x00, 0x08, 0xf7, 0x00, 0x8f, 0x60, 0x00, 0x8f, 0x40, 0x01,
    0xce, 0x20, 0x08, 0xf4, 0x00, 0x03, 0xfc, 0x00, 0x8f, 0x40, 0x00, 0x07, 0xf8, 0x08, 0xf4, 0x00,
    0x00, 0x0b, 0xf4, 0x00, 0x00, 0x00, 0x00, 0x00, 0x00, 0x00, 0x0b, 0xc0, 0x00, 0x00, 0x00, 0x00,
    0xe7, 0x00, 0x00, 0x00, 0x00, 0x3f, 0x20, 0x00, 0x00, 0x00, 0x01, 0x40, 0x00, 0x00, 0x00, 0x00,
    0x00, 0x00, 0x00, 0x08, 0xf0, 0x00, 0x00, 0x00, 0x8f, 0x00, 0x00, 0x00, 0x08, 0xf0, 0x00, 0x00,
    0x00, 0x8f, 0x00, 0x01, 0xaa, 0x18, 0xf0, 0x01, 0xce, 0x30, 0x8f, 0x01, 0xce, 0x30, 0x08, 0xf1,
    0xce, 0x30, 0x00, 0x8f, 0xcf, 0x70, 0x00, 0x08, 0xfc, 0xce, 0x30, 0x00, 0x8f, 0x13, 0xec, 0x10,
    0x08, 0xf0, 0x06, 0xf9, 0x00, 0x8f, 0x00, 0x08, 0xf7, 0x08, 0xf0, 0x00, 0x0c, 0xf4, 0x00, 0x00,
    0x00, 0x00, 0x00, 0x00, 0xca, 0x00, 0x00, 0x00, 0x0f, 0x60, 0x00, 0x00, 0x04, 0xf1, 0x00, 0x00,
    0x00, 0x23, 0x00, 0x00, 0x00, 0x6b, 0x00, 0x01, 0xb8, 0x08, 0xf0, 0x00, 0xce, 0x30, 0x8f, 0x00,
    0x9f, 0x40, 0x08, 0xf0, 0x6f, 0x60, 0x00, 0x8f, 0x8f, 0x80, 0x00, 0x08, 0xfc, 0xf6, 0x00, 0x00,
    0x8f, 0x09, 0xe3, 0x00, 0x08, 0xf0, 0x1c, 0xe2, 0x00, 0x8f, 0x00, 0x2e, 0xc1, 0x08, 0xf0, 0x00,
    0x3f, 0xb0, 0x04, 0xf7, 0x00, 0x00, 0x00, 0xbb, 0x00, 0x00, 0x00, 0x18, 0x20, 0x00, 0x00, 0x00,
    0x00, 0x00, 0x00, 0x00, 0x8f, 0x40, 0x00, 0x00, 0x08, 0xf4, 0x00, 0x00, 0x00, 0x8f, 0x40, 0x00,
    0x00, 0x08, 0xf4, 0x00, 0x00, 0x00, 0x8f, 0x40, 0x00, 0x00, 0x08, 0xf4, 0x00, 0x00, 0x00, 0x8f,
    0x40, 0x00, 0x00, 0x08, 0xf4, 0x00, 0x00, 0x00, 0x8f, 0x40, 0x00, 0x00, 0x08, 0xf4, 0x00, 0x00,
    0x00, 0x8f, 0x40, 0x00, 0x00, 0x08, 0xf9, 0x88, 0x88, 0x82, 0x8f, 0xff, 0xff, 0xff, 0x40, 0x08,
    0xf3, 0x1e, 0x80, 0x38, 0x00, 0x00, 0x00, 0x8f, 0x00, 0x8f, 0x00, 0x8f, 0x00, 0x8f, 0x00, 0x8f,
    0x00, 0x8f, 0x00, 0x8f, 0x00, 0x8f, 0x00, 0x8f, 0x00, 0x8f, 0x00, 0x8f, 0x00, 0x8f, 0x00, 0x8f,
    0x00, 0x00, 0x00, 0x00, 0x00, 0x08, 0xf4, 0x00, 0x00, 0x00, 0x8f, 0x40, 0x00, 0x00, 0x08, 0xf4,
    0x00, 0x00, 0x00, 0x8f, 0x40, 0x00, 0x00, 0x08, 0xf4, 0x00, 0x00, 0x00, 0x8f, 0x40, 0x00, 0x00,
    0x08, 0xf4, 0x00, 0x00, 0x00, 0x8f, 0x40, 0x00, 0x00, 0x08, 0xf4, 0x00, 0x00, 0x00, 0x8f, 0x40,
    0x00, 0x00, 0x08, 0xf4, 0x00, 0x00, 0x00, 0x8f, 0x98, 0x88, 0x88, 0x28, 0xff, 0xff, 0xff, 0xf4,
    0x00, 0x00, 0x00, 0x00, 0x00, 0x00, 0x8f, 0x10, 0x00, 0x00, 0x0a, 0xa0, 0x00, 0x00, 0x00, 0xe6,
    0x00, 0x00, 0x00, 0x04, 0x10, 0x00, 0x00, 0x00, 0x00, 0x8f, 0x08, 0xf0, 0x8f, 0x08, 0xf0, 0x8f,
    0x08, 0xf0, 0x8f, 0x08, 0xf0, 0x8f, 0x08, 0xf0, 0x8f, 0x08, 0xf0, 0x8f, 0x00, 0x00, 0xbc, 0x0f,
    0x73, 0xf2, 0x14, 0x00, 0x00, 0x00, 0x6b, 0x00, 0x08, 0xf4, 0x08, 0xd0, 0x00, 0x8f, 0x40, 0x8b,
    0x00, 0x08, 0xf4, 0x04, 0x50, 0x00, 0x8f, 0x40, 0x00, 0x00, 0x08, 0xf4, 0x00, 0x00, 0x00, 0x8f,
    0x40, 0x00, 0x00, 0x08, 0xf4, 0x00, 0x00, 0x00, 0x8f, 0x40, 0x00, 0x00, 0x08, 0xf4, 0x00, 0x00,
    0x00, 0x8f, 0x40, 0x00, 0x00, 0x08, 0xf4, 0x00, 0x00, 0x00, 0x8f, 0x98, 0x88, 0x88, 0x28, 0xff,
    0xff, 0xff, 0xf4, 0x00, 0x08, 0x88, 0xf0, 0xba, 0x8f, 0x0b, 0x88, 0xf0, 0x64, 0x8f, 0x00, 0x08,
    0xf0, 0x00, 0x8f, 0x00, 0x08, 0xf0, 0x00, 0x8f, 0x00, 0x08, 0xf0, 0x00, 0x8f, 0x00, 0x08, 0xf0,
    0x00, 0x8f, 0x00, 0x08, 0xf0, 0x00, 0x00, 0x00, 0x00, 0x00, 0x08, 0xf4, 0x00, 0x00, 0x00, 0x8f,
    0x40, 0x00, 0x00, 0x08, 0xf4, 0x00, 0x00, 0x00, 0x8f, 0x40, 0x00, 0x00, 0x08, 0xf4, 0x04, 0x70,
    0x00, 0x8f, 0x40, 0xbf, 0x40, 0x08, 0xf4, 0x05, 0x71, 0x00, 0x8f, 0x40, 0x00, 0x00, 0x08, 0xf4,
    0x00, 0x00, 0x00, 0x8f, 0x40, 0x00, 0x00, 0x08, 0xf4, 0x00, 0x00, 0x00, 0x8f, 0x98, 0x88, 0x88,
    0x28, 0xff, 0xff, 0xff, 0xf4, 0x00, 0x00, 0x00, 0x8f, 0x00, 0x00, 0x8f, 0x00, 0x00, 0x8f, 0x00,
    0x00, 0x8f, 0x00, 0x00, 0x8f, 0x00, 0x00, 0x8f, 0x06, 0xa2, 0x8f, 0x0d, 0xf8, 0x8f, 0x05, 0x91,
    0x8f, 0x00, 0x00, 0x8f, 0x00, 0x00, 0x8f, 0x00, 0x00, 0x8f, 0x00, 0x00, 0x8f, 0x00, 0x00, 0x00,
    0x00, 0x00, 0x00, 0x00, 0x00, 0xfb, 0x00, 0x00, 0x00, 0x00, 0xfb, 0x00, 0x00, 0x00, 0x00, 0xfb,
    0x00, 0x00, 0x00, 0x00, 0xfb, 0x02, 0x90, 0x00, 0x00, 0xfc, 0x8e, 0xe0, 0x00, 0x00, 0xff, 0xf8,
    0x10, 0x00, 0x3b, 0xfd, 0x30, 0x00, 0x00, 0x8d, 0xfb, 0x00, 0x00, 0x00, 0x30, 0xfb, 0x00, 0x00,
    0x00, 0x00, 0xfb, 0x00, 0x00, 0x00, 0x00, 0xfb, 0x00, 0x00, 0x00, 0x00, 0xfd, 0x88, 0x88, 0x86,
    0x00, 0xff, 0xff, 0xff, 0xfb, 0x00, 0x00, 0x00, 0x00, 0x8f, 0x00, 0x00, 0x8f, 0x00, 0x00, 0x8f,
    0x00, 0x00, 0x8f, 0x66, 0x00, 0x8f, 0xe5, 0x09, 0xff, 0x20, 0x0c, 0xaf, 0x00, 0x00, 0x8f, 0x00,
    0x00, 0x8f, 0x00, 0x00, 0x8f, 0x00, 0x00, 0x8f, 0x00, 0x00, 0x8f, 0x00, 0x00, 0x8f, 0x00, 0x00,
    0x00, 0x00, 0xdb, 0x00, 0x00, 0x00, 0x00, 0x6f, 0x20, 0x00, 0x00, 0x00, 0x06, 0x50, 0x00, 0x00,
    0x00, 0x00, 0x00, 0x00, 0x00, 0x8f, 0xd1, 0x00, 0x00, 0x0b, 0xf8, 0xff, 0x80, 0x00, 0x00, 0xbf,
    0x8f, 0xbf, 0x30, 0x00, 0x0b, 0xf8, 0xf5, 0xec, 0x00, 0x00, 0xbf, 0x8f, 0x46, 0xf8, 0x00, 0x0b,
    0xf8, 0xf4, 0x0b, 0xe2, 0x00, 0xbf, 0x8f, 0x40, 0x3f, 0xb0, 0x0b, 0xf8, 0xf4, 0x00, 0x8f, 0x60,
    0xbf, 0x8f, 0x40, 0x00, 0xde, 0x1b, 0xf8, 0xf4, 0x00, 0x04, 0xf9, 0xbf, 0x8f, 0x40, 0x00, 0x08,
    0xfa, 0xf8, 0xf4, 0x00, 0x00, 0x1e, 0xff, 0x8f, 0x40, 0x00, 0x00, 0x5f, 0xf0, 0x00, 0x00, 0x4b,
    0x50, 0x00, 0x00, 0x0b, 0xc0, 0x00, 0x00, 0x03, 0xf3, 0x00, 0x00, 0x00, 0x00, 0x00, 0x00, 0x6b,
    0x19, 0xee, 0x91, 0x08, 0xfc, 0x98, 0xbf, 0xb0, 0x8f, 0x70, 0x00, 0xaf, 0x28, 0xf0, 0x00, 0x05,
    0xf4, 0x8f, 0x00, 0x00, 0x4f, 0x48, 0xf0, 0x00, 0x04, 0xf4, 0x8f, 0x00, 0x00, 0x4f, 0x48, 0xf0,
    0x00, 0x04, 0xf4, 0x8f, 0x00, 0x00, 0x4f, 0x48, 0xf0, 0x00, 0x04, 0xf4, 0x00, 0x00, 0x00, 0x00,
    0x00, 0x08, 0xfd, 0x10, 0x00, 0x00, 0xbf, 0x8f, 0xf8, 0x00, 0x00, 0x0b, 0xf8, 0xfb, 0xf3, 0x00,
    0x00, 0xbf, 0x8f, 0x5e, 0xc0, 0x00, 0x0b, 0xf8, 0xf4, 0x6f, 0x80, 0x00, 0xbf, 0x8f, 0x40, 0xbe,
    0x20, 0x0b, 0xf8, 0xf4, 0x03, 0xfb, 0x00, 0xbf, 0x8f, 0x40, 0x08, 0xf6, 0x0b, 0xf8, 0xf4, 0x00,
    0x0d, 0xe1, 0xbf, 0x8f, 0x40, 0x00, 0x4f, 0x9b, 0xf8, 0xf4, 0x00, 0x00, 0x8f, 0xaf, 0x8f, 0x40,
    0x00, 0x01, 0xef, 0xf8, 0xf4, 0x00, 0x00, 0x05, 0xff, 0x00, 0x00, 0x00, 0x00, 0x00, 0x00, 0x00,
    0x02, 0xf7, 0x00, 0x00, 0x00, 0x00, 0x6f, 0x10, 0x00, 0x00, 0x00, 0x08, 0xa0, 0x00, 0x00, 0x00,
    0x00, 0x32, 0x00, 0x00, 0x00, 0x6b, 0x19, 0xee, 0x91, 0x08, 0xfc, 0x98, 0xbf, 0xb0, 0x8f, 0x70,
    0x00, 0xaf, 0x28, 0xf0, 0x00, 0x05, 0xf4, 0x8f, 0x00, 0x00, 0x4f, 0x48, 0xf0, 0x00, 0x04, 0xf4,
    0x8f, 0x00, 0x00, 0x4f, 0x48, 0xf0, 0x00, 0x04, 0xf4, 0x8f, 0x00, 0x00, 0x4f, 0x48, 0xf0, 0x00,
    0x04, 0xf4, 0x00, 0x00, 0x00, 0x00, 0x00, 0x00, 0x9e, 0x00, 0x00, 0x00, 0x0c, 0x90, 0x00, 0x00,
    0x00, 0xf5, 0x00, 0x00, 0x00, 0x14, 0x00, 0x00, 0x00, 0x00, 0x09, 0xc1, 0x6f, 0x50, 0x00, 0x00,
    0x1c, 0xbe, 0x60, 0x00, 0x00, 0x00, 0x18, 0x50, 0x00, 0x00, 0x00, 0x00, 0x00, 0x00, 0x00, 0x8f,
    0xd1, 0x00, 0x00, 0x0b, 0xf8, 0xff, 0x80, 0x00, 0x00, 0xbf, 0x8f, 0xbf, 0x30, 0x00, 0x0b, 0xf8,
    0xf5, 0xec, 0x00, 0x00, 0xbf, 0x8f, 0x46, 0xf8, 0x00, 0x0b, 0xf8, 0xf4, 0x0b, 0xe2, 0x00, 0xbf,
    0x8f, 0x40, 0x3f, 0xb0, 0x0b, 0xf8, 0xf4, 0x00, 0x8f, 0x60, 0xbf, 0x8f, 0x40, 0x00, 0xde, 0x1b,
    0xf8, 0xf4, 0x00, 0x04, 0xf9, 0xbf, 0x8f, 0x40, 0x00, 0x08, 0xfa, 0xf8, 0xf4, 0x00, 0x00, 0x1e,
    0xff, 0x8f, 0x40, 0x00, 0x00, 0x5f, 0xf0, 0x03, 0xb3, 0x08, 0xa1, 0x00, 0x08, 0xe8, 0xe3, 0x00,
    0x00, 0x08, 0xb5, 0x00, 0x00, 0x00, 0x00, 0x00, 0x00, 0x6b, 0x19, 0xee, 0x91, 0x08, 0xfc, 0x98,
    0xbf, 0xb0, 0x8f, 0x70, 0x00, 0xaf, 0x28, 0xf0, 0x00, 0x05, 0xf4, 0x8f, 0x00, 0x00, 0x4f, 0x48,
    0xf0, 0x00, 0x04, 0xf4, 0x8f, 0x00, 0x00, 0x4f, 0x48, 0xf0, 0x00, 0x04, 0xf4, 0x8f, 0x00, 0x00,
    0x4f, 0x48, 0xf0, 0x00, 0x04, 0xf4, 0x00, 0x24, 0x20, 0x00, 0x00, 0x00, 0x1e, 0xe1, 0x00, 0x00,
    0x00, 0x0a, 0xf4, 0x00, 0x00, 0x00, 0x01, 0x85, 0x00, 0x00, 0x00, 0x00, 0x00, 0x00, 0x00, 0x00,
    0x00, 0x00, 0x08, 0xf5, 0xbf, 0xfb, 0x30, 0x00, 0x8f, 0xa9, 0x8a, 0xfc, 0x00, 0x08, 0xf9, 0x00,
    0x0b, 0xf3, 0x00, 0x8f, 0x60, 0x00, 0x8f, 0x40, 0x08, 0xf4, 0x00, 0x08, 0xf4, 0x00, 0x8f, 0x40,
    0x00, 0x8f, 0x40, 0x08, 0xf4, 0x00, 0x08, 0xf4, 0x00, 0x8f, 0x40, 0x00, 0x8f, 0x40, 0x08, 0xf4,
    0x00, 0x08, 0xf4, 0x00, 0x8f, 0x40, 0x00, 0x8f, 0x40, 0x00, 0x00, 0x00, 0x00, 0x00, 0x00, 0x8f,
    0xd1, 0x00, 0x00, 0x0b, 0xf0, 0x8f, 0xf8, 0x00, 0x00, 0x0b, 0xf0, 0x8f, 0xbf, 0x30, 0x00, 0x0b,
    0xf0, 0x8f, 0x5e, 0xc0, 0x00, 0x0b, 0xf0, 0x8f, 0x46, 0xf8, 0x00, 0x0b, 0xf0, 0x8f, 0x40, 0xbe,
    0x20, 0x0b, 0xf0, 0x8f, 0x40, 0x3f, 0xb0, 0x0b, 0xf0, 0x8f, 0x40, 0x08, 0xf6, 0x0b, 0xf0, 0x8f,
    0x40, 0x00, 0xde, 0x1b, 0xf0, 0x8f, 0x40, 0x00, 0x4f, 0x9b, 0xf0, 0x8f, 0x40, 0x00, 0x08, 0xfa,
    0xf0, 0x8f, 0x40, 0x00, 0x01, 0xef, 0xf0, 0x8f, 0x40, 0x00, 0x00, 0x5f, 0xf0, 0x00, 0x00, 0x00,
    0x00, 0x08, 0xf0, 0x00, 0x00, 0x00, 0x00, 0x08, 0xf0, 0x00, 0x00, 0x00, 0x06, 0xbf, 0xd0, 0x00,
    0x00, 0x00, 0x06, 0xb9, 0x30, 0x6b, 0x19, 0xee, 0x91, 0x08, 0xfc, 0x98, 0xbf, 0xb0, 0x8f, 0x70,
    0x00, 0xaf, 0x28, 0xf0, 0x00, 0x05, 0xf4, 0x8f, 0x00, 0x00, 0x4f, 0x48, 0xf0, 0x00, 0x04, 0xf4,
    0x8f, 0x00, 0x00, 0x4f, 0x48, 0xf0, 0x00, 0x04, 0xf4, 0x8f, 0x00, 0x00, 0x4f, 0x48, 0xf0, 0x00,
    0x04, 0xf4, 0x00, 0x00, 0x00, 0x4f, 0x40, 0x00, 0x00, 0x05, 0xf4, 0x00, 0x00, 0x3b, 0xee, 0x10,
    0x00, 0x03, 0xba, 0x40, 0x00, 0x02, 0x44, 0x44, 0x10, 0x00, 0x00, 0x06, 0xbb, 0xbb, 0x30, 0x00,
    0x00, 0x00, 0x00, 0x00, 0x00, 0x00, 0x00, 0x00, 0x24, 0x41, 0x00, 0x00, 0x00, 0x3b, 0xff, 0xff,
    0x91, 0x00, 0x03, 0xee, 0x84, 0x59, 0xfe, 0x10, 0x1e, 0xe3, 0x00, 0x00, 0x5f, 0xb0, 0x7f, 0x60,
    0x00, 0x00, 0x08, 0xf3, 0xbe, 0x00, 0x00, 0x00, 0x03, 0xf8, 0xdb, 0x00, 0x00, 0x00, 0x00, 0xfa,
    0xfb, 0x00, 0x00, 0x00, 0x00, 0xfb, 0xdb, 0x00, 0x00, 0x00, 0x00, 0xf9, 0xae, 0x00, 0x00, 0x00,
    0x03, 0xf8, 0x6f, 0x60, 0x00, 0x00, 0x09, 0xf3, 0x1d, 0xe3, 0x00, 0x00, 0x6f, 0xa0, 0x03, 0xef,
    0x97, 0x8b, 0xfc, 0x10, 0x00, 0x29, 0xff, 0xfe, 0x81, 0x00, 0x00, 0x00, 0x04, 0x30, 0x00, 0x00,
    0x00, 0x00, 0x00, 0x00, 0x00, 0x00, 0x0f, 0xff, 0xfb, 0x00, 0x00, 0x04, 0x44, 0x43, 0x00, 0x00,
    0x00, 0x00, 0x00, 0x00, 0x00, 0x18, 0xdf, 0xc8, 0x00, 0x01, 0xcf, 0x98, 0x9f, 0x90, 0x08, 0xf4,
    0x00, 0x08, 0xf6, 0x0d, 0xc0, 0x00, 0x00, 0xea, 0x0f, 0x80, 0x00, 0x00, 0xbb, 0x0f, 0x80, 0x00,
    0x00, 0xbc, 0x0e, 0xa0, 0x00, 0x00, 0xdb, 0x09, 0xf2, 0x00, 0x04, 0xf7, 0x02, 0xed, 0x54, 0x6e,
    0xc1, 0x00, 0x3c, 0xff, 0xfb, 0x10, 0x00, 0x00, 0x24, 0x10, 0x00, 0x00, 0x09, 0x80, 0x0c, 0x60,
    0x00, 0x00, 0x03, 0xe9, 0xbc, 0x10, 0x00, 0x00, 0x00, 0x28, 0x71, 0x00, 0x00, 0x00, 0x00, 0x24,
    0x41, 0x00, 0x00, 0x00, 0x3b, 0xff, 0xff, 0x91, 0x00, 0x03, 0xee, 0x84, 0x59, 0xfe, 0x10, 0x1e,
    0xe3, 0x00, 0x00, 0x5f, 0xb0, 0x7f, 0x60, 0x00, 0x00, 0x08, 0xf3, 0xbe, 0x00, 0x00, 0x00, 0x03,
    0xf8, 0xdb, 0x00, 0x00, 0x00, 0x00, 0xfa, 0xfb, 0x00, 0x00, 0x00, 0x00, 0xfb, 0xdb, 0x00, 0x00,
    0x00, 0x00, 0xf9, 0xae, 0x00, 0x00, 0x00, 0x03, 0xf8, 0x6f, 0x60, 0x00, 0x00, 0x09, 0xf3, 0x1d,
    0xe3, 0x00, 0x00, 0x6f, 0xa0, 0x03, 0xef, 0x97, 0x8b, 0xfc, 0x10, 0x00, 0x29, 0xff, 0xfe, 0x81,
    0x00, 0x00, 0x00, 0x04, 0x30, 0x00, 0x00, 0x00, 0x2b, 0x00, 0x3a, 0x00, 0x00, 0x0c, 0xa5, 0xc9,
    0x00, 0x00, 0x01, 0x9b, 0x81, 0x00, 0x00, 0x00, 0x00, 0x00, 0x00, 0x00, 0x18, 0xdf, 0xc8, 0x00,
    0x01, 0xcf, 0x98, 0x9f, 0x90, 0x08, 0xf4, 0x00, 0x08, 0xf6, 0x0d, 0xc0, 0x00, 0x00, 0xea, 0x0f,
    0x80, 0x00, 0x00, 0xbb, 0x0f, 0x80, 0x00, 0x00, 0xbc, 0x0e, 0xa0, 0x00, 0x00, 0xdb, 0x09, 0xf2,
    0x00, 0x04, 0xf7, 0x02, 0xed, 0x54, 0x6e, 0xc1, 0x00, 0x3c, 0xff, 0xfb, 0x10, 0x00, 0x00, 0x24,
    0x10, 0x00, 0x00, 0x01, 0xf9, 0x0c, 0xc1, 0x00, 0x00, 0x07, 0xe1, 0x6e, 0x30, 0x00, 0x00, 0x06,
    0x50, 0x75, 0x00, 0x00, 0x00, 0x00, 0x24, 0x41, 0x00, 0x00, 0x00, 0x3b, 0xff, 0xff, 0x91, 0x00,
    0x03, 0xee, 0x84, 0x59, 0xfe, 0x10, 0x1e, 0xe3, 0x00, 0x00, 0x5f, 0xb0, 0x7f, 0x60, 0x00, 0x00,
    0x08, 0xf3, 0xbe, 0x00, 0x00, 0x00, 0x03, 0xf8, 0xdb, 0x00, 0x00, 0x00, 0x00, 0xfa, 0xfb, 0x00,
    0x00, 0x00, 0x00, 0xfb, 0xdb, 0x00, 0x00, 0x00, 0x00, 0xf9, 0xae, 0x00, 0x00, 0x00, 0x03, 0xf8,
    0x6f, 0x60, 0x00, 0x00, 0x09, 0xf3, 0x1d, 0xe3, 0x00, 0x00, 0x6f, 0xa0, 0x03, 0xef, 0x97, 0x8b,
    0xfc, 0x10, 0x00, 0x29, 0xff, 0xfe, 0x81, 0x00, 0x00, 0x00, 0x04, 0x30, 0x00, 0x00, 0x00, 0x06,
    0xb2, 0x3b, 0x60, 0x00, 0x0d, 0xa0, 0xbc, 0x00, 0x00, 0x4f, 0x25, 0xe2, 0x00, 0x00, 0x00, 0x00,
    0x00, 0x00, 0x00, 0x18, 0xdf, 0xc8, 0x00, 0x01, 0xcf, 0x98, 0x9f, 0x90, 0x08, 0xf4, 0x00, 0x08,
    0xf6, 0x0d, 0xc0, 0x00, 0x00, 0xea, 0x0f, 0x80, 0x00, 0x00, 0xbb, 0x0f, 0x80, 0x00, 0x00, 0xbc,
    0x0e, 0xa0, 0x00, 0x00, 0xdb, 0x09, 0xf2, 0x00, 0x04, 0xf7, 0x02, 0xed, 0x54, 0x6e, 0xc1, 0x00,
    0x3c, 0xff, 0xfb, 0x10, 0x00, 0x00, 0x24, 0x10, 0x00, 0x00, 0x00, 0x00, 0x00, 0x00, 0x00, 0x00,
    0x00, 0x00, 0x19, 0xef, 0xff, 0xff, 0xff, 0xff, 0xfb, 0x03, 0xef, 0x98, 0x89, 0xfb, 0x88, 0x88,
    0x86, 0x0c, 0xe3, 0x00, 0x04, 0xf8, 0x00, 0x00, 0x00, 0x6f, 0x60, 0x00, 0x04, 0xf8, 0x00, 0x00,
    0x00, 0xae, 0x00, 0x00, 0x04, 0xf8, 0x00, 0x00, 0x00, 0xdb, 0x00, 0x00, 0x04, 0xf9, 0x44, 0x44,
    0x42, 0xfb, 0x00, 0x00, 0x04, 0xff, 0xff, 0xff, 0xf8, 0xdb, 0x00, 0x00, 0x04, 0xf9, 0x44, 0x44,
    0x42, 0xaf, 0x00, 0x00, 0x04, 0xf8, 0x00, 0x00, 0x00, 0x6f, 0x70, 0x00, 0x04, 0xf8, 0x00, 0x00,
    0x00, 0x0c, 0xe4, 0x00, 0x04, 0xf8, 0x00, 0x00, 0x00, 0x01, 0xcf, 0xb8, 0x89, 0xfb, 0x88, 0x88,
    0x88, 0x00, 0x18, 0xcf, 0xff, 0xff, 0xff, 0xff, 0xff, 0x00, 0x18, 0xdf, 0xc8, 0x00, 0x4b, 0xfe,
    0x92, 0x00, 0x01, 0xcf, 0x98, 0x9f, 0x96, 0xfb, 0x88, 0xee, 0x20, 0x08, 0xf4, 0x00, 0x08, 0xff,
    0xa0, 0x00, 0x3e, 0x90, 0x0d, 0xc0, 0x00, 0x00, 0xef, 0x20, 0x00, 0x09, 0xf0, 0x0f, 0x80, 0x00,
    0x00, 0xbf, 0xbb, 0xbb, 0xbd, 0xf0, 0x0f, 0x80, 0x00, 0x00, 0xbf, 0x88, 0x88, 0x88, 0x80, 0x0e,
    0xa0, 0x00, 0x00, 0xdf, 0x20, 0x00, 0x00, 0x00, 0x09, 0xf2, 0x00, 0x04, 0xff, 0x80, 0x00, 0x08,
    0x70, 0x02, 0xed, 0x54, 0x6e, 0xc9, 0xf9, 0x44, 0x9f, 0x80, 0x00, 0x3c, 0xff, 0xfb, 0x10, 0x8e,
    0xff, 0xf8, 0x00, 0x00, 0x00, 0x24, 0x10, 0x00, 0x00, 0x44, 0x00, 0x00, 0x00, 0x00, 0x1e, 0xb0,
    0x00, 0x00, 0x00, 0x07, 0xe2, 0x00, 0x00, 0x00, 0x00, 0x65, 0x00, 0x00, 0x00, 0x00, 0x00, 0x00,
    0x00, 0x00, 0x8f, 0xff, 0xff, 0xe9, 0x10, 0x08, 0xf7, 0x44, 0x89, 0xfc, 0x00, 0x8f, 0x40, 0x00,
    0x08, 0xf5, 0x08, 0xf4, 0x00, 0x00, 0x4f, 0x80, 0x8f, 0x40, 0x00, 0x04, 0xf8, 0x08, 0xf4, 0x00,
    0x00, 0x9f, 0x40, 0x8f, 0x98, 0x88, 0xcf, 0xb0, 0x08, 0xff, 0xff, 0xff, 0x80, 0x00, 0x8f, 0x40,
    0x04, 0xf9, 0x00, 0x08, 0xf4, 0x00, 0x0b, 0xf2, 0x00, 0x8f, 0x40, 0x00, 0x4f, 0xa0, 0x08, 0xf4,
    0x00, 0x00, 0xbf, 0x40, 0x8f, 0x40, 0x00, 0x02, 0xfb, 0x00, 0x00, 0x09, 0x90, 0x00, 0x4f, 0x40,
    0x00, 0xb8, 0x00, 0x00, 0x00, 0x00, 0x6b, 0x3b, 0xf4, 0x8f, 0xdb, 0x82, 0x8f, 0x70, 0x00, 0x8f,
    0x00, 0x00, 0x8f, 0x00, 0x00, 0x8f, 0x00, 0x00, 0x8f, 0x00, 0x00, 0x8f, 0x00, 0x00, 0x8f, 0x00,
    0x00, 0x8f, 0x00, 0x00, 0x00, 0x00, 0x00, 0x00, 0x00, 0x08, 0xff, 0xff, 0xfe, 0x91, 0x00, 0x8f,
    0x74, 0x48, 0x9f, 0xc0, 0x08, 0xf4, 0x00, 0x00, 0x8f, 0x50, 0x8f, 0x40, 0x00, 0x04, 0xf8, 0x08,
    0xf4, 0x00, 0x00, 0x4f, 0x80, 0x8f, 0x40, 0x00, 0x09, 0xf4, 0x08, 0xf9, 0x88, 0x8c, 0xfb, 0x00,
    0x8f, 0xff, 0xff, 0xf8, 0x00, 0x08, 0xf4, 0x00, 0x4f, 0x90, 0x00, 0x8f, 0x40, 0x00, 0xbf, 0x20,
    0x08, 0xf4, 0x00, 0x04, 0xfa, 0x00, 0x8f, 0x40, 0x00, 0x0b, 0xf4, 0x08, 0xf4, 0x00, 0x00, 0x2f,
    0xb0, 0x00, 0x00, 0x00, 0x00, 0x00, 0x00, 0x00, 0x0f, 0x90, 0x00, 0x00, 0x00, 0x03, 0xf3, 0x00,
    0x00, 0x00, 0x00, 0x7d, 0x00, 0x00, 0x00, 0x00, 0x02, 0x30, 0x00, 0x00, 0x00, 0x06, 0xb3, 0xbf,
    0x40, 0x8f, 0xdb, 0x82, 0x08, 0xf7, 0x00, 0x00, 0x8f, 0x00, 0x00, 0x08, 0xf0, 0x00, 0x00, 0x8f,
    0x00, 0x00, 0x08, 0xf0, 0x00, 0x00, 0x8f, 0x00, 0x00, 0x08, 0xf0, 0x00, 0x00, 0x8f, 0x00, 0x00,
    0x00, 0x00, 0x00, 0x00, 0xbc, 0x00, 0x00, 0x0f, 0x70, 0x00, 0x03, 0xf2, 0x00, 0x00, 0x14, 0x00,
    0x00, 0x00, 0x00, 0xbc, 0x16, 0xe3, 0x00, 0x00, 0x01, 0xca, 0xf6, 0x00, 0x00, 0x00, 0x01, 0x85,
    0x00, 0x00, 0x00, 0x00, 0x00, 0x00, 0x00, 0x00, 0x8f, 0xff, 0xff, 0xe9, 0x10, 0x08, 0xf7, 0x44,
    0x89, 0xfc, 0x00, 0x8f, 0x40, 0x00, 0x08, 0xf5, 0x08, 0xf4, 0x00, 0x00, 0x4f, 0x80, 0x8f, 0x40,
    0x00, 0x04, 0xf8, 0x08, 0xf4, 0x00, 0x00, 0x9f, 0x40, 0x8f, 0x98, 0x88, 0xcf, 0xb0, 0x08, 0xff,
    0xff, 0xff, 0x80, 0x00, 0x8f, 0x40, 0x04, 0xf9, 0x00, 0x08, 0xf4, 0x00, 0x0b, 0xf2, 0x00, 0x8f,
    0x40, 0x00, 0x4f, 0xa0, 0x08, 0xf4, 0x00, 0x00, 0xbf, 0x40, 0x8f, 0x40, 0x00, 0x02, 0xfb, 0x00,
    0x09, 0x80, 0x3b, 0x40, 0x3e, 0x8d, 0x90, 0x00, 0x3b, 0x80, 0x00, 0x00, 0x00, 0x00, 0x06, 0xb3,
    0xbf, 0x40, 0x8f, 0xdb, 0x82, 0x08, 0xf7, 0x00, 0x00, 0x8f, 0x00, 0x00, 0x08, 0xf0, 0x00, 0x00,
    0x8f, 0x00, 0x00, 0x08, 0xf0, 0x00, 0x00, 0x8f, 0x00, 0x00, 0x08, 0xf0, 0x00, 0x00, 0x8f, 0x00,
    0x00, 0x00, 0x00, 0x0d, 0xb0, 0x00, 0x00, 0x00, 0x6e, 0x20, 0x00, 0x00, 0x00, 0x65, 0x00, 0x00,
    0x00, 0x02, 0x44, 0x10, 0x00, 0x03, 0xbf, 0xff, 0xf9, 0x10, 0x1e, 0xe7, 0x44, 0x8f, 0xc0, 0x7f,
    0x40, 0x00, 0x08, 0xf4, 0x8f, 0x00, 0x00, 0x01, 0x41, 0x7f, 0x90, 0x00, 0x00, 0x00, 0x0b, 0xfd,
    0x85, 0x00, 0x00, 0x00, 0x6b, 0xff, 0xe8, 0x10, 0x00, 0x00, 0x15, 0xaf, 0xc1, 0x00, 0x00, 0x00,
    0x07, 0xf6, 0x86, 0x00, 0x00, 0x01, 0xf8, 0xce, 0x10, 0x00, 0x07, 0xf6, 0x5f, 0xd7, 0x45, 0x9f,
    0xc0, 0x05, 0xdf, 0xff, 0xf9, 0x10, 0x00, 0x02, 0x44, 0x00, 0x00, 0x00, 0x00, 0x08, 0xa0, 0x00,
    0x00, 0x02, 0xf6, 0x00, 0x00, 0x00, 0x9b, 0x00, 0x00, 0x00, 0x00, 0x00, 0x00, 0x00, 0x5b, 0xfe,
    0xa2, 0x00, 0x5f, 0xb8, 0x8e, 0xe1, 0x0b, 0xd0, 0x00, 0x39, 0x30, 0xaf, 0x30, 0x00, 0x00, 0x03,
    0xef, 0xc8, 0x50, 0x00, 0x02, 0x7b, 0xff, 0xc1, 0x00, 0x00, 0x00, 0x8f, 0x70, 0x87, 0x00, 0x01,
    0xf8, 0x0b, 0xf7, 0x44, 0xbf, 0x40, 0x1b, 0xff, 0xfe, 0x60, 0x00, 0x01, 0x43, 0x00, 0x00, 0x00,
    0x06, 0xfc, 0x10, 0x00, 0x00, 0x5f, 0x5b, 0xc1, 0x00, 0x00, 0x75, 0x01, 0x83, 0x00, 0x00, 0x02,
    0x44, 0x10, 0x00, 0x03, 0xbf, 0xff, 0xf9, 0x10, 0x1e, 0xe7, 0x44, 0x8f, 0xc0, 0x7f, 0x40, 0x00,
    0x08, 0xf4, 0x8f, 0x00, 0x00, 0x01, 0x41, 0x7f, 0x90, 0x00, 0x00, 0x00, 0x0b, 0xfd, 0x85, 0x00,
    0x00, 0x00, 0x6b, 0xff, 0xe8, 0x10, 0x00, 0x00, 0x15, 0xaf, 0xc1, 0x00, 0x00, 0x00, 0x07, 0xf6,
    0x86, 0x00, 0x00, 0x01, 0xf8, 0xce, 0x10, 0x00, 0x07, 0xf6, 0x5f, 0xd7, 0x45, 0x9f, 0xc0, 0x05,
    0xdf, 0xff, 0xf9, 0x10, 0x00, 0x02, 0x44, 0x00, 0x00, 0x00, 0x03, 0xba, 0x00, 0x00, 0x01, 0xc9,
    0xc9, 0x00, 0x00, 0x8a, 0x03, 0xb6, 0x00, 0x00, 0x00, 0x00, 0x00, 0x00, 0x5b, 0xfe, 0xa2, 0x00,
    0x5f, 0xb8, 0x8e, 0xe1, 0x0b, 0xd0, 0x00, 0x39, 0x30, 0xaf, 0x30, 0x00, 0x00, 0x03, 0xef, 0xc8,
    0x50, 0x00, 0x02, 0x7b, 0xff, 0xc1, 0x00, 0x00, 0x00, 0x8f, 0x70, 0x87, 0x00, 0x01, 0xf8, 0x0b,
    0xf7, 0x44, 0xbf, 0x40, 0x1b, 0xff, 0xfe, 0x60, 0x00, 0x01, 0x43, 0x00, 0x00, 0x00, 0x02, 0x44,
    0x10, 0x00, 0x03, 0xbf, 0xff, 0xf9, 0x10, 0x1e, 0xe7, 0x44, 0x8f, 0xc0, 0x7f, 0x40, 0x00, 0x08,
    0xf4, 0x8f, 0x00, 0x00, 0x01, 0x41, 0x7f, 0x90, 0x00, 0x00, 0x00, 0x0b, 0xfd, 0x85, 0x00, 0x00,
    0x00, 0x6b, 0xff, 0xe8, 0x10, 0x00, 0x00, 0x15, 0xaf, 0xc1, 0x00, 0x00, 0x00, 0x07, 0xf6, 0x86,
    0x00, 0x00, 0x01, 0xf8, 0xce, 0x10, 0x00, 0x07, 0xf6, 0x5f, 0xd7, 0x45, 0x9f, 0xc0, 0x05, 0xdf,
    0xff, 0xf9, 0x10, 0x00, 0x02, 0xc9, 0x00, 0x00, 0x00, 0x00, 0x6b, 0xa0, 0x00, 0x00, 0x01, 0x48,
    0xd0, 0x00, 0x00, 0x03, 0xb9, 0x30, 0x00, 0x00, 0x5b, 0xfe, 0xa2, 0x00, 0x5f, 0xb8, 0x8e, 0xe1,
    0x0b, 0xd0, 0x00, 0x39, 0x30, 0xaf, 0x30, 0x00, 0x00, 0x03, 0xef, 0xc8, 0x50, 0x00, 0x02, 0x7b,
    0xff, 0xc1, 0x00, 0x00, 0x00, 0x8f, 0x70, 0x87, 0x00, 0x01, 0xf8, 0x0b, 0xf7, 0x44, 0xbf, 0x40,
    0x1b, 0xff, 0xfe, 0x60, 0x00, 0x01, 0xc8, 0x00, 0x00, 0x00, 0x06, 0xbb, 0x00, 0x00, 0x01, 0x48,
    0xe0, 0x00, 0x00, 0x3b, 0x94, 0x00, 0x00, 0xac, 0x16, 0xf4, 0x00, 0x00, 0x1c, 0xbe, 0x60, 0x00,
    0x00, 0x01, 0x85, 0x00, 0x00, 0x00, 0x02, 0x44, 0x10, 0x00, 0x03, 0xbf, 0xff, 0xf9, 0x10, 0x1e,
    0xe7, 0x44, 0x8f, 0xc0, 0x7f, 0x40, 0x00, 0x08, 0xf4, 0x8f, 0x00, 0x00, 0x01, 0x41, 0x7f, 0x90,
    0x00, 0x00, 0x00, 0x0b, 0xfd, 0x85, 0x00, 0x00, 0x00, 0x6b, 0xff, 0xe8, 0x10, 0x00, 0x00, 0x15,
    0xaf, 0xc1, 0x00, 0x00, 0x00, 0x07, 0xf6, 0x86, 0x00, 0x00, 0x01, 0xf8, 0xce, 0x10, 0x00, 0x07,
    0xf6, 0x5f, 0xd7, 0x45, 0x9f, 0xc0, 0x05, 0xdf, 0xff, 0xf9, 0x10, 0x00, 0x02, 0x44, 0x00, 0x00,
    0x00, 0x89, 0x02, 0xb6, 0x00, 0x01, 0xd9, 0xc9, 0x00, 0x00, 0x03, 0xba, 0x10, 0x00, 0x00, 0x00,
    0x00, 0x00, 0x00, 0x5b, 0xfe, 0xa2, 0x00, 0x5f, 0xb8, 0x8e, 0xe1, 0x0b, 0xd0, 0x00, 0x39, 0x30,
    0xaf, 0x30, 0x00, 0x00, 0x03, 0xef, 0xc8, 0x50, 0x00, 0x02, 0x7b, 0xff, 0xc1, 0x00, 0x00, 0x00,
    0x8f, 0x70, 0x87, 0x00, 0x01, 0xf8, 0x0b, 0xf7, 0x44, 0xbf, 0x40, 0x1b, 0xff, 0xfe, 0x60, 0x00,
    0x01, 0x43, 0x00, 0x00, 0x00, 0x00, 0x00, 0x00, 0x00, 0x04, 0xff, 0xff, 0xff, 0xff, 0xfb, 0x28,
    0x88, 0x8f, 0xd8, 0x88, 0x60, 0x00, 0x00, 0xfb, 0x00, 0x00, 0x00, 0x00, 0x0f, 0xb0, 0x00, 0x00,
    0x00, 0x00, 0xfb, 0x00, 0x00, 0x00, 0x00, 0x0f, 0xb0, 0x00, 0x00, 0x00, 0x00, 0xfb, 0x00, 0x00,
    0x00, 0x00, 0x0f, 0xb0, 0x00, 0x00, 0x00, 0x00, 0xfb, 0x00, 0x00, 0x00, 0x00, 0x0f, 0xb0, 0x00,
    0x00, 0x00, 0x00, 0xfb, 0x00, 0x00, 0x00, 0x00, 0x0f, 0xb0, 0x00, 0x00, 0x00, 0x00, 0xfb, 0x00,
    0x00, 0x00, 0x00, 0x0b, 0x70, 0x00, 0x00, 0x00, 0x00, 0x6b, 0xb0, 0x00, 0x00, 0x00, 0x14, 0x8e,
    0x00, 0x00, 0x00, 0x03, 0xb9, 0x40, 0x00, 0x01, 0x41, 0x00, 0x04, 0xf4, 0x00, 0x04, 0xf4, 0x00,
    0x8c, 0xfc, 0xb3, 0x69, 0xf9, 0x82, 0x04, 0xf4, 0x00, 0x04, 0xf4, 0x00, 0x04, 0xf4, 0x00, 0x04,
    0xf4, 0x00, 0x04, 0xf4, 0x00, 0x04, 0xf4, 0x00, 0x03, 0xf9, 0x41, 0x00, 0x8f, 0xf7, 0x00, 0x0b,
    0x70, 0x00, 0x06, 0xba, 0x00, 0x14, 0x8d, 0x00, 0x3b, 0x93, 0x00, 0x09, 0xd1, 0x5f, 0x60, 0x00,
    0x00, 0x0c, 0xce, 0x60, 0x00, 0x00, 0x00, 0x18, 0x60, 0x00, 0x00, 0x00, 0x00, 0x00, 0x00, 0x00,
    0x4f, 0xff, 0xff, 0xff, 0xff, 0xb2, 0x88, 0x88, 0xfd, 0x88, 0x86, 0x00, 0x00, 0x0f, 0xb0, 0x00,
    0x00, 0x00, 0x00, 0xfb, 0x00, 0x00, 0x00, 0x00, 0x0f, 0xb0, 0x00, 0x00, 0x00, 0x00, 0xfb, 0x00,
    0x00, 0x00, 0x00, 0x0f, 0xb0, 0x00, 0x00, 0x00, 0x00, 0xfb, 0x00, 0x00, 0x00, 0x00, 0x0f, 0xb0,
    0x00, 0x00, 0x00, 0x00, 0xfb, 0x00, 0x00, 0x00, 0x00, 0x0f, 0xb0, 0x00, 0x00, 0x00, 0x00, 0xfb,
    0x00, 0x00, 0x00, 0x00, 0x0f, 0xb0, 0x00, 0x00, 0x00, 0x00, 0x33, 0x00, 0x00, 0xbb, 0x01, 0x41,
    0xb8, 0x04, 0xf4, 0xb8, 0x04, 0xf4, 0x00, 0x8c, 0xfc, 0xb3, 0x69, 0xf9, 0x82, 0x04, 0xf4, 0x00,
    0x04, 0xf4, 0x00, 0x04, 0xf4, 0x00, 0x04, 0xf4, 0x00, 0x04, 0xf4, 0x00, 0x04, 0xf4, 0x00, 0x03,
    0xf9, 0x41, 0x00, 0x8f, 0xf7, 0x00, 0x00, 0x00, 0x00, 0x00, 0x00, 0x00, 0x00, 0x04, 0xff, 0xff,
    0xff, 0xff, 0xfb, 0x28, 0x88, 0x8f, 0xd8, 0x88, 0x60, 0x00, 0x00, 0xfb, 0x00, 0x00, 0x00, 0x00,
    0x0f, 0xb0, 0x00, 0x00, 0x00, 0x00, 0xfb, 0x00, 0x00, 0x00, 0x68, 0x8f, 0xd8, 0x84, 0x00, 0x0b,
    0xff, 0xff, 0xff, 0x80, 0x00, 0x00, 0x0f, 0xb0, 0x00, 0x00, 0x00, 0x00, 0xfb, 0x00, 0x00, 0x00,
    0x00, 0x0f, 0xb0, 0x00, 0x00, 0x00, 0x00, 0xfb, 0x00, 0x00, 0x00, 0x00, 0x0f, 0xb0, 0x00, 0x00,
    0x00, 0x00, 0xfb, 0x00, 0x00, 0x01, 0x41, 0x00, 0x04, 0xf4, 0x00, 0x04, 0xf4, 0x00, 0x8c, 0xfc,
    0xb3, 0x69, 0xf9, 0x82, 0x04, 0xf4, 0x00, 0x69, 0xf9, 0x82, 0x8c, 0xfc, 0xb3, 0x04, 0xf4, 0x00,
    0x04, 0xf4, 0x00, 0x04, 0xf4, 0x00, 0x03, 0xf9, 0x41, 0x00, 0x8f, 0xf7, 0x00, 0x00, 0x00, 0x00,
    0x03, 0xa6, 0x09, 0x30, 0x00, 0x00, 0xba, 0xbf, 0xe1, 0x00, 0x00, 0x03, 0x10, 0x31, 0x00, 0x00,
    0x00, 0x00, 0x00, 0x00, 0x00, 0x8f, 0x40, 0x00, 0x00, 0x0b, 0xb8, 0xf4, 0x00, 0x00, 0x00, 0xbb,
    0x8f, 0x40, 0x00, 0x00, 0x0b, 0xb8, 0xf4, 0x00, 0x00, 0x00, 0xbb, 0x8f, 0x40, 0x00, 0x00, 0x0b,
    0xb8, 0xf4, 0x00, 0x00, 0x00, 0xbb, 0x8f, 0x40, 0x00, 0x00, 0x0b, 0xb8, 0xf4, 0x00, 0x00, 0x00,
    0xbb, 0x8f, 0x40, 0x00, 0x00, 0x0c, 0xb5, 0xf7, 0x00, 0x00, 0x01, 0xfb, 0x1e, 0xd1, 0x00, 0x00,
    0x9f, 0x60, 0x6f, 0xe8, 0x47, 0xbf, 0xc0, 0x00, 0x5d, 0xff, 0xfe, 0x81, 0x00, 0x00, 0x02, 0x43,
    0x00, 0x00, 0x00, 0x36, 0x11, 0x30, 0x00, 0x1e, 0xce, 0xca, 0x00, 0x02, 0x70, 0x38, 0x10, 0x00,
    0x00, 0x00, 0x00, 0x00, 0x6b, 0x00, 0x00, 0x3b, 0x38, 0xf0, 0x00, 0x04, 0xf4, 0x8f, 0x00, 0x00,
    0x4f, 0x48, 0xf0, 0x00, 0x04, 0xf4, 0x8f, 0x00, 0x00, 0x4f, 0x48, 0xf0, 0x00, 0x04, 0xf4, 0x8f,
    0x00, 0x00, 0x6f, 0x48, 0xf4, 0x00, 0x0a, 0xf4, 0x2f, 0xe6, 0x5a, 0xbf, 0x40, 0x6e, 0xff, 0x95,
    0xf4, 0x00, 0x00, 0x00, 0x00, 0x00, 0x00, 0x03, 0x44, 0x44, 0x10, 0x00, 0x00, 0x8b, 0xbb, 0xb3,
    0x00, 0x00, 0x00, 0x00, 0x00, 0x00, 0x00, 0x00, 0x00, 0x00, 0x00, 0x00, 0x8f, 0x40, 0x00, 0x00,
    0x0b, 0xb8, 0xf4, 0x00, 0x00, 0x00, 0xbb, 0x8f, 0x40, 0x00, 0x00, 0x0b, 0xb8, 0xf4, 0x00, 0x00,
    0x00, 0xbb, 0x8f, 0x40, 0x00, 0x00, 0x0b, 0xb8, 0xf4, 0x00, 0x00, 0x00, 0xbb, 0x8f, 0x40, 0x00,
    0x00, 0x0b, 0xb8, 0xf4, 0x00, 0x00, 0x00, 0xbb, 0x8f, 0x40, 0x00, 0x00, 0x0c, 0xb5, 0xf7, 0x00,
    0x00, 0x01, 0xfb, 0x1e, 0xd1, 0x00, 0x00, 0x9f, 0x60, 0x6f, 0xe8, 0x47, 0xbf, 0xc0, 0x00, 0x5d,
    0xff, 0xfe, 0x81, 0x00, 0x00, 0x02, 0x43, 0x00, 0x00, 0x00, 0x00, 0x00, 0x00, 0x00, 0x0f, 0xff,
    0xfb, 0x00, 0x00, 0x44, 0x44, 0x30, 0x00, 0x00, 0x00, 0x00, 0x00, 0x6b, 0x00, 0x00, 0x3b, 0x38,
    0xf0, 0x00, 0x04, 0xf4, 0x8f, 0x00, 0x00, 0x4f, 0x48, 0xf0, 0x00, 0x04, 0xf4, 0x8f, 0x00, 0x00,
    0x4f, 0x48, 0xf0, 0x00, 0x04, 0xf4, 0x8f, 0x00, 0x00, 0x6f, 0x48, 0xf4, 0x00, 0x0a, 0xf4, 0x2f,
    0xe6, 0x5a, 0xbf, 0x40, 0x6e, 0xff, 0x95, 0xf4, 0x00, 0x00, 0x00, 0x00, 0x00, 0x00, 0x0b, 0x60,
    0x1f, 0x30, 0x00, 0x00, 0x5e, 0x9d, 0xb0, 0x00, 0x00, 0x00, 0x48, 0x60, 0x00, 0x00, 0x00, 0x00,
    0x00, 0x00, 0x00, 0x8f, 0x40, 0x00, 0x00, 0x0b, 0xb8, 0xf4, 0x00, 0x00, 0x00, 0xbb, 0x8f, 0x40,
    0x00, 0x00, 0x0b, 0xb8, 0xf4, 0x00, 0x00, 0x00, 0xbb, 0x8f, 0x40, 0x00, 0x00, 0x0b, 0xb8, 0xf4,
    0x00, 0x00, 0x00, 0xbb, 0x8f, 0x40, 0x00, 0x00, 0x0b, 0xb8, 0xf4, 0x00, 0x00, 0x00, 0xbb, 0x8f,
    0x40, 0x00, 0x00, 0x0c, 0xb5, 0xf7, 0x00, 0x00, 0x01, 0xfb, 0x1e, 0xd1, 0x00, 0x00, 0x9f, 0x60,
    0x6f, 0xe8, 0x47, 0xbf, 0xc0, 0x00, 0x5d, 0xff, 0xfe, 0x81, 0x00, 0x00, 0x02, 0x43, 0x00, 0x00,
    0x03, 0xb0, 0x04, 0x80, 0x00, 0x0d, 0xa5, 0xc8, 0x00, 0x00, 0x2a, 0xb8, 0x00, 0x00, 0x00, 0x00,
    0x00, 0x00, 0x6b, 0x00, 0x00, 0x3b, 0x38, 0xf0, 0x00, 0x04, 0xf4, 0x8f, 0x00, 0x00, 0x4f, 0x48,
    0xf0, 0x00, 0x04, 0xf4, 0x8f, 0x00, 0x00, 0x4f, 0x48, 0xf0, 0x00, 0x04, 0xf4, 0x8f, 0x00, 0x00,
    0x6f, 0x48, 0xf4, 0x00, 0x0a, 0xf4, 0x2f, 0xe6, 0x5a, 0xbf, 0x40, 0x6e, 0xff, 0x95, 0xf4, 0x00,
    0x00, 0x00, 0x00, 0x00, 0x00, 0x00, 0x8f, 0xc3, 0x00, 0x00, 0x00, 0x7d, 0x48, 0xd0, 0x00, 0x00,
    0x08, 0x90, 0x5f, 0x00, 0x00, 0x00, 0x3e, 0xbe, 0x80, 0x00, 0x00, 0x00, 0x28, 0x50, 0x00, 0x08,
    0xf4, 0x00, 0x00, 0x00, 0xbb, 0x8f, 0x40, 0x00, 0x00, 0x0b, 0xb8, 0xf4, 0x00, 0x00, 0x00, 0xbb,
    0x8f, 0x40, 0x00, 0x00, 0x0b, 0xb8, 0xf4, 0x00, 0x00, 0x00, 0xbb, 0x8f, 0x40, 0x00, 0x00, 0x0b,
    0xb8, 0xf4, 0x00, 0x00, 0x00, 0xbb, 0x8f, 0x40, 0x00, 0x00, 0x0b, 0xb8, 0xf4, 0x00, 0x00, 0x00,
    0xcb, 0x5f, 0x70, 0x00, 0x00, 0x1f, 0xb1, 0xed, 0x10, 0x00, 0x09, 0xf6, 0x06, 0xfe, 0x84, 0x7b,
    0xfc, 0x00, 0x05, 0xdf, 0xff, 0xe8, 0x10, 0x00, 0x00, 0x24, 0x30, 0x00, 0x00, 0x00, 0x3a, 0xb8,
    0x00, 0x00, 0x0c, 0x95, 0xd7, 0x00, 0x00, 0xf4, 0x08, 0x80, 0x00, 0x08, 0xd8, 0xf4, 0x00, 0x00,
    0x06, 0x84, 0x00, 0x06, 0xb0, 0x00, 0x03, 0xb3, 0x8f, 0x00, 0x00, 0x4f, 0x48, 0xf0, 0x00, 0x04,
    0xf4, 0x8f, 0x00, 0x00, 0x4f, 0x48, 0xf0, 0x00, 0x04, 0xf4, 0x8f, 0x00, 0x00, 0x4f, 0x48, 0xf0,
    0x00, 0x06, 0xf4, 0x8f, 0x40, 0x00, 0xaf, 0x42, 0xfe, 0x65, 0xab, 0xf4, 0x06, 0xef, 0xf9, 0x5f,
    0x40, 0x00, 0x00, 0x00, 0x00, 0x00, 0x04, 0xf7, 0x1e, 0xa0, 0x00, 0x00, 0x9d, 0x08, 0xd1, 0x00,
    0x00, 0x08, 0x30, 0x83, 0x00, 0x00, 0x00, 0x00, 0x00, 0x00, 0x00, 0x8f, 0x40, 0x00, 0x00, 0x0b,
    0xb8, 0xf4, 0x00, 0x00, 0x00, 0xbb, 0x8f, 0x40, 0x00, 0x00, 0x0b, 0xb8, 0xf4, 0x00, 0x00, 0x00,
    0xbb, 0x8f, 0x40, 0x00, 0x00, 0x0b, 0xb8, 0xf4, 0x00, 0x00, 0x00, 0xbb, 0x8f, 0x40, 0x00, 0x00,
    0x0b, 0xb8, 0xf4, 0x00, 0x00, 0x00, 0xbb, 0x8f, 0x40, 0x00, 0x00, 0x0c, 0xb5, 0xf7, 0x00, 0x00,
    0x01, 0xfb, 0x1e, 0xd1, 0x00, 0x00, 0x9f, 0x60, 0x6f, 0xe8, 0x47, 0xbf, 0xc0, 0x00, 0x5d, 0xff,
    0xfe, 0x81, 0x00, 0x00, 0x02, 0x43, 0x00, 0x00, 0x00, 0x7b, 0x14, 0xb5, 0x00, 0x0d, 0x90, 0xcb,
    0x00, 0x05, 0xe1, 0x6e, 0x10, 0x00, 0x00, 0x00, 0x00, 0x00, 0x6b, 0x00, 0x00, 0x3b, 0x38, 0xf0,
    0x00, 0x04, 0xf4, 0x8f, 0x00, 0x00, 0x4f, 0x48, 0xf0, 0x00, 0x04, 0xf4, 0x8f, 0x00, 0x00, 0x4f,
    0x48, 0xf0, 0x00, 0x04, 0xf4, 0x8f, 0x00, 0x00, 0x6f, 0x48, 0xf4, 0x00, 0x0a, 0xf4, 0x2f, 0xe6,
    0x5a, 0xbf, 0x40, 0x6e, 0xff, 0x95, 0xf4, 0x00, 0x00, 0x00, 0x00, 0x00, 0x00, 0x00, 0x00, 0x00,
    0x00, 0x08, 0xf4, 0x00, 0x00, 0x00, 0xbb, 0x8f, 0x40, 0x00, 0x00, 0x0b, 0xb8, 0xf4, 0x00, 0x00,
    0x00, 0xbb, 0x8f, 0x40, 0x00, 0x00, 0x0b, 0xb8, 0xf4, 0x00, 0x00, 0x00, 0xbb, 0x8f, 0x40, 0x00,
    0x00, 0x0b, 0xb8, 0xf4, 0x00, 0x00, 0x00, 0xbb, 0x8f, 0x40, 0x00, 0x00, 0x0b, 0xb8, 0xf4, 0x00,
    0x00, 0x00, 0xcb, 0x5f, 0x70, 0x00, 0x00, 0x1f, 0xb1, 0xed, 0x10, 0x00, 0x09, 0xf7, 0x06, 0xfe,
    0x84, 0x7b, 0xfc, 0x00, 0x05, 0xdf, 0xff, 0xf8, 0x10, 0x00, 0x00, 0x3d, 0xb2, 0x00, 0x00, 0x00,
    0x0a, 0xc0, 0x00, 0x00, 0x00, 0x00, 0xbe, 0x85, 0x00, 0x00, 0x00, 0x03, 0xab, 0x70, 0x00, 0x6b,
    0x00, 0x00, 0x3b, 0x38, 0xf0, 0x00, 0x04, 0xf4, 0x8f, 0x00, 0x00, 0x4f, 0x48, 0xf0, 0x00, 0x04,
    0xf4, 0x8f, 0x00, 0x00, 0x4f, 0x48, 0xf0, 0x00, 0x04, 0xf4, 0x8f, 0x00, 0x00, 0x6f, 0x48, 0xf4,
    0x00, 0x0a, 0xf4, 0x2f, 0xe6, 0x5a, 0xbf, 0x40, 0x6e, 0xff, 0x95, 0xf4, 0x00, 0x00, 0x03, 0xe9,
    0x00, 0x00, 0x00, 0xac, 0x00, 0x00, 0x00, 0x0b, 0xe8, 0x60, 0x00, 0x00, 0x3a, 0xb7, 0x00, 0x00,
    0x00, 0x06, 0xfe, 0x20, 0x00, 0x00, 0x00, 0x00, 0x00, 0x00, 0x3e, 0x69, 0xc1, 0x00, 0x00, 0x00,
    0x00, 0x00, 0x00, 0x77, 0x01, 0x85, 0x00, 0x00, 0x00, 0x00, 0x00, 0x00, 0x00, 0x00, 0x00, 0x00,
    0x00, 0x00, 0x6f, 0x50, 0x00, 0x04, 0xff, 0x00, 0x00, 0x09, 0xf2, 0x2f, 0x80, 0x00, 0x08, 0xff,
    0x40, 0x00, 0x0d, 0xd0, 0x0c, 0xc0, 0x00, 0x0b, 0xbf, 0x80, 0x00, 0x2f, 0x80, 0x08, 0xf1, 0x00,
    0x1f, 0x8c, 0xb0, 0x00, 0x6f, 0x50, 0x05, 0xf6, 0x00, 0x5f, 0x48, 0xf0, 0x00, 0x9f, 0x00, 0x00,
    0xf9, 0x00, 0x8f, 0x05, 0xf5, 0x00, 0xdb, 0x00, 0x00, 0xbd, 0x00, 0xcb, 0x00, 0xf8, 0x02, 0xf7,
    0x00, 0x00, 0x7f, 0x21, 0xf7, 0x00, 0xbc, 0x06, 0xf3, 0x00, 0x00, 0x3f, 0x66, 0xf3, 0x00, 0x7f,
    0x19, 0xe0, 0x00, 0x00, 0x0e, 0x98, 0xe0, 0x00, 0x3f, 0x5d, 0x90, 0x00, 0x00, 0x09, 0xcc, 0x90,
    0x00, 0x0e, 0x9f, 0x60, 0x00, 0x00, 0x06, 0xff, 0x60, 0x00, 0x09, 0xff, 0x20, 0x00, 0x00, 0x02,
    0xff, 0x20, 0x00, 0x06, 0xfc, 0x00, 0x00, 0x00, 0x00, 0x00, 0x8b, 0x50, 0x00, 0x00, 0x00, 0x00,
    0x00, 0x6e, 0x8e, 0x30, 0x00, 0x00, 0x00, 0x00, 0x3b, 0x50, 0x8a, 0x10, 0x00, 0x00, 0x00, 0x00,
    0x00, 0x00, 0x00, 0x00, 0x00, 0x3b, 0x50, 0x00, 0x7b, 0x40, 0x00, 0x8b, 0x00, 0xea, 0x00, 0x0c,
    0xf8, 0x00, 0x0e, 0xa0, 0x0a, 0xe0, 0x02, 0xfb, 0xd0, 0x03, 0xf6, 0x00, 0x6f, 0x30, 0x6f, 0x4f,
    0x20, 0x8f, 0x20, 0x01, 0xf8, 0x09, 0xb0, 0xf6, 0x0b, 0xc0, 0x00, 0x0c, 0xb0, 0xe7, 0x0a, 0x91,
    0xf8, 0x00, 0x00, 0x7f, 0x3f, 0x30, 0x7d, 0x5f, 0x30, 0x00, 0x03, 0xf9, 0xd0, 0x02, 0xf9, 0xd0,
    0x00, 0x00, 0x0d, 0xf9, 0x00, 0x0d, 0xf9, 0x00, 0x00, 0x00, 0x8f, 0x50, 0x00, 0x8f, 0x50, 0x00,
    0x00, 0x00, 0x3e, 0xf5, 0x00, 0x00, 0x00, 0x01, 0xc9, 0x6e, 0x30, 0x00, 0x00, 0x05, 0x80, 0x07,
    0x70, 0x00, 0x00, 0x00, 0x00, 0x00, 0x00, 0x00, 0x3f, 0xb0, 0x00, 0x00, 0x08, 0xf6, 0x08, 0xf6,
    0x00, 0x00, 0x2f, 0xb0, 0x01, 0xde, 0x10, 0x00, 0xbf, 0x30, 0x00, 0x5f, 0x80, 0x06, 0xf8, 0x00,
    0x00, 0x0a, 0xf4, 0x1e, 0xd1, 0x00, 0x00, 0x02, 0xeb, 0x8f, 0x40, 0x00, 0x00, 0x00, 0x7f, 0xea,
    0x00, 0x00, 0x00, 0x00, 0x0d, 0xf1, 0x00, 0x00, 0x00, 0x00, 0x0b, 0xf0, 0x00, 0x00, 0x00, 0x00,
    0x0b, 0xf0, 0x00, 0x00, 0x00, 0x00, 0x0b, 0xf0, 0x00, 0x00, 0x00, 0x00, 0x0b, 0xf0, 0x00, 0x00,
    0x00, 0x00, 0x0b, 0xf0, 0x00, 0x00, 0x00, 0x01, 0xaa, 0x10, 0x00, 0x00, 0x0b, 0xca, 0xc1, 0x00,
    0x00, 0x6b, 0x11, 0xa8, 0x00, 0x00, 0x00, 0x00, 0x00, 0x00, 0x4b, 0x40, 0x00, 0x03, 0xb5, 0x1f,
    0xa0, 0x00, 0x08, 0xf2, 0x09, 0xf1, 0x00, 0x0e, 0xb0, 0x04, 0xf6, 0x00, 0x5f, 0x60, 0x00, 0xdb,
    0x00, 0x9e, 0x10, 0x00, 0x8f, 0x21, 0xe9, 0x00, 0x00, 0x2f, 0x76, 0xf3, 0x00, 0x00, 0x0b, 0xca,
    0xd0, 0x00, 0x00, 0x06, 0xfe, 0x70, 0x00, 0x00, 0x00, 0xef, 0x20, 0x00, 0x00, 0x00, 0xea, 0x00,
    0x00, 0x00, 0x06, 0xf5, 0x00, 0x00, 0x06, 0xbe, 0xc0, 0x00, 0x00, 0x08, 0xb8, 0x10, 0x00, 0x00,
    0x00, 0x06, 0xa1, 0x08, 0x80, 0x00, 0x00, 0x0a, 0xf3, 0x0e, 0xe0, 0x00, 0x00, 0x01, 0x30, 0x02,
    0x20, 0x00, 0x00, 0x00, 0x00, 0x00, 0x00, 0x00, 0x3f, 0xb0, 0x00, 0x00, 0x08, 0xf6, 0x08, 0xf6,
    0x00, 0x00, 0x2f, 0xb0, 0x01, 0xde, 0x10, 0x00, 0xbf, 0x30, 0x00, 0x5f, 0x80, 0x06, 0xf8, 0x00,
    0x00, 0x0a, 0xf4, 0x1e, 0xd1, 0x00, 0x00, 0x02, 0xeb, 0x8f, 0x40, 0x00, 0x00, 0x00, 0x7f, 0xea,
    0x00, 0x00, 0x00, 0x00, 0x0d, 0xf1, 0x00, 0x00, 0x00, 0x00, 0x0b, 0xf0, 0x00, 0x00, 0x00, 0x00,
    0x0b, 0xf0, 0x00, 0x00, 0x00, 0x00, 0x0b, 0xf0, 0x00, 0x00, 0x00, 0x00, 0x0b, 0xf0, 0x00, 0x00,
    0x00, 0x00, 0x0b, 0xf0, 0x00, 0x00, 0x00, 0x00, 0x1e, 0xa0, 0x00, 0x00, 0x00, 0x8e, 0x10, 0x00,
    0x00, 0x00, 0x74, 0x00, 0x00, 0x00, 0x00, 0x00, 0x00, 0x00, 0xff, 0xff, 0xff, 0xff, 0xf4, 0x88,
    0x88, 0x87, 0x4e, 0xd1, 0x00, 0x00, 0x00, 0x8f, 0x40, 0x00, 0x00, 0x04, 0xf8, 0x00, 0x00, 0x00,
    0x1d, 0xd1, 0x00, 0x00, 0x00, 0x8f, 0x40, 0x00, 0x00, 0x04, 0xf8, 0x00, 0x00, 0x00, 0x1d, 0xc0,
    0x00, 0x00, 0x00, 0x9f, 0x30, 0x00, 0x00, 0x05, 0xf8, 0x00, 0x00, 0x00, 0x1e, 0xc0, 0x00, 0x00,
    0x00, 0x9f, 0x98, 0x88, 0x88, 0x82, 0xbf, 0xff, 0xff, 0xff, 0xf4, 0x00, 0x00, 0x8a, 0x10, 0x00,
    0x02, 0xf7, 0x00, 0x00, 0x09, 0xb0, 0x00, 0x00, 0x00, 0x00, 0x00, 0x8b, 0xbb, 0xbb, 0xb8, 0x8b,
    0xbb, 0xbd, 0xf8, 0x00, 0x00, 0x1e, 0xc1, 0x00, 0x00, 0xbe, 0x20, 0x00, 0x08, 0xf5, 0x00, 0x00,
    0x5f, 0x80, 0x00, 0x03, 0xec, 0x00, 0x00, 0x1c, 0xe1, 0x00, 0x00, 0x9f, 0xa8, 0x88, 0x86, 0xff,
    0xff, 0xff, 0xfb, 0x00, 0x02, 0xb6, 0x00, 0x00, 0x00, 0x06, 0xfa, 0x00, 0x00, 0x00, 0x00, 0x41,
    0x00, 0x00, 0x00, 0x00, 0x00, 0x00, 0x00, 0xff, 0xff, 0xff, 0xff, 0xf4, 0x88, 0x88, 0x87, 0x4e,
    0xd1, 0x00, 0x00, 0x00, 0x8f, 0x40, 0x00, 0x00, 0x04, 0xf8, 0x00, 0x00, 0x00, 0x1d, 0xd1, 0x00,
    0x00, 0x00, 0x8f, 0x40, 0x00, 0x00, 0x04, 0xf8, 0x00, 0x00, 0x00, 0x1d, 0xc0, 0x00, 0x00, 0x00,
    0x9f, 0x30, 0x00, 0x00, 0x05, 0xf8, 0x00, 0x00, 0x00, 0x1e, 0xc0, 0x00, 0x00, 0x00, 0x9f, 0x98,
    0x88, 0x88, 0x82, 0xbf, 0xff, 0xff, 0xff, 0xf4, 0x00, 0x07, 0x50, 0x00, 0x00, 0x4f, 0xf0, 0x00,
    0x00, 0x07, 0x50, 0x00, 0x00, 0x00, 0x00, 0x00, 0x8b, 0xbb, 0xbb, 0xb8, 0x8b, 0xbb, 0xbd, 0xf8,
    0x00, 0x00, 0x1e, 0xc1, 0x00, 0x00, 0xbe, 0x20, 0x00, 0x08, 0xf5, 0x00, 0x00, 0x5f, 0x80, 0x00,
    0x03, 0xec, 0x00, 0x00, 0x1c, 0xe1, 0x00, 0x00, 0x9f, 0xa8, 0x88, 0x86, 0xff, 0xff, 0xff, 0xfb,
    0x01, 0xcc, 0x07, 0xe3, 0x00, 0x00, 0x1c, 0xbf, 0x40, 0x00, 0x00, 0x03, 0x85, 0x00, 0x00, 0x00,
    0x00, 0x00, 0x00, 0x00, 0xff, 0xff, 0xff, 0xff, 0xf4, 0x88, 0x88, 0x87, 0x4e, 0xd1, 0x00, 0x00,
    0x00, 0x8f, 0x40, 0x00, 0x00, 0x04, 0xf8, 0x00, 0x00, 0x00, 0x1d, 0xd1, 0x00, 0x00, 0x00, 0x8f,
    0x40, 0x00, 0x00, 0x04, 0xf8, 0x00, 0x00, 0x00, 0x1d, 0xc0, 0x00, 0x00, 0x00, 0x9f, 0x30, 0x00,
    0x00, 0x05, 0xf8, 0x00, 0x00, 0x00, 0x1e, 0xc0, 0x00, 0x00, 0x00, 0x9f, 0x98, 0x88, 0x88, 0x82,
    0xbf, 0xff, 0xff, 0xff, 0xf4, 0x08, 0x90, 0x2b, 0x60, 0x01, 0xd9, 0xca, 0x00, 0x00, 0x3b, 0xa1,
    0x00, 0x00, 0x00, 0x00, 0x00, 0x8b, 0xbb, 0xbb, 0xb8, 0x8b, 0xbb, 0xbd, 0xf8, 0x00, 0x00, 0x1e,
    0xc1, 0x00, 0x00, 0xbe, 0x20, 0x00, 0x08, 0xf5, 0x00, 0x00, 0x5f, 0x80, 0x00, 0x03, 0xec, 0x00,
    0x00, 0x1c, 0xe1, 0x00, 0x00, 0x9f, 0xa8, 0x88, 0x86, 0xff, 0xff, 0xff, 0xfb, 0x04, 0x9b, 0x54,
    0xfe, 0xb5, 0x8f, 0x20, 0x08, 0xf0, 0x00, 0x8f, 0x00, 0x08, 0xf0, 0x00, 0x8f, 0x00, 0x08, 0xf0,
    0x00, 0x8f, 0x00, 0x08, 0xf0, 0x00, 0x8f, 0x00, 0x08, 0xf0, 0x00, 0x8f, 0x00, 0x08, 0xf0, 0x00,
    0x00, 0x00, 0x00, 0x00, 0x00, 0x00, 0x00, 0x00, 0x1e, 0xf6, 0x00, 0x00, 0x00, 0x00, 0x6f, 0xda,
    0x00, 0x00, 0x00, 0x00, 0xac, 0x7f, 0x20, 0x00, 0x00, 0x02, 0xf8, 0x2f, 0x70, 0x00, 0x00, 0x07,
    0xf3, 0x0c, 0xd0, 0x00, 0x00, 0x0c, 0xd0, 0x07, 0xf3, 0x00, 0x00, 0x3f, 0x70, 0x02, 0xf8, 0x00,
    0x00, 0x8f, 0x20, 0x00, 0xce, 0x00, 0x00, 0xdf, 0xff, 0xff, 0xff, 0x50, 0x05, 0xf8, 0x44, 0x44,
    0x4f, 0xa0, 0x09, 0xf2, 0x00, 0x00, 0x0a, 0xf1, 0x1e, 0xb0, 0x00, 0x00, 0x06, 0xf6, 0x6f, 0x60,
    0x00, 0x00, 0x00, 0xec, 0x00, 0x00, 0x00, 0x00, 0x00, 0x8f, 0xff, 0xff, 0xe9, 0x10, 0x8f, 0x98,
    0x88, 0x9f, 0xb0, 0x8f, 0x40, 0x00, 0x09, 0xf2, 0x8f, 0x40, 0x00, 0x05, 0xf4, 0x8f, 0x40, 0x00,
    0x0a, 0xf1, 0x8f, 0x74, 0x46, 0xae, 0x60, 0x8f, 0xff, 0xff, 0xfa, 0x30, 0x8f, 0x40, 0x00, 0x5c,
    0xf3, 0x8f, 0x40, 0x00, 0x02, 0xf9, 0x8f, 0x40, 0x00, 0x00, 0xdb, 0x8f, 0x40, 0x00, 0x03, 0xf9,
    0x8f, 0x98, 0x88, 0x8e, 0xe3, 0x8f, 0xff, 0xff, 0xea, 0x30, 0x00, 0x00, 0x00, 0x00, 0x08, 0xff,
    0xff, 0xff, 0xf8, 0x8f, 0x74, 0x44, 0x44, 0x28, 0xf4, 0x00, 0x00, 0x00, 0x8f, 0x40, 0x00, 0x00,
    0x08, 0xf4, 0x00, 0x00, 0x00, 0x8f, 0x40, 0x00, 0x00, 0x08, 0xf4, 0x00, 0x00, 0x00, 0x8f, 0x40,
    0x00, 0x00, 0x08, 0xf4, 0x00, 0x00, 0x00, 0x8f, 0x40, 0x00, 0x00, 0x08, 0xf4, 0x00, 0x00, 0x00,
    0x8f, 0x40, 0x00, 0x00, 0x08, 0xf4, 0x00, 0x00, 0x00, 0x00, 0x00, 0x00, 0x00, 0x00, 0x00, 0x00,
    0x00, 0x0e, 0xf4, 0x00, 0x00, 0x00, 0x00, 0x5f, 0xf9, 0x00, 0x00, 0x00, 0x00, 0xae, 0x9e, 0x00,
    0x00, 0x00, 0x01, 0xf8, 0x5f, 0x60, 0x00, 0x00, 0x07, 0xf3, 0x0e, 0xa0, 0x00, 0x00, 0x0c, 0xd0,
    0x09, 0xf1, 0x00, 0x00, 0x2f, 0x80, 0x03, 0xf7, 0x00, 0x00, 0x8f, 0x20, 0x00, 0xdc, 0x00, 0x00,
    0xdc, 0x00, 0x00, 0x8f, 0x20, 0x04, 0xf7, 0x00, 0x00, 0x3f, 0x80, 0x09, 0xf2, 0x00, 0x00, 0x0c,
    0xd0, 0x1e, 0xe8, 0x88, 0x88, 0x8b, 0xf4, 0x6f, 0xff, 0xff, 0xff, 0xff, 0xf9, 0x00, 0x00, 0x00,
    0x00, 0x08, 0xff, 0xff, 0xff, 0xf8, 0x8f, 0x98, 0x88, 0x88, 0x48, 0xf4, 0x00, 0x00, 0x00, 0x8f,
    0x40, 0x00, 0x00, 0x08, 0xf4, 0x00, 0x00, 0x00, 0x8f, 0x74, 0x44, 0x44, 0x18, 0xff, 0xff, 0xff,
    0xf4, 0x8f, 0x74, 0x44, 0x44, 0x18, 0xf4, 0x00, 0x00, 0x00, 0x8f, 0x40, 0x00, 0x00, 0x08, 0xf4,
    0x00, 0x00, 0x00, 0x8f, 0x98, 0x88, 0x88, 0x68, 0xff, 0xff, 0xff, 0xfb, 0x00, 0x00, 0x00, 0x00,
    0x00, 0xff, 0xff, 0xff, 0xff, 0xf4, 0x88, 0x88, 0x87, 0x4e, 0xd1, 0x00, 0x00, 0x00, 0x8f, 0x40,
    0x00, 0x00, 0x04, 0xf8, 0x00, 0x00, 0x00, 0x1d, 0xd1, 0x00, 0x00, 0x00, 0x8f, 0x40, 0x00, 0x00,
    0x04, 0xf8, 0x00, 0x00, 0x00, 0x1d, 0xc0, 0x00, 0x00, 0x00, 0x9f, 0x30, 0x00, 0x00, 0x05, 0xf8,
    0x00, 0x00, 0x00, 0x1e, 0xc0, 0x00, 0x00, 0x00, 0x9f, 0x98, 0x88, 0x88, 0x82, 0xbf, 0xff, 0xff,
    0xff, 0xf4, 0x00, 0x00, 0x00, 0x00, 0x00, 0x08, 0xf4, 0x00, 0x00, 0x00, 0xfb, 0x8f, 0x40, 0x00,
    0x00, 0x0f, 0xb8, 0xf4, 0x00, 0x00, 0x00, 0xfb, 0x8f, 0x40, 0x00, 0x00, 0x0f, 0xb8, 0xf4, 0x00,
    0x00, 0x00, 0xfb, 0x8f, 0x98, 0x88, 0x88, 0x8f, 0xb8, 0xff, 0xff, 0xff, 0xff, 0xfb, 0x8f, 0x40,
    0x00, 0x00, 0x0f, 0xb8, 0xf4, 0x00, 0x00, 0x00, 0xfb, 0x8f, 0x40, 0x00, 0x00, 0x0f, 0xb8, 0xf4,
    0x00, 0x00, 0x00, 0xfb, 0x8f, 0x40, 0x00, 0x00, 0x0f, 0xb8, 0xf4, 0x00, 0x00, 0x00, 0xfb, 0x00,
    0x00, 0x24, 0x41, 0x00, 0x00, 0x00, 0x3b, 0xff, 0xff, 0x91, 0x00, 0x03, 0xee, 0x84, 0x59, 0xfe,
    0x10, 0x1e, 0xe3, 0x00, 0x00, 0x5f, 0xb0, 0x7f, 0x60, 0x00, 0x00, 0x08, 0xf3, 0xbe, 0x00, 0x00,
    0x00, 0x03, 0xf8, 0xdb, 0x04, 0x44, 0x44, 0x30, 0xfa, 0xfb, 0x0f, 0xff, 0xff, 0xb0, 0xfb, 0xdb,
    0x04, 0x44, 0x44, 0x30, 0xf9, 0xae, 0x00, 0x00, 0x00, 0x03, 0xf8, 0x6f, 0x60, 0x00, 0x00, 0x09,
    0xf3, 0x1d, 0xe3, 0x00, 0x00, 0x6f, 0xa0, 0x03, 0xef, 0x97, 0x8b, 0xfc, 0x10, 0x00, 0x29, 0xff,
    0xfe, 0x81, 0x00, 0x00, 0x00, 0x04, 0x30, 0x00, 0x00, 0x00, 0x08, 0xf4, 0x8f, 0x48, 0xf4, 0x8f,
    0x48, 0xf4, 0x8f, 0x48, 0xf4, 0x8f, 0x48, 0xf4, 0x8f, 0x48, 0xf4, 0x8f, 0x48, 0xf4, 0x00, 0x00,
    0x00, 0x00, 0x00, 0x08, 0xf4, 0x00, 0x00, 0x3e, 0xe3, 0x8f, 0x40, 0x00, 0x3e, 0xe3, 0x08, 0xf4,
    0x00, 0x1e, 0xe3, 0x00, 0x8f, 0x40, 0x1c, 0xf3, 0x00, 0x08, 0xf4, 0x1c, 0xf6, 0x00, 0x00, 0x8f,
    0x4a, 0xf8, 0x00, 0x00, 0x08, 0xfc, 0xfe, 0xd1, 0x00, 0x00, 0x8f, 0xf6, 0x5f, 0xa0, 0x00, 0x08,
    0xf7, 0x00, 0x8f, 0x60, 0x00, 0x8f, 0x40, 0x01, 0xce, 0x20, 0x08, 0xf4, 0x00, 0x03, 0xfc, 0x00,
    0x8f, 0x40, 0x00, 0x07, 0xf8, 0x08, 0xf4, 0x00, 0x00, 0x0b, 0xf4, 0x00, 0x00, 0x00, 0x00, 0x00,
    0x00, 0x00, 0x00, 0x1e, 0xf6, 0x00, 0x00, 0x00, 0x00, 0x6f, 0xda, 0x00, 0x00, 0x00, 0x00, 0xac,
    0x7f, 0x20, 0x00, 0x00, 0x02, 0xf8, 0x2f, 0x70, 0x00, 0x00, 0x07, 0xf3, 0x0c, 0xd0, 0x00, 0x00,
    0x0c, 0xd0, 0x07, 0xf3, 0x00, 0x00, 0x3f, 0x70, 0x02, 0xf8, 0x00, 0x00, 0x8f, 0x20, 0x00, 0xce,
    0x00, 0x00, 0xdc, 0x00, 0x00, 0x6f, 0x50, 0x05, 0xf7, 0x00, 0x00, 0x1f, 0xa0, 0x09, 0xf2, 0x00,
    0x00, 0x0a, 0xf1, 0x1e, 0xb0, 0x00, 0x00, 0x06, 0xf6, 0x6f, 0x60, 0x00, 0x00, 0x00, 0xec, 0x00,
    0x00, 0x00, 0x00, 0x00, 0x00, 0x00, 0x8f, 0xf3, 0x00, 0x00, 0x00, 0x0e, 0xfb, 0x8f, 0xe9, 0x00,
    0x00, 0x00, 0x5f, 0xfb, 0x8f, 0xbe, 0x00, 0x00, 0x00, 0xac, 0xfb, 0x8f, 0x8f, 0x60, 0x00, 0x02,
    0xf8, 0xfb, 0x8f, 0x4e, 0xb0, 0x00, 0x07, 0xf2, 0xfb, 0x8f, 0x49, 0xf2, 0x00, 0x0d, 0xc0, 0xfb,
    0x8f, 0x43, 0xf8, 0x00, 0x4f, 0x60, 0xfb, 0x8f, 0x40, 0xcd, 0x00, 0x9e, 0x10, 0xfb, 0x8f, 0x40,
    0x6f, 0x51, 0xe9, 0x00, 0xfb, 0x8f, 0x40, 0x1e, 0x96, 0xf3, 0x00, 0xfb, 0x8f, 0x40, 0x09, 0xe9,
    0xd0, 0x00, 0xfb, 0x8f, 0x40, 0x03, 0xff, 0x70, 0x00, 0xfb, 0x8f, 0x40, 0x00, 0xcf, 0x10, 0x00,
    0xfb, 0x00, 0x00, 0x00, 0x00, 0x00, 0x08, 0xfd, 0x10, 0x00, 0x00, 0xbf, 0x8f, 0xf8, 0x00, 0x00,
    0x0b, 0xf8, 0xfb, 0xf3, 0x00, 0x00, 0xbf, 0x8f, 0x5e, 0xc0, 0x00, 0x0b, 0xf8, 0xf4, 0x6f, 0x80,
    0x00, 0xbf, 0x8f, 0x40, 0xbe, 0x20, 0x0b, 0xf8, 0xf4, 0x03, 0xfb, 0x00, 0xbf, 0x8f, 0x40, 0x08,
    0xf6, 0x0b, 0xf8, 0xf4, 0x00, 0x0d, 0xe1, 0xbf, 0x8f, 0x40, 0x00, 0x4f, 0x9b, 0xf8, 0xf4, 0x00,
    0x00, 0x8f, 0xaf, 0x8f, 0x40, 0x00, 0x01, 0xef, 0xf8, 0xf4, 0x00, 0x00, 0x05, 0xff, 0x00, 0x00,
    0x00, 0x00, 0x00, 0xbf, 0xff, 0xff, 0xff, 0xf8, 0x34, 0x44, 0x44, 0x44, 0x42, 0x00, 0x00, 0x00,
    0x00, 0x00, 0x00, 0x00, 0x00, 0x00, 0x00, 0x00, 0x00, 0x00, 0x00, 0x00, 0x04, 0x44, 0x44, 0x44,
    0x30, 0x0f, 0xff, 0xff, 0xff, 0xb0, 0x00, 0x00, 0x00, 0x00, 0x00, 0x00, 0x00, 0x00, 0x00, 0x00,
    0x00, 0x00, 0x00, 0x00, 0x00, 0x00, 0x00, 0x00, 0x00, 0x00, 0x68, 0x88, 0x88, 0x88, 0x84, 0xbf,
    0xff, 0xff, 0xff, 0xf8, 0x00, 0x00, 0x24, 0x41, 0x00, 0x00, 0x00, 0x3b, 0xff, 0xff, 0x91, 0x00,
    0x03, 0xee, 0x84, 0x59, 0xfe, 0x10, 0x1e, 0xe3, 0x00, 0x00, 0x5f, 0xb0, 0x7f, 0x60, 0x00, 0x00,
    0x08, 0xf3, 0xbe, 0x00, 0x00, 0x00, 0x03, 0xf8, 0xdb, 0x00, 0x00, 0x00, 0x00, 0xfa, 0xfb, 0x00,
    0x00, 0x00, 0x00, 0xfb, 0xdb, 0x00, 0x00, 0x00, 0x00, 0xf9, 0xae, 0x00, 0x00, 0x00, 0x03, 0xf8,
    0x6f, 0x60, 0x00, 0x00, 0x09, 0xf3, 0x1d, 0xe3, 0x00, 0x00, 0x6f, 0xa0, 0x03, 0xef, 0x97, 0x8b,
    0xfc, 0x10, 0x00, 0x29, 0xff, 0xfe, 0x81, 0x00, 0x00, 0x00, 0x04, 0x30, 0x00, 0x00, 0x00, 0x00,
    0x00, 0x00, 0x00, 0x08, 0xff, 0xff, 0xff, 0xff, 0xfb, 0x8f, 0x98, 0x88, 0x88, 0x8f, 0xb8, 0xf4,
    0x00, 0x00, 0x00, 0xfb, 0x8f, 0x40, 0x00, 0x00, 0x0f, 0xb8, 0xf4, 0x00, 0x00, 0x00, 0xfb, 0x8f,
    0x40, 0x00, 0x00, 0x0f, 0xb8, 0xf4, 0x00, 0x00, 0x00, 0xfb, 0x8f, 0x40, 0x00, 0x00, 0x0f, 0xb8,
    0xf4, 0x00, 0x00, 0x00, 0xfb, 0x8f, 0x40, 0x00, 0x00, 0x0f, 0xb8, 0xf4, 0x00, 0x00, 0x00, 0xfb,
    0x8f, 0x40, 0x00, 0x00, 0x0f, 0xb8, 0xf4, 0x00, 0x00, 0x00, 0xfb, 0x00, 0x00, 0x00, 0x00, 0x00,
    0x8f, 0xff, 0xff, 0xe8, 0x10, 0x8f, 0x74, 0x48, 0x9f, 0xb0, 0x8f, 0x40, 0x00, 0x08, 0xf5, 0x8f,
    0x40, 0x00, 0x04, 0xf8, 0x8f, 0x40, 0x00, 0x04, 0xf8, 0x8f, 0x40, 0x00, 0x08, 0xf5, 0x8f, 0x74,
    0x44, 0x8f, 0xc0, 0x8f, 0xff, 0xff, 0xfb, 0x10, 0x8f, 0x74, 0x44, 0x20, 0x00, 0x8f, 0x40, 0x00,
    0x00, 0x00, 0x8f, 0x40, 0x00, 0x00, 0x00, 0x8f, 0x40, 0x00, 0x00, 0x00, 0x8f, 0x40, 0x00, 0x00,
    0x00, 0x00, 0x00, 0x00, 0x00, 0x00, 0x08, 0xff, 0xff, 0xff, 0xff, 0xf4, 0x3e, 0xc5, 0x44, 0x44,
    0x44, 0x10, 0x5f, 0xc1, 0x00, 0x00, 0x00, 0x00, 0x6f, 0xc1, 0x00, 0x00, 0x00, 0x00, 0x6f, 0xc1,
    0x00, 0x00, 0x00, 0x00, 0x6f, 0x90, 0x00, 0x00, 0x00, 0x01, 0xae, 0x20, 0x00, 0x00, 0x01, 0xcf,
    0x60, 0x00, 0x00, 0x00, 0xcf, 0x60, 0x00, 0x00, 0x00, 0x9f, 0x60, 0x00, 0x00, 0x00, 0x9f, 0x60,
    0x00, 0x00, 0x00, 0x8f, 0xc8, 0x88, 0x88, 0x88, 0x2b, 0xff, 0xff, 0xff, 0xff, 0xf4, 0x00, 0x00,
    0x00, 0x00, 0x00, 0x04, 0xff, 0xff, 0xff, 0xff, 0xfb, 0x28, 0x88, 0x8f, 0xd8, 0x88, 0x60, 0x00,
    0x00, 0xfb, 0x00, 0x00, 0x00, 0x00, 0x0f, 0xb0, 0x00, 0x00, 0x00, 0x00, 0xfb, 0x00, 0x00, 0x00,
    0x00, 0x0f, 0xb0, 0x00, 0x00, 0x00, 0x00, 0xfb, 0x00, 0x00, 0x00, 0x00, 0x0f, 0xb0, 0x00, 0x00,
    0x00, 0x00, 0xfb, 0x00, 0x00, 0x00, 0x00, 0x0f, 0xb0, 0x00, 0x00, 0x00, 0x00, 0xfb, 0x00, 0x00,
    0x00, 0x00, 0x0f, 0xb0, 0x00, 0x00, 0x00, 0x00, 0xfb, 0x00, 0x00, 0x00, 0x00, 0x00, 0x00, 0x00,
    0x00, 0x3f, 0xb0, 0x00, 0x00, 0x08, 0xf6, 0x08, 0xf6, 0x00, 0x00, 0x2f, 0xb0, 0x01, 0xde, 0x10,
    0x00, 0xbf, 0x30, 0x00, 0x5f, 0x80, 0x06, 0xf8, 0x00, 0x00, 0x0a, 0xf4, 0x1e, 0xd1, 0x00, 0x00,
    0x02, 0xeb, 0x8f, 0x40, 0x00, 0x00, 0x00, 0x7f, 0xea, 0x00, 0x00, 0x00, 0x00, 0x0d, 0xf1, 0x00,
    0x00, 0x00, 0x00, 0x0b, 0xf0, 0x00, 0x00, 0x00, 0x00, 0x0b, 0xf0, 0x00, 0x00, 0x00, 0x00, 0x0b,
    0xf0, 0x00, 0x00, 0x00, 0x00, 0x0b, 0xf0, 0x00, 0x00, 0x00, 0x00, 0x0b, 0xf0, 0x00, 0x00, 0x00,
    0x00, 0x00, 0xb8, 0x00, 0x00, 0x00, 0x00, 0x01, 0x58, 0xfd, 0x85, 0x00, 0x00, 0x00, 0x7e, 0xff,
    0xff, 0xff, 0xd5, 0x00, 0x08, 0xfa, 0x30, 0xfb, 0x04, 0xcf, 0x60, 0x4f, 0xa0, 0x00, 0xfb, 0x00,
    0x1c, 0xe2, 0x9f, 0x20, 0x00, 0xfb, 0x00, 0x04, 0xf7, 0xdc, 0x00, 0x00, 0xfb, 0x00, 0x00, 0xfb,
    0xfb, 0x00, 0x00, 0xfb, 0x00, 0x00, 0xfb, 0xcc, 0x00, 0x00, 0xfb, 0x00, 0x00, 0xfb, 0x9f, 0x20,
    0x00, 0xfb, 0x00, 0x05, 0xf7, 0x2f, 0xb0, 0x00, 0xfb, 0x00, 0x1c, 0xe1, 0x06, 0xfc, 0x50, 0xfb,
    0x16, 0xdf, 0x50, 0x00, 0x5d, 0xff, 0xff, 0xff, 0xd3, 0x00, 0x00, 0x00, 0x47, 0xfd, 0x73, 0x00,
    0x00, 0x00, 0x00, 0x00, 0x86, 0x00, 0x00, 0x00, 0x00, 0x00, 0x00, 0x00, 0x00, 0x00, 0x0c, 0xe3,
    0x00, 0x00, 0x0b, 0xe3, 0x02, 0xec, 0x00, 0x00, 0x8f, 0x70, 0x00, 0x7f, 0x80, 0x03, 0xfb, 0x00,
    0x00, 0x0b, 0xf3, 0x0c, 0xe1, 0x00, 0x00, 0x02, 0xeb, 0x8f, 0x50, 0x00, 0x00, 0x00, 0x5f, 0xea,
    0x00, 0x00, 0x00, 0x00, 0x1e, 0xf6, 0x00, 0x00, 0x00, 0x00, 0xaf, 0xce, 0x10, 0x00, 0x00, 0x05,
    0xf8, 0x4f, 0xa0, 0x00, 0x00, 0x2e, 0xc0, 0x08, 0xf6, 0x00, 0x00, 0xbf, 0x30, 0x01, 0xce, 0x20,
    0x07, 0xf7, 0x00, 0x00, 0x3f, 0xb0, 0x3f, 0xb0, 0x00, 0x00, 0x08, 0xf7, 0x00, 0x00, 0x00, 0x00,
    0x00, 0x00, 0x00, 0x8f, 0x40, 0x00, 0xfb, 0x00, 0x04, 0xf4, 0x8f, 0x40, 0x00, 0xfb, 0x00, 0x04,
    0xf4, 0x8f, 0x40, 0x00, 0xfb, 0x00, 0x04, 0xf4, 0x8f, 0x40, 0x00, 0xfb, 0x00, 0x05, 0xf4, 0x4f,
    0x40, 0x00, 0xfb, 0x00, 0x08, 0xf3, 0x2f, 0x80, 0x00, 0xfb, 0x00, 0x09, 0xf0, 0x0b, 0xe1, 0x00,
    0xfb, 0x00, 0x3f, 0x90, 0x03, 0xed, 0x74, 0xfc, 0x48, 0xed, 0x10, 0x00, 0x29, 0xff, 0xff, 0xfe,
    0x91, 0x00, 0x00, 0x00, 0x02, 0xfc, 0x10, 0x00, 0x00, 0x00, 0x00, 0x00, 0xfb, 0x00, 0x00, 0x00,
    0x00, 0x00, 0x00, 0xfb, 0x00, 0x00, 0x00, 0x00, 0x00, 0x00, 0xfb, 0x00, 0x00, 0x00, 0x00, 0x00,
    0x24, 0x41, 0x00, 0x00, 0x00, 0x4b, 0xff, 0xff, 0xb3, 0x00, 0x06, 0xfe, 0x84, 0x48, 0xee, 0x30,
    0x2e, 0xc1, 0x00, 0x00, 0x3e, 0xd1, 0x8f, 0x40, 0x00, 0x00, 0x06, 0xf6, 0xbd, 0x00, 0x00, 0x00,
    0x01, 0xfa, 0xfb, 0x00, 0x00, 0x00, 0x00, 0xfb, 0xeb, 0x00, 0x00, 0x00, 0x00, 0xfb, 0xbe, 0x00,
    0x00, 0x00, 0x02, 0xf9, 0x6f, 0x60, 0x00, 0x00, 0x08, 0xf4, 0x0c, 0xe4, 0x00, 0x00, 0x6f, 0x90,
    0x01, 0x8e, 0x90, 0x0c, 0xd8, 0x00, 0x88, 0x8d, 0xb0, 0x0f, 0xb8, 0x86, 0xff, 0xff, 0xb0, 0x0f,
    0xff, 0xfb, 0x3b, 0x50, 0x6a, 0x17, 0xf8, 0x0a, 0xf3, 0x04, 0x10, 0x13, 0x00, 0x00, 0x00, 0x00,
    0x00, 0x8f, 0x40, 0x00, 0x08, 0xf4, 0x00, 0x00, 0x8f, 0x40, 0x00, 0x08, 0xf4, 0x00, 0x00, 0x8f,
    0x40, 0x00, 0x08, 0xf4, 0x00, 0x00, 0x8f, 0x40, 0x00, 0x08, 0xf4, 0x00, 0x00, 0x8f, 0x40, 0x00,
    0x08, 0xf4, 0x00, 0x00, 0x8f, 0x40, 0x00, 0x08, 0xf4, 0x00, 0x00, 0x8f, 0x40, 0x00, 0x00, 0x06,
    0xa1, 0x08, 0x80, 0x00, 0x00, 0x0a, 0xf3, 0x0e, 0xe0, 0x00, 0x00, 0x01, 0x30, 0x02, 0x20, 0x00,
    0x00, 0x00, 0x00, 0x00, 0x00, 0x00, 0x3f, 0xb0, 0x00, 0x00, 0x08, 0xf6, 0x08, 0xf6, 0x00, 0x00,
    0x2f, 0xb0, 0x01, 0xde, 0x10, 0x00, 0xbf, 0x30, 0x00, 0x5f, 0x80, 0x06, 0xf8, 0x00, 0x00, 0x0a,
    0xf4, 0x1e, 0xd1, 0x00, 0x00, 0x02, 0xeb, 0x8f, 0x40, 0x00, 0x00, 0x00, 0x7f, 0xea, 0x00, 0x00,
    0x00, 0x00, 0x0d, 0xf1, 0x00, 0x00, 0x00, 0x00, 0x0b, 0xf0, 0x00, 0x00, 0x00, 0x00, 0x0b, 0xf0,
    0x00, 0x00, 0x00, 0x00, 0x0b, 0xf0, 0x00, 0x00, 0x00, 0x00, 0x0b, 0xf0, 0x00, 0x00, 0x00, 0x00,
    0x0b, 0xf0, 0x00, 0x00, 0x00, 0x00, 0x0a, 0x80, 0x00, 0x00, 0x00, 0x00, 0x0f, 0x70, 0x00, 0x00,
    0x00, 0x00, 0x1f, 0x20, 0x00, 0x00, 0x00, 0x00, 0x00, 0x00, 0x00, 0x00, 0x00, 0x18, 0xdf, 0xc4,
    0x06, 0xb0, 0x01, 0xcf, 0x98, 0xbf, 0x4a, 0xb0, 0x08, 0xf4, 0x00, 0x09, 0xbd, 0x80, 0x0d, 0xc0,
    0x00, 0x01, 0xef, 0x30, 0x0f, 0x80, 0x00, 0x00, 0x9e, 0x00, 0x0f, 0x80, 0x00, 0x00, 0x8d, 0x00,
    0x0e, 0xa0, 0x00, 0x00, 0xdf, 0x30, 0x09, 0xf2, 0x00, 0x07, 0xdd, 0x80, 0x02, 0xec, 0x54, 0x8f,
    0x59, 0xc0, 0x00, 0x3d, 0xff, 0xe6, 0x06, 0xf2, 0x00, 0x00, 0x34, 0x00, 0x00, 0x00, 0x00, 0x00,
    0x4b, 0x30, 0x00, 0x00, 0x08, 0xe0, 0x00, 0x00, 0x00, 0x89, 0x00, 0x00, 0x00, 0x00, 0x00, 0x00,
    0x00, 0x6b, 0xff, 0xa3, 0x00, 0x7f, 0xb8, 0x8d, 0xe2, 0x0b, 0xd0, 0x00, 0x2c, 0x50, 0xbd, 0x10,
    0x00, 0x00, 0x03, 0xee, 0xbb, 0x00, 0x00, 0x3b, 0xda, 0x80, 0x00, 0x0d, 0xd1, 0x00, 0x00, 0x00,
    0xfb, 0x00, 0x00, 0xa7, 0x0b, 0xf8, 0x44, 0xaf, 0x50, 0x19, 0xff, 0xfe, 0x80, 0x00, 0x00, 0x43,
    0x00, 0x00, 0x00, 0x00, 0x89, 0x00, 0x00, 0x00, 0x0f, 0x70, 0x00, 0x00, 0x00, 0xf2, 0x00, 0x00,
    0x00, 0x00, 0x00, 0x00, 0x6b, 0x19, 0xee, 0x91, 0x08, 0xfc, 0x98, 0xbf, 0xb0, 0x8f, 0x70, 0x00,
    0xaf, 0x28, 0xf0, 0x00, 0x05, 0xf4, 0x8f, 0x00, 0x00, 0x4f, 0x48, 0xf0, 0x00, 0x04, 0xf4, 0x8f,
    0x00, 0x00, 0x4f, 0x48, 0xf0, 0x00, 0x04, 0xf4, 0x8f, 0x00, 0x00, 0x4f, 0x48, 0xf0, 0x00, 0x04,
    0xf4, 0x00, 0x00, 0x00, 0x4f, 0x40, 0x00, 0x00, 0x04, 0xf4, 0x00, 0x00, 0x00, 0x4f, 0x40, 0x00,
    0x00, 0x03, 0xb3, 0x1b, 0x60, 0x4f, 0x30, 0x4d, 0x00, 0x00, 0x00, 0x6b, 0x00, 0x8f, 0x00, 0x8f,
    0x00, 0x8f, 0x00, 0x8f, 0x00, 0x8f, 0x00, 0x8f, 0x00, 0x8f, 0x00, 0x8f, 0x73, 0x2d, 0xf9, 0x00,
    0x00, 0x00, 0x00, 0xb7, 0x00, 0x00, 0x00, 0x2f, 0x50, 0x00, 0x07, 0x34, 0xe0, 0x55, 0x04, 0xfb,
    0x00, 0x0f, 0xe0, 0x07, 0x30, 0x00, 0x75, 0x00, 0x00, 0x00, 0x00, 0x00, 0x6b, 0x00, 0x00, 0x3b,
    0x38, 0xf0, 0x00, 0x04, 0xf4, 0x8f, 0x00, 0x00, 0x4f, 0x48, 0xf0, 0x00, 0x04, 0xf4, 0x8f, 0x00,
    0x00, 0x4f, 0x48, 0xf0, 0x00, 0x04, 0xf4, 0x8f, 0x00, 0x00, 0x5f, 0x48, 0xf4, 0x00, 0x08, 0xf2,
    0x2e, 0xd6, 0x48, 0xfb, 0x00, 0x4d, 0xff, 0xfa, 0x10, 0x00, 0x02, 0x40, 0x00, 0x00, 0x00, 0x18,
    0xdf, 0xc4, 0x06, 0xb0, 0x01, 0xcf, 0x98, 0xbf, 0x4a, 0xb0, 0x08, 0xf4, 0x00, 0x09, 0xbd, 0x80,
    0x0d, 0xc0, 0x00, 0x01, 0xef, 0x30, 0x0f, 0x80, 0x00, 0x00, 0x9e, 0x00, 0x0f, 0x80, 0x00, 0x00,
    0x8d, 0x00, 0x0e, 0xa0, 0x00, 0x00, 0xdf, 0x30, 0x09, 0xf2, 0x00, 0x07, 0xdd, 0x80, 0x02, 0xec,
    0x54, 0x8f, 0x59, 0xc0, 0x00, 0x3d, 0xff, 0xe6, 0x06, 0xf2, 0x00, 0x00, 0x34, 0x00, 0x00, 0x00,
    0x00, 0x04, 0x42, 0x00, 0x00, 0x5d, 0xff, 0xfb, 0x10, 0x2f, 0xc5, 0x48, 0xfb, 0x08, 0xf2, 0x00,
    0x08, 0xf1, 0x8f, 0x00, 0x00, 0x8f, 0x28, 0xf0, 0x00, 0x1c, 0xc0, 0x8f, 0x06, 0xbd, 0xa2, 0x08,
    0xf0, 0x6b, 0xdd, 0x50, 0x8f, 0x00, 0x00, 0x7f, 0x48, 0xf0, 0x00, 0x00, 0xf9, 0x8f, 0x00, 0x00,
    0x0e, 0xb8, 0xf4, 0x00, 0x03, 0xf8, 0x8f, 0xd7, 0x47, 0xee, 0x28, 0xf6, 0xef, 0xfb, 0x30, 0x8f,
    0x00, 0x42, 0x00, 0x08, 0xf0, 0x00, 0x00, 0x00, 0x8f, 0x00, 0x00, 0x00, 0x06, 0xb0, 0x00, 0x00,
    0x00, 0x4b, 0x40, 0x00, 0x03, 0xb5, 0x1f, 0xa0, 0x00, 0x08, 0xf2, 0x09, 0xf1, 0x00, 0x0e, 0xb0,
    0x04, 0xf6, 0x00, 0x5f, 0x60, 0x00, 0xdb, 0x00, 0x9e, 0x10, 0x00, 0x8f, 0x21, 0xe9, 0x00, 0x00,
    0x2f, 0x76, 0xf3, 0x00, 0x00, 0x0a, 0xc9, 0xd0, 0x00, 0x00, 0x06, 0xfe, 0x70, 0x00, 0x00, 0x00,
    0xef, 0x10, 0x00, 0x00, 0x00, 0xbb, 0x00, 0x00, 0x00, 0x00, 0xbb, 0x00, 0x00, 0x00, 0x00, 0xbb,
    0x00, 0x00, 0x00, 0x00, 0x88, 0x00, 0x00, 0x00, 0x00, 0x00, 0x00, 0x00, 0x00, 0x18, 0xdf, 0xff,
    0x40, 0x00, 0x8f, 0x96, 0x44, 0x10, 0x00, 0xbe, 0x00, 0x00, 0x00, 0x00, 0x3d, 0xa3, 0x00, 0x00,
    0x00, 0x16, 0xdf, 0xe8, 0x00, 0x01, 0xcd, 0x75, 0x9f, 0x80, 0x09, 0xe2, 0x00, 0x08, 0xf3, 0x0f,
    0x90, 0x00, 0x02, 0xf8, 0x0f, 0x80, 0x00, 0x00, 0xf8, 0x0f, 0x80, 0x00, 0x01, 0xf8, 0x0c, 0xd0,
    0x00, 0x06, 0xf5, 0x05, 0xfb, 0x54, 0x8e, 0xc0, 0x00, 0x5d, 0xff, 0xf9, 0x10, 0x00, 0x00, 0x34,
    0x10, 0x00, 0x00, 0x6b, 0xff, 0xa3, 0x00, 0x7f, 0xb8, 0x8d, 0xe2, 0x0b, 0xd0, 0x00, 0x2c, 0x50,
    0xbd, 0x10, 0x00, 0x00, 0x03, 0xee, 0xbb, 0x00, 0x00, 0x3b, 0xda, 0x80, 0x00, 0x0d, 0xd1, 0x00,
    0x00, 0x00, 0xfb, 0x00, 0x00, 0xa7, 0x0b, 0xf8, 0x44, 0xaf, 0x50, 0x19, 0xff, 0xfe, 0x80, 0x00,
    0x00, 0x43, 0x00, 0x00, 0x00, 0x00, 0x00, 0x00, 0x00, 0xbf, 0xff, 0xff, 0xf4, 0x03, 0x44, 0x45,
    0xec, 0x10, 0x00, 0x00, 0xae, 0x30, 0x00, 0x00, 0x8f, 0x60, 0x00, 0x00, 0x5f, 0x80, 0x00, 0x00,
    0x2e, 0xc0, 0x00, 0x00, 0x1c, 0xe1, 0x00, 0x00, 0x08, 0xf4, 0x00, 0x00, 0x00, 0xea, 0x00, 0x00,
    0x00, 0x0f, 0x80, 0x00, 0x00, 0x00, 0xeb, 0x00, 0x00, 0x00, 0x08, 0xfb, 0x88, 0x41, 0x00, 0x06,
    0xcf, 0xff, 0xe1, 0x00, 0x00, 0x00, 0x5f, 0x40, 0x00, 0x00, 0x04, 0xf4, 0x00, 0x00, 0x00, 0x28,
    0x20, 0x6b, 0x19, 0xee, 0x91, 0x08, 0xfc, 0x98, 0xbf, 0xb0, 0x8f, 0x70, 0x00, 0xaf, 0x28, 0xf0,
    0x00, 0x05, 0xf4, 0x8f, 0x00, 0x00, 0x4f, 0x48, 0xf0, 0x00, 0x04, 0xf4, 0x8f, 0x00, 0x00, 0x4f,
    0x48, 0xf0, 0x00, 0x04, 0xf4, 0x8f, 0x00, 0x00, 0x4f, 0x48, 0xf0, 0x00, 0x04, 0xf4, 0x00, 0x00,
    0x00, 0x4f, 0x40, 0x00, 0x00, 0x04, 0xf4, 0x00, 0x00, 0x00, 0x4f, 0x40, 0x00, 0x00, 0x03, 0xb3,
    0x00, 0x03, 0x43, 0x00, 0x00, 0x01, 0xbf, 0xff, 0xc3, 0x00, 0x0b, 0xe6, 0x15, 0xcd, 0x10, 0x4f,
    0x60, 0x00, 0x3f, 0x70, 0x9e, 0x00, 0x00, 0x0c, 0xc0, 0xbb, 0x00, 0x00, 0x08, 0xf0, 0xfc, 0x44,
    0x44, 0x49, 0xf0, 0xff, 0xff, 0xff, 0xff, 0xf0, 0xfb, 0x00, 0x00, 0x08, 0xf0, 0xbb, 0x00, 0x00,
    0x08, 0xf0, 0x9e, 0x00, 0x00, 0x0c, 0xb0, 0x4f, 0x70, 0x00, 0x4f, 0x60, 0x0a, 0xe8, 0x46, 0xec,
    0x00, 0x01, 0x8f, 0xff, 0xb1, 0x00, 0x00, 0x01, 0x42, 0x00, 0x00, 0x6b, 0x00, 0x8f, 0x00, 0x8f,
    0x00, 0x8f, 0x00, 0x8f, 0x00, 0x8f, 0x00, 0x8f, 0x00, 0x8f, 0x00, 0x8f, 0x73, 0x2d, 0xf9, 0x00,
    0x00, 0x6b, 0x00, 0x01, 0xb8, 0x08, 0xf0, 0x00, 0xce, 0x30, 0x8f, 0x00, 0x9f, 0x40, 0x08, 0xf0,
    0x6f, 0x60, 0x00, 0x8f, 0x8f, 0x80, 0x00, 0x08, 0xfc, 0xf6, 0x00, 0x00, 0x8f, 0x09, 0xe3, 0x00,
    0x08, 0xf0, 0x1c, 0xe2, 0x00, 0x8f, 0x00, 0x2e, 0xc1, 0x08, 0xf0, 0x00, 0x3f, 0xb0, 0x03, 0x42,
    0x00, 0x00, 0x00, 0x00, 0x07, 0xff, 0x80, 0x00, 0x00, 0x00, 0x01, 0x49, 0xf4, 0x00, 0x00, 0x00,
    0x00, 0x01, 0xe9, 0x00, 0x00, 0x00, 0x00, 0x00, 0xde, 0x10, 0x00, 0x00, 0x00, 0x05, 0xff, 0x60,
    0x00, 0x00, 0x00, 0x0a, 0xca, 0xc0, 0x00, 0x00, 0x00, 0x1f, 0x86, 0xf2, 0x00, 0x00, 0x00, 0x7f,
    0x31, 0xf8, 0x00, 0x00, 0x00, 0xcc, 0x00, 0x9d, 0x00, 0x00, 0x03, 0xf7, 0x00, 0x5f, 0x50, 0x00,
    0x08, 0xf2, 0x00, 0x0d, 0xa0, 0x00, 0x0e, 0xb0, 0x00, 0x08, 0xf7, 0x40, 0x6f, 0x60, 0x00, 0x00,
    0xbf, 0xf3, 0x00, 0x00, 0x00, 0x00, 0x02, 0x40, 0x6b, 0x00, 0x00, 0x3b, 0x30, 0x8f, 0x00, 0x00,
    0x4f, 0x40, 0x8f, 0x00, 0x00, 0x4f, 0x40, 0x8f, 0x00, 0x00, 0x4f, 0x40, 0x8f, 0x00, 0x00, 0x4f,
    0x40, 0x8f, 0x00, 0x00, 0x4f, 0x40, 0x8f, 0x00, 0x00, 0x5f, 0x40, 0x8f, 0x40, 0x00, 0x8f, 0x40,
    0x8f, 0xe6, 0x48, 0xdf, 0xa2, 0x8f, 0x6e, 0xfd, 0x38, 0xe8, 0x8f, 0x00, 0x20, 0x00, 0x00, 0x8f,
    0x00, 0x00, 0x00, 0x00, 0x8f, 0x00, 0x00, 0x00, 0x00, 0x6b, 0x00, 0x00, 0x00, 0x00, 0x8c, 0x50,
    0x00, 0x00, 0x9a, 0x04, 0xcf, 0x20, 0x00, 0x2f, 0x90, 0x03, 0xf7, 0x00, 0x07, 0xf3, 0x00, 0x0c,
    0xd0, 0x00, 0xdc, 0x00, 0x00, 0x6f, 0x30, 0x3f, 0x70, 0x00, 0x01, 0xf8, 0x08, 0xf1, 0x00, 0x00,
    0x09, 0xe0, 0xda, 0x00, 0x00, 0x00, 0x5f, 0x6f, 0x50, 0x00, 0x00, 0x00, 0xdf, 0xd0, 0x00, 0x00,
    0x00, 0x08, 0xf8, 0x00, 0x00, 0x00, 0x00, 0x00, 0x00, 0x8f, 0xff, 0xff, 0xf8, 0x26, 0xdc, 0x84,
    0x42, 0x1e, 0xa0, 0x00, 0x00, 0x4f, 0x40, 0x00, 0x00, 0x3f, 0x80, 0x00, 0x00, 0x08, 0xf9, 0x88,
    0x80, 0x02, 0x8f, 0xff, 0xf0, 0x5f, 0x92, 0x00, 0x00, 0xdc, 0x00, 0x00, 0x00, 0xf8, 0x00, 0x00,
    0x00, 0xdd, 0x10, 0x00, 0x00, 0x5f, 0xd8, 0x86, 0x30, 0x04, 0xaf, 0xff, 0xf8, 0x00, 0x00, 0x00,
    0xcc, 0x00, 0x00, 0x00, 0xbf, 0x00, 0x00, 0x00, 0x68, 0x00, 0x18, 0xdf, 0xc8, 0x00, 0x01, 0xcf,
    0x98, 0x9f, 0x90, 0x08, 0xf4, 0x00, 0x08, 0xf6, 0x0d, 0xc0, 0x00, 0x00, 0xea, 0x0f, 0x80, 0x00,
    0x00, 0xbb, 0x0f, 0x80, 0x00, 0x00, 0xbc, 0x0e, 0xa0, 0x00, 0x00, 0xdb, 0x09, 0xf2, 0x00, 0x04,
    0xf7, 0x02, 0xed, 0x54, 0x6e, 0xc1, 0x00, 0x3c, 0xff, 0xfb, 0x10, 0x00, 0x00, 0x24, 0x10, 0x00,
    0x8b, 0xbb, 0xbb, 0xbb, 0xbb, 0x66, 0x8f, 0xb8, 0x88, 0xdd, 0x84, 0x00, 0xf8, 0x00, 0x0b, 0xb0,
    0x00, 0x0f, 0x80, 0x00, 0xbb, 0x00, 0x00, 0xf8, 0x00, 0x0b, 0xb0, 0x00, 0x0f, 0x80, 0x00, 0xbb,
    0x00, 0x00, 0xf8, 0x00, 0x0b, 0xb0, 0x00, 0x0f, 0x80, 0x00, 0xbb, 0x00, 0x00, 0xf8, 0x00, 0x0b,
    0xe5, 0x20, 0x0f, 0x80, 0x00, 0x3e, 0xf7, 0x00, 0x00, 0x00, 0x00, 0x00, 0x00, 0x00, 0x5b, 0xfd,
    0x91, 0x00, 0x08, 0xfb, 0x88, 0xee, 0x10, 0x2f, 0xa0, 0x00, 0x3f, 0x90, 0x7f, 0x30, 0x00, 0x0a,
    0xe0, 0x8f, 0x00, 0x00, 0x08, 0xf0, 0x8f, 0x00, 0x00, 0x08, 0xf0, 0x8f, 0x20, 0x00, 0x0a, 0xf0,
    0x8f, 0x80, 0x00, 0x2e, 0xa0, 0x8f, 0xd8, 0x45, 0xcf, 0x30, 0x8f, 0x3d, 0xff, 0xd5, 0x00, 0x8f,
    0x00, 0x43, 0x00, 0x00, 0x8f, 0x00, 0x00, 0x00, 0x00, 0x8f, 0x00, 0x00, 0x00, 0x00, 0x6b, 0x00,
    0x00, 0x00, 0x00, 0x00, 0x18, 0xdf, 0xc8, 0x00, 0x01, 0xcf, 0x98, 0x9f, 0x90, 0x08, 0xf4, 0x00,
    0x08, 0xf2, 0x0d, 0xc0, 0x00, 0x01, 0x00, 0x0f, 0x80, 0x00, 0x00, 0x00, 0x0f, 0x80, 0x00, 0x00,
    0x00, 0x0e, 0xa0, 0x00, 0x00, 0x00, 0x09, 0xf3, 0x00, 0x00, 0x00, 0x02, 0xee, 0x88, 0x63, 0x00,
    0x00, 0x29, 0xef, 0xff, 0x70, 0x00, 0x00, 0x00, 0x0a, 0xf0, 0x00, 0x00, 0x00, 0x08, 0xf0, 0x00,
    0x00, 0x00, 0x04, 0x80, 0x00, 0x07, 0xbb, 0xbb, 0xbb, 0x80, 0x1c, 0xfb, 0x8c, 0xe8, 0x86, 0x08,
    0xf6, 0x00, 0x09, 0xc1, 0x00, 0xdc, 0x00, 0x00, 0x1e, 0x80, 0x0f, 0x80, 0x00, 0x00, 0xbb, 0x00,
    0xf8, 0x00, 0x00, 0x0b, 0xc0, 0x0e, 0xa0, 0x00, 0x00, 0xdb, 0x00, 0x9f, 0x20, 0x00, 0x4f, 0x70,
    0x02, 0xed, 0x54, 0x6e, 0xc1, 0x00, 0x03, 0xcf, 0xff, 0xb1, 0x00, 0x00, 0x00, 0x24, 0x10, 0x00,
    0x00, 0x8b, 0xbb, 0xbb, 0xbb, 0x36, 0x88, 0xbf, 0x88, 0x82, 0x00, 0x08, 0xf0, 0x00, 0x00, 0x00,
    0x8f, 0x00, 0x00, 0x00, 0x08, 0xf0, 0x00, 0x00, 0x00, 0x8f, 0x00, 0x00, 0x00, 0x08, 0xf0, 0x00,
    0x00, 0x00, 0x8f, 0x00, 0x00, 0x00, 0x07, 0xf7, 0x40, 0x00, 0x00, 0x1b, 0xff, 0x30, 0x00, 0x00,
    0x00, 0x00, 0x00, 0x6b, 0x00, 0x00, 0x3b, 0x38, 0xf0, 0x00, 0x04, 0xf4, 0x8f, 0x00, 0x00, 0x4f,
    0x48, 0xf0, 0x00, 0x04, 0xf4, 0x8f, 0x00, 0x00, 0x4f, 0x48, 0xf0, 0x00, 0x04, 0xf4, 0x8f, 0x00,
    0x00, 0x5f, 0x48, 0xf4, 0x00, 0x08, 0xf2, 0x2e, 0xd6, 0x48, 0xfb, 0x00, 0x4d, 0xff, 0xfa, 0x10,
    0x00, 0x02, 0x40, 0x00, 0x00, 0x00, 0x00, 0x00, 0x00, 0x00, 0x00, 0x00, 0x02, 0xa1, 0x06, 0xef,
    0xb3, 0x00, 0x01, 0xed, 0x21, 0xfc, 0x8c, 0xe2, 0x00, 0x8e, 0x20, 0x4f, 0x40, 0x1e, 0x90, 0x0d,
    0xa0, 0x04, 0xf4, 0x00, 0xae, 0x00, 0xf8, 0x00, 0x4f, 0x40, 0x08, 0xf0, 0x0f, 0x80, 0x04, 0xf4,
    0x00, 0x8f, 0x00, 0xea, 0x00, 0x4f, 0x40, 0x0c, 0xd0, 0x09, 0xf3, 0x04, 0xf4, 0x04, 0xf8, 0x00,
    0x1c, 0xe8, 0x7f, 0x78, 0xfc, 0x10, 0x00, 0x19, 0xff, 0xff, 0xe8, 0x10, 0x00, 0x00, 0x00, 0x7f,
    0x60, 0x00, 0x00, 0x00, 0x00, 0x04, 0xf4, 0x00, 0x00, 0x00, 0x00, 0x00, 0x4f, 0x40, 0x00, 0x00,
    0x00, 0x00, 0x03, 0xb3, 0x00, 0x00, 0x00, 0xbc, 0x50, 0x00, 0x04, 0xb4, 0x06, 0xcf, 0x20, 0x00,
    0xcd, 0x00, 0x01, 0xe9, 0x00, 0x6f, 0x50, 0x00, 0x08, 0xf2, 0x0d, 0xb0, 0x00, 0x00, 0x1e, 0x96,
    0xf4, 0x00, 0x00, 0x00, 0x8f, 0xeb, 0x00, 0x00, 0x00, 0x01, 0xdf, 0x20, 0x00, 0x00, 0x00, 0x2f,
    0xf4, 0x00, 0x00, 0x00, 0x09, 0xed, 0xb0, 0x00, 0x00, 0x02, 0xf8, 0x6f, 0x40, 0x00, 0x00, 0x9e,
    0x10, 0xdb, 0x00, 0x00, 0x4f, 0x80, 0x06, 0xf4, 0x00, 0x0b, 0xe1, 0x00, 0x0c, 0xeb, 0x02, 0xb5,
    0x00, 0x00, 0x18, 0xb0, 0x00, 0x00, 0x03, 0x30, 0x00, 0x00, 0x00, 0x00, 0x0b, 0xb0, 0x00, 0x00,
    0x00, 0x00, 0x0b, 0xb0, 0x00, 0x00, 0x6b, 0x00, 0x0b, 0xb0, 0x00, 0xb6, 0x8f, 0x00, 0x0b, 0xb0,
    0x00, 0xf8, 0x8f, 0x00, 0x0b, 0xb0, 0x00, 0xf8, 0x8f, 0x00, 0x0b, 0xb0, 0x00, 0xf8, 0x8f, 0x00,
    0x0b, 0xb0, 0x00, 0xf8, 0x8f, 0x00, 0x0b, 0xb0, 0x00, 0xf8, 0x7f, 0x30, 0x0b, 0xb0, 0x03, 0xf7,
    0x2f, 0xa0, 0x0b, 0xb0, 0x0a, 0xf2, 0x08, 0xfa, 0x5c, 0xc5, 0xaf, 0x80, 0x00, 0x8e, 0xff, 0xff,
    0xe8, 0x00, 0x00, 0x00, 0x2c, 0xc2, 0x00, 0x00, 0x00, 0x00, 0x0b, 0xb0, 0x00, 0x00, 0x00, 0x00,
    0x0b, 0xb0, 0x00, 0x00, 0x00, 0x00, 0x08, 0x80, 0x00, 0x00, 0x00, 0x5b, 0x60, 0x00, 0x01, 0xa9,
    0x00, 0x01, 0xeb, 0x00, 0x00, 0x00, 0x4f, 0x80, 0x08, 0xf4, 0x00, 0x00, 0x00, 0x0b, 0xe1, 0x0c,
    0xc0, 0x00, 0x24, 0x00, 0x05, 0xf5, 0x0f, 0x80, 0x00, 0x8f, 0x00, 0x01, 0xf8, 0x0f, 0x80, 0x00,
    0x8f, 0x00, 0x00, 0xf8, 0x0f, 0x80, 0x00, 0x8f, 0x00, 0x01, 0xf8, 0x0d, 0xd0, 0x00, 0xcf, 0x50,
    0x06, 0xf5, 0x06, 0xfa, 0x48, 0xfb, 0xc5, 0x6e, 0xd0, 0x00, 0x8e, 0xfe, 0x61, 0xcf, 0xfb, 0x30,
    0x00, 0x00, 0x30, 0x00, 0x02, 0x10, 0x00, 0x00, 0x00, 0x00, 0x08, 0xff, 0x91, 0x7f, 0xff, 0xf8,
    0xbf, 0xff, 0xfb, 0x9f, 0xff, 0xfb, 0x3e, 0xff, 0xf5, 0x02, 0x88, 0x30, 0x00, 0x00, 0x00, 0x00,
    0x01, 0xbf, 0xfd, 0x30, 0x0b, 0xe5, 0x3c, 0xe1, 0x1f, 0x80, 0x04, 0xf6, 0x4f, 0x80, 0x04, 0xf8,
    0x2f, 0x80, 0x04, 0xf6, 0x0b, 0xe3, 0x1a, 0xe1, 0x03, 0xcf, 0xfe, 0x60, 0x00, 0x03, 0x40, 0x00,
    0x07, 0x30, 0xd7, 0x04, 0x20, 0xf8, 0x0f, 0x80, 0xf8, 0x0f, 0x80, 0xf8, 0x00, 0x00, 0x00, 0x00,
    0x00, 0x00, 0x00, 0x01, 0xcf, 0x80, 0x00, 0x09, 0xef, 0x80, 0x00, 0x6f, 0x3f, 0x80, 0x03, 0xf6,
    0x0f, 0x80, 0x0d, 0xc4, 0x4f, 0x92, 0x0f, 0xff, 0xff, 0xf8, 0x00, 0x00, 0x0f, 0x80, 0x00, 0x00,
    0x00, 0x00, 0x00, 0x00, 0x00, 0x04, 0xff, 0xff, 0xb0, 0x8f, 0x44, 0x43, 0x08, 0xb6, 0x86, 0x00,
    0x8d, 0x88, 0xeb, 0x00, 0x00, 0x08, 0xf0, 0xdb, 0x11, 0xae, 0x03, 0xdf, 0xfe, 0x40, 0x00, 0x33,
    0x00, 0x00, 0x00, 0x00, 0x00, 0x00, 0x01, 0xbf, 0xfd, 0x30, 0x09, 0xe6, 0x4c, 0xe0, 0x1f, 0x86,
    0x86, 0x10, 0x4f, 0xc9, 0x8e, 0xc0, 0x2f, 0x80, 0x06, 0xf3, 0x0d, 0xc1, 0x09, 0xe1, 0x03, 0xdf,
    0xfe, 0x60, 0x00, 0x03, 0x40, 0x00, 0x00, 0x00, 0x00, 0x04, 0xff, 0xff, 0xf8, 0x14, 0x44, 0x7f,
    0x60, 0x00, 0x0c, 0xb0, 0x00, 0x07, 0xf3, 0x00, 0x02, 0xe8, 0x00, 0x00, 0xad, 0x10, 0x00, 0x5f,
    0x40, 0x00, 0x00, 0x00, 0x00, 0x00, 0x00, 0x00, 0x00, 0x00, 0x03, 0xdf, 0xfd, 0x50, 0x0b, 0xd1,
    0x1a, 0xe0, 0x08, 0xd2, 0x2c, 0xb0, 0x02, 0xdf, 0xfd, 0x30, 0x1e, 0xa1, 0x19, 0xe2, 0x2f, 0xa0,
    0x08, 0xf3, 0x06, 0xef, 0xfe, 0x80, 0x00, 0x03, 0x40, 0x00, 0x00, 0x02, 0x10, 0x00, 0x05, 0xdf,
    0xfb, 0x30, 0x1e, 0xa1, 0x2c, 0xb0, 0x3f, 0x50, 0x08, 0xf1, 0x0c, 0xe8, 0x8b, 0xf4, 0x01, 0x78,
    0x68, 0xf1, 0x0e, 0xa4, 0x5e, 0xb0, 0x04, 0xef, 0xfc, 0x10, 0x00, 0x04, 0x30, 0x00, 0x00, 0x64,
    0x00, 0x00, 0xb8, 0x00, 0x8b, 0xed, 0xb6, 0x68, 0xdb, 0x84, 0x00, 0xb8, 0x00, 0x00, 0x32, 0x00,
    0x8b, 0xbb, 0xb6, 0x68, 0x88, 0x84, 0xbf, 0xff, 0xf8, 0x34, 0x44, 0x42, 0x68, 0x88, 0x84, 0x8b,
    0xbb, 0xb6, 0x03, 0x80, 0x0d, 0x90, 0x3f, 0x50, 0x8f, 0x00, 0xbc, 0x00, 0xbc, 0x00, 0x8f, 0x00,
    0x4f, 0x50, 0x0b, 0xb0, 0x03, 0x81, 0x18, 0x20, 0x0c, 0x90, 0x07, 0xf1, 0x03, 0xf6, 0x00, 0xf8,
    0x00, 0xf8, 0x02, 0xf6, 0x07, 0xf2, 0x0d, 0x90, 0x28, 0x10, 0x42, 0x26, 0x30, 0xfc, 0xde, 0xf8,
    0xfa, 0x00, 0xcb, 0xf8, 0x00, 0xbb, 0xf8, 0x00, 0xbb, 0xf8, 0x00, 0xbb, 0x00, 0x00, 0x00, 0x00,
    0x38, 0x86, 0x00, 0x06, 0xfc, 0xbf, 0x90, 0x0e, 0xb0, 0x08, 0xf3, 0x3f, 0x80, 0x04, 0xf7, 0x4f,
    0x80, 0x04, 0xf8, 0x0e, 0x90, 0x06, 0xf4, 0x08, 0xf9, 0x8e, 0xc0, 0x00, 0x6a, 0xb8, 0x10, 0x00,
    0x68, 0x42, 0xbf, 0xf8, 0x48, 0x5f, 0x80, 0x04, 0xf8, 0x00, 0x4f, 0x80, 0x04, 0xf8, 0x00, 0x4f,
    0x80, 0x03, 0xb6, 0x00, 0x68, 0x84, 0x00, 0x08, 0xe9, 0xbf, 0x60, 0x0b, 0x60, 0x0c, 0xb0, 0x00,
    0x00, 0x3e, 0x80, 0x00, 0x06, 0xe9, 0x00, 0x00, 0x9e, 0x60, 0x00, 0x0c, 0xfa, 0x88, 0x80, 0x0b,
    0xbb, 0xbb, 0xb0, 0x00, 0x48, 0x85, 0x00, 0x08, 0xfb, 0xbf, 0x80, 0x07, 0x50, 0x09, 0xd0, 0x00,
    0x06, 0x9d, 0x60, 0x00, 0x06, 0x9e, 0x80, 0x04, 0x20, 0x08, 0xf3, 0x0c, 0xe8, 0x8e, 0xe1, 0x01,
    0x7b, 0xb8, 0x10, 0x00, 0x00, 0x58, 0x40, 0x00, 0x04, 0xff, 0x80, 0x00, 0x1e, 0x9f, 0x80, 0x00,
    0xbc, 0x1f, 0x80, 0x08, 0xe2, 0x0f, 0x80, 0x0f, 0xdb, 0xbf, 0xd6, 0x08, 0x88, 0x8f, 0xb4, 0x00,
    0x00, 0x0b, 0x60, 0x28, 0x88, 0x86, 0x06, 0xfb, 0xbb, 0x80, 0x8d, 0x00, 0x00, 0x09, 0xdd, 0xfd,
    0x30, 0x37, 0x12, 0xbe, 0x04, 0x20, 0x08, 0xf0, 0x9e, 0x88, 0xeb, 0x00, 0x7b, 0xb7, 0x10, 0x00,
    0x28, 0x86, 0x00, 0x05, 0xfd, 0xbf, 0x80, 0x0d, 0xb0, 0x05, 0x80, 0x2f, 0x8b, 0xfd, 0x50, 0x4f,
    0xc2, 0x2a, 0xe1, 0x0f, 0x80, 0x05, 0xf3, 0x08, 0xe8, 0x8e, 0xc0, 0x00, 0x6a, 0xb8, 0x10, 0x28,
    0x88, 0x88, 0x43, 0xbb, 0xbb, 0xf8, 0x00, 0x00, 0x8f, 0x20, 0x00, 0x2e, 0x80, 0x00, 0x0b, 0xd0,
    0x00, 0x05, 0xf4, 0x00, 0x01, 0xe9, 0x00, 0x00, 0x6b, 0x10, 0x00, 0x00, 0x48, 0x86, 0x00, 0x08,
    0xf9, 0x9e, 0x90, 0x0b, 0xb0, 0x08, 0xe0, 0x05, 0xd8, 0x8d, 0x60, 0x08, 0xe9, 0x8e, 0x80, 0x3f,
    0x80, 0x05, 0xf4, 0x1d, 0xd6, 0x6c, 0xe2, 0x01, 0x7b, 0xb8, 0x20, 0x00, 0x68, 0x84, 0x00, 0x09,
    0xe9, 0xaf, 0x60, 0x2f, 0x60, 0x09, 0xe0, 0x2f, 0x90, 0x1a, 0xf3, 0x06, 0xff, 0xe8, 0xf3, 0x08,
    0x43, 0x0a, 0xe0, 0x0b, 0xe8, 0xbf, 0x70, 0x01, 0x8b, 0xa5, 0x00, 0x00, 0x00, 0x00, 0x00, 0xb8,
    0x00, 0x34, 0xc9, 0x42, 0xbf, 0xff, 0xf8, 0x00, 0xb8, 0x00, 0x00, 0x86, 0x00, 0x34, 0x44, 0x42,
    0xbf, 0xff, 0xf8, 0x00, 0x00, 0x00, 0x34, 0x44, 0x42, 0x8b, 0xbb, 0xb6, 0x00, 0x00, 0x00, 0xbf,
    0xff, 0xf8, 0x34, 0x44, 0x42, 0x08, 0xd0, 0x1e, 0x70, 0x6f, 0x20, 0x9f, 0x00, 0xbb, 0x00, 0xad,
    0x00, 0x7f, 0x20, 0x2f, 0x80, 0x08, 0xd0, 0x2f, 0x60, 0x09, 0xd0, 0x05, 0xf3, 0x01, 0xf8, 0x00,
    0xf8, 0x00, 0xf8, 0x05, 0xf5, 0x09, 0xd0, 0x2f, 0x60, 0x04, 0xab, 0xa4, 0x00, 0xb8, 0x49, 0xf2,
    0x02, 0x88, 0xcf, 0x43, 0xf8, 0x57, 0xf4, 0x5f, 0x74, 0xcf, 0x40, 0x8b, 0xa6, 0xb3, 0x01, 0x9b,
    0xb6, 0x00, 0xcc, 0x46, 0xe8, 0x4f, 0x98, 0x8d, 0xb4, 0xf7, 0x44, 0x43, 0x0c, 0xc6, 0x6c, 0x60,
    0x18, 0xbb, 0x70, 0x01, 0x9b, 0xb8, 0x00, 0xcc, 0x57, 0xf8, 0x4f, 0x50, 0x09, 0xe3, 0xf6, 0x00,
    0xae, 0x0c, 0xe8, 0x8f, 0x80, 0x18, 0xbb, 0x60, 0x1b, 0x60, 0x3b, 0x40, 0x8f, 0x4e, 0xa0, 0x00,
    0xbe, 0xe1, 0x00, 0x1d, 0xcf, 0x30, 0x0a, 0xd1, 0xcc, 0x14, 0xb3, 0x01, 0xb6, 0x00, 0x38, 0x72,
    0x00, 0x08, 0xff, 0xff, 0x60, 0x03, 0x70, 0x1b, 0xf2, 0x08, 0x88, 0x8a, 0xf4, 0x0f, 0xdb, 0xbc,
    0xf4, 0x0d, 0xa0, 0x08, 0xf3, 0x08, 0xf9, 0x8f, 0x90, 0x00, 0x8b, 0xb8, 0x00, 0x84, 0x00, 0x00,
    0xf8, 0x00, 0x00, 0xf8, 0x9b, 0xa1, 0xfd, 0x88, 0xea, 0xf8, 0x00, 0xbb, 0xf8, 0x00, 0xbb, 0xf8,
    0x00, 0xbb, 0xb6, 0x00, 0x88, 0x84, 0x00, 0x00, 0xf8, 0x00, 0x00, 0xf8, 0x06, 0xb3, 0xf8, 0x7f,
    0x60, 0xfe, 0xf8, 0x00, 0xfc, 0xce, 0x20, 0xf8, 0x1d, 0xc1, 0xb6, 0x03, 0xb6, 0x84, 0xf8, 0xf8,
    0xf8, 0xf8, 0xf8, 0xf8, 0xb6, 0xb7, 0xab, 0x63, 0xbb, 0x60, 0xfe, 0x8a, 0xfb, 0x8c, 0xf2, 0xf8,
    0x01, 0xf4, 0x04, 0xf4, 0xf8, 0x00, 0xf4, 0x04, 0xf4, 0xf8, 0x00, 0xf4, 0x04, 0xf4, 0xb6, 0x00,
    0xb3, 0x03, 0xb3, 0xb7, 0x9b, 0xa1, 0xfd, 0x88, 0xea, 0xf8, 0x00, 0xbb, 0xf8, 0x00, 0xbb, 0xf8,
    0x00, 0xbb, 0xb6, 0x00, 0x88, 0xb7, 0x9b, 0xa2, 0x0f, 0xd6, 0x6e, 0xc0, 0xf8, 0x00, 0x8f, 0x0f,
    0x80, 0x08, 0xf0, 0xfe, 0x88, 0xeb, 0x0f, 0x88, 0xb8, 0x10, 0xf8, 0x00, 0x00, 0x0b, 0x60, 0x00,
    0x00, 0x05, 0xbb, 0xb5, 0x00, 0xfa, 0x47, 0xa0, 0x0c, 0xea, 0x83, 0x00, 0x15, 0x8c, 0xf3, 0x1f,
    0xa4, 0x8f, 0x30, 0x4a, 0xb9, 0x40, 0x00, 0x00, 0x00, 0xbb, 0x00, 0x8e, 0xe8, 0x03, 0xcc, 0x30,
    0x0b, 0xb0, 0x00, 0xbb, 0x00, 0x0b, 0xd6, 0x00, 0x3a, 0xb0, 0x00, 0x00, 0x00, 0x20, 0x00, 0x00,
    0x00, 0x00, 0x00, 0x06, 0xf4, 0x00, 0x00, 0x00, 0x00, 0x00, 0x6f, 0x90, 0x00, 0x00, 0x00, 0x00,
    0x06, 0xf9, 0x00, 0x00, 0x00, 0x00, 0x00, 0x6f, 0x70, 0x00, 0x00, 0x00, 0x00, 0x06, 0xf9, 0x88,
    0x88, 0x88, 0x88, 0x88, 0x0c, 0xfd, 0xff, 0xff, 0xff, 0xff, 0xff, 0x01, 0xcb, 0x10, 0x00, 0x00,
    0x00, 0x00, 0x00, 0x1c, 0xc3, 0x00, 0x00, 0x00, 0x00, 0x00, 0x01, 0xce, 0x30, 0x00, 0x00, 0x00,
    0x00, 0x00, 0x1c, 0xe3, 0x00, 0x00, 0x00, 0x00, 0x00, 0x01, 0xb3, 0x00, 0x00, 0x00, 0x00, 0x00,
    0x00, 0x20, 0x00, 0x00, 0x00, 0x00, 0x00, 0x6f, 0x60, 0x00, 0x00, 0x00, 0x00, 0x6f, 0xff, 0x60,
    0x00, 0x00, 0x00, 0x6f, 0x8f, 0x8f, 0x60, 0x00, 0x00, 0x6f, 0x94, 0xf4, 0x9f, 0x60, 0x00, 0x6f,
    0x90, 0x4f, 0x40, 0x9f, 0x60, 0x1e, 0x90, 0x04, 0xf4, 0x00, 0x9e, 0x10, 0x20, 0x00, 0x4f, 0x40,
    0x00, 0x20, 0x00, 0x00, 0x04, 0xf4, 0x00, 0x00, 0x00, 0x00, 0x00, 0x4f, 0x40, 0x00, 0x00, 0x00,
    0x00, 0x04, 0xf4, 0x00, 0x00, 0x00, 0x00, 0x00, 0x4f, 0x40, 0x00, 0x00, 0x00, 0x00, 0x04, 0xf4,
    0x00, 0x00, 0x00, 0x00, 0x00, 0x4f, 0x40, 0x00, 0x00, 0x00, 0x00, 0x00, 0x04, 0x00, 0x00, 0x00,
    0x00, 0x00, 0x00, 0x2f, 0x90, 0x00, 0x00, 0x00, 0x00, 0x00, 0x06, 0xf9, 0x00, 0x00, 0x00, 0x00,
    0x00, 0x00, 0x6f, 0x90, 0x00, 0x00, 0x00, 0x00, 0x00, 0x06, 0xe9, 0x00, 0x68, 0x88, 0x88, 0x88,
    0x88, 0x8f, 0x90, 0xbf, 0xff, 0xff, 0xff, 0xff, 0xde, 0xe2, 0x00, 0x00, 0x00, 0x00, 0x00, 0x9e,
    0x30, 0x00, 0x00, 0x00, 0x00, 0x1c, 0xe3, 0x00, 0x00, 0x00, 0x00, 0x01, 0xce, 0x30, 0x00, 0x00,
    0x00, 0x00, 0x1c, 0xe3, 0x00, 0x00, 0x00, 0x00, 0x00, 0x1b, 0x30, 0x00, 0x00, 0x00, 0x00, 0x00,
    0x00, 0x00, 0x00, 0x00, 0x00, 0x00, 0x4f, 0x40, 0x00, 0x00, 0x00, 0x00, 0x04, 0xf4, 0x00, 0x00,
    0x00, 0x00, 0x00, 0x4f, 0x40, 0x00, 0x00, 0x00, 0x00, 0x04, 0xf4, 0x00, 0x00, 0x00, 0x00, 0x00,
    0x4f, 0x40, 0x00, 0x00, 0x00, 0x00, 0x04, 0xf4, 0x00, 0x00, 0x00, 0x31, 0x00, 0x4f, 0x40, 0x01,
    0x50, 0x0d, 0xc1, 0x04, 0xf4, 0x01, 0xce, 0x10, 0x3e, 0xc1, 0x4f, 0x41, 0xce, 0x30, 0x00, 0x3e,
    0xa4, 0xf4, 0xae, 0x30, 0x00, 0x00, 0x3e, 0x9f, 0x9e, 0x30, 0x00, 0x00, 0x00, 0x3e, 0xfe, 0x30,
    0x00, 0x00, 0x00, 0x00, 0x3d, 0x30, 0x00, 0x00, 0x00, 0x00, 0x00, 0x00, 0x00, 0x00, 0x00, 0x00,
    0x00, 0x00, 0x20, 0x00, 0x00, 0x00, 0x04, 0x00, 0x00, 0x00, 0x00, 0x00, 0x06, 0xf4, 0x00, 0x00,
    0x00, 0x2f, 0x90, 0x00, 0x00, 0x00, 0x00, 0x6f, 0x90, 0x00, 0x00, 0x00, 0x06, 0xf9, 0x00, 0x00,
    0x00, 0x06, 0xf9, 0x00, 0x00, 0x00, 0x00, 0x00, 0x6f, 0x90, 0x00, 0x00, 0x6f, 0x70, 0x00, 0x00,
    0x00, 0x00, 0x00, 0x06, 0xf9, 0x00, 0x06, 0xf9, 0x88, 0x88, 0x88, 0x88, 0x88, 0x88, 0x88, 0x8f,
    0x90, 0x0c, 0xfd, 0xff, 0xff, 0xff, 0xff, 0xff, 0xff, 0xff, 0xdf, 0xe2, 0x01, 0xcb, 0x10, 0x00,
    0x00, 0x00, 0x00, 0x00, 0x01, 0x9e, 0x30, 0x00, 0x1c, 0xc3, 0x00, 0x00, 0x00, 0x00, 0x00, 0x1c,
    0xe3, 0x00, 0x00, 0x01, 0xce, 0x30, 0x00, 0x00, 0x00, 0x01, 0xce, 0x30, 0x00, 0x00, 0x00, 0x1c,
    0xe3, 0x00, 0x00, 0x00, 0x1c, 0xe3, 0x00, 0x00, 0x00, 0x00, 0x01, 0xb3, 0x00, 0x00, 0x00, 0x1b,
    0x30, 0x00, 0x00, 0x00, 0x00, 0x00, 0x00, 0x00, 0x00, 0x00, 0x00, 0x00, 0x3d, 0x30, 0x00, 0x00,
    0x00, 0x00, 0x3e, 0xfe, 0x30, 0x00, 0x00, 0x00, 0x3e, 0xaf, 0xbe, 0x30, 0x00, 0x00, 0x3e, 0xc5,
    0xf5, 0xce, 0x30, 0x00, 0x3e, 0xe1, 0x4f, 0x41, 0xde, 0x30, 0x1e, 0xe3, 0x04, 0xf4, 0x03, 0xee,
    0x10, 0x63, 0x00, 0x4f, 0x40, 0x03, 0x60, 0x00, 0x00, 0x04, 0xf4, 0x00, 0x00, 0x00, 0x00, 0x00,
    0x4f, 0x40, 0x00, 0x00, 0x00, 0x00, 0x04, 0xf4, 0x00, 0x00, 0x00, 0x00, 0x00, 0x4f, 0x40, 0x00,
    0x00, 0x00, 0x00, 0x04, 0xf4, 0x00, 0x00, 0x00, 0x00, 0x00, 0x4f, 0x40, 0x00, 0x00, 0x00, 0x00,
    0x04, 0xf4, 0x00, 0x00, 0x01, 0xc6, 0x00, 0x4f, 0x40, 0x06, 0xc1, 0x09, 0xf6, 0x04, 0xf4, 0x06,
    0xf9, 0x00, 0x09, 0xf6, 0x4f, 0x46, 0xf9, 0x00, 0x00, 0x09, 0xf6, 0xf7, 0xf9, 0x00, 0x00, 0x00,
    0x09, 0xef, 0xe9, 0x00, 0x00, 0x00, 0x00, 0x09, 0xf9, 0x00, 0x00, 0x00, 0x00, 0x00, 0x06, 0x00,
    0x00, 0x00, 0x8b, 0xbb, 0xbb, 0xbb, 0x30, 0x0b, 0xfc, 0x88, 0xab, 0xb3, 0x00, 0xbc, 0xf9, 0x00,
    0x00, 0x00, 0x0b, 0x88, 0xf9, 0x00, 0x00, 0x00, 0xb9, 0x09, 0xf9, 0x00, 0x00, 0x0b, 0xb0, 0x09,
    0xf9, 0x00, 0x00, 0xbb, 0x00, 0x09, 0xf9, 0x00, 0x0b, 0xb0, 0x00, 0x09, 0xf9, 0x00, 0x33, 0x00,
    0x00, 0x09, 0xf9, 0x00, 0x00, 0x00, 0x00, 0x09, 0x60, 0x00, 0x3b, 0xbb, 0xbb, 0xbb, 0x80, 0x03,
    0xbb, 0xa8, 0x8c, 0xfb, 0x00, 0x00, 0x00, 0x09, 0xfb, 0xb0, 0x00, 0x00, 0x09, 0xf6, 0x8b, 0x00,
    0x00, 0x09, 0xf6, 0x0b, 0xb0, 0x00, 0x09, 0xf6, 0x00, 0xbb, 0x00, 0x09, 0xf6, 0x00, 0x0b, 0xb0,
    0x09, 0xf6, 0x00, 0x00, 0xbb, 0x09, 0xf6, 0x00, 0x00, 0x03, 0x30, 0x96, 0x00, 0x00, 0x00, 0x00,
    0x06, 0x60, 0x00, 0x00, 0x00, 0x00, 0xcf, 0x60, 0x00, 0x00, 0x00, 0x01, 0xcf, 0x60, 0x00, 0x0b,
    0xb0, 0x01, 0xcf, 0x60, 0x00, 0xbb, 0x00, 0x01, 0xcf, 0x60, 0x0b, 0xb0, 0x00, 0x01, 0xcf, 0x60,
    0xbb, 0x00, 0x00, 0x01, 0xcf, 0x69, 0xb0, 0x00, 0x00, 0x01, 0xce, 0xab, 0x00, 0x28, 0x88, 0x85,
    0xcf, 0xb0, 0x04, 0xff, 0xff, 0xff, 0xfb, 0x00, 0x00, 0x00, 0x00, 0x66, 0x00, 0x00, 0x00, 0x00,
    0x6f, 0x90, 0xbb, 0x00, 0x00, 0x6f, 0x90, 0x0b, 0xb0, 0x00, 0x6f, 0x90, 0x00, 0xbb, 0x00, 0x6f,
    0x90, 0x00, 0x0b, 0xa0, 0x6f, 0x90, 0x00, 0x00, 0xb8, 0x6f, 0x90, 0x00, 0x00, 0x0b, 0xaf, 0x90,
    0x00, 0x00, 0x00, 0xbf, 0xb5, 0x88, 0x88, 0x20, 0x0b, 0xff, 0xff, 0xff, 0xf4, 0x00, 0x6b, 0xbb,
    0xbb, 0xbb, 0x36, 0xbb, 0xbb, 0xbb, 0xb3, 0x00, 0x00, 0x00, 0x00, 0x00, 0x00, 0x00, 0x00, 0x00,
    0x6b, 0xbb, 0xbb, 0xbb, 0x36, 0xbb, 0xbb, 0xbb, 0xb3, 0x00, 0x00, 0x00, 0x00, 0x00, 0x00, 0x00,
    0x00, 0x00, 0x6b, 0xbb, 0xbb, 0xbb, 0x36, 0xbb, 0xbb, 0xbb, 0xb3, 0x24, 0x00, 0x00, 0x00, 0x00,
    0x00, 0x00, 0x04, 0xfa, 0x20, 0x00, 0x00, 0x00, 0x00, 0x00, 0x4f, 0xfe, 0x80, 0x00, 0x00, 0x00,
    0x00, 0x04, 0xff, 0xff, 0xd5, 0x00, 0x00, 0x00, 0x00, 0x4f, 0xff, 0xff, 0xfb, 0x20, 0x00, 0x00,
    0x04, 0xff, 0xff, 0xff, 0xff, 0x81, 0x00, 0x00, 0x4f, 0xff, 0xff, 0xff, 0xff, 0xe6, 0x00, 0x04,
    0xff, 0xff, 0xff, 0xff, 0xff, 0xfb, 0x30, 0x4f, 0xff, 0xff, 0xff, 0xff, 0xff, 0xff, 0x34, 0xff,
    0xff, 0xff, 0xff, 0xff, 0xfb, 0x20, 0x4f, 0xff, 0xff, 0xff, 0xff, 0xd4, 0x00, 0x04, 0xff, 0xff,
    0xff, 0xfe, 0x80, 0x00, 0x00, 0x4f, 0xff, 0xff, 0xf9, 0x10, 0x00, 0x00, 0x04, 0xff, 0xff, 0xc4,
    0x00, 0x00, 0x00, 0x00, 0x4f, 0xfe, 0x60, 0x00, 0x00, 0x00, 0x00, 0x04, 0xf8, 0x10, 0x00, 0x00,
    0x00, 0x00, 0x00, 0x23, 0x00, 0x00, 0x00, 0x00, 0x00, 0x00, 0x00, 0x24, 0x00, 0x00, 0x00, 0x00,
    0x00, 0x00, 0x04, 0xfa, 0x20, 0x00, 0x00, 0x00, 0x00, 0x00, 0x4f, 0xfe, 0x80, 0x00, 0x00, 0x00,
    0x00, 0x04, 0xf5, 0x9f, 0xd5, 0x00, 0x00, 0x00, 0x00, 0x4f, 0x40, 0x4b, 0xfb, 0x20, 0x00, 0x00,
    0x04, 0xf4, 0x00, 0x06, 0xef, 0x81, 0x00, 0x00, 0x4f, 0x40, 0x00, 0x01, 0x8f, 0xe6, 0x00, 0x04,
    0xf4, 0x00, 0x00, 0x00, 0x2b, 0xfb, 0x30, 0x4f, 0x40, 0x00, 0x00, 0x00, 0x0a, 0xff, 0x34, 0xf4,
    0x00, 0x00, 0x00, 0x4c, 0xfb, 0x20, 0x4f, 0x40, 0x00, 0x02, 0x9f, 0xd4, 0x00, 0x04, 0xf4, 0x00,
    0x08, 0xee, 0x80, 0x00, 0x00, 0x4f, 0x40, 0x4d, 0xf9, 0x10, 0x00, 0x00, 0x04, 0xf6, 0xbf, 0xc4,
    0x00, 0x00, 0x00, 0x00, 0x4f, 0xfe, 0x60, 0x00, 0x00, 0x00, 0x00, 0x04, 0xf8, 0x10, 0x00, 0x00,
    0x00, 0x00, 0x00, 0x23, 0x00, 0x00, 0x00, 0x00, 0x00, 0x00, 0x00, 0x00, 0x00, 0x01, 0x44, 0x30,
    0x00, 0x00, 0x00, 0x03, 0xbf, 0xff, 0xfd, 0x80, 0x00, 0x00, 0x6f, 0xff, 0xff, 0xff, 0xfb, 0x10,
    0x04, 0xff, 0xff, 0xff, 0xff, 0xff, 0xa0, 0x0d, 0xff, 0xff, 0xff, 0xff, 0xff, 0xf4, 0x3f, 0xff,
    0xff, 0xff, 0xff, 0xff, 0xfa, 0x8f, 0xff, 0xff, 0xff, 0xff, 0xff, 0xfe, 0x8f, 0xff, 0xff, 0xff,
    0xff, 0xff, 0xff, 0x8f, 0xff, 0xff, 0xff, 0xff, 0xff, 0xfe, 0x3f, 0xff, 0xff, 0xff, 0xff, 0xff,
    0xf9, 0x0b, 0xff, 0xff, 0xff, 0xff, 0xff, 0xf4, 0x03, 0xef, 0xff, 0xff, 0xff, 0xff, 0x90, 0x00,
    0x5e, 0xff, 0xff, 0xff, 0xf9, 0x00, 0x00, 0x02, 0x9e, 0xff, 0xfc, 0x60, 0x00, 0x00, 0x00, 0x00,
    0x34, 0x10, 0x00, 0x00,
};

static const prim_glyph_t ui_font_sans_18_glyphs[] = {
    {32, 0, 0, 0, 0, 0, 5},
    {33, 0, 3, 15, 1, 14, 5},
    {34, 23, 6, 6, 1, 14, 8},
    {35, 41, 12, 14, 0, 14, 11},
    {36, 125, 10, 18, 1, 16, 12},
    {37, 215, 14, 15, 2, 14, 18},
    {38, 320, 12, 15, 0, 14, 12},
    {39, 410, 3, 6, 1, 14, 5},
    {40, 419, 5, 17, 1, 14, 7},
    {41, 462, 5, 17, 0, 14, 7},
    {42, 505, 8, 9, 1, 14, 9},
    {43, 541, 10, 10, 1, 10, 12},
    {44, 591, 3, 6, 1, 2, 5},
    {45, 600, 7, 3, 1, 7, 8},
    {46, 611, 3, 4, 1, 3, 5},
    {47, 617, 7, 16, 0, 14, 6},
    {48, 673, 10, 15, 1, 14, 11},
    {49, 748, 6, 14, 0, 14, 7},
    {50, 790, 9, 14, 1, 14, 11},
    {51, 853, 10, 15, 1, 14, 11},
    {52, 928, 10, 14, 1, 14, 12},
    {53, 998, 9, 15, 1, 14, 11},
    {54, 1066, 10, 15, 1, 14, 11},
    {55, 1141, 10, 14, 0, 14, 10},
    {56, 1211, 10, 15, 1, 14, 11},
    {57, 1286, 10, 15, 1, 14, 11},
    {58, 1361, 3, 11, 1, 10, 5},
    {59, 1378, 4, 14, 1, 10, 5},
    {60, 1406, 9, 10, 1, 10, 12},
    {61, 1451, 9, 6, 1, 8, 12},
    {62, 1478, 9, 10, 2, 10, 12},
    {63, 1523, 9, 15, 0, 14, 9},
    {64, 1591, 16, 17, 1, 13, 17},
    {65, 1727, 12, 14, 0, 14, 12},
    {66, 1811, 10, 14, 1, 14, 12},
    {67, 1881, 12, 15, 1, 14, 13},
    {68, 1971, 11, 14, 1, 14, 13},
    {69, 2048, 9, 14, 1, 14, 11},
    {70, 2111, 9, 14, 1, 14, 11},
    {71, 2174, 12, 15, 1, 14, 13},
    {72, 2264, 11, 14, 1, 14, 13},
    {73, 2341, 3, 14, 1, 14, 5},
    {74, 2362, 9, 15, 0, 14, 10},
    {75, 2430, 11, 14, 1, 14, 12},
    {76, 2507, 9, 14, 1, 14, 10},
    {77, 2570, 14, 14, 1, 14, 16},
    {78, 2668, 11, 14, 1, 14, 14},
    {79, 2745, 12, 15, 1, 14, 14},
    {80, 2835, 10, 14, 1, 14, 11},
    {81, 2905, 12, 16, 1, 14, 14},
    {82, 3001, 11, 14, 1, 14, 12},
    {83, 3078, 10, 15, 1, 14, 12},
    {84, 3153, 11, 14, 0, 14, 12},
    {85, 3230, 11, 15, 1, 14, 13},
    {86, 3313, 12, 14, 0, 14, 12},
    {87, 3397, 18, 14, 0, 14, 18},
    {88, 3523, 12, 14, 0, 14, 12},
    {89, 3607, 12, 14, 0, 14, 12},
    {90, 3691, 10, 14, 1, 14, 11},
    {91, 3761, 5, 17, 1, 14, 7},
    {92, 3804, 7, 16, 0, 14, 6},
    {93, 3860, 4, 17, 1, 14, 7},
    {94, 3894, 8, 6, 0, 13, 8},
    {95, 3918, 9, 2, 0, 0, 8},
    {96, 3927, 4, 3, 1, 14, 6},
    {97, 3933, 9, 11, 0, 10, 10},
    {98, 3983, 10, 15, 1, 14, 11},
    {99, 4058, 10, 11, 0, 10, 10},
    {100, 4113, 10, 15, 0, 14, 11},
    {101, 4188, 10, 11, 0, 10, 10},
    {102, 4243, 7, 14, 0, 14, 7},
    {103, 4292, 10, 14, 0, 10, 11},
    {104, 4362, 9, 14, 1, 14, 11},
    {105, 4425, 3, 14, 1, 14, 4},
    {106, 4446, 5, 18, -1, 14, 4},
    {107, 4491, 9, 14, 1, 14, 10},
    {108, 4554, 2, 14, 1, 14, 4},
    {109, 4568, 14, 11, 1, 11, 16},
    {110, 4645, 9, 10, 1, 10, 11},
    {111, 4690, 10, 11, 0, 10, 11},
    {112, 4745, 10, 14, 1, 10, 11},
    {113, 4815, 10, 14, 0, 10, 11},
    {114, 4885, 6, 10, 1, 10, 7},
    {115, 4915, 9, 11, 0, 10, 10},
    {116, 4965, 6, 14, 0, 13, 6},
    {117, 5007, 9, 11, 1, 10, 11},
    {118, 5057, 10, 10, 0, 10, 10},
    {119, 5107, 15, 10, 0, 10, 15},
    {120, 5182, 10, 10, 0, 10, 10},
    {121, 5232, 10, 14, 0, 10, 10},
    {122, 5302, 8, 10, 1, 10, 10},
    {123, 5342, 6, 17, 1, 14, 8},
    {124, 5393, 2, 23, 2, 18, 6},
    {125, 5416, 6, 17, 1, 14, 8},
    {126, 5467, 10, 4, 1, 7, 12},
    {160, 5487, 0, 0, 0, 0, 5},
    {161, 5487, 3, 15, 1, 11, 5},
    {162, 5510, 10, 14, 0, 14, 10},
    {163, 5580, 11, 14, 0, 14, 11},
    {164, 5657, 12, 13, 1, 12, 13},
    {165, 5735, 10, 14, 0, 14, 10},
    {166, 5805, 3, 17, 1, 14, 5},
    {167, 5831, 9, 17, 1, 14, 10},
    {168, 5908, 7, 3, 2, 14, 11},
    {169, 5919, 14, 15, 1, 14, 16},
    {170, 6024, 8, 9, 0, 14, 8},
    {171, 6060, 10, 9, 0, 10, 10},
    {172, 6105, 9, 5, 1, 7, 12},
    {173, 6128, 7, 2, 2, 7, 11},
    {174, 6135, 12, 11, 0, 14, 12},
    {175, 6201, 6, 3, 1, 14, 9},
    {176, 6210, 7, 7, 1, 14, 8},
    {177, 6235, 10, 10, 1, 10, 12},
    {178, 6285, 8, 9, 0, 16, 8},
    {179, 6321, 8, 9, 0, 16, 8},
    {180, 6357, 4, 3, 1, 14, 6},
    {181, 6363, 10, 14, 1, 10, 11},
    {182, 6433, 10, 14, 0, 14, 11},
    {183, 6503, 3, 3, 1, 8, 5},
    {184, 6508, 4, 5, 1, 1, 5},
    {185, 6518, 5, 9, 0, 16, 5},
    {186, 6541, 8, 9, 0, 14, 9},
    {187, 6577, 10, 9, 0, 10, 10},
    {188, 6622, 14, 14, 0, 14, 14},
    {189, 6720, 15, 14, 0, 14, 15},
    {190, 6825, 16, 14, 0, 14, 16},
    {191, 6937, 9, 14, 0, 10, 9},
    {192, 7000, 12, 17, 0, 17, 12},
    {193, 7102, 12, 17, 0, 17, 12},
    {194, 7204, 12, 17, 0, 17, 12},
    {195, 7306, 12, 17, 0, 17, 12},
    {196, 7408, 12, 17, 0, 17, 12},
    {197, 7510, 12, 18, 0, 18, 12},
    {198, 7618, 17, 14, 0, 14, 18},
    {199, 7737, 12, 18, 1, 14, 13},
    {200, 7845, 9, 17, 1, 17, 11},
    {201, 7922, 9, 17, 1, 17, 11},
    {202, 7999, 9, 17, 1, 17, 11},
    {203, 8076, 9, 17, 1, 17, 11},
    {204, 8153, 4, 17, 0, 17, 5},
    {205, 8187, 4, 17, 1, 17, 5},
    {206, 8221, 7, 17, -1, 17, 5},
    {207, 8281, 7, 17, -1, 17, 5},
    {208, 8341, 13, 14, 0, 14, 13},
    {209, 8432, 11, 17, 1, 17, 14},
    {210, 8526, 12, 18, 1, 17, 14},
    {211, 8634, 12, 18, 1, 17, 14},
    {212, 8742, 12, 18, 1, 17, 14},
    {213, 8850, 12, 18, 1, 17, 14},
    {214, 8958, 12, 18, 1, 17, 14},
    {215, 9066, 10, 10, 1, 10, 12},
    {216, 9116, 12, 15, 1, 14, 14},
    {217, 9206, 11, 18, 1, 17, 13},
    {218, 9305, 11, 18, 1, 17, 13},
    {219, 9404, 11, 18, 1, 17, 13},
    {220, 9503, 11, 18, 1, 17, 13},
    {221, 9602, 12, 17, 0, 17, 12},
    {222, 9704, 10, 14, 1, 14, 11},
    {223, 9774, 10, 14, 1, 14, 11},
    {224, 9844, 9, 15, 0, 14, 10},
    {225, 9912, 9, 15, 0, 14, 10},
    {226, 9980, 9, 15, 0, 14, 10},
    {227, 10048, 9, 15, 0, 14, 10},
    {228, 10116, 9, 15, 0, 14, 10},
    {229, 10184, 9, 16, 0, 15, 10},
    {230, 10256, 16, 11, 0, 10, 17},
    {231, 10344, 10, 14, 0, 10, 10},
    {232, 10414, 10, 15, 0, 14, 10},
    {233, 10489, 10, 15, 0, 14, 10},
    {234, 10564, 10, 15, 0, 14, 10},
    {235, 10639, 10, 15, 0, 14, 10},
    {236, 10714, 4, 14, -1, 14, 4},
    {237, 10742, 4, 14, 1, 14, 4},
    {238, 10770, 7, 14, -1, 14, 4},
    {239, 10819, 7, 14, -1, 14, 4},
    {240, 10868, 10, 15, 0, 14, 10},
    {241, 10943, 9, 14, 1, 14, 11},
    {242, 11006, 10, 15, 0, 14, 11},
    {243, 11081, 10, 15, 0, 14, 11},
    {244, 11156, 10, 15, 0, 14, 11},
    {245, 11231, 10, 15, 0, 14, 11},
    {246, 11306, 10, 15, 0, 14, 11},
    {247, 11381, 10, 10, 1, 10, 12},
    {248, 11431, 11, 12, 0, 11, 11},
    {249, 11497, 9, 15, 1, 14, 11},
    {250, 11565, 9, 15, 1, 14, 11},
    {251, 11633, 9, 15, 1, 14, 11},
    {252, 11701, 9, 15, 1, 14, 11},
    {253, 11769, 10, 18, 0, 14, 10},
    {254, 11859, 10, 18, 1, 14, 11},
    {255, 11949, 10, 18, 0, 14, 10},
    {256, 12039, 12, 17, 0, 17, 12},
    {257, 12141, 9, 15, 0, 14, 10},
    {258, 12209, 12, 17, 0, 17, 12},
    {259, 12311, 9, 15, 0, 14, 10},
    {260, 12379, 13, 18, 0, 14, 12},
    {261, 12496, 10, 14, 0, 10, 10},
    {262, 12566, 12, 18, 1, 17, 13},
    {263, 12674, 10, 15, 0, 14, 10},
    {264, 12749, 12, 18, 1, 17, 13},
    {265, 12857, 10, 15, 0, 14, 10},
    {266, 12932, 12, 18, 1, 17, 13},
    {267, 13040, 10, 15, 0, 14, 10},
    {268, 13115, 12, 18, 1, 17, 13},
    {269, 13223, 10, 15, 0, 14, 10},
    {270, 13298, 11, 17, 1, 17, 13},
    {271, 13392, 13, 15, 0, 14, 13},
    {272, 13490, 13, 14, 0, 14, 13},
    {273, 13581, 11, 15, 0, 14, 11},
    {274, 13664, 9, 17, 1, 17, 11},
    {275, 13741, 10, 15, 0, 14, 10},
    {276, 13816, 9, 17, 1, 17, 11},
    {277, 13893, 10, 15, 0, 14, 10},
    {278, 13968, 9, 17, 1, 17, 11},
    {279, 14045, 10, 15, 0, 14, 10},
    {280, 14120, 10, 18, 1, 14, 11},
    {281, 14210, 10, 14, 0, 10, 10},
    {282, 14280, 9, 17, 1, 17, 11},
    {283, 14357, 10, 15, 0, 14, 10},
    {284, 14432, 12, 18, 1, 17, 13},
    {285, 14540, 10, 18, 0, 14, 11},
    {286, 14630, 12, 18, 1, 17, 13},
    {287, 14738, 10, 18, 0, 14, 11},
    {288, 14828, 12, 18, 1, 17, 13},
    {289, 14936, 10, 18, 0, 14, 11},
    {290, 15026, 12, 19, 1, 14, 13},
    {291, 15140, 10, 19, 0, 15, 11},
    {292, 15235, 11, 17, 1, 17, 13},
    {293, 15329, 11, 17, -1, 17, 11},
    {294, 15423, 14, 14, 0, 14, 14},
    {295, 15521, 10, 14, 0, 14, 11},
    {296, 15591, 6, 17, -1, 17, 5},
    {297, 15642, 6, 14, -1, 14, 4},
    {298, 15684, 6, 17, -1, 17, 5},
    {299, 15735, 6, 14, -1, 14, 4},
    {300, 15777, 6, 17, -1, 17, 5},
    {301, 15828, 6, 14, -1, 14, 4},
    {302, 15870, 4, 18, 0, 14, 5},
    {303, 15906, 5, 18, -1, 14, 4},
    {304, 15951, 3, 17, 1, 17, 5},
    {305, 15977, 2, 10, 1, 10, 4},
    {306, 15987, 13, 15, 1, 14, 15},
    {307, 16085, 7, 18, 1, 14, 9},
    {308, 16148, 11, 18, 0, 17, 10},
    {309, 16247, 7, 18, -1, 14, 4},
    {310, 16310, 11, 19, 1, 14, 12},
    {311, 16415, 9, 19, 1, 14, 10},
    {312, 16501, 9, 10, 1, 10, 9},
    {313, 16546, 9, 17, 1, 17, 10},
    {314, 16623, 4, 17, 1, 17, 4},
    {315, 16657, 9, 19, 1, 14, 10},
    {316, 16743, 3, 19, 0, 14, 4},
    {317, 16772, 9, 14, 1, 14, 10},
    {318, 16835, 5, 14, 1, 14, 6},
    {319, 16870, 9, 14, 1, 14, 10},
    {320, 16933, 6, 14, 1, 14, 6},
    {321, 16975, 10, 14, 0, 14, 11},
    {322, 17045, 6, 14, -1, 14, 4},
    {323, 17087, 11, 17, 1, 17, 14},
    {324, 17181, 9, 14, 1, 14, 11},
    {325, 17244, 11, 19, 1, 14, 14},
    {326, 17349, 9, 15, 1, 10, 11},
    {327, 17417, 11, 17, 1, 17, 14},
    {328, 17511, 9, 14, 1, 14, 11},
    {329, 17574, 11, 15, -1, 15, 11},
    {330, 17657, 12, 18, 1, 14, 14},
    {331, 17765, 9, 14, 1, 10, 11},
    {332, 17828, 12, 18, 1, 17, 14},
    {333, 17936, 10, 15, 0, 14, 11},
    {334, 18011, 12, 18, 1, 17, 14},
    {335, 18119, 10, 15, 0, 14, 11},
    {336, 18194, 12, 18, 1, 17, 14},
    {337, 18302, 10, 15, 0, 14, 11},
    {338, 18377, 16, 14, 1, 14, 18},
    {339, 18489, 18, 11, 0, 10, 18},
    {340, 18588, 11, 17, 1, 17, 12},
    {341, 18682, 6, 14, 1, 14, 7},
    {342, 18724, 11, 19, 1, 14, 12},
    {343, 18829, 7, 15, 0, 10, 7},
    {344, 18882, 11, 17, 1, 17, 12},
    {345, 18976, 7, 14, 0, 14, 7},
    {346, 19025, 10, 18, 1, 17, 12},
    {347, 19115, 9, 15, 0, 14, 10},
    {348, 19183, 10, 18, 1, 17, 12},
    {349, 19273, 9, 15, 0, 14, 10},
    {350, 19341, 10, 18, 1, 14, 12},
    {351, 19431, 9, 14, 0, 10, 10},
    {352, 19494, 10, 18, 1, 17, 12},
    {353, 19584, 9, 15, 0, 14, 10},
    {354, 19652, 11, 18, 0, 14, 12},
    {355, 19751, 6, 17, 0, 13, 6},
    {356, 19802, 11, 17, 0, 17, 12},
    {357, 19896, 6, 16, 0, 15, 7},
    {358, 19944, 11, 14, 0, 14, 12},
    {359, 20021, 6, 14, 0, 13, 6},
    {360, 20063, 11, 18, 1, 17, 13},
    {361, 20162, 9, 15, 1, 14, 11},
    {362, 20230, 11, 18, 1, 17, 13},
    {363, 20329, 9, 15, 1, 14, 11},
    {364, 20397, 11, 18, 1, 17, 13},
    {365, 20496, 9, 15, 1, 14, 11},
    {366, 20564, 11, 19, 1, 18, 13},
    {367, 20669, 9, 16, 1, 15, 11},
    {368, 20741, 11, 18, 1, 17, 13},
    {369, 20840, 9, 15, 1, 14, 11},
    {370, 20908, 11, 18, 1, 14, 13},
    {371, 21007, 9, 14, 1, 10, 11},
    {372, 21070, 18, 17, 0, 17, 18},
    {373, 21223, 15, 14, 0, 14, 15},
    {374, 21328, 12, 17, 0, 17, 12},
    {375, 21430, 10, 18, 0, 14, 10},
    {376, 21520, 12, 17, 0, 17, 12},
    {377, 21622, 10, 17, 1, 17, 11},
    {378, 21707, 8, 14, 1, 14, 10},
    {379, 21763, 10, 17, 1, 17, 11},
    {380, 21848, 8, 14, 1, 14, 10},
    {381, 21904, 10, 17, 1, 17, 11},
    {382, 21989, 8, 14, 1, 14, 10},
    {383, 22045, 5, 14, 1, 14, 6},
    {913, 22080, 12, 14, 0, 14, 12},
    {914, 22164, 10, 14, 1, 14, 12},
    {915, 22234, 9, 14, 1, 14, 10},
    {916, 22297, 12, 14, 0, 14, 12},
    {917, 22381, 9, 14, 1, 14, 11},
    {918, 22444, 10, 14, 1, 14, 11},
    {919, 22514, 11, 14, 1, 14, 13},
    {920, 22591, 12, 15, 1, 14, 14},
    {921, 22681, 3, 14, 1, 14, 5},
    {922, 22702, 11, 14, 1, 14, 12},
    {923, 22779, 12, 14, 0, 14, 12},
    {924, 22863, 14, 14, 1, 14, 16},
    {925, 22961, 11, 14, 1, 14, 14},
    {926, 23038, 10, 14, 1, 14, 12},
    {927, 23108, 12, 15, 1, 14, 14},
    {928, 23198, 11, 14, 1, 14, 13},
    {929, 23275, 10, 14, 1, 14, 11},
    {931, 23345, 11, 14, 1, 14, 12},
    {932, 23422, 11, 14, 0, 14, 12},
    {933, 23499, 12, 14, 0, 14, 12},
    {934, 23583, 14, 15, 1, 14, 16},
    {935, 23688, 12, 14, 0, 14, 12},
    {936, 23772, 14, 14, 1, 14, 16},
    {937, 23870, 12, 14, 1, 14, 14},
    {938, 23954, 7, 17, -1, 17, 5},
    {939, 24014, 12, 17, 0, 17, 12},
    {940, 24116, 12, 15, 0, 14, 12},
    {941, 24206, 9, 15, 0, 14, 10},
    {942, 24274, 9, 18, 1, 14, 11},
    {943, 24355, 4, 15, 1, 14, 5},
    {944, 24385, 9, 17, 1, 16, 11},
    {945, 24462, 12, 11, 0, 10, 12},
    {946, 24528, 9, 18, 1, 14, 11},
    {947, 24609, 10, 14, 0, 10, 10},
    {948, 24679, 10, 15, 0, 14, 11},
    {949, 24754, 9, 11, 0, 10, 10},
    {950, 24804, 9, 17, 0, 14, 9},
    {951, 24881, 9, 14, 1, 10, 11},
    {952, 24944, 10, 15, 1, 14, 11},
    {953, 25019, 4, 11, 1, 10, 5},
    {954, 25041, 9, 10, 1, 10, 9},
    {955, 25086, 12, 15, 0, 14, 12},
    {956, 25176, 10, 14, 1, 10, 11},
    {957, 25246, 11, 10, 0, 10, 11},
    {958, 25301, 8, 17, 1, 14, 10},
    {959, 25369, 10, 11, 0, 10, 11},
    {960, 25424, 11, 11, 0, 10, 11},
    {961, 25485, 10, 14, 1, 10, 11},
    {962, 25555, 10, 13, 0, 10, 10},
    {963, 25620, 11, 11, 0, 10, 11},
    {964, 25681, 9, 11, 0, 10, 8},
    {965, 25731, 9, 11, 1, 10, 11},
    {966, 25781, 13, 15, 0, 11, 13},
    {967, 25879, 11, 14, 0, 10, 10},
    {968, 25956, 12, 17, 1, 13, 14},
    {969, 26058, 14, 11, 0, 10, 14},
    {8226, 26135, 6, 7, 2, 9, 10},
    {8304, 26156, 8, 9, 0, 16, 8},
    {8305, 26192, 3, 9, 0, 16, 4},
    {8308, 26206, 8, 9, 0, 16, 8},
    {8309, 26242, 7, 9, 1, 16, 8},
    {8310, 26274, 8, 9, 0, 16, 8},
    {8311, 26310, 7, 9, 0, 16, 7},
    {8312, 26342, 8, 9, 0, 16, 8},
    {8313, 26378, 8, 9, 0, 16, 8},
    {8314, 26414, 6, 6, 1, 14, 8},
    {8315, 26432, 6, 2, 1, 12, 8},
    {8316, 26438, 6, 4, 1, 13, 8},
    {8317, 26450, 4, 10, 1, 16, 5},
    {8318, 26470, 4, 10, 0, 16, 5},
    {8319, 26490, 6, 7, 1, 14, 8},
    {8320, 26511, 8, 8, 0, 5, 8},
    {8321, 26543, 5, 8, 0, 5, 5},
    {8322, 26563, 8, 8, 0, 5, 8},
    {8323, 26595, 8, 8, 0, 5, 8},
    {8324, 26627, 8, 8, 0, 5, 8},
    {8325, 26659, 7, 8, 1, 5, 8},
    {8326, 26687, 8, 8, 0, 5, 8},
    {8327, 26719, 7, 8, 0, 5, 7},
    {8328, 26747, 8, 8, 0, 5, 8},
    {8329, 26779, 8, 8, 0, 5, 8},
    {8330, 26811, 6, 6, 1, 4, 8},
    {8331, 26829, 6, 3, 1, 2, 8},
    {8332, 26838, 6, 5, 1, 3, 8},
    {8333, 26853, 4, 9, 1, 5, 5},
    {8334, 26871, 4, 9, 0, 5, 5},
    {8336, 26889, 7, 6, 0, 3, 7},
    {8337, 26910, 7, 6, 0, 3, 8},
    {8338, 26931, 7, 6, 0, 3, 8},
    {8339, 26952, 7, 6, 0, 3, 7},
    {8340, 26973, 8, 8, 0, 4, 8},
    {8341, 27005, 6, 8, 1, 5, 8},
    {8342, 27029, 6, 8, 1, 5, 7},
    {8343, 27053, 2, 8, 1, 5, 4},
    {8344, 27061, 10, 6, 1, 3, 11},
    {8345, 27091, 6, 6, 1, 3, 8},
    {8346, 27109, 7, 8, 1, 3, 8},
    {8347, 27137, 7, 6, 0, 3, 7},
    {8348, 27158, 5, 8, 0, 5, 4},
    {8592, 27178, 14, 12, 1, 12, 17},
    {8593, 27262, 13, 14, 1, 14, 15},
    {8594, 27353, 14, 12, 2, 12, 17},
    {8595, 27437, 13, 15, 1, 14, 15},
    {8596, 27535, 22, 12, 1, 12, 24},
    {8597, 27667, 13, 22, 1, 17, 15},
    {8598, 27810, 11, 10, 2, 10, 14},
    {8599, 27865, 11, 10, 1, 10, 14},
    {8600, 27920, 11, 10, 1, 10, 14},
    {8601, 27975, 11, 10, 2, 10, 14},
    {8801, 28030, 9, 10, 1, 11, 11},
    {9654, 28075, 15, 17, 1, 15, 16},
    {9655, 28203, 15, 17, 1, 15, 16},
    {9679, 28331, 14, 15, 1, 14, 16},
};

const prim_font_t ui_font_sans_18 = {
    .bitmap_data = ui_font_sans_18_bmp,
    .glyphs = ui_font_sans_18_glyphs,
    .glyph_count = 432,
    .line_height = 21,
    .baseline = 17,
    .ascent = 17,
    .descent = 4,
    .bpp = 4,
};
