/* Auto-generated by tools/font_gen/gen_fonts.js. Do not edit. */
#include <prim/text.h>
#include <ui/fonts.h>   /* UI_API extern decl -> correct visibility */

static const uint8_t ui_font_sans_17_bmp[] = {
    0x24, 0x18, 0xf4, 0x8f, 0x45, 0xf4, 0x4f, 0x44, 0xf4, 0x4f, 0x44, 0xf4, 0x4f, 0x40, 0x00, 0x00,
    0x08, 0xf7, 0x8f, 0x60, 0x00, 0x14, 0x12, 0x41, 0x4f, 0x48, 0xf4, 0x4f, 0x45, 0xf0, 0x4f, 0x44,
    0xf0, 0x0f, 0x44, 0xf0, 0x04, 0x11, 0x40, 0x00, 0x02, 0x30, 0x00, 0x41, 0x00, 0x00, 0x8b, 0x00,
    0x4f, 0x00, 0x00, 0x0b, 0x80, 0x06, 0xd0, 0x00, 0x00, 0xd6, 0x00, 0x8b, 0x00, 0x0d, 0xff, 0xff,
    0xff, 0xff, 0x70, 0x47, 0xf4, 0x44, 0xe8, 0x41, 0x00, 0x6d, 0x00, 0x0f, 0x40, 0x00, 0x08, 0xb0,
    0x04, 0xf1, 0x00, 0x6b, 0xed, 0xbb, 0xcf, 0xb8, 0x06, 0x8f, 0x98, 0x8b, 0xd8, 0x40, 0x00, 0xf4,
    0x00, 0xa8, 0x00, 0x00, 0x4f, 0x10, 0x0c, 0x70, 0x00, 0x05, 0xe0, 0x00, 0xf4, 0x00, 0x00, 0x00,
    0x00, 0x04, 0x00, 0x00, 0x00, 0x00, 0x0f, 0x00, 0x00, 0x00, 0x02, 0x7f, 0x83, 0x00, 0x00, 0x8f,
    0xff, 0xff, 0x90, 0x05, 0xf8, 0x0f, 0x07, 0xf7, 0x0a, 0xd0, 0x0f, 0x00, 0x98, 0x09, 0xe1, 0x0f,
    0x00, 0x00, 0x04, 0xfd, 0x6f, 0x00, 0x00, 0x00, 0x4d, 0xff, 0xc7, 0x10, 0x00, 0x00, 0x3f, 0xcf,
    0xd3, 0x00, 0x00, 0x0f, 0x03, 0xea, 0x04, 0x20, 0x0f, 0x00, 0x8f, 0x0e, 0xc0, 0x0f, 0x00, 0xdc,
    0x07, 0xfb, 0x5f, 0x5b, 0xf5, 0x00, 0x7e, 0xff, 0xfd, 0x50, 0x00, 0x00, 0x3f, 0x20, 0x00, 0x00,
    0x00, 0x0b, 0x00, 0x00, 0x01, 0x78, 0x50, 0x00, 0x00, 0x14, 0x00, 0x0a, 0xc8, 0xe5, 0x00, 0x00,
    0xba, 0x00, 0x0f, 0x40, 0x8b, 0x00, 0x07, 0xe1, 0x00, 0x0f, 0x40, 0x8b, 0x00, 0x3e, 0x40, 0x00,
    0x0e, 0x70, 0xb9, 0x00, 0xc8, 0x00, 0x00, 0x06, 0xef, 0xc1, 0x08, 0xd1, 0x00, 0x00, 0x00, 0x00,
    0x00, 0x3f, 0x40, 0x00, 0x00, 0x00, 0x00, 0x00, 0xc8, 0x00, 0x58, 0x30, 0x00, 0x00, 0x08, 0xc0,
    0x08, 0xeb, 0xf5, 0x00, 0x00, 0x4f, 0x30, 0x0f, 0x50, 0x8b, 0x00, 0x01, 0xd8, 0x00, 0x0f, 0x40,
    0x8b, 0x00, 0x08, 0xb0, 0x00, 0x0e, 0x60, 0x9a, 0x00, 0x5e, 0x20, 0x00, 0x06, 0xfc, 0xe3, 0x00,
    0x00, 0x00, 0x00, 0x00, 0x24, 0x10, 0x00, 0x03, 0x87, 0x20, 0x00, 0x00, 0x07, 0xfd, 0xdf, 0x50,
    0x00, 0x00, 0xfa, 0x00, 0xbc, 0x00, 0x00, 0x1f, 0x70, 0x09, 0xd0, 0x00, 0x00, 0xdb, 0x06, 0xf8,
    0x00, 0x00, 0x05, 0xfc, 0xf9, 0x00, 0x00, 0x00, 0x2d, 0xfa, 0x00, 0x00, 0x00, 0x3e, 0xdb, 0xe3,
    0x04, 0x80, 0x0d, 0xd1, 0x1c, 0xd1, 0x8e, 0x02, 0xf8, 0x00, 0x2e, 0xcd, 0xa0, 0x0f, 0x80, 0x00,
    0x3f, 0xf4, 0x00, 0x9e, 0x74, 0x4a, 0xff, 0x70, 0x01, 0x8f, 0xff, 0xd5, 0x8f, 0x40, 0x00, 0x04,
    0x20, 0x00, 0x00, 0x14, 0x14, 0xf4, 0x4f, 0x44, 0xf4, 0x0f, 0x40, 0x41, 0x00, 0x00, 0x00, 0x06,
    0xf2, 0x00, 0xda, 0x00, 0x3f, 0x50, 0x08, 0xf1, 0x00, 0xbb, 0x00, 0x0f, 0x80, 0x02, 0xf8, 0x00,
    0x4f, 0x40, 0x04, 0xf4, 0x00, 0x1f, 0x80, 0x00, 0xe9, 0x00, 0x0a, 0xd0, 0x00, 0x6f, 0x30, 0x01,
    0xe9, 0x00, 0x08, 0xe1, 0x00, 0x14, 0x10, 0x00, 0x00, 0x00, 0xd9, 0x00, 0x08, 0xf1, 0x00, 0x2f,
    0x70, 0x00, 0xcb, 0x00, 0x08, 0xf0, 0x00, 0x6f, 0x30, 0x04, 0xf4, 0x00, 0x4f, 0x70, 0x04, 0xf6,
    0x00, 0x4f, 0x40, 0x07, 0xf2, 0x00, 0xad, 0x00, 0x1e, 0x80, 0x06, 0xf2, 0x00, 0xdb, 0x00, 0x04,
    0x10, 0x00, 0x00, 0x01, 0x30, 0x00, 0x00, 0x04, 0xb0, 0x00, 0x0c, 0x85, 0xb4, 0xc6, 0x04, 0xbe,
    0xee, 0x81, 0x01, 0x8e, 0xfb, 0x40, 0x0d, 0xb6, 0xb7, 0xe6, 0x02, 0x04, 0xb0, 0x20, 0x00, 0x02,
    0x60, 0x00, 0x00, 0x00, 0xb3, 0x00, 0x00, 0x00, 0x0f, 0x40, 0x00, 0x00, 0x00, 0xf4, 0x00, 0x04,
    0x88, 0x8f, 0x98, 0x86, 0x6b, 0xbb, 0xfc, 0xbb, 0x80, 0x00, 0x0f, 0x40, 0x00, 0x00, 0x00, 0xf4,
    0x00, 0x00, 0x00, 0x0f, 0x40, 0x00, 0x00, 0x00, 0x41, 0x00, 0x00, 0x3b, 0x57, 0xf3, 0x8d, 0x0b,
    0x90, 0xd5, 0x00, 0xbf, 0xff, 0xf8, 0x68, 0x88, 0x84, 0x01, 0x08, 0xf7, 0x8f, 0x60, 0x00, 0x00,
    0x00, 0xb9, 0x00, 0x00, 0xf6, 0x00, 0x05, 0xf1, 0x00, 0x08, 0xc0, 0x00, 0x0c, 0x80, 0x00, 0x2f,
    0x50, 0x00, 0x6f, 0x00, 0x00, 0x9b, 0x00, 0x00, 0xd7, 0x00, 0x03, 0xf3, 0x00, 0x07, 0xe0, 0x00,
    0x0a, 0xa0, 0x00, 0x0f, 0x60, 0x00, 0x4f, 0x20, 0x00, 0x6a, 0x00, 0x00, 0x00, 0x27, 0x86, 0x10,
    0x00, 0x6e, 0xfc, 0xfd, 0x20, 0x2e, 0xc1, 0x03, 0xeb, 0x07, 0xf2, 0x00, 0x06, 0xf3, 0xbb, 0x00,
    0x00, 0x1f, 0x8f, 0x80, 0x00, 0x00, 0xda, 0xf8, 0x00, 0x00, 0x0b, 0xbf, 0x80, 0x00, 0x00, 0xbb,
    0xda, 0x00, 0x00, 0x0e, 0x8a, 0xd0, 0x00, 0x02, 0xf7, 0x6f, 0x40, 0x00, 0x8f, 0x20, 0xce, 0x64,
    0x8f, 0x80, 0x01, 0xbf, 0xff, 0x80, 0x00, 0x00, 0x14, 0x00, 0x00, 0x00, 0x03, 0x42, 0x01, 0x9f,
    0xf8, 0x2d, 0xe8, 0xf8, 0x4c, 0x24, 0xf8, 0x10, 0x04, 0xf8, 0x00, 0x04, 0xf8, 0x00, 0x04, 0xf8,
    0x00, 0x04, 0xf8, 0x00, 0x04, 0xf8, 0x00, 0x04, 0xf8, 0x00, 0x04, 0xf8, 0x00, 0x04, 0xf8, 0x00,
    0x04, 0xf8, 0x00, 0x38, 0x86, 0x00, 0x00, 0x9f, 0xec, 0xfc, 0x10, 0x5f, 0x80, 0x03, 0xe9, 0x09,
    0xd0, 0x00, 0x08, 0xe0, 0x33, 0x00, 0x00, 0x9e, 0x00, 0x00, 0x00, 0x1e, 0x90, 0x00, 0x00, 0x1c,
    0xe1, 0x00, 0x00, 0x09, 0xe3, 0x00, 0x00, 0x09, 0xf6, 0x00, 0x00, 0x09, 0xf6, 0x00, 0x00, 0x06,
    0xf6, 0x00, 0x00, 0x06, 0xfc, 0x88, 0x88, 0x82, 0xbf, 0xff, 0xff, 0xff, 0x40, 0x00, 0x38, 0x86,
    0x10, 0x00, 0x8f, 0xec, 0xfd, 0x30, 0x6f, 0x70, 0x02, 0xeb, 0x08, 0x90, 0x00, 0x08, 0xf0, 0x00,
    0x00, 0x00, 0x9e, 0x00, 0x00, 0x00, 0x7f, 0x80, 0x00, 0x0f, 0xff, 0x80, 0x00, 0x00, 0x46, 0x9f,
    0x90, 0x00, 0x00, 0x00, 0x7f, 0x50, 0x00, 0x00, 0x00, 0xf8, 0xdc, 0x00, 0x00, 0x5f, 0x67, 0xfa,
    0x54, 0x7e, 0xc1, 0x07, 0xdf, 0xff, 0x91, 0x00, 0x00, 0x24, 0x00, 0x00, 0x00, 0x00, 0x00, 0x34,
    0x10, 0x00, 0x00, 0x00, 0x3f, 0xf4, 0x00, 0x00, 0x00, 0x0b, 0xef, 0x40, 0x00, 0x00, 0x07, 0xf7,
    0xf4, 0x00, 0x00, 0x01, 0xe8, 0x4f, 0x40, 0x00, 0x00, 0xad, 0x14, 0xf4, 0x00, 0x00, 0x5f, 0x40,
    0x4f, 0x40, 0x00, 0x1d, 0x90, 0x04, 0xf4, 0x00, 0x08, 0xe1, 0x00, 0x4f, 0x40, 0x00, 0xff, 0xff,
    0xff, 0xff, 0xf0, 0x08, 0x88, 0x88, 0x9f, 0x98, 0x00, 0x00, 0x00, 0x04, 0xf4, 0x00, 0x00, 0x00,
    0x00, 0x4f, 0x40, 0x00, 0x04, 0x44, 0x44, 0x42, 0x02, 0xff, 0xff, 0xff, 0x80, 0x4f, 0x40, 0x00,
    0x00, 0x05, 0xf2, 0x00, 0x00, 0x00, 0x8f, 0x00, 0x00, 0x00, 0x08, 0xfa, 0xff, 0xd5, 0x00, 0x8d,
    0x84, 0x6c, 0xf5, 0x00, 0x00, 0x00, 0x1d, 0xc0, 0x00, 0x00, 0x00, 0x8f, 0x00, 0x00, 0x00, 0x08,
    0xf0, 0xdc, 0x00, 0x00, 0xdd, 0x07, 0xfa, 0x45, 0xbf, 0x50, 0x07, 0xef, 0xfd, 0x50, 0x00, 0x00,
    0x32, 0x00, 0x00, 0x00, 0x16, 0x87, 0x20, 0x00, 0x3e, 0xfd, 0xfe, 0x60, 0x1d, 0xc1, 0x01, 0xce,
    0x16, 0xf2, 0x00, 0x03, 0xb4, 0xab, 0x00, 0x00, 0x00, 0x0d, 0x86, 0xdf, 0xf9, 0x10, 0xfc, 0xe7,
    0x48, 0xfb, 0x0f, 0xf3, 0x00, 0x07, 0xf5, 0xfc, 0x00, 0x00, 0x1f, 0x8b, 0xb0, 0x00, 0x00, 0xf8,
    0x7f, 0x30, 0x00, 0x7f, 0x51, 0xde, 0x64, 0x8f, 0xb0, 0x02, 0xbf, 0xff, 0x91, 0x00, 0x00, 0x14,
    0x00, 0x00, 0x14, 0x44, 0x44, 0x44, 0x34, 0xff, 0xff, 0xff, 0xfb, 0x00, 0x00, 0x00, 0x1e, 0x90,
    0x00, 0x00, 0x08, 0xf2, 0x00, 0x00, 0x01, 0xe9, 0x00, 0x00, 0x00, 0x8f, 0x20, 0x00, 0x00, 0x1e,
    0x90, 0x00, 0x00, 0x08, 0xf2, 0x00, 0x00, 0x02, 0xf9, 0x00, 0x00, 0x00, 0x9f, 0x20, 0x00, 0x00,
    0x2f, 0x90, 0x00, 0x00, 0x09, 0xf2, 0x00, 0x00, 0x02, 0xf9, 0x00, 0x00, 0x00, 0x00, 0x38, 0x86,
    0x10, 0x00, 0x8f, 0xec, 0xfd, 0x30, 0x4f, 0x80, 0x02, 0xeb, 0x08, 0xf0, 0x00, 0x08, 0xf0, 0x7f,
    0x10, 0x00, 0x8e, 0x01, 0xeb, 0x20, 0x6f, 0x80, 0x04, 0xef, 0xff, 0xa0, 0x03, 0xec, 0x64, 0x8f,
    0x90, 0xbd, 0x10, 0x00, 0x7f, 0x4f, 0x80, 0x00, 0x00, 0xf8, 0xdb, 0x00, 0x00, 0x5f, 0x77, 0xfa,
    0x44, 0x6e, 0xd1, 0x07, 0xdf, 0xff, 0xa2, 0x00, 0x00, 0x24, 0x00, 0x00, 0x00, 0x38, 0x85, 0x00,
    0x00, 0x9f, 0xed, 0xfc, 0x10, 0x8f, 0x80, 0x04, 0xeb, 0x0d, 0xc0, 0x00, 0x06, 0xf2, 0xf8, 0x00,
    0x00, 0x4f, 0x6e, 0xa0, 0x00, 0x06, 0xf8, 0x8f, 0x60, 0x02, 0xdf, 0x81, 0xcf, 0xbb, 0xe9, 0xf8,
    0x01, 0x7b, 0xa6, 0x0f, 0x64, 0x30, 0x00, 0x05, 0xf2, 0xad, 0x10, 0x00, 0xbb, 0x04, 0xfb, 0x44,
    0xaf, 0x40, 0x05, 0xdf, 0xfd, 0x50, 0x00, 0x00, 0x22, 0x00, 0x00, 0x5b, 0x39, 0xf8, 0x16, 0x10,
    0x00, 0x00, 0x00, 0x00, 0x01, 0x08, 0xf7, 0x8f, 0x60, 0x00, 0x2b, 0x67, 0xfb, 0x06, 0x20, 0x00,
    0x00, 0x00, 0x00, 0x00, 0x03, 0xb5, 0x7f, 0x38, 0xd0, 0xb9, 0x0d, 0x50, 0x00, 0x00, 0x00, 0x00,
    0x10, 0x00, 0x00, 0x06, 0xd4, 0x00, 0x00, 0x6d, 0xf9, 0x20, 0x06, 0xdf, 0x92, 0x00, 0x4d, 0xf9,
    0x20, 0x00, 0x07, 0xfb, 0x40, 0x00, 0x00, 0x04, 0xbf, 0xb4, 0x00, 0x00, 0x00, 0x4b, 0xfd, 0x60,
    0x00, 0x00, 0x04, 0xbf, 0x40, 0x00, 0x00, 0x00, 0x42, 0x04, 0x44, 0x44, 0x44, 0x20, 0xff, 0xff,
    0xff, 0xf8, 0x00, 0x00, 0x00, 0x00, 0x00, 0x00, 0x00, 0x00, 0x00, 0x0b, 0xbb, 0xbb, 0xbb, 0x60,
    0xbb, 0xbb, 0xbb, 0xb6, 0x01, 0x00, 0x00, 0x00, 0x00, 0xe8, 0x10, 0x00, 0x00, 0x09, 0xee, 0x81,
    0x00, 0x00, 0x01, 0x8e, 0xe8, 0x10, 0x00, 0x00, 0x18, 0xee, 0x70, 0x00, 0x00, 0x29, 0xfa, 0x00,
    0x02, 0x9f, 0xd6, 0x00, 0x4b, 0xfd, 0x60, 0x00, 0x0f, 0xd6, 0x00, 0x00, 0x00, 0x60, 0x00, 0x00,
    0x00, 0x00, 0x28, 0x86, 0x10, 0x06, 0xfe, 0xbf, 0xc1, 0x1f, 0xa1, 0x03, 0xe9, 0x3b, 0x30, 0x00,
    0xbb, 0x00, 0x00, 0x00, 0xdb, 0x00, 0x00, 0x19, 0xf5, 0x00, 0x02, 0xde, 0x60, 0x00, 0x09, 0xf3,
    0x00, 0x00, 0x0b, 0xb0, 0x00, 0x00, 0x03, 0x30, 0x00, 0x00, 0x00, 0x00, 0x00, 0x00, 0x1e, 0xe0,
    0x00, 0x00, 0x1e, 0xd0, 0x00, 0x00, 0x00, 0x00, 0x00, 0x00, 0x01, 0x7b, 0xef, 0xda, 0x60, 0x00,
    0x00, 0x06, 0xed, 0x84, 0x45, 0x8e, 0xc3, 0x00, 0x06, 0xf8, 0x00, 0x00, 0x00, 0x1a, 0xe1, 0x01,
    0xe8, 0x00, 0x14, 0x41, 0x32, 0x1c, 0x90, 0x7e, 0x10, 0x3e, 0xff, 0xdd, 0x80, 0x6f, 0x1b, 0x90,
    0x0d, 0x90, 0x06, 0xf8, 0x00, 0xf4, 0xf8, 0x04, 0xf1, 0x00, 0x0c, 0x80, 0x0f, 0x8f, 0x80, 0x8d,
    0x00, 0x00, 0xb8, 0x00, 0xf7, 0xf8, 0x05, 0xf0, 0x00, 0x0c, 0x80, 0x0f, 0x4c, 0x80, 0x2f, 0x60,
    0x03, 0xf8, 0x03, 0xf2, 0x9d, 0x00, 0x8f, 0x99, 0xec, 0xe8, 0xcb, 0x04, 0xf5, 0x00, 0x6a, 0xa4,
    0x18, 0xb9, 0x10, 0x0a, 0xe3, 0x00, 0x00, 0x00, 0x00, 0x00, 0x00, 0x1b, 0xf8, 0x30, 0x00, 0x27,
    0x00, 0x00, 0x00, 0x06, 0xcf, 0xff, 0xff, 0xd2, 0x00, 0x00, 0x00, 0x00, 0x14, 0x44, 0x10, 0x00,
    0x00, 0x00, 0x00, 0x14, 0x30, 0x00, 0x00, 0x00, 0x00, 0x6f, 0xf1, 0x00, 0x00, 0x00, 0x00, 0xb9,
    0xf7, 0x00, 0x00, 0x00, 0x02, 0xf6, 0xac, 0x00, 0x00, 0x00, 0x07, 0xf1, 0x6f, 0x30, 0x00, 0x00,
    0x0d, 0xa0, 0x1f, 0x80, 0x00, 0x00, 0x3f, 0x60, 0x0a, 0xd0, 0x00, 0x00, 0x8f, 0x10, 0x05, 0xf5,
    0x00, 0x00, 0xee, 0xbb, 0xbb, 0xf9, 0x00, 0x05, 0xf9, 0x88, 0x88, 0xbe, 0x10, 0x09, 0xe0, 0x00,
    0x00, 0x4f, 0x60, 0x1f, 0x90, 0x00, 0x00, 0x0d, 0xb0, 0x6f, 0x50, 0x00, 0x00, 0x08, 0xf2, 0x24,
    0x44, 0x44, 0x20, 0x00, 0x8f, 0xff, 0xff, 0xf8, 0x00, 0x8f, 0x00, 0x01, 0x8f, 0x60, 0x8f, 0x00,
    0x00, 0x0d, 0xa0, 0x8f, 0x00, 0x00, 0x0d, 0x90, 0x8f, 0x00, 0x01, 0x9f, 0x40, 0x8f, 0xff, 0xff,
    0xe4, 0x00, 0x8f, 0x88, 0x88, 0xbf, 0x60, 0x8f, 0x00, 0x00, 0x0b, 0xe0, 0x8f, 0x00, 0x00, 0x06,
    0xf3, 0x8f, 0x00, 0x00, 0x08, 0xf1, 0x8f, 0x88, 0x88, 0x9f, 0x80, 0x8f, 0xff, 0xff, 0xd8, 0x00,
    0x00, 0x02, 0x78, 0x72, 0x00, 0x00, 0x19, 0xff, 0xff, 0xf9, 0x10, 0x0a, 0xf8, 0x10, 0x18, 0xfa,
    0x04, 0xf7, 0x00, 0x00, 0x08, 0xf3, 0xae, 0x00, 0x00, 0x00, 0x18, 0x4e, 0xa0, 0x00, 0x00, 0x00,
    0x00, 0xf8, 0x00, 0x00, 0x00, 0x00, 0x0f, 0x80, 0x00, 0x00, 0x00, 0x00, 0xcb, 0x00, 0x00, 0x00,
    0x00, 0x08, 0xf2, 0x00, 0x00, 0x03, 0xf6, 0x2f, 0xb1, 0x00, 0x00, 0xbe, 0x10, 0x6f, 0xd7, 0x47,
    0xdf, 0x60, 0x00, 0x4c, 0xff, 0xfc, 0x40, 0x00, 0x00, 0x01, 0x41, 0x00, 0x00, 0x24, 0x44, 0x44,
    0x20, 0x00, 0x08, 0xff, 0xff, 0xff, 0x91, 0x00, 0x8f, 0x00, 0x02, 0x8e, 0xc1, 0x08, 0xf0, 0x00,
    0x00, 0x3f, 0x80, 0x8f, 0x00, 0x00, 0x00, 0x9e, 0x08, 0xf0, 0x00, 0x00, 0x06, 0xf3, 0x8f, 0x00,
    0x00, 0x00, 0x4f, 0x48, 0xf0, 0x00, 0x00, 0x04, 0xf4, 0x8f, 0x00, 0x00, 0x00, 0x8f, 0x18, 0xf0,
    0x00, 0x00, 0x0d, 0xc0, 0x8f, 0x00, 0x00, 0x09, 0xf5, 0x08, 0xf8, 0x88, 0x8d, 0xf9, 0x00, 0x8f,
    0xff, 0xfe, 0xa4, 0x00, 0x00, 0x24, 0x44, 0x44, 0x44, 0x08, 0xff, 0xff, 0xff, 0xf0, 0x8f, 0x00,
    0x00, 0x00, 0x08, 0xf0, 0x00, 0x00, 0x00, 0x8f, 0x00, 0x00, 0x00, 0x08, 0xf0, 0x00, 0x00, 0x00,
    0x8f, 0xff, 0xff, 0xf8, 0x08, 0xf8, 0x88, 0x88, 0x40, 0x8f, 0x00, 0x00, 0x00, 0x08, 0xf0, 0x00,
    0x00, 0x00, 0x8f, 0x00, 0x00, 0x00, 0x08, 0xf8, 0x88, 0x88, 0x80, 0x8f, 0xff, 0xff, 0xff, 0x00,
    0x24, 0x44, 0x44, 0x44, 0x8f, 0xff, 0xff, 0xff, 0x8f, 0x00, 0x00, 0x00, 0x8f, 0x00, 0x00, 0x00,
    0x8f, 0x00, 0x00, 0x00, 0x8f, 0x00, 0x00, 0x00, 0x8f, 0xbb, 0xbb, 0xb6, 0x8f, 0xbb, 0xbb, 0xb6,
    0x8f, 0x00, 0x00, 0x00, 0x8f, 0x00, 0x00, 0x00, 0x8f, 0x00, 0x00, 0x00, 0x8f, 0x00, 0x00, 0x00,
    0x8f, 0x00, 0x00, 0x00, 0x00, 0x03, 0x88, 0x72, 0x00, 0x00, 0x1a, 0xff, 0xff, 0xf8, 0x10, 0x0b,
    0xf8, 0x10, 0x18, 0xf9, 0x06, 0xf7, 0x00, 0x00, 0x08, 0xf3, 0xae, 0x00, 0x00, 0x00, 0x28, 0x4e,
    0xa0, 0x00, 0x00, 0x00, 0x00, 0xf8, 0x00, 0x01, 0x44, 0x44, 0x2f, 0x80, 0x00, 0x4f, 0xff, 0xf8,
    0xcb, 0x00, 0x01, 0x44, 0x4f, 0x88, 0xf2, 0x00, 0x00, 0x02, 0xf7, 0x2f, 0xb1, 0x00, 0x00, 0xaf,
    0x20, 0x6f, 0xd7, 0x46, 0xcf, 0x60, 0x00, 0x5c, 0xff, 0xfd, 0x50, 0x00, 0x00, 0x01, 0x41, 0x00,
    0x00, 0x24, 0x00, 0x00, 0x00, 0x24, 0x18, 0xf0, 0x00, 0x00, 0x08, 0xf4, 0x8f, 0x00, 0x00, 0x00,
    0x8f, 0x48, 0xf0, 0x00, 0x00, 0x08, 0xf4, 0x8f, 0x00, 0x00, 0x00, 0x8f, 0x48, 0xf0, 0x00, 0x00,
    0x08, 0xf4, 0x8f, 0xff, 0xff, 0xff, 0xff, 0x48, 0xf4, 0x44, 0x44, 0x49, 0xf4, 0x8f, 0x00, 0x00,
    0x00, 0x8f, 0x48, 0xf0, 0x00, 0x00, 0x08, 0xf4, 0x8f, 0x00, 0x00, 0x00, 0x8f, 0x48, 0xf0, 0x00,
    0x00, 0x08, 0xf4, 0x8f, 0x00, 0x00, 0x00, 0x8f, 0x40, 0x24, 0x08, 0xf0, 0x8f, 0x08, 0xf0, 0x8f,
    0x08, 0xf0, 0x8f, 0x08, 0xf0, 0x8f, 0x08, 0xf0, 0x8f, 0x08, 0xf0, 0x8f, 0x00, 0x00, 0x00, 0x00,
    0x14, 0x10, 0x00, 0x00, 0x04, 0xf4, 0x00, 0x00, 0x00, 0x4f, 0x40, 0x00, 0x00, 0x04, 0xf4, 0x00,
    0x00, 0x00, 0x4f, 0x40, 0x00, 0x00, 0x04, 0xf4, 0x00, 0x00, 0x00, 0x4f, 0x40, 0x00, 0x00, 0x04,
    0xf4, 0x14, 0x20, 0x00, 0x4f, 0x44, 0xf8, 0x00, 0x05, 0xf4, 0x1f, 0x80, 0x00, 0x8f, 0x20, 0x9f,
    0x84, 0x7f, 0xb0, 0x01, 0x9f, 0xff, 0xb1, 0x00, 0x00, 0x04, 0x10, 0x00, 0x24, 0x00, 0x00, 0x01,
    0x43, 0x8f, 0x00, 0x00, 0x1c, 0xe3, 0x8f, 0x00, 0x01, 0xce, 0x30, 0x8f, 0x00, 0x1c, 0xf5, 0x00,
    0x8f, 0x00, 0x9f, 0x60, 0x00, 0x8f, 0x09, 0xf6, 0x00, 0x00, 0x8f, 0x7f, 0xf5, 0x00, 0x00, 0x8f,
    0xf6, 0xce, 0x10, 0x00, 0x8f, 0x70, 0x3e, 0xb0, 0x00, 0x8f, 0x00, 0x07, 0xf7, 0x00, 0x8f, 0x00,
    0x00, 0xaf, 0x30, 0x8f, 0x00, 0x00, 0x1e, 0xc1, 0x8f, 0x00, 0x00, 0x04, 0xf8, 0x24, 0x00, 0x00,
    0x00, 0x8f, 0x00, 0x00, 0x00, 0x8f, 0x00, 0x00, 0x00, 0x8f, 0x00, 0x00, 0x00, 0x8f, 0x00, 0x00,
    0x00, 0x8f, 0x00, 0x00, 0x00, 0x8f, 0x00, 0x00, 0x00, 0x8f, 0x00, 0x00, 0x00, 0x8f, 0x00, 0x00,
    0x00, 0x8f, 0x00, 0x00, 0x00, 0x8f, 0x00, 0x00, 0x00, 0x8f, 0x88, 0x88, 0x86, 0x8f, 0xff, 0xff,
    0xfb, 0x24, 0x30, 0x00, 0x00, 0x00, 0x24, 0x38, 0xff, 0x10, 0x00, 0x00, 0x0a, 0xfb, 0x8f, 0xf7,
    0x00, 0x00, 0x02, 0xff, 0xb8, 0xfa, 0xd0, 0x00, 0x00, 0x8e, 0xbb, 0x8f, 0x6f, 0x40, 0x00, 0x0d,
    0x9b, 0xb8, 0xf0, 0xe9, 0x00, 0x04, 0xf5, 0xbb, 0x8f, 0x09, 0xf1, 0x00, 0x9d, 0x0b, 0xb8, 0xf0,
    0x3f, 0x60, 0x1f, 0x80, 0xbb, 0x8f, 0x00, 0xcc, 0x06, 0xf2, 0x0b, 0xb8, 0xf0, 0x06, 0xf2, 0xcb,
    0x00, 0xbb, 0x8f, 0x00, 0x1e, 0x8f, 0x60, 0x0b, 0xb8, 0xf0, 0x00, 0x9f, 0xe0, 0x00, 0xbb, 0x8f,
    0x00, 0x03, 0xf8, 0x00, 0x0b, 0xb0, 0x24, 0x20, 0x00, 0x00, 0x14, 0x18, 0xfd, 0x10, 0x00, 0x04,
    0xf4, 0x8f, 0xe8, 0x00, 0x00, 0x4f, 0x48, 0xf8, 0xf3, 0x00, 0x04, 0xf4, 0x8f, 0x1d, 0xc0, 0x00,
    0x4f, 0x48, 0xf0, 0x5f, 0x70, 0x04, 0xf4, 0x8f, 0x00, 0xae, 0x20, 0x4f, 0x48, 0xf0, 0x02, 0xeb,
    0x04, 0xf4, 0x8f, 0x00, 0x07, 0xf5, 0x4f, 0x48, 0xf0, 0x00, 0x0b, 0xe5, 0xf4, 0x8f, 0x00, 0x00,
    0x3f, 0xbf, 0x48, 0xf0, 0x00, 0x00, 0x8f, 0xf4, 0x8f, 0x00, 0x00, 0x00, 0xdf, 0x40, 0x00, 0x02,
    0x78, 0x73, 0x00, 0x00, 0x18, 0xff, 0xff, 0xf9, 0x10, 0x0a, 0xf8, 0x10, 0x18, 0xfa, 0x04, 0xf7,
    0x00, 0x00, 0x07, 0xf4, 0xae, 0x00, 0x00, 0x00, 0x0e, 0xae, 0xa0, 0x00, 0x00, 0x00, 0xae, 0xf8,
    0x00, 0x00, 0x00, 0x08, 0xff, 0x80, 0x00, 0x00, 0x00, 0x8f, 0xcb, 0x00, 0x00, 0x00, 0x0b, 0xc8,
    0xf2, 0x00, 0x00, 0x02, 0xf8, 0x2f, 0xb1, 0x00, 0x01, 0xbf, 0x20, 0x6f, 0xd7, 0x47, 0xdf, 0x60,
    0x00, 0x4c, 0xff, 0xfc, 0x40, 0x00, 0x00, 0x01, 0x41, 0x00, 0x00, 0x24, 0x44, 0x44, 0x20, 0x08,
    0xff, 0xff, 0xff, 0x80, 0x8f, 0x00, 0x01, 0x8f, 0x88, 0xf0, 0x00, 0x00, 0xcc, 0x8f, 0x00, 0x00,
    0x0b, 0xf8, 0xf0, 0x00, 0x00, 0xcd, 0x8f, 0x00, 0x00, 0x7f, 0x88, 0xfb, 0xbb, 0xff, 0xb1, 0x8f,
    0x88, 0x88, 0x30, 0x08, 0xf0, 0x00, 0x00, 0x00, 0x8f, 0x00, 0x00, 0x00, 0x08, 0xf0, 0x00, 0x00,
    0x00, 0x8f, 0x00, 0x00, 0x00, 0x00, 0x00, 0x02, 0x78, 0x73, 0x00, 0x00, 0x18, 0xff, 0xff, 0xf9,
    0x10, 0x0a, 0xf8, 0x10, 0x18, 0xfa, 0x04, 0xf7, 0x00, 0x00, 0x07, 0xf4, 0xae, 0x00, 0x00, 0x00,
    0x0e, 0xae, 0xa0, 0x00, 0x00, 0x00, 0xae, 0xf8, 0x00, 0x00, 0x00, 0x08, 0xff, 0x80, 0x00, 0x00,
    0x00, 0x8f, 0xcb, 0x00, 0x00, 0x00, 0x0b, 0xc8, 0xf2, 0x00, 0x8a, 0x12, 0xf8, 0x2f, 0xb1, 0x01,
    0xea, 0xbf, 0x20, 0x6f, 0xd7, 0x49, 0xff, 0x60, 0x00, 0x4c, 0xff, 0xfd, 0xf3, 0x00, 0x00, 0x01,
    0x41, 0x0a, 0xd1, 0x00, 0x00, 0x00, 0x00, 0x14, 0x20, 0x24, 0x44, 0x44, 0x20, 0x00, 0x8f, 0xff,
    0xff, 0xf8, 0x00, 0x8f, 0x00, 0x01, 0x8f, 0x80, 0x8f, 0x00, 0x00, 0x0c, 0xc0, 0x8f, 0x00, 0x00,
    0x0b, 0xf0, 0x8f, 0x00, 0x00, 0x0c, 0xc0, 0x8f, 0x44, 0x44, 0xaf, 0x60, 0x8f, 0xff, 0xff, 0xe8,
    0x00, 0x8f, 0x44, 0x4c, 0xe1, 0x00, 0x8f, 0x00, 0x04, 0xf8, 0x00, 0x8f, 0x00, 0x00, 0xbe, 0x20,
    0x8f, 0x00, 0x00, 0x4f, 0x90, 0x8f, 0x00, 0x00, 0x09, 0xf2, 0x00, 0x02, 0x78, 0x83, 0x00, 0x00,
    0x8f, 0xfd, 0xff, 0x90, 0x06, 0xf8, 0x00, 0x07, 0xf7, 0x0a, 0xd0, 0x00, 0x00, 0x98, 0x09, 0xe1,
    0x00, 0x00, 0x00, 0x04, 0xfd, 0x61, 0x00, 0x00, 0x00, 0x4d, 0xff, 0xc7, 0x10, 0x00, 0x00, 0x37,
    0xcf, 0xd3, 0x00, 0x00, 0x00, 0x03, 0xea, 0x04, 0x20, 0x00, 0x00, 0x8f, 0x0e, 0xc0, 0x00, 0x00,
    0xdc, 0x07, 0xfb, 0x54, 0x5b, 0xf5, 0x00, 0x7e, 0xff, 0xfd, 0x50, 0x00, 0x00, 0x34, 0x20, 0x00,
    0x14, 0x44, 0x44, 0x44, 0x44, 0x14, 0xff, 0xff, 0xff, 0xff, 0xf4, 0x00, 0x00, 0x4f, 0x40, 0x00,
    0x00, 0x00, 0x04, 0xf4, 0x00, 0x00, 0x00, 0x00, 0x4f, 0x40, 0x00, 0x00, 0x00, 0x04, 0xf4, 0x00,
    0x00, 0x00, 0x00, 0x4f, 0x40, 0x00, 0x00, 0x00, 0x04, 0xf4, 0x00, 0x00, 0x00, 0x00, 0x4f, 0x40,
    0x00, 0x00, 0x00, 0x04, 0xf4, 0x00, 0x00, 0x00, 0x00, 0x4f, 0x40, 0x00, 0x00, 0x00, 0x04, 0xf4,
    0x00, 0x00, 0x00, 0x00, 0x4f, 0x40, 0x00, 0x00, 0x24, 0x00, 0x00, 0x00, 0x24, 0x18, 0xf0, 0x00,
    0x00, 0x08, 0xf4, 0x8f, 0x00, 0x00, 0x00, 0x8f, 0x48, 0xf0, 0x00, 0x00, 0x08, 0xf4, 0x8f, 0x00,
    0x00, 0x00, 0x8f, 0x48, 0xf0, 0x00, 0x00, 0x08, 0xf4, 0x8f, 0x00, 0x00, 0x00, 0x8f, 0x48, 0xf0,
    0x00, 0x00, 0x08, 0xf4, 0x8f, 0x00, 0x00, 0x00, 0x8f, 0x48, 0xf3, 0x00, 0x00, 0x08, 0xf1, 0x3f,
    0xa0, 0x00, 0x01, 0xed, 0x00, 0x8f, 0xb5, 0x47, 0xdf, 0x40, 0x00, 0x8e, 0xff, 0xfc, 0x40, 0x00,
    0x00, 0x03, 0x41, 0x00, 0x00, 0x24, 0x10, 0x00, 0x00, 0x02, 0x41, 0x4f, 0x60, 0x00, 0x00, 0x0a,
    0xe0, 0x0d, 0xb0, 0x00, 0x00, 0x1f, 0x90, 0x08, 0xf2, 0x00, 0x00, 0x6f, 0x40, 0x02, 0xf7, 0x00,
    0x00, 0xad, 0x00, 0x00, 0xcc, 0x00, 0x01, 0xf8, 0x00, 0x00, 0x6f, 0x30, 0x06, 0xf2, 0x00, 0x00,
    0x1f, 0x80, 0x0c, 0xc0, 0x00, 0x00, 0x0a, 0xd0, 0x2f, 0x70, 0x00, 0x00, 0x05, 0xf3, 0x7f, 0x10,
    0x00, 0x00, 0x00, 0xe8, 0xba, 0x00, 0x00, 0x00, 0x00, 0x8c, 0xf6, 0x00, 0x00, 0x00, 0x00, 0x3f,
    0xe0, 0x00, 0x00, 0x24, 0x00, 0x00, 0x02, 0x41, 0x00, 0x00, 0x14, 0x15, 0xf4, 0x00, 0x00, 0xbf,
    0x80, 0x00, 0x08, 0xf1, 0x1f, 0x80, 0x00, 0x0f, 0xdb, 0x00, 0x00, 0xcc, 0x00, 0xcc, 0x00, 0x05,
    0xf9, 0xf0, 0x00, 0x1f, 0x80, 0x08, 0xf1, 0x00, 0x8e, 0x3f, 0x50, 0x05, 0xf4, 0x00, 0x4f, 0x50,
    0x0c, 0xa0, 0xe8, 0x00, 0x8f, 0x00, 0x00, 0xe8, 0x01, 0xf6, 0x0a, 0xc0, 0x0c, 0xa0, 0x00, 0x0a,
    0xc0, 0x5f, 0x20, 0x6f, 0x11, 0xf7, 0x00, 0x00, 0x7f, 0x19, 0xd0, 0x02, 0xf5, 0x5f, 0x30, 0x00,
    0x02, 0xf5, 0xc8, 0x00, 0x0d, 0x88, 0xd0, 0x00, 0x00, 0x0d, 0x8f, 0x50, 0x00, 0x8c, 0xb9, 0x00,
    0x00, 0x00, 0x9f, 0xf1, 0x00, 0x05, 0xff, 0x60, 0x00, 0x00, 0x05, 0xfc, 0x00, 0x00, 0x1f, 0xf1,
    0x00, 0x00, 0x04, 0x30, 0x00, 0x00, 0x04, 0x30, 0x0a, 0xf3, 0x00, 0x00, 0x8f, 0x40, 0x01, 0xec,
    0x00, 0x03, 0xf8, 0x00, 0x00, 0x4f, 0x80, 0x1c, 0xd1, 0x00, 0x00, 0x08, 0xf3, 0x8f, 0x30, 0x00,
    0x00, 0x01, 0xdc, 0xf8, 0x00, 0x00, 0x00, 0x00, 0x4f, 0xe0, 0x00, 0x00, 0x00, 0x00, 0xae, 0xf5,
    0x00, 0x00, 0x00, 0x06, 0xf5, 0xbe, 0x10, 0x00, 0x00, 0x2e, 0xa0, 0x2e, 0xb0, 0x00, 0x00, 0xbe,
    0x10, 0x07, 0xf7, 0x00, 0x08, 0xf5, 0x00, 0x00, 0xbe, 0x20, 0x3f, 0x80, 0x00, 0x00, 0x2e, 0xb0,
    0x24, 0x20, 0x00, 0x00, 0x03, 0x40, 0x1e, 0xb0, 0x00, 0x00, 0x4f, 0x80, 0x07, 0xf7, 0x00, 0x00,
    0xcd, 0x10, 0x00, 0xbe, 0x10, 0x08, 0xf5, 0x00, 0x00, 0x3f, 0x90, 0x2e, 0xa0, 0x00, 0x00, 0x08,
    0xf4, 0x9e, 0x20, 0x00, 0x00, 0x01, 0xdc, 0xf7, 0x00, 0x00, 0x00, 0x00, 0x4f, 0xc0, 0x00, 0x00,
    0x00, 0x00, 0x0f, 0x80, 0x00, 0x00, 0x00, 0x00, 0x0f, 0x80, 0x00, 0x00, 0x00, 0x00, 0x0f, 0x80,
    0x00, 0x00, 0x00, 0x00, 0x0f, 0x80, 0x00, 0x00, 0x00, 0x00, 0x0f, 0x80, 0x00, 0x00, 0x44, 0x44,
    0x44, 0x44, 0x2f, 0xff, 0xff, 0xff, 0xf8, 0x00, 0x00, 0x00, 0x8e, 0x20, 0x00, 0x00, 0x4f, 0x70,
    0x00, 0x00, 0x1d, 0xb0, 0x00, 0x00, 0x0a, 0xe2, 0x00, 0x00, 0x05, 0xf7, 0x00, 0x00, 0x01, 0xeb,
    0x00, 0x00, 0x00, 0xae, 0x20, 0x00, 0x00, 0x5f, 0x70, 0x00, 0x00, 0x1e, 0xb0, 0x00, 0x00, 0x0a,
    0xf7, 0x88, 0x88, 0x86, 0xff, 0xff, 0xff, 0xff, 0xb0, 0x00, 0x00, 0x00, 0xff, 0xf4, 0x0f, 0x74,
    0x10, 0xf4, 0x00, 0x0f, 0x40, 0x00, 0xf4, 0x00, 0x0f, 0x40, 0x00, 0xf4, 0x00, 0x0f, 0x40, 0x00,
    0xf4, 0x00, 0x0f, 0x40, 0x00, 0xf4, 0x00, 0x0f, 0x40, 0x00, 0xf4, 0x00, 0x0f, 0x40, 0x00, 0xff,
    0xf4, 0x04, 0x44, 0x10, 0x8d, 0x00, 0x00, 0x4f, 0x20, 0x00, 0x0e, 0x70, 0x00, 0x0a, 0xa0, 0x00,
    0x07, 0xe0, 0x00, 0x02, 0xf4, 0x00, 0x00, 0xd8, 0x00, 0x00, 0x9b, 0x00, 0x00, 0x6f, 0x10, 0x00,
    0x1f, 0x50, 0x00, 0x0c, 0x80, 0x00, 0x08, 0xc0, 0x00, 0x04, 0xf2, 0x00, 0x00, 0xf6, 0x00, 0x00,
    0x87, 0x00, 0x00, 0xff, 0xf4, 0x44, 0xf4, 0x00, 0xf4, 0x00, 0xf4, 0x00, 0xf4, 0x00, 0xf4, 0x00,
    0xf4, 0x00, 0xf4, 0x00, 0xf4, 0x00, 0xf4, 0x00, 0xf4, 0x00, 0xf4, 0x00, 0xf4, 0x00, 0xf4, 0xff,
    0xf4, 0x44, 0x41, 0x00, 0x1e, 0xf1, 0x00, 0x00, 0x8d, 0xd8, 0x00, 0x01, 0xe6, 0x6e, 0x10, 0x08,
    0xe1, 0x0e, 0x80, 0x1e, 0x80, 0x08, 0xe1, 0x14, 0x10, 0x01, 0x41, 0xff, 0xff, 0xff, 0xfb, 0x88,
    0x88, 0x88, 0x86, 0x8f, 0x20, 0x0c, 0x90, 0x03, 0x80, 0x00, 0x04, 0x75, 0x20, 0x00, 0x3d, 0xff,
    0xff, 0x60, 0x0b, 0xe3, 0x01, 0xae, 0x10, 0x02, 0x00, 0x04, 0xf4, 0x00, 0x04, 0x68, 0xbf, 0x40,
    0x6e, 0xfd, 0xb9, 0xf4, 0x2f, 0x91, 0x00, 0x4f, 0x44, 0xf4, 0x00, 0x08, 0xf4, 0x1e, 0xb3, 0x27,
    0xdf, 0x40, 0x6e, 0xff, 0xd7, 0xf4, 0x00, 0x04, 0x30, 0x00, 0x00, 0x33, 0x00, 0x00, 0x00, 0x0b,
    0xb0, 0x00, 0x00, 0x00, 0xbb, 0x00, 0x00, 0x00, 0x0b, 0xb0, 0x37, 0x40, 0x00, 0xbb, 0x8f, 0xff,
    0xd3, 0x0b, 0xec, 0x20, 0x3e, 0xd0, 0xbf, 0x20, 0x00, 0x5f, 0x5b, 0xc0, 0x00, 0x00, 0xf8, 0xbb,
    0x00, 0x00, 0x0f, 0x8b, 0xd0, 0x00, 0x01, 0xf8, 0xbf, 0x40, 0x00, 0x7f, 0x3b, 0xdd, 0x54, 0x7e,
    0xb0, 0xbb, 0x6e, 0xff, 0xb1, 0x00, 0x00, 0x14, 0x20, 0x00, 0x00, 0x02, 0x56, 0x30, 0x00, 0x08,
    0xff, 0xff, 0xa1, 0x06, 0xf8, 0x00, 0x7f, 0x80, 0xdb, 0x00, 0x00, 0x63, 0x0f, 0x80, 0x00, 0x00,
    0x03, 0xf8, 0x00, 0x00, 0x00, 0x0f, 0x80, 0x00, 0x00, 0x00, 0xcd, 0x00, 0x00, 0x87, 0x04, 0xfa,
    0x44, 0x8f, 0x70, 0x05, 0xdf, 0xfe, 0x80, 0x00, 0x00, 0x34, 0x00, 0x00, 0x00, 0x00, 0x00, 0x02,
    0x40, 0x00, 0x00, 0x00, 0x08, 0xf0, 0x00, 0x00, 0x00, 0x08, 0xf0, 0x00, 0x03, 0x65, 0x18, 0xf0,
    0x00, 0x9f, 0xff, 0xc8, 0xf0, 0x08, 0xf7, 0x00, 0x7f, 0xf0, 0x0d, 0xb0, 0x00, 0x0b, 0xf0, 0x0f,
    0x80, 0x00, 0x08, 0xf0, 0x3f, 0x80, 0x00, 0x08, 0xf0, 0x0f, 0x80, 0x00, 0x08, 0xf0, 0x0c, 0xd0,
    0x00, 0x0d, 0xf0, 0x05, 0xfa, 0x44, 0xac, 0xf0, 0x00, 0x6e, 0xff, 0xa4, 0xf0, 0x00, 0x00, 0x42,
    0x00, 0x00, 0x00, 0x02, 0x66, 0x20, 0x00, 0x00, 0x8f, 0xff, 0xf8, 0x00, 0x06, 0xf7, 0x00, 0x7f,
    0x80, 0x0d, 0x90, 0x00, 0x0a, 0xd0, 0x0f, 0xb8, 0x88, 0x8b, 0xf0, 0x3f, 0xcb, 0xbb, 0xbb, 0xb0,
    0x0f, 0x80, 0x00, 0x00, 0x00, 0x0c, 0xb0, 0x00, 0x05, 0x50, 0x04, 0xfa, 0x44, 0x7f, 0x90, 0x00,
    0x5d, 0xff, 0xf8, 0x10, 0x00, 0x00, 0x34, 0x00, 0x00, 0x00, 0x3a, 0xfc, 0x00, 0x0b, 0xe8, 0x60,
    0x00, 0xf8, 0x00, 0x03, 0x4f, 0x94, 0x30, 0xbf, 0xff, 0xfb, 0x00, 0x0f, 0x80, 0x00, 0x00, 0xf8,
    0x00, 0x00, 0x0f, 0x80, 0x00, 0x00, 0xf8, 0x00, 0x00, 0x0f, 0x80, 0x00, 0x00, 0xf8, 0x00, 0x00,
    0x0f, 0x80, 0x00, 0x00, 0xf8, 0x00, 0x00, 0x00, 0x03, 0x65, 0x11, 0x40, 0x00, 0x9f, 0xff, 0xd5,
    0xf0, 0x08, 0xf7, 0x00, 0x7e, 0xf0, 0x0d, 0xb0, 0x00, 0x0a, 0xf0, 0x0f, 0x80, 0x00, 0x08, 0xf0,
    0x3f, 0x80, 0x00, 0x05, 0xf0, 0x0f, 0x80, 0x00, 0x08, 0xf0, 0x0b, 0xe1, 0x00, 0x1d, 0xf0, 0x03,
    0xed, 0x88, 0xdc, 0xf0, 0x00, 0x39, 0xbb, 0x58, 0xf0, 0x00, 0x00, 0x00, 0x08, 0xf0, 0x05, 0xb1,
    0x00, 0x1b, 0xe0, 0x03, 0xee, 0xbb, 0xdf, 0x50, 0x00, 0x17, 0xaa, 0x82, 0x00, 0x33, 0x00, 0x00,
    0x00, 0xbb, 0x00, 0x00, 0x00, 0xbb, 0x00, 0x00, 0x00, 0xbb, 0x03, 0x74, 0x00, 0xbb, 0x9f, 0xff,
    0xc1, 0xbe, 0x91, 0x07, 0xf7, 0xbe, 0x00, 0x00, 0xcb, 0xbb, 0x00, 0x00, 0xbb, 0xbb, 0x00, 0x00,
    0xbb, 0xbb, 0x00, 0x00, 0xbb, 0xbb, 0x00, 0x00, 0xbb, 0xbb, 0x00, 0x00, 0xbb, 0xbb, 0x00, 0x00,
    0xbb, 0x89, 0x0e, 0xe0, 0x12, 0x03, 0x30, 0xbb, 0x0b, 0xb0, 0xbb, 0x0b, 0xb0, 0xbb, 0x0b, 0xb0,
    0xbb, 0x0b, 0xb0, 0xbb, 0x00, 0x00, 0x89, 0x00, 0x0e, 0xe0, 0x00, 0x12, 0x00, 0x03, 0x30, 0x00,
    0xbb, 0x00, 0x0b, 0xb0, 0x00, 0xbb, 0x00, 0x0b, 0xb0, 0x00, 0xbb, 0x00, 0x0b, 0xb0, 0x00, 0xbb,
    0x00, 0x0b, 0xb0, 0x00, 0xbb, 0x00, 0x0b, 0xb0, 0x01, 0xdb, 0x04, 0xff, 0x50, 0x28, 0x20, 0x00,
    0x33, 0x00, 0x00, 0x00, 0x0b, 0xb0, 0x00, 0x00, 0x00, 0xbb, 0x00, 0x00, 0x00, 0x0b, 0xb0, 0x00,
    0x14, 0x30, 0xbb, 0x00, 0x1c, 0xe3, 0x0b, 0xb0, 0x1c, 0xe3, 0x00, 0xbb, 0x0a, 0xe3, 0x00, 0x0b,
    0xc9, 0xf3, 0x00, 0x00, 0xbf, 0xdf, 0x80, 0x00, 0x0b, 0xd1, 0x8f, 0x60, 0x00, 0xbb, 0x00, 0xbe,
    0x30, 0x0b, 0xb0, 0x01, 0xec, 0x10, 0xbb, 0x00, 0x03, 0xfa, 0x00, 0x33, 0xbb, 0xbb, 0xbb, 0xbb,
    0xbb, 0xbb, 0xbb, 0xbb, 0xbb, 0xbb, 0xbb, 0xbb, 0x33, 0x05, 0x82, 0x00, 0x38, 0x50, 0x0b, 0xb9,
    0xff, 0xf4, 0x9f, 0xff, 0xc1, 0xbe, 0x70, 0x1a, 0xda, 0x10, 0x6f, 0x6b, 0xd0, 0x00, 0x4f, 0x40,
    0x00, 0xf8, 0xbb, 0x00, 0x04, 0xf4, 0x00, 0x0f, 0x8b, 0xb0, 0x00, 0x4f, 0x40, 0x00, 0xf8, 0xbb,
    0x00, 0x04, 0xf4, 0x00, 0x0f, 0x8b, 0xb0, 0x00, 0x4f, 0x40, 0x00, 0xf8, 0xbb, 0x00, 0x04, 0xf4,
    0x00, 0x0f, 0x8b, 0xb0, 0x00, 0x4f, 0x40, 0x00, 0xf8, 0x33, 0x03, 0x74, 0x00, 0xbb, 0x9f, 0xff,
    0xc1, 0xbe, 0x91, 0x07, 0xf7, 0xbe, 0x00, 0x00, 0xcb, 0xbb, 0x00, 0x00, 0xbb, 0xbb, 0x00, 0x00,
    0xbb, 0xbb, 0x00, 0x00, 0xbb, 0xbb, 0x00, 0x00, 0xbb, 0xbb, 0x00, 0x00, 0xbb, 0xbb, 0x00, 0x00,
    0xbb, 0x00, 0x02, 0x56, 0x30, 0x00, 0x00, 0x8f, 0xff, 0xf9, 0x00, 0x06, 0xf8, 0x00, 0x7f, 0x80,
    0x0d, 0xb0, 0x00, 0x08, 0xf1, 0x0f, 0x80, 0x00, 0x04, 0xf4, 0x3f, 0x80, 0x00, 0x04, 0xf4, 0x0f,
    0x80, 0x00, 0x05, 0xf4, 0x0c, 0xd0, 0x00, 0x0a, 0xe0, 0x04, 0xfa, 0x44, 0x8f, 0x70, 0x00, 0x5d,
    0xff, 0xe8, 0x00, 0x00, 0x00, 0x34, 0x00, 0x00, 0x33, 0x03, 0x74, 0x00, 0x0b, 0xb8, 0xff, 0xfd,
    0x30, 0xbe, 0xc2, 0x03, 0xed, 0x0b, 0xf2, 0x00, 0x05, 0xf5, 0xbc, 0x00, 0x00, 0x0f, 0x8b, 0xb0,
    0x00, 0x00, 0xf8, 0xbd, 0x00, 0x00, 0x1f, 0x8b, 0xf4, 0x00, 0x07, 0xf3, 0xbd, 0xd5, 0x47, 0xeb,
    0x0b, 0xb6, 0xef, 0xfb, 0x10, 0xbb, 0x01, 0x42, 0x00, 0x0b, 0xb0, 0x00, 0x00, 0x00, 0xbb, 0x00,
    0x00, 0x00, 0x06, 0x60, 0x00, 0x00, 0x00, 0x00, 0x03, 0x65, 0x11, 0x40, 0x00, 0x9f, 0xff, 0xc5,
    0xf0, 0x08, 0xf7, 0x00, 0x7e, 0xf0, 0x0d, 0xb0, 0x00, 0x0b, 0xf0, 0x0f, 0x80, 0x00, 0x08, 0xf0,
    0x3f, 0x80, 0x00, 0x08, 0xf0, 0x0f, 0x80, 0x00, 0x08, 0xf0, 0x0c, 0xd0, 0x00, 0x0d, 0xf0, 0x05,
    0xfa, 0x44, 0xae, 0xf0, 0x00, 0x6e, 0xff, 0xa8, 0xf0, 0x00, 0x00, 0x42, 0x08, 0xf0, 0x00, 0x00,
    0x00, 0x08, 0xf0, 0x00, 0x00, 0x00, 0x08, 0xf0, 0x00, 0x00, 0x00, 0x04, 0x80, 0x33, 0x05, 0x80,
    0xbb, 0xbf, 0xf0, 0xbf, 0x92, 0x00, 0xbe, 0x00, 0x00, 0xbb, 0x00, 0x00, 0xbb, 0x00, 0x00, 0xbb,
    0x00, 0x00, 0xbb, 0x00, 0x00, 0xbb, 0x00, 0x00, 0xbb, 0x00, 0x00, 0x00, 0x04, 0x74, 0x10, 0x00,
    0x2c, 0xfe, 0xfe, 0x30, 0x0a, 0xd2, 0x01, 0xcc, 0x00, 0xbc, 0x00, 0x01, 0x00, 0x08, 0xfb, 0x63,
    0x00, 0x00, 0x06, 0xcf, 0xfd, 0x30, 0x00, 0x00, 0x15, 0xce, 0x00, 0x64, 0x00, 0x08, 0xf1, 0x0d,
    0xd5, 0x25, 0xed, 0x00, 0x3b, 0xff, 0xfb, 0x30, 0x00, 0x02, 0x42, 0x00, 0x00, 0x04, 0x80, 0x00,
    0x08, 0xf0, 0x00, 0x39, 0xf4, 0x40, 0xbf, 0xff, 0xf0, 0x08, 0xf0, 0x00, 0x08, 0xf0, 0x00, 0x08,
    0xf0, 0x00, 0x08, 0xf0, 0x00, 0x08, 0xf0, 0x00, 0x08, 0xf0, 0x00, 0x05, 0xf7, 0x40, 0x00, 0x9f,
    0xf2, 0x00, 0x00, 0x00, 0x33, 0x00, 0x00, 0x33, 0xbb, 0x00, 0x00, 0xbb, 0xbb, 0x00, 0x00, 0xbb,
    0xbb, 0x00, 0x00, 0xbb, 0xbb, 0x00, 0x00, 0xbb, 0xbb, 0x00, 0x00, 0xbb, 0xbb, 0x00, 0x00, 0xbb,
    0x9e, 0x10, 0x01, 0xeb, 0x5f, 0xa4, 0x5c, 0xdb, 0x08, 0xef, 0xe6, 0xbb, 0x00, 0x00, 0x00, 0x00,
    0x24, 0x10, 0x00, 0x02, 0x40, 0x4f, 0x60, 0x00, 0x0c, 0xc0, 0x0d, 0xa0, 0x00, 0x2f, 0x70, 0x08,
    0xf2, 0x00, 0x8f, 0x10, 0x02, 0xf7, 0x00, 0xd9, 0x00, 0x00, 0xac, 0x04, 0xf5, 0x00, 0x00, 0x6f,
    0x29, 0xd0, 0x00, 0x00, 0x0e, 0x7d, 0x80, 0x00, 0x00, 0x09, 0xef, 0x20, 0x00, 0x00, 0x03, 0xfb,
    0x00, 0x00, 0x14, 0x10, 0x00, 0x33, 0x00, 0x01, 0x41, 0x3f, 0x60, 0x01, 0xff, 0x00, 0x07, 0xf2,
    0x0d, 0xa0, 0x05, 0xef, 0x40, 0x0b, 0xc0, 0x08, 0xe0, 0x08, 0xab, 0x80, 0x1f, 0x70, 0x05, 0xf3,
    0x0d, 0x78, 0xc0, 0x5f, 0x30, 0x00, 0xe8, 0x2f, 0x34, 0xf1, 0x8d, 0x00, 0x00, 0xab, 0x6d, 0x00,
    0xe5, 0xc8, 0x00, 0x00, 0x6f, 0x99, 0x00, 0xa8, 0xf5, 0x00, 0x00, 0x1f, 0xf5, 0x00, 0x6f, 0xe0,
    0x00, 0x00, 0x0b, 0xf1, 0x00, 0x2f, 0xa0, 0x00, 0x14, 0x20, 0x00, 0x14, 0x20, 0xbe, 0x10, 0x09,
    0xe2, 0x02, 0xe8, 0x04, 0xf7, 0x00, 0x06, 0xf4, 0xdb, 0x00, 0x00, 0x0a, 0xee, 0x10, 0x00, 0x00,
    0x7f, 0x90, 0x00, 0x00, 0x2e, 0xaf, 0x50, 0x00, 0x0b, 0xd1, 0x9e, 0x10, 0x07, 0xf4, 0x01, 0xea,
    0x02, 0xe8, 0x00, 0x05, 0xf7, 0x24, 0x10, 0x00, 0x02, 0x40, 0x4f, 0x60, 0x00, 0x0c, 0xc0, 0x0d,
    0xa0, 0x00, 0x2f, 0x70, 0x08, 0xf2, 0x00, 0x8f, 0x10, 0x02, 0xf7, 0x00, 0xd9, 0x00, 0x00, 0xbc,
    0x04, 0xf5, 0x00, 0x00, 0x6f, 0x29, 0xd0, 0x00, 0x00, 0x0e, 0x7e, 0x80, 0x00, 0x00, 0x09, 0xef,
    0x20, 0x00, 0x00, 0x03, 0xfb, 0x00, 0x00, 0x00, 0x02, 0xf6, 0x00, 0x00, 0x00, 0x09, 0xe1, 0x00,
    0x00, 0x08, 0xcf, 0x60, 0x00, 0x00, 0x06, 0x84, 0x00, 0x00, 0x00, 0x34, 0x44, 0x44, 0x41, 0xbf,
    0xff, 0xff, 0xf4, 0x00, 0x00, 0x1e, 0xb0, 0x00, 0x00, 0xbd, 0x10, 0x00, 0x08, 0xf3, 0x00, 0x00,
    0x5f, 0x70, 0x00, 0x03, 0xea, 0x00, 0x00, 0x1c, 0xc1, 0x00, 0x00, 0x9f, 0xa8, 0x88, 0x82, 0xff,
    0xff, 0xff, 0xf4, 0x00, 0x00, 0x00, 0x00, 0x3d, 0xf4, 0x00, 0xac, 0x41, 0x00, 0xf8, 0x00, 0x00,
    0xf8, 0x00, 0x00, 0xf8, 0x00, 0x00, 0xf7, 0x00, 0x38, 0xf3, 0x00, 0xbe, 0x50, 0x00, 0x4a, 0xe2,
    0x00, 0x01, 0xf6, 0x00, 0x00, 0xf8, 0x00, 0x00, 0xf8, 0x00, 0x00, 0xf8, 0x00, 0x00, 0xcb, 0x10,
    0x00, 0x5e, 0xf4, 0x00, 0x01, 0x41, 0x32, 0xb8, 0xb8, 0xb8, 0xb8, 0xb8, 0xb8, 0xb8, 0xb8, 0xb8,
    0xb8, 0xb8, 0xb8, 0xb8, 0xb8, 0xb8, 0xb8, 0xb8, 0xb8, 0xb8, 0xb8, 0x00, 0x00, 0x00, 0xfe, 0x60,
    0x00, 0x49, 0xe0, 0x00, 0x04, 0xf4, 0x00, 0x04, 0xf4, 0x00, 0x04, 0xf4, 0x00, 0x03, 0xf4, 0x00,
    0x00, 0xeb, 0x40, 0x00, 0x2d, 0xf0, 0x00, 0xcc, 0x60, 0x02, 0xf5, 0x00, 0x04, 0xf4, 0x00, 0x04,
    0xf4, 0x00, 0x04, 0xf4, 0x00, 0x08, 0xf1, 0x00, 0xff, 0x80, 0x00, 0x42, 0x00, 0x00, 0x02, 0x86,
    0x00, 0x02, 0x32, 0xef, 0xfc, 0x20, 0x8b, 0x8d, 0x12, 0xce, 0xbf, 0x82, 0x30, 0x01, 0x7b, 0x70,
    0x18, 0x1a, 0xf8, 0x4b, 0x30, 0x00, 0x28, 0x24, 0xf4, 0x4f, 0x44, 0xf4, 0x4f, 0x44, 0xf4, 0x4f,
    0x47, 0xf4, 0x8f, 0x40, 0x00, 0x00, 0x22, 0x00, 0x00, 0x00, 0x08, 0x80, 0x00, 0x00, 0x2a, 0xef,
    0xa4, 0x00, 0x2e, 0xdb, 0xbb, 0xf5, 0x0a, 0xe1, 0x88, 0x0b, 0x80, 0xf8, 0x08, 0x80, 0x00, 0x2f,
    0x80, 0x88, 0x00, 0x01, 0xf8, 0x08, 0x80, 0x00, 0x0e, 0x90, 0x88, 0x04, 0x20, 0x8f, 0x58, 0x83,
    0xe9, 0x00, 0xbf, 0xed, 0xfc, 0x10, 0x00, 0x6b, 0xb6, 0x10, 0x00, 0x00, 0x88, 0x00, 0x00, 0x00,
    0x00, 0x58, 0x82, 0x00, 0x00, 0x1c, 0xfd, 0xef, 0x60, 0x00, 0x8f, 0x30, 0x09, 0xf2, 0x00, 0xd9,
    0x00, 0x01, 0xb3, 0x00, 0xf8, 0x00, 0x00, 0x00, 0x00, 0xd8, 0x00, 0x00, 0x00, 0x0b, 0xee, 0xbb,
    0xb8, 0x00, 0x08, 0xdd, 0x88, 0x86, 0x00, 0x00, 0xbb, 0x00, 0x00, 0x00, 0x00, 0xbb, 0x00, 0x00,
    0x00, 0x00, 0xba, 0x00, 0x00, 0x84, 0x08, 0xf8, 0x88, 0x88, 0xf6, 0x0f, 0xff, 0xff, 0xff, 0xb1,
    0x01, 0x10, 0x04, 0x41, 0x00, 0x20, 0x0b, 0xc8, 0xef, 0xff, 0x99, 0xe1, 0x03, 0xef, 0x82, 0x16,
    0xef, 0x70, 0x04, 0xf6, 0x00, 0x00, 0x3e, 0x80, 0x09, 0xc0, 0x00, 0x00, 0x08, 0xd0, 0x0b, 0x80,
    0x00, 0x00, 0x05, 0xf0, 0x0b, 0x80, 0x00, 0x00, 0x05, 0xf0, 0x09, 0xd0, 0x00, 0x00, 0x09, 0xd0,
    0x04, 0xf7, 0x00, 0x00, 0x3f, 0x80, 0x06, 0xff, 0x94, 0x48, 0xef, 0x90, 0x09, 0x95, 0xdf, 0xfe,
    0x86, 0xc1, 0x00, 0x00, 0x02, 0x30, 0x00, 0x00, 0x34, 0x00, 0x00, 0x03, 0x40, 0x6f, 0x60, 0x00,
    0x1e, 0x90, 0x0d, 0xd0, 0x00, 0x8f, 0x30, 0x06, 0xf4, 0x00, 0xeb, 0x00, 0x00, 0xdb, 0x06, 0xf4,
    0x00, 0x00, 0x6f, 0x3d, 0xb0, 0x00, 0x03, 0x4e, 0xdf, 0x84, 0x10, 0x0b, 0xff, 0xff, 0xff, 0x40,
    0x00, 0x00, 0xf8, 0x00, 0x00, 0x08, 0xbb, 0xfd, 0xbb, 0x30, 0x03, 0x44, 0xf9, 0x44, 0x10, 0x00,
    0x00, 0xf8, 0x00, 0x00, 0x00, 0x00, 0xf8, 0x00, 0x00, 0x24, 0x8f, 0x8f, 0x8f, 0x8f, 0x8f, 0x24,
    0x00, 0x00, 0x24, 0x8f, 0x8f, 0x8f, 0x8f, 0x8f, 0x24, 0x00, 0x58, 0x82, 0x00, 0x09, 0xfb, 0xcf,
    0x50, 0x2f, 0x70, 0x0a, 0xd0, 0x2f, 0x50, 0x02, 0x30, 0x09, 0xe5, 0x00, 0x00, 0x3b, 0xbf, 0xb2,
    0x00, 0xd8, 0x04, 0xbf, 0x60, 0xf6, 0x00, 0x07, 0xf4, 0x9e, 0x40, 0x00, 0xb9, 0x1a, 0xf9, 0x11,
    0xd7, 0x00, 0x4d, 0xec, 0x80, 0x00, 0x00, 0x8f, 0x50, 0x24, 0x00, 0x09, 0xc0, 0x7f, 0x30, 0x0b,
    0xc0, 0x1c, 0xfb, 0xdf, 0x50, 0x00, 0x68, 0x72, 0x00, 0x6a, 0x11, 0xa6, 0x9f, 0x33, 0xfa, 0x03,
    0x00, 0x21, 0x00, 0x00, 0x27, 0x88, 0x50, 0x00, 0x00, 0x00, 0x19, 0xff, 0xff, 0xfe, 0x50, 0x00,
    0x01, 0xce, 0x71, 0x00, 0x3b, 0xf6, 0x00, 0x0a, 0xe3, 0x18, 0xba, 0x50, 0x9f, 0x40, 0x2f, 0x71,
    0xce, 0xbc, 0xf8, 0x0d, 0xa0, 0x8f, 0x18, 0xe3, 0x00, 0x8f, 0x28, 0xf0, 0x8c, 0x0b, 0xb0, 0x00,
    0x00, 0x04, 0xf3, 0x8d, 0x0a, 0xc0, 0x00, 0x48, 0x05, 0xf1, 0x6f, 0x25, 0xf7, 0x02, 0xcd, 0x09,
    0xe0, 0x1e, 0xa0, 0x8f, 0xff, 0xe3, 0x2e, 0x80, 0x07, 0xf8, 0x02, 0x75, 0x12, 0xce, 0x10, 0x00,
    0x8f, 0xc7, 0x45, 0x8e, 0xe3, 0x00, 0x00, 0x04, 0xbf, 0xff, 0xe9, 0x10, 0x00, 0x00, 0x00, 0x01,
    0x43, 0x00, 0x00, 0x00, 0x00, 0x68, 0x83, 0x00, 0xce, 0x89, 0xf5, 0x16, 0x30, 0x0b, 0xb0, 0x27,
    0x8b, 0xeb, 0x2e, 0xb8, 0x5c, 0xb8, 0xf0, 0x00, 0xcb, 0x3f, 0xa8, 0xbe, 0xb0, 0x48, 0x84, 0x66,
    0x00, 0x00, 0x00, 0x00, 0x00, 0x00, 0x05, 0xf6, 0x1c, 0xc0, 0x00, 0x3e, 0x90, 0xcd, 0x10, 0x01,
    0xeb, 0x09, 0xe3, 0x00, 0x1c, 0xc1, 0x7f, 0x50, 0x00, 0x09, 0xe3, 0x5f, 0x80, 0x00, 0x00, 0xcd,
    0x16, 0xf6, 0x00, 0x00, 0x1d, 0xc0, 0x9e, 0x30, 0x00, 0x03, 0xb6, 0x08, 0xa0, 0x14, 0x44, 0x44,
    0x43, 0x4f, 0xff, 0xff, 0xfb, 0x14, 0x44, 0x44, 0x9b, 0x00, 0x00, 0x00, 0x8b, 0x00, 0x00, 0x00,
    0x46, 0x48, 0x88, 0x86, 0x8f, 0xff, 0xfb, 0x24, 0x44, 0x43, 0x00, 0x01, 0x68, 0x82, 0x00, 0x00,
    0x06, 0xec, 0xbb, 0xf8, 0x00, 0x04, 0xf6, 0x00, 0x03, 0xc8, 0x00, 0xc8, 0x0f, 0xbc, 0x33, 0xf2,
    0x1f, 0x10, 0xf0, 0x88, 0x0b, 0x74, 0xf0, 0x0f, 0xbe, 0x30, 0xb8, 0x0f, 0x30, 0xf0, 0xd4, 0x0d,
    0x50, 0x9b, 0x08, 0x04, 0x57, 0xe1, 0x01, 0xcb, 0x50, 0x28, 0xf5, 0x00, 0x01, 0x9f, 0xff, 0xb3,
    0x00, 0x00, 0x00, 0x01, 0x00, 0x00, 0x00, 0x28, 0x88, 0x82, 0x3b, 0xbb, 0xb3, 0x02, 0x76, 0x10,
    0x3e, 0xcd, 0xc1, 0xca, 0x01, 0xd8, 0xe5, 0x00, 0x8a, 0x9c, 0x45, 0xe6, 0x1b, 0xff, 0x80, 0x00,
    0x00, 0x00, 0x00, 0x00, 0x41, 0x00, 0x00, 0x00, 0x0f, 0x40, 0x00, 0x00, 0x00, 0xf4, 0x00, 0x03,
    0xbb, 0xbf, 0xcb, 0xb6, 0x28, 0x88, 0xf9, 0x88, 0x40, 0x00, 0x0f, 0x40, 0x00, 0x00, 0x00, 0xf4,
    0x00, 0x00, 0x00, 0x00, 0x00, 0x00, 0x4f, 0xff, 0xff, 0xff, 0x82, 0x88, 0x88, 0x88, 0x84, 0x00,
    0x24, 0x30, 0x00, 0x8f, 0xcf, 0xc1, 0x0b, 0x60, 0x2f, 0x60, 0x00, 0x06, 0xf3, 0x00, 0x07, 0xf6,
    0x00, 0x1a, 0xd4, 0x00, 0x0c, 0xf8, 0x88, 0x40, 0x88, 0x88, 0x84, 0x00, 0x14, 0x40, 0x00, 0x6f,
    0xde, 0xd2, 0x0a, 0x70, 0x1f, 0x80, 0x00, 0x88, 0xd3, 0x00, 0x08, 0xcc, 0x31, 0x41, 0x00, 0xbb,
    0x0c, 0xd8, 0x9f, 0x80, 0x17, 0x98, 0x40, 0x09, 0xd1, 0x2f, 0x40, 0x46, 0x00, 0x33, 0x00, 0x00,
    0x33, 0x0b, 0xb0, 0x00, 0x0b, 0xb0, 0xbb, 0x00, 0x00, 0xbb, 0x0b, 0xb0, 0x00, 0x0b, 0xb0, 0xbb,
    0x00, 0x00, 0xbb, 0x0b, 0xb0, 0x00, 0x0b, 0xb0, 0xbb, 0x00, 0x00, 0xbb, 0x0b, 0xf1, 0x00, 0x0e,
    0xb0, 0xbf, 0xb4, 0x4a, 0xed, 0x4b, 0xb8, 0xff, 0xa3, 0xdf, 0xbb, 0x00, 0x10, 0x00, 0x0b, 0xb0,
    0x00, 0x00, 0x00, 0xbb, 0x00, 0x00, 0x00, 0x06, 0x60, 0x00, 0x00, 0x00, 0x00, 0x02, 0x44, 0x44,
    0x30, 0x1a, 0xff, 0xff, 0xfb, 0x08, 0xff, 0xfb, 0x0b, 0xb0, 0xef, 0xff, 0xb0, 0xbb, 0x0f, 0xff,
    0xfb, 0x0b, 0xb0, 0xff, 0xff, 0xb0, 0xbb, 0x09, 0xff, 0xfb, 0x0b, 0xb0, 0x1b, 0xff, 0xb0, 0xbb,
    0x00, 0x03, 0x76, 0x0b, 0xb0, 0x00, 0x00, 0x00, 0xbb, 0x00, 0x00, 0x00, 0x0b, 0xb0, 0x00, 0x00,
    0x00, 0xbb, 0x00, 0x00, 0x00, 0x0b, 0xb0, 0x7f, 0x59, 0xf7, 0x04, 0x00, 0x24, 0x00, 0x49, 0x20,
    0x38, 0xe2, 0x68, 0xf2, 0x68, 0x40, 0x00, 0x24, 0x11, 0x8f, 0xf4, 0x4a, 0x6f, 0x40, 0x04, 0xf4,
    0x00, 0x4f, 0x40, 0x04, 0xf4, 0x00, 0x4f, 0x40, 0x02, 0x82, 0x00, 0x48, 0x85, 0x00, 0x06, 0xfb,
    0xae, 0x90, 0x2f, 0x80, 0x04, 0xf4, 0x4f, 0x20, 0x00, 0xf8, 0x4f, 0x20, 0x00, 0xf8, 0x2f, 0x80,
    0x04, 0xf5, 0x08, 0xf9, 0x8e, 0x90, 0x00, 0x48, 0x86, 0x00, 0x00, 0x00, 0x00, 0x00, 0x00, 0x1c,
    0xc1, 0x8f, 0x30, 0x00, 0x02, 0xe9, 0x09, 0xe2, 0x00, 0x00, 0x3f, 0x81, 0xcc, 0x10, 0x00, 0x06,
    0xf6, 0x1e, 0xb0, 0x00, 0x09, 0xe3, 0x3f, 0x80, 0x00, 0x6f, 0x62, 0xea, 0x00, 0x04, 0xf8, 0x1c,
    0xc1, 0x00, 0x1a, 0x80, 0x7b, 0x10, 0x00, 0x01, 0x43, 0x00, 0x00, 0x00, 0x41, 0x03, 0xee, 0xb0,
    0x00, 0x00, 0x8c, 0x10, 0x75, 0xbb, 0x00, 0x00, 0x4f, 0x30, 0x00, 0x0b, 0xb0, 0x00, 0x1d, 0x80,
    0x00, 0x00, 0xbb, 0x00, 0x08, 0xc0, 0x00, 0x00, 0x0b, 0xb0, 0x04, 0xe3, 0x00, 0x00, 0x00, 0xbb,
    0x01, 0xe7, 0x00, 0x9b, 0x00, 0x03, 0x30, 0xab, 0x00, 0x4f, 0xf0, 0x00, 0x00, 0x5e, 0x20, 0x0d,
    0x9f, 0x00, 0x00, 0x1e, 0x60, 0x07, 0xc4, 0xf0, 0x00, 0x0b, 0xa0, 0x01, 0xe8, 0x7f, 0x40, 0x07,
    0xe1, 0x00, 0x4f, 0xff, 0xff, 0x02, 0xe5, 0x00, 0x00, 0x00, 0x4f, 0x00, 0x01, 0x43, 0x00, 0x00,
    0x00, 0x41, 0x00, 0x3e, 0xeb, 0x00, 0x00, 0x08, 0xc1, 0x00, 0x75, 0xbb, 0x00, 0x00, 0x4f, 0x30,
    0x00, 0x00, 0xbb, 0x00, 0x01, 0xd8, 0x00, 0x00, 0x00, 0xbb, 0x00, 0x08, 0xc0, 0x00, 0x00, 0x00,
    0xbb, 0x00, 0x4e, 0x30, 0x00, 0x00, 0x00, 0xbb, 0x01, 0xe7, 0x03, 0xab, 0x80, 0x00, 0x33, 0x0a,
    0xb0, 0x0e, 0x95, 0xe6, 0x00, 0x00, 0x5e, 0x20, 0x04, 0x10, 0xd7, 0x00, 0x01, 0xe6, 0x00, 0x00,
    0x09, 0xc1, 0x00, 0x0b, 0xa0, 0x00, 0x00, 0x8e, 0x30, 0x00, 0x7e, 0x10, 0x00, 0x06, 0xf3, 0x00,
    0x02, 0xe5, 0x00, 0x00, 0x0f, 0xff, 0xf8, 0x00, 0x58, 0x30, 0x00, 0x00, 0x03, 0x30, 0x00, 0xbd,
    0xbf, 0x40, 0x00, 0x03, 0xf4, 0x00, 0x04, 0x10, 0xb8, 0x00, 0x00, 0xc8, 0x00, 0x00, 0x04, 0x9d,
    0x30, 0x00, 0x8c, 0x00, 0x00, 0x00, 0x48, 0xe7, 0x00, 0x4f, 0x30, 0x00, 0x01, 0x41, 0x08, 0xb0,
    0x1d, 0x80, 0x00, 0x00, 0x0c, 0xdb, 0xf8, 0x08, 0xc0, 0x05, 0xb6, 0x00, 0x16, 0x83, 0x05, 0xe2,
    0x01, 0xde, 0x80, 0x00, 0x00, 0x01, 0xe7, 0x00, 0x8b, 0xb8, 0x00, 0x00, 0x00, 0xab, 0x00, 0x2f,
    0x2b, 0x80, 0x00, 0x00, 0x5e, 0x20, 0x0a, 0xb4, 0xc9, 0x10, 0x00, 0x2e, 0x50, 0x00, 0xff, 0xff,
    0xf4, 0x00, 0x0b, 0xa0, 0x00, 0x00, 0x00, 0xb8, 0x00, 0x00, 0x00, 0x62, 0x00, 0x00, 0x00, 0x4f,
    0xb0, 0x00, 0x00, 0x02, 0xb8, 0x00, 0x00, 0x00, 0x00, 0x00, 0x00, 0x00, 0x00, 0x84, 0x00, 0x00,
    0x00, 0x1f, 0x80, 0x00, 0x00, 0x19, 0xf3, 0x00, 0x00, 0x3d, 0xe6, 0x00, 0x00, 0x0c, 0xe3, 0x00,
    0x00, 0x02, 0xf8, 0x00, 0x00, 0x00, 0x2f, 0x80, 0x00, 0x9e, 0x00, 0xbe, 0x40, 0x7f, 0x90, 0x03,
    0xcf, 0xff, 0xa1, 0x00, 0x00, 0x34, 0x20, 0x00, 0x00, 0x00, 0x00, 0x00, 0x00, 0x00, 0x00, 0x01,
    0xe9, 0x00, 0x00, 0x00, 0x00, 0x00, 0x5f, 0x10, 0x00, 0x00, 0x00, 0x00, 0x07, 0x30, 0x00, 0x00,
    0x00, 0x00, 0x14, 0x30, 0x00, 0x00, 0x00, 0x00, 0x6f, 0xf1, 0x00, 0x00, 0x00, 0x00, 0xb9, 0xf7,
    0x00, 0x00, 0x00, 0x02, 0xf6, 0xac, 0x00, 0x00, 0x00, 0x07, 0xf1, 0x6f, 0x30, 0x00, 0x00, 0x0d,
    0xa0, 0x1f, 0x80, 0x00, 0x00, 0x3f, 0x60, 0x0a, 0xd0, 0x00, 0x00, 0x8f, 0x10, 0x05, 0xf5, 0x00,
    0x00, 0xee, 0xbb, 0xbb, 0xf9, 0x00, 0x05, 0xf9, 0x88, 0x88, 0xbe, 0x10, 0x09, 0xe0, 0x00, 0x00,
    0x4f, 0x60, 0x1f, 0x90, 0x00, 0x00, 0x0d, 0xb0, 0x6f, 0x50, 0x00, 0x00, 0x08, 0xf2, 0x00, 0x00,
    0x00, 0x00, 0x00, 0x00, 0x00, 0x00, 0x00, 0xda, 0x00, 0x00, 0x00, 0x00, 0x06, 0xe1, 0x00, 0x00,
    0x00, 0x00, 0x06, 0x40, 0x00, 0x00, 0x00, 0x00, 0x14, 0x30, 0x00, 0x00, 0x00, 0x00, 0x6f, 0xf1,
    0x00, 0x00, 0x00, 0x00, 0xb9, 0xf7, 0x00, 0x00, 0x00, 0x02, 0xf6, 0xac, 0x00, 0x00, 0x00, 0x07,
    0xf1, 0x6f, 0x30, 0x00, 0x00, 0x0d, 0xa0, 0x1f, 0x80, 0x00, 0x00, 0x3f, 0x60, 0x0a, 0xd0, 0x00,
    0x00, 0x8f, 0x10, 0x05, 0xf5, 0x00, 0x00, 0xee, 0xbb, 0xbb, 0xf9, 0x00, 0x05, 0xf9, 0x88, 0x88,
    0xbe, 0x10, 0x09, 0xe0, 0x00, 0x00, 0x4f, 0x60, 0x1f, 0x90, 0x00, 0x00, 0x0d, 0xb0, 0x6f, 0x50,
    0x00, 0x00, 0x08, 0xf2, 0x00, 0x00, 0x00, 0x00, 0x00, 0x00, 0x00, 0x00, 0x6e, 0xe2, 0x00, 0x00,
    0x00, 0x03, 0xe5, 0x9c, 0x10, 0x00, 0x00, 0x03, 0x30, 0x04, 0x20, 0x00, 0x00, 0x00, 0x14, 0x30,
    0x00, 0x00, 0x00, 0x00, 0x6f, 0xf1, 0x00, 0x00, 0x00, 0x00, 0xb9, 0xf7, 0x00, 0x00, 0x00, 0x02,
    0xf6, 0xac, 0x00, 0x00, 0x00, 0x07, 0xf1, 0x6f, 0x30, 0x00, 0x00, 0x0d, 0xa0, 0x1f, 0x80, 0x00,
    0x00, 0x3f, 0x60, 0x0a, 0xd0, 0x00, 0x00, 0x8f, 0x10, 0x05, 0xf5, 0x00, 0x00, 0xee, 0xbb, 0xbb,
    0xf9, 0x00, 0x05, 0xf9, 0x88, 0x88, 0xbe, 0x10, 0x09, 0xe0, 0x00, 0x00, 0x4f, 0x60, 0x1f, 0x90,
    0x00, 0x00, 0x0d, 0xb0, 0x6f, 0x50, 0x00, 0x00, 0x08, 0xf2, 0x00, 0x01, 0xa9, 0x29, 0x30, 0x00,
    0x00, 0x08, 0xa8, 0xec, 0x10, 0x00, 0x00, 0x00, 0x00, 0x00, 0x00, 0x00, 0x00, 0x00, 0x14, 0x30,
    0x00, 0x00, 0x00, 0x00, 0x6f, 0xf1, 0x00, 0x00, 0x00, 0x00, 0xb9, 0xf7, 0x00, 0x00, 0x00, 0x02,
    0xf6, 0xac, 0x00, 0x00, 0x00, 0x07, 0xf1, 0x6f, 0x30, 0x00, 0x00, 0x0d, 0xa0, 0x1f, 0x80, 0x00,
    0x00, 0x3f, 0x60, 0x0a, 0xd0, 0x00, 0x00, 0x8f, 0x10, 0x05, 0xf5, 0x00, 0x00, 0xee, 0xbb, 0xbb,
    0xf9, 0x00, 0x05, 0xf9, 0x88, 0x88, 0xbe, 0x10, 0x09, 0xe0, 0x00, 0x00, 0x4f, 0x60, 0x1f, 0x90,
    0x00, 0x00, 0x0d, 0xb0, 0x6f, 0x50, 0x00, 0x00, 0x08, 0xf2, 0x00, 0x08, 0xa0, 0x2b, 0x50, 0x00,
    0x00, 0x0a, 0xe0, 0x4f, 0x70, 0x00, 0x00, 0x00, 0x00, 0x00, 0x00, 0x00, 0x00, 0x00, 0x14, 0x30,
    0x00, 0x00, 0x00, 0x00, 0x6f, 0xf1, 0x00, 0x00, 0x00, 0x00, 0xb9, 0xf7, 0x00, 0x00, 0x00, 0x02,
    0xf6, 0xac, 0x00, 0x00, 0x00, 0x07, 0xf1, 0x6f, 0x30, 0x00, 0x00, 0x0d, 0xa0, 0x1f, 0x80, 0x00,
    0x00, 0x3f, 0x60, 0x0a, 0xd0, 0x00, 0x00, 0x8f, 0x10, 0x05, 0xf5, 0x00, 0x00, 0xee, 0xbb, 0xbb,
    0xf9, 0x00, 0x05, 0xf9, 0x88, 0x88, 0xbe, 0x10, 0x09, 0xe0, 0x00, 0x00, 0x4f, 0x60, 0x1f, 0x90,
    0x00, 0x00, 0x0d, 0xb0, 0x6f, 0x50, 0x00, 0x00, 0x08, 0xf2, 0x00, 0x00, 0x8e, 0xd3, 0x00, 0x00,
    0x00, 0x03, 0xe3, 0x7e, 0x00, 0x00, 0x00, 0x04, 0xd1, 0x4f, 0x00, 0x00, 0x00, 0x00, 0xbd, 0xe6,
    0x00, 0x00, 0x00, 0x00, 0x17, 0x50, 0x00, 0x00, 0x00, 0x00, 0x6f, 0xf1, 0x00, 0x00, 0x00, 0x00,
    0xb9, 0xf7, 0x00, 0x00, 0x00, 0x02, 0xf6, 0xac, 0x00, 0x00, 0x00, 0x07, 0xf1, 0x6f, 0x30, 0x00,
    0x00, 0x0d, 0xa0, 0x1f, 0x80, 0x00, 0x00, 0x3f, 0x60, 0x0a, 0xd0, 0x00, 0x00, 0x8f, 0x10, 0x05,
    0xf5, 0x00, 0x00, 0xee, 0xbb, 0xbb, 0xf9, 0x00, 0x05, 0xf9, 0x88, 0x88, 0xbe, 0x10, 0x09, 0xe0,
    0x00, 0x00, 0x4f, 0x60, 0x1f, 0x90, 0x00, 0x00, 0x0d, 0xb0, 0x6f, 0x50, 0x00, 0x00, 0x08, 0xf2,
    0x00, 0x00, 0x00, 0x34, 0x44, 0x44, 0x44, 0x43, 0x00, 0x00, 0x01, 0xec, 0xef, 0xff, 0xff, 0xfb,
    0x00, 0x00, 0x08, 0xf2, 0xbb, 0x00, 0x00, 0x00, 0x00, 0x00, 0x1e, 0x90, 0xbb, 0x00, 0x00, 0x00,
    0x00, 0x00, 0x8f, 0x20, 0xbb, 0x00, 0x00, 0x00, 0x00, 0x01, 0xe9, 0x00, 0xbb, 0x00, 0x00, 0x00,
    0x00, 0x08, 0xf4, 0x00, 0xbf, 0xff, 0xff, 0xf4, 0x00, 0x0d, 0xb0, 0x00, 0xbd, 0x88, 0x88, 0x82,
    0x00, 0x6f, 0xdb, 0xbb, 0xeb, 0x00, 0x00, 0x00, 0x00, 0xdc, 0x88, 0x88, 0xdb, 0x00, 0x00, 0x00,
    0x06, 0xf6, 0x00, 0x00, 0xbb, 0x00, 0x00, 0x00, 0x0d, 0xd0, 0x00, 0x00, 0xbd, 0x88, 0x88, 0x86,
    0x6f, 0x60, 0x00, 0x00, 0xbf, 0xff, 0xff, 0xfb, 0x00, 0x02, 0x78, 0x72, 0x00, 0x00, 0x19, 0xff,
    0xff, 0xf9, 0x10, 0x0a, 0xf8, 0x10, 0x18, 0xfa, 0x04, 0xf7, 0x00, 0x00, 0x08, 0xf3, 0xae, 0x00,
    0x00, 0x00, 0x18, 0x4e, 0xa0, 0x00, 0x00, 0x00, 0x00, 0xf8, 0x00, 0x00, 0x00, 0x00, 0x0f, 0x80,
    0x00, 0x00, 0x00, 0x00, 0xcb, 0x00, 0x00, 0x00, 0x00, 0x08, 0xf2, 0x00, 0x00, 0x03, 0xf6, 0x2f,
    0xb1, 0x00, 0x00, 0xbe, 0x10, 0x6f, 0xd7, 0x47, 0xdf, 0x60, 0x00, 0x4c, 0xff, 0xfc, 0x40, 0x00,
    0x00, 0x01, 0xf3, 0x00, 0x00, 0x00, 0x00, 0x08, 0xe5, 0x00, 0x00, 0x00, 0x02, 0x4d, 0x70, 0x00,
    0x00, 0x00, 0x48, 0x71, 0x00, 0x00, 0x00, 0x00, 0x00, 0x00, 0x00, 0x08, 0xe1, 0x00, 0x00, 0x00,
    0x1d, 0x80, 0x00, 0x00, 0x00, 0x37, 0x00, 0x00, 0x24, 0x44, 0x44, 0x44, 0x08, 0xff, 0xff, 0xff,
    0xf0, 0x8f, 0x00, 0x00, 0x00, 0x08, 0xf0, 0x00, 0x00, 0x00, 0x8f, 0x00, 0x00, 0x00, 0x08, 0xf0,
    0x00, 0x00, 0x00, 0x8f, 0xff, 0xff, 0xf8, 0x08, 0xf8, 0x88, 0x88, 0x40, 0x8f, 0x00, 0x00, 0x00,
    0x08, 0xf0, 0x00, 0x00, 0x00, 0x8f, 0x00, 0x00, 0x00, 0x08, 0xf8, 0x88, 0x88, 0x80, 0x8f, 0xff,
    0xff, 0xff, 0x00, 0x00, 0x00, 0x00, 0x00, 0x00, 0x00, 0x07, 0xf3, 0x00, 0x00, 0x00, 0xd8, 0x00,
    0x00, 0x00, 0x28, 0x00, 0x00, 0x24, 0x44, 0x44, 0x44, 0x08, 0xff, 0xff, 0xff, 0xf0, 0x8f, 0x00,
    0x00, 0x00, 0x08, 0xf0, 0x00, 0x00, 0x00, 0x8f, 0x00, 0x00, 0x00, 0x08, 0xf0, 0x00, 0x00, 0x00,
    0x8f, 0xff, 0xff, 0xf8, 0x08, 0xf8, 0x88, 0x88, 0x40, 0x8f, 0x00, 0x00, 0x00, 0x08, 0xf0, 0x00,
    0x00, 0x00, 0x8f, 0x00, 0x00, 0x00, 0x08, 0xf8, 0x88, 0x88, 0x80, 0x8f, 0xff, 0xff, 0xff, 0x00,
    0x00, 0x00, 0x00, 0x00, 0x00, 0x01, 0xcf, 0x70, 0x00, 0x00, 0xbb, 0x3e, 0x60, 0x00, 0x14, 0x10,
    0x34, 0x00, 0x24, 0x44, 0x44, 0x44, 0x08, 0xff, 0xff, 0xff, 0xf0, 0x8f, 0x00, 0x00, 0x00, 0x08,
    0xf0, 0x00, 0x00, 0x00, 0x8f, 0x00, 0x00, 0x00, 0x08, 0xf0, 0x00, 0x00, 0x00, 0x8f, 0xff, 0xff,
    0xf8, 0x08, 0xf8, 0x88, 0x88, 0x40, 0x8f, 0x00, 0x00, 0x00, 0x08, 0xf0, 0x00, 0x00, 0x00, 0x8f,
    0x00, 0x00, 0x00, 0x08, 0xf8, 0x88, 0x88, 0x80, 0x8f, 0xff, 0xff, 0xff, 0x00, 0x03, 0xb5, 0x08,
    0xa0, 0x00, 0x5f, 0x70, 0xce, 0x00, 0x00, 0x00, 0x00, 0x00, 0x02, 0x44, 0x44, 0x44, 0x40, 0x8f,
    0xff, 0xff, 0xff, 0x08, 0xf0, 0x00, 0x00, 0x00, 0x8f, 0x00, 0x00, 0x00, 0x08, 0xf0, 0x00, 0x00,
    0x00, 0x8f, 0x00, 0x00, 0x00, 0x08, 0xff, 0xff, 0xff, 0x80, 0x8f, 0x88, 0x88, 0x84, 0x08, 0xf0,
    0x00, 0x00, 0x00, 0x8f, 0x00, 0x00, 0x00, 0x08, 0xf0, 0x00, 0x00, 0x00, 0x8f, 0x88, 0x88, 0x88,
    0x08, 0xff, 0xff, 0xff, 0xf0, 0x00, 0x00, 0x8e, 0x10, 0x1d, 0x80, 0x03, 0x70, 0x02, 0x40, 0x08,
    0xf0, 0x08, 0xf0, 0x08, 0xf0, 0x08, 0xf0, 0x08, 0xf0, 0x08, 0xf0, 0x08, 0xf0, 0x08, 0xf0, 0x08,
    0xf0, 0x08, 0xf0, 0x08, 0xf0, 0x08, 0xf0, 0x00, 0x00, 0x08, 0xe2, 0x0e, 0x70, 0x28, 0x00, 0x24,
    0x00, 0x8f, 0x00, 0x8f, 0x00, 0x8f, 0x00, 0x8f, 0x00, 0x8f, 0x00, 0x8f, 0x00, 0x8f, 0x00, 0x8f,
    0x00, 0x8f, 0x00, 0x8f, 0x00, 0x8f, 0x00, 0x8f, 0x00, 0x00, 0x00, 0x00, 0x01, 0xcf, 0x60, 0x0c,
    0xa3, 0xe6, 0x14, 0x10, 0x34, 0x00, 0x24, 0x00, 0x00, 0x8f, 0x00, 0x00, 0x8f, 0x00, 0x00, 0x8f,
    0x00, 0x00, 0x8f, 0x00, 0x00, 0x8f, 0x00, 0x00, 0x8f, 0x00, 0x00, 0x8f, 0x00, 0x00, 0x8f, 0x00,
    0x00, 0x8f, 0x00, 0x00, 0x8f, 0x00, 0x00, 0x8f, 0x00, 0x00, 0x8f, 0x00, 0x3b, 0x50, 0x8a, 0x05,
    0xf7, 0x0c, 0xe0, 0x00, 0x00, 0x00, 0x00, 0x02, 0x40, 0x00, 0x00, 0x8f, 0x00, 0x00, 0x08, 0xf0,
    0x00, 0x00, 0x8f, 0x00, 0x00, 0x08, 0xf0, 0x00, 0x00, 0x8f, 0x00, 0x00, 0x08, 0xf0, 0x00, 0x00,
    0x8f, 0x00, 0x00, 0x08, 0xf0, 0x00, 0x00, 0x8f, 0x00, 0x00, 0x08, 0xf0, 0x00, 0x00, 0x8f, 0x00,
    0x00, 0x08, 0xf0, 0x00, 0x01, 0x44, 0x44, 0x43, 0x00, 0x00, 0x04, 0xff, 0xff, 0xff, 0xb3, 0x00,
    0x04, 0xf4, 0x00, 0x16, 0xde, 0x30, 0x04, 0xf4, 0x00, 0x00, 0x1e, 0xb0, 0x04, 0xf4, 0x00, 0x00,
    0x07, 0xf3, 0x04, 0xf4, 0x00, 0x00, 0x03, 0xf6, 0x8c, 0xfc, 0xbb, 0x60, 0x00, 0xf8, 0x69, 0xf9,
    0x88, 0x40, 0x00, 0xf8, 0x04, 0xf4, 0x00, 0x00, 0x04, 0xf5, 0x04, 0xf4, 0x00, 0x00, 0x09, 0xf1,
    0x04, 0xf4, 0x00, 0x00, 0x6f, 0x80, 0x04, 0xf9, 0x88, 0x8b, 0xfb, 0x10, 0x04, 0xff, 0xff, 0xfb,
    0x60, 0x00, 0x00, 0x06, 0xb6, 0x48, 0x00, 0x00, 0x00, 0xe6, 0xbf, 0x70, 0x00, 0x00, 0x00, 0x00,
    0x00, 0x00, 0x02, 0x42, 0x00, 0x00, 0x01, 0x41, 0x8f, 0xd1, 0x00, 0x00, 0x4f, 0x48, 0xfe, 0x80,
    0x00, 0x04, 0xf4, 0x8f, 0x8f, 0x30, 0x00, 0x4f, 0x48, 0xf1, 0xdc, 0x00, 0x04, 0xf4, 0x8f, 0x05,
    0xf7, 0x00, 0x4f, 0x48, 0xf0, 0x0a, 0xe2, 0x04, 0xf4, 0x8f, 0x00, 0x2e, 0xb0, 0x4f, 0x48, 0xf0,
    0x00, 0x7f, 0x54, 0xf4, 0x8f, 0x00, 0x00, 0xbe, 0x5f, 0x48, 0xf0, 0x00, 0x03, 0xfb, 0xf4, 0x8f,
    0x00, 0x00, 0x08, 0xff, 0x48, 0xf0, 0x00, 0x00, 0x0d, 0xf4, 0x00, 0x00, 0x00, 0x00, 0x00, 0x00,
    0x00, 0x5f, 0x40, 0x00, 0x00, 0x00, 0x00, 0xab, 0x00, 0x00, 0x00, 0x00, 0x01, 0x81, 0x00, 0x00,
    0x00, 0x02, 0x78, 0x73, 0x00, 0x00, 0x18, 0xff, 0xff, 0xf9, 0x10, 0x0a, 0xf8, 0x10, 0x18, 0xfa,
    0x04, 0xf7, 0x00, 0x00, 0x07, 0xf4, 0xae, 0x00, 0x00, 0x00, 0x0e, 0xae, 0xa0, 0x00, 0x00, 0x00,
    0xae, 0xf8, 0x00, 0x00, 0x00, 0x08, 0xff, 0x80, 0x00, 0x00, 0x00, 0x8f, 0xcb, 0x00, 0x00, 0x00,
    0x0b, 0xc8, 0xf2, 0x00, 0x00, 0x02, 0xf8, 0x2f, 0xb1, 0x00, 0x01, 0xbf, 0x20, 0x6f, 0xd7, 0x47,
    0xdf, 0x60, 0x00, 0x4c, 0xff, 0xfc, 0x40, 0x00, 0x00, 0x01, 0x41, 0x00, 0x00, 0x00, 0x00, 0x00,
    0x00, 0x00, 0x00, 0x00, 0x00, 0x4f, 0x50, 0x00, 0x00, 0x00, 0x0b, 0xa0, 0x00, 0x00, 0x00, 0x01,
    0x81, 0x00, 0x00, 0x00, 0x02, 0x78, 0x73, 0x00, 0x00, 0x18, 0xff, 0xff, 0xf9, 0x10, 0x0a, 0xf8,
    0x10, 0x18, 0xfa, 0x04, 0xf7, 0x00, 0x00, 0x07, 0xf4, 0xae, 0x00, 0x00, 0x00, 0x0e, 0xae, 0xa0,
    0x00, 0x00, 0x00, 0xae, 0xf8, 0x00, 0x00, 0x00, 0x08, 0xff, 0x80, 0x00, 0x00, 0x00, 0x8f, 0xcb,
    0x00, 0x00, 0x00, 0x0b, 0xc8, 0xf2, 0x00, 0x00, 0x02, 0xf8, 0x2f, 0xb1, 0x00, 0x01, 0xbf, 0x20,
    0x6f, 0xd7, 0x47, 0xdf, 0x60, 0x00, 0x4c, 0xff, 0xfc, 0x40, 0x00, 0x00, 0x01, 0x41, 0x00, 0x00,
    0x00, 0x00, 0x00, 0x00, 0x00, 0x00, 0x00, 0x09, 0xf9, 0x00, 0x00, 0x00, 0x08, 0xd2, 0xd9, 0x00,
    0x00, 0x00, 0x42, 0x02, 0x40, 0x00, 0x00, 0x02, 0x78, 0x73, 0x00, 0x00, 0x18, 0xff, 0xff, 0xf9,
    0x10, 0x0a, 0xf8, 0x10, 0x18, 0xfa, 0x04, 0xf7, 0x00, 0x00, 0x07, 0xf4, 0xae, 0x00, 0x00, 0x00,
    0x0e, 0xae, 0xa0, 0x00, 0x00, 0x00, 0xae, 0xf8, 0x00, 0x00, 0x00, 0x08, 0xff, 0x80, 0x00, 0x00,
    0x00, 0x8f, 0xcb, 0x00, 0x00, 0x00, 0x0b, 0xc8, 0xf2, 0x00, 0x00, 0x02, 0xf8, 0x2f, 0xb1, 0x00,
    0x01, 0xbf, 0x20, 0x6f, 0xd7, 0x47, 0xdf, 0x60, 0x00, 0x4c, 0xff, 0xfc, 0x40, 0x00, 0x00, 0x01,
    0x41, 0x00, 0x00, 0x00, 0x06, 0xb6, 0x2a, 0x00, 0x00, 0x00, 0xd8, 0xaf, 0x80, 0x00, 0x00, 0x00,
    0x00, 0x00, 0x00, 0x00, 0x00, 0x27, 0x87, 0x30, 0x00, 0x01, 0x8f, 0xff, 0xff, 0x91, 0x00, 0xaf,
    0x81, 0x01, 0x8f, 0xa0, 0x4f, 0x70, 0x00, 0x00, 0x7f, 0x4a, 0xe0, 0x00, 0x00, 0x00, 0xea, 0xea,
    0x00, 0x00, 0x00, 0x0a, 0xef, 0x80, 0x00, 0x00, 0x00, 0x8f, 0xf8, 0x00, 0x00, 0x00, 0x08, 0xfc,
    0xb0, 0x00, 0x00, 0x00, 0xbc, 0x8f, 0x20, 0x00, 0x00, 0x2f, 0x82, 0xfb, 0x10, 0x00, 0x1b, 0xf2,
    0x06, 0xfd, 0x74, 0x7d, 0xf6, 0x00, 0x04, 0xcf, 0xff, 0xc4, 0x00, 0x00, 0x00, 0x14, 0x10, 0x00,
    0x00, 0x00, 0x1a, 0x70, 0x6b, 0x10, 0x00, 0x02, 0xe9, 0x09, 0xf2, 0x00, 0x00, 0x00, 0x00, 0x00,
    0x00, 0x00, 0x00, 0x27, 0x87, 0x30, 0x00, 0x01, 0x8f, 0xff, 0xff, 0x91, 0x00, 0xaf, 0x81, 0x01,
    0x8f, 0xa0, 0x4f, 0x70, 0x00, 0x00, 0x7f, 0x4a, 0xe0, 0x00, 0x00, 0x00, 0xea, 0xea, 0x00, 0x00,
    0x00, 0x0a, 0xef, 0x80, 0x00, 0x00, 0x00, 0x8f, 0xf8, 0x00, 0x00, 0x00, 0x08, 0xfc, 0xb0, 0x00,
    0x00, 0x00, 0xbc, 0x8f, 0x20, 0x00, 0x00, 0x2f, 0x82, 0xfb, 0x10, 0x00, 0x1b, 0xf2, 0x06, 0xfd,
    0x74, 0x7d, 0xf6, 0x00, 0x04, 0xcf, 0xff, 0xc4, 0x00, 0x00, 0x00, 0x14, 0x10, 0x00, 0x00, 0x08,
    0x10, 0x00, 0x08, 0x11, 0xcc, 0x10, 0x09, 0xf5, 0x01, 0xcc, 0x19, 0xf6, 0x00, 0x01, 0xce, 0xf6,
    0x00, 0x00, 0x09, 0xfd, 0x10, 0x00, 0x09, 0xf7, 0xcc, 0x10, 0x09, 0xf6, 0x01, 0xcc, 0x11, 0xc6,
    0x00, 0x01, 0xb3, 0x00, 0x00, 0x00, 0x00, 0x00, 0x00, 0x02, 0x78, 0x73, 0x18, 0x10, 0x18, 0xff,
    0xff, 0xfd, 0xe1, 0x0a, 0xf8, 0x10, 0x1a, 0xfa, 0x04, 0xf7, 0x00, 0x01, 0xec, 0xf4, 0xae, 0x00,
    0x00, 0xad, 0x1e, 0xae, 0xa0, 0x00, 0x6f, 0x40, 0xae, 0xf8, 0x00, 0x2e, 0x80, 0x08, 0xff, 0x80,
    0x0b, 0xc0, 0x00, 0x8f, 0xcb, 0x08, 0xe3, 0x00, 0x0b, 0xc8, 0xf5, 0xf7, 0x00, 0x02, 0xf8, 0x2f,
    0xfb, 0x00, 0x01, 0xbf, 0x20, 0xaf, 0xd7, 0x47, 0xdf, 0x60, 0x2f, 0x8c, 0xff, 0xfc, 0x40, 0x00,
    0x30, 0x01, 0x41, 0x00, 0x00, 0x00, 0x00, 0x00, 0x00, 0x00, 0x00, 0x00, 0x8f, 0x10, 0x00, 0x00,
    0x00, 0x00, 0xc8, 0x00, 0x00, 0x00, 0x00, 0x03, 0x70, 0x00, 0x00, 0x24, 0x00, 0x00, 0x00, 0x24,
    0x18, 0xf0, 0x00, 0x00, 0x08, 0xf4, 0x8f, 0x00, 0x00, 0x00, 0x8f, 0x48, 0xf0, 0x00, 0x00, 0x08,
    0xf4, 0x8f, 0x00, 0x00, 0x00, 0x8f, 0x48, 0xf0, 0x00, 0x00, 0x08, 0xf4, 0x8f, 0x00, 0x00, 0x00,
    0x8f, 0x48, 0xf0, 0x00, 0x00, 0x08, 0xf4, 0x8f, 0x00, 0x00, 0x00, 0x8f, 0x48, 0xf3, 0x00, 0x00,
    0x08, 0xf1, 0x3f, 0xa0, 0x00, 0x01, 0xed, 0x00, 0x8f, 0xb5, 0x47, 0xdf, 0x40, 0x00, 0x8e, 0xff,
    0xfc, 0x40, 0x00, 0x00, 0x03, 0x41, 0x00, 0x00, 0x00, 0x00, 0x00, 0x00, 0x00, 0x00, 0x00, 0x00,
    0x6f, 0x30, 0x00, 0x00, 0x00, 0x0d, 0x80, 0x00, 0x00, 0x00, 0x02, 0x80, 0x00, 0x00, 0x24, 0x00,
    0x00, 0x00, 0x24, 0x18, 0xf0, 0x00, 0x00, 0x08, 0xf4, 0x8f, 0x00, 0x00, 0x00, 0x8f, 0x48, 0xf0,
    0x00, 0x00, 0x08, 0xf4, 0x8f, 0x00, 0x00, 0x00, 0x8f, 0x48, 0xf0, 0x00, 0x00, 0x08, 0xf4, 0x8f,
    0x00, 0x00, 0x00, 0x8f, 0x48, 0xf0, 0x00, 0x00, 0x08, 0xf4, 0x8f, 0x00, 0x00, 0x00, 0x8f, 0x48,
    0xf3, 0x00, 0x00, 0x08, 0xf1, 0x3f, 0xa0, 0x00, 0x01, 0xed, 0x00, 0x8f, 0xb5, 0x47, 0xdf, 0x40,
    0x00, 0x8e, 0xff, 0xfc, 0x40, 0x00, 0x00, 0x03, 0x41, 0x00, 0x00, 0x00, 0x00, 0x00, 0x00, 0x00,
    0x00, 0x00, 0x1c, 0xe8, 0x00, 0x00, 0x00, 0x0a, 0xc3, 0xe6, 0x00, 0x00, 0x01, 0x41, 0x02, 0x40,
    0x00, 0x24, 0x00, 0x00, 0x00, 0x24, 0x18, 0xf0, 0x00, 0x00, 0x08, 0xf4, 0x8f, 0x00, 0x00, 0x00,
    0x8f, 0x48, 0xf0, 0x00, 0x00, 0x08, 0xf4, 0x8f, 0x00, 0x00, 0x00, 0x8f, 0x48, 0xf0, 0x00, 0x00,
    0x08, 0xf4, 0x8f, 0x00, 0x00, 0x00, 0x8f, 0x48, 0xf0, 0x00, 0x00, 0x08, 0xf4, 0x8f, 0x00, 0x00,
    0x00, 0x8f, 0x48, 0xf3, 0x00, 0x00, 0x08, 0xf1, 0x3f, 0xa0, 0x00, 0x01, 0xed, 0x00, 0x8f, 0xb5,
    0x47, 0xdf, 0x40, 0x00, 0x8e, 0xff, 0xfc, 0x40, 0x00, 0x00, 0x03, 0x41, 0x00, 0x00, 0x00, 0x2b,
    0x50, 0x8a, 0x00, 0x00, 0x04, 0xf7, 0x0b, 0xe0, 0x00, 0x00, 0x00, 0x00, 0x00, 0x00, 0x02, 0x40,
    0x00, 0x00, 0x02, 0x41, 0x8f, 0x00, 0x00, 0x00, 0x8f, 0x48, 0xf0, 0x00, 0x00, 0x08, 0xf4, 0x8f,
    0x00, 0x00, 0x00, 0x8f, 0x48, 0xf0, 0x00, 0x00, 0x08, 0xf4, 0x8f, 0x00, 0x00, 0x00, 0x8f, 0x48,
    0xf0, 0x00, 0x00, 0x08, 0xf4, 0x8f, 0x00, 0x00, 0x00, 0x8f, 0x48, 0xf0, 0x00, 0x00, 0x08, 0xf4,
    0x8f, 0x30, 0x00, 0x00, 0x8f, 0x13, 0xfa, 0x00, 0x00, 0x1e, 0xd0, 0x08, 0xfb, 0x54, 0x7d, 0xf4,
    0x00, 0x08, 0xef, 0xff, 0xc4, 0x00, 0x00, 0x00, 0x34, 0x10, 0x00, 0x00, 0x00, 0x00, 0x00, 0x00,
    0x00, 0x00, 0x00, 0x00, 0x01, 0xe8, 0x00, 0x00, 0x00, 0x00, 0x08, 0xd1, 0x00, 0x00, 0x00, 0x00,
    0x06, 0x30, 0x00, 0x00, 0x24, 0x20, 0x00, 0x00, 0x03, 0x40, 0x1e, 0xb0, 0x00, 0x00, 0x4f, 0x80,
    0x07, 0xf7, 0x00, 0x00, 0xcd, 0x10, 0x00, 0xbe, 0x10, 0x08, 0xf5, 0x00, 0x00, 0x3f, 0x90, 0x2e,
    0xa0, 0x00, 0x00, 0x08, 0xf4, 0x9e, 0x20, 0x00, 0x00, 0x01, 0xdc, 0xf7, 0x00, 0x00, 0x00, 0x00,
    0x4f, 0xc0, 0x00, 0x00, 0x00, 0x00, 0x0f, 0x80, 0x00, 0x00, 0x00, 0x00, 0x0f, 0x80, 0x00, 0x00,
    0x00, 0x00, 0x0f, 0x80, 0x00, 0x00, 0x00, 0x00, 0x0f, 0x80, 0x00, 0x00, 0x00, 0x00, 0x0f, 0x80,
    0x00, 0x00, 0x24, 0x00, 0x00, 0x00, 0x08, 0xf0, 0x00, 0x00, 0x00, 0x8f, 0x00, 0x00, 0x00, 0x08,
    0xfb, 0xbb, 0xb6, 0x00, 0x8f, 0x88, 0x8a, 0xf9, 0x08, 0xf0, 0x00, 0x07, 0xf3, 0x8f, 0x00, 0x00,
    0x1f, 0x88, 0xf0, 0x00, 0x02, 0xf6, 0x8f, 0x00, 0x05, 0xce, 0x18, 0xff, 0xff, 0xfd, 0x30, 0x8f,
    0x44, 0x43, 0x00, 0x08, 0xf0, 0x00, 0x00, 0x00, 0x8f, 0x00, 0x00, 0x00, 0x00, 0x00, 0x48, 0x85,
    0x00, 0x00, 0x9f, 0xed, 0xfc, 0x10, 0x4f, 0x90, 0x06, 0xf8, 0x08, 0xf1, 0x00, 0x0b, 0xb0, 0x8f,
    0x00, 0x00, 0xca, 0x08, 0xf0, 0x00, 0x7e, 0x30, 0x8f, 0x08, 0xff, 0x70, 0x08, 0xf0, 0x48, 0x8e,
    0xb0, 0x8f, 0x00, 0x00, 0x4f, 0x68, 0xf0, 0x00, 0x00, 0xf8, 0x8f, 0x00, 0x00, 0x4f, 0x68, 0xf0,
    0x48, 0x8e, 0xe1, 0x8f, 0x08, 0xff, 0xa2, 0x00, 0x00, 0x4f, 0x50, 0x00, 0x00, 0x00, 0x8b, 0x00,
    0x00, 0x00, 0x01, 0x81, 0x00, 0x00, 0x00, 0x47, 0x52, 0x00, 0x03, 0xdf, 0xff, 0xf6, 0x00, 0xbe,
    0x30, 0x1a, 0xe1, 0x00, 0x20, 0x00, 0x4f, 0x40, 0x00, 0x46, 0x8b, 0xf4, 0x06, 0xef, 0xdb, 0x9f,
    0x42, 0xf9, 0x10, 0x04, 0xf4, 0x4f, 0x40, 0x00, 0x8f, 0x41, 0xeb, 0x32, 0x7d, 0xf4, 0x06, 0xef,
    0xfd, 0x7f, 0x40, 0x00, 0x43, 0x00, 0x00, 0x00, 0x00, 0x2f, 0x80, 0x00, 0x00, 0x08, 0xc0, 0x00,
    0x00, 0x00, 0x73, 0x00, 0x00, 0x00, 0x47, 0x52, 0x00, 0x03, 0xdf, 0xff, 0xf6, 0x00, 0xbe, 0x30,
    0x1a, 0xe1, 0x00, 0x20, 0x00, 0x4f, 0x40, 0x00, 0x46, 0x8b, 0xf4, 0x06, 0xef, 0xdb, 0x9f, 0x42,
    0xf9, 0x10, 0x04, 0xf4, 0x4f, 0x40, 0x00, 0x8f, 0x41, 0xeb, 0x32, 0x7d, 0xf4, 0x06, 0xef, 0xfd,
    0x7f, 0x40, 0x00, 0x43, 0x00, 0x00, 0x00, 0x07, 0xfa, 0x00, 0x00, 0x06, 0xe4, 0xc9, 0x00, 0x00,
    0x43, 0x02, 0x41, 0x00, 0x00, 0x47, 0x52, 0x00, 0x03, 0xdf, 0xff, 0xf6, 0x00, 0xbe, 0x30, 0x1a,
    0xe1, 0x00, 0x20, 0x00, 0x4f, 0x40, 0x00, 0x46, 0x8b, 0xf4, 0x06, 0xef, 0xdb, 0x9f, 0x42, 0xf9,
    0x10, 0x04, 0xf4, 0x4f, 0x40, 0x00, 0x8f, 0x41, 0xeb, 0x32, 0x7d, 0xf4, 0x06, 0xef, 0xfd, 0x7f,
    0x40, 0x00, 0x43, 0x00, 0x00, 0x00, 0x3a, 0x61, 0xb0, 0x00, 0x0a, 0xab, 0xfb, 0x00, 0x00, 0x00,
    0x00, 0x00, 0x00, 0x00, 0x47, 0x52, 0x00, 0x03, 0xdf, 0xff, 0xf6, 0x00, 0xbe, 0x30, 0x1a, 0xe1,
    0x00, 0x20, 0x00, 0x4f, 0x40, 0x00, 0x46, 0x8b, 0xf4, 0x06, 0xef, 0xdb, 0x9f, 0x42, 0xf9, 0x10,
    0x04, 0xf4, 0x4f, 0x40, 0x00, 0x8f, 0x41, 0xeb, 0x32, 0x7d, 0xf4, 0x06, 0xef, 0xfd, 0x7f, 0x40,
    0x00, 0x43, 0x00, 0x00, 0x00, 0x98, 0x05, 0xb2, 0x00, 0x0e, 0xa0, 0x7f, 0x30, 0x00, 0x21, 0x00,
    0x30, 0x00, 0x00, 0x47, 0x52, 0x00, 0x03, 0xdf, 0xff, 0xf6, 0x00, 0xbe, 0x30, 0x1a, 0xe1, 0x00,
    0x20, 0x00, 0x4f, 0x40, 0x00, 0x46, 0x8b, 0xf4, 0x06, 0xef, 0xdb, 0x9f, 0x42, 0xf9, 0x10, 0x04,
    0xf4, 0x4f, 0x40, 0x00, 0x8f, 0x41, 0xeb, 0x32, 0x7d, 0xf4, 0x06, 0xef, 0xfd, 0x7f, 0x40, 0x00,
    0x43, 0x00, 0x00, 0x00, 0x00, 0x00, 0x00, 0x00, 0x01, 0xbf, 0xd3, 0x00, 0x00, 0x7b, 0x18, 0xa0,
    0x00, 0x07, 0xb0, 0x8b, 0x00, 0x00, 0x1c, 0xfe, 0x30, 0x00, 0x00, 0x48, 0x52, 0x00, 0x03, 0xdf,
    0xff, 0xf6, 0x00, 0xbe, 0x30, 0x1a, 0xe1, 0x00, 0x20, 0x00, 0x4f, 0x40, 0x00, 0x46, 0x8b, 0xf4,
    0x06, 0xef, 0xdb, 0x9f, 0x42, 0xf9, 0x10, 0x04, 0xf4, 0x4f, 0x40, 0x00, 0x8f, 0x41, 0xeb, 0x32,
    0x7d, 0xf4, 0x06, 0xef, 0xfd, 0x7f, 0x40, 0x00, 0x43, 0x00, 0x00, 0x00, 0x04, 0x75, 0x10, 0x03,
    0x75, 0x10, 0x00, 0x3d, 0xff, 0xfe, 0x49, 0xff, 0xfe, 0x60, 0x0b, 0xe4, 0x01, 0xaf, 0xe4, 0x01,
    0x9f, 0x20, 0x02, 0x00, 0x04, 0xf6, 0x00, 0x01, 0xe8, 0x00, 0x14, 0x78, 0x9f, 0x88, 0x88, 0x8d,
    0xb0, 0x6e, 0xfd, 0xbc, 0xfb, 0xbb, 0xbb, 0xb8, 0x2f, 0x91, 0x00, 0x4f, 0x20, 0x00, 0x00, 0x04,
    0xf4, 0x00, 0x08, 0xf8, 0x00, 0x00, 0x72, 0x1e, 0xb3, 0x27, 0xec, 0xf8, 0x44, 0xaf, 0x50, 0x6e,
    0xff, 0xe7, 0x08, 0xff, 0xfe, 0x60, 0x00, 0x04, 0x30, 0x00, 0x00, 0x43, 0x00, 0x00, 0x00, 0x02,
    0x56, 0x30, 0x00, 0x08, 0xff, 0xff, 0xa1, 0x06, 0xf8, 0x00, 0x7f, 0x80, 0xdb, 0x00, 0x00, 0x63,
    0x0f, 0x80, 0x00, 0x00, 0x03, 0xf8, 0x00, 0x00, 0x00, 0x0f, 0x80, 0x00, 0x00, 0x00, 0xcd, 0x00,
    0x00, 0x87, 0x04, 0xfa, 0x44, 0x8f, 0x70, 0x05, 0xdf, 0xfe, 0x80, 0x00, 0x00, 0x8b, 0x10, 0x00,
    0x00, 0x04, 0x8e, 0x00, 0x00, 0x00, 0x68, 0xe0, 0x00, 0x00, 0x06, 0x82, 0x00, 0x00, 0x1d, 0xa0,
    0x00, 0x00, 0x00, 0x04, 0xf2, 0x00, 0x00, 0x00, 0x00, 0x64, 0x00, 0x00, 0x00, 0x02, 0x66, 0x20,
    0x00, 0x00, 0x8f, 0xff, 0xf8, 0x00, 0x06, 0xf7, 0x00, 0x7f, 0x80, 0x0d, 0x90, 0x00, 0x0a, 0xd0,
    0x0f, 0xb8, 0x88, 0x8b, 0xf0, 0x3f, 0xcb, 0xbb, 0xbb, 0xb0, 0x0f, 0x80, 0x00, 0x00, 0x00, 0x0c,
    0xb0, 0x00, 0x05, 0x50, 0x04, 0xfa, 0x44, 0x7f, 0x90, 0x00, 0x5d, 0xff, 0xf8, 0x10, 0x00, 0x00,
    0x34, 0x00, 0x00, 0x00, 0x00, 0x0a, 0xd1, 0x00, 0x00, 0x00, 0x2f, 0x40, 0x00, 0x00, 0x00, 0x46,
    0x00, 0x00, 0x00, 0x02, 0x66, 0x20, 0x00, 0x00, 0x8f, 0xff, 0xf8, 0x00, 0x06, 0xf7, 0x00, 0x7f,
    0x80, 0x0d, 0x90, 0x00, 0x0a, 0xd0, 0x0f, 0xb8, 0x88, 0x8b, 0xf0, 0x3f, 0xcb, 0xbb, 0xbb, 0xb0,
    0x0f, 0x80, 0x00, 0x00, 0x00, 0x0c, 0xb0, 0x00, 0x05, 0x50, 0x04, 0xfa, 0x44, 0x7f, 0x90, 0x00,
    0x5d, 0xff, 0xf8, 0x10, 0x00, 0x00, 0x34, 0x00, 0x00, 0x00, 0x03, 0xee, 0x30, 0x00, 0x00, 0x1d,
    0x88, 0xd1, 0x00, 0x00, 0x24, 0x00, 0x42, 0x00, 0x00, 0x02, 0x66, 0x20, 0x00, 0x00, 0x8f, 0xff,
    0xf8, 0x00, 0x06, 0xf7, 0x00, 0x7f, 0x80, 0x0d, 0x90, 0x00, 0x0a, 0xd0, 0x0f, 0xb8, 0x88, 0x8b,
    0xf0, 0x3f, 0xcb, 0xbb, 0xbb, 0xb0, 0x0f, 0x80, 0x00, 0x00, 0x00, 0x0c, 0xb0, 0x00, 0x05, 0x50,
    0x04, 0xfa, 0x44, 0x7f, 0x90, 0x00, 0x5d, 0xff, 0xf8, 0x10, 0x00, 0x00, 0x34, 0x00, 0x00, 0x00,
    0x6a, 0x11, 0xa6, 0x00, 0x00, 0xaf, 0x33, 0xfa, 0x00, 0x00, 0x03, 0x00, 0x31, 0x00, 0x00, 0x02,
    0x66, 0x20, 0x00, 0x00, 0x8f, 0xff, 0xf8, 0x00, 0x06, 0xf7, 0x00, 0x7f, 0x80, 0x0d, 0x90, 0x00,
    0x0a, 0xd0, 0x0f, 0xb8, 0x88, 0x8b, 0xf0, 0x3f, 0xcb, 0xbb, 0xbb, 0xb0, 0x0f, 0x80, 0x00, 0x00,
    0x00, 0x0c, 0xb0, 0x00, 0x05, 0x50, 0x04, 0xfa, 0x44, 0x7f, 0x90, 0x00, 0x5d, 0xff, 0xf8, 0x10,
    0x00, 0x00, 0x34, 0x00, 0x00, 0x0c, 0xb0, 0x03, 0xf4, 0x00, 0x55, 0x00, 0x33, 0x00, 0xbb, 0x00,
    0xbb, 0x00, 0xbb, 0x00, 0xbb, 0x00, 0xbb, 0x00, 0xbb, 0x00, 0xbb, 0x00, 0xbb, 0x00, 0xbb, 0x09,
    0xd1, 0x2f, 0x50, 0x47, 0x00, 0x33, 0x00, 0xbb, 0x00, 0xbb, 0x00, 0xbb, 0x00, 0xbb, 0x00, 0xbb,
    0x00, 0xbb, 0x00, 0xbb, 0x00, 0xbb, 0x00, 0xbb, 0x00, 0x02, 0xee, 0x30, 0x1c, 0x97, 0xe2, 0x24,
    0x00, 0x42, 0x00, 0x33, 0x00, 0x00, 0xbb, 0x00, 0x00, 0xbb, 0x00, 0x00, 0xbb, 0x00, 0x00, 0xbb,
    0x00, 0x00, 0xbb, 0x00, 0x00, 0xbb, 0x00, 0x00, 0xbb, 0x00, 0x00, 0xbb, 0x00, 0x00, 0xbb, 0x00,
    0x5a, 0x10, 0xa6, 0x9f, 0x32, 0xfa, 0x03, 0x00, 0x21, 0x00, 0x33, 0x00, 0x00, 0xbb, 0x00, 0x00,
    0xbb, 0x00, 0x00, 0xbb, 0x00, 0x00, 0xbb, 0x00, 0x00, 0xbb, 0x00, 0x00, 0xbb, 0x00, 0x00, 0xbb,
    0x00, 0x00, 0xbb, 0x00, 0x00, 0xbb, 0x00, 0x00, 0x00, 0x00, 0x00, 0x00, 0x00, 0x1d, 0x70, 0x27,
    0x00, 0x00, 0x06, 0xec, 0xe8, 0x00, 0x00, 0x19, 0xed, 0xb0, 0x00, 0x00, 0x18, 0x11, 0xe8, 0x00,
    0x00, 0x17, 0xb8, 0x5f, 0x20, 0x01, 0xee, 0x88, 0xdd, 0x80, 0x09, 0xe1, 0x00, 0x3e, 0xc0, 0x0f,
    0x80, 0x00, 0x09, 0xf0, 0x3f, 0x60, 0x00, 0x08, 0xf0, 0x0f, 0x80, 0x00, 0x08, 0xf0, 0x0d, 0xb0,
    0x00, 0x0b, 0xa0, 0x05, 0xf9, 0x44, 0x9f, 0x40, 0x00, 0x6e, 0xff, 0xe5, 0x00, 0x00, 0x00, 0x43,
    0x00, 0x00, 0x00, 0x88, 0x28, 0x60, 0x05, 0xd8, 0xee, 0x20, 0x00, 0x00, 0x00, 0x00, 0x33, 0x03,
    0x74, 0x00, 0xbb, 0x9f, 0xff, 0xc1, 0xbe, 0x91, 0x07, 0xf7, 0xbe, 0x00, 0x00, 0xcb, 0xbb, 0x00,
    0x00, 0xbb, 0xbb, 0x00, 0x00, 0xbb, 0xbb, 0x00, 0x00, 0xbb, 0xbb, 0x00, 0x00, 0xbb, 0xbb, 0x00,
    0x00, 0xbb, 0xbb, 0x00, 0x00, 0xbb, 0x00, 0x0c, 0xb0, 0x00, 0x00, 0x00, 0x03, 0xf4, 0x00, 0x00,
    0x00, 0x00, 0x55, 0x00, 0x00, 0x00, 0x02, 0x56, 0x30, 0x00, 0x00, 0x8f, 0xff, 0xf9, 0x00, 0x06,
    0xf8, 0x00, 0x7f, 0x80, 0x0d, 0xb0, 0x00, 0x08, 0xf1, 0x0f, 0x80, 0x00, 0x04, 0xf4, 0x3f, 0x80,
    0x00, 0x04, 0xf4, 0x0f, 0x80, 0x00, 0x05, 0xf4, 0x0c, 0xd0, 0x00, 0x0a, 0xe0, 0x04, 0xfa, 0x44,
    0x8f, 0x70, 0x00, 0x5d, 0xff, 0xe8, 0x00, 0x00, 0x00, 0x34, 0x00, 0x00, 0x00, 0x00, 0x09, 0xe1,
    0x00, 0x00, 0x00, 0x2f, 0x50, 0x00, 0x00, 0x00, 0x47, 0x00, 0x00, 0x00, 0x02, 0x56, 0x30, 0x00,
    0x00, 0x8f, 0xff, 0xf9, 0x00, 0x06, 0xf8, 0x00, 0x7f, 0x80, 0x0d, 0xb0, 0x00, 0x08, 0xf1, 0x0f,
    0x80, 0x00, 0x04, 0xf4, 0x3f, 0x80, 0x00, 0x04, 0xf4, 0x0f, 0x80, 0x00, 0x05, 0xf4, 0x0c, 0xd0,
    0x00, 0x0a, 0xe0, 0x04, 0xfa, 0x44, 0x8f, 0x70, 0x00, 0x5d, 0xff, 0xe8, 0x00, 0x00, 0x00, 0x34,
    0x00, 0x00, 0x00, 0x01, 0xee, 0x30, 0x00, 0x00, 0x1c, 0x97, 0xe3, 0x00, 0x00, 0x24, 0x00, 0x42,
    0x00, 0x00, 0x02, 0x56, 0x30, 0x00, 0x00, 0x8f, 0xff, 0xf9, 0x00, 0x06, 0xf8, 0x00, 0x7f, 0x80,
    0x0d, 0xb0, 0x00, 0x08, 0xf1, 0x0f, 0x80, 0x00, 0x04, 0xf4, 0x3f, 0x80, 0x00, 0x04, 0xf4, 0x0f,
    0x80, 0x00, 0x05, 0xf4, 0x0c, 0xd0, 0x00, 0x0a, 0xe0, 0x04, 0xfa, 0x44, 0x8f, 0x70, 0x00, 0x5d,
    0xff, 0xe8, 0x00, 0x00, 0x00, 0x34, 0x00, 0x00, 0x00, 0x08, 0x92, 0x76, 0x00, 0x00, 0x4d, 0x8e,
    0xf4, 0x00, 0x00, 0x00, 0x00, 0x00, 0x00, 0x00, 0x02, 0x56, 0x30, 0x00, 0x00, 0x8f, 0xff, 0xf9,
    0x00, 0x06, 0xf8, 0x00, 0x7f, 0x80, 0x0d, 0xb0, 0x00, 0x08, 0xf1, 0x0f, 0x80, 0x00, 0x04, 0xf4,
    0x3f, 0x80, 0x00, 0x04, 0xf4, 0x0f, 0x80, 0x00, 0x05, 0xf4, 0x0c, 0xd0, 0x00, 0x0a, 0xe0, 0x04,
    0xfa, 0x44, 0x8f, 0x70, 0x00, 0x5d, 0xff, 0xe8, 0x00, 0x00, 0x00, 0x34, 0x00, 0x00, 0x00, 0x5a,
    0x20, 0xa6, 0x00, 0x00, 0x9f, 0x32, 0xfa, 0x00, 0x00, 0x03, 0x00, 0x21, 0x00, 0x00, 0x02, 0x56,
    0x30, 0x00, 0x00, 0x8f, 0xff, 0xf9, 0x00, 0x06, 0xf8, 0x00, 0x7f, 0x80, 0x0d, 0xb0, 0x00, 0x08,
    0xf1, 0x0f, 0x80, 0x00, 0x04, 0xf4, 0x3f, 0x80, 0x00, 0x04, 0xf4, 0x0f, 0x80, 0x00, 0x05, 0xf4,
    0x0c, 0xd0, 0x00, 0x0a, 0xe0, 0x04, 0xfa, 0x44, 0x8f, 0x70, 0x00, 0x5d, 0xff, 0xe8, 0x00, 0x00,
    0x00, 0x34, 0x00, 0x00, 0x00, 0x00, 0x00, 0x00, 0x00, 0x00, 0x5f, 0x80, 0x00, 0x00, 0x05, 0xf8,
    0x00, 0x00, 0x00, 0x00, 0x00, 0x00, 0x28, 0x88, 0x88, 0x88, 0x43, 0xbb, 0xbb, 0xbb, 0xb6, 0x00,
    0x00, 0x00, 0x00, 0x00, 0x00, 0x3b, 0x60, 0x00, 0x00, 0x07, 0xfa, 0x00, 0x00, 0x00, 0x06, 0x10,
    0x00, 0x00, 0x02, 0x56, 0x30, 0x71, 0x00, 0x8f, 0xff, 0xfb, 0xe3, 0x06, 0xf8, 0x00, 0x8f, 0x90,
    0x0d, 0xb0, 0x03, 0xec, 0xf1, 0x0f, 0x80, 0x1c, 0x94, 0xf4, 0x3f, 0x80, 0xca, 0x04, 0xf4, 0x0f,
    0x89, 0xc1, 0x05, 0xf4, 0x0c, 0xfe, 0x20, 0x0a, 0xe0, 0x08, 0xfb, 0x44, 0x8f, 0x70, 0x1f, 0x8d,
    0xff, 0xe8, 0x00, 0x02, 0x00, 0x34, 0x00, 0x00, 0x01, 0xdb, 0x00, 0x00, 0x00, 0x4f, 0x20, 0x00,
    0x00, 0x06, 0x40, 0x00, 0x33, 0x00, 0x00, 0x33, 0xbb, 0x00, 0x00, 0xbb, 0xbb, 0x00, 0x00, 0xbb,
    0xbb, 0x00, 0x00, 0xbb, 0xbb, 0x00, 0x00, 0xbb, 0xbb, 0x00, 0x00, 0xbb, 0xbb, 0x00, 0x00, 0xbb,
    0x9e, 0x10, 0x01, 0xeb, 0x5f, 0xa4, 0x5c, 0xdb, 0x08, 0xef, 0xe6, 0xbb, 0x00, 0x00, 0x00, 0x00,
    0x00, 0x00, 0x9d, 0x10, 0x00, 0x02, 0xf4, 0x00, 0x00, 0x04, 0x60, 0x00, 0x33, 0x00, 0x00, 0x33,
    0xbb, 0x00, 0x00, 0xbb, 0xbb, 0x00, 0x00, 0xbb, 0xbb, 0x00, 0x00, 0xbb, 0xbb, 0x00, 0x00, 0xbb,
    0xbb, 0x00, 0x00, 0xbb, 0xbb, 0x00, 0x00, 0xbb, 0x9e, 0x10, 0x01, 0xeb, 0x5f, 0xa4, 0x5c, 0xdb,
    0x08, 0xef, 0xe6, 0xbb, 0x00, 0x00, 0x00, 0x00, 0x00, 0x3e, 0xe3, 0x00, 0x01, 0xc8, 0x8e, 0x10,
    0x02, 0x40, 0x04, 0x20, 0x33, 0x00, 0x00, 0x33, 0xbb, 0x00, 0x00, 0xbb, 0xbb, 0x00, 0x00, 0xbb,
    0xbb, 0x00, 0x00, 0xbb, 0xbb, 0x00, 0x00, 0xbb, 0xbb, 0x00, 0x00, 0xbb, 0xbb, 0x00, 0x00, 0xbb,
    0x9e, 0x10, 0x01, 0xeb, 0x5f, 0xa4, 0x5c, 0xdb, 0x08, 0xef, 0xe6, 0xbb, 0x00, 0x00, 0x00, 0x00,
    0x06, 0xa1, 0x1a, 0x60, 0x09, 0xf3, 0x3f, 0xa0, 0x00, 0x30, 0x02, 0x10, 0x33, 0x00, 0x00, 0x33,
    0xbb, 0x00, 0x00, 0xbb, 0xbb, 0x00, 0x00, 0xbb, 0xbb, 0x00, 0x00, 0xbb, 0xbb, 0x00, 0x00, 0xbb,
    0xbb, 0x00, 0x00, 0xbb, 0xbb, 0x00, 0x00, 0xbb, 0x9e, 0x10, 0x01, 0xeb, 0x5f, 0xa4, 0x5c, 0xdb,
    0x08, 0xef, 0xe6, 0xbb, 0x00, 0x00, 0x00, 0x00, 0x00, 0x00, 0x0d, 0xa0, 0x00, 0x00, 0x00, 0x6e,
    0x10, 0x00, 0x00, 0x00, 0x64, 0x00, 0x00, 0x24, 0x10, 0x00, 0x02, 0x40, 0x4f, 0x60, 0x00, 0x0c,
    0xc0, 0x0d, 0xa0, 0x00, 0x2f, 0x70, 0x08, 0xf2, 0x00, 0x8f, 0x10, 0x02, 0xf7, 0x00, 0xd9, 0x00,
    0x00, 0xbc, 0x04, 0xf5, 0x00, 0x00, 0x6f, 0x29, 0xd0, 0x00, 0x00, 0x0e, 0x7e, 0x80, 0x00, 0x00,
    0x09, 0xef, 0x20, 0x00, 0x00, 0x03, 0xfb, 0x00, 0x00, 0x00, 0x02, 0xf6, 0x00, 0x00, 0x00, 0x09,
    0xe1, 0x00, 0x00, 0x08, 0xcf, 0x60, 0x00, 0x00, 0x06, 0x84, 0x00, 0x00, 0x00, 0x33, 0x00, 0x00,
    0x00, 0x0b, 0xb0, 0x00, 0x00, 0x00, 0xbb, 0x00, 0x00, 0x00, 0x0b, 0xb0, 0x37, 0x40, 0x00, 0xbb,
    0x8f, 0xff, 0xd3, 0x0b, 0xec, 0x20, 0x3e, 0xd0, 0xbf, 0x20, 0x00, 0x5f, 0x5b, 0xc0, 0x00, 0x00,
    0xf8, 0xbb, 0x00, 0x00, 0x0f, 0x8b, 0xd0, 0x00, 0x01, 0xf8, 0xbf, 0x40, 0x00, 0x7f, 0x3b, 0xdd,
    0x54, 0x7e, 0xb0, 0xbb, 0x6e, 0xff, 0xb1, 0x0b, 0xb0, 0x14, 0x20, 0x00, 0xbb, 0x00, 0x00, 0x00,
    0x0b, 0xb0, 0x00, 0x00, 0x00, 0x66, 0x00, 0x00, 0x00, 0x00, 0x00, 0x88, 0x03, 0xb3, 0x00, 0x00,
    0xde, 0x06, 0xf7, 0x00, 0x00, 0x12, 0x00, 0x30, 0x00, 0x24, 0x10, 0x00, 0x02, 0x40, 0x4f, 0x60,
    0x00, 0x0c, 0xc0, 0x0d, 0xa0, 0x00, 0x2f, 0x70, 0x08, 0xf2, 0x00, 0x8f, 0x10, 0x02, 0xf7, 0x00,
    0xd9, 0x00, 0x00, 0xbc, 0x04, 0xf5, 0x00, 0x00, 0x6f, 0x29, 0xd0, 0x00, 0x00, 0x0e, 0x7e, 0x80,
    0x00, 0x00, 0x09, 0xef, 0x20, 0x00, 0x00, 0x03, 0xfb, 0x00, 0x00, 0x00, 0x02, 0xf6, 0x00, 0x00,
    0x00, 0x09, 0xe1, 0x00, 0x00, 0x08, 0xcf, 0x60, 0x00, 0x00, 0x06, 0x84, 0x00, 0x00, 0x00, 0x00,
    0x04, 0x88, 0x88, 0x20, 0x00, 0x00, 0x06, 0xbb, 0xbb, 0x30, 0x00, 0x00, 0x00, 0x00, 0x00, 0x00,
    0x00, 0x00, 0x00, 0x14, 0x30, 0x00, 0x00, 0x00, 0x00, 0x6f, 0xf1, 0x00, 0x00, 0x00, 0x00, 0xb9,
    0xf7, 0x00, 0x00, 0x00, 0x02, 0xf6, 0xac, 0x00, 0x00, 0x00, 0x07, 0xf1, 0x6f, 0x30, 0x00, 0x00,
    0x0d, 0xa0, 0x1f, 0x80, 0x00, 0x00, 0x3f, 0x60, 0x0a, 0xd0, 0x00, 0x00, 0x8f, 0x10, 0x05, 0xf5,
    0x00, 0x00, 0xee, 0xbb, 0xbb, 0xf9, 0x00, 0x05, 0xf9, 0x88, 0x88, 0xbe, 0x10, 0x09, 0xe0, 0x00,
    0x00, 0x4f, 0x60, 0x1f, 0x90, 0x00, 0x00, 0x0d, 0xb0, 0x6f, 0x50, 0x00, 0x00, 0x08, 0xf2, 0x00,
    0x68, 0x88, 0x80, 0x00, 0x08, 0xbb, 0xbb, 0x00, 0x00, 0x00, 0x00, 0x00, 0x00, 0x00, 0x47, 0x52,
    0x00, 0x03, 0xdf, 0xff, 0xf6, 0x00, 0xbe, 0x30, 0x1a, 0xe1, 0x00, 0x20, 0x00, 0x4f, 0x40, 0x00,
    0x46, 0x8b, 0xf4, 0x06, 0xef, 0xdb, 0x9f, 0x42, 0xf9, 0x10, 0x04, 0xf4, 0x4f, 0x40, 0x00, 0x8f,
    0x41, 0xeb, 0x32, 0x7d, 0xf4, 0x06, 0xef, 0xfd, 0x7f, 0x40, 0x00, 0x43, 0x00, 0x00, 0x00, 0x00,
    0x00, 0x00, 0x00, 0x00, 0x00, 0x07, 0xa0, 0x1e, 0x30, 0x00, 0x00, 0x01, 0xcc, 0xd9, 0x00, 0x00,
    0x00, 0x00, 0x14, 0x30, 0x00, 0x00, 0x00, 0x00, 0x14, 0x30, 0x00, 0x00, 0x00, 0x00, 0x6f, 0xf1,
    0x00, 0x00, 0x00, 0x00, 0xb9, 0xf7, 0x00, 0x00, 0x00, 0x02, 0xf6, 0xac, 0x00, 0x00, 0x00, 0x07,
    0xf1, 0x6f, 0x30, 0x00, 0x00, 0x0d, 0xa0, 0x1f, 0x80, 0x00, 0x00, 0x3f, 0x60, 0x0a, 0xd0, 0x00,
    0x00, 0x8f, 0x10, 0x05, 0xf5, 0x00, 0x00, 0xee, 0xbb, 0xbb, 0xf9, 0x00, 0x05, 0xf9, 0x88, 0x88,
    0xbe, 0x10, 0x09, 0xe0, 0x00, 0x00, 0x4f, 0x60, 0x1f, 0x90, 0x00, 0x00, 0x0d, 0xb0, 0x6f, 0x50,
    0x00, 0x00, 0x08, 0xf2, 0x00, 0xb6, 0x02, 0xf0, 0x00, 0x05, 0xeb, 0xd8, 0x00, 0x00, 0x02, 0x73,
    0x00, 0x00, 0x00, 0x47, 0x52, 0x00, 0x03, 0xdf, 0xff, 0xf6, 0x00, 0xbe, 0x30, 0x1a, 0xe1, 0x00,
    0x20, 0x00, 0x4f, 0x40, 0x00, 0x46, 0x8b, 0xf4, 0x06, 0xef, 0xdb, 0x9f, 0x42, 0xf9, 0x10, 0x04,
    0xf4, 0x4f, 0x40, 0x00, 0x8f, 0x41, 0xeb, 0x32, 0x7d, 0xf4, 0x06, 0xef, 0xfd, 0x7f, 0x40, 0x00,
    0x43, 0x00, 0x00, 0x00, 0x00, 0x14, 0x30, 0x00, 0x00, 0x00, 0x00, 0x6f, 0xf1, 0x00, 0x00, 0x00,
    0x00, 0xb9, 0xf7, 0x00, 0x00, 0x00, 0x02, 0xf6, 0xac, 0x00, 0x00, 0x00, 0x07, 0xf1, 0x6f, 0x30,
    0x00, 0x00, 0x0d, 0xa0, 0x1f, 0x80, 0x00, 0x00, 0x3f, 0x60, 0x0a, 0xd0, 0x00, 0x00, 0x8f, 0x10,
    0x05, 0xf5, 0x00, 0x00, 0xee, 0xbb, 0xbb, 0xf9, 0x00, 0x05, 0xf9, 0x88, 0x88, 0xbe, 0x10, 0x09,
    0xe0, 0x00, 0x00, 0x4f, 0x60, 0x1f, 0x90, 0x00, 0x00, 0x0d, 0xb0, 0x6f, 0x50, 0x00, 0x00, 0x08,
    0xf2, 0x00, 0x00, 0x00, 0x00, 0x1c, 0x91, 0x00, 0x00, 0x00, 0x00, 0x8f, 0x00, 0x00, 0x00, 0x00,
    0x00, 0x7f, 0xb7, 0x00, 0x00, 0x00, 0x00, 0x17, 0x85, 0x00, 0x04, 0x75, 0x20, 0x00, 0x3d, 0xff,
    0xff, 0x60, 0x0b, 0xe3, 0x01, 0xae, 0x10, 0x02, 0x00, 0x04, 0xf4, 0x00, 0x04, 0x68, 0xbf, 0x40,
    0x6e, 0xfd, 0xb9, 0xf4, 0x2f, 0x91, 0x00, 0x4f, 0x44, 0xf4, 0x00, 0x08, 0xf4, 0x1e, 0xb3, 0x27,
    0xdf, 0x40, 0x6e, 0xff, 0xd7, 0xf4, 0x00, 0x04, 0x32, 0xd9, 0x00, 0x00, 0x00, 0x9c, 0x00, 0x00,
    0x00, 0x08, 0xfb, 0x70, 0x00, 0x00, 0x06, 0x84, 0x00, 0x00, 0x00, 0x00, 0x00, 0x00, 0x00, 0x00,
    0x4f, 0x50, 0x00, 0x00, 0x00, 0x0b, 0xa0, 0x00, 0x00, 0x00, 0x01, 0x81, 0x00, 0x00, 0x00, 0x02,
    0x78, 0x72, 0x00, 0x00, 0x19, 0xff, 0xff, 0xf9, 0x10, 0x0a, 0xf8, 0x10, 0x18, 0xfa, 0x04, 0xf7,
    0x00, 0x00, 0x08, 0xf3, 0xae, 0x00, 0x00, 0x00, 0x18, 0x4e, 0xa0, 0x00, 0x00, 0x00, 0x00, 0xf8,
    0x00, 0x00, 0x00, 0x00, 0x0f, 0x80, 0x00, 0x00, 0x00, 0x00, 0xcb, 0x00, 0x00, 0x00, 0x00, 0x08,
    0xf2, 0x00, 0x00, 0x03, 0xf6, 0x2f, 0xb1, 0x00, 0x00, 0xbe, 0x10, 0x6f, 0xd7, 0x47, 0xdf, 0x60,
    0x00, 0x4c, 0xff, 0xfc, 0x40, 0x00, 0x00, 0x01, 0x41, 0x00, 0x00, 0x00, 0x00, 0x09, 0xe1, 0x00,
    0x00, 0x02, 0xf5, 0x00, 0x00, 0x00, 0x47, 0x00, 0x00, 0x00, 0x25, 0x63, 0x00, 0x00, 0x8f, 0xff,
    0xfa, 0x10, 0x6f, 0x80, 0x07, 0xf8, 0x0d, 0xb0, 0x00, 0x06, 0x30, 0xf8, 0x00, 0x00, 0x00, 0x3f,
    0x80, 0x00, 0x00, 0x00, 0xf8, 0x00, 0x00, 0x00, 0x0c, 0xd0, 0x00, 0x08, 0x70, 0x4f, 0xa4, 0x48,
    0xf7, 0x00, 0x5d, 0xff, 0xe8, 0x00, 0x00, 0x03, 0x40, 0x00, 0x00, 0x00, 0x00, 0x00, 0x00, 0x00,
    0x00, 0x09, 0xf9, 0x00, 0x00, 0x00, 0x09, 0xd2, 0xd9, 0x00, 0x00, 0x00, 0x42, 0x02, 0x40, 0x00,
    0x00, 0x02, 0x78, 0x72, 0x00, 0x00, 0x19, 0xff, 0xff, 0xf9, 0x10, 0x0a, 0xf8, 0x10, 0x18, 0xfa,
    0x04, 0xf7, 0x00, 0x00, 0x08, 0xf3, 0xae, 0x00, 0x00, 0x00, 0x18, 0x4e, 0xa0, 0x00, 0x00, 0x00,
    0x00, 0xf8, 0x00, 0x00, 0x00, 0x00, 0x0f, 0x80, 0x00, 0x00, 0x00, 0x00, 0xcb, 0x00, 0x00, 0x00,
    0x00, 0x08, 0xf2, 0x00, 0x00, 0x03, 0xf6, 0x2f, 0xb1, 0x00, 0x00, 0xbe, 0x10, 0x6f, 0xd7, 0x47,
    0xdf, 0x60, 0x00, 0x4c, 0xff, 0xfc, 0x40, 0x00, 0x00, 0x01, 0x41, 0x00, 0x00, 0x00, 0x01, 0xee,
    0x30, 0x00, 0x01, 0xc9, 0x7e, 0x30, 0x00, 0x24, 0x00, 0x42, 0x00, 0x00, 0x25, 0x63, 0x00, 0x00,
    0x8f, 0xff, 0xfa, 0x10, 0x6f, 0x80, 0x07, 0xf8, 0x0d, 0xb0, 0x00, 0x06, 0x30, 0xf8, 0x00, 0x00,
    0x00, 0x3f, 0x80, 0x00, 0x00, 0x00, 0xf8, 0x00, 0x00, 0x00, 0x0c, 0xd0, 0x00, 0x08, 0x70, 0x4f,
    0xa4, 0x48, 0xf7, 0x00, 0x5d, 0xff, 0xe8, 0x00, 0x00, 0x03, 0x40, 0x00, 0x00, 0x00, 0x5b, 0x50,
    0x00, 0x00, 0x00, 0x07, 0xf7, 0x00, 0x00, 0x00, 0x00, 0x00, 0x00, 0x00, 0x00, 0x00, 0x27, 0x87,
    0x20, 0x00, 0x01, 0x9f, 0xff, 0xff, 0x91, 0x00, 0xaf, 0x81, 0x01, 0x8f, 0xa0, 0x4f, 0x70, 0x00,
    0x00, 0x8f, 0x3a, 0xe0, 0x00, 0x00, 0x01, 0x84, 0xea, 0x00, 0x00, 0x00, 0x00, 0x0f, 0x80, 0x00,
    0x00, 0x00, 0x00, 0xf8, 0x00, 0x00, 0x00, 0x00, 0x0c, 0xb0, 0x00, 0x00, 0x00, 0x00, 0x8f, 0x20,
    0x00, 0x00, 0x3f, 0x62, 0xfb, 0x10, 0x00, 0x0b, 0xe1, 0x06, 0xfd, 0x74, 0x7d, 0xf6, 0x00, 0x04,
    0xcf, 0xff, 0xc4, 0x00, 0x00, 0x00, 0x14, 0x10, 0x00, 0x00, 0x00, 0x00, 0x8a, 0x00, 0x00, 0x00,
    0x0d, 0xe1, 0x00, 0x00, 0x00, 0x12, 0x00, 0x00, 0x00, 0x25, 0x63, 0x00, 0x00, 0x8f, 0xff, 0xfa,
    0x10, 0x6f, 0x80, 0x07, 0xf8, 0x0d, 0xb0, 0x00, 0x06, 0x30, 0xf8, 0x00, 0x00, 0x00, 0x3f, 0x80,
    0x00, 0x00, 0x00, 0xf8, 0x00, 0x00, 0x00, 0x0c, 0xd0, 0x00, 0x08, 0x70, 0x4f, 0xa4, 0x48, 0xf7,
    0x00, 0x5d, 0xff, 0xe8, 0x00, 0x00, 0x03, 0x40, 0x00, 0x00, 0x00, 0x00, 0x00, 0x00, 0x00, 0x00,
    0xcb, 0x0b, 0xc0, 0x00, 0x00, 0x01, 0xcd, 0xc1, 0x00, 0x00, 0x00, 0x01, 0x41, 0x00, 0x00, 0x00,
    0x02, 0x78, 0x72, 0x00, 0x00, 0x19, 0xff, 0xff, 0xf9, 0x10, 0x0a, 0xf8, 0x10, 0x18, 0xfa, 0x04,
    0xf7, 0x00, 0x00, 0x08, 0xf3, 0xae, 0x00, 0x00, 0x00, 0x18, 0x4e, 0xa0, 0x00, 0x00, 0x00, 0x00,
    0xf8, 0x00, 0x00, 0x00, 0x00, 0x0f, 0x80, 0x00, 0x00, 0x00, 0x00, 0xcb, 0x00, 0x00, 0x00, 0x00,
    0x08, 0xf2, 0x00, 0x00, 0x03, 0xf6, 0x2f, 0xb1, 0x00, 0x00, 0xbe, 0x10, 0x6f, 0xd7, 0x47, 0xdf,
    0x60, 0x00, 0x4c, 0xff, 0xfc, 0x40, 0x00, 0x00, 0x01, 0x41, 0x00, 0x00, 0x00, 0x4f, 0x43, 0xe6,
    0x00, 0x00, 0x6e, 0xc9, 0x00, 0x00, 0x00, 0x34, 0x00, 0x00, 0x00, 0x25, 0x63, 0x00, 0x00, 0x8f,
    0xff, 0xfa, 0x10, 0x6f, 0x80, 0x07, 0xf8, 0x0d, 0xb0, 0x00, 0x06, 0x30, 0xf8, 0x00, 0x00, 0x00,
    0x3f, 0x80, 0x00, 0x00, 0x00, 0xf8, 0x00, 0x00, 0x00, 0x0c, 0xd0, 0x00, 0x08, 0x70, 0x4f, 0xa4,
    0x48, 0xf7, 0x00, 0x5d, 0xff, 0xe8, 0x00, 0x00, 0x03, 0x40, 0x00, 0x00, 0x00, 0x00, 0x00, 0x00,
    0x00, 0x3e, 0x63, 0xe6, 0x00, 0x00, 0x00, 0x4f, 0xc8, 0x00, 0x00, 0x00, 0x00, 0x34, 0x00, 0x00,
    0x00, 0x24, 0x44, 0x44, 0x20, 0x00, 0x08, 0xff, 0xff, 0xff, 0x91, 0x00, 0x8f, 0x00, 0x02, 0x8e,
    0xc1, 0x08, 0xf0, 0x00, 0x00, 0x3f, 0x80, 0x8f, 0x00, 0x00, 0x00, 0x9e, 0x08, 0xf0, 0x00, 0x00,
    0x06, 0xf3, 0x8f, 0x00, 0x00, 0x00, 0x4f, 0x48, 0xf0, 0x00, 0x00, 0x04, 0xf4, 0x8f, 0x00, 0x00,
    0x00, 0x8f, 0x18, 0xf0, 0x00, 0x00, 0x0d, 0xc0, 0x8f, 0x00, 0x00, 0x09, 0xf5, 0x08, 0xf8, 0x88,
    0x8d, 0xf9, 0x00, 0x8f, 0xff, 0xfe, 0xa4, 0x00, 0x00, 0x00, 0x00, 0x00, 0x02, 0x40, 0xba, 0x00,
    0x00, 0x00, 0x08, 0xf0, 0xb8, 0x00, 0x00, 0x00, 0x08, 0xf0, 0xb6, 0x00, 0x03, 0x65, 0x18, 0xf0,
    0x31, 0x00, 0x9f, 0xff, 0xc8, 0xf0, 0x00, 0x08, 0xf7, 0x00, 0x7f, 0xf0, 0x00, 0x0d, 0xb0, 0x00,
    0x0b, 0xf0, 0x00, 0x0f, 0x80, 0x00, 0x08, 0xf0, 0x00, 0x3f, 0x80, 0x00, 0x08, 0xf0, 0x00, 0x0f,
    0x80, 0x00, 0x08, 0xf0, 0x00, 0x0c, 0xd0, 0x00, 0x0d, 0xf0, 0x00, 0x05, 0xfa, 0x44, 0xac, 0xf0,
    0x00, 0x00, 0x6e, 0xff, 0xa4, 0xf0, 0x00, 0x00, 0x00, 0x42, 0x00, 0x00, 0x00, 0x01, 0x44, 0x44,
    0x43, 0x00, 0x00, 0x04, 0xff, 0xff, 0xff, 0xb3, 0x00, 0x04, 0xf4, 0x00, 0x16, 0xde, 0x30, 0x04,
    0xf4, 0x00, 0x00, 0x1e, 0xb0, 0x04, 0xf4, 0x00, 0x00, 0x07, 0xf3, 0x04, 0xf4, 0x00, 0x00, 0x03,
    0xf6, 0x8c, 0xfc, 0xbb, 0x60, 0x00, 0xf8, 0x69, 0xf9, 0x88, 0x40, 0x00, 0xf8, 0x04, 0xf4, 0x00,
    0x00, 0x04, 0xf5, 0x04, 0xf4, 0x00, 0x00, 0x09, 0xf1, 0x04, 0xf4, 0x00, 0x00, 0x6f, 0x80, 0x04,
    0xf9, 0x88, 0x8b, 0xfb, 0x10, 0x04, 0xff, 0xff, 0xfb, 0x60, 0x00, 0x00, 0x00, 0x00, 0x02, 0x40,
    0x00, 0x00, 0x00, 0x88, 0xbf, 0x82, 0x00, 0x00, 0x0b, 0xbd, 0xfb, 0x30, 0x00, 0x36, 0x51, 0x8f,
    0x00, 0x00, 0x9f, 0xff, 0xc8, 0xf0, 0x00, 0x8f, 0x70, 0x07, 0xff, 0x00, 0x0d, 0xb0, 0x00, 0x0b,
    0xf0, 0x00, 0xf8, 0x00, 0x00, 0x8f, 0x00, 0x3f, 0x80, 0x00, 0x08, 0xf0, 0x00, 0xf8, 0x00, 0x00,
    0x8f, 0x00, 0x0c, 0xd0, 0x00, 0x0d, 0xf0, 0x00, 0x5f, 0xa4, 0x4a, 0xcf, 0x00, 0x00, 0x6e, 0xff,
    0xa4, 0xf0, 0x00, 0x00, 0x04, 0x20, 0x00, 0x00, 0x00, 0x88, 0x88, 0x40, 0x00, 0x0b, 0xbb, 0xb6,
    0x00, 0x00, 0x00, 0x00, 0x00, 0x02, 0x44, 0x44, 0x44, 0x40, 0x8f, 0xff, 0xff, 0xff, 0x08, 0xf0,
    0x00, 0x00, 0x00, 0x8f, 0x00, 0x00, 0x00, 0x08, 0xf0, 0x00, 0x00, 0x00, 0x8f, 0x00, 0x00, 0x00,
    0x08, 0xff, 0xff, 0xff, 0x80, 0x8f, 0x88, 0x88, 0x84, 0x08, 0xf0, 0x00, 0x00, 0x00, 0x8f, 0x00,
    0x00, 0x00, 0x08, 0xf0, 0x00, 0x00, 0x00, 0x8f, 0x88, 0x88, 0x88, 0x08, 0xff, 0xff, 0xff, 0xf0,
    0x00, 0x28, 0x88, 0x82, 0x00, 0x00, 0x3b, 0xbb, 0xb3, 0x00, 0x00, 0x00, 0x00, 0x00, 0x00, 0x00,
    0x02, 0x66, 0x20, 0x00, 0x00, 0x8f, 0xff, 0xf8, 0x00, 0x06, 0xf7, 0x00, 0x7f, 0x80, 0x0d, 0x90,
    0x00, 0x0a, 0xd0, 0x0f, 0xb8, 0x88, 0x8b, 0xf0, 0x3f, 0xcb, 0xbb, 0xbb, 0xb0, 0x0f, 0x80, 0x00,
    0x00, 0x00, 0x0c, 0xb0, 0x00, 0x05, 0x50, 0x04, 0xfa, 0x44, 0x7f, 0x90, 0x00, 0x5d, 0xff, 0xf8,
    0x10, 0x00, 0x00, 0x34, 0x00, 0x00, 0x00, 0x00, 0x00, 0x00, 0x00, 0x0f, 0x20, 0x8a, 0x00, 0x00,
    0x8e, 0xbe, 0x30, 0x00, 0x00, 0x34, 0x10, 0x00, 0x24, 0x44, 0x44, 0x44, 0x08, 0xff, 0xff, 0xff,
    0xf0, 0x8f, 0x00, 0x00, 0x00, 0x08, 0xf0, 0x00, 0x00, 0x00, 0x8f, 0x00, 0x00, 0x00, 0x08, 0xf0,
    0x00, 0x00, 0x00, 0x8f, 0xff, 0xff, 0xf8, 0x08, 0xf8, 0x88, 0x88, 0x40, 0x8f, 0x00, 0x00, 0x00,
    0x08, 0xf0, 0x00, 0x00, 0x00, 0x8f, 0x00, 0x00, 0x00, 0x08, 0xf8, 0x88, 0x88, 0x80, 0x8f, 0xff,
    0xff, 0xff, 0x00, 0x00, 0x6c, 0x00, 0xc6, 0x00, 0x00, 0x1c, 0xcc, 0xc1, 0x00, 0x00, 0x01, 0x66,
    0x10, 0x00, 0x00, 0x02, 0x66, 0x20, 0x00, 0x00, 0x8f, 0xff, 0xf8, 0x00, 0x06, 0xf7, 0x00, 0x7f,
    0x80, 0x0d, 0x90, 0x00, 0x0a, 0xd0, 0x0f, 0xb8, 0x88, 0x8b, 0xf0, 0x3f, 0xcb, 0xbb, 0xbb, 0xb0,
    0x0f, 0x80, 0x00, 0x00, 0x00, 0x0c, 0xb0, 0x00, 0x05, 0x50, 0x04, 0xfa, 0x44, 0x7f, 0x90, 0x00,
    0x5d, 0xff, 0xf8, 0x10, 0x00, 0x00, 0x34, 0x00, 0x00, 0x00, 0x06, 0xb2, 0x00, 0x00, 0x00, 0x8f,
    0x30, 0x00, 0x00, 0x00, 0x00, 0x00, 0x02, 0x44, 0x44, 0x44, 0x40, 0x8f, 0xff, 0xff, 0xff, 0x08,
    0xf0, 0x00, 0x00, 0x00, 0x8f, 0x00, 0x00, 0x00, 0x08, 0xf0, 0x00, 0x00, 0x00, 0x8f, 0x00, 0x00,
    0x00, 0x08, 0xff, 0xff, 0xff, 0x80, 0x8f, 0x88, 0x88, 0x84, 0x08, 0xf0, 0x00, 0x00, 0x00, 0x8f,
    0x00, 0x00, 0x00, 0x08, 0xf0, 0x00, 0x00, 0x00, 0x8f, 0x88, 0x88, 0x88, 0x08, 0xff, 0xff, 0xff,
    0xf0, 0x00, 0x00, 0x88, 0x00, 0x00, 0x00, 0x00, 0xee, 0x00, 0x00, 0x00, 0x00, 0x22, 0x00, 0x00,
    0x00, 0x02, 0x66, 0x20, 0x00, 0x00, 0x8f, 0xff, 0xf8, 0x00, 0x06, 0xf7, 0x00, 0x7f, 0x80, 0x0d,
    0x90, 0x00, 0x0a, 0xd0, 0x0f, 0xb8, 0x88, 0x8b, 0xf0, 0x3f, 0xcb, 0xbb, 0xbb, 0xb0, 0x0f, 0x80,
    0x00, 0x00, 0x00, 0x0c, 0xb0, 0x00, 0x05, 0x50, 0x04, 0xfa, 0x44, 0x7f, 0x90, 0x00, 0x5d, 0xff,
    0xf8, 0x10, 0x00, 0x00, 0x34, 0x00, 0x00, 0x24, 0x44, 0x44, 0x44, 0x08, 0xff, 0xff, 0xff, 0xf0,
    0x8f, 0x00, 0x00, 0x00, 0x08, 0xf0, 0x00, 0x00, 0x00, 0x8f, 0x00, 0x00, 0x00, 0x08, 0xf0, 0x00,
    0x00, 0x00, 0x8f, 0xff, 0xff, 0xf8, 0x08, 0xf8, 0x88, 0x88, 0x40, 0x8f, 0x00, 0x00, 0x00, 0x08,
    0xf0, 0x00, 0x00, 0x00, 0x8f, 0x00, 0x00, 0x00, 0x08, 0xf8, 0x88, 0x88, 0x80, 0x8f, 0xff, 0xff,
    0xff, 0x00, 0x00, 0x00, 0x3e, 0x70, 0x00, 0x00, 0x0a, 0xb0, 0x00, 0x00, 0x00, 0xae, 0xb5, 0x00,
    0x00, 0x01, 0x88, 0x40, 0x00, 0x02, 0x66, 0x20, 0x00, 0x00, 0x8f, 0xff, 0xf8, 0x00, 0x06, 0xf7,
    0x00, 0x7f, 0x80, 0x0d, 0x90, 0x00, 0x0a, 0xd0, 0x0f, 0xb8, 0x88, 0x8b, 0xf0, 0x3f, 0xcb, 0xbb,
    0xbb, 0xb0, 0x0f, 0x80, 0x00, 0x00, 0x00, 0x0c, 0xb0, 0x00, 0x05, 0x50, 0x04, 0xfa, 0x44, 0x7f,
    0xa0, 0x00, 0x5d, 0xff, 0xff, 0x20, 0x00, 0x00, 0x36, 0xe7, 0x00, 0x00, 0x00, 0x08, 0xf0, 0x00,
    0x00, 0x00, 0x07, 0xfb, 0x70, 0x00, 0x00, 0x00, 0x78, 0x50, 0x00, 0x00, 0x00, 0x00, 0x00, 0x1d,
    0x81, 0xd9, 0x00, 0x00, 0x3e, 0xd9, 0x00, 0x00, 0x00, 0x24, 0x10, 0x00, 0x24, 0x44, 0x44, 0x44,
    0x08, 0xff, 0xff, 0xff, 0xf0, 0x8f, 0x00, 0x00, 0x00, 0x08, 0xf0, 0x00, 0x00, 0x00, 0x8f, 0x00,
    0x00, 0x00, 0x08, 0xf0, 0x00, 0x00, 0x00, 0x8f, 0xff, 0xff, 0xf8, 0x08, 0xf8, 0x88, 0x88, 0x40,
    0x8f, 0x00, 0x00, 0x00, 0x08, 0xf0, 0x00, 0x00, 0x00, 0x8f, 0x00, 0x00, 0x00, 0x08, 0xf8, 0x88,
    0x88, 0x80, 0x8f, 0xff, 0xff, 0xff, 0x00, 0x00, 0x6e, 0x33, 0xe6, 0x00, 0x00, 0x07, 0xee, 0x70,
    0x00, 0x00, 0x00, 0x44, 0x00, 0x00, 0x00, 0x02, 0x66, 0x20, 0x00, 0x00, 0x8f, 0xff, 0xf8, 0x00,
    0x06, 0xf7, 0x00, 0x7f, 0x80, 0x0d, 0x90, 0x00, 0x0a, 0xd0, 0x0f, 0xb8, 0x88, 0x8b, 0xf0, 0x3f,
    0xcb, 0xbb, 0xbb, 0xb0, 0x0f, 0x80, 0x00, 0x00, 0x00, 0x0c, 0xb0, 0x00, 0x05, 0x50, 0x04, 0xfa,
    0x44, 0x7f, 0x90, 0x00, 0x5d, 0xff, 0xf8, 0x10, 0x00, 0x00, 0x34, 0x00, 0x00, 0x00, 0x00, 0x00,
    0x00, 0x00, 0x00, 0x00, 0x0a, 0xf9, 0x00, 0x00, 0x00, 0x09, 0xc2, 0xe8, 0x00, 0x00, 0x01, 0x41,
    0x02, 0x40, 0x00, 0x00, 0x03, 0x88, 0x72, 0x00, 0x00, 0x1a, 0xff, 0xff, 0xf8, 0x10, 0x0b, 0xf8,
    0x10, 0x18, 0xf9, 0x06, 0xf7, 0x00, 0x00, 0x08, 0xf3, 0xae, 0x00, 0x00, 0x00, 0x28, 0x4e, 0xa0,
    0x00, 0x00, 0x00, 0x00, 0xf8, 0x00, 0x01, 0x44, 0x44, 0x2f, 0x80, 0x00, 0x4f, 0xff, 0xf8, 0xcb,
    0x00, 0x01, 0x44, 0x4f, 0x88, 0xf2, 0x00, 0x00, 0x02, 0xf7, 0x2f, 0xb1, 0x00, 0x00, 0xaf, 0x20,
    0x6f, 0xd7, 0x46, 0xcf, 0x60, 0x00, 0x5c, 0xff, 0xfd, 0x50, 0x00, 0x00, 0x01, 0x41, 0x00, 0x00,
    0x00, 0x03, 0xee, 0x30, 0x00, 0x00, 0x1c, 0x88, 0xe1, 0x00, 0x00, 0x24, 0x00, 0x42, 0x00, 0x00,
    0x03, 0x65, 0x11, 0x40, 0x00, 0x9f, 0xff, 0xd5, 0xf0, 0x08, 0xf7, 0x00, 0x7e, 0xf0, 0x0d, 0xb0,
    0x00, 0x0a, 0xf0, 0x0f, 0x80, 0x00, 0x08, 0xf0, 0x3f, 0x80, 0x00, 0x05, 0xf0, 0x0f, 0x80, 0x00,
    0x08, 0xf0, 0x0b, 0xe1, 0x00, 0x1d, 0xf0, 0x03, 0xed, 0x88, 0xdc, 0xf0, 0x00, 0x39, 0xbb, 0x58,
    0xf0, 0x00, 0x00, 0x00, 0x08, 0xf0, 0x05, 0xb1, 0x00, 0x1b, 0xe0, 0x03, 0xee, 0xbb, 0xdf, 0x50,
    0x00, 0x17, 0xaa, 0x82, 0x00, 0x00, 0x00, 0x00, 0x00, 0x00, 0x00, 0x00, 0xd5, 0x06, 0xb0, 0x00,
    0x00, 0x06, 0xeb, 0xf5, 0x00, 0x00, 0x00, 0x02, 0x42, 0x00, 0x00, 0x00, 0x03, 0x88, 0x72, 0x00,
    0x00, 0x1a, 0xff, 0xff, 0xf8, 0x10, 0x0b, 0xf8, 0x10, 0x18, 0xf9, 0x06, 0xf7, 0x00, 0x00, 0x08,
    0xf3, 0xae, 0x00, 0x00, 0x00, 0x28, 0x4e, 0xa0, 0x00, 0x00, 0x00, 0x00, 0xf8, 0x00, 0x01, 0x44,
    0x44, 0x2f, 0x80, 0x00, 0x4f, 0xff, 0xf8, 0xcb, 0x00, 0x01, 0x44, 0x4f, 0x88, 0xf2, 0x00, 0x00,
    0x02, 0xf7, 0x2f, 0xb1, 0x00, 0x00, 0xaf, 0x20, 0x6f, 0xd7, 0x46, 0xcf, 0x60, 0x00, 0x5c, 0xff,
    0xfd, 0x50, 0x00, 0x00, 0x01, 0x41, 0x00, 0x00, 0x00, 0x5c, 0x00, 0xc6, 0x00, 0x00, 0x1c, 0xcc,
    0xc1, 0x00, 0x00, 0x01, 0x66, 0x10, 0x00, 0x00, 0x03, 0x65, 0x11, 0x40, 0x00, 0x9f, 0xff, 0xd5,
    0xf0, 0x08, 0xf7, 0x00, 0x7e, 0xf0, 0x0d, 0xb0, 0x00, 0x0a, 0xf0, 0x0f, 0x80, 0x00, 0x08, 0xf0,
    0x3f, 0x80, 0x00, 0x05, 0xf0, 0x0f, 0x80, 0x00, 0x08, 0xf0, 0x0b, 0xe1, 0x00, 0x1d, 0xf0, 0x03,
    0xed, 0x88, 0xdc, 0xf0, 0x00, 0x39, 0xbb, 0x58, 0xf0, 0x00, 0x00, 0x00, 0x08, 0xf0, 0x05, 0xb1,
    0x00, 0x1b, 0xe0, 0x03, 0xee, 0xbb, 0xdf, 0x50, 0x00, 0x17, 0xaa, 0x82, 0x00, 0x00, 0x00, 0x5b,
    0x40, 0x00, 0x00, 0x00, 0x07, 0xf6, 0x00, 0x00, 0x00, 0x00, 0x00, 0x00, 0x00, 0x00, 0x00, 0x38,
    0x87, 0x20, 0x00, 0x01, 0xaf, 0xff, 0xff, 0x81, 0x00, 0xbf, 0x81, 0x01, 0x8f, 0x90, 0x6f, 0x70,
    0x00, 0x00, 0x8f, 0x3a, 0xe0, 0x00, 0x00, 0x02, 0x84, 0xea, 0x00, 0x00, 0x00, 0x00, 0x0f, 0x80,
    0x00, 0x14, 0x44, 0x42, 0xf8, 0x00, 0x04, 0xff, 0xff, 0x8c, 0xb0, 0x00, 0x14, 0x44, 0xf8, 0x8f,
    0x20, 0x00, 0x00, 0x2f, 0x72, 0xfb, 0x10, 0x00, 0x0a, 0xf2, 0x06, 0xfd, 0x74, 0x6c, 0xf6, 0x00,
    0x05, 0xcf, 0xff, 0xd5, 0x00, 0x00, 0x00, 0x14, 0x10, 0x00, 0x00, 0x00, 0x00, 0x88, 0x00, 0x00,
    0x00, 0x00, 0xee, 0x00, 0x00, 0x00, 0x00, 0x22, 0x00, 0x00, 0x00, 0x03, 0x65, 0x11, 0x40, 0x00,
    0x9f, 0xff, 0xd5, 0xf0, 0x08, 0xf7, 0x00, 0x7e, 0xf0, 0x0d, 0xb0, 0x00, 0x0a, 0xf0, 0x0f, 0x80,
    0x00, 0x08, 0xf0, 0x3f, 0x80, 0x00, 0x05, 0xf0, 0x0f, 0x80, 0x00, 0x08, 0xf0, 0x0b, 0xe1, 0x00,
    0x1d, 0xf0, 0x03, 0xed, 0x88, 0xdc, 0xf0, 0x00, 0x39, 0xbb, 0x58, 0xf0, 0x00, 0x00, 0x00, 0x08,
    0xf0, 0x05, 0xb1, 0x00, 0x1b, 0xe0, 0x03, 0xee, 0xbb, 0xdf, 0x50, 0x00, 0x17, 0xaa, 0x82, 0x00,
    0x00, 0x03, 0x88, 0x72, 0x00, 0x00, 0x1a, 0xff, 0xff, 0xf8, 0x10, 0x0b, 0xf8, 0x10, 0x18, 0xf9,
    0x06, 0xf7, 0x00, 0x00, 0x08, 0xf3, 0xae, 0x00, 0x00, 0x00, 0x28, 0x4e, 0xa0, 0x00, 0x00, 0x00,
    0x00, 0xf8, 0x00, 0x01, 0x44, 0x44, 0x2f, 0x80, 0x00, 0x4f, 0xff, 0xf8, 0xcb, 0x00, 0x01, 0x44,
    0x4f, 0x88, 0xf2, 0x00, 0x00, 0x02, 0xf7, 0x2f, 0xb1, 0x00, 0x00, 0xaf, 0x20, 0x6f, 0xd7, 0x46,
    0xcf, 0x60, 0x00, 0x5c, 0xff, 0xfd, 0x50, 0x00, 0x00, 0x01, 0x41, 0x00, 0x00, 0x00, 0x00, 0x8e,
    0x00, 0x00, 0x00, 0x00, 0x0a, 0x90, 0x00, 0x00, 0x00, 0x00, 0xe5, 0x00, 0x00, 0x00, 0x00, 0x00,
    0x00, 0x00, 0x00, 0x00, 0x00, 0x08, 0x10, 0x00, 0x00, 0x00, 0x6e, 0x10, 0x00, 0x00, 0x00, 0x9b,
    0x00, 0x00, 0x00, 0x00, 0x88, 0x00, 0x00, 0x00, 0x03, 0x65, 0x11, 0x40, 0x00, 0x9f, 0xff, 0xd5,
    0xf0, 0x08, 0xf7, 0x00, 0x7e, 0xf0, 0x0d, 0xb0, 0x00, 0x0a, 0xf0, 0x0f, 0x80, 0x00, 0x08, 0xf0,
    0x3f, 0x80, 0x00, 0x05, 0xf0, 0x0f, 0x80, 0x00, 0x08, 0xf0, 0x0b, 0xe1, 0x00, 0x1d, 0xf0, 0x03,
    0xed, 0x88, 0xdc, 0xf0, 0x00, 0x39, 0xbb, 0x58, 0xf0, 0x00, 0x00, 0x00, 0x08, 0xf0, 0x05, 0xb1,
    0x00, 0x1b, 0xe0, 0x03, 0xee, 0xbb, 0xdf, 0x50, 0x00, 0x17, 0xaa, 0x82, 0x00, 0x00, 0x00, 0x00,
    0x00, 0x00, 0x00, 0x00, 0x1c, 0xf7, 0x00, 0x00, 0x00, 0x0b, 0xb3, 0xe6, 0x00, 0x00, 0x01, 0x41,
    0x03, 0x40, 0x00, 0x24, 0x00, 0x00, 0x00, 0x24, 0x18, 0xf0, 0x00, 0x00, 0x08, 0xf4, 0x8f, 0x00,
    0x00, 0x00, 0x8f, 0x48, 0xf0, 0x00, 0x00, 0x08, 0xf4, 0x8f, 0x00, 0x00, 0x00, 0x8f, 0x48, 0xf0,
    0x00, 0x00, 0x08, 0xf4, 0x8f, 0xff, 0xff, 0xff, 0xff, 0x48, 0xf4, 0x44, 0x44, 0x49, 0xf4, 0x8f,
    0x00, 0x00, 0x00, 0x8f, 0x48, 0xf0, 0x00, 0x00, 0x08, 0xf4, 0x8f, 0x00, 0x00, 0x00, 0x8f, 0x48,
    0xf0, 0x00, 0x00, 0x08, 0xf4, 0x8f, 0x00, 0x00, 0x00, 0x8f, 0x40, 0x00, 0x00, 0x00, 0x00, 0x00,
    0x03, 0xef, 0x30, 0x00, 0x00, 0x1e, 0x86, 0xe3, 0x00, 0x00, 0x24, 0x00, 0x43, 0x00, 0x00, 0x00,
    0x33, 0x00, 0x00, 0x00, 0x00, 0xbb, 0x00, 0x00, 0x00, 0x00, 0xbb, 0x00, 0x00, 0x00, 0x00, 0xbb,
    0x03, 0x74, 0x00, 0x00, 0xbb, 0x9f, 0xff, 0xc1, 0x00, 0xbe, 0x91, 0x07, 0xf7, 0x00, 0xbe, 0x00,
    0x00, 0xcb, 0x00, 0xbb, 0x00, 0x00, 0xbb, 0x00, 0xbb, 0x00, 0x00, 0xbb, 0x00, 0xbb, 0x00, 0x00,
    0xbb, 0x00, 0xbb, 0x00, 0x00, 0xbb, 0x00, 0xbb, 0x00, 0x00, 0xbb, 0x00, 0xbb, 0x00, 0x00, 0xbb,
    0x01, 0x42, 0x00, 0x00, 0x00, 0x42, 0x00, 0x4f, 0x80, 0x00, 0x00, 0x0f, 0x80, 0x04, 0xf8, 0x00,
    0x00, 0x00, 0xf8, 0x03, 0xcf, 0xdb, 0xbb, 0xbb, 0xbf, 0xd6, 0x29, 0xfb, 0x88, 0x88, 0x88, 0xfb,
    0x40, 0x4f, 0x80, 0x00, 0x00, 0x0f, 0x80, 0x04, 0xff, 0xff, 0xff, 0xff, 0xf8, 0x00, 0x4f, 0x94,
    0x44, 0x44, 0x4f, 0x80, 0x04, 0xf8, 0x00, 0x00, 0x00, 0xf8, 0x00, 0x4f, 0x80, 0x00, 0x00, 0x0f,
    0x80, 0x04, 0xf8, 0x00, 0x00, 0x00, 0xf8, 0x00, 0x4f, 0x80, 0x00, 0x00, 0x0f, 0x80, 0x04, 0xf8,
    0x00, 0x00, 0x00, 0xf8, 0x00, 0x03, 0x30, 0x00, 0x00, 0x08, 0xdd, 0x88, 0x40, 0x00, 0xbe, 0xeb,
    0xb6, 0x00, 0x00, 0xbb, 0x03, 0x74, 0x00, 0x0b, 0xb9, 0xff, 0xfc, 0x10, 0xbe, 0x91, 0x07, 0xf7,
    0x0b, 0xe0, 0x00, 0x0c, 0xb0, 0xbb, 0x00, 0x00, 0xbb, 0x0b, 0xb0, 0x00, 0x0b, 0xb0, 0xbb, 0x00,
    0x00, 0xbb, 0x0b, 0xb0, 0x00, 0x0b, 0xb0, 0xbb, 0x00, 0x00, 0xbb, 0x0b, 0xb0, 0x00, 0x0b, 0xb0,
    0x07, 0xa4, 0x58, 0x1f, 0x7b, 0xf5, 0x00, 0x00, 0x00, 0x00, 0x24, 0x00, 0x00, 0x8f, 0x00, 0x00,
    0x8f, 0x00, 0x00, 0x8f, 0x00, 0x00, 0x8f, 0x00, 0x00, 0x8f, 0x00, 0x00, 0x8f, 0x00, 0x00, 0x8f,
    0x00, 0x00, 0x8f, 0x00, 0x00, 0x8f, 0x00, 0x00, 0x8f, 0x00, 0x00, 0x8f, 0x00, 0x00, 0x8f, 0x00,
    0x08, 0x82, 0x76, 0x4d, 0x8e, 0xe2, 0x00, 0x00, 0x00, 0x00, 0x33, 0x00, 0x00, 0xbb, 0x00, 0x00,
    0xbb, 0x00, 0x00, 0xbb, 0x00, 0x00, 0xbb, 0x00, 0x00, 0xbb, 0x00, 0x00, 0xbb, 0x00, 0x00, 0xbb,
    0x00, 0x00, 0xbb, 0x00, 0x00, 0xbb, 0x00, 0x08, 0x88, 0x84, 0x0b, 0xbb, 0xb6, 0x00, 0x00, 0x00,
    0x00, 0x24, 0x00, 0x00, 0x8f, 0x00, 0x00, 0x8f, 0x00, 0x00, 0x8f, 0x00, 0x00, 0x8f, 0x00, 0x00,
    0x8f, 0x00, 0x00, 0x8f, 0x00, 0x00, 0x8f, 0x00, 0x00, 0x8f, 0x00, 0x00, 0x8f, 0x00, 0x00, 0x8f,
    0x00, 0x00, 0x8f, 0x00, 0x00, 0x8f, 0x00, 0x28, 0x88, 0x82, 0x3b, 0xbb, 0xb3, 0x00, 0x00, 0x00,
    0x00, 0x33, 0x00, 0x00, 0xbb, 0x00, 0x00, 0xbb, 0x00, 0x00, 0xbb, 0x00, 0x00, 0xbb, 0x00, 0x00,
    0xbb, 0x00, 0x00, 0xbb, 0x00, 0x00, 0xbb, 0x00, 0x00, 0xbb, 0x00, 0x00, 0xbb, 0x00, 0x00, 0x00,
    0x00, 0x0f, 0x20, 0x89, 0x08, 0xeb, 0xe3, 0x00, 0x34, 0x10, 0x00, 0x24, 0x00, 0x00, 0x8f, 0x00,
    0x00, 0x8f, 0x00, 0x00, 0x8f, 0x00, 0x00, 0x8f, 0x00, 0x00, 0x8f, 0x00, 0x00, 0x8f, 0x00, 0x00,
    0x8f, 0x00, 0x00, 0x8f, 0x00, 0x00, 0x8f, 0x00, 0x00, 0x8f, 0x00, 0x00, 0x8f, 0x00, 0x00, 0x8f,
    0x00, 0x4c, 0x00, 0xb7, 0x0c, 0xcc, 0xd1, 0x00, 0x66, 0x10, 0x00, 0x33, 0x00, 0x00, 0xbb, 0x00,
    0x00, 0xbb, 0x00, 0x00, 0xbb, 0x00, 0x00, 0xbb, 0x00, 0x00, 0xbb, 0x00, 0x00, 0xbb, 0x00, 0x00,
    0xbb, 0x00, 0x00, 0xbb, 0x00, 0x00, 0xbb, 0x00, 0x02, 0x40, 0x08, 0xf0, 0x08, 0xf0, 0x08, 0xf0,
    0x08, 0xf0, 0x08, 0xf0, 0x08, 0xf0, 0x08, 0xf0, 0x08, 0xf0, 0x08, 0xf0, 0x08, 0xf0, 0x08, 0xf0,
    0x08, 0xf0, 0x3e, 0x70, 0xab, 0x00, 0xae, 0xb4, 0x18, 0x83, 0x00, 0x89, 0x00, 0x0e, 0xe0, 0x00,
    0x12, 0x00, 0x03, 0x30, 0x00, 0xbb, 0x00, 0x0b, 0xb0, 0x00, 0xbb, 0x00, 0x0b, 0xb0, 0x00, 0xbb,
    0x00, 0x0b, 0xb0, 0x00, 0xbb, 0x00, 0x0b, 0xb0, 0x00, 0xbb, 0x00, 0x6e, 0x40, 0x0e, 0x80, 0x00,
    0xed, 0xb1, 0x03, 0x88, 0x10, 0x7b, 0x29, 0xf3, 0x00, 0x02, 0x40, 0x8f, 0x08, 0xf0, 0x8f, 0x08,
    0xf0, 0x8f, 0x08, 0xf0, 0x8f, 0x08, 0xf0, 0x8f, 0x08, 0xf0, 0x8f, 0x08, 0xf0, 0x33, 0xbb, 0xbb,
    0xbb, 0xbb, 0xbb, 0xbb, 0xbb, 0xbb, 0xbb, 0x24, 0x00, 0x00, 0x00, 0x00, 0x33, 0x8f, 0x00, 0x00,
    0x00, 0x00, 0xbb, 0x8f, 0x00, 0x00, 0x00, 0x00, 0xbb, 0x8f, 0x00, 0x00, 0x00, 0x00, 0xbb, 0x8f,
    0x00, 0x00, 0x00, 0x00, 0xbb, 0x8f, 0x00, 0x00, 0x00, 0x00, 0xbb, 0x8f, 0x00, 0x00, 0x00, 0x00,
    0xbb, 0x8f, 0x00, 0x00, 0x00, 0x00, 0xbb, 0x8f, 0x00, 0x24, 0x00, 0x00, 0xbb, 0x8f, 0x00, 0x8f,
    0x00, 0x00, 0xbb, 0x8f, 0x00, 0x8f, 0x20, 0x01, 0xea, 0x8f, 0x00, 0x2e, 0xc5, 0x4a, 0xf4, 0x8f,
    0x00, 0x04, 0xdf, 0xfe, 0x60, 0x00, 0x00, 0x00, 0x02, 0x30, 0x00, 0x89, 0x00, 0x7a, 0x1e, 0xe0,
    0x0a, 0xf3, 0x12, 0x00, 0x12, 0x03, 0x30, 0x02, 0x40, 0xbb, 0x00, 0x8f, 0x0b, 0xb0, 0x08, 0xf0,
    0xbb, 0x00, 0x8f, 0x0b, 0xb0, 0x08, 0xf0, 0xbb, 0x00, 0x8f, 0x0b, 0xb0, 0x08, 0xf0, 0xbb, 0x00,
    0x8f, 0x0b, 0xb0, 0x08, 0xf0, 0xbb, 0x00, 0x8f, 0x00, 0x00, 0x08, 0xf0, 0x00, 0x00, 0xbc, 0x00,
    0x00, 0xff, 0x60, 0x00, 0x08, 0x30, 0x00, 0x00, 0x00, 0x00, 0x00, 0x00, 0x00, 0x00, 0x00, 0x0b,
    0xe9, 0x00, 0x00, 0x00, 0x09, 0xc3, 0xe7, 0x00, 0x00, 0x01, 0x41, 0x02, 0x40, 0x00, 0x00, 0x00,
    0x14, 0x10, 0x00, 0x00, 0x00, 0x04, 0xf4, 0x00, 0x00, 0x00, 0x00, 0x4f, 0x40, 0x00, 0x00, 0x00,
    0x04, 0xf4, 0x00, 0x00, 0x00, 0x00, 0x4f, 0x40, 0x00, 0x00, 0x00, 0x04, 0xf4, 0x00, 0x00, 0x00,
    0x00, 0x4f, 0x40, 0x00, 0x00, 0x00, 0x04, 0xf4, 0x00, 0x14, 0x20, 0x00, 0x4f, 0x40, 0x04, 0xf8,
    0x00, 0x05, 0xf4, 0x00, 0x1f, 0x80, 0x00, 0x8f, 0x20, 0x00, 0x9f, 0x84, 0x7f, 0xb0, 0x00, 0x01,
    0x9f, 0xff, 0xb1, 0x00, 0x00, 0x00, 0x04, 0x10, 0x00, 0x00, 0x02, 0xee, 0x30, 0x1c, 0x97, 0xe2,
    0x24, 0x00, 0x42, 0x00, 0x33, 0x00, 0x00, 0xbb, 0x00, 0x00, 0xbb, 0x00, 0x00, 0xbb, 0x00, 0x00,
    0xbb, 0x00, 0x00, 0xbb, 0x00, 0x00, 0xbb, 0x00, 0x00, 0xbb, 0x00, 0x00, 0xbb, 0x00, 0x00, 0xbb,
    0x00, 0x00, 0xbb, 0x00, 0x01, 0xdb, 0x00, 0x4f, 0xf5, 0x00, 0x28, 0x20, 0x00, 0x24, 0x00, 0x00,
    0x01, 0x43, 0x8f, 0x00, 0x00, 0x1c, 0xe3, 0x8f, 0x00, 0x01, 0xce, 0x30, 0x8f, 0x00, 0x1c, 0xf5,
    0x00, 0x8f, 0x00, 0x9f, 0x60, 0x00, 0x8f, 0x09, 0xf6, 0x00, 0x00, 0x8f, 0x7f, 0xf5, 0x00, 0x00,
    0x8f, 0xf6, 0xce, 0x10, 0x00, 0x8f, 0x70, 0x3e, 0xb0, 0x00, 0x8f, 0x00, 0x07, 0xf7, 0x00, 0x8f,
    0x00, 0x00, 0xaf, 0x30, 0x8f, 0x00, 0x00, 0x1e, 0xc1, 0x8f, 0x00, 0x00, 0x04, 0xf8, 0x00, 0x00,
    0x00, 0x00, 0x00, 0x00, 0x01, 0xf6, 0x00, 0x00, 0x00, 0x04, 0xf1, 0x00, 0x00, 0x00, 0x08, 0xa0,
    0x00, 0x00, 0x00, 0x00, 0x00, 0x00, 0x00, 0x33, 0x00, 0x00, 0x00, 0x0b, 0xb0, 0x00, 0x00, 0x00,
    0xbb, 0x00, 0x00, 0x00, 0x0b, 0xb0, 0x00, 0x14, 0x30, 0xbb, 0x00, 0x1c, 0xe3, 0x0b, 0xb0, 0x1c,
    0xe3, 0x00, 0xbb, 0x0a, 0xe3, 0x00, 0x0b, 0xc9, 0xf3, 0x00, 0x00, 0xbf, 0xdf, 0x80, 0x00, 0x0b,
    0xd1, 0x8f, 0x60, 0x00, 0xbb, 0x00, 0xbe, 0x30, 0x0b, 0xb0, 0x01, 0xec, 0x10, 0xbb, 0x00, 0x03,
    0xfa, 0x00, 0x00, 0x00, 0x00, 0x00, 0x00, 0x1f, 0x60, 0x00, 0x00, 0x04, 0xf1, 0x00, 0x00, 0x00,
    0x8a, 0x00, 0x00, 0x00, 0x00, 0x00, 0x00, 0x00, 0x33, 0x00, 0x01, 0x42, 0xbb, 0x00, 0x0b, 0xe2,
    0xbb, 0x00, 0x8e, 0x30, 0xbb, 0x06, 0xf6, 0x00, 0xbc, 0x5e, 0x80, 0x00, 0xbf, 0xfe, 0x10, 0x00,
    0xbb, 0x2e, 0x90, 0x00, 0xbb, 0x04, 0xf8, 0x00, 0xbb, 0x00, 0x7f, 0x60, 0xbb, 0x00, 0x09, 0xf3,
    0x00, 0x00, 0x00, 0x00, 0x08, 0xe2, 0x00, 0x00, 0x0e, 0x70, 0x00, 0x00, 0x28, 0x00, 0x00, 0x00,
    0x24, 0x00, 0x00, 0x00, 0x8f, 0x00, 0x00, 0x00, 0x8f, 0x00, 0x00, 0x00, 0x8f, 0x00, 0x00, 0x00,
    0x8f, 0x00, 0x00, 0x00, 0x8f, 0x00, 0x00, 0x00, 0x8f, 0x00, 0x00, 0x00, 0x8f, 0x00, 0x00, 0x00,
    0x8f, 0x00, 0x00, 0x00, 0x8f, 0x00, 0x00, 0x00, 0x8f, 0x00, 0x00, 0x00, 0x8f, 0x88, 0x88, 0x86,
    0x8f, 0xff, 0xff, 0xfb, 0x00, 0x00, 0x09, 0xd1, 0x2f, 0x40, 0x46, 0x00, 0x33, 0x00, 0xbb, 0x00,
    0xbb, 0x00, 0xbb, 0x00, 0xbb, 0x00, 0xbb, 0x00, 0xbb, 0x00, 0xbb, 0x00, 0xbb, 0x00, 0xbb, 0x00,
    0xbb, 0x00, 0xbb, 0x00, 0xbb, 0x00, 0x24, 0x00, 0x00, 0x00, 0x8f, 0x00, 0x00, 0x00, 0x8f, 0x00,
    0x00, 0x00, 0x8f, 0x00, 0x00, 0x00, 0x8f, 0x00, 0x00, 0x00, 0x8f, 0x00, 0x00, 0x00, 0x8f, 0x00,
    0x00, 0x00, 0x8f, 0x00, 0x00, 0x00, 0x8f, 0x00, 0x00, 0x00, 0x8f, 0x00, 0x00, 0x00, 0x8f, 0x00,
    0x00, 0x00, 0x8f, 0x88, 0x88, 0x86, 0x8f, 0xff, 0xff, 0xfb, 0x00, 0x00, 0x00, 0x00, 0x00, 0x0b,
    0xa0, 0x00, 0x00, 0x0f, 0x60, 0x00, 0x00, 0x3f, 0x10, 0x00, 0x00, 0x00, 0x00, 0x00, 0x03, 0x30,
    0xbb, 0x0b, 0xb0, 0xbb, 0x0b, 0xb0, 0xbb, 0x0b, 0xb0, 0xbb, 0x0b, 0xb0, 0xbb, 0x0b, 0xb0, 0xbb,
    0x0b, 0xb0, 0x00, 0x0c, 0x91, 0xf5, 0x4e, 0x00, 0x00, 0x24, 0x00, 0xb8, 0x00, 0x8f, 0x00, 0xb8,
    0x00, 0x8f, 0x00, 0xb4, 0x00, 0x8f, 0x00, 0x31, 0x00, 0x8f, 0x00, 0x00, 0x00, 0x8f, 0x00, 0x00,
    0x00, 0x8f, 0x00, 0x00, 0x00, 0x8f, 0x00, 0x00, 0x00, 0x8f, 0x00, 0x00, 0x00, 0x8f, 0x00, 0x00,
    0x00, 0x8f, 0x00, 0x00, 0x00, 0x8f, 0x88, 0x88, 0x86, 0x8f, 0xff, 0xff, 0xfb, 0x33, 0x0f, 0x7b,
    0xb0, 0xf4, 0xbb, 0x0f, 0x3b, 0xb0, 0x40, 0xbb, 0x00, 0x0b, 0xb0, 0x00, 0xbb, 0x00, 0x0b, 0xb0,
    0x00, 0xbb, 0x00, 0x0b, 0xb0, 0x00, 0xbb, 0x00, 0x0b, 0xb0, 0x00, 0xbb, 0x00, 0x00, 0x24, 0x00,
    0x00, 0x00, 0x8f, 0x00, 0x00, 0x00, 0x8f, 0x00, 0x00, 0x00, 0x8f, 0x00, 0x00, 0x00, 0x8f, 0x00,
    0x00, 0x00, 0x8f, 0x01, 0xec, 0x00, 0x8f, 0x01, 0xc9, 0x00, 0x8f, 0x00, 0x00, 0x00, 0x8f, 0x00,
    0x00, 0x00, 0x8f, 0x00, 0x00, 0x00, 0x8f, 0x00, 0x00, 0x00, 0x8f, 0x88, 0x88, 0x86, 0x8f, 0xff,
    0xff, 0xfb, 0x33, 0x00, 0x00, 0xbb, 0x00, 0x00, 0xbb, 0x00, 0x00, 0xbb, 0x00, 0x00, 0xbb, 0x00,
    0x00, 0xbb, 0x02, 0x20, 0xbb, 0x1f, 0xe0, 0xbb, 0x0c, 0xb0, 0xbb, 0x00, 0x00, 0xbb, 0x00, 0x00,
    0xbb, 0x00, 0x00, 0xbb, 0x00, 0x00, 0xbb, 0x00, 0x00, 0x00, 0x42, 0x00, 0x00, 0x00, 0x00, 0xf8,
    0x00, 0x00, 0x00, 0x00, 0xf8, 0x00, 0x00, 0x00, 0x00, 0xf8, 0x00, 0x10, 0x00, 0x00, 0xf8, 0x3b,
    0x80, 0x00, 0x00, 0xfd, 0xfc, 0x30, 0x00, 0x07, 0xfe, 0x60, 0x00, 0x00, 0x8f, 0xf8, 0x00, 0x00,
    0x00, 0x52, 0xf8, 0x00, 0x00, 0x00, 0x00, 0xf8, 0x00, 0x00, 0x00, 0x00, 0xf8, 0x00, 0x00, 0x00,
    0x00, 0xfb, 0x88, 0x88, 0x82, 0x00, 0xff, 0xff, 0xff, 0xf4, 0x00, 0x33, 0x00, 0x00, 0xbb, 0x00,
    0x00, 0xbb, 0x00, 0x00, 0xbb, 0x11, 0x00, 0xbd, 0xd4, 0x04, 0xde, 0x60, 0x0f, 0xeb, 0x00, 0x02,
    0xbb, 0x00, 0x00, 0xbb, 0x00, 0x00, 0xbb, 0x00, 0x00, 0xbb, 0x00, 0x00, 0xbb, 0x00, 0x00, 0xbb,
    0x00, 0x00, 0x00, 0x00, 0x00, 0x00, 0x00, 0x00, 0x00, 0x6f, 0x40, 0x00, 0x00, 0x00, 0x0c, 0x80,
    0x00, 0x00, 0x00, 0x01, 0x81, 0x00, 0x00, 0x24, 0x20, 0x00, 0x00, 0x14, 0x18, 0xfd, 0x10, 0x00,
    0x04, 0xf4, 0x8f, 0xe8, 0x00, 0x00, 0x4f, 0x48, 0xf8, 0xf3, 0x00, 0x04, 0xf4, 0x8f, 0x1d, 0xc0,
    0x00, 0x4f, 0x48, 0xf0, 0x5f, 0x70, 0x04, 0xf4, 0x8f, 0x00, 0xae, 0x20, 0x4f, 0x48, 0xf0, 0x02,
    0xeb, 0x04, 0xf4, 0x8f, 0x00, 0x07, 0xf5, 0x4f, 0x48, 0xf0, 0x00, 0x0b, 0xe5, 0xf4, 0x8f, 0x00,
    0x00, 0x3f, 0xbf, 0x48, 0xf0, 0x00, 0x00, 0x8f, 0xf4, 0x8f, 0x00, 0x00, 0x00, 0xdf, 0x40, 0x00,
    0x00, 0x9d, 0x10, 0x00, 0x02, 0xf4, 0x00, 0x00, 0x04, 0x60, 0x00, 0x33, 0x03, 0x74, 0x00, 0xbb,
    0x9f, 0xff, 0xc1, 0xbe, 0x91, 0x07, 0xf7, 0xbe, 0x00, 0x00, 0xcb, 0xbb, 0x00, 0x00, 0xbb, 0xbb,
    0x00, 0x00, 0xbb, 0xbb, 0x00, 0x00, 0xbb, 0xbb, 0x00, 0x00, 0xbb, 0xbb, 0x00, 0x00, 0xbb, 0xbb,
    0x00, 0x00, 0xbb, 0x24, 0x20, 0x00, 0x00, 0x14, 0x18, 0xfd, 0x10, 0x00, 0x04, 0xf4, 0x8f, 0xe8,
    0x00, 0x00, 0x4f, 0x48, 0xf8, 0xf3, 0x00, 0x04, 0xf4, 0x8f, 0x1d, 0xc0, 0x00, 0x4f, 0x48, 0xf0,
    0x5f, 0x70, 0x04, 0xf4, 0x8f, 0x00, 0xae, 0x20, 0x4f, 0x48, 0xf0, 0x02, 0xeb, 0x04, 0xf4, 0x8f,
    0x00, 0x07, 0xf5, 0x4f, 0x48, 0xf0, 0x00, 0x0b, 0xe5, 0xf4, 0x8f, 0x00, 0x00, 0x3f, 0xbf, 0x48,
    0xf0, 0x00, 0x00, 0x8f, 0xf4, 0x8f, 0x00, 0x00, 0x00, 0xdf, 0x40, 0x00, 0x00, 0x00, 0x00, 0x00,
    0x00, 0x00, 0x8e, 0x00, 0x00, 0x00, 0x00, 0x0a, 0x90, 0x00, 0x00, 0x00, 0x00, 0xe5, 0x00, 0x00,
    0x00, 0x00, 0x00, 0x00, 0x00, 0x00, 0x33, 0x03, 0x74, 0x00, 0xbb, 0x9f, 0xff, 0xc1, 0xbe, 0x91,
    0x07, 0xf7, 0xbe, 0x00, 0x00, 0xcb, 0xbb, 0x00, 0x00, 0xbb, 0xbb, 0x00, 0x00, 0xbb, 0xbb, 0x00,
    0x00, 0xbb, 0xbb, 0x00, 0x00, 0xbb, 0xbb, 0x00, 0x00, 0xbb, 0xbb, 0x00, 0x00, 0xbb, 0x00, 0x00,
    0x00, 0x00, 0x00, 0x0d, 0x90, 0x00, 0x00, 0x1f, 0x50, 0x00, 0x00, 0x5d, 0x00, 0x00, 0x00, 0x00,
    0x00, 0x00, 0x00, 0x00, 0x00, 0x00, 0x00, 0x00, 0x01, 0xc9, 0x1c, 0x90, 0x00, 0x00, 0x01, 0xdc,
    0xc1, 0x00, 0x00, 0x00, 0x02, 0x41, 0x00, 0x00, 0x24, 0x20, 0x00, 0x00, 0x14, 0x18, 0xfd, 0x10,
    0x00, 0x04, 0xf4, 0x8f, 0xe8, 0x00, 0x00, 0x4f, 0x48, 0xf8, 0xf3, 0x00, 0x04, 0xf4, 0x8f, 0x1d,
    0xc0, 0x00, 0x4f, 0x48, 0xf0, 0x5f, 0x70, 0x04, 0xf4, 0x8f, 0x00, 0xae, 0x20, 0x4f, 0x48, 0xf0,
    0x02, 0xeb, 0x04, 0xf4, 0x8f, 0x00, 0x07, 0xf5, 0x4f, 0x48, 0xf0, 0x00, 0x0b, 0xe5, 0xf4, 0x8f,
    0x00, 0x00, 0x3f, 0xbf, 0x48, 0xf0, 0x00, 0x00, 0x8f, 0xf4, 0x8f, 0x00, 0x00, 0x00, 0xdf, 0x40,
    0x06, 0xe3, 0x3e, 0x60, 0x00, 0x6e, 0xd8, 0x00, 0x00, 0x04, 0x40, 0x00, 0x33, 0x03, 0x74, 0x00,
    0xbb, 0x9f, 0xff, 0xc1, 0xbe, 0x91, 0x07, 0xf7, 0xbe, 0x00, 0x00, 0xcb, 0xbb, 0x00, 0x00, 0xbb,
    0xbb, 0x00, 0x00, 0xbb, 0xbb, 0x00, 0x00, 0xbb, 0xbb, 0x00, 0x00, 0xbb, 0xbb, 0x00, 0x00, 0xbb,
    0xbb, 0x00, 0x00, 0xbb, 0x00, 0x68, 0x10, 0x00, 0x00, 0x03, 0xf9, 0x00, 0x00, 0x00, 0x0c, 0xc1,
    0x00, 0x00, 0x00, 0x00, 0x00, 0x00, 0x00, 0x00, 0x00, 0x24, 0x14, 0x87, 0x10, 0x00, 0x8f, 0xbf,
    0xff, 0xe1, 0x00, 0x8f, 0xa1, 0x08, 0xf8, 0x00, 0x8f, 0x40, 0x00, 0xfb, 0x00, 0x8f, 0x40, 0x00,
    0xfb, 0x00, 0x8f, 0x40, 0x00, 0xfb, 0x00, 0x8f, 0x40, 0x00, 0xfb, 0x00, 0x8f, 0x40, 0x00, 0xfb,
    0x00, 0x8f, 0x40, 0x00, 0xfb, 0x00, 0x8f, 0x40, 0x00, 0xfb, 0x24, 0x20, 0x00, 0x00, 0x14, 0x18,
    0xfd, 0x10, 0x00, 0x04, 0xf4, 0x8f, 0xe8, 0x00, 0x00, 0x4f, 0x48, 0xf8, 0xf3, 0x00, 0x04, 0xf4,
    0x8f, 0x1d, 0xc0, 0x00, 0x4f, 0x48, 0xf0, 0x5f, 0x70, 0x04, 0xf4, 0x8f, 0x00, 0xae, 0x20, 0x4f,
    0x48, 0xf0, 0x02, 0xeb, 0x04, 0xf4, 0x8f, 0x00, 0x07, 0xf5, 0x4f, 0x48, 0xf0, 0x00, 0x0b, 0xe5,
    0xf4, 0x8f, 0x00, 0x00, 0x3f, 0xbf, 0x48, 0xf0, 0x00, 0x00, 0x8f, 0xf4, 0x8f, 0x00, 0x00, 0x00,
    0xdf, 0x80, 0x00, 0x00, 0x00, 0x04, 0xf8, 0x00, 0x00, 0x00, 0x00, 0x4f, 0x70, 0x00, 0x00, 0x00,
    0x8e, 0xf2, 0x00, 0x00, 0x00, 0x06, 0x83, 0x00, 0x33, 0x03, 0x74, 0x00, 0xbb, 0x9f, 0xff, 0xc1,
    0xbe, 0x91, 0x07, 0xf7, 0xbe, 0x00, 0x00, 0xcb, 0xbb, 0x00, 0x00, 0xbb, 0xbb, 0x00, 0x00, 0xbb,
    0xbb, 0x00, 0x00, 0xbb, 0xbb, 0x00, 0x00, 0xbb, 0xbb, 0x00, 0x00, 0xbb, 0xbb, 0x00, 0x00, 0xbb,
    0x00, 0x00, 0x00, 0xbb, 0x00, 0x00, 0x00, 0xcb, 0x00, 0x00, 0x6c, 0xf8, 0x00, 0x00, 0x48, 0x60,
    0x00, 0x06, 0x88, 0x86, 0x00, 0x00, 0x00, 0x8b, 0xbb, 0x80, 0x00, 0x00, 0x00, 0x00, 0x00, 0x00,
    0x00, 0x00, 0x27, 0x87, 0x30, 0x00, 0x01, 0x8f, 0xff, 0xff, 0x91, 0x00, 0xaf, 0x81, 0x01, 0x8f,
    0xa0, 0x4f, 0x70, 0x00, 0x00, 0x7f, 0x4a, 0xe0, 0x00, 0x00, 0x00, 0xea, 0xea, 0x00, 0x00, 0x00,
    0x0a, 0xef, 0x80, 0x00, 0x00, 0x00, 0x8f, 0xf8, 0x00, 0x00, 0x00, 0x08, 0xfc, 0xb0, 0x00, 0x00,
    0x00, 0xbc, 0x8f, 0x20, 0x00, 0x00, 0x2f, 0x82, 0xfb, 0x10, 0x00, 0x1b, 0xf2, 0x06, 0xfd, 0x74,
    0x7d, 0xf6, 0x00, 0x04, 0xcf, 0xff, 0xc4, 0x00, 0x00, 0x00, 0x14, 0x10, 0x00, 0x00, 0x00, 0x28,
    0x88, 0x84, 0x00, 0x00, 0x3b, 0xbb, 0xb6, 0x00, 0x00, 0x00, 0x00, 0x00, 0x00, 0x00, 0x02, 0x56,
    0x30, 0x00, 0x00, 0x8f, 0xff, 0xf9, 0x00, 0x06, 0xf8, 0x00, 0x7f, 0x80, 0x0d, 0xb0, 0x00, 0x08,
    0xf1, 0x0f, 0x80, 0x00, 0x04, 0xf4, 0x3f, 0x80, 0x00, 0x04, 0xf4, 0x0f, 0x80, 0x00, 0x05, 0xf4,
    0x0c, 0xd0, 0x00, 0x0a, 0xe0, 0x04, 0xfa, 0x44, 0x8f, 0x70, 0x00, 0x5d, 0xff, 0xe8, 0x00, 0x00,
    0x00, 0x34, 0x00, 0x00, 0x00, 0x00, 0x00, 0x00, 0x00, 0x00, 0x00, 0xc5, 0x05, 0xd0, 0x00, 0x00,
    0x05, 0xeb, 0xe5, 0x00, 0x00, 0x00, 0x02, 0x42, 0x00, 0x00, 0x00, 0x02, 0x78, 0x73, 0x00, 0x00,
    0x18, 0xff, 0xff, 0xf9, 0x10, 0x0a, 0xf8, 0x10, 0x18, 0xfa, 0x04, 0xf7, 0x00, 0x00, 0x07, 0xf4,
    0xae, 0x00, 0x00, 0x00, 0x0e, 0xae, 0xa0, 0x00, 0x00, 0x00, 0xae, 0xf8, 0x00, 0x00, 0x00, 0x08,
    0xff, 0x80, 0x00, 0x00, 0x00, 0x8f, 0xcb, 0x00, 0x00, 0x00, 0x0b, 0xc8, 0xf2, 0x00, 0x00, 0x02,
    0xf8, 0x2f, 0xb1, 0x00, 0x01, 0xbf, 0x20, 0x6f, 0xd7, 0x47, 0xdf, 0x60, 0x00, 0x4c, 0xff, 0xfc,
    0x40, 0x00, 0x00, 0x01, 0x41, 0x00, 0x00, 0x00, 0x4d, 0x00, 0xa7, 0x00, 0x00, 0x0c, 0xcc, 0xe1,
    0x00, 0x00, 0x00, 0x66, 0x10, 0x00, 0x00, 0x02, 0x56, 0x30, 0x00, 0x00, 0x8f, 0xff, 0xf9, 0x00,
    0x06, 0xf8, 0x00, 0x7f, 0x80, 0x0d, 0xb0, 0x00, 0x08, 0xf1, 0x0f, 0x80, 0x00, 0x04, 0xf4, 0x3f,
    0x80, 0x00, 0x04, 0xf4, 0x0f, 0x80, 0x00, 0x05, 0xf4, 0x0c, 0xd0, 0x00, 0x0a, 0xe0, 0x04, 0xfa,
    0x44, 0x8f, 0x70, 0x00, 0x5d, 0xff, 0xe8, 0x00, 0x00, 0x00, 0x34, 0x00, 0x00, 0x00, 0x00, 0x00,
    0x00, 0x00, 0x00, 0x00, 0x6f, 0x45, 0xf4, 0x00, 0x00, 0x0b, 0x90, 0xd8, 0x00, 0x00, 0x00, 0x81,
    0x37, 0x00, 0x00, 0x00, 0x02, 0x78, 0x73, 0x00, 0x00, 0x18, 0xff, 0xff, 0xf9, 0x10, 0x0a, 0xf8,
    0x10, 0x18, 0xfa, 0x04, 0xf7, 0x00, 0x00, 0x07, 0xf4, 0xae, 0x00, 0x00, 0x00, 0x0e, 0xae, 0xa0,
    0x00, 0x00, 0x00, 0xae, 0xf8, 0x00, 0x00, 0x00, 0x08, 0xff, 0x80, 0x00, 0x00, 0x00, 0x8f, 0xcb,
    0x00, 0x00, 0x00, 0x0b, 0xc8, 0xf2, 0x00, 0x00, 0x02, 0xf8, 0x2f, 0xb1, 0x00, 0x01, 0xbf, 0x20,
    0x6f, 0xd7, 0x47, 0xdf, 0x60, 0x00, 0x4c, 0xff, 0xfc, 0x40, 0x00, 0x00, 0x01, 0x41, 0x00, 0x00,
    0x00, 0x0b, 0xc0, 0xac, 0x10, 0x00, 0x2f, 0x44, 0xe3, 0x00, 0x00, 0x47, 0x05, 0x50, 0x00, 0x00,
    0x02, 0x56, 0x30, 0x00, 0x00, 0x8f, 0xff, 0xf9, 0x00, 0x06, 0xf8, 0x00, 0x7f, 0x80, 0x0d, 0xb0,
    0x00, 0x08, 0xf1, 0x0f, 0x80, 0x00, 0x04, 0xf4, 0x3f, 0x80, 0x00, 0x04, 0xf4, 0x0f, 0x80, 0x00,
    0x05, 0xf4, 0x0c, 0xd0, 0x00, 0x0a, 0xe0, 0x04, 0xfa, 0x44, 0x8f, 0x70, 0x00, 0x5d, 0xff, 0xe8,
    0x00, 0x00, 0x00, 0x34, 0x00, 0x00, 0x00, 0x01, 0x44, 0x44, 0x44, 0x44, 0x44, 0x40, 0x08, 0xef,
    0xff, 0xff, 0xff, 0xff, 0xff, 0x08, 0xf9, 0x30, 0x0b, 0xf0, 0x00, 0x00, 0x04, 0xf8, 0x00, 0x00,
    0xbf, 0x00, 0x00, 0x00, 0x9e, 0x10, 0x00, 0x0b, 0xf0, 0x00, 0x00, 0x0d, 0xa0, 0x00, 0x00, 0xbf,
    0x00, 0x00, 0x00, 0xf8, 0x00, 0x00, 0x0b, 0xff, 0xff, 0xff, 0x8f, 0x80, 0x00, 0x00, 0xbf, 0x88,
    0x88, 0x84, 0xcb, 0x00, 0x00, 0x0b, 0xf0, 0x00, 0x00, 0x08, 0xf2, 0x00, 0x00, 0xbf, 0x00, 0x00,
    0x00, 0x1e, 0xc1, 0x00, 0x0b, 0xf0, 0x00, 0x00, 0x00, 0x3e, 0xe8, 0x88, 0xdf, 0x88, 0x88, 0x88,
    0x00, 0x29, 0xef, 0xff, 0xff, 0xff, 0xff, 0xf0, 0x00, 0x02, 0x56, 0x30, 0x00, 0x25, 0x63, 0x00,
    0x00, 0x08, 0xff, 0xff, 0x90, 0x6f, 0xff, 0xf9, 0x00, 0x06, 0xf8, 0x00, 0x7f, 0xbf, 0x80, 0x06,
    0xf8, 0x00, 0xdb, 0x00, 0x00, 0x8f, 0xb0, 0x00, 0x09, 0xe0, 0x0f, 0x80, 0x00, 0x04, 0xfb, 0x88,
    0x88, 0xbf, 0x23, 0xf8, 0x00, 0x00, 0x4f, 0xdb, 0xbb, 0xbb, 0xb3, 0x0f, 0x80, 0x00, 0x05, 0xf8,
    0x00, 0x00, 0x00, 0x00, 0xcd, 0x00, 0x00, 0xaf, 0xd0, 0x00, 0x05, 0x50, 0x04, 0xfa, 0x44, 0x8f,
    0x8f, 0xa4, 0x46, 0xeb, 0x00, 0x05, 0xdf, 0xfe, 0x80, 0x4d, 0xff, 0xf9, 0x10, 0x00, 0x00, 0x34,
    0x00, 0x00, 0x02, 0x41, 0x00, 0x00, 0x00, 0x00, 0x00, 0x00, 0x00, 0x00, 0x00, 0x6f, 0x40, 0x00,
    0x00, 0x00, 0xc8, 0x00, 0x00, 0x00, 0x01, 0x81, 0x00, 0x00, 0x24, 0x44, 0x44, 0x20, 0x00, 0x8f,
    0xff, 0xff, 0xf8, 0x00, 0x8f, 0x00, 0x01, 0x8f, 0x80, 0x8f, 0x00, 0x00, 0x0c, 0xc0, 0x8f, 0x00,
    0x00, 0x0b, 0xf0, 0x8f, 0x00, 0x00, 0x0c, 0xc0, 0x8f, 0x44, 0x44, 0xaf, 0x60, 0x8f, 0xff, 0xff,
    0xe8, 0x00, 0x8f, 0x44, 0x4c, 0xe1, 0x00, 0x8f, 0x00, 0x04, 0xf8, 0x00, 0x8f, 0x00, 0x00, 0xbe,
    0x20, 0x8f, 0x00, 0x00, 0x4f, 0x90, 0x8f, 0x00, 0x00, 0x09, 0xf2, 0x00, 0x2f, 0x70, 0x00, 0x9b,
    0x00, 0x00, 0x82, 0x00, 0x33, 0x05, 0x80, 0xbb, 0xbf, 0xf0, 0xbf, 0x92, 0x00, 0xbe, 0x00, 0x00,
    0xbb, 0x00, 0x00, 0xbb, 0x00, 0x00, 0xbb, 0x00, 0x00, 0xbb, 0x00, 0x00, 0xbb, 0x00, 0x00, 0xbb,
    0x00, 0x00, 0x24, 0x44, 0x44, 0x20, 0x00, 0x8f, 0xff, 0xff, 0xf8, 0x00, 0x8f, 0x00, 0x01, 0x8f,
    0x80, 0x8f, 0x00, 0x00, 0x0c, 0xc0, 0x8f, 0x00, 0x00, 0x0b, 0xf0, 0x8f, 0x00, 0x00, 0x0c, 0xc0,
    0x8f, 0x44, 0x44, 0xaf, 0x60, 0x8f, 0xff, 0xff, 0xe8, 0x00, 0x8f, 0x44, 0x4c, 0xe1, 0x00, 0x8f,
    0x00, 0x04, 0xf8, 0x00, 0x8f, 0x00, 0x00, 0xbe, 0x20, 0x8f, 0x00, 0x00, 0x4f, 0x90, 0x8f, 0x00,
    0x00, 0x09, 0xf2, 0x00, 0x00, 0x00, 0x00, 0x00, 0x00, 0x04, 0xf3, 0x00, 0x00, 0x00, 0x08, 0xd0,
    0x00, 0x00, 0x00, 0x0a, 0x80, 0x00, 0x00, 0x00, 0x00, 0x00, 0x00, 0x00, 0x03, 0x30, 0x58, 0x00,
    0xbb, 0xbf, 0xf0, 0x0b, 0xf9, 0x20, 0x00, 0xbe, 0x00, 0x00, 0x0b, 0xb0, 0x00, 0x00, 0xbb, 0x00,
    0x00, 0x0b, 0xb0, 0x00, 0x00, 0xbb, 0x00, 0x00, 0x0b, 0xb0, 0x00, 0x00, 0xbb, 0x00, 0x00, 0x00,
    0x00, 0x00, 0x00, 0xc9, 0x00, 0x00, 0x1f, 0x50, 0x00, 0x04, 0xe0, 0x00, 0x00, 0x00, 0x00, 0x00,
    0x00, 0x00, 0x00, 0x00, 0x00, 0x00, 0x01, 0xc9, 0x1c, 0x90, 0x00, 0x00, 0x1e, 0xcc, 0x00, 0x00,
    0x00, 0x02, 0x41, 0x00, 0x00, 0x24, 0x44, 0x44, 0x20, 0x00, 0x8f, 0xff, 0xff, 0xf8, 0x00, 0x8f,
    0x00, 0x01, 0x8f, 0x80, 0x8f, 0x00, 0x00, 0x0c, 0xc0, 0x8f, 0x00, 0x00, 0x0b, 0xf0, 0x8f, 0x00,
    0x00, 0x0c, 0xc0, 0x8f, 0x44, 0x44, 0xaf, 0x60, 0x8f, 0xff, 0xff, 0xe8, 0x00, 0x8f, 0x44, 0x4c,
    0xe1, 0x00, 0x8f, 0x00, 0x04, 0xf8, 0x00, 0x8f, 0x00, 0x00, 0xbe, 0x20, 0x8f, 0x00, 0x00, 0x4f,
    0x90, 0x8f, 0x00, 0x00, 0x09, 0xf2, 0x0c, 0xa0, 0x9c, 0x10, 0x1c, 0xce, 0x10, 0x00, 0x14, 0x20,
    0x00, 0x33, 0x05, 0x80, 0x0b, 0xbb, 0xff, 0x00, 0xbf, 0x92, 0x00, 0x0b, 0xe0, 0x00, 0x00, 0xbb,
    0x00, 0x00, 0x0b, 0xb0, 0x00, 0x00, 0xbb, 0x00, 0x00, 0x0b, 0xb0, 0x00, 0x00, 0xbb, 0x00, 0x00,
    0x0b, 0xb0, 0x00, 0x00, 0x00, 0x00, 0x00, 0x00, 0x00, 0x00, 0x00, 0x04, 0xf4, 0x00, 0x00, 0x00,
    0x0b, 0x80, 0x00, 0x00, 0x00, 0x18, 0x10, 0x00, 0x00, 0x02, 0x78, 0x83, 0x00, 0x00, 0x8f, 0xfd,
    0xff, 0x90, 0x06, 0xf8, 0x00, 0x07, 0xf7, 0x0a, 0xd0, 0x00, 0x00, 0x98, 0x09, 0xe1, 0x00, 0x00,
    0x00, 0x04, 0xfd, 0x61, 0x00, 0x00, 0x00, 0x4d, 0xff, 0xc7, 0x10, 0x00, 0x00, 0x37, 0xcf, 0xd3,
    0x00, 0x00, 0x00, 0x03, 0xea, 0x04, 0x20, 0x00, 0x00, 0x8f, 0x0e, 0xc0, 0x00, 0x00, 0xdc, 0x07,
    0xfb, 0x54, 0x5b, 0xf5, 0x00, 0x7e, 0xff, 0xfd, 0x50, 0x00, 0x00, 0x34, 0x20, 0x00, 0x00, 0x00,
    0x2f, 0x80, 0x00, 0x00, 0x09, 0xc0, 0x00, 0x00, 0x00, 0x83, 0x00, 0x00, 0x00, 0x47, 0x41, 0x00,
    0x02, 0xcf, 0xef, 0xe3, 0x00, 0xad, 0x20, 0x1c, 0xc0, 0x0b, 0xc0, 0x00, 0x10, 0x00, 0x8f, 0xb6,
    0x30, 0x00, 0x00, 0x6c, 0xff, 0xd3, 0x00, 0x00, 0x01, 0x5c, 0xe0, 0x06, 0x40, 0x00, 0x8f, 0x10,
    0xdd, 0x52, 0x5e, 0xd0, 0x03, 0xbf, 0xff, 0xb3, 0x00, 0x00, 0x24, 0x20, 0x00, 0x00, 0x00, 0x00,
    0x00, 0x00, 0x00, 0x00, 0xaf, 0x90, 0x00, 0x00, 0x09, 0xc2, 0xe8, 0x00, 0x00, 0x14, 0x10, 0x24,
    0x00, 0x00, 0x02, 0x78, 0x83, 0x00, 0x00, 0x8f, 0xfd, 0xff, 0x90, 0x06, 0xf8, 0x00, 0x07, 0xf7,
    0x0a, 0xd0, 0x00, 0x00, 0x98, 0x09, 0xe1, 0x00, 0x00, 0x00, 0x04, 0xfd, 0x61, 0x00, 0x00, 0x00,
    0x4d, 0xff, 0xc7, 0x10, 0x00, 0x00, 0x37, 0xcf, 0xd3, 0x00, 0x00, 0x00, 0x03, 0xea, 0x04, 0x20,
    0x00, 0x00, 0x8f, 0x0e, 0xc0, 0x00, 0x00, 0xdc, 0x07, 0xfb, 0x54, 0x5b, 0xf5, 0x00, 0x7e, 0xff,
    0xfd, 0x50, 0x00, 0x00, 0x34, 0x20, 0x00, 0x00, 0x08, 0xf9, 0x00, 0x00, 0x06, 0xe4, 0xc9, 0x00,
    0x00, 0x42, 0x02, 0x40, 0x00, 0x00, 0x47, 0x41, 0x00, 0x02, 0xcf, 0xef, 0xe3, 0x00, 0xad, 0x20,
    0x1c, 0xc0, 0x0b, 0xc0, 0x00, 0x10, 0x00, 0x8f, 0xb6, 0x30, 0x00, 0x00, 0x6c, 0xff, 0xd3, 0x00,
    0x00, 0x01, 0x5c, 0xe0, 0x06, 0x40, 0x00, 0x8f, 0x10, 0xdd, 0x52, 0x5e, 0xd0, 0x03, 0xbf, 0xff,
    0xb3, 0x00, 0x00, 0x24, 0x20, 0x00, 0x00, 0x02, 0x78, 0x83, 0x00, 0x00, 0x8f, 0xfd, 0xff, 0x90,
    0x06, 0xf8, 0x00, 0x07, 0xf7, 0x0a, 0xd0, 0x00, 0x00, 0x98, 0x09, 0xe1, 0x00, 0x00, 0x00, 0x04,
    0xfd, 0x61, 0x00, 0x00, 0x00, 0x4d, 0xff, 0xc7, 0x10, 0x00, 0x00, 0x37, 0xcf, 0xd3, 0x00, 0x00,
    0x00, 0x03, 0xea, 0x04, 0x20, 0x00, 0x00, 0x8f, 0x0e, 0xc0, 0x00, 0x00, 0xdc, 0x07, 0xfb, 0x54,
    0x5b, 0xf5, 0x00, 0x7e, 0xff, 0xfd, 0x50, 0x00, 0x00, 0x3f, 0x50, 0x00, 0x00, 0x00, 0x18, 0xd6,
    0x00, 0x00, 0x00, 0x48, 0xd6, 0x00, 0x00, 0x00, 0x48, 0x60, 0x00, 0x00, 0x04, 0x74, 0x10, 0x00,
    0x2c, 0xfe, 0xfe, 0x30, 0x0a, 0xd2, 0x01, 0xcc, 0x00, 0xbc, 0x00, 0x01, 0x00, 0x08, 0xfb, 0x63,
    0x00, 0x00, 0x06, 0xcf, 0xfd, 0x30, 0x00, 0x00, 0x15, 0xce, 0x00, 0x64, 0x00, 0x08, 0xf1, 0x0d,
    0xd5, 0x25, 0xed, 0x00, 0x3b, 0xff, 0xfb, 0x30, 0x00, 0x02, 0xf5, 0x00, 0x00, 0x00, 0x08, 0xc7,
    0x00, 0x00, 0x02, 0x8c, 0x70, 0x00, 0x00, 0x28, 0x60, 0x00, 0x00, 0x00, 0x00, 0x00, 0x00, 0x00,
    0x1c, 0x90, 0xca, 0x00, 0x00, 0x01, 0xcd, 0xc1, 0x00, 0x00, 0x00, 0x24, 0x10, 0x00, 0x00, 0x02,
    0x78, 0x83, 0x00, 0x00, 0x8f, 0xfd, 0xff, 0x90, 0x06, 0xf8, 0x00, 0x07, 0xf7, 0x0a, 0xd0, 0x00,
    0x00, 0x98, 0x09, 0xe1, 0x00, 0x00, 0x00, 0x04, 0xfd, 0x61, 0x00, 0x00, 0x00, 0x4d, 0xff, 0xc7,
    0x10, 0x00, 0x00, 0x37, 0xcf, 0xd3, 0x00, 0x00, 0x00, 0x03, 0xea, 0x04, 0x20, 0x00, 0x00, 0x8f,
    0x0e, 0xc0, 0x00, 0x00, 0xdc, 0x07, 0xfb, 0x54, 0x5b, 0xf5, 0x00, 0x7e, 0xff, 0xfd, 0x50, 0x00,
    0x00, 0x34, 0x20, 0x00, 0x00, 0xbb, 0x09, 0xc1, 0x00, 0x01, 0xcb, 0xe3, 0x00, 0x00, 0x01, 0x42,
    0x00, 0x00, 0x00, 0x47, 0x41, 0x00, 0x02, 0xcf, 0xef, 0xe3, 0x00, 0xad, 0x20, 0x1c, 0xc0, 0x0b,
    0xc0, 0x00, 0x10, 0x00, 0x8f, 0xb6, 0x30, 0x00, 0x00, 0x6c, 0xff, 0xd3, 0x00, 0x00, 0x01, 0x5c,
    0xe0, 0x06, 0x40, 0x00, 0x8f, 0x10, 0xdd, 0x52, 0x5e, 0xd0, 0x03, 0xbf, 0xff, 0xb3, 0x00, 0x00,
    0x24, 0x20, 0x00, 0x14, 0x44, 0x44, 0x44, 0x44, 0x14, 0xff, 0xff, 0xff, 0xff, 0xf4, 0x00, 0x00,
    0x4f, 0x40, 0x00, 0x00, 0x00, 0x04, 0xf4, 0x00, 0x00, 0x00, 0x00, 0x4f, 0x40, 0x00, 0x00, 0x00,
    0x04, 0xf4, 0x00, 0x00, 0x00, 0x00, 0x4f, 0x40, 0x00, 0x00, 0x00, 0x04, 0xf4, 0x00, 0x00, 0x00,
    0x00, 0x4f, 0x40, 0x00, 0x00, 0x00, 0x04, 0xf4, 0x00, 0x00, 0x00, 0x00, 0x4f, 0x40, 0x00, 0x00,
    0x00, 0x04, 0xf4, 0x00, 0x00, 0x00, 0x00, 0x4f, 0x40, 0x00, 0x00, 0x00, 0x00, 0xf3, 0x00, 0x00,
    0x00, 0x00, 0x08, 0xd6, 0x00, 0x00, 0x00, 0x04, 0x8d, 0x70, 0x00, 0x00, 0x00, 0x48, 0x60, 0x00,
    0x00, 0x04, 0x80, 0x00, 0x08, 0xf0, 0x00, 0x39, 0xf4, 0x40, 0xbf, 0xff, 0xf0, 0x08, 0xf0, 0x00,
    0x08, 0xf0, 0x00, 0x08, 0xf0, 0x00, 0x08, 0xf0, 0x00, 0x08, 0xf0, 0x00, 0x08, 0xf0, 0x00, 0x05,
    0xf7, 0x40, 0x00, 0x9f, 0xf2, 0x00, 0x0e, 0x30, 0x00, 0x08, 0xc7, 0x00, 0x28, 0xc7, 0x00, 0x28,
    0x60, 0x00, 0x00, 0x00, 0x00, 0x00, 0x00, 0x00, 0xcb, 0x0b, 0xc0, 0x00, 0x00, 0x01, 0xcd, 0xc1,
    0x00, 0x00, 0x00, 0x01, 0x41, 0x00, 0x00, 0x14, 0x44, 0x44, 0x44, 0x44, 0x14, 0xff, 0xff, 0xff,
    0xff, 0xf4, 0x00, 0x00, 0x4f, 0x40, 0x00, 0x00, 0x00, 0x04, 0xf4, 0x00, 0x00, 0x00, 0x00, 0x4f,
    0x40, 0x00, 0x00, 0x00, 0x04, 0xf4, 0x00, 0x00, 0x00, 0x00, 0x4f, 0x40, 0x00, 0x00, 0x00, 0x04,
    0xf4, 0x00, 0x00, 0x00, 0x00, 0x4f, 0x40, 0x00, 0x00, 0x00, 0x04, 0xf4, 0x00, 0x00, 0x00, 0x00,
    0x4f, 0x40, 0x00, 0x00, 0x00, 0x04, 0xf4, 0x00, 0x00, 0x00, 0x00, 0x4f, 0x40, 0x00, 0x00, 0x00,
    0x00, 0x84, 0x00, 0x00, 0xf6, 0x04, 0x80, 0xf4, 0x08, 0xf0, 0x81, 0x39, 0xf4, 0x40, 0xbf, 0xff,
    0xf0, 0x08, 0xf0, 0x00, 0x08, 0xf0, 0x00, 0x08, 0xf0, 0x00, 0x08, 0xf0, 0x00, 0x08, 0xf0, 0x00,
    0x08, 0xf0, 0x00, 0x05, 0xf7, 0x40, 0x00, 0x9f, 0xf2, 0x00, 0x00, 0x00, 0x14, 0x44, 0x44, 0x44,
    0x44, 0x14, 0xff, 0xff, 0xff, 0xff, 0xf4, 0x00, 0x00, 0x4f, 0x40, 0x00, 0x00, 0x00, 0x04, 0xf4,
    0x00, 0x00, 0x00, 0x00, 0x4f, 0x40, 0x00, 0x00, 0x00, 0x04, 0xf4, 0x00, 0x00, 0x00, 0xff, 0xff,
    0xff, 0xb0, 0x00, 0x04, 0x47, 0xf7, 0x43, 0x00, 0x00, 0x00, 0x4f, 0x40, 0x00, 0x00, 0x00, 0x04,
    0xf4, 0x00, 0x00, 0x00, 0x00, 0x4f, 0x40, 0x00, 0x00, 0x00, 0x04, 0xf4, 0x00, 0x00, 0x00, 0x00,
    0x4f, 0x40, 0x00, 0x00, 0x04, 0x80, 0x00, 0x08, 0xf0, 0x00, 0x39, 0xf4, 0x40, 0xbf, 0xff, 0xf0,
    0x08, 0xf0, 0x00, 0x39, 0xf4, 0x40, 0xbf, 0xff, 0xf0, 0x08, 0xf0, 0x00, 0x08, 0xf0, 0x00, 0x08,
    0xf0, 0x00, 0x05, 0xf7, 0x40, 0x00, 0x9f, 0xf2, 0x00, 0x00, 0x00, 0x00, 0x07, 0xb6, 0x48, 0x00,
    0x00, 0x00, 0xf6, 0xbf, 0x50, 0x00, 0x00, 0x00, 0x00, 0x00, 0x00, 0x02, 0x40, 0x00, 0x00, 0x02,
    0x41, 0x8f, 0x00, 0x00, 0x00, 0x8f, 0x48, 0xf0, 0x00, 0x00, 0x08, 0xf4, 0x8f, 0x00, 0x00, 0x00,
    0x8f, 0x48, 0xf0, 0x00, 0x00, 0x08, 0xf4, 0x8f, 0x00, 0x00, 0x00, 0x8f, 0x48, 0xf0, 0x00, 0x00,
    0x08, 0xf4, 0x8f, 0x00, 0x00, 0x00, 0x8f, 0x48, 0xf0, 0x00, 0x00, 0x08, 0xf4, 0x8f, 0x30, 0x00,
    0x00, 0x8f, 0x13, 0xfa, 0x00, 0x00, 0x1e, 0xd0, 0x08, 0xfb, 0x54, 0x7d, 0xf4, 0x00, 0x08, 0xef,
    0xff, 0xc4, 0x00, 0x00, 0x00, 0x34, 0x10, 0x00, 0x00, 0x00, 0x88, 0x28, 0x60, 0x05, 0xd8, 0xee,
    0x20, 0x00, 0x00, 0x00, 0x00, 0x33, 0x00, 0x00, 0x33, 0xbb, 0x00, 0x00, 0xbb, 0xbb, 0x00, 0x00,
    0xbb, 0xbb, 0x00, 0x00, 0xbb, 0xbb, 0x00, 0x00, 0xbb, 0xbb, 0x00, 0x00, 0xbb, 0xbb, 0x00, 0x00,
    0xbb, 0x9e, 0x10, 0x01, 0xeb, 0x5f, 0xa4, 0x5c, 0xdb, 0x08, 0xef, 0xe6, 0xbb, 0x00, 0x00, 0x00,
    0x00, 0x00, 0x08, 0x88, 0x86, 0x00, 0x00, 0x00, 0xbb, 0xbb, 0x80, 0x00, 0x00, 0x00, 0x00, 0x00,
    0x00, 0x02, 0x40, 0x00, 0x00, 0x02, 0x41, 0x8f, 0x00, 0x00, 0x00, 0x8f, 0x48, 0xf0, 0x00, 0x00,
    0x08, 0xf4, 0x8f, 0x00, 0x00, 0x00, 0x8f, 0x48, 0xf0, 0x00, 0x00, 0x08, 0xf4, 0x8f, 0x00, 0x00,
    0x00, 0x8f, 0x48, 0xf0, 0x00, 0x00, 0x08, 0xf4, 0x8f, 0x00, 0x00, 0x00, 0x8f, 0x48, 0xf0, 0x00,
    0x00, 0x08, 0xf4, 0x8f, 0x30, 0x00, 0x00, 0x8f, 0x13, 0xfa, 0x00, 0x00, 0x1e, 0xd0, 0x08, 0xfb,
    0x54, 0x7d, 0xf4, 0x00, 0x08, 0xef, 0xff, 0xc4, 0x00, 0x00, 0x00, 0x34, 0x10, 0x00, 0x00, 0x02,
    0x88, 0x88, 0x20, 0x03, 0xbb, 0xbb, 0x30, 0x00, 0x00, 0x00, 0x00, 0x33, 0x00, 0x00, 0x33, 0xbb,
    0x00, 0x00, 0xbb, 0xbb, 0x00, 0x00, 0xbb, 0xbb, 0x00, 0x00, 0xbb, 0xbb, 0x00, 0x00, 0xbb, 0xbb,
    0x00, 0x00, 0xbb, 0xbb, 0x00, 0x00, 0xbb, 0x9e, 0x10, 0x01, 0xeb, 0x5f, 0xa4, 0x5c, 0xdb, 0x08,
    0xef, 0xe6, 0xbb, 0x00, 0x00, 0x00, 0x00, 0x00, 0x00, 0x00, 0x00, 0x00, 0x00, 0x00, 0xf2, 0x08,
    0xa0, 0x00, 0x00, 0x07, 0xeb, 0xe3, 0x00, 0x00, 0x00, 0x03, 0x41, 0x00, 0x00, 0x24, 0x00, 0x00,
    0x00, 0x24, 0x18, 0xf0, 0x00, 0x00, 0x08, 0xf4, 0x8f, 0x00, 0x00, 0x00, 0x8f, 0x48, 0xf0, 0x00,
    0x00, 0x08, 0xf4, 0x8f, 0x00, 0x00, 0x00, 0x8f, 0x48, 0xf0, 0x00, 0x00, 0x08, 0xf4, 0x8f, 0x00,
    0x00, 0x00, 0x8f, 0x48, 0xf0, 0x00, 0x00, 0x08, 0xf4, 0x8f, 0x00, 0x00, 0x00, 0x8f, 0x48, 0xf3,
    0x00, 0x00, 0x08, 0xf1, 0x3f, 0xa0, 0x00, 0x01, 0xed, 0x00, 0x8f, 0xb5, 0x47, 0xdf, 0x40, 0x00,
    0x8e, 0xff, 0xfc, 0x40, 0x00, 0x00, 0x03, 0x41, 0x00, 0x00, 0x05, 0xc0, 0x0c, 0x60, 0x01, 0xcc,
    0xcc, 0x10, 0x00, 0x16, 0x61, 0x00, 0x33, 0x00, 0x00, 0x33, 0xbb, 0x00, 0x00, 0xbb, 0xbb, 0x00,
    0x00, 0xbb, 0xbb, 0x00, 0x00, 0xbb, 0xbb, 0x00, 0x00, 0xbb, 0xbb, 0x00, 0x00, 0xbb, 0xbb, 0x00,
    0x00, 0xbb, 0x9e, 0x10, 0x01, 0xeb, 0x5f, 0xa4, 0x5c, 0xdb, 0x08, 0xef, 0xe6, 0xbb, 0x00, 0x00,
    0x00, 0x00, 0x00, 0x03, 0xbf, 0x80, 0x00, 0x00, 0x00, 0xa8, 0x2d, 0x60, 0x00, 0x00, 0x0b, 0x60,
    0xc7, 0x00, 0x00, 0x00, 0x5e, 0xdc, 0x10, 0x00, 0x24, 0x00, 0x14, 0x00, 0x24, 0x18, 0xf0, 0x00,
    0x00, 0x08, 0xf4, 0x8f, 0x00, 0x00, 0x00, 0x8f, 0x48, 0xf0, 0x00, 0x00, 0x08, 0xf4, 0x8f, 0x00,
    0x00, 0x00, 0x8f, 0x48, 0xf0, 0x00, 0x00, 0x08, 0xf4, 0x8f, 0x00, 0x00, 0x00, 0x8f, 0x48, 0xf0,
    0x00, 0x00, 0x08, 0xf4, 0x8f, 0x00, 0x00, 0x00, 0x8f, 0x48, 0xf3, 0x00, 0x00, 0x08, 0xf1, 0x3f,
    0xa0, 0x00, 0x01, 0xed, 0x00, 0x8f, 0xb5, 0x47, 0xdf, 0x40, 0x00, 0x8e, 0xff, 0xfc, 0x40, 0x00,
    0x00, 0x03, 0x41, 0x00, 0x00, 0x00, 0x00, 0x00, 0x00, 0x00, 0x6e, 0xf6, 0x00, 0x01, 0xf3, 0x3f,
    0x20, 0x02, 0xf3, 0x1f, 0x20, 0x00, 0x8f, 0xf8, 0x00, 0x33, 0x01, 0x10, 0x33, 0xbb, 0x00, 0x00,
    0xbb, 0xbb, 0x00, 0x00, 0xbb, 0xbb, 0x00, 0x00, 0xbb, 0xbb, 0x00, 0x00, 0xbb, 0xbb, 0x00, 0x00,
    0xbb, 0xbb, 0x00, 0x00, 0xbb, 0x9e, 0x10, 0x01, 0xeb, 0x5f, 0xa4, 0x5c, 0xdb, 0x08, 0xef, 0xe6,
    0xbb, 0x00, 0x00, 0x00, 0x00, 0x00, 0x00, 0x00, 0x00, 0x00, 0x00, 0x00, 0x8e, 0x18, 0xe2, 0x00,
    0x00, 0x0e, 0x72, 0xe5, 0x00, 0x00, 0x02, 0x80, 0x46, 0x00, 0x00, 0x24, 0x00, 0x00, 0x00, 0x24,
    0x18, 0xf0, 0x00, 0x00, 0x08, 0xf4, 0x8f, 0x00, 0x00, 0x00, 0x8f, 0x48, 0xf0, 0x00, 0x00, 0x08,
    0xf4, 0x8f, 0x00, 0x00, 0x00, 0x8f, 0x48, 0xf0, 0x00, 0x00, 0x08, 0xf4, 0x8f, 0x00, 0x00, 0x00,
    0x8f, 0x48, 0xf0, 0x00, 0x00, 0x08, 0xf4, 0x8f, 0x00, 0x00, 0x00, 0x8f, 0x48, 0xf3, 0x00, 0x00,
    0x08, 0xf1, 0x3f, 0xa0, 0x00, 0x01, 0xed, 0x00, 0x8f, 0xb5, 0x47, 0xdf, 0x40, 0x00, 0x8e, 0xff,
    0xfc, 0x40, 0x00, 0x00, 0x03, 0x41, 0x00, 0x00, 0x00, 0xcb, 0x0b, 0xc0, 0x03, 0xf3, 0x5e, 0x20,
    0x04, 0x60, 0x64, 0x00, 0x33, 0x00, 0x00, 0x33, 0xbb, 0x00, 0x00, 0xbb, 0xbb, 0x00, 0x00, 0xbb,
    0xbb, 0x00, 0x00, 0xbb, 0xbb, 0x00, 0x00, 0xbb, 0xbb, 0x00, 0x00, 0xbb, 0xbb, 0x00, 0x00, 0xbb,
    0x9e, 0x10, 0x01, 0xeb, 0x5f, 0xa4, 0x5c, 0xdb, 0x08, 0xef, 0xe6, 0xbb, 0x00, 0x00, 0x00, 0x00,
    0x24, 0x00, 0x00, 0x00, 0x24, 0x18, 0xf0, 0x00, 0x00, 0x08, 0xf4, 0x8f, 0x00, 0x00, 0x00, 0x8f,
    0x48, 0xf0, 0x00, 0x00, 0x08, 0xf4, 0x8f, 0x00, 0x00, 0x00, 0x8f, 0x48, 0xf0, 0x00, 0x00, 0x08,
    0xf4, 0x8f, 0x00, 0x00, 0x00, 0x8f, 0x48, 0xf0, 0x00, 0x00, 0x08, 0xf4, 0x8f, 0x00, 0x00, 0x00,
    0x8f, 0x48, 0xf3, 0x00, 0x00, 0x08, 0xf2, 0x3f, 0xa0, 0x00, 0x01, 0xed, 0x00, 0x8f, 0xb5, 0x47,
    0xdf, 0x40, 0x00, 0x8e, 0xff, 0xfd, 0x40, 0x00, 0x00, 0x06, 0xe7, 0x00, 0x00, 0x00, 0x00, 0xe8,
    0x00, 0x00, 0x00, 0x00, 0x0e, 0xdb, 0x10, 0x00, 0x00, 0x00, 0x48, 0x81, 0x00, 0x00, 0x33, 0x00,
    0x00, 0x33, 0x0b, 0xb0, 0x00, 0x0b, 0xb0, 0xbb, 0x00, 0x00, 0xbb, 0x0b, 0xb0, 0x00, 0x0b, 0xb0,
    0xbb, 0x00, 0x00, 0xbb, 0x0b, 0xb0, 0x00, 0x0b, 0xb0, 0xbb, 0x00, 0x00, 0xbb, 0x09, 0xe1, 0x00,
    0x1e, 0xb0, 0x5f, 0xa4, 0x5c, 0xdb, 0x00, 0x8e, 0xfe, 0x6b, 0xb0, 0x00, 0x00, 0x06, 0xe3, 0x00,
    0x00, 0x01, 0xf6, 0x00, 0x00, 0x00, 0x1f, 0xdb, 0x10, 0x00, 0x00, 0x48, 0x81, 0x00, 0x00, 0x00,
    0x00, 0x00, 0x00, 0x00, 0x00, 0x00, 0x00, 0x00, 0x01, 0xce, 0x80, 0x00, 0x00, 0x00, 0x00, 0x00,
    0x00, 0x9c, 0x3e, 0x60, 0x00, 0x00, 0x00, 0x00, 0x00, 0x14, 0x10, 0x24, 0x00, 0x00, 0x00, 0x24,
    0x00, 0x00, 0x02, 0x41, 0x00, 0x00, 0x14, 0x15, 0xf4, 0x00, 0x00, 0xbf, 0x80, 0x00, 0x08, 0xf1,
    0x1f, 0x80, 0x00, 0x0f, 0xdb, 0x00, 0x00, 0xcc, 0x00, 0xcc, 0x00, 0x05, 0xf9, 0xf0, 0x00, 0x1f,
    0x80, 0x08, 0xf1, 0x00, 0x8e, 0x3f, 0x50, 0x05, 0xf4, 0x00, 0x4f, 0x50, 0x0c, 0xa0, 0xe8, 0x00,
    0x8f, 0x00, 0x00, 0xe8, 0x01, 0xf6, 0x0a, 0xc0, 0x0c, 0xa0, 0x00, 0x0a, 0xc0, 0x5f, 0x20, 0x6f,
    0x11, 0xf7, 0x00, 0x00, 0x7f, 0x19, 0xd0, 0x02, 0xf5, 0x5f, 0x30, 0x00, 0x02, 0xf5, 0xc8, 0x00,
    0x0d, 0x88, 0xd0, 0x00, 0x00, 0x0d, 0x8f, 0x50, 0x00, 0x8c, 0xb9, 0x00, 0x00, 0x00, 0x9f, 0xf1,
    0x00, 0x05, 0xff, 0x60, 0x00, 0x00, 0x05, 0xfc, 0x00, 0x00, 0x1f, 0xf1, 0x00, 0x00, 0x00, 0x00,
    0x03, 0xee, 0x30, 0x00, 0x00, 0x00, 0x00, 0x2e, 0x78, 0xc1, 0x00, 0x00, 0x00, 0x00, 0x24, 0x00,
    0x42, 0x00, 0x00, 0x14, 0x10, 0x00, 0x33, 0x00, 0x01, 0x41, 0x3f, 0x60, 0x01, 0xff, 0x00, 0x07,
    0xf2, 0x0d, 0xa0, 0x05, 0xef, 0x40, 0x0b, 0xc0, 0x08, 0xe0, 0x08, 0xab, 0x80, 0x1f, 0x70, 0x05,
    0xf3, 0x0d, 0x78, 0xc0, 0x5f, 0x30, 0x00, 0xe8, 0x2f, 0x34, 0xf1, 0x8d, 0x00, 0x00, 0xab, 0x6d,
    0x00, 0xe5, 0xc8, 0x00, 0x00, 0x6f, 0x99, 0x00, 0xa8, 0xf5, 0x00, 0x00, 0x1f, 0xf5, 0x00, 0x6f,
    0xe0, 0x00, 0x00, 0x0b, 0xf1, 0x00, 0x2f, 0xa0, 0x00, 0x00, 0x00, 0x00, 0x00, 0x00, 0x00, 0x00,
    0x00, 0x6f, 0xc1, 0x00, 0x00, 0x00, 0x05, 0xf3, 0x9c, 0x10, 0x00, 0x00, 0x03, 0x30, 0x14, 0x10,
    0x00, 0x24, 0x20, 0x00, 0x00, 0x03, 0x40, 0x1e, 0xb0, 0x00, 0x00, 0x4f, 0x80, 0x07, 0xf7, 0x00,
    0x00, 0xcd, 0x10, 0x00, 0xbe, 0x10, 0x08, 0xf5, 0x00, 0x00, 0x3f, 0x90, 0x2e, 0xa0, 0x00, 0x00,
    0x08, 0xf4, 0x9e, 0x20, 0x00, 0x00, 0x01, 0xdc, 0xf7, 0x00, 0x00, 0x00, 0x00, 0x4f, 0xc0, 0x00,
    0x00, 0x00, 0x00, 0x0f, 0x80, 0x00, 0x00, 0x00, 0x00, 0x0f, 0x80, 0x00, 0x00, 0x00, 0x00, 0x0f,
    0x80, 0x00, 0x00, 0x00, 0x00, 0x0f, 0x80, 0x00, 0x00, 0x00, 0x00, 0x0f, 0x80, 0x00, 0x00, 0x00,
    0x06, 0xfc, 0x10, 0x00, 0x00, 0x3e, 0x5b, 0xb0, 0x00, 0x00, 0x33, 0x01, 0x41, 0x00, 0x24, 0x10,
    0x00, 0x02, 0x40, 0x4f, 0x60, 0x00, 0x0c, 0xc0, 0x0d, 0xa0, 0x00, 0x2f, 0x70, 0x08, 0xf2, 0x00,
    0x8f, 0x10, 0x02, 0xf7, 0x00, 0xd9, 0x00, 0x00, 0xbc, 0x04, 0xf5, 0x00, 0x00, 0x6f, 0x29, 0xd0,
    0x00, 0x00, 0x0e, 0x7e, 0x80, 0x00, 0x00, 0x09, 0xef, 0x20, 0x00, 0x00, 0x03, 0xfb, 0x00, 0x00,
    0x00, 0x02, 0xf6, 0x00, 0x00, 0x00, 0x09, 0xe1, 0x00, 0x00, 0x08, 0xcf, 0x60, 0x00, 0x00, 0x06,
    0x84, 0x00, 0x00, 0x00, 0x00, 0x08, 0x90, 0x3b, 0x40, 0x00, 0x00, 0x0c, 0xd0, 0x5f, 0x60, 0x00,
    0x00, 0x00, 0x00, 0x00, 0x00, 0x00, 0x24, 0x20, 0x00, 0x00, 0x03, 0x40, 0x1e, 0xb0, 0x00, 0x00,
    0x4f, 0x80, 0x07, 0xf7, 0x00, 0x00, 0xcd, 0x10, 0x00, 0xbe, 0x10, 0x08, 0xf5, 0x00, 0x00, 0x3f,
    0x90, 0x2e, 0xa0, 0x00, 0x00, 0x08, 0xf4, 0x9e, 0x20, 0x00, 0x00, 0x01, 0xdc, 0xf7, 0x00, 0x00,
    0x00, 0x00, 0x4f, 0xc0, 0x00, 0x00, 0x00, 0x00, 0x0f, 0x80, 0x00, 0x00, 0x00, 0x00, 0x0f, 0x80,
    0x00, 0x00, 0x00, 0x00, 0x0f, 0x80, 0x00, 0x00, 0x00, 0x00, 0x0f, 0x80, 0x00, 0x00, 0x00, 0x00,
    0x0f, 0x80, 0x00, 0x00, 0x00, 0x00, 0x00, 0x00, 0x00, 0x00, 0x06, 0xf3, 0x00, 0x00, 0x00, 0xd8,
    0x00, 0x00, 0x00, 0x28, 0x00, 0x00, 0x44, 0x44, 0x44, 0x44, 0x2f, 0xff, 0xff, 0xff, 0xf8, 0x00,
    0x00, 0x00, 0x8e, 0x20, 0x00, 0x00, 0x4f, 0x70, 0x00, 0x00, 0x1d, 0xb0, 0x00, 0x00, 0x0a, 0xe2,
    0x00, 0x00, 0x05, 0xf7, 0x00, 0x00, 0x01, 0xeb, 0x00, 0x00, 0x00, 0xae, 0x20, 0x00, 0x00, 0x5f,
    0x70, 0x00, 0x00, 0x1e, 0xb0, 0x00, 0x00, 0x0a, 0xf7, 0x88, 0x88, 0x86, 0xff, 0xff, 0xff, 0xff,
    0xb0, 0x00, 0x02, 0xf8, 0x00, 0x00, 0x09, 0xc0, 0x00, 0x00, 0x07, 0x30, 0x00, 0x34, 0x44, 0x44,
    0x41, 0xbf, 0xff, 0xff, 0xf4, 0x00, 0x00, 0x1e, 0xb0, 0x00, 0x00, 0xbd, 0x10, 0x00, 0x08, 0xf3,
    0x00, 0x00, 0x5f, 0x70, 0x00, 0x03, 0xea, 0x00, 0x00, 0x1c, 0xc1, 0x00, 0x00, 0x9f, 0xa8, 0x88,
    0x82, 0xff, 0xff, 0xff, 0xf4, 0x00, 0x06, 0xb2, 0x00, 0x00, 0x00, 0x8f, 0x40, 0x00, 0x00, 0x00,
    0x00, 0x00, 0x04, 0x44, 0x44, 0x44, 0x42, 0xff, 0xff, 0xff, 0xff, 0x80, 0x00, 0x00, 0x08, 0xe2,
    0x00, 0x00, 0x04, 0xf7, 0x00, 0x00, 0x01, 0xdb, 0x00, 0x00, 0x00, 0xae, 0x20, 0x00, 0x00, 0x5f,
    0x70, 0x00, 0x00, 0x1e, 0xb0, 0x00, 0x00, 0x0a, 0xe2, 0x00, 0x00, 0x05, 0xf7, 0x00, 0x00, 0x01,
    0xeb, 0x00, 0x00, 0x00, 0xaf, 0x78, 0x88, 0x88, 0x6f, 0xff, 0xff, 0xff, 0xfb, 0x00, 0x2b, 0x50,
    0x00, 0x00, 0x6f, 0x90, 0x00, 0x00, 0x03, 0x00, 0x00, 0x34, 0x44, 0x44, 0x41, 0xbf, 0xff, 0xff,
    0xf4, 0x00, 0x00, 0x1e, 0xb0, 0x00, 0x00, 0xbd, 0x10, 0x00, 0x08, 0xf3, 0x00, 0x00, 0x5f, 0x70,
    0x00, 0x03, 0xea, 0x00, 0x00, 0x1c, 0xc1, 0x00, 0x00, 0x9f, 0xa8, 0x88, 0x82, 0xff, 0xff, 0xff,
    0xf4, 0x00, 0x00, 0x00, 0x00, 0x00, 0x1c, 0x91, 0xc9, 0x00, 0x00, 0x3e, 0xca, 0x00, 0x00, 0x00,
    0x24, 0x10, 0x00, 0x44, 0x44, 0x44, 0x44, 0x2f, 0xff, 0xff, 0xff, 0xf8, 0x00, 0x00, 0x00, 0x8e,
    0x20, 0x00, 0x00, 0x4f, 0x70, 0x00, 0x00, 0x1d, 0xb0, 0x00, 0x00, 0x0a, 0xe2, 0x00, 0x00, 0x05,
    0xf7, 0x00, 0x00, 0x01, 0xeb, 0x00, 0x00, 0x00, 0xae, 0x20, 0x00, 0x00, 0x5f, 0x70, 0x00, 0x00,
    0x1e, 0xb0, 0x00, 0x00, 0x0a, 0xf7, 0x88, 0x88, 0x86, 0xff, 0xff, 0xff, 0xff, 0xb0, 0x0b, 0xb0,
    0x8c, 0x10, 0x01, 0xcb, 0xe3, 0x00, 0x00, 0x14, 0x20, 0x00, 0x34, 0x44, 0x44, 0x41, 0xbf, 0xff,
    0xff, 0xf4, 0x00, 0x00, 0x1e, 0xb0, 0x00, 0x00, 0xbd, 0x10, 0x00, 0x08, 0xf3, 0x00, 0x00, 0x5f,
    0x70, 0x00, 0x03, 0xea, 0x00, 0x00, 0x1c, 0xc1, 0x00, 0x00, 0x9f, 0xa8, 0x88, 0x82, 0xff, 0xff,
    0xff, 0xf4, 0x08, 0xee, 0x38, 0xf8, 0x80, 0xbc, 0x00, 0x0b, 0xb0, 0x00, 0xbb, 0x00, 0x0b, 0xb0,
    0x00, 0xbb, 0x00, 0x0b, 0xb0, 0x00, 0xbb, 0x00, 0x0b, 0xb0, 0x00, 0xbb, 0x00, 0x0b, 0xb0, 0x00,
    0xbb, 0x00, 0x00, 0x00, 0x00, 0x14, 0x30, 0x00, 0x00, 0x00, 0x00, 0x6f, 0xf1, 0x00, 0x00, 0x00,
    0x00, 0xb9, 0xf7, 0x00, 0x00, 0x00, 0x02, 0xf6, 0xac, 0x00, 0x00, 0x00, 0x07, 0xf1, 0x6f, 0x30,
    0x00, 0x00, 0x0d, 0xa0, 0x1f, 0x80, 0x00, 0x00, 0x3f, 0x60, 0x0a, 0xd0, 0x00, 0x00, 0x8f, 0x10,
    0x05, 0xf5, 0x00, 0x00, 0xee, 0xbb, 0xbb, 0xf9, 0x00, 0x05, 0xf9, 0x88, 0x88, 0xbe, 0x10, 0x09,
    0xe0, 0x00, 0x00, 0x4f, 0x60, 0x1f, 0x90, 0x00, 0x00, 0x0d, 0xb0, 0x6f, 0x50, 0x00, 0x00, 0x08,
    0xf2, 0x24, 0x44, 0x44, 0x20, 0x00, 0x8f, 0xff, 0xff, 0xf8, 0x00, 0x8f, 0x00, 0x01, 0x8f, 0x60,
    0x8f, 0x00, 0x00, 0x0d, 0xa0, 0x8f, 0x00, 0x00, 0x0d, 0x90, 0x8f, 0x00, 0x01, 0x9f, 0x40, 0x8f,
    0xff, 0xff, 0xe4, 0x00, 0x8f, 0x88, 0x88, 0xbf, 0x60, 0x8f, 0x00, 0x00, 0x0b, 0xe0, 0x8f, 0x00,
    0x00, 0x06, 0xf3, 0x8f, 0x00, 0x00, 0x08, 0xf1, 0x8f, 0x88, 0x88, 0x9f, 0x80, 0x8f, 0xff, 0xff,
    0xd8, 0x00, 0x24, 0x44, 0x44, 0x44, 0x08, 0xff, 0xff, 0xff, 0xf0, 0x8f, 0x00, 0x00, 0x00, 0x08,
    0xf0, 0x00, 0x00, 0x00, 0x8f, 0x00, 0x00, 0x00, 0x08, 0xf0, 0x00, 0x00, 0x00, 0x8f, 0x00, 0x00,
    0x00, 0x08, 0xf0, 0x00, 0x00, 0x00, 0x8f, 0x00, 0x00, 0x00, 0x08, 0xf0, 0x00, 0x00, 0x00, 0x8f,
    0x00, 0x00, 0x00, 0x08, 0xf0, 0x00, 0x00, 0x00, 0x8f, 0x00, 0x00, 0x00, 0x00, 0x00, 0x00, 0x14,
    0x30, 0x00, 0x00, 0x00, 0x00, 0x6f, 0xe0, 0x00, 0x00, 0x00, 0x00, 0xae, 0xf5, 0x00, 0x00, 0x00,
    0x02, 0xf7, 0xda, 0x00, 0x00, 0x00, 0x07, 0xf2, 0x8f, 0x10, 0x00, 0x00, 0x0c, 0xb0, 0x2f, 0x60,
    0x00, 0x00, 0x3f, 0x60, 0x0c, 0xc0, 0x00, 0x00, 0x8f, 0x10, 0x07, 0xf2, 0x00, 0x00, 0xda, 0x00,
    0x02, 0xf8, 0x00, 0x05, 0xf6, 0x00, 0x00, 0xad, 0x00, 0x09, 0xe0, 0x00, 0x00, 0x6f, 0x30, 0x1f,
    0xd8, 0x88, 0x88, 0x8f, 0x90, 0x6f, 0xff, 0xff, 0xff, 0xff, 0xe0, 0x24, 0x44, 0x44, 0x44, 0x08,
    0xff, 0xff, 0xff, 0xf0, 0x8f, 0x00, 0x00, 0x00, 0x08, 0xf0, 0x00, 0x00, 0x00, 0x8f, 0x00, 0x00,
    0x00, 0x08, 0xf0, 0x00, 0x00, 0x00, 0x8f, 0xff, 0xff, 0xf8, 0x08, 0xf8, 0x88, 0x88, 0x40, 0x8f,
    0x00, 0x00, 0x00, 0x08, 0xf0, 0x00, 0x00, 0x00, 0x8f, 0x00, 0x00, 0x00, 0x08, 0xf8, 0x88, 0x88,
    0x80, 0x8f, 0xff, 0xff, 0xff, 0x00, 0x44, 0x44, 0x44, 0x44, 0x2f, 0xff, 0xff, 0xff, 0xf8, 0x00,
    0x00, 0x00, 0x8e, 0x20, 0x00, 0x00, 0x4f, 0x70, 0x00, 0x00, 0x1d, 0xb0, 0x00, 0x00, 0x0a, 0xe2,
    0x00, 0x00, 0x05, 0xf7, 0x00, 0x00, 0x01, 0xeb, 0x00, 0x00, 0x00, 0xae, 0x20, 0x00, 0x00, 0x5f,
    0x70, 0x00, 0x00, 0x1e, 0xb0, 0x00, 0x00, 0x0a, 0xf7, 0x88, 0x88, 0x86, 0xff, 0xff, 0xff, 0xff,
    0xb0, 0x24, 0x00, 0x00, 0x00, 0x24, 0x18, 0xf0, 0x00, 0x00, 0x08, 0xf4, 0x8f, 0x00, 0x00, 0x00,
    0x8f, 0x48, 0xf0, 0x00, 0x00, 0x08, 0xf4, 0x8f, 0x00, 0x00, 0x00, 0x8f, 0x48, 0xf0, 0x00, 0x00,
    0x08, 0xf4, 0x8f, 0xff, 0xff, 0xff, 0xff, 0x48, 0xf4, 0x44, 0x44, 0x49, 0xf4, 0x8f, 0x00, 0x00,
    0x00, 0x8f, 0x48, 0xf0, 0x00, 0x00, 0x08, 0xf4, 0x8f, 0x00, 0x00, 0x00, 0x8f, 0x48, 0xf0, 0x00,
    0x00, 0x08, 0xf4, 0x8f, 0x00, 0x00, 0x00, 0x8f, 0x40, 0x00, 0x02, 0x78, 0x73, 0x00, 0x00, 0x18,
    0xff, 0xff, 0xf9, 0x10, 0x0a, 0xf8, 0x10, 0x18, 0xfa, 0x04, 0xf7, 0x00, 0x00, 0x07, 0xf4, 0xae,
    0x00, 0x00, 0x00, 0x0e, 0xae, 0xa0, 0x00, 0x00, 0x00, 0xae, 0xf8, 0x0b, 0xbb, 0xbb, 0x08, 0xff,
    0x80, 0x88, 0x88, 0x80, 0x8f, 0xcb, 0x00, 0x00, 0x00, 0x0b, 0xc8, 0xf2, 0x00, 0x00, 0x02, 0xf8,
    0x2f, 0xb1, 0x00, 0x01, 0xbf, 0x20, 0x6f, 0xd7, 0x47, 0xdf, 0x60, 0x00, 0x4c, 0xff, 0xfc, 0x40,
    0x00, 0x00, 0x01, 0x41, 0x00, 0x00, 0x24, 0x08, 0xf0, 0x8f, 0x08, 0xf0, 0x8f, 0x08, 0xf0, 0x8f,
    0x08, 0xf0, 0x8f, 0x08, 0xf0, 0x8f, 0x08, 0xf0, 0x8f, 0x00, 0x24, 0x00, 0x00, 0x01, 0x43, 0x8f,
    0x00, 0x00, 0x1c, 0xe3, 0x8f, 0x00, 0x01, 0xce, 0x30, 0x8f, 0x00, 0x1c, 0xf5, 0x00, 0x8f, 0x00,
    0x9f, 0x60, 0x00, 0x8f, 0x09, 0xf6, 0x00, 0x00, 0x8f, 0x7f, 0xf5, 0x00, 0x00, 0x8f, 0xf6, 0xce,
    0x10, 0x00, 0x8f, 0x70, 0x3e, 0xb0, 0x00, 0x8f, 0x00, 0x07, 0xf7, 0x00, 0x8f, 0x00, 0x00, 0xaf,
    0x30, 0x8f, 0x00, 0x00, 0x1e, 0xc1, 0x8f, 0x00, 0x00, 0x04, 0xf8, 0x00, 0x00, 0x14, 0x30, 0x00,
    0x00, 0x00, 0x00, 0x6f, 0xf1, 0x00, 0x00, 0x00, 0x00, 0xb9, 0xf7, 0x00, 0x00, 0x00, 0x02, 0xf6,
    0xac, 0x00, 0x00, 0x00, 0x07, 0xf1, 0x6f, 0x30, 0x00, 0x00, 0x0d, 0xa0, 0x1f, 0x80, 0x00, 0x00,
    0x3f, 0x60, 0x0a, 0xd0, 0x00, 0x00, 0x8f, 0x10, 0x05, 0xf5, 0x00, 0x00, 0xea, 0x00, 0x00, 0xe9,
    0x00, 0x05, 0xf5, 0x00, 0x00, 0x9e, 0x10, 0x09, 0xe0, 0x00, 0x00, 0x4f, 0x60, 0x1f, 0x90, 0x00,
    0x00, 0x0d, 0xb0, 0x6f, 0x50, 0x00, 0x00, 0x08, 0xf2, 0x24, 0x30, 0x00, 0x00, 0x00, 0x24, 0x38,
    0xff, 0x10, 0x00, 0x00, 0x0a, 0xfb, 0x8f, 0xf7, 0x00, 0x00, 0x02, 0xff, 0xb8, 0xfa, 0xd0, 0x00,
    0x00, 0x8e, 0xbb, 0x8f, 0x6f, 0x40, 0x00, 0x0d, 0x9b, 0xb8, 0xf0, 0xe9, 0x00, 0x04, 0xf5, 0xbb,
    0x8f, 0x09, 0xf1, 0x00, 0x9d, 0x0b, 0xb8, 0xf0, 0x3f, 0x60, 0x1f, 0x80, 0xbb, 0x8f, 0x00, 0xcc,
    0x06, 0xf2, 0x0b, 0xb8, 0xf0, 0x06, 0xf2, 0xcb, 0x00, 0xbb, 0x8f, 0x00, 0x1e, 0x8f, 0x60, 0x0b,
    0xb8, 0xf0, 0x00, 0x9f, 0xe0, 0x00, 0xbb, 0x8f, 0x00, 0x03, 0xf8, 0x00, 0x0b, 0xb0, 0x24, 0x20,
    0x00, 0x00, 0x14, 0x18, 0xfd, 0x10, 0x00, 0x04, 0xf4, 0x8f, 0xe8, 0x00, 0x00, 0x4f, 0x48, 0xf8,
    0xf3, 0x00, 0x04, 0xf4, 0x8f, 0x1d, 0xc0, 0x00, 0x4f, 0x48, 0xf0, 0x5f, 0x70, 0x04, 0xf4, 0x8f,
    0x00, 0xae, 0x20, 0x4f, 0x48, 0xf0, 0x02, 0xeb, 0x04, 0xf4, 0x8f, 0x00, 0x07, 0xf5, 0x4f, 0x48,
    0xf0, 0x00, 0x0b, 0xe5, 0xf4, 0x8f, 0x00, 0x00, 0x3f, 0xbf, 0x48, 0xf0, 0x00, 0x00, 0x8f, 0xf4,
    0x8f, 0x00, 0x00, 0x00, 0xdf, 0x40, 0x34, 0x44, 0x44, 0x44, 0x4b, 0xff, 0xff, 0xff, 0xff, 0x00,
    0x00, 0x00, 0x00, 0x00, 0x00, 0x00, 0x00, 0x00, 0x00, 0x00, 0x00, 0x00, 0x00, 0x00, 0x00, 0x00,
    0x00, 0x4f, 0xff, 0xff, 0xff, 0x42, 0x88, 0x88, 0x88, 0x82, 0x00, 0x00, 0x00, 0x00, 0x00, 0x00,
    0x00, 0x00, 0x00, 0x00, 0x00, 0x00, 0x00, 0x06, 0x88, 0x88, 0x88, 0x88, 0xbf, 0xff, 0xff, 0xff,
    0xf0, 0x00, 0x02, 0x78, 0x73, 0x00, 0x00, 0x18, 0xff, 0xff, 0xf9, 0x10, 0x0a, 0xf8, 0x10, 0x18,
    0xfa, 0x04, 0xf7, 0x00, 0x00, 0x07, 0xf4, 0xae, 0x00, 0x00, 0x00, 0x0e, 0xae, 0xa0, 0x00, 0x00,
    0x00, 0xae, 0xf8, 0x00, 0x00, 0x00, 0x08, 0xff, 0x80, 0x00, 0x00, 0x00, 0x8f, 0xcb, 0x00, 0x00,
    0x00, 0x0b, 0xc8, 0xf2, 0x00, 0x00, 0x02, 0xf8, 0x2f, 0xb1, 0x00, 0x01, 0xbf, 0x20, 0x6f, 0xd7,
    0x47, 0xdf, 0x60, 0x00, 0x4c, 0xff, 0xfc, 0x40, 0x00, 0x00, 0x01, 0x41, 0x00, 0x00, 0x24, 0x44,
    0x44, 0x44, 0x44, 0x18, 0xff, 0xff, 0xff, 0xff, 0xf4, 0x8f, 0x00, 0x00, 0x00, 0x8f, 0x48, 0xf0,
    0x00, 0x00, 0x08, 0xf4, 0x8f, 0x00, 0x00, 0x00, 0x8f, 0x48, 0xf0, 0x00, 0x00, 0x08, 0xf4, 0x8f,
    0x00, 0x00, 0x00, 0x8f, 0x48, 0xf0, 0x00, 0x00, 0x08, 0xf4, 0x8f, 0x00, 0x00, 0x00, 0x8f, 0x48,
    0xf0, 0x00, 0x00, 0x08, 0xf4, 0x8f, 0x00, 0x00, 0x00, 0x8f, 0x48, 0xf0, 0x00, 0x00, 0x08, 0xf4,
    0x8f, 0x00, 0x00, 0x00, 0x8f, 0x40, 0x24, 0x44, 0x44, 0x20, 0x08, 0xff, 0xff, 0xff, 0x80, 0x8f,
    0x00, 0x01, 0x8f, 0x88, 0xf0, 0x00, 0x00, 0xcc, 0x8f, 0x00, 0x00, 0x0b, 0xf8, 0xf0, 0x00, 0x00,
    0xcd, 0x8f, 0x00, 0x00, 0x7f, 0x88, 0xfb, 0xbb, 0xff, 0xb1, 0x8f, 0x88, 0x88, 0x30, 0x08, 0xf0,
    0x00, 0x00, 0x00, 0x8f, 0x00, 0x00, 0x00, 0x08, 0xf0, 0x00, 0x00, 0x00, 0x8f, 0x00, 0x00, 0x00,
    0x00, 0x24, 0x44, 0x44, 0x44, 0x42, 0x8f, 0xff, 0xff, 0xff, 0xf8, 0x1c, 0xc1, 0x00, 0x00, 0x00,
    0x02, 0xec, 0x10, 0x00, 0x00, 0x00, 0x3e, 0xc1, 0x00, 0x00, 0x00, 0x03, 0xec, 0x10, 0x00, 0x00,
    0x00, 0x2e, 0xa0, 0x00, 0x00, 0x01, 0xbe, 0x30, 0x00, 0x00, 0x0c, 0xe3, 0x00, 0x00, 0x00, 0x9f,
    0x50, 0x00, 0x00, 0x09, 0xf6, 0x00, 0x00, 0x00, 0x9f, 0x88, 0x88, 0x88, 0x84, 0xff, 0xff, 0xff,
    0xff, 0xf8, 0x14, 0x44, 0x44, 0x44, 0x44, 0x14, 0xff, 0xff, 0xff, 0xff, 0xf4, 0x00, 0x00, 0x4f,
    0x40, 0x00, 0x00, 0x00, 0x04, 0xf4, 0x00, 0x00, 0x00, 0x00, 0x4f, 0x40, 0x00, 0x00, 0x00, 0x04,
    0xf4, 0x00, 0x00, 0x00, 0x00, 0x4f, 0x40, 0x00, 0x00, 0x00, 0x04, 0xf4, 0x00, 0x00, 0x00, 0x00,
    0x4f, 0x40, 0x00, 0x00, 0x00, 0x04, 0xf4, 0x00, 0x00, 0x00, 0x00, 0x4f, 0x40, 0x00, 0x00, 0x00,
    0x04, 0xf4, 0x00, 0x00, 0x00, 0x00, 0x4f, 0x40, 0x00, 0x00, 0x24, 0x20, 0x00, 0x00, 0x03, 0x40,
    0x1e, 0xb0, 0x00, 0x00, 0x4f, 0x80, 0x07, 0xf7, 0x00, 0x00, 0xcd, 0x10, 0x00, 0xbe, 0x10, 0x08,
    0xf5, 0x00, 0x00, 0x3f, 0x90, 0x2e, 0xa0, 0x00, 0x00, 0x08, 0xf4, 0x9e, 0x20, 0x00, 0x00, 0x01,
    0xdc, 0xf7, 0x00, 0x00, 0x00, 0x00, 0x4f, 0xc0, 0x00, 0x00, 0x00, 0x00, 0x0f, 0x80, 0x00, 0x00,
    0x00, 0x00, 0x0f, 0x80, 0x00, 0x00, 0x00, 0x00, 0x0f, 0x80, 0x00, 0x00, 0x00, 0x00, 0x0f, 0x80,
    0x00, 0x00, 0x00, 0x00, 0x0f, 0x80, 0x00, 0x00, 0x00, 0x00, 0x04, 0xf4, 0x00, 0x00, 0x00, 0x01,
    0x7b, 0xcf, 0xcb, 0x60, 0x00, 0x03, 0xdf, 0xa9, 0xf9, 0xaf, 0xd3, 0x01, 0xec, 0x20, 0x4f, 0x40,
    0x3c, 0xd1, 0x8f, 0x30, 0x04, 0xf4, 0x00, 0x3f, 0x8d, 0xb0, 0x00, 0x4f, 0x40, 0x00, 0xcc, 0xf8,
    0x00, 0x04, 0xf4, 0x00, 0x0b, 0xff, 0x90, 0x00, 0x4f, 0x40, 0x00, 0xbe, 0xbd, 0x00, 0x04, 0xf4,
    0x00, 0x0d, 0xa6, 0xf7, 0x00, 0x4f, 0x40, 0x07, 0xf6, 0x09, 0xf8, 0x14, 0xf4, 0x18, 0xf9, 0x00,
    0x08, 0xff, 0xff, 0xff, 0xf8, 0x00, 0x00, 0x01, 0x69, 0xf9, 0x51, 0x00, 0x00, 0x00, 0x00, 0x28,
    0x20, 0x00, 0x00, 0x04, 0x30, 0x00, 0x00, 0x04, 0x30, 0x0a, 0xf3, 0x00, 0x00, 0x8f, 0x40, 0x01,
    0xec, 0x00, 0x03, 0xf8, 0x00, 0x00, 0x4f, 0x80, 0x1c, 0xd1, 0x00, 0x00, 0x08, 0xf3, 0x8f, 0x30,
    0x00, 0x00, 0x01, 0xdc, 0xf8, 0x00, 0x00, 0x00, 0x00, 0x4f, 0xe0, 0x00, 0x00, 0x00, 0x00, 0xae,
    0xf5, 0x00, 0x00, 0x00, 0x06, 0xf5, 0xbe, 0x10, 0x00, 0x00, 0x2e, 0xa0, 0x2e, 0xb0, 0x00, 0x00,
    0xbe, 0x10, 0x07, 0xf7, 0x00, 0x08, 0xf5, 0x00, 0x00, 0xbe, 0x20, 0x3f, 0x80, 0x00, 0x00, 0x2e,
    0xb0, 0x24, 0x00, 0x01, 0x41, 0x00, 0x04, 0x28, 0xf0, 0x00, 0x4f, 0x40, 0x00, 0xf8, 0x8f, 0x00,
    0x04, 0xf4, 0x00, 0x0f, 0x88, 0xf0, 0x00, 0x4f, 0x40, 0x00, 0xf8, 0x8f, 0x00, 0x04, 0xf4, 0x00,
    0x0f, 0x85, 0xf3, 0x00, 0x4f, 0x40, 0x04, 0xf5, 0x1f, 0x80, 0x04, 0xf4, 0x00, 0x9e, 0x10, 0x8f,
    0x81, 0x4f, 0x41, 0x8f, 0x80, 0x00, 0x8e, 0xff, 0xff, 0xfe, 0x80, 0x00, 0x00, 0x04, 0x8f, 0x84,
    0x00, 0x00, 0x00, 0x00, 0x04, 0xf4, 0x00, 0x00, 0x00, 0x00, 0x00, 0x4f, 0x40, 0x00, 0x00, 0x00,
    0x00, 0x04, 0xf4, 0x00, 0x00, 0x00, 0x00, 0x03, 0x78, 0x83, 0x00, 0x00, 0x01, 0xaf, 0xff, 0xff,
    0xb1, 0x00, 0x0c, 0xf7, 0x10, 0x16, 0xec, 0x10, 0x6f, 0x60, 0x00, 0x00, 0x4f, 0x80, 0xbd, 0x00,
    0x00, 0x00, 0x0c, 0xd0, 0xfa, 0x00, 0x00, 0x00, 0x08, 0xf0, 0xf8, 0x00, 0x00, 0x00, 0x08, 0xf0,
    0xdb, 0x00, 0x00, 0x00, 0x09, 0xf0, 0x9f, 0x10, 0x00, 0x00, 0x1e, 0xa0, 0x2e, 0xb1, 0x00, 0x00,
    0x9e, 0x30, 0x03, 0xbd, 0x40, 0x4d, 0xd3, 0x00, 0x88, 0x8f, 0x80, 0x8f, 0x88, 0x80, 0xff, 0xff,
    0x80, 0x8f, 0xff, 0xf0, 0x3b, 0x50, 0x8a, 0x05, 0xf7, 0x0c, 0xe0, 0x00, 0x00, 0x00, 0x00, 0x02,
    0x40, 0x00, 0x00, 0x8f, 0x00, 0x00, 0x08, 0xf0, 0x00, 0x00, 0x8f, 0x00, 0x00, 0x08, 0xf0, 0x00,
    0x00, 0x8f, 0x00, 0x00, 0x08, 0xf0, 0x00, 0x00, 0x8f, 0x00, 0x00, 0x08, 0xf0, 0x00, 0x00, 0x8f,
    0x00, 0x00, 0x08, 0xf0, 0x00, 0x00, 0x8f, 0x00, 0x00, 0x08, 0xf0, 0x00, 0x00, 0x08, 0x90, 0x3b,
    0x40, 0x00, 0x00, 0x0c, 0xd0, 0x5f, 0x60, 0x00, 0x00, 0x00, 0x00, 0x00, 0x00, 0x00, 0x24, 0x20,
    0x00, 0x00, 0x03, 0x40, 0x1e, 0xb0, 0x00, 0x00, 0x4f, 0x80, 0x07, 0xf7, 0x00, 0x00, 0xcd, 0x10,
    0x00, 0xbe, 0x10, 0x08, 0xf5, 0x00, 0x00, 0x3f, 0x90, 0x2e, 0xa0, 0x00, 0x00, 0x08, 0xf4, 0x9e,
    0x20, 0x00, 0x00, 0x01, 0xdc, 0xf7, 0x00, 0x00, 0x00, 0x00, 0x4f, 0xc0, 0x00, 0x00, 0x00, 0x00,
    0x0f, 0x80, 0x00, 0x00, 0x00, 0x00, 0x0f, 0x80, 0x00, 0x00, 0x00, 0x00, 0x0f, 0x80, 0x00, 0x00,
    0x00, 0x00, 0x0f, 0x80, 0x00, 0x00, 0x00, 0x00, 0x0f, 0x80, 0x00, 0x00, 0x00, 0x00, 0x4f, 0x50,
    0x00, 0x00, 0x00, 0x04, 0xe0, 0x00, 0x00, 0x00, 0x00, 0x36, 0x00, 0x00, 0x00, 0x00, 0x26, 0x62,
    0x00, 0x42, 0x00, 0x8f, 0xff, 0xf6, 0x1f, 0x50, 0x6f, 0x70, 0x07, 0xe6, 0xf0, 0x0d, 0xb0, 0x00,
    0x09, 0xeb, 0x00, 0xf8, 0x00, 0x00, 0x2f, 0x70, 0x3f, 0x80, 0x00, 0x00, 0xf5, 0x00, 0xf8, 0x00,
    0x00, 0x4f, 0x80, 0x0b, 0xd0, 0x00, 0x0b, 0xbd, 0x00, 0x4f, 0xa4, 0x4a, 0xd2, 0xf3, 0x00, 0x5e,
    0xff, 0xd3, 0x0d, 0x70, 0x00, 0x03, 0x30, 0x00, 0x00, 0x00, 0x00, 0x9d, 0x00, 0x00, 0x00, 0x0b,
    0x80, 0x00, 0x00, 0x00, 0x62, 0x00, 0x00, 0x00, 0x47, 0x51, 0x00, 0x03, 0xdf, 0xff, 0xe6, 0x00,
    0xcd, 0x20, 0x1c, 0xe0, 0x0e, 0x90, 0x00, 0x11, 0x00, 0x8f, 0x88, 0x60, 0x00, 0x01, 0xcf, 0xc8,
    0x00, 0x00, 0xcc, 0x10, 0x00, 0x00, 0x0f, 0x80, 0x00, 0x48, 0x20, 0xde, 0x64, 0x4c, 0xe1, 0x02,
    0xbf, 0xff, 0xd3, 0x00, 0x00, 0x04, 0x20, 0x00, 0x00, 0x02, 0xf6, 0x00, 0x00, 0x04, 0xf1, 0x00,
    0x00, 0x02, 0x60, 0x00, 0x33, 0x03, 0x74, 0x00, 0xbb, 0x9f, 0xff, 0xc1, 0xbe, 0x91, 0x07, 0xf7,
    0xbe, 0x00, 0x00, 0xcb, 0xbb, 0x00, 0x00, 0xbb, 0xbb, 0x00, 0x00, 0xbb, 0xbb, 0x00, 0x00, 0xbb,
    0xbb, 0x00, 0x00, 0xbb, 0xbb, 0x00, 0x00, 0xbb, 0xbb, 0x00, 0x00, 0xbb, 0x00, 0x00, 0x00, 0xbb,
    0x00, 0x00, 0x00, 0xbb, 0x00, 0x00, 0x00, 0xbb, 0x00, 0x00, 0x00, 0x66, 0x4f, 0x50, 0x5e, 0x00,
    0x46, 0x00, 0x33, 0x00, 0xbb, 0x00, 0xbb, 0x00, 0xbb, 0x00, 0xbb, 0x00, 0xbb, 0x00, 0xbb, 0x00,
    0xbb, 0x00, 0x9e, 0x41, 0x3e, 0xf6, 0x00, 0x00, 0x00, 0x03, 0xb2, 0x00, 0x00, 0x08, 0xd0, 0x00,
    0x2b, 0x36, 0x73, 0xb3, 0x6f, 0x70, 0x07, 0xf6, 0x02, 0x00, 0x00, 0x20, 0x33, 0x00, 0x00, 0x33,
    0xbb, 0x00, 0x00, 0xbb, 0xbb, 0x00, 0x00, 0xbb, 0xbb, 0x00, 0x00, 0xbb, 0xbb, 0x00, 0x00, 0xbb,
    0xbb, 0x00, 0x00, 0xbb, 0xbb, 0x00, 0x00, 0xbb, 0x8e, 0x00, 0x00, 0xea, 0x4f, 0xa4, 0x4a, 0xf4,
    0x06, 0xef, 0xfe, 0x60, 0x00, 0x03, 0x30, 0x00, 0x00, 0x02, 0x66, 0x20, 0x04, 0x20, 0x08, 0xff,
    0xff, 0x61, 0xf5, 0x06, 0xf7, 0x00, 0x7e, 0x6f, 0x00, 0xdb, 0x00, 0x00, 0x9e, 0xb0, 0x0f, 0x80,
    0x00, 0x02, 0xf7, 0x03, 0xf8, 0x00, 0x00, 0x0f, 0x50, 0x0f, 0x80, 0x00, 0x04, 0xf8, 0x00, 0xbd,
    0x00, 0x00, 0xbb, 0xd0, 0x04, 0xfa, 0x44, 0xad, 0x2f, 0x30, 0x05, 0xef, 0xfd, 0x30, 0xd7, 0x00,
    0x00, 0x33, 0x00, 0x00, 0x00, 0x00, 0x48, 0x85, 0x00, 0x00, 0x9f, 0xee, 0xf9, 0x00, 0x6f, 0x60,
    0x06, 0xf6, 0x0a, 0xc0, 0x00, 0x0c, 0x90, 0xbb, 0x00, 0x01, 0xe8, 0x0b, 0xb0, 0x34, 0xac, 0x10,
    0xbb, 0x0b, 0xfe, 0x50, 0x0b, 0xb0, 0x01, 0x6e, 0x80, 0xbb, 0x00, 0x00, 0x8f, 0x1b, 0xb0, 0x00,
    0x04, 0xf4, 0xbe, 0x10, 0x00, 0x8f, 0x0b, 0xec, 0x54, 0x8f, 0x80, 0xbb, 0x8f, 0xff, 0x80, 0x0b,
    0xb0, 0x14, 0x00, 0x00, 0xbb, 0x00, 0x00, 0x00, 0x0b, 0xb0, 0x00, 0x00, 0x00, 0x66, 0x00, 0x00,
    0x00, 0x00, 0x24, 0x10, 0x00, 0x02, 0x40, 0x4f, 0x60, 0x00, 0x0c, 0xc0, 0x0d, 0xa0, 0x00, 0x2f,
    0x70, 0x08, 0xf2, 0x00, 0x8f, 0x10, 0x02, 0xf7, 0x00, 0xd9, 0x00, 0x00, 0xac, 0x04, 0xf5, 0x00,
    0x00, 0x6f, 0x29, 0xd0, 0x00, 0x00, 0x0e, 0x7d, 0x80, 0x00, 0x00, 0x09, 0xef, 0x20, 0x00, 0x00,
    0x03, 0xfb, 0x00, 0x00, 0x00, 0x00, 0xf8, 0x00, 0x00, 0x00, 0x00, 0xf8, 0x00, 0x00, 0x00, 0x00,
    0xf8, 0x00, 0x00, 0x00, 0x00, 0x84, 0x00, 0x00, 0x00, 0x00, 0x34, 0x44, 0x00, 0x00, 0x3d, 0xff,
    0xff, 0x00, 0x00, 0xbd, 0x20, 0x00, 0x00, 0x00, 0xad, 0x10, 0x00, 0x00, 0x00, 0x17, 0xe9, 0x50,
    0x00, 0x00, 0x8f, 0xcc, 0xfb, 0x00, 0x08, 0xf3, 0x00, 0x5f, 0x80, 0x0e, 0x90, 0x00, 0x0a, 0xd0,
    0x2f, 0x80, 0x00, 0x08, 0xf0, 0x1f, 0x80, 0x00, 0x08, 0xf0, 0x0e, 0x90, 0x00, 0x0b, 0xd0, 0x08,
    0xf8, 0x44, 0x9f, 0x50, 0x00, 0x8e, 0xff, 0xe7, 0x00, 0x00, 0x00, 0x43, 0x00, 0x00, 0x00, 0x04,
    0x75, 0x10, 0x00, 0x3d, 0xff, 0xfe, 0x60, 0x0c, 0xd2, 0x01, 0xce, 0x00, 0xe9, 0x00, 0x01, 0x10,
    0x08, 0xf8, 0x86, 0x00, 0x00, 0x1c, 0xfc, 0x80, 0x00, 0x0c, 0xc1, 0x00, 0x00, 0x00, 0xf8, 0x00,
    0x04, 0x82, 0x0d, 0xe6, 0x44, 0xce, 0x10, 0x2b, 0xff, 0xfd, 0x30, 0x00, 0x00, 0x42, 0x00, 0x00,
    0x03, 0x44, 0x44, 0x43, 0x0b, 0xff, 0xff, 0xfb, 0x00, 0x00, 0x06, 0xf3, 0x00, 0x00, 0x6f, 0x60,
    0x00, 0x03, 0xe9, 0x00, 0x00, 0x1c, 0xc1, 0x00, 0x00, 0xae, 0x20, 0x00, 0x07, 0xf5, 0x00, 0x00,
    0x0e, 0x90, 0x00, 0x00, 0x2f, 0x70, 0x00, 0x00, 0x0f, 0x80, 0x00, 0x00, 0x08, 0xf9, 0x54, 0x30,
    0x00, 0x8d, 0xff, 0xf8, 0x00, 0x00, 0x00, 0x9b, 0x00, 0x00, 0x00, 0x8b, 0x00, 0x00, 0x00, 0x46,
    0x33, 0x03, 0x74, 0x00, 0xbb, 0x9f, 0xff, 0xc1, 0xbe, 0x91, 0x07, 0xf7, 0xbe, 0x00, 0x00, 0xcb,
    0xbb, 0x00, 0x00, 0xbb, 0xbb, 0x00, 0x00, 0xbb, 0xbb, 0x00, 0x00, 0xbb, 0xbb, 0x00, 0x00, 0xbb,
    0xbb, 0x00, 0x00, 0xbb, 0xbb, 0x00, 0x00, 0xbb, 0x00, 0x00, 0x00, 0xbb, 0x00, 0x00, 0x00, 0xbb,
    0x00, 0x00, 0x00, 0xbb, 0x00, 0x00, 0x00, 0x66, 0x00, 0x28, 0x86, 0x00, 0x00, 0x6f, 0xdb, 0xfc,
    0x10, 0x2e, 0x90, 0x03, 0xe9, 0x08, 0xe1, 0x00, 0x06, 0xf2, 0xba, 0x00, 0x00, 0x2f, 0x6f, 0x80,
    0x00, 0x00, 0xf8, 0xfd, 0xbb, 0xbb, 0xbf, 0x8f, 0xb8, 0x88, 0x88, 0xf8, 0xe8, 0x00, 0x00, 0x0f,
    0x8a, 0xb0, 0x00, 0x03, 0xf4, 0x6f, 0x20, 0x00, 0x9e, 0x00, 0xcc, 0x54, 0x8f, 0x70, 0x01, 0xbf,
    0xfe, 0x80, 0x00, 0x00, 0x24, 0x00, 0x00, 0x33, 0x00, 0xbb, 0x00, 0xbb, 0x00, 0xbb, 0x00, 0xbb,
    0x00, 0xbb, 0x00, 0xbb, 0x00, 0xbb, 0x00, 0x9e, 0x41, 0x3e, 0xf6, 0x00, 0x00, 0x33, 0x00, 0x01,
    0x42, 0xbb, 0x00, 0x0b, 0xe2, 0xbb, 0x00, 0x8e, 0x30, 0xbb, 0x06, 0xf6, 0x00, 0xbc, 0x5e, 0x80,
    0x00, 0xbf, 0xfe, 0x10, 0x00, 0xbb, 0x2e, 0x90, 0x00, 0xbb, 0x04, 0xf8, 0x00, 0xbb, 0x00, 0x7f,
    0x60, 0xbb, 0x00, 0x09, 0xf3, 0x06, 0x86, 0x00, 0x00, 0x00, 0x00, 0x6c, 0xf8, 0x00, 0x00, 0x00,
    0x00, 0x08, 0xf2, 0x00, 0x00, 0x00, 0x00, 0x1f, 0x70, 0x00, 0x00, 0x00, 0x05, 0xfd, 0x00, 0x00,
    0x00, 0x00, 0xac, 0xf4, 0x00, 0x00, 0x00, 0x2f, 0x6c, 0x90, 0x00, 0x00, 0x07, 0xf1, 0x7e, 0x10,
    0x00, 0x00, 0xda, 0x02, 0xf6, 0x00, 0x00, 0x3f, 0x60, 0x0a, 0xb0, 0x00, 0x09, 0xe0, 0x00, 0x6f,
    0x20, 0x00, 0xe9, 0x00, 0x00, 0xea, 0x41, 0x6f, 0x50, 0x00, 0x04, 0xef, 0x80, 0x00, 0x00, 0x00,
    0x00, 0x41, 0x33, 0x00, 0x00, 0x33, 0x0b, 0xb0, 0x00, 0x0b, 0xb0, 0xbb, 0x00, 0x00, 0xbb, 0x0b,
    0xb0, 0x00, 0x0b, 0xb0, 0xbb, 0x00, 0x00, 0xbb, 0x0b, 0xb0, 0x00, 0x0b, 0xb0, 0xbb, 0x00, 0x00,
    0xbb, 0x0b, 0xf1, 0x00, 0x0e, 0xb0, 0xbf, 0xb4, 0x4a, 0xed, 0x4b, 0xb8, 0xff, 0xa3, 0xdf, 0xbb,
    0x00, 0x10, 0x00, 0x0b, 0xb0, 0x00, 0x00, 0x00, 0xbb, 0x00, 0x00, 0x00, 0x06, 0x60, 0x00, 0x00,
    0x00, 0x24, 0x00, 0x00, 0x01, 0x42, 0x8f, 0x90, 0x00, 0x06, 0xf3, 0x08, 0xf2, 0x00, 0x0a, 0xd0,
    0x01, 0xf8, 0x00, 0x2f, 0x70, 0x00, 0xad, 0x00, 0x7f, 0x20, 0x00, 0x5f, 0x30, 0xca, 0x00, 0x00,
    0x0d, 0x83, 0xf5, 0x00, 0x00, 0x08, 0xd8, 0xe0, 0x00, 0x00, 0x02, 0xfe, 0x80, 0x00, 0x00, 0x00,
    0xcf, 0x30, 0x00, 0x02, 0x44, 0x44, 0x44, 0x00, 0x8c, 0xcf, 0xff, 0xc0, 0x00, 0x8d, 0x61, 0x00,
    0x00, 0x5f, 0x30, 0x00, 0x00, 0x07, 0xf2, 0x00, 0x00, 0x00, 0x2e, 0xb2, 0x00, 0x00, 0x00, 0x1a,
    0xff, 0xf8, 0x00, 0x3d, 0xb7, 0x44, 0x20, 0x0c, 0xb0, 0x00, 0x00, 0x00, 0xf8, 0x00, 0x00, 0x00,
    0x0e, 0xa0, 0x00, 0x00, 0x00, 0x8f, 0xa6, 0x44, 0x10, 0x00, 0x6c, 0xff, 0xfe, 0x20, 0x00, 0x00,
    0x01, 0xf6, 0x00, 0x00, 0x00, 0x0f, 0x80, 0x00, 0x00, 0x00, 0x84, 0x00, 0x02, 0x56, 0x30, 0x00,
    0x00, 0x8f, 0xff, 0xf9, 0x00, 0x06, 0xf8, 0x00, 0x7f, 0x80, 0x0d, 0xb0, 0x00, 0x08, 0xf1, 0x0f,
    0x80, 0x00, 0x04, 0xf4, 0x3f, 0x80, 0x00, 0x04, 0xf4, 0x0f, 0x80, 0x00, 0x05, 0xf4, 0x0c, 0xd0,
    0x00, 0x0a, 0xe0, 0x04, 0xfa, 0x44, 0x8f, 0x70, 0x00, 0x5d, 0xff, 0xe8, 0x00, 0x00, 0x00, 0x34,
    0x00, 0x00, 0x34, 0x44, 0x44, 0x44, 0x44, 0xbf, 0xff, 0xff, 0xff, 0xff, 0x04, 0xf4, 0x00, 0x4f,
    0x40, 0x04, 0xf4, 0x00, 0x4f, 0x40, 0x04, 0xf4, 0x00, 0x4f, 0x40, 0x04, 0xf4, 0x00, 0x4f, 0x40,
    0x04, 0xf4, 0x00, 0x4f, 0x40, 0x04, 0xf4, 0x00, 0x4f, 0x40, 0x04, 0xf4, 0x00, 0x3f, 0x83, 0x04,
    0xf4, 0x00, 0x09, 0xfc, 0x00, 0x00, 0x00, 0x00, 0x00, 0x00, 0x04, 0x74, 0x00, 0x00, 0x3e, 0xff,
    0xfd, 0x30, 0x1e, 0xc2, 0x03, 0xdc, 0x07, 0xf2, 0x00, 0x05, 0xf5, 0x9c, 0x00, 0x00, 0x0f, 0x8b,
    0xb0, 0x00, 0x00, 0xf8, 0xbd, 0x00, 0x00, 0x1f, 0x8b, 0xf4, 0x00, 0x07, 0xf3, 0xbd, 0xd5, 0x46,
    0xeb, 0x0b, 0xb6, 0xef, 0xfb, 0x10, 0xbb, 0x01, 0x42, 0x00, 0x0b, 0xb0, 0x00, 0x00, 0x00, 0xbb,
    0x00, 0x00, 0x00, 0x06, 0x60, 0x00, 0x00, 0x00, 0x00, 0x02, 0x56, 0x30, 0x00, 0x08, 0xff, 0xff,
    0xa1, 0x06, 0xf8, 0x00, 0x7f, 0x80, 0xdb, 0x00, 0x00, 0x63, 0x0f, 0x80, 0x00, 0x00, 0x03, 0xf8,
    0x00, 0x00, 0x00, 0x0f, 0x80, 0x00, 0x00, 0x00, 0xbd, 0x10, 0x00, 0x00, 0x03, 0xfc, 0x64, 0x40,
    0x00, 0x03, 0xaf, 0xff, 0xd1, 0x00, 0x00, 0x00, 0x2f, 0x80, 0x00, 0x00, 0x00, 0xb8, 0x00, 0x00,
    0x00, 0x06, 0x40, 0x00, 0x01, 0x44, 0x44, 0x44, 0x10, 0x06, 0xef, 0xff, 0xff, 0xf4, 0x05, 0xf9,
    0x21, 0x7b, 0x10, 0x00, 0xdb, 0x00, 0x00, 0x9c, 0x00, 0x0f, 0x80, 0x00, 0x04, 0xf3, 0x03, 0xf8,
    0x00, 0x00, 0x4f, 0x40, 0x0f, 0x80, 0x00, 0x05, 0xf4, 0x00, 0xcd, 0x00, 0x00, 0xae, 0x10, 0x04,
    0xfa, 0x44, 0x8f, 0x80, 0x00, 0x05, 0xdf, 0xfe, 0x80, 0x00, 0x00, 0x00, 0x34, 0x00, 0x00, 0x00,
    0x34, 0x44, 0x44, 0x43, 0xbf, 0xff, 0xff, 0xfb, 0x00, 0x0b, 0xb0, 0x00, 0x00, 0x0b, 0xb0, 0x00,
    0x00, 0x0b, 0xb0, 0x00, 0x00, 0x0b, 0xb0, 0x00, 0x00, 0x0b, 0xb0, 0x00, 0x00, 0x0b, 0xb0, 0x00,
    0x00, 0x0a, 0xe4, 0x20, 0x00, 0x03, 0xdf, 0xb0, 0x00, 0x00, 0x00, 0x00, 0x33, 0x00, 0x00, 0x33,
    0xbb, 0x00, 0x00, 0xbb, 0xbb, 0x00, 0x00, 0xbb, 0xbb, 0x00, 0x00, 0xbb, 0xbb, 0x00, 0x00, 0xbb,
    0xbb, 0x00, 0x00, 0xbb, 0xbb, 0x00, 0x00, 0xbb, 0x8e, 0x00, 0x00, 0xea, 0x4f, 0xa4, 0x4a, 0xf4,
    0x06, 0xef, 0xfe, 0x60, 0x00, 0x03, 0x30, 0x00, 0x00, 0x02, 0x00, 0x27, 0x61, 0x00, 0x00, 0x9f,
    0x02, 0xef, 0xfe, 0x30, 0x06, 0xf4, 0x08, 0xe1, 0x1c, 0xc0, 0x0d, 0x90, 0x0b, 0xb0, 0x05, 0xf3,
    0x0f, 0x70, 0x0b, 0xb0, 0x03, 0xf5, 0x3f, 0x60, 0x0b, 0xb0, 0x01, 0xf6, 0x0f, 0x80, 0x0b, 0xb0,
    0x04, 0xf4, 0x0b, 0xd1, 0x0b, 0xb0, 0x0a, 0xe0, 0x03, 0xec, 0x5c, 0xc5, 0xbf, 0x50, 0x00, 0x3b,
    0xff, 0xff, 0xc4, 0x00, 0x00, 0x00, 0x1c, 0xc1, 0x00, 0x00, 0x00, 0x00, 0x0b, 0xb0, 0x00, 0x00,
    0x00, 0x00, 0x0b, 0xb0, 0x00, 0x00, 0x00, 0x00, 0x06, 0x60, 0x00, 0x00, 0x34, 0x00, 0x00, 0x03,
    0x40, 0xbf, 0x90, 0x00, 0x1e, 0x90, 0x07, 0xf4, 0x00, 0x8f, 0x20, 0x00, 0xdb, 0x01, 0xe8, 0x00,
    0x00, 0x4f, 0x48, 0xe1, 0x00, 0x00, 0x0b, 0xcf, 0x80, 0x00, 0x00, 0x04, 0xfd, 0x10, 0x00, 0x00,
    0x04, 0xfd, 0x00, 0x00, 0x00, 0x0b, 0xdf, 0x60, 0x00, 0x00, 0x4f, 0x4b, 0xd0, 0x00, 0x00, 0xcb,
    0x04, 0xf6, 0x00, 0x06, 0xf4, 0x00, 0xbd, 0x10, 0x0d, 0xb0, 0x00, 0x2e, 0xf8, 0x28, 0x30, 0x00,
    0x02, 0x84, 0x00, 0x00, 0x28, 0x20, 0x00, 0x00, 0x00, 0x04, 0xf4, 0x00, 0x00, 0x33, 0x00, 0x4f,
    0x40, 0x02, 0x4b, 0xb0, 0x04, 0xf4, 0x00, 0x8f, 0xbb, 0x00, 0x4f, 0x40, 0x08, 0xfb, 0xb0, 0x04,
    0xf4, 0x00, 0x8f, 0xbb, 0x00, 0x4f, 0x40, 0x08, 0xfb, 0xb0, 0x04, 0xf4, 0x00, 0x8f, 0x8e, 0x00,
    0x4f, 0x40, 0x0b, 0xb5, 0xf4, 0x04, 0xf4, 0x02, 0xf8, 0x0c, 0xe6, 0x7f, 0x76, 0xde, 0x10, 0x19,
    0xff, 0xff, 0xfb, 0x30, 0x00, 0x00, 0x6f, 0x70, 0x00, 0x00, 0x00, 0x04, 0xf4, 0x00, 0x00, 0x00,
    0x00, 0x4f, 0x40, 0x00, 0x00, 0x00, 0x02, 0x82, 0x00, 0x00, 0x00, 0x14, 0x20, 0x00, 0x03, 0x40,
    0x00, 0x0c, 0xd1, 0x00, 0x00, 0x3f, 0x80, 0x06, 0xf4, 0x00, 0x00, 0x00, 0x8f, 0x20, 0xcc, 0x00,
    0x00, 0x00, 0x02, 0xf7, 0x0f, 0x80, 0x00, 0xb8, 0x00, 0x0c, 0xb2, 0xf7, 0x00, 0x0b, 0x80, 0x00,
    0xbb, 0x1f, 0x80, 0x00, 0xf8, 0x00, 0x0b, 0xb0, 0xe9, 0x00, 0x1f, 0xc0, 0x00, 0xe9, 0x08, 0xf7,
    0x4a, 0xcf, 0x74, 0x9f, 0x40, 0x08, 0xff, 0xd3, 0x6f, 0xfe, 0x60, 0x00, 0x00, 0x20, 0x00, 0x02,
    0x00, 0x00, 0x04, 0x87, 0x10, 0x5f, 0xff, 0xc1, 0xbf, 0xff, 0xf6, 0xbf, 0xff, 0xf7, 0x7f, 0xff,
    0xe1, 0x06, 0xb9, 0x20, 0x00, 0x14, 0x40, 0x00, 0x04, 0xef, 0xfd, 0x30, 0x0e, 0xa0, 0x1d, 0xa0,
    0x3f, 0x50, 0x08, 0xf0, 0x4f, 0x40, 0x08, 0xf0, 0x1f, 0x80, 0x0b, 0xd0, 0x08, 0xf9, 0x9f, 0x50,
    0x00, 0x68, 0x84, 0x00, 0x08, 0x30, 0xa3, 0x08, 0x40, 0xf8, 0x0f, 0x80, 0xf8, 0x0f, 0x80, 0x84,
    0x00, 0x00, 0x34, 0x00, 0x00, 0x04, 0xff, 0x00, 0x00, 0x1e, 0xcf, 0x00, 0x00, 0xcb, 0x4f, 0x00,
    0x08, 0xc1, 0x4f, 0x00, 0x3f, 0xdb, 0xcf, 0xb0, 0x28, 0x88, 0x9f, 0x80, 0x00, 0x00, 0x28, 0x00,
    0x14, 0x44, 0x41, 0x8f, 0xff, 0xf4, 0x8b, 0x00, 0x00, 0xbb, 0xab, 0x81, 0x47, 0x45, 0xe8, 0x42,
    0x00, 0xbb, 0xbe, 0x89, 0xf5, 0x07, 0x88, 0x40, 0x00, 0x14, 0x40, 0x00, 0x3e, 0xff, 0xd2, 0x0d,
    0xa1, 0x1a, 0x73, 0xf7, 0xab, 0x91, 0x4f, 0xc4, 0x5e, 0x92, 0xf6, 0x00, 0xbb, 0x08, 0xe8, 0x8f,
    0x50, 0x06, 0x88, 0x40, 0x14, 0x44, 0x44, 0x14, 0xff, 0xff, 0xf4, 0x00, 0x00, 0x8d, 0x00, 0x00,
    0x4f, 0x40, 0x00, 0x0c, 0xa0, 0x00, 0x08, 0xe1, 0x00, 0x02, 0xe7, 0x00, 0x00, 0x57, 0x00, 0x00,
    0x00, 0x14, 0x40, 0x00, 0x6f, 0xcd, 0xd3, 0x0e, 0x80, 0x0d, 0x80, 0x7e, 0x88, 0xe3, 0x08, 0xd9,
    0xbc, 0x33, 0xf5, 0x00, 0xbc, 0x1e, 0xc8, 0x8e, 0x80, 0x17, 0x98, 0x60, 0x00, 0x24, 0x30, 0x00,
    0x8f, 0xce, 0xb1, 0x2f, 0x70, 0x1e, 0x83, 0xf7, 0x01, 0xdb, 0x08, 0xfc, 0xcc, 0xb0, 0x85, 0x31,
    0xe8, 0x0b, 0xea, 0xde, 0x20, 0x17, 0xa8, 0x20, 0x00, 0xb3, 0x00, 0x00, 0xf4, 0x00, 0xbf, 0xff,
    0xf4, 0x00, 0xf4, 0x00, 0x00, 0xb3, 0x00, 0x00, 0x00, 0x00, 0xbf, 0xff, 0xf4, 0x00, 0x00, 0x00,
    0x34, 0x44, 0x40, 0xbf, 0xff, 0xf0, 0x00, 0x00, 0x00, 0xbf, 0xff, 0xf0, 0x34, 0x44, 0x40, 0x07,
    0x91, 0xe6, 0x7f, 0x1a, 0xb0, 0xbb, 0x0b, 0xb0, 0x8e, 0x02, 0xf6, 0x08, 0x80, 0x2b, 0x20, 0x0c,
    0x90, 0x07, 0xe0, 0x04, 0xf4, 0x01, 0xf4, 0x03, 0xf4, 0x06, 0xf2, 0x0b, 0xa0, 0x2b, 0x20, 0x08,
    0x37, 0x95, 0x00, 0xfc, 0x8a, 0xf4, 0x0f, 0x80, 0x0f, 0x80, 0xf8, 0x00, 0xf8, 0x0f, 0x80, 0x0f,
    0x80, 0x84, 0x00, 0x84, 0x00, 0x14, 0x40, 0x00, 0x05, 0xee, 0xee, 0x30, 0x0e, 0xa0, 0x1d, 0xb0,
    0x4f, 0x50, 0x08, 0xf0, 0x4f, 0x40, 0x08, 0xf0, 0x1f, 0x80, 0x0b, 0xd0, 0x08, 0xf9, 0xbf, 0x50,
    0x00, 0x48, 0x84, 0x00, 0x00, 0x34, 0x11, 0x9f, 0xf4, 0x4a, 0x6f, 0x40, 0x04, 0xf4, 0x00, 0x4f,
    0x40, 0x04, 0xf4, 0x00, 0x4f, 0x40, 0x02, 0x82, 0x00, 0x24, 0x40, 0x00, 0x8f, 0xbe, 0xc1, 0x0b,
    0x50, 0x1f, 0x70, 0x00, 0x06, 0xf2, 0x00, 0x08, 0xf6, 0x00, 0x1a, 0xd3, 0x00, 0x0d, 0xfc, 0xbb,
    0x60, 0x88, 0x88, 0x84, 0x00, 0x24, 0x40, 0x00, 0x6f, 0xce, 0xd2, 0x0b, 0x70, 0x1f, 0x80, 0x00,
    0x89, 0xd3, 0x00, 0x08, 0xad, 0x40, 0x42, 0x00, 0xbb, 0x0c, 0xe8, 0xaf, 0x80, 0x16, 0x88, 0x40,
    0x00, 0x00, 0x34, 0x00, 0x00, 0x05, 0xff, 0x00, 0x00, 0x2e, 0xcf, 0x00, 0x00, 0xca, 0x4f, 0x00,
    0x08, 0xc1, 0x4f, 0x00, 0x3f, 0xcb, 0xcf, 0xb0, 0x28, 0x88, 0x9f, 0x80, 0x00, 0x00, 0x28, 0x00,
    0x14, 0x44, 0x41, 0x8f, 0xff, 0xf4, 0x8b, 0x00, 0x00, 0xbb, 0xce, 0x91, 0x47, 0x25, 0xe8, 0x84,
    0x00, 0xba, 0xae, 0x89, 0xf5, 0x06, 0x88, 0x20, 0x00, 0x14, 0x40, 0x00, 0x3e, 0xff, 0xd3, 0x0d,
    0xa1, 0x1a, 0x73, 0xf7, 0xac, 0x91, 0x4f, 0xb2, 0x5e, 0x91, 0xf6, 0x00, 0xbb, 0x08, 0xe8, 0x9f,
    0x50, 0x05, 0x88, 0x40, 0x14, 0x44, 0x44, 0x14, 0xff, 0xff, 0xf4, 0x00, 0x00, 0x9d, 0x00, 0x00,
    0x4f, 0x40, 0x00, 0x0d, 0x90, 0x00, 0x08, 0xe1, 0x00, 0x02, 0xf6, 0x00, 0x00, 0x57, 0x00, 0x00,
    0x00, 0x24, 0x40, 0x00, 0x7f, 0xbd, 0xe3, 0x0e, 0x80, 0x0d, 0x80, 0x6e, 0x88, 0xd3, 0x08, 0xe8,
    0xad, 0x43, 0xf5, 0x00, 0xbc, 0x1c, 0xc8, 0x8e, 0x80, 0x16, 0x88, 0x40, 0x00, 0x34, 0x40, 0x00,
    0x9f, 0xbe, 0xc1, 0x3f, 0x50, 0x1e, 0x83, 0xf7, 0x01, 0xdb, 0x08, 0xfc, 0xcc, 0xb0, 0x84, 0x21,
    0xe8, 0x0b, 0xeb, 0xde, 0x10, 0x07, 0x88, 0x10, 0x00, 0xf4, 0x00, 0x34, 0xf7, 0x41, 0xbf, 0xff,
    0xf4, 0x00, 0xf4, 0x00, 0x00, 0xb3, 0x00, 0x34, 0x44, 0x41, 0xbf, 0xff, 0xf4, 0x00, 0x00, 0x00,
    0x34, 0x44, 0x40, 0xbf, 0xff, 0xf0, 0x00, 0x00, 0x00, 0xbf, 0xff, 0xf0, 0x34, 0x44, 0x40, 0x07,
    0x91, 0xf6, 0x7f, 0x0a, 0xb0, 0xbb, 0x0b, 0xb0, 0x8e, 0x02, 0xf6, 0x07, 0x80, 0x2b, 0x20, 0x0c,
    0x90, 0x07, 0xf0, 0x04, 0xf4, 0x01, 0xf4, 0x03, 0xf4, 0x06, 0xf1, 0x0b, 0x90, 0x2b, 0x20, 0x03,
    0x8b, 0x71, 0x1b, 0x85, 0xca, 0x03, 0x88, 0xdb, 0x4f, 0x84, 0x8b, 0x6f, 0x66, 0xdb, 0x06, 0x87,
    0x56, 0x01, 0x8b, 0x82, 0x00, 0xca, 0x5a, 0xe2, 0x4f, 0x98, 0x8f, 0x74, 0xf6, 0x44, 0x42, 0x0c,
    0xc8, 0x9d, 0x10, 0x17, 0x88, 0x20, 0x01, 0x7b, 0x83, 0x00, 0xcc, 0x8a, 0xe2, 0x4f, 0x40, 0x0f,
    0x84, 0xf5, 0x00, 0xf8, 0x0c, 0xd8, 0xbe, 0x20, 0x17, 0x88, 0x20, 0x3b, 0x30, 0x6b, 0x10, 0x9e,
    0x3e, 0x70, 0x01, 0xde, 0xa0, 0x00, 0x2e, 0xdc, 0x10, 0x0c, 0xb1, 0xd9, 0x03, 0x81, 0x03, 0x81,
    0x00, 0x14, 0x30, 0x00, 0x6f, 0xff, 0xb1, 0x06, 0x70, 0x4e, 0x90, 0x88, 0x88, 0xde, 0x0f, 0xdb,
    0xbe, 0xf0, 0xe8, 0x00, 0xda, 0x08, 0xfb, 0xce, 0x30, 0x05, 0x88, 0x20, 0x04, 0x10, 0x00, 0x00,
    0xf4, 0x00, 0x00, 0x0f, 0x58, 0xa5, 0x00, 0xfb, 0x8a, 0xf4, 0x0f, 0x80, 0x0f, 0x80, 0xf8, 0x00,
    0xf8, 0x0f, 0x80, 0x0f, 0x80, 0x84, 0x00, 0x84, 0x04, 0x20, 0x00, 0x00, 0xf8, 0x00, 0x00, 0x0f,
    0x80, 0x6a, 0x10, 0xf8, 0x9e, 0x30, 0x0f, 0xef, 0x40, 0x00, 0xfc, 0xeb, 0x00, 0x0f, 0x83, 0xe9,
    0x00, 0x84, 0x03, 0x81, 0x04, 0x20, 0xf8, 0x0f, 0x80, 0xf8, 0x0f, 0x80, 0xf8, 0x0f, 0x80, 0x84,
    0x0b, 0x49, 0xa2, 0x5b, 0x81, 0x0f, 0xb8, 0xcd, 0xa8, 0xf8, 0x0f, 0x80, 0x8f, 0x00, 0xbb, 0x0f,
    0x80, 0x8f, 0x00, 0xbb, 0x0f, 0x80, 0x8f, 0x00, 0xbb, 0x08, 0x40, 0x48, 0x00, 0x66, 0x0b, 0x48,
    0xa5, 0x00, 0xfb, 0x8a, 0xf4, 0x0f, 0x80, 0x0f, 0x80, 0xf8, 0x00, 0xf8, 0x0f, 0x80, 0x0f, 0x80,
    0x84, 0x00, 0x84, 0x0b, 0x48, 0xa6, 0x00, 0xfd, 0x89, 0xf6, 0x0f, 0x80, 0x0c, 0xb0, 0xf8, 0x00,
    0xca, 0x0f, 0xd8, 0xaf, 0x50, 0xf8, 0x78, 0x40, 0x0f, 0x80, 0x00, 0x00, 0x84, 0x00, 0x00, 0x04,
    0x9b, 0x81, 0x1f, 0x84, 0x98, 0x0e, 0xd8, 0x71, 0x02, 0x58, 0xdd, 0x2f, 0xa8, 0xcc, 0x02, 0x88,
    0x71, 0x0b, 0x60, 0x8f, 0xd8, 0x6f, 0xb6, 0x0f, 0x80, 0x0f, 0x80, 0x0d, 0xc5, 0x03, 0x86, 0x00,
    0x00, 0x03, 0x60, 0x00, 0x00, 0x00, 0x00, 0x00, 0x3e, 0x90, 0x00, 0x00, 0x00, 0x00, 0x03, 0xe9,
    0x00, 0x00, 0x00, 0x00, 0x00, 0x3e, 0x90, 0x00, 0x00, 0x00, 0x00, 0x03, 0xe7, 0x00, 0x00, 0x00,
    0x00, 0x00, 0x1e, 0xff, 0xff, 0xff, 0xff, 0xff, 0xf0, 0x06, 0xe8, 0x44, 0x44, 0x44, 0x44, 0x40,
    0x00, 0x6f, 0x60, 0x00, 0x00, 0x00, 0x00, 0x00, 0x06, 0xf9, 0x00, 0x00, 0x00, 0x00, 0x00, 0x00,
    0x6f, 0x90, 0x00, 0x00, 0x00, 0x00, 0x00, 0x06, 0x90, 0x00, 0x00, 0x00, 0x00, 0x00, 0x01, 0x30,
    0x00, 0x00, 0x00, 0x00, 0x1c, 0xe3, 0x00, 0x00, 0x00, 0x01, 0xce, 0xde, 0x30, 0x00, 0x00, 0x1c,
    0xb8, 0xb9, 0xe3, 0x00, 0x01, 0xcc, 0x18, 0xb0, 0xae, 0x30, 0x1c, 0xc1, 0x08, 0xb0, 0x1c, 0xe3,
    0x08, 0x10, 0x08, 0xb0, 0x01, 0x91, 0x00, 0x00, 0x08, 0xb0, 0x00, 0x00, 0x00, 0x00, 0x08, 0xb0,
    0x00, 0x00, 0x00, 0x00, 0x08, 0xb0, 0x00, 0x00, 0x00, 0x00, 0x08, 0xb0, 0x00, 0x00, 0x00, 0x00,
    0x08, 0xb0, 0x00, 0x00, 0x00, 0x00, 0x08, 0xb0, 0x00, 0x00, 0x00, 0x00, 0x00, 0x36, 0x00, 0x00,
    0x00, 0x00, 0x00, 0x06, 0xf6, 0x00, 0x00, 0x00, 0x00, 0x00, 0x06, 0xf6, 0x00, 0x00, 0x00, 0x00,
    0x00, 0x06, 0xf6, 0x00, 0x00, 0x00, 0x00, 0x00, 0x05, 0xe6, 0x0f, 0xff, 0xff, 0xff, 0xff, 0xff,
    0xf4, 0x44, 0x44, 0x44, 0x44, 0x47, 0xc9, 0x00, 0x00, 0x00, 0x00, 0x04, 0xe9, 0x00, 0x00, 0x00,
    0x00, 0x06, 0xf9, 0x00, 0x00, 0x00, 0x00, 0x06, 0xf9, 0x00, 0x00, 0x00, 0x00, 0x00, 0x69, 0x00,
    0x00, 0x00, 0x00, 0x00, 0x02, 0x30, 0x00, 0x00, 0x00, 0x00, 0x08, 0xb0, 0x00, 0x00, 0x00, 0x00,
    0x08, 0xb0, 0x00, 0x00, 0x00, 0x00, 0x08, 0xb0, 0x00, 0x00, 0x00, 0x00, 0x08, 0xb0, 0x00, 0x00,
    0x00, 0x00, 0x08, 0xb0, 0x00, 0x00, 0x01, 0x00, 0x08, 0xb0, 0x00, 0x00, 0x2e, 0x60, 0x08, 0xb0,
    0x03, 0xd3, 0x09, 0xf6, 0x08, 0xb0, 0x3e, 0xc1, 0x00, 0x9f, 0x48, 0xb3, 0xec, 0x10, 0x00, 0x09,
    0xe9, 0xbc, 0xc1, 0x00, 0x00, 0x00, 0x9f, 0xfc, 0x10, 0x00, 0x00, 0x00, 0x09, 0xc1, 0x00, 0x00,
    0x00, 0x00, 0x00, 0x10, 0x00, 0x00, 0x00, 0x00, 0x03, 0x60, 0x00, 0x00, 0x00, 0x83, 0x00, 0x00,
    0x00, 0x00, 0x03, 0xe9, 0x00, 0x00, 0x00, 0x1c, 0xe3, 0x00, 0x00, 0x00, 0x03, 0xe9, 0x00, 0x00,
    0x00, 0x00, 0x1c, 0xe3, 0x00, 0x00, 0x03, 0xe9, 0x00, 0x00, 0x00, 0x00, 0x00, 0x1c, 0xe3, 0x00,
    0x03, 0xe7, 0x00, 0x00, 0x00, 0x00, 0x00, 0x00, 0x19, 0xe3, 0x01, 0xef, 0xff, 0xff, 0xff, 0xff,
    0xff, 0xff, 0xff, 0xff, 0xd0, 0x06, 0xe8, 0x44, 0x44, 0x44, 0x44, 0x44, 0x44, 0x49, 0xe3, 0x00,
    0x06, 0xf6, 0x00, 0x00, 0x00, 0x00, 0x00, 0x09, 0xe3, 0x00, 0x00, 0x06, 0xf9, 0x00, 0x00, 0x00,
    0x00, 0x09, 0xe3, 0x00, 0x00, 0x00, 0x06, 0xf9, 0x00, 0x00, 0x00, 0x09, 0xe3, 0x00, 0x00, 0x00,
    0x00, 0x06, 0x90, 0x00, 0x00, 0x01, 0xb3, 0x00, 0x00, 0x00, 0x00, 0x00, 0x00, 0x00, 0x00, 0x00,
    0x00, 0x00, 0x09, 0x90, 0x00, 0x00, 0x00, 0x00, 0x9e, 0xf9, 0x00, 0x00, 0x00, 0x09, 0xea, 0xbd,
    0x90, 0x00, 0x00, 0x9f, 0x58, 0xb3, 0xe9, 0x00, 0x09, 0xf6, 0x08, 0xb0, 0x3e, 0x90, 0x2e, 0x60,
    0x08, 0xb0, 0x03, 0xe4, 0x01, 0x00, 0x08, 0xb0, 0x00, 0x10, 0x00, 0x00, 0x08, 0xb0, 0x00, 0x00,
    0x00, 0x00, 0x08, 0xb0, 0x00, 0x00, 0x00, 0x00, 0x08, 0xb0, 0x00, 0x00, 0x00, 0x00, 0x08, 0xb0,
    0x00, 0x00, 0x00, 0x00, 0x08, 0xb0, 0x00, 0x00, 0x00, 0x00, 0x08, 0xb0, 0x00, 0x00, 0x1b, 0x30,
    0x08, 0xb0, 0x03, 0xd3, 0x09, 0xe3, 0x08, 0xb0, 0x3e, 0xc1, 0x00, 0x9e, 0x38, 0xb1, 0xdc, 0x10,
    0x00, 0x09, 0xe8, 0xbc, 0xc1, 0x00, 0x00, 0x00, 0x9f, 0xec, 0x10, 0x00, 0x00, 0x00, 0x09, 0xc1,
    0x00, 0x00, 0x00, 0x00, 0x00, 0x10, 0x00, 0x00, 0x44, 0x44, 0x44, 0x43, 0x00, 0xff, 0xff, 0xff,
    0xfb, 0x00, 0xfe, 0xa1, 0x00, 0x00, 0x00, 0xf6, 0xec, 0x10, 0x00, 0x00, 0xf8, 0x3e, 0xc1, 0x00,
    0x00, 0xf8, 0x03, 0xec, 0x10, 0x00, 0xf8, 0x00, 0x3e, 0xc1, 0x00, 0xf8, 0x00, 0x03, 0xec, 0x10,
    0x42, 0x00, 0x00, 0x3e, 0xc1, 0x00, 0x00, 0x00, 0x03, 0xb1, 0x00, 0x24, 0x44, 0x44, 0x44, 0x00,
    0x08, 0xff, 0xff, 0xff, 0xf0, 0x00, 0x00, 0x00, 0x08, 0xef, 0x00, 0x00, 0x00, 0x09, 0xf7, 0xf0,
    0x00, 0x00, 0x09, 0xf6, 0x4f, 0x00, 0x00, 0x09, 0xf6, 0x04, 0xf0, 0x00, 0x09, 0xf6, 0x00, 0x4f,
    0x00, 0x09, 0xf6, 0x00, 0x04, 0xf0, 0x09, 0xf6, 0x00, 0x00, 0x14, 0x00, 0x96, 0x00, 0x00, 0x00,
    0x00, 0x01, 0x00, 0x00, 0x00, 0x00, 0x00, 0xc9, 0x00, 0x00, 0x00, 0x00, 0x06, 0xf9, 0x00, 0x00,
    0x3b, 0x00, 0x06, 0xf9, 0x00, 0x04, 0xf0, 0x00, 0x06, 0xf9, 0x00, 0x4f, 0x00, 0x00, 0x06, 0xf9,
    0x04, 0xf0, 0x00, 0x00, 0x06, 0xf9, 0x4f, 0x00, 0x00, 0x00, 0x06, 0xf9, 0xf0, 0x00, 0x48, 0x85,
    0x48, 0xff, 0x00, 0x08, 0xff, 0xff, 0xff, 0xf0, 0x00, 0x00, 0x00, 0x00, 0x10, 0x00, 0x00, 0x00,
    0x06, 0xe2, 0xb6, 0x00, 0x00, 0x6f, 0x90, 0xf8, 0x00, 0x06, 0xf9, 0x00, 0xf8, 0x00, 0x6f, 0x90,
    0x00, 0xf8, 0x06, 0xf9, 0x00, 0x00, 0xf7, 0x6f, 0x90, 0x00, 0x00, 0xf8, 0xf9, 0x00, 0x00, 0x00,
    0xff, 0xa4, 0x48, 0x86, 0x00, 0xff, 0xff, 0xff, 0xfb, 0x00, 0x00, 0x00, 0x00, 0x00, 0x8f, 0xff,
    0xff, 0xfb, 0x24, 0x44, 0x44, 0x43, 0x00, 0x00, 0x00, 0x00, 0x24, 0x44, 0x44, 0x43, 0x8f, 0xff,
    0xff, 0xfb, 0x00, 0x00, 0x00, 0x00, 0x00, 0x00, 0x00, 0x00, 0x48, 0x88, 0x88, 0x86, 0x8f, 0xff,
    0xff, 0xfb, 0x76, 0x00, 0x00, 0x00, 0x00, 0x00, 0x00, 0x8f, 0xb4, 0x00, 0x00, 0x00, 0x00, 0x00,
    0x8f, 0xff, 0x91, 0x00, 0x00, 0x00, 0x00, 0x8f, 0xff, 0xfe, 0x70, 0x00, 0x00, 0x00, 0x8f, 0xff,
    0xff, 0xfd, 0x40, 0x00, 0x00, 0x8f, 0xff, 0xff, 0xff, 0xfa, 0x20, 0x00, 0x8f, 0xff, 0xff, 0xff,
    0xff, 0xe8, 0x10, 0x8f, 0xff, 0xff, 0xff, 0xff, 0xff, 0xd5, 0x8f, 0xff, 0xff, 0xff, 0xff, 0xff,
    0x81, 0x8f, 0xff, 0xff, 0xff, 0xff, 0xb2, 0x00, 0x8f, 0xff, 0xff, 0xff, 0xd5, 0x00, 0x00, 0x8f,
    0xff, 0xff, 0xe8, 0x00, 0x00, 0x00, 0x8f, 0xff, 0xfa, 0x20, 0x00, 0x00, 0x00, 0x8f, 0xfc, 0x40,
    0x00, 0x00, 0x00, 0x00, 0x8e, 0x70, 0x00, 0x00, 0x00, 0x00, 0x00, 0x41, 0x00, 0x00, 0x00, 0x00,
    0x00, 0x00, 0x76, 0x00, 0x00, 0x00, 0x00, 0x00, 0x00, 0x8f, 0xb4, 0x00, 0x00, 0x00, 0x00, 0x00,
    0x8f, 0xcf, 0x91, 0x00, 0x00, 0x00, 0x00, 0x8f, 0x06, 0xee, 0x70, 0x00, 0x00, 0x00, 0x8f, 0x00,
    0x18, 0xfd, 0x40, 0x00, 0x00, 0x8f, 0x00, 0x00, 0x3b, 0xfa, 0x20, 0x00, 0x8f, 0x00, 0x00, 0x00,
    0x5d, 0xe8, 0x10, 0x8f, 0x00, 0x00, 0x00, 0x01, 0x8f, 0xd5, 0x8f, 0x00, 0x00, 0x00, 0x04, 0xdf,
    0x81, 0x8f, 0x00, 0x00, 0x02, 0xaf, 0xb2, 0x00, 0x8f, 0x00, 0x01, 0x8f, 0xd5, 0x00, 0x00, 0x8f,
    0x00, 0x6d, 0xe8, 0x00, 0x00, 0x00, 0x8f, 0x3b, 0xfa, 0x20, 0x00, 0x00, 0x00, 0x8f, 0xfc, 0x40,
    0x00, 0x00, 0x00, 0x00, 0x8e, 0x70, 0x00, 0x00, 0x00, 0x00, 0x00, 0x41, 0x00, 0x00, 0x00, 0x00,
    0x00, 0x00, 0x00, 0x00, 0x27, 0x88, 0x50, 0x00, 0x00, 0x00, 0x19, 0xff, 0xff, 0xfe, 0x50, 0x00,
    0x01, 0xcf, 0xff, 0xff, 0xff, 0xf6, 0x00, 0x0a, 0xff, 0xff, 0xff, 0xff, 0xff, 0x40, 0x2f, 0xff,
    0xff, 0xff, 0xff, 0xff, 0xa0, 0x8f, 0xff, 0xff, 0xff, 0xff, 0xff, 0xf0, 0x8f, 0xff, 0xff, 0xff,
    0xff, 0xff, 0xf3, 0x8f, 0xff, 0xff, 0xff, 0xff, 0xff, 0xf1, 0x6f, 0xff, 0xff, 0xff, 0xff, 0xff,
    0xe0, 0x1e, 0xff, 0xff, 0xff, 0xff, 0xff, 0x80, 0x07, 0xff, 0xff, 0xff, 0xff, 0xfe, 0x10, 0x00,
    0x8f, 0xff, 0xff, 0xff, 0xe3, 0x00, 0x00, 0x04, 0xbf, 0xff, 0xe9, 0x10, 0x00, 0x00, 0x00, 0x01,
    0x43, 0x00, 0x00, 0x00,
};

static const prim_glyph_t ui_font_sans_17_glyphs[] = {
    {32, 0, 0, 0, 0, 0, 5},
    {33, 0, 3, 14, 1, 13, 5},
    {34, 21, 6, 6, 1, 13, 8},
    {35, 39, 11, 13, 0, 13, 11},
    {36, 111, 10, 17, 0, 15, 11},
    {37, 196, 14, 14, 1, 13, 17},
    {38, 294, 11, 14, 0, 13, 11},
    {39, 371, 3, 6, 1, 13, 5},
    {40, 380, 5, 17, 1, 14, 6},
    {41, 423, 5, 17, 0, 14, 6},
    {42, 466, 8, 8, 0, 13, 9},
    {43, 498, 9, 9, 1, 9, 11},
    {44, 539, 3, 5, 1, 2, 5},
    {45, 547, 6, 2, 1, 6, 8},
    {46, 553, 3, 4, 1, 3, 5},
    {47, 559, 6, 15, 0, 13, 6},
    {48, 604, 9, 14, 1, 13, 11},
    {49, 667, 6, 13, 0, 13, 7},
    {50, 706, 9, 13, 1, 13, 10},
    {51, 765, 9, 14, 1, 13, 11},
    {52, 828, 11, 13, 0, 13, 11},
    {53, 900, 9, 14, 1, 13, 10},
    {54, 963, 9, 14, 1, 13, 11},
    {55, 1026, 9, 13, 0, 13, 10},
    {56, 1085, 9, 14, 1, 13, 11},
    {57, 1148, 9, 14, 1, 13, 11},
    {58, 1211, 3, 10, 1, 9, 5},
    {59, 1226, 3, 12, 1, 9, 5},
    {60, 1244, 9, 10, 1, 10, 11},
    {61, 1289, 9, 6, 1, 8, 11},
    {62, 1316, 9, 10, 1, 10, 11},
    {63, 1361, 8, 14, 0, 13, 9},
    {64, 1417, 15, 16, 1, 12, 16},
    {65, 1537, 12, 13, 0, 13, 12},
    {66, 1615, 10, 13, 1, 13, 11},
    {67, 1680, 11, 14, 1, 13, 12},
    {68, 1757, 11, 13, 1, 13, 12},
    {69, 1829, 9, 13, 1, 13, 10},
    {70, 1888, 8, 13, 1, 13, 10},
    {71, 1940, 11, 14, 1, 13, 13},
    {72, 2017, 11, 13, 1, 13, 13},
    {73, 2089, 3, 13, 1, 13, 5},
    {74, 2109, 9, 14, 0, 13, 10},
    {75, 2172, 10, 13, 1, 13, 11},
    {76, 2237, 8, 13, 1, 13, 10},
    {77, 2289, 13, 13, 1, 13, 15},
    {78, 2374, 11, 13, 1, 13, 13},
    {79, 2446, 11, 14, 1, 13, 13},
    {80, 2523, 9, 13, 1, 13, 11},
    {81, 2582, 11, 15, 1, 13, 13},
    {82, 2665, 10, 13, 1, 13, 11},
    {83, 2730, 10, 14, 0, 13, 11},
    {84, 2800, 11, 13, 0, 13, 11},
    {85, 2872, 11, 14, 1, 13, 13},
    {86, 2949, 12, 13, 0, 13, 12},
    {87, 3027, 17, 13, 0, 13, 17},
    {88, 3138, 12, 13, 0, 13, 12},
    {89, 3216, 12, 13, 0, 13, 12},
    {90, 3294, 9, 13, 1, 13, 11},
    {91, 3353, 5, 17, 1, 14, 6},
    {92, 3396, 6, 15, 0, 13, 6},
    {93, 3441, 4, 17, 1, 14, 6},
    {94, 3475, 8, 6, 0, 12, 8},
    {95, 3499, 8, 2, 0, 0, 8},
    {96, 3507, 4, 3, 1, 13, 5},
    {97, 3513, 9, 11, 0, 10, 10},
    {98, 3563, 9, 14, 1, 13, 10},
    {99, 3626, 9, 11, 0, 10, 10},
    {100, 3676, 10, 14, 0, 13, 10},
    {101, 3746, 10, 11, 0, 10, 10},
    {102, 3801, 7, 13, 0, 13, 6},
    {103, 3847, 10, 14, 0, 10, 10},
    {104, 3917, 8, 13, 1, 13, 10},
    {105, 3969, 3, 13, 1, 13, 4},
    {106, 3989, 5, 17, -1, 13, 4},
    {107, 4032, 9, 13, 1, 13, 9},
    {108, 4091, 2, 13, 1, 13, 4},
    {109, 4104, 13, 10, 1, 10, 15},
    {110, 4169, 8, 10, 1, 10, 10},
    {111, 4209, 10, 11, 0, 10, 10},
    {112, 4264, 9, 14, 1, 10, 10},
    {113, 4327, 10, 14, 0, 10, 10},
    {114, 4397, 6, 10, 1, 10, 6},
    {115, 4427, 9, 11, 0, 10, 9},
    {116, 4477, 6, 13, 0, 12, 6},
    {117, 4516, 8, 11, 1, 10, 10},
    {118, 4560, 10, 10, 0, 10, 10},
    {119, 4610, 14, 10, 0, 10, 14},
    {120, 4680, 9, 10, 0, 10, 9},
    {121, 4725, 10, 14, 0, 10, 10},
    {122, 4795, 8, 10, 1, 10, 9},
    {123, 4835, 6, 17, 1, 14, 7},
    {124, 4886, 2, 21, 2, 17, 6},
    {125, 4907, 6, 17, 1, 14, 7},
    {126, 4958, 9, 4, 1, 7, 11},
    {160, 4976, 0, 0, 0, 0, 5},
    {161, 4976, 3, 13, 1, 10, 5},
    {162, 4996, 9, 13, 0, 13, 10},
    {163, 5055, 10, 13, 0, 13, 10},
    {164, 5120, 12, 12, 0, 11, 12},
    {165, 5192, 10, 13, 0, 13, 9},
    {166, 5257, 2, 16, 1, 13, 5},
    {167, 5273, 8, 16, 1, 13, 10},
    {168, 5337, 6, 3, 2, 13, 10},
    {169, 5346, 14, 14, 1, 13, 16},
    {170, 5444, 7, 8, 0, 13, 8},
    {171, 5472, 10, 9, 0, 10, 10},
    {172, 5517, 8, 5, 1, 7, 11},
    {173, 5537, 6, 3, 2, 7, 10},
    {174, 5546, 11, 11, 0, 13, 11},
    {175, 5607, 6, 2, 1, 13, 8},
    {176, 5613, 6, 7, 1, 13, 8},
    {177, 5634, 9, 10, 1, 10, 11},
    {178, 5679, 7, 8, 0, 15, 8},
    {179, 5707, 7, 8, 0, 15, 8},
    {180, 5735, 4, 3, 1, 13, 5},
    {181, 5741, 9, 14, 1, 10, 10},
    {182, 5804, 9, 13, 0, 13, 10},
    {183, 5863, 3, 3, 1, 7, 5},
    {184, 5868, 4, 5, 1, 1, 5},
    {185, 5878, 5, 8, 0, 15, 5},
    {186, 5898, 8, 8, 0, 13, 8},
    {187, 5930, 10, 9, 0, 10, 10},
    {188, 5975, 13, 13, 0, 13, 14},
    {189, 6060, 14, 13, 0, 13, 14},
    {190, 6151, 15, 13, 0, 13, 15},
    {191, 6249, 9, 14, 0, 10, 9},
    {192, 6312, 12, 17, 0, 17, 12},
    {193, 6414, 12, 17, 0, 17, 12},
    {194, 6516, 12, 17, 0, 17, 12},
    {195, 6618, 12, 16, 0, 16, 12},
    {196, 6714, 12, 16, 0, 16, 12},
    {197, 6810, 12, 17, 0, 17, 12},
    {198, 6912, 16, 13, 0, 13, 17},
    {199, 7016, 11, 17, 1, 13, 12},
    {200, 7110, 9, 17, 1, 17, 10},
    {201, 7187, 9, 17, 1, 17, 10},
    {202, 7264, 9, 17, 1, 17, 10},
    {203, 7341, 9, 16, 1, 16, 10},
    {204, 7413, 4, 17, 0, 17, 5},
    {205, 7447, 4, 17, 1, 17, 5},
    {206, 7481, 6, 17, -1, 17, 5},
    {207, 7532, 7, 16, -1, 16, 5},
    {208, 7588, 12, 13, 0, 13, 12},
    {209, 7666, 11, 16, 1, 16, 13},
    {210, 7754, 11, 18, 1, 17, 13},
    {211, 7853, 11, 18, 1, 17, 13},
    {212, 7952, 11, 18, 1, 17, 13},
    {213, 8051, 11, 17, 1, 16, 13},
    {214, 8145, 11, 17, 1, 16, 13},
    {215, 8239, 9, 9, 1, 9, 11},
    {216, 8280, 11, 14, 1, 13, 13},
    {217, 8357, 11, 18, 1, 17, 13},
    {218, 8456, 11, 18, 1, 17, 13},
    {219, 8555, 11, 18, 1, 17, 13},
    {220, 8654, 11, 17, 1, 16, 13},
    {221, 8748, 12, 17, 0, 17, 12},
    {222, 8850, 9, 13, 1, 13, 11},
    {223, 8909, 9, 13, 1, 13, 10},
    {224, 8968, 9, 14, 0, 13, 10},
    {225, 9031, 9, 14, 0, 13, 10},
    {226, 9094, 9, 14, 0, 13, 10},
    {227, 9157, 9, 14, 0, 13, 10},
    {228, 9220, 9, 14, 0, 13, 10},
    {229, 9283, 9, 16, 0, 15, 10},
    {230, 9355, 15, 11, 0, 10, 16},
    {231, 9438, 9, 14, 0, 10, 10},
    {232, 9501, 10, 14, 0, 13, 10},
    {233, 9571, 10, 14, 0, 13, 10},
    {234, 9641, 10, 14, 0, 13, 10},
    {235, 9711, 10, 14, 0, 13, 10},
    {236, 9781, 4, 13, -1, 13, 4},
    {237, 9807, 4, 13, 1, 13, 4},
    {238, 9833, 6, 13, -1, 13, 4},
    {239, 9872, 6, 13, -1, 13, 4},
    {240, 9911, 10, 15, 0, 14, 10},
    {241, 9986, 8, 13, 1, 13, 10},
    {242, 10038, 10, 14, 0, 13, 10},
    {243, 10108, 10, 14, 0, 13, 10},
    {244, 10178, 10, 14, 0, 13, 10},
    {245, 10248, 10, 14, 0, 13, 10},
    {246, 10318, 10, 14, 0, 13, 10},
    {247, 10388, 9, 10, 1, 10, 11},
    {248, 10433, 10, 11, 0, 10, 10},
    {249, 10488, 8, 14, 1, 13, 10},
    {250, 10544, 8, 14, 1, 13, 10},
    {251, 10600, 8, 14, 1, 13, 10},
    {252, 10656, 8, 14, 1, 13, 10},
    {253, 10712, 10, 17, 0, 13, 10},
    {254, 10797, 9, 17, 1, 13, 10},
    {255, 10874, 10, 17, 0, 13, 10},
    {256, 10959, 12, 16, 0, 16, 12},
    {257, 11055, 9, 14, 0, 13, 10},
    {258, 11118, 12, 17, 0, 17, 12},
    {259, 11220, 9, 14, 0, 13, 10},
    {260, 11283, 12, 17, 0, 13, 12},
    {261, 11385, 9, 14, 0, 10, 10},
    {262, 11448, 11, 18, 1, 17, 12},
    {263, 11547, 9, 14, 0, 13, 10},
    {264, 11610, 11, 18, 1, 17, 12},
    {265, 11709, 9, 14, 0, 13, 10},
    {266, 11772, 11, 17, 1, 16, 12},
    {267, 11866, 9, 14, 0, 13, 10},
    {268, 11929, 11, 18, 1, 17, 12},
    {269, 12028, 9, 14, 0, 13, 10},
    {270, 12091, 11, 17, 1, 17, 12},
    {271, 12185, 12, 14, 0, 13, 12},
    {272, 12269, 12, 13, 0, 13, 12},
    {273, 12347, 11, 14, 0, 13, 10},
    {274, 12424, 9, 16, 1, 16, 10},
    {275, 12496, 10, 14, 0, 13, 10},
    {276, 12566, 9, 17, 1, 17, 10},
    {277, 12643, 10, 14, 0, 13, 10},
    {278, 12713, 9, 16, 1, 16, 10},
    {279, 12785, 10, 14, 0, 13, 10},
    {280, 12855, 9, 17, 1, 13, 10},
    {281, 12932, 10, 14, 0, 10, 10},
    {282, 13002, 9, 17, 1, 17, 10},
    {283, 13079, 10, 14, 0, 13, 10},
    {284, 13149, 11, 18, 1, 17, 13},
    {285, 13248, 10, 17, 0, 13, 10},
    {286, 13333, 11, 18, 1, 17, 13},
    {287, 13432, 10, 17, 0, 13, 10},
    {288, 13517, 11, 17, 1, 16, 13},
    {289, 13611, 10, 17, 0, 13, 10},
    {290, 13696, 11, 18, 1, 13, 13},
    {291, 13795, 10, 18, 0, 14, 10},
    {292, 13885, 11, 17, 1, 17, 13},
    {293, 13979, 10, 17, -1, 17, 10},
    {294, 14064, 13, 13, 0, 13, 13},
    {295, 14149, 9, 13, 0, 13, 10},
    {296, 14208, 6, 16, -1, 16, 5},
    {297, 14256, 6, 13, -1, 13, 4},
    {298, 14295, 6, 16, -1, 16, 5},
    {299, 14343, 6, 13, -1, 13, 4},
    {300, 14382, 6, 17, -1, 17, 5},
    {301, 14433, 6, 13, -1, 13, 4},
    {302, 14472, 4, 17, 0, 13, 5},
    {303, 14506, 5, 17, -1, 13, 4},
    {304, 14549, 3, 16, 1, 16, 5},
    {305, 14573, 2, 10, 1, 10, 4},
    {306, 14583, 12, 14, 1, 13, 14},
    {307, 14667, 7, 17, 1, 13, 8},
    {308, 14727, 11, 18, 0, 17, 10},
    {309, 14826, 6, 17, -1, 13, 4},
    {310, 14877, 10, 18, 1, 13, 11},
    {311, 14967, 9, 18, 1, 13, 9},
    {312, 15048, 8, 10, 1, 10, 9},
    {313, 15088, 8, 17, 1, 17, 10},
    {314, 15156, 4, 17, 1, 17, 4},
    {315, 15190, 8, 18, 1, 13, 10},
    {316, 15262, 3, 18, 0, 13, 4},
    {317, 15289, 8, 13, 1, 13, 10},
    {318, 15341, 5, 13, 1, 13, 6},
    {319, 15374, 8, 13, 1, 13, 10},
    {320, 15426, 6, 13, 1, 13, 6},
    {321, 15465, 10, 13, 0, 13, 10},
    {322, 15530, 6, 13, -1, 13, 4},
    {323, 15569, 11, 17, 1, 17, 13},
    {324, 15663, 8, 13, 1, 13, 10},
    {325, 15715, 11, 18, 1, 13, 13},
    {326, 15814, 8, 15, 1, 10, 10},
    {327, 15874, 11, 17, 1, 17, 13},
    {328, 15968, 8, 13, 1, 13, 10},
    {329, 16020, 10, 14, -1, 14, 10},
    {330, 16090, 11, 17, 1, 13, 13},
    {331, 16184, 8, 14, 1, 10, 10},
    {332, 16240, 11, 17, 1, 16, 13},
    {333, 16334, 10, 14, 0, 13, 10},
    {334, 16404, 11, 18, 1, 17, 13},
    {335, 16503, 10, 14, 0, 13, 10},
    {336, 16573, 11, 18, 1, 17, 13},
    {337, 16672, 10, 14, 0, 13, 10},
    {338, 16742, 15, 13, 1, 13, 17},
    {339, 16840, 17, 11, 0, 10, 17},
    {340, 16934, 10, 17, 1, 17, 11},
    {341, 17019, 6, 13, 1, 13, 6},
    {342, 17058, 10, 18, 1, 13, 11},
    {343, 17148, 7, 15, 0, 10, 6},
    {344, 17201, 10, 17, 1, 17, 11},
    {345, 17286, 7, 13, 0, 13, 6},
    {346, 17332, 10, 18, 0, 17, 11},
    {347, 17422, 9, 14, 0, 13, 9},
    {348, 17485, 10, 18, 0, 17, 11},
    {349, 17575, 9, 14, 0, 13, 9},
    {350, 17638, 10, 17, 0, 13, 11},
    {351, 17723, 9, 14, 0, 10, 9},
    {352, 17786, 10, 18, 0, 17, 11},
    {353, 17876, 9, 14, 0, 13, 9},
    {354, 17939, 11, 17, 0, 13, 11},
    {355, 18033, 6, 16, 0, 12, 6},
    {356, 18081, 11, 17, 0, 17, 11},
    {357, 18175, 6, 15, 0, 14, 6},
    {358, 18220, 11, 13, 0, 13, 11},
    {359, 18292, 6, 13, 0, 12, 6},
    {360, 18331, 11, 17, 1, 16, 13},
    {361, 18425, 8, 14, 1, 13, 10},
    {362, 18481, 11, 17, 1, 16, 13},
    {363, 18575, 8, 14, 1, 13, 10},
    {364, 18631, 11, 18, 1, 17, 13},
    {365, 18730, 8, 14, 1, 13, 10},
    {366, 18786, 11, 18, 1, 17, 13},
    {367, 18885, 8, 16, 1, 15, 10},
    {368, 18949, 11, 18, 1, 17, 13},
    {369, 19048, 8, 14, 1, 13, 10},
    {370, 19104, 11, 17, 1, 13, 13},
    {371, 19198, 9, 14, 1, 10, 10},
    {372, 19261, 17, 17, 0, 17, 17},
    {373, 19406, 14, 13, 0, 13, 14},
    {374, 19497, 12, 17, 0, 17, 12},
    {375, 19599, 10, 17, 0, 13, 10},
    {376, 19684, 12, 16, 0, 16, 12},
    {377, 19780, 9, 17, 1, 17, 11},
    {378, 19857, 8, 13, 1, 13, 9},
    {379, 19909, 9, 16, 1, 16, 11},
    {380, 19981, 8, 13, 1, 13, 9},
    {381, 20033, 9, 17, 1, 17, 11},
    {382, 20110, 8, 13, 1, 13, 9},
    {383, 20162, 5, 13, 1, 13, 5},
    {913, 20195, 12, 13, 0, 13, 12},
    {914, 20273, 10, 13, 1, 13, 11},
    {915, 20338, 9, 13, 1, 13, 10},
    {916, 20397, 12, 13, 0, 13, 12},
    {917, 20475, 9, 13, 1, 13, 10},
    {918, 20534, 9, 13, 1, 13, 11},
    {919, 20593, 11, 13, 1, 13, 13},
    {920, 20665, 11, 14, 1, 13, 13},
    {921, 20742, 3, 13, 1, 13, 5},
    {922, 20762, 10, 13, 1, 13, 11},
    {923, 20827, 12, 13, 0, 13, 12},
    {924, 20905, 13, 13, 1, 13, 15},
    {925, 20990, 11, 13, 1, 13, 13},
    {926, 21062, 9, 13, 1, 13, 11},
    {927, 21121, 11, 14, 1, 13, 13},
    {928, 21198, 11, 13, 1, 13, 13},
    {929, 21270, 9, 13, 1, 13, 11},
    {931, 21329, 10, 13, 1, 13, 12},
    {932, 21394, 11, 13, 0, 13, 11},
    {933, 21466, 12, 13, 0, 13, 12},
    {934, 21544, 13, 14, 1, 13, 15},
    {935, 21635, 12, 13, 0, 13, 12},
    {936, 21713, 13, 13, 1, 13, 15},
    {937, 21798, 12, 13, 1, 13, 13},
    {938, 21876, 7, 16, -1, 16, 5},
    {939, 21932, 12, 16, 0, 16, 12},
    {940, 22028, 11, 14, 0, 13, 11},
    {941, 22105, 9, 14, 0, 13, 9},
    {942, 22168, 8, 17, 1, 13, 10},
    {943, 22236, 4, 14, 1, 13, 5},
    {944, 22264, 8, 16, 1, 15, 10},
    {945, 22328, 11, 11, 0, 10, 11},
    {946, 22389, 9, 17, 1, 13, 10},
    {947, 22466, 10, 14, 0, 10, 10},
    {948, 22536, 10, 14, 0, 13, 10},
    {949, 22606, 9, 11, 0, 10, 9},
    {950, 22656, 8, 16, 0, 13, 9},
    {951, 22720, 8, 14, 1, 10, 10},
    {952, 22776, 9, 14, 1, 13, 11},
    {953, 22839, 4, 11, 1, 10, 5},
    {954, 22861, 8, 10, 1, 10, 9},
    {955, 22901, 11, 14, 0, 13, 11},
    {956, 22978, 9, 14, 1, 10, 10},
    {957, 23041, 10, 10, 0, 10, 10},
    {958, 23091, 9, 16, 0, 13, 9},
    {959, 23163, 10, 11, 0, 10, 10},
    {960, 23218, 10, 11, 0, 10, 10},
    {961, 23273, 9, 14, 1, 10, 10},
    {962, 23336, 9, 13, 0, 10, 10},
    {963, 23395, 11, 11, 0, 10, 11},
    {964, 23456, 8, 11, 0, 10, 8},
    {965, 23500, 8, 11, 1, 10, 10},
    {966, 23544, 12, 14, 0, 10, 12},
    {967, 23628, 10, 14, 0, 10, 10},
    {968, 23698, 11, 16, 1, 12, 13},
    {969, 23786, 13, 11, 0, 10, 14},
    {8226, 23858, 6, 6, 2, 8, 10},
    {8304, 23876, 8, 8, 0, 15, 8},
    {8305, 23908, 3, 8, 0, 15, 3},
    {8308, 23920, 8, 8, 0, 15, 8},
    {8309, 23952, 6, 8, 1, 15, 7},
    {8310, 23976, 7, 8, 0, 15, 8},
    {8311, 24004, 7, 8, 0, 15, 7},
    {8312, 24032, 7, 8, 0, 15, 8},
    {8313, 24060, 7, 8, 0, 15, 8},
    {8314, 24088, 6, 5, 1, 13, 7},
    {8315, 24103, 6, 3, 1, 12, 7},
    {8316, 24112, 6, 5, 1, 13, 7},
    {8317, 24127, 3, 9, 1, 15, 5},
    {8318, 24141, 4, 9, 0, 15, 5},
    {8319, 24159, 7, 6, 0, 13, 7},
    {8320, 24180, 8, 8, 0, 5, 8},
    {8321, 24212, 5, 8, 0, 5, 5},
    {8322, 24232, 7, 8, 0, 5, 8},
    {8323, 24260, 7, 8, 0, 5, 8},
    {8324, 24288, 8, 8, 0, 5, 8},
    {8325, 24320, 6, 8, 1, 5, 7},
    {8326, 24344, 7, 8, 0, 5, 8},
    {8327, 24372, 7, 8, 0, 5, 7},
    {8328, 24400, 7, 8, 0, 5, 8},
    {8329, 24428, 7, 8, 0, 5, 8},
    {8330, 24456, 6, 5, 1, 3, 7},
    {8331, 24471, 6, 3, 1, 2, 7},
    {8332, 24480, 6, 5, 1, 3, 7},
    {8333, 24495, 3, 9, 1, 5, 5},
    {8334, 24509, 4, 9, 0, 5, 5},
    {8336, 24527, 6, 6, 0, 3, 7},
    {8337, 24545, 7, 6, 0, 3, 7},
    {8338, 24566, 7, 6, 0, 3, 7},
    {8339, 24587, 7, 6, 0, 3, 7},
    {8340, 24608, 7, 8, 0, 4, 8},
    {8341, 24636, 7, 8, 0, 5, 7},
    {8342, 24664, 7, 8, 0, 5, 7},
    {8343, 24692, 3, 8, 0, 5, 3},
    {8344, 24704, 10, 6, 0, 3, 11},
    {8345, 24734, 7, 6, 0, 3, 7},
    {8346, 24755, 7, 8, 0, 3, 7},
    {8347, 24783, 6, 6, 0, 3, 7},
    {8348, 24801, 4, 7, 0, 4, 4},
    {8592, 24815, 14, 11, 1, 11, 16},
    {8593, 24892, 12, 13, 1, 13, 14},
    {8594, 24970, 13, 11, 2, 11, 16},
    {8595, 25042, 12, 14, 1, 13, 14},
    {8596, 25126, 21, 11, 1, 11, 23},
    {8597, 25242, 12, 21, 1, 16, 14},
    {8598, 25368, 10, 10, 2, 10, 13},
    {8599, 25418, 11, 10, 1, 10, 13},
    {8600, 25473, 11, 10, 1, 10, 13},
    {8601, 25528, 10, 10, 2, 10, 13},
    {8801, 25578, 8, 10, 1, 11, 10},
    {9654, 25618, 14, 16, 1, 14, 16},
    {9655, 25730, 14, 16, 1, 14, 16},
    {9679, 25842, 14, 14, 1, 13, 16},
};

const prim_font_t ui_font_sans_17 = {
    .bitmap_data = ui_font_sans_17_bmp,
    .glyphs = ui_font_sans_17_glyphs,
    .glyph_count = 432,
    .line_height = 20,
    .baseline = 16,
    .ascent = 16,
    .descent = 4,
    .bpp = 4,
};
