/* Auto-generated by tools/font_gen/gen_fonts.js. Do not edit. */
#include <prim/text.h>
#include <ui/fonts.h>   /* UI_API extern decl -> correct visibility */

static const uint8_t ui_font_sans_20_bmp[] = {
    0x08, 0x60, 0x0f, 0xb0, 0x0f, 0xb0, 0x0f, 0xb0, 0x0f, 0xb0, 0x0f, 0xb0, 0x0f, 0xb0, 0x0f, 0xb0,
    0x0f, 0xb0, 0x0f, 0xb0, 0x04, 0x30, 0x00, 0x00, 0x07, 0x50, 0x6f, 0xf2, 0x4f, 0xe1, 0x01, 0x00,
    0x88, 0x04, 0x82, 0xff, 0x08, 0xf4, 0xcc, 0x08, 0xf4, 0xbb, 0x08, 0xf4, 0xbb, 0x08, 0xf0, 0xbb,
    0x08, 0xf0, 0x00, 0x00, 0x66, 0x00, 0x06, 0x60, 0x00, 0x00, 0x0f, 0x80, 0x00, 0xca, 0x00, 0x00,
    0x02, 0xf6, 0x00, 0x0f, 0x80, 0x00, 0x00, 0x4f, 0x40, 0x03, 0xf5, 0x00, 0x05, 0x8a, 0xf8, 0x88,
    0x9f, 0x98, 0x20, 0xbf, 0xff, 0xff, 0xff, 0xff, 0xf3, 0x00, 0x0b, 0xb0, 0x00, 0xac, 0x00, 0x00,
    0x00, 0xe8, 0x00, 0x0c, 0xa0, 0x00, 0x00, 0x1f, 0x60, 0x00, 0xf8, 0x00, 0x04, 0x89, 0xf9, 0x88,
    0x8f, 0xa8, 0x40, 0x8f, 0xff, 0xff, 0xff, 0xff, 0xf4, 0x00, 0x08, 0xd0, 0x00, 0x8f, 0x00, 0x00,
    0x00, 0xbb, 0x00, 0x09, 0xc0, 0x00, 0x00, 0x0e, 0x80, 0x00, 0xba, 0x00, 0x00, 0x01, 0xf7, 0x00,
    0x0f, 0x80, 0x00, 0x00, 0x00, 0x00, 0x3b, 0x00, 0x00, 0x00, 0x00, 0x04, 0xf0, 0x00, 0x00, 0x00,
    0x17, 0xbf, 0xa7, 0x10, 0x00, 0x3e, 0xff, 0xff, 0xfe, 0x30, 0x1e, 0xf7, 0x4f, 0x06, 0xee, 0x16,
    0xf8, 0x04, 0xf0, 0x08, 0xf7, 0x8f, 0x60, 0x4f, 0x00, 0x00, 0x03, 0xfc, 0x14, 0xf0, 0x00, 0x00,
    0x09, 0xfe, 0xaf, 0x00, 0x00, 0x00, 0x07, 0xdf, 0xff, 0xa4, 0x00, 0x00, 0x00, 0x6f, 0xcf, 0xf9,
    0x00, 0x00, 0x04, 0xf0, 0x2c, 0xf6, 0x00, 0x00, 0x4f, 0x00, 0x3f, 0xa8, 0xb1, 0x04, 0xf0, 0x03,
    0xfa, 0x9f, 0x90, 0x4f, 0x00, 0xaf, 0x71, 0xef, 0xc9, 0xf8, 0xdf, 0xc0, 0x01, 0x9f, 0xff, 0xfe,
    0x81, 0x00, 0x00, 0x07, 0xf4, 0x00, 0x00, 0x00, 0x00, 0x4f, 0x00, 0x00, 0x00, 0x00, 0x01, 0x40,
    0x00, 0x00, 0x05, 0xbb, 0x80, 0x00, 0x00, 0x02, 0x83, 0x00, 0x5f, 0xa8, 0xf8, 0x00, 0x00, 0x0b,
    0xc1, 0x00, 0xad, 0x00, 0x9d, 0x00, 0x00, 0x8f, 0x30, 0x00, 0xbb, 0x00, 0x8f, 0x00, 0x03, 0xf8,
    0x00, 0x00, 0xbc, 0x00, 0x9e, 0x00, 0x0c, 0xc0, 0x00, 0x00, 0x6f, 0x88, 0xe8, 0x00, 0x8e, 0x30,
    0x00, 0x00, 0x07, 0xcc, 0x80, 0x04, 0xf7, 0x00, 0x00, 0x00, 0x00, 0x00, 0x00, 0x1d, 0xb0, 0x00,
    0x00, 0x00, 0x00, 0x00, 0x00, 0x8e, 0x20, 0x03, 0x63, 0x00, 0x00, 0x00, 0x04, 0xf6, 0x00, 0x8f,
    0xff, 0x90, 0x00, 0x00, 0x1e, 0xa0, 0x02, 0xf8, 0x07, 0xf3, 0x00, 0x00, 0xae, 0x10, 0x04, 0xf4,
    0x01, 0xf7, 0x00, 0x05, 0xf5, 0x00, 0x04, 0xf4, 0x01, 0xf7, 0x00, 0x1e, 0x90, 0x00, 0x02, 0xf8,
    0x07, 0xf3, 0x00, 0xbd, 0x10, 0x00, 0x00, 0x6f, 0xff, 0x80, 0x00, 0x00, 0x00, 0x00, 0x00, 0x02,
    0x42, 0x00, 0x00, 0x18, 0xb9, 0x60, 0x00, 0x00, 0x02, 0xef, 0xce, 0xf8, 0x00, 0x00, 0x09, 0xf6,
    0x00, 0xbf, 0x20, 0x00, 0x0b, 0xf0, 0x00, 0x8f, 0x40, 0x00, 0x0a, 0xf2, 0x01, 0xcf, 0x20, 0x00,
    0x04, 0xfb, 0x2c, 0xf8, 0x00, 0x00, 0x00, 0x9f, 0xff, 0x80, 0x00, 0x00, 0x00, 0x8f, 0xf8, 0x00,
    0x00, 0x00, 0x0b, 0xfb, 0xdf, 0x30, 0x08, 0x60, 0x8f, 0x90, 0x3e, 0xe2, 0x0f, 0xb0, 0xee, 0x00,
    0x05, 0xfc, 0x6f, 0x80, 0xfc, 0x00, 0x00, 0x7f, 0xff, 0x20, 0xbf, 0x30, 0x00, 0x0d, 0xfa, 0x00,
    0x4f, 0xe8, 0x48, 0xdf, 0xef, 0x60, 0x04, 0xcf, 0xff, 0xd8, 0x1d, 0xe3, 0x00, 0x01, 0x42, 0x00,
    0x00, 0x00, 0x88, 0xff, 0xcc, 0xbb, 0xbb, 0xbb, 0x00, 0x48, 0x20, 0x0d, 0xd0, 0x05, 0xf8, 0x00,
    0xaf, 0x20, 0x0f, 0xc0, 0x04, 0xf8, 0x00, 0x8f, 0x50, 0x0a, 0xf2, 0x00, 0xbf, 0x00, 0x0b, 0xf0,
    0x00, 0xbf, 0x00, 0x0b, 0xf0, 0x00, 0xaf, 0x20, 0x08, 0xf6, 0x00, 0x3f, 0x90, 0x00, 0xde, 0x00,
    0x08, 0xf6, 0x00, 0x1e, 0xb0, 0x00, 0x7b, 0x20, 0x08, 0x60, 0x00, 0x09, 0xf2, 0x00, 0x03, 0xf9,
    0x00, 0x00, 0xde, 0x00, 0x00, 0x8f, 0x50, 0x00, 0x4f, 0x80, 0x00, 0x0f, 0xb0, 0x00, 0x0c, 0xf0,
    0x00, 0x0b, 0xf0, 0x00, 0x0a, 0xf4, 0x00, 0x0a, 0xf4, 0x00, 0x0b, 0xf1, 0x00, 0x0c, 0xf0, 0x00,
    0x1f, 0xb0, 0x00, 0x6f, 0x80, 0x00, 0xaf, 0x20, 0x01, 0xfb, 0x00, 0x08, 0xf4, 0x00, 0x0a, 0x90,
    0x00, 0x00, 0x06, 0x60, 0x00, 0x00, 0x0b, 0xb0, 0x00, 0x8a, 0x28, 0xa1, 0xa8, 0x6d, 0xec, 0xce,
    0xd6, 0x00, 0x9f, 0xf9, 0x00, 0x4b, 0xfc, 0xcf, 0xb4, 0x8b, 0x28, 0xa2, 0xb9, 0x10, 0x0b, 0xb0,
    0x01, 0x00, 0x08, 0x80, 0x00, 0x00, 0x00, 0x28, 0x40, 0x00, 0x00, 0x00, 0x04, 0xf8, 0x00, 0x00,
    0x00, 0x00, 0x4f, 0x80, 0x00, 0x00, 0x00, 0x04, 0xf8, 0x00, 0x00, 0x08, 0x88, 0x9f, 0xb8, 0x88,
    0x20, 0xff, 0xff, 0xff, 0xff, 0xf4, 0x00, 0x00, 0x4f, 0x80, 0x00, 0x00, 0x00, 0x04, 0xf8, 0x00,
    0x00, 0x00, 0x00, 0x4f, 0x80, 0x00, 0x00, 0x00, 0x04, 0xf8, 0x00, 0x00, 0x00, 0x00, 0x00, 0x00,
    0x00, 0x00, 0x00, 0x00, 0x0f, 0xe0, 0x2f, 0xa0, 0x4f, 0x70, 0x8f, 0x20, 0x8d, 0x00, 0x66, 0x00,
    0x00, 0x00, 0x00, 0x08, 0xff, 0xff, 0xfb, 0x48, 0x88, 0x88, 0x60, 0x07, 0x50, 0x6f, 0xf3, 0x4f,
    0xe1, 0x01, 0x00, 0x00, 0x00, 0x04, 0x30, 0x00, 0x01, 0xf8, 0x00, 0x00, 0x5f, 0x50, 0x00, 0x09,
    0xf0, 0x00, 0x00, 0xdb, 0x00, 0x00, 0x2f, 0x80, 0x00, 0x06, 0xf3, 0x00, 0x00, 0xae, 0x00, 0x00,
    0x0e, 0xa0, 0x00, 0x03, 0xf6, 0x00, 0x00, 0x8f, 0x20, 0x00, 0x0b, 0xd0, 0x00, 0x00, 0xf9, 0x00,
    0x00, 0x5f, 0x50, 0x00, 0x08, 0xf1, 0x00, 0x00, 0xcc, 0x00, 0x00, 0x2f, 0x80, 0x00, 0x06, 0xf4,
    0x00, 0x00, 0x24, 0x00, 0x00, 0x00, 0x00, 0x06, 0xab, 0x94, 0x00, 0x00, 0x1c, 0xff, 0xef, 0xf6,
    0x00, 0x09, 0xf9, 0x10, 0x2c, 0xf4, 0x02, 0xfb, 0x00, 0x00, 0x3f, 0xb0, 0x7f, 0x60, 0x00, 0x00,
    0xcf, 0x1a, 0xf3, 0x00, 0x00, 0x08, 0xf4, 0xbf, 0x00, 0x00, 0x00, 0x8f, 0x6b, 0xf0, 0x00, 0x00,
    0x04, 0xf8, 0xbf, 0x00, 0x00, 0x00, 0x6f, 0x8b, 0xf1, 0x00, 0x00, 0x08, 0xf4, 0x8f, 0x40, 0x00,
    0x00, 0x9f, 0x35, 0xf9, 0x00, 0x00, 0x1e, 0xe0, 0x0d, 0xf3, 0x00, 0x09, 0xf8, 0x00, 0x4f, 0xe8,
    0x8b, 0xfc, 0x10, 0x00, 0x5d, 0xff, 0xf9, 0x10, 0x00, 0x00, 0x02, 0x41, 0x00, 0x00, 0x00, 0x03,
    0x88, 0x40, 0x06, 0xef, 0xf8, 0x09, 0xfc, 0xaf, 0x80, 0xf9, 0x18, 0xf8, 0x06, 0x00, 0x8f, 0x80,
    0x00, 0x08, 0xf8, 0x00, 0x00, 0x8f, 0x80, 0x00, 0x08, 0xf8, 0x00, 0x00, 0x8f, 0x80, 0x00, 0x08,
    0xf8, 0x00, 0x00, 0x8f, 0x80, 0x00, 0x08, 0xf8, 0x00, 0x00, 0x8f, 0x80, 0x00, 0x08, 0xf8, 0x00,
    0x00, 0x8f, 0x80, 0x00, 0x27, 0xbb, 0x82, 0x00, 0x03, 0xef, 0xee, 0xff, 0x60, 0x1e, 0xe4, 0x00,
    0x4e, 0xe2, 0x5f, 0x80, 0x00, 0x06, 0xf7, 0x48, 0x20, 0x00, 0x04, 0xf8, 0x00, 0x00, 0x00, 0x08,
    0xf6, 0x00, 0x00, 0x00, 0x1e, 0xd1, 0x00, 0x00, 0x01, 0xcf, 0x50, 0x00, 0x00, 0x0a, 0xf7, 0x00,
    0x00, 0x00, 0x9f, 0x90, 0x00, 0x00, 0x09, 0xf9, 0x00, 0x00, 0x00, 0x8f, 0x90, 0x00, 0x00, 0x06,
    0xfc, 0x00, 0x00, 0x00, 0x5f, 0xfc, 0xbb, 0xbb, 0xb8, 0x8f, 0xff, 0xff, 0xff, 0xfb, 0x00, 0x17,
    0xbb, 0x94, 0x00, 0x00, 0x3e, 0xff, 0xdf, 0xf8, 0x00, 0x1e, 0xe4, 0x00, 0x2c, 0xf4, 0x06, 0xf7,
    0x00, 0x00, 0x5f, 0x80, 0x00, 0x00, 0x00, 0x04, 0xf9, 0x00, 0x00, 0x00, 0x00, 0x8f, 0x60, 0x00,
    0x01, 0x44, 0x9f, 0xb0, 0x00, 0x00, 0x4f, 0xff, 0xb1, 0x00, 0x00, 0x01, 0x46, 0x8e, 0xe3, 0x00,
    0x00, 0x00, 0x00, 0x3f, 0xd0, 0x00, 0x00, 0x00, 0x00, 0xbf, 0x28, 0xb2, 0x00, 0x00, 0x0b, 0xf2,
    0x8f, 0x90, 0x00, 0x03, 0xfd, 0x01, 0xcf, 0xc8, 0x89, 0xff, 0x40, 0x01, 0x9f, 0xff, 0xfb, 0x30,
    0x00, 0x00, 0x03, 0x41, 0x00, 0x00, 0x00, 0x00, 0x00, 0x58, 0x60, 0x00, 0x00, 0x00, 0x2f, 0xfb,
    0x00, 0x00, 0x00, 0x0b, 0xef, 0xb0, 0x00, 0x00, 0x07, 0xf7, 0xfb, 0x00, 0x00, 0x01, 0xec, 0x0f,
    0xb0, 0x00, 0x00, 0xaf, 0x30, 0xfb, 0x00, 0x00, 0x4f, 0x80, 0x0f, 0xb0, 0x00, 0x1d, 0xd1, 0x00,
    0xfb, 0x00, 0x08, 0xf4, 0x00, 0x0f, 0xb0, 0x03, 0xfa, 0x00, 0x00, 0xfb, 0x00, 0xaf, 0x98, 0x88,
    0x8f, 0xd8, 0x6b, 0xff, 0xff, 0xff, 0xff, 0xfb, 0x00, 0x00, 0x00, 0x0f, 0xb0, 0x00, 0x00, 0x00,
    0x00, 0xfb, 0x00, 0x00, 0x00, 0x00, 0x0f, 0xb0, 0x00, 0x06, 0x88, 0x88, 0x88, 0x80, 0x0b, 0xff,
    0xff, 0xff, 0xf0, 0x0e, 0xc0, 0x00, 0x00, 0x00, 0x0f, 0xb0, 0x00, 0x00, 0x00, 0x3f, 0x90, 0x00,
    0x00, 0x00, 0x4f, 0x83, 0x88, 0x50, 0x00, 0x6f, 0xef, 0xff, 0xfc, 0x20, 0x6b, 0x95, 0x14, 0xaf,
    0xc0, 0x00, 0x00, 0x00, 0x0a, 0xf6, 0x00, 0x00, 0x00, 0x04, 0xf9, 0x00, 0x00, 0x00, 0x04, 0xfb,
    0x8b, 0x10, 0x00, 0x05, 0xf8, 0x8f, 0x80, 0x00, 0x1c, 0xf3, 0x1d, 0xfb, 0x88, 0xdf, 0x80, 0x01,
    0x9f, 0xff, 0xe7, 0x00, 0x00, 0x00, 0x43, 0x00, 0x00, 0x00, 0x04, 0x9b, 0xa6, 0x00, 0x00, 0x09,
    0xff, 0xff, 0xfb, 0x10, 0x08, 0xf9, 0x10, 0x19, 0xf8, 0x01, 0xec, 0x00, 0x00, 0x1e, 0xe0, 0x6f,
    0x60, 0x00, 0x00, 0x00, 0x08, 0xf2, 0x16, 0x87, 0x20, 0x00, 0xbf, 0x3e, 0xff, 0xff, 0x80, 0x0b,
    0xfe, 0xb4, 0x15, 0xdf, 0x60, 0xbf, 0xb0, 0x00, 0x02, 0xfd, 0x0b, 0xf5, 0x00, 0x00, 0x0a, 0xf3,
    0x9f, 0x40, 0x00, 0x00, 0x8f, 0x46, 0xf7, 0x00, 0x00, 0x0c, 0xf1, 0x1e, 0xe3, 0x00, 0x06, 0xfb,
    0x00, 0x6f, 0xe8, 0x89, 0xfe, 0x30, 0x00, 0x5d, 0xff, 0xfb, 0x30, 0x00, 0x00, 0x02, 0x41, 0x00,
    0x00, 0x08, 0x88, 0x88, 0x88, 0x88, 0x20, 0xff, 0xff, 0xff, 0xff, 0xf4, 0x00, 0x00, 0x00, 0x00,
    0xbf, 0x30, 0x00, 0x00, 0x00, 0x4f, 0xb0, 0x00, 0x00, 0x00, 0x0b, 0xf4, 0x00, 0x00, 0x00, 0x04,
    0xfb, 0x00, 0x00, 0x00, 0x00, 0xbf, 0x20, 0x00, 0x00, 0x00, 0x4f, 0x90, 0x00, 0x00, 0x00, 0x0b,
    0xf2, 0x00, 0x00, 0x00, 0x04, 0xf9, 0x00, 0x00, 0x00, 0x00, 0xbf, 0x20, 0x00, 0x00, 0x00, 0x4f,
    0x90, 0x00, 0x00, 0x00, 0x0b, 0xf2, 0x00, 0x00, 0x00, 0x04, 0xf9, 0x00, 0x00, 0x00, 0x00, 0xbf,
    0x20, 0x00, 0x00, 0x00, 0x00, 0x17, 0xbb, 0x84, 0x00, 0x00, 0x3e, 0xfe, 0xdf, 0xf8, 0x00, 0x0d,
    0xf6, 0x00, 0x2c, 0xf4, 0x04, 0xf9, 0x00, 0x00, 0x5f, 0x80, 0x4f, 0x80, 0x00, 0x04, 0xf9, 0x01,
    0xed, 0x00, 0x00, 0x8f, 0x60, 0x06, 0xfb, 0x54, 0x9f, 0xa0, 0x00, 0x08, 0xff, 0xff, 0xc2, 0x00,
    0x0c, 0xfa, 0x54, 0x8e, 0xe3, 0x07, 0xf8, 0x00, 0x00, 0x3f, 0xd0, 0xbf, 0x10, 0x00, 0x00, 0xbf,
    0x2b, 0xf1, 0x00, 0x00, 0x0b, 0xf3, 0x8f, 0x80, 0x00, 0x03, 0xfe, 0x01, 0xdf, 0xb8, 0x89, 0xef,
    0x50, 0x01, 0x9f, 0xff, 0xfb, 0x40, 0x00, 0x00, 0x03, 0x41, 0x00, 0x00, 0x00, 0x28, 0xbb, 0x82,
    0x00, 0x00, 0x6e, 0xff, 0xff, 0xf6, 0x00, 0x2e, 0xe6, 0x00, 0x4e, 0xf3, 0x08, 0xf7, 0x00, 0x00,
    0x4f, 0x90, 0xbf, 0x10, 0x00, 0x00, 0xce, 0x0b, 0xf0, 0x00, 0x00, 0x0c, 0xf2, 0x9f, 0x50, 0x00,
    0x02, 0xff, 0x44, 0xfd, 0x20, 0x01, 0xcf, 0xf4, 0x08, 0xff, 0xbb, 0xec, 0x8f, 0x40, 0x05, 0xbf,
    0xd9, 0x19, 0xf0, 0x00, 0x00, 0x00, 0x00, 0xcd, 0x08, 0xb3, 0x00, 0x00, 0x2f, 0x80, 0x6f, 0xa0,
    0x00, 0x1c, 0xf2, 0x00, 0xbf, 0xb8, 0x8d, 0xf8, 0x00, 0x01, 0x8f, 0xff, 0xe7, 0x00, 0x00, 0x00,
    0x04, 0x30, 0x00, 0x00, 0x06, 0x40, 0x6f, 0xf2, 0x4f, 0xe1, 0x03, 0x20, 0x00, 0x00, 0x00, 0x00,
    0x00, 0x00, 0x00, 0x00, 0x07, 0x50, 0x6f, 0xf3, 0x4f, 0xe1, 0x01, 0x00, 0x04, 0x60, 0x2f, 0xf6,
    0x1e, 0xf5, 0x01, 0x30, 0x00, 0x00, 0x00, 0x00, 0x00, 0x00, 0x00, 0x00, 0x00, 0x00, 0x0f, 0xe0,
    0x2f, 0xa0, 0x4f, 0x70, 0x8f, 0x20, 0x8d, 0x00, 0x66, 0x00, 0x00, 0x00, 0x00, 0x00, 0x4b, 0x00,
    0x00, 0x00, 0x4b, 0xff, 0x00, 0x00, 0x4b, 0xff, 0x92, 0x00, 0x4b, 0xff, 0x92, 0x00, 0x2b, 0xfe,
    0x81, 0x00, 0x00, 0x4f, 0xf7, 0x00, 0x00, 0x00, 0x06, 0xdf, 0xd6, 0x00, 0x00, 0x00, 0x06, 0xdf,
    0xe8, 0x10, 0x00, 0x00, 0x06, 0xdf, 0xe8, 0x00, 0x00, 0x00, 0x06, 0xdf, 0x00, 0x00, 0x00, 0x00,
    0x06, 0x68, 0x88, 0x88, 0x88, 0x80, 0xbf, 0xff, 0xff, 0xff, 0xf0, 0x00, 0x00, 0x00, 0x00, 0x00,
    0x00, 0x00, 0x00, 0x00, 0x00, 0x68, 0x88, 0x88, 0x88, 0x80, 0xbf, 0xff, 0xff, 0xff, 0xf0, 0x34,
    0x44, 0x44, 0x44, 0x40, 0x96, 0x00, 0x00, 0x00, 0x00, 0xbf, 0xd6, 0x00, 0x00, 0x00, 0x18, 0xef,
    0xd6, 0x00, 0x00, 0x00, 0x18, 0xef, 0xd6, 0x00, 0x00, 0x00, 0x06, 0xdf, 0xd4, 0x00, 0x00, 0x00,
    0x4e, 0xf8, 0x00, 0x00, 0x5b, 0xfe, 0x81, 0x00, 0x6d, 0xfe, 0x81, 0x00, 0x5d, 0xfe, 0x81, 0x00,
    0x00, 0xbe, 0x81, 0x00, 0x00, 0x00, 0x51, 0x00, 0x00, 0x00, 0x00, 0x00, 0x17, 0xbb, 0x82, 0x00,
    0x03, 0xef, 0xdc, 0xfe, 0x40, 0x0d, 0xf6, 0x00, 0x4e, 0xd0, 0x2f, 0xb0, 0x00, 0x09, 0xf3, 0x00,
    0x00, 0x00, 0x09, 0xf4, 0x00, 0x00, 0x00, 0x1e, 0xe0, 0x00, 0x00, 0x04, 0xdf, 0x60, 0x00, 0x00,
    0x6f, 0xe5, 0x00, 0x00, 0x00, 0xee, 0x30, 0x00, 0x00, 0x04, 0xf8, 0x00, 0x00, 0x00, 0x02, 0x84,
    0x00, 0x00, 0x00, 0x00, 0x00, 0x00, 0x00, 0x00, 0x01, 0x83, 0x00, 0x00, 0x00, 0x09, 0xfe, 0x00,
    0x00, 0x00, 0x08, 0xfb, 0x00, 0x00, 0x00, 0x00, 0x10, 0x00, 0x00, 0x00, 0x00, 0x00, 0x00, 0x00,
    0x00, 0x00, 0x00, 0x00, 0x00, 0x00, 0x28, 0xbf, 0xff, 0xfb, 0x60, 0x00, 0x00, 0x00, 0x08, 0xff,
    0xa8, 0x66, 0x8c, 0xfd, 0x30, 0x00, 0x00, 0x9f, 0xa2, 0x00, 0x00, 0x00, 0x4c, 0xe3, 0x00, 0x07,
    0xf9, 0x00, 0x00, 0x00, 0x00, 0x01, 0xcd, 0x10, 0x0e, 0xd0, 0x00, 0x4a, 0xb9, 0x38, 0x40, 0x4f,
    0x70, 0x5f, 0x60, 0x06, 0xfd, 0xbc, 0xef, 0x80, 0x0c, 0xc0, 0x8f, 0x10, 0x2f, 0x90, 0x00, 0x8f,
    0x80, 0x08, 0xf0, 0xbe, 0x00, 0x7f, 0x20, 0x00, 0x1f, 0x80, 0x08, 0xf0, 0xbb, 0x00, 0x8f, 0x00,
    0x00, 0x0f, 0x80, 0x08, 0xf0, 0xbb, 0x00, 0x8f, 0x00, 0x00, 0x0f, 0x80, 0x08, 0xf0, 0xbf, 0x00,
    0x6f, 0x30, 0x00, 0x3f, 0x80, 0x09, 0xe0, 0x8f, 0x20, 0x1e, 0xc1, 0x01, 0xcf, 0x90, 0x0d, 0xa0,
    0x5f, 0x70, 0x06, 0xff, 0xcf, 0xbb, 0xfb, 0xdf, 0x30, 0x0d, 0xe1, 0x00, 0x48, 0xa7, 0x11, 0x7b,
    0x94, 0x00, 0x05, 0xfc, 0x10, 0x00, 0x00, 0x00, 0x00, 0x00, 0x00, 0x00, 0x6f, 0xc5, 0x00, 0x00,
    0x00, 0x20, 0x00, 0x00, 0x00, 0x05, 0xdf, 0xeb, 0x88, 0xad, 0xf4, 0x00, 0x00, 0x00, 0x00, 0x05,
    0x8b, 0xbb, 0xb9, 0x61, 0x00, 0x00, 0x00, 0x00, 0x02, 0x88, 0x00, 0x00, 0x00, 0x00, 0x00, 0x09,
    0xff, 0x50, 0x00, 0x00, 0x00, 0x00, 0x0e, 0xae, 0xa0, 0x00, 0x00, 0x00, 0x00, 0x5f, 0x6a, 0xf1,
    0x00, 0x00, 0x00, 0x00, 0xaf, 0x26, 0xf7, 0x00, 0x00, 0x00, 0x01, 0xfc, 0x01, 0xfc, 0x00, 0x00,
    0x00, 0x06, 0xf7, 0x00, 0xaf, 0x20, 0x00, 0x00, 0x0c, 0xf2, 0x00, 0x6f, 0x80, 0x00, 0x00, 0x2f,
    0xa0, 0x00, 0x0e, 0xd0, 0x00, 0x00, 0x8f, 0xdb, 0xbb, 0xbe, 0xf5, 0x00, 0x00, 0xdf, 0xff, 0xff,
    0xff, 0xf9, 0x00, 0x03, 0xfa, 0x00, 0x00, 0x00, 0xde, 0x10, 0x09, 0xf6, 0x00, 0x00, 0x00, 0x8f,
    0x60, 0x0e, 0xe1, 0x00, 0x00, 0x00, 0x3f, 0xb0, 0x5f, 0x90, 0x00, 0x00, 0x00, 0x0d, 0xf2, 0x28,
    0x88, 0x88, 0x86, 0x10, 0x04, 0xff, 0xff, 0xff, 0xfe, 0x30, 0x4f, 0x80, 0x00, 0x27, 0xfe, 0x14,
    0xf8, 0x00, 0x00, 0x08, 0xf4, 0x4f, 0x80, 0x00, 0x00, 0x8f, 0x74, 0xf8, 0x00, 0x00, 0x0a, 0xf3,
    0x4f, 0x94, 0x44, 0x4a, 0xf8, 0x04, 0xff, 0xff, 0xff, 0xf9, 0x10, 0x4f, 0xb8, 0x88, 0x89, 0xfd,
    0x14, 0xf8, 0x00, 0x00, 0x07, 0xf9, 0x4f, 0x80, 0x00, 0x00, 0x0e, 0xe4, 0xf8, 0x00, 0x00, 0x00,
    0xdf, 0x4f, 0x80, 0x00, 0x00, 0x6f, 0xa4, 0xfd, 0xbb, 0xbb, 0xcf, 0xe3, 0x4f, 0xff, 0xff, 0xfd,
    0x92, 0x00, 0x00, 0x01, 0x6a, 0xbb, 0x72, 0x00, 0x00, 0x03, 0xdf, 0xff, 0xff, 0xf7, 0x00, 0x03,
    0xef, 0x82, 0x01, 0x6e, 0xf7, 0x00, 0xcf, 0x60, 0x00, 0x00, 0x1e, 0xe1, 0x5f, 0x90, 0x00, 0x00,
    0x00, 0x8f, 0x68, 0xf5, 0x00, 0x00, 0x00, 0x00, 0x00, 0xbf, 0x10, 0x00, 0x00, 0x00, 0x00, 0x0b,
    0xf0, 0x00, 0x00, 0x00, 0x00, 0x00, 0xbf, 0x00, 0x00, 0x00, 0x00, 0x00, 0x0a, 0xf3, 0x00, 0x00,
    0x00, 0x00, 0x00, 0x7f, 0x70, 0x00, 0x00, 0x00, 0x48, 0x42, 0xfe, 0x10, 0x00, 0x00, 0x0b, 0xf3,
    0x08, 0xfc, 0x20, 0x00, 0x09, 0xfb, 0x00, 0x09, 0xff, 0xa8, 0x8d, 0xfc, 0x10, 0x00, 0x06, 0xdf,
    0xff, 0xe8, 0x10, 0x00, 0x00, 0x00, 0x14, 0x30, 0x00, 0x00, 0x28, 0x88, 0x88, 0x85, 0x10, 0x00,
    0x04, 0xff, 0xff, 0xff, 0xfe, 0x70, 0x00, 0x4f, 0x80, 0x00, 0x47, 0xef, 0x80, 0x04, 0xf8, 0x00,
    0x00, 0x01, 0xcf, 0x40, 0x4f, 0x80, 0x00, 0x00, 0x04, 0xfa, 0x04, 0xf8, 0x00, 0x00, 0x00, 0x0c,
    0xf0, 0x4f, 0x80, 0x00, 0x00, 0x00, 0x9f, 0x44, 0xf8, 0x00, 0x00, 0x00, 0x08, 0xf4, 0x4f, 0x80,
    0x00, 0x00, 0x00, 0x8f, 0x44, 0xf8, 0x00, 0x00, 0x00, 0x0b, 0xf1, 0x4f, 0x80, 0x00, 0x00, 0x01,
    0xfd, 0x04, 0xf8, 0x00, 0x00, 0x00, 0x9f, 0x80, 0x4f, 0x80, 0x00, 0x01, 0x9f, 0xc1, 0x04, 0xfd,
    0xbb, 0xbb, 0xff, 0xc1, 0x00, 0x4f, 0xff, 0xff, 0xfb, 0x60, 0x00, 0x00, 0x28, 0x88, 0x88, 0x88,
    0x84, 0x4f, 0xff, 0xff, 0xff, 0xf8, 0x4f, 0x80, 0x00, 0x00, 0x00, 0x4f, 0x80, 0x00, 0x00, 0x00,
    0x4f, 0x80, 0x00, 0x00, 0x00, 0x4f, 0x80, 0x00, 0x00, 0x00, 0x4f, 0x94, 0x44, 0x44, 0x41, 0x4f,
    0xff, 0xff, 0xff, 0xf4, 0x4f, 0xb8, 0x88, 0x88, 0x82, 0x4f, 0x80, 0x00, 0x00, 0x00, 0x4f, 0x80,
    0x00, 0x00, 0x00, 0x4f, 0x80, 0x00, 0x00, 0x00, 0x4f, 0x80, 0x00, 0x00, 0x00, 0x4f, 0xdb, 0xbb,
    0xbb, 0xb8, 0x4f, 0xff, 0xff, 0xff, 0xfb, 0x28, 0x88, 0x88, 0x88, 0x84, 0x4f, 0xff, 0xff, 0xff,
    0xf8, 0x4f, 0x80, 0x00, 0x00, 0x00, 0x4f, 0x80, 0x00, 0x00, 0x00, 0x4f, 0x80, 0x00, 0x00, 0x00,
    0x4f, 0x80, 0x00, 0x00, 0x00, 0x4f, 0x80, 0x00, 0x00, 0x00, 0x4f, 0xff, 0xff, 0xff, 0xf0, 0x4f,
    0xdb, 0xbb, 0xbb, 0xb0, 0x4f, 0x80, 0x00, 0x00, 0x00, 0x4f, 0x80, 0x00, 0x00, 0x00, 0x4f, 0x80,
    0x00, 0x00, 0x00, 0x4f, 0x80, 0x00, 0x00, 0x00, 0x4f, 0x80, 0x00, 0x00, 0x00, 0x4f, 0x80, 0x00,
    0x00, 0x00, 0x00, 0x01, 0x6a, 0xbb, 0x72, 0x00, 0x00, 0x04, 0xef, 0xff, 0xff, 0xf7, 0x00, 0x03,
    0xff, 0x82, 0x01, 0x6e, 0xf7, 0x00, 0xdf, 0x60, 0x00, 0x00, 0x3e, 0xe2, 0x5f, 0x90, 0x00, 0x00,
    0x00, 0x8f, 0x78, 0xf5, 0x00, 0x00, 0x00, 0x00, 0x00, 0xbf, 0x10, 0x00, 0x00, 0x00, 0x00, 0x0b,
    0xf0, 0x00, 0x00, 0x44, 0x44, 0x43, 0xbf, 0x00, 0x00, 0x0f, 0xff, 0xff, 0xba, 0xf3, 0x00, 0x00,
    0x44, 0x47, 0xfb, 0x7f, 0x70, 0x00, 0x00, 0x00, 0x5f, 0x82, 0xfe, 0x10, 0x00, 0x00, 0x0a, 0xf5,
    0x08, 0xfc, 0x20, 0x00, 0x08, 0xfc, 0x00, 0x09, 0xff, 0xa8, 0x8d, 0xfe, 0x30, 0x00, 0x06, 0xdf,
    0xff, 0xe9, 0x10, 0x00, 0x00, 0x00, 0x14, 0x30, 0x00, 0x00, 0x28, 0x40, 0x00, 0x00, 0x00, 0x68,
    0x04, 0xf8, 0x00, 0x00, 0x00, 0x0b, 0xf0, 0x4f, 0x80, 0x00, 0x00, 0x00, 0xbf, 0x04, 0xf8, 0x00,
    0x00, 0x00, 0x0b, 0xf0, 0x4f, 0x80, 0x00, 0x00, 0x00, 0xbf, 0x04, 0xf8, 0x00, 0x00, 0x00, 0x0b,
    0xf0, 0x4f, 0x94, 0x44, 0x44, 0x44, 0xcf, 0x04, 0xff, 0xff, 0xff, 0xff, 0xff, 0xf0, 0x4f, 0xb8,
    0x88, 0x88, 0x88, 0xdf, 0x04, 0xf8, 0x00, 0x00, 0x00, 0x0b, 0xf0, 0x4f, 0x80, 0x00, 0x00, 0x00,
    0xbf, 0x04, 0xf8, 0x00, 0x00, 0x00, 0x0b, 0xf0, 0x4f, 0x80, 0x00, 0x00, 0x00, 0xbf, 0x04, 0xf8,
    0x00, 0x00, 0x00, 0x0b, 0xf0, 0x4f, 0x80, 0x00, 0x00, 0x00, 0xbf, 0x00, 0x28, 0x44, 0xf8, 0x4f,
    0x84, 0xf8, 0x4f, 0x84, 0xf8, 0x4f, 0x84, 0xf8, 0x4f, 0x84, 0xf8, 0x4f, 0x84, 0xf8, 0x4f, 0x84,
    0xf8, 0x4f, 0x80, 0x00, 0x00, 0x00, 0x02, 0x86, 0x00, 0x00, 0x00, 0x04, 0xfb, 0x00, 0x00, 0x00,
    0x04, 0xfb, 0x00, 0x00, 0x00, 0x04, 0xfb, 0x00, 0x00, 0x00, 0x04, 0xfb, 0x00, 0x00, 0x00, 0x04,
    0xfb, 0x00, 0x00, 0x00, 0x04, 0xfb, 0x00, 0x00, 0x00, 0x04, 0xfb, 0x00, 0x00, 0x00, 0x04, 0xfb,
    0x00, 0x00, 0x00, 0x04, 0xfb, 0x0f, 0xb0, 0x00, 0x04, 0xfb, 0x0f, 0xd0, 0x00, 0x04, 0xf9, 0x0c,
    0xf4, 0x00, 0x0a, 0xf7, 0x05, 0xfe, 0x88, 0xbf, 0xd1, 0x00, 0x5d, 0xff, 0xfb, 0x20, 0x00, 0x00,
    0x24, 0x10, 0x00, 0x28, 0x40, 0x00, 0x00, 0x07, 0x85, 0x4f, 0x80, 0x00, 0x00, 0x9f, 0xc1, 0x4f,
    0x80, 0x00, 0x06, 0xfc, 0x10, 0x4f, 0x80, 0x00, 0x6f, 0xe2, 0x00, 0x4f, 0x80, 0x06, 0xfe, 0x30,
    0x00, 0x4f, 0x80, 0x3f, 0xe3, 0x00, 0x00, 0x4f, 0x83, 0xef, 0x30, 0x00, 0x00, 0x4f, 0x8d, 0xff,
    0x80, 0x00, 0x00, 0x4f, 0xff, 0x5d, 0xf4, 0x00, 0x00, 0x4f, 0xf6, 0x04, 0xfd, 0x10, 0x00, 0x4f,
    0x80, 0x00, 0x8f, 0xa0, 0x00, 0x4f, 0x80, 0x00, 0x0c, 0xf6, 0x00, 0x4f, 0x80, 0x00, 0x02, 0xee,
    0x20, 0x4f, 0x80, 0x00, 0x00, 0x6f, 0xc0, 0x4f, 0x80, 0x00, 0x00, 0x0a, 0xf8, 0x28, 0x40, 0x00,
    0x00, 0x00, 0x4f, 0x80, 0x00, 0x00, 0x00, 0x4f, 0x80, 0x00, 0x00, 0x00, 0x4f, 0x80, 0x00, 0x00,
    0x00, 0x4f, 0x80, 0x00, 0x00, 0x00, 0x4f, 0x80, 0x00, 0x00, 0x00, 0x4f, 0x80, 0x00, 0x00, 0x00,
    0x4f, 0x80, 0x00, 0x00, 0x00, 0x4f, 0x80, 0x00, 0x00, 0x00, 0x4f, 0x80, 0x00, 0x00, 0x00, 0x4f,
    0x80, 0x00, 0x00, 0x00, 0x4f, 0x80, 0x00, 0x00, 0x00, 0x4f, 0x80, 0x00, 0x00, 0x00, 0x4f, 0xdb,
    0xbb, 0xbb, 0xb3, 0x4f, 0xff, 0xff, 0xff, 0xf4, 0x28, 0x84, 0x00, 0x00, 0x00, 0x00, 0x48, 0x82,
    0x4f, 0xfc, 0x00, 0x00, 0x00, 0x00, 0xbf, 0xf4, 0x4f, 0xff, 0x30, 0x00, 0x00, 0x02, 0xff, 0xf4,
    0x4f, 0xaf, 0x90, 0x00, 0x00, 0x08, 0xfa, 0xf4, 0x4f, 0x8d, 0xe0, 0x00, 0x00, 0x0d, 0xd8, 0xf4,
    0x4f, 0x88, 0xf6, 0x00, 0x00, 0x5f, 0x88, 0xf4, 0x4f, 0x82, 0xfb, 0x00, 0x00, 0x9f, 0x28, 0xf4,
    0x4f, 0x80, 0xbf, 0x20, 0x01, 0xfb, 0x08, 0xf4, 0x4f, 0x80, 0x6f, 0x80, 0x07, 0xf6, 0x08, 0xf4,
    0x4f, 0x80, 0x0e, 0xe0, 0x0c, 0xe1, 0x08, 0xf4, 0x4f, 0x80, 0x08, 0xf5, 0x3f, 0x90, 0x08, 0xf4,
    0x4f, 0x80, 0x02, 0xf9, 0x8f, 0x30, 0x08, 0xf4, 0x4f, 0x80, 0x00, 0xbe, 0xcc, 0x00, 0x08, 0xf4,
    0x4f, 0x80, 0x00, 0x6f, 0xf6, 0x00, 0x08, 0xf4, 0x4f, 0x80, 0x00, 0x0e, 0xf1, 0x00, 0x08, 0xf4,
    0x28, 0x81, 0x00, 0x00, 0x00, 0x48, 0x24, 0xff, 0x90, 0x00, 0x00, 0x08, 0xf4, 0x4f, 0xff, 0x40,
    0x00, 0x00, 0x8f, 0x44, 0xf9, 0xed, 0x00, 0x00, 0x08, 0xf4, 0x4f, 0x88, 0xf8, 0x00, 0x00, 0x8f,
    0x44, 0xf8, 0x1d, 0xf3, 0x00, 0x08, 0xf4, 0x4f, 0x80, 0x5f, 0xb0, 0x00, 0x8f, 0x44, 0xf8, 0x00,
    0xaf, 0x70, 0x08, 0xf4, 0x4f, 0x80, 0x01, 0xee, 0x20, 0x8f, 0x44, 0xf8, 0x00, 0x07, 0xfa, 0x08,
    0xf4, 0x4f, 0x80, 0x00, 0x0b, 0xf5, 0x8f, 0x44, 0xf8, 0x00, 0x00, 0x2f, 0xd8, 0xf4, 0x4f, 0x80,
    0x00, 0x00, 0x8f, 0xdf, 0x44, 0xf8, 0x00, 0x00, 0x00, 0xcf, 0xf4, 0x4f, 0x80, 0x00, 0x00, 0x04,
    0xff, 0x40, 0x00, 0x01, 0x6a, 0xbb, 0x72, 0x00, 0x00, 0x00, 0x3d, 0xff, 0xff, 0xff, 0x70, 0x00,
    0x03, 0xef, 0x82, 0x01, 0x6e, 0xf7, 0x00, 0x0c, 0xf6, 0x00, 0x00, 0x01, 0xef, 0x20, 0x5f, 0x90,
    0x00, 0x00, 0x00, 0x6f, 0x90, 0x8f, 0x50, 0x00, 0x00, 0x00, 0x0f, 0xd0, 0xbf, 0x10, 0x00, 0x00,
    0x00, 0x0b, 0xf0, 0xbf, 0x00, 0x00, 0x00, 0x00, 0x0b, 0xf0, 0xbf, 0x00, 0x00, 0x00, 0x00, 0x0b,
    0xf0, 0xaf, 0x30, 0x00, 0x00, 0x00, 0x0d, 0xf0, 0x7f, 0x70, 0x00, 0x00, 0x00, 0x2f, 0xa0, 0x1f,
    0xe1, 0x00, 0x00, 0x00, 0xaf, 0x60, 0x08, 0xfc, 0x20, 0x00, 0x09, 0xfc, 0x00, 0x00, 0x9f, 0xfa,
    0x88, 0xdf, 0xc1, 0x00, 0x00, 0x06, 0xdf, 0xff, 0xe8, 0x10, 0x00, 0x00, 0x00, 0x01, 0x43, 0x00,
    0x00, 0x00, 0x28, 0x88, 0x88, 0x85, 0x10, 0x04, 0xff, 0xff, 0xff, 0xfe, 0x30, 0x4f, 0x80, 0x00,
    0x38, 0xfe, 0x14, 0xf8, 0x00, 0x00, 0x08, 0xf7, 0x4f, 0x80, 0x00, 0x00, 0x4f, 0xa4, 0xf8, 0x00,
    0x00, 0x04, 0xfb, 0x4f, 0x80, 0x00, 0x00, 0x6f, 0x84, 0xf8, 0x00, 0x00, 0x4e, 0xf2, 0x4f, 0xff,
    0xff, 0xff, 0xf6, 0x04, 0xfd, 0xbb, 0xbb, 0x82, 0x00, 0x4f, 0x80, 0x00, 0x00, 0x00, 0x04, 0xf8,
    0x00, 0x00, 0x00, 0x00, 0x4f, 0x80, 0x00, 0x00, 0x00, 0x04, 0xf8, 0x00, 0x00, 0x00, 0x00, 0x4f,
    0x80, 0x00, 0x00, 0x00, 0x00, 0x00, 0x01, 0x6a, 0xbb, 0x72, 0x00, 0x00, 0x00, 0x3d, 0xff, 0xff,
    0xff, 0x70, 0x00, 0x03, 0xef, 0x82, 0x01, 0x6e, 0xf7, 0x00, 0x0c, 0xf6, 0x00, 0x00, 0x01, 0xef,
    0x20, 0x5f, 0x90, 0x00, 0x00, 0x00, 0x6f, 0x90, 0x8f, 0x50, 0x00, 0x00, 0x00, 0x0f, 0xd0, 0xbf,
    0x10, 0x00, 0x00, 0x00, 0x0b, 0xf0, 0xbf, 0x00, 0x00, 0x00, 0x00, 0x0b, 0xf0, 0xbf, 0x00, 0x00,
    0x00, 0x00, 0x0b, 0xf0, 0xaf, 0x30, 0x00, 0x00, 0x00, 0x0d, 0xf0, 0x7f, 0x70, 0x00, 0x68, 0x10,
    0x2f, 0xa0, 0x1f, 0xe1, 0x00, 0x3e, 0xc0, 0xaf, 0x60, 0x08, 0xfc, 0x20, 0x06, 0xfd, 0xfc, 0x00,
    0x00, 0x9f, 0xfa, 0x88, 0xff, 0xc1, 0x00, 0x00, 0x06, 0xdf, 0xff, 0xed, 0xe2, 0x00, 0x00, 0x00,
    0x01, 0x43, 0x03, 0xec, 0x00, 0x00, 0x00, 0x00, 0x00, 0x00, 0x34, 0x10, 0x28, 0x88, 0x88, 0x86,
    0x10, 0x00, 0x4f, 0xff, 0xff, 0xff, 0xe5, 0x00, 0x4f, 0x80, 0x00, 0x27, 0xee, 0x20, 0x4f, 0x80,
    0x00, 0x00, 0x8f, 0x80, 0x4f, 0x80, 0x00, 0x00, 0x4f, 0xb0, 0x4f, 0x80, 0x00, 0x00, 0x4f, 0xa0,
    0x4f, 0x80, 0x00, 0x00, 0x8f, 0x70, 0x4f, 0x94, 0x44, 0x59, 0xfe, 0x10, 0x4f, 0xff, 0xff, 0xff,
    0xb3, 0x00, 0x4f, 0x94, 0x44, 0xdf, 0x40, 0x00, 0x4f, 0x80, 0x00, 0x4f, 0xc0, 0x00, 0x4f, 0x80,
    0x00, 0x0b, 0xf6, 0x00, 0x4f, 0x80, 0x00, 0x04, 0xfd, 0x00, 0x4f, 0x80, 0x00, 0x00, 0xaf, 0x80,
    0x4f, 0x80, 0x00, 0x00, 0x2f, 0xe1, 0x00, 0x17, 0xab, 0xa7, 0x10, 0x00, 0x3e, 0xff, 0xff, 0xfe,
    0x30, 0x1e, 0xf7, 0x00, 0x06, 0xee, 0x16, 0xf8, 0x00, 0x00, 0x08, 0xf7, 0x8f, 0x60, 0x00, 0x00,
    0x00, 0x03, 0xfc, 0x10, 0x00, 0x00, 0x00, 0x09, 0xfe, 0x95, 0x00, 0x00, 0x00, 0x07, 0xdf, 0xff,
    0xa4, 0x00, 0x00, 0x00, 0x38, 0xcf, 0xf9, 0x00, 0x00, 0x00, 0x00, 0x2c, 0xf6, 0x00, 0x00, 0x00,
    0x00, 0x3f, 0xa8, 0xb1, 0x00, 0x00, 0x03, 0xfa, 0x8f, 0x90, 0x00, 0x00, 0xaf, 0x71, 0xef, 0xc8,
    0x88, 0xdf, 0xc0, 0x01, 0x9f, 0xff, 0xfe, 0x81, 0x00, 0x00, 0x04, 0x44, 0x00, 0x00, 0x08, 0x88,
    0x88, 0x88, 0x88, 0x88, 0x0f, 0xff, 0xff, 0xff, 0xff, 0xff, 0x00, 0x00, 0x08, 0xf8, 0x00, 0x00,
    0x00, 0x00, 0x08, 0xf8, 0x00, 0x00, 0x00, 0x00, 0x08, 0xf8, 0x00, 0x00, 0x00, 0x00, 0x08, 0xf8,
    0x00, 0x00, 0x00, 0x00, 0x08, 0xf8, 0x00, 0x00, 0x00, 0x00, 0x08, 0xf8, 0x00, 0x00, 0x00, 0x00,
    0x08, 0xf8, 0x00, 0x00, 0x00, 0x00, 0x08, 0xf8, 0x00, 0x00, 0x00, 0x00, 0x08, 0xf8, 0x00, 0x00,
    0x00, 0x00, 0x08, 0xf8, 0x00, 0x00, 0x00, 0x00, 0x08, 0xf8, 0x00, 0x00, 0x00, 0x00, 0x08, 0xf8,
    0x00, 0x00, 0x00, 0x00, 0x08, 0xf8, 0x00, 0x00, 0x28, 0x40, 0x00, 0x00, 0x00, 0x68, 0x04, 0xf8,
    0x00, 0x00, 0x00, 0x0b, 0xf0, 0x4f, 0x80, 0x00, 0x00, 0x00, 0xbf, 0x04, 0xf8, 0x00, 0x00, 0x00,
    0x0b, 0xf0, 0x4f, 0x80, 0x00, 0x00, 0x00, 0xbf, 0x04, 0xf8, 0x00, 0x00, 0x00, 0x0b, 0xf0, 0x4f,
    0x80, 0x00, 0x00, 0x00, 0xbf, 0x04, 0xf8, 0x00, 0x00, 0x00, 0x0b, 0xf0, 0x4f, 0x80, 0x00, 0x00,
    0x00, 0xbf, 0x04, 0xf8, 0x00, 0x00, 0x00, 0x0b, 0xf0, 0x4f, 0xa0, 0x00, 0x00, 0x00, 0xbf, 0x01,
    0xfe, 0x10, 0x00, 0x00, 0x1f, 0xe0, 0x09, 0xf9, 0x00, 0x00, 0x1c, 0xf8, 0x00, 0x1c, 0xfd, 0x88,
    0x8e, 0xfc, 0x10, 0x00, 0x19, 0xef, 0xff, 0xe8, 0x10, 0x00, 0x00, 0x00, 0x34, 0x30, 0x00, 0x00,
    0x38, 0x40, 0x00, 0x00, 0x00, 0x06, 0x82, 0x2f, 0xd0, 0x00, 0x00, 0x00, 0x1f, 0xd0, 0x0b, 0xf3,
    0x00, 0x00, 0x00, 0x6f, 0x80, 0x06, 0xf8, 0x00, 0x00, 0x00, 0xaf, 0x30, 0x01, 0xed, 0x00, 0x00,
    0x02, 0xfc, 0x00, 0x00, 0x9f, 0x50, 0x00, 0x07, 0xf7, 0x00, 0x00, 0x5f, 0x90, 0x00, 0x0c, 0xf2,
    0x00, 0x00, 0x0d, 0xe0, 0x00, 0x2f, 0xa0, 0x00, 0x00, 0x08, 0xf5, 0x00, 0x7f, 0x60, 0x00, 0x00,
    0x02, 0xfa, 0x00, 0xce, 0x10, 0x00, 0x00, 0x00, 0xcf, 0x12, 0xf9, 0x00, 0x00, 0x00, 0x00, 0x7f,
    0x57, 0xf5, 0x00, 0x00, 0x00, 0x00, 0x1f, 0x9c, 0xd0, 0x00, 0x00, 0x00, 0x00, 0x0a, 0xef, 0x80,
    0x00, 0x00, 0x00, 0x00, 0x05, 0xff, 0x30, 0x00, 0x00, 0x48, 0x40, 0x00, 0x00, 0x28, 0x80, 0x00,
    0x00, 0x06, 0x81, 0x3f, 0xa0, 0x00, 0x00, 0x8f, 0xf3, 0x00, 0x00, 0x0f, 0xe0, 0x0e, 0xe0, 0x00,
    0x00, 0xbe, 0xf7, 0x00, 0x00, 0x4f, 0x90, 0x0a, 0xf3, 0x00, 0x00, 0xfa, 0xfa, 0x00, 0x00, 0x8f,
    0x60, 0x06, 0xf7, 0x00, 0x04, 0xf7, 0xbe, 0x00, 0x00, 0xbf, 0x10, 0x02, 0xfa, 0x00, 0x08, 0xf3,
    0x8f, 0x40, 0x00, 0xfc, 0x00, 0x00, 0xde, 0x00, 0x0c, 0xe0, 0x4f, 0x80, 0x04, 0xf8, 0x00, 0x00,
    0x8f, 0x40, 0x1f, 0xa0, 0x0f, 0xb0, 0x08, 0xf4, 0x00, 0x00, 0x5f, 0x80, 0x5f, 0x60, 0x0a, 0xf0,
    0x0c, 0xf0, 0x00, 0x00, 0x1f, 0xb0, 0x8f, 0x20, 0x07, 0xf4, 0x1f, 0xa0, 0x00, 0x00, 0x0b, 0xf0,
    0xcd, 0x00, 0x03, 0xf8, 0x5f, 0x70, 0x00, 0x00, 0x08, 0xf4, 0xf8, 0x00, 0x00, 0xdb, 0x8f, 0x30,
    0x00, 0x00, 0x03, 0xfa, 0xf5, 0x00, 0x00, 0x9f, 0xbd, 0x00, 0x00, 0x00, 0x00, 0xef, 0xf1, 0x00,
    0x00, 0x6f, 0xe9, 0x00, 0x00, 0x00, 0x00, 0xaf, 0xc0, 0x00, 0x00, 0x1f, 0xf6, 0x00, 0x00, 0x07,
    0x82, 0x00, 0x00, 0x00, 0x48, 0x50, 0x07, 0xfb, 0x00, 0x00, 0x01, 0xee, 0x20, 0x00, 0xaf, 0x70,
    0x00, 0x0a, 0xf6, 0x00, 0x00, 0x1e, 0xe2, 0x00, 0x7f, 0xa0, 0x00, 0x00, 0x05, 0xfb, 0x02, 0xee,
    0x10, 0x00, 0x00, 0x00, 0xaf, 0x6b, 0xf5, 0x00, 0x00, 0x00, 0x00, 0x1d, 0xef, 0x80, 0x00, 0x00,
    0x00, 0x00, 0x06, 0xff, 0x20, 0x00, 0x00, 0x00, 0x00, 0x1d, 0xef, 0x90, 0x00, 0x00, 0x00, 0x00,
    0x8f, 0x7b, 0xf5, 0x00, 0x00, 0x00, 0x05, 0xfb, 0x03, 0xfe, 0x10, 0x00, 0x00, 0x1e, 0xe2, 0x00,
    0x8f, 0xa0, 0x00, 0x00, 0xaf, 0x70, 0x00, 0x0b, 0xf6, 0x00, 0x07, 0xfa, 0x00, 0x00, 0x02, 0xee,
    0x20, 0x2e, 0xe1, 0x00, 0x00, 0x00, 0x7f, 0xb0, 0x38, 0x70, 0x00, 0x00, 0x00, 0x28, 0x70, 0x0c,
    0xf5, 0x00, 0x00, 0x00, 0xbf, 0x70, 0x04, 0xfd, 0x10, 0x00, 0x05, 0xfb, 0x00, 0x00, 0x8f, 0x80,
    0x00, 0x1d, 0xf3, 0x00, 0x00, 0x1e, 0xf2, 0x00, 0x8f, 0x80, 0x00, 0x00, 0x05, 0xfb, 0x03, 0xfd,
    0x10, 0x00, 0x00, 0x00, 0xbf, 0x5b, 0xf5, 0x00, 0x00, 0x00, 0x00, 0x2e, 0xef, 0xa0, 0x00, 0x00,
    0x00, 0x00, 0x08, 0xfe, 0x20, 0x00, 0x00, 0x00, 0x00, 0x04, 0xfb, 0x00, 0x00, 0x00, 0x00, 0x00,
    0x04, 0xfb, 0x00, 0x00, 0x00, 0x00, 0x00, 0x04, 0xfb, 0x00, 0x00, 0x00, 0x00, 0x00, 0x04, 0xfb,
    0x00, 0x00, 0x00, 0x00, 0x00, 0x04, 0xfb, 0x00, 0x00, 0x00, 0x00, 0x00, 0x04, 0xfb, 0x00, 0x00,
    0x00, 0x68, 0x88, 0x88, 0x88, 0x88, 0x2b, 0xff, 0xff, 0xff, 0xff, 0xf4, 0x00, 0x00, 0x00, 0x03,
    0xec, 0x00, 0x00, 0x00, 0x01, 0xcf, 0x30, 0x00, 0x00, 0x00, 0x8f, 0x80, 0x00, 0x00, 0x00, 0x4f,
    0xc0, 0x00, 0x00, 0x00, 0x1d, 0xf3, 0x00, 0x00, 0x00, 0x08, 0xf7, 0x00, 0x00, 0x00, 0x04, 0xfb,
    0x00, 0x00, 0x00, 0x01, 0xde, 0x20, 0x00, 0x00, 0x00, 0x8f, 0x70, 0x00, 0x00, 0x00, 0x4f, 0xb0,
    0x00, 0x00, 0x00, 0x1d, 0xe2, 0x00, 0x00, 0x00, 0x08, 0xfb, 0x9b, 0xbb, 0xbb, 0xb6, 0xbf, 0xff,
    0xff, 0xff, 0xff, 0x80, 0x68, 0x88, 0x0b, 0xff, 0xf0, 0xbf, 0x00, 0x0b, 0xf0, 0x00, 0xbf, 0x00,
    0x0b, 0xf0, 0x00, 0xbf, 0x00, 0x0b, 0xf0, 0x00, 0xbf, 0x00, 0x0b, 0xf0, 0x00, 0xbf, 0x00, 0x0b,
    0xf0, 0x00, 0xbf, 0x00, 0x0b, 0xf0, 0x00, 0xbf, 0x00, 0x0b, 0xf0, 0x00, 0xbf, 0x00, 0x0b, 0xfb,
    0xb0, 0x8b, 0xbb, 0x00, 0x24, 0x00, 0x00, 0x06, 0xf4, 0x00, 0x00, 0x1f, 0x80, 0x00, 0x00, 0xcc,
    0x00, 0x00, 0x08, 0xf1, 0x00, 0x00, 0x5f, 0x60, 0x00, 0x00, 0xf9, 0x00, 0x00, 0x0b, 0xd0, 0x00,
    0x00, 0x7f, 0x20, 0x00, 0x03, 0xf7, 0x00, 0x00, 0x0e, 0xa0, 0x00, 0x00, 0xae, 0x00, 0x00, 0x06,
    0xf4, 0x00, 0x00, 0x2f, 0x80, 0x00, 0x00, 0xdb, 0x00, 0x00, 0x08, 0xf1, 0x00, 0x00, 0x5f, 0x50,
    0x00, 0x01, 0xf8, 0x00, 0x00, 0x04, 0x30, 0x68, 0x88, 0x0b, 0xff, 0xf0, 0x00, 0x8f, 0x00, 0x08,
    0xf0, 0x00, 0x8f, 0x00, 0x08, 0xf0, 0x00, 0x8f, 0x00, 0x08, 0xf0, 0x00, 0x8f, 0x00, 0x08, 0xf0,
    0x00, 0x8f, 0x00, 0x08, 0xf0, 0x00, 0x8f, 0x00, 0x08, 0xf0, 0x00, 0x8f, 0x00, 0x08, 0xf0, 0x00,
    0x8f, 0x08, 0xbd, 0xf0, 0x8b, 0xbb, 0x00, 0x00, 0x00, 0x00, 0x00, 0x00, 0x00, 0x8f, 0xe1, 0x00,
    0x00, 0x1e, 0xcf, 0x70, 0x00, 0x08, 0xf2, 0xbd, 0x00, 0x01, 0xeb, 0x04, 0xf6, 0x00, 0x8f, 0x40,
    0x0d, 0xd0, 0x0e, 0xc0, 0x00, 0x6f, 0x60, 0x00, 0x00, 0x00, 0x00, 0xff, 0xff, 0xff, 0xff, 0xf0,
    0x88, 0x88, 0x88, 0x88, 0x80, 0x24, 0x20, 0x2e, 0xb0, 0x07, 0xf4, 0x00, 0x98, 0x00, 0x00, 0x00,
    0x00, 0x00, 0x00, 0x3a, 0xff, 0xfa, 0x30, 0x03, 0xef, 0x98, 0x9e, 0xe2, 0x07, 0xe6, 0x00, 0x06,
    0xf8, 0x00, 0x00, 0x00, 0x00, 0xfb, 0x00, 0x00, 0x46, 0x8b, 0xfb, 0x01, 0x9f, 0xff, 0xfa, 0xfb,
    0x0c, 0xf9, 0x42, 0x00, 0xfb, 0x0f, 0xc0, 0x00, 0x02, 0xfb, 0x0f, 0xc0, 0x00, 0x08, 0xfb, 0x0b,
    0xf9, 0x55, 0xac, 0xfb, 0x01, 0xbf, 0xff, 0xc3, 0xfb, 0x00, 0x02, 0x43, 0x00, 0x00, 0x48, 0x20,
    0x00, 0x00, 0x00, 0x08, 0xf4, 0x00, 0x00, 0x00, 0x00, 0x8f, 0x40, 0x00, 0x00, 0x00, 0x08, 0xf4,
    0x00, 0x00, 0x00, 0x00, 0x8f, 0x46, 0xef, 0xf9, 0x10, 0x08, 0xf9, 0xf9, 0x8b, 0xfc, 0x10, 0x8f,
    0xf3, 0x00, 0x07, 0xf9, 0x08, 0xf9, 0x00, 0x00, 0x0d, 0xe0, 0x8f, 0x60, 0x00, 0x00, 0x9f, 0x38,
    0xf4, 0x00, 0x00, 0x08, 0xf4, 0x8f, 0x50, 0x00, 0x00, 0x9f, 0x48, 0xf8, 0x00, 0x00, 0x0d, 0xf0,
    0x8f, 0xe2, 0x00, 0x07, 0xf9, 0x08, 0xfa, 0xe7, 0x58, 0xfe, 0x20, 0x8f, 0x48, 0xff, 0xfd, 0x30,
    0x00, 0x00, 0x02, 0x43, 0x00, 0x00, 0x00, 0x00, 0x00, 0x00, 0x00, 0x00, 0x6d, 0xff, 0xd6, 0x00,
    0x09, 0xfd, 0x88, 0xdf, 0x90, 0x4f, 0xc1, 0x00, 0x1c, 0xf4, 0xaf, 0x30, 0x00, 0x03, 0x30, 0xee,
    0x00, 0x00, 0x00, 0x00, 0xfb, 0x00, 0x00, 0x00, 0x00, 0xfd, 0x00, 0x00, 0x00, 0x00, 0xbf, 0x20,
    0x00, 0x01, 0x20, 0x6f, 0xa0, 0x00, 0x0a, 0xf5, 0x0b, 0xfb, 0x66, 0xbf, 0xb0, 0x01, 0x8f, 0xff,
    0xf8, 0x10, 0x00, 0x00, 0x44, 0x00, 0x00, 0x00, 0x00, 0x00, 0x00, 0x86, 0x00, 0x00, 0x00, 0x00,
    0xfb, 0x00, 0x00, 0x00, 0x00, 0xfb, 0x00, 0x00, 0x00, 0x00, 0xfb, 0x00, 0x8e, 0xff, 0x80, 0xfb,
    0x0a, 0xfd, 0x88, 0xe9, 0xfb, 0x6f, 0xa0, 0x00, 0x1d, 0xfb, 0xaf, 0x20, 0x00, 0x06, 0xfb, 0xed,
    0x00, 0x00, 0x02, 0xfb, 0xfb, 0x00, 0x00, 0x00, 0xfb, 0xfd, 0x00, 0x00, 0x01, 0xfb, 0xbf, 0x20,
    0x00, 0x05, 0xfb, 0x7f, 0xa0, 0x00, 0x0c, 0xfb, 0x0c, 0xfa, 0x66, 0xca, 0xfb, 0x01, 0xbf, 0xff,
    0xb1, 0xfb, 0x00, 0x02, 0x43, 0x00, 0x00, 0x00, 0x00, 0x00, 0x00, 0x00, 0x00, 0x7d, 0xff, 0xc5,
    0x00, 0x09, 0xfd, 0x88, 0xdf, 0x80, 0x4f, 0xa0, 0x00, 0x1d, 0xf2, 0xaf, 0x10, 0x00, 0x06, 0xf7,
    0xec, 0x44, 0x44, 0x46, 0xfa, 0xff, 0xff, 0xff, 0xff, 0xfb, 0xfc, 0x44, 0x44, 0x44, 0x43, 0xbf,
    0x10, 0x00, 0x00, 0x00, 0x6f, 0x90, 0x00, 0x07, 0xc4, 0x0b, 0xfb, 0x65, 0x9f, 0xe1, 0x01, 0x8f,
    0xff, 0xfb, 0x20, 0x00, 0x00, 0x44, 0x10, 0x00, 0x00, 0x00, 0x24, 0x20, 0x00, 0x09, 0xff, 0xe0,
    0x00, 0x7f, 0xc8, 0x60, 0x00, 0xaf, 0x30, 0x00, 0x00, 0xbf, 0x00, 0x00, 0xbf, 0xff, 0xff, 0x80,
    0x68, 0xdf, 0x88, 0x40, 0x00, 0xbf, 0x00, 0x00, 0x00, 0xbf, 0x00, 0x00, 0x00, 0xbf, 0x00, 0x00,
    0x00, 0xbf, 0x00, 0x00, 0x00, 0xbf, 0x00, 0x00, 0x00, 0xbf, 0x00, 0x00, 0x00, 0xbf, 0x00, 0x00,
    0x00, 0xbf, 0x00, 0x00, 0x00, 0xbf, 0x00, 0x00, 0x00, 0x00, 0x00, 0x00, 0x00, 0x00, 0x8e, 0xff,
    0x81, 0xfb, 0x09, 0xfd, 0x88, 0xd9, 0xfb, 0x6f, 0xa0, 0x00, 0x1d, 0xfb, 0xaf, 0x20, 0x00, 0x06,
    0xfb, 0xed, 0x00, 0x00, 0x01, 0xfb, 0xfb, 0x00, 0x00, 0x00, 0xfb, 0xed, 0x00, 0x00, 0x01, 0xfb,
    0xaf, 0x40, 0x00, 0x06, 0xfb, 0x5f, 0xc1, 0x00, 0x3e, 0xfb, 0x09, 0xff, 0xbb, 0xf7, 0xfb, 0x00,
    0x5a, 0xbb, 0x60, 0xfb, 0x00, 0x00, 0x00, 0x00, 0xfb, 0x18, 0x30, 0x00, 0x06, 0xf8, 0x4f, 0xe8,
    0x44, 0x8e, 0xe2, 0x04, 0xdf, 0xff, 0xfd, 0x30, 0x00, 0x03, 0x44, 0x30, 0x00, 0x48, 0x20, 0x00,
    0x00, 0x00, 0x8f, 0x40, 0x00, 0x00, 0x00, 0x8f, 0x40, 0x00, 0x00, 0x00, 0x8f, 0x40, 0x00, 0x00,
    0x00, 0x8f, 0x48, 0xef, 0xe8, 0x10, 0x8f, 0xae, 0x88, 0xdf, 0xa0, 0x8f, 0xd1, 0x00, 0x1d, 0xf2,
    0x8f, 0x70, 0x00, 0x08, 0xf4, 0x8f, 0x40, 0x00, 0x08, 0xf4, 0x8f, 0x40, 0x00, 0x08, 0xf4, 0x8f,
    0x40, 0x00, 0x08, 0xf4, 0x8f, 0x40, 0x00, 0x08, 0xf4, 0x8f, 0x40, 0x00, 0x08, 0xf4, 0x8f, 0x40,
    0x00, 0x08, 0xf4, 0x8f, 0x40, 0x00, 0x08, 0xf4, 0x00, 0x08, 0xf6, 0xaf, 0x91, 0x40, 0x00, 0x08,
    0xf4, 0x8f, 0x48, 0xf4, 0x8f, 0x48, 0xf4, 0x8f, 0x48, 0xf4, 0x8f, 0x48, 0xf4, 0x8f, 0x48, 0xf4,
    0x00, 0x00, 0x00, 0x08, 0xf5, 0x00, 0xaf, 0x80, 0x01, 0x40, 0x00, 0x00, 0x00, 0x08, 0xf4, 0x00,
    0x8f, 0x40, 0x08, 0xf4, 0x00, 0x8f, 0x40, 0x08, 0xf4, 0x00, 0x8f, 0x40, 0x08, 0xf4, 0x00, 0x8f,
    0x40, 0x08, 0xf4, 0x00, 0x8f, 0x40, 0x08, 0xf4, 0x00, 0x8f, 0x40, 0x08, 0xf4, 0x28, 0xfe, 0x04,
    0xfd, 0x30, 0x00, 0x00, 0x00, 0x48, 0x20, 0x00, 0x00, 0x00, 0x8f, 0x40, 0x00, 0x00, 0x00, 0x8f,
    0x40, 0x00, 0x00, 0x00, 0x8f, 0x40, 0x00, 0x00, 0x00, 0x8f, 0x40, 0x00, 0x3e, 0xc1, 0x8f, 0x40,
    0x03, 0xec, 0x10, 0x8f, 0x40, 0x3e, 0xe2, 0x00, 0x8f, 0x43, 0xee, 0x30, 0x00, 0x8f, 0x7e, 0xe3,
    0x00, 0x00, 0x8f, 0xff, 0xf6, 0x00, 0x00, 0x8f, 0xc3, 0xee, 0x30, 0x00, 0x8f, 0x40, 0x5f, 0xd1,
    0x00, 0x8f, 0x40, 0x08, 0xfb, 0x00, 0x8f, 0x40, 0x00, 0xbf, 0x80, 0x8f, 0x40, 0x00, 0x1d, 0xf5,
    0x48, 0x28, 0xf4, 0x8f, 0x48, 0xf4, 0x8f, 0x48, 0xf4, 0x8f, 0x48, 0xf4, 0x8f, 0x48, 0xf4, 0x8f,
    0x48, 0xf4, 0x8f, 0x48, 0xf4, 0x8f, 0x40, 0x00, 0x00, 0x00, 0x00, 0x00, 0x00, 0x00, 0x08, 0xf4,
    0x8f, 0xfd, 0x30, 0x8e, 0xff, 0x80, 0x8f, 0xbd, 0x89, 0xfd, 0x8d, 0x88, 0xdf, 0x88, 0xfb, 0x00,
    0x07, 0xfe, 0x10, 0x01, 0xfd, 0x8f, 0x60, 0x00, 0x1f, 0xb0, 0x00, 0x0b, 0xf8, 0xf4, 0x00, 0x00,
    0xfb, 0x00, 0x00, 0xbf, 0x8f, 0x40, 0x00, 0x0f, 0xb0, 0x00, 0x0b, 0xf8, 0xf4, 0x00, 0x00, 0xfb,
    0x00, 0x00, 0xbf, 0x8f, 0x40, 0x00, 0x0f, 0xb0, 0x00, 0x0b, 0xf8, 0xf4, 0x00, 0x00, 0xfb, 0x00,
    0x00, 0xbf, 0x8f, 0x40, 0x00, 0x0f, 0xb0, 0x00, 0x0b, 0xf8, 0xf4, 0x00, 0x00, 0xfb, 0x00, 0x00,
    0xbf, 0x00, 0x00, 0x00, 0x00, 0x00, 0x8f, 0x48, 0xef, 0xe8, 0x10, 0x8f, 0xae, 0x88, 0xdf, 0x90,
    0x8f, 0xd1, 0x00, 0x1d, 0xf1, 0x8f, 0x70, 0x00, 0x08, 0xf4, 0x8f, 0x40, 0x00, 0x08, 0xf4, 0x8f,
    0x40, 0x00, 0x08, 0xf4, 0x8f, 0x40, 0x00, 0x08, 0xf4, 0x8f, 0x40, 0x00, 0x08, 0xf4, 0x8f, 0x40,
    0x00, 0x08, 0xf4, 0x8f, 0x40, 0x00, 0x08, 0xf4, 0x8f, 0x40, 0x00, 0x08, 0xf4, 0x00, 0x00, 0x00,
    0x00, 0x00, 0x00, 0x6d, 0xff, 0xd6, 0x00, 0x09, 0xfd, 0x88, 0xdf, 0x90, 0x4f, 0xc1, 0x00, 0x1c,
    0xf4, 0xaf, 0x30, 0x00, 0x03, 0xfa, 0xee, 0x00, 0x00, 0x00, 0xee, 0xfb, 0x00, 0x00, 0x00, 0xbf,
    0xfd, 0x00, 0x00, 0x00, 0xdf, 0xbf, 0x20, 0x00, 0x02, 0xfb, 0x6f, 0xa0, 0x00, 0x0a, 0xf6, 0x0b,
    0xfb, 0x66, 0xbf, 0xb0, 0x01, 0x8f, 0xff, 0xf8, 0x10, 0x00, 0x00, 0x44, 0x00, 0x00, 0x00, 0x00,
    0x00, 0x00, 0x00, 0x08, 0xf4, 0x6e, 0xff, 0x91, 0x00, 0x8f, 0x9f, 0x98, 0xbf, 0xc1, 0x08, 0xff,
    0x30, 0x00, 0x7f, 0x90, 0x8f, 0x90, 0x00, 0x00, 0xde, 0x08, 0xf6, 0x00, 0x00, 0x09, 0xf3, 0x8f,
    0x40, 0x00, 0x00, 0x8f, 0x48, 0xf5, 0x00, 0x00, 0x09, 0xf4, 0x8f, 0x80, 0x00, 0x00, 0xdf, 0x08,
    0xfe, 0x20, 0x00, 0x7f, 0x90, 0x8f, 0xae, 0x75, 0x8f, 0xe2, 0x08, 0xf4, 0x8f, 0xff, 0xd3, 0x00,
    0x8f, 0x40, 0x24, 0x30, 0x00, 0x08, 0xf4, 0x00, 0x00, 0x00, 0x00, 0x8f, 0x40, 0x00, 0x00, 0x00,
    0x08, 0xf4, 0x00, 0x00, 0x00, 0x00, 0x00, 0x00, 0x00, 0x00, 0x00, 0x00, 0x00, 0x00, 0x00, 0x00,
    0x00, 0x00, 0x8e, 0xff, 0x80, 0xfb, 0x0a, 0xfd, 0x88, 0xe9, 0xfb, 0x6f, 0xa0, 0x00, 0x1d, 0xfb,
    0xaf, 0x20, 0x00, 0x06, 0xfb, 0xed, 0x00, 0x00, 0x02, 0xfb, 0xfb, 0x00, 0x00, 0x00, 0xfb, 0xfd,
    0x00, 0x00, 0x01, 0xfb, 0xbf, 0x20, 0x00, 0x05, 0xfb, 0x7f, 0xa0, 0x00, 0x0c, 0xfb, 0x0c, 0xfa,
    0x66, 0xca, 0xfb, 0x01, 0xbf, 0xff, 0xb1, 0xfb, 0x00, 0x02, 0x43, 0x00, 0xfb, 0x00, 0x00, 0x00,
    0x00, 0xfb, 0x00, 0x00, 0x00, 0x00, 0xfb, 0x00, 0x00, 0x00, 0x00, 0xfb, 0x00, 0x00, 0x00, 0x00,
    0x00, 0x00, 0x00, 0x00, 0x08, 0xf4, 0x8f, 0xf0, 0x8f, 0xbe, 0xbb, 0x08, 0xfd, 0x10, 0x00, 0x8f,
    0x60, 0x00, 0x08, 0xf4, 0x00, 0x00, 0x8f, 0x40, 0x00, 0x08, 0xf4, 0x00, 0x00, 0x8f, 0x40, 0x00,
    0x08, 0xf4, 0x00, 0x00, 0x8f, 0x40, 0x00, 0x08, 0xf4, 0x00, 0x00, 0x00, 0x00, 0x00, 0x00, 0x00,
    0x3a, 0xff, 0xf9, 0x10, 0x2e, 0xe8, 0x89, 0xfc, 0x08, 0xf5, 0x00, 0x08, 0xc3, 0x8f, 0x50, 0x00,
    0x00, 0x04, 0xfe, 0x85, 0x10, 0x00, 0x05, 0xdf, 0xff, 0xb4, 0x00, 0x00, 0x26, 0x9f, 0xf2, 0x00,
    0x00, 0x00, 0x7f, 0x8a, 0xd1, 0x00, 0x06, 0xf8, 0x8f, 0xc6, 0x48, 0xee, 0x20, 0x8e, 0xff, 0xfb,
    0x30, 0x00, 0x04, 0x42, 0x00, 0x00, 0x02, 0x84, 0x00, 0x00, 0x4f, 0x80, 0x00, 0x04, 0xf8, 0x00,
    0x0b, 0xff, 0xff, 0xb0, 0x69, 0xfb, 0x86, 0x00, 0x4f, 0x80, 0x00, 0x04, 0xf8, 0x00, 0x00, 0x4f,
    0x80, 0x00, 0x04, 0xf8, 0x00, 0x00, 0x4f, 0x80, 0x00, 0x04, 0xf8, 0x00, 0x00, 0x3f, 0x90, 0x00,
    0x00, 0xee, 0x87, 0x00, 0x04, 0xdf, 0xf1, 0x00, 0x00, 0x21, 0x00, 0x8f, 0x40, 0x00, 0x08, 0xf4,
    0x8f, 0x40, 0x00, 0x08, 0xf4, 0x8f, 0x40, 0x00, 0x08, 0xf4, 0x8f, 0x40, 0x00, 0x08, 0xf4, 0x8f,
    0x40, 0x00, 0x08, 0xf4, 0x8f, 0x40, 0x00, 0x08, 0xf4, 0x8f, 0x40, 0x00, 0x08, 0xf4, 0x8f, 0x50,
    0x00, 0x08, 0xf4, 0x4f, 0xb0, 0x00, 0x1e, 0xf4, 0x0d, 0xfb, 0x88, 0xeb, 0xf4, 0x03, 0xbf, 0xfe,
    0x68, 0xf4, 0x00, 0x00, 0x20, 0x00, 0x00, 0x5f, 0x90, 0x00, 0x00, 0x6f, 0x80, 0xee, 0x00, 0x00,
    0x0a, 0xf2, 0x08, 0xf5, 0x00, 0x01, 0xfc, 0x00, 0x2f, 0xa0, 0x00, 0x7f, 0x60, 0x00, 0xcf, 0x10,
    0x0c, 0xf1, 0x00, 0x06, 0xf6, 0x02, 0xf9, 0x00, 0x00, 0x1f, 0xb0, 0x8f, 0x40, 0x00, 0x00, 0x9f,
    0x2d, 0xd0, 0x00, 0x00, 0x04, 0xf8, 0xf8, 0x00, 0x00, 0x00, 0x0d, 0xef, 0x20, 0x00, 0x00, 0x00,
    0x8f, 0xb0, 0x00, 0x00, 0x3f, 0xa0, 0x00, 0x0d, 0xf4, 0x00, 0x05, 0xf8, 0x0d, 0xe0, 0x00, 0x2f,
    0xf8, 0x00, 0x08, 0xf4, 0x08, 0xf3, 0x00, 0x6f, 0xbc, 0x00, 0x0d, 0xe0, 0x05, 0xf8, 0x00, 0xac,
    0x8f, 0x10, 0x2f, 0x90, 0x00, 0xec, 0x00, 0xe8, 0x3f, 0x50, 0x7f, 0x60, 0x00, 0xaf, 0x13, 0xf5,
    0x0e, 0x90, 0xaf, 0x10, 0x00, 0x6f, 0x58, 0xf1, 0x0a, 0xd0, 0xea, 0x00, 0x00, 0x1f, 0x8b, 0xb0,
    0x06, 0xf4, 0xf7, 0x00, 0x00, 0x0c, 0xbe, 0x70, 0x02, 0xfb, 0xf2, 0x00, 0x00, 0x07, 0xff, 0x30,
    0x00, 0xcf, 0xc0, 0x00, 0x00, 0x02, 0xfd, 0x00, 0x00, 0x8f, 0x80, 0x00, 0x0c, 0xf3, 0x00, 0x03,
    0xfc, 0x00, 0x3f, 0xc0, 0x00, 0xcf, 0x30, 0x00, 0x8f, 0x80, 0x8f, 0x80, 0x00, 0x00, 0xce, 0x2e,
    0xc0, 0x00, 0x00, 0x03, 0xfe, 0xe3, 0x00, 0x00, 0x00, 0x0a, 0xf9, 0x00, 0x00, 0x00, 0x04, 0xfd,
    0xf3, 0x00, 0x00, 0x01, 0xed, 0x1e, 0xc0, 0x00, 0x00, 0xaf, 0x50, 0x7f, 0x80, 0x00, 0x5f, 0xa0,
    0x00, 0xbf, 0x40, 0x1e, 0xe1, 0x00, 0x02, 0xed, 0x10, 0x5f, 0x90, 0x00, 0x00, 0x6f, 0x80, 0xee,
    0x00, 0x00, 0x0a, 0xf2, 0x08, 0xf5, 0x00, 0x01, 0xfc, 0x00, 0x3f, 0xa0, 0x00, 0x7f, 0x60, 0x00,
    0xcf, 0x10, 0x0c, 0xf1, 0x00, 0x06, 0xf6, 0x02, 0xf9, 0x00, 0x00, 0x1f, 0xb0, 0x8f, 0x40, 0x00,
    0x00, 0x9f, 0x2d, 0xd0, 0x00, 0x00, 0x05, 0xf8, 0xf8, 0x00, 0x00, 0x00, 0x0d, 0xef, 0x20, 0x00,
    0x00, 0x00, 0x8f, 0xb0, 0x00, 0x00, 0x00, 0x07, 0xf6, 0x00, 0x00, 0x00, 0x00, 0xde, 0x00, 0x00,
    0x00, 0x28, 0xaf, 0x80, 0x00, 0x00, 0x08, 0xff, 0x80, 0x00, 0x00, 0x00, 0x04, 0x10, 0x00, 0x00,
    0x00, 0x8f, 0xff, 0xff, 0xff, 0x86, 0xbb, 0xbb, 0xbe, 0xf7, 0x00, 0x00, 0x03, 0xfc, 0x10, 0x00,
    0x01, 0xde, 0x20, 0x00, 0x00, 0xbf, 0x50, 0x00, 0x00, 0x8f, 0x80, 0x00, 0x00, 0x5f, 0xc0, 0x00,
    0x00, 0x2e, 0xe1, 0x00, 0x00, 0x1c, 0xf4, 0x00, 0x00, 0x08, 0xfe, 0xbb, 0xbb, 0xb8, 0xbf, 0xff,
    0xff, 0xff, 0xb0, 0x00, 0x00, 0x37, 0x20, 0x00, 0x9f, 0xf4, 0x00, 0x3f, 0xa2, 0x00, 0x07, 0xf4,
    0x00, 0x00, 0x8f, 0x40, 0x00, 0x08, 0xf4, 0x00, 0x00, 0x8f, 0x40, 0x00, 0x08, 0xf3, 0x00, 0x26,
    0xec, 0x00, 0x08, 0xfa, 0x10, 0x00, 0x4a, 0xf9, 0x00, 0x00, 0x09, 0xf1, 0x00, 0x00, 0x8f, 0x40,
    0x00, 0x08, 0xf4, 0x00, 0x00, 0x8f, 0x40, 0x00, 0x08, 0xf4, 0x00, 0x00, 0x4f, 0x80, 0x00, 0x00,
    0xcf, 0xc3, 0x00, 0x01, 0x7b, 0x30, 0x24, 0x08, 0xf0, 0x8f, 0x08, 0xf0, 0x8f, 0x08, 0xf0, 0x8f,
    0x08, 0xf0, 0x8f, 0x08, 0xf0, 0x8f, 0x08, 0xf0, 0x8f, 0x08, 0xf0, 0x8f, 0x08, 0xf0, 0x8f, 0x08,
    0xf0, 0x8f, 0x08, 0xf0, 0x8f, 0x08, 0xf0, 0x8f, 0x08, 0xf0, 0x6b, 0x00, 0x65, 0x10, 0x00, 0x0b,
    0xfe, 0x30, 0x00, 0x05, 0xfa, 0x00, 0x00, 0x0b, 0xf0, 0x00, 0x00, 0xbf, 0x00, 0x00, 0x0b, 0xf0,
    0x00, 0x00, 0xbf, 0x00, 0x00, 0x09, 0xf1, 0x00, 0x00, 0x5f, 0xa4, 0x00, 0x00, 0x5e, 0xf0, 0x00,
    0x3e, 0xe8, 0x00, 0x08, 0xf2, 0x00, 0x00, 0xbf, 0x00, 0x00, 0x0b, 0xf0, 0x00, 0x00, 0xbf, 0x00,
    0x00, 0x0b, 0xf0, 0x00, 0x01, 0xec, 0x00, 0x08, 0xef, 0x50, 0x00, 0x89, 0x40, 0x00, 0x00, 0x01,
    0x78, 0x70, 0x00, 0x04, 0x20, 0xcf, 0xff, 0xc2, 0x02, 0xf8, 0x4f, 0x80, 0x6e, 0xe8, 0xcf, 0x43,
    0xb3, 0x00, 0x3c, 0xff, 0x80, 0x00, 0x00, 0x00, 0x00, 0x00, 0x00, 0x02, 0x10, 0x4f, 0xe1, 0x6f,
    0xf2, 0x07, 0x50, 0x00, 0x00, 0x04, 0x30, 0x0f, 0xb0, 0x0f, 0xb0, 0x0f, 0xb0, 0x0f, 0xb0, 0x0f,
    0xb0, 0x0f, 0xb0, 0x0f, 0xb0, 0x0f, 0xb0, 0x0f, 0xb0, 0x08, 0x70, 0x00, 0x00, 0x64, 0x00, 0x00,
    0x00, 0x00, 0xb8, 0x00, 0x00, 0x00, 0x4a, 0xed, 0xa4, 0x00, 0x06, 0xfe, 0xed, 0xef, 0x60, 0x4f,
    0xc1, 0xb8, 0x1c, 0xf2, 0x9f, 0x40, 0xb8, 0x03, 0x61, 0xde, 0x00, 0xb8, 0x00, 0x00, 0xfb, 0x00,
    0xb8, 0x00, 0x00, 0xfc, 0x00, 0xb8, 0x00, 0x00, 0xbf, 0x10, 0xb8, 0x01, 0x00, 0x7f, 0x80, 0xb8,
    0x08, 0xf4, 0x1c, 0xf9, 0xc9, 0x8f, 0xc0, 0x01, 0xbf, 0xff, 0xfb, 0x10, 0x00, 0x03, 0xc9, 0x30,
    0x00, 0x00, 0x00, 0xb8, 0x00, 0x00, 0x00, 0x02, 0x8b, 0xb7, 0x10, 0x00, 0x06, 0xff, 0xff, 0xfc,
    0x10, 0x02, 0xee, 0x30, 0x07, 0xf9, 0x00, 0x7f, 0x60, 0x00, 0x0c, 0xf0, 0x08, 0xf4, 0x00, 0x00,
    0x10, 0x00, 0x8f, 0x40, 0x00, 0x00, 0x00, 0x08, 0xf4, 0x00, 0x00, 0x00, 0x0f, 0xff, 0xff, 0xff,
    0xf0, 0x00, 0x8b, 0xf9, 0x88, 0x88, 0x00, 0x00, 0x8f, 0x40, 0x00, 0x00, 0x00, 0x04, 0xf8, 0x00,
    0x00, 0x00, 0x00, 0x4f, 0x80, 0x00, 0x00, 0x00, 0x08, 0xe2, 0x00, 0x00, 0x8f, 0x0b, 0xfd, 0xbb,
    0xbb, 0xbe, 0xe0, 0xff, 0xff, 0xff, 0xff, 0xd6, 0x00, 0x01, 0x00, 0x00, 0x00, 0x00, 0x01, 0x06,
    0xe3, 0x6c, 0xff, 0xd8, 0x19, 0xc1, 0x6f, 0xff, 0xd8, 0x8a, 0xff, 0xfc, 0x10, 0x9f, 0x90, 0x00,
    0x04, 0xef, 0x20, 0x2f, 0xb0, 0x00, 0x00, 0x05, 0xf8, 0x07, 0xf3, 0x00, 0x00, 0x00, 0x0d, 0xd0,
    0x8f, 0x00, 0x00, 0x00, 0x00, 0x9f, 0x08, 0xf0, 0x00, 0x00, 0x00, 0x08, 0xf0, 0x7f, 0x30, 0x00,
    0x00, 0x00, 0xcd, 0x02, 0xfa, 0x00, 0x00, 0x00, 0x4f, 0x80, 0x0a, 0xf7, 0x00, 0x00, 0x3e, 0xf3,
    0x06, 0xff, 0xfb, 0x88, 0x9f, 0xef, 0xc1, 0x6c, 0x18, 0xef, 0xff, 0xa3, 0x6c, 0x10, 0x00, 0x00,
    0x34, 0x00, 0x00, 0x00, 0x48, 0x40, 0x00, 0x00, 0x48, 0x53, 0xfc, 0x00, 0x00, 0x0c, 0xf4, 0x0b,
    0xf4, 0x00, 0x04, 0xfb, 0x00, 0x4f, 0xb0, 0x00, 0xbf, 0x40, 0x00, 0xbf, 0x20, 0x2f, 0xb0, 0x00,
    0x04, 0xf9, 0x09, 0xf4, 0x00, 0x00, 0x0b, 0xf4, 0xfb, 0x00, 0x00, 0x24, 0x8f, 0xdf, 0x84, 0x20,
    0x08, 0xff, 0xff, 0xff, 0xf8, 0x00, 0x00, 0x08, 0xf8, 0x00, 0x00, 0x04, 0x88, 0xbf, 0xb8, 0x84,
    0x00, 0x6b, 0xbd, 0xfd, 0xbb, 0x60, 0x00, 0x00, 0x8f, 0x80, 0x00, 0x00, 0x00, 0x08, 0xf8, 0x00,
    0x00, 0x00, 0x00, 0x8f, 0x80, 0x00, 0x00, 0x28, 0x44, 0xf8, 0x4f, 0x84, 0xf8, 0x4f, 0x84, 0xf8,
    0x4f, 0x80, 0x00, 0x00, 0x00, 0x00, 0x00, 0x04, 0xf8, 0x4f, 0x84, 0xf8, 0x4f, 0x84, 0xf8, 0x4f,
    0x83, 0xb6, 0x00, 0x39, 0xba, 0x60, 0x00, 0x05, 0xff, 0xbd, 0xf9, 0x00, 0x0b, 0xe3, 0x00, 0x9f,
    0x30, 0x0b, 0xc0, 0x00, 0x18, 0x30, 0x08, 0xf6, 0x00, 0x00, 0x00, 0x02, 0xef, 0x91, 0x00, 0x00,
    0x3e, 0xa8, 0xfe, 0x80, 0x00, 0xac, 0x00, 0x2a, 0xfc, 0x10, 0xbc, 0x00, 0x00, 0x4e, 0xb0, 0x8f,
    0x60, 0x00, 0x08, 0xf2, 0x0c, 0xfb, 0x20, 0x08, 0xf2, 0x00, 0x8e, 0xf8, 0x6e, 0x90, 0x00, 0x01,
    0x9f, 0xf6, 0x00, 0x00, 0x00, 0x04, 0xec, 0x00, 0x15, 0x20, 0x00, 0x8f, 0x40, 0x3f, 0xa0, 0x00,
    0x8f, 0x40, 0x0a, 0xfb, 0x8a, 0xfc, 0x00, 0x01, 0x8d, 0xfd, 0x91, 0x00, 0x00, 0x00, 0x00, 0x00,
    0x2e, 0xc0, 0x1d, 0xc0, 0x3f, 0xe0, 0x2f, 0xe0, 0x03, 0x20, 0x03, 0x20, 0x00, 0x00, 0x05, 0x9b,
    0xba, 0x61, 0x00, 0x00, 0x00, 0x03, 0xcf, 0xff, 0xff, 0xfe, 0x60, 0x00, 0x00, 0x3e, 0xf8, 0x20,
    0x01, 0x6e, 0xf8, 0x00, 0x02, 0xee, 0x30, 0x27, 0x85, 0x01, 0xcf, 0x50, 0x09, 0xf5, 0x08, 0xff,
    0xff, 0xc1, 0x1e, 0xd0, 0x1f, 0xc0, 0x5f, 0xc5, 0x48, 0xfb, 0x08, 0xf5, 0x4f, 0x80, 0xce, 0x10,
    0x00, 0x8b, 0x13, 0xf8, 0x4f, 0x40, 0xfb, 0x00, 0x00, 0x00, 0x00, 0xfa, 0x4f, 0x70, 0xec, 0x00,
    0x00, 0x34, 0x02, 0xf8, 0x2f, 0x90, 0x9f, 0x60, 0x03, 0xec, 0x05, 0xf7, 0x0d, 0xe1, 0x1c, 0xfc,
    0xbf, 0xf4, 0x0b, 0xf2, 0x05, 0xfb, 0x01, 0x9d, 0xfa, 0x40, 0x7f, 0x90, 0x00, 0x9f, 0xb2, 0x00,
    0x00, 0x18, 0xfc, 0x10, 0x00, 0x09, 0xff, 0xa8, 0x89, 0xef, 0xc1, 0x00, 0x00, 0x00, 0x4b, 0xff,
    0xff, 0xd6, 0x00, 0x00, 0x00, 0x00, 0x00, 0x04, 0x42, 0x00, 0x00, 0x00, 0x00, 0x6a, 0xba, 0x60,
    0x09, 0xfb, 0x8b, 0xf8, 0x07, 0x80, 0x00, 0xcd, 0x00, 0x03, 0x48, 0xef, 0x08, 0xef, 0xeb, 0xdf,
    0x3f, 0x91, 0x00, 0xbf, 0x4f, 0x50, 0x03, 0xef, 0x1e, 0xeb, 0xbd, 0xdf, 0x01, 0x8b, 0x83, 0x68,
    0x00, 0x00, 0x3b, 0x80, 0x4b, 0x80, 0x00, 0x3e, 0xd1, 0x3e, 0xc1, 0x00, 0x1c, 0xe3, 0x1d, 0xe3,
    0x00, 0x0b, 0xf5, 0x0c, 0xf4, 0x00, 0x09, 0xf7, 0x09, 0xf6, 0x00, 0x00, 0x9f, 0x80, 0x9f, 0x70,
    0x00, 0x00, 0xbf, 0x60, 0xcf, 0x50, 0x00, 0x01, 0xce, 0x31, 0xce, 0x30, 0x00, 0x02, 0xee, 0x13,
    0xed, 0x10, 0x00, 0x03, 0x85, 0x03, 0x85, 0x34, 0x44, 0x44, 0x44, 0x1b, 0xff, 0xff, 0xff, 0xf4,
    0x34, 0x44, 0x44, 0x7f, 0x40, 0x00, 0x00, 0x04, 0xf4, 0x00, 0x00, 0x00, 0x4f, 0x40, 0x28, 0x88,
    0x88, 0x82, 0x4f, 0xff, 0xff, 0xf4, 0x14, 0x44, 0x44, 0x41, 0x00, 0x00, 0x59, 0xba, 0x71, 0x00,
    0x00, 0x01, 0xbf, 0xcb, 0xbf, 0xe4, 0x00, 0x00, 0xce, 0x40, 0x00, 0x1a, 0xf3, 0x00, 0x8f, 0x33,
    0xbb, 0xa3, 0x0c, 0xb0, 0x0c, 0x90, 0x4c, 0x48, 0xd0, 0x5f, 0x30, 0xf6, 0x04, 0xb0, 0x8d, 0x00,
    0xf4, 0x0f, 0x70, 0x4e, 0xbf, 0x50, 0x1f, 0x40, 0xc9, 0x04, 0xb0, 0x99, 0x05, 0xf2, 0x06, 0xf3,
    0x26, 0x02, 0x81, 0xdb, 0x00, 0x0b, 0xe6, 0x00, 0x02, 0xce, 0x20, 0x00, 0x1a, 0xfe, 0xbc, 0xfc,
    0x30, 0x00, 0x00, 0x03, 0x88, 0x85, 0x00, 0x00, 0x88, 0x88, 0x84, 0xbb, 0xbb, 0xb6, 0x01, 0x7b,
    0x81, 0x01, 0xcf, 0xbf, 0xe2, 0x8f, 0x30, 0x2e, 0x9b, 0xb0, 0x00, 0xab, 0x9e, 0x10, 0x0d, 0xa2,
    0xed, 0x8d, 0xf4, 0x03, 0xaf, 0xb4, 0x00, 0x00, 0x04, 0xf8, 0x00, 0x00, 0x00, 0x04, 0xf8, 0x00,
    0x00, 0x00, 0x04, 0xf8, 0x00, 0x00, 0xff, 0xff, 0xff, 0xff, 0xf4, 0x88, 0x89, 0xfb, 0x88, 0x82,
    0x00, 0x04, 0xf8, 0x00, 0x00, 0x00, 0x04, 0xf8, 0x00, 0x00, 0x00, 0x02, 0x84, 0x00, 0x00, 0x44,
    0x44, 0x44, 0x44, 0x41, 0xff, 0xff, 0xff, 0xff, 0xf4, 0x44, 0x44, 0x44, 0x44, 0x41, 0x06, 0xbb,
    0xa4, 0x08, 0xf9, 0x8d, 0xf4, 0xa8, 0x00, 0x4f, 0x80, 0x00, 0x09, 0xf4, 0x00, 0x09, 0xf8, 0x00,
    0x2c, 0xe6, 0x00, 0x4e, 0xe6, 0x44, 0x3b, 0xff, 0xff, 0xfb, 0x34, 0x44, 0x44, 0x30, 0x05, 0xab,
    0xa5, 0x00, 0x8f, 0xb8, 0xbf, 0x50, 0x67, 0x00, 0x0f, 0xa0, 0x00, 0x48, 0xbe, 0x30, 0x00, 0x6b,
    0xea, 0x30, 0x00, 0x00, 0x1d, 0xe0, 0xed, 0x40, 0x4e, 0xe0, 0x4e, 0xff, 0xfe, 0x40, 0x00, 0x44,
    0x40, 0x00, 0x00, 0x44, 0x06, 0xf8, 0x0c, 0xc0, 0x2b, 0x30, 0x8f, 0x40, 0x00, 0x08, 0xf4, 0x08,
    0xf4, 0x00, 0x00, 0x8f, 0x40, 0x8f, 0x40, 0x00, 0x08, 0xf4, 0x08, 0xf4, 0x00, 0x00, 0x8f, 0x40,
    0x8f, 0x40, 0x00, 0x08, 0xf4, 0x08, 0xf4, 0x00, 0x00, 0x8f, 0x40, 0x8f, 0x40, 0x00, 0x08, 0xf4,
    0x08, 0xf6, 0x00, 0x00, 0x8f, 0x40, 0x8f, 0xb0, 0x00, 0x1d, 0xf4, 0x08, 0xfe, 0xb8, 0x8d, 0xdf,
    0xc4, 0x8f, 0x5b, 0xff, 0xb1, 0x8e, 0x88, 0xf4, 0x02, 0x10, 0x00, 0x00, 0x8f, 0x40, 0x00, 0x00,
    0x00, 0x08, 0xf4, 0x00, 0x00, 0x00, 0x00, 0x8f, 0x40, 0x00, 0x00, 0x00, 0x00, 0x00, 0x00, 0x00,
    0x00, 0x00, 0x00, 0x27, 0x88, 0x88, 0x82, 0x06, 0xef, 0xff, 0xff, 0xf4, 0x4f, 0xff, 0xfb, 0x08,
    0xf4, 0xaf, 0xff, 0xfb, 0x08, 0xf4, 0xef, 0xff, 0xfb, 0x08, 0xf4, 0xef, 0xff, 0xfb, 0x08, 0xf4,
    0xaf, 0xff, 0xfb, 0x08, 0xf4, 0x4f, 0xff, 0xfb, 0x08, 0xf4, 0x06, 0xff, 0xfb, 0x08, 0xf4, 0x00,
    0x27, 0x86, 0x08, 0xf4, 0x00, 0x00, 0x00, 0x08, 0xf4, 0x00, 0x00, 0x00, 0x08, 0xf4, 0x00, 0x00,
    0x00, 0x08, 0xf4, 0x00, 0x00, 0x00, 0x08, 0xf4, 0x00, 0x00, 0x00, 0x08, 0xf4, 0x03, 0x20, 0x4f,
    0xe1, 0x6f, 0xf2, 0x06, 0x40, 0x07, 0x00, 0x0f, 0x20, 0x0b, 0xe8, 0x00, 0x8f, 0x8f, 0xf8, 0x00,
    0x00, 0x00, 0x7b, 0x80, 0xce, 0xeb, 0x0a, 0x2b, 0xb0, 0x00, 0xbb, 0x00, 0x0b, 0xb0, 0x00, 0xbb,
    0x00, 0x0b, 0xb0, 0x00, 0xbb, 0x00, 0x03, 0x30, 0x00, 0x29, 0xbb, 0x71, 0x00, 0x4e, 0xe9, 0xbf,
    0xc1, 0x0d, 0xe1, 0x00, 0x7f, 0x83, 0xf8, 0x00, 0x00, 0xeb, 0x4f, 0x80, 0x00, 0x0b, 0xe2, 0xf9,
    0x00, 0x00, 0xeb, 0x0b, 0xe3, 0x00, 0x7f, 0x70, 0x3e, 0xfb, 0xcf, 0xb0, 0x00, 0x17, 0xa9, 0x60,
    0x00, 0x1a, 0xa1, 0x1a, 0xa1, 0x00, 0x00, 0x5f, 0xb0, 0x6f, 0xa0, 0x00, 0x00, 0x7f, 0x90, 0x8f,
    0x90, 0x00, 0x00, 0x9f, 0x70, 0x9f, 0x60, 0x00, 0x00, 0xcf, 0x50, 0xcf, 0x40, 0x00, 0x0c, 0xf5,
    0x1c, 0xf4, 0x00, 0x09, 0xf6, 0x09, 0xf6, 0x00, 0x07, 0xf9, 0x08, 0xf8, 0x00, 0x05, 0xfa, 0x06,
    0xf9, 0x00, 0x00, 0x78, 0x10, 0x78, 0x10, 0x00, 0x01, 0x88, 0x20, 0x00, 0x00, 0x03, 0x83, 0x00,
    0x2d, 0xef, 0x40, 0x00, 0x00, 0x1c, 0xb0, 0x00, 0x49, 0x5f, 0x40, 0x00, 0x00, 0x8e, 0x20, 0x00,
    0x00, 0x4f, 0x40, 0x00, 0x04, 0xf7, 0x00, 0x00, 0x00, 0x4f, 0x40, 0x00, 0x1d, 0xb0, 0x00, 0x00,
    0x00, 0x4f, 0x40, 0x00, 0x9e, 0x10, 0x00, 0x00, 0x00, 0x4f, 0x40, 0x05, 0xf5, 0x00, 0x00, 0x00,
    0x00, 0x4f, 0x40, 0x1e, 0xa0, 0x01, 0xef, 0x40, 0x00, 0x28, 0x20, 0xae, 0x10, 0x08, 0xff, 0x40,
    0x00, 0x00, 0x06, 0xf4, 0x00, 0x2f, 0x8f, 0x40, 0x00, 0x00, 0x2e, 0x80, 0x00, 0xbb, 0x4f, 0x40,
    0x00, 0x00, 0xbd, 0x10, 0x04, 0xf3, 0x4f, 0x40, 0x00, 0x07, 0xf4, 0x00, 0x0d, 0xd8, 0x9f, 0x92,
    0x00, 0x3e, 0x80, 0x00, 0x0b, 0xbb, 0xcf, 0xc3, 0x00, 0xcc, 0x00, 0x00, 0x00, 0x00, 0x4f, 0x40,
    0x01, 0x88, 0x20, 0x00, 0x00, 0x03, 0x83, 0x00, 0x2d, 0xef, 0x40, 0x00, 0x00, 0x1c, 0xb0, 0x00,
    0x49, 0x5f, 0x40, 0x00, 0x00, 0x8e, 0x20, 0x00, 0x00, 0x4f, 0x40, 0x00, 0x04, 0xf7, 0x00, 0x00,
    0x00, 0x4f, 0x40, 0x00, 0x1d, 0xb0, 0x00, 0x00, 0x00, 0x4f, 0x40, 0x00, 0x9e, 0x10, 0x00, 0x00,
    0x00, 0x4f, 0x40, 0x05, 0xf5, 0x00, 0x00, 0x00, 0x00, 0x4f, 0x40, 0x1e, 0xa0, 0x08, 0xef, 0xb3,
    0x00, 0x28, 0x20, 0xae, 0x10, 0x5f, 0x85, 0xda, 0x00, 0x00, 0x06, 0xf4, 0x00, 0x24, 0x00, 0xbd,
    0x00, 0x00, 0x2e, 0x80, 0x00, 0x00, 0x03, 0xf7, 0x00, 0x00, 0xbd, 0x10, 0x00, 0x00, 0x3e, 0x90,
    0x00, 0x07, 0xf4, 0x00, 0x00, 0x03, 0xec, 0x10, 0x00, 0x3e, 0x80, 0x00, 0x00, 0x1c, 0xe5, 0x44,
    0x00, 0xcc, 0x00, 0x00, 0x00, 0x8f, 0xff, 0xff, 0x00, 0x68, 0x84, 0x00, 0x00, 0x00, 0x06, 0x70,
    0x00, 0x8f, 0xbc, 0xf4, 0x00, 0x00, 0x04, 0xf5, 0x00, 0x03, 0x30, 0x0f, 0x80, 0x00, 0x01, 0xea,
    0x00, 0x00, 0x00, 0x48, 0xf4, 0x00, 0x00, 0xae, 0x10, 0x00, 0x00, 0x0f, 0xfb, 0x20, 0x00, 0x5f,
    0x50, 0x00, 0x00, 0x00, 0x01, 0xda, 0x00, 0x1e, 0x80, 0x00, 0x00, 0x08, 0x50, 0x1d, 0xb0, 0x0b,
    0xd1, 0x00, 0x00, 0x00, 0x9f, 0xee, 0xf6, 0x07, 0xf4, 0x00, 0x6f, 0xb0, 0x00, 0x38, 0x72, 0x02,
    0xe8, 0x00, 0x1e, 0xfb, 0x00, 0x00, 0x00, 0x00, 0xbc, 0x10, 0x08, 0xdc, 0xb0, 0x00, 0x00, 0x00,
    0x8f, 0x30, 0x02, 0xf6, 0xbb, 0x00, 0x00, 0x00, 0x3f, 0x80, 0x00, 0xbb, 0x0b, 0xb0, 0x00, 0x00,
    0x0c, 0xc0, 0x00, 0x3f, 0xa8, 0xdd, 0x60, 0x00, 0x08, 0xe3, 0x00, 0x03, 0xbb, 0xbe, 0xe8, 0x00,
    0x04, 0xf7, 0x00, 0x00, 0x00, 0x00, 0xbb, 0x00, 0x00, 0x00, 0x00, 0x00, 0x00, 0x00, 0x00, 0x7f,
    0x80, 0x00, 0x00, 0x00, 0xaf, 0xd0, 0x00, 0x00, 0x00, 0x38, 0x30, 0x00, 0x00, 0x00, 0x00, 0x00,
    0x00, 0x00, 0x00, 0x28, 0x40, 0x00, 0x00, 0x00, 0x5f, 0x80, 0x00, 0x00, 0x00, 0xbf, 0x40, 0x00,
    0x00, 0x3c, 0xfa, 0x00, 0x00, 0x03, 0xef, 0x80, 0x00, 0x00, 0x0a, 0xf6, 0x00, 0x00, 0x00, 0x0f,
    0xd0, 0x00, 0x00, 0x00, 0x0f, 0xc0, 0x00, 0x08, 0xf6, 0x0a, 0xf6, 0x00, 0x2e, 0xf2, 0x03, 0xef,
    0xcb, 0xff, 0x60, 0x00, 0x18, 0xbb, 0x94, 0x00, 0x00, 0x00, 0x4b, 0x60, 0x00, 0x00, 0x00, 0x00,
    0x00, 0x0c, 0xd0, 0x00, 0x00, 0x00, 0x00, 0x00, 0x03, 0xf6, 0x00, 0x00, 0x00, 0x00, 0x00, 0x00,
    0x00, 0x00, 0x00, 0x00, 0x00, 0x00, 0x02, 0x88, 0x00, 0x00, 0x00, 0x00, 0x00, 0x09, 0xff, 0x50,
    0x00, 0x00, 0x00, 0x00, 0x0e, 0xae, 0xa0, 0x00, 0x00, 0x00, 0x00, 0x5f, 0x6a, 0xf1, 0x00, 0x00,
    0x00, 0x00, 0xaf, 0x26, 0xf7, 0x00, 0x00, 0x00, 0x01, 0xfc, 0x01, 0xfc, 0x00, 0x00, 0x00, 0x06,
    0xf7, 0x00, 0xaf, 0x20, 0x00, 0x00, 0x0c, 0xf2, 0x00, 0x6f, 0x80, 0x00, 0x00, 0x2f, 0xa0, 0x00,
    0x0e, 0xd0, 0x00, 0x00, 0x8f, 0xdb, 0xbb, 0xbe, 0xf5, 0x00, 0x00, 0xdf, 0xff, 0xff, 0xff, 0xf9,
    0x00, 0x03, 0xfa, 0x00, 0x00, 0x00, 0xde, 0x10, 0x09, 0xf6, 0x00, 0x00, 0x00, 0x8f, 0x60, 0x0e,
    0xe1, 0x00, 0x00, 0x00, 0x3f, 0xb0, 0x5f, 0x90, 0x00, 0x00, 0x00, 0x0d, 0xf2, 0x00, 0x00, 0x00,
    0x08, 0xb2, 0x00, 0x00, 0x00, 0x00, 0x00, 0x2f, 0x80, 0x00, 0x00, 0x00, 0x00, 0x00, 0x9d, 0x10,
    0x00, 0x00, 0x00, 0x00, 0x00, 0x00, 0x00, 0x00, 0x00, 0x00, 0x00, 0x02, 0x88, 0x00, 0x00, 0x00,
    0x00, 0x00, 0x09, 0xff, 0x50, 0x00, 0x00, 0x00, 0x00, 0x0e, 0xae, 0xa0, 0x00, 0x00, 0x00, 0x00,
    0x5f, 0x6a, 0xf1, 0x00, 0x00, 0x00, 0x00, 0xaf, 0x26, 0xf7, 0x00, 0x00, 0x00, 0x01, 0xfc, 0x01,
    0xfc, 0x00, 0x00, 0x00, 0x06, 0xf7, 0x00, 0xaf, 0x20, 0x00, 0x00, 0x0c, 0xf2, 0x00, 0x6f, 0x80,
    0x00, 0x00, 0x2f, 0xa0, 0x00, 0x0e, 0xd0, 0x00, 0x00, 0x8f, 0xdb, 0xbb, 0xbe, 0xf5, 0x00, 0x00,
    0xdf, 0xff, 0xff, 0xff, 0xf9, 0x00, 0x03, 0xfa, 0x00, 0x00, 0x00, 0xde, 0x10, 0x09, 0xf6, 0x00,
    0x00, 0x00, 0x8f, 0x60, 0x0e, 0xe1, 0x00, 0x00, 0x00, 0x3f, 0xb0, 0x5f, 0x90, 0x00, 0x00, 0x00,
    0x0d, 0xf2, 0x00, 0x00, 0x04, 0xbb, 0x20, 0x00, 0x00, 0x00, 0x00, 0x3e, 0x9c, 0xc1, 0x00, 0x00,
    0x00, 0x00, 0xaa, 0x01, 0xb8, 0x00, 0x00, 0x00, 0x00, 0x00, 0x00, 0x00, 0x00, 0x00, 0x00, 0x00,
    0x02, 0x88, 0x00, 0x00, 0x00, 0x00, 0x00, 0x09, 0xff, 0x50, 0x00, 0x00, 0x00, 0x00, 0x0e, 0xae,
    0xa0, 0x00, 0x00, 0x00, 0x00, 0x5f, 0x6a, 0xf1, 0x00, 0x00, 0x00, 0x00, 0xaf, 0x26, 0xf7, 0x00,
    0x00, 0x00, 0x01, 0xfc, 0x01, 0xfc, 0x00, 0x00, 0x00, 0x06, 0xf7, 0x00, 0xaf, 0x20, 0x00, 0x00,
    0x0c, 0xf2, 0x00, 0x6f, 0x80, 0x00, 0x00, 0x2f, 0xa0, 0x00, 0x0e, 0xd0, 0x00, 0x00, 0x8f, 0xdb,
    0xbb, 0xbe, 0xf5, 0x00, 0x00, 0xdf, 0xff, 0xff, 0xff, 0xf9, 0x00, 0x03, 0xfa, 0x00, 0x00, 0x00,
    0xde, 0x10, 0x09, 0xf6, 0x00, 0x00, 0x00, 0x8f, 0x60, 0x0e, 0xe1, 0x00, 0x00, 0x00, 0x3f, 0xb0,
    0x5f, 0x90, 0x00, 0x00, 0x00, 0x0d, 0xf2, 0x00, 0x00, 0x28, 0x60, 0x46, 0x00, 0x00, 0x00, 0x00,
    0xad, 0xec, 0xe8, 0x00, 0x00, 0x00, 0x00, 0x82, 0x17, 0x71, 0x00, 0x00, 0x00, 0x00, 0x00, 0x00,
    0x00, 0x00, 0x00, 0x00, 0x00, 0x02, 0x88, 0x00, 0x00, 0x00, 0x00, 0x00, 0x09, 0xff, 0x50, 0x00,
    0x00, 0x00, 0x00, 0x0e, 0xae, 0xa0, 0x00, 0x00, 0x00, 0x00, 0x5f, 0x6a, 0xf1, 0x00, 0x00, 0x00,
    0x00, 0xaf, 0x26, 0xf7, 0x00, 0x00, 0x00, 0x01, 0xfc, 0x01, 0xfc, 0x00, 0x00, 0x00, 0x06, 0xf7,
    0x00, 0xaf, 0x20, 0x00, 0x00, 0x0c, 0xf2, 0x00, 0x6f, 0x80, 0x00, 0x00, 0x2f, 0xa0, 0x00, 0x0e,
    0xd0, 0x00, 0x00, 0x8f, 0xdb, 0xbb, 0xbe, 0xf5, 0x00, 0x00, 0xdf, 0xff, 0xff, 0xff, 0xf9, 0x00,
    0x03, 0xfa, 0x00, 0x00, 0x00, 0xde, 0x10, 0x09, 0xf6, 0x00, 0x00, 0x00, 0x8f, 0x60, 0x0e, 0xe1,
    0x00, 0x00, 0x00, 0x3f, 0xb0, 0x5f, 0x90, 0x00, 0x00, 0x00, 0x0d, 0xf2, 0x00, 0x01, 0x95, 0x00,
    0x88, 0x00, 0x00, 0x00, 0x04, 0xff, 0x04, 0xff, 0x00, 0x00, 0x00, 0x01, 0x96, 0x00, 0x88, 0x00,
    0x00, 0x00, 0x00, 0x00, 0x00, 0x00, 0x00, 0x00, 0x00, 0x00, 0x02, 0x88, 0x00, 0x00, 0x00, 0x00,
    0x00, 0x09, 0xff, 0x50, 0x00, 0x00, 0x00, 0x00, 0x0e, 0xae, 0xa0, 0x00, 0x00, 0x00, 0x00, 0x5f,
    0x6a, 0xf1, 0x00, 0x00, 0x00, 0x00, 0xaf, 0x26, 0xf7, 0x00, 0x00, 0x00, 0x01, 0xfc, 0x01, 0xfc,
    0x00, 0x00, 0x00, 0x06, 0xf7, 0x00, 0xaf, 0x20, 0x00, 0x00, 0x0c, 0xf2, 0x00, 0x6f, 0x80, 0x00,
    0x00, 0x2f, 0xa0, 0x00, 0x0e, 0xd0, 0x00, 0x00, 0x8f, 0xdb, 0xbb, 0xbe, 0xf5, 0x00, 0x00, 0xdf,
    0xff, 0xff, 0xff, 0xf9, 0x00, 0x03, 0xfa, 0x00, 0x00, 0x00, 0xde, 0x10, 0x09, 0xf6, 0x00, 0x00,
    0x00, 0x8f, 0x60, 0x0e, 0xe1, 0x00, 0x00, 0x00, 0x3f, 0xb0, 0x5f, 0x90, 0x00, 0x00, 0x00, 0x0d,
    0xf2, 0x00, 0x00, 0x08, 0xed, 0x60, 0x00, 0x00, 0x00, 0x00, 0x7e, 0x67, 0xf4, 0x00, 0x00, 0x00,
    0x00, 0xbb, 0x00, 0xf8, 0x00, 0x00, 0x00, 0x00, 0x7e, 0x67, 0xf4, 0x00, 0x00, 0x00, 0x00, 0x08,
    0xed, 0x60, 0x00, 0x00, 0x00, 0x00, 0x02, 0x88, 0x00, 0x00, 0x00, 0x00, 0x00, 0x09, 0xff, 0x50,
    0x00, 0x00, 0x00, 0x00, 0x0e, 0xae, 0xa0, 0x00, 0x00, 0x00, 0x00, 0x5f, 0x6a, 0xf1, 0x00, 0x00,
    0x00, 0x00, 0xaf, 0x26, 0xf7, 0x00, 0x00, 0x00, 0x01, 0xfc, 0x01, 0xfc, 0x00, 0x00, 0x00, 0x06,
    0xf7, 0x00, 0xaf, 0x20, 0x00, 0x00, 0x0c, 0xf2, 0x00, 0x6f, 0x80, 0x00, 0x00, 0x2f, 0xa0, 0x00,
    0x0e, 0xd0, 0x00, 0x00, 0x8f, 0xdb, 0xbb, 0xbe, 0xf5, 0x00, 0x00, 0xdf, 0xff, 0xff, 0xff, 0xf9,
    0x00, 0x03, 0xfa, 0x00, 0x00, 0x00, 0xde, 0x10, 0x09, 0xf6, 0x00, 0x00, 0x00, 0x8f, 0x60, 0x0e,
    0xe1, 0x00, 0x00, 0x00, 0x3f, 0xb0, 0x5f, 0x90, 0x00, 0x00, 0x00, 0x0d, 0xf2, 0x00, 0x00, 0x00,
    0x05, 0x88, 0x88, 0x88, 0x88, 0x88, 0x40, 0x00, 0x00, 0x01, 0xee, 0xcf, 0xff, 0xff, 0xff, 0xf8,
    0x00, 0x00, 0x00, 0x8f, 0x64, 0xf8, 0x00, 0x00, 0x00, 0x00, 0x00, 0x00, 0x1e, 0xd0, 0x4f, 0x80,
    0x00, 0x00, 0x00, 0x00, 0x00, 0x08, 0xf7, 0x04, 0xf8, 0x00, 0x00, 0x00, 0x00, 0x00, 0x00, 0xde,
    0x10, 0x4f, 0x80, 0x00, 0x00, 0x00, 0x00, 0x00, 0x6f, 0x80, 0x04, 0xf8, 0x00, 0x00, 0x00, 0x00,
    0x00, 0x0d, 0xf1, 0x00, 0x4f, 0xff, 0xff, 0xff, 0xf0, 0x00, 0x06, 0xf9, 0x00, 0x04, 0xfb, 0x88,
    0x88, 0x88, 0x00, 0x00, 0xdf, 0x98, 0x88, 0x9f, 0x80, 0x00, 0x00, 0x00, 0x00, 0x6f, 0xff, 0xff,
    0xff, 0xf8, 0x00, 0x00, 0x00, 0x00, 0x0c, 0xf2, 0x00, 0x00, 0x4f, 0x80, 0x00, 0x00, 0x00, 0x04,
    0xfb, 0x00, 0x00, 0x04, 0xf8, 0x00, 0x00, 0x00, 0x00, 0xbf, 0x40, 0x00, 0x00, 0x4f, 0xdb, 0xbb,
    0xbb, 0xb6, 0x4f, 0xb0, 0x00, 0x00, 0x04, 0xff, 0xff, 0xff, 0xff, 0x80, 0x00, 0x01, 0x6a, 0xbb,
    0x72, 0x00, 0x00, 0x03, 0xdf, 0xff, 0xff, 0xf7, 0x00, 0x03, 0xef, 0x82, 0x01, 0x6e, 0xf7, 0x00,
    0xcf, 0x60, 0x00, 0x00, 0x1e, 0xe1, 0x5f, 0x90, 0x00, 0x00, 0x00, 0x8f, 0x68, 0xf5, 0x00, 0x00,
    0x00, 0x00, 0x00, 0xbf, 0x10, 0x00, 0x00, 0x00, 0x00, 0x0b, 0xf0, 0x00, 0x00, 0x00, 0x00, 0x00,
    0xbf, 0x00, 0x00, 0x00, 0x00, 0x00, 0x0a, 0xf3, 0x00, 0x00, 0x00, 0x00, 0x00, 0x7f, 0x70, 0x00,
    0x00, 0x00, 0x48, 0x42, 0xfe, 0x10, 0x00, 0x00, 0x0b, 0xf3, 0x08, 0xfc, 0x20, 0x00, 0x09, 0xfb,
    0x00, 0x09, 0xff, 0xa8, 0x8d, 0xfc, 0x10, 0x00, 0x06, 0xdf, 0xff, 0xe8, 0x10, 0x00, 0x00, 0x00,
    0x1f, 0x30, 0x00, 0x00, 0x00, 0x00, 0x00, 0xff, 0x80, 0x00, 0x00, 0x00, 0x00, 0x00, 0x6f, 0x00,
    0x00, 0x00, 0x00, 0x06, 0xbe, 0x90, 0x00, 0x00, 0x00, 0x00, 0x24, 0x20, 0x00, 0x00, 0x00, 0x1a,
    0x90, 0x00, 0x00, 0x00, 0x07, 0xf4, 0x00, 0x00, 0x00, 0x00, 0xcb, 0x00, 0x00, 0x00, 0x00, 0x00,
    0x00, 0x00, 0x28, 0x88, 0x88, 0x88, 0x84, 0x4f, 0xff, 0xff, 0xff, 0xf8, 0x4f, 0x80, 0x00, 0x00,
    0x00, 0x4f, 0x80, 0x00, 0x00, 0x00, 0x4f, 0x80, 0x00, 0x00, 0x00, 0x4f, 0x80, 0x00, 0x00, 0x00,
    0x4f, 0x94, 0x44, 0x44, 0x41, 0x4f, 0xff, 0xff, 0xff, 0xf4, 0x4f, 0xb8, 0x88, 0x88, 0x82, 0x4f,
    0x80, 0x00, 0x00, 0x00, 0x4f, 0x80, 0x00, 0x00, 0x00, 0x4f, 0x80, 0x00, 0x00, 0x00, 0x4f, 0x80,
    0x00, 0x00, 0x00, 0x4f, 0xdb, 0xbb, 0xbb, 0xb8, 0x4f, 0xff, 0xff, 0xff, 0xfb, 0x00, 0x00, 0x05,
    0xb6, 0x00, 0x00, 0x00, 0x0c, 0xd1, 0x00, 0x00, 0x00, 0x4f, 0x40, 0x00, 0x00, 0x00, 0x00, 0x00,
    0x00, 0x28, 0x88, 0x88, 0x88, 0x84, 0x4f, 0xff, 0xff, 0xff, 0xf8, 0x4f, 0x80, 0x00, 0x00, 0x00,
    0x4f, 0x80, 0x00, 0x00, 0x00, 0x4f, 0x80, 0x00, 0x00, 0x00, 0x4f, 0x80, 0x00, 0x00, 0x00, 0x4f,
    0x94, 0x44, 0x44, 0x41, 0x4f, 0xff, 0xff, 0xff, 0xf4, 0x4f, 0xb8, 0x88, 0x88, 0x82, 0x4f, 0x80,
    0x00, 0x00, 0x00, 0x4f, 0x80, 0x00, 0x00, 0x00, 0x4f, 0x80, 0x00, 0x00, 0x00, 0x4f, 0x80, 0x00,
    0x00, 0x00, 0x4f, 0xdb, 0xbb, 0xbb, 0xb8, 0x4f, 0xff, 0xff, 0xff, 0xfb, 0x00, 0x01, 0xab, 0x60,
    0x00, 0x00, 0x0c, 0xd8, 0xf4, 0x00, 0x00, 0x6b, 0x30, 0x8a, 0x10, 0x00, 0x00, 0x00, 0x00, 0x00,
    0x28, 0x88, 0x88, 0x88, 0x84, 0x4f, 0xff, 0xff, 0xff, 0xf8, 0x4f, 0x80, 0x00, 0x00, 0x00, 0x4f,
    0x80, 0x00, 0x00, 0x00, 0x4f, 0x80, 0x00, 0x00, 0x00, 0x4f, 0x80, 0x00, 0x00, 0x00, 0x4f, 0x94,
    0x44, 0x44, 0x41, 0x4f, 0xff, 0xff, 0xff, 0xf4, 0x4f, 0xb8, 0x88, 0x88, 0x82, 0x4f, 0x80, 0x00,
    0x00, 0x00, 0x4f, 0x80, 0x00, 0x00, 0x00, 0x4f, 0x80, 0x00, 0x00, 0x00, 0x4f, 0x80, 0x00, 0x00,
    0x00, 0x4f, 0xdb, 0xbb, 0xbb, 0xb8, 0x4f, 0xff, 0xff, 0xff, 0xfb, 0x00, 0x59, 0x10, 0x59, 0x10,
    0x00, 0xff, 0x40, 0xbf, 0x80, 0x00, 0x59, 0x10, 0x59, 0x10, 0x00, 0x00, 0x00, 0x00, 0x00, 0x28,
    0x88, 0x88, 0x88, 0x84, 0x4f, 0xff, 0xff, 0xff, 0xf8, 0x4f, 0x80, 0x00, 0x00, 0x00, 0x4f, 0x80,
    0x00, 0x00, 0x00, 0x4f, 0x80, 0x00, 0x00, 0x00, 0x4f, 0x80, 0x00, 0x00, 0x00, 0x4f, 0x94, 0x44,
    0x44, 0x41, 0x4f, 0xff, 0xff, 0xff, 0xf4, 0x4f, 0xb8, 0x88, 0x88, 0x82, 0x4f, 0x80, 0x00, 0x00,
    0x00, 0x4f, 0x80, 0x00, 0x00, 0x00, 0x4f, 0x80, 0x00, 0x00, 0x00, 0x4f, 0x80, 0x00, 0x00, 0x00,
    0x4f, 0xdb, 0xbb, 0xbb, 0xb8, 0x4f, 0xff, 0xff, 0xff, 0xfb, 0x7b, 0x40, 0x1e, 0xb0, 0x05, 0xf3,
    0x00, 0x00, 0x02, 0x84, 0x04, 0xf8, 0x04, 0xf8, 0x04, 0xf8, 0x04, 0xf8, 0x04, 0xf8, 0x04, 0xf8,
    0x04, 0xf8, 0x04, 0xf8, 0x04, 0xf8, 0x04, 0xf8, 0x04, 0xf8, 0x04, 0xf8, 0x04, 0xf8, 0x04, 0xf8,
    0x00, 0xaa, 0x00, 0x6f, 0x50, 0x0d, 0xa0, 0x00, 0x00, 0x00, 0x28, 0x40, 0x04, 0xf8, 0x00, 0x4f,
    0x80, 0x04, 0xf8, 0x00, 0x4f, 0x80, 0x04, 0xf8, 0x00, 0x4f, 0x80, 0x04, 0xf8, 0x00, 0x4f, 0x80,
    0x04, 0xf8, 0x00, 0x4f, 0x80, 0x04, 0xf8, 0x00, 0x4f, 0x80, 0x04, 0xf8, 0x00, 0x4f, 0x80, 0x00,
    0x00, 0x6b, 0xa1, 0x00, 0x6f, 0x7e, 0xa0, 0x1b, 0x80, 0x3b, 0x60, 0x00, 0x00, 0x00, 0x00, 0x28,
    0x40, 0x00, 0x04, 0xf8, 0x00, 0x00, 0x4f, 0x80, 0x00, 0x04, 0xf8, 0x00, 0x00, 0x4f, 0x80, 0x00,
    0x04, 0xf8, 0x00, 0x00, 0x4f, 0x80, 0x00, 0x04, 0xf8, 0x00, 0x00, 0x4f, 0x80, 0x00, 0x04, 0xf8,
    0x00, 0x00, 0x4f, 0x80, 0x00, 0x04, 0xf8, 0x00, 0x00, 0x4f, 0x80, 0x00, 0x04, 0xf8, 0x00, 0x00,
    0x4f, 0x80, 0x00, 0x19, 0x40, 0x19, 0x58, 0xfb, 0x06, 0xfd, 0x2a, 0x40, 0x19, 0x50, 0x00, 0x00,
    0x00, 0x00, 0x28, 0x40, 0x00, 0x04, 0xf8, 0x00, 0x00, 0x4f, 0x80, 0x00, 0x04, 0xf8, 0x00, 0x00,
    0x4f, 0x80, 0x00, 0x04, 0xf8, 0x00, 0x00, 0x4f, 0x80, 0x00, 0x04, 0xf8, 0x00, 0x00, 0x4f, 0x80,
    0x00, 0x04, 0xf8, 0x00, 0x00, 0x4f, 0x80, 0x00, 0x04, 0xf8, 0x00, 0x00, 0x4f, 0x80, 0x00, 0x04,
    0xf8, 0x00, 0x00, 0x4f, 0x80, 0x00, 0x00, 0x88, 0x88, 0x88, 0x62, 0x00, 0x00, 0x00, 0xff, 0xff,
    0xff, 0xff, 0x81, 0x00, 0x00, 0xff, 0x00, 0x03, 0x6b, 0xfc, 0x10, 0x00, 0xff, 0x00, 0x00, 0x00,
    0x9f, 0x80, 0x00, 0xff, 0x00, 0x00, 0x00, 0x1e, 0xe0, 0x00, 0xff, 0x00, 0x00, 0x00, 0x08, 0xf4,
    0x00, 0xff, 0x00, 0x00, 0x00, 0x06, 0xf8, 0xbf, 0xff, 0xff, 0xfb, 0x00, 0x04, 0xf8, 0x68, 0xff,
    0x88, 0x86, 0x00, 0x04, 0xf8, 0x00, 0xff, 0x00, 0x00, 0x00, 0x08, 0xf6, 0x00, 0xff, 0x00, 0x00,
    0x00, 0x0c, 0xf2, 0x00, 0xff, 0x00, 0x00, 0x00, 0x5f, 0xb0, 0x00, 0xff, 0x00, 0x00, 0x07, 0xee,
    0x30, 0x00, 0xff, 0xbb, 0xbb, 0xef, 0xe4, 0x00, 0x00, 0xff, 0xff, 0xff, 0xc8, 0x10, 0x00, 0x00,
    0x00, 0x58, 0x20, 0x72, 0x00, 0x00, 0x00, 0x2f, 0xcf, 0xbf, 0x30, 0x00, 0x00, 0x02, 0x80, 0x28,
    0x50, 0x00, 0x00, 0x00, 0x00, 0x00, 0x00, 0x00, 0x00, 0x28, 0x81, 0x00, 0x00, 0x00, 0x48, 0x24,
    0xff, 0x90, 0x00, 0x00, 0x08, 0xf4, 0x4f, 0xff, 0x40, 0x00, 0x00, 0x8f, 0x44, 0xf9, 0xed, 0x00,
    0x00, 0x08, 0xf4, 0x4f, 0x88, 0xf8, 0x00, 0x00, 0x8f, 0x44, 0xf8, 0x1d, 0xf3, 0x00, 0x08, 0xf4,
    0x4f, 0x80, 0x5f, 0xb0, 0x00, 0x8f, 0x44, 0xf8, 0x00, 0xaf, 0x70, 0x08, 0xf4, 0x4f, 0x80, 0x01,
    0xee, 0x20, 0x8f, 0x44, 0xf8, 0x00, 0x07, 0xfa, 0x08, 0xf4, 0x4f, 0x80, 0x00, 0x0b, 0xf5, 0x8f,
    0x44, 0xf8, 0x00, 0x00, 0x2f, 0xd8, 0xf4, 0x4f, 0x80, 0x00, 0x00, 0x8f, 0xdf, 0x44, 0xf8, 0x00,
    0x00, 0x00, 0xcf, 0xf4, 0x4f, 0x80, 0x00, 0x00, 0x04, 0xff, 0x40, 0x00, 0x00, 0x7b, 0x40, 0x00,
    0x00, 0x00, 0x00, 0x00, 0x1e, 0x90, 0x00, 0x00, 0x00, 0x00, 0x00, 0x07, 0xf2, 0x00, 0x00, 0x00,
    0x00, 0x00, 0x00, 0x00, 0x00, 0x00, 0x00, 0x00, 0x01, 0x6a, 0xbb, 0x72, 0x00, 0x00, 0x00, 0x3d,
    0xff, 0xff, 0xff, 0x70, 0x00, 0x03, 0xef, 0x82, 0x01, 0x6e, 0xf7, 0x00, 0x0c, 0xf6, 0x00, 0x00,
    0x01, 0xef, 0x20, 0x5f, 0x90, 0x00, 0x00, 0x00, 0x6f, 0x90, 0x8f, 0x50, 0x00, 0x00, 0x00, 0x0f,
    0xd0, 0xbf, 0x10, 0x00, 0x00, 0x00, 0x0b, 0xf0, 0xbf, 0x00, 0x00, 0x00, 0x00, 0x0b, 0xf0, 0xbf,
    0x00, 0x00, 0x00, 0x00, 0x0b, 0xf0, 0xaf, 0x30, 0x00, 0x00, 0x00, 0x0d, 0xf0, 0x7f, 0x70, 0x00,
    0x00, 0x00, 0x2f, 0xa0, 0x1f, 0xe1, 0x00, 0x00, 0x00, 0xaf, 0x60, 0x08, 0xfc, 0x20, 0x00, 0x09,
    0xfc, 0x00, 0x00, 0x9f, 0xfa, 0x88, 0xdf, 0xc1, 0x00, 0x00, 0x06, 0xdf, 0xff, 0xe8, 0x10, 0x00,
    0x00, 0x00, 0x01, 0x43, 0x00, 0x00, 0x00, 0x00, 0x00, 0x00, 0x0a, 0xa0, 0x00, 0x00, 0x00, 0x00,
    0x00, 0x6f, 0x50, 0x00, 0x00, 0x00, 0x00, 0x00, 0xda, 0x00, 0x00, 0x00, 0x00, 0x00, 0x00, 0x00,
    0x00, 0x00, 0x00, 0x00, 0x01, 0x6a, 0xbb, 0x72, 0x00, 0x00, 0x00, 0x3d, 0xff, 0xff, 0xff, 0x70,
    0x00, 0x03, 0xef, 0x82, 0x01, 0x6e, 0xf7, 0x00, 0x0c, 0xf6, 0x00, 0x00, 0x01, 0xef, 0x20, 0x5f,
    0x90, 0x00, 0x00, 0x00, 0x6f, 0x90, 0x8f, 0x50, 0x00, 0x00, 0x00, 0x0f, 0xd0, 0xbf, 0x10, 0x00,
    0x00, 0x00, 0x0b, 0xf0, 0xbf, 0x00, 0x00, 0x00, 0x00, 0x0b, 0xf0, 0xbf, 0x00, 0x00, 0x00, 0x00,
    0x0b, 0xf0, 0xaf, 0x30, 0x00, 0x00, 0x00, 0x0d, 0xf0, 0x7f, 0x70, 0x00, 0x00, 0x00, 0x2f, 0xa0,
    0x1f, 0xe1, 0x00, 0x00, 0x00, 0xaf, 0x60, 0x08, 0xfc, 0x20, 0x00, 0x09, 0xfc, 0x00, 0x00, 0x9f,
    0xfa, 0x88, 0xdf, 0xc1, 0x00, 0x00, 0x06, 0xdf, 0xff, 0xe8, 0x10, 0x00, 0x00, 0x00, 0x01, 0x43,
    0x00, 0x00, 0x00, 0x00, 0x00, 0x07, 0xba, 0x10, 0x00, 0x00, 0x00, 0x00, 0x6f, 0x8e, 0x90, 0x00,
    0x00, 0x00, 0x02, 0xb8, 0x04, 0xb6, 0x00, 0x00, 0x00, 0x00, 0x00, 0x00, 0x00, 0x00, 0x00, 0x00,
    0x01, 0x6a, 0xbb, 0x72, 0x00, 0x00, 0x00, 0x3d, 0xff, 0xff, 0xff, 0x70, 0x00, 0x03, 0xef, 0x82,
    0x01, 0x6e, 0xf7, 0x00, 0x0c, 0xf6, 0x00, 0x00, 0x01, 0xef, 0x20, 0x5f, 0x90, 0x00, 0x00, 0x00,
    0x6f, 0x90, 0x8f, 0x50, 0x00, 0x00, 0x00, 0x0f, 0xd0, 0xbf, 0x10, 0x00, 0x00, 0x00, 0x0b, 0xf0,
    0xbf, 0x00, 0x00, 0x00, 0x00, 0x0b, 0xf0, 0xbf, 0x00, 0x00, 0x00, 0x00, 0x0b, 0xf0, 0xaf, 0x30,
    0x00, 0x00, 0x00, 0x0d, 0xf0, 0x7f, 0x70, 0x00, 0x00, 0x00, 0x2f, 0xa0, 0x1f, 0xe1, 0x00, 0x00,
    0x00, 0xaf, 0x60, 0x08, 0xfc, 0x20, 0x00, 0x09, 0xfc, 0x00, 0x00, 0x9f, 0xfa, 0x88, 0xdf, 0xc1,
    0x00, 0x00, 0x06, 0xdf, 0xff, 0xe8, 0x10, 0x00, 0x00, 0x00, 0x01, 0x43, 0x00, 0x00, 0x00, 0x00,
    0x00, 0x48, 0x40, 0x64, 0x00, 0x00, 0x00, 0x00, 0xec, 0xfc, 0xf5, 0x00, 0x00, 0x00, 0x02, 0x80,
    0x28, 0x70, 0x00, 0x00, 0x00, 0x00, 0x00, 0x00, 0x00, 0x00, 0x00, 0x00, 0x01, 0x6a, 0xbb, 0x72,
    0x00, 0x00, 0x00, 0x3d, 0xff, 0xff, 0xff, 0x70, 0x00, 0x03, 0xef, 0x82, 0x01, 0x6e, 0xf7, 0x00,
    0x0c, 0xf6, 0x00, 0x00, 0x01, 0xef, 0x20, 0x5f, 0x90, 0x00, 0x00, 0x00, 0x6f, 0x90, 0x8f, 0x50,
    0x00, 0x00, 0x00, 0x0f, 0xd0, 0xbf, 0x10, 0x00, 0x00, 0x00, 0x0b, 0xf0, 0xbf, 0x00, 0x00, 0x00,
    0x00, 0x0b, 0xf0, 0xbf, 0x00, 0x00, 0x00, 0x00, 0x0b, 0xf0, 0xaf, 0x30, 0x00, 0x00, 0x00, 0x0d,
    0xf0, 0x7f, 0x70, 0x00, 0x00, 0x00, 0x2f, 0xa0, 0x1f, 0xe1, 0x00, 0x00, 0x00, 0xaf, 0x60, 0x08,
    0xfc, 0x20, 0x00, 0x09, 0xfc, 0x00, 0x00, 0x9f, 0xfa, 0x88, 0xdf, 0xc1, 0x00, 0x00, 0x06, 0xdf,
    0xff, 0xe8, 0x10, 0x00, 0x00, 0x00, 0x01, 0x43, 0x00, 0x00, 0x00, 0x00, 0x02, 0x93, 0x01, 0x95,
    0x00, 0x00, 0x00, 0x08, 0xfb, 0x08, 0xfb, 0x00, 0x00, 0x00, 0x02, 0xa3, 0x01, 0x95, 0x00, 0x00,
    0x00, 0x00, 0x00, 0x00, 0x00, 0x00, 0x00, 0x00, 0x01, 0x6a, 0xbb, 0x72, 0x00, 0x00, 0x00, 0x3d,
    0xff, 0xff, 0xff, 0x70, 0x00, 0x03, 0xef, 0x82, 0x01, 0x6e, 0xf7, 0x00, 0x0c, 0xf6, 0x00, 0x00,
    0x01, 0xef, 0x20, 0x5f, 0x90, 0x00, 0x00, 0x00, 0x6f, 0x90, 0x8f, 0x50, 0x00, 0x00, 0x00, 0x0f,
    0xd0, 0xbf, 0x10, 0x00, 0x00, 0x00, 0x0b, 0xf0, 0xbf, 0x00, 0x00, 0x00, 0x00, 0x0b, 0xf0, 0xbf,
    0x00, 0x00, 0x00, 0x00, 0x0b, 0xf0, 0xaf, 0x30, 0x00, 0x00, 0x00, 0x0d, 0xf0, 0x7f, 0x70, 0x00,
    0x00, 0x00, 0x2f, 0xa0, 0x1f, 0xe1, 0x00, 0x00, 0x00, 0xaf, 0x60, 0x08, 0xfc, 0x20, 0x00, 0x09,
    0xfc, 0x00, 0x00, 0x9f, 0xfa, 0x88, 0xdf, 0xc1, 0x00, 0x00, 0x06, 0xdf, 0xff, 0xe8, 0x10, 0x00,
    0x00, 0x00, 0x01, 0x43, 0x00, 0x00, 0x00, 0x01, 0x00, 0x00, 0x00, 0x10, 0x9c, 0x10, 0x00, 0x09,
    0xc1, 0x6f, 0xc1, 0x00, 0x9f, 0x90, 0x06, 0xfc, 0x19, 0xf9, 0x00, 0x00, 0x6f, 0xef, 0x90, 0x00,
    0x00, 0x0b, 0xfe, 0x10, 0x00, 0x00, 0x9f, 0xbf, 0xc1, 0x00, 0x09, 0xf9, 0x06, 0xfc, 0x10, 0x8f,
    0x90, 0x00, 0x6f, 0xc1, 0x38, 0x00, 0x00, 0x06, 0x90, 0x00, 0x01, 0x6a, 0xbb, 0x72, 0x4b, 0x10,
    0x00, 0x3d, 0xff, 0xff, 0xff, 0xed, 0x10, 0x03, 0xef, 0x82, 0x01, 0x6f, 0xf8, 0x00, 0x0c, 0xf6,
    0x00, 0x00, 0x5f, 0xff, 0x20, 0x5f, 0x90, 0x00, 0x02, 0xec, 0x6f, 0x90, 0x8f, 0x50, 0x00, 0x0b,
    0xf3, 0x0f, 0xd0, 0xbf, 0x10, 0x00, 0x7f, 0x70, 0x0b, 0xf0, 0xbf, 0x00, 0x03, 0xeb, 0x00, 0x0b,
    0xf0, 0xbf, 0x00, 0x0c, 0xe2, 0x00, 0x0b, 0xf0, 0xaf, 0x30, 0x8f, 0x50, 0x00, 0x0d, 0xf0, 0x7f,
    0x74, 0xfa, 0x00, 0x00, 0x2f, 0xa0, 0x1f, 0xed, 0xe1, 0x00, 0x00, 0xaf, 0x60, 0x08, 0xff, 0x60,
    0x00, 0x09, 0xfc, 0x00, 0x05, 0xff, 0xfa, 0x88, 0xdf, 0xc1, 0x00, 0x0c, 0xc6, 0xdf, 0xff, 0xe8,
    0x10, 0x00, 0x01, 0x30, 0x01, 0x43, 0x00, 0x00, 0x00, 0x00, 0x00, 0x9b, 0x10, 0x00, 0x00, 0x00,
    0x00, 0x04, 0xf8, 0x00, 0x00, 0x00, 0x00, 0x00, 0x08, 0xe1, 0x00, 0x00, 0x00, 0x00, 0x00, 0x00,
    0x00, 0x00, 0x00, 0x28, 0x40, 0x00, 0x00, 0x00, 0x68, 0x04, 0xf8, 0x00, 0x00, 0x00, 0x0b, 0xf0,
    0x4f, 0x80, 0x00, 0x00, 0x00, 0xbf, 0x04, 0xf8, 0x00, 0x00, 0x00, 0x0b, 0xf0, 0x4f, 0x80, 0x00,
    0x00, 0x00, 0xbf, 0x04, 0xf8, 0x00, 0x00, 0x00, 0x0b, 0xf0, 0x4f, 0x80, 0x00, 0x00, 0x00, 0xbf,
    0x04, 0xf8, 0x00, 0x00, 0x00, 0x0b, 0xf0, 0x4f, 0x80, 0x00, 0x00, 0x00, 0xbf, 0x04, 0xf8, 0x00,
    0x00, 0x00, 0x0b, 0xf0, 0x4f, 0xa0, 0x00, 0x00, 0x00, 0xbf, 0x01, 0xfe, 0x10, 0x00, 0x00, 0x1f,
    0xe0, 0x09, 0xf9, 0x00, 0x00, 0x1c, 0xf8, 0x00, 0x1c, 0xfd, 0x88, 0x8e, 0xfc, 0x10, 0x00, 0x19,
    0xef, 0xff, 0xe8, 0x10, 0x00, 0x00, 0x00, 0x34, 0x30, 0x00, 0x00, 0x00, 0x00, 0x00, 0x2b, 0x80,
    0x00, 0x00, 0x00, 0x00, 0x09, 0xe2, 0x00, 0x00, 0x00, 0x00, 0x02, 0xf8, 0x00, 0x00, 0x00, 0x00,
    0x00, 0x00, 0x00, 0x00, 0x00, 0x28, 0x40, 0x00, 0x00, 0x00, 0x68, 0x04, 0xf8, 0x00, 0x00, 0x00,
    0x0b, 0xf0, 0x4f, 0x80, 0x00, 0x00, 0x00, 0xbf, 0x04, 0xf8, 0x00, 0x00, 0x00, 0x0b, 0xf0, 0x4f,
    0x80, 0x00, 0x00, 0x00, 0xbf, 0x04, 0xf8, 0x00, 0x00, 0x00, 0x0b, 0xf0, 0x4f, 0x80, 0x00, 0x00,
    0x00, 0xbf, 0x04, 0xf8, 0x00, 0x00, 0x00, 0x0b, 0xf0, 0x4f, 0x80, 0x00, 0x00, 0x00, 0xbf, 0x04,
    0xf8, 0x00, 0x00, 0x00, 0x0b, 0xf0, 0x4f, 0xa0, 0x00, 0x00, 0x00, 0xbf, 0x01, 0xfe, 0x10, 0x00,
    0x00, 0x1f, 0xe0, 0x09, 0xf9, 0x00, 0x00, 0x1c, 0xf8, 0x00, 0x1c, 0xfd, 0x88, 0x8e, 0xfc, 0x10,
    0x00, 0x19, 0xef, 0xff, 0xe8, 0x10, 0x00, 0x00, 0x00, 0x34, 0x30, 0x00, 0x00, 0x00, 0x00, 0x08,
    0xb8, 0x00, 0x00, 0x00, 0x00, 0x09, 0xe7, 0xf7, 0x00, 0x00, 0x00, 0x03, 0xb6, 0x06, 0xb3, 0x00,
    0x00, 0x00, 0x00, 0x00, 0x00, 0x00, 0x00, 0x28, 0x40, 0x00, 0x00, 0x00, 0x68, 0x04, 0xf8, 0x00,
    0x00, 0x00, 0x0b, 0xf0, 0x4f, 0x80, 0x00, 0x00, 0x00, 0xbf, 0x04, 0xf8, 0x00, 0x00, 0x00, 0x0b,
    0xf0, 0x4f, 0x80, 0x00, 0x00, 0x00, 0xbf, 0x04, 0xf8, 0x00, 0x00, 0x00, 0x0b, 0xf0, 0x4f, 0x80,
    0x00, 0x00, 0x00, 0xbf, 0x04, 0xf8, 0x00, 0x00, 0x00, 0x0b, 0xf0, 0x4f, 0x80, 0x00, 0x00, 0x00,
    0xbf, 0x04, 0xf8, 0x00, 0x00, 0x00, 0x0b, 0xf0, 0x4f, 0xa0, 0x00, 0x00, 0x00, 0xbf, 0x01, 0xfe,
    0x10, 0x00, 0x00, 0x1f, 0xe0, 0x09, 0xf9, 0x00, 0x00, 0x1c, 0xf8, 0x00, 0x1c, 0xfd, 0x88, 0x8e,
    0xfc, 0x10, 0x00, 0x19, 0xef, 0xff, 0xe8, 0x10, 0x00, 0x00, 0x00, 0x34, 0x30, 0x00, 0x00, 0x00,
    0x03, 0x92, 0x03, 0x93, 0x00, 0x00, 0x00, 0xbf, 0x80, 0x9f, 0x90, 0x00, 0x00, 0x03, 0xa2, 0x03,
    0x93, 0x00, 0x00, 0x00, 0x00, 0x00, 0x00, 0x00, 0x00, 0x28, 0x40, 0x00, 0x00, 0x00, 0x68, 0x04,
    0xf8, 0x00, 0x00, 0x00, 0x0b, 0xf0, 0x4f, 0x80, 0x00, 0x00, 0x00, 0xbf, 0x04, 0xf8, 0x00, 0x00,
    0x00, 0x0b, 0xf0, 0x4f, 0x80, 0x00, 0x00, 0x00, 0xbf, 0x04, 0xf8, 0x00, 0x00, 0x00, 0x0b, 0xf0,
    0x4f, 0x80, 0x00, 0x00, 0x00, 0xbf, 0x04, 0xf8, 0x00, 0x00, 0x00, 0x0b, 0xf0, 0x4f, 0x80, 0x00,
    0x00, 0x00, 0xbf, 0x04, 0xf8, 0x00, 0x00, 0x00, 0x0b, 0xf0, 0x4f, 0xa0, 0x00, 0x00, 0x00, 0xbf,
    0x01, 0xfe, 0x10, 0x00, 0x00, 0x1f, 0xe0, 0x09, 0xf9, 0x00, 0x00, 0x1c, 0xf8, 0x00, 0x1c, 0xfd,
    0x88, 0x8e, 0xfc, 0x10, 0x00, 0x19, 0xef, 0xff, 0xe8, 0x10, 0x00, 0x00, 0x00, 0x34, 0x30, 0x00,
    0x00, 0x00, 0x00, 0x00, 0x09, 0xa1, 0x00, 0x00, 0x00, 0x00, 0x00, 0x4f, 0x70, 0x00, 0x00, 0x00,
    0x00, 0x00, 0xbc, 0x00, 0x00, 0x00, 0x00, 0x00, 0x00, 0x00, 0x00, 0x00, 0x00, 0x38, 0x70, 0x00,
    0x00, 0x00, 0x28, 0x70, 0x0c, 0xf5, 0x00, 0x00, 0x00, 0xbf, 0x70, 0x04, 0xfd, 0x10, 0x00, 0x05,
    0xfb, 0x00, 0x00, 0x8f, 0x80, 0x00, 0x1d, 0xf3, 0x00, 0x00, 0x1e, 0xf2, 0x00, 0x8f, 0x80, 0x00,
    0x00, 0x05, 0xfb, 0x03, 0xfd, 0x10, 0x00, 0x00, 0x00, 0xbf, 0x5b, 0xf5, 0x00, 0x00, 0x00, 0x00,
    0x2e, 0xef, 0xa0, 0x00, 0x00, 0x00, 0x00, 0x08, 0xfe, 0x20, 0x00, 0x00, 0x00, 0x00, 0x04, 0xfb,
    0x00, 0x00, 0x00, 0x00, 0x00, 0x04, 0xfb, 0x00, 0x00, 0x00, 0x00, 0x00, 0x04, 0xfb, 0x00, 0x00,
    0x00, 0x00, 0x00, 0x04, 0xfb, 0x00, 0x00, 0x00, 0x00, 0x00, 0x04, 0xfb, 0x00, 0x00, 0x00, 0x00,
    0x00, 0x04, 0xfb, 0x00, 0x00, 0x00, 0x28, 0x40, 0x00, 0x00, 0x00, 0x04, 0xf8, 0x00, 0x00, 0x00,
    0x00, 0x4f, 0x80, 0x00, 0x00, 0x00, 0x04, 0xfb, 0x88, 0x88, 0x30, 0x00, 0x4f, 0xff, 0xff, 0xff,
    0x80, 0x04, 0xf8, 0x00, 0x04, 0xaf, 0x80, 0x4f, 0x80, 0x00, 0x00, 0xde, 0x04, 0xf8, 0x00, 0x00,
    0x0b, 0xf0, 0x4f, 0x80, 0x00, 0x00, 0xcf, 0x04, 0xf8, 0x00, 0x00, 0x7f, 0x90, 0x4f, 0xdb, 0xbb,
    0xef, 0xc1, 0x04, 0xfd, 0xbb, 0xbb, 0x71, 0x00, 0x4f, 0x80, 0x00, 0x00, 0x00, 0x04, 0xf8, 0x00,
    0x00, 0x00, 0x00, 0x4f, 0x80, 0x00, 0x00, 0x00, 0x00, 0x00, 0x28, 0xbb, 0x82, 0x00, 0x00, 0x4e,
    0xff, 0xff, 0xf6, 0x00, 0x0d, 0xf7, 0x00, 0x4f, 0xe1, 0x03, 0xf9, 0x00, 0x00, 0x8f, 0x40, 0x4f,
    0x80, 0x00, 0x08, 0xf4, 0x04, 0xf8, 0x00, 0x00, 0xbe, 0x10, 0x4f, 0x80, 0x34, 0xaf, 0x60, 0x04,
    0xf8, 0x0b, 0xff, 0x92, 0x00, 0x4f, 0x80, 0x68, 0x8e, 0xf5, 0x04, 0xf8, 0x00, 0x00, 0x3e, 0xd0,
    0x4f, 0x80, 0x00, 0x00, 0x9f, 0x34, 0xf8, 0x00, 0x00, 0x09, 0xf3, 0x4f, 0x80, 0x00, 0x03, 0xee,
    0x04, 0xf8, 0x08, 0xbb, 0xff, 0x50, 0x4f, 0x80, 0xbf, 0xfb, 0x40, 0x00, 0x00, 0x04, 0x40, 0x00,
    0x00, 0x00, 0x0a, 0xf2, 0x00, 0x00, 0x00, 0x01, 0xe9, 0x00, 0x00, 0x00, 0x00, 0x5b, 0x10, 0x00,
    0x00, 0x00, 0x00, 0x00, 0x00, 0x00, 0x3a, 0xff, 0xfa, 0x30, 0x03, 0xef, 0x98, 0x9e, 0xe2, 0x07,
    0xe6, 0x00, 0x06, 0xf8, 0x00, 0x00, 0x00, 0x00, 0xfb, 0x00, 0x00, 0x46, 0x8b, 0xfb, 0x01, 0x9f,
    0xff, 0xfa, 0xfb, 0x0c, 0xf9, 0x42, 0x00, 0xfb, 0x0f, 0xc0, 0x00, 0x02, 0xfb, 0x0f, 0xc0, 0x00,
    0x08, 0xfb, 0x0b, 0xf9, 0x55, 0xac, 0xfb, 0x01, 0xbf, 0xff, 0xc3, 0xfb, 0x00, 0x02, 0x43, 0x00,
    0x00, 0x00, 0x00, 0x00, 0x44, 0x00, 0x00, 0x00, 0x04, 0xf8, 0x00, 0x00, 0x00, 0x0b, 0xd0, 0x00,
    0x00, 0x00, 0x2b, 0x40, 0x00, 0x00, 0x00, 0x00, 0x00, 0x00, 0x00, 0x3a, 0xff, 0xfa, 0x30, 0x03,
    0xef, 0x98, 0x9e, 0xe2, 0x07, 0xe6, 0x00, 0x06, 0xf8, 0x00, 0x00, 0x00, 0x00, 0xfb, 0x00, 0x00,
    0x46, 0x8b, 0xfb, 0x01, 0x9f, 0xff, 0xfa, 0xfb, 0x0c, 0xf9, 0x42, 0x00, 0xfb, 0x0f, 0xc0, 0x00,
    0x02, 0xfb, 0x0f, 0xc0, 0x00, 0x08, 0xfb, 0x0b, 0xf9, 0x55, 0xac, 0xfb, 0x01, 0xbf, 0xff, 0xc3,
    0xfb, 0x00, 0x02, 0x43, 0x00, 0x00, 0x00, 0x00, 0x24, 0x10, 0x00, 0x00, 0x02, 0xee, 0xc1, 0x00,
    0x00, 0x1c, 0xc2, 0xdc, 0x10, 0x00, 0x58, 0x20, 0x38, 0x30, 0x00, 0x00, 0x00, 0x00, 0x00, 0x00,
    0x3a, 0xff, 0xfa, 0x30, 0x03, 0xef, 0x98, 0x9e, 0xe2, 0x07, 0xe6, 0x00, 0x06, 0xf8, 0x00, 0x00,
    0x00, 0x00, 0xfb, 0x00, 0x00, 0x46, 0x8b, 0xfb, 0x01, 0x9f, 0xff, 0xfa, 0xfb, 0x0c, 0xf9, 0x42,
    0x00, 0xfb, 0x0f, 0xc0, 0x00, 0x02, 0xfb, 0x0f, 0xc0, 0x00, 0x08, 0xfb, 0x0b, 0xf9, 0x55, 0xac,
    0xfb, 0x01, 0xbf, 0xff, 0xc3, 0xfb, 0x00, 0x02, 0x43, 0x00, 0x00, 0x00, 0x0a, 0xd8, 0x2b, 0x30,
    0x00, 0x4f, 0x7d, 0xfc, 0x00, 0x00, 0x23, 0x00, 0x31, 0x00, 0x00, 0x00, 0x00, 0x00, 0x00, 0x00,
    0x3a, 0xff, 0xfa, 0x30, 0x03, 0xef, 0x98, 0x9e, 0xe2, 0x07, 0xe6, 0x00, 0x06, 0xf8, 0x00, 0x00,
    0x00, 0x00, 0xfb, 0x00, 0x00, 0x46, 0x8b, 0xfb, 0x01, 0x9f, 0xff, 0xfa, 0xfb, 0x0c, 0xf9, 0x42,
    0x00, 0xfb, 0x0f, 0xc0, 0x00, 0x02, 0xfb, 0x0f, 0xc0, 0x00, 0x08, 0xfb, 0x0b, 0xf9, 0x55, 0xac,
    0xfb, 0x01, 0xbf, 0xff, 0xc3, 0xfb, 0x00, 0x02, 0x43, 0x00, 0x00, 0x00, 0x00, 0x00, 0x00, 0x00,
    0x00, 0x8f, 0x50, 0x5f, 0x70, 0x00, 0xaf, 0x70, 0x9f, 0x90, 0x00, 0x14, 0x00, 0x04, 0x00, 0x00,
    0x00, 0x00, 0x00, 0x00, 0x00, 0x3a, 0xff, 0xfa, 0x30, 0x03, 0xef, 0x98, 0x9e, 0xe2, 0x07, 0xe6,
    0x00, 0x06, 0xf8, 0x00, 0x00, 0x00, 0x00, 0xfb, 0x00, 0x00, 0x46, 0x8b, 0xfb, 0x01, 0x9f, 0xff,
    0xfa, 0xfb, 0x0c, 0xf9, 0x42, 0x00, 0xfb, 0x0f, 0xc0, 0x00, 0x02, 0xfb, 0x0f, 0xc0, 0x00, 0x08,
    0xfb, 0x0b, 0xf9, 0x55, 0xac, 0xfb, 0x01, 0xbf, 0xff, 0xc3, 0xfb, 0x00, 0x02, 0x43, 0x00, 0x00,
    0x00, 0x00, 0x68, 0x40, 0x00, 0x00, 0x08, 0xeb, 0xf8, 0x00, 0x00, 0x0f, 0x50, 0x6f, 0x00, 0x00,
    0x0f, 0x70, 0x8e, 0x00, 0x00, 0x08, 0xfd, 0xf6, 0x00, 0x00, 0x00, 0x36, 0x20, 0x00, 0x00, 0x3a,
    0xff, 0xfa, 0x30, 0x03, 0xef, 0x98, 0x9e, 0xe2, 0x07, 0xe6, 0x00, 0x06, 0xf8, 0x00, 0x00, 0x00,
    0x00, 0xfb, 0x00, 0x00, 0x46, 0x8b, 0xfb, 0x01, 0x9f, 0xff, 0xfa, 0xfb, 0x0c, 0xf9, 0x42, 0x00,
    0xfb, 0x0f, 0xc0, 0x00, 0x02, 0xfb, 0x0f, 0xc0, 0x00, 0x08, 0xfb, 0x0b, 0xf9, 0x55, 0xac, 0xfb,
    0x01, 0xbf, 0xff, 0xc3, 0xfb, 0x00, 0x02, 0x43, 0x00, 0x00, 0x00, 0x00, 0x00, 0x00, 0x00, 0x00,
    0x00, 0x00, 0x00, 0x00, 0x3a, 0xff, 0xfa, 0x21, 0x8e, 0xff, 0xa3, 0x00, 0x03, 0xef, 0x98, 0x9e,
    0xdb, 0xfb, 0x89, 0xee, 0x30, 0x07, 0xe6, 0x00, 0x06, 0xff, 0x60, 0x00, 0x3f, 0xd0, 0x00, 0x00,
    0x00, 0x01, 0xfb, 0x00, 0x00, 0x09, 0xf3, 0x00, 0x01, 0x44, 0x44, 0xf9, 0x44, 0x44, 0x49, 0xf4,
    0x01, 0xbf, 0xff, 0xff, 0xff, 0xff, 0xff, 0xff, 0xf4, 0x0b, 0xfa, 0x44, 0x44, 0xf9, 0x44, 0x44,
    0x44, 0x41, 0x0f, 0xc0, 0x00, 0x02, 0xfa, 0x00, 0x00, 0x00, 0x00, 0x0f, 0xc0, 0x00, 0x08, 0xff,
    0x40, 0x00, 0x0b, 0xb1, 0x0b, 0xf9, 0x55, 0xaf, 0x9e, 0xf8, 0x56, 0xbf, 0x90, 0x01, 0xbf, 0xff,
    0xe7, 0x03, 0xbf, 0xff, 0xe8, 0x00, 0x00, 0x02, 0x43, 0x00, 0x00, 0x01, 0x44, 0x00, 0x00, 0x00,
    0x00, 0x00, 0x00, 0x00, 0x00, 0x6d, 0xff, 0xd6, 0x00, 0x09, 0xfd, 0x88, 0xdf, 0x90, 0x4f, 0xc1,
    0x00, 0x1c, 0xf4, 0xaf, 0x30, 0x00, 0x03, 0x30, 0xee, 0x00, 0x00, 0x00, 0x00, 0xfb, 0x00, 0x00,
    0x00, 0x00, 0xfd, 0x00, 0x00, 0x00, 0x00, 0xbf, 0x20, 0x00, 0x01, 0x20, 0x6f, 0xa0, 0x00, 0x0a,
    0xf5, 0x0b, 0xfb, 0x66, 0xbf, 0xb0, 0x01, 0x8f, 0xff, 0xf8, 0x10, 0x00, 0x00, 0xab, 0x00, 0x00,
    0x00, 0x00, 0x8c, 0xe2, 0x00, 0x00, 0x00, 0x01, 0xf4, 0x00, 0x00, 0x00, 0xff, 0xc1, 0x00, 0x00,
    0x00, 0x00, 0x00, 0x00, 0x00, 0x34, 0x10, 0x00, 0x00, 0x00, 0x4f, 0x90, 0x00, 0x00, 0x00, 0x08,
    0xf2, 0x00, 0x00, 0x00, 0x01, 0xa7, 0x00, 0x00, 0x00, 0x00, 0x00, 0x00, 0x00, 0x00, 0x7d, 0xff,
    0xc5, 0x00, 0x09, 0xfd, 0x88, 0xdf, 0x80, 0x4f, 0xa0, 0x00, 0x1d, 0xf2, 0xaf, 0x10, 0x00, 0x06,
    0xf7, 0xec, 0x44, 0x44, 0x46, 0xfa, 0xff, 0xff, 0xff, 0xff, 0xfb, 0xfc, 0x44, 0x44, 0x44, 0x43,
    0xbf, 0x10, 0x00, 0x00, 0x00, 0x6f, 0x90, 0x00, 0x07, 0xc4, 0x0b, 0xfb, 0x65, 0x9f, 0xe1, 0x01,
    0x8f, 0xff, 0xfb, 0x20, 0x00, 0x00, 0x44, 0x10, 0x00, 0x00, 0x00, 0x02, 0x42, 0x00, 0x00, 0x00,
    0x0d, 0xe1, 0x00, 0x00, 0x00, 0x6f, 0x50, 0x00, 0x00, 0x00, 0x88, 0x00, 0x00, 0x00, 0x00, 0x00,
    0x00, 0x00, 0x00, 0x7d, 0xff, 0xc5, 0x00, 0x09, 0xfd, 0x88, 0xdf, 0x80, 0x4f, 0xa0, 0x00, 0x1d,
    0xf2, 0xaf, 0x10, 0x00, 0x06, 0xf7, 0xec, 0x44, 0x44, 0x46, 0xfa, 0xff, 0xff, 0xff, 0xff, 0xfb,
    0xfc, 0x44, 0x44, 0x44, 0x43, 0xbf, 0x10, 0x00, 0x00, 0x00, 0x6f, 0x90, 0x00, 0x07, 0xc4, 0x0b,
    0xfb, 0x65, 0x9f, 0xe1, 0x01, 0x8f, 0xff, 0xfb, 0x20, 0x00, 0x00, 0x44, 0x10, 0x00, 0x00, 0x00,
    0x43, 0x00, 0x00, 0x00, 0x09, 0xef, 0x60, 0x00, 0x00, 0x7f, 0x58, 0xf3, 0x00, 0x01, 0x85, 0x00,
    0x77, 0x00, 0x00, 0x00, 0x00, 0x00, 0x00, 0x00, 0x7d, 0xff, 0xc5, 0x00, 0x09, 0xfd, 0x88, 0xdf,
    0x80, 0x4f, 0xa0, 0x00, 0x1d, 0xf2, 0xaf, 0x10, 0x00, 0x06, 0xf7, 0xec, 0x44, 0x44, 0x46, 0xfa,
    0xff, 0xff, 0xff, 0xff, 0xfb, 0xfc, 0x44, 0x44, 0x44, 0x43, 0xbf, 0x10, 0x00, 0x00, 0x00, 0x6f,
    0x90, 0x00, 0x07, 0xc4, 0x0b, 0xfb, 0x65, 0x9f, 0xe1, 0x01, 0x8f, 0xff, 0xfb, 0x20, 0x00, 0x00,
    0x44, 0x10, 0x00, 0x00, 0x00, 0x00, 0x00, 0x00, 0x02, 0xec, 0x01, 0xdc, 0x00, 0x03, 0xfe, 0x02,
    0xfe, 0x00, 0x00, 0x32, 0x00, 0x32, 0x00, 0x00, 0x00, 0x00, 0x00, 0x00, 0x00, 0x7d, 0xff, 0xc5,
    0x00, 0x09, 0xfd, 0x88, 0xdf, 0x80, 0x4f, 0xa0, 0x00, 0x1d, 0xf2, 0xaf, 0x10, 0x00, 0x06, 0xf7,
    0xec, 0x44, 0x44, 0x46, 0xfa, 0xff, 0xff, 0xff, 0xff, 0xfb, 0xfc, 0x44, 0x44, 0x44, 0x43, 0xbf,
    0x10, 0x00, 0x00, 0x00, 0x6f, 0x90, 0x00, 0x07, 0xc4, 0x0b, 0xfb, 0x65, 0x9f, 0xe1, 0x01, 0x8f,
    0xff, 0xfb, 0x20, 0x00, 0x00, 0x44, 0x10, 0x00, 0x04, 0x30, 0x00, 0xaf, 0x20, 0x01, 0xe9, 0x00,
    0x05, 0xb1, 0x00, 0x00, 0x00, 0x08, 0xf4, 0x00, 0x8f, 0x40, 0x08, 0xf4, 0x00, 0x8f, 0x40, 0x08,
    0xf4, 0x00, 0x8f, 0x40, 0x08, 0xf4, 0x00, 0x8f, 0x40, 0x08, 0xf4, 0x00, 0x8f, 0x40, 0x08, 0xf4,
    0x00, 0x44, 0x05, 0xf8, 0x0b, 0xc0, 0x2b, 0x30, 0x00, 0x00, 0x8f, 0x40, 0x8f, 0x40, 0x8f, 0x40,
    0x8f, 0x40, 0x8f, 0x40, 0x8f, 0x40, 0x8f, 0x40, 0x8f, 0x40, 0x8f, 0x40, 0x8f, 0x40, 0x8f, 0x40,
    0x00, 0x24, 0x10, 0x00, 0x2e, 0xec, 0x10, 0x1c, 0xc2, 0xec, 0x05, 0x81, 0x03, 0x83, 0x00, 0x00,
    0x00, 0x00, 0x08, 0xf4, 0x00, 0x00, 0x8f, 0x40, 0x00, 0x08, 0xf4, 0x00, 0x00, 0x8f, 0x40, 0x00,
    0x08, 0xf4, 0x00, 0x00, 0x8f, 0x40, 0x00, 0x08, 0xf4, 0x00, 0x00, 0x8f, 0x40, 0x00, 0x08, 0xf4,
    0x00, 0x00, 0x8f, 0x40, 0x00, 0x08, 0xf4, 0x00, 0x00, 0x00, 0x00, 0x08, 0xf5, 0x07, 0xf5, 0xaf,
    0x70, 0x9f, 0x81, 0x40, 0x00, 0x40, 0x00, 0x00, 0x00, 0x00, 0x08, 0xf4, 0x00, 0x00, 0x8f, 0x40,
    0x00, 0x08, 0xf4, 0x00, 0x00, 0x8f, 0x40, 0x00, 0x08, 0xf4, 0x00, 0x00, 0x8f, 0x40, 0x00, 0x08,
    0xf4, 0x00, 0x00, 0x8f, 0x40, 0x00, 0x08, 0xf4, 0x00, 0x00, 0x8f, 0x40, 0x00, 0x08, 0xf4, 0x00,
    0x00, 0x12, 0x00, 0x00, 0x00, 0x00, 0x8f, 0x80, 0x29, 0x20, 0x00, 0x18, 0xfd, 0xf9, 0x20, 0x00,
    0x4b, 0xfe, 0xc1, 0x00, 0x00, 0x99, 0x23, 0xe8, 0x00, 0x00, 0x02, 0x41, 0x7f, 0x40, 0x01, 0xbf,
    0xff, 0x8d, 0xb0, 0x1c, 0xf8, 0x45, 0xbd, 0xf2, 0x8f, 0x70, 0x00, 0x0b, 0xf7, 0xcf, 0x00, 0x00,
    0x05, 0xf8, 0xfb, 0x00, 0x00, 0x01, 0xfa, 0xfb, 0x00, 0x00, 0x01, 0xf8, 0xcf, 0x10, 0x00, 0x05,
    0xf7, 0x8f, 0x80, 0x00, 0x0b, 0xf2, 0x1c, 0xf9, 0x56, 0xbf, 0x80, 0x01, 0x9f, 0xff, 0xe8, 0x00,
    0x00, 0x01, 0x44, 0x00, 0x00, 0x00, 0x6d, 0xa4, 0x78, 0x00, 0x00, 0xd9, 0x9f, 0xf5, 0x00, 0x00,
    0x41, 0x01, 0x20, 0x00, 0x00, 0x00, 0x00, 0x00, 0x00, 0x8f, 0x48, 0xef, 0xe8, 0x10, 0x8f, 0xae,
    0x88, 0xdf, 0x90, 0x8f, 0xd1, 0x00, 0x1d, 0xf1, 0x8f, 0x70, 0x00, 0x08, 0xf4, 0x8f, 0x40, 0x00,
    0x08, 0xf4, 0x8f, 0x40, 0x00, 0x08, 0xf4, 0x8f, 0x40, 0x00, 0x08, 0xf4, 0x8f, 0x40, 0x00, 0x08,
    0xf4, 0x8f, 0x40, 0x00, 0x08, 0xf4, 0x8f, 0x40, 0x00, 0x08, 0xf4, 0x8f, 0x40, 0x00, 0x08, 0xf4,
    0x00, 0x24, 0x20, 0x00, 0x00, 0x00, 0x2f, 0xb0, 0x00, 0x00, 0x00, 0x08, 0xf3, 0x00, 0x00, 0x00,
    0x00, 0xa7, 0x00, 0x00, 0x00, 0x00, 0x00, 0x00, 0x00, 0x00, 0x6d, 0xff, 0xd6, 0x00, 0x09, 0xfd,
    0x88, 0xdf, 0x90, 0x4f, 0xc1, 0x00, 0x1c, 0xf4, 0xaf, 0x30, 0x00, 0x03, 0xfa, 0xee, 0x00, 0x00,
    0x00, 0xee, 0xfb, 0x00, 0x00, 0x00, 0xbf, 0xfd, 0x00, 0x00, 0x00, 0xdf, 0xbf, 0x20, 0x00, 0x02,
    0xfb, 0x6f, 0xa0, 0x00, 0x0a, 0xf6, 0x0b, 0xfb, 0x66, 0xbf, 0xb0, 0x01, 0x8f, 0xff, 0xf8, 0x10,
    0x00, 0x00, 0x44, 0x00, 0x00, 0x00, 0x00, 0x02, 0x42, 0x00, 0x00, 0x00, 0x0b, 0xe2, 0x00, 0x00,
    0x00, 0x4f, 0x70, 0x00, 0x00, 0x00, 0x89, 0x00, 0x00, 0x00, 0x00, 0x00, 0x00, 0x00, 0x00, 0x6d,
    0xff, 0xd6, 0x00, 0x09, 0xfd, 0x88, 0xdf, 0x90, 0x4f, 0xc1, 0x00, 0x1c, 0xf4, 0xaf, 0x30, 0x00,
    0x03, 0xfa, 0xee, 0x00, 0x00, 0x00, 0xee, 0xfb, 0x00, 0x00, 0x00, 0xbf, 0xfd, 0x00, 0x00, 0x00,
    0xdf, 0xbf, 0x20, 0x00, 0x02, 0xfb, 0x6f, 0xa0, 0x00, 0x0a, 0xf6, 0x0b, 0xfb, 0x66, 0xbf, 0xb0,
    0x01, 0x8f, 0xff, 0xf8, 0x10, 0x00, 0x00, 0x44, 0x00, 0x00, 0x00, 0x00, 0x44, 0x00, 0x00, 0x00,
    0x07, 0xff, 0x60, 0x00, 0x00, 0x6f, 0x66, 0xf6, 0x00, 0x01, 0x86, 0x00, 0x78, 0x00, 0x00, 0x00,
    0x00, 0x00, 0x00, 0x00, 0x6d, 0xff, 0xd6, 0x00, 0x09, 0xfd, 0x88, 0xdf, 0x90, 0x4f, 0xc1, 0x00,
    0x1c, 0xf4, 0xaf, 0x30, 0x00, 0x03, 0xfa, 0xee, 0x00, 0x00, 0x00, 0xee, 0xfb, 0x00, 0x00, 0x00,
    0xbf, 0xfd, 0x00, 0x00, 0x00, 0xdf, 0xbf, 0x20, 0x00, 0x02, 0xfb, 0x6f, 0xa0, 0x00, 0x0a, 0xf6,
    0x0b, 0xfb, 0x66, 0xbf, 0xb0, 0x01, 0x8f, 0xff, 0xf8, 0x10, 0x00, 0x00, 0x44, 0x00, 0x00, 0x00,
    0x5d, 0xa4, 0x78, 0x00, 0x00, 0xba, 0x9f, 0xf8, 0x00, 0x00, 0x32, 0x01, 0x30, 0x00, 0x00, 0x00,
    0x00, 0x00, 0x00, 0x00, 0x6d, 0xff, 0xd6, 0x00, 0x09, 0xfd, 0x88, 0xdf, 0x90, 0x4f, 0xc1, 0x00,
    0x1c, 0xf4, 0xaf, 0x30, 0x00, 0x03, 0xfa, 0xee, 0x00, 0x00, 0x00, 0xee, 0xfb, 0x00, 0x00, 0x00,
    0xbf, 0xfd, 0x00, 0x00, 0x00, 0xdf, 0xbf, 0x20, 0x00, 0x02, 0xfb, 0x6f, 0xa0, 0x00, 0x0a, 0xf6,
    0x0b, 0xfb, 0x66, 0xbf, 0xb0, 0x01, 0x8f, 0xff, 0xf8, 0x10, 0x00, 0x00, 0x44, 0x00, 0x00, 0x00,
    0x00, 0x00, 0x00, 0x00, 0x01, 0xec, 0x00, 0xcd, 0x10, 0x02, 0xfe, 0x00, 0xef, 0x20, 0x00, 0x32,
    0x00, 0x23, 0x00, 0x00, 0x00, 0x00, 0x00, 0x00, 0x00, 0x6d, 0xff, 0xd6, 0x00, 0x09, 0xfd, 0x88,
    0xdf, 0x90, 0x4f, 0xc1, 0x00, 0x1c, 0xf4, 0xaf, 0x30, 0x00, 0x03, 0xfa, 0xee, 0x00, 0x00, 0x00,
    0xee, 0xfb, 0x00, 0x00, 0x00, 0xbf, 0xfd, 0x00, 0x00, 0x00, 0xdf, 0xbf, 0x20, 0x00, 0x02, 0xfb,
    0x6f, 0xa0, 0x00, 0x0a, 0xf6, 0x0b, 0xfb, 0x66, 0xbf, 0xb0, 0x01, 0x8f, 0xff, 0xf8, 0x10, 0x00,
    0x00, 0x44, 0x00, 0x00, 0x00, 0x03, 0xa5, 0x00, 0x00, 0x00, 0x0a, 0xfd, 0x00, 0x00, 0x00, 0x05,
    0xc8, 0x00, 0x00, 0x00, 0x00, 0x00, 0x00, 0x00, 0x88, 0x88, 0x88, 0x88, 0x82, 0xff, 0xff, 0xff,
    0xff, 0xf4, 0x44, 0x44, 0x44, 0x44, 0x41, 0x00, 0x00, 0x41, 0x00, 0x00, 0x00, 0x08, 0xfb, 0x00,
    0x00, 0x00, 0x08, 0xfb, 0x00, 0x00, 0x00, 0x00, 0x41, 0x00, 0x00, 0x00, 0x00, 0x00, 0x00, 0x00,
    0x20, 0x00, 0x06, 0xdf, 0xfd, 0x69, 0xd0, 0x00, 0x9f, 0xd8, 0x8d, 0xff, 0x60, 0x04, 0xfc, 0x10,
    0x07, 0xff, 0x40, 0x0a, 0xf3, 0x00, 0x3e, 0xbf, 0xa0, 0x0e, 0xe0, 0x01, 0xec, 0x0e, 0xe0, 0x0f,
    0xb0, 0x1c, 0xc1, 0x0b, 0xf0, 0x0f, 0xd0, 0xae, 0x30, 0x0d, 0xf0, 0x0b, 0xfa, 0xf3, 0x00, 0x2f,
    0xb0, 0x06, 0xff, 0x60, 0x00, 0xaf, 0x60, 0x05, 0xff, 0xb6, 0x6b, 0xfb, 0x00, 0x0d, 0x98, 0xff,
    0xff, 0x81, 0x00, 0x03, 0x00, 0x04, 0x40, 0x00, 0x00, 0x00, 0x24, 0x10, 0x00, 0x00, 0x00, 0x3f,
    0x90, 0x00, 0x00, 0x00, 0x08, 0xf2, 0x00, 0x00, 0x00, 0x01, 0xa7, 0x00, 0x00, 0x00, 0x00, 0x00,
    0x00, 0x00, 0x8f, 0x40, 0x00, 0x08, 0xf4, 0x8f, 0x40, 0x00, 0x08, 0xf4, 0x8f, 0x40, 0x00, 0x08,
    0xf4, 0x8f, 0x40, 0x00, 0x08, 0xf4, 0x8f, 0x40, 0x00, 0x08, 0xf4, 0x8f, 0x40, 0x00, 0x08, 0xf4,
    0x8f, 0x40, 0x00, 0x08, 0xf4, 0x8f, 0x50, 0x00, 0x08, 0xf4, 0x4f, 0xb0, 0x00, 0x1e, 0xf4, 0x0d,
    0xfb, 0x88, 0xeb, 0xf4, 0x03, 0xbf, 0xfe, 0x68, 0xf4, 0x00, 0x00, 0x20, 0x00, 0x00, 0x00, 0x00,
    0x02, 0x42, 0x00, 0x00, 0x00, 0x0d, 0xe1, 0x00, 0x00, 0x00, 0x5f, 0x50, 0x00, 0x00, 0x00, 0x88,
    0x00, 0x00, 0x00, 0x00, 0x00, 0x00, 0x00, 0x8f, 0x40, 0x00, 0x08, 0xf4, 0x8f, 0x40, 0x00, 0x08,
    0xf4, 0x8f, 0x40, 0x00, 0x08, 0xf4, 0x8f, 0x40, 0x00, 0x08, 0xf4, 0x8f, 0x40, 0x00, 0x08, 0xf4,
    0x8f, 0x40, 0x00, 0x08, 0xf4, 0x8f, 0x40, 0x00, 0x08, 0xf4, 0x8f, 0x50, 0x00, 0x08, 0xf4, 0x4f,
    0xb0, 0x00, 0x1e, 0xf4, 0x0d, 0xfb, 0x88, 0xeb, 0xf4, 0x03, 0xbf, 0xfe, 0x68, 0xf4, 0x00, 0x00,
    0x20, 0x00, 0x00, 0x00, 0x00, 0x43, 0x00, 0x00, 0x00, 0x09, 0xef, 0x60, 0x00, 0x00, 0x6f, 0x58,
    0xf4, 0x00, 0x01, 0x85, 0x00, 0x77, 0x00, 0x00, 0x00, 0x00, 0x00, 0x00, 0x8f, 0x40, 0x00, 0x08,
    0xf4, 0x8f, 0x40, 0x00, 0x08, 0xf4, 0x8f, 0x40, 0x00, 0x08, 0xf4, 0x8f, 0x40, 0x00, 0x08, 0xf4,
    0x8f, 0x40, 0x00, 0x08, 0xf4, 0x8f, 0x40, 0x00, 0x08, 0xf4, 0x8f, 0x40, 0x00, 0x08, 0xf4, 0x8f,
    0x50, 0x00, 0x08, 0xf4, 0x4f, 0xb0, 0x00, 0x1e, 0xf4, 0x0d, 0xfb, 0x88, 0xeb, 0xf4, 0x03, 0xbf,
    0xfe, 0x68, 0xf4, 0x00, 0x00, 0x20, 0x00, 0x00, 0x00, 0x00, 0x00, 0x00, 0x00, 0x02, 0xec, 0x01,
    0xdc, 0x00, 0x03, 0xfe, 0x02, 0xfe, 0x00, 0x00, 0x32, 0x00, 0x32, 0x00, 0x00, 0x00, 0x00, 0x00,
    0x00, 0x8f, 0x40, 0x00, 0x08, 0xf4, 0x8f, 0x40, 0x00, 0x08, 0xf4, 0x8f, 0x40, 0x00, 0x08, 0xf4,
    0x8f, 0x40, 0x00, 0x08, 0xf4, 0x8f, 0x40, 0x00, 0x08, 0xf4, 0x8f, 0x40, 0x00, 0x08, 0xf4, 0x8f,
    0x40, 0x00, 0x08, 0xf4, 0x8f, 0x50, 0x00, 0x08, 0xf4, 0x4f, 0xb0, 0x00, 0x1e, 0xf4, 0x0d, 0xfb,
    0x88, 0xeb, 0xf4, 0x03, 0xbf, 0xfe, 0x68, 0xf4, 0x00, 0x00, 0x20, 0x00, 0x00, 0x00, 0x00, 0x00,
    0x34, 0x00, 0x00, 0x00, 0x00, 0x2f, 0xb0, 0x00, 0x00, 0x00, 0x09, 0xe2, 0x00, 0x00, 0x00, 0x01,
    0xb6, 0x00, 0x00, 0x00, 0x00, 0x00, 0x00, 0x00, 0x05, 0xf9, 0x00, 0x00, 0x06, 0xf8, 0x0e, 0xe0,
    0x00, 0x00, 0xaf, 0x20, 0x8f, 0x50, 0x00, 0x1f, 0xc0, 0x03, 0xfa, 0x00, 0x07, 0xf6, 0x00, 0x0c,
    0xf1, 0x00, 0xcf, 0x10, 0x00, 0x6f, 0x60, 0x2f, 0x90, 0x00, 0x01, 0xfb, 0x08, 0xf4, 0x00, 0x00,
    0x09, 0xf2, 0xdd, 0x00, 0x00, 0x00, 0x5f, 0x8f, 0x80, 0x00, 0x00, 0x00, 0xde, 0xf2, 0x00, 0x00,
    0x00, 0x08, 0xfb, 0x00, 0x00, 0x00, 0x00, 0x7f, 0x60, 0x00, 0x00, 0x00, 0x0d, 0xe0, 0x00, 0x00,
    0x02, 0x8a, 0xf8, 0x00, 0x00, 0x00, 0x8f, 0xf8, 0x00, 0x00, 0x00, 0x00, 0x41, 0x00, 0x00, 0x00,
    0x00, 0x48, 0x20, 0x00, 0x00, 0x00, 0x08, 0xf4, 0x00, 0x00, 0x00, 0x00, 0x8f, 0x40, 0x00, 0x00,
    0x00, 0x08, 0xf4, 0x00, 0x00, 0x00, 0x00, 0x8f, 0x46, 0xef, 0xf9, 0x10, 0x08, 0xf9, 0xf9, 0x8b,
    0xfc, 0x10, 0x8f, 0xf3, 0x00, 0x07, 0xf9, 0x08, 0xf9, 0x00, 0x00, 0x0d, 0xe0, 0x8f, 0x60, 0x00,
    0x00, 0x9f, 0x38, 0xf4, 0x00, 0x00, 0x08, 0xf4, 0x8f, 0x50, 0x00, 0x00, 0x9f, 0x48, 0xf8, 0x00,
    0x00, 0x0d, 0xf0, 0x8f, 0xe2, 0x00, 0x07, 0xf9, 0x08, 0xfa, 0xe7, 0x58, 0xfe, 0x20, 0x8f, 0x48,
    0xff, 0xfd, 0x30, 0x08, 0xf4, 0x02, 0x43, 0x00, 0x00, 0x8f, 0x40, 0x00, 0x00, 0x00, 0x08, 0xf4,
    0x00, 0x00, 0x00, 0x00, 0x8f, 0x40, 0x00, 0x00, 0x00, 0x00, 0x00, 0x00, 0x00, 0x00, 0x00, 0x00,
    0x00, 0x00, 0x00, 0x00, 0x00, 0x05, 0xf8, 0x04, 0xf8, 0x00, 0x00, 0x7f, 0x90, 0x6f, 0xa0, 0x00,
    0x00, 0x41, 0x00, 0x41, 0x00, 0x00, 0x00, 0x00, 0x00, 0x00, 0x05, 0xf9, 0x00, 0x00, 0x06, 0xf8,
    0x0e, 0xe0, 0x00, 0x00, 0xaf, 0x20, 0x8f, 0x50, 0x00, 0x1f, 0xc0, 0x03, 0xfa, 0x00, 0x07, 0xf6,
    0x00, 0x0c, 0xf1, 0x00, 0xcf, 0x10, 0x00, 0x6f, 0x60, 0x2f, 0x90, 0x00, 0x01, 0xfb, 0x08, 0xf4,
    0x00, 0x00, 0x09, 0xf2, 0xdd, 0x00, 0x00, 0x00, 0x5f, 0x8f, 0x80, 0x00, 0x00, 0x00, 0xde, 0xf2,
    0x00, 0x00, 0x00, 0x08, 0xfb, 0x00, 0x00, 0x00, 0x00, 0x7f, 0x60, 0x00, 0x00, 0x00, 0x0d, 0xe0,
    0x00, 0x00, 0x02, 0x8a, 0xf8, 0x00, 0x00, 0x00, 0x8f, 0xf8, 0x00, 0x00, 0x00, 0x00, 0x41, 0x00,
    0x00, 0x00, 0x00, 0x00, 0x00, 0x34, 0x44, 0x42, 0x00, 0x00, 0x00, 0x00, 0xbf, 0xff, 0xf8, 0x00,
    0x00, 0x00, 0x00, 0x34, 0x44, 0x42, 0x00, 0x00, 0x00, 0x00, 0x00, 0x00, 0x00, 0x00, 0x00, 0x00,
    0x00, 0x02, 0x88, 0x00, 0x00, 0x00, 0x00, 0x00, 0x09, 0xff, 0x50, 0x00, 0x00, 0x00, 0x00, 0x0e,
    0xae, 0xa0, 0x00, 0x00, 0x00, 0x00, 0x5f, 0x6a, 0xf1, 0x00, 0x00, 0x00, 0x00, 0xaf, 0x26, 0xf7,
    0x00, 0x00, 0x00, 0x01, 0xfc, 0x01, 0xfc, 0x00, 0x00, 0x00, 0x06, 0xf7, 0x00, 0xaf, 0x20, 0x00,
    0x00, 0x0c, 0xf2, 0x00, 0x6f, 0x80, 0x00, 0x00, 0x2f, 0xa0, 0x00, 0x0e, 0xd0, 0x00, 0x00, 0x8f,
    0xdb, 0xbb, 0xbe, 0xf5, 0x00, 0x00, 0xdf, 0xff, 0xff, 0xff, 0xf9, 0x00, 0x03, 0xfa, 0x00, 0x00,
    0x00, 0xde, 0x10, 0x09, 0xf6, 0x00, 0x00, 0x00, 0x8f, 0x60, 0x0e, 0xe1, 0x00, 0x00, 0x00, 0x3f,
    0xb0, 0x5f, 0x90, 0x00, 0x00, 0x00, 0x0d, 0xf2, 0x00, 0x28, 0x88, 0x88, 0x20, 0x00, 0x3b, 0xbb,
    0xbb, 0x30, 0x00, 0x00, 0x00, 0x00, 0x00, 0x00, 0x00, 0x00, 0x00, 0x00, 0x00, 0x3a, 0xff, 0xfa,
    0x30, 0x03, 0xef, 0x98, 0x9e, 0xe2, 0x07, 0xe6, 0x00, 0x06, 0xf8, 0x00, 0x00, 0x00, 0x00, 0xfb,
    0x00, 0x00, 0x46, 0x8b, 0xfb, 0x01, 0x9f, 0xff, 0xfa, 0xfb, 0x0c, 0xf9, 0x42, 0x00, 0xfb, 0x0f,
    0xc0, 0x00, 0x02, 0xfb, 0x0f, 0xc0, 0x00, 0x08, 0xfb, 0x0b, 0xf9, 0x55, 0xac, 0xfb, 0x01, 0xbf,
    0xff, 0xc3, 0xfb, 0x00, 0x02, 0x43, 0x00, 0x00, 0x00, 0x00, 0xa5, 0x00, 0x88, 0x00, 0x00, 0x00,
    0x00, 0x8e, 0x68, 0xf5, 0x00, 0x00, 0x00, 0x00, 0x08, 0xdd, 0x70, 0x00, 0x00, 0x00, 0x00, 0x00,
    0x00, 0x00, 0x00, 0x00, 0x00, 0x00, 0x02, 0x88, 0x00, 0x00, 0x00, 0x00, 0x00, 0x09, 0xff, 0x50,
    0x00, 0x00, 0x00, 0x00, 0x0e, 0xae, 0xa0, 0x00, 0x00, 0x00, 0x00, 0x5f, 0x6a, 0xf1, 0x00, 0x00,
    0x00, 0x00, 0xaf, 0x26, 0xf7, 0x00, 0x00, 0x00, 0x01, 0xfc, 0x01, 0xfc, 0x00, 0x00, 0x00, 0x06,
    0xf7, 0x00, 0xaf, 0x20, 0x00, 0x00, 0x0c, 0xf2, 0x00, 0x6f, 0x80, 0x00, 0x00, 0x2f, 0xa0, 0x00,
    0x0e, 0xd0, 0x00, 0x00, 0x8f, 0xdb, 0xbb, 0xbe, 0xf5, 0x00, 0x00, 0xdf, 0xff, 0xff, 0xff, 0xf9,
    0x00, 0x03, 0xfa, 0x00, 0x00, 0x00, 0xde, 0x10, 0x09, 0xf6, 0x00, 0x00, 0x00, 0x8f, 0x60, 0x0e,
    0xe1, 0x00, 0x00, 0x00, 0x3f, 0xb0, 0x5f, 0x90, 0x00, 0x00, 0x00, 0x0d, 0xf2, 0x00, 0x24, 0x00,
    0x04, 0x10, 0x00, 0x4f, 0x20, 0x3f, 0x30, 0x00, 0x0c, 0xeb, 0xe9, 0x00, 0x00, 0x00, 0x68, 0x60,
    0x00, 0x00, 0x00, 0x00, 0x00, 0x00, 0x00, 0x3a, 0xff, 0xfa, 0x30, 0x03, 0xef, 0x98, 0x9e, 0xe2,
    0x07, 0xe6, 0x00, 0x06, 0xf8, 0x00, 0x00, 0x00, 0x00, 0xfb, 0x00, 0x00, 0x46, 0x8b, 0xfb, 0x01,
    0x9f, 0xff, 0xfa, 0xfb, 0x0c, 0xf9, 0x42, 0x00, 0xfb, 0x0f, 0xc0, 0x00, 0x02, 0xfb, 0x0f, 0xc0,
    0x00, 0x08, 0xfb, 0x0b, 0xf9, 0x55, 0xac, 0xfb, 0x01, 0xbf, 0xff, 0xc3, 0xfb, 0x00, 0x02, 0x43,
    0x00, 0x00, 0x00, 0x00, 0x02, 0x88, 0x00, 0x00, 0x00, 0x00, 0x00, 0x09, 0xff, 0x50, 0x00, 0x00,
    0x00, 0x00, 0x0e, 0xae, 0xa0, 0x00, 0x00, 0x00, 0x00, 0x5f, 0x6a, 0xf1, 0x00, 0x00, 0x00, 0x00,
    0xaf, 0x26, 0xf7, 0x00, 0x00, 0x00, 0x01, 0xfc, 0x01, 0xfc, 0x00, 0x00, 0x00, 0x06, 0xf7, 0x00,
    0xaf, 0x20, 0x00, 0x00, 0x0c, 0xf2, 0x00, 0x6f, 0x80, 0x00, 0x00, 0x2f, 0xa0, 0x00, 0x0e, 0xd0,
    0x00, 0x00, 0x8f, 0xdb, 0xbb, 0xbe, 0xf5, 0x00, 0x00, 0xdf, 0xff, 0xff, 0xff, 0xf9, 0x00, 0x03,
    0xfa, 0x00, 0x00, 0x00, 0xde, 0x10, 0x09, 0xf6, 0x00, 0x00, 0x00, 0x8f, 0x60, 0x0e, 0xe1, 0x00,
    0x00, 0x00, 0x3f, 0xb0, 0x5f, 0x90, 0x00, 0x00, 0x00, 0x0d, 0xf2, 0x00, 0x00, 0x00, 0x00, 0x00,
    0x4e, 0x90, 0x00, 0x00, 0x00, 0x00, 0x00, 0xec, 0x00, 0x00, 0x00, 0x00, 0x00, 0x01, 0xfd, 0x43,
    0x00, 0x00, 0x00, 0x00, 0x00, 0x9f, 0xfc, 0x00, 0x00, 0x00, 0x00, 0x00, 0x03, 0x41, 0x00, 0x00,
    0x00, 0x00, 0x00, 0x00, 0x03, 0xaf, 0xff, 0xa3, 0x00, 0x03, 0xef, 0x98, 0x9e, 0xe2, 0x00, 0x7e,
    0x60, 0x00, 0x6f, 0x80, 0x00, 0x00, 0x00, 0x00, 0xfb, 0x00, 0x00, 0x04, 0x68, 0xbf, 0xb0, 0x01,
    0x9f, 0xff, 0xfa, 0xfb, 0x00, 0xcf, 0x94, 0x20, 0x0f, 0xb0, 0x0f, 0xc0, 0x00, 0x02, 0xfb, 0x00,
    0xfc, 0x00, 0x00, 0x8f, 0xb0, 0x0b, 0xf9, 0x55, 0xac, 0xfb, 0x00, 0x1b, 0xff, 0xfc, 0x3f, 0xb0,
    0x00, 0x02, 0x43, 0x1c, 0xc3, 0x00, 0x00, 0x00, 0x08, 0xf2, 0x00, 0x00, 0x00, 0x00, 0xbf, 0x76,
    0x00, 0x00, 0x00, 0x03, 0xef, 0xf2, 0x00, 0x00, 0x00, 0x00, 0x40, 0x00, 0x00, 0x00, 0x00, 0x0a,
    0xa0, 0x00, 0x00, 0x00, 0x00, 0x06, 0xf5, 0x00, 0x00, 0x00, 0x00, 0x00, 0xda, 0x00, 0x00, 0x00,
    0x00, 0x00, 0x00, 0x00, 0x00, 0x00, 0x00, 0x01, 0x6a, 0xbb, 0x72, 0x00, 0x00, 0x03, 0xdf, 0xff,
    0xff, 0xf7, 0x00, 0x03, 0xef, 0x82, 0x01, 0x6e, 0xf7, 0x00, 0xcf, 0x60, 0x00, 0x00, 0x1e, 0xe1,
    0x5f, 0x90, 0x00, 0x00, 0x00, 0x8f, 0x68, 0xf5, 0x00, 0x00, 0x00, 0x00, 0x00, 0xbf, 0x10, 0x00,
    0x00, 0x00, 0x00, 0x0b, 0xf0, 0x00, 0x00, 0x00, 0x00, 0x00, 0xbf, 0x00, 0x00, 0x00, 0x00, 0x00,
    0x0a, 0xf3, 0x00, 0x00, 0x00, 0x00, 0x00, 0x7f, 0x70, 0x00, 0x00, 0x00, 0x48, 0x42, 0xfe, 0x10,
    0x00, 0x00, 0x0b, 0xf3, 0x08, 0xfc, 0x20, 0x00, 0x09, 0xfb, 0x00, 0x09, 0xff, 0xa8, 0x8d, 0xfc,
    0x10, 0x00, 0x06, 0xdf, 0xff, 0xe8, 0x10, 0x00, 0x00, 0x00, 0x14, 0x30, 0x00, 0x00, 0x00, 0x00,
    0x02, 0x42, 0x00, 0x00, 0x00, 0x0b, 0xe2, 0x00, 0x00, 0x00, 0x4f, 0x70, 0x00, 0x00, 0x00, 0x89,
    0x00, 0x00, 0x00, 0x00, 0x00, 0x00, 0x00, 0x00, 0x6d, 0xff, 0xd6, 0x00, 0x09, 0xfd, 0x88, 0xdf,
    0x90, 0x4f, 0xc1, 0x00, 0x1c, 0xf4, 0xaf, 0x30, 0x00, 0x03, 0x30, 0xee, 0x00, 0x00, 0x00, 0x00,
    0xfb, 0x00, 0x00, 0x00, 0x00, 0xfd, 0x00, 0x00, 0x00, 0x00, 0xbf, 0x20, 0x00, 0x01, 0x20, 0x6f,
    0xa0, 0x00, 0x0a, 0xf5, 0x0b, 0xfb, 0x66, 0xbf, 0xb0, 0x01, 0x8f, 0xff, 0xf8, 0x10, 0x00, 0x00,
    0x44, 0x00, 0x00, 0x00, 0x00, 0x07, 0xba, 0x00, 0x00, 0x00, 0x00, 0x06, 0xf8, 0xe9, 0x00, 0x00,
    0x00, 0x02, 0xb8, 0x04, 0xb6, 0x00, 0x00, 0x00, 0x00, 0x00, 0x00, 0x00, 0x00, 0x00, 0x01, 0x6a,
    0xbb, 0x72, 0x00, 0x00, 0x03, 0xdf, 0xff, 0xff, 0xf7, 0x00, 0x03, 0xef, 0x82, 0x01, 0x6e, 0xf7,
    0x00, 0xcf, 0x60, 0x00, 0x00, 0x1e, 0xe1, 0x5f, 0x90, 0x00, 0x00, 0x00, 0x8f, 0x68, 0xf5, 0x00,
    0x00, 0x00, 0x00, 0x00, 0xbf, 0x10, 0x00, 0x00, 0x00, 0x00, 0x0b, 0xf0, 0x00, 0x00, 0x00, 0x00,
    0x00, 0xbf, 0x00, 0x00, 0x00, 0x00, 0x00, 0x0a, 0xf3, 0x00, 0x00, 0x00, 0x00, 0x00, 0x7f, 0x70,
    0x00, 0x00, 0x00, 0x48, 0x42, 0xfe, 0x10, 0x00, 0x00, 0x0b, 0xf3, 0x08, 0xfc, 0x20, 0x00, 0x09,
    0xfb, 0x00, 0x09, 0xff, 0xa8, 0x8d, 0xfc, 0x10, 0x00, 0x06, 0xdf, 0xff, 0xe8, 0x10, 0x00, 0x00,
    0x00, 0x14, 0x30, 0x00, 0x00, 0x00, 0x00, 0x44, 0x00, 0x00, 0x00, 0x07, 0xff, 0x60, 0x00, 0x00,
    0x6f, 0x66, 0xf6, 0x00, 0x01, 0x86, 0x00, 0x78, 0x00, 0x00, 0x00, 0x00, 0x00, 0x00, 0x00, 0x6d,
    0xff, 0xd6, 0x00, 0x09, 0xfd, 0x88, 0xdf, 0x90, 0x4f, 0xc1, 0x00, 0x1c, 0xf4, 0xaf, 0x30, 0x00,
    0x03, 0x30, 0xee, 0x00, 0x00, 0x00, 0x00, 0xfb, 0x00, 0x00, 0x00, 0x00, 0xfd, 0x00, 0x00, 0x00,
    0x00, 0xbf, 0x20, 0x00, 0x01, 0x20, 0x6f, 0xa0, 0x00, 0x0a, 0xf5, 0x0b, 0xfb, 0x66, 0xbf, 0xb0,
    0x01, 0x8f, 0xff, 0xf8, 0x10, 0x00, 0x00, 0x44, 0x00, 0x00, 0x00, 0x00, 0x03, 0xa5, 0x00, 0x00,
    0x00, 0x00, 0x00, 0x8f, 0xb0, 0x00, 0x00, 0x00, 0x00, 0x03, 0xa5, 0x00, 0x00, 0x00, 0x00, 0x00,
    0x00, 0x00, 0x00, 0x00, 0x00, 0x01, 0x6a, 0xbb, 0x72, 0x00, 0x00, 0x03, 0xdf, 0xff, 0xff, 0xf7,
    0x00, 0x03, 0xef, 0x82, 0x01, 0x6e, 0xf7, 0x00, 0xcf, 0x60, 0x00, 0x00, 0x1e, 0xe1, 0x5f, 0x90,
    0x00, 0x00, 0x00, 0x8f, 0x68, 0xf5, 0x00, 0x00, 0x00, 0x00, 0x00, 0xbf, 0x10, 0x00, 0x00, 0x00,
    0x00, 0x0b, 0xf0, 0x00, 0x00, 0x00, 0x00, 0x00, 0xbf, 0x00, 0x00, 0x00, 0x00, 0x00, 0x0a, 0xf3,
    0x00, 0x00, 0x00, 0x00, 0x00, 0x7f, 0x70, 0x00, 0x00, 0x00, 0x48, 0x42, 0xfe, 0x10, 0x00, 0x00,
    0x0b, 0xf3, 0x08, 0xfc, 0x20, 0x00, 0x09, 0xfb, 0x00, 0x09, 0xff, 0xa8, 0x8d, 0xfc, 0x10, 0x00,
    0x06, 0xdf, 0xff, 0xe8, 0x10, 0x00, 0x00, 0x00, 0x14, 0x30, 0x00, 0x00, 0x00, 0x00, 0x00, 0x00,
    0x00, 0x00, 0x01, 0xdd, 0x10, 0x00, 0x00, 0x02, 0xff, 0x20, 0x00, 0x00, 0x00, 0x33, 0x00, 0x00,
    0x00, 0x00, 0x00, 0x00, 0x00, 0x00, 0x6d, 0xff, 0xd6, 0x00, 0x09, 0xfd, 0x88, 0xdf, 0x90, 0x4f,
    0xc1, 0x00, 0x1c, 0xf4, 0xaf, 0x30, 0x00, 0x03, 0x30, 0xee, 0x00, 0x00, 0x00, 0x00, 0xfb, 0x00,
    0x00, 0x00, 0x00, 0xfd, 0x00, 0x00, 0x00, 0x00, 0xbf, 0x20, 0x00, 0x01, 0x20, 0x6f, 0xa0, 0x00,
    0x0a, 0xf5, 0x0b, 0xfb, 0x66, 0xbf, 0xb0, 0x01, 0x8f, 0xff, 0xf8, 0x10, 0x00, 0x00, 0x44, 0x00,
    0x00, 0x00, 0x02, 0xb8, 0x04, 0xb6, 0x00, 0x00, 0x00, 0x06, 0xf8, 0xe9, 0x00, 0x00, 0x00, 0x00,
    0x07, 0xba, 0x00, 0x00, 0x00, 0x00, 0x00, 0x00, 0x00, 0x00, 0x00, 0x00, 0x01, 0x6a, 0xbb, 0x72,
    0x00, 0x00, 0x03, 0xdf, 0xff, 0xff, 0xf7, 0x00, 0x03, 0xef, 0x82, 0x01, 0x6e, 0xf7, 0x00, 0xcf,
    0x60, 0x00, 0x00, 0x1e, 0xe1, 0x5f, 0x90, 0x00, 0x00, 0x00, 0x8f, 0x68, 0xf5, 0x00, 0x00, 0x00,
    0x00, 0x00, 0xbf, 0x10, 0x00, 0x00, 0x00, 0x00, 0x0b, 0xf0, 0x00, 0x00, 0x00, 0x00, 0x00, 0xbf,
    0x00, 0x00, 0x00, 0x00, 0x00, 0x0a, 0xf3, 0x00, 0x00, 0x00, 0x00, 0x00, 0x7f, 0x70, 0x00, 0x00,
    0x00, 0x48, 0x42, 0xfe, 0x10, 0x00, 0x00, 0x0b, 0xf3, 0x08, 0xfc, 0x20, 0x00, 0x09, 0xfb, 0x00,
    0x09, 0xff, 0xa8, 0x8d, 0xfc, 0x10, 0x00, 0x06, 0xdf, 0xff, 0xe8, 0x10, 0x00, 0x00, 0x00, 0x14,
    0x30, 0x00, 0x00, 0x01, 0x43, 0x00, 0x34, 0x00, 0x00, 0x9e, 0x33, 0xf9, 0x00, 0x00, 0x0a, 0xee,
    0x90, 0x00, 0x00, 0x01, 0x88, 0x10, 0x00, 0x00, 0x00, 0x00, 0x00, 0x00, 0x00, 0x6d, 0xff, 0xd6,
    0x00, 0x09, 0xfd, 0x88, 0xdf, 0x90, 0x4f, 0xc1, 0x00, 0x1c, 0xf4, 0xaf, 0x30, 0x00, 0x03, 0x30,
    0xee, 0x00, 0x00, 0x00, 0x00, 0xfb, 0x00, 0x00, 0x00, 0x00, 0xfd, 0x00, 0x00, 0x00, 0x00, 0xbf,
    0x20, 0x00, 0x01, 0x20, 0x6f, 0xa0, 0x00, 0x0a, 0xf5, 0x0b, 0xfb, 0x66, 0xbf, 0xb0, 0x01, 0x8f,
    0xff, 0xf8, 0x10, 0x00, 0x00, 0x44, 0x00, 0x00, 0x00, 0x8a, 0x11, 0xa8, 0x00, 0x00, 0x00, 0x01,
    0xdb, 0x9e, 0x30, 0x00, 0x00, 0x00, 0x03, 0xbb, 0x30, 0x00, 0x00, 0x00, 0x00, 0x00, 0x00, 0x00,
    0x00, 0x00, 0x28, 0x88, 0x88, 0x85, 0x10, 0x00, 0x04, 0xff, 0xff, 0xff, 0xfe, 0x70, 0x00, 0x4f,
    0x80, 0x00, 0x47, 0xef, 0x80, 0x04, 0xf8, 0x00, 0x00, 0x01, 0xcf, 0x40, 0x4f, 0x80, 0x00, 0x00,
    0x04, 0xfa, 0x04, 0xf8, 0x00, 0x00, 0x00, 0x0c, 0xf0, 0x4f, 0x80, 0x00, 0x00, 0x00, 0x9f, 0x44,
    0xf8, 0x00, 0x00, 0x00, 0x08, 0xf4, 0x4f, 0x80, 0x00, 0x00, 0x00, 0x8f, 0x44, 0xf8, 0x00, 0x00,
    0x00, 0x0b, 0xf1, 0x4f, 0x80, 0x00, 0x00, 0x01, 0xfd, 0x04, 0xf8, 0x00, 0x00, 0x00, 0x9f, 0x80,
    0x4f, 0x80, 0x00, 0x01, 0x9f, 0xc1, 0x04, 0xfd, 0xbb, 0xbb, 0xff, 0xc1, 0x00, 0x4f, 0xff, 0xff,
    0xfb, 0x60, 0x00, 0x00, 0x00, 0x00, 0x00, 0x00, 0x00, 0x04, 0x30, 0x00, 0x00, 0x00, 0x08, 0x60,
    0xfb, 0x00, 0x00, 0x00, 0x00, 0xfb, 0x0f, 0x80, 0x00, 0x00, 0x00, 0x0f, 0xb0, 0xf7, 0x00, 0x00,
    0x00, 0x00, 0xfb, 0x08, 0x20, 0x08, 0xef, 0xf8, 0x0f, 0xb0, 0x00, 0x0a, 0xfd, 0x88, 0xe9, 0xfb,
    0x00, 0x06, 0xfa, 0x00, 0x01, 0xdf, 0xb0, 0x00, 0xaf, 0x20, 0x00, 0x06, 0xfb, 0x00, 0x0e, 0xd0,
    0x00, 0x00, 0x2f, 0xb0, 0x00, 0xfb, 0x00, 0x00, 0x00, 0xfb, 0x00, 0x0f, 0xd0, 0x00, 0x00, 0x1f,
    0xb0, 0x00, 0xbf, 0x20, 0x00, 0x05, 0xfb, 0x00, 0x07, 0xfa, 0x00, 0x00, 0xcf, 0xb0, 0x00, 0x0c,
    0xfa, 0x66, 0xca, 0xfb, 0x00, 0x00, 0x1b, 0xff, 0xfb, 0x1f, 0xb0, 0x00, 0x00, 0x02, 0x43, 0x00,
    0x00, 0x00, 0x00, 0x00, 0x88, 0x88, 0x88, 0x62, 0x00, 0x00, 0x00, 0xff, 0xff, 0xff, 0xff, 0x81,
    0x00, 0x00, 0xff, 0x00, 0x03, 0x6b, 0xfc, 0x10, 0x00, 0xff, 0x00, 0x00, 0x00, 0x9f, 0x80, 0x00,
    0xff, 0x00, 0x00, 0x00, 0x1e, 0xe0, 0x00, 0xff, 0x00, 0x00, 0x00, 0x08, 0xf4, 0x00, 0xff, 0x00,
    0x00, 0x00, 0x06, 0xf8, 0xbf, 0xff, 0xff, 0xfb, 0x00, 0x04, 0xf8, 0x68, 0xff, 0x88, 0x86, 0x00,
    0x04, 0xf8, 0x00, 0xff, 0x00, 0x00, 0x00, 0x08, 0xf6, 0x00, 0xff, 0x00, 0x00, 0x00, 0x0c, 0xf2,
    0x00, 0xff, 0x00, 0x00, 0x00, 0x5f, 0xb0, 0x00, 0xff, 0x00, 0x00, 0x07, 0xee, 0x30, 0x00, 0xff,
    0xbb, 0xbb, 0xef, 0xe4, 0x00, 0x00, 0xff, 0xff, 0xff, 0xc8, 0x10, 0x00, 0x00, 0x00, 0x00, 0x00,
    0x86, 0x00, 0x00, 0x00, 0x28, 0x88, 0xfd, 0x82, 0x00, 0x00, 0x4f, 0xff, 0xff, 0xf4, 0x00, 0x00,
    0x00, 0x00, 0xfb, 0x00, 0x00, 0x8e, 0xff, 0x80, 0xfb, 0x00, 0x0a, 0xfd, 0x88, 0xe9, 0xfb, 0x00,
    0x6f, 0xa0, 0x00, 0x1d, 0xfb, 0x00, 0xaf, 0x20, 0x00, 0x06, 0xfb, 0x00, 0xed, 0x00, 0x00, 0x02,
    0xfb, 0x00, 0xfb, 0x00, 0x00, 0x00, 0xfb, 0x00, 0xfd, 0x00, 0x00, 0x01, 0xfb, 0x00, 0xbf, 0x20,
    0x00, 0x05, 0xfb, 0x00, 0x7f, 0xa0, 0x00, 0x0c, 0xfb, 0x00, 0x0c, 0xfa, 0x66, 0xca, 0xfb, 0x00,
    0x01, 0xbf, 0xff, 0xb1, 0xfb, 0x00, 0x00, 0x02, 0x43, 0x00, 0x00, 0x00, 0x00, 0x24, 0x44, 0x44,
    0x00, 0x00, 0x8f, 0xff, 0xff, 0x00, 0x00, 0x24, 0x44, 0x44, 0x00, 0x00, 0x00, 0x00, 0x00, 0x00,
    0x28, 0x88, 0x88, 0x88, 0x84, 0x4f, 0xff, 0xff, 0xff, 0xf8, 0x4f, 0x80, 0x00, 0x00, 0x00, 0x4f,
    0x80, 0x00, 0x00, 0x00, 0x4f, 0x80, 0x00, 0x00, 0x00, 0x4f, 0x80, 0x00, 0x00, 0x00, 0x4f, 0x94,
    0x44, 0x44, 0x41, 0x4f, 0xff, 0xff, 0xff, 0xf4, 0x4f, 0xb8, 0x88, 0x88, 0x82, 0x4f, 0x80, 0x00,
    0x00, 0x00, 0x4f, 0x80, 0x00, 0x00, 0x00, 0x4f, 0x80, 0x00, 0x00, 0x00, 0x4f, 0x80, 0x00, 0x00,
    0x00, 0x4f, 0xdb, 0xbb, 0xbb, 0xb8, 0x4f, 0xff, 0xff, 0xff, 0xfb, 0x00, 0x68, 0x88, 0x84, 0x00,
    0x00, 0x8b, 0xbb, 0xb6, 0x00, 0x00, 0x00, 0x00, 0x00, 0x00, 0x00, 0x00, 0x00, 0x00, 0x00, 0x00,
    0x7d, 0xff, 0xc5, 0x00, 0x09, 0xfd, 0x88, 0xdf, 0x80, 0x4f, 0xa0, 0x00, 0x1d, 0xf2, 0xaf, 0x10,
    0x00, 0x06, 0xf7, 0xec, 0x44, 0x44, 0x46, 0xfa, 0xff, 0xff, 0xff, 0xff, 0xfb, 0xfc, 0x44, 0x44,
    0x44, 0x43, 0xbf, 0x10, 0x00, 0x00, 0x00, 0x6f, 0x90, 0x00, 0x07, 0xc4, 0x0b, 0xfb, 0x65, 0x9f,
    0xe1, 0x01, 0x8f, 0xff, 0xfb, 0x20, 0x00, 0x00, 0x44, 0x10, 0x00, 0x00, 0x68, 0x00, 0x4b, 0x00,
    0x00, 0x4f, 0x85, 0xcb, 0x00, 0x00, 0x05, 0xce, 0x91, 0x00, 0x00, 0x00, 0x00, 0x00, 0x00, 0x28,
    0x88, 0x88, 0x88, 0x84, 0x4f, 0xff, 0xff, 0xff, 0xf8, 0x4f, 0x80, 0x00, 0x00, 0x00, 0x4f, 0x80,
    0x00, 0x00, 0x00, 0x4f, 0x80, 0x00, 0x00, 0x00, 0x4f, 0x80, 0x00, 0x00, 0x00, 0x4f, 0x94, 0x44,
    0x44, 0x41, 0x4f, 0xff, 0xff, 0xff, 0xf4, 0x4f, 0xb8, 0x88, 0x88, 0x82, 0x4f, 0x80, 0x00, 0x00,
    0x00, 0x4f, 0x80, 0x00, 0x00, 0x00, 0x4f, 0x80, 0x00, 0x00, 0x00, 0x4f, 0x80, 0x00, 0x00, 0x00,
    0x4f, 0xdb, 0xbb, 0xbb, 0xb8, 0x4f, 0xff, 0xff, 0xff, 0xfb, 0x00, 0x41, 0x00, 0x23, 0x00, 0x00,
    0xd8, 0x00, 0xb9, 0x00, 0x00, 0x5f, 0xcc, 0xe3, 0x00, 0x00, 0x03, 0x88, 0x20, 0x00, 0x00, 0x00,
    0x00, 0x00, 0x00, 0x00, 0x7d, 0xff, 0xc5, 0x00, 0x09, 0xfd, 0x88, 0xdf, 0x80, 0x4f, 0xa0, 0x00,
    0x1d, 0xf2, 0xaf, 0x10, 0x00, 0x06, 0xf7, 0xec, 0x44, 0x44, 0x46, 0xfa, 0xff, 0xff, 0xff, 0xff,
    0xfb, 0xfc, 0x44, 0x44, 0x44, 0x43, 0xbf, 0x10, 0x00, 0x00, 0x00, 0x6f, 0x90, 0x00, 0x07, 0xc4,
    0x0b, 0xfb, 0x65, 0x9f, 0xe1, 0x01, 0x8f, 0xff, 0xfb, 0x20, 0x00, 0x00, 0x44, 0x10, 0x00, 0x00,
    0x00, 0x59, 0x10, 0x00, 0x00, 0x00, 0xff, 0x80, 0x00, 0x00, 0x00, 0x59, 0x10, 0x00, 0x00, 0x00,
    0x00, 0x00, 0x00, 0x28, 0x88, 0x88, 0x88, 0x84, 0x4f, 0xff, 0xff, 0xff, 0xf8, 0x4f, 0x80, 0x00,
    0x00, 0x00, 0x4f, 0x80, 0x00, 0x00, 0x00, 0x4f, 0x80, 0x00, 0x00, 0x00, 0x4f, 0x80, 0x00, 0x00,
    0x00, 0x4f, 0x94, 0x44, 0x44, 0x41, 0x4f, 0xff, 0xff, 0xff, 0xf4, 0x4f, 0xb8, 0x88, 0x88, 0x82,
    0x4f, 0x80, 0x00, 0x00, 0x00, 0x4f, 0x80, 0x00, 0x00, 0x00, 0x4f, 0x80, 0x00, 0x00, 0x00, 0x4f,
    0x80, 0x00, 0x00, 0x00, 0x4f, 0xdb, 0xbb, 0xbb, 0xb8, 0x4f, 0xff, 0xff, 0xff, 0xfb, 0x00, 0x00,
    0x00, 0x00, 0x00, 0x00, 0x02, 0xec, 0x00, 0x00, 0x00, 0x03, 0xfe, 0x00, 0x00, 0x00, 0x00, 0x32,
    0x00, 0x00, 0x00, 0x00, 0x00, 0x00, 0x00, 0x00, 0x7d, 0xff, 0xc5, 0x00, 0x09, 0xfd, 0x88, 0xdf,
    0x80, 0x4f, 0xa0, 0x00, 0x1d, 0xf2, 0xaf, 0x10, 0x00, 0x06, 0xf7, 0xec, 0x44, 0x44, 0x46, 0xfa,
    0xff, 0xff, 0xff, 0xff, 0xfb, 0xfc, 0x44, 0x44, 0x44, 0x43, 0xbf, 0x10, 0x00, 0x00, 0x00, 0x6f,
    0x90, 0x00, 0x07, 0xc4, 0x0b, 0xfb, 0x65, 0x9f, 0xe1, 0x01, 0x8f, 0xff, 0xfb, 0x20, 0x00, 0x00,
    0x44, 0x10, 0x00, 0x28, 0x88, 0x88, 0x88, 0x84, 0x04, 0xff, 0xff, 0xff, 0xff, 0x80, 0x4f, 0x80,
    0x00, 0x00, 0x00, 0x04, 0xf8, 0x00, 0x00, 0x00, 0x00, 0x4f, 0x80, 0x00, 0x00, 0x00, 0x04, 0xf8,
    0x00, 0x00, 0x00, 0x00, 0x4f, 0x94, 0x44, 0x44, 0x41, 0x04, 0xff, 0xff, 0xff, 0xff, 0x40, 0x4f,
    0xb8, 0x88, 0x88, 0x82, 0x04, 0xf8, 0x00, 0x00, 0x00, 0x00, 0x4f, 0x80, 0x00, 0x00, 0x00, 0x04,
    0xf8, 0x00, 0x00, 0x00, 0x00, 0x4f, 0x80, 0x00, 0x00, 0x00, 0x04, 0xfd, 0xbb, 0xbb, 0xbb, 0x80,
    0x4f, 0xff, 0xff, 0xff, 0xfb, 0x00, 0x00, 0x00, 0x01, 0xcd, 0x30, 0x00, 0x00, 0x00, 0x8f, 0x40,
    0x00, 0x00, 0x00, 0x0b, 0xf6, 0x50, 0x00, 0x00, 0x00, 0x5e, 0xff, 0x30, 0x00, 0x00, 0x00, 0x14,
    0x20, 0x00, 0x00, 0x00, 0x00, 0x00, 0x00, 0x7d, 0xff, 0xc5, 0x00, 0x09, 0xfd, 0x88, 0xdf, 0x80,
    0x4f, 0xa0, 0x00, 0x1d, 0xf2, 0xaf, 0x10, 0x00, 0x06, 0xf7, 0xec, 0x44, 0x44, 0x46, 0xfa, 0xff,
    0xff, 0xff, 0xff, 0xfb, 0xfc, 0x44, 0x44, 0x44, 0x43, 0xbf, 0x10, 0x00, 0x00, 0x00, 0x6f, 0x90,
    0x00, 0x07, 0xc4, 0x0b, 0xfb, 0x65, 0x9f, 0xf2, 0x01, 0x8f, 0xff, 0xff, 0x80, 0x00, 0x00, 0x45,
    0xec, 0x00, 0x00, 0x00, 0x07, 0xf5, 0x00, 0x00, 0x00, 0x08, 0xf8, 0x50, 0x00, 0x00, 0x04, 0xef,
    0xf4, 0x00, 0x00, 0x00, 0x14, 0x20, 0x00, 0x6b, 0x30, 0x8a, 0x10, 0x00, 0x0c, 0xd8, 0xf4, 0x00,
    0x00, 0x01, 0xab, 0x60, 0x00, 0x00, 0x00, 0x00, 0x00, 0x00, 0x28, 0x88, 0x88, 0x88, 0x84, 0x4f,
    0xff, 0xff, 0xff, 0xf8, 0x4f, 0x80, 0x00, 0x00, 0x00, 0x4f, 0x80, 0x00, 0x00, 0x00, 0x4f, 0x80,
    0x00, 0x00, 0x00, 0x4f, 0x80, 0x00, 0x00, 0x00, 0x4f, 0x94, 0x44, 0x44, 0x41, 0x4f, 0xff, 0xff,
    0xff, 0xf4, 0x4f, 0xb8, 0x88, 0x88, 0x82, 0x4f, 0x80, 0x00, 0x00, 0x00, 0x4f, 0x80, 0x00, 0x00,
    0x00, 0x4f, 0x80, 0x00, 0x00, 0x00, 0x4f, 0x80, 0x00, 0x00, 0x00, 0x4f, 0xdb, 0xbb, 0xbb, 0xb8,
    0x4f, 0xff, 0xff, 0xff, 0xfb, 0x01, 0x42, 0x00, 0x34, 0x00, 0x00, 0x9e, 0x35, 0xf7, 0x00, 0x00,
    0x1c, 0xce, 0x90, 0x00, 0x00, 0x01, 0x87, 0x00, 0x00, 0x00, 0x00, 0x00, 0x00, 0x00, 0x00, 0x7d,
    0xff, 0xc5, 0x00, 0x09, 0xfd, 0x88, 0xdf, 0x80, 0x4f, 0xa0, 0x00, 0x1d, 0xf2, 0xaf, 0x10, 0x00,
    0x06, 0xf7, 0xec, 0x44, 0x44, 0x46, 0xfa, 0xff, 0xff, 0xff, 0xff, 0xfb, 0xfc, 0x44, 0x44, 0x44,
    0x43, 0xbf, 0x10, 0x00, 0x00, 0x00, 0x6f, 0x90, 0x00, 0x07, 0xc4, 0x0b, 0xfb, 0x65, 0x9f, 0xe1,
    0x01, 0x8f, 0xff, 0xfb, 0x20, 0x00, 0x00, 0x44, 0x10, 0x00, 0x00, 0x00, 0x08, 0xb8, 0x00, 0x00,
    0x00, 0x00, 0x06, 0xf8, 0xe9, 0x00, 0x00, 0x00, 0x03, 0xb6, 0x05, 0xb5, 0x00, 0x00, 0x00, 0x00,
    0x00, 0x00, 0x00, 0x00, 0x00, 0x01, 0x6a, 0xbb, 0x72, 0x00, 0x00, 0x04, 0xef, 0xff, 0xff, 0xf7,
    0x00, 0x03, 0xff, 0x82, 0x01, 0x6e, 0xf7, 0x00, 0xdf, 0x60, 0x00, 0x00, 0x3e, 0xe2, 0x5f, 0x90,
    0x00, 0x00, 0x00, 0x8f, 0x78, 0xf5, 0x00, 0x00, 0x00, 0x00, 0x00, 0xbf, 0x10, 0x00, 0x00, 0x00,
    0x00, 0x0b, 0xf0, 0x00, 0x00, 0x44, 0x44, 0x43, 0xbf, 0x00, 0x00, 0x0f, 0xff, 0xff, 0xba, 0xf3,
    0x00, 0x00, 0x44, 0x47, 0xfb, 0x7f, 0x70, 0x00, 0x00, 0x00, 0x5f, 0x82, 0xfe, 0x10, 0x00, 0x00,
    0x0a, 0xf5, 0x08, 0xfc, 0x20, 0x00, 0x08, 0xfc, 0x00, 0x09, 0xff, 0xa8, 0x8d, 0xfe, 0x30, 0x00,
    0x06, 0xdf, 0xff, 0xe9, 0x10, 0x00, 0x00, 0x00, 0x14, 0x30, 0x00, 0x00, 0x00, 0x00, 0x43, 0x00,
    0x00, 0x00, 0x09, 0xef, 0x60, 0x00, 0x00, 0x6f, 0x58, 0xf4, 0x00, 0x01, 0x85, 0x00, 0x77, 0x00,
    0x00, 0x00, 0x00, 0x00, 0x00, 0x00, 0x8e, 0xff, 0x81, 0xfb, 0x09, 0xfd, 0x88, 0xd9, 0xfb, 0x6f,
    0xa0, 0x00, 0x1d, 0xfb, 0xaf, 0x20, 0x00, 0x06, 0xfb, 0xed, 0x00, 0x00, 0x01, 0xfb, 0xfb, 0x00,
    0x00, 0x00, 0xfb, 0xed, 0x00, 0x00, 0x01, 0xfb, 0xaf, 0x40, 0x00, 0x06, 0xfb, 0x5f, 0xc1, 0x00,
    0x3e, 0xfb, 0x09, 0xff, 0xbb, 0xf7, 0xfb, 0x00, 0x5a, 0xbb, 0x60, 0xfb, 0x00, 0x00, 0x00, 0x00,
    0xfb, 0x18, 0x30, 0x00, 0x06, 0xf8, 0x4f, 0xe8, 0x44, 0x8e, 0xe2, 0x04, 0xdf, 0xff, 0xfd, 0x30,
    0x00, 0x03, 0x44, 0x30, 0x00, 0x00, 0x03, 0xb1, 0x00, 0xb5, 0x00, 0x00, 0x00, 0x0d, 0xb5, 0xae,
    0x20, 0x00, 0x00, 0x00, 0x2a, 0xfb, 0x30, 0x00, 0x00, 0x00, 0x00, 0x00, 0x00, 0x00, 0x00, 0x00,
    0x01, 0x6a, 0xbb, 0x72, 0x00, 0x00, 0x04, 0xef, 0xff, 0xff, 0xf7, 0x00, 0x03, 0xff, 0x82, 0x01,
    0x6e, 0xf7, 0x00, 0xdf, 0x60, 0x00, 0x00, 0x3e, 0xe2, 0x5f, 0x90, 0x00, 0x00, 0x00, 0x8f, 0x78,
    0xf5, 0x00, 0x00, 0x00, 0x00, 0x00, 0xbf, 0x10, 0x00, 0x00, 0x00, 0x00, 0x0b, 0xf0, 0x00, 0x00,
    0x44, 0x44, 0x43, 0xbf, 0x00, 0x00, 0x0f, 0xff, 0xff, 0xba, 0xf3, 0x00, 0x00, 0x44, 0x47, 0xfb,
    0x7f, 0x70, 0x00, 0x00, 0x00, 0x5f, 0x82, 0xfe, 0x10, 0x00, 0x00, 0x0a, 0xf5, 0x08, 0xfc, 0x20,
    0x00, 0x08, 0xfc, 0x00, 0x09, 0xff, 0xa8, 0x8d, 0xfe, 0x30, 0x00, 0x06, 0xdf, 0xff, 0xe9, 0x10,
    0x00, 0x00, 0x00, 0x14, 0x30, 0x00, 0x00, 0x00, 0x41, 0x00, 0x23, 0x00, 0x00, 0xc8, 0x00, 0xb9,
    0x00, 0x00, 0x5f, 0xcc, 0xe3, 0x00, 0x00, 0x02, 0x88, 0x20, 0x00, 0x00, 0x00, 0x00, 0x00, 0x00,
    0x00, 0x8e, 0xff, 0x81, 0xfb, 0x09, 0xfd, 0x88, 0xd9, 0xfb, 0x6f, 0xa0, 0x00, 0x1d, 0xfb, 0xaf,
    0x20, 0x00, 0x06, 0xfb, 0xed, 0x00, 0x00, 0x01, 0xfb, 0xfb, 0x00, 0x00, 0x00, 0xfb, 0xed, 0x00,
    0x00, 0x01, 0xfb, 0xaf, 0x40, 0x00, 0x06, 0xfb, 0x5f, 0xc1, 0x00, 0x3e, 0xfb, 0x09, 0xff, 0xbb,
    0xf7, 0xfb, 0x00, 0x5a, 0xbb, 0x60, 0xfb, 0x00, 0x00, 0x00, 0x00, 0xfb, 0x18, 0x30, 0x00, 0x06,
    0xf8, 0x4f, 0xe8, 0x44, 0x8e, 0xe2, 0x04, 0xdf, 0xff, 0xfd, 0x30, 0x00, 0x03, 0x44, 0x30, 0x00,
    0x00, 0x00, 0x03, 0xa5, 0x00, 0x00, 0x00, 0x00, 0x00, 0x9f, 0xb0, 0x00, 0x00, 0x00, 0x00, 0x03,
    0xa5, 0x00, 0x00, 0x00, 0x00, 0x00, 0x00, 0x00, 0x00, 0x00, 0x00, 0x01, 0x6a, 0xbb, 0x72, 0x00,
    0x00, 0x04, 0xef, 0xff, 0xff, 0xf7, 0x00, 0x03, 0xff, 0x82, 0x01, 0x6e, 0xf7, 0x00, 0xdf, 0x60,
    0x00, 0x00, 0x3e, 0xe2, 0x5f, 0x90, 0x00, 0x00, 0x00, 0x8f, 0x78, 0xf5, 0x00, 0x00, 0x00, 0x00,
    0x00, 0xbf, 0x10, 0x00, 0x00, 0x00, 0x00, 0x0b, 0xf0, 0x00, 0x00, 0x44, 0x44, 0x43, 0xbf, 0x00,
    0x00, 0x0f, 0xff, 0xff, 0xba, 0xf3, 0x00, 0x00, 0x44, 0x47, 0xfb, 0x7f, 0x70, 0x00, 0x00, 0x00,
    0x5f, 0x82, 0xfe, 0x10, 0x00, 0x00, 0x0a, 0xf5, 0x08, 0xfc, 0x20, 0x00, 0x08, 0xfc, 0x00, 0x09,
    0xff, 0xa8, 0x8d, 0xfe, 0x30, 0x00, 0x06, 0xdf, 0xff, 0xe9, 0x10, 0x00, 0x00, 0x00, 0x14, 0x30,
    0x00, 0x00, 0x00, 0x00, 0x00, 0x00, 0x00, 0x00, 0x02, 0xec, 0x00, 0x00, 0x00, 0x03, 0xfe, 0x10,
    0x00, 0x00, 0x00, 0x32, 0x00, 0x00, 0x00, 0x00, 0x00, 0x00, 0x00, 0x00, 0x8e, 0xff, 0x81, 0xfb,
    0x09, 0xfd, 0x88, 0xd9, 0xfb, 0x6f, 0xa0, 0x00, 0x1d, 0xfb, 0xaf, 0x20, 0x00, 0x06, 0xfb, 0xed,
    0x00, 0x00, 0x01, 0xfb, 0xfb, 0x00, 0x00, 0x00, 0xfb, 0xed, 0x00, 0x00, 0x01, 0xfb, 0xaf, 0x40,
    0x00, 0x06, 0xfb, 0x5f, 0xc1, 0x00, 0x3e, 0xfb, 0x09, 0xff, 0xbb, 0xf7, 0xfb, 0x00, 0x5a, 0xbb,
    0x60, 0xfb, 0x00, 0x00, 0x00, 0x00, 0xfb, 0x18, 0x30, 0x00, 0x06, 0xf8, 0x4f, 0xe8, 0x44, 0x8e,
    0xe2, 0x04, 0xdf, 0xff, 0xfd, 0x30, 0x00, 0x03, 0x44, 0x30, 0x00, 0x00, 0x01, 0x6a, 0xbb, 0x72,
    0x00, 0x00, 0x04, 0xef, 0xff, 0xff, 0xf7, 0x00, 0x03, 0xff, 0x82, 0x01, 0x6e, 0xf7, 0x00, 0xdf,
    0x60, 0x00, 0x00, 0x3e, 0xe2, 0x5f, 0x90, 0x00, 0x00, 0x00, 0x8f, 0x78, 0xf5, 0x00, 0x00, 0x00,
    0x00, 0x00, 0xbf, 0x10, 0x00, 0x00, 0x00, 0x00, 0x0b, 0xf0, 0x00, 0x00, 0x44, 0x44, 0x43, 0xbf,
    0x00, 0x00, 0x0f, 0xff, 0xff, 0xba, 0xf3, 0x00, 0x00, 0x44, 0x47, 0xfb, 0x7f, 0x70, 0x00, 0x00,
    0x00, 0x5f, 0x82, 0xfe, 0x10, 0x00, 0x00, 0x0a, 0xf5, 0x08, 0xfc, 0x20, 0x00, 0x08, 0xfc, 0x00,
    0x09, 0xff, 0xa8, 0x8d, 0xfe, 0x30, 0x00, 0x06, 0xdf, 0xff, 0xe9, 0x10, 0x00, 0x00, 0x00, 0x14,
    0x30, 0x00, 0x00, 0x00, 0x00, 0x06, 0xb3, 0x00, 0x00, 0x00, 0x00, 0x00, 0xae, 0x00, 0x00, 0x00,
    0x00, 0x00, 0x0d, 0x90, 0x00, 0x00, 0x00, 0x00, 0x00, 0xb4, 0x00, 0x00, 0x00, 0x00, 0x00, 0x00,
    0x00, 0x00, 0x00, 0x00, 0x2e, 0x40, 0x00, 0x00, 0x00, 0x9e, 0x10, 0x00, 0x00, 0x00, 0xbb, 0x00,
    0x00, 0x00, 0x00, 0xbb, 0x00, 0x00, 0x00, 0x00, 0x00, 0x00, 0x00, 0x00, 0x8e, 0xff, 0x81, 0xfb,
    0x09, 0xfd, 0x88, 0xd9, 0xfb, 0x6f, 0xa0, 0x00, 0x1d, 0xfb, 0xaf, 0x20, 0x00, 0x06, 0xfb, 0xed,
    0x00, 0x00, 0x01, 0xfb, 0xfb, 0x00, 0x00, 0x00, 0xfb, 0xed, 0x00, 0x00, 0x01, 0xfb, 0xaf, 0x40,
    0x00, 0x06, 0xfb, 0x5f, 0xc1, 0x00, 0x3e, 0xfb, 0x09, 0xff, 0xbb, 0xf7, 0xfb, 0x00, 0x5a, 0xbb,
    0x60, 0xfb, 0x00, 0x00, 0x00, 0x00, 0xfb, 0x18, 0x30, 0x00, 0x06, 0xf8, 0x4f, 0xe8, 0x44, 0x8e,
    0xe2, 0x04, 0xdf, 0xff, 0xfd, 0x30, 0x00, 0x03, 0x44, 0x30, 0x00, 0x00, 0x00, 0x08, 0xb8, 0x00,
    0x00, 0x00, 0x00, 0x09, 0xe8, 0xf6, 0x00, 0x00, 0x00, 0x04, 0xb5, 0x06, 0xb3, 0x00, 0x00, 0x00,
    0x00, 0x00, 0x00, 0x00, 0x00, 0x28, 0x40, 0x00, 0x00, 0x00, 0x68, 0x04, 0xf8, 0x00, 0x00, 0x00,
    0x0b, 0xf0, 0x4f, 0x80, 0x00, 0x00, 0x00, 0xbf, 0x04, 0xf8, 0x00, 0x00, 0x00, 0x0b, 0xf0, 0x4f,
    0x80, 0x00, 0x00, 0x00, 0xbf, 0x04, 0xf8, 0x00, 0x00, 0x00, 0x0b, 0xf0, 0x4f, 0x94, 0x44, 0x44,
    0x44, 0xcf, 0x04, 0xff, 0xff, 0xff, 0xff, 0xff, 0xf0, 0x4f, 0xb8, 0x88, 0x88, 0x88, 0xdf, 0x04,
    0xf8, 0x00, 0x00, 0x00, 0x0b, 0xf0, 0x4f, 0x80, 0x00, 0x00, 0x00, 0xbf, 0x04, 0xf8, 0x00, 0x00,
    0x00, 0x0b, 0xf0, 0x4f, 0x80, 0x00, 0x00, 0x00, 0xbf, 0x04, 0xf8, 0x00, 0x00, 0x00, 0x0b, 0xf0,
    0x4f, 0x80, 0x00, 0x00, 0x00, 0xbf, 0x00, 0x00, 0x8b, 0x80, 0x00, 0x00, 0x00, 0x09, 0xe8, 0xf6,
    0x00, 0x00, 0x00, 0x4b, 0x50, 0x6b, 0x30, 0x00, 0x00, 0x00, 0x00, 0x00, 0x00, 0x00, 0x00, 0x00,
    0x48, 0x20, 0x00, 0x00, 0x00, 0x00, 0x8f, 0x40, 0x00, 0x00, 0x00, 0x00, 0x8f, 0x40, 0x00, 0x00,
    0x00, 0x00, 0x8f, 0x40, 0x00, 0x00, 0x00, 0x00, 0x8f, 0x48, 0xef, 0xe8, 0x10, 0x00, 0x8f, 0xae,
    0x88, 0xdf, 0xa0, 0x00, 0x8f, 0xd1, 0x00, 0x1d, 0xf2, 0x00, 0x8f, 0x70, 0x00, 0x08, 0xf4, 0x00,
    0x8f, 0x40, 0x00, 0x08, 0xf4, 0x00, 0x8f, 0x40, 0x00, 0x08, 0xf4, 0x00, 0x8f, 0x40, 0x00, 0x08,
    0xf4, 0x00, 0x8f, 0x40, 0x00, 0x08, 0xf4, 0x00, 0x8f, 0x40, 0x00, 0x08, 0xf4, 0x00, 0x8f, 0x40,
    0x00, 0x08, 0xf4, 0x00, 0x8f, 0x40, 0x00, 0x08, 0xf4, 0x00, 0x68, 0x00, 0x00, 0x00, 0x04, 0x84,
    0x00, 0x0b, 0xf0, 0x00, 0x00, 0x00, 0x8f, 0x80, 0x00, 0xbf, 0x00, 0x00, 0x00, 0x08, 0xf8, 0x00,
    0x8d, 0xf8, 0x88, 0x88, 0x88, 0xbf, 0xb4, 0x0f, 0xff, 0xff, 0xff, 0xff, 0xff, 0xff, 0x80, 0x0b,
    0xf0, 0x00, 0x00, 0x00, 0x8f, 0x80, 0x00, 0xbf, 0x44, 0x44, 0x44, 0x49, 0xf8, 0x00, 0x0b, 0xff,
    0xff, 0xff, 0xff, 0xff, 0x80, 0x00, 0xbf, 0x88, 0x88, 0x88, 0x8b, 0xf8, 0x00, 0x0b, 0xf0, 0x00,
    0x00, 0x00, 0x8f, 0x80, 0x00, 0xbf, 0x00, 0x00, 0x00, 0x08, 0xf8, 0x00, 0x0b, 0xf0, 0x00, 0x00,
    0x00, 0x8f, 0x80, 0x00, 0xbf, 0x00, 0x00, 0x00, 0x08, 0xf8, 0x00, 0x0b, 0xf0, 0x00, 0x00, 0x00,
    0x8f, 0x80, 0x00, 0xbf, 0x00, 0x00, 0x00, 0x08, 0xf8, 0x00, 0x04, 0x82, 0x00, 0x00, 0x00, 0x08,
    0xbf, 0x98, 0x84, 0x00, 0x00, 0xff, 0xff, 0xff, 0x80, 0x00, 0x00, 0x8f, 0x40, 0x00, 0x00, 0x00,
    0x08, 0xf4, 0x8e, 0xfe, 0x81, 0x00, 0x8f, 0xae, 0x88, 0xdf, 0xa0, 0x08, 0xfd, 0x10, 0x01, 0xdf,
    0x20, 0x8f, 0x70, 0x00, 0x08, 0xf4, 0x08, 0xf4, 0x00, 0x00, 0x8f, 0x40, 0x8f, 0x40, 0x00, 0x08,
    0xf4, 0x08, 0xf4, 0x00, 0x00, 0x8f, 0x40, 0x8f, 0x40, 0x00, 0x08, 0xf4, 0x08, 0xf4, 0x00, 0x00,
    0x8f, 0x40, 0x8f, 0x40, 0x00, 0x08, 0xf4, 0x08, 0xf4, 0x00, 0x00, 0x8f, 0x40, 0x03, 0x84, 0x06,
    0x40, 0xec, 0xfc, 0xe6, 0x18, 0x12, 0x87, 0x00, 0x00, 0x00, 0x00, 0x00, 0x28, 0x40, 0x00, 0x04,
    0xf8, 0x00, 0x00, 0x4f, 0x80, 0x00, 0x04, 0xf8, 0x00, 0x00, 0x4f, 0x80, 0x00, 0x04, 0xf8, 0x00,
    0x00, 0x4f, 0x80, 0x00, 0x04, 0xf8, 0x00, 0x00, 0x4f, 0x80, 0x00, 0x04, 0xf8, 0x00, 0x00, 0x4f,
    0x80, 0x00, 0x04, 0xf8, 0x00, 0x00, 0x4f, 0x80, 0x00, 0x04, 0xf8, 0x00, 0x00, 0x4f, 0x80, 0x00,
    0x0a, 0xd8, 0x2b, 0x35, 0xe7, 0xdf, 0xc0, 0x23, 0x00, 0x30, 0x00, 0x00, 0x00, 0x00, 0x00, 0x8f,
    0x40, 0x00, 0x08, 0xf4, 0x00, 0x00, 0x8f, 0x40, 0x00, 0x08, 0xf4, 0x00, 0x00, 0x8f, 0x40, 0x00,
    0x08, 0xf4, 0x00, 0x00, 0x8f, 0x40, 0x00, 0x08, 0xf4, 0x00, 0x00, 0x8f, 0x40, 0x00, 0x08, 0xf4,
    0x00, 0x00, 0x8f, 0x40, 0x00, 0x04, 0x44, 0x44, 0x20, 0xff, 0xff, 0xf8, 0x04, 0x44, 0x44, 0x20,
    0x00, 0x00, 0x00, 0x00, 0x28, 0x40, 0x00, 0x04, 0xf8, 0x00, 0x00, 0x4f, 0x80, 0x00, 0x04, 0xf8,
    0x00, 0x00, 0x4f, 0x80, 0x00, 0x04, 0xf8, 0x00, 0x00, 0x4f, 0x80, 0x00, 0x04, 0xf8, 0x00, 0x00,
    0x4f, 0x80, 0x00, 0x04, 0xf8, 0x00, 0x00, 0x4f, 0x80, 0x00, 0x04, 0xf8, 0x00, 0x00, 0x4f, 0x80,
    0x00, 0x04, 0xf8, 0x00, 0x00, 0x4f, 0x80, 0x00, 0x28, 0x88, 0x88, 0x23, 0xbb, 0xbb, 0xb3, 0x00,
    0x00, 0x00, 0x00, 0x00, 0x00, 0x00, 0x00, 0x8f, 0x40, 0x00, 0x08, 0xf4, 0x00, 0x00, 0x8f, 0x40,
    0x00, 0x08, 0xf4, 0x00, 0x00, 0x8f, 0x40, 0x00, 0x08, 0xf4, 0x00, 0x00, 0x8f, 0x40, 0x00, 0x08,
    0xf4, 0x00, 0x00, 0x8f, 0x40, 0x00, 0x08, 0xf4, 0x00, 0x00, 0x8f, 0x40, 0x00, 0x1b, 0x30, 0x09,
    0x60, 0xbc, 0x58, 0xf2, 0x01, 0x9e, 0xc5, 0x00, 0x00, 0x00, 0x00, 0x00, 0x28, 0x40, 0x00, 0x04,
    0xf8, 0x00, 0x00, 0x4f, 0x80, 0x00, 0x04, 0xf8, 0x00, 0x00, 0x4f, 0x80, 0x00, 0x04, 0xf8, 0x00,
    0x00, 0x4f, 0x80, 0x00, 0x04, 0xf8, 0x00, 0x00, 0x4f, 0x80, 0x00, 0x04, 0xf8, 0x00, 0x00, 0x4f,
    0x80, 0x00, 0x04, 0xf8, 0x00, 0x00, 0x4f, 0x80, 0x00, 0x04, 0xf8, 0x00, 0x00, 0x4f, 0x80, 0x00,
    0x24, 0x00, 0x04, 0x15, 0xf1, 0x04, 0xf3, 0x0c, 0xeb, 0xe9, 0x00, 0x06, 0x86, 0x00, 0x00, 0x00,
    0x00, 0x00, 0x08, 0xf4, 0x00, 0x00, 0x8f, 0x40, 0x00, 0x08, 0xf4, 0x00, 0x00, 0x8f, 0x40, 0x00,
    0x08, 0xf4, 0x00, 0x00, 0x8f, 0x40, 0x00, 0x08, 0xf4, 0x00, 0x00, 0x8f, 0x40, 0x00, 0x08, 0xf4,
    0x00, 0x00, 0x8f, 0x40, 0x00, 0x08, 0xf4, 0x00, 0x02, 0x84, 0x00, 0x4f, 0x80, 0x04, 0xf8, 0x00,
    0x4f, 0x80, 0x04, 0xf8, 0x00, 0x4f, 0x80, 0x04, 0xf8, 0x00, 0x4f, 0x80, 0x04, 0xf8, 0x00, 0x4f,
    0x80, 0x04, 0xf8, 0x00, 0x4f, 0x80, 0x04, 0xf8, 0x00, 0x4f, 0x80, 0x04, 0xf8, 0x01, 0xcc, 0x20,
    0x9f, 0x20, 0x0b, 0xf5, 0x40, 0x6f, 0xff, 0x10, 0x24, 0x20, 0x00, 0x00, 0x00, 0x08, 0xf6, 0x00,
    0xaf, 0x90, 0x01, 0x40, 0x00, 0x00, 0x00, 0x08, 0xf4, 0x00, 0x8f, 0x40, 0x08, 0xf4, 0x00, 0x8f,
    0x40, 0x08, 0xf4, 0x00, 0x8f, 0x40, 0x08, 0xf4, 0x00, 0x8f, 0x40, 0x08, 0xf4, 0x00, 0x8f, 0x40,
    0x08, 0xf4, 0x03, 0xe9, 0x10, 0xdc, 0x00, 0x0f, 0xd4, 0x30, 0x9f, 0xfc, 0x00, 0x34, 0x10, 0x19,
    0x58, 0xfd, 0x19, 0x50, 0x00, 0x28, 0x44, 0xf8, 0x4f, 0x84, 0xf8, 0x4f, 0x84, 0xf8, 0x4f, 0x84,
    0xf8, 0x4f, 0x84, 0xf8, 0x4f, 0x84, 0xf8, 0x4f, 0x84, 0xf8, 0x4f, 0x80, 0x8f, 0x48, 0xf4, 0x8f,
    0x48, 0xf4, 0x8f, 0x48, 0xf4, 0x8f, 0x48, 0xf4, 0x8f, 0x48, 0xf4, 0x8f, 0x40, 0x28, 0x40, 0x00,
    0x00, 0x00, 0x00, 0x68, 0x04, 0xf8, 0x00, 0x00, 0x00, 0x00, 0x0b, 0xf0, 0x4f, 0x80, 0x00, 0x00,
    0x00, 0x00, 0xbf, 0x04, 0xf8, 0x00, 0x00, 0x00, 0x00, 0x0b, 0xf0, 0x4f, 0x80, 0x00, 0x00, 0x00,
    0x00, 0xbf, 0x04, 0xf8, 0x00, 0x00, 0x00, 0x00, 0x0b, 0xf0, 0x4f, 0x80, 0x00, 0x00, 0x00, 0x00,
    0xbf, 0x04, 0xf8, 0x00, 0x00, 0x00, 0x00, 0x0b, 0xf0, 0x4f, 0x80, 0x00, 0x00, 0x00, 0x00, 0xbf,
    0x04, 0xf8, 0x00, 0x00, 0x00, 0x00, 0x0b, 0xf0, 0x4f, 0x80, 0x0b, 0xf4, 0x00, 0x00, 0xbf, 0x04,
    0xf8, 0x00, 0x9f, 0x40, 0x00, 0x0d, 0xf0, 0x4f, 0x80, 0x06, 0xfa, 0x00, 0x04, 0xfc, 0x04, 0xf8,
    0x00, 0x1c, 0xfb, 0x88, 0xef, 0x50, 0x4f, 0x80, 0x00, 0x1b, 0xff, 0xfd, 0x50, 0x00, 0x00, 0x00,
    0x00, 0x01, 0x42, 0x00, 0x00, 0x00, 0x00, 0x00, 0x00, 0x8f, 0x60, 0x0a, 0xf5, 0xaf, 0x90, 0x0d,
    0xf7, 0x14, 0x00, 0x01, 0x40, 0x00, 0x00, 0x00, 0x00, 0x8f, 0x40, 0x08, 0xf4, 0x8f, 0x40, 0x08,
    0xf4, 0x8f, 0x40, 0x08, 0xf4, 0x8f, 0x40, 0x08, 0xf4, 0x8f, 0x40, 0x08, 0xf4, 0x8f, 0x40, 0x08,
    0xf4, 0x8f, 0x40, 0x08, 0xf4, 0x8f, 0x40, 0x08, 0xf4, 0x8f, 0x40, 0x08, 0xf4, 0x8f, 0x40, 0x08,
    0xf4, 0x8f, 0x40, 0x08, 0xf4, 0x00, 0x00, 0x08, 0xf4, 0x00, 0x00, 0x0c, 0xf1, 0x00, 0x04, 0x9f,
    0xb0, 0x00, 0x08, 0xfb, 0x30, 0x00, 0x00, 0x00, 0x00, 0x00, 0x00, 0x00, 0x06, 0xba, 0x10, 0x00,
    0x00, 0x00, 0x6f, 0x7d, 0xb0, 0x00, 0x00, 0x01, 0xa8, 0x03, 0xb6, 0x00, 0x00, 0x00, 0x00, 0x00,
    0x00, 0x00, 0x00, 0x00, 0x02, 0x86, 0x00, 0x00, 0x00, 0x00, 0x04, 0xfb, 0x00, 0x00, 0x00, 0x00,
    0x04, 0xfb, 0x00, 0x00, 0x00, 0x00, 0x04, 0xfb, 0x00, 0x00, 0x00, 0x00, 0x04, 0xfb, 0x00, 0x00,
    0x00, 0x00, 0x04, 0xfb, 0x00, 0x00, 0x00, 0x00, 0x04, 0xfb, 0x00, 0x00, 0x00, 0x00, 0x04, 0xfb,
    0x00, 0x00, 0x00, 0x00, 0x04, 0xfb, 0x00, 0x00, 0x00, 0x00, 0x04, 0xfb, 0x00, 0x0f, 0xb0, 0x00,
    0x04, 0xfb, 0x00, 0x0f, 0xd0, 0x00, 0x04, 0xf9, 0x00, 0x0c, 0xf4, 0x00, 0x0a, 0xf7, 0x00, 0x05,
    0xfe, 0x88, 0xbf, 0xd1, 0x00, 0x00, 0x5d, 0xff, 0xfb, 0x20, 0x00, 0x00, 0x00, 0x24, 0x10, 0x00,
    0x00, 0x00, 0x24, 0x10, 0x00, 0x3e, 0xec, 0x10, 0x1c, 0xc2, 0xec, 0x05, 0x81, 0x03, 0x83, 0x00,
    0x00, 0x00, 0x00, 0x08, 0xf4, 0x00, 0x00, 0x8f, 0x40, 0x00, 0x08, 0xf4, 0x00, 0x00, 0x8f, 0x40,
    0x00, 0x08, 0xf4, 0x00, 0x00, 0x8f, 0x40, 0x00, 0x08, 0xf4, 0x00, 0x00, 0x8f, 0x40, 0x00, 0x08,
    0xf4, 0x00, 0x00, 0x8f, 0x40, 0x00, 0x08, 0xf4, 0x00, 0x00, 0x8f, 0x40, 0x00, 0x08, 0xf4, 0x00,
    0x28, 0xfe, 0x00, 0x04, 0xfd, 0x30, 0x00, 0x00, 0x00, 0x00, 0x00, 0x28, 0x40, 0x00, 0x00, 0x07,
    0x85, 0x4f, 0x80, 0x00, 0x00, 0x9f, 0xc1, 0x4f, 0x80, 0x00, 0x06, 0xfc, 0x10, 0x4f, 0x80, 0x00,
    0x6f, 0xe2, 0x00, 0x4f, 0x80, 0x06, 0xfe, 0x30, 0x00, 0x4f, 0x80, 0x3f, 0xe3, 0x00, 0x00, 0x4f,
    0x83, 0xef, 0x30, 0x00, 0x00, 0x4f, 0x8d, 0xff, 0x80, 0x00, 0x00, 0x4f, 0xff, 0x5d, 0xf4, 0x00,
    0x00, 0x4f, 0xf6, 0x04, 0xfd, 0x10, 0x00, 0x4f, 0x80, 0x00, 0x8f, 0xa0, 0x00, 0x4f, 0x80, 0x00,
    0x0c, 0xf6, 0x00, 0x4f, 0x80, 0x00, 0x02, 0xee, 0x20, 0x4f, 0x80, 0x00, 0x00, 0x6f, 0xc0, 0x4f,
    0x80, 0x00, 0x00, 0x0a, 0xf8, 0x00, 0x00, 0x00, 0x00, 0x00, 0x00, 0x00, 0x00, 0x2b, 0x70, 0x00,
    0x00, 0x00, 0x00, 0x5f, 0x50, 0x00, 0x00, 0x00, 0x00, 0x8e, 0x00, 0x00, 0x00, 0x00, 0x00, 0x88,
    0x00, 0x00, 0x00, 0x48, 0x20, 0x00, 0x00, 0x00, 0x8f, 0x40, 0x00, 0x00, 0x00, 0x8f, 0x40, 0x00,
    0x00, 0x00, 0x8f, 0x40, 0x00, 0x00, 0x00, 0x8f, 0x40, 0x00, 0x3e, 0xc1, 0x8f, 0x40, 0x03, 0xec,
    0x10, 0x8f, 0x40, 0x3e, 0xe2, 0x00, 0x8f, 0x43, 0xee, 0x30, 0x00, 0x8f, 0x7e, 0xe3, 0x00, 0x00,
    0x8f, 0xff, 0xf6, 0x00, 0x00, 0x8f, 0xc3, 0xee, 0x30, 0x00, 0x8f, 0x40, 0x5f, 0xd1, 0x00, 0x8f,
    0x40, 0x08, 0xfb, 0x00, 0x8f, 0x40, 0x00, 0xbf, 0x80, 0x8f, 0x40, 0x00, 0x1d, 0xf5, 0x00, 0x00,
    0x00, 0x00, 0x00, 0x00, 0x04, 0xb5, 0x00, 0x00, 0x00, 0x08, 0xf2, 0x00, 0x00, 0x00, 0x0b, 0xc0,
    0x00, 0x00, 0x00, 0x0b, 0x60, 0x00, 0x00, 0x8f, 0x40, 0x00, 0x4f, 0xc1, 0x8f, 0x40, 0x02, 0xee,
    0x20, 0x8f, 0x40, 0x1c, 0xe3, 0x00, 0x8f, 0x40, 0x9f, 0x60, 0x00, 0x8f, 0x47, 0xf7, 0x00, 0x00,
    0x8f, 0xff, 0xb0, 0x00, 0x00, 0x8f, 0x7a, 0xf6, 0x00, 0x00, 0x8f, 0x41, 0xce, 0x30, 0x00, 0x8f,
    0x40, 0x2e, 0xe2, 0x00, 0x8f, 0x40, 0x04, 0xfc, 0x10, 0x8f, 0x40, 0x00, 0x6f, 0xb0, 0x00, 0xaa,
    0x00, 0x00, 0x00, 0x06, 0xf5, 0x00, 0x00, 0x00, 0x0d, 0xa0, 0x00, 0x00, 0x00, 0x00, 0x00, 0x00,
    0x00, 0x00, 0x28, 0x40, 0x00, 0x00, 0x00, 0x4f, 0x80, 0x00, 0x00, 0x00, 0x4f, 0x80, 0x00, 0x00,
    0x00, 0x4f, 0x80, 0x00, 0x00, 0x00, 0x4f, 0x80, 0x00, 0x00, 0x00, 0x4f, 0x80, 0x00, 0x00, 0x00,
    0x4f, 0x80, 0x00, 0x00, 0x00, 0x4f, 0x80, 0x00, 0x00, 0x00, 0x4f, 0x80, 0x00, 0x00, 0x00, 0x4f,
    0x80, 0x00, 0x00, 0x00, 0x4f, 0x80, 0x00, 0x00, 0x00, 0x4f, 0x80, 0x00, 0x00, 0x00, 0x4f, 0x80,
    0x00, 0x00, 0x00, 0x4f, 0xdb, 0xbb, 0xbb, 0xb3, 0x4f, 0xff, 0xff, 0xff, 0xf4, 0x02, 0xb8, 0x09,
    0xe2, 0x2f, 0x70, 0x00, 0x00, 0x48, 0x20, 0x8f, 0x40, 0x8f, 0x40, 0x8f, 0x40, 0x8f, 0x40, 0x8f,
    0x40, 0x8f, 0x40, 0x8f, 0x40, 0x8f, 0x40, 0x8f, 0x40, 0x8f, 0x40, 0x8f, 0x40, 0x8f, 0x40, 0x8f,
    0x40, 0x8f, 0x40, 0x28, 0x40, 0x00, 0x00, 0x00, 0x4f, 0x80, 0x00, 0x00, 0x00, 0x4f, 0x80, 0x00,
    0x00, 0x00, 0x4f, 0x80, 0x00, 0x00, 0x00, 0x4f, 0x80, 0x00, 0x00, 0x00, 0x4f, 0x80, 0x00, 0x00,
    0x00, 0x4f, 0x80, 0x00, 0x00, 0x00, 0x4f, 0x80, 0x00, 0x00, 0x00, 0x4f, 0x80, 0x00, 0x00, 0x00,
    0x4f, 0x80, 0x00, 0x00, 0x00, 0x4f, 0x80, 0x00, 0x00, 0x00, 0x4f, 0x80, 0x00, 0x00, 0x00, 0x4f,
    0x80, 0x00, 0x00, 0x00, 0x4f, 0xdb, 0xbb, 0xbb, 0xb3, 0x4f, 0xff, 0xff, 0xff, 0xf4, 0x00, 0x00,
    0x00, 0x00, 0x00, 0x00, 0x00, 0xb8, 0x00, 0x00, 0x00, 0x03, 0xf7, 0x00, 0x00, 0x00, 0x06, 0xf2,
    0x00, 0x00, 0x00, 0x06, 0x90, 0x00, 0x00, 0x04, 0x82, 0x08, 0xf4, 0x08, 0xf4, 0x08, 0xf4, 0x08,
    0xf4, 0x08, 0xf4, 0x08, 0xf4, 0x08, 0xf4, 0x08, 0xf4, 0x08, 0xf4, 0x08, 0xf4, 0x08, 0xf4, 0x08,
    0xf4, 0x08, 0xf4, 0x08, 0xf4, 0x00, 0x00, 0x07, 0xb2, 0x0c, 0xd0, 0x0f, 0x70, 0x3b, 0x20, 0x00,
    0x00, 0x04, 0x30, 0x00, 0x28, 0x40, 0x0f, 0xb0, 0x00, 0x4f, 0x80, 0x0f, 0x80, 0x00, 0x4f, 0x80,
    0x0f, 0x80, 0x00, 0x4f, 0x80, 0x08, 0x20, 0x00, 0x4f, 0x80, 0x00, 0x00, 0x00, 0x4f, 0x80, 0x00,
    0x00, 0x00, 0x4f, 0x80, 0x00, 0x00, 0x00, 0x4f, 0x80, 0x00, 0x00, 0x00, 0x4f, 0x80, 0x00, 0x00,
    0x00, 0x4f, 0x80, 0x00, 0x00, 0x00, 0x4f, 0x80, 0x00, 0x00, 0x00, 0x4f, 0x80, 0x00, 0x00, 0x00,
    0x4f, 0x80, 0x00, 0x00, 0x00, 0x4f, 0xdb, 0xbb, 0xbb, 0xb3, 0x4f, 0xff, 0xff, 0xff, 0xf4, 0x00,
    0x01, 0x42, 0x48, 0x24, 0xf5, 0x8f, 0x44, 0xf4, 0x8f, 0x44, 0xf1, 0x8f, 0x42, 0x80, 0x8f, 0x40,
    0x00, 0x8f, 0x40, 0x00, 0x8f, 0x40, 0x00, 0x8f, 0x40, 0x00, 0x8f, 0x40, 0x00, 0x8f, 0x40, 0x00,
    0x8f, 0x40, 0x00, 0x8f, 0x40, 0x00, 0x8f, 0x40, 0x00, 0x8f, 0x40, 0x00, 0x8f, 0x40, 0x00, 0x28,
    0x40, 0x00, 0x00, 0x00, 0x4f, 0x80, 0x00, 0x00, 0x00, 0x4f, 0x80, 0x00, 0x00, 0x00, 0x4f, 0x80,
    0x00, 0x00, 0x00, 0x4f, 0x80, 0x00, 0x00, 0x00, 0x4f, 0x80, 0x06, 0x50, 0x00, 0x4f, 0x80, 0x4f,
    0xf2, 0x00, 0x4f, 0x80, 0x1a, 0xa0, 0x00, 0x4f, 0x80, 0x00, 0x00, 0x00, 0x4f, 0x80, 0x00, 0x00,
    0x00, 0x4f, 0x80, 0x00, 0x00, 0x00, 0x4f, 0x80, 0x00, 0x00, 0x00, 0x4f, 0x80, 0x00, 0x00, 0x00,
    0x4f, 0xdb, 0xbb, 0xbb, 0xb3, 0x4f, 0xff, 0xff, 0xff, 0xf4, 0x48, 0x20, 0x00, 0x08, 0xf4, 0x00,
    0x00, 0x8f, 0x40, 0x00, 0x08, 0xf4, 0x00, 0x00, 0x8f, 0x40, 0x00, 0x08, 0xf4, 0x00, 0x00, 0x8f,
    0x41, 0x76, 0x08, 0xf4, 0x7f, 0xf3, 0x8f, 0x43, 0xec, 0x18, 0xf4, 0x00, 0x00, 0x8f, 0x40, 0x00,
    0x08, 0xf4, 0x00, 0x00, 0x8f, 0x40, 0x00, 0x08, 0xf4, 0x00, 0x00, 0x8f, 0x40, 0x00, 0x00, 0x00,
    0x68, 0x20, 0x00, 0x00, 0x00, 0x0b, 0xf4, 0x00, 0x00, 0x00, 0x00, 0xbf, 0x40, 0x00, 0x00, 0x00,
    0x0b, 0xf4, 0x00, 0x00, 0x00, 0x00, 0xbf, 0x40, 0x59, 0x00, 0x00, 0x0b, 0xf6, 0xbf, 0xb0, 0x00,
    0x00, 0xbf, 0xff, 0x81, 0x00, 0x00, 0x7e, 0xfa, 0x20, 0x00, 0x00, 0x8f, 0xff, 0x40, 0x00, 0x00,
    0x07, 0x7b, 0xf4, 0x00, 0x00, 0x00, 0x00, 0xbf, 0x40, 0x00, 0x00, 0x00, 0x0b, 0xf4, 0x00, 0x00,
    0x00, 0x00, 0xbf, 0x40, 0x00, 0x00, 0x00, 0x0b, 0xfc, 0xbb, 0xbb, 0xbb, 0x00, 0xbf, 0xff, 0xff,
    0xff, 0xf0, 0x00, 0x48, 0x20, 0x00, 0x8f, 0x40, 0x00, 0x8f, 0x40, 0x00, 0x8f, 0x40, 0x00, 0x8f,
    0x7b, 0x00, 0x8f, 0xfc, 0x07, 0xef, 0x80, 0x0f, 0xdf, 0x40, 0x02, 0x8f, 0x40, 0x00, 0x8f, 0x40,
    0x00, 0x8f, 0x40, 0x00, 0x8f, 0x40, 0x00, 0x8f, 0x40, 0x00, 0x8f, 0x40, 0x00, 0x8f, 0x40, 0x00,
    0x00, 0x00, 0x1b, 0x80, 0x00, 0x00, 0x00, 0x00, 0x08, 0xf4, 0x00, 0x00, 0x00, 0x00, 0x01, 0xe8,
    0x00, 0x00, 0x00, 0x00, 0x00, 0x00, 0x00, 0x00, 0x00, 0x28, 0x81, 0x00, 0x00, 0x00, 0x48, 0x24,
    0xff, 0x90, 0x00, 0x00, 0x08, 0xf4, 0x4f, 0xff, 0x40, 0x00, 0x00, 0x8f, 0x44, 0xf9, 0xed, 0x00,
    0x00, 0x08, 0xf4, 0x4f, 0x88, 0xf8, 0x00, 0x00, 0x8f, 0x44, 0xf8, 0x1d, 0xf3, 0x00, 0x08, 0xf4,
    0x4f, 0x80, 0x5f, 0xb0, 0x00, 0x8f, 0x44, 0xf8, 0x00, 0xaf, 0x70, 0x08, 0xf4, 0x4f, 0x80, 0x01,
    0xee, 0x20, 0x8f, 0x44, 0xf8, 0x00, 0x07, 0xfa, 0x08, 0xf4, 0x4f, 0x80, 0x00, 0x0b, 0xf5, 0x8f,
    0x44, 0xf8, 0x00, 0x00, 0x2f, 0xd8, 0xf4, 0x4f, 0x80, 0x00, 0x00, 0x8f, 0xdf, 0x44, 0xf8, 0x00,
    0x00, 0x00, 0xcf, 0xf4, 0x4f, 0x80, 0x00, 0x00, 0x04, 0xff, 0x40, 0x00, 0x00, 0x02, 0x42, 0x00,
    0x00, 0x00, 0x0d, 0xe1, 0x00, 0x00, 0x00, 0x5f, 0x50, 0x00, 0x00, 0x00, 0x88, 0x00, 0x00, 0x00,
    0x00, 0x00, 0x00, 0x00, 0x8f, 0x48, 0xef, 0xe8, 0x10, 0x8f, 0xae, 0x88, 0xdf, 0x90, 0x8f, 0xd1,
    0x00, 0x1d, 0xf1, 0x8f, 0x70, 0x00, 0x08, 0xf4, 0x8f, 0x40, 0x00, 0x08, 0xf4, 0x8f, 0x40, 0x00,
    0x08, 0xf4, 0x8f, 0x40, 0x00, 0x08, 0xf4, 0x8f, 0x40, 0x00, 0x08, 0xf4, 0x8f, 0x40, 0x00, 0x08,
    0xf4, 0x8f, 0x40, 0x00, 0x08, 0xf4, 0x8f, 0x40, 0x00, 0x08, 0xf4, 0x28, 0x81, 0x00, 0x00, 0x00,
    0x48, 0x24, 0xff, 0x90, 0x00, 0x00, 0x08, 0xf4, 0x4f, 0xff, 0x40, 0x00, 0x00, 0x8f, 0x44, 0xf9,
    0xed, 0x00, 0x00, 0x08, 0xf4, 0x4f, 0x88, 0xf8, 0x00, 0x00, 0x8f, 0x44, 0xf8, 0x1d, 0xf3, 0x00,
    0x08, 0xf4, 0x4f, 0x80, 0x5f, 0xb0, 0x00, 0x8f, 0x44, 0xf8, 0x00, 0xaf, 0x70, 0x08, 0xf4, 0x4f,
    0x80, 0x01, 0xee, 0x20, 0x8f, 0x44, 0xf8, 0x00, 0x07, 0xfa, 0x08, 0xf4, 0x4f, 0x80, 0x00, 0x0b,
    0xf5, 0x8f, 0x44, 0xf8, 0x00, 0x00, 0x2f, 0xd8, 0xf4, 0x4f, 0x80, 0x00, 0x00, 0x8f, 0xdf, 0x44,
    0xf8, 0x00, 0x00, 0x00, 0xcf, 0xf4, 0x4f, 0x80, 0x00, 0x00, 0x04, 0xff, 0x40, 0x00, 0x00, 0x00,
    0x00, 0x00, 0x00, 0x00, 0x00, 0x06, 0xb3, 0x00, 0x00, 0x00, 0x00, 0x00, 0xae, 0x00, 0x00, 0x00,
    0x00, 0x00, 0x0d, 0x90, 0x00, 0x00, 0x00, 0x00, 0x01, 0xb4, 0x00, 0x00, 0x00, 0x00, 0x00, 0x00,
    0x00, 0x00, 0x8f, 0x48, 0xef, 0xe8, 0x10, 0x8f, 0xae, 0x88, 0xdf, 0x90, 0x8f, 0xd1, 0x00, 0x1d,
    0xf1, 0x8f, 0x70, 0x00, 0x08, 0xf4, 0x8f, 0x40, 0x00, 0x08, 0xf4, 0x8f, 0x40, 0x00, 0x08, 0xf4,
    0x8f, 0x40, 0x00, 0x08, 0xf4, 0x8f, 0x40, 0x00, 0x08, 0xf4, 0x8f, 0x40, 0x00, 0x08, 0xf4, 0x8f,
    0x40, 0x00, 0x08, 0xf4, 0x8f, 0x40, 0x00, 0x08, 0xf4, 0x00, 0x00, 0x00, 0x00, 0x00, 0x00, 0x01,
    0xb8, 0x00, 0x00, 0x00, 0x05, 0xf5, 0x00, 0x00, 0x00, 0x08, 0xe0, 0x00, 0x00, 0x00, 0x08, 0x80,
    0x00, 0x00, 0x00, 0x03, 0xb6, 0x06, 0xb3, 0x00, 0x00, 0x00, 0x08, 0xf7, 0xe9, 0x00, 0x00, 0x00,
    0x00, 0x08, 0xb8, 0x00, 0x00, 0x00, 0x00, 0x00, 0x00, 0x00, 0x00, 0x00, 0x28, 0x81, 0x00, 0x00,
    0x00, 0x48, 0x24, 0xff, 0x90, 0x00, 0x00, 0x08, 0xf4, 0x4f, 0xff, 0x40, 0x00, 0x00, 0x8f, 0x44,
    0xf9, 0xed, 0x00, 0x00, 0x08, 0xf4, 0x4f, 0x88, 0xf8, 0x00, 0x00, 0x8f, 0x44, 0xf8, 0x1d, 0xf3,
    0x00, 0x08, 0xf4, 0x4f, 0x80, 0x5f, 0xb0, 0x00, 0x8f, 0x44, 0xf8, 0x00, 0xaf, 0x70, 0x08, 0xf4,
    0x4f, 0x80, 0x01, 0xee, 0x20, 0x8f, 0x44, 0xf8, 0x00, 0x07, 0xfa, 0x08, 0xf4, 0x4f, 0x80, 0x00,
    0x0b, 0xf5, 0x8f, 0x44, 0xf8, 0x00, 0x00, 0x2f, 0xd8, 0xf4, 0x4f, 0x80, 0x00, 0x00, 0x8f, 0xdf,
    0x44, 0xf8, 0x00, 0x00, 0x00, 0xcf, 0xf4, 0x4f, 0x80, 0x00, 0x00, 0x04, 0xff, 0x40, 0x01, 0x42,
    0x00, 0x34, 0x00, 0x00, 0x9e, 0x35, 0xf8, 0x00, 0x00, 0x0c, 0xce, 0x90, 0x00, 0x00, 0x01, 0x87,
    0x00, 0x00, 0x00, 0x00, 0x00, 0x00, 0x00, 0x8f, 0x48, 0xef, 0xe8, 0x10, 0x8f, 0xae, 0x88, 0xdf,
    0x90, 0x8f, 0xd1, 0x00, 0x1d, 0xf1, 0x8f, 0x70, 0x00, 0x08, 0xf4, 0x8f, 0x40, 0x00, 0x08, 0xf4,
    0x8f, 0x40, 0x00, 0x08, 0xf4, 0x8f, 0x40, 0x00, 0x08, 0xf4, 0x8f, 0x40, 0x00, 0x08, 0xf4, 0x8f,
    0x40, 0x00, 0x08, 0xf4, 0x8f, 0x40, 0x00, 0x08, 0xf4, 0x8f, 0x40, 0x00, 0x08, 0xf4, 0x00, 0x7b,
    0x70, 0x00, 0x00, 0x00, 0x03, 0xfd, 0x10, 0x00, 0x00, 0x00, 0x0c, 0xf3, 0x00, 0x00, 0x00, 0x00,
    0x00, 0x00, 0x00, 0x00, 0x00, 0x00, 0x00, 0x00, 0x00, 0x14, 0x20, 0x00, 0x00, 0x4f, 0xb6, 0xff,
    0xfb, 0x10, 0x00, 0x4f, 0xde, 0x88, 0xdf, 0xb0, 0x00, 0x4f, 0xf3, 0x00, 0x1e, 0xf3, 0x00, 0x4f,
    0xb0, 0x00, 0x0b, 0xf4, 0x00, 0x4f, 0xb0, 0x00, 0x0b, 0xf4, 0x00, 0x4f, 0xb0, 0x00, 0x0b, 0xf4,
    0x00, 0x4f, 0xb0, 0x00, 0x0b, 0xf4, 0x00, 0x4f, 0xb0, 0x00, 0x0b, 0xf4, 0x00, 0x4f, 0xb0, 0x00,
    0x0b, 0xf4, 0x00, 0x4f, 0xb0, 0x00, 0x0b, 0xf4, 0x00, 0x4f, 0xb0, 0x00, 0x0b, 0xf4, 0x28, 0x81,
    0x00, 0x00, 0x00, 0x48, 0x24, 0xff, 0x90, 0x00, 0x00, 0x08, 0xf4, 0x4f, 0xff, 0x40, 0x00, 0x00,
    0x8f, 0x44, 0xf9, 0xed, 0x00, 0x00, 0x08, 0xf4, 0x4f, 0x88, 0xf8, 0x00, 0x00, 0x8f, 0x44, 0xf8,
    0x1d, 0xf3, 0x00, 0x08, 0xf4, 0x4f, 0x80, 0x5f, 0xb0, 0x00, 0x8f, 0x44, 0xf8, 0x00, 0xaf, 0x70,
    0x08, 0xf4, 0x4f, 0x80, 0x01, 0xee, 0x20, 0x8f, 0x44, 0xf8, 0x00, 0x07, 0xfa, 0x08, 0xf4, 0x4f,
    0x80, 0x00, 0x0b, 0xf5, 0x8f, 0x44, 0xf8, 0x00, 0x00, 0x2f, 0xd8, 0xf4, 0x4f, 0x80, 0x00, 0x00,
    0x8f, 0xdf, 0x44, 0xf8, 0x00, 0x00, 0x00, 0xcf, 0xf5, 0x4f, 0x80, 0x00, 0x00, 0x04, 0xff, 0x80,
    0x00, 0x00, 0x00, 0x00, 0x08, 0xf8, 0x00, 0x00, 0x00, 0x00, 0x00, 0x8f, 0x80, 0x00, 0x00, 0x00,
    0x04, 0x8c, 0xf5, 0x00, 0x00, 0x00, 0x00, 0x8f, 0xf9, 0x00, 0x00, 0x00, 0x00, 0x01, 0x41, 0x00,
    0x00, 0x00, 0x00, 0x00, 0x00, 0x8f, 0x48, 0xef, 0xe8, 0x10, 0x8f, 0xae, 0x88, 0xdf, 0x90, 0x8f,
    0xd1, 0x00, 0x1d, 0xf1, 0x8f, 0x70, 0x00, 0x08, 0xf4, 0x8f, 0x40, 0x00, 0x08, 0xf4, 0x8f, 0x40,
    0x00, 0x08, 0xf4, 0x8f, 0x40, 0x00, 0x08, 0xf4, 0x8f, 0x40, 0x00, 0x08, 0xf4, 0x8f, 0x40, 0x00,
    0x08, 0xf4, 0x8f, 0x40, 0x00, 0x08, 0xf4, 0x8f, 0x40, 0x00, 0x08, 0xf4, 0x00, 0x00, 0x00, 0x08,
    0xf4, 0x00, 0x00, 0x00, 0x08, 0xf4, 0x00, 0x00, 0x04, 0x8c, 0xf3, 0x00, 0x00, 0x08, 0xff, 0x80,
    0x00, 0x00, 0x01, 0x40, 0x00, 0x00, 0x00, 0x44, 0x44, 0x41, 0x00, 0x00, 0x00, 0x00, 0xff, 0xff,
    0xf4, 0x00, 0x00, 0x00, 0x00, 0x44, 0x44, 0x41, 0x00, 0x00, 0x00, 0x00, 0x00, 0x00, 0x00, 0x00,
    0x00, 0x00, 0x01, 0x6a, 0xbb, 0x72, 0x00, 0x00, 0x00, 0x3d, 0xff, 0xff, 0xff, 0x70, 0x00, 0x03,
    0xef, 0x82, 0x01, 0x6e, 0xf7, 0x00, 0x0c, 0xf6, 0x00, 0x00, 0x01, 0xef, 0x20, 0x5f, 0x90, 0x00,
    0x00, 0x00, 0x6f, 0x90, 0x8f, 0x50, 0x00, 0x00, 0x00, 0x0f, 0xd0, 0xbf, 0x10, 0x00, 0x00, 0x00,
    0x0b, 0xf0, 0xbf, 0x00, 0x00, 0x00, 0x00, 0x0b, 0xf0, 0xbf, 0x00, 0x00, 0x00, 0x00, 0x0b, 0xf0,
    0xaf, 0x30, 0x00, 0x00, 0x00, 0x0d, 0xf0, 0x7f, 0x70, 0x00, 0x00, 0x00, 0x2f, 0xa0, 0x1f, 0xe1,
    0x00, 0x00, 0x00, 0xaf, 0x60, 0x08, 0xfc, 0x20, 0x00, 0x09, 0xfc, 0x00, 0x00, 0x9f, 0xfa, 0x88,
    0xdf, 0xc1, 0x00, 0x00, 0x06, 0xdf, 0xff, 0xe8, 0x10, 0x00, 0x00, 0x00, 0x01, 0x43, 0x00, 0x00,
    0x00, 0x00, 0x68, 0x88, 0x86, 0x00, 0x00, 0x8b, 0xbb, 0xb8, 0x00, 0x00, 0x00, 0x00, 0x00, 0x00,
    0x00, 0x00, 0x00, 0x00, 0x00, 0x00, 0x6d, 0xff, 0xd6, 0x00, 0x09, 0xfd, 0x88, 0xdf, 0x90, 0x4f,
    0xc1, 0x00, 0x1c, 0xf4, 0xaf, 0x30, 0x00, 0x03, 0xfa, 0xee, 0x00, 0x00, 0x00, 0xee, 0xfb, 0x00,
    0x00, 0x00, 0xbf, 0xfd, 0x00, 0x00, 0x00, 0xdf, 0xbf, 0x20, 0x00, 0x02, 0xfb, 0x6f, 0xa0, 0x00,
    0x0a, 0xf6, 0x0b, 0xfb, 0x66, 0xbf, 0xb0, 0x01, 0x8f, 0xff, 0xf8, 0x10, 0x00, 0x00, 0x44, 0x00,
    0x00, 0x00, 0x02, 0xb3, 0x00, 0x96, 0x00, 0x00, 0x00, 0x00, 0xcc, 0x5a, 0xf2, 0x00, 0x00, 0x00,
    0x00, 0x1a, 0xec, 0x40, 0x00, 0x00, 0x00, 0x00, 0x00, 0x00, 0x00, 0x00, 0x00, 0x00, 0x01, 0x6a,
    0xbb, 0x72, 0x00, 0x00, 0x00, 0x3d, 0xff, 0xff, 0xff, 0x70, 0x00, 0x03, 0xef, 0x82, 0x01, 0x6e,
    0xf7, 0x00, 0x0c, 0xf6, 0x00, 0x00, 0x01, 0xef, 0x20, 0x5f, 0x90, 0x00, 0x00, 0x00, 0x6f, 0x90,
    0x8f, 0x50, 0x00, 0x00, 0x00, 0x0f, 0xd0, 0xbf, 0x10, 0x00, 0x00, 0x00, 0x0b, 0xf0, 0xbf, 0x00,
    0x00, 0x00, 0x00, 0x0b, 0xf0, 0xbf, 0x00, 0x00, 0x00, 0x00, 0x0b, 0xf0, 0xaf, 0x30, 0x00, 0x00,
    0x00, 0x0d, 0xf0, 0x7f, 0x70, 0x00, 0x00, 0x00, 0x2f, 0xa0, 0x1f, 0xe1, 0x00, 0x00, 0x00, 0xaf,
    0x60, 0x08, 0xfc, 0x20, 0x00, 0x09, 0xfc, 0x00, 0x00, 0x9f, 0xfa, 0x88, 0xdf, 0xc1, 0x00, 0x00,
    0x06, 0xdf, 0xff, 0xe8, 0x10, 0x00, 0x00, 0x00, 0x01, 0x43, 0x00, 0x00, 0x00, 0x00, 0x32, 0x00,
    0x23, 0x00, 0x00, 0xba, 0x00, 0xaa, 0x00, 0x00, 0x4f, 0xcc, 0xe3, 0x00, 0x00, 0x02, 0x88, 0x20,
    0x00, 0x00, 0x00, 0x00, 0x00, 0x00, 0x00, 0x6d, 0xff, 0xd6, 0x00, 0x09, 0xfd, 0x88, 0xdf, 0x90,
    0x4f, 0xc1, 0x00, 0x1c, 0xf4, 0xaf, 0x30, 0x00, 0x03, 0xfa, 0xee, 0x00, 0x00, 0x00, 0xee, 0xfb,
    0x00, 0x00, 0x00, 0xbf, 0xfd, 0x00, 0x00, 0x00, 0xdf, 0xbf, 0x20, 0x00, 0x02, 0xfb, 0x6f, 0xa0,
    0x00, 0x0a, 0xf6, 0x0b, 0xfb, 0x66, 0xbf, 0xb0, 0x01, 0x8f, 0xff, 0xf8, 0x10, 0x00, 0x00, 0x44,
    0x00, 0x00, 0x00, 0x00, 0x6b, 0x40, 0xaa, 0x10, 0x00, 0x00, 0x00, 0xdd, 0x06, 0xf5, 0x00, 0x00,
    0x00, 0x04, 0xf4, 0x1e, 0x80, 0x00, 0x00, 0x00, 0x00, 0x00, 0x00, 0x00, 0x00, 0x00, 0x00, 0x01,
    0x6a, 0xbb, 0x72, 0x00, 0x00, 0x00, 0x3d, 0xff, 0xff, 0xff, 0x70, 0x00, 0x03, 0xef, 0x82, 0x01,
    0x6e, 0xf7, 0x00, 0x0c, 0xf6, 0x00, 0x00, 0x01, 0xef, 0x20, 0x5f, 0x90, 0x00, 0x00, 0x00, 0x6f,
    0x90, 0x8f, 0x50, 0x00, 0x00, 0x00, 0x0f, 0xd0, 0xbf, 0x10, 0x00, 0x00, 0x00, 0x0b, 0xf0, 0xbf,
    0x00, 0x00, 0x00, 0x00, 0x0b, 0xf0, 0xbf, 0x00, 0x00, 0x00, 0x00, 0x0b, 0xf0, 0xaf, 0x30, 0x00,
    0x00, 0x00, 0x0d, 0xf0, 0x7f, 0x70, 0x00, 0x00, 0x00, 0x2f, 0xa0, 0x1f, 0xe1, 0x00, 0x00, 0x00,
    0xaf, 0x60, 0x08, 0xfc, 0x20, 0x00, 0x09, 0xfc, 0x00, 0x00, 0x9f, 0xfa, 0x88, 0xdf, 0xc1, 0x00,
    0x00, 0x06, 0xdf, 0xff, 0xe8, 0x10, 0x00, 0x00, 0x00, 0x01, 0x43, 0x00, 0x00, 0x00, 0x00, 0x04,
    0x40, 0x14, 0x20, 0x00, 0x4f, 0x80, 0xae, 0x30, 0x00, 0x9e, 0x14, 0xf6, 0x00, 0x00, 0xb5, 0x08,
    0x80, 0x00, 0x00, 0x00, 0x00, 0x00, 0x00, 0x00, 0x6d, 0xff, 0xd6, 0x00, 0x09, 0xfd, 0x88, 0xdf,
    0x90, 0x4f, 0xc1, 0x00, 0x1c, 0xf4, 0xaf, 0x30, 0x00, 0x03, 0xfa, 0xee, 0x00, 0x00, 0x00, 0xee,
    0xfb, 0x00, 0x00, 0x00, 0xbf, 0xfd, 0x00, 0x00, 0x00, 0xdf, 0xbf, 0x20, 0x00, 0x02, 0xfb, 0x6f,
    0xa0, 0x00, 0x0a, 0xf6, 0x0b, 0xfb, 0x66, 0xbf, 0xb0, 0x01, 0x8f, 0xff, 0xf8, 0x10, 0x00, 0x00,
    0x44, 0x00, 0x00, 0x00, 0x00, 0x37, 0x88, 0x88, 0x88, 0x88, 0x88, 0x86, 0x00, 0x2b, 0xff, 0xff,
    0xff, 0xff, 0xff, 0xff, 0xfb, 0x02, 0xef, 0x94, 0x10, 0x4f, 0xb0, 0x00, 0x00, 0x00, 0x0b, 0xf6,
    0x00, 0x00, 0x4f, 0xb0, 0x00, 0x00, 0x00, 0x4f, 0xb0, 0x00, 0x00, 0x4f, 0xb0, 0x00, 0x00, 0x00,
    0x8f, 0x50, 0x00, 0x00, 0x4f, 0xb0, 0x00, 0x00, 0x00, 0xbf, 0x10, 0x00, 0x00, 0x4f, 0xc4, 0x44,
    0x44, 0x41, 0xbf, 0x00, 0x00, 0x00, 0x4f, 0xff, 0xff, 0xff, 0xf4, 0xbf, 0x00, 0x00, 0x00, 0x4f,
    0xd8, 0x88, 0x88, 0x82, 0xaf, 0x30, 0x00, 0x00, 0x4f, 0xb0, 0x00, 0x00, 0x00, 0x6f, 0x80, 0x00,
    0x00, 0x4f, 0xb0, 0x00, 0x00, 0x00, 0x1e, 0xe2, 0x00, 0x00, 0x4f, 0xb0, 0x00, 0x00, 0x00, 0x06,
    0xfc, 0x40, 0x00, 0x4f, 0xb0, 0x00, 0x00, 0x00, 0x00, 0x6f, 0xfc, 0xbb, 0xcf, 0xeb, 0xbb, 0xbb,
    0xb8, 0x00, 0x03, 0x9e, 0xff, 0xff, 0xff, 0xff, 0xff, 0xfb, 0x00, 0x00, 0x00, 0x00, 0x00, 0x00,
    0x00, 0x00, 0x00, 0x00, 0x06, 0xdf, 0xfd, 0x60, 0x04, 0xbf, 0xfd, 0x81, 0x00, 0x09, 0xfd, 0x88,
    0xdf, 0x95, 0xfe, 0x88, 0xbf, 0xc0, 0x04, 0xfc, 0x10, 0x01, 0xcf, 0xee, 0x20, 0x00, 0x9f, 0x70,
    0xaf, 0x30, 0x00, 0x03, 0xff, 0x60, 0x00, 0x01, 0xfc, 0x0e, 0xe0, 0x00, 0x00, 0x0e, 0xf7, 0x44,
    0x44, 0x4c, 0xf0, 0xfb, 0x00, 0x00, 0x00, 0xbf, 0xff, 0xff, 0xff, 0xff, 0x0f, 0xd0, 0x00, 0x00,
    0x0d, 0xf7, 0x44, 0x44, 0x44, 0x40, 0xbf, 0x20, 0x00, 0x02, 0xff, 0x60, 0x00, 0x00, 0x00, 0x06,
    0xfa, 0x00, 0x00, 0xaf, 0xfd, 0x10, 0x00, 0x3d, 0x80, 0x0b, 0xfb, 0x66, 0xbf, 0xb6, 0xfd, 0x74,
    0x8e, 0xf5, 0x00, 0x18, 0xff, 0xff, 0x81, 0x05, 0xdf, 0xff, 0xd5, 0x00, 0x00, 0x00, 0x44, 0x00,
    0x00, 0x00, 0x34, 0x30, 0x00, 0x00, 0x00, 0x00, 0x04, 0xb7, 0x00, 0x00, 0x00, 0x00, 0x0a, 0xe1,
    0x00, 0x00, 0x00, 0x00, 0x2f, 0x50, 0x00, 0x00, 0x00, 0x00, 0x00, 0x00, 0x00, 0x00, 0x28, 0x88,
    0x88, 0x86, 0x10, 0x00, 0x4f, 0xff, 0xff, 0xff, 0xe5, 0x00, 0x4f, 0x80, 0x00, 0x27, 0xee, 0x20,
    0x4f, 0x80, 0x00, 0x00, 0x8f, 0x80, 0x4f, 0x80, 0x00, 0x00, 0x4f, 0xb0, 0x4f, 0x80, 0x00, 0x00,
    0x4f, 0xa0, 0x4f, 0x80, 0x00, 0x00, 0x8f, 0x70, 0x4f, 0x94, 0x44, 0x59, 0xfe, 0x10, 0x4f, 0xff,
    0xff, 0xff, 0xb3, 0x00, 0x4f, 0x94, 0x44, 0xdf, 0x40, 0x00, 0x4f, 0x80, 0x00, 0x4f, 0xc0, 0x00,
    0x4f, 0x80, 0x00, 0x0b, 0xf6, 0x00, 0x4f, 0x80, 0x00, 0x04, 0xfd, 0x00, 0x4f, 0x80, 0x00, 0x00,
    0xaf, 0x80, 0x4f, 0x80, 0x00, 0x00, 0x2f, 0xe1, 0x00, 0x01, 0x43, 0x00, 0x00, 0x9f, 0x40, 0x00,
    0x1e, 0x80, 0x00, 0x05, 0xa1, 0x00, 0x00, 0x00, 0x00, 0x08, 0xf4, 0x8f, 0xf0, 0x8f, 0xbe, 0xbb,
    0x08, 0xfd, 0x10, 0x00, 0x8f, 0x60, 0x00, 0x08, 0xf4, 0x00, 0x00, 0x8f, 0x40, 0x00, 0x08, 0xf4,
    0x00, 0x00, 0x8f, 0x40, 0x00, 0x08, 0xf4, 0x00, 0x00, 0x8f, 0x40, 0x00, 0x08, 0xf4, 0x00, 0x00,
    0x28, 0x88, 0x88, 0x86, 0x10, 0x00, 0x4f, 0xff, 0xff, 0xff, 0xe5, 0x00, 0x4f, 0x80, 0x00, 0x27,
    0xee, 0x20, 0x4f, 0x80, 0x00, 0x00, 0x8f, 0x80, 0x4f, 0x80, 0x00, 0x00, 0x4f, 0xb0, 0x4f, 0x80,
    0x00, 0x00, 0x4f, 0xa0, 0x4f, 0x80, 0x00, 0x00, 0x8f, 0x70, 0x4f, 0x94, 0x44, 0x59, 0xfe, 0x10,
    0x4f, 0xff, 0xff, 0xff, 0xb3, 0x00, 0x4f, 0x94, 0x44, 0xdf, 0x40, 0x00, 0x4f, 0x80, 0x00, 0x4f,
    0xc0, 0x00, 0x4f, 0x80, 0x00, 0x0b, 0xf6, 0x00, 0x4f, 0x80, 0x00, 0x04, 0xfd, 0x00, 0x4f, 0x80,
    0x00, 0x00, 0xaf, 0x80, 0x4f, 0x80, 0x00, 0x00, 0x2f, 0xe1, 0x00, 0x00, 0x00, 0x00, 0x00, 0x00,
    0x00, 0x00, 0x5b, 0x40, 0x00, 0x00, 0x00, 0x00, 0x8f, 0x10, 0x00, 0x00, 0x00, 0x00, 0xca, 0x00,
    0x00, 0x00, 0x00, 0x00, 0xb5, 0x00, 0x00, 0x00, 0x00, 0x00, 0x00, 0x00, 0x08, 0xf4, 0x8f, 0xf0,
    0x08, 0xfb, 0xeb, 0xb0, 0x08, 0xfd, 0x10, 0x00, 0x08, 0xf6, 0x00, 0x00, 0x08, 0xf4, 0x00, 0x00,
    0x08, 0xf4, 0x00, 0x00, 0x08, 0xf4, 0x00, 0x00, 0x08, 0xf4, 0x00, 0x00, 0x08, 0xf4, 0x00, 0x00,
    0x08, 0xf4, 0x00, 0x00, 0x08, 0xf4, 0x00, 0x00, 0x00, 0x00, 0x00, 0x00, 0x07, 0xb2, 0x00, 0x00,
    0x0c, 0xd0, 0x00, 0x00, 0x0f, 0x70, 0x00, 0x00, 0x3b, 0x20, 0x00, 0x00, 0x00, 0x6b, 0x40, 0x8b,
    0x20, 0x00, 0x00, 0x09, 0xe8, 0xf6, 0x00, 0x00, 0x00, 0x00, 0xab, 0x70, 0x00, 0x00, 0x00, 0x00,
    0x00, 0x00, 0x00, 0x00, 0x28, 0x88, 0x88, 0x86, 0x10, 0x00, 0x4f, 0xff, 0xff, 0xff, 0xe5, 0x00,
    0x4f, 0x80, 0x00, 0x27, 0xee, 0x20, 0x4f, 0x80, 0x00, 0x00, 0x8f, 0x80, 0x4f, 0x80, 0x00, 0x00,
    0x4f, 0xb0, 0x4f, 0x80, 0x00, 0x00, 0x4f, 0xa0, 0x4f, 0x80, 0x00, 0x00, 0x8f, 0x70, 0x4f, 0x94,
    0x44, 0x59, 0xfe, 0x10, 0x4f, 0xff, 0xff, 0xff, 0xb3, 0x00, 0x4f, 0x94, 0x44, 0xdf, 0x40, 0x00,
    0x4f, 0x80, 0x00, 0x4f, 0xc0, 0x00, 0x4f, 0x80, 0x00, 0x0b, 0xf6, 0x00, 0x4f, 0x80, 0x00, 0x04,
    0xfd, 0x00, 0x4f, 0x80, 0x00, 0x00, 0xaf, 0x80, 0x4f, 0x80, 0x00, 0x00, 0x2f, 0xe1, 0x43, 0x00,
    0x24, 0x16, 0xf6, 0x1e, 0xb0, 0x08, 0xec, 0xc1, 0x00, 0x07, 0x81, 0x00, 0x00, 0x00, 0x00, 0x08,
    0xf4, 0x8f, 0xf0, 0x8f, 0xbe, 0xbb, 0x08, 0xfd, 0x10, 0x00, 0x8f, 0x60, 0x00, 0x08, 0xf4, 0x00,
    0x00, 0x8f, 0x40, 0x00, 0x08, 0xf4, 0x00, 0x00, 0x8f, 0x40, 0x00, 0x08, 0xf4, 0x00, 0x00, 0x8f,
    0x40, 0x00, 0x08, 0xf4, 0x00, 0x00, 0x00, 0x00, 0x02, 0xb8, 0x00, 0x00, 0x00, 0x00, 0x9e, 0x20,
    0x00, 0x00, 0x00, 0x2f, 0x70, 0x00, 0x00, 0x00, 0x00, 0x00, 0x00, 0x00, 0x00, 0x17, 0xab, 0xa7,
    0x10, 0x00, 0x3e, 0xff, 0xff, 0xfe, 0x30, 0x1e, 0xf7, 0x00, 0x06, 0xee, 0x16, 0xf8, 0x00, 0x00,
    0x08, 0xf7, 0x8f, 0x60, 0x00, 0x00, 0x00, 0x03, 0xfc, 0x10, 0x00, 0x00, 0x00, 0x09, 0xfe, 0x95,
    0x00, 0x00, 0x00, 0x07, 0xdf, 0xff, 0xa4, 0x00, 0x00, 0x00, 0x38, 0xcf, 0xf9, 0x00, 0x00, 0x00,
    0x00, 0x2c, 0xf6, 0x00, 0x00, 0x00, 0x00, 0x3f, 0xa8, 0xb1, 0x00, 0x00, 0x03, 0xfa, 0x8f, 0x90,
    0x00, 0x00, 0xaf, 0x71, 0xef, 0xc8, 0x88, 0xdf, 0xc0, 0x01, 0x9f, 0xff, 0xfe, 0x81, 0x00, 0x00,
    0x04, 0x44, 0x00, 0x00, 0x00, 0x00, 0x04, 0x40, 0x00, 0x00, 0x06, 0xf8, 0x00, 0x00, 0x00, 0xdc,
    0x00, 0x00, 0x00, 0x2b, 0x30, 0x00, 0x00, 0x00, 0x00, 0x00, 0x00, 0x3a, 0xff, 0xf9, 0x10, 0x2e,
    0xe8, 0x89, 0xfc, 0x08, 0xf5, 0x00, 0x08, 0xc3, 0x8f, 0x50, 0x00, 0x00, 0x04, 0xfe, 0x85, 0x10,
    0x00, 0x05, 0xdf, 0xff, 0xb4, 0x00, 0x00, 0x26, 0x9f, 0xf2, 0x00, 0x00, 0x00, 0x7f, 0x8a, 0xd1,
    0x00, 0x06, 0xf8, 0x8f, 0xc6, 0x48, 0xee, 0x20, 0x8e, 0xff, 0xfb, 0x30, 0x00, 0x04, 0x42, 0x00,
    0x00, 0x00, 0x00, 0x9b, 0x80, 0x00, 0x00, 0x00, 0x9e, 0x8f, 0x60, 0x00, 0x00, 0x5b, 0x50, 0x7b,
    0x30, 0x00, 0x00, 0x00, 0x00, 0x00, 0x00, 0x00, 0x17, 0xab, 0xa7, 0x10, 0x00, 0x3e, 0xff, 0xff,
    0xfe, 0x30, 0x1e, 0xf7, 0x00, 0x06, 0xee, 0x16, 0xf8, 0x00, 0x00, 0x08, 0xf7, 0x8f, 0x60, 0x00,
    0x00, 0x00, 0x03, 0xfc, 0x10, 0x00, 0x00, 0x00, 0x09, 0xfe, 0x95, 0x00, 0x00, 0x00, 0x07, 0xdf,
    0xff, 0xa4, 0x00, 0x00, 0x00, 0x38, 0xcf, 0xf9, 0x00, 0x00, 0x00, 0x00, 0x2c, 0xf6, 0x00, 0x00,
    0x00, 0x00, 0x3f, 0xa8, 0xb1, 0x00, 0x00, 0x03, 0xfa, 0x8f, 0x90, 0x00, 0x00, 0xaf, 0x71, 0xef,
    0xc8, 0x88, 0xdf, 0xc0, 0x01, 0x9f, 0xff, 0xfe, 0x81, 0x00, 0x00, 0x04, 0x44, 0x00, 0x00, 0x00,
    0x02, 0x41, 0x00, 0x00, 0x03, 0xee, 0xc1, 0x00, 0x01, 0xcc, 0x1e, 0xb0, 0x00, 0x58, 0x10, 0x38,
    0x30, 0x00, 0x00, 0x00, 0x00, 0x00, 0x3a, 0xff, 0xf9, 0x10, 0x2e, 0xe8, 0x89, 0xfc, 0x08, 0xf5,
    0x00, 0x08, 0xc3, 0x8f, 0x50, 0x00, 0x00, 0x04, 0xfe, 0x85, 0x10, 0x00, 0x05, 0xdf, 0xff, 0xb4,
    0x00, 0x00, 0x26, 0x9f, 0xf2, 0x00, 0x00, 0x00, 0x7f, 0x8a, 0xd1, 0x00, 0x06, 0xf8, 0x8f, 0xc6,
    0x48, 0xee, 0x20, 0x8e, 0xff, 0xfb, 0x30, 0x00, 0x04, 0x42, 0x00, 0x00, 0x00, 0x17, 0xab, 0xa7,
    0x10, 0x00, 0x3e, 0xff, 0xff, 0xfe, 0x30, 0x1e, 0xf7, 0x00, 0x06, 0xee, 0x16, 0xf8, 0x00, 0x00,
    0x08, 0xf7, 0x8f, 0x60, 0x00, 0x00, 0x00, 0x03, 0xfc, 0x10, 0x00, 0x00, 0x00, 0x09, 0xfe, 0x95,
    0x00, 0x00, 0x00, 0x07, 0xdf, 0xff, 0xa4, 0x00, 0x00, 0x00, 0x38, 0xcf, 0xf9, 0x00, 0x00, 0x00,
    0x00, 0x2c, 0xf6, 0x00, 0x00, 0x00, 0x00, 0x3f, 0xa8, 0xb1, 0x00, 0x00, 0x03, 0xfa, 0x8f, 0x90,
    0x00, 0x00, 0xaf, 0x71, 0xef, 0xc8, 0x88, 0xdf, 0xc0, 0x01, 0x9f, 0xff, 0xfe, 0x81, 0x00, 0x00,
    0x06, 0xf5, 0x00, 0x00, 0x00, 0x00, 0x3b, 0xe8, 0x00, 0x00, 0x00, 0x00, 0x08, 0xb0, 0x00, 0x00,
    0x00, 0xbf, 0xe6, 0x00, 0x00, 0x00, 0x00, 0x00, 0x00, 0x00, 0x00, 0x00, 0x00, 0x00, 0x00, 0x3a,
    0xff, 0xf9, 0x10, 0x2e, 0xe8, 0x89, 0xfc, 0x08, 0xf5, 0x00, 0x08, 0xc3, 0x8f, 0x50, 0x00, 0x00,
    0x04, 0xfe, 0x85, 0x10, 0x00, 0x05, 0xdf, 0xff, 0xb4, 0x00, 0x00, 0x26, 0x9f, 0xf2, 0x00, 0x00,
    0x00, 0x7f, 0x8a, 0xd1, 0x00, 0x06, 0xf8, 0x8f, 0xc6, 0x48, 0xee, 0x20, 0x8e, 0xff, 0xfb, 0x30,
    0x00, 0x07, 0xd3, 0x00, 0x00, 0x00, 0x3b, 0xf7, 0x00, 0x00, 0x00, 0x0a, 0xb0, 0x00, 0x00, 0xbf,
    0xe5, 0x00, 0x00, 0x00, 0x00, 0x00, 0x00, 0x00, 0x5b, 0x50, 0x7b, 0x30, 0x00, 0x00, 0x9e, 0x8f,
    0x60, 0x00, 0x00, 0x00, 0x9b, 0x80, 0x00, 0x00, 0x00, 0x00, 0x00, 0x00, 0x00, 0x00, 0x17, 0xab,
    0xa7, 0x10, 0x00, 0x3e, 0xff, 0xff, 0xfe, 0x30, 0x1e, 0xf7, 0x00, 0x06, 0xee, 0x16, 0xf8, 0x00,
    0x00, 0x08, 0xf7, 0x8f, 0x60, 0x00, 0x00, 0x00, 0x03, 0xfc, 0x10, 0x00, 0x00, 0x00, 0x09, 0xfe,
    0x95, 0x00, 0x00, 0x00, 0x07, 0xdf, 0xff, 0xa4, 0x00, 0x00, 0x00, 0x38, 0xcf, 0xf9, 0x00, 0x00,
    0x00, 0x00, 0x2c, 0xf6, 0x00, 0x00, 0x00, 0x00, 0x3f, 0xa8, 0xb1, 0x00, 0x00, 0x03, 0xfa, 0x8f,
    0x90, 0x00, 0x00, 0xaf, 0x71, 0xef, 0xc8, 0x88, 0xdf, 0xc0, 0x01, 0x9f, 0xff, 0xfe, 0x81, 0x00,
    0x00, 0x04, 0x44, 0x00, 0x00, 0x03, 0x40, 0x01, 0x42, 0x00, 0x3e, 0x90, 0xcd, 0x10, 0x00, 0x6f,
    0xbe, 0x30, 0x00, 0x00, 0x58, 0x30, 0x00, 0x00, 0x00, 0x00, 0x00, 0x00, 0x3a, 0xff, 0xf9, 0x10,
    0x2e, 0xe8, 0x89, 0xfc, 0x08, 0xf5, 0x00, 0x08, 0xc3, 0x8f, 0x50, 0x00, 0x00, 0x04, 0xfe, 0x85,
    0x10, 0x00, 0x05, 0xdf, 0xff, 0xb4, 0x00, 0x00, 0x26, 0x9f, 0xf2, 0x00, 0x00, 0x00, 0x7f, 0x8a,
    0xd1, 0x00, 0x06, 0xf8, 0x8f, 0xc6, 0x48, 0xee, 0x20, 0x8e, 0xff, 0xfb, 0x30, 0x00, 0x04, 0x42,
    0x00, 0x00, 0x08, 0x88, 0x88, 0x88, 0x88, 0x88, 0x0f, 0xff, 0xff, 0xff, 0xff, 0xff, 0x00, 0x00,
    0x08, 0xf8, 0x00, 0x00, 0x00, 0x00, 0x08, 0xf8, 0x00, 0x00, 0x00, 0x00, 0x08, 0xf8, 0x00, 0x00,
    0x00, 0x00, 0x08, 0xf8, 0x00, 0x00, 0x00, 0x00, 0x08, 0xf8, 0x00, 0x00, 0x00, 0x00, 0x08, 0xf8,
    0x00, 0x00, 0x00, 0x00, 0x08, 0xf8, 0x00, 0x00, 0x00, 0x00, 0x08, 0xf8, 0x00, 0x00, 0x00, 0x00,
    0x08, 0xf8, 0x00, 0x00, 0x00, 0x00, 0x08, 0xf8, 0x00, 0x00, 0x00, 0x00, 0x08, 0xf8, 0x00, 0x00,
    0x00, 0x00, 0x08, 0xf8, 0x00, 0x00, 0x00, 0x00, 0x08, 0xf8, 0x00, 0x00, 0x00, 0x00, 0x01, 0xf1,
    0x00, 0x00, 0x00, 0x00, 0x03, 0xbe, 0x80, 0x00, 0x00, 0x00, 0x00, 0x08, 0xb0, 0x00, 0x00, 0x00,
    0x08, 0xff, 0x60, 0x00, 0x00, 0x00, 0x00, 0x00, 0x00, 0x00, 0x02, 0x84, 0x00, 0x00, 0x4f, 0x80,
    0x00, 0x04, 0xf8, 0x00, 0x0b, 0xff, 0xff, 0xb0, 0x69, 0xfb, 0x86, 0x00, 0x4f, 0x80, 0x00, 0x04,
    0xf8, 0x00, 0x00, 0x4f, 0x80, 0x00, 0x04, 0xf8, 0x00, 0x00, 0x4f, 0x80, 0x00, 0x04, 0xf8, 0x00,
    0x00, 0x3f, 0x90, 0x00, 0x00, 0xee, 0x87, 0x00, 0x04, 0xdf, 0xf1, 0x00, 0x05, 0xd1, 0x00, 0x00,
    0x6b, 0xf5, 0x00, 0x00, 0x0c, 0x80, 0x00, 0xff, 0xe3, 0x00, 0x00, 0x00, 0x00, 0x00, 0x03, 0xb6,
    0x06, 0xb3, 0x00, 0x00, 0x00, 0x9e, 0x7f, 0x80, 0x00, 0x00, 0x00, 0x08, 0xb8, 0x00, 0x00, 0x00,
    0x00, 0x00, 0x00, 0x00, 0x00, 0x08, 0x88, 0x88, 0x88, 0x88, 0x88, 0x0f, 0xff, 0xff, 0xff, 0xff,
    0xff, 0x00, 0x00, 0x08, 0xf8, 0x00, 0x00, 0x00, 0x00, 0x08, 0xf8, 0x00, 0x00, 0x00, 0x00, 0x08,
    0xf8, 0x00, 0x00, 0x00, 0x00, 0x08, 0xf8, 0x00, 0x00, 0x00, 0x00, 0x08, 0xf8, 0x00, 0x00, 0x00,
    0x00, 0x08, 0xf8, 0x00, 0x00, 0x00, 0x00, 0x08, 0xf8, 0x00, 0x00, 0x00, 0x00, 0x08, 0xf8, 0x00,
    0x00, 0x00, 0x00, 0x08, 0xf8, 0x00, 0x00, 0x00, 0x00, 0x08, 0xf8, 0x00, 0x00, 0x00, 0x00, 0x08,
    0xf8, 0x00, 0x00, 0x00, 0x00, 0x08, 0xf8, 0x00, 0x00, 0x00, 0x00, 0x08, 0xf8, 0x00, 0x00, 0x00,
    0x00, 0x4f, 0x70, 0x00, 0x04, 0xf4, 0x02, 0x84, 0x4f, 0x30, 0x4f, 0x83, 0xb0, 0x04, 0xf8, 0x00,
    0x0b, 0xff, 0xff, 0xb0, 0x69, 0xfb, 0x86, 0x00, 0x4f, 0x80, 0x00, 0x04, 0xf8, 0x00, 0x00, 0x4f,
    0x80, 0x00, 0x04, 0xf8, 0x00, 0x00, 0x4f, 0x80, 0x00, 0x04, 0xf8, 0x00, 0x00, 0x3f, 0x90, 0x00,
    0x00, 0xee, 0x87, 0x00, 0x04, 0xdf, 0xf1, 0x00, 0x00, 0x21, 0x00, 0x08, 0x88, 0x88, 0x88, 0x88,
    0x88, 0x0f, 0xff, 0xff, 0xff, 0xff, 0xff, 0x00, 0x00, 0x08, 0xf8, 0x00, 0x00, 0x00, 0x00, 0x08,
    0xf8, 0x00, 0x00, 0x00, 0x00, 0x08, 0xf8, 0x00, 0x00, 0x00, 0x00, 0x08, 0xf8, 0x00, 0x00, 0x00,
    0x24, 0x49, 0xf9, 0x44, 0x20, 0x00, 0x8f, 0xff, 0xff, 0xff, 0x80, 0x00, 0x24, 0x49, 0xf9, 0x44,
    0x20, 0x00, 0x00, 0x08, 0xf8, 0x00, 0x00, 0x00, 0x00, 0x08, 0xf8, 0x00, 0x00, 0x00, 0x00, 0x08,
    0xf8, 0x00, 0x00, 0x00, 0x00, 0x08, 0xf8, 0x00, 0x00, 0x00, 0x00, 0x08, 0xf8, 0x00, 0x00, 0x00,
    0x00, 0x08, 0xf8, 0x00, 0x00, 0x02, 0x84, 0x00, 0x00, 0x4f, 0x80, 0x00, 0x04, 0xf8, 0x00, 0x0b,
    0xff, 0xff, 0xb0, 0x69, 0xfb, 0x86, 0x00, 0x4f, 0x80, 0x00, 0x37, 0xf9, 0x43, 0x0b, 0xff, 0xff,
    0xb0, 0x37, 0xf9, 0x43, 0x00, 0x4f, 0x80, 0x00, 0x04, 0xf8, 0x00, 0x00, 0x3f, 0x90, 0x00, 0x00,
    0xee, 0x87, 0x00, 0x04, 0xdf, 0xf1, 0x00, 0x00, 0x21, 0x00, 0x00, 0x00, 0x58, 0x20, 0x82, 0x00,
    0x00, 0x00, 0x3f, 0xcf, 0xbf, 0x20, 0x00, 0x00, 0x03, 0x70, 0x38, 0x50, 0x00, 0x00, 0x00, 0x00,
    0x00, 0x00, 0x00, 0x00, 0x28, 0x40, 0x00, 0x00, 0x00, 0x68, 0x04, 0xf8, 0x00, 0x00, 0x00, 0x0b,
    0xf0, 0x4f, 0x80, 0x00, 0x00, 0x00, 0xbf, 0x04, 0xf8, 0x00, 0x00, 0x00, 0x0b, 0xf0, 0x4f, 0x80,
    0x00, 0x00, 0x00, 0xbf, 0x04, 0xf8, 0x00, 0x00, 0x00, 0x0b, 0xf0, 0x4f, 0x80, 0x00, 0x00, 0x00,
    0xbf, 0x04, 0xf8, 0x00, 0x00, 0x00, 0x0b, 0xf0, 0x4f, 0x80, 0x00, 0x00, 0x00, 0xbf, 0x04, 0xf8,
    0x00, 0x00, 0x00, 0x0b, 0xf0, 0x4f, 0xa0, 0x00, 0x00, 0x00, 0xbf, 0x01, 0xfe, 0x10, 0x00, 0x00,
    0x1f, 0xe0, 0x09, 0xf9, 0x00, 0x00, 0x1c, 0xf8, 0x00, 0x1c, 0xfd, 0x88, 0x8e, 0xfc, 0x10, 0x00,
    0x19, 0xef, 0xff, 0xe8, 0x10, 0x00, 0x00, 0x00, 0x34, 0x30, 0x00, 0x00, 0x00, 0x6d, 0xa4, 0x78,
    0x00, 0x00, 0xd9, 0x9f, 0xf5, 0x00, 0x00, 0x41, 0x01, 0x20, 0x00, 0x00, 0x00, 0x00, 0x00, 0x00,
    0x8f, 0x40, 0x00, 0x08, 0xf4, 0x8f, 0x40, 0x00, 0x08, 0xf4, 0x8f, 0x40, 0x00, 0x08, 0xf4, 0x8f,
    0x40, 0x00, 0x08, 0xf4, 0x8f, 0x40, 0x00, 0x08, 0xf4, 0x8f, 0x40, 0x00, 0x08, 0xf4, 0x8f, 0x40,
    0x00, 0x08, 0xf4, 0x8f, 0x50, 0x00, 0x08, 0xf4, 0x4f, 0xb0, 0x00, 0x1e, 0xf4, 0x0d, 0xfb, 0x88,
    0xeb, 0xf4, 0x03, 0xbf, 0xfe, 0x68, 0xf4, 0x00, 0x00, 0x20, 0x00, 0x00, 0x00, 0x01, 0x44, 0x44,
    0x41, 0x00, 0x00, 0x00, 0x4f, 0xff, 0xff, 0x40, 0x00, 0x00, 0x01, 0x44, 0x44, 0x41, 0x00, 0x00,
    0x00, 0x00, 0x00, 0x00, 0x00, 0x00, 0x28, 0x40, 0x00, 0x00, 0x00, 0x68, 0x04, 0xf8, 0x00, 0x00,
    0x00, 0x0b, 0xf0, 0x4f, 0x80, 0x00, 0x00, 0x00, 0xbf, 0x04, 0xf8, 0x00, 0x00, 0x00, 0x0b, 0xf0,
    0x4f, 0x80, 0x00, 0x00, 0x00, 0xbf, 0x04, 0xf8, 0x00, 0x00, 0x00, 0x0b, 0xf0, 0x4f, 0x80, 0x00,
    0x00, 0x00, 0xbf, 0x04, 0xf8, 0x00, 0x00, 0x00, 0x0b, 0xf0, 0x4f, 0x80, 0x00, 0x00, 0x00, 0xbf,
    0x04, 0xf8, 0x00, 0x00, 0x00, 0x0b, 0xf0, 0x4f, 0xa0, 0x00, 0x00, 0x00, 0xbf, 0x01, 0xfe, 0x10,
    0x00, 0x00, 0x1f, 0xe0, 0x09, 0xf9, 0x00, 0x00, 0x1c, 0xf8, 0x00, 0x1c, 0xfd, 0x88, 0x8e, 0xfc,
    0x10, 0x00, 0x19, 0xef, 0xff, 0xe8, 0x10, 0x00, 0x00, 0x00, 0x34, 0x30, 0x00, 0x00, 0x00, 0x68,
    0x88, 0x84, 0x00, 0x00, 0x8b, 0xbb, 0xb6, 0x00, 0x00, 0x00, 0x00, 0x00, 0x00, 0x00, 0x00, 0x00,
    0x00, 0x00, 0x8f, 0x40, 0x00, 0x08, 0xf4, 0x8f, 0x40, 0x00, 0x08, 0xf4, 0x8f, 0x40, 0x00, 0x08,
    0xf4, 0x8f, 0x40, 0x00, 0x08, 0xf4, 0x8f, 0x40, 0x00, 0x08, 0xf4, 0x8f, 0x40, 0x00, 0x08, 0xf4,
    0x8f, 0x40, 0x00, 0x08, 0xf4, 0x8f, 0x50, 0x00, 0x08, 0xf4, 0x4f, 0xb0, 0x00, 0x1e, 0xf4, 0x0d,
    0xfb, 0x88, 0xeb, 0xf4, 0x03, 0xbf, 0xfe, 0x68, 0xf4, 0x00, 0x00, 0x20, 0x00, 0x00, 0x00, 0x03,
    0xb0, 0x01, 0xb3, 0x00, 0x00, 0x00, 0x1e, 0xa5, 0xad, 0x00, 0x00, 0x00, 0x00, 0x3a, 0xfa, 0x30,
    0x00, 0x00, 0x00, 0x00, 0x00, 0x00, 0x00, 0x00, 0x28, 0x40, 0x00, 0x00, 0x00, 0x68, 0x04, 0xf8,
    0x00, 0x00, 0x00, 0x0b, 0xf0, 0x4f, 0x80, 0x00, 0x00, 0x00, 0xbf, 0x04, 0xf8, 0x00, 0x00, 0x00,
    0x0b, 0xf0, 0x4f, 0x80, 0x00, 0x00, 0x00, 0xbf, 0x04, 0xf8, 0x00, 0x00, 0x00, 0x0b, 0xf0, 0x4f,
    0x80, 0x00, 0x00, 0x00, 0xbf, 0x04, 0xf8, 0x00, 0x00, 0x00, 0x0b, 0xf0, 0x4f, 0x80, 0x00, 0x00,
    0x00, 0xbf, 0x04, 0xf8, 0x00, 0x00, 0x00, 0x0b, 0xf0, 0x4f, 0xa0, 0x00, 0x00, 0x00, 0xbf, 0x01,
    0xfe, 0x10, 0x00, 0x00, 0x1f, 0xe0, 0x09, 0xf9, 0x00, 0x00, 0x1c, 0xf8, 0x00, 0x1c, 0xfd, 0x88,
    0x8e, 0xfc, 0x10, 0x00, 0x19, 0xef, 0xff, 0xe8, 0x10, 0x00, 0x00, 0x00, 0x34, 0x30, 0x00, 0x00,
    0x00, 0x41, 0x00, 0x23, 0x00, 0x00, 0xc8, 0x00, 0xb9, 0x00, 0x00, 0x5f, 0xcc, 0xe3, 0x00, 0x00,
    0x02, 0x88, 0x20, 0x00, 0x00, 0x00, 0x00, 0x00, 0x00, 0x8f, 0x40, 0x00, 0x08, 0xf4, 0x8f, 0x40,
    0x00, 0x08, 0xf4, 0x8f, 0x40, 0x00, 0x08, 0xf4, 0x8f, 0x40, 0x00, 0x08, 0xf4, 0x8f, 0x40, 0x00,
    0x08, 0xf4, 0x8f, 0x40, 0x00, 0x08, 0xf4, 0x8f, 0x40, 0x00, 0x08, 0xf4, 0x8f, 0x50, 0x00, 0x08,
    0xf4, 0x4f, 0xb0, 0x00, 0x1e, 0xf4, 0x0d, 0xfb, 0x88, 0xeb, 0xf4, 0x03, 0xbf, 0xfe, 0x68, 0xf4,
    0x00, 0x00, 0x20, 0x00, 0x00, 0x00, 0x00, 0x3b, 0xfa, 0x10, 0x00, 0x00, 0x00, 0x0d, 0xb4, 0xcb,
    0x00, 0x00, 0x00, 0x00, 0xf4, 0x06, 0xf0, 0x00, 0x00, 0x00, 0x0d, 0xb4, 0xcb, 0x00, 0x00, 0x00,
    0x00, 0x3b, 0xfa, 0x10, 0x00, 0x02, 0x84, 0x00, 0x00, 0x00, 0x06, 0x80, 0x4f, 0x80, 0x00, 0x00,
    0x00, 0xbf, 0x04, 0xf8, 0x00, 0x00, 0x00, 0x0b, 0xf0, 0x4f, 0x80, 0x00, 0x00, 0x00, 0xbf, 0x04,
    0xf8, 0x00, 0x00, 0x00, 0x0b, 0xf0, 0x4f, 0x80, 0x00, 0x00, 0x00, 0xbf, 0x04, 0xf8, 0x00, 0x00,
    0x00, 0x0b, 0xf0, 0x4f, 0x80, 0x00, 0x00, 0x00, 0xbf, 0x04, 0xf8, 0x00, 0x00, 0x00, 0x0b, 0xf0,
    0x4f, 0x80, 0x00, 0x00, 0x00, 0xbf, 0x04, 0xfa, 0x00, 0x00, 0x00, 0x0b, 0xf0, 0x1f, 0xe1, 0x00,
    0x00, 0x01, 0xfe, 0x00, 0x9f, 0x90, 0x00, 0x01, 0xcf, 0x80, 0x01, 0xcf, 0xd8, 0x88, 0xef, 0xc1,
    0x00, 0x01, 0x9e, 0xff, 0xfe, 0x81, 0x00, 0x00, 0x00, 0x03, 0x43, 0x00, 0x00, 0x00, 0x00, 0x02,
    0x87, 0x10, 0x00, 0x00, 0x3e, 0xcd, 0xe1, 0x00, 0x00, 0x9c, 0x01, 0xe7, 0x00, 0x00, 0x8d, 0x11,
    0xf7, 0x00, 0x00, 0x2e, 0xde, 0xc1, 0x00, 0x00, 0x01, 0x55, 0x00, 0x00, 0x8f, 0x40, 0x00, 0x08,
    0xf4, 0x8f, 0x40, 0x00, 0x08, 0xf4, 0x8f, 0x40, 0x00, 0x08, 0xf4, 0x8f, 0x40, 0x00, 0x08, 0xf4,
    0x8f, 0x40, 0x00, 0x08, 0xf4, 0x8f, 0x40, 0x00, 0x08, 0xf4, 0x8f, 0x40, 0x00, 0x08, 0xf4, 0x8f,
    0x50, 0x00, 0x08, 0xf4, 0x4f, 0xb0, 0x00, 0x1e, 0xf4, 0x0d, 0xfb, 0x88, 0xeb, 0xf4, 0x03, 0xbf,
    0xfe, 0x68, 0xf4, 0x00, 0x00, 0x20, 0x00, 0x00, 0x00, 0x00, 0x8b, 0x21, 0xb8, 0x00, 0x00, 0x00,
    0x1f, 0xa0, 0x9e, 0x30, 0x00, 0x00, 0x07, 0xe2, 0x3f, 0x60, 0x00, 0x00, 0x00, 0x00, 0x00, 0x00,
    0x00, 0x00, 0x28, 0x40, 0x00, 0x00, 0x00, 0x68, 0x04, 0xf8, 0x00, 0x00, 0x00, 0x0b, 0xf0, 0x4f,
    0x80, 0x00, 0x00, 0x00, 0xbf, 0x04, 0xf8, 0x00, 0x00, 0x00, 0x0b, 0xf0, 0x4f, 0x80, 0x00, 0x00,
    0x00, 0xbf, 0x04, 0xf8, 0x00, 0x00, 0x00, 0x0b, 0xf0, 0x4f, 0x80, 0x00, 0x00, 0x00, 0xbf, 0x04,
    0xf8, 0x00, 0x00, 0x00, 0x0b, 0xf0, 0x4f, 0x80, 0x00, 0x00, 0x00, 0xbf, 0x04, 0xf8, 0x00, 0x00,
    0x00, 0x0b, 0xf0, 0x4f, 0xa0, 0x00, 0x00, 0x00, 0xbf, 0x01, 0xfe, 0x10, 0x00, 0x00, 0x1f, 0xe0,
    0x09, 0xf9, 0x00, 0x00, 0x1c, 0xf8, 0x00, 0x1c, 0xfd, 0x88, 0x8e, 0xfc, 0x10, 0x00, 0x19, 0xef,
    0xff, 0xe8, 0x10, 0x00, 0x00, 0x00, 0x34, 0x30, 0x00, 0x00, 0x00, 0x04, 0x30, 0x24, 0x20, 0x00,
    0x6f, 0x80, 0xbe, 0x20, 0x00, 0xbd, 0x06, 0xf5, 0x00, 0x01, 0xb5, 0x09, 0x80, 0x00, 0x00, 0x00,
    0x00, 0x00, 0x00, 0x8f, 0x40, 0x00, 0x08, 0xf4, 0x8f, 0x40, 0x00, 0x08, 0xf4, 0x8f, 0x40, 0x00,
    0x08, 0xf4, 0x8f, 0x40, 0x00, 0x08, 0xf4, 0x8f, 0x40, 0x00, 0x08, 0xf4, 0x8f, 0x40, 0x00, 0x08,
    0xf4, 0x8f, 0x40, 0x00, 0x08, 0xf4, 0x8f, 0x50, 0x00, 0x08, 0xf4, 0x4f, 0xb0, 0x00, 0x1e, 0xf4,
    0x0d, 0xfb, 0x88, 0xeb, 0xf4, 0x03, 0xbf, 0xfe, 0x68, 0xf4, 0x00, 0x00, 0x20, 0x00, 0x00, 0x28,
    0x40, 0x00, 0x00, 0x00, 0x68, 0x04, 0xf8, 0x00, 0x00, 0x00, 0x0b, 0xf0, 0x4f, 0x80, 0x00, 0x00,
    0x00, 0xbf, 0x04, 0xf8, 0x00, 0x00, 0x00, 0x0b, 0xf0, 0x4f, 0x80, 0x00, 0x00, 0x00, 0xbf, 0x04,
    0xf8, 0x00, 0x00, 0x00, 0x0b, 0xf0, 0x4f, 0x80, 0x00, 0x00, 0x00, 0xbf, 0x04, 0xf8, 0x00, 0x00,
    0x00, 0x0b, 0xf0, 0x4f, 0x80, 0x00, 0x00, 0x00, 0xbf, 0x04, 0xf8, 0x00, 0x00, 0x00, 0x0b, 0xf0,
    0x4f, 0xa0, 0x00, 0x00, 0x00, 0xbf, 0x01, 0xfe, 0x10, 0x00, 0x00, 0x1f, 0xe0, 0x09, 0xf9, 0x00,
    0x00, 0x1c, 0xf8, 0x00, 0x1c, 0xfd, 0x88, 0x8e, 0xfc, 0x10, 0x00, 0x19, 0xef, 0xff, 0xf8, 0x10,
    0x00, 0x00, 0x00, 0x6e, 0xb2, 0x00, 0x00, 0x00, 0x00, 0x1e, 0xa0, 0x00, 0x00, 0x00, 0x00, 0x04,
    0xfa, 0x43, 0x00, 0x00, 0x00, 0x00, 0x0c, 0xff, 0x90, 0x00, 0x00, 0x00, 0x00, 0x03, 0x40, 0x00,
    0x00, 0x8f, 0x40, 0x00, 0x08, 0xf4, 0x8f, 0x40, 0x00, 0x08, 0xf4, 0x8f, 0x40, 0x00, 0x08, 0xf4,
    0x8f, 0x40, 0x00, 0x08, 0xf4, 0x8f, 0x40, 0x00, 0x08, 0xf4, 0x8f, 0x40, 0x00, 0x08, 0xf4, 0x8f,
    0x40, 0x00, 0x08, 0xf4, 0x8f, 0x50, 0x00, 0x08, 0xf4, 0x4f, 0xb0, 0x00, 0x1e, 0xf4, 0x0d, 0xfb,
    0x88, 0xeb, 0xf4, 0x03, 0xbf, 0xfe, 0x68, 0xf4, 0x00, 0x00, 0x20, 0x4e, 0x90, 0x00, 0x00, 0x00,
    0xec, 0x00, 0x00, 0x00, 0x00, 0xfd, 0x43, 0x00, 0x00, 0x00, 0x9f, 0xfb, 0x00, 0x00, 0x00, 0x03,
    0x41, 0x00, 0x00, 0x00, 0x00, 0x5b, 0xb1, 0x00, 0x00, 0x00, 0x00, 0x00, 0x00, 0x00, 0x03, 0xe9,
    0xcc, 0x10, 0x00, 0x00, 0x00, 0x00, 0x00, 0x00, 0x1a, 0x90, 0x2b, 0x80, 0x00, 0x00, 0x00, 0x00,
    0x00, 0x00, 0x00, 0x00, 0x00, 0x00, 0x00, 0x00, 0x00, 0x48, 0x40, 0x00, 0x00, 0x28, 0x80, 0x00,
    0x00, 0x06, 0x81, 0x3f, 0xa0, 0x00, 0x00, 0x8f, 0xf3, 0x00, 0x00, 0x0f, 0xe0, 0x0e, 0xe0, 0x00,
    0x00, 0xbe, 0xf7, 0x00, 0x00, 0x4f, 0x90, 0x0a, 0xf3, 0x00, 0x00, 0xfa, 0xfa, 0x00, 0x00, 0x8f,
    0x60, 0x06, 0xf7, 0x00, 0x04, 0xf7, 0xbe, 0x00, 0x00, 0xbf, 0x10, 0x02, 0xfa, 0x00, 0x08, 0xf3,
    0x8f, 0x40, 0x00, 0xfc, 0x00, 0x00, 0xde, 0x00, 0x0c, 0xe0, 0x4f, 0x80, 0x04, 0xf8, 0x00, 0x00,
    0x8f, 0x40, 0x1f, 0xa0, 0x0f, 0xb0, 0x08, 0xf4, 0x00, 0x00, 0x5f, 0x80, 0x5f, 0x60, 0x0a, 0xf0,
    0x0c, 0xf0, 0x00, 0x00, 0x1f, 0xb0, 0x8f, 0x20, 0x07, 0xf4, 0x1f, 0xa0, 0x00, 0x00, 0x0b, 0xf0,
    0xcd, 0x00, 0x03, 0xf8, 0x5f, 0x70, 0x00, 0x00, 0x08, 0xf4, 0xf8, 0x00, 0x00, 0xdb, 0x8f, 0x30,
    0x00, 0x00, 0x03, 0xfa, 0xf5, 0x00, 0x00, 0x9f, 0xbd, 0x00, 0x00, 0x00, 0x00, 0xef, 0xf1, 0x00,
    0x00, 0x6f, 0xe9, 0x00, 0x00, 0x00, 0x00, 0xaf, 0xc0, 0x00, 0x00, 0x1f, 0xf6, 0x00, 0x00, 0x00,
    0x00, 0x00, 0x03, 0x40, 0x00, 0x00, 0x00, 0x00, 0x00, 0x00, 0x5f, 0xe9, 0x00, 0x00, 0x00, 0x00,
    0x00, 0x03, 0xe9, 0x3f, 0x80, 0x00, 0x00, 0x00, 0x00, 0x07, 0x70, 0x05, 0x81, 0x00, 0x00, 0x00,
    0x00, 0x00, 0x00, 0x00, 0x00, 0x00, 0x00, 0x3f, 0xa0, 0x00, 0x0d, 0xf4, 0x00, 0x05, 0xf8, 0x0d,
    0xe0, 0x00, 0x2f, 0xf8, 0x00, 0x08, 0xf4, 0x08, 0xf3, 0x00, 0x6f, 0xbc, 0x00, 0x0d, 0xe0, 0x05,
    0xf8, 0x00, 0xac, 0x8f, 0x10, 0x2f, 0x90, 0x00, 0xec, 0x00, 0xe8, 0x3f, 0x50, 0x7f, 0x60, 0x00,
    0xaf, 0x13, 0xf5, 0x0e, 0x90, 0xaf, 0x10, 0x00, 0x6f, 0x58, 0xf1, 0x0a, 0xd0, 0xea, 0x00, 0x00,
    0x1f, 0x8b, 0xb0, 0x06, 0xf4, 0xf7, 0x00, 0x00, 0x0c, 0xbe, 0x70, 0x02, 0xfb, 0xf2, 0x00, 0x00,
    0x07, 0xff, 0x30, 0x00, 0xcf, 0xc0, 0x00, 0x00, 0x02, 0xfd, 0x00, 0x00, 0x8f, 0x80, 0x00, 0x00,
    0x00, 0x06, 0xba, 0x10, 0x00, 0x00, 0x00, 0x00, 0x4f, 0x8c, 0xc1, 0x00, 0x00, 0x00, 0x01, 0xa8,
    0x03, 0xb6, 0x00, 0x00, 0x00, 0x00, 0x00, 0x00, 0x00, 0x00, 0x00, 0x38, 0x70, 0x00, 0x00, 0x00,
    0x28, 0x70, 0x0c, 0xf5, 0x00, 0x00, 0x00, 0xbf, 0x70, 0x04, 0xfd, 0x10, 0x00, 0x05, 0xfb, 0x00,
    0x00, 0x8f, 0x80, 0x00, 0x1d, 0xf3, 0x00, 0x00, 0x1e, 0xf2, 0x00, 0x8f, 0x80, 0x00, 0x00, 0x05,
    0xfb, 0x03, 0xfd, 0x10, 0x00, 0x00, 0x00, 0xbf, 0x5b, 0xf5, 0x00, 0x00, 0x00, 0x00, 0x2e, 0xef,
    0xa0, 0x00, 0x00, 0x00, 0x00, 0x08, 0xfe, 0x20, 0x00, 0x00, 0x00, 0x00, 0x04, 0xfb, 0x00, 0x00,
    0x00, 0x00, 0x00, 0x04, 0xfb, 0x00, 0x00, 0x00, 0x00, 0x00, 0x04, 0xfb, 0x00, 0x00, 0x00, 0x00,
    0x00, 0x04, 0xfb, 0x00, 0x00, 0x00, 0x00, 0x00, 0x04, 0xfb, 0x00, 0x00, 0x00, 0x00, 0x00, 0x04,
    0xfb, 0x00, 0x00, 0x00, 0x00, 0x00, 0x14, 0x20, 0x00, 0x00, 0x00, 0x1c, 0xee, 0x30, 0x00, 0x00,
    0x0a, 0xe2, 0xcd, 0x10, 0x00, 0x03, 0x83, 0x01, 0x85, 0x00, 0x00, 0x00, 0x00, 0x00, 0x00, 0x05,
    0xf9, 0x00, 0x00, 0x06, 0xf8, 0x0e, 0xe0, 0x00, 0x00, 0xaf, 0x20, 0x8f, 0x50, 0x00, 0x1f, 0xc0,
    0x03, 0xfa, 0x00, 0x07, 0xf6, 0x00, 0x0c, 0xf1, 0x00, 0xcf, 0x10, 0x00, 0x6f, 0x60, 0x2f, 0x90,
    0x00, 0x01, 0xfb, 0x08, 0xf4, 0x00, 0x00, 0x09, 0xf2, 0xdd, 0x00, 0x00, 0x00, 0x5f, 0x8f, 0x80,
    0x00, 0x00, 0x00, 0xde, 0xf2, 0x00, 0x00, 0x00, 0x08, 0xfb, 0x00, 0x00, 0x00, 0x00, 0x7f, 0x60,
    0x00, 0x00, 0x00, 0x0d, 0xe0, 0x00, 0x00, 0x02, 0x8a, 0xf8, 0x00, 0x00, 0x00, 0x8f, 0xf8, 0x00,
    0x00, 0x00, 0x00, 0x41, 0x00, 0x00, 0x00, 0x00, 0x00, 0x01, 0x95, 0x01, 0x95, 0x00, 0x00, 0x00,
    0x06, 0xfd, 0x04, 0xff, 0x00, 0x00, 0x00, 0x01, 0x95, 0x01, 0x96, 0x00, 0x00, 0x00, 0x00, 0x00,
    0x00, 0x00, 0x00, 0x00, 0x38, 0x70, 0x00, 0x00, 0x00, 0x28, 0x70, 0x0c, 0xf5, 0x00, 0x00, 0x00,
    0xbf, 0x70, 0x04, 0xfd, 0x10, 0x00, 0x05, 0xfb, 0x00, 0x00, 0x8f, 0x80, 0x00, 0x1d, 0xf3, 0x00,
    0x00, 0x1e, 0xf2, 0x00, 0x8f, 0x80, 0x00, 0x00, 0x05, 0xfb, 0x03, 0xfd, 0x10, 0x00, 0x00, 0x00,
    0xbf, 0x5b, 0xf5, 0x00, 0x00, 0x00, 0x00, 0x2e, 0xef, 0xa0, 0x00, 0x00, 0x00, 0x00, 0x08, 0xfe,
    0x20, 0x00, 0x00, 0x00, 0x00, 0x04, 0xfb, 0x00, 0x00, 0x00, 0x00, 0x00, 0x04, 0xfb, 0x00, 0x00,
    0x00, 0x00, 0x00, 0x04, 0xfb, 0x00, 0x00, 0x00, 0x00, 0x00, 0x04, 0xfb, 0x00, 0x00, 0x00, 0x00,
    0x00, 0x04, 0xfb, 0x00, 0x00, 0x00, 0x00, 0x00, 0x04, 0xfb, 0x00, 0x00, 0x00, 0x00, 0x00, 0x04,
    0xb6, 0x00, 0x00, 0x00, 0x00, 0xbe, 0x10, 0x00, 0x00, 0x00, 0x4f, 0x50, 0x00, 0x00, 0x00, 0x00,
    0x00, 0x00, 0x00, 0x68, 0x88, 0x88, 0x88, 0x88, 0x2b, 0xff, 0xff, 0xff, 0xff, 0xf4, 0x00, 0x00,
    0x00, 0x03, 0xec, 0x00, 0x00, 0x00, 0x01, 0xcf, 0x30, 0x00, 0x00, 0x00, 0x8f, 0x80, 0x00, 0x00,
    0x00, 0x4f, 0xc0, 0x00, 0x00, 0x00, 0x1d, 0xf3, 0x00, 0x00, 0x00, 0x08, 0xf7, 0x00, 0x00, 0x00,
    0x04, 0xfb, 0x00, 0x00, 0x00, 0x01, 0xde, 0x20, 0x00, 0x00, 0x00, 0x8f, 0x70, 0x00, 0x00, 0x00,
    0x4f, 0xb0, 0x00, 0x00, 0x00, 0x1d, 0xe2, 0x00, 0x00, 0x00, 0x08, 0xfb, 0x9b, 0xbb, 0xbb, 0xb6,
    0xbf, 0xff, 0xff, 0xff, 0xff, 0x80, 0x00, 0x00, 0x04, 0x40, 0x00, 0x00, 0x06, 0xf8, 0x00, 0x00,
    0x00, 0xbc, 0x00, 0x00, 0x00, 0x2b, 0x30, 0x00, 0x00, 0x00, 0x00, 0x00, 0x08, 0xff, 0xff, 0xff,
    0xf8, 0x6b, 0xbb, 0xbb, 0xef, 0x70, 0x00, 0x00, 0x3f, 0xc1, 0x00, 0x00, 0x1d, 0xe2, 0x00, 0x00,
    0x0b, 0xf5, 0x00, 0x00, 0x08, 0xf8, 0x00, 0x00, 0x05, 0xfc, 0x00, 0x00, 0x02, 0xee, 0x10, 0x00,
    0x01, 0xcf, 0x40, 0x00, 0x00, 0x8f, 0xeb, 0xbb, 0xbb, 0x8b, 0xff, 0xff, 0xff, 0xfb, 0x00, 0x00,
    0x59, 0x10, 0x00, 0x00, 0x00, 0x0d, 0xf8, 0x00, 0x00, 0x00, 0x00, 0x59, 0x10, 0x00, 0x00, 0x00,
    0x00, 0x00, 0x00, 0x00, 0x68, 0x88, 0x88, 0x88, 0x88, 0x2b, 0xff, 0xff, 0xff, 0xff, 0xf4, 0x00,
    0x00, 0x00, 0x03, 0xec, 0x00, 0x00, 0x00, 0x01, 0xcf, 0x30, 0x00, 0x00, 0x00, 0x8f, 0x80, 0x00,
    0x00, 0x00, 0x4f, 0xc0, 0x00, 0x00, 0x00, 0x1d, 0xf3, 0x00, 0x00, 0x00, 0x08, 0xf7, 0x00, 0x00,
    0x00, 0x04, 0xfb, 0x00, 0x00, 0x00, 0x01, 0xde, 0x20, 0x00, 0x00, 0x00, 0x8f, 0x70, 0x00, 0x00,
    0x00, 0x4f, 0xb0, 0x00, 0x00, 0x00, 0x1d, 0xe2, 0x00, 0x00, 0x00, 0x08, 0xfb, 0x9b, 0xbb, 0xbb,
    0xb6, 0xbf, 0xff, 0xff, 0xff, 0xff, 0x80, 0x00, 0x00, 0x00, 0x00, 0x00, 0x00, 0x8f, 0x50, 0x00,
    0x00, 0x0a, 0xf8, 0x00, 0x00, 0x00, 0x14, 0x00, 0x00, 0x00, 0x00, 0x00, 0x00, 0x08, 0xff, 0xff,
    0xff, 0xf8, 0x6b, 0xbb, 0xbb, 0xef, 0x70, 0x00, 0x00, 0x3f, 0xc1, 0x00, 0x00, 0x1d, 0xe2, 0x00,
    0x00, 0x0b, 0xf5, 0x00, 0x00, 0x08, 0xf8, 0x00, 0x00, 0x05, 0xfc, 0x00, 0x00, 0x02, 0xee, 0x10,
    0x00, 0x01, 0xcf, 0x40, 0x00, 0x00, 0x8f, 0xeb, 0xbb, 0xbb, 0x8b, 0xff, 0xff, 0xff, 0xfb, 0x00,
    0x6b, 0x30, 0x8a, 0x10, 0x00, 0x00, 0xbe, 0x7f, 0x60, 0x00, 0x00, 0x01, 0xab, 0x60, 0x00, 0x00,
    0x00, 0x00, 0x00, 0x00, 0x00, 0x68, 0x88, 0x88, 0x88, 0x88, 0x2b, 0xff, 0xff, 0xff, 0xff, 0xf4,
    0x00, 0x00, 0x00, 0x03, 0xec, 0x00, 0x00, 0x00, 0x01, 0xcf, 0x30, 0x00, 0x00, 0x00, 0x8f, 0x80,
    0x00, 0x00, 0x00, 0x4f, 0xc0, 0x00, 0x00, 0x00, 0x1d, 0xf3, 0x00, 0x00, 0x00, 0x08, 0xf7, 0x00,
    0x00, 0x00, 0x04, 0xfb, 0x00, 0x00, 0x00, 0x01, 0xde, 0x20, 0x00, 0x00, 0x00, 0x8f, 0x70, 0x00,
    0x00, 0x00, 0x4f, 0xb0, 0x00, 0x00, 0x00, 0x1d, 0xe2, 0x00, 0x00, 0x00, 0x08, 0xfb, 0x9b, 0xbb,
    0xbb, 0xb6, 0xbf, 0xff, 0xff, 0xff, 0xff, 0x80, 0x03, 0x40, 0x01, 0x42, 0x00, 0x3e, 0x90, 0xbe,
    0x10, 0x00, 0x5f, 0xbe, 0x30, 0x00, 0x00, 0x58, 0x30, 0x00, 0x00, 0x00, 0x00, 0x00, 0x08, 0xff,
    0xff, 0xff, 0xf8, 0x6b, 0xbb, 0xbb, 0xef, 0x70, 0x00, 0x00, 0x3f, 0xc1, 0x00, 0x00, 0x1d, 0xe2,
    0x00, 0x00, 0x0b, 0xf5, 0x00, 0x00, 0x08, 0xf8, 0x00, 0x00, 0x05, 0xfc, 0x00, 0x00, 0x02, 0xee,
    0x10, 0x00, 0x01, 0xcf, 0x40, 0x00, 0x00, 0x8f, 0xeb, 0xbb, 0xbb, 0x8b, 0xff, 0xff, 0xff, 0xfb,
    0x00, 0x14, 0x30, 0x08, 0xff, 0xf2, 0x3f, 0xd8, 0x70, 0x8f, 0x60, 0x00, 0x8f, 0x40, 0x00, 0x8f,
    0x40, 0x00, 0x8f, 0x40, 0x00, 0x8f, 0x40, 0x00, 0x8f, 0x40, 0x00, 0x8f, 0x40, 0x00, 0x8f, 0x40,
    0x00, 0x8f, 0x40, 0x00, 0x8f, 0x40, 0x00, 0x8f, 0x40, 0x00, 0x8f, 0x40, 0x00, 0x8f, 0x40, 0x00,
    0x00, 0x00, 0x02, 0x88, 0x00, 0x00, 0x00, 0x00, 0x00, 0x09, 0xff, 0x50, 0x00, 0x00, 0x00, 0x00,
    0x0e, 0xae, 0xa0, 0x00, 0x00, 0x00, 0x00, 0x5f, 0x6a, 0xf1, 0x00, 0x00, 0x00, 0x00, 0xaf, 0x26,
    0xf7, 0x00, 0x00, 0x00, 0x01, 0xfc, 0x01, 0xfc, 0x00, 0x00, 0x00, 0x06, 0xf7, 0x00, 0xaf, 0x20,
    0x00, 0x00, 0x0c, 0xf2, 0x00, 0x6f, 0x80, 0x00, 0x00, 0x2f, 0xa0, 0x00, 0x0e, 0xd0, 0x00, 0x00,
    0x8f, 0xdb, 0xbb, 0xbe, 0xf5, 0x00, 0x00, 0xdf, 0xff, 0xff, 0xff, 0xf9, 0x00, 0x03, 0xfa, 0x00,
    0x00, 0x00, 0xde, 0x10, 0x09, 0xf6, 0x00, 0x00, 0x00, 0x8f, 0x60, 0x0e, 0xe1, 0x00, 0x00, 0x00,
    0x3f, 0xb0, 0x5f, 0x90, 0x00, 0x00, 0x00, 0x0d, 0xf2, 0x28, 0x88, 0x88, 0x86, 0x10, 0x04, 0xff,
    0xff, 0xff, 0xfe, 0x30, 0x4f, 0x80, 0x00, 0x27, 0xfe, 0x14, 0xf8, 0x00, 0x00, 0x08, 0xf4, 0x4f,
    0x80, 0x00, 0x00, 0x8f, 0x74, 0xf8, 0x00, 0x00, 0x0a, 0xf3, 0x4f, 0x94, 0x44, 0x4a, 0xf8, 0x04,
    0xff, 0xff, 0xff, 0xf9, 0x10, 0x4f, 0xb8, 0x88, 0x89, 0xfd, 0x14, 0xf8, 0x00, 0x00, 0x07, 0xf9,
    0x4f, 0x80, 0x00, 0x00, 0x0e, 0xe4, 0xf8, 0x00, 0x00, 0x00, 0xdf, 0x4f, 0x80, 0x00, 0x00, 0x6f,
    0xa4, 0xfd, 0xbb, 0xbb, 0xcf, 0xe3, 0x4f, 0xff, 0xff, 0xfd, 0x92, 0x00, 0x28, 0x88, 0x88, 0x88,
    0x84, 0x4f, 0xff, 0xff, 0xff, 0xf8, 0x4f, 0x80, 0x00, 0x00, 0x00, 0x4f, 0x80, 0x00, 0x00, 0x00,
    0x4f, 0x80, 0x00, 0x00, 0x00, 0x4f, 0x80, 0x00, 0x00, 0x00, 0x4f, 0x80, 0x00, 0x00, 0x00, 0x4f,
    0x80, 0x00, 0x00, 0x00, 0x4f, 0x80, 0x00, 0x00, 0x00, 0x4f, 0x80, 0x00, 0x00, 0x00, 0x4f, 0x80,
    0x00, 0x00, 0x00, 0x4f, 0x80, 0x00, 0x00, 0x00, 0x4f, 0x80, 0x00, 0x00, 0x00, 0x4f, 0x80, 0x00,
    0x00, 0x00, 0x4f, 0x80, 0x00, 0x00, 0x00, 0x00, 0x00, 0x02, 0x88, 0x00, 0x00, 0x00, 0x00, 0x00,
    0x08, 0xff, 0x30, 0x00, 0x00, 0x00, 0x00, 0x0d, 0xef, 0x80, 0x00, 0x00, 0x00, 0x00, 0x5f, 0x8d,
    0xe0, 0x00, 0x00, 0x00, 0x00, 0x9f, 0x38, 0xf5, 0x00, 0x00, 0x00, 0x01, 0xec, 0x03, 0xf9, 0x00,
    0x00, 0x00, 0x06, 0xf7, 0x00, 0xcf, 0x10, 0x00, 0x00, 0x0b, 0xf2, 0x00, 0x7f, 0x60, 0x00, 0x00,
    0x2f, 0xc0, 0x00, 0x2f, 0xb0, 0x00, 0x00, 0x7f, 0x60, 0x00, 0x0c, 0xf2, 0x00, 0x00, 0xdf, 0x10,
    0x00, 0x06, 0xf7, 0x00, 0x03, 0xfa, 0x00, 0x00, 0x01, 0xfd, 0x00, 0x08, 0xf6, 0x00, 0x00, 0x00,
    0xaf, 0x30, 0x0e, 0xfc, 0xbb, 0xbb, 0xbb, 0xdf, 0x80, 0x5f, 0xff, 0xff, 0xff, 0xff, 0xff, 0xe0,
    0x28, 0x88, 0x88, 0x88, 0x84, 0x4f, 0xff, 0xff, 0xff, 0xf8, 0x4f, 0x80, 0x00, 0x00, 0x00, 0x4f,
    0x80, 0x00, 0x00, 0x00, 0x4f, 0x80, 0x00, 0x00, 0x00, 0x4f, 0x80, 0x00, 0x00, 0x00, 0x4f, 0x94,
    0x44, 0x44, 0x41, 0x4f, 0xff, 0xff, 0xff, 0xf4, 0x4f, 0xb8, 0x88, 0x88, 0x82, 0x4f, 0x80, 0x00,
    0x00, 0x00, 0x4f, 0x80, 0x00, 0x00, 0x00, 0x4f, 0x80, 0x00, 0x00, 0x00, 0x4f, 0x80, 0x00, 0x00,
    0x00, 0x4f, 0xdb, 0xbb, 0xbb, 0xb8, 0x4f, 0xff, 0xff, 0xff, 0xfb, 0x68, 0x88, 0x88, 0x88, 0x88,
    0x2b, 0xff, 0xff, 0xff, 0xff, 0xf4, 0x00, 0x00, 0x00, 0x03, 0xec, 0x00, 0x00, 0x00, 0x01, 0xcf,
    0x30, 0x00, 0x00, 0x00, 0x8f, 0x80, 0x00, 0x00, 0x00, 0x4f, 0xc0, 0x00, 0x00, 0x00, 0x1d, 0xf3,
    0x00, 0x00, 0x00, 0x08, 0xf7, 0x00, 0x00, 0x00, 0x04, 0xfb, 0x00, 0x00, 0x00, 0x01, 0xde, 0x20,
    0x00, 0x00, 0x00, 0x8f, 0x70, 0x00, 0x00, 0x00, 0x4f, 0xb0, 0x00, 0x00, 0x00, 0x1d, 0xe2, 0x00,
    0x00, 0x00, 0x08, 0xfb, 0x9b, 0xbb, 0xbb, 0xb6, 0xbf, 0xff, 0xff, 0xff, 0xff, 0x80, 0x28, 0x40,
    0x00, 0x00, 0x00, 0x68, 0x04, 0xf8, 0x00, 0x00, 0x00, 0x0b, 0xf0, 0x4f, 0x80, 0x00, 0x00, 0x00,
    0xbf, 0x04, 0xf8, 0x00, 0x00, 0x00, 0x0b, 0xf0, 0x4f, 0x80, 0x00, 0x00, 0x00, 0xbf, 0x04, 0xf8,
    0x00, 0x00, 0x00, 0x0b, 0xf0, 0x4f, 0x94, 0x44, 0x44, 0x44, 0xcf, 0x04, 0xff, 0xff, 0xff, 0xff,
    0xff, 0xf0, 0x4f, 0xb8, 0x88, 0x88, 0x88, 0xdf, 0x04, 0xf8, 0x00, 0x00, 0x00, 0x0b, 0xf0, 0x4f,
    0x80, 0x00, 0x00, 0x00, 0xbf, 0x04, 0xf8, 0x00, 0x00, 0x00, 0x0b, 0xf0, 0x4f, 0x80, 0x00, 0x00,
    0x00, 0xbf, 0x04, 0xf8, 0x00, 0x00, 0x00, 0x0b, 0xf0, 0x4f, 0x80, 0x00, 0x00, 0x00, 0xbf, 0x00,
    0x00, 0x01, 0x6a, 0xbb, 0x72, 0x00, 0x00, 0x00, 0x3d, 0xff, 0xff, 0xff, 0x70, 0x00, 0x03, 0xef,
    0x82, 0x01, 0x6e, 0xf7, 0x00, 0x0c, 0xf6, 0x00, 0x00, 0x01, 0xef, 0x20, 0x5f, 0x90, 0x00, 0x00,
    0x00, 0x6f, 0x90, 0x8f, 0x50, 0x00, 0x00, 0x00, 0x0f, 0xd0, 0xbf, 0x10, 0x00, 0x00, 0x00, 0x0b,
    0xf0, 0xbf, 0x08, 0xff, 0xff, 0xfb, 0x0b, 0xf0, 0xbf, 0x04, 0x88, 0x88, 0x86, 0x0b, 0xf0, 0xaf,
    0x30, 0x00, 0x00, 0x00, 0x0d, 0xf0, 0x7f, 0x70, 0x00, 0x00, 0x00, 0x2f, 0xa0, 0x1f, 0xe1, 0x00,
    0x00, 0x00, 0xaf, 0x60, 0x08, 0xfc, 0x20, 0x00, 0x09, 0xfc, 0x00, 0x00, 0x9f, 0xfa, 0x88, 0xdf,
    0xc1, 0x00, 0x00, 0x06, 0xdf, 0xff, 0xe8, 0x10, 0x00, 0x00, 0x00, 0x01, 0x43, 0x00, 0x00, 0x00,
    0x28, 0x44, 0xf8, 0x4f, 0x84, 0xf8, 0x4f, 0x84, 0xf8, 0x4f, 0x84, 0xf8, 0x4f, 0x84, 0xf8, 0x4f,
    0x84, 0xf8, 0x4f, 0x84, 0xf8, 0x4f, 0x80, 0x28, 0x40, 0x00, 0x00, 0x07, 0x85, 0x4f, 0x80, 0x00,
    0x00, 0x9f, 0xc1, 0x4f, 0x80, 0x00, 0x06, 0xfc, 0x10, 0x4f, 0x80, 0x00, 0x6f, 0xe2, 0x00, 0x4f,
    0x80, 0x06, 0xfe, 0x30, 0x00, 0x4f, 0x80, 0x3f, 0xe3, 0x00, 0x00, 0x4f, 0x83, 0xef, 0x30, 0x00,
    0x00, 0x4f, 0x8d, 0xff, 0x80, 0x00, 0x00, 0x4f, 0xff, 0x5d, 0xf4, 0x00, 0x00, 0x4f, 0xf6, 0x04,
    0xfd, 0x10, 0x00, 0x4f, 0x80, 0x00, 0x8f, 0xa0, 0x00, 0x4f, 0x80, 0x00, 0x0c, 0xf6, 0x00, 0x4f,
    0x80, 0x00, 0x02, 0xee, 0x20, 0x4f, 0x80, 0x00, 0x00, 0x6f, 0xc0, 0x4f, 0x80, 0x00, 0x00, 0x0a,
    0xf8, 0x00, 0x00, 0x02, 0x88, 0x00, 0x00, 0x00, 0x00, 0x00, 0x09, 0xff, 0x50, 0x00, 0x00, 0x00,
    0x00, 0x0e, 0xae, 0xa0, 0x00, 0x00, 0x00, 0x00, 0x5f, 0x6a, 0xf1, 0x00, 0x00, 0x00, 0x00, 0xaf,
    0x26, 0xf7, 0x00, 0x00, 0x00, 0x01, 0xfc, 0x01, 0xfc, 0x00, 0x00, 0x00, 0x06, 0xf7, 0x00, 0xaf,
    0x20, 0x00, 0x00, 0x0c, 0xf2, 0x00, 0x6f, 0x80, 0x00, 0x00, 0x2f, 0xa0, 0x00, 0x0e, 0xd0, 0x00,
    0x00, 0x8f, 0x60, 0x00, 0x09, 0xf5, 0x00, 0x00, 0xdf, 0x10, 0x00, 0x05, 0xf9, 0x00, 0x03, 0xfa,
    0x00, 0x00, 0x00, 0xde, 0x10, 0x09, 0xf6, 0x00, 0x00, 0x00, 0x8f, 0x60, 0x0e, 0xe1, 0x00, 0x00,
    0x00, 0x3f, 0xb0, 0x5f, 0x90, 0x00, 0x00, 0x00, 0x0d, 0xf2, 0x28, 0x84, 0x00, 0x00, 0x00, 0x00,
    0x48, 0x82, 0x4f, 0xfc, 0x00, 0x00, 0x00, 0x00, 0xbf, 0xf4, 0x4f, 0xff, 0x30, 0x00, 0x00, 0x02,
    0xff, 0xf4, 0x4f, 0xaf, 0x90, 0x00, 0x00, 0x08, 0xfa, 0xf4, 0x4f, 0x8d, 0xe0, 0x00, 0x00, 0x0d,
    0xd8, 0xf4, 0x4f, 0x88, 0xf6, 0x00, 0x00, 0x5f, 0x88, 0xf4, 0x4f, 0x82, 0xfb, 0x00, 0x00, 0x9f,
    0x28, 0xf4, 0x4f, 0x80, 0xbf, 0x20, 0x01, 0xfb, 0x08, 0xf4, 0x4f, 0x80, 0x6f, 0x80, 0x07, 0xf6,
    0x08, 0xf4, 0x4f, 0x80, 0x0e, 0xe0, 0x0c, 0xe1, 0x08, 0xf4, 0x4f, 0x80, 0x08, 0xf5, 0x3f, 0x90,
    0x08, 0xf4, 0x4f, 0x80, 0x02, 0xf9, 0x8f, 0x30, 0x08, 0xf4, 0x4f, 0x80, 0x00, 0xbe, 0xcc, 0x00,
    0x08, 0xf4, 0x4f, 0x80, 0x00, 0x6f, 0xf6, 0x00, 0x08, 0xf4, 0x4f, 0x80, 0x00, 0x0e, 0xf1, 0x00,
    0x08, 0xf4, 0x28, 0x81, 0x00, 0x00, 0x00, 0x48, 0x24, 0xff, 0x90, 0x00, 0x00, 0x08, 0xf4, 0x4f,
    0xff, 0x40, 0x00, 0x00, 0x8f, 0x44, 0xf9, 0xed, 0x00, 0x00, 0x08, 0xf4, 0x4f, 0x88, 0xf8, 0x00,
    0x00, 0x8f, 0x44, 0xf8, 0x1d, 0xf3, 0x00, 0x08, 0xf4, 0x4f, 0x80, 0x5f, 0xb0, 0x00, 0x8f, 0x44,
    0xf8, 0x00, 0xaf, 0x70, 0x08, 0xf4, 0x4f, 0x80, 0x01, 0xee, 0x20, 0x8f, 0x44, 0xf8, 0x00, 0x07,
    0xfa, 0x08, 0xf4, 0x4f, 0x80, 0x00, 0x0b, 0xf5, 0x8f, 0x44, 0xf8, 0x00, 0x00, 0x2f, 0xd8, 0xf4,
    0x4f, 0x80, 0x00, 0x00, 0x8f, 0xdf, 0x44, 0xf8, 0x00, 0x00, 0x00, 0xcf, 0xf4, 0x4f, 0x80, 0x00,
    0x00, 0x04, 0xff, 0x40, 0x48, 0x88, 0x88, 0x88, 0x88, 0x68, 0xff, 0xff, 0xff, 0xff, 0xfb, 0x00,
    0x00, 0x00, 0x00, 0x00, 0x00, 0x00, 0x00, 0x00, 0x00, 0x00, 0x00, 0x00, 0x00, 0x00, 0x00, 0x00,
    0x00, 0x00, 0x00, 0x00, 0x00, 0x03, 0x44, 0x44, 0x44, 0x44, 0x00, 0xbf, 0xff, 0xff, 0xff, 0xf0,
    0x06, 0x88, 0x88, 0x88, 0x88, 0x00, 0x00, 0x00, 0x00, 0x00, 0x00, 0x00, 0x00, 0x00, 0x00, 0x00,
    0x00, 0x00, 0x00, 0x00, 0x00, 0x00, 0x00, 0x00, 0x00, 0x00, 0x00, 0x08, 0xbb, 0xbb, 0xbb, 0xbb,
    0xb8, 0xbf, 0xff, 0xff, 0xff, 0xff, 0xb0, 0x00, 0x01, 0x6a, 0xbb, 0x72, 0x00, 0x00, 0x00, 0x3d,
    0xff, 0xff, 0xff, 0x70, 0x00, 0x03, 0xef, 0x82, 0x01, 0x6e, 0xf7, 0x00, 0x0c, 0xf6, 0x00, 0x00,
    0x01, 0xef, 0x20, 0x5f, 0x90, 0x00, 0x00, 0x00, 0x6f, 0x90, 0x8f, 0x50, 0x00, 0x00, 0x00, 0x0f,
    0xd0, 0xbf, 0x10, 0x00, 0x00, 0x00, 0x0b, 0xf0, 0xbf, 0x00, 0x00, 0x00, 0x00, 0x0b, 0xf0, 0xbf,
    0x00, 0x00, 0x00, 0x00, 0x0b, 0xf0, 0xaf, 0x30, 0x00, 0x00, 0x00, 0x0d, 0xf0, 0x7f, 0x70, 0x00,
    0x00, 0x00, 0x2f, 0xa0, 0x1f, 0xe1, 0x00, 0x00, 0x00, 0xaf, 0x60, 0x08, 0xfc, 0x20, 0x00, 0x09,
    0xfc, 0x00, 0x00, 0x9f, 0xfa, 0x88, 0xdf, 0xc1, 0x00, 0x00, 0x06, 0xdf, 0xff, 0xe8, 0x10, 0x00,
    0x00, 0x00, 0x01, 0x43, 0x00, 0x00, 0x00, 0x28, 0x88, 0x88, 0x88, 0x88, 0x88, 0x04, 0xff, 0xff,
    0xff, 0xff, 0xff, 0xf0, 0x4f, 0x80, 0x00, 0x00, 0x00, 0xbf, 0x04, 0xf8, 0x00, 0x00, 0x00, 0x0b,
    0xf0, 0x4f, 0x80, 0x00, 0x00, 0x00, 0xbf, 0x04, 0xf8, 0x00, 0x00, 0x00, 0x0b, 0xf0, 0x4f, 0x80,
    0x00, 0x00, 0x00, 0xbf, 0x04, 0xf8, 0x00, 0x00, 0x00, 0x0b, 0xf0, 0x4f, 0x80, 0x00, 0x00, 0x00,
    0xbf, 0x04, 0xf8, 0x00, 0x00, 0x00, 0x0b, 0xf0, 0x4f, 0x80, 0x00, 0x00, 0x00, 0xbf, 0x04, 0xf8,
    0x00, 0x00, 0x00, 0x0b, 0xf0, 0x4f, 0x80, 0x00, 0x00, 0x00, 0xbf, 0x04, 0xf8, 0x00, 0x00, 0x00,
    0x0b, 0xf0, 0x4f, 0x80, 0x00, 0x00, 0x00, 0xbf, 0x00, 0x28, 0x88, 0x88, 0x85, 0x10, 0x04, 0xff,
    0xff, 0xff, 0xfe, 0x30, 0x4f, 0x80, 0x00, 0x38, 0xfe, 0x14, 0xf8, 0x00, 0x00, 0x08, 0xf7, 0x4f,
    0x80, 0x00, 0x00, 0x4f, 0xa4, 0xf8, 0x00, 0x00, 0x04, 0xfb, 0x4f, 0x80, 0x00, 0x00, 0x6f, 0x84,
    0xf8, 0x00, 0x00, 0x4e, 0xf2, 0x4f, 0xff, 0xff, 0xff, 0xf6, 0x04, 0xfd, 0xbb, 0xbb, 0x82, 0x00,
    0x4f, 0x80, 0x00, 0x00, 0x00, 0x04, 0xf8, 0x00, 0x00, 0x00, 0x00, 0x4f, 0x80, 0x00, 0x00, 0x00,
    0x04, 0xf8, 0x00, 0x00, 0x00, 0x00, 0x4f, 0x80, 0x00, 0x00, 0x00, 0x00, 0x28, 0x88, 0x88, 0x88,
    0x88, 0x82, 0x4f, 0xff, 0xff, 0xff, 0xff, 0xf4, 0x1c, 0xf7, 0x00, 0x00, 0x00, 0x00, 0x01, 0xcf,
    0x90, 0x00, 0x00, 0x00, 0x00, 0x1c, 0xf8, 0x00, 0x00, 0x00, 0x00, 0x01, 0xcf, 0x60, 0x00, 0x00,
    0x00, 0x00, 0x1c, 0xf6, 0x00, 0x00, 0x00, 0x00, 0x02, 0xef, 0x00, 0x00, 0x00, 0x00, 0x1c, 0xf6,
    0x00, 0x00, 0x00, 0x01, 0xcf, 0x80, 0x00, 0x00, 0x00, 0x0c, 0xf9, 0x00, 0x00, 0x00, 0x00, 0x9f,
    0x90, 0x00, 0x00, 0x00, 0x09, 0xf9, 0x00, 0x00, 0x00, 0x00, 0x8f, 0xd8, 0xab, 0xbb, 0xbb, 0xb6,
    0xbf, 0xff, 0xff, 0xff, 0xff, 0xf8, 0x08, 0x88, 0x88, 0x88, 0x88, 0x88, 0x0f, 0xff, 0xff, 0xff,
    0xff, 0xff, 0x00, 0x00, 0x08, 0xf8, 0x00, 0x00, 0x00, 0x00, 0x08, 0xf8, 0x00, 0x00, 0x00, 0x00,
    0x08, 0xf8, 0x00, 0x00, 0x00, 0x00, 0x08, 0xf8, 0x00, 0x00, 0x00, 0x00, 0x08, 0xf8, 0x00, 0x00,
    0x00, 0x00, 0x08, 0xf8, 0x00, 0x00, 0x00, 0x00, 0x08, 0xf8, 0x00, 0x00, 0x00, 0x00, 0x08, 0xf8,
    0x00, 0x00, 0x00, 0x00, 0x08, 0xf8, 0x00, 0x00, 0x00, 0x00, 0x08, 0xf8, 0x00, 0x00, 0x00, 0x00,
    0x08, 0xf8, 0x00, 0x00, 0x00, 0x00, 0x08, 0xf8, 0x00, 0x00, 0x00, 0x00, 0x08, 0xf8, 0x00, 0x00,
    0x38, 0x70, 0x00, 0x00, 0x00, 0x28, 0x70, 0x0c, 0xf5, 0x00, 0x00, 0x00, 0xbf, 0x70, 0x04, 0xfd,
    0x10, 0x00, 0x05, 0xfb, 0x00, 0x00, 0x8f, 0x80, 0x00, 0x1d, 0xf3, 0x00, 0x00, 0x1e, 0xf2, 0x00,
    0x8f, 0x80, 0x00, 0x00, 0x05, 0xfb, 0x03, 0xfd, 0x10, 0x00, 0x00, 0x00, 0xbf, 0x5b, 0xf5, 0x00,
    0x00, 0x00, 0x00, 0x2e, 0xef, 0xa0, 0x00, 0x00, 0x00, 0x00, 0x08, 0xfe, 0x20, 0x00, 0x00, 0x00,
    0x00, 0x04, 0xfb, 0x00, 0x00, 0x00, 0x00, 0x00, 0x04, 0xfb, 0x00, 0x00, 0x00, 0x00, 0x00, 0x04,
    0xfb, 0x00, 0x00, 0x00, 0x00, 0x00, 0x04, 0xfb, 0x00, 0x00, 0x00, 0x00, 0x00, 0x04, 0xfb, 0x00,
    0x00, 0x00, 0x00, 0x00, 0x04, 0xfb, 0x00, 0x00, 0x00, 0x00, 0x00, 0x00, 0x04, 0x30, 0x00, 0x00,
    0x00, 0x00, 0x00, 0x00, 0x0f, 0xb0, 0x00, 0x00, 0x00, 0x00, 0x02, 0x8b, 0xff, 0xfe, 0xa6, 0x00,
    0x00, 0x00, 0x6e, 0xfd, 0xbf, 0xeb, 0xef, 0xc3, 0x00, 0x06, 0xfd, 0x40, 0x0f, 0xb0, 0x18, 0xfe,
    0x10, 0x1e, 0xe1, 0x00, 0x0f, 0xb0, 0x00, 0x7f, 0x90, 0x7f, 0x80, 0x00, 0x0f, 0xb0, 0x00, 0x0d,
    0xf1, 0xbf, 0x30, 0x00, 0x0f, 0xb0, 0x00, 0x08, 0xf4, 0xbf, 0x00, 0x00, 0x0f, 0xb0, 0x00, 0x08,
    0xf8, 0xbf, 0x10, 0x00, 0x0f, 0xb0, 0x00, 0x08, 0xf6, 0x9f, 0x50, 0x00, 0x0f, 0xb0, 0x00, 0x0a,
    0xf3, 0x4f, 0xb0, 0x00, 0x0f, 0xb0, 0x00, 0x2f, 0xd0, 0x0b, 0xf9, 0x00, 0x0f, 0xb0, 0x01, 0xcf,
    0x50, 0x01, 0xcf, 0xb7, 0x4f, 0xc4, 0x8e, 0xf6, 0x00, 0x00, 0x18, 0xef, 0xff, 0xff, 0xfc, 0x40,
    0x00, 0x00, 0x00, 0x04, 0x6f, 0xd5, 0x20, 0x00, 0x00, 0x00, 0x00, 0x00, 0x0b, 0x80, 0x00, 0x00,
    0x00, 0x07, 0x82, 0x00, 0x00, 0x00, 0x48, 0x50, 0x07, 0xfb, 0x00, 0x00, 0x01, 0xee, 0x20, 0x00,
    0xaf, 0x70, 0x00, 0x0a, 0xf6, 0x00, 0x00, 0x1e, 0xe2, 0x00, 0x7f, 0xa0, 0x00, 0x00, 0x05, 0xfb,
    0x02, 0xee, 0x10, 0x00, 0x00, 0x00, 0xaf, 0x6b, 0xf5, 0x00, 0x00, 0x00, 0x00, 0x1d, 0xef, 0x80,
    0x00, 0x00, 0x00, 0x00, 0x06, 0xff, 0x20, 0x00, 0x00, 0x00, 0x00, 0x1d, 0xef, 0x90, 0x00, 0x00,
    0x00, 0x00, 0x8f, 0x7b, 0xf5, 0x00, 0x00, 0x00, 0x05, 0xfb, 0x03, 0xfe, 0x10, 0x00, 0x00, 0x1e,
    0xe2, 0x00, 0x8f, 0xa0, 0x00, 0x00, 0xaf, 0x70, 0x00, 0x0b, 0xf6, 0x00, 0x07, 0xfa, 0x00, 0x00,
    0x02, 0xee, 0x20, 0x2e, 0xe1, 0x00, 0x00, 0x00, 0x7f, 0xb0, 0x28, 0x40, 0x00, 0x08, 0x60, 0x00,
    0x08, 0x64, 0xf8, 0x00, 0x00, 0xfb, 0x00, 0x00, 0xfb, 0x4f, 0x80, 0x00, 0x0f, 0xb0, 0x00, 0x0f,
    0xb4, 0xf8, 0x00, 0x00, 0xfb, 0x00, 0x00, 0xfb, 0x4f, 0x80, 0x00, 0x0f, 0xb0, 0x00, 0x0f, 0xb3,
    0xf9, 0x00, 0x00, 0xfb, 0x00, 0x00, 0xfb, 0x0f, 0xc0, 0x00, 0x0f, 0xb0, 0x00, 0x4f, 0x80, 0x9f,
    0x40, 0x00, 0xfb, 0x00, 0x0a, 0xf4, 0x03, 0xee, 0x50, 0x0f, 0xb0, 0x18, 0xfa, 0x00, 0x03, 0xef,
    0xfb, 0xfe, 0xdf, 0xfa, 0x10, 0x00, 0x01, 0x69, 0xbf, 0xeb, 0x83, 0x00, 0x00, 0x00, 0x00, 0x00,
    0xfb, 0x00, 0x00, 0x00, 0x00, 0x00, 0x00, 0x0f, 0xb0, 0x00, 0x00, 0x00, 0x00, 0x00, 0x00, 0xfb,
    0x00, 0x00, 0x00, 0x00, 0x00, 0x00, 0x0f, 0xb0, 0x00, 0x00, 0x00, 0x00, 0x01, 0x6a, 0xbb, 0x82,
    0x00, 0x00, 0x00, 0x5e, 0xff, 0xff, 0xff, 0x80, 0x00, 0x05, 0xfe, 0x82, 0x00, 0x5c, 0xf9, 0x00,
    0x1e, 0xf3, 0x00, 0x00, 0x01, 0xcf, 0x60, 0x6f, 0x80, 0x00, 0x00, 0x00, 0x2f, 0xc0, 0xaf, 0x40,
    0x00, 0x00, 0x00, 0x0c, 0xf1, 0xbf, 0x00, 0x00, 0x00, 0x00, 0x0b, 0xf4, 0xbf, 0x00, 0x00, 0x00,
    0x00, 0x0b, 0xf4, 0xaf, 0x40, 0x00, 0x00, 0x00, 0x0c, 0xf1, 0x6f, 0x80, 0x00, 0x00, 0x00, 0x2f,
    0xc0, 0x1e, 0xe3, 0x00, 0x00, 0x00, 0xaf, 0x50, 0x03, 0xee, 0x50, 0x00, 0x2a, 0xf9, 0x00, 0x00,
    0x29, 0xf8, 0x00, 0xfc, 0x40, 0x00, 0x8b, 0xbc, 0xf8, 0x00, 0xfd, 0xbb, 0xb3, 0xbf, 0xff, 0xf8,
    0x00, 0xff, 0xff, 0xf4, 0x19, 0x40, 0x19, 0x58, 0xfb, 0x06, 0xfd, 0x2a, 0x40, 0x19, 0x50, 0x00,
    0x00, 0x00, 0x00, 0x28, 0x40, 0x00, 0x04, 0xf8, 0x00, 0x00, 0x4f, 0x80, 0x00, 0x04, 0xf8, 0x00,
    0x00, 0x4f, 0x80, 0x00, 0x04, 0xf8, 0x00, 0x00, 0x4f, 0x80, 0x00, 0x04, 0xf8, 0x00, 0x00, 0x4f,
    0x80, 0x00, 0x04, 0xf8, 0x00, 0x00, 0x4f, 0x80, 0x00, 0x04, 0xf8, 0x00, 0x00, 0x4f, 0x80, 0x00,
    0x04, 0xf8, 0x00, 0x00, 0x4f, 0x80, 0x00, 0x00, 0x01, 0x95, 0x01, 0x95, 0x00, 0x00, 0x00, 0x06,
    0xfd, 0x04, 0xff, 0x00, 0x00, 0x00, 0x01, 0x95, 0x01, 0x96, 0x00, 0x00, 0x00, 0x00, 0x00, 0x00,
    0x00, 0x00, 0x00, 0x38, 0x70, 0x00, 0x00, 0x00, 0x28, 0x70, 0x0c, 0xf5, 0x00, 0x00, 0x00, 0xbf,
    0x70, 0x04, 0xfd, 0x10, 0x00, 0x05, 0xfb, 0x00, 0x00, 0x8f, 0x80, 0x00, 0x1d, 0xf3, 0x00, 0x00,
    0x1e, 0xf2, 0x00, 0x8f, 0x80, 0x00, 0x00, 0x05, 0xfb, 0x03, 0xfd, 0x10, 0x00, 0x00, 0x00, 0xbf,
    0x5b, 0xf5, 0x00, 0x00, 0x00, 0x00, 0x2e, 0xef, 0xa0, 0x00, 0x00, 0x00, 0x00, 0x08, 0xfe, 0x20,
    0x00, 0x00, 0x00, 0x00, 0x04, 0xfb, 0x00, 0x00, 0x00, 0x00, 0x00, 0x04, 0xfb, 0x00, 0x00, 0x00,
    0x00, 0x00, 0x04, 0xfb, 0x00, 0x00, 0x00, 0x00, 0x00, 0x04, 0xfb, 0x00, 0x00, 0x00, 0x00, 0x00,
    0x04, 0xfb, 0x00, 0x00, 0x00, 0x00, 0x00, 0x04, 0xfb, 0x00, 0x00, 0x00, 0x00, 0x00, 0x14, 0x20,
    0x00, 0x00, 0x00, 0x00, 0x5f, 0x60, 0x00, 0x00, 0x00, 0x00, 0x8f, 0x10, 0x00, 0x00, 0x00, 0x00,
    0x68, 0x00, 0x00, 0x00, 0x00, 0x00, 0x00, 0x00, 0x00, 0x00, 0x00, 0x6d, 0xff, 0xb3, 0x06, 0xf4,
    0x09, 0xfd, 0x88, 0xde, 0x29, 0xe0, 0x4f, 0xb0, 0x00, 0x1c, 0x9c, 0xa0, 0xaf, 0x20, 0x00, 0x04,
    0xff, 0x70, 0xed, 0x00, 0x00, 0x00, 0xcf, 0x20, 0xfb, 0x00, 0x00, 0x00, 0x8f, 0x00, 0xfd, 0x00,
    0x00, 0x00, 0xcf, 0x20, 0xbf, 0x10, 0x00, 0x02, 0xff, 0x70, 0x6f, 0x90, 0x00, 0x1c, 0xab, 0xb0,
    0x0b, 0xfa, 0x67, 0xce, 0x38, 0xf1, 0x01, 0x8f, 0xff, 0xd3, 0x04, 0xf6, 0x00, 0x01, 0x43, 0x00,
    0x00, 0x00, 0x00, 0x00, 0x34, 0x00, 0x00, 0x00, 0x0d, 0xd0, 0x00, 0x00, 0x00, 0xf7, 0x00, 0x00,
    0x00, 0x0b, 0x20, 0x00, 0x00, 0x00, 0x00, 0x00, 0x00, 0x4a, 0xff, 0xfa, 0x30, 0x4f, 0xe9, 0x89,
    0xfe, 0x1a, 0xf4, 0x00, 0x07, 0xe5, 0xbf, 0x20, 0x00, 0x10, 0x05, 0xfc, 0x74, 0x30, 0x00, 0x07,
    0xff, 0xfb, 0x00, 0x06, 0xfa, 0x44, 0x30, 0x00, 0xdf, 0x10, 0x00, 0x01, 0x0e, 0xf1, 0x00, 0x04,
    0xf8, 0x8f, 0xd8, 0x88, 0xef, 0x30, 0x7d, 0xff, 0xfd, 0x50, 0x00, 0x02, 0x42, 0x00, 0x00, 0x00,
    0x00, 0x14, 0x30, 0x00, 0x00, 0x00, 0x4f, 0x60, 0x00, 0x00, 0x00, 0x7f, 0x10, 0x00, 0x00, 0x00,
    0x68, 0x00, 0x00, 0x00, 0x00, 0x00, 0x00, 0x00, 0x8f, 0x48, 0xef, 0xe8, 0x10, 0x8f, 0xae, 0x88,
    0xdf, 0xa0, 0x8f, 0xd1, 0x00, 0x1d, 0xf2, 0x8f, 0x70, 0x00, 0x08, 0xf4, 0x8f, 0x40, 0x00, 0x08,
    0xf4, 0x8f, 0x40, 0x00, 0x08, 0xf4, 0x8f, 0x40, 0x00, 0x08, 0xf4, 0x8f, 0x40, 0x00, 0x08, 0xf4,
    0x8f, 0x40, 0x00, 0x08, 0xf4, 0x8f, 0x40, 0x00, 0x08, 0xf4, 0x8f, 0x40, 0x00, 0x08, 0xf4, 0x00,
    0x00, 0x00, 0x08, 0xf4, 0x00, 0x00, 0x00, 0x08, 0xf4, 0x00, 0x00, 0x00, 0x08, 0xf4, 0x00, 0x00,
    0x00, 0x08, 0xf4, 0x00, 0x00, 0x00, 0x00, 0x00, 0x03, 0x40, 0x00, 0xfc, 0x00, 0x0f, 0x70, 0x02,
    0xb2, 0x00, 0x00, 0x00, 0x08, 0xf4, 0x00, 0x8f, 0x40, 0x08, 0xf4, 0x00, 0x8f, 0x40, 0x08, 0xf4,
    0x00, 0x8f, 0x40, 0x08, 0xf4, 0x00, 0x8f, 0x40, 0x08, 0xf4, 0x00, 0x5f, 0xc8, 0x00, 0xaf, 0xf3,
    0x00, 0x00, 0x00, 0x00, 0x00, 0x48, 0x30, 0x00, 0x00, 0x00, 0x8f, 0x20, 0x00, 0x00, 0x00, 0xac,
    0x00, 0x00, 0x0c, 0xc0, 0x64, 0x2e, 0xa0, 0x0e, 0xe1, 0x00, 0x3f, 0xd0, 0x02, 0x20, 0x00, 0x03,
    0x10, 0x00, 0x00, 0x00, 0x00, 0x00, 0x8f, 0x40, 0x00, 0x08, 0xf4, 0x8f, 0x40, 0x00, 0x08, 0xf4,
    0x8f, 0x40, 0x00, 0x08, 0xf4, 0x8f, 0x40, 0x00, 0x08, 0xf4, 0x8f, 0x40, 0x00, 0x08, 0xf4, 0x8f,
    0x40, 0x00, 0x08, 0xf4, 0x8f, 0x40, 0x00, 0x08, 0xf4, 0x8f, 0x50, 0x00, 0x08, 0xf4, 0x3f, 0xa0,
    0x00, 0x0d, 0xf1, 0x0b, 0xfb, 0x88, 0xcf, 0x80, 0x01, 0x9f, 0xff, 0xe8, 0x00, 0x00, 0x00, 0x44,
    0x00, 0x00, 0x00, 0x00, 0x00, 0x00, 0x00, 0x00, 0x00, 0x6d, 0xff, 0xb3, 0x06, 0xf4, 0x09, 0xfd,
    0x88, 0xde, 0x29, 0xe0, 0x4f, 0xb0, 0x00, 0x1c, 0x9c, 0xa0, 0xaf, 0x20, 0x00, 0x04, 0xff, 0x70,
    0xed, 0x00, 0x00, 0x00, 0xcf, 0x20, 0xfb, 0x00, 0x00, 0x00, 0x8f, 0x00, 0xfd, 0x00, 0x00, 0x00,
    0xcf, 0x20, 0xbf, 0x10, 0x00, 0x02, 0xff, 0x70, 0x6f, 0x90, 0x00, 0x1c, 0xab, 0xb0, 0x0b, 0xfa,
    0x67, 0xce, 0x38, 0xf1, 0x01, 0x8f, 0xff, 0xd3, 0x04, 0xf6, 0x00, 0x01, 0x43, 0x00, 0x00, 0x00,
    0x00, 0x28, 0xbb, 0x71, 0x00, 0x06, 0xff, 0xff, 0xfe, 0x30, 0x2f, 0xe4, 0x00, 0x5f, 0xd0, 0x6f,
    0x60, 0x00, 0x09, 0xf2, 0x8f, 0x40, 0x00, 0x08, 0xf3, 0x8f, 0x40, 0x00, 0x1e, 0xd0, 0x8f, 0x40,
    0x88, 0xec, 0x30, 0x8f, 0x40, 0xff, 0xe9, 0x10, 0x8f, 0x40, 0x00, 0x5c, 0xe2, 0x8f, 0x40, 0x00,
    0x04, 0xf9, 0x8f, 0x40, 0x00, 0x00, 0xfb, 0x8f, 0x50, 0x00, 0x01, 0xfb, 0x8f, 0xb0, 0x00, 0x08,
    0xf7, 0x8f, 0xdd, 0x88, 0xbf, 0xc1, 0x8f, 0x5b, 0xff, 0xfb, 0x10, 0x8f, 0x40, 0x24, 0x10, 0x00,
    0x8f, 0x40, 0x00, 0x00, 0x00, 0x8f, 0x40, 0x00, 0x00, 0x00, 0x8f, 0x40, 0x00, 0x00, 0x00, 0x00,
    0x00, 0x00, 0x00, 0x00, 0x5f, 0x90, 0x00, 0x00, 0x6f, 0x80, 0xee, 0x00, 0x00, 0x0a, 0xf2, 0x08,
    0xf5, 0x00, 0x01, 0xfc, 0x00, 0x2f, 0xa0, 0x00, 0x7f, 0x60, 0x00, 0xcf, 0x10, 0x0c, 0xf1, 0x00,
    0x06, 0xf6, 0x02, 0xf9, 0x00, 0x00, 0x1f, 0xb0, 0x8f, 0x40, 0x00, 0x00, 0x9f, 0x2d, 0xd0, 0x00,
    0x00, 0x04, 0xf8, 0xf8, 0x00, 0x00, 0x00, 0x0d, 0xef, 0x20, 0x00, 0x00, 0x00, 0x8f, 0xa0, 0x00,
    0x00, 0x00, 0x04, 0xf8, 0x00, 0x00, 0x00, 0x00, 0x4f, 0x80, 0x00, 0x00, 0x00, 0x04, 0xf8, 0x00,
    0x00, 0x00, 0x00, 0x4f, 0x80, 0x00, 0x00, 0x00, 0x00, 0x00, 0x00, 0x00, 0x00, 0x02, 0x68, 0x88,
    0x20, 0x01, 0xaf, 0xff, 0xff, 0x40, 0x07, 0xf9, 0x30, 0x00, 0x00, 0x07, 0xf5, 0x00, 0x00, 0x00,
    0x01, 0x9e, 0x82, 0x00, 0x00, 0x00, 0x39, 0xff, 0xd5, 0x00, 0x08, 0xfb, 0x88, 0xef, 0x60, 0x5f,
    0x90, 0x00, 0x1d, 0xf2, 0xbf, 0x10, 0x00, 0x06, 0xf7, 0xfc, 0x00, 0x00, 0x04, 0xf9, 0xfb, 0x00,
    0x00, 0x04, 0xfb, 0xde, 0x00, 0x00, 0x04, 0xf8, 0x9f, 0x70, 0x00, 0x0a, 0xf4, 0x1e, 0xf9, 0x56,
    0xbf, 0xa0, 0x02, 0xbf, 0xff, 0xe8, 0x00, 0x00, 0x01, 0x44, 0x00, 0x00, 0x00, 0x00, 0x00, 0x00,
    0x00, 0x4a, 0xff, 0xfa, 0x30, 0x4f, 0xe9, 0x89, 0xfe, 0x1a, 0xf4, 0x00, 0x07, 0xe5, 0xbf, 0x20,
    0x00, 0x10, 0x05, 0xfc, 0x74, 0x30, 0x00, 0x07, 0xff, 0xfb, 0x00, 0x06, 0xfa, 0x44, 0x30, 0x00,
    0xdf, 0x10, 0x00, 0x01, 0x0e, 0xf1, 0x00, 0x04, 0xf8, 0x8f, 0xd8, 0x88, 0xef, 0x30, 0x7d, 0xff,
    0xfd, 0x50, 0x00, 0x02, 0x42, 0x00, 0x00, 0x48, 0x88, 0x88, 0x88, 0x08, 0xff, 0xff, 0xff, 0xf0,
    0x00, 0x00, 0x06, 0xf8, 0x00, 0x00, 0x04, 0xfc, 0x00, 0x00, 0x02, 0xee, 0x10, 0x00, 0x01, 0xcf,
    0x40, 0x00, 0x00, 0x9f, 0x70, 0x00, 0x00, 0x6f, 0x90, 0x00, 0x00, 0x2e, 0xc1, 0x00, 0x00, 0x09,
    0xf4, 0x00, 0x00, 0x00, 0xec, 0x00, 0x00, 0x00, 0x0f, 0xc0, 0x00, 0x00, 0x00, 0xbf, 0x30, 0x00,
    0x00, 0x03, 0xef, 0xb8, 0x87, 0x10, 0x03, 0x9e, 0xff, 0xfc, 0x00, 0x00, 0x00, 0x08, 0xf4, 0x00,
    0x00, 0x00, 0x8f, 0x40, 0x00, 0x00, 0x06, 0xb3, 0x00, 0x00, 0x00, 0x00, 0x00, 0x8f, 0x48, 0xef,
    0xe8, 0x10, 0x8f, 0xae, 0x88, 0xdf, 0xa0, 0x8f, 0xd1, 0x00, 0x1d, 0xf2, 0x8f, 0x70, 0x00, 0x08,
    0xf4, 0x8f, 0x40, 0x00, 0x08, 0xf4, 0x8f, 0x40, 0x00, 0x08, 0xf4, 0x8f, 0x40, 0x00, 0x08, 0xf4,
    0x8f, 0x40, 0x00, 0x08, 0xf4, 0x8f, 0x40, 0x00, 0x08, 0xf4, 0x8f, 0x40, 0x00, 0x08, 0xf4, 0x8f,
    0x40, 0x00, 0x08, 0xf4, 0x00, 0x00, 0x00, 0x08, 0xf4, 0x00, 0x00, 0x00, 0x08, 0xf4, 0x00, 0x00,
    0x00, 0x08, 0xf4, 0x00, 0x00, 0x00, 0x08, 0xf4, 0x00, 0x00, 0x00, 0x00, 0x00, 0x00, 0x17, 0xbb,
    0x92, 0x00, 0x00, 0x1c, 0xfd, 0xbf, 0xf6, 0x00, 0x0a, 0xf6, 0x00, 0x2c, 0xe2, 0x02, 0xf9, 0x00,
    0x00, 0x4f, 0x90, 0x8f, 0x40, 0x00, 0x00, 0xcd, 0x0a, 0xf0, 0x00, 0x00, 0x0a, 0xf1, 0xbf, 0x00,
    0x00, 0x00, 0x8f, 0x4b, 0xff, 0xff, 0xff, 0xff, 0xf4, 0xbf, 0x88, 0x88, 0x88, 0xbf, 0x4b, 0xf0,
    0x00, 0x00, 0x08, 0xf3, 0x8f, 0x30, 0x00, 0x00, 0xbf, 0x05, 0xf7, 0x00, 0x00, 0x1f, 0xa0, 0x0d,
    0xd1, 0x00, 0x08, 0xf6, 0x00, 0x5f, 0xd7, 0x59, 0xfb, 0x00, 0x00, 0x5d, 0xff, 0xf8, 0x10, 0x00,
    0x00, 0x03, 0x41, 0x00, 0x00, 0x8f, 0x40, 0x08, 0xf4, 0x00, 0x8f, 0x40, 0x08, 0xf4, 0x00, 0x8f,
    0x40, 0x08, 0xf4, 0x00, 0x8f, 0x40, 0x08, 0xf4, 0x00, 0x8f, 0x40, 0x05, 0xfc, 0x80, 0x0a, 0xff,
    0x30, 0x00, 0x00, 0x8f, 0x40, 0x00, 0x4f, 0xc1, 0x8f, 0x40, 0x02, 0xee, 0x20, 0x8f, 0x40, 0x1c,
    0xe3, 0x00, 0x8f, 0x40, 0x9f, 0x60, 0x00, 0x8f, 0x47, 0xf7, 0x00, 0x00, 0x8f, 0xff, 0xb0, 0x00,
    0x00, 0x8f, 0x7a, 0xf6, 0x00, 0x00, 0x8f, 0x41, 0xce, 0x30, 0x00, 0x8f, 0x40, 0x2e, 0xe2, 0x00,
    0x8f, 0x40, 0x04, 0xfc, 0x10, 0x8f, 0x40, 0x00, 0x6f, 0xb0, 0x06, 0xba, 0x50, 0x00, 0x00, 0x00,
    0x00, 0x3c, 0xef, 0x60, 0x00, 0x00, 0x00, 0x00, 0x01, 0xee, 0x00, 0x00, 0x00, 0x00, 0x00, 0x07,
    0xf5, 0x00, 0x00, 0x00, 0x00, 0x00, 0x7f, 0xa0, 0x00, 0x00, 0x00, 0x00, 0x0d, 0xef, 0x20, 0x00,
    0x00, 0x00, 0x04, 0xf8, 0xf7, 0x00, 0x00, 0x00, 0x00, 0x9f, 0x2d, 0xd0, 0x00, 0x00, 0x00, 0x1e,
    0xc0, 0x8f, 0x30, 0x00, 0x00, 0x06, 0xf7, 0x02, 0xf9, 0x00, 0x00, 0x00, 0xbf, 0x10, 0x0c, 0xe1,
    0x00, 0x00, 0x2f, 0xa0, 0x00, 0x6f, 0x60, 0x00, 0x08, 0xf6, 0x00, 0x01, 0xeb, 0x00, 0x00, 0xde,
    0x00, 0x00, 0x08, 0xfa, 0x72, 0x5f, 0x90, 0x00, 0x00, 0x1b, 0xff, 0x70, 0x00, 0x00, 0x00, 0x00,
    0x02, 0x41, 0x8f, 0x40, 0x00, 0x08, 0xf4, 0x08, 0xf4, 0x00, 0x00, 0x8f, 0x40, 0x8f, 0x40, 0x00,
    0x08, 0xf4, 0x08, 0xf4, 0x00, 0x00, 0x8f, 0x40, 0x8f, 0x40, 0x00, 0x08, 0xf4, 0x08, 0xf4, 0x00,
    0x00, 0x8f, 0x40, 0x8f, 0x40, 0x00, 0x08, 0xf4, 0x08, 0xf6, 0x00, 0x00, 0x8f, 0x40, 0x8f, 0xb0,
    0x00, 0x1d, 0xf4, 0x08, 0xfe, 0xb8, 0x8d, 0xdf, 0xc4, 0x8f, 0x5b, 0xff, 0xb1, 0x8e, 0x88, 0xf4,
    0x02, 0x10, 0x00, 0x00, 0x8f, 0x40, 0x00, 0x00, 0x00, 0x08, 0xf4, 0x00, 0x00, 0x00, 0x00, 0x8f,
    0x40, 0x00, 0x00, 0x00, 0x00, 0x00, 0x00, 0x00, 0x00, 0x00, 0x8e, 0x80, 0x00, 0x00, 0x0d, 0xf1,
    0x4b, 0xf7, 0x00, 0x00, 0x3f, 0x90, 0x01, 0xfc, 0x00, 0x00, 0x8f, 0x50, 0x00, 0x9f, 0x30, 0x00,
    0xed, 0x00, 0x00, 0x5f, 0x80, 0x05, 0xf8, 0x00, 0x00, 0x0d, 0xd0, 0x09, 0xf2, 0x00, 0x00, 0x08,
    0xf4, 0x1f, 0xb0, 0x00, 0x00, 0x02, 0xf8, 0x6f, 0x60, 0x00, 0x00, 0x00, 0xbd, 0x9e, 0x10, 0x00,
    0x00, 0x00, 0x6f, 0xe9, 0x00, 0x00, 0x00, 0x00, 0x1e, 0xf4, 0x00, 0x00, 0x28, 0x88, 0x88, 0x88,
    0x44, 0xfd, 0xcf, 0xff, 0xf7, 0x03, 0xbc, 0x62, 0x00, 0x00, 0xdd, 0x10, 0x00, 0x00, 0x3f, 0xb0,
    0x00, 0x00, 0x00, 0xfd, 0x00, 0x00, 0x00, 0x06, 0xfb, 0x64, 0x43, 0x00, 0x04, 0xcf, 0xff, 0xb0,
    0x08, 0xf9, 0x74, 0x43, 0x08, 0xf6, 0x00, 0x00, 0x00, 0xbf, 0x00, 0x00, 0x00, 0x0b, 0xf0, 0x00,
    0x00, 0x00, 0x9f, 0x70, 0x00, 0x00, 0x02, 0xef, 0xc8, 0x88, 0x50, 0x01, 0x9d, 0xff, 0xff, 0x80,
    0x00, 0x00, 0x01, 0xdb, 0x00, 0x00, 0x00, 0x0b, 0xb0, 0x00, 0x00, 0x00, 0x88, 0x00, 0x00, 0x00,
    0x00, 0x00, 0x00, 0x6d, 0xff, 0xd6, 0x00, 0x09, 0xfd, 0x88, 0xdf, 0x90, 0x4f, 0xc1, 0x00, 0x1c,
    0xf4, 0xaf, 0x30, 0x00, 0x03, 0xfa, 0xee, 0x00, 0x00, 0x00, 0xee, 0xfb, 0x00, 0x00, 0x00, 0xbf,
    0xfd, 0x00, 0x00, 0x00, 0xdf, 0xbf, 0x20, 0x00, 0x02, 0xfb, 0x6f, 0xa0, 0x00, 0x0a, 0xf6, 0x0b,
    0xfb, 0x66, 0xbf, 0xb0, 0x01, 0x8f, 0xff, 0xf8, 0x10, 0x00, 0x00, 0x44, 0x00, 0x00, 0x8f, 0xff,
    0xff, 0xff, 0xff, 0xfb, 0x48, 0xdf, 0x88, 0x88, 0xfd, 0x86, 0x00, 0xbf, 0x00, 0x00, 0xfb, 0x00,
    0x00, 0xbf, 0x00, 0x00, 0xfb, 0x00, 0x00, 0xbf, 0x00, 0x00, 0xfb, 0x00, 0x00, 0xbf, 0x00, 0x00,
    0xfb, 0x00, 0x00, 0xbf, 0x00, 0x00, 0xfb, 0x00, 0x00, 0xbf, 0x00, 0x00, 0xfb, 0x00, 0x00, 0xbf,
    0x00, 0x00, 0xfb, 0x00, 0x00, 0xbf, 0x00, 0x00, 0xdf, 0x84, 0x00, 0xbf, 0x00, 0x00, 0x6e, 0xf9,
    0x00, 0x00, 0x00, 0x00, 0x00, 0x00, 0x00, 0x00, 0x00, 0x00, 0x00, 0x00, 0x03, 0xaf, 0xfe, 0x91,
    0x00, 0x03, 0xef, 0x98, 0xbf, 0xc1, 0x00, 0xcf, 0x30, 0x00, 0x7f, 0x90, 0x3f, 0x90, 0x00, 0x00,
    0xde, 0x07, 0xf6, 0x00, 0x00, 0x09, 0xf3, 0x8f, 0x40, 0x00, 0x00, 0x8f, 0x48, 0xf5, 0x00, 0x00,
    0x09, 0xf4, 0x8f, 0x80, 0x00, 0x00, 0xdf, 0x08, 0xfe, 0x30, 0x00, 0x6f, 0x90, 0x8f, 0xae, 0x75,
    0x8f, 0xe2, 0x08, 0xf4, 0x8f, 0xff, 0xc3, 0x00, 0x8f, 0x40, 0x24, 0x30, 0x00, 0x08, 0xf4, 0x00,
    0x00, 0x00, 0x00, 0x8f, 0x40, 0x00, 0x00, 0x00, 0x08, 0xf4, 0x00, 0x00, 0x00, 0x00, 0x00, 0x00,
    0x00, 0x00, 0x00, 0x00, 0x00, 0x00, 0x00, 0x00, 0x00, 0x00, 0x6d, 0xff, 0xd6, 0x00, 0x09, 0xfd,
    0x88, 0xdf, 0x90, 0x4f, 0xc1, 0x00, 0x1c, 0xf4, 0xaf, 0x30, 0x00, 0x03, 0x30, 0xee, 0x00, 0x00,
    0x00, 0x00, 0xfb, 0x00, 0x00, 0x00, 0x00, 0xfd, 0x00, 0x00, 0x00, 0x00, 0xbf, 0x20, 0x00, 0x00,
    0x00, 0x6f, 0xa0, 0x00, 0x00, 0x00, 0x09, 0xfd, 0x88, 0x84, 0x00, 0x00, 0x6c, 0xff, 0xff, 0x70,
    0x00, 0x00, 0x00, 0x1d, 0xf0, 0x00, 0x00, 0x00, 0x08, 0xf0, 0x00, 0x00, 0x00, 0x06, 0xb0, 0x00,
    0x4a, 0xef, 0xff, 0xff, 0xf0, 0x08, 0xfe, 0xbb, 0xec, 0x88, 0x80, 0x4f, 0xc1, 0x00, 0x1c, 0x90,
    0x00, 0xaf, 0x40, 0x00, 0x04, 0xf8, 0x00, 0xee, 0x00, 0x00, 0x00, 0xec, 0x00, 0xfb, 0x00, 0x00,
    0x00, 0xbf, 0x00, 0xfd, 0x00, 0x00, 0x00, 0xdf, 0x00, 0xbf, 0x20, 0x00, 0x02, 0xfb, 0x00, 0x6f,
    0xa0, 0x00, 0x0a, 0xf6, 0x00, 0x0b, 0xfb, 0x66, 0xbf, 0xc0, 0x00, 0x01, 0x8f, 0xff, 0xf8, 0x10,
    0x00, 0x00, 0x00, 0x44, 0x00, 0x00, 0x00, 0xbf, 0xff, 0xff, 0xff, 0xf0, 0x8b, 0xbc, 0xfd, 0xbb,
    0xb0, 0x00, 0x04, 0xf8, 0x00, 0x00, 0x00, 0x04, 0xf8, 0x00, 0x00, 0x00, 0x04, 0xf8, 0x00, 0x00,
    0x00, 0x04, 0xf8, 0x00, 0x00, 0x00, 0x04, 0xf8, 0x00, 0x00, 0x00, 0x04, 0xf8, 0x00, 0x00, 0x00,
    0x04, 0xf8, 0x00, 0x00, 0x00, 0x00, 0xee, 0x86, 0x00, 0x00, 0x00, 0x5e, 0xff, 0x00, 0x00, 0x00,
    0x00, 0x21, 0x00, 0x8f, 0x40, 0x00, 0x08, 0xf4, 0x8f, 0x40, 0x00, 0x08, 0xf4, 0x8f, 0x40, 0x00,
    0x08, 0xf4, 0x8f, 0x40, 0x00, 0x08, 0xf4, 0x8f, 0x40, 0x00, 0x08, 0xf4, 0x8f, 0x40, 0x00, 0x08,
    0xf4, 0x8f, 0x40, 0x00, 0x08, 0xf4, 0x8f, 0x50, 0x00, 0x08, 0xf4, 0x3f, 0xa0, 0x00, 0x0d, 0xf1,
    0x0b, 0xfb, 0x88, 0xcf, 0x80, 0x01, 0x9f, 0xff, 0xe8, 0x00, 0x00, 0x00, 0x44, 0x00, 0x00, 0x00,
    0x00, 0x00, 0x00, 0x00, 0x00, 0x00, 0x18, 0x80, 0x08, 0xff, 0xd5, 0x00, 0x0a, 0xf8, 0x06, 0xfb,
    0x8c, 0xf5, 0x06, 0xf8, 0x00, 0xaf, 0x20, 0x1e, 0xd0, 0xaf, 0x10, 0x0b, 0xf0, 0x00, 0x8f, 0x3e,
    0xc0, 0x00, 0xbf, 0x00, 0x07, 0xf5, 0xfb, 0x00, 0x0b, 0xf0, 0x00, 0x5f, 0x8e, 0xd0, 0x00, 0xbf,
    0x00, 0x08, 0xf4, 0xaf, 0x20, 0x0b, 0xf0, 0x00, 0xbf, 0x24, 0xfc, 0x10, 0xbf, 0x00, 0x6f, 0x90,
    0x09, 0xfd, 0x8d, 0xf8, 0xbf, 0xc1, 0x00, 0x06, 0xdf, 0xff, 0xfe, 0x81, 0x00, 0x00, 0x00, 0x2c,
    0xf2, 0x00, 0x00, 0x00, 0x00, 0x00, 0xbf, 0x00, 0x00, 0x00, 0x00, 0x00, 0x0b, 0xf0, 0x00, 0x00,
    0x00, 0x00, 0x00, 0xbf, 0x00, 0x00, 0x00, 0x00, 0x00, 0x00, 0x00, 0x00, 0x00, 0x00, 0x00, 0x00,
    0x00, 0x00, 0x00, 0x00, 0xbf, 0x80, 0x00, 0x00, 0x8f, 0x60, 0x6c, 0xf7, 0x00, 0x01, 0xed, 0x00,
    0x00, 0xde, 0x10, 0x08, 0xf6, 0x00, 0x00, 0x6f, 0x80, 0x1e, 0xb0, 0x00, 0x00, 0x0d, 0xe1, 0x9f,
    0x40, 0x00, 0x00, 0x06, 0xf9, 0xfb, 0x00, 0x00, 0x00, 0x00, 0xbf, 0xf3, 0x00, 0x00, 0x00, 0x00,
    0x6f, 0xb0, 0x00, 0x00, 0x00, 0x00, 0xbf, 0xf2, 0x00, 0x00, 0x00, 0x06, 0xfa, 0xf9, 0x00, 0x00,
    0x00, 0x0d, 0xe1, 0xbf, 0x20, 0x00, 0x00, 0x6f, 0x80, 0x4f, 0x90, 0x00, 0x00, 0xde, 0x10, 0x0b,
    0xf2, 0x00, 0x08, 0xf6, 0x00, 0x03, 0xfc, 0x82, 0x1e, 0xd0, 0x00, 0x00, 0x6e, 0xf4, 0x00, 0x00,
    0x00, 0x00, 0x00, 0x00, 0x00, 0x00, 0x00, 0x86, 0x00, 0x00, 0x00, 0x00, 0x00, 0x00, 0xfb, 0x00,
    0x00, 0x00, 0x00, 0x00, 0x00, 0xfb, 0x00, 0x00, 0x00, 0x8f, 0x40, 0x00, 0xfb, 0x00, 0x0b, 0xf0,
    0x8f, 0x40, 0x00, 0xfb, 0x00, 0x0b, 0xf0, 0x8f, 0x40, 0x00, 0xfb, 0x00, 0x0b, 0xf0, 0x8f, 0x40,
    0x00, 0xfb, 0x00, 0x0b, 0xf0, 0x8f, 0x40, 0x00, 0xfb, 0x00, 0x0b, 0xf0, 0x8f, 0x40, 0x00, 0xfb,
    0x00, 0x0b, 0xf0, 0x6f, 0x60, 0x00, 0xfb, 0x00, 0x0c, 0xf0, 0x3f, 0x90, 0x00, 0xfb, 0x00, 0x1f,
    0xb0, 0x0d, 0xf3, 0x00, 0xfb, 0x00, 0x9f, 0x60, 0x03, 0xef, 0x98, 0xfd, 0x8b, 0xfb, 0x00, 0x00,
    0x3b, 0xff, 0xff, 0xfe, 0x81, 0x00, 0x00, 0x00, 0x04, 0xfc, 0x30, 0x00, 0x00, 0x00, 0x00, 0x00,
    0xfb, 0x00, 0x00, 0x00, 0x00, 0x00, 0x00, 0xfb, 0x00, 0x00, 0x00, 0x00, 0x00, 0x00, 0xfb, 0x00,
    0x00, 0x00, 0x00, 0x00, 0x00, 0x00, 0x00, 0x00, 0x00, 0x01, 0xee, 0x10, 0x00, 0x01, 0xce, 0x30,
    0x00, 0xbf, 0x40, 0x00, 0x00, 0x03, 0xec, 0x00, 0x4f, 0x90, 0x00, 0x00, 0x00, 0x08, 0xf6, 0x09,
    0xf3, 0x00, 0x00, 0x00, 0x00, 0x2f, 0xa0, 0xdf, 0x00, 0x00, 0xbf, 0x00, 0x00, 0xcf, 0x0f, 0xb0,
    0x00, 0x0b, 0xf0, 0x00, 0x0b, 0xf0, 0xfb, 0x00, 0x00, 0xbf, 0x00, 0x00, 0xbf, 0x0d, 0xe0, 0x00,
    0x0d, 0xf0, 0x00, 0x0c, 0xf0, 0x9f, 0x40, 0x04, 0xff, 0x50, 0x04, 0xfa, 0x02, 0xee, 0x88, 0xec,
    0xbe, 0x88, 0xef, 0x40, 0x03, 0xdf, 0xfd, 0x33, 0xdf, 0xfd, 0x50, 0x00, 0x00, 0x22, 0x00, 0x00,
    0x22, 0x00, 0x00, 0x03, 0xaf, 0xc5, 0x01, 0xef, 0xff, 0xf4, 0x7f, 0xff, 0xff, 0xa8, 0xff, 0xff,
    0xfb, 0x3f, 0xff, 0xff, 0x70, 0x6f, 0xff, 0x90, 0x00, 0x24, 0x30, 0x00, 0x00, 0x4a, 0xba, 0x50,
    0x00, 0x5f, 0xd8, 0xdf, 0x80, 0x0c, 0xe1, 0x00, 0xde, 0x00, 0xfb, 0x00, 0x08, 0xf4, 0x0f, 0xb0,
    0x00, 0x8f, 0x40, 0xfc, 0x00, 0x09, 0xf3, 0x09, 0xf7, 0x05, 0xfc, 0x00, 0x1b, 0xff, 0xfd, 0x30,
    0x00, 0x03, 0x44, 0x00, 0x00, 0x22, 0xec, 0x43, 0x88, 0xbb, 0xbb, 0xbb, 0xbb, 0xbb, 0x33, 0x00,
    0x00, 0x3b, 0xb0, 0x00, 0x00, 0x1c, 0xff, 0x00, 0x00, 0x09, 0xfa, 0xf0, 0x00, 0x07, 0xf6, 0x8f,
    0x00, 0x03, 0xf8, 0x08, 0xf0, 0x00, 0xde, 0x88, 0xbf, 0x82, 0x0f, 0xff, 0xff, 0xff, 0x40, 0x00,
    0x00, 0x8f, 0x00, 0x00, 0x00, 0x02, 0x40, 0x00, 0x0b, 0xbb, 0xbb, 0x64, 0xfc, 0xbb, 0xb6, 0x4f,
    0x40, 0x00, 0x08, 0xf8, 0xee, 0x91, 0x49, 0x64, 0x8f, 0x90, 0x00, 0x00, 0xbe, 0xae, 0x30, 0x4e,
    0xa3, 0xdf, 0xff, 0xc2, 0x00, 0x44, 0x30, 0x00, 0x00, 0x39, 0xba, 0x50, 0x03, 0xfe, 0xbd, 0xf6,
    0x0b, 0xe1, 0x00, 0x86, 0x0f, 0xa8, 0xde, 0x91, 0x0f, 0xe8, 0x48, 0xfa, 0x0f, 0xb0, 0x00, 0xbf,
    0x0a, 0xf4, 0x03, 0xeb, 0x01, 0xbf, 0xff, 0xd3, 0x00, 0x03, 0x44, 0x00, 0x3b, 0xbb, 0xbb, 0xb3,
    0x3b, 0xbb, 0xbd, 0xf4, 0x00, 0x00, 0x1e, 0xc0, 0x00, 0x00, 0x8f, 0x30, 0x00, 0x04, 0xf8, 0x00,
    0x00, 0x0c, 0xd1, 0x00, 0x00, 0x8f, 0x50, 0x00, 0x02, 0xea, 0x00, 0x00, 0x02, 0x41, 0x00, 0x00,
    0x00, 0x6a, 0xba, 0x60, 0x00, 0x8f, 0xa8, 0xaf, 0x80, 0x0b, 0xf0, 0x00, 0xfb, 0x00, 0x3e, 0xa8,
    0xae, 0x30, 0x03, 0xae, 0xbe, 0xa3, 0x00, 0xed, 0x10, 0x1d, 0xe0, 0x0f, 0xd1, 0x01, 0xdf, 0x00,
    0x6e, 0xfd, 0xfe, 0x60, 0x00, 0x04, 0x44, 0x00, 0x00, 0x00, 0x7b, 0xb9, 0x40, 0x08, 0xf9, 0x8d,
    0xf4, 0x0f, 0x90, 0x01, 0xfa, 0x0f, 0xb0, 0x01, 0xff, 0x08, 0xfd, 0xbd, 0xcf, 0x00, 0x38, 0x61,
    0xdc, 0x0c, 0xe5, 0x49, 0xf6, 0x03, 0xef, 0xff, 0x90, 0x00, 0x04, 0x42, 0x00, 0x00, 0x24, 0x00,
    0x00, 0x08, 0xf0, 0x00, 0x00, 0x8f, 0x00, 0x0b, 0xff, 0xff, 0xf4, 0x34, 0x9f, 0x44, 0x10, 0x08,
    0xf0, 0x00, 0x00, 0x24, 0x00, 0x00, 0x00, 0x00, 0x00, 0x0b, 0xff, 0xff, 0xf4, 0x34, 0x44, 0x44,
    0x10, 0x24, 0x44, 0x44, 0x08, 0xff, 0xff, 0xf0, 0x00, 0x00, 0x00, 0x06, 0xbb, 0xbb, 0xb0, 0x48,
    0x88, 0x88, 0x00, 0x00, 0x42, 0x06, 0xf4, 0x0d, 0xc0, 0x3f, 0x80, 0x7f, 0x40, 0x8f, 0x40, 0x8f,
    0x40, 0x6f, 0x50, 0x2f, 0x90, 0x09, 0xf1, 0x01, 0xb5, 0x14, 0x20, 0x0d, 0xb0, 0x07, 0xf4, 0x02,
    0xf8, 0x00, 0xdb, 0x00, 0xbf, 0x00, 0xbf, 0x00, 0xfb, 0x05, 0xf7, 0x09, 0xe1, 0x1b, 0x60, 0x88,
    0x6b, 0xb8, 0x0b, 0xea, 0x8c, 0xf6, 0xbc, 0x00, 0x2f, 0x8b, 0xb0, 0x00, 0xf8, 0xbb, 0x00, 0x0f,
    0x8b, 0xb0, 0x00, 0xf8, 0x33, 0x00, 0x04, 0x20, 0x00, 0x00, 0x00, 0x00, 0x00, 0x08, 0xef, 0xf9,
    0x10, 0x08, 0xfa, 0x48, 0xfa, 0x00, 0xdd, 0x00, 0x0b, 0xf2, 0x0f, 0xb0, 0x00, 0x8f, 0x40, 0xfb,
    0x00, 0x08, 0xf4, 0x0d, 0xd0, 0x00, 0xbf, 0x20, 0x8f, 0xa5, 0x9f, 0x90, 0x00, 0x8e, 0xfe, 0x81,
    0x00, 0x00, 0x00, 0x00, 0x00, 0x02, 0xaf, 0xb0, 0xec, 0xdb, 0x06, 0x0b, 0xb0, 0x00, 0xbb, 0x00,
    0x0b, 0xb0, 0x00, 0xbb, 0x00, 0x0b, 0xb0, 0x00, 0xbb, 0x00, 0x00, 0x00, 0x01, 0xaf, 0xfe, 0x80,
    0xae, 0x64, 0xaf, 0x64, 0x30, 0x04, 0xf8, 0x00, 0x01, 0xce, 0x20, 0x03, 0xce, 0x30, 0x05, 0xec,
    0x20, 0x08, 0xfe, 0x88, 0x86, 0xbf, 0xff, 0xff, 0xb0, 0x00, 0x00, 0x00, 0x00, 0x19, 0xff, 0xf8,
    0x10, 0x9f, 0x84, 0x8f, 0x80, 0x33, 0x00, 0x1f, 0x90, 0x00, 0x6b, 0xd9, 0x10, 0x00, 0x48, 0xbe,
    0x60, 0x43, 0x00, 0x0c, 0xf0, 0xce, 0x84, 0x8f, 0xc0, 0x19, 0xff, 0xf9, 0x10, 0x00, 0x00, 0x00,
    0x00, 0x00, 0x00, 0x6f, 0xf0, 0x00, 0x00, 0x3e, 0xff, 0x00, 0x00, 0x1c, 0xd8, 0xf0, 0x00, 0x09,
    0xe3, 0x8f, 0x00, 0x06, 0xf6, 0x08, 0xf0, 0x00, 0xee, 0xbb, 0xdf, 0xb3, 0x0b, 0xbb, 0xbd, 0xfb,
    0x30, 0x00, 0x00, 0x8f, 0x00, 0x1f, 0xff, 0xff, 0x84, 0xf9, 0x88, 0x84, 0x6f, 0x34, 0x40, 0x08,
    0xfc, 0xff, 0xd3, 0x26, 0x20, 0x4e, 0xa3, 0x40, 0x00, 0xbd, 0x9f, 0x84, 0x8f, 0x81, 0x9e, 0xfe,
    0x80, 0x00, 0x00, 0x00, 0x00, 0x00, 0x00, 0x00, 0x00, 0x00, 0x8e, 0xff, 0x81, 0x06, 0xfb, 0x88,
    0xf8, 0x0d, 0xd0, 0x34, 0x43, 0x0f, 0xab, 0xff, 0xd3, 0x0f, 0xe4, 0x03, 0xed, 0x0e, 0xc0, 0x00,
    0xbf, 0x08, 0xf8, 0x48, 0xf9, 0x00, 0x8e, 0xfe, 0x91, 0x00, 0x00, 0x00, 0x00, 0x4f, 0xff, 0xff,
    0xf4, 0x28, 0x88, 0x8c, 0xf3, 0x00, 0x00, 0x2f, 0x90, 0x00, 0x00, 0xbe, 0x10, 0x00, 0x06, 0xf6,
    0x00, 0x00, 0x1e, 0xb0, 0x00, 0x00, 0x9f, 0x20, 0x00, 0x04, 0xf8, 0x00, 0x00, 0x00, 0x00, 0x00,
    0x00, 0x00, 0x19, 0xff, 0xf9, 0x10, 0x09, 0xf7, 0x47, 0xf9, 0x00, 0xaf, 0x10, 0x1f, 0xa0, 0x01,
    0xad, 0xbd, 0xa1, 0x00, 0x6f, 0xb8, 0xbe, 0x60, 0x0f, 0xc0, 0x00, 0xbf, 0x00, 0xde, 0x64, 0x6e,
    0xd0, 0x02, 0xaf, 0xff, 0xa2, 0x00, 0x00, 0x00, 0x00, 0x00, 0x00, 0x00, 0x00, 0x00, 0x01, 0xbf,
    0xfe, 0x80, 0x0b, 0xe6, 0x49, 0xf7, 0x0f, 0x80, 0x00, 0xfc, 0x0e, 0xd2, 0x06, 0xff, 0x03, 0xef,
    0xfa, 0xbf, 0x04, 0x33, 0x11, 0xfa, 0x0a, 0xf8, 0x8c, 0xf4, 0x01, 0x9f, 0xfd, 0x50, 0x00, 0x00,
    0x00, 0x00, 0x00, 0x48, 0x00, 0x00, 0x08, 0xf0, 0x00, 0x34, 0x9f, 0x44, 0x1b, 0xff, 0xff, 0xf4,
    0x00, 0x8f, 0x00, 0x00, 0x08, 0xf0, 0x00, 0x00, 0x00, 0x00, 0x00, 0x34, 0x44, 0x44, 0x1b, 0xff,
    0xff, 0xf4, 0x00, 0x00, 0x00, 0x00, 0x48, 0x88, 0x88, 0x06, 0xbb, 0xbb, 0xb0, 0x00, 0x00, 0x00,
    0x08, 0xff, 0xff, 0xf0, 0x24, 0x44, 0x44, 0x00, 0x01, 0x84, 0x08, 0xf2, 0x0e, 0xa0, 0x4f, 0x70,
    0x8f, 0x40, 0x8f, 0x40, 0x8f, 0x40, 0x5f, 0x60, 0x0e, 0xb0, 0x08, 0xf2, 0x00, 0x84, 0x18, 0x40,
    0x0b, 0xd0, 0x06, 0xf6, 0x01, 0xfa, 0x00, 0xcd, 0x00, 0xbf, 0x00, 0xcd, 0x01, 0xfa, 0x06, 0xf6,
    0x0b, 0xd0, 0x18, 0x30, 0x00, 0x03, 0x20, 0x00, 0x6e, 0xff, 0xd3, 0x08, 0x81, 0x1d, 0xc0, 0x27,
    0x8b, 0xff, 0x2e, 0xc7, 0x4c, 0xf4, 0xf8, 0x04, 0xef, 0x09, 0xff, 0xbc, 0xf0, 0x00, 0x00, 0x00,
    0x00, 0x01, 0x30, 0x00, 0x03, 0xbf, 0xfe, 0x60, 0x0d, 0xd2, 0x18, 0xf4, 0x3f, 0xdb, 0xbb, 0xf8,
    0x2f, 0x94, 0x44, 0x42, 0x0c, 0xe5, 0x47, 0xa2, 0x01, 0xaf, 0xfe, 0x80, 0x00, 0x00, 0x00, 0x00,
    0x00, 0x01, 0x30, 0x00, 0x03, 0xbf, 0xfe, 0x80, 0x0c, 0xe5, 0x29, 0xf6, 0x3f, 0x80, 0x01, 0xfb,
    0x2f, 0x90, 0x01, 0xfa, 0x0b, 0xe6, 0x4a, 0xf5, 0x01, 0xaf, 0xfd, 0x60, 0x00, 0x00, 0x00, 0x00,
    0x00, 0x00, 0x00, 0x00, 0x1d, 0xd1, 0x1c, 0xd1, 0x03, 0xf9, 0x8f, 0x40, 0x00, 0x8f, 0xf8, 0x00,
    0x00, 0xae, 0xea, 0x00, 0x07, 0xf7, 0x7f, 0x70, 0x3e, 0x90, 0x09, 0xf3, 0x06, 0xbb, 0xa4, 0x00,
    0x8f, 0xcb, 0xef, 0x50, 0x18, 0x00, 0x1e, 0xe0, 0x88, 0x88, 0x8d, 0xf3, 0xff, 0xff, 0xff, 0xf4,
    0xcf, 0x00, 0x0c, 0xf0, 0x8f, 0x94, 0x8f, 0x80, 0x09, 0xff, 0xf8, 0x00, 0x00, 0x24, 0x20, 0x00,
    0xbb, 0x00, 0x00, 0x0b, 0xb0, 0x22, 0x00, 0xbb, 0x9f, 0xfb, 0x1b, 0xf7, 0x49, 0xf7, 0xbb, 0x00,
    0x1f, 0x8b, 0xb0, 0x00, 0xf8, 0xbb, 0x00, 0x0f, 0x8b, 0xb0, 0x00, 0xf8, 0xbb, 0x00, 0x00, 0x0b,
    0xb0, 0x00, 0x00, 0xbb, 0x03, 0xec, 0x1b, 0xb5, 0xec, 0x10, 0xbe, 0xfe, 0x10, 0x0b, 0xfb, 0xf8,
    0x00, 0xbb, 0x09, 0xf6, 0x0b, 0xb0, 0x0c, 0xf3, 0xbb, 0xbb, 0xbb, 0xbb, 0xbb, 0xbb, 0xbb, 0xbb,
    0x00, 0x02, 0x10, 0x02, 0x20, 0x0b, 0xbb, 0xff, 0x5b, 0xff, 0xb0, 0xbf, 0x64, 0xdf, 0x74, 0xaf,
    0x4b, 0xb0, 0x08, 0xf0, 0x04, 0xf4, 0xbb, 0x00, 0x8f, 0x00, 0x4f, 0x4b, 0xb0, 0x08, 0xf0, 0x04,
    0xf4, 0xbb, 0x00, 0x8f, 0x00, 0x4f, 0x40, 0x00, 0x02, 0x20, 0x0b, 0xb9, 0xff, 0xb1, 0xbf, 0x74,
    0x9f, 0x7b, 0xb0, 0x01, 0xf8, 0xbb, 0x00, 0x0f, 0x8b, 0xb0, 0x00, 0xf8, 0xbb, 0x00, 0x0f, 0x80,
    0x00, 0x02, 0x20, 0x0b, 0xb9, 0xff, 0xb1, 0xbf, 0x74, 0x7f, 0x9b, 0xc0, 0x00, 0xde, 0xbd, 0x00,
    0x0d, 0xdb, 0xe9, 0x49, 0xf9, 0xbb, 0x8f, 0xf9, 0x1b, 0xb0, 0x00, 0x00, 0xbb, 0x00, 0x00, 0x03,
    0x30, 0x00, 0x00, 0x00, 0x03, 0x30, 0x00, 0x06, 0xef, 0xfe, 0x30, 0x0f, 0xc1, 0x18, 0x60, 0x0b,
    0xfc, 0x97, 0x10, 0x00, 0x58, 0xaf, 0xc0, 0x1c, 0xa4, 0x4d, 0xe0, 0x06, 0xdf, 0xfc, 0x30, 0x00,
    0x00, 0x00, 0x00, 0x06, 0x80, 0x00, 0xbf, 0x00, 0xbf, 0xff, 0x43, 0xcf, 0x41, 0x0b, 0xf0, 0x00,
    0xbf, 0x00, 0x0b, 0xf4, 0x10, 0x5e, 0xf6, 0x00, 0x00, 0x00, 0x00, 0x00, 0x00, 0x18, 0x00, 0x00,
    0x00, 0x00, 0x00, 0x00, 0x01, 0xcf, 0x40, 0x00, 0x00, 0x00, 0x00, 0x00, 0x1c, 0xf6, 0x00, 0x00,
    0x00, 0x00, 0x00, 0x01, 0xcf, 0x60, 0x00, 0x00, 0x00, 0x00, 0x00, 0x1c, 0xe6, 0x00, 0x00, 0x00,
    0x00, 0x00, 0x01, 0xcd, 0x44, 0x44, 0x44, 0x44, 0x44, 0x42, 0x0b, 0xff, 0xff, 0xff, 0xff, 0xff,
    0xff, 0xf8, 0x03, 0xed, 0x78, 0x88, 0x88, 0x88, 0x88, 0x84, 0x00, 0x3e, 0xc2, 0x00, 0x00, 0x00,
    0x00, 0x00, 0x00, 0x03, 0xee, 0x30, 0x00, 0x00, 0x00, 0x00, 0x00, 0x00, 0x3e, 0xe3, 0x00, 0x00,
    0x00, 0x00, 0x00, 0x00, 0x03, 0xee, 0x30, 0x00, 0x00, 0x00, 0x00, 0x00, 0x00, 0x3b, 0x10, 0x00,
    0x00, 0x00, 0x00, 0x00, 0x00, 0x18, 0x00, 0x00, 0x00, 0x00, 0x00, 0x01, 0xcf, 0x90, 0x00, 0x00,
    0x00, 0x00, 0x1c, 0xef, 0xf9, 0x00, 0x00, 0x00, 0x01, 0xce, 0x8f, 0x6f, 0x90, 0x00, 0x00, 0x1c,
    0xf3, 0x8f, 0x38, 0xf9, 0x00, 0x01, 0xcf, 0x60, 0x8f, 0x40, 0x9f, 0x90, 0x0b, 0xf6, 0x00, 0x8f,
    0x40, 0x09, 0xf8, 0x03, 0x60, 0x00, 0x8f, 0x40, 0x00, 0x81, 0x00, 0x00, 0x00, 0x8f, 0x40, 0x00,
    0x00, 0x00, 0x00, 0x00, 0x8f, 0x40, 0x00, 0x00, 0x00, 0x00, 0x00, 0x8f, 0x40, 0x00, 0x00, 0x00,
    0x00, 0x00, 0x8f, 0x40, 0x00, 0x00, 0x00, 0x00, 0x00, 0x8f, 0x40, 0x00, 0x00, 0x00, 0x00, 0x00,
    0x8f, 0x40, 0x00, 0x00, 0x00, 0x00, 0x00, 0x8f, 0x40, 0x00, 0x00, 0x00, 0x00, 0x00, 0x00, 0x51,
    0x00, 0x00, 0x00, 0x00, 0x00, 0x00, 0x02, 0xfc, 0x10, 0x00, 0x00, 0x00, 0x00, 0x00, 0x00, 0x6f,
    0xc1, 0x00, 0x00, 0x00, 0x00, 0x00, 0x00, 0x06, 0xfc, 0x10, 0x00, 0x00, 0x00, 0x00, 0x00, 0x00,
    0x3e, 0xc1, 0x00, 0x24, 0x44, 0x44, 0x44, 0x44, 0x45, 0xcc, 0x10, 0x8f, 0xff, 0xff, 0xff, 0xff,
    0xff, 0xff, 0xb0, 0x48, 0x88, 0x88, 0x88, 0x88, 0x86, 0xce, 0x30, 0x00, 0x00, 0x00, 0x00, 0x00,
    0x1c, 0xe3, 0x00, 0x00, 0x00, 0x00, 0x00, 0x03, 0xce, 0x30, 0x00, 0x00, 0x00, 0x00, 0x00, 0x3e,
    0xe3, 0x00, 0x00, 0x00, 0x00, 0x00, 0x03, 0xee, 0x30, 0x00, 0x00, 0x00, 0x00, 0x00, 0x01, 0xb3,
    0x00, 0x00, 0x00, 0x00, 0x00, 0x00, 0x48, 0x20, 0x00, 0x00, 0x00, 0x00, 0x00, 0x8f, 0x40, 0x00,
    0x00, 0x00, 0x00, 0x00, 0x8f, 0x40, 0x00, 0x00, 0x00, 0x00, 0x00, 0x8f, 0x40, 0x00, 0x00, 0x00,
    0x00, 0x00, 0x8f, 0x40, 0x00, 0x00, 0x00, 0x00, 0x00, 0x8f, 0x40, 0x00, 0x00, 0x00, 0x00, 0x00,
    0x8f, 0x40, 0x00, 0x00, 0x00, 0x10, 0x00, 0x8f, 0x40, 0x00, 0x10, 0x09, 0xc1, 0x00, 0x8f, 0x40,
    0x03, 0xe6, 0x06, 0xfc, 0x10, 0x8f, 0x40, 0x3e, 0xe3, 0x00, 0x6f, 0xc1, 0x8f, 0x43, 0xee, 0x30,
    0x00, 0x06, 0xf9, 0x7f, 0x2e, 0xe3, 0x00, 0x00, 0x00, 0x6f, 0xbf, 0xce, 0x30, 0x00, 0x00, 0x00,
    0x06, 0xff, 0xe3, 0x00, 0x00, 0x00, 0x00, 0x00, 0x6e, 0x30, 0x00, 0x00, 0x00, 0x00, 0x00, 0x01,
    0x00, 0x00, 0x00, 0x00, 0x00, 0x00, 0x18, 0x00, 0x00, 0x00, 0x00, 0x18, 0x00, 0x00, 0x00, 0x00,
    0x00, 0x01, 0xcf, 0x40, 0x00, 0x00, 0x00, 0x8f, 0x90, 0x00, 0x00, 0x00, 0x00, 0x1c, 0xf6, 0x00,
    0x00, 0x00, 0x00, 0x09, 0xf9, 0x00, 0x00, 0x00, 0x01, 0xcf, 0x60, 0x00, 0x00, 0x00, 0x00, 0x00,
    0x9f, 0x90, 0x00, 0x00, 0x1c, 0xe6, 0x00, 0x00, 0x00, 0x00, 0x00, 0x00, 0x07, 0xf9, 0x00, 0x01,
    0xcd, 0x44, 0x44, 0x44, 0x44, 0x44, 0x44, 0x44, 0x44, 0x6e, 0x90, 0x0b, 0xff, 0xff, 0xff, 0xff,
    0xff, 0xff, 0xff, 0xff, 0xff, 0xff, 0xf8, 0x03, 0xed, 0x78, 0x88, 0x88, 0x88, 0x88, 0x88, 0x88,
    0x88, 0x7e, 0xc1, 0x00, 0x3e, 0xc2, 0x00, 0x00, 0x00, 0x00, 0x00, 0x00, 0x03, 0xec, 0x10, 0x00,
    0x03, 0xee, 0x30, 0x00, 0x00, 0x00, 0x00, 0x00, 0x6e, 0xc1, 0x00, 0x00, 0x00, 0x3e, 0xe3, 0x00,
    0x00, 0x00, 0x00, 0x06, 0xfc, 0x10, 0x00, 0x00, 0x00, 0x03, 0xee, 0x30, 0x00, 0x00, 0x00, 0x6f,
    0xc1, 0x00, 0x00, 0x00, 0x00, 0x00, 0x3b, 0x10, 0x00, 0x00, 0x00, 0x3b, 0x10, 0x00, 0x00, 0x00,
    0x00, 0x00, 0x18, 0x00, 0x00, 0x00, 0x00, 0x00, 0x01, 0xcf, 0x90, 0x00, 0x00, 0x00, 0x00, 0x1c,
    0xef, 0xe9, 0x00, 0x00, 0x00, 0x01, 0xce, 0x8f, 0x6f, 0x90, 0x00, 0x00, 0x1c, 0xf3, 0x8f, 0x38,
    0xf9, 0x00, 0x01, 0xcf, 0x60, 0x8f, 0x40, 0x9f, 0x90, 0x0b, 0xf6, 0x00, 0x8f, 0x40, 0x09, 0xf8,
    0x03, 0x60, 0x00, 0x8f, 0x40, 0x00, 0x81, 0x00, 0x00, 0x00, 0x8f, 0x40, 0x00, 0x00, 0x00, 0x00,
    0x00, 0x8f, 0x40, 0x00, 0x00, 0x00, 0x00, 0x00, 0x8f, 0x40, 0x00, 0x00, 0x00, 0x00, 0x00, 0x8f,
    0x40, 0x00, 0x00, 0x00, 0x00, 0x00, 0x8f, 0x40, 0x00, 0x00, 0x00, 0x00, 0x00, 0x8f, 0x40, 0x00,
    0x00, 0x00, 0x00, 0x00, 0x8f, 0x40, 0x00, 0x00, 0x01, 0x30, 0x00, 0x8f, 0x40, 0x00, 0x40, 0x0b,
    0xe3, 0x00, 0x8f, 0x40, 0x06, 0xf8, 0x03, 0xee, 0x30, 0x8f, 0x40, 0x6f, 0xc1, 0x00, 0x3e, 0xd1,
    0x8f, 0x45, 0xfc, 0x10, 0x00, 0x03, 0xec, 0x8f, 0x3e, 0xc1, 0x00, 0x00, 0x00, 0x3e, 0xcf, 0xdc,
    0x10, 0x00, 0x00, 0x00, 0x03, 0xef, 0xc1, 0x00, 0x00, 0x00, 0x00, 0x00, 0x3b, 0x10, 0x00, 0x00,
    0x00, 0x00, 0x00, 0x00, 0x00, 0x00, 0x00, 0x8f, 0xff, 0xff, 0xff, 0xf8, 0x00, 0x8f, 0xe8, 0x9b,
    0xbb, 0xb6, 0x00, 0x8d, 0xec, 0x20, 0x00, 0x00, 0x00, 0x8f, 0x4f, 0xe3, 0x00, 0x00, 0x00, 0x8f,
    0x06, 0xfe, 0x30, 0x00, 0x00, 0x8f, 0x00, 0x6f, 0xe3, 0x00, 0x00, 0x8f, 0x00, 0x06, 0xfe, 0x30,
    0x00, 0x8f, 0x00, 0x00, 0x6f, 0xe3, 0x00, 0x8f, 0x00, 0x00, 0x06, 0xfe, 0x30, 0x00, 0x00, 0x00,
    0x00, 0x6f, 0xe2, 0x00, 0x00, 0x00, 0x00, 0x06, 0x90, 0x00, 0xff, 0xff, 0xff, 0xff, 0xf0, 0x00,
    0xbb, 0xbb, 0xb8, 0xbf, 0xf0, 0x00, 0x00, 0x00, 0x06, 0xfb, 0xf0, 0x00, 0x00, 0x00, 0x6f, 0xb8,
    0xf0, 0x00, 0x00, 0x06, 0xfc, 0x18, 0xf0, 0x00, 0x00, 0x6f, 0xc1, 0x08, 0xf0, 0x00, 0x06, 0xfc,
    0x10, 0x08, 0xf0, 0x00, 0x9f, 0xc1, 0x00, 0x08, 0xf0, 0x09, 0xfc, 0x10, 0x00, 0x08, 0xf0, 0x8f,
    0xc1, 0x00, 0x00, 0x00, 0x00, 0x3b, 0x10, 0x00, 0x00, 0x00, 0x00, 0x38, 0x00, 0x00, 0x00, 0x00,
    0x00, 0x8f, 0x90, 0x00, 0x00, 0x00, 0x00, 0x09, 0xf9, 0x00, 0x00, 0x08, 0xf0, 0x00, 0x9f, 0x90,
    0x00, 0x08, 0xf0, 0x00, 0x09, 0xf9, 0x00, 0x08, 0xf0, 0x00, 0x00, 0x9f, 0x90, 0x08, 0xf0, 0x00,
    0x00, 0x09, 0xf9, 0x08, 0xf0, 0x00, 0x00, 0x00, 0x9f, 0x98, 0xf0, 0x00, 0x00, 0x00, 0x09, 0xfc,
    0xf0, 0x00, 0x88, 0x88, 0x88, 0xbf, 0xf0, 0x00, 0xff, 0xff, 0xff, 0xff, 0xf0, 0x00, 0x00, 0x00,
    0x00, 0x03, 0x80, 0x00, 0x00, 0x00, 0x00, 0x3e, 0xe2, 0x8f, 0x00, 0x00, 0x03, 0xee, 0x30, 0x8f,
    0x00, 0x00, 0x3e, 0xe3, 0x00, 0x8f, 0x00, 0x03, 0xee, 0x30, 0x00, 0x8f, 0x00, 0x3e, 0xe3, 0x00,
    0x00, 0x8f, 0x03, 0xee, 0x30, 0x00, 0x00, 0x8f, 0x3e, 0xe3, 0x00, 0x00, 0x00, 0x8d, 0xde, 0x30,
    0x00, 0x00, 0x00, 0x8f, 0xe8, 0x88, 0x88, 0x84, 0x00, 0x8f, 0xff, 0xff, 0xff, 0xf8, 0x00, 0x4f,
    0xff, 0xff, 0xff, 0xf4, 0x3b, 0xbb, 0xbb, 0xbb, 0xb3, 0x00, 0x00, 0x00, 0x00, 0x00, 0x00, 0x00,
    0x00, 0x00, 0x00, 0x28, 0x88, 0x88, 0x88, 0x82, 0x4f, 0xff, 0xff, 0xff, 0xf4, 0x14, 0x44, 0x44,
    0x44, 0x41, 0x00, 0x00, 0x00, 0x00, 0x00, 0x00, 0x00, 0x00, 0x00, 0x00, 0x4f, 0xff, 0xff, 0xff,
    0xf4, 0x3b, 0xbb, 0xbb, 0xbb, 0xb3, 0x11, 0x00, 0x00, 0x00, 0x00, 0x00, 0x00, 0x00, 0x04, 0xe7,
    0x00, 0x00, 0x00, 0x00, 0x00, 0x00, 0x00, 0x4f, 0xfc, 0x40, 0x00, 0x00, 0x00, 0x00, 0x00, 0x04,
    0xff, 0xff, 0x92, 0x00, 0x00, 0x00, 0x00, 0x00, 0x4f, 0xff, 0xff, 0xe8, 0x00, 0x00, 0x00, 0x00,
    0x04, 0xff, 0xff, 0xff, 0xfd, 0x40, 0x00, 0x00, 0x00, 0x4f, 0xff, 0xff, 0xff, 0xff, 0xb2, 0x00,
    0x00, 0x04, 0xff, 0xff, 0xff, 0xff, 0xff, 0xf8, 0x10, 0x00, 0x4f, 0xff, 0xff, 0xff, 0xff, 0xff,
    0xfd, 0x60, 0x04, 0xff, 0xff, 0xff, 0xff, 0xff, 0xff, 0xff, 0xb1, 0x4f, 0xff, 0xff, 0xff, 0xff,
    0xff, 0xff, 0xc4, 0x04, 0xff, 0xff, 0xff, 0xff, 0xff, 0xfe, 0x70, 0x00, 0x4f, 0xff, 0xff, 0xff,
    0xff, 0xf8, 0x10, 0x00, 0x04, 0xff, 0xff, 0xff, 0xff, 0xb3, 0x00, 0x00, 0x00, 0x4f, 0xff, 0xff,
    0xfd, 0x50, 0x00, 0x00, 0x00, 0x04, 0xff, 0xff, 0xf8, 0x10, 0x00, 0x00, 0x00, 0x00, 0x4f, 0xff,
    0xa2, 0x00, 0x00, 0x00, 0x00, 0x00, 0x04, 0xfd, 0x40, 0x00, 0x00, 0x00, 0x00, 0x00, 0x00, 0x38,
    0x00, 0x00, 0x00, 0x00, 0x00, 0x00, 0x00, 0x00, 0x11, 0x00, 0x00, 0x00, 0x00, 0x00, 0x00, 0x00,
    0x04, 0xe7, 0x00, 0x00, 0x00, 0x00, 0x00, 0x00, 0x00, 0x4f, 0xfc, 0x40, 0x00, 0x00, 0x00, 0x00,
    0x00, 0x04, 0xfc, 0xef, 0x92, 0x00, 0x00, 0x00, 0x00, 0x00, 0x4f, 0x82, 0x9f, 0xe8, 0x00, 0x00,
    0x00, 0x00, 0x04, 0xf8, 0x00, 0x4c, 0xfd, 0x40, 0x00, 0x00, 0x00, 0x4f, 0x80, 0x00, 0x07, 0xef,
    0xb2, 0x00, 0x00, 0x04, 0xf8, 0x00, 0x00, 0x01, 0x8f, 0xf8, 0x10, 0x00, 0x4f, 0x80, 0x00, 0x00,
    0x00, 0x3b, 0xfd, 0x60, 0x04, 0xf8, 0x00, 0x00, 0x00, 0x00, 0x06, 0xff, 0xb1, 0x4f, 0x80, 0x00,
    0x00, 0x00, 0x04, 0xdf, 0xc4, 0x04, 0xf8, 0x00, 0x00, 0x00, 0x2b, 0xfe, 0x70, 0x00, 0x4f, 0x80,
    0x00, 0x01, 0x8f, 0xf8, 0x10, 0x00, 0x04, 0xf8, 0x00, 0x06, 0xef, 0xb3, 0x00, 0x00, 0x00, 0x4f,
    0x80, 0x3b, 0xfd, 0x50, 0x00, 0x00, 0x00, 0x04, 0xf8, 0x9f, 0xf8, 0x10, 0x00, 0x00, 0x00, 0x00,
    0x4f, 0xff, 0xa2, 0x00, 0x00, 0x00, 0x00, 0x00, 0x04, 0xfd, 0x40, 0x00, 0x00, 0x00, 0x00, 0x00,
    0x00, 0x38, 0x00, 0x00, 0x00, 0x00, 0x00, 0x00, 0x00, 0x00, 0x00, 0x00, 0x05, 0x9b, 0xba, 0x61,
    0x00, 0x00, 0x00, 0x03, 0xcf, 0xff, 0xff, 0xfe, 0x60, 0x00, 0x00, 0x3e, 0xff, 0xff, 0xff, 0xff,
    0xf8, 0x00, 0x02, 0xef, 0xff, 0xff, 0xff, 0xff, 0xff, 0x50, 0x09, 0xff, 0xff, 0xff, 0xff, 0xff,
    0xff, 0xd0, 0x1f, 0xff, 0xff, 0xff, 0xff, 0xff, 0xff, 0xf5, 0x4f, 0xff, 0xff, 0xff, 0xff, 0xff,
    0xff, 0xf8, 0x4f, 0xff, 0xff, 0xff, 0xff, 0xff, 0xff, 0xfa, 0x4f, 0xff, 0xff, 0xff, 0xff, 0xff,
    0xff, 0xf8, 0x2f, 0xff, 0xff, 0xff, 0xff, 0xff, 0xff, 0xf7, 0x0d, 0xff, 0xff, 0xff, 0xff, 0xff,
    0xff, 0xf2, 0x05, 0xff, 0xff, 0xff, 0xff, 0xff, 0xff, 0x90, 0x00, 0x9f, 0xff, 0xff, 0xff, 0xff,
    0xfc, 0x10, 0x00, 0x09, 0xff, 0xff, 0xff, 0xff, 0xc1, 0x00, 0x00, 0x00, 0x4b, 0xff, 0xff, 0xd6,
    0x00, 0x00, 0x00, 0x00, 0x00, 0x04, 0x42, 0x00, 0x00, 0x00,
};

static const prim_glyph_t ui_font_sans_20_glyphs[] = {
    {32, 0, 0, 0, 0, 0, 6},
    {33, 0, 4, 16, 1, 15, 6},
    {34, 32, 6, 6, 2, 15, 9},
    {35, 50, 13, 15, 0, 15, 13},
    {36, 148, 11, 20, 1, 17, 13},
    {37, 258, 16, 16, 2, 15, 20},
    {38, 386, 12, 16, 1, 15, 13},
    {39, 482, 2, 6, 2, 15, 6},
    {40, 488, 5, 19, 2, 16, 7},
    {41, 536, 6, 19, 0, 16, 7},
    {42, 593, 8, 9, 1, 15, 10},
    {43, 629, 11, 11, 1, 11, 13},
    {44, 690, 4, 7, 1, 3, 6},
    {45, 704, 7, 3, 1, 8, 9},
    {46, 715, 4, 4, 1, 3, 6},
    {47, 723, 7, 19, 0, 16, 7},
    {48, 790, 11, 16, 1, 15, 13},
    {49, 878, 7, 15, 0, 15, 8},
    {50, 931, 10, 15, 1, 15, 12},
    {51, 1006, 11, 16, 1, 15, 12},
    {52, 1094, 11, 15, 1, 15, 13},
    {53, 1177, 10, 16, 1, 15, 12},
    {54, 1257, 11, 16, 1, 15, 12},
    {55, 1345, 11, 15, 0, 15, 11},
    {56, 1428, 11, 16, 1, 15, 12},
    {57, 1516, 11, 16, 1, 15, 12},
    {58, 1604, 4, 12, 1, 11, 6},
    {59, 1628, 4, 15, 1, 11, 6},
    {60, 1658, 10, 11, 1, 11, 13},
    {61, 1713, 10, 7, 2, 9, 13},
    {62, 1748, 10, 11, 2, 11, 13},
    {63, 1803, 10, 16, 0, 15, 10},
    {64, 1883, 18, 19, 1, 15, 19},
    {65, 2054, 14, 15, 0, 15, 14},
    {66, 2159, 11, 15, 1, 15, 13},
    {67, 2242, 13, 16, 1, 15, 15},
    {68, 2346, 13, 15, 1, 15, 14},
    {69, 2444, 10, 15, 1, 15, 12},
    {70, 2519, 10, 15, 1, 15, 12},
    {71, 2594, 13, 16, 1, 15, 15},
    {72, 2698, 13, 15, 1, 15, 15},
    {73, 2796, 3, 15, 1, 15, 5},
    {74, 2819, 10, 16, 0, 15, 11},
    {75, 2899, 12, 15, 1, 15, 13},
    {76, 2989, 10, 15, 1, 15, 11},
    {77, 3064, 16, 15, 1, 15, 18},
    {78, 3184, 13, 15, 1, 15, 15},
    {79, 3282, 14, 16, 1, 15, 15},
    {80, 3394, 11, 15, 1, 15, 13},
    {81, 3477, 14, 17, 1, 15, 15},
    {82, 3596, 12, 15, 1, 15, 13},
    {83, 3686, 11, 16, 1, 15, 13},
    {84, 3774, 12, 15, 0, 15, 13},
    {85, 3864, 13, 16, 1, 15, 15},
    {86, 3968, 14, 15, 0, 15, 14},
    {87, 4073, 20, 15, 0, 15, 20},
    {88, 4223, 14, 15, 0, 15, 14},
    {89, 4328, 14, 15, 0, 15, 14},
    {90, 4433, 11, 15, 1, 15, 13},
    {91, 4516, 5, 19, 2, 16, 7},
    {92, 4564, 7, 19, 0, 16, 7},
    {93, 4631, 5, 19, 1, 16, 7},
    {94, 4679, 9, 8, 0, 15, 9},
    {95, 4715, 10, 2, 0, 0, 9},
    {96, 4725, 4, 4, 1, 16, 6},
    {97, 4733, 10, 13, 0, 12, 11},
    {98, 4798, 11, 16, 1, 15, 12},
    {99, 4886, 10, 13, 1, 12, 11},
    {100, 4951, 10, 16, 1, 15, 12},
    {101, 5031, 10, 13, 1, 12, 12},
    {102, 5096, 8, 16, 0, 16, 7},
    {103, 5160, 10, 17, 1, 12, 12},
    {104, 5245, 10, 15, 1, 15, 12},
    {105, 5320, 3, 16, 1, 16, 5},
    {106, 5344, 5, 21, -1, 16, 5},
    {107, 5397, 10, 15, 1, 15, 11},
    {108, 5472, 3, 15, 1, 15, 5},
    {109, 5495, 15, 12, 1, 12, 18},
    {110, 5585, 10, 12, 1, 12, 12},
    {111, 5645, 10, 13, 1, 12, 12},
    {112, 5710, 11, 17, 1, 12, 12},
    {113, 5804, 10, 17, 1, 12, 12},
    {114, 5889, 7, 12, 1, 12, 8},
    {115, 5931, 9, 13, 1, 12, 11},
    {116, 5990, 7, 15, 0, 14, 7},
    {117, 6043, 10, 12, 1, 11, 12},
    {118, 6103, 11, 11, 0, 11, 11},
    {119, 6164, 16, 11, 0, 11, 16},
    {120, 6252, 11, 11, 0, 11, 11},
    {121, 6313, 11, 16, 0, 11, 11},
    {122, 6401, 9, 11, 1, 11, 11},
    {123, 6451, 7, 19, 1, 16, 9},
    {124, 6518, 3, 25, 2, 20, 7},
    {125, 6556, 7, 19, 1, 16, 9},
    {126, 6623, 11, 5, 1, 8, 13},
    {160, 6651, 0, 0, 0, 0, 6},
    {161, 6651, 4, 16, 1, 12, 6},
    {162, 6683, 10, 15, 1, 15, 11},
    {163, 6758, 11, 15, 1, 15, 12},
    {164, 6841, 13, 14, 1, 13, 14},
    {165, 6932, 11, 15, 0, 15, 11},
    {166, 7015, 3, 18, 1, 15, 5},
    {167, 7042, 10, 18, 1, 15, 11},
    {168, 7132, 8, 4, 2, 16, 12},
    {169, 7148, 16, 16, 1, 15, 18},
    {170, 7276, 8, 9, 0, 15, 9},
    {171, 7312, 11, 10, 0, 11, 12},
    {172, 7367, 9, 5, 2, 8, 13},
    {173, 7390, 8, 3, 2, 8, 12},
    {174, 7402, 13, 12, 0, 15, 13},
    {175, 7480, 6, 2, 2, 15, 10},
    {176, 7486, 7, 7, 1, 15, 9},
    {177, 7511, 10, 11, 2, 11, 13},
    {178, 7566, 7, 9, 1, 17, 9},
    {179, 7598, 8, 9, 1, 17, 9},
    {180, 7634, 4, 4, 1, 16, 6},
    {181, 7642, 11, 16, 1, 11, 12},
    {182, 7730, 10, 15, 1, 15, 12},
    {183, 7805, 4, 4, 1, 9, 6},
    {184, 7813, 4, 6, 1, 1, 5},
    {185, 7825, 5, 9, 0, 17, 6},
    {186, 7848, 9, 9, 0, 15, 10},
    {187, 7889, 11, 10, 0, 11, 12},
    {188, 7944, 16, 15, 0, 15, 16},
    {189, 8064, 16, 15, 0, 15, 17},
    {190, 8184, 17, 15, 0, 15, 18},
    {191, 8312, 10, 16, 0, 12, 10},
    {192, 8392, 14, 19, 0, 19, 14},
    {193, 8525, 14, 19, 0, 19, 14},
    {194, 8658, 14, 19, 0, 19, 14},
    {195, 8791, 14, 19, 0, 19, 14},
    {196, 8924, 14, 19, 0, 19, 14},
    {197, 9057, 14, 20, 0, 20, 14},
    {198, 9197, 19, 15, 0, 15, 20},
    {199, 9340, 13, 20, 1, 15, 15},
    {200, 9470, 10, 19, 1, 19, 12},
    {201, 9565, 10, 19, 1, 19, 12},
    {202, 9660, 10, 19, 1, 19, 12},
    {203, 9755, 10, 19, 1, 19, 12},
    {204, 9850, 4, 19, 0, 19, 5},
    {205, 9888, 5, 19, 1, 19, 5},
    {206, 9936, 7, 19, -1, 19, 5},
    {207, 10003, 7, 19, -1, 19, 5},
    {208, 10070, 14, 15, 0, 15, 15},
    {209, 10175, 13, 19, 1, 19, 15},
    {210, 10299, 14, 20, 1, 19, 15},
    {211, 10439, 14, 20, 1, 19, 15},
    {212, 10579, 14, 20, 1, 19, 15},
    {213, 10719, 14, 20, 1, 19, 15},
    {214, 10859, 14, 20, 1, 19, 15},
    {215, 10999, 10, 10, 2, 11, 13},
    {216, 11049, 14, 16, 1, 15, 15},
    {217, 11161, 13, 20, 1, 19, 15},
    {218, 11291, 13, 20, 1, 19, 15},
    {219, 11421, 13, 20, 1, 19, 15},
    {220, 11551, 13, 20, 1, 19, 15},
    {221, 11681, 14, 19, 0, 19, 14},
    {222, 11814, 11, 15, 1, 15, 13},
    {223, 11897, 11, 15, 1, 15, 12},
    {224, 11980, 10, 17, 0, 16, 11},
    {225, 12065, 10, 17, 0, 16, 11},
    {226, 12150, 10, 17, 0, 16, 11},
    {227, 12235, 10, 16, 0, 15, 11},
    {228, 12315, 10, 17, 0, 16, 11},
    {229, 12400, 10, 18, 0, 17, 11},
    {230, 12490, 18, 13, 0, 12, 18},
    {231, 12607, 10, 17, 1, 12, 11},
    {232, 12692, 10, 17, 1, 16, 12},
    {233, 12777, 10, 17, 1, 16, 12},
    {234, 12862, 10, 17, 1, 16, 12},
    {235, 12947, 10, 17, 1, 16, 12},
    {236, 13032, 5, 16, -1, 16, 5},
    {237, 13072, 4, 16, 1, 16, 5},
    {238, 13104, 7, 16, -1, 16, 5},
    {239, 13160, 7, 16, -1, 16, 5},
    {240, 13216, 10, 17, 1, 16, 12},
    {241, 13301, 10, 15, 1, 15, 12},
    {242, 13376, 10, 17, 1, 16, 12},
    {243, 13461, 10, 17, 1, 16, 12},
    {244, 13546, 10, 17, 1, 16, 12},
    {245, 13631, 10, 16, 1, 15, 12},
    {246, 13711, 10, 17, 1, 16, 12},
    {247, 13796, 10, 11, 2, 11, 13},
    {248, 13851, 12, 13, 0, 12, 12},
    {249, 13929, 10, 17, 1, 16, 12},
    {250, 14014, 10, 17, 1, 16, 12},
    {251, 14099, 10, 17, 1, 16, 12},
    {252, 14184, 10, 17, 1, 16, 12},
    {253, 14269, 11, 21, 0, 16, 11},
    {254, 14385, 11, 20, 1, 15, 12},
    {255, 14495, 11, 21, 0, 16, 11},
    {256, 14611, 14, 19, 0, 19, 14},
    {257, 14744, 10, 16, 0, 15, 11},
    {258, 14824, 14, 19, 0, 19, 14},
    {259, 14957, 10, 17, 0, 16, 11},
    {260, 15042, 14, 20, 0, 15, 14},
    {261, 15182, 11, 17, 0, 12, 11},
    {262, 15276, 13, 20, 1, 19, 15},
    {263, 15406, 10, 17, 1, 16, 11},
    {264, 15491, 13, 20, 1, 19, 15},
    {265, 15621, 10, 17, 1, 16, 11},
    {266, 15706, 13, 20, 1, 19, 15},
    {267, 15836, 10, 17, 1, 16, 11},
    {268, 15921, 13, 20, 1, 19, 15},
    {269, 16051, 10, 17, 1, 16, 11},
    {270, 16136, 13, 19, 1, 19, 14},
    {271, 16260, 13, 17, 1, 16, 14},
    {272, 16371, 14, 15, 0, 15, 15},
    {273, 16476, 12, 16, 1, 15, 12},
    {274, 16572, 10, 19, 1, 19, 12},
    {275, 16667, 10, 16, 1, 15, 12},
    {276, 16747, 10, 19, 1, 19, 12},
    {277, 16842, 10, 17, 1, 16, 12},
    {278, 16927, 10, 19, 1, 19, 12},
    {279, 17022, 10, 17, 1, 16, 12},
    {280, 17107, 11, 20, 1, 15, 12},
    {281, 17217, 10, 17, 1, 12, 12},
    {282, 17302, 10, 19, 1, 19, 12},
    {283, 17397, 10, 17, 1, 16, 12},
    {284, 17482, 13, 20, 1, 19, 15},
    {285, 17612, 10, 21, 1, 16, 12},
    {286, 17717, 13, 20, 1, 19, 15},
    {287, 17847, 10, 21, 1, 16, 12},
    {288, 17952, 13, 20, 1, 19, 15},
    {289, 18082, 10, 21, 1, 16, 12},
    {290, 18187, 13, 20, 1, 15, 15},
    {291, 18317, 10, 22, 1, 17, 12},
    {292, 18427, 13, 19, 1, 19, 15},
    {293, 18551, 12, 19, -1, 19, 12},
    {294, 18665, 15, 15, 0, 15, 16},
    {295, 18778, 11, 15, 0, 15, 12},
    {296, 18861, 7, 19, -1, 19, 5},
    {297, 18928, 7, 15, -1, 15, 5},
    {298, 18981, 7, 19, -1, 19, 5},
    {299, 19048, 7, 15, -1, 15, 5},
    {300, 19101, 7, 19, -1, 19, 5},
    {301, 19168, 7, 16, -1, 16, 5},
    {302, 19224, 5, 20, 0, 15, 5},
    {303, 19274, 5, 21, -1, 16, 5},
    {304, 19327, 3, 19, 1, 19, 5},
    {305, 19356, 3, 11, 1, 11, 5},
    {306, 19373, 15, 16, 1, 15, 17},
    {307, 19493, 8, 21, 1, 16, 10},
    {308, 19577, 12, 20, 0, 19, 11},
    {309, 19697, 7, 21, -1, 16, 5},
    {310, 19771, 12, 20, 1, 15, 13},
    {311, 19891, 10, 20, 1, 15, 11},
    {312, 19991, 10, 11, 1, 11, 11},
    {313, 20046, 10, 19, 1, 19, 11},
    {314, 20141, 4, 19, 1, 19, 5},
    {315, 20179, 10, 20, 1, 15, 11},
    {316, 20279, 4, 20, 0, 15, 5},
    {317, 20319, 10, 16, 1, 16, 11},
    {318, 20399, 6, 16, 1, 16, 7},
    {319, 20447, 10, 15, 1, 15, 11},
    {320, 20522, 7, 15, 1, 15, 7},
    {321, 20575, 11, 15, 0, 15, 12},
    {322, 20658, 6, 15, -1, 15, 5},
    {323, 20703, 13, 19, 1, 19, 15},
    {324, 20827, 10, 16, 1, 16, 12},
    {325, 20907, 13, 20, 1, 15, 15},
    {326, 21037, 10, 17, 1, 12, 12},
    {327, 21122, 13, 19, 1, 19, 15},
    {328, 21246, 10, 16, 1, 16, 12},
    {329, 21326, 12, 16, -1, 16, 12},
    {330, 21422, 13, 20, 1, 15, 15},
    {331, 21552, 10, 17, 1, 12, 12},
    {332, 21637, 14, 20, 1, 19, 15},
    {333, 21777, 10, 16, 1, 15, 12},
    {334, 21857, 14, 20, 1, 19, 15},
    {335, 21997, 10, 17, 1, 16, 12},
    {336, 22082, 14, 20, 1, 19, 15},
    {337, 22222, 10, 17, 1, 16, 12},
    {338, 22307, 18, 15, 1, 15, 20},
    {339, 22442, 19, 13, 1, 12, 20},
    {340, 22566, 12, 19, 1, 19, 13},
    {341, 22680, 7, 16, 1, 16, 8},
    {342, 22736, 12, 20, 1, 15, 13},
    {343, 22856, 8, 17, 0, 12, 8},
    {344, 22924, 12, 19, 1, 19, 13},
    {345, 23038, 7, 16, 1, 16, 8},
    {346, 23094, 11, 20, 1, 19, 13},
    {347, 23204, 9, 17, 1, 16, 11},
    {348, 23281, 11, 20, 1, 19, 13},
    {349, 23391, 9, 17, 1, 16, 11},
    {350, 23468, 11, 20, 1, 15, 13},
    {351, 23578, 9, 17, 1, 12, 11},
    {352, 23655, 11, 20, 1, 19, 13},
    {353, 23765, 9, 17, 1, 16, 11},
    {354, 23842, 12, 20, 0, 15, 13},
    {355, 23962, 7, 19, 0, 14, 7},
    {356, 24029, 12, 19, 0, 19, 13},
    {357, 24143, 7, 17, 0, 16, 8},
    {358, 24203, 12, 15, 0, 15, 13},
    {359, 24293, 7, 15, 0, 14, 7},
    {360, 24346, 13, 20, 1, 19, 15},
    {361, 24476, 10, 16, 1, 15, 12},
    {362, 24556, 13, 20, 1, 19, 15},
    {363, 24686, 10, 16, 1, 15, 12},
    {364, 24766, 13, 20, 1, 19, 15},
    {365, 24896, 10, 17, 1, 16, 12},
    {366, 24981, 13, 21, 1, 20, 15},
    {367, 25118, 10, 18, 1, 17, 12},
    {368, 25208, 13, 20, 1, 19, 15},
    {369, 25338, 10, 17, 1, 16, 12},
    {370, 25423, 13, 20, 1, 15, 15},
    {371, 25553, 10, 16, 1, 11, 12},
    {372, 25633, 20, 19, 0, 19, 20},
    {373, 25823, 16, 16, 0, 16, 16},
    {374, 25951, 14, 19, 0, 19, 14},
    {375, 26084, 11, 21, 0, 16, 11},
    {376, 26200, 14, 19, 0, 19, 14},
    {377, 26333, 11, 19, 1, 19, 13},
    {378, 26438, 9, 16, 1, 16, 11},
    {379, 26510, 11, 19, 1, 19, 13},
    {380, 26615, 9, 16, 1, 16, 11},
    {381, 26687, 11, 19, 1, 19, 13},
    {382, 26792, 9, 16, 1, 16, 11},
    {383, 26864, 6, 16, 1, 16, 6},
    {913, 26912, 14, 15, 0, 15, 14},
    {914, 27017, 11, 15, 1, 15, 13},
    {915, 27100, 10, 15, 1, 15, 12},
    {916, 27175, 14, 15, 0, 15, 14},
    {917, 27280, 10, 15, 1, 15, 12},
    {918, 27355, 11, 15, 1, 15, 13},
    {919, 27438, 13, 15, 1, 15, 15},
    {920, 27536, 14, 16, 1, 15, 15},
    {921, 27648, 3, 15, 1, 15, 5},
    {922, 27671, 12, 15, 1, 15, 13},
    {923, 27761, 14, 15, 0, 15, 14},
    {924, 27866, 16, 15, 1, 15, 18},
    {925, 27986, 13, 15, 1, 15, 15},
    {926, 28084, 11, 15, 1, 15, 13},
    {927, 28167, 14, 16, 1, 15, 15},
    {928, 28279, 13, 15, 1, 15, 15},
    {929, 28377, 11, 15, 1, 15, 13},
    {931, 28460, 12, 15, 1, 15, 14},
    {932, 28550, 12, 15, 0, 15, 13},
    {933, 28640, 14, 15, 0, 15, 14},
    {934, 28745, 16, 17, 1, 16, 18},
    {935, 28881, 14, 15, 0, 15, 14},
    {936, 28986, 15, 15, 1, 15, 18},
    {937, 29099, 14, 15, 1, 15, 15},
    {938, 29204, 7, 19, -1, 19, 5},
    {939, 29271, 14, 19, 0, 19, 14},
    {940, 29404, 12, 17, 1, 16, 13},
    {941, 29506, 9, 17, 1, 16, 11},
    {942, 29583, 10, 21, 1, 16, 12},
    {943, 29688, 5, 17, 1, 16, 6},
    {944, 29731, 10, 19, 1, 18, 12},
    {945, 29826, 12, 13, 1, 12, 13},
    {946, 29904, 10, 20, 1, 15, 12},
    {947, 30004, 11, 16, 0, 11, 11},
    {948, 30092, 10, 16, 1, 15, 12},
    {949, 30172, 9, 13, 1, 12, 11},
    {950, 30231, 9, 18, 1, 15, 10},
    {951, 30312, 10, 17, 1, 12, 12},
    {952, 30397, 11, 16, 1, 15, 12},
    {953, 30485, 5, 12, 1, 11, 6},
    {954, 30515, 10, 11, 1, 11, 11},
    {955, 30570, 13, 16, 0, 15, 13},
    {956, 30674, 11, 16, 1, 11, 12},
    {957, 30762, 12, 11, 0, 11, 12},
    {958, 30828, 9, 18, 1, 15, 11},
    {959, 30909, 10, 13, 1, 12, 12},
    {960, 30974, 12, 12, 0, 11, 12},
    {961, 31046, 11, 17, 1, 12, 12},
    {962, 31140, 10, 15, 1, 12, 11},
    {963, 31215, 12, 12, 1, 11, 12},
    {964, 31287, 10, 12, 0, 11, 9},
    {965, 31347, 10, 12, 1, 11, 12},
    {966, 31407, 13, 17, 1, 12, 14},
    {967, 31518, 12, 17, 0, 12, 11},
    {968, 31620, 14, 19, 1, 14, 16},
    {969, 31753, 15, 12, 1, 11, 16},
    {8226, 31843, 7, 7, 2, 9, 11},
    {8304, 31868, 9, 9, 0, 17, 9},
    {8305, 31909, 2, 10, 1, 18, 4},
    {8308, 31919, 9, 9, 0, 17, 9},
    {8309, 31960, 7, 9, 1, 17, 9},
    {8310, 31992, 8, 9, 0, 17, 9},
    {8311, 32028, 8, 9, 0, 17, 8},
    {8312, 32064, 9, 9, 0, 17, 9},
    {8313, 32105, 8, 9, 0, 17, 9},
    {8314, 32141, 7, 7, 1, 16, 9},
    {8315, 32166, 7, 3, 1, 14, 9},
    {8316, 32177, 7, 5, 1, 15, 9},
    {8317, 32195, 4, 11, 1, 18, 5},
    {8318, 32217, 4, 11, 0, 18, 5},
    {8319, 32239, 7, 7, 1, 15, 9},
    {8320, 32264, 9, 10, 0, 6, 9},
    {8321, 32309, 5, 8, 0, 5, 6},
    {8322, 32329, 7, 9, 1, 6, 9},
    {8323, 32361, 8, 10, 1, 6, 9},
    {8324, 32401, 9, 8, 0, 5, 9},
    {8325, 32437, 7, 9, 1, 5, 9},
    {8326, 32469, 8, 10, 0, 6, 9},
    {8327, 32509, 8, 8, 0, 5, 8},
    {8328, 32541, 9, 10, 0, 6, 9},
    {8329, 32586, 8, 10, 0, 6, 9},
    {8330, 32626, 7, 7, 1, 4, 9},
    {8331, 32651, 7, 3, 1, 2, 9},
    {8332, 32662, 7, 5, 1, 3, 9},
    {8333, 32680, 4, 11, 1, 6, 5},
    {8334, 32702, 4, 11, 0, 6, 5},
    {8336, 32724, 7, 8, 0, 4, 8},
    {8337, 32752, 8, 8, 0, 4, 8},
    {8338, 32784, 8, 8, 0, 4, 9},
    {8339, 32816, 8, 7, 0, 4, 8},
    {8340, 32844, 8, 9, 1, 4, 9},
    {8341, 32880, 7, 8, 1, 5, 9},
    {8342, 32908, 7, 8, 1, 5, 8},
    {8343, 32936, 2, 8, 1, 5, 4},
    {8344, 32944, 11, 7, 1, 4, 12},
    {8345, 32983, 7, 7, 1, 4, 9},
    {8346, 33008, 7, 10, 1, 4, 9},
    {8347, 33043, 8, 8, 0, 4, 8},
    {8348, 33075, 5, 9, 0, 5, 5},
    {8592, 33098, 16, 13, 1, 13, 19},
    {8593, 33202, 14, 15, 1, 15, 17},
    {8594, 33307, 16, 13, 2, 13, 19},
    {8595, 33411, 14, 16, 1, 15, 17},
    {8596, 33523, 24, 13, 1, 13, 27},
    {8597, 33679, 14, 24, 1, 18, 17},
    {8598, 33847, 12, 11, 2, 11, 16},
    {8599, 33913, 12, 11, 2, 11, 16},
    {8600, 33979, 12, 11, 2, 11, 16},
    {8601, 34045, 12, 11, 2, 11, 16},
    {8801, 34111, 10, 11, 1, 12, 12},
    {9654, 34166, 17, 19, 1, 17, 18},
    {9655, 34328, 17, 19, 1, 17, 18},
    {9679, 34490, 16, 16, 1, 15, 18},
};

const prim_font_t ui_font_sans_20 = {
    .bitmap_data = ui_font_sans_20_bmp,
    .glyphs = ui_font_sans_20_glyphs,
    .glyph_count = 432,
    .line_height = 24,
    .baseline = 19,
    .ascent = 19,
    .descent = 5,
    .bpp = 4,
};
