/* Auto-generated by tools/font_gen/gen_fonts.js. Do not edit. */
#include <prim/text.h>
#include <ui/fonts.h>   /* UI_API extern decl -> correct visibility */

static const uint8_t ui_font_mono_20_bmp[] = {
    0x28, 0x82, 0x0f, 0xf0, 0x0f, 0xf0, 0x0f, 0xf0, 0x0f, 0xf0, 0x0f, 0xf0, 0x0f, 0xf0, 0x0f, 0xf0,
    0x0f, 0xf0, 0x0f, 0xf0, 0x0b, 0xb0, 0x00, 0x00, 0x04, 0x40, 0x7f, 0xf7, 0x5f, 0xf5, 0x00, 0x00,
    0x28, 0x80, 0x08, 0x82, 0x4f, 0xf0, 0x0f, 0xf4, 0x4f, 0xc0, 0x0b, 0xf4, 0x4f, 0xb0, 0x0b, 0xf4,
    0x4f, 0xb0, 0x0b, 0xf4, 0x4f, 0xb0, 0x0b, 0xf4, 0x18, 0x60, 0x06, 0x82, 0x00, 0x00, 0x66, 0x00,
    0x28, 0x20, 0x00, 0x00, 0xe8, 0x00, 0x5f, 0x30, 0x00, 0x02, 0xf6, 0x00, 0x8f, 0x00, 0x00, 0x04,
    0xf4, 0x00, 0xbb, 0x00, 0x04, 0x8b, 0xf8, 0x88, 0xdd, 0x82, 0x08, 0xff, 0xff, 0xff, 0xff, 0xf4,
    0x00, 0x0c, 0xa0, 0x04, 0xf4, 0x00, 0x00, 0x0f, 0x80, 0x07, 0xf1, 0x00, 0x00, 0x4f, 0x40, 0x08,
    0xe0, 0x00, 0x28, 0x9f, 0x98, 0x8d, 0xd8, 0x40, 0x4f, 0xff, 0xff, 0xff, 0xff, 0x80, 0x00, 0xbb,
    0x00, 0x2f, 0x60, 0x00, 0x00, 0xe8, 0x00, 0x5f, 0x30, 0x00, 0x01, 0xf6, 0x00, 0x8f, 0x00, 0x00,
    0x04, 0xf4, 0x00, 0xac, 0x00, 0x00, 0x00, 0x00, 0x46, 0x00, 0x00, 0x00, 0x00, 0x8b, 0x00, 0x00,
    0x00, 0x00, 0x8b, 0x00, 0x00, 0x00, 0x28, 0xde, 0x94, 0x00, 0x05, 0xff, 0xff, 0xff, 0x60, 0x0e,
    0xf7, 0x8b, 0x4e, 0xf2, 0x4f, 0xc0, 0x8b, 0x09, 0xf6, 0x4f, 0xb0, 0x8b, 0x00, 0x00, 0x1f, 0xf3,
    0x8b, 0x00, 0x00, 0x08, 0xff, 0xdc, 0x10, 0x00, 0x00, 0x8f, 0xff, 0xf8, 0x10, 0x00, 0x02, 0xaf,
    0xff, 0xb0, 0x00, 0x00, 0x8b, 0x3e, 0xf6, 0x00, 0x00, 0x8b, 0x07, 0xf8, 0x7b, 0x50, 0x8b, 0x05,
    0xf9, 0x7f, 0xb0, 0x8b, 0x0b, 0xf7, 0x1c, 0xfd, 0xce, 0xdf, 0xc1, 0x01, 0x9f, 0xff, 0xf9, 0x10,
    0x00, 0x00, 0x9c, 0x00, 0x00, 0x00, 0x00, 0x8b, 0x00, 0x00, 0x00, 0x00, 0x68, 0x00, 0x00, 0x05,
    0xaa, 0x60, 0x00, 0x00, 0x85, 0x5f, 0xdc, 0xf8, 0x00, 0x08, 0xe2, 0xbd, 0x00, 0xcb, 0x00, 0x4f,
    0x50, 0xbb, 0x00, 0xbf, 0x01, 0xda, 0x00, 0xbc, 0x00, 0xbd, 0x08, 0xe1, 0x00, 0x8f, 0x88, 0xf9,
    0x4f, 0x50, 0x00, 0x19, 0xff, 0xa2, 0xe8, 0x00, 0x00, 0x00, 0x00, 0x0a, 0xd1, 0x00, 0x00, 0x00,
    0x00, 0x5f, 0x44, 0x88, 0x40, 0x00, 0x01, 0xe8, 0x7f, 0xdd, 0xf4, 0x00, 0x0b, 0xc1, 0xbc, 0x01,
    0xda, 0x00, 0x7f, 0x30, 0xfb, 0x00, 0xbb, 0x02, 0xe8, 0x00, 0xdb, 0x00, 0xbb, 0x0b, 0xc0, 0x00,
    0xae, 0x68, 0xf8, 0x7e, 0x30, 0x00, 0x1b, 0xff, 0xb1, 0x00, 0x00, 0x00, 0x00, 0x00, 0x00, 0x00,
    0x04, 0x9b, 0xb6, 0x00, 0x00, 0x00, 0x04, 0xff, 0xdf, 0xf8, 0x00, 0x00, 0x00, 0xbf, 0x70, 0x2e,
    0xf2, 0x00, 0x00, 0x0c, 0xf0, 0x00, 0x8f, 0x50, 0x00, 0x00, 0x9f, 0x60, 0x00, 0x00, 0x00, 0x00,
    0x02, 0xee, 0x20, 0x00, 0x00, 0x00, 0x00, 0x3b, 0xfc, 0x00, 0x00, 0x00, 0x00, 0x8f, 0xff, 0xf8,
    0x00, 0x04, 0x41, 0x3f, 0xe4, 0x0c, 0xf6, 0x07, 0xf9, 0x08, 0xf8, 0x00, 0x2e, 0xe7, 0xfc, 0x10,
    0x8f, 0x80, 0x00, 0x4f, 0xfe, 0x20, 0x08, 0xf8, 0x00, 0x01, 0xdf, 0xa0, 0x00, 0x7f, 0xa0, 0x00,
    0xaf, 0xdf, 0x70, 0x01, 0xef, 0xb8, 0xdf, 0x91, 0xdf, 0x30, 0x03, 0xdf, 0xfe, 0x80, 0x03, 0xfd,
    0x10, 0x00, 0x24, 0x00, 0x00, 0x00, 0x00, 0x08, 0x80, 0x0f, 0xf0, 0x0f, 0xf0, 0x0f, 0xf0, 0x0f,
    0xf0, 0x0f, 0xf0, 0x08, 0x80, 0x00, 0x00, 0x17, 0x80, 0x00, 0x6e, 0xfb, 0x00, 0x6f, 0xf9, 0x30,
    0x4f, 0xf4, 0x00, 0x0a, 0xf8, 0x00, 0x01, 0xff, 0x10, 0x00, 0x4f, 0xb0, 0x00, 0x05, 0xf8, 0x00,
    0x00, 0x8f, 0x80, 0x00, 0x08, 0xf8, 0x00, 0x00, 0x8f, 0x80, 0x00, 0x07, 0xf8, 0x00, 0x00, 0x4f,
    0xa0, 0x00, 0x03, 0xfc, 0x00, 0x00, 0x0e, 0xf2, 0x00, 0x00, 0x8f, 0xb0, 0x00, 0x01, 0xdf, 0x91,
    0x00, 0x03, 0xdf, 0xe8, 0x00, 0x01, 0x9f, 0xb0, 0x00, 0x00, 0x14, 0x87, 0x10, 0x00, 0x0b, 0xfe,
    0x60, 0x00, 0x39, 0xff, 0x60, 0x00, 0x04, 0xff, 0x40, 0x00, 0x08, 0xfb, 0x00, 0x00, 0x1e, 0xf1,
    0x00, 0x00, 0xbf, 0x40, 0x00, 0x08, 0xf7, 0x00, 0x00, 0x8f, 0x80, 0x00, 0x08, 0xf8, 0x00, 0x00,
    0x8f, 0x80, 0x00, 0x08, 0xf8, 0x00, 0x00, 0x9f, 0x50, 0x00, 0x0c, 0xf4, 0x00, 0x02, 0xfe, 0x00,
    0x00, 0xbf, 0x80, 0x01, 0x9f, 0xd1, 0x08, 0xef, 0xd3, 0x00, 0xbf, 0x91, 0x00, 0x04, 0x10, 0x00,
    0x00, 0x00, 0x00, 0x08, 0x80, 0x00, 0x00, 0x00, 0x00, 0x0f, 0xf0, 0x00, 0x00, 0x00, 0x00, 0x0f,
    0xf0, 0x00, 0x00, 0x08, 0x30, 0x0c, 0xc0, 0x03, 0x80, 0x2f, 0xfd, 0x6b, 0xb6, 0xdf, 0xf2, 0x05,
    0xaf, 0xff, 0xff, 0xfa, 0x50, 0x00, 0x00, 0x7f, 0xf7, 0x00, 0x00, 0x00, 0x03, 0xeb, 0xbe, 0x30,
    0x00, 0x00, 0x1c, 0xf4, 0x4f, 0xc1, 0x00, 0x00, 0x8f, 0x80, 0x08, 0xf8, 0x00, 0x00, 0x3b, 0x10,
    0x01, 0xb3, 0x00, 0x00, 0x00, 0x44, 0x00, 0x00, 0x00, 0x00, 0xff, 0x00, 0x00, 0x00, 0x00, 0xff,
    0x00, 0x00, 0x00, 0x00, 0xff, 0x00, 0x00, 0x68, 0x88, 0xff, 0x88, 0x86, 0xbf, 0xff, 0xff, 0xff,
    0xfb, 0x34, 0x44, 0xff, 0x44, 0x43, 0x00, 0x00, 0xff, 0x00, 0x00, 0x00, 0x00, 0xff, 0x00, 0x00,
    0x00, 0x00, 0xff, 0x00, 0x00, 0x00, 0x00, 0x00, 0x00, 0x00, 0x0d, 0xf7, 0x1f, 0xf3, 0x4f, 0xe0,
    0x7f, 0xb0, 0x8f, 0x80, 0xbf, 0x40, 0x44, 0x00, 0x28, 0x88, 0x88, 0x82, 0x4f, 0xff, 0xff, 0xf4,
    0x14, 0x44, 0x44, 0x41, 0x02, 0x20, 0x5f, 0xf5, 0xbf, 0xfb, 0x5f, 0xf5, 0x02, 0x20, 0x00, 0x00,
    0x00, 0x05, 0x84, 0x00, 0x00, 0x00, 0x0d, 0xf2, 0x00, 0x00, 0x00, 0x5f, 0xc0, 0x00, 0x00, 0x00,
    0x9f, 0x60, 0x00, 0x00, 0x01, 0xff, 0x10, 0x00, 0x00, 0x06, 0xf9, 0x00, 0x00, 0x00, 0x0c, 0xf5,
    0x00, 0x00, 0x00, 0x3f, 0xd0, 0x00, 0x00, 0x00, 0x8f, 0x80, 0x00, 0x00, 0x00, 0xef, 0x20, 0x00,
    0x00, 0x05, 0xfc, 0x00, 0x00, 0x00, 0x0a, 0xf6, 0x00, 0x00, 0x00, 0x1f, 0xf1, 0x00, 0x00, 0x00,
    0x7f, 0x90, 0x00, 0x00, 0x00, 0xcf, 0x50, 0x00, 0x00, 0x03, 0xfd, 0x00, 0x00, 0x00, 0x08, 0xf8,
    0x00, 0x00, 0x00, 0x0e, 0xf2, 0x00, 0x00, 0x00, 0x5f, 0xb0, 0x00, 0x00, 0x00, 0x24, 0x20, 0x00,
    0x00, 0x00, 0x00, 0x49, 0xbb, 0x94, 0x00, 0x06, 0xff, 0xff, 0xff, 0x60, 0x1e, 0xf6, 0x00, 0x6f,
    0xe1, 0x6f, 0x90, 0x00, 0x09, 0xf6, 0x8f, 0x80, 0x00, 0x08, 0xf8, 0x8f, 0x80, 0x00, 0x08, 0xf8,
    0x8f, 0x80, 0x77, 0x08, 0xf8, 0x8f, 0x84, 0xff, 0x48, 0xf8, 0x8f, 0x81, 0xaa, 0x18, 0xf8, 0x8f,
    0x80, 0x00, 0x08, 0xf8, 0x8f, 0x80, 0x00, 0x08, 0xf8, 0x7f, 0x80, 0x00, 0x08, 0xf7, 0x3f, 0xd1,
    0x00, 0x1d, 0xf3, 0x0a, 0xfd, 0x88, 0xdf, 0xa0, 0x01, 0x8f, 0xff, 0xf8, 0x00, 0x00, 0x00, 0x44,
    0x00, 0x00, 0x00, 0x03, 0x88, 0x60, 0x00, 0x00, 0x7f, 0xff, 0xb0, 0x00, 0x1a, 0xfe, 0x8f, 0xb0,
    0x00, 0x4f, 0xc2, 0x4f, 0xb0, 0x00, 0x48, 0x00, 0x4f, 0xb0, 0x00, 0x00, 0x00, 0x4f, 0xb0, 0x00,
    0x00, 0x00, 0x4f, 0xb0, 0x00, 0x00, 0x00, 0x4f, 0xb0, 0x00, 0x00, 0x00, 0x4f, 0xb0, 0x00, 0x00,
    0x00, 0x4f, 0xb0, 0x00, 0x00, 0x00, 0x4f, 0xb0, 0x00, 0x00, 0x00, 0x4f, 0xb0, 0x00, 0x00, 0x00,
    0x4f, 0xb0, 0x00, 0x3b, 0xbb, 0xcf, 0xeb, 0xb8, 0x4f, 0xff, 0xff, 0xff, 0xfb, 0x00, 0x39, 0xbb,
    0x92, 0x00, 0x06, 0xff, 0xff, 0xff, 0x60, 0x2e, 0xf7, 0x00, 0x7f, 0xe1, 0x7f, 0x90, 0x00, 0x0c,
    0xf5, 0x48, 0x40, 0x00, 0x08, 0xf8, 0x00, 0x00, 0x00, 0x0c, 0xf4, 0x00, 0x00, 0x00, 0x4f, 0xe0,
    0x00, 0x00, 0x01, 0xdf, 0x50, 0x00, 0x00, 0x1c, 0xf9, 0x00, 0x00, 0x01, 0xcf, 0x90, 0x00, 0x00,
    0x1c, 0xf9, 0x00, 0x00, 0x00, 0xbf, 0x90, 0x00, 0x00, 0x09, 0xfc, 0x00, 0x00, 0x00, 0x4f, 0xfc,
    0xbb, 0xbb, 0xb6, 0x4f, 0xff, 0xff, 0xff, 0xf8, 0x28, 0x88, 0x88, 0x88, 0x80, 0x4f, 0xff, 0xff,
    0xff, 0xf0, 0x14, 0x44, 0x44, 0xcf, 0x90, 0x00, 0x00, 0x09, 0xf9, 0x00, 0x00, 0x00, 0x9f, 0x90,
    0x00, 0x00, 0x07, 0xfc, 0x00, 0x00, 0x00, 0x0b, 0xff, 0xe8, 0x00, 0x00, 0x06, 0x88, 0xef, 0x80,
    0x00, 0x00, 0x00, 0x3f, 0xf1, 0x00, 0x00, 0x00, 0x0b, 0xf4, 0x00, 0x00, 0x00, 0x0b, 0xf4, 0x9f,
    0x60, 0x00, 0x0b, 0xf4, 0x7f, 0xb0, 0x00, 0x3f, 0xf1, 0x1d, 0xfd, 0x89, 0xef, 0x80, 0x02, 0xbf,
    0xff, 0xe8, 0x00, 0x00, 0x01, 0x43, 0x00, 0x00, 0x00, 0x00, 0x04, 0x85, 0x00, 0x00, 0x01, 0xef,
    0x40, 0x00, 0x00, 0xaf, 0x80, 0x00, 0x00, 0x4f, 0xe1, 0x00, 0x00, 0x1d, 0xf5, 0x00, 0x00, 0x08,
    0xfb, 0x00, 0x00, 0x03, 0xfe, 0x20, 0x08, 0x80, 0xcf, 0x70, 0x00, 0xff, 0x7f, 0xc0, 0x00, 0x0f,
    0xfb, 0xf5, 0x00, 0x00, 0xff, 0xbf, 0xff, 0xff, 0xff, 0xfb, 0xff, 0xff, 0xff, 0xff, 0x00, 0x00,
    0x00, 0x0f, 0xf0, 0x00, 0x00, 0x00, 0xff, 0x00, 0x00, 0x00, 0x0f, 0xf0, 0x08, 0x88, 0x88, 0x88,
    0x60, 0x0f, 0xff, 0xff, 0xff, 0xb0, 0x0f, 0xc4, 0x44, 0x44, 0x30, 0x0f, 0xb0, 0x00, 0x00, 0x00,
    0x0f, 0xb0, 0x00, 0x00, 0x00, 0x0f, 0xc4, 0x44, 0x00, 0x00, 0x0f, 0xff, 0xff, 0xf9, 0x10, 0x08,
    0x88, 0x89, 0xef, 0xa0, 0x00, 0x00, 0x00, 0x3e, 0xf3, 0x00, 0x00, 0x00, 0x0a, 0xf4, 0x00, 0x00,
    0x00, 0x08, 0xf8, 0x8f, 0x80, 0x00, 0x09, 0xf4, 0x6f, 0xd1, 0x00, 0x3e, 0xf2, 0x0c, 0xfd, 0x89,
    0xef, 0x90, 0x01, 0x9f, 0xff, 0xe8, 0x00, 0x00, 0x00, 0x44, 0x00, 0x00, 0x00, 0x00, 0x28, 0x70,
    0x00, 0x00, 0x00, 0xbf, 0x80, 0x00, 0x00, 0x04, 0xfd, 0x00, 0x00, 0x00, 0x0c, 0xf5, 0x00, 0x00,
    0x00, 0x6f, 0xb0, 0x00, 0x00, 0x01, 0xdf, 0x30, 0x00, 0x00, 0x08, 0xfc, 0xdf, 0xe8, 0x10, 0x1e,
    0xfd, 0x88, 0xdf, 0xc0, 0x6f, 0xc1, 0x00, 0x1c, 0xf6, 0xaf, 0x50, 0x00, 0x05, 0xfa, 0xbf, 0x40,
    0x00, 0x04, 0xfb, 0xaf, 0x50, 0x00, 0x05, 0xfa, 0x6f, 0xc1, 0x00, 0x1c, 0xf6, 0x0c, 0xfd, 0x88,
    0xdf, 0xc0, 0x01, 0x9f, 0xff, 0xf8, 0x10, 0x00, 0x00, 0x44, 0x00, 0x00, 0x48, 0x88, 0x88, 0x88,
    0x88, 0x8f, 0xff, 0xff, 0xff, 0xff, 0x8f, 0x94, 0x44, 0x48, 0xfd, 0x8f, 0x80, 0x00, 0x09, 0xf8,
    0x48, 0x40, 0x00, 0x1f, 0xf1, 0x00, 0x00, 0x00, 0x8f, 0x90, 0x00, 0x00, 0x00, 0xdf, 0x40, 0x00,
    0x00, 0x05, 0xfd, 0x00, 0x00, 0x00, 0x0a, 0xf7, 0x00, 0x00, 0x00, 0x2f, 0xf1, 0x00, 0x00, 0x00,
    0x8f, 0x90, 0x00, 0x00, 0x00, 0xef, 0x40, 0x00, 0x00, 0x06, 0xfc, 0x00, 0x00, 0x00, 0x0b, 0xf6,
    0x00, 0x00, 0x00, 0x2f, 0xe1, 0x00, 0x00, 0x00, 0x29, 0xbb, 0x92, 0x00, 0x06, 0xff, 0xff, 0xff,
    0x60, 0x1e, 0xf7, 0x00, 0x7f, 0xe1, 0x4f, 0xb0, 0x00, 0x0b, 0xf4, 0x4f, 0xa0, 0x00, 0x0a, 0xf4,
    0x1e, 0xe1, 0x00, 0x1e, 0xe1, 0x06, 0xed, 0x88, 0xde, 0x60, 0x01, 0x8f, 0xff, 0xf8, 0x10, 0x1c,
    0xf9, 0x44, 0x9f, 0xc1, 0x7f, 0x90, 0x00, 0x09, 0xf7, 0xbf, 0x40, 0x00, 0x04, 0xfb, 0xbf, 0x50,
    0x00, 0x05, 0xfb, 0x7f, 0xc1, 0x00, 0x1c, 0xf7, 0x1c, 0xfd, 0x88, 0xdf, 0xc1, 0x01, 0x9f, 0xff,
    0xf9, 0x10, 0x00, 0x00, 0x44, 0x00, 0x00, 0x00, 0x49, 0xbb, 0x94, 0x00, 0x06, 0xff, 0xff, 0xff,
    0x60, 0x4f, 0xe6, 0x00, 0x6e, 0xf4, 0x9f, 0x80, 0x00, 0x08, 0xf9, 0xbf, 0x40, 0x00, 0x04, 0xfb,
    0xbf, 0x40, 0x00, 0x04, 0xfb, 0x8f, 0x90, 0x00, 0x09, 0xf8, 0x2e, 0xf8, 0x44, 0x8f, 0xf2, 0x05,
    0xef, 0xff, 0xff, 0xb0, 0x00, 0x15, 0x86, 0xef, 0x20, 0x00, 0x00, 0x09, 0xf9, 0x00, 0x00, 0x00,
    0x3f, 0xe1, 0x00, 0x00, 0x00, 0xbf, 0x80, 0x00, 0x00, 0x05, 0xfd, 0x10, 0x00, 0x00, 0x1d, 0xf6,
    0x00, 0x00, 0x03, 0x30, 0x8f, 0xf8, 0xbf, 0xfb, 0x3b, 0xb3, 0x00, 0x00, 0x00, 0x00, 0x00, 0x00,
    0x00, 0x00, 0x00, 0x00, 0x3b, 0xb3, 0xbf, 0xfb, 0x8f, 0xf8, 0x03, 0x30, 0x03, 0x30, 0x8f, 0xf8,
    0xbf, 0xfb, 0x4c, 0xc4, 0x00, 0x00, 0x00, 0x00, 0x00, 0x00, 0x00, 0x00, 0x00, 0x00, 0x0f, 0xf5,
    0x3f, 0xf1, 0x5f, 0xd0, 0x8f, 0x90, 0xbf, 0x60, 0xdf, 0x30, 0x44, 0x00, 0x00, 0x00, 0x00, 0x01,
    0x83, 0x00, 0x00, 0x01, 0x8e, 0xf4, 0x00, 0x01, 0x8e, 0xfd, 0x60, 0x02, 0x9f, 0xfb, 0x60, 0x00,
    0x3f, 0xfb, 0x40, 0x00, 0x00, 0x4f, 0x91, 0x00, 0x00, 0x00, 0x2d, 0xfe, 0x81, 0x00, 0x00, 0x00,
    0x6d, 0xff, 0x92, 0x00, 0x00, 0x00, 0x6d, 0xff, 0x91, 0x00, 0x00, 0x00, 0x6d, 0xf4, 0x00, 0x00,
    0x00, 0x00, 0x63, 0x4f, 0xff, 0xff, 0xff, 0xf4, 0x4f, 0xff, 0xff, 0xff, 0xf4, 0x00, 0x00, 0x00,
    0x00, 0x00, 0x00, 0x00, 0x00, 0x00, 0x00, 0x00, 0x00, 0x00, 0x00, 0x00, 0x4f, 0xff, 0xff, 0xff,
    0xf4, 0x3b, 0xbb, 0xbb, 0xbb, 0xb3, 0x38, 0x10, 0x00, 0x00, 0x00, 0x4f, 0xe8, 0x10, 0x00, 0x00,
    0x06, 0xdf, 0xe8, 0x10, 0x00, 0x00, 0x06, 0xdf, 0xf9, 0x20, 0x00, 0x00, 0x06, 0xdf, 0xf3, 0x00,
    0x00, 0x00, 0x1a, 0xf4, 0x00, 0x00, 0x18, 0xef, 0xd2, 0x00, 0x18, 0xef, 0xd6, 0x00, 0x18, 0xef,
    0xd6, 0x00, 0x00, 0x4f, 0xd6, 0x00, 0x00, 0x00, 0x36, 0x00, 0x00, 0x00, 0x00, 0x48, 0x88, 0x72,
    0x00, 0x8f, 0xff, 0xff, 0x60, 0x24, 0x44, 0x8f, 0xf4, 0x00, 0x00, 0x08, 0xf9, 0x00, 0x00, 0x04,
    0xfb, 0x00, 0x00, 0x05, 0xfb, 0x00, 0x00, 0x2c, 0xf6, 0x00, 0xbd, 0xff, 0xc0, 0x00, 0xff, 0xb7,
    0x00, 0x00, 0xff, 0x00, 0x00, 0x00, 0xbb, 0x00, 0x00, 0x00, 0x00, 0x00, 0x00, 0x00, 0x44, 0x00,
    0x00, 0x07, 0xff, 0x70, 0x00, 0x05, 0xff, 0x50, 0x00, 0x00, 0x00, 0x00, 0x00, 0x00, 0x02, 0x8b,
    0xba, 0x60, 0x00, 0x00, 0x6f, 0xfb, 0xbd, 0xfc, 0x10, 0x04, 0xfc, 0x20, 0x00, 0x7f, 0x90, 0x0b,
    0xf2, 0x00, 0x00, 0x0b, 0xf1, 0x0f, 0xb0, 0x00, 0x00, 0x08, 0xf4, 0x3f, 0x80, 0x01, 0x9b, 0x88,
    0xf4, 0x4f, 0x80, 0x0c, 0xfa, 0xae, 0xf4, 0x4f, 0x80, 0x3f, 0x90, 0x09, 0xf4, 0x4f, 0x80, 0x4f,
    0x80, 0x08, 0xf4, 0x4f, 0x80, 0x4f, 0x80, 0x08, 0xf4, 0x4f, 0x80, 0x4f, 0x80, 0x08, 0xf4, 0x4f,
    0x80, 0x3f, 0x90, 0x09, 0xf3, 0x4f, 0x80, 0x0b, 0xf9, 0x9f, 0xb0, 0x2f, 0x80, 0x01, 0x9d, 0xd9,
    0x10, 0x0f, 0xc0, 0x00, 0x00, 0x00, 0x00, 0x09, 0xf5, 0x00, 0x00, 0x00, 0x00, 0x02, 0xee, 0x82,
    0x00, 0x00, 0x00, 0x00, 0x3d, 0xff, 0xff, 0xb0, 0x00, 0x00, 0x00, 0x58, 0x88, 0x60, 0x00, 0x00,
    0x00, 0x38, 0x84, 0x00, 0x00, 0x00, 0x00, 0x8f, 0xf9, 0x00, 0x00, 0x00, 0x00, 0xde, 0xed, 0x00,
    0x00, 0x00, 0x02, 0xfa, 0xaf, 0x20, 0x00, 0x00, 0x06, 0xf8, 0x8f, 0x60, 0x00, 0x00, 0x09, 0xf4,
    0x4f, 0x90, 0x00, 0x00, 0x0d, 0xf0, 0x0f, 0xd0, 0x00, 0x00, 0x2f, 0xb0, 0x0b, 0xf2, 0x00, 0x00,
    0x6f, 0x80, 0x08, 0xf6, 0x00, 0x00, 0x9f, 0x98, 0x89, 0xfa, 0x00, 0x00, 0xef, 0xff, 0xff, 0xfe,
    0x00, 0x03, 0xfc, 0x44, 0x44, 0xcf, 0x30, 0x07, 0xf8, 0x00, 0x00, 0x8f, 0x70, 0x0a, 0xf5, 0x00,
    0x00, 0x5f, 0xa0, 0x0e, 0xf1, 0x00, 0x00, 0x1f, 0xe0, 0x28, 0x88, 0x88, 0x71, 0x00, 0x4f, 0xff,
    0xff, 0xfe, 0x60, 0x4f, 0xc4, 0x44, 0x8f, 0xe1, 0x4f, 0xb0, 0x00, 0x0c, 0xf4, 0x4f, 0xb0, 0x00,
    0x0a, 0xf4, 0x4f, 0xb0, 0x00, 0x1d, 0xf2, 0x4f, 0xd8, 0x88, 0xdf, 0x60, 0x4f, 0xff, 0xff, 0xf8,
    0x10, 0x4f, 0xc4, 0x44, 0x9f, 0xc1, 0x4f, 0xb0, 0x00, 0x09, 0xf7, 0x4f, 0xb0, 0x00, 0x04, 0xfa,
    0x4f, 0xb0, 0x00, 0x06, 0xfa, 0x4f, 0xb0, 0x00, 0x1c, 0xf7, 0x4f, 0xeb, 0xbb, 0xff, 0xc1, 0x4f,
    0xff, 0xff, 0xd8, 0x10, 0x00, 0x28, 0xbb, 0x94, 0x00, 0x03, 0xef, 0xff, 0xff, 0x70, 0x0d, 0xf8,
    0x10, 0x4e, 0xf2, 0x3f, 0xd0, 0x00, 0x08, 0xf8, 0x4f, 0xb0, 0x00, 0x04, 0x84, 0x4f, 0xb0, 0x00,
    0x00, 0x00, 0x4f, 0xb0, 0x00, 0x00, 0x00, 0x4f, 0xb0, 0x00, 0x00, 0x00, 0x4f, 0xb0, 0x00, 0x00,
    0x00, 0x4f, 0xb0, 0x00, 0x00, 0x00, 0x4f, 0xb0, 0x00, 0x00, 0x00, 0x4f, 0xb0, 0x00, 0x08, 0xf8,
    0x0f, 0xf3, 0x00, 0x1d, 0xf5, 0x08, 0xfe, 0x98, 0xdf, 0xc0, 0x00, 0x8e, 0xff, 0xf9, 0x10, 0x00,
    0x00, 0x34, 0x10, 0x00, 0x28, 0x88, 0x88, 0x50, 0x00, 0x4f, 0xff, 0xff, 0xfc, 0x10, 0x4f, 0xc4,
    0x44, 0xbf, 0xb0, 0x4f, 0xb0, 0x00, 0x0d, 0xf3, 0x4f, 0xb0, 0x00, 0x0a, 0xf4, 0x4f, 0xb0, 0x00,
    0x08, 0xf4, 0x4f, 0xb0, 0x00, 0x08, 0xf4, 0x4f, 0xb0, 0x00, 0x08, 0xf4, 0x4f, 0xb0, 0x00, 0x08,
    0xf4, 0x4f, 0xb0, 0x00, 0x08, 0xf4, 0x4f, 0xb0, 0x00, 0x08, 0xf4, 0x4f, 0xb0, 0x00, 0x0c, 0xf4,
    0x4f, 0xb0, 0x00, 0x6f, 0xe1, 0x4f, 0xeb, 0xbd, 0xff, 0x60, 0x4f, 0xff, 0xff, 0xa4, 0x00, 0x08,
    0x88, 0x88, 0x88, 0x84, 0x0f, 0xff, 0xff, 0xff, 0xf8, 0x0f, 0xf4, 0x44, 0x44, 0x42, 0x0f, 0xf0,
    0x00, 0x00, 0x00, 0x0f, 0xf0, 0x00, 0x00, 0x00, 0x0f, 0xf0, 0x00, 0x00, 0x00, 0x0f, 0xf8, 0x88,
    0x88, 0x60, 0x0f, 0xff, 0xff, 0xff, 0xb0, 0x0f, 0xf4, 0x44, 0x44, 0x30, 0x0f, 0xf0, 0x00, 0x00,
    0x00, 0x0f, 0xf0, 0x00, 0x00, 0x00, 0x0f, 0xf0, 0x00, 0x00, 0x00, 0x0f, 0xf0, 0x00, 0x00, 0x00,
    0x0f, 0xfb, 0xbb, 0xbb, 0xb6, 0x0f, 0xff, 0xff, 0xff, 0xf8, 0x28, 0x88, 0x88, 0x88, 0x84, 0x4f,
    0xff, 0xff, 0xff, 0xf8, 0x4f, 0xc4, 0x44, 0x44, 0x42, 0x4f, 0xb0, 0x00, 0x00, 0x00, 0x4f, 0xb0,
    0x00, 0x00, 0x00, 0x4f, 0xb0, 0x00, 0x00, 0x00, 0x4f, 0xc4, 0x44, 0x44, 0x40, 0x4f, 0xff, 0xff,
    0xff, 0xf0, 0x4f, 0xd8, 0x88, 0x88, 0x80, 0x4f, 0xb0, 0x00, 0x00, 0x00, 0x4f, 0xb0, 0x00, 0x00,
    0x00, 0x4f, 0xb0, 0x00, 0x00, 0x00, 0x4f, 0xb0, 0x00, 0x00, 0x00, 0x4f, 0xb0, 0x00, 0x00, 0x00,
    0x4f, 0xb0, 0x00, 0x00, 0x00, 0x00, 0x28, 0xbb, 0x94, 0x00, 0x05, 0xff, 0xff, 0xff, 0x60, 0x0e,
    0xf7, 0x00, 0x7f, 0xf2, 0x4f, 0xc0, 0x00, 0x09, 0xf6, 0x4f, 0xb0, 0x00, 0x04, 0x84, 0x4f, 0xb0,
    0x00, 0x00, 0x00, 0x4f, 0xb0, 0x00, 0x00, 0x00, 0x4f, 0xb0, 0x3b, 0xbb, 0xb6, 0x4f, 0xb0, 0x4f,
    0xff, 0xf8, 0x4f, 0xb0, 0x00, 0x08, 0xf8, 0x4f, 0xb0, 0x00, 0x08, 0xf8, 0x4f, 0xb0, 0x00, 0x08,
    0xf8, 0x2f, 0xe3, 0x00, 0x1d, 0xf3, 0x08, 0xfe, 0x98, 0xdf, 0xb0, 0x00, 0x8e, 0xff, 0xf9, 0x10,
    0x00, 0x00, 0x44, 0x00, 0x00, 0x28, 0x60, 0x00, 0x06, 0x82, 0x4f, 0xb0, 0x00, 0x0b, 0xf4, 0x4f,
    0xb0, 0x00, 0x0b, 0xf4, 0x4f, 0xb0, 0x00, 0x0b, 0xf4, 0x4f, 0xb0, 0x00, 0x0b, 0xf4, 0x4f, 0xb0,
    0x00, 0x0b, 0xf4, 0x4f, 0xd8, 0x88, 0x8d, 0xf4, 0x4f, 0xff, 0xff, 0xff, 0xf4, 0x4f, 0xc4, 0x44,
    0x4c, 0xf4, 0x4f, 0xb0, 0x00, 0x0b, 0xf4, 0x4f, 0xb0, 0x00, 0x0b, 0xf4, 0x4f, 0xb0, 0x00, 0x0b,
    0xf4, 0x4f, 0xb0, 0x00, 0x0b, 0xf4, 0x4f, 0xb0, 0x00, 0x0b, 0xf4, 0x4f, 0xb0, 0x00, 0x0b, 0xf4,
    0x88, 0x88, 0x88, 0x88, 0xff, 0xff, 0xff, 0xff, 0x44, 0x4f, 0xf4, 0x44, 0x00, 0x0f, 0xf0, 0x00,
    0x00, 0x0f, 0xf0, 0x00, 0x00, 0x0f, 0xf0, 0x00, 0x00, 0x0f, 0xf0, 0x00, 0x00, 0x0f, 0xf0, 0x00,
    0x00, 0x0f, 0xf0, 0x00, 0x00, 0x0f, 0xf0, 0x00, 0x00, 0x0f, 0xf0, 0x00, 0x00, 0x0f, 0xf0, 0x00,
    0x00, 0x0f, 0xf0, 0x00, 0xbb, 0xbf, 0xfb, 0xbb, 0xff, 0xff, 0xff, 0xff, 0x00, 0x00, 0x00, 0x00,
    0x88, 0x00, 0x00, 0x00, 0x00, 0xff, 0x00, 0x00, 0x00, 0x00, 0xff, 0x00, 0x00, 0x00, 0x00, 0xff,
    0x00, 0x00, 0x00, 0x00, 0xff, 0x00, 0x00, 0x00, 0x00, 0xff, 0x00, 0x00, 0x00, 0x00, 0xff, 0x00,
    0x00, 0x00, 0x00, 0xff, 0x00, 0x00, 0x00, 0x00, 0xff, 0x00, 0x00, 0x00, 0x00, 0xff, 0x14, 0x30,
    0x00, 0x00, 0xff, 0x2f, 0xd0, 0x00, 0x01, 0xff, 0x0d, 0xf6, 0x00, 0x08, 0xfa, 0x06, 0xff, 0xa8,
    0xcf, 0xf3, 0x00, 0x5d, 0xff, 0xfc, 0x30, 0x00, 0x00, 0x24, 0x20, 0x00, 0x28, 0x60, 0x00, 0x02,
    0x87, 0x04, 0xfb, 0x00, 0x00, 0x9f, 0x80, 0x4f, 0xb0, 0x00, 0x2f, 0xe1, 0x04, 0xfb, 0x00, 0x09,
    0xf8, 0x00, 0x4f, 0xb0, 0x02, 0xfe, 0x10, 0x04, 0xfb, 0x00, 0x9f, 0x80, 0x00, 0x4f, 0xd8, 0x8f,
    0xe1, 0x00, 0x04, 0xff, 0xff, 0xf9, 0x00, 0x00, 0x4f, 0xc4, 0x5f, 0xe1, 0x00, 0x04, 0xfb, 0x00,
    0xbf, 0x80, 0x00, 0x4f, 0xb0, 0x04, 0xfe, 0x10, 0x04, 0xfb, 0x00, 0x0b, 0xf8, 0x00, 0x4f, 0xb0,
    0x00, 0x4f, 0xe1, 0x04, 0xfb, 0x00, 0x00, 0xbf, 0x80, 0x4f, 0xb0, 0x00, 0x04, 0xfe, 0x10, 0x48,
    0x40, 0x00, 0x00, 0x00, 0x8f, 0x80, 0x00, 0x00, 0x00, 0x8f, 0x80, 0x00, 0x00, 0x00, 0x8f, 0x80,
    0x00, 0x00, 0x00, 0x8f, 0x80, 0x00, 0x00, 0x00, 0x8f, 0x80, 0x00, 0x00, 0x00, 0x8f, 0x80, 0x00,
    0x00, 0x00, 0x8f, 0x80, 0x00, 0x00, 0x00, 0x8f, 0x80, 0x00, 0x00, 0x00, 0x8f, 0x80, 0x00, 0x00,
    0x00, 0x8f, 0x80, 0x00, 0x00, 0x00, 0x8f, 0x80, 0x00, 0x00, 0x00, 0x8f, 0x80, 0x00, 0x00, 0x00,
    0x8f, 0xdb, 0xbb, 0xbb, 0xb0, 0x8f, 0xff, 0xff, 0xff, 0xf0, 0x68, 0x82, 0x00, 0x28, 0x86, 0xbf,
    0xf7, 0x00, 0x8e, 0xfb, 0xbf, 0xab, 0x00, 0xc9, 0xfb, 0xbf, 0x8f, 0x11, 0xf5, 0xfb, 0xbf, 0x6f,
    0x56, 0xf4, 0xfb, 0xbf, 0x4c, 0x9a, 0xa4, 0xfb, 0xbf, 0x48, 0xde, 0x64, 0xfb, 0xbf, 0x43, 0xff,
    0x24, 0xfb, 0xbf, 0x40, 0x87, 0x04, 0xfb, 0xbf, 0x40, 0x00, 0x04, 0xfb, 0xbf, 0x40, 0x00, 0x04,
    0xfb, 0xbf, 0x40, 0x00, 0x04, 0xfb, 0xbf, 0x40, 0x00, 0x04, 0xfb, 0xbf, 0x40, 0x00, 0x04, 0xfb,
    0xbf, 0x40, 0x00, 0x04, 0xfb, 0x28, 0x83, 0x00, 0x04, 0x82, 0x4f, 0xfa, 0x00, 0x08, 0xf4, 0x4f,
    0xff, 0x10, 0x08, 0xf4, 0x4f, 0xcf, 0x60, 0x08, 0xf4, 0x4f, 0x8e, 0xa0, 0x08, 0xf4, 0x4f, 0x89,
    0xf2, 0x08, 0xf4, 0x4f, 0x85, 0xf7, 0x08, 0xf4, 0x4f, 0x80, 0xdc, 0x08, 0xf4, 0x4f, 0x80, 0x8f,
    0x28, 0xf4, 0x4f, 0x80, 0x3f, 0x88, 0xf4, 0x4f, 0x80, 0x0d, 0xd8, 0xf4, 0x4f, 0x80, 0x08, 0xfa,
    0xf4, 0x4f, 0x80, 0x02, 0xfe, 0xf4, 0x4f, 0x80, 0x00, 0xcf, 0xf4, 0x4f, 0x80, 0x00, 0x7f, 0xf4,
    0x00, 0x29, 0xbb, 0x92, 0x00, 0x05, 0xff, 0xff, 0xff, 0x50, 0x0d, 0xf7, 0x00, 0x7f, 0xe0, 0x4f,
    0xc0, 0x00, 0x0c, 0xf4, 0x4f, 0xb0, 0x00, 0x0b, 0xf4, 0x4f, 0xb0, 0x00, 0x0b, 0xf4, 0x4f, 0xb0,
    0x00, 0x0b, 0xf4, 0x4f, 0xb0, 0x00, 0x0b, 0xf4, 0x4f, 0xb0, 0x00, 0x0b, 0xf4, 0x4f, 0xb0, 0x00,
    0x0b, 0xf4, 0x4f, 0xb0, 0x00, 0x0b, 0xf4, 0x4f, 0xb0, 0x00, 0x0b, 0xf4, 0x1f, 0xe1, 0x00, 0x1e,
    0xf1, 0x08, 0xfe, 0x88, 0xef, 0x80, 0x00, 0x8e, 0xff, 0xe8, 0x00, 0x00, 0x00, 0x44, 0x00, 0x00,
    0x28, 0x88, 0x88, 0x84, 0x00, 0x04, 0xff, 0xff, 0xff, 0xf9, 0x00, 0x4f, 0xc4, 0x44, 0x6e, 0xf8,
    0x04, 0xfb, 0x00, 0x00, 0x4f, 0xe0, 0x4f, 0xb0, 0x00, 0x00, 0xff, 0x04, 0xfb, 0x00, 0x00, 0x1f,
    0xf0, 0x4f, 0xb0, 0x00, 0x09, 0xfb, 0x04, 0xfe, 0xbb, 0xbd, 0xfe, 0x30, 0x4f, 0xff, 0xff, 0xfb,
    0x30, 0x04, 0xfb, 0x00, 0x00, 0x00, 0x00, 0x4f, 0xb0, 0x00, 0x00, 0x00, 0x04, 0xfb, 0x00, 0x00,
    0x00, 0x00, 0x4f, 0xb0, 0x00, 0x00, 0x00, 0x04, 0xfb, 0x00, 0x00, 0x00, 0x00, 0x4f, 0xb0, 0x00,
    0x00, 0x00, 0x00, 0x00, 0x39, 0xbb, 0x93, 0x00, 0x06, 0xff, 0xff, 0xff, 0x60, 0x1e, 0xf7, 0x00,
    0x7f, 0xe1, 0x6f, 0xa0, 0x00, 0x0a, 0xf6, 0x8f, 0x80, 0x00, 0x08, 0xf8, 0x8f, 0x80, 0x00, 0x08,
    0xf8, 0x8f, 0x80, 0x00, 0x08, 0xf8, 0x8f, 0x80, 0x00, 0x08, 0xf8, 0x8f, 0x80, 0x00, 0x08, 0xf8,
    0x8f, 0x80, 0x00, 0x08, 0xf8, 0x8f, 0x80, 0x00, 0x08, 0xf8, 0x7f, 0x80, 0x00, 0x08, 0xf7, 0x3f,
    0xe1, 0x00, 0x1e, 0xf3, 0x0a, 0xfe, 0x88, 0xef, 0xa0, 0x01, 0x8f, 0xff, 0xf9, 0x10, 0x00, 0x00,
    0x48, 0xfb, 0x00, 0x00, 0x00, 0x01, 0xdf, 0x50, 0x00, 0x00, 0x00, 0x4f, 0xd1, 0x00, 0x00, 0x00,
    0x07, 0x83, 0x28, 0x88, 0x88, 0x82, 0x00, 0x4f, 0xff, 0xff, 0xff, 0x60, 0x4f, 0xc4, 0x44, 0x7f,
    0xf4, 0x4f, 0xb0, 0x00, 0x08, 0xf9, 0x4f, 0xb0, 0x00, 0x04, 0xfb, 0x4f, 0xb0, 0x00, 0x06, 0xfa,
    0x4f, 0xb0, 0x00, 0x2d, 0xf6, 0x4f, 0xeb, 0xbd, 0xff, 0xb0, 0x4f, 0xff, 0xff, 0xf8, 0x00, 0x4f,
    0xb0, 0x0b, 0xf6, 0x00, 0x4f, 0xb0, 0x04, 0xfd, 0x00, 0x4f, 0xb0, 0x00, 0xcf, 0x60, 0x4f, 0xb0,
    0x00, 0x6f, 0xb0, 0x4f, 0xb0, 0x00, 0x0d, 0xf4, 0x4f, 0xb0, 0x00, 0x07, 0xfb, 0x00, 0x39, 0xbb,
    0x82, 0x00, 0x06, 0xff, 0xff, 0xfe, 0x50, 0x0e, 0xf7, 0x00, 0x7f, 0xd0, 0x4f, 0xb0, 0x00, 0x0c,
    0xf4, 0x4f, 0xb0, 0x00, 0x00, 0x00, 0x1f, 0xe3, 0x00, 0x00, 0x00, 0x08, 0xff, 0xc8, 0x30, 0x00,
    0x00, 0x8e, 0xff, 0xfc, 0x30, 0x00, 0x00, 0x48, 0xdf, 0xd1, 0x00, 0x00, 0x00, 0x0b, 0xf7, 0x00,
    0x00, 0x00, 0x05, 0xf9, 0x8f, 0x60, 0x00, 0x05, 0xf8, 0x6f, 0xc1, 0x00, 0x1b, 0xf6, 0x1c, 0xfd,
    0x88, 0xdf, 0xc1, 0x01, 0x9f, 0xff, 0xf9, 0x10, 0x00, 0x00, 0x44, 0x00, 0x00, 0x88, 0x88, 0x88,
    0x88, 0x88, 0xff, 0xff, 0xff, 0xff, 0xff, 0x44, 0x44, 0xff, 0x44, 0x44, 0x00, 0x00, 0xff, 0x00,
    0x00, 0x00, 0x00, 0xff, 0x00, 0x00, 0x00, 0x00, 0xff, 0x00, 0x00, 0x00, 0x00, 0xff, 0x00, 0x00,
    0x00, 0x00, 0xff, 0x00, 0x00, 0x00, 0x00, 0xff, 0x00, 0x00, 0x00, 0x00, 0xff, 0x00, 0x00, 0x00,
    0x00, 0xff, 0x00, 0x00, 0x00, 0x00, 0xff, 0x00, 0x00, 0x00, 0x00, 0xff, 0x00, 0x00, 0x00, 0x00,
    0xff, 0x00, 0x00, 0x00, 0x00, 0xff, 0x00, 0x00, 0x28, 0x60, 0x00, 0x06, 0x82, 0x4f, 0xb0, 0x00,
    0x0b, 0xf4, 0x4f, 0xb0, 0x00, 0x0b, 0xf4, 0x4f, 0xb0, 0x00, 0x0b, 0xf4, 0x4f, 0xb0, 0x00, 0x0b,
    0xf4, 0x4f, 0xb0, 0x00, 0x0b, 0xf4, 0x4f, 0xb0, 0x00, 0x0b, 0xf4, 0x4f, 0xb0, 0x00, 0x0b, 0xf4,
    0x4f, 0xb0, 0x00, 0x0b, 0xf4, 0x4f, 0xb0, 0x00, 0x0b, 0xf4, 0x4f, 0xb0, 0x00, 0x0b, 0xf4, 0x4f,
    0xb0, 0x00, 0x0b, 0xf4, 0x1f, 0xf2, 0x00, 0x2f, 0xf2, 0x08, 0xfe, 0x88, 0xef, 0x80, 0x00, 0x8f,
    0xff, 0xf8, 0x10, 0x00, 0x00, 0x44, 0x00, 0x00, 0x08, 0x80, 0x00, 0x00, 0x08, 0x80, 0x0c, 0xf4,
    0x00, 0x00, 0x4f, 0xc0, 0x08, 0xf8, 0x00, 0x00, 0x7f, 0x80, 0x05, 0xfb, 0x00, 0x00, 0xaf, 0x50,
    0x01, 0xff, 0x00, 0x00, 0xef, 0x00, 0x00, 0xbf, 0x30, 0x03, 0xfb, 0x00, 0x00, 0x8f, 0x70, 0x07,
    0xf8, 0x00, 0x00, 0x4f, 0xa0, 0x09, 0xf4, 0x00, 0x00, 0x0f, 0xe0, 0x0d, 0xf0, 0x00, 0x00, 0x0b,
    0xf3, 0x2f, 0xb0, 0x00, 0x00, 0x08, 0xf7, 0x6f, 0x80, 0x00, 0x00, 0x04, 0xfa, 0x8f, 0x30, 0x00,
    0x00, 0x00, 0xfd, 0xce, 0x00, 0x00, 0x00, 0x00, 0xbf, 0xfa, 0x00, 0x00, 0x00, 0x00, 0x7f, 0xf7,
    0x00, 0x00, 0x48, 0x20, 0x08, 0x80, 0x01, 0x84, 0x8f, 0x40, 0x1f, 0xf4, 0x04, 0xf8, 0x6f, 0x50,
    0x4f, 0xf4, 0x04, 0xf6, 0x4f, 0x80, 0x5e, 0xb7, 0x07, 0xf4, 0x3f, 0x80, 0x8b, 0xb8, 0x08, 0xf3,
    0x0f, 0xa0, 0x9a, 0x8a, 0x08, 0xf0, 0x0e, 0xb0, 0xb8, 0x8b, 0x0b, 0xe0, 0x0b, 0xc0, 0xd7, 0x6e,
    0x0b, 0xb0, 0x0b, 0xf0, 0xf4, 0x4f, 0x0f, 0xb0, 0x08, 0xf2, 0xf3, 0x3f, 0x3f, 0x80, 0x08, 0xf8,
    0xf0, 0x0f, 0x6f, 0x80, 0x05, 0xfa, 0xd0, 0x0e, 0x9f, 0x40, 0x04, 0xfb, 0xb0, 0x0b, 0xbf, 0x40,
    0x02, 0xff, 0x90, 0x0b, 0xdf, 0x00, 0x00, 0xff, 0x80, 0x08, 0xff, 0x00, 0x07, 0x83, 0x00, 0x00,
    0x38, 0x70, 0x07, 0xfb, 0x00, 0x00, 0xbf, 0x70, 0x00, 0xdf, 0x50, 0x04, 0xfd, 0x00, 0x00, 0x6f,
    0xd0, 0x0b, 0xf5, 0x00, 0x00, 0x0b, 0xf6, 0x4f, 0xb0, 0x00, 0x00, 0x04, 0xfd, 0xbf, 0x40, 0x00,
    0x00, 0x00, 0xaf, 0xf9, 0x00, 0x00, 0x00, 0x00, 0x4f, 0xf4, 0x00, 0x00, 0x00, 0x00, 0x9f, 0xf9,
    0x00, 0x00, 0x00, 0x03, 0xfd, 0xdf, 0x40, 0x00, 0x00, 0x0b, 0xf5, 0x6f, 0xb0, 0x00, 0x00, 0x4f,
    0xb0, 0x0d, 0xf5, 0x00, 0x00, 0xdf, 0x40, 0x05, 0xfd, 0x00, 0x07, 0xfb, 0x00, 0x00, 0xbf, 0x70,
    0x1e, 0xf3, 0x00, 0x00, 0x4f, 0xe1, 0x28, 0x70, 0x00, 0x00, 0x07, 0x82, 0x0d, 0xf4, 0x00, 0x00,
    0x3f, 0xd0, 0x06, 0xfb, 0x00, 0x00, 0x9f, 0x60, 0x00, 0xdf, 0x30, 0x02, 0xfd, 0x00, 0x00, 0x6f,
    0x90, 0x09, 0xf6, 0x00, 0x00, 0x0d, 0xf2, 0x1f, 0xe0, 0x00, 0x00, 0x08, 0xf9, 0x8f, 0x80, 0x00,
    0x00, 0x01, 0xee, 0xde, 0x10, 0x00, 0x00, 0x00, 0x8f, 0xf8, 0x00, 0x00, 0x00, 0x00, 0x1f, 0xf1,
    0x00, 0x00, 0x00, 0x00, 0x0f, 0xf0, 0x00, 0x00, 0x00, 0x00, 0x0f, 0xf0, 0x00, 0x00, 0x00, 0x00,
    0x0f, 0xf0, 0x00, 0x00, 0x00, 0x00, 0x0f, 0xf0, 0x00, 0x00, 0x00, 0x00, 0x0f, 0xf0, 0x00, 0x00,
    0x28, 0x88, 0x88, 0x88, 0x80, 0x4f, 0xff, 0xff, 0xff, 0xf0, 0x14, 0x44, 0x44, 0x6f, 0xe0, 0x00,
    0x00, 0x00, 0xbf, 0x70, 0x00, 0x00, 0x04, 0xfd, 0x00, 0x00, 0x00, 0x0d, 0xf4, 0x00, 0x00, 0x00,
    0x8f, 0xa0, 0x00, 0x00, 0x02, 0xee, 0x20, 0x00, 0x00, 0x09, 0xf8, 0x00, 0x00, 0x00, 0x4f, 0xd0,
    0x00, 0x00, 0x00, 0xcf, 0x50, 0x00, 0x00, 0x06, 0xfb, 0x00, 0x00, 0x00, 0x1e, 0xf2, 0x00, 0x00,
    0x00, 0x4f, 0xeb, 0xbb, 0xbb, 0xb3, 0x4f, 0xff, 0xff, 0xff, 0xf4, 0x88, 0x88, 0x80, 0xff, 0xff,
    0xf0, 0xff, 0x44, 0x40, 0xff, 0x00, 0x00, 0xff, 0x00, 0x00, 0xff, 0x00, 0x00, 0xff, 0x00, 0x00,
    0xff, 0x00, 0x00, 0xff, 0x00, 0x00, 0xff, 0x00, 0x00, 0xff, 0x00, 0x00, 0xff, 0x00, 0x00, 0xff,
    0x00, 0x00, 0xff, 0x00, 0x00, 0xff, 0x00, 0x00, 0xff, 0x00, 0x00, 0xff, 0x00, 0x00, 0xff, 0x88,
    0x80, 0xff, 0xff, 0xf0, 0x44, 0x44, 0x40, 0x48, 0x50, 0x00, 0x00, 0x00, 0x2f, 0xd0, 0x00, 0x00,
    0x00, 0x0c, 0xf5, 0x00, 0x00, 0x00, 0x06, 0xf9, 0x00, 0x00, 0x00, 0x01, 0xff, 0x10, 0x00, 0x00,
    0x00, 0x9f, 0x60, 0x00, 0x00, 0x00, 0x5f, 0xc0, 0x00, 0x00, 0x00, 0x0d, 0xf3, 0x00, 0x00, 0x00,
    0x08, 0xf8, 0x00, 0x00, 0x00, 0x02, 0xfe, 0x00, 0x00, 0x00, 0x00, 0xcf, 0x50, 0x00, 0x00, 0x00,
    0x6f, 0xa0, 0x00, 0x00, 0x00, 0x1f, 0xf1, 0x00, 0x00, 0x00, 0x09, 0xf7, 0x00, 0x00, 0x00, 0x05,
    0xfc, 0x00, 0x00, 0x00, 0x00, 0xdf, 0x30, 0x00, 0x00, 0x00, 0x8f, 0x80, 0x00, 0x00, 0x00, 0x2f,
    0xe0, 0x00, 0x00, 0x00, 0x0b, 0xf5, 0x00, 0x00, 0x00, 0x02, 0x42, 0x08, 0x88, 0x88, 0x0f, 0xff,
    0xff, 0x04, 0x44, 0xff, 0x00, 0x00, 0xff, 0x00, 0x00, 0xff, 0x00, 0x00, 0xff, 0x00, 0x00, 0xff,
    0x00, 0x00, 0xff, 0x00, 0x00, 0xff, 0x00, 0x00, 0xff, 0x00, 0x00, 0xff, 0x00, 0x00, 0xff, 0x00,
    0x00, 0xff, 0x00, 0x00, 0xff, 0x00, 0x00, 0xff, 0x00, 0x00, 0xff, 0x00, 0x00, 0xff, 0x08, 0x88,
    0xff, 0x0f, 0xff, 0xff, 0x04, 0x44, 0x44, 0x00, 0x01, 0x88, 0x10, 0x00, 0x00, 0x06, 0xff, 0x70,
    0x00, 0x00, 0x0d, 0xca, 0xd0, 0x00, 0x00, 0x6f, 0x66, 0xf6, 0x00, 0x00, 0xbe, 0x10, 0xdc, 0x00,
    0x04, 0xf8, 0x00, 0x8f, 0x40, 0x0a, 0xf2, 0x00, 0x1f, 0xa0, 0x2f, 0x90, 0x00, 0x09, 0xf2, 0x24,
    0x10, 0x00, 0x01, 0x42, 0x68, 0x88, 0x88, 0x88, 0x86, 0xbf, 0xff, 0xff, 0xff, 0xfb, 0x34, 0x44,
    0x44, 0x44, 0x43, 0x7b, 0x70, 0x01, 0xcf, 0x40, 0x02, 0xee, 0x20, 0x00, 0x00, 0x00, 0x00, 0x44,
    0x00, 0x00, 0x01, 0x9f, 0xff, 0xf9, 0x10, 0x0b, 0xfc, 0x88, 0xdf, 0xb0, 0x2f, 0xd0, 0x00, 0x1e,
    0xf2, 0x00, 0x00, 0x00, 0x0b, 0xf4, 0x00, 0x69, 0xbb, 0xbe, 0xf4, 0x1c, 0xfd, 0xbb, 0xbe, 0xf4,
    0x7f, 0xa0, 0x00, 0x0b, 0xf4, 0xbf, 0x40, 0x00, 0x0b, 0xf4, 0x9f, 0x80, 0x00, 0x3f, 0xf4, 0x4f,
    0xf9, 0x88, 0xed, 0xf4, 0x06, 0xef, 0xfe, 0x6b, 0xf4, 0x00, 0x04, 0x40, 0x00, 0x00, 0x28, 0x60,
    0x00, 0x00, 0x00, 0x4f, 0xb0, 0x00, 0x00, 0x00, 0x4f, 0xb0, 0x00, 0x00, 0x00, 0x4f, 0xb0, 0x04,
    0x20, 0x00, 0x4f, 0xb6, 0xef, 0xfb, 0x10, 0x4f, 0xde, 0x88, 0xdf, 0xb0, 0x4f, 0xf3, 0x00, 0x1e,
    0xf3, 0x4f, 0xb0, 0x00, 0x0b, 0xf4, 0x4f, 0xb0, 0x00, 0x0b, 0xf4, 0x4f, 0xb0, 0x00, 0x0b, 0xf4,
    0x4f, 0xb0, 0x00, 0x0b, 0xf4, 0x4f, 0xb0, 0x00, 0x0b, 0xf4, 0x4f, 0xf3, 0x00, 0x1e, 0xf3, 0x4f,
    0xde, 0x88, 0xdf, 0xb0, 0x4f, 0xb6, 0xef, 0xfb, 0x10, 0x00, 0x00, 0x04, 0x20, 0x00, 0x00, 0x00,
    0x34, 0x10, 0x00, 0x00, 0x8e, 0xff, 0xfa, 0x10, 0x08, 0xfe, 0x98, 0xdf, 0xc0, 0x1f, 0xf3, 0x00,
    0x0b, 0xf6, 0x4f, 0xb0, 0x00, 0x06, 0xb6, 0x4f, 0xb0, 0x00, 0x00, 0x00, 0x4f, 0xb0, 0x00, 0x00,
    0x00, 0x4f, 0xb0, 0x00, 0x00, 0x00, 0x4f, 0xb0, 0x00, 0x06, 0xb6, 0x1f, 0xf3, 0x00, 0x0b, 0xf6,
    0x08, 0xfe, 0x98, 0xdf, 0xc0, 0x00, 0x8e, 0xff, 0xfa, 0x10, 0x00, 0x00, 0x34, 0x10, 0x00, 0x00,
    0x00, 0x00, 0x06, 0x82, 0x00, 0x00, 0x00, 0x0b, 0xf4, 0x00, 0x00, 0x00, 0x0b, 0xf4, 0x00, 0x02,
    0x40, 0x0b, 0xf4, 0x01, 0xbf, 0xfe, 0x6b, 0xf4, 0x0b, 0xfd, 0x88, 0xed, 0xf4, 0x3f, 0xe1, 0x00,
    0x3f, 0xf4, 0x4f, 0xb0, 0x00, 0x0b, 0xf4, 0x4f, 0xb0, 0x00, 0x0b, 0xf4, 0x4f, 0xb0, 0x00, 0x0b,
    0xf4, 0x4f, 0xb0, 0x00, 0x0b, 0xf4, 0x4f, 0xb0, 0x00, 0x0b, 0xf4, 0x3f, 0xe1, 0x00, 0x3f, 0xf4,
    0x0b, 0xfd, 0x88, 0xed, 0xf4, 0x01, 0xbf, 0xfe, 0x6b, 0xf4, 0x00, 0x02, 0x40, 0x00, 0x00, 0x00,
    0x00, 0x44, 0x00, 0x00, 0x00, 0x8e, 0xff, 0xe8, 0x00, 0x08, 0xfc, 0x88, 0xcf, 0x90, 0x2f, 0xd1,
    0x00, 0x1d, 0xf2, 0x5f, 0x80, 0x00, 0x08, 0xf6, 0x8f, 0xb8, 0x88, 0x8b, 0xf8, 0x8f, 0xff, 0xff,
    0xff, 0xf8, 0x8f, 0x80, 0x00, 0x00, 0x00, 0x5f, 0x80, 0x00, 0x00, 0x00, 0x2f, 0xd1, 0x00, 0x09,
    0xb2, 0x08, 0xfd, 0x88, 0xcf, 0xc0, 0x00, 0x8e, 0xff, 0xf9, 0x10, 0x00, 0x00, 0x44, 0x00, 0x00,
    0x00, 0x00, 0x28, 0x88, 0x86, 0x00, 0x03, 0xef, 0xff, 0xfb, 0x00, 0x0a, 0xf8, 0x44, 0x43, 0x00,
    0x0b, 0xf4, 0x00, 0x00, 0x00, 0x0b, 0xf4, 0x00, 0x00, 0x88, 0x8d, 0xf9, 0x88, 0x86, 0xff, 0xff,
    0xff, 0xff, 0xfb, 0x44, 0x4c, 0xf7, 0x44, 0x43, 0x00, 0x0b, 0xf4, 0x00, 0x00, 0x00, 0x0b, 0xf4,
    0x00, 0x00, 0x00, 0x0b, 0xf4, 0x00, 0x00, 0x00, 0x0b, 0xf4, 0x00, 0x00, 0x00, 0x0b, 0xf4, 0x00,
    0x00, 0x00, 0x0b, 0xf4, 0x00, 0x00, 0x00, 0x0b, 0xf4, 0x00, 0x00, 0x00, 0x02, 0x41, 0x00, 0x00,
    0x01, 0xbf, 0xff, 0x6b, 0xf4, 0x0b, 0xfd, 0x88, 0xed, 0xf4, 0x2f, 0xe1, 0x00, 0x3f, 0xf4, 0x4f,
    0xb0, 0x00, 0x0b, 0xf4, 0x4f, 0xb0, 0x00, 0x0b, 0xf4, 0x4f, 0xb0, 0x00, 0x0b, 0xf4, 0x4f, 0xb0,
    0x00, 0x0b, 0xf4, 0x3f, 0xd1, 0x00, 0x1f, 0xf4, 0x0b, 0xfc, 0x88, 0xde, 0xf4, 0x03, 0xcf, 0xff,
    0x8b, 0xf4, 0x00, 0x03, 0x42, 0x0b, 0xf4, 0x00, 0x00, 0x00, 0x0c, 0xf4, 0x00, 0x34, 0x44, 0x8f,
    0xe0, 0x00, 0xbf, 0xff, 0xfe, 0x50, 0x00, 0x68, 0x88, 0x72, 0x00, 0x28, 0x60, 0x00, 0x00, 0x00,
    0x4f, 0xb0, 0x00, 0x00, 0x00, 0x4f, 0xb0, 0x00, 0x00, 0x00, 0x4f, 0xb0, 0x14, 0x20, 0x00, 0x4f,
    0xb6, 0xff, 0xfb, 0x10, 0x4f, 0xde, 0x88, 0xdf, 0xb0, 0x4f, 0xf3, 0x00, 0x1e, 0xf3, 0x4f, 0xb0,
    0x00, 0x0b, 0xf4, 0x4f, 0xb0, 0x00, 0x0b, 0xf4, 0x4f, 0xb0, 0x00, 0x0b, 0xf4, 0x4f, 0xb0, 0x00,
    0x0b, 0xf4, 0x4f, 0xb0, 0x00, 0x0b, 0xf4, 0x4f, 0xb0, 0x00, 0x0b, 0xf4, 0x4f, 0xb0, 0x00, 0x0b,
    0xf4, 0x4f, 0xb0, 0x00, 0x0b, 0xf4, 0x00, 0x00, 0x58, 0x30, 0x00, 0x00, 0x00, 0x2f, 0xfb, 0x00,
    0x00, 0x00, 0x00, 0xcf, 0x80, 0x00, 0x00, 0x00, 0x00, 0x00, 0x00, 0x00, 0x00, 0x00, 0x00, 0x00,
    0x00, 0x00, 0xff, 0xff, 0xf8, 0x00, 0x00, 0x0b, 0xbb, 0xdf, 0x80, 0x00, 0x00, 0x00, 0x08, 0xf8,
    0x00, 0x00, 0x00, 0x00, 0x8f, 0x80, 0x00, 0x00, 0x00, 0x08, 0xf8, 0x00, 0x00, 0x00, 0x00, 0x8f,
    0x80, 0x00, 0x00, 0x00, 0x08, 0xf8, 0x00, 0x00, 0x00, 0x00, 0x8f, 0x80, 0x00, 0x00, 0x00, 0x08,
    0xf8, 0x00, 0x00, 0x3b, 0xbb, 0xdf, 0xdb, 0xbb, 0x04, 0xff, 0xff, 0xff, 0xff, 0xf0, 0x00, 0x00,
    0x03, 0x85, 0x00, 0x00, 0x00, 0xbf, 0xf0, 0x00, 0x00, 0x08, 0xfc, 0x00, 0x00, 0x00, 0x00, 0x00,
    0x00, 0x00, 0x00, 0x00, 0x04, 0xff, 0xff, 0xff, 0xb0, 0x3b, 0xbb, 0xbc, 0xfb, 0x00, 0x00, 0x00,
    0x4f, 0xb0, 0x00, 0x00, 0x04, 0xfb, 0x00, 0x00, 0x00, 0x4f, 0xb0, 0x00, 0x00, 0x04, 0xfb, 0x00,
    0x00, 0x00, 0x4f, 0xb0, 0x00, 0x00, 0x04, 0xfb, 0x00, 0x00, 0x00, 0x4f, 0xb0, 0x00, 0x00, 0x04,
    0xfb, 0x00, 0x00, 0x00, 0x4f, 0xb0, 0x00, 0x00, 0x06, 0xfa, 0x01, 0x44, 0x46, 0xef, 0x50, 0x4f,
    0xff, 0xff, 0x80, 0x02, 0x88, 0x88, 0x30, 0x00, 0x28, 0x60, 0x00, 0x00, 0x00, 0x04, 0xfb, 0x00,
    0x00, 0x00, 0x00, 0x4f, 0xb0, 0x00, 0x00, 0x00, 0x04, 0xfb, 0x00, 0x00, 0x00, 0x00, 0x4f, 0xb0,
    0x00, 0x08, 0xfb, 0x04, 0xfb, 0x00, 0x03, 0xfe, 0x20, 0x4f, 0xb0, 0x00, 0xcf, 0x70, 0x04, 0xfb,
    0x00, 0x8f, 0xb0, 0x00, 0x4f, 0xd8, 0x8f, 0xe2, 0x00, 0x04, 0xff, 0xff, 0xfc, 0x00, 0x00, 0x4f,
    0xc4, 0x4d, 0xf6, 0x00, 0x04, 0xfb, 0x00, 0x4f, 0xe1, 0x00, 0x4f, 0xb0, 0x00, 0xaf, 0xa0, 0x04,
    0xfb, 0x00, 0x01, 0xef, 0x40, 0x4f, 0xb0, 0x00, 0x05, 0xfd, 0x10, 0x48, 0x88, 0x88, 0x20, 0x00,
    0x00, 0x8f, 0xff, 0xff, 0x40, 0x00, 0x00, 0x24, 0x44, 0xcf, 0x40, 0x00, 0x00, 0x00, 0x00, 0xbf,
    0x40, 0x00, 0x00, 0x00, 0x00, 0xbf, 0x40, 0x00, 0x00, 0x00, 0x00, 0xbf, 0x40, 0x00, 0x00, 0x00,
    0x00, 0xbf, 0x40, 0x00, 0x00, 0x00, 0x00, 0xbf, 0x40, 0x00, 0x00, 0x00, 0x00, 0xbf, 0x40, 0x00,
    0x00, 0x00, 0x00, 0xbf, 0x40, 0x00, 0x00, 0x00, 0x00, 0xbf, 0x40, 0x00, 0x00, 0x00, 0x00, 0xbf,
    0x40, 0x00, 0x00, 0x00, 0x00, 0x8f, 0x80, 0x00, 0x00, 0x00, 0x00, 0x4f, 0xfc, 0xbb, 0xb0, 0x00,
    0x00, 0x05, 0xdf, 0xff, 0xf0, 0x00, 0x03, 0x10, 0x04, 0x10, 0xbb, 0xaf, 0xe4, 0xcf, 0xe3, 0xbd,
    0x87, 0xfe, 0x78, 0xfa, 0xbf, 0x00, 0xbb, 0x00, 0xfb, 0xbf, 0x00, 0xbb, 0x00, 0xfb, 0xbf, 0x00,
    0xbb, 0x00, 0xfb, 0xbf, 0x00, 0xbb, 0x00, 0xfb, 0xbf, 0x00, 0xbb, 0x00, 0xfb, 0xbf, 0x00, 0xbb,
    0x00, 0xfb, 0xbf, 0x00, 0xbb, 0x00, 0xfb, 0xbf, 0x00, 0xbb, 0x00, 0xfb, 0xbf, 0x00, 0xbb, 0x00,
    0xfb, 0x00, 0x00, 0x14, 0x20, 0x00, 0x4f, 0xb6, 0xff, 0xfb, 0x10, 0x4f, 0xde, 0x88, 0xdf, 0xb0,
    0x4f, 0xf3, 0x00, 0x1e, 0xf3, 0x4f, 0xb0, 0x00, 0x0b, 0xf4, 0x4f, 0xb0, 0x00, 0x0b, 0xf4, 0x4f,
    0xb0, 0x00, 0x0b, 0xf4, 0x4f, 0xb0, 0x00, 0x0b, 0xf4, 0x4f, 0xb0, 0x00, 0x0b, 0xf4, 0x4f, 0xb0,
    0x00, 0x0b, 0xf4, 0x4f, 0xb0, 0x00, 0x0b, 0xf4, 0x4f, 0xb0, 0x00, 0x0b, 0xf4, 0x00, 0x00, 0x33,
    0x00, 0x00, 0x00, 0x8e, 0xff, 0xe8, 0x00, 0x08, 0xfe, 0x99, 0xef, 0x80, 0x2f, 0xe1, 0x00, 0x1e,
    0xf2, 0x5f, 0x90, 0x00, 0x09, 0xf5, 0x8f, 0x80, 0x00, 0x08, 0xf8, 0x8f, 0x80, 0x00, 0x08, 0xf8,
    0x8f, 0x80, 0x00, 0x08, 0xf8, 0x5f, 0x90, 0x00, 0x09, 0xf5, 0x2f, 0xe1, 0x00, 0x1e, 0xf2, 0x08,
    0xfe, 0x99, 0xef, 0x80, 0x00, 0x8e, 0xff, 0xe8, 0x00, 0x00, 0x00, 0x33, 0x00, 0x00, 0x00, 0x00,
    0x04, 0x20, 0x00, 0x4f, 0xb6, 0xef, 0xfb, 0x10, 0x4f, 0xde, 0x88, 0xdf, 0xb0, 0x4f, 0xf3, 0x00,
    0x1e, 0xf3, 0x4f, 0xb0, 0x00, 0x0b, 0xf4, 0x4f, 0xb0, 0x00, 0x0b, 0xf4, 0x4f, 0xb0, 0x00, 0x0b,
    0xf4, 0x4f, 0xb0, 0x00, 0x0b, 0xf4, 0x4f, 0xb0, 0x00, 0x0b, 0xf4, 0x4f, 0xf3, 0x00, 0x1e, 0xf3,
    0x4f, 0xde, 0x88, 0xdf, 0xb0, 0x4f, 0xb6, 0xef, 0xfb, 0x10, 0x4f, 0xb0, 0x04, 0x20, 0x00, 0x4f,
    0xb0, 0x00, 0x00, 0x00, 0x4f, 0xb0, 0x00, 0x00, 0x00, 0x28, 0x60, 0x00, 0x00, 0x00, 0x00, 0x02,
    0x40, 0x00, 0x00, 0x01, 0xbf, 0xfe, 0x6b, 0xf4, 0x0b, 0xfd, 0x88, 0xed, 0xf4, 0x3f, 0xd1, 0x00,
    0x3f, 0xf4, 0x4f, 0xb0, 0x00, 0x0b, 0xf4, 0x4f, 0xb0, 0x00, 0x0b, 0xf4, 0x4f, 0xb0, 0x00, 0x0b,
    0xf4, 0x4f, 0xb0, 0x00, 0x0b, 0xf4, 0x4f, 0xb0, 0x00, 0x0b, 0xf4, 0x3f, 0xd1, 0x00, 0x3f, 0xf4,
    0x0b, 0xfd, 0x88, 0xed, 0xf4, 0x01, 0xbf, 0xfe, 0x6b, 0xf4, 0x00, 0x02, 0x40, 0x0b, 0xf4, 0x00,
    0x00, 0x00, 0x0b, 0xf4, 0x00, 0x00, 0x00, 0x0b, 0xf4, 0x00, 0x00, 0x00, 0x06, 0x82, 0x00, 0x00,
    0x34, 0x00, 0x0b, 0xf2, 0xcf, 0xfe, 0x60, 0xbf, 0xaa, 0x8a, 0xff, 0x4b, 0xf8, 0x00, 0x09, 0xf8,
    0xbf, 0x40, 0x00, 0x4f, 0xbb, 0xf4, 0x00, 0x03, 0xb8, 0xbf, 0x40, 0x00, 0x00, 0x0b, 0xf4, 0x00,
    0x00, 0x00, 0xbf, 0x40, 0x00, 0x00, 0x0b, 0xf4, 0x00, 0x00, 0x00, 0xbf, 0x40, 0x00, 0x00, 0x0b,
    0xf4, 0x00, 0x00, 0x00, 0x00, 0x01, 0x44, 0x00, 0x00, 0x03, 0xbf, 0xff, 0xfb, 0x20, 0x0d, 0xfa,
    0x88, 0xbf, 0xd0, 0x4f, 0xc0, 0x00, 0x09, 0xb3, 0x4f, 0xc0, 0x00, 0x00, 0x00, 0x0e, 0xfd, 0xb8,
    0x73, 0x00, 0x03, 0xcf, 0xff, 0xff, 0x80, 0x00, 0x00, 0x34, 0x8e, 0xf3, 0x00, 0x00, 0x00, 0x08,
    0xf6, 0x6f, 0x90, 0x00, 0x09, 0xf5, 0x1e, 0xfb, 0x88, 0xaf, 0xe1, 0x03, 0xcf, 0xff, 0xfc, 0x30,
    0x00, 0x01, 0x44, 0x10, 0x00, 0x00, 0x00, 0x00, 0x00, 0x00, 0x00, 0x00, 0x0f, 0xf0, 0x00, 0x00,
    0x00, 0x00, 0xff, 0x00, 0x00, 0x00, 0x00, 0x0f, 0xf0, 0x00, 0x00, 0x0f, 0xff, 0xff, 0xff, 0xff,
    0x80, 0xbb, 0xbf, 0xfb, 0xbb, 0xb6, 0x00, 0x00, 0xff, 0x00, 0x00, 0x00, 0x00, 0x0f, 0xf0, 0x00,
    0x00, 0x00, 0x00, 0xff, 0x00, 0x00, 0x00, 0x00, 0x0f, 0xf0, 0x00, 0x00, 0x00, 0x00, 0xff, 0x00,
    0x00, 0x00, 0x00, 0x0f, 0xf0, 0x00, 0x00, 0x00, 0x00, 0xff, 0x20, 0x00, 0x00, 0x00, 0x09, 0xfe,
    0xbb, 0xb3, 0x00, 0x00, 0x19, 0xff, 0xff, 0x40, 0x4f, 0xb0, 0x00, 0x0b, 0xf4, 0x4f, 0xb0, 0x00,
    0x0b, 0xf4, 0x4f, 0xb0, 0x00, 0x0b, 0xf4, 0x4f, 0xb0, 0x00, 0x0b, 0xf4, 0x4f, 0xb0, 0x00, 0x0b,
    0xf4, 0x4f, 0xb0, 0x00, 0x0b, 0xf4, 0x4f, 0xb0, 0x00, 0x0b, 0xf4, 0x4f, 0xb0, 0x00, 0x0b, 0xf4,
    0x1f, 0xf3, 0x00, 0x3f, 0xf1, 0x08, 0xfe, 0x88, 0xef, 0x80, 0x00, 0x8e, 0xff, 0xe8, 0x00, 0x00,
    0x00, 0x44, 0x00, 0x00, 0xcf, 0x50, 0x00, 0x03, 0xfd, 0x07, 0xf9, 0x00, 0x00, 0x8f, 0x80, 0x2f,
    0xd0, 0x00, 0x0d, 0xf3, 0x00, 0xcf, 0x30, 0x03, 0xfc, 0x00, 0x07, 0xf8, 0x00, 0x8f, 0x70, 0x00,
    0x2f, 0xd0, 0x0d, 0xf2, 0x00, 0x00, 0xcf, 0x33, 0xfc, 0x00, 0x00, 0x07, 0xf8, 0x7f, 0x70, 0x00,
    0x00, 0x2f, 0xcb, 0xf2, 0x00, 0x00, 0x00, 0xcf, 0xfc, 0x00, 0x00, 0x00, 0x07, 0xff, 0x70, 0x00,
    0x00, 0x6f, 0x40, 0x0f, 0xf0, 0x04, 0xf6, 0x4f, 0x80, 0x4f, 0xf4, 0x06, 0xf4, 0x0f, 0x80, 0x6d,
    0xd6, 0x08, 0xf0, 0x0d, 0xb0, 0x8b, 0xb8, 0x0a, 0xd0, 0x0b, 0xd0, 0xb8, 0x8b, 0x0b, 0xb0, 0x08,
    0xf0, 0xe7, 0x7e, 0x0f, 0x80, 0x07, 0xf4, 0xf4, 0x4f, 0x3f, 0x60, 0x04, 0xf8, 0xf0, 0x1f, 0x8f,
    0x40, 0x01, 0xfd, 0xd0, 0x0e, 0xcf, 0x00, 0x00, 0xef, 0xb0, 0x0b, 0xfc, 0x00, 0x00, 0xbf, 0x80,
    0x08, 0xfa, 0x00, 0x08, 0xfc, 0x00, 0x00, 0xbf, 0x80, 0x00, 0xcf, 0x70, 0x07, 0xfc, 0x00, 0x00,
    0x2e, 0xe2, 0x2e, 0xf3, 0x00, 0x00, 0x07, 0xfb, 0x9f, 0x80, 0x00, 0x00, 0x00, 0xbf, 0xfb, 0x00,
    0x00, 0x00, 0x00, 0x6f, 0xf6, 0x00, 0x00, 0x00, 0x01, 0xee, 0xee, 0x10, 0x00, 0x00, 0x0a, 0xf8,
    0x8f, 0xa0, 0x00, 0x00, 0x5f, 0xc0, 0x0c, 0xf5, 0x00, 0x02, 0xef, 0x40, 0x04, 0xfe, 0x20, 0x0b,
    0xf8, 0x00, 0x00, 0x8f, 0xb0, 0xcf, 0x50, 0x00, 0x04, 0xfd, 0x06, 0xf9, 0x00, 0x00, 0x9f, 0x70,
    0x1e, 0xf1, 0x00, 0x0e, 0xf2, 0x00, 0x9f, 0x70, 0x05, 0xfa, 0x00, 0x03, 0xfc, 0x00, 0xaf, 0x60,
    0x00, 0x0c, 0xf3, 0x1f, 0xe0, 0x00, 0x00, 0x6f, 0x96, 0xf9, 0x00, 0x00, 0x01, 0xfe, 0xaf, 0x30,
    0x00, 0x00, 0x09, 0xfe, 0xd0, 0x00, 0x00, 0x00, 0x4f, 0xf7, 0x00, 0x00, 0x00, 0x00, 0xff, 0x20,
    0x00, 0x00, 0x00, 0x6f, 0xa0, 0x00, 0x00, 0x00, 0x0a, 0xf6, 0x00, 0x00, 0x00, 0x02, 0xfe, 0x00,
    0x00, 0x00, 0x00, 0x38, 0x60, 0x00, 0x00, 0x00, 0x0f, 0xff, 0xff, 0xff, 0xf0, 0x0b, 0xbb, 0xbb,
    0xcf, 0xf0, 0x00, 0x00, 0x00, 0xcf, 0x80, 0x00, 0x00, 0x09, 0xfa, 0x00, 0x00, 0x00, 0x7f, 0xc1,
    0x00, 0x00, 0x05, 0xfe, 0x10, 0x00, 0x00, 0x3e, 0xe3, 0x00, 0x00, 0x01, 0xdf, 0x60, 0x00, 0x00,
    0x0c, 0xf8, 0x00, 0x00, 0x00, 0x4f, 0xfb, 0xbb, 0xbb, 0xb3, 0x4f, 0xff, 0xff, 0xff, 0xf4, 0x00,
    0x00, 0x00, 0x68, 0x82, 0x00, 0x00, 0x1c, 0xff, 0xf4, 0x00, 0x00, 0x7f, 0xc5, 0x41, 0x00, 0x00,
    0x8f, 0x80, 0x00, 0x00, 0x00, 0x8f, 0x80, 0x00, 0x00, 0x00, 0x8f, 0x80, 0x00, 0x00, 0x00, 0x4f,
    0xa0, 0x00, 0x00, 0x00, 0x4f, 0xb0, 0x00, 0x00, 0x02, 0xaf, 0x60, 0x00, 0x8f, 0xff, 0xd6, 0x00,
    0x00, 0x6b, 0xbb, 0xfc, 0x20, 0x00, 0x00, 0x00, 0x6f, 0x90, 0x00, 0x00, 0x00, 0x4f, 0xb0, 0x00,
    0x00, 0x00, 0x6f, 0x80, 0x00, 0x00, 0x00, 0x8f, 0x80, 0x00, 0x00, 0x00, 0x8f, 0x80, 0x00, 0x00,
    0x00, 0x8f, 0x80, 0x00, 0x00, 0x00, 0x4f, 0xfa, 0x82, 0x00, 0x00, 0x07, 0xef, 0xf4, 0x00, 0x00,
    0x00, 0x03, 0x41, 0x88, 0xff, 0xff, 0xff, 0xff, 0xff, 0xff, 0xff, 0xff, 0xff, 0xff, 0xff, 0xff,
    0xff, 0xff, 0xff, 0xff, 0xff, 0xff, 0x44, 0x08, 0x86, 0x00, 0x00, 0x00, 0x0f, 0xff, 0xc1, 0x00,
    0x00, 0x04, 0x5c, 0xf7, 0x00, 0x00, 0x00, 0x08, 0xf8, 0x00, 0x00, 0x00, 0x08, 0xf8, 0x00, 0x00,
    0x00, 0x0a, 0xf5, 0x00, 0x00, 0x00, 0x0b, 0xf3, 0x00, 0x00, 0x00, 0x0f, 0xf0, 0x00, 0x00, 0x00,
    0x0a, 0xf8, 0x10, 0x00, 0x00, 0x01, 0x9f, 0xff, 0xf8, 0x00, 0x05, 0xee, 0xbb, 0xb6, 0x00, 0x0c,
    0xf4, 0x00, 0x00, 0x00, 0x0d, 0xf1, 0x00, 0x00, 0x00, 0x0b, 0xf4, 0x00, 0x00, 0x00, 0x08, 0xf6,
    0x00, 0x00, 0x00, 0x08, 0xf8, 0x00, 0x00, 0x00, 0x08, 0xf8, 0x00, 0x00, 0x08, 0xaf, 0xf5, 0x00,
    0x00, 0x0f, 0xfe, 0x80, 0x00, 0x00, 0x04, 0x30, 0x00, 0x00, 0x00, 0x00, 0x32, 0x00, 0x00, 0x00,
    0x1c, 0xff, 0xb1, 0x00, 0xfb, 0x8f, 0xaa, 0xfa, 0x02, 0xfb, 0xbf, 0x20, 0x9f, 0xaa, 0xf8, 0xbf,
    0x00, 0x1a, 0xff, 0xa1, 0x00, 0x00, 0x00, 0x00, 0x00, 0x00, 0x00, 0x5f, 0xf5, 0x7f, 0xf7, 0x04,
    0x40, 0x00, 0x00, 0x0b, 0xb0, 0x0f, 0xf0, 0x0f, 0xf0, 0x0f, 0xf0, 0x0f, 0xf0, 0x0f, 0xf0, 0x0f,
    0xf0, 0x0f, 0xf0, 0x0f, 0xf0, 0x0f, 0xf0, 0x28, 0x82, 0x00, 0x00, 0x68, 0x00, 0x00, 0x00, 0x00,
    0x8b, 0x00, 0x00, 0x00, 0x00, 0x8c, 0x10, 0x00, 0x00, 0x8e, 0xff, 0xfa, 0x10, 0x08, 0xfe, 0xdd,
    0xdf, 0xc0, 0x1f, 0xf3, 0x8b, 0x0b, 0xf6, 0x4f, 0xb0, 0x8b, 0x06, 0xb6, 0x4f, 0xb0, 0x8b, 0x00,
    0x00, 0x4f, 0xb0, 0x8b, 0x00, 0x00, 0x4f, 0xb0, 0x8b, 0x00, 0x00, 0x4f, 0xb0, 0x8b, 0x06, 0xb6,
    0x1f, 0xf3, 0x8b, 0x0b, 0xf6, 0x08, 0xfe, 0xdd, 0xdf, 0xc0, 0x00, 0x8e, 0xff, 0xfa, 0x10, 0x00,
    0x00, 0x8c, 0x10, 0x00, 0x00, 0x00, 0x8b, 0x00, 0x00, 0x00, 0x00, 0x68, 0x00, 0x00, 0x00, 0x49,
    0xbb, 0x94, 0x00, 0x06, 0xff, 0xff, 0xff, 0x60, 0x2f, 0xf5, 0x00, 0x7f, 0xf1, 0x5f, 0xb0, 0x00,
    0x0c, 0xf4, 0x5f, 0xa0, 0x00, 0x00, 0x00, 0x1f, 0xe1, 0x00, 0x00, 0x00, 0x08, 0xfa, 0x00, 0x00,
    0x00, 0x6c, 0xff, 0xbb, 0xb8, 0x00, 0x8f, 0xff, 0xff, 0xfb, 0x00, 0x00, 0x4f, 0x80, 0x00, 0x00,
    0x00, 0x8f, 0x80, 0x00, 0x00, 0x03, 0xee, 0x20, 0x00, 0x00, 0x3e, 0xe6, 0x00, 0x00, 0x00, 0x8f,
    0xdb, 0xbb, 0xbb, 0xb8, 0x8f, 0xff, 0xff, 0xff, 0xfb, 0x03, 0x60, 0x00, 0x00, 0x03, 0x10, 0x0d,
    0xf6, 0x38, 0x83, 0x3e, 0xc0, 0x03, 0xef, 0xff, 0xff, 0xff, 0x60, 0x00, 0x9f, 0x70, 0x07, 0xfa,
    0x00, 0x00, 0xe9, 0x00, 0x00, 0x9e, 0x00, 0x00, 0xf8, 0x00, 0x00, 0x8f, 0x00, 0x00, 0xf9, 0x00,
    0x00, 0x9f, 0x00, 0x00, 0x9f, 0x70, 0x06, 0xf9, 0x00, 0x03, 0xef, 0xff, 0xff, 0xfe, 0x30, 0x0d,
    0xf6, 0x58, 0x85, 0x6f, 0xd0, 0x03, 0x60, 0x00, 0x00, 0x06, 0x30, 0x28, 0x70, 0x00, 0x00, 0x07,
    0x82, 0x0d, 0xf4, 0x00, 0x00, 0x3f, 0xd0, 0x06, 0xfb, 0x00, 0x00, 0x9f, 0x60, 0x00, 0xdf, 0x30,
    0x02, 0xfd, 0x00, 0x00, 0x6f, 0x90, 0x09, 0xf6, 0x00, 0x00, 0x0d, 0xf2, 0x1f, 0xd0, 0x00, 0x00,
    0x08, 0xf9, 0x8f, 0x80, 0x00, 0x00, 0x01, 0xee, 0xde, 0x10, 0x00, 0x0b, 0xff, 0xff, 0xff, 0xff,
    0xb0, 0x06, 0x88, 0x8f, 0xf8, 0x88, 0x60, 0x00, 0x00, 0x0f, 0xf0, 0x00, 0x00, 0x0b, 0xff, 0xff,
    0xff, 0xff, 0xb0, 0x08, 0xbb, 0xbf, 0xfb, 0xbb, 0x80, 0x00, 0x00, 0x0f, 0xf0, 0x00, 0x00, 0x00,
    0x00, 0x0f, 0xf0, 0x00, 0x00, 0x88, 0xff, 0xff, 0xff, 0xff, 0xff, 0xff, 0xff, 0x00, 0x00, 0x00,
    0x88, 0xff, 0xff, 0xff, 0xff, 0xff, 0xff, 0xff, 0x44, 0x00, 0x6a, 0xbb, 0xb7, 0x00, 0x09, 0xff,
    0xff, 0xff, 0xb0, 0x3f, 0xe2, 0x00, 0x2d, 0xf5, 0x4f, 0xb0, 0x00, 0x00, 0x00, 0x2f, 0xe2, 0x00,
    0x00, 0x00, 0x08, 0xff, 0xc9, 0x72, 0x00, 0x01, 0x9f, 0xff, 0xfe, 0x60, 0x0c, 0xe3, 0x01, 0x6e,
    0xf2, 0x4f, 0x90, 0x00, 0x08, 0xf8, 0x4f, 0xa0, 0x00, 0x08, 0xf8, 0x1e, 0xf4, 0x00, 0x1d, 0xe2,
    0x06, 0xff, 0xfc, 0xda, 0x20, 0x00, 0x28, 0xbe, 0xff, 0x90, 0x00, 0x00, 0x00, 0x3d, 0xf6, 0x00,
    0x00, 0x00, 0x08, 0xf8, 0x8f, 0xa0, 0x00, 0x0a, 0xf7, 0x2e, 0xfc, 0x88, 0xcf, 0xe2, 0x03, 0xbf,
    0xff, 0xfa, 0x30, 0x00, 0x00, 0x00, 0x00, 0x00, 0x18, 0x50, 0x05, 0x81, 0x8f, 0xf0, 0x0f, 0xf8,
    0x5f, 0xc0, 0x0c, 0xf5, 0x00, 0x00, 0x00, 0x00, 0x00, 0x04, 0x9b, 0xb9, 0x40, 0x00, 0x00, 0x9d,
    0x74, 0x47, 0xd9, 0x00, 0x08, 0xc1, 0x00, 0x00, 0x1c, 0x80, 0x0d, 0x50, 0x8f, 0xfb, 0x15, 0xd0,
    0x0f, 0x05, 0xf4, 0x2e, 0x70, 0xf0, 0x0f, 0x08, 0xf0, 0x03, 0x20, 0xf0, 0x0f, 0x08, 0xf0, 0x00,
    0x00, 0xf0, 0x0f, 0x08, 0xf0, 0x03, 0x20, 0xf0, 0x0f, 0x05, 0xf4, 0x2e, 0x70, 0xf0, 0x0d, 0x50,
    0x8f, 0xfb, 0x15, 0xd0, 0x08, 0xc1, 0x00, 0x00, 0x1c, 0x80, 0x00, 0x9d, 0x74, 0x47, 0xd9, 0x00,
    0x00, 0x04, 0x9b, 0xb9, 0x40, 0x00, 0x05, 0xbb, 0x80, 0x1b, 0x21, 0xd6, 0x03, 0x88, 0xd8, 0x5d,
    0x88, 0xd8, 0x89, 0x01, 0xc8, 0x2b, 0xca, 0x88, 0x00, 0x00, 0x78, 0x30, 0x08, 0x81, 0x00, 0x06,
    0xfc, 0x10, 0x9f, 0x90, 0x00, 0x3f, 0xe2, 0x06, 0xfc, 0x00, 0x01, 0xdf, 0x30, 0x3e, 0xe1, 0x00,
    0x0b, 0xf6, 0x01, 0xdf, 0x30, 0x00, 0x4f, 0xe1, 0x07, 0xfb, 0x00, 0x00, 0x09, 0xf9, 0x00, 0xcf,
    0x60, 0x00, 0x00, 0xcf, 0x60, 0x1e, 0xf3, 0x00, 0x00, 0x1e, 0xf3, 0x04, 0xfe, 0x10, 0x00, 0x04,
    0xfe, 0x10, 0x7f, 0xb0, 0x00, 0x00, 0x34, 0x20, 0x04, 0x41, 0xff, 0xff, 0xff, 0xff, 0xbb, 0xbb,
    0xbb, 0xff, 0x00, 0x00, 0x00, 0xff, 0x00, 0x00, 0x00, 0xff, 0x00, 0x00, 0x00, 0x88, 0x28, 0x88,
    0x88, 0x82, 0x4f, 0xff, 0xff, 0xf4, 0x14, 0x44, 0x44, 0x41, 0x00, 0x04, 0x9b, 0xb9, 0x40, 0x00,
    0x00, 0x9d, 0x74, 0x47, 0xd9, 0x00, 0x08, 0xc1, 0x00, 0x00, 0x1c, 0x80, 0x0d, 0x54, 0xff, 0xf8,
    0x05, 0xd0, 0x0f, 0x04, 0xf0, 0x2e, 0x60, 0xf0, 0x0f, 0x04, 0xf0, 0x0d, 0x70, 0xf0, 0x0f, 0x04,
    0xfb, 0xdc, 0x10, 0xf0, 0x0f, 0x04, 0xf4, 0xc8, 0x00, 0xf0, 0x0f, 0x04, 0xf0, 0x6d, 0x00, 0xf0,
    0x0d, 0x54, 0xf0, 0x1e, 0x65, 0xd0, 0x08, 0xc1, 0x00, 0x00, 0x1c, 0x80, 0x00, 0x9d, 0x74, 0x47,
    0xd9, 0x00, 0x00, 0x04, 0x9b, 0xb9, 0x40, 0x00, 0x4f, 0xff, 0xff, 0xf4, 0x3b, 0xbb, 0xbb, 0xb3,
    0x00, 0x8b, 0xb8, 0x00, 0x08, 0xe8, 0x8e, 0x80, 0x0f, 0x70, 0x07, 0xf0, 0x0f, 0x60, 0x06, 0xf0,
    0x0b, 0xc3, 0x3c, 0xb0, 0x01, 0xbf, 0xfb, 0x10, 0x00, 0x00, 0x00, 0x00, 0x00, 0x00, 0x88, 0x00,
    0x00, 0x00, 0x00, 0xff, 0x00, 0x00, 0x00, 0x00, 0xff, 0x00, 0x00, 0x00, 0x00, 0xff, 0x00, 0x00,
    0x68, 0x88, 0xff, 0x88, 0x86, 0xbf, 0xff, 0xff, 0xff, 0xfb, 0x34, 0x44, 0xff, 0x44, 0x43, 0x00,
    0x00, 0xff, 0x00, 0x00, 0x00, 0x00, 0xff, 0x00, 0x00, 0x00, 0x00, 0xff, 0x00, 0x00, 0x48, 0x88,
    0xff, 0x88, 0x84, 0x8f, 0xff, 0xff, 0xff, 0xf8, 0x00, 0x5a, 0xa6, 0x00, 0x08, 0xfc, 0xbf, 0x80,
    0x0e, 0x90, 0x08, 0xf1, 0x04, 0x20, 0x08, 0xf1, 0x00, 0x00, 0x3e, 0xa0, 0x00, 0x05, 0xeb, 0x10,
    0x00, 0x6f, 0x90, 0x00, 0x09, 0xf6, 0x00, 0x00, 0x0f, 0xff, 0xff, 0xf4, 0x04, 0x44, 0x44, 0x41,
    0x06, 0x88, 0x88, 0x80, 0x08, 0xbb, 0xbe, 0xf0, 0x00, 0x00, 0x8e, 0x40, 0x00, 0x09, 0xe3, 0x00,
    0x00, 0x08, 0xdf, 0x60, 0x00, 0x00, 0x09, 0xf2, 0x28, 0x20, 0x04, 0xf4, 0x2f, 0x90, 0x09, 0xf2,
    0x06, 0xff, 0xff, 0x60, 0x00, 0x27, 0x73, 0x00, 0x00, 0x7b, 0x60, 0x4f, 0xc1, 0x1e, 0xe2, 0x00,
    0x00, 0x00, 0x4f, 0xb0, 0x00, 0x0b, 0xf4, 0x4f, 0xb0, 0x00, 0x0b, 0xf4, 0x4f, 0xb0, 0x00, 0x0b,
    0xf4, 0x4f, 0xb0, 0x00, 0x0b, 0xf4, 0x4f, 0xb0, 0x00, 0x0b, 0xf4, 0x4f, 0xb0, 0x00, 0x0b, 0xf4,
    0x4f, 0xb0, 0x00, 0x0b, 0xf4, 0x4f, 0xb0, 0x00, 0x0b, 0xf4, 0x4f, 0xf3, 0x00, 0x3f, 0xf4, 0x4f,
    0xee, 0x88, 0xee, 0xf4, 0x4f, 0xba, 0xff, 0x9b, 0xf4, 0x4f, 0xb0, 0x33, 0x00, 0x00, 0x4f, 0xb0,
    0x00, 0x00, 0x00, 0x4f, 0xb0, 0x00, 0x00, 0x00, 0x28, 0x60, 0x00, 0x00, 0x00, 0x00, 0x68, 0x86,
    0x04, 0x82, 0x1c, 0xff, 0xfb, 0x08, 0xf4, 0x8f, 0xff, 0xfb, 0x08, 0xf4, 0xbf, 0xff, 0xfb, 0x08,
    0xf4, 0xbf, 0xff, 0xfb, 0x08, 0xf4, 0xbf, 0xff, 0xfb, 0x08, 0xf4, 0x8f, 0xff, 0xfb, 0x08, 0xf4,
    0x2e, 0xff, 0xfb, 0x08, 0xf4, 0x01, 0x8b, 0xfb, 0x08, 0xf4, 0x00, 0x00, 0xfb, 0x08, 0xf4, 0x00,
    0x00, 0xfb, 0x08, 0xf4, 0x00, 0x00, 0xfb, 0x08, 0xf4, 0x00, 0x00, 0xfb, 0x08, 0xf4, 0x00, 0x00,
    0xfb, 0x08, 0xf4, 0x00, 0x00, 0xfb, 0x08, 0xf4, 0x00, 0x00, 0xfb, 0x08, 0xf4, 0x00, 0x00, 0xfb,
    0x08, 0xf4, 0x00, 0x00, 0xfb, 0x08, 0xf4, 0x00, 0x00, 0x86, 0x04, 0x82, 0x17, 0x71, 0x9f, 0xf9,
    0xaf, 0xfa, 0x3a, 0xa3, 0x08, 0x10, 0x05, 0xe3, 0x00, 0x58, 0xeb, 0x10, 0x0a, 0xf4, 0xff, 0xfb,
    0x00, 0x00, 0x00, 0x00, 0x28, 0x82, 0x00, 0x08, 0xee, 0xf4, 0x00, 0x0e, 0x84, 0xf4, 0x00, 0x02,
    0x04, 0xf4, 0x00, 0x00, 0x04, 0xf4, 0x00, 0x00, 0x04, 0xf4, 0x00, 0x00, 0x04, 0xf4, 0x00, 0x00,
    0x04, 0xf4, 0x00, 0x0f, 0xff, 0xff, 0xf8, 0x04, 0x44, 0x44, 0x42, 0x05, 0xaa, 0x50, 0x2e, 0x55,
    0xe2, 0x4b, 0x00, 0xb4, 0x4b, 0x00, 0xb4, 0x4d, 0x00, 0xd4, 0x08, 0xdd, 0x80, 0x00, 0x00, 0x00,
    0x18, 0x80, 0x03, 0x87, 0x00, 0x00, 0x09, 0xf9, 0x01, 0xcf, 0x60, 0x00, 0x00, 0xcf, 0x60, 0x2e,
    0xf3, 0x00, 0x00, 0x2e, 0xe3, 0x04, 0xfd, 0x10, 0x00, 0x04, 0xfd, 0x10, 0x8f, 0xb0, 0x00, 0x00,
    0xbf, 0x70, 0x1e, 0xf4, 0x00, 0x06, 0xfc, 0x00, 0x9f, 0x90, 0x00, 0x3f, 0xe1, 0x07, 0xfc, 0x00,
    0x01, 0xef, 0x40, 0x3f, 0xe1, 0x00, 0x0b, 0xf7, 0x01, 0xef, 0x40, 0x00, 0x14, 0x40, 0x02, 0x43,
    0x00, 0x00, 0x00, 0x78, 0x20, 0x00, 0x01, 0x85, 0x0c, 0xcf, 0x40, 0x00, 0x09, 0xf3, 0x0a, 0x1f,
    0x40, 0x00, 0x5f, 0x80, 0x00, 0x0f, 0x40, 0x01, 0xec, 0x00, 0x00, 0x0f, 0x40, 0x0a, 0xe2, 0x00,
    0x24, 0x4f, 0x74, 0x7f, 0x70, 0x00, 0x8f, 0xff, 0xff, 0xfb, 0x00, 0x00, 0x00, 0x00, 0x0b, 0xe1,
    0x00, 0x00, 0x00, 0x00, 0x8f, 0x50, 0x57, 0x00, 0x00, 0x03, 0xfa, 0x03, 0xf5, 0x00, 0x00, 0x0c,
    0xe1, 0x1c, 0x92, 0x30, 0x00, 0x8f, 0x40, 0x9c, 0x18, 0xb0, 0x04, 0xf8, 0x00, 0xfa, 0x8b, 0xb0,
    0x1d, 0xd1, 0x00, 0x88, 0x8b, 0xb0, 0x8f, 0x30, 0x00, 0x00, 0x08, 0xb0, 0x00, 0x78, 0x20, 0x00,
    0x01, 0x85, 0x0c, 0xcf, 0x40, 0x00, 0x09, 0xf3, 0x0a, 0x1f, 0x40, 0x00, 0x5f, 0x80, 0x00, 0x0f,
    0x40, 0x01, 0xec, 0x00, 0x00, 0x0f, 0x40, 0x0a, 0xe2, 0x00, 0x24, 0x4f, 0x74, 0x8f, 0x70, 0x00,
    0x8f, 0xff, 0xff, 0xfb, 0x00, 0x00, 0x00, 0x00, 0x0b, 0xe1, 0x00, 0x00, 0x00, 0x00, 0x8f, 0x54,
    0x88, 0x20, 0x00, 0x03, 0xfa, 0x5e, 0x8a, 0xe1, 0x00, 0x0c, 0xe1, 0x87, 0x00, 0xf4, 0x00, 0x8f,
    0x40, 0x00, 0x06, 0xe2, 0x04, 0xf8, 0x00, 0x01, 0x9e, 0x50, 0x1d, 0xd1, 0x00, 0x7d, 0x81, 0x00,
    0x8f, 0x30, 0x00, 0xbf, 0xff, 0xf8, 0x08, 0x88, 0x82, 0x00, 0x01, 0x85, 0x08, 0x8a, 0xf3, 0x00,
    0x09, 0xf3, 0x00, 0x5e, 0x30, 0x00, 0x5f, 0x80, 0x00, 0x6d, 0xd3, 0x01, 0xec, 0x00, 0x00, 0x00,
    0xc9, 0x0a, 0xe2, 0x00, 0x6e, 0x22, 0xd8, 0x6f, 0x70, 0x00, 0x08, 0xff, 0xa3, 0xeb, 0x00, 0x00,
    0x00, 0x00, 0x0b, 0xe1, 0x00, 0x00, 0x00, 0x00, 0x7f, 0x50, 0x57, 0x00, 0x00, 0x03, 0xfa, 0x03,
    0xf5, 0x00, 0x00, 0x0c, 0xe1, 0x1c, 0x92, 0x30, 0x00, 0x8f, 0x40, 0x9c, 0x18, 0xb0, 0x04, 0xf8,
    0x00, 0xfa, 0x8b, 0xb0, 0x1d, 0xd1, 0x00, 0x88, 0x8b, 0xb0, 0x8f, 0x30, 0x00, 0x00, 0x08, 0xb0,
    0x00, 0x00, 0x00, 0x00, 0x00, 0x05, 0xff, 0x50, 0x00, 0x07, 0xff, 0x70, 0x00, 0x00, 0x44, 0x00,
    0x00, 0x00, 0x00, 0x00, 0x00, 0x00, 0xbb, 0x00, 0x00, 0x00, 0xff, 0x00, 0x00, 0x7b, 0xff, 0x00,
    0x0c, 0xff, 0xdb, 0x00, 0x6f, 0xc2, 0x00, 0x00, 0xbf, 0x50, 0x00, 0x00, 0xbf, 0x40, 0x00, 0x00,
    0x9f, 0x80, 0x00, 0x00, 0x4f, 0xf8, 0x44, 0x42, 0x06, 0xff, 0xff, 0xf8, 0x00, 0x27, 0x88, 0x84,
    0x00, 0x09, 0xf8, 0x00, 0x00, 0x00, 0x00, 0x01, 0xcf, 0x50, 0x00, 0x00, 0x00, 0x00, 0x1b, 0xa1,
    0x00, 0x00, 0x00, 0x00, 0x00, 0x00, 0x00, 0x00, 0x00, 0x00, 0x38, 0x84, 0x00, 0x00, 0x00, 0x00,
    0x8f, 0xf9, 0x00, 0x00, 0x00, 0x00, 0xde, 0xed, 0x00, 0x00, 0x00, 0x02, 0xfa, 0xaf, 0x20, 0x00,
    0x00, 0x06, 0xf8, 0x8f, 0x60, 0x00, 0x00, 0x09, 0xf4, 0x4f, 0x90, 0x00, 0x00, 0x0d, 0xf0, 0x0f,
    0xd0, 0x00, 0x00, 0x2f, 0xb0, 0x0b, 0xf2, 0x00, 0x00, 0x6f, 0x80, 0x08, 0xf6, 0x00, 0x00, 0x9f,
    0x98, 0x89, 0xfa, 0x00, 0x00, 0xef, 0xff, 0xff, 0xfe, 0x00, 0x03, 0xfc, 0x44, 0x44, 0xcf, 0x30,
    0x07, 0xf8, 0x00, 0x00, 0x8f, 0x70, 0x0a, 0xf5, 0x00, 0x00, 0x5f, 0xa0, 0x0e, 0xf1, 0x00, 0x00,
    0x1f, 0xe0, 0x00, 0x00, 0x00, 0x8f, 0x90, 0x00, 0x00, 0x00, 0x04, 0xfc, 0x00, 0x00, 0x00, 0x00,
    0x0a, 0xb1, 0x00, 0x00, 0x00, 0x00, 0x00, 0x00, 0x00, 0x00, 0x00, 0x00, 0x38, 0x84, 0x00, 0x00,
    0x00, 0x00, 0x8f, 0xf9, 0x00, 0x00, 0x00, 0x00, 0xde, 0xed, 0x00, 0x00, 0x00, 0x02, 0xfa, 0xaf,
    0x20, 0x00, 0x00, 0x06, 0xf8, 0x8f, 0x60, 0x00, 0x00, 0x09, 0xf4, 0x4f, 0x90, 0x00, 0x00, 0x0d,
    0xf0, 0x0f, 0xd0, 0x00, 0x00, 0x2f, 0xb0, 0x0b, 0xf2, 0x00, 0x00, 0x6f, 0x80, 0x08, 0xf6, 0x00,
    0x00, 0x9f, 0x98, 0x89, 0xfa, 0x00, 0x00, 0xef, 0xff, 0xff, 0xfe, 0x00, 0x03, 0xfc, 0x44, 0x44,
    0xcf, 0x30, 0x07, 0xf8, 0x00, 0x00, 0x8f, 0x70, 0x0a, 0xf5, 0x00, 0x00, 0x5f, 0xa0, 0x0e, 0xf1,
    0x00, 0x00, 0x1f, 0xe0, 0x00, 0x00, 0x6f, 0xf6, 0x00, 0x00, 0x00, 0x06, 0xfc, 0xaf, 0x60, 0x00,
    0x00, 0x3b, 0x80, 0x08, 0xb3, 0x00, 0x00, 0x00, 0x00, 0x00, 0x00, 0x00, 0x00, 0x00, 0x38, 0x84,
    0x00, 0x00, 0x00, 0x00, 0x8f, 0xf9, 0x00, 0x00, 0x00, 0x00, 0xde, 0xed, 0x00, 0x00, 0x00, 0x02,
    0xfa, 0xaf, 0x20, 0x00, 0x00, 0x06, 0xf8, 0x8f, 0x60, 0x00, 0x00, 0x09, 0xf4, 0x4f, 0x90, 0x00,
    0x00, 0x0d, 0xf0, 0x0f, 0xd0, 0x00, 0x00, 0x2f, 0xb0, 0x0b, 0xf2, 0x00, 0x00, 0x6f, 0x80, 0x08,
    0xf6, 0x00, 0x00, 0x9f, 0x98, 0x89, 0xfa, 0x00, 0x00, 0xef, 0xff, 0xff, 0xfe, 0x00, 0x03, 0xfc,
    0x44, 0x44, 0xcf, 0x30, 0x07, 0xf8, 0x00, 0x00, 0x8f, 0x70, 0x0a, 0xf5, 0x00, 0x00, 0x5f, 0xa0,
    0x0e, 0xf1, 0x00, 0x00, 0x1f, 0xe0, 0x00, 0x08, 0xfb, 0x10, 0xb3, 0x00, 0x00, 0x3f, 0x8c, 0xda,
    0xf2, 0x00, 0x00, 0x3b, 0x01, 0x8b, 0x50, 0x00, 0x00, 0x00, 0x00, 0x00, 0x00, 0x00, 0x00, 0x00,
    0x38, 0x84, 0x00, 0x00, 0x00, 0x00, 0x8f, 0xf9, 0x00, 0x00, 0x00, 0x00, 0xde, 0xed, 0x00, 0x00,
    0x00, 0x02, 0xfa, 0xaf, 0x20, 0x00, 0x00, 0x06, 0xf8, 0x8f, 0x60, 0x00, 0x00, 0x09, 0xf4, 0x4f,
    0x90, 0x00, 0x00, 0x0d, 0xf0, 0x0f, 0xd0, 0x00, 0x00, 0x2f, 0xb0, 0x0b, 0xf2, 0x00, 0x00, 0x6f,
    0x80, 0x08, 0xf6, 0x00, 0x00, 0x9f, 0x98, 0x89, 0xfa, 0x00, 0x00, 0xef, 0xff, 0xff, 0xfe, 0x00,
    0x03, 0xfc, 0x44, 0x44, 0xcf, 0x30, 0x07, 0xf8, 0x00, 0x00, 0x8f, 0x70, 0x0a, 0xf5, 0x00, 0x00,
    0x5f, 0xa0, 0x0e, 0xf1, 0x00, 0x00, 0x1f, 0xe0, 0x00, 0x5e, 0xb0, 0x0b, 0xe5, 0x00, 0x00, 0x8f,
    0xf0, 0x0f, 0xf8, 0x00, 0x00, 0x3a, 0x80, 0x08, 0xa3, 0x00, 0x00, 0x00, 0x00, 0x00, 0x00, 0x00,
    0x00, 0x00, 0x38, 0x84, 0x00, 0x00, 0x00, 0x00, 0x8f, 0xf9, 0x00, 0x00, 0x00, 0x00, 0xde, 0xed,
    0x00, 0x00, 0x00, 0x02, 0xfa, 0xaf, 0x20, 0x00, 0x00, 0x06, 0xf8, 0x8f, 0x60, 0x00, 0x00, 0x09,
    0xf4, 0x4f, 0x90, 0x00, 0x00, 0x0d, 0xf0, 0x0f, 0xd0, 0x00, 0x00, 0x2f, 0xb0, 0x0b, 0xf2, 0x00,
    0x00, 0x6f, 0x80, 0x08, 0xf6, 0x00, 0x00, 0x9f, 0x98, 0x89, 0xfa, 0x00, 0x00, 0xef, 0xff, 0xff,
    0xfe, 0x00, 0x03, 0xfc, 0x44, 0x44, 0xcf, 0x30, 0x07, 0xf8, 0x00, 0x00, 0x8f, 0x70, 0x0a, 0xf5,
    0x00, 0x00, 0x5f, 0xa0, 0x0e, 0xf1, 0x00, 0x00, 0x1f, 0xe0, 0x00, 0x00, 0x8d, 0xd8, 0x00, 0x00,
    0x00, 0x04, 0xf5, 0x5f, 0x40, 0x00, 0x00, 0x08, 0xc0, 0x0c, 0x80, 0x00, 0x00, 0x03, 0xf8, 0x8f,
    0x30, 0x00, 0x00, 0x00, 0x5a, 0xa5, 0x00, 0x00, 0x00, 0x00, 0x38, 0x84, 0x00, 0x00, 0x00, 0x00,
    0x8f, 0xf9, 0x00, 0x00, 0x00, 0x00, 0xde, 0xed, 0x00, 0x00, 0x00, 0x02, 0xfa, 0xaf, 0x20, 0x00,
    0x00, 0x06, 0xf8, 0x8f, 0x60, 0x00, 0x00, 0x09, 0xf4, 0x4f, 0x90, 0x00, 0x00, 0x0d, 0xf0, 0x0f,
    0xd0, 0x00, 0x00, 0x2f, 0xb0, 0x0b, 0xf2, 0x00, 0x00, 0x6f, 0x80, 0x08, 0xf6, 0x00, 0x00, 0x9f,
    0x98, 0x89, 0xfa, 0x00, 0x00, 0xef, 0xff, 0xff, 0xfe, 0x00, 0x03, 0xfc, 0x44, 0x44, 0xcf, 0x30,
    0x07, 0xf8, 0x00, 0x00, 0x8f, 0x70, 0x0a, 0xf5, 0x00, 0x00, 0x5f, 0xa0, 0x0e, 0xf1, 0x00, 0x00,
    0x1f, 0xe0, 0x00, 0x06, 0x88, 0x88, 0x88, 0x84, 0x00, 0x0c, 0xff, 0xff, 0xff, 0xf8, 0x00, 0x0f,
    0xc4, 0xfc, 0x44, 0x42, 0x00, 0x4f, 0xa0, 0xfb, 0x00, 0x00, 0x00, 0x7f, 0x80, 0xfb, 0x00, 0x00,
    0x00, 0x9f, 0x40, 0xfb, 0x00, 0x00, 0x00, 0xcf, 0x10, 0xfd, 0x88, 0x80, 0x00, 0xfe, 0x00, 0xff,
    0xff, 0xf0, 0x04, 0xfb, 0x00, 0xfc, 0x44, 0x40, 0x07, 0xfb, 0x88, 0xfb, 0x00, 0x00, 0x08, 0xff,
    0xff, 0xfb, 0x00, 0x00, 0x0b, 0xf3, 0x00, 0xfb, 0x00, 0x00, 0x0f, 0xf0, 0x00, 0xfb, 0x00, 0x00,
    0x3f, 0xb0, 0x00, 0xfe, 0xbb, 0xb6, 0x6f, 0x80, 0x00, 0xff, 0xff, 0xf8, 0x00, 0x28, 0xbb, 0x94,
    0x00, 0x03, 0xef, 0xff, 0xff, 0x70, 0x0d, 0xf8, 0x10, 0x4e, 0xf2, 0x3f, 0xd0, 0x00, 0x08, 0xf8,
    0x4f, 0xb0, 0x00, 0x04, 0x84, 0x4f, 0xb0, 0x00, 0x00, 0x00, 0x4f, 0xb0, 0x00, 0x00, 0x00, 0x4f,
    0xb0, 0x00, 0x00, 0x00, 0x4f, 0xb0, 0x00, 0x00, 0x00, 0x4f, 0xb0, 0x00, 0x00, 0x00, 0x4f, 0xb0,
    0x00, 0x00, 0x00, 0x4f, 0xb0, 0x00, 0x08, 0xf8, 0x0f, 0xf3, 0x00, 0x1d, 0xf5, 0x08, 0xfe, 0x98,
    0xdf, 0xc0, 0x00, 0x8e, 0xff, 0xf9, 0x10, 0x00, 0x03, 0xf7, 0x10, 0x00, 0x00, 0x04, 0x8d, 0xc1,
    0x00, 0x00, 0x00, 0x09, 0xf6, 0x00, 0x00, 0x0b, 0xff, 0xb1, 0x00, 0x00, 0x00, 0x00, 0x00, 0x00,
    0x00, 0x7f, 0xa0, 0x00, 0x00, 0x00, 0x09, 0xf8, 0x00, 0x00, 0x00, 0x00, 0xab, 0x20, 0x00, 0x00,
    0x00, 0x00, 0x00, 0x00, 0x08, 0x88, 0x88, 0x88, 0x84, 0x0f, 0xff, 0xff, 0xff, 0xf8, 0x0f, 0xf4,
    0x44, 0x44, 0x42, 0x0f, 0xf0, 0x00, 0x00, 0x00, 0x0f, 0xf0, 0x00, 0x00, 0x00, 0x0f, 0xf0, 0x00,
    0x00, 0x00, 0x0f, 0xf8, 0x88, 0x88, 0x60, 0x0f, 0xff, 0xff, 0xff, 0xb0, 0x0f, 0xf4, 0x44, 0x44,
    0x30, 0x0f, 0xf0, 0x00, 0x00, 0x00, 0x0f, 0xf0, 0x00, 0x00, 0x00, 0x0f, 0xf0, 0x00, 0x00, 0x00,
    0x0f, 0xf0, 0x00, 0x00, 0x00, 0x0f, 0xfb, 0xbb, 0xbb, 0xb6, 0x0f, 0xff, 0xff, 0xff, 0xf8, 0x00,
    0x00, 0x05, 0xfc, 0x00, 0x00, 0x00, 0x2e, 0xe1, 0x00, 0x00, 0x00, 0x8b, 0x30, 0x00, 0x00, 0x00,
    0x00, 0x00, 0x00, 0x08, 0x88, 0x88, 0x88, 0x84, 0x0f, 0xff, 0xff, 0xff, 0xf8, 0x0f, 0xf4, 0x44,
    0x44, 0x42, 0x0f, 0xf0, 0x00, 0x00, 0x00, 0x0f, 0xf0, 0x00, 0x00, 0x00, 0x0f, 0xf0, 0x00, 0x00,
    0x00, 0x0f, 0xf8, 0x88, 0x88, 0x60, 0x0f, 0xff, 0xff, 0xff, 0xb0, 0x0f, 0xf4, 0x44, 0x44, 0x30,
    0x0f, 0xf0, 0x00, 0x00, 0x00, 0x0f, 0xf0, 0x00, 0x00, 0x00, 0x0f, 0xf0, 0x00, 0x00, 0x00, 0x0f,
    0xf0, 0x00, 0x00, 0x00, 0x0f, 0xfb, 0xbb, 0xbb, 0xb6, 0x0f, 0xff, 0xff, 0xff, 0xf8, 0x00, 0x03,
    0xef, 0x90, 0x00, 0x00, 0x3e, 0xc9, 0xf9, 0x00, 0x01, 0xaa, 0x10, 0x8b, 0x60, 0x00, 0x00, 0x00,
    0x00, 0x00, 0x08, 0x88, 0x88, 0x88, 0x84, 0x0f, 0xff, 0xff, 0xff, 0xf8, 0x0f, 0xf4, 0x44, 0x44,
    0x42, 0x0f, 0xf0, 0x00, 0x00, 0x00, 0x0f, 0xf0, 0x00, 0x00, 0x00, 0x0f, 0xf0, 0x00, 0x00, 0x00,
    0x0f, 0xf8, 0x88, 0x88, 0x60, 0x0f, 0xff, 0xff, 0xff, 0xb0, 0x0f, 0xf4, 0x44, 0x44, 0x30, 0x0f,
    0xf0, 0x00, 0x00, 0x00, 0x0f, 0xf0, 0x00, 0x00, 0x00, 0x0f, 0xf0, 0x00, 0x00, 0x00, 0x0f, 0xf0,
    0x00, 0x00, 0x00, 0x0f, 0xfb, 0xbb, 0xbb, 0xb6, 0x0f, 0xff, 0xff, 0xff, 0xf8, 0x02, 0xdc, 0x10,
    0x8f, 0x60, 0x07, 0xff, 0x40, 0xef, 0xb0, 0x01, 0x98, 0x00, 0x5b, 0x30, 0x00, 0x00, 0x00, 0x00,
    0x00, 0x08, 0x88, 0x88, 0x88, 0x84, 0x0f, 0xff, 0xff, 0xff, 0xf8, 0x0f, 0xf4, 0x44, 0x44, 0x42,
    0x0f, 0xf0, 0x00, 0x00, 0x00, 0x0f, 0xf0, 0x00, 0x00, 0x00, 0x0f, 0xf0, 0x00, 0x00, 0x00, 0x0f,
    0xf8, 0x88, 0x88, 0x60, 0x0f, 0xff, 0xff, 0xff, 0xb0, 0x0f, 0xf4, 0x44, 0x44, 0x30, 0x0f, 0xf0,
    0x00, 0x00, 0x00, 0x0f, 0xf0, 0x00, 0x00, 0x00, 0x0f, 0xf0, 0x00, 0x00, 0x00, 0x0f, 0xf0, 0x00,
    0x00, 0x00, 0x0f, 0xfb, 0xbb, 0xbb, 0xb6, 0x0f, 0xff, 0xff, 0xff, 0xf8, 0x09, 0xf8, 0x00, 0x00,
    0x01, 0xcf, 0x50, 0x00, 0x00, 0x1b, 0xa1, 0x00, 0x00, 0x00, 0x00, 0x00, 0x88, 0x88, 0x88, 0x88,
    0xff, 0xff, 0xff, 0xff, 0x44, 0x4f, 0xf4, 0x44, 0x00, 0x0f, 0xf0, 0x00, 0x00, 0x0f, 0xf0, 0x00,
    0x00, 0x0f, 0xf0, 0x00, 0x00, 0x0f, 0xf0, 0x00, 0x00, 0x0f, 0xf0, 0x00, 0x00, 0x0f, 0xf0, 0x00,
    0x00, 0x0f, 0xf0, 0x00, 0x00, 0x0f, 0xf0, 0x00, 0x00, 0x0f, 0xf0, 0x00, 0x00, 0x0f, 0xf0, 0x00,
    0xbb, 0xbf, 0xfb, 0xbb, 0xff, 0xff, 0xff, 0xff, 0x00, 0x00, 0x8f, 0x90, 0x00, 0x04, 0xfc, 0x00,
    0x00, 0x0a, 0xb1, 0x00, 0x00, 0x00, 0x00, 0x00, 0x88, 0x88, 0x88, 0x88, 0xff, 0xff, 0xff, 0xff,
    0x44, 0x4f, 0xf4, 0x44, 0x00, 0x0f, 0xf0, 0x00, 0x00, 0x0f, 0xf0, 0x00, 0x00, 0x0f, 0xf0, 0x00,
    0x00, 0x0f, 0xf0, 0x00, 0x00, 0x0f, 0xf0, 0x00, 0x00, 0x0f, 0xf0, 0x00, 0x00, 0x0f, 0xf0, 0x00,
    0x00, 0x0f, 0xf0, 0x00, 0x00, 0x0f, 0xf0, 0x00, 0x00, 0x0f, 0xf0, 0x00, 0xbb, 0xbf, 0xfb, 0xbb,
    0xff, 0xff, 0xff, 0xff, 0x00, 0x6f, 0xf6, 0x00, 0x06, 0xfc, 0xaf, 0x60, 0x3b, 0x80, 0x08, 0xb3,
    0x00, 0x00, 0x00, 0x00, 0x88, 0x88, 0x88, 0x88, 0xff, 0xff, 0xff, 0xff, 0x44, 0x4f, 0xf4, 0x44,
    0x00, 0x0f, 0xf0, 0x00, 0x00, 0x0f, 0xf0, 0x00, 0x00, 0x0f, 0xf0, 0x00, 0x00, 0x0f, 0xf0, 0x00,
    0x00, 0x0f, 0xf0, 0x00, 0x00, 0x0f, 0xf0, 0x00, 0x00, 0x0f, 0xf0, 0x00, 0x00, 0x0f, 0xf0, 0x00,
    0x00, 0x0f, 0xf0, 0x00, 0x00, 0x0f, 0xf0, 0x00, 0xbb, 0xbf, 0xfb, 0xbb, 0xff, 0xff, 0xff, 0xff,
    0x5e, 0xb0, 0x0b, 0xe5, 0x8f, 0xf0, 0x0f, 0xf8, 0x3a, 0x80, 0x08, 0xa3, 0x00, 0x00, 0x00, 0x00,
    0x88, 0x88, 0x88, 0x88, 0xff, 0xff, 0xff, 0xff, 0x44, 0x4f, 0xf4, 0x44, 0x00, 0x0f, 0xf0, 0x00,
    0x00, 0x0f, 0xf0, 0x00, 0x00, 0x0f, 0xf0, 0x00, 0x00, 0x0f, 0xf0, 0x00, 0x00, 0x0f, 0xf0, 0x00,
    0x00, 0x0f, 0xf0, 0x00, 0x00, 0x0f, 0xf0, 0x00, 0x00, 0x0f, 0xf0, 0x00, 0x00, 0x0f, 0xf0, 0x00,
    0x00, 0x0f, 0xf0, 0x00, 0xbb, 0xbf, 0xfb, 0xbb, 0xff, 0xff, 0xff, 0xff, 0x02, 0x88, 0x88, 0x85,
    0x00, 0x00, 0x4f, 0xff, 0xff, 0xfc, 0x10, 0x04, 0xfc, 0x44, 0x4b, 0xfb, 0x00, 0x4f, 0xb0, 0x00,
    0x0d, 0xf3, 0x04, 0xfb, 0x00, 0x00, 0xaf, 0x40, 0x4f, 0xb0, 0x00, 0x08, 0xf4, 0x37, 0xfc, 0x43,
    0x00, 0x8f, 0x4b, 0xff, 0xff, 0xb0, 0x08, 0xf4, 0x37, 0xfc, 0x43, 0x00, 0x8f, 0x40, 0x4f, 0xb0,
    0x00, 0x08, 0xf4, 0x04, 0xfb, 0x00, 0x00, 0x8f, 0x40, 0x4f, 0xb0, 0x00, 0x0c, 0xf4, 0x04, 0xfb,
    0x00, 0x06, 0xfe, 0x10, 0x4f, 0xeb, 0xbd, 0xff, 0x60, 0x04, 0xff, 0xff, 0xfa, 0x40, 0x00, 0x00,
    0x8f, 0xb1, 0x0b, 0x30, 0x03, 0xf8, 0xcd, 0xaf, 0x20, 0x03, 0xb0, 0x18, 0xb5, 0x00, 0x00, 0x00,
    0x00, 0x00, 0x00, 0x28, 0x83, 0x00, 0x04, 0x82, 0x4f, 0xfa, 0x00, 0x08, 0xf4, 0x4f, 0xff, 0x10,
    0x08, 0xf4, 0x4f, 0xcf, 0x60, 0x08, 0xf4, 0x4f, 0x8e, 0xa0, 0x08, 0xf4, 0x4f, 0x89, 0xf2, 0x08,
    0xf4, 0x4f, 0x85, 0xf7, 0x08, 0xf4, 0x4f, 0x80, 0xdc, 0x08, 0xf4, 0x4f, 0x80, 0x8f, 0x28, 0xf4,
    0x4f, 0x80, 0x3f, 0x88, 0xf4, 0x4f, 0x80, 0x0d, 0xd8, 0xf4, 0x4f, 0x80, 0x08, 0xfa, 0xf4, 0x4f,
    0x80, 0x02, 0xfe, 0xf4, 0x4f, 0x80, 0x00, 0xcf, 0xf4, 0x4f, 0x80, 0x00, 0x7f, 0xf4, 0x00, 0x9f,
    0x80, 0x00, 0x00, 0x00, 0x1c, 0xf5, 0x00, 0x00, 0x00, 0x01, 0xba, 0x10, 0x00, 0x00, 0x00, 0x00,
    0x00, 0x00, 0x00, 0x29, 0xbb, 0x92, 0x00, 0x05, 0xff, 0xff, 0xff, 0x50, 0x0d, 0xf7, 0x00, 0x7f,
    0xe0, 0x4f, 0xc0, 0x00, 0x0c, 0xf4, 0x4f, 0xb0, 0x00, 0x0b, 0xf4, 0x4f, 0xb0, 0x00, 0x0b, 0xf4,
    0x4f, 0xb0, 0x00, 0x0b, 0xf4, 0x4f, 0xb0, 0x00, 0x0b, 0xf4, 0x4f, 0xb0, 0x00, 0x0b, 0xf4, 0x4f,
    0xb0, 0x00, 0x0b, 0xf4, 0x4f, 0xb0, 0x00, 0x0b, 0xf4, 0x4f, 0xb0, 0x00, 0x0b, 0xf4, 0x1f, 0xe1,
    0x00, 0x1e, 0xf1, 0x08, 0xfe, 0x88, 0xef, 0x80, 0x00, 0x8e, 0xff, 0xe8, 0x00, 0x00, 0x00, 0x44,
    0x00, 0x00, 0x00, 0x00, 0x08, 0xf9, 0x00, 0x00, 0x00, 0x4f, 0xc0, 0x00, 0x00, 0x00, 0xab, 0x10,
    0x00, 0x00, 0x00, 0x00, 0x00, 0x00, 0x00, 0x29, 0xbb, 0x92, 0x00, 0x05, 0xff, 0xff, 0xff, 0x50,
    0x0d, 0xf7, 0x00, 0x7f, 0xe0, 0x4f, 0xc0, 0x00, 0x0c, 0xf4, 0x4f, 0xb0, 0x00, 0x0b, 0xf4, 0x4f,
    0xb0, 0x00, 0x0b, 0xf4, 0x4f, 0xb0, 0x00, 0x0b, 0xf4, 0x4f, 0xb0, 0x00, 0x0b, 0xf4, 0x4f, 0xb0,
    0x00, 0x0b, 0xf4, 0x4f, 0xb0, 0x00, 0x0b, 0xf4, 0x4f, 0xb0, 0x00, 0x0b, 0xf4, 0x4f, 0xb0, 0x00,
    0x0b, 0xf4, 0x1f, 0xe1, 0x00, 0x1e, 0xf1, 0x08, 0xfe, 0x88, 0xef, 0x80, 0x00, 0x8e, 0xff, 0xe8,
    0x00, 0x00, 0x00, 0x44, 0x00, 0x00, 0x00, 0x06, 0xff, 0x60, 0x00, 0x00, 0x6f, 0xca, 0xf6, 0x00,
    0x03, 0xb8, 0x00, 0x8b, 0x30, 0x00, 0x00, 0x00, 0x00, 0x00, 0x00, 0x29, 0xbb, 0x92, 0x00, 0x05,
    0xff, 0xff, 0xff, 0x50, 0x0d, 0xf7, 0x00, 0x7f, 0xe0, 0x4f, 0xc0, 0x00, 0x0c, 0xf4, 0x4f, 0xb0,
    0x00, 0x0b, 0xf4, 0x4f, 0xb0, 0x00, 0x0b, 0xf4, 0x4f, 0xb0, 0x00, 0x0b, 0xf4, 0x4f, 0xb0, 0x00,
    0x0b, 0xf4, 0x4f, 0xb0, 0x00, 0x0b, 0xf4, 0x4f, 0xb0, 0x00, 0x0b, 0xf4, 0x4f, 0xb0, 0x00, 0x0b,
    0xf4, 0x4f, 0xb0, 0x00, 0x0b, 0xf4, 0x1f, 0xe1, 0x00, 0x1e, 0xf1, 0x08, 0xfe, 0x88, 0xef, 0x80,
    0x00, 0x8e, 0xff, 0xe8, 0x00, 0x00, 0x00, 0x44, 0x00, 0x00, 0x00, 0x8f, 0xb1, 0x0b, 0x30, 0x03,
    0xf8, 0xcd, 0xaf, 0x20, 0x03, 0xb0, 0x18, 0xb5, 0x00, 0x00, 0x00, 0x00, 0x00, 0x00, 0x00, 0x29,
    0xbb, 0x92, 0x00, 0x05, 0xff, 0xff, 0xff, 0x50, 0x0d, 0xf7, 0x00, 0x7f, 0xe0, 0x4f, 0xc0, 0x00,
    0x0c, 0xf4, 0x4f, 0xb0, 0x00, 0x0b, 0xf4, 0x4f, 0xb0, 0x00, 0x0b, 0xf4, 0x4f, 0xb0, 0x00, 0x0b,
    0xf4, 0x4f, 0xb0, 0x00, 0x0b, 0xf4, 0x4f, 0xb0, 0x00, 0x0b, 0xf4, 0x4f, 0xb0, 0x00, 0x0b, 0xf4,
    0x4f, 0xb0, 0x00, 0x0b, 0xf4, 0x4f, 0xb0, 0x00, 0x0b, 0xf4, 0x1f, 0xe1, 0x00, 0x1e, 0xf1, 0x08,
    0xfe, 0x88, 0xef, 0x80, 0x00, 0x8e, 0xff, 0xe8, 0x00, 0x00, 0x00, 0x44, 0x00, 0x00, 0x05, 0xeb,
    0x00, 0xbe, 0x50, 0x08, 0xff, 0x00, 0xff, 0x80, 0x03, 0xa8, 0x00, 0x8a, 0x30, 0x00, 0x00, 0x00,
    0x00, 0x00, 0x00, 0x29, 0xbb, 0x92, 0x00, 0x05, 0xff, 0xff, 0xff, 0x50, 0x0d, 0xf7, 0x00, 0x7f,
    0xe0, 0x4f, 0xc0, 0x00, 0x0c, 0xf4, 0x4f, 0xb0, 0x00, 0x0b, 0xf4, 0x4f, 0xb0, 0x00, 0x0b, 0xf4,
    0x4f, 0xb0, 0x00, 0x0b, 0xf4, 0x4f, 0xb0, 0x00, 0x0b, 0xf4, 0x4f, 0xb0, 0x00, 0x0b, 0xf4, 0x4f,
    0xb0, 0x00, 0x0b, 0xf4, 0x4f, 0xb0, 0x00, 0x0b, 0xf4, 0x4f, 0xb0, 0x00, 0x0b, 0xf4, 0x1f, 0xe1,
    0x00, 0x1e, 0xf1, 0x08, 0xfe, 0x88, 0xef, 0x80, 0x00, 0x8e, 0xff, 0xe8, 0x00, 0x00, 0x00, 0x44,
    0x00, 0x00, 0x13, 0x00, 0x00, 0x51, 0xbe, 0x30, 0x06, 0xfb, 0x3e, 0xe3, 0x6f, 0xe3, 0x03, 0xee,
    0xfe, 0x30, 0x00, 0x8f, 0xf6, 0x00, 0x06, 0xfe, 0xee, 0x30, 0x6f, 0xe3, 0x3e, 0xe3, 0x9e, 0x30,
    0x03, 0xe8, 0x02, 0x00, 0x00, 0x20, 0x00, 0x03, 0x9b, 0xb9, 0x3b, 0xe2, 0x00, 0x5f, 0xff, 0xff,
    0xff, 0x80, 0x00, 0xef, 0x70, 0x07, 0xff, 0x10, 0x04, 0xfc, 0x00, 0x06, 0xff, 0x40, 0x04, 0xfb,
    0x00, 0x1e, 0xff, 0x40, 0x04, 0xfb, 0x00, 0x8f, 0xef, 0x40, 0x04, 0xfb, 0x02, 0xfa, 0xbf, 0x40,
    0x04, 0xfb, 0x0a, 0xf2, 0xbf, 0x40, 0x04, 0xfb, 0x4f, 0x80, 0xbf, 0x40, 0x04, 0xfb, 0xbe, 0x10,
    0xbf, 0x40, 0x04, 0xff, 0xf7, 0x00, 0xbf, 0x40, 0x04, 0xff, 0xd0, 0x00, 0xbf, 0x40, 0x02, 0xff,
    0x50, 0x01, 0xef, 0x20, 0x01, 0xef, 0xe8, 0x8e, 0xf8, 0x00, 0x09, 0xf9, 0xff, 0xff, 0x80, 0x00,
    0x1b, 0x80, 0x04, 0x40, 0x00, 0x00, 0x00, 0x9f, 0x80, 0x00, 0x00, 0x00, 0x1c, 0xf5, 0x00, 0x00,
    0x00, 0x01, 0xba, 0x10, 0x00, 0x00, 0x00, 0x00, 0x00, 0x00, 0x28, 0x60, 0x00, 0x06, 0x82, 0x4f,
    0xb0, 0x00, 0x0b, 0xf4, 0x4f, 0xb0, 0x00, 0x0b, 0xf4, 0x4f, 0xb0, 0x00, 0x0b, 0xf4, 0x4f, 0xb0,
    0x00, 0x0b, 0xf4, 0x4f, 0xb0, 0x00, 0x0b, 0xf4, 0x4f, 0xb0, 0x00, 0x0b, 0xf4, 0x4f, 0xb0, 0x00,
    0x0b, 0xf4, 0x4f, 0xb0, 0x00, 0x0b, 0xf4, 0x4f, 0xb0, 0x00, 0x0b, 0xf4, 0x4f, 0xb0, 0x00, 0x0b,
    0xf4, 0x4f, 0xb0, 0x00, 0x0b, 0xf4, 0x1f, 0xf2, 0x00, 0x2f, 0xf2, 0x08, 0xfe, 0x88, 0xef, 0x80,
    0x00, 0x8f, 0xff, 0xf8, 0x10, 0x00, 0x00, 0x44, 0x00, 0x00, 0x00, 0x00, 0x08, 0xf9, 0x00, 0x00,
    0x00, 0x4f, 0xc0, 0x00, 0x00, 0x00, 0xab, 0x10, 0x00, 0x00, 0x00, 0x00, 0x00, 0x00, 0x28, 0x60,
    0x00, 0x06, 0x82, 0x4f, 0xb0, 0x00, 0x0b, 0xf4, 0x4f, 0xb0, 0x00, 0x0b, 0xf4, 0x4f, 0xb0, 0x00,
    0x0b, 0xf4, 0x4f, 0xb0, 0x00, 0x0b, 0xf4, 0x4f, 0xb0, 0x00, 0x0b, 0xf4, 0x4f, 0xb0, 0x00, 0x0b,
    0xf4, 0x4f, 0xb0, 0x00, 0x0b, 0xf4, 0x4f, 0xb0, 0x00, 0x0b, 0xf4, 0x4f, 0xb0, 0x00, 0x0b, 0xf4,
    0x4f, 0xb0, 0x00, 0x0b, 0xf4, 0x4f, 0xb0, 0x00, 0x0b, 0xf4, 0x1f, 0xf2, 0x00, 0x2f, 0xf2, 0x08,
    0xfe, 0x88, 0xef, 0x80, 0x00, 0x8f, 0xff, 0xf8, 0x10, 0x00, 0x00, 0x44, 0x00, 0x00, 0x00, 0x06,
    0xff, 0x60, 0x00, 0x00, 0x6f, 0xca, 0xf6, 0x00, 0x03, 0xb8, 0x00, 0x8b, 0x30, 0x00, 0x00, 0x00,
    0x00, 0x00, 0x28, 0x60, 0x00, 0x06, 0x82, 0x4f, 0xb0, 0x00, 0x0b, 0xf4, 0x4f, 0xb0, 0x00, 0x0b,
    0xf4, 0x4f, 0xb0, 0x00, 0x0b, 0xf4, 0x4f, 0xb0, 0x00, 0x0b, 0xf4, 0x4f, 0xb0, 0x00, 0x0b, 0xf4,
    0x4f, 0xb0, 0x00, 0x0b, 0xf4, 0x4f, 0xb0, 0x00, 0x0b, 0xf4, 0x4f, 0xb0, 0x00, 0x0b, 0xf4, 0x4f,
    0xb0, 0x00, 0x0b, 0xf4, 0x4f, 0xb0, 0x00, 0x0b, 0xf4, 0x4f, 0xb0, 0x00, 0x0b, 0xf4, 0x1f, 0xf2,
    0x00, 0x2f, 0xf2, 0x08, 0xfe, 0x88, 0xef, 0x80, 0x00, 0x8f, 0xff, 0xf8, 0x10, 0x00, 0x00, 0x44,
    0x00, 0x00, 0x05, 0xeb, 0x00, 0xbe, 0x50, 0x08, 0xff, 0x00, 0xff, 0x80, 0x03, 0xa8, 0x00, 0x8a,
    0x30, 0x00, 0x00, 0x00, 0x00, 0x00, 0x28, 0x60, 0x00, 0x06, 0x82, 0x4f, 0xb0, 0x00, 0x0b, 0xf4,
    0x4f, 0xb0, 0x00, 0x0b, 0xf4, 0x4f, 0xb0, 0x00, 0x0b, 0xf4, 0x4f, 0xb0, 0x00, 0x0b, 0xf4, 0x4f,
    0xb0, 0x00, 0x0b, 0xf4, 0x4f, 0xb0, 0x00, 0x0b, 0xf4, 0x4f, 0xb0, 0x00, 0x0b, 0xf4, 0x4f, 0xb0,
    0x00, 0x0b, 0xf4, 0x4f, 0xb0, 0x00, 0x0b, 0xf4, 0x4f, 0xb0, 0x00, 0x0b, 0xf4, 0x4f, 0xb0, 0x00,
    0x0b, 0xf4, 0x1f, 0xf2, 0x00, 0x2f, 0xf2, 0x08, 0xfe, 0x88, 0xef, 0x80, 0x00, 0x8f, 0xff, 0xf8,
    0x10, 0x00, 0x00, 0x44, 0x00, 0x00, 0x00, 0x00, 0x00, 0x8f, 0x90, 0x00, 0x00, 0x00, 0x04, 0xfc,
    0x00, 0x00, 0x00, 0x00, 0x0a, 0xb1, 0x00, 0x00, 0x00, 0x00, 0x00, 0x00, 0x00, 0x00, 0x28, 0x70,
    0x00, 0x00, 0x07, 0x82, 0x0d, 0xf4, 0x00, 0x00, 0x3f, 0xd0, 0x06, 0xfb, 0x00, 0x00, 0x9f, 0x60,
    0x00, 0xdf, 0x30, 0x02, 0xfd, 0x00, 0x00, 0x6f, 0x90, 0x09, 0xf6, 0x00, 0x00, 0x0d, 0xf2, 0x1f,
    0xe0, 0x00, 0x00, 0x08, 0xf9, 0x8f, 0x80, 0x00, 0x00, 0x01, 0xee, 0xde, 0x10, 0x00, 0x00, 0x00,
    0x8f, 0xf8, 0x00, 0x00, 0x00, 0x00, 0x1f, 0xf1, 0x00, 0x00, 0x00, 0x00, 0x0f, 0xf0, 0x00, 0x00,
    0x00, 0x00, 0x0f, 0xf0, 0x00, 0x00, 0x00, 0x00, 0x0f, 0xf0, 0x00, 0x00, 0x00, 0x00, 0x0f, 0xf0,
    0x00, 0x00, 0x00, 0x00, 0x0f, 0xf0, 0x00, 0x00, 0x28, 0x60, 0x00, 0x00, 0x00, 0x04, 0xfb, 0x00,
    0x00, 0x00, 0x00, 0x4f, 0xb0, 0x00, 0x00, 0x00, 0x04, 0xfe, 0xbb, 0xb8, 0x60, 0x00, 0x4f, 0xff,
    0xff, 0xff, 0xc1, 0x04, 0xfb, 0x00, 0x03, 0xcf, 0x90, 0x4f, 0xb0, 0x00, 0x02, 0xff, 0x04, 0xfb,
    0x00, 0x00, 0x0f, 0xf0, 0x4f, 0xb0, 0x00, 0x04, 0xfe, 0x04, 0xfc, 0x44, 0x47, 0xef, 0x80, 0x4f,
    0xff, 0xff, 0xff, 0x90, 0x04, 0xfd, 0x88, 0x86, 0x20, 0x00, 0x4f, 0xb0, 0x00, 0x00, 0x00, 0x04,
    0xfb, 0x00, 0x00, 0x00, 0x00, 0x4f, 0xb0, 0x00, 0x00, 0x00, 0x00, 0x00, 0x28, 0xbb, 0x94, 0x00,
    0x03, 0xef, 0xff, 0xff, 0x60, 0x0d, 0xf8, 0x00, 0x7f, 0xf2, 0x3f, 0xd0, 0x00, 0x0b, 0xf4, 0x4f,
    0xb0, 0x00, 0x0a, 0xf4, 0x4f, 0xb0, 0x00, 0x1e, 0xe1, 0x4f, 0xb0, 0x68, 0xde, 0x40, 0x4f, 0xb0,
    0xbf, 0xfa, 0x30, 0x4f, 0xb0, 0x34, 0x8f, 0xe2, 0x4f, 0xb0, 0x00, 0x08, 0xf8, 0x4f, 0xb0, 0x00,
    0x04, 0xfb, 0x4f, 0xb0, 0x00, 0x05, 0xfb, 0x4f, 0xb0, 0x00, 0x2c, 0xf8, 0x4f, 0xb0, 0x8b, 0xff,
    0xc1, 0x4f, 0xb0, 0xbf, 0xd8, 0x10, 0x00, 0x8b, 0x60, 0x00, 0x00, 0x00, 0x1d, 0xf3, 0x00, 0x00,
    0x00, 0x03, 0xed, 0x10, 0x00, 0x00, 0x00, 0x00, 0x00, 0x00, 0x00, 0x00, 0x44, 0x00, 0x00, 0x01,
    0x9f, 0xff, 0xf9, 0x10, 0x0b, 0xfc, 0x88, 0xdf, 0xb0, 0x2f, 0xd0, 0x00, 0x1e, 0xf2, 0x00, 0x00,
    0x00, 0x0b, 0xf4, 0x00, 0x69, 0xbb, 0xbe, 0xf4, 0x1c, 0xfd, 0xbb, 0xbe, 0xf4, 0x7f, 0xa0, 0x00,
    0x0b, 0xf4, 0xbf, 0x40, 0x00, 0x0b, 0xf4, 0x9f, 0x80, 0x00, 0x3f, 0xf4, 0x4f, 0xf9, 0x88, 0xed,
    0xf4, 0x06, 0xef, 0xfe, 0x6b, 0xf4, 0x00, 0x04, 0x40, 0x00, 0x00, 0x00, 0x00, 0x03, 0xb9, 0x00,
    0x00, 0x00, 0x1d, 0xe3, 0x00, 0x00, 0x00, 0xaf, 0x60, 0x00, 0x00, 0x00, 0x00, 0x00, 0x00, 0x00,
    0x00, 0x44, 0x00, 0x00, 0x01, 0x9f, 0xff, 0xf9, 0x10, 0x0b, 0xfc, 0x88, 0xdf, 0xb0, 0x2f, 0xd0,
    0x00, 0x1e, 0xf2, 0x00, 0x00, 0x00, 0x0b, 0xf4, 0x00, 0x69, 0xbb, 0xbe, 0xf4, 0x1c, 0xfd, 0xbb,
    0xbe, 0xf4, 0x7f, 0xa0, 0x00, 0x0b, 0xf4, 0xbf, 0x40, 0x00, 0x0b, 0xf4, 0x9f, 0x80, 0x00, 0x3f,
    0xf4, 0x4f, 0xf9, 0x88, 0xed, 0xf4, 0x06, 0xef, 0xfe, 0x6b, 0xf4, 0x00, 0x04, 0x40, 0x00, 0x00,
    0x00, 0x03, 0xbb, 0x30, 0x00, 0x00, 0x3e, 0xec, 0xe3, 0x00, 0x03, 0xee, 0x31, 0xce, 0x30, 0x00,
    0x00, 0x00, 0x00, 0x00, 0x00, 0x00, 0x44, 0x00, 0x00, 0x01, 0x9f, 0xff, 0xf9, 0x10, 0x0b, 0xfc,
    0x88, 0xdf, 0xb0, 0x2f, 0xd0, 0x00, 0x1e, 0xf2, 0x00, 0x00, 0x00, 0x0b, 0xf4, 0x00, 0x69, 0xbb,
    0xbe, 0xf4, 0x1c, 0xfd, 0xbb, 0xbe, 0xf4, 0x7f, 0xa0, 0x00, 0x0b, 0xf4, 0xbf, 0x40, 0x00, 0x0b,
    0xf4, 0x9f, 0x80, 0x00, 0x3f, 0xf4, 0x4f, 0xf9, 0x88, 0xed, 0xf4, 0x06, 0xef, 0xfe, 0x6b, 0xf4,
    0x00, 0x04, 0x40, 0x00, 0x00, 0x00, 0x49, 0x71, 0x08, 0x20, 0x01, 0xec, 0xec, 0x5f, 0x40, 0x04,
    0xf4, 0x1c, 0xfb, 0x10, 0x00, 0x00, 0x00, 0x00, 0x00, 0x00, 0x00, 0x44, 0x00, 0x00, 0x01, 0x9f,
    0xff, 0xf9, 0x10, 0x0b, 0xfc, 0x88, 0xdf, 0xb0, 0x2f, 0xd0, 0x00, 0x1e, 0xf2, 0x00, 0x00, 0x00,
    0x0b, 0xf4, 0x00, 0x69, 0xbb, 0xbe, 0xf4, 0x1c, 0xfd, 0xbb, 0xbe, 0xf4, 0x7f, 0xa0, 0x00, 0x0b,
    0xf4, 0xbf, 0x40, 0x00, 0x0b, 0xf4, 0x9f, 0x80, 0x00, 0x3f, 0xf4, 0x4f, 0xf9, 0x88, 0xed, 0xf4,
    0x06, 0xef, 0xfe, 0x6b, 0xf4, 0x00, 0x04, 0x40, 0x00, 0x00, 0x01, 0x87, 0x00, 0x58, 0x30, 0x07,
    0xff, 0x30, 0xef, 0xa0, 0x04, 0xfd, 0x10, 0xbf, 0x70, 0x00, 0x00, 0x00, 0x00, 0x00, 0x00, 0x00,
    0x44, 0x00, 0x00, 0x01, 0x9f, 0xff, 0xf9, 0x10, 0x0b, 0xfc, 0x88, 0xdf, 0xb0, 0x2f, 0xd0, 0x00,
    0x1e, 0xf2, 0x00, 0x00, 0x00, 0x0b, 0xf4, 0x00, 0x69, 0xbb, 0xbe, 0xf4, 0x1c, 0xfd, 0xbb, 0xbe,
    0xf4, 0x7f, 0xa0, 0x00, 0x0b, 0xf4, 0xbf, 0x40, 0x00, 0x0b, 0xf4, 0x9f, 0x80, 0x00, 0x3f, 0xf4,
    0x4f, 0xf9, 0x88, 0xed, 0xf4, 0x06, 0xef, 0xfe, 0x6b, 0xf4, 0x00, 0x04, 0x40, 0x00, 0x00, 0x00,
    0x05, 0xbb, 0x60, 0x00, 0x00, 0x2f, 0x86, 0xe5, 0x00, 0x00, 0x4f, 0x00, 0xb8, 0x00, 0x00, 0x2f,
    0x75, 0xe6, 0x00, 0x00, 0x05, 0xbb, 0x80, 0x00, 0x00, 0x00, 0x44, 0x00, 0x00, 0x01, 0x9f, 0xff,
    0xf9, 0x10, 0x0b, 0xfc, 0x88, 0xdf, 0xb0, 0x2f, 0xd0, 0x00, 0x1e, 0xf2, 0x00, 0x00, 0x00, 0x0b,
    0xf4, 0x00, 0x69, 0xbb, 0xbe, 0xf4, 0x1c, 0xfd, 0xbb, 0xbe, 0xf4, 0x7f, 0xa0, 0x00, 0x0b, 0xf4,
    0xbf, 0x40, 0x00, 0x0b, 0xf4, 0x9f, 0x80, 0x00, 0x3f, 0xf4, 0x4f, 0xf9, 0x88, 0xed, 0xf4, 0x06,
    0xef, 0xfe, 0x6b, 0xf4, 0x00, 0x04, 0x40, 0x00, 0x00, 0x00, 0x04, 0x10, 0x01, 0x40, 0x00, 0x03,
    0xef, 0xf8, 0x6f, 0xfe, 0x60, 0x0d, 0xe7, 0x8f, 0xea, 0x6e, 0xe1, 0x0b, 0x80, 0x0c, 0xf0, 0x08,
    0xf4, 0x00, 0x00, 0x0b, 0xf0, 0x08, 0xf4, 0x00, 0x48, 0x8d, 0xf8, 0x8b, 0xf4, 0x08, 0xff, 0xff,
    0xff, 0xff, 0xf4, 0x2f, 0xb0, 0x0b, 0xf0, 0x00, 0x00, 0x5f, 0x80, 0x0b, 0xf0, 0x00, 0x00, 0x4f,
    0x80, 0x0d, 0xf0, 0x06, 0xb3, 0x1e, 0xe7, 0x8f, 0xda, 0x6e, 0xf2, 0x06, 0xef, 0xf6, 0x6e, 0xfe,
    0x60, 0x00, 0x04, 0x10, 0x01, 0x41, 0x00, 0x00, 0x00, 0x34, 0x10, 0x00, 0x00, 0x8e, 0xff, 0xfa,
    0x10, 0x08, 0xfe, 0x98, 0xdf, 0xc0, 0x1f, 0xf3, 0x00, 0x0b, 0xf6, 0x4f, 0xb0, 0x00, 0x06, 0xb6,
    0x4f, 0xb0, 0x00, 0x00, 0x00, 0x4f, 0xb0, 0x00, 0x00, 0x00, 0x4f, 0xb0, 0x00, 0x00, 0x00, 0x4f,
    0xb0, 0x00, 0x06, 0xb6, 0x1f, 0xf3, 0x00, 0x0b, 0xf6, 0x08, 0xfe, 0x98, 0xdf, 0xc0, 0x00, 0x8e,
    0xff, 0xfa, 0x10, 0x00, 0x04, 0xf7, 0x10, 0x00, 0x00, 0x04, 0x8e, 0xb1, 0x00, 0x00, 0x00, 0x09,
    0xf4, 0x00, 0x00, 0x0b, 0xff, 0xb1, 0x00, 0x00, 0x00, 0x00, 0x00, 0x00, 0x00, 0x8b, 0x50, 0x00,
    0x00, 0x00, 0x3e, 0xe2, 0x00, 0x00, 0x00, 0x04, 0xfc, 0x10, 0x00, 0x00, 0x00, 0x00, 0x00, 0x00,
    0x00, 0x00, 0x44, 0x00, 0x00, 0x00, 0x8e, 0xff, 0xe8, 0x00, 0x08, 0xfc, 0x88, 0xcf, 0x90, 0x2f,
    0xd1, 0x00, 0x1d, 0xf2, 0x5f, 0x80, 0x00, 0x08, 0xf6, 0x8f, 0xb8, 0x88, 0x8b, 0xf8, 0x8f, 0xff,
    0xff, 0xff, 0xf8, 0x8f, 0x80, 0x00, 0x00, 0x00, 0x5f, 0x80, 0x00, 0x00, 0x00, 0x2f, 0xd1, 0x00,
    0x09, 0xb2, 0x08, 0xfd, 0x88, 0xcf, 0xc0, 0x00, 0x8e, 0xff, 0xf9, 0x10, 0x00, 0x00, 0x44, 0x00,
    0x00, 0x00, 0x00, 0x05, 0xb8, 0x00, 0x00, 0x00, 0x2e, 0xe2, 0x00, 0x00, 0x00, 0xcf, 0x40, 0x00,
    0x00, 0x00, 0x00, 0x00, 0x00, 0x00, 0x00, 0x44, 0x00, 0x00, 0x00, 0x8e, 0xff, 0xe8, 0x00, 0x08,
    0xfc, 0x88, 0xcf, 0x90, 0x2f, 0xd1, 0x00, 0x1d, 0xf2, 0x5f, 0x80, 0x00, 0x08, 0xf6, 0x8f, 0xb8,
    0x88, 0x8b, 0xf8, 0x8f, 0xff, 0xff, 0xff, 0xf8, 0x8f, 0x80, 0x00, 0x00, 0x00, 0x5f, 0x80, 0x00,
    0x00, 0x00, 0x2f, 0xd1, 0x00, 0x09, 0xb2, 0x08, 0xfd, 0x88, 0xcf, 0xc0, 0x00, 0x8e, 0xff, 0xf9,
    0x10, 0x00, 0x00, 0x44, 0x00, 0x00, 0x00, 0x03, 0xbb, 0x30, 0x00, 0x00, 0x3e, 0xee, 0xe3, 0x00,
    0x03, 0xee, 0x33, 0xee, 0x30, 0x00, 0x00, 0x00, 0x00, 0x00, 0x00, 0x00, 0x44, 0x00, 0x00, 0x00,
    0x8e, 0xff, 0xe8, 0x00, 0x08, 0xfc, 0x88, 0xcf, 0x90, 0x2f, 0xd1, 0x00, 0x1d, 0xf2, 0x5f, 0x80,
    0x00, 0x08, 0xf6, 0x8f, 0xb8, 0x88, 0x8b, 0xf8, 0x8f, 0xff, 0xff, 0xff, 0xf8, 0x8f, 0x80, 0x00,
    0x00, 0x00, 0x5f, 0x80, 0x00, 0x00, 0x00, 0x2f, 0xd1, 0x00, 0x09, 0xb2, 0x08, 0xfd, 0x88, 0xcf,
    0xc0, 0x00, 0x8e, 0xff, 0xf9, 0x10, 0x00, 0x00, 0x44, 0x00, 0x00, 0x01, 0x85, 0x00, 0x58, 0x10,
    0x08, 0xff, 0x00, 0xff, 0x80, 0x05, 0xfc, 0x00, 0xcf, 0x50, 0x00, 0x00, 0x00, 0x00, 0x00, 0x00,
    0x00, 0x44, 0x00, 0x00, 0x00, 0x8e, 0xff, 0xe8, 0x00, 0x08, 0xfc, 0x88, 0xcf, 0x90, 0x2f, 0xd1,
    0x00, 0x1d, 0xf2, 0x5f, 0x80, 0x00, 0x08, 0xf6, 0x8f, 0xb8, 0x88, 0x8b, 0xf8, 0x8f, 0xff, 0xff,
    0xff, 0xf8, 0x8f, 0x80, 0x00, 0x00, 0x00, 0x5f, 0x80, 0x00, 0x00, 0x00, 0x2f, 0xd1, 0x00, 0x09,
    0xb2, 0x08, 0xfd, 0x88, 0xcf, 0xc0, 0x00, 0x8e, 0xff, 0xf9, 0x10, 0x00, 0x00, 0x44, 0x00, 0x00,
    0x00, 0x6b, 0x80, 0x00, 0x00, 0x00, 0x00, 0xbf, 0x60, 0x00, 0x00, 0x00, 0x01, 0xcf, 0x30, 0x00,
    0x00, 0x00, 0x00, 0x00, 0x00, 0x00, 0x00, 0x00, 0x00, 0x00, 0x00, 0x00, 0xff, 0xff, 0xf8, 0x00,
    0x00, 0x0b, 0xbb, 0xdf, 0x80, 0x00, 0x00, 0x00, 0x08, 0xf8, 0x00, 0x00, 0x00, 0x00, 0x8f, 0x80,
    0x00, 0x00, 0x00, 0x08, 0xf8, 0x00, 0x00, 0x00, 0x00, 0x8f, 0x80, 0x00, 0x00, 0x00, 0x08, 0xf8,
    0x00, 0x00, 0x00, 0x00, 0x8f, 0x80, 0x00, 0x00, 0x00, 0x08, 0xf8, 0x00, 0x00, 0x3b, 0xbb, 0xdf,
    0xdb, 0xbb, 0x04, 0xff, 0xff, 0xff, 0xff, 0xf0, 0x00, 0x00, 0x01, 0xba, 0x10, 0x00, 0x00, 0x00,
    0xbf, 0x60, 0x00, 0x00, 0x00, 0x8f, 0x80, 0x00, 0x00, 0x00, 0x00, 0x00, 0x00, 0x00, 0x00, 0x00,
    0x00, 0x00, 0x00, 0x00, 0xff, 0xff, 0xf8, 0x00, 0x00, 0x0b, 0xbb, 0xdf, 0x80, 0x00, 0x00, 0x00,
    0x08, 0xf8, 0x00, 0x00, 0x00, 0x00, 0x8f, 0x80, 0x00, 0x00, 0x00, 0x08, 0xf8, 0x00, 0x00, 0x00,
    0x00, 0x8f, 0x80, 0x00, 0x00, 0x00, 0x08, 0xf8, 0x00, 0x00, 0x00, 0x00, 0x8f, 0x80, 0x00, 0x00,
    0x00, 0x08, 0xf8, 0x00, 0x00, 0x3b, 0xbb, 0xdf, 0xdb, 0xbb, 0x04, 0xff, 0xff, 0xff, 0xff, 0xf0,
    0x00, 0x01, 0xab, 0x60, 0x00, 0x00, 0x01, 0xcf, 0xbf, 0x60, 0x00, 0x01, 0xcf, 0x60, 0x9f, 0x60,
    0x00, 0x00, 0x00, 0x00, 0x00, 0x00, 0x00, 0x00, 0x00, 0x00, 0x00, 0x00, 0xff, 0xff, 0xf8, 0x00,
    0x00, 0x0b, 0xbb, 0xdf, 0x80, 0x00, 0x00, 0x00, 0x08, 0xf8, 0x00, 0x00, 0x00, 0x00, 0x8f, 0x80,
    0x00, 0x00, 0x00, 0x08, 0xf8, 0x00, 0x00, 0x00, 0x00, 0x8f, 0x80, 0x00, 0x00, 0x00, 0x08, 0xf8,
    0x00, 0x00, 0x00, 0x00, 0x8f, 0x80, 0x00, 0x00, 0x00, 0x08, 0xf8, 0x00, 0x00, 0x3b, 0xbb, 0xdf,
    0xdb, 0xbb, 0x04, 0xff, 0xff, 0xff, 0xff, 0xf0, 0x00, 0x77, 0x10, 0x38, 0x40, 0x00, 0x4f, 0xf6,
    0x0b, 0xfd, 0x00, 0x02, 0xee, 0x20, 0x8f, 0x80, 0x00, 0x00, 0x00, 0x00, 0x00, 0x00, 0x00, 0x00,
    0x00, 0x00, 0x00, 0x00, 0xff, 0xff, 0xf8, 0x00, 0x00, 0x0b, 0xbb, 0xdf, 0x80, 0x00, 0x00, 0x00,
    0x08, 0xf8, 0x00, 0x00, 0x00, 0x00, 0x8f, 0x80, 0x00, 0x00, 0x00, 0x08, 0xf8, 0x00, 0x00, 0x00,
    0x00, 0x8f, 0x80, 0x00, 0x00, 0x00, 0x08, 0xf8, 0x00, 0x00, 0x00, 0x00, 0x8f, 0x80, 0x00, 0x00,
    0x00, 0x08, 0xf8, 0x00, 0x00, 0x3b, 0xbb, 0xdf, 0xdb, 0xbb, 0x04, 0xff, 0xff, 0xff, 0xff, 0xf0,
    0x00, 0x58, 0x50, 0x06, 0x30, 0x00, 0x1e, 0xf9, 0xdf, 0x40, 0x00, 0x2b, 0xff, 0xb5, 0x00, 0x08,
    0xff, 0xcf, 0xa0, 0x00, 0x0a, 0x82, 0x0c, 0xf5, 0x00, 0x00, 0x00, 0x03, 0xee, 0x10, 0x00, 0x5a,
    0xb9, 0x8f, 0x90, 0x09, 0xff, 0xdd, 0xdf, 0xf1, 0x4f, 0xe4, 0x00, 0x4e, 0xf7, 0x8f, 0x80, 0x00,
    0x08, 0xf9, 0xbf, 0x40, 0x00, 0x04, 0xfb, 0x9f, 0x60, 0x00, 0x06, 0xf9, 0x6f, 0xd1, 0x00, 0x1d,
    0xf5, 0x0b, 0xfe, 0x88, 0xef, 0xb0, 0x01, 0x8e, 0xff, 0xe8, 0x10, 0x00, 0x00, 0x33, 0x00, 0x00,
    0x00, 0x49, 0x71, 0x08, 0x20, 0x01, 0xec, 0xec, 0x5f, 0x40, 0x04, 0xf4, 0x1c, 0xfb, 0x10, 0x00,
    0x00, 0x00, 0x00, 0x00, 0x00, 0x00, 0x14, 0x20, 0x00, 0x4f, 0xb6, 0xff, 0xfb, 0x10, 0x4f, 0xde,
    0x88, 0xdf, 0xb0, 0x4f, 0xf3, 0x00, 0x1e, 0xf3, 0x4f, 0xb0, 0x00, 0x0b, 0xf4, 0x4f, 0xb0, 0x00,
    0x0b, 0xf4, 0x4f, 0xb0, 0x00, 0x0b, 0xf4, 0x4f, 0xb0, 0x00, 0x0b, 0xf4, 0x4f, 0xb0, 0x00, 0x0b,
    0xf4, 0x4f, 0xb0, 0x00, 0x0b, 0xf4, 0x4f, 0xb0, 0x00, 0x0b, 0xf4, 0x4f, 0xb0, 0x00, 0x0b, 0xf4,
    0x00, 0x8b, 0x50, 0x00, 0x00, 0x00, 0x3e, 0xe2, 0x00, 0x00, 0x00, 0x04, 0xfc, 0x10, 0x00, 0x00,
    0x00, 0x00, 0x00, 0x00, 0x00, 0x00, 0x33, 0x00, 0x00, 0x00, 0x8e, 0xff, 0xe8, 0x00, 0x08, 0xfe,
    0x99, 0xef, 0x80, 0x2f, 0xe1, 0x00, 0x1e, 0xf2, 0x5f, 0x90, 0x00, 0x09, 0xf5, 0x8f, 0x80, 0x00,
    0x08, 0xf8, 0x8f, 0x80, 0x00, 0x08, 0xf8, 0x8f, 0x80, 0x00, 0x08, 0xf8, 0x5f, 0x90, 0x00, 0x09,
    0xf5, 0x2f, 0xe1, 0x00, 0x1e, 0xf2, 0x08, 0xfe, 0x99, 0xef, 0x80, 0x00, 0x8e, 0xff, 0xe8, 0x00,
    0x00, 0x00, 0x33, 0x00, 0x00, 0x00, 0x00, 0x05, 0xb8, 0x00, 0x00, 0x00, 0x2e, 0xe2, 0x00, 0x00,
    0x00, 0xcf, 0x40, 0x00, 0x00, 0x00, 0x00, 0x00, 0x00, 0x00, 0x00, 0x33, 0x00, 0x00, 0x00, 0x8e,
    0xff, 0xe8, 0x00, 0x08, 0xfe, 0x99, 0xef, 0x80, 0x2f, 0xe1, 0x00, 0x1e, 0xf2, 0x5f, 0x90, 0x00,
    0x09, 0xf5, 0x8f, 0x80, 0x00, 0x08, 0xf8, 0x8f, 0x80, 0x00, 0x08, 0xf8, 0x8f, 0x80, 0x00, 0x08,
    0xf8, 0x5f, 0x90, 0x00, 0x09, 0xf5, 0x2f, 0xe1, 0x00, 0x1e, 0xf2, 0x08, 0xfe, 0x99, 0xef, 0x80,
    0x00, 0x8e, 0xff, 0xe8, 0x00, 0x00, 0x00, 0x33, 0x00, 0x00, 0x00, 0x03, 0xbb, 0x30, 0x00, 0x00,
    0x3e, 0xee, 0xe3, 0x00, 0x03, 0xee, 0x33, 0xee, 0x30, 0x00, 0x00, 0x00, 0x00, 0x00, 0x00, 0x00,
    0x33, 0x00, 0x00, 0x00, 0x8e, 0xff, 0xe8, 0x00, 0x08, 0xfe, 0x99, 0xef, 0x80, 0x2f, 0xe1, 0x00,
    0x1e, 0xf2, 0x5f, 0x90, 0x00, 0x09, 0xf5, 0x8f, 0x80, 0x00, 0x08, 0xf8, 0x8f, 0x80, 0x00, 0x08,
    0xf8, 0x8f, 0x80, 0x00, 0x08, 0xf8, 0x5f, 0x90, 0x00, 0x09, 0xf5, 0x2f, 0xe1, 0x00, 0x1e, 0xf2,
    0x08, 0xfe, 0x99, 0xef, 0x80, 0x00, 0x8e, 0xff, 0xe8, 0x00, 0x00, 0x00, 0x33, 0x00, 0x00, 0x00,
    0x5a, 0x70, 0x08, 0x20, 0x02, 0xfc, 0xea, 0x6f, 0x40, 0x04, 0xf0, 0x3d, 0xfb, 0x00, 0x00, 0x00,
    0x00, 0x00, 0x00, 0x00, 0x00, 0x33, 0x00, 0x00, 0x00, 0x8e, 0xff, 0xe8, 0x00, 0x08, 0xfe, 0x99,
    0xef, 0x80, 0x2f, 0xe1, 0x00, 0x1e, 0xf2, 0x5f, 0x90, 0x00, 0x09, 0xf5, 0x8f, 0x80, 0x00, 0x08,
    0xf8, 0x8f, 0x80, 0x00, 0x08, 0xf8, 0x8f, 0x80, 0x00, 0x08, 0xf8, 0x5f, 0x90, 0x00, 0x09, 0xf5,
    0x2f, 0xe1, 0x00, 0x1e, 0xf2, 0x08, 0xfe, 0x99, 0xef, 0x80, 0x00, 0x8e, 0xff, 0xe8, 0x00, 0x00,
    0x00, 0x33, 0x00, 0x00, 0x01, 0x85, 0x00, 0x58, 0x10, 0x08, 0xff, 0x00, 0xff, 0x80, 0x05, 0xfc,
    0x00, 0xcf, 0x50, 0x00, 0x00, 0x00, 0x00, 0x00, 0x00, 0x00, 0x33, 0x00, 0x00, 0x00, 0x8e, 0xff,
    0xe8, 0x00, 0x08, 0xfe, 0x99, 0xef, 0x80, 0x2f, 0xe1, 0x00, 0x1e, 0xf2, 0x5f, 0x90, 0x00, 0x09,
    0xf5, 0x8f, 0x80, 0x00, 0x08, 0xf8, 0x8f, 0x80, 0x00, 0x08, 0xf8, 0x8f, 0x80, 0x00, 0x08, 0xf8,
    0x5f, 0x90, 0x00, 0x09, 0xf5, 0x2f, 0xe1, 0x00, 0x1e, 0xf2, 0x08, 0xfe, 0x99, 0xef, 0x80, 0x00,
    0x8e, 0xff, 0xe8, 0x00, 0x00, 0x00, 0x33, 0x00, 0x00, 0x00, 0x03, 0x30, 0x00, 0x00, 0x8f, 0xf8,
    0x00, 0x00, 0xaf, 0xfa, 0x00, 0x00, 0x3b, 0xb3, 0x00, 0x00, 0x00, 0x00, 0x00, 0x88, 0x88, 0x88,
    0x88, 0xff, 0xff, 0xff, 0xff, 0x44, 0x44, 0x44, 0x44, 0x00, 0x00, 0x00, 0x00, 0x00, 0x5f, 0xf5,
    0x00, 0x00, 0xbf, 0xfb, 0x00, 0x00, 0x5e, 0xe5, 0x00, 0x00, 0x00, 0x04, 0x40, 0x09, 0xa1, 0x00,
    0x08, 0xff, 0xff, 0xcf, 0x70, 0x00, 0x8f, 0xd8, 0x8d, 0xfc, 0x00, 0x02, 0xfd, 0x10, 0x1d, 0xff,
    0x20, 0x04, 0xf8, 0x00, 0x8f, 0xcf, 0x40, 0x04, 0xf8, 0x05, 0xf8, 0x8f, 0x40, 0x04, 0xf8, 0x1e,
    0xc1, 0x8f, 0x40, 0x04, 0xf8, 0xbf, 0x30, 0x8f, 0x40, 0x04, 0xfd, 0xf7, 0x00, 0x8f, 0x40, 0x02,
    0xff, 0xb0, 0x01, 0xdf, 0x20, 0x00, 0xdf, 0xe8, 0x8e, 0xf8, 0x00, 0x08, 0xfa, 0xff, 0xff, 0x80,
    0x00, 0x18, 0x70, 0x04, 0x40, 0x00, 0x00, 0x00, 0x8b, 0x50, 0x00, 0x00, 0x00, 0x3e, 0xe2, 0x00,
    0x00, 0x00, 0x04, 0xfc, 0x10, 0x00, 0x00, 0x00, 0x00, 0x00, 0x00, 0x00, 0x00, 0x00, 0x00, 0x00,
    0x4f, 0xb0, 0x00, 0x0b, 0xf4, 0x4f, 0xb0, 0x00, 0x0b, 0xf4, 0x4f, 0xb0, 0x00, 0x0b, 0xf4, 0x4f,
    0xb0, 0x00, 0x0b, 0xf4, 0x4f, 0xb0, 0x00, 0x0b, 0xf4, 0x4f, 0xb0, 0x00, 0x0b, 0xf4, 0x4f, 0xb0,
    0x00, 0x0b, 0xf4, 0x4f, 0xb0, 0x00, 0x0b, 0xf4, 0x1f, 0xf3, 0x00, 0x3f, 0xf1, 0x08, 0xfe, 0x88,
    0xef, 0x80, 0x00, 0x8e, 0xff, 0xe8, 0x00, 0x00, 0x00, 0x44, 0x00, 0x00, 0x00, 0x00, 0x05, 0xb8,
    0x00, 0x00, 0x00, 0x2e, 0xe2, 0x00, 0x00, 0x00, 0xcf, 0x40, 0x00, 0x00, 0x00, 0x00, 0x00, 0x00,
    0x00, 0x00, 0x00, 0x00, 0x00, 0x4f, 0xb0, 0x00, 0x0b, 0xf4, 0x4f, 0xb0, 0x00, 0x0b, 0xf4, 0x4f,
    0xb0, 0x00, 0x0b, 0xf4, 0x4f, 0xb0, 0x00, 0x0b, 0xf4, 0x4f, 0xb0, 0x00, 0x0b, 0xf4, 0x4f, 0xb0,
    0x00, 0x0b, 0xf4, 0x4f, 0xb0, 0x00, 0x0b, 0xf4, 0x4f, 0xb0, 0x00, 0x0b, 0xf4, 0x1f, 0xf3, 0x00,
    0x3f, 0xf1, 0x08, 0xfe, 0x88, 0xef, 0x80, 0x00, 0x8e, 0xff, 0xe8, 0x00, 0x00, 0x00, 0x44, 0x00,
    0x00, 0x00, 0x03, 0xbb, 0x30, 0x00, 0x00, 0x3e, 0xee, 0xe3, 0x00, 0x03, 0xee, 0x33, 0xee, 0x30,
    0x00, 0x00, 0x00, 0x00, 0x00, 0x00, 0x00, 0x00, 0x00, 0x00, 0x4f, 0xb0, 0x00, 0x0b, 0xf4, 0x4f,
    0xb0, 0x00, 0x0b, 0xf4, 0x4f, 0xb0, 0x00, 0x0b, 0xf4, 0x4f, 0xb0, 0x00, 0x0b, 0xf4, 0x4f, 0xb0,
    0x00, 0x0b, 0xf4, 0x4f, 0xb0, 0x00, 0x0b, 0xf4, 0x4f, 0xb0, 0x00, 0x0b, 0xf4, 0x4f, 0xb0, 0x00,
    0x0b, 0xf4, 0x1f, 0xf3, 0x00, 0x3f, 0xf1, 0x08, 0xfe, 0x88, 0xef, 0x80, 0x00, 0x8e, 0xff, 0xe8,
    0x00, 0x00, 0x00, 0x44, 0x00, 0x00, 0x01, 0x85, 0x00, 0x58, 0x10, 0x08, 0xff, 0x00, 0xff, 0x80,
    0x05, 0xfc, 0x00, 0xcf, 0x50, 0x00, 0x00, 0x00, 0x00, 0x00, 0x00, 0x00, 0x00, 0x00, 0x00, 0x4f,
    0xb0, 0x00, 0x0b, 0xf4, 0x4f, 0xb0, 0x00, 0x0b, 0xf4, 0x4f, 0xb0, 0x00, 0x0b, 0xf4, 0x4f, 0xb0,
    0x00, 0x0b, 0xf4, 0x4f, 0xb0, 0x00, 0x0b, 0xf4, 0x4f, 0xb0, 0x00, 0x0b, 0xf4, 0x4f, 0xb0, 0x00,
    0x0b, 0xf4, 0x4f, 0xb0, 0x00, 0x0b, 0xf4, 0x1f, 0xf3, 0x00, 0x3f, 0xf1, 0x08, 0xfe, 0x88, 0xef,
    0x80, 0x00, 0x8e, 0xff, 0xe8, 0x00, 0x00, 0x00, 0x44, 0x00, 0x00, 0x00, 0x00, 0x05, 0xb8, 0x00,
    0x00, 0x00, 0x02, 0xee, 0x20, 0x00, 0x00, 0x00, 0xcf, 0x40, 0x00, 0x00, 0x00, 0x00, 0x00, 0x00,
    0x00, 0x00, 0x00, 0x00, 0x00, 0x00, 0x0c, 0xf5, 0x00, 0x00, 0x4f, 0xd0, 0x6f, 0x90, 0x00, 0x09,
    0xf7, 0x01, 0xef, 0x10, 0x00, 0xef, 0x20, 0x09, 0xf7, 0x00, 0x5f, 0xa0, 0x00, 0x3f, 0xc0, 0x0a,
    0xf6, 0x00, 0x00, 0xcf, 0x31, 0xfe, 0x00, 0x00, 0x06, 0xf9, 0x6f, 0x90, 0x00, 0x00, 0x1f, 0xea,
    0xf3, 0x00, 0x00, 0x00, 0x9f, 0xed, 0x00, 0x00, 0x00, 0x04, 0xff, 0x70, 0x00, 0x00, 0x00, 0x0f,
    0xf2, 0x00, 0x00, 0x00, 0x06, 0xfa, 0x00, 0x00, 0x00, 0x00, 0xaf, 0x60, 0x00, 0x00, 0x00, 0x2f,
    0xe0, 0x00, 0x00, 0x00, 0x03, 0x86, 0x00, 0x00, 0x00, 0x28, 0x60, 0x00, 0x00, 0x00, 0x4f, 0xb0,
    0x00, 0x00, 0x00, 0x4f, 0xb0, 0x00, 0x00, 0x00, 0x4f, 0xb0, 0x14, 0x20, 0x00, 0x4f, 0xb6, 0xff,
    0xfb, 0x10, 0x4f, 0xae, 0x88, 0xdf, 0xa0, 0x4f, 0xe1, 0x00, 0x1e, 0xf2, 0x4f, 0xb0, 0x00, 0x0b,
    0xf4, 0x4f, 0xb0, 0x00, 0x0b, 0xf4, 0x4f, 0xb0, 0x00, 0x0b, 0xf4, 0x4f, 0xb0, 0x00, 0x0b, 0xf4,
    0x4f, 0xb0, 0x00, 0x0b, 0xf4, 0x4f, 0xe1, 0x00, 0x1e, 0xf1, 0x4f, 0xee, 0x88, 0xdf, 0xa0, 0x4f,
    0xb6, 0xff, 0xfb, 0x10, 0x4f, 0xb0, 0x14, 0x20, 0x00, 0x4f, 0xb0, 0x00, 0x00, 0x00, 0x4f, 0xb0,
    0x00, 0x00, 0x00, 0x28, 0x60, 0x00, 0x00, 0x00, 0x01, 0x85, 0x00, 0x58, 0x10, 0x00, 0x8f, 0xf0,
    0x0f, 0xf8, 0x00, 0x05, 0xfc, 0x00, 0xcf, 0x50, 0x00, 0x00, 0x00, 0x00, 0x00, 0x00, 0x00, 0x00,
    0x00, 0x00, 0x00, 0x0c, 0xf5, 0x00, 0x00, 0x4f, 0xd0, 0x6f, 0x90, 0x00, 0x09, 0xf7, 0x01, 0xef,
    0x10, 0x00, 0xef, 0x20, 0x09, 0xf7, 0x00, 0x5f, 0xa0, 0x00, 0x3f, 0xc0, 0x0a, 0xf6, 0x00, 0x00,
    0xcf, 0x31, 0xfe, 0x00, 0x00, 0x06, 0xf9, 0x6f, 0x90, 0x00, 0x00, 0x1f, 0xea, 0xf3, 0x00, 0x00,
    0x00, 0x9f, 0xed, 0x00, 0x00, 0x00, 0x04, 0xff, 0x70, 0x00, 0x00, 0x00, 0x0f, 0xf2, 0x00, 0x00,
    0x00, 0x06, 0xfa, 0x00, 0x00, 0x00, 0x00, 0xaf, 0x60, 0x00, 0x00, 0x00, 0x2f, 0xe0, 0x00, 0x00,
    0x00, 0x03, 0x86, 0x00, 0x00, 0x00, 0x00, 0x14, 0x44, 0x44, 0x41, 0x00, 0x00, 0x4f, 0xff, 0xff,
    0xf4, 0x00, 0x00, 0x14, 0x44, 0x44, 0x41, 0x00, 0x00, 0x00, 0x00, 0x00, 0x00, 0x00, 0x00, 0x00,
    0x38, 0x84, 0x00, 0x00, 0x00, 0x00, 0x8f, 0xf9, 0x00, 0x00, 0x00, 0x00, 0xde, 0xed, 0x00, 0x00,
    0x00, 0x02, 0xfa, 0xaf, 0x20, 0x00, 0x00, 0x06, 0xf8, 0x8f, 0x60, 0x00, 0x00, 0x09, 0xf4, 0x4f,
    0x90, 0x00, 0x00, 0x0d, 0xf0, 0x0f, 0xd0, 0x00, 0x00, 0x2f, 0xb0, 0x0b, 0xf2, 0x00, 0x00, 0x6f,
    0x80, 0x08, 0xf6, 0x00, 0x00, 0x9f, 0x98, 0x89, 0xfa, 0x00, 0x00, 0xef, 0xff, 0xff, 0xfe, 0x00,
    0x03, 0xfc, 0x44, 0x44, 0xcf, 0x30, 0x07, 0xf8, 0x00, 0x00, 0x8f, 0x70, 0x0a, 0xf5, 0x00, 0x00,
    0x5f, 0xa0, 0x0e, 0xf1, 0x00, 0x00, 0x1f, 0xe0, 0x04, 0xff, 0xff, 0xff, 0x40, 0x03, 0xbb, 0xbb,
    0xbb, 0x30, 0x00, 0x00, 0x00, 0x00, 0x00, 0x00, 0x00, 0x44, 0x00, 0x00, 0x01, 0x9f, 0xff, 0xf9,
    0x10, 0x0b, 0xfc, 0x88, 0xdf, 0xb0, 0x2f, 0xd0, 0x00, 0x1e, 0xf2, 0x00, 0x00, 0x00, 0x0b, 0xf4,
    0x00, 0x69, 0xbb, 0xbe, 0xf4, 0x1c, 0xfd, 0xbb, 0xbe, 0xf4, 0x7f, 0xa0, 0x00, 0x0b, 0xf4, 0xbf,
    0x40, 0x00, 0x0b, 0xf4, 0x9f, 0x80, 0x00, 0x3f, 0xf4, 0x4f, 0xf9, 0x88, 0xed, 0xf4, 0x06, 0xef,
    0xfe, 0x6b, 0xf4, 0x00, 0x04, 0x40, 0x00, 0x00, 0x00, 0x4f, 0x60, 0x06, 0xf4, 0x00, 0x00, 0x0c,
    0xe6, 0x6e, 0xc0, 0x00, 0x00, 0x01, 0x9e, 0xe9, 0x10, 0x00, 0x00, 0x00, 0x00, 0x00, 0x00, 0x00,
    0x00, 0x00, 0x38, 0x84, 0x00, 0x00, 0x00, 0x00, 0x8f, 0xf9, 0x00, 0x00, 0x00, 0x00, 0xde, 0xed,
    0x00, 0x00, 0x00, 0x02, 0xfa, 0xaf, 0x20, 0x00, 0x00, 0x06, 0xf8, 0x8f, 0x60, 0x00, 0x00, 0x09,
    0xf4, 0x4f, 0x90, 0x00, 0x00, 0x0d, 0xf0, 0x0f, 0xd0, 0x00, 0x00, 0x2f, 0xb0, 0x0b, 0xf2, 0x00,
    0x00, 0x6f, 0x80, 0x08, 0xf6, 0x00, 0x00, 0x9f, 0x98, 0x89, 0xfa, 0x00, 0x00, 0xef, 0xff, 0xff,
    0xfe, 0x00, 0x03, 0xfc, 0x44, 0x44, 0xcf, 0x30, 0x07, 0xf8, 0x00, 0x00, 0x8f, 0x70, 0x0a, 0xf5,
    0x00, 0x00, 0x5f, 0xa0, 0x0e, 0xf1, 0x00, 0x00, 0x1f, 0xe0, 0x03, 0xb6, 0x00, 0x3b, 0x40, 0x00,
    0xec, 0x21, 0x9f, 0x20, 0x00, 0x3d, 0xff, 0xe6, 0x00, 0x00, 0x00, 0x34, 0x00, 0x00, 0x00, 0x00,
    0x44, 0x00, 0x00, 0x01, 0x9f, 0xff, 0xf9, 0x10, 0x0b, 0xfc, 0x88, 0xdf, 0xb0, 0x2f, 0xd0, 0x00,
    0x1e, 0xf2, 0x00, 0x00, 0x00, 0x0b, 0xf4, 0x00, 0x69, 0xbb, 0xbe, 0xf4, 0x1c, 0xfd, 0xbb, 0xbe,
    0xf4, 0x7f, 0xa0, 0x00, 0x0b, 0xf4, 0xbf, 0x40, 0x00, 0x0b, 0xf4, 0x9f, 0x80, 0x00, 0x3f, 0xf4,
    0x4f, 0xf9, 0x88, 0xed, 0xf4, 0x06, 0xef, 0xfe, 0x6b, 0xf4, 0x00, 0x04, 0x40, 0x00, 0x00, 0x00,
    0x00, 0x38, 0x84, 0x00, 0x00, 0x00, 0x00, 0x8f, 0xf9, 0x00, 0x00, 0x00, 0x00, 0xde, 0xed, 0x00,
    0x00, 0x00, 0x02, 0xfa, 0xaf, 0x20, 0x00, 0x00, 0x06, 0xf8, 0x8f, 0x60, 0x00, 0x00, 0x09, 0xf4,
    0x4f, 0x90, 0x00, 0x00, 0x0d, 0xf0, 0x0f, 0xd0, 0x00, 0x00, 0x2f, 0xb0, 0x0b, 0xf2, 0x00, 0x00,
    0x6f, 0x80, 0x08, 0xf6, 0x00, 0x00, 0x9f, 0x98, 0x89, 0xfa, 0x00, 0x00, 0xef, 0xff, 0xff, 0xfe,
    0x00, 0x03, 0xfc, 0x44, 0x44, 0xcf, 0x30, 0x07, 0xf8, 0x00, 0x00, 0x8f, 0x70, 0x0a, 0xf5, 0x00,
    0x00, 0x5f, 0xa0, 0x0e, 0xf1, 0x00, 0x00, 0x1f, 0xe0, 0x00, 0x00, 0x00, 0x00, 0x9e, 0x30, 0x00,
    0x00, 0x00, 0x04, 0xf7, 0x00, 0x00, 0x00, 0x00, 0x07, 0xfa, 0x43, 0x00, 0x00, 0x00, 0x01, 0xbf,
    0xfb, 0x00, 0x00, 0x00, 0x00, 0x00, 0x00, 0x00, 0x00, 0x44, 0x00, 0x00, 0x00, 0x19, 0xff, 0xff,
    0x91, 0x00, 0x0b, 0xfc, 0x88, 0xdf, 0xb0, 0x02, 0xfd, 0x00, 0x01, 0xef, 0x20, 0x00, 0x00, 0x00,
    0x0b, 0xf4, 0x00, 0x06, 0x9b, 0xbb, 0xef, 0x40, 0x1c, 0xfd, 0xbb, 0xbe, 0xf4, 0x07, 0xfa, 0x00,
    0x00, 0xbf, 0x40, 0xbf, 0x40, 0x00, 0x0b, 0xf4, 0x09, 0xf8, 0x00, 0x03, 0xff, 0x40, 0x4f, 0xf9,
    0x88, 0xed, 0xf4, 0x00, 0x6e, 0xff, 0xe6, 0xbf, 0x40, 0x00, 0x04, 0x40, 0x1c, 0xa1, 0x00, 0x00,
    0x00, 0x09, 0xf1, 0x00, 0x00, 0x00, 0x00, 0xbf, 0x74, 0x10, 0x00, 0x00, 0x03, 0xef, 0xf4, 0x00,
    0x00, 0x00, 0x00, 0x00, 0x00, 0x00, 0x00, 0x07, 0xfa, 0x00, 0x00, 0x00, 0x3f, 0xc1, 0x00, 0x00,
    0x00, 0x9b, 0x30, 0x00, 0x00, 0x00, 0x00, 0x00, 0x00, 0x00, 0x28, 0xbb, 0x94, 0x00, 0x03, 0xef,
    0xff, 0xff, 0x70, 0x0d, 0xf8, 0x10, 0x4e, 0xf2, 0x3f, 0xd0, 0x00, 0x08, 0xf8, 0x4f, 0xb0, 0x00,
    0x04, 0x84, 0x4f, 0xb0, 0x00, 0x00, 0x00, 0x4f, 0xb0, 0x00, 0x00, 0x00, 0x4f, 0xb0, 0x00, 0x00,
    0x00, 0x4f, 0xb0, 0x00, 0x00, 0x00, 0x4f, 0xb0, 0x00, 0x00, 0x00, 0x4f, 0xb0, 0x00, 0x00, 0x00,
    0x4f, 0xb0, 0x00, 0x08, 0xf8, 0x0f, 0xf3, 0x00, 0x1d, 0xf5, 0x08, 0xfe, 0x98, 0xdf, 0xc0, 0x00,
    0x8e, 0xff, 0xf9, 0x10, 0x00, 0x00, 0x34, 0x10, 0x00, 0x00, 0x00, 0x03, 0xba, 0x00, 0x00, 0x00,
    0x1c, 0xf3, 0x00, 0x00, 0x00, 0x9f, 0x60, 0x00, 0x00, 0x00, 0x00, 0x00, 0x00, 0x00, 0x00, 0x34,
    0x10, 0x00, 0x00, 0x8e, 0xff, 0xfa, 0x10, 0x08, 0xfe, 0x98, 0xdf, 0xc0, 0x1f, 0xf3, 0x00, 0x0b,
    0xf6, 0x4f, 0xb0, 0x00, 0x06, 0xb6, 0x4f, 0xb0, 0x00, 0x00, 0x00, 0x4f, 0xb0, 0x00, 0x00, 0x00,
    0x4f, 0xb0, 0x00, 0x00, 0x00, 0x4f, 0xb0, 0x00, 0x06, 0xb6, 0x1f, 0xf3, 0x00, 0x0b, 0xf6, 0x08,
    0xfe, 0x98, 0xdf, 0xc0, 0x00, 0x8e, 0xff, 0xfa, 0x10, 0x00, 0x00, 0x34, 0x10, 0x00, 0x00, 0x06,
    0xff, 0x60, 0x00, 0x00, 0x6f, 0xc9, 0xf6, 0x00, 0x03, 0xba, 0x10, 0x8b, 0x30, 0x00, 0x00, 0x00,
    0x00, 0x00, 0x00, 0x28, 0xbb, 0x94, 0x00, 0x03, 0xef, 0xff, 0xff, 0x70, 0x0d, 0xf8, 0x10, 0x4e,
    0xf2, 0x3f, 0xd0, 0x00, 0x08, 0xf8, 0x4f, 0xb0, 0x00, 0x04, 0x84, 0x4f, 0xb0, 0x00, 0x00, 0x00,
    0x4f, 0xb0, 0x00, 0x00, 0x00, 0x4f, 0xb0, 0x00, 0x00, 0x00, 0x4f, 0xb0, 0x00, 0x00, 0x00, 0x4f,
    0xb0, 0x00, 0x00, 0x00, 0x4f, 0xb0, 0x00, 0x00, 0x00, 0x4f, 0xb0, 0x00, 0x08, 0xf8, 0x0f, 0xf3,
    0x00, 0x1d, 0xf5, 0x08, 0xfe, 0x98, 0xdf, 0xc0, 0x00, 0x8e, 0xff, 0xf9, 0x10, 0x00, 0x00, 0x34,
    0x10, 0x00, 0x00, 0x01, 0xab, 0x60, 0x00, 0x00, 0x1c, 0xec, 0xf6, 0x00, 0x01, 0xce, 0x31, 0xcf,
    0x60, 0x00, 0x00, 0x00, 0x00, 0x00, 0x00, 0x00, 0x34, 0x10, 0x00, 0x00, 0x8e, 0xff, 0xfa, 0x10,
    0x08, 0xfe, 0x98, 0xdf, 0xc0, 0x1f, 0xf3, 0x00, 0x0b, 0xf6, 0x4f, 0xb0, 0x00, 0x06, 0xb6, 0x4f,
    0xb0, 0x00, 0x00, 0x00, 0x4f, 0xb0, 0x00, 0x00, 0x00, 0x4f, 0xb0, 0x00, 0x00, 0x00, 0x4f, 0xb0,
    0x00, 0x06, 0xb6, 0x1f, 0xf3, 0x00, 0x0b, 0xf6, 0x08, 0xfe, 0x98, 0xdf, 0xc0, 0x00, 0x8e, 0xff,
    0xfa, 0x10, 0x00, 0x00, 0x34, 0x10, 0x00, 0x00, 0x02, 0xcd, 0x30, 0x00, 0x00, 0x05, 0xff, 0x80,
    0x00, 0x00, 0x01, 0x9a, 0x30, 0x00, 0x00, 0x00, 0x00, 0x00, 0x00, 0x00, 0x28, 0xbb, 0x94, 0x00,
    0x03, 0xef, 0xff, 0xff, 0x70, 0x0d, 0xf8, 0x10, 0x4e, 0xf2, 0x3f, 0xd0, 0x00, 0x08, 0xf8, 0x4f,
    0xb0, 0x00, 0x04, 0x84, 0x4f, 0xb0, 0x00, 0x00, 0x00, 0x4f, 0xb0, 0x00, 0x00, 0x00, 0x4f, 0xb0,
    0x00, 0x00, 0x00, 0x4f, 0xb0, 0x00, 0x00, 0x00, 0x4f, 0xb0, 0x00, 0x00, 0x00, 0x4f, 0xb0, 0x00,
    0x00, 0x00, 0x4f, 0xb0, 0x00, 0x08, 0xf8, 0x0f, 0xf3, 0x00, 0x1d, 0xf5, 0x08, 0xfe, 0x98, 0xdf,
    0xc0, 0x00, 0x8e, 0xff, 0xf9, 0x10, 0x00, 0x00, 0x34, 0x10, 0x00, 0x00, 0x00, 0x78, 0x10, 0x00,
    0x00, 0x04, 0xff, 0x90, 0x00, 0x00, 0x02, 0xef, 0x50, 0x00, 0x00, 0x00, 0x00, 0x00, 0x00, 0x00,
    0x00, 0x34, 0x10, 0x00, 0x00, 0x8e, 0xff, 0xfa, 0x10, 0x08, 0xfe, 0x98, 0xdf, 0xc0, 0x1f, 0xf3,
    0x00, 0x0b, 0xf6, 0x4f, 0xb0, 0x00, 0x06, 0xb6, 0x4f, 0xb0, 0x00, 0x00, 0x00, 0x4f, 0xb0, 0x00,
    0x00, 0x00, 0x4f, 0xb0, 0x00, 0x00, 0x00, 0x4f, 0xb0, 0x00, 0x06, 0xb6, 0x1f, 0xf3, 0x00, 0x0b,
    0xf6, 0x08, 0xfe, 0x98, 0xdf, 0xc0, 0x00, 0x8e, 0xff, 0xfa, 0x10, 0x00, 0x00, 0x34, 0x10, 0x00,
    0x03, 0xee, 0x31, 0xcf, 0x60, 0x00, 0x3e, 0xec, 0xf6, 0x00, 0x00, 0x03, 0xbb, 0x60, 0x00, 0x00,
    0x00, 0x00, 0x00, 0x00, 0x00, 0x28, 0xbb, 0x94, 0x00, 0x03, 0xef, 0xff, 0xff, 0x70, 0x0d, 0xf8,
    0x10, 0x4e, 0xf2, 0x3f, 0xd0, 0x00, 0x08, 0xf8, 0x4f, 0xb0, 0x00, 0x04, 0x84, 0x4f, 0xb0, 0x00,
    0x00, 0x00, 0x4f, 0xb0, 0x00, 0x00, 0x00, 0x4f, 0xb0, 0x00, 0x00, 0x00, 0x4f, 0xb0, 0x00, 0x00,
    0x00, 0x4f, 0xb0, 0x00, 0x00, 0x00, 0x4f, 0xb0, 0x00, 0x00, 0x00, 0x4f, 0xb0, 0x00, 0x08, 0xf8,
    0x0f, 0xf3, 0x00, 0x1d, 0xf5, 0x08, 0xfe, 0x98, 0xdf, 0xc0, 0x00, 0x8e, 0xff, 0xf9, 0x10, 0x00,
    0x00, 0x34, 0x10, 0x00, 0x03, 0xba, 0x10, 0x6b, 0x60, 0x00, 0x6f, 0xc7, 0xf9, 0x00, 0x00, 0x06,
    0xff, 0x90, 0x00, 0x00, 0x00, 0x00, 0x00, 0x00, 0x00, 0x00, 0x34, 0x10, 0x00, 0x00, 0x8e, 0xff,
    0xfa, 0x10, 0x08, 0xfe, 0x98, 0xdf, 0xc0, 0x1f, 0xf3, 0x00, 0x0b, 0xf6, 0x4f, 0xb0, 0x00, 0x06,
    0xb6, 0x4f, 0xb0, 0x00, 0x00, 0x00, 0x4f, 0xb0, 0x00, 0x00, 0x00, 0x4f, 0xb0, 0x00, 0x00, 0x00,
    0x4f, 0xb0, 0x00, 0x06, 0xb6, 0x1f, 0xf3, 0x00, 0x0b, 0xf6, 0x08, 0xfe, 0x98, 0xdf, 0xc0, 0x00,
    0x8e, 0xff, 0xfa, 0x10, 0x00, 0x00, 0x34, 0x10, 0x00, 0x03, 0xec, 0x11, 0xce, 0x30, 0x00, 0x3e,
    0xcc, 0xe3, 0x00, 0x00, 0x03, 0xbb, 0x30, 0x00, 0x00, 0x00, 0x00, 0x00, 0x00, 0x28, 0x88, 0x88,
    0x50, 0x00, 0x4f, 0xff, 0xff, 0xfc, 0x10, 0x4f, 0xc4, 0x44, 0xbf, 0xb0, 0x4f, 0xb0, 0x00, 0x0d,
    0xf3, 0x4f, 0xb0, 0x00, 0x0a, 0xf4, 0x4f, 0xb0, 0x00, 0x08, 0xf4, 0x4f, 0xb0, 0x00, 0x08, 0xf4,
    0x4f, 0xb0, 0x00, 0x08, 0xf4, 0x4f, 0xb0, 0x00, 0x08, 0xf4, 0x4f, 0xb0, 0x00, 0x08, 0xf4, 0x4f,
    0xb0, 0x00, 0x08, 0xf4, 0x4f, 0xb0, 0x00, 0x0c, 0xf4, 0x4f, 0xb0, 0x00, 0x6f, 0xe1, 0x4f, 0xeb,
    0xbd, 0xff, 0x60, 0x4f, 0xff, 0xff, 0xa4, 0x00, 0x00, 0x00, 0x00, 0x68, 0x06, 0x80, 0x00, 0x00,
    0x00, 0xbf, 0x0b, 0xf0, 0x00, 0x00, 0x00, 0xbf, 0x0b, 0xd0, 0x00, 0x14, 0x10, 0xbf, 0x0f, 0xb0,
    0x08, 0xff, 0xf6, 0xbf, 0x00, 0x00, 0x4f, 0xf8, 0x8d, 0xbf, 0x00, 0x00, 0xaf, 0x70, 0x03, 0xff,
    0x00, 0x00, 0xbf, 0x40, 0x00, 0xdf, 0x00, 0x00, 0xbf, 0x40, 0x00, 0xbf, 0x00, 0x00, 0xbf, 0x40,
    0x00, 0xbf, 0x00, 0x00, 0xbf, 0x40, 0x00, 0xbf, 0x00, 0x00, 0xbf, 0x40, 0x00, 0xdf, 0x00, 0x00,
    0xaf, 0x80, 0x03, 0xff, 0x00, 0x00, 0x4f, 0xf8, 0x8d, 0xbf, 0x00, 0x00, 0x08, 0xff, 0xf6, 0xbf,
    0x00, 0x00, 0x00, 0x14, 0x10, 0x00, 0x00, 0x00, 0x02, 0x88, 0x88, 0x85, 0x00, 0x00, 0x4f, 0xff,
    0xff, 0xfc, 0x10, 0x04, 0xfc, 0x44, 0x4b, 0xfb, 0x00, 0x4f, 0xb0, 0x00, 0x0d, 0xf3, 0x04, 0xfb,
    0x00, 0x00, 0xaf, 0x40, 0x4f, 0xb0, 0x00, 0x08, 0xf4, 0x37, 0xfc, 0x43, 0x00, 0x8f, 0x4b, 0xff,
    0xff, 0xb0, 0x08, 0xf4, 0x37, 0xfc, 0x43, 0x00, 0x8f, 0x40, 0x4f, 0xb0, 0x00, 0x08, 0xf4, 0x04,
    0xfb, 0x00, 0x00, 0x8f, 0x40, 0x4f, 0xb0, 0x00, 0x0c, 0xf4, 0x04, 0xfb, 0x00, 0x06, 0xfe, 0x10,
    0x4f, 0xeb, 0xbd, 0xff, 0x60, 0x04, 0xff, 0xff, 0xfa, 0x40, 0x00, 0x00, 0x00, 0x00, 0x06, 0x82,
    0x00, 0x00, 0x00, 0x00, 0xbf, 0x40, 0x00, 0x00, 0xff, 0xff, 0xff, 0xf0, 0x00, 0x0b, 0xbb, 0xef,
    0xcb, 0x00, 0x00, 0x00, 0x0b, 0xf4, 0x00, 0x08, 0xef, 0xc3, 0xbf, 0x40, 0x08, 0xff, 0xbb, 0xeb,
    0xf4, 0x01, 0xff, 0x30, 0x06, 0xff, 0x40, 0x4f, 0xb0, 0x00, 0x0c, 0xf4, 0x04, 0xfb, 0x00, 0x00,
    0xbf, 0x40, 0x4f, 0xb0, 0x00, 0x0b, 0xf4, 0x04, 0xfb, 0x00, 0x00, 0xcf, 0x40, 0x2f, 0xf1, 0x00,
    0x3f, 0xf4, 0x00, 0xbf, 0xd8, 0x8e, 0xcf, 0x40, 0x01, 0xbf, 0xfe, 0x6b, 0xf4, 0x00, 0x00, 0x24,
    0x00, 0x00, 0x00, 0x00, 0x44, 0x44, 0x44, 0x20, 0x00, 0xff, 0xff, 0xff, 0x80, 0x00, 0x44, 0x44,
    0x44, 0x20, 0x00, 0x00, 0x00, 0x00, 0x00, 0x08, 0x88, 0x88, 0x88, 0x84, 0x0f, 0xff, 0xff, 0xff,
    0xf8, 0x0f, 0xf4, 0x44, 0x44, 0x42, 0x0f, 0xf0, 0x00, 0x00, 0x00, 0x0f, 0xf0, 0x00, 0x00, 0x00,
    0x0f, 0xf0, 0x00, 0x00, 0x00, 0x0f, 0xf8, 0x88, 0x88, 0x60, 0x0f, 0xff, 0xff, 0xff, 0xb0, 0x0f,
    0xf4, 0x44, 0x44, 0x30, 0x0f, 0xf0, 0x00, 0x00, 0x00, 0x0f, 0xf0, 0x00, 0x00, 0x00, 0x0f, 0xf0,
    0x00, 0x00, 0x00, 0x0f, 0xf0, 0x00, 0x00, 0x00, 0x0f, 0xfb, 0xbb, 0xbb, 0xb6, 0x0f, 0xff, 0xff,
    0xff, 0xf8, 0x04, 0xff, 0xff, 0xff, 0x40, 0x03, 0xbb, 0xbb, 0xbb, 0x30, 0x00, 0x00, 0x00, 0x00,
    0x00, 0x00, 0x00, 0x44, 0x00, 0x00, 0x00, 0x8e, 0xff, 0xe8, 0x00, 0x08, 0xfc, 0x88, 0xcf, 0x90,
    0x2f, 0xd1, 0x00, 0x1d, 0xf2, 0x5f, 0x80, 0x00, 0x08, 0xf6, 0x8f, 0xb8, 0x88, 0x8b, 0xf8, 0x8f,
    0xff, 0xff, 0xff, 0xf8, 0x8f, 0x80, 0x00, 0x00, 0x00, 0x5f, 0x80, 0x00, 0x00, 0x00, 0x2f, 0xd1,
    0x00, 0x09, 0xb2, 0x08, 0xfd, 0x88, 0xcf, 0xc0, 0x00, 0x8e, 0xff, 0xf9, 0x10, 0x00, 0x00, 0x44,
    0x00, 0x00, 0x00, 0xf8, 0x00, 0x3f, 0x70, 0x00, 0xbe, 0x86, 0xce, 0x20, 0x00, 0x18, 0xde, 0xa3,
    0x00, 0x00, 0x00, 0x00, 0x00, 0x00, 0x08, 0x88, 0x88, 0x88, 0x84, 0x0f, 0xff, 0xff, 0xff, 0xf8,
    0x0f, 0xf4, 0x44, 0x44, 0x42, 0x0f, 0xf0, 0x00, 0x00, 0x00, 0x0f, 0xf0, 0x00, 0x00, 0x00, 0x0f,
    0xf0, 0x00, 0x00, 0x00, 0x0f, 0xf8, 0x88, 0x88, 0x60, 0x0f, 0xff, 0xff, 0xff, 0xb0, 0x0f, 0xf4,
    0x44, 0x44, 0x30, 0x0f, 0xf0, 0x00, 0x00, 0x00, 0x0f, 0xf0, 0x00, 0x00, 0x00, 0x0f, 0xf0, 0x00,
    0x00, 0x00, 0x0f, 0xf0, 0x00, 0x00, 0x00, 0x0f, 0xfb, 0xbb, 0xbb, 0xb6, 0x0f, 0xff, 0xff, 0xff,
    0xf8, 0x03, 0xb3, 0x00, 0x3b, 0x30, 0x01, 0xec, 0x22, 0xce, 0x10, 0x00, 0x5e, 0xff, 0xe5, 0x00,
    0x00, 0x00, 0x44, 0x00, 0x00, 0x00, 0x00, 0x44, 0x00, 0x00, 0x00, 0x8e, 0xff, 0xe8, 0x00, 0x08,
    0xfc, 0x88, 0xcf, 0x90, 0x2f, 0xd1, 0x00, 0x1d, 0xf2, 0x5f, 0x80, 0x00, 0x08, 0xf6, 0x8f, 0xb8,
    0x88, 0x8b, 0xf8, 0x8f, 0xff, 0xff, 0xff, 0xf8, 0x8f, 0x80, 0x00, 0x00, 0x00, 0x5f, 0x80, 0x00,
    0x00, 0x00, 0x2f, 0xd1, 0x00, 0x09, 0xb2, 0x08, 0xfd, 0x88, 0xcf, 0xc0, 0x00, 0x8e, 0xff, 0xf9,
    0x10, 0x00, 0x00, 0x44, 0x00, 0x00, 0x00, 0x01, 0xbd, 0x50, 0x00, 0x00, 0x04, 0xff, 0xa0, 0x00,
    0x00, 0x00, 0x9a, 0x30, 0x00, 0x00, 0x00, 0x00, 0x00, 0x00, 0x08, 0x88, 0x88, 0x88, 0x84, 0x0f,
    0xff, 0xff, 0xff, 0xf8, 0x0f, 0xf4, 0x44, 0x44, 0x42, 0x0f, 0xf0, 0x00, 0x00, 0x00, 0x0f, 0xf0,
    0x00, 0x00, 0x00, 0x0f, 0xf0, 0x00, 0x00, 0x00, 0x0f, 0xf8, 0x88, 0x88, 0x60, 0x0f, 0xff, 0xff,
    0xff, 0xb0, 0x0f, 0xf4, 0x44, 0x44, 0x30, 0x0f, 0xf0, 0x00, 0x00, 0x00, 0x0f, 0xf0, 0x00, 0x00,
    0x00, 0x0f, 0xf0, 0x00, 0x00, 0x00, 0x0f, 0xf0, 0x00, 0x00, 0x00, 0x0f, 0xfb, 0xbb, 0xbb, 0xb6,
    0x0f, 0xff, 0xff, 0xff, 0xf8, 0x00, 0x01, 0x77, 0x10, 0x00, 0x00, 0x07, 0xff, 0x70, 0x00, 0x00,
    0x04, 0xee, 0x40, 0x00, 0x00, 0x00, 0x00, 0x00, 0x00, 0x00, 0x00, 0x44, 0x00, 0x00, 0x00, 0x8e,
    0xff, 0xe8, 0x00, 0x08, 0xfc, 0x88, 0xcf, 0x90, 0x2f, 0xd1, 0x00, 0x1d, 0xf2, 0x5f, 0x80, 0x00,
    0x08, 0xf6, 0x8f, 0xb8, 0x88, 0x8b, 0xf8, 0x8f, 0xff, 0xff, 0xff, 0xf8, 0x8f, 0x80, 0x00, 0x00,
    0x00, 0x5f, 0x80, 0x00, 0x00, 0x00, 0x2f, 0xd1, 0x00, 0x09, 0xb2, 0x08, 0xfd, 0x88, 0xcf, 0xc0,
    0x00, 0x8e, 0xff, 0xf9, 0x10, 0x00, 0x00, 0x44, 0x00, 0x00, 0x08, 0x88, 0x88, 0x88, 0x84, 0x0f,
    0xff, 0xff, 0xff, 0xf8, 0x0f, 0xf4, 0x44, 0x44, 0x42, 0x0f, 0xf0, 0x00, 0x00, 0x00, 0x0f, 0xf0,
    0x00, 0x00, 0x00, 0x0f, 0xf0, 0x00, 0x00, 0x00, 0x0f, 0xf8, 0x88, 0x88, 0x60, 0x0f, 0xff, 0xff,
    0xff, 0xb0, 0x0f, 0xf4, 0x44, 0x44, 0x30, 0x0f, 0xf0, 0x00, 0x00, 0x00, 0x0f, 0xf0, 0x00, 0x00,
    0x00, 0x0f, 0xf0, 0x00, 0x00, 0x00, 0x0f, 0xf0, 0x00, 0x00, 0x00, 0x0f, 0xfb, 0xbb, 0xbb, 0xb6,
    0x0f, 0xff, 0xff, 0xff, 0xf8, 0x00, 0x00, 0x00, 0x9c, 0x10, 0x00, 0x00, 0x06, 0xf5, 0x00, 0x00,
    0x00, 0x08, 0xf9, 0x42, 0x00, 0x00, 0x02, 0xcf, 0xf8, 0x00, 0x00, 0x00, 0x00, 0x00, 0x00, 0x00,
    0x44, 0x00, 0x00, 0x00, 0x8e, 0xff, 0xe8, 0x00, 0x08, 0xfc, 0x88, 0xcf, 0x80, 0x2f, 0xd1, 0x00,
    0x1d, 0xf2, 0x4f, 0x90, 0x00, 0x09, 0xf4, 0x4f, 0xb8, 0x88, 0x8b, 0xf4, 0x4f, 0xff, 0xff, 0xff,
    0xf4, 0x4f, 0x80, 0x00, 0x00, 0x00, 0x4f, 0xa0, 0x00, 0x00, 0x00, 0x2f, 0xd1, 0x00, 0x0a, 0xb2,
    0x08, 0xfd, 0x88, 0xbf, 0xb0, 0x00, 0x8e, 0xff, 0xfa, 0x10, 0x00, 0x00, 0x7f, 0x80, 0x00, 0x00,
    0x00, 0xdc, 0x00, 0x00, 0x00, 0x00, 0xfe, 0x54, 0x00, 0x00, 0x00, 0x6f, 0xff, 0x00, 0x00, 0x00,
    0x00, 0x00, 0x00, 0x03, 0xee, 0x31, 0xcf, 0x60, 0x00, 0x3e, 0xec, 0xf6, 0x00, 0x00, 0x03, 0xbb,
    0x60, 0x00, 0x00, 0x00, 0x00, 0x00, 0x00, 0x08, 0x88, 0x88, 0x88, 0x84, 0x0f, 0xff, 0xff, 0xff,
    0xf8, 0x0f, 0xf4, 0x44, 0x44, 0x42, 0x0f, 0xf0, 0x00, 0x00, 0x00, 0x0f, 0xf0, 0x00, 0x00, 0x00,
    0x0f, 0xf0, 0x00, 0x00, 0x00, 0x0f, 0xf8, 0x88, 0x88, 0x60, 0x0f, 0xff, 0xff, 0xff, 0xb0, 0x0f,
    0xf4, 0x44, 0x44, 0x30, 0x0f, 0xf0, 0x00, 0x00, 0x00, 0x0f, 0xf0, 0x00, 0x00, 0x00, 0x0f, 0xf0,
    0x00, 0x00, 0x00, 0x0f, 0xf0, 0x00, 0x00, 0x00, 0x0f, 0xfb, 0xbb, 0xbb, 0xb6, 0x0f, 0xff, 0xff,
    0xff, 0xf8, 0x03, 0xb8, 0x00, 0x8b, 0x60, 0x00, 0x6f, 0x99, 0xf9, 0x00, 0x00, 0x06, 0xff, 0x90,
    0x00, 0x00, 0x00, 0x00, 0x00, 0x00, 0x00, 0x00, 0x44, 0x00, 0x00, 0x00, 0x8e, 0xff, 0xe8, 0x00,
    0x08, 0xfc, 0x88, 0xcf, 0x90, 0x2f, 0xd1, 0x00, 0x1d, 0xf2, 0x5f, 0x80, 0x00, 0x08, 0xf6, 0x8f,
    0xb8, 0x88, 0x8b, 0xf8, 0x8f, 0xff, 0xff, 0xff, 0xf8, 0x8f, 0x80, 0x00, 0x00, 0x00, 0x5f, 0x80,
    0x00, 0x00, 0x00, 0x2f, 0xd1, 0x00, 0x09, 0xb2, 0x08, 0xfd, 0x88, 0xcf, 0xc0, 0x00, 0x8e, 0xff,
    0xf9, 0x10, 0x00, 0x00, 0x44, 0x00, 0x00, 0x00, 0x06, 0xff, 0x60, 0x00, 0x00, 0x6f, 0xca, 0xf6,
    0x00, 0x03, 0xb8, 0x00, 0x8b, 0x30, 0x00, 0x00, 0x00, 0x00, 0x00, 0x00, 0x28, 0xbb, 0x94, 0x00,
    0x05, 0xff, 0xff, 0xff, 0x60, 0x0e, 0xf7, 0x00, 0x7f, 0xf2, 0x4f, 0xc0, 0x00, 0x09, 0xf6, 0x4f,
    0xb0, 0x00, 0x04, 0x84, 0x4f, 0xb0, 0x00, 0x00, 0x00, 0x4f, 0xb0, 0x00, 0x00, 0x00, 0x4f, 0xb0,
    0x3b, 0xbb, 0xb6, 0x4f, 0xb0, 0x4f, 0xff, 0xf8, 0x4f, 0xb0, 0x00, 0x08, 0xf8, 0x4f, 0xb0, 0x00,
    0x08, 0xf8, 0x4f, 0xb0, 0x00, 0x08, 0xf8, 0x2f, 0xe3, 0x00, 0x1d, 0xf3, 0x08, 0xfe, 0x98, 0xdf,
    0xb0, 0x00, 0x8e, 0xff, 0xf9, 0x10, 0x00, 0x00, 0x44, 0x00, 0x00, 0x00, 0x03, 0xbb, 0x30, 0x00,
    0x00, 0x3e, 0xce, 0xe3, 0x00, 0x03, 0xec, 0x13, 0xee, 0x30, 0x00, 0x00, 0x00, 0x00, 0x00, 0x00,
    0x02, 0x41, 0x00, 0x00, 0x01, 0xbf, 0xff, 0x6b, 0xf4, 0x0b, 0xfd, 0x88, 0xed, 0xf4, 0x2f, 0xe1,
    0x00, 0x3f, 0xf4, 0x4f, 0xb0, 0x00, 0x0b, 0xf4, 0x4f, 0xb0, 0x00, 0x0b, 0xf4, 0x4f, 0xb0, 0x00,
    0x0b, 0xf4, 0x4f, 0xb0, 0x00, 0x0b, 0xf4, 0x3f, 0xd1, 0x00, 0x1f, 0xf4, 0x0b, 0xfc, 0x88, 0xde,
    0xf4, 0x03, 0xcf, 0xff, 0x8b, 0xf4, 0x00, 0x03, 0x42, 0x0b, 0xf4, 0x00, 0x00, 0x00, 0x0c, 0xf4,
    0x00, 0x34, 0x44, 0x8f, 0xe0, 0x00, 0xbf, 0xff, 0xfe, 0x50, 0x00, 0x68, 0x88, 0x72, 0x00, 0x04,
    0xf6, 0x00, 0x6f, 0x40, 0x00, 0xce, 0x66, 0xec, 0x00, 0x00, 0x19, 0xee, 0x91, 0x00, 0x00, 0x00,
    0x00, 0x00, 0x00, 0x00, 0x28, 0xbb, 0x94, 0x00, 0x05, 0xff, 0xff, 0xff, 0x60, 0x0e, 0xf7, 0x00,
    0x7f, 0xf2, 0x4f, 0xc0, 0x00, 0x09, 0xf6, 0x4f, 0xb0, 0x00, 0x04, 0x84, 0x4f, 0xb0, 0x00, 0x00,
    0x00, 0x4f, 0xb0, 0x00, 0x00, 0x00, 0x4f, 0xb0, 0x3b, 0xbb, 0xb6, 0x4f, 0xb0, 0x4f, 0xff, 0xf8,
    0x4f, 0xb0, 0x00, 0x08, 0xf8, 0x4f, 0xb0, 0x00, 0x08, 0xf8, 0x4f, 0xb0, 0x00, 0x08, 0xf8, 0x2f,
    0xe3, 0x00, 0x1d, 0xf3, 0x08, 0xfe, 0x98, 0xdf, 0xb0, 0x00, 0x8e, 0xff, 0xf9, 0x10, 0x00, 0x00,
    0x44, 0x00, 0x00, 0x03, 0xb3, 0x00, 0x4b, 0x30, 0x02, 0xfa, 0x12, 0xce, 0x00, 0x00, 0x6e, 0xff,
    0xe3, 0x00, 0x00, 0x00, 0x44, 0x00, 0x00, 0x00, 0x02, 0x41, 0x00, 0x00, 0x01, 0xbf, 0xff, 0x6b,
    0xf4, 0x0b, 0xfd, 0x88, 0xed, 0xf4, 0x2f, 0xe1, 0x00, 0x3f, 0xf4, 0x4f, 0xb0, 0x00, 0x0b, 0xf4,
    0x4f, 0xb0, 0x00, 0x0b, 0xf4, 0x4f, 0xb0, 0x00, 0x0b, 0xf4, 0x4f, 0xb0, 0x00, 0x0b, 0xf4, 0x3f,
    0xd1, 0x00, 0x1f, 0xf4, 0x0b, 0xfc, 0x88, 0xde, 0xf4, 0x03, 0xcf, 0xff, 0x8b, 0xf4, 0x00, 0x03,
    0x42, 0x0b, 0xf4, 0x00, 0x00, 0x00, 0x0c, 0xf4, 0x00, 0x34, 0x44, 0x8f, 0xe0, 0x00, 0xbf, 0xff,
    0xfe, 0x50, 0x00, 0x68, 0x88, 0x72, 0x00, 0x00, 0x03, 0xdd, 0x30, 0x00, 0x00, 0x08, 0xff, 0x80,
    0x00, 0x00, 0x01, 0x99, 0x10, 0x00, 0x00, 0x00, 0x00, 0x00, 0x00, 0x00, 0x28, 0xbb, 0x94, 0x00,
    0x05, 0xff, 0xff, 0xff, 0x60, 0x0e, 0xf7, 0x00, 0x7f, 0xf2, 0x4f, 0xc0, 0x00, 0x09, 0xf6, 0x4f,
    0xb0, 0x00, 0x04, 0x84, 0x4f, 0xb0, 0x00, 0x00, 0x00, 0x4f, 0xb0, 0x00, 0x00, 0x00, 0x4f, 0xb0,
    0x3b, 0xbb, 0xb6, 0x4f, 0xb0, 0x4f, 0xff, 0xf8, 0x4f, 0xb0, 0x00, 0x08, 0xf8, 0x4f, 0xb0, 0x00,
    0x08, 0xf8, 0x4f, 0xb0, 0x00, 0x08, 0xf8, 0x2f, 0xe3, 0x00, 0x1d, 0xf3, 0x08, 0xfe, 0x98, 0xdf,
    0xb0, 0x00, 0x8e, 0xff, 0xf9, 0x10, 0x00, 0x00, 0x44, 0x00, 0x00, 0x00, 0x01, 0x87, 0x00, 0x00,
    0x00, 0x08, 0xff, 0x60, 0x00, 0x00, 0x05, 0xfe, 0x30, 0x00, 0x00, 0x00, 0x00, 0x00, 0x00, 0x00,
    0x02, 0x41, 0x00, 0x00, 0x01, 0xbf, 0xff, 0x6b, 0xf4, 0x0b, 0xfd, 0x88, 0xed, 0xf4, 0x2f, 0xe1,
    0x00, 0x3f, 0xf4, 0x4f, 0xb0, 0x00, 0x0b, 0xf4, 0x4f, 0xb0, 0x00, 0x0b, 0xf4, 0x4f, 0xb0, 0x00,
    0x0b, 0xf4, 0x4f, 0xb0, 0x00, 0x0b, 0xf4, 0x3f, 0xd1, 0x00, 0x1f, 0xf4, 0x0b, 0xfc, 0x88, 0xde,
    0xf4, 0x03, 0xcf, 0xff, 0x8b, 0xf4, 0x00, 0x03, 0x42, 0x0b, 0xf4, 0x00, 0x00, 0x00, 0x0c, 0xf4,
    0x00, 0x34, 0x44, 0x8f, 0xe0, 0x00, 0xbf, 0xff, 0xfe, 0x50, 0x00, 0x68, 0x88, 0x72, 0x00, 0x00,
    0x28, 0xbb, 0x94, 0x00, 0x05, 0xff, 0xff, 0xff, 0x60, 0x0e, 0xf7, 0x00, 0x7f, 0xf2, 0x4f, 0xc0,
    0x00, 0x09, 0xf6, 0x4f, 0xb0, 0x00, 0x04, 0x84, 0x4f, 0xb0, 0x00, 0x00, 0x00, 0x4f, 0xb0, 0x00,
    0x00, 0x00, 0x4f, 0xb0, 0x3b, 0xbb, 0xb6, 0x4f, 0xb0, 0x4f, 0xff, 0xf8, 0x4f, 0xb0, 0x00, 0x08,
    0xf8, 0x4f, 0xb0, 0x00, 0x08, 0xf8, 0x4f, 0xb0, 0x00, 0x08, 0xf8, 0x2f, 0xe3, 0x00, 0x1d, 0xf3,
    0x08, 0xfe, 0x98, 0xdf, 0xb0, 0x00, 0x8e, 0xff, 0xf9, 0x10, 0x00, 0x00, 0x44, 0x00, 0x00, 0x00,
    0x00, 0x00, 0x00, 0x00, 0x00, 0x00, 0xaf, 0x80, 0x00, 0x00, 0x05, 0xfc, 0x00, 0x00, 0x00, 0x0a,
    0xb2, 0x00, 0x00, 0x00, 0x00, 0x04, 0x82, 0x00, 0x00, 0x00, 0x1d, 0xe0, 0x00, 0x00, 0x00, 0x8f,
    0x90, 0x00, 0x00, 0x01, 0xef, 0x50, 0x00, 0x00, 0x09, 0xfe, 0x00, 0x00, 0x00, 0x00, 0x00, 0x00,
    0x00, 0x00, 0x02, 0x41, 0x00, 0x00, 0x01, 0xbf, 0xff, 0x6b, 0xf4, 0x0b, 0xfd, 0x88, 0xed, 0xf4,
    0x2f, 0xe1, 0x00, 0x3f, 0xf4, 0x4f, 0xb0, 0x00, 0x0b, 0xf4, 0x4f, 0xb0, 0x00, 0x0b, 0xf4, 0x4f,
    0xb0, 0x00, 0x0b, 0xf4, 0x4f, 0xb0, 0x00, 0x0b, 0xf4, 0x3f, 0xd1, 0x00, 0x1f, 0xf4, 0x0b, 0xfc,
    0x88, 0xde, 0xf4, 0x03, 0xcf, 0xff, 0x8b, 0xf4, 0x00, 0x03, 0x42, 0x0b, 0xf4, 0x00, 0x00, 0x00,
    0x0c, 0xf4, 0x00, 0x34, 0x44, 0x8f, 0xe0, 0x00, 0xbf, 0xff, 0xfe, 0x50, 0x00, 0x68, 0x88, 0x72,
    0x00, 0x00, 0x06, 0xff, 0x60, 0x00, 0x00, 0x6f, 0xca, 0xf6, 0x00, 0x03, 0xb8, 0x00, 0x8b, 0x30,
    0x00, 0x00, 0x00, 0x00, 0x00, 0x28, 0x60, 0x00, 0x06, 0x82, 0x4f, 0xb0, 0x00, 0x0b, 0xf4, 0x4f,
    0xb0, 0x00, 0x0b, 0xf4, 0x4f, 0xb0, 0x00, 0x0b, 0xf4, 0x4f, 0xb0, 0x00, 0x0b, 0xf4, 0x4f, 0xb0,
    0x00, 0x0b, 0xf4, 0x4f, 0xd8, 0x88, 0x8d, 0xf4, 0x4f, 0xff, 0xff, 0xff, 0xf4, 0x4f, 0xc4, 0x44,
    0x4c, 0xf4, 0x4f, 0xb0, 0x00, 0x0b, 0xf4, 0x4f, 0xb0, 0x00, 0x0b, 0xf4, 0x4f, 0xb0, 0x00, 0x0b,
    0xf4, 0x4f, 0xb0, 0x00, 0x0b, 0xf4, 0x4f, 0xb0, 0x00, 0x0b, 0xf4, 0x4f, 0xb0, 0x00, 0x0b, 0xf4,
    0x00, 0x14, 0x30, 0x00, 0x00, 0x00, 0x01, 0xcf, 0xf6, 0x00, 0x00, 0x00, 0x1c, 0xe3, 0x9f, 0x60,
    0x00, 0x00, 0x58, 0x30, 0x07, 0x81, 0x00, 0x00, 0x00, 0x00, 0x00, 0x00, 0x00, 0x00, 0x00, 0x28,
    0x60, 0x00, 0x00, 0x00, 0x00, 0x4f, 0xb0, 0x00, 0x00, 0x00, 0x00, 0x4f, 0xb0, 0x00, 0x00, 0x00,
    0x00, 0x4f, 0xb0, 0x14, 0x20, 0x00, 0x00, 0x4f, 0xb6, 0xff, 0xfb, 0x10, 0x00, 0x4f, 0xde, 0x88,
    0xdf, 0xb0, 0x00, 0x4f, 0xf3, 0x00, 0x1e, 0xf3, 0x00, 0x4f, 0xb0, 0x00, 0x0b, 0xf4, 0x00, 0x4f,
    0xb0, 0x00, 0x0b, 0xf4, 0x00, 0x4f, 0xb0, 0x00, 0x0b, 0xf4, 0x00, 0x4f, 0xb0, 0x00, 0x0b, 0xf4,
    0x00, 0x4f, 0xb0, 0x00, 0x0b, 0xf4, 0x00, 0x4f, 0xb0, 0x00, 0x0b, 0xf4, 0x00, 0x4f, 0xb0, 0x00,
    0x0b, 0xf4, 0x00, 0x4f, 0xb0, 0x00, 0x0b, 0xf4, 0x02, 0x86, 0x00, 0x00, 0x68, 0x20, 0x04, 0xfb,
    0x00, 0x00, 0xbf, 0x40, 0x04, 0xfb, 0x00, 0x00, 0xbf, 0x40, 0xbf, 0xff, 0xff, 0xff, 0xff, 0xfb,
    0x69, 0xfd, 0x88, 0x88, 0xdf, 0x96, 0x04, 0xfb, 0x00, 0x00, 0xbf, 0x40, 0x04, 0xfd, 0x88, 0x88,
    0xdf, 0x40, 0x04, 0xff, 0xff, 0xff, 0xff, 0x40, 0x04, 0xfc, 0x44, 0x44, 0xcf, 0x40, 0x04, 0xfb,
    0x00, 0x00, 0xbf, 0x40, 0x04, 0xfb, 0x00, 0x00, 0xbf, 0x40, 0x04, 0xfb, 0x00, 0x00, 0xbf, 0x40,
    0x04, 0xfb, 0x00, 0x00, 0xbf, 0x40, 0x04, 0xfb, 0x00, 0x00, 0xbf, 0x40, 0x04, 0xfb, 0x00, 0x00,
    0xbf, 0x40, 0x02, 0x86, 0x00, 0x00, 0x00, 0x00, 0x4f, 0xb0, 0x00, 0x00, 0x00, 0xff, 0xff, 0xff,
    0xf0, 0x00, 0x0b, 0xcf, 0xeb, 0xbb, 0x00, 0x00, 0x04, 0xfb, 0x00, 0x00, 0x00, 0x00, 0x4f, 0xb4,
    0xcf, 0xe8, 0x10, 0x04, 0xfc, 0xeb, 0xbf, 0xf8, 0x00, 0x4f, 0xf4, 0x00, 0x3f, 0xf2, 0x04, 0xfc,
    0x00, 0x00, 0xbf, 0x40, 0x4f, 0xb0, 0x00, 0x0b, 0xf4, 0x04, 0xfb, 0x00, 0x00, 0xbf, 0x40, 0x4f,
    0xb0, 0x00, 0x0b, 0xf4, 0x04, 0xfb, 0x00, 0x00, 0xbf, 0x40, 0x4f, 0xb0, 0x00, 0x0b, 0xf4, 0x04,
    0xfb, 0x00, 0x00, 0xbf, 0x40, 0x08, 0xfb, 0x10, 0xb3, 0x3f, 0x8c, 0xda, 0xf2, 0x3b, 0x01, 0x8b,
    0x50, 0x00, 0x00, 0x00, 0x00, 0x88, 0x88, 0x88, 0x88, 0xff, 0xff, 0xff, 0xff, 0x44, 0x4f, 0xf4,
    0x44, 0x00, 0x0f, 0xf0, 0x00, 0x00, 0x0f, 0xf0, 0x00, 0x00, 0x0f, 0xf0, 0x00, 0x00, 0x0f, 0xf0,
    0x00, 0x00, 0x0f, 0xf0, 0x00, 0x00, 0x0f, 0xf0, 0x00, 0x00, 0x0f, 0xf0, 0x00, 0x00, 0x0f, 0xf0,
    0x00, 0x00, 0x0f, 0xf0, 0x00, 0x00, 0x0f, 0xf0, 0x00, 0xbb, 0xbf, 0xfb, 0xbb, 0xff, 0xff, 0xff,
    0xff, 0x00, 0x28, 0x81, 0x06, 0x40, 0x00, 0x0c, 0xdd, 0xc5, 0xd8, 0x00, 0x00, 0xf8, 0x1a, 0xfd,
    0x20, 0x00, 0x00, 0x00, 0x00, 0x00, 0x00, 0x00, 0x00, 0x00, 0x00, 0x00, 0x00, 0xff, 0xff, 0xf8,
    0x00, 0x00, 0x0b, 0xbb, 0xdf, 0x80, 0x00, 0x00, 0x00, 0x08, 0xf8, 0x00, 0x00, 0x00, 0x00, 0x8f,
    0x80, 0x00, 0x00, 0x00, 0x08, 0xf8, 0x00, 0x00, 0x00, 0x00, 0x8f, 0x80, 0x00, 0x00, 0x00, 0x08,
    0xf8, 0x00, 0x00, 0x00, 0x00, 0x8f, 0x80, 0x00, 0x00, 0x00, 0x08, 0xf8, 0x00, 0x00, 0x3b, 0xbb,
    0xdf, 0xdb, 0xbb, 0x04, 0xff, 0xff, 0xff, 0xff, 0xf0, 0x14, 0x44, 0x44, 0x41, 0x4f, 0xff, 0xff,
    0xf4, 0x14, 0x44, 0x44, 0x41, 0x00, 0x00, 0x00, 0x00, 0x88, 0x88, 0x88, 0x88, 0xff, 0xff, 0xff,
    0xff, 0x44, 0x4f, 0xf4, 0x44, 0x00, 0x0f, 0xf0, 0x00, 0x00, 0x0f, 0xf0, 0x00, 0x00, 0x0f, 0xf0,
    0x00, 0x00, 0x0f, 0xf0, 0x00, 0x00, 0x0f, 0xf0, 0x00, 0x00, 0x0f, 0xf0, 0x00, 0x00, 0x0f, 0xf0,
    0x00, 0x00, 0x0f, 0xf0, 0x00, 0x00, 0x0f, 0xf0, 0x00, 0x00, 0x0f, 0xf0, 0x00, 0xbb, 0xbf, 0xfb,
    0xbb, 0xff, 0xff, 0xff, 0xff, 0x00, 0xff, 0xff, 0xff, 0x80, 0x00, 0x0b, 0xbb, 0xbb, 0xb6, 0x00,
    0x00, 0x00, 0x00, 0x00, 0x00, 0x00, 0x00, 0x00, 0x00, 0x00, 0x00, 0x0f, 0xff, 0xff, 0x80, 0x00,
    0x00, 0xbb, 0xbd, 0xf8, 0x00, 0x00, 0x00, 0x00, 0x8f, 0x80, 0x00, 0x00, 0x00, 0x08, 0xf8, 0x00,
    0x00, 0x00, 0x00, 0x8f, 0x80, 0x00, 0x00, 0x00, 0x08, 0xf8, 0x00, 0x00, 0x00, 0x00, 0x8f, 0x80,
    0x00, 0x00, 0x00, 0x08, 0xf8, 0x00, 0x00, 0x00, 0x00, 0x8f, 0x80, 0x00, 0x03, 0xbb, 0xbd, 0xfd,
    0xbb, 0xb0, 0x4f, 0xff, 0xff, 0xff, 0xff, 0x00, 0x4f, 0x60, 0x06, 0xf4, 0x0c, 0xe6, 0x6e, 0xc0,
    0x01, 0x9e, 0xe9, 0x10, 0x00, 0x00, 0x00, 0x00, 0x88, 0x88, 0x88, 0x88, 0xff, 0xff, 0xff, 0xff,
    0x44, 0x4f, 0xf4, 0x44, 0x00, 0x0f, 0xf0, 0x00, 0x00, 0x0f, 0xf0, 0x00, 0x00, 0x0f, 0xf0, 0x00,
    0x00, 0x0f, 0xf0, 0x00, 0x00, 0x0f, 0xf0, 0x00, 0x00, 0x0f, 0xf0, 0x00, 0x00, 0x0f, 0xf0, 0x00,
    0x00, 0x0f, 0xf0, 0x00, 0x00, 0x0f, 0xf0, 0x00, 0x00, 0x0f, 0xf0, 0x00, 0xbb, 0xbf, 0xfb, 0xbb,
    0xff, 0xff, 0xff, 0xff, 0x00, 0xb8, 0x00, 0x0b, 0x60, 0x00, 0x0a, 0xe4, 0x08, 0xf6, 0x00, 0x00,
    0x1b, 0xff, 0xf8, 0x00, 0x00, 0x00, 0x02, 0x41, 0x00, 0x00, 0x00, 0x00, 0x00, 0x00, 0x00, 0x00,
    0xff, 0xff, 0xf8, 0x00, 0x00, 0x0b, 0xbb, 0xdf, 0x80, 0x00, 0x00, 0x00, 0x08, 0xf8, 0x00, 0x00,
    0x00, 0x00, 0x8f, 0x80, 0x00, 0x00, 0x00, 0x08, 0xf8, 0x00, 0x00, 0x00, 0x00, 0x8f, 0x80, 0x00,
    0x00, 0x00, 0x08, 0xf8, 0x00, 0x00, 0x00, 0x00, 0x8f, 0x80, 0x00, 0x00, 0x00, 0x08, 0xf8, 0x00,
    0x00, 0x3b, 0xbb, 0xdf, 0xdb, 0xbb, 0x04, 0xff, 0xff, 0xff, 0xff, 0xf0, 0x88, 0x88, 0x88, 0x88,
    0xff, 0xff, 0xff, 0xff, 0x44, 0x4f, 0xf4, 0x44, 0x00, 0x0f, 0xf0, 0x00, 0x00, 0x0f, 0xf0, 0x00,
    0x00, 0x0f, 0xf0, 0x00, 0x00, 0x0f, 0xf0, 0x00, 0x00, 0x0f, 0xf0, 0x00, 0x00, 0x0f, 0xf0, 0x00,
    0x00, 0x0f, 0xf0, 0x00, 0x00, 0x0f, 0xf0, 0x00, 0x00, 0x0f, 0xf0, 0x00, 0x00, 0x0f, 0xf0, 0x00,
    0xbb, 0xbf, 0xfb, 0xbb, 0xff, 0xff, 0xff, 0xff, 0x00, 0x6e, 0x30, 0x00, 0x03, 0xf8, 0x00, 0x00,
    0x04, 0xfc, 0x43, 0x00, 0x00, 0xbf, 0xfb, 0x00, 0x00, 0x00, 0x00, 0x00, 0x00, 0x00, 0x58, 0x30,
    0x00, 0x00, 0x00, 0x2f, 0xfb, 0x00, 0x00, 0x00, 0x00, 0xcf, 0x80, 0x00, 0x00, 0x00, 0x00, 0x00,
    0x00, 0x00, 0x00, 0x00, 0x00, 0x00, 0x00, 0x00, 0xff, 0xff, 0xf8, 0x00, 0x00, 0x0b, 0xbb, 0xdf,
    0x80, 0x00, 0x00, 0x00, 0x08, 0xf8, 0x00, 0x00, 0x00, 0x00, 0x8f, 0x80, 0x00, 0x00, 0x00, 0x08,
    0xf8, 0x00, 0x00, 0x00, 0x00, 0x8f, 0x80, 0x00, 0x00, 0x00, 0x08, 0xf8, 0x00, 0x00, 0x00, 0x00,
    0x8f, 0x80, 0x00, 0x00, 0x00, 0x08, 0xf8, 0x00, 0x00, 0x3b, 0xbb, 0xdf, 0xdb, 0xbb, 0x04, 0xff,
    0xff, 0xff, 0xff, 0xf0, 0x00, 0x03, 0xe8, 0x00, 0x00, 0x00, 0x00, 0xdc, 0x00, 0x00, 0x00, 0x00,
    0x0f, 0xe5, 0x40, 0x00, 0x00, 0x00, 0x6f, 0xff, 0x00, 0x00, 0x00, 0x00, 0x00, 0x00, 0x00, 0x00,
    0x00, 0x3d, 0xd3, 0x00, 0x00, 0x8f, 0xf8, 0x00, 0x00, 0x19, 0x91, 0x00, 0x00, 0x00, 0x00, 0x00,
    0x88, 0x88, 0x88, 0x88, 0xff, 0xff, 0xff, 0xff, 0x44, 0x4f, 0xf4, 0x44, 0x00, 0x0f, 0xf0, 0x00,
    0x00, 0x0f, 0xf0, 0x00, 0x00, 0x0f, 0xf0, 0x00, 0x00, 0x0f, 0xf0, 0x00, 0x00, 0x0f, 0xf0, 0x00,
    0x00, 0x0f, 0xf0, 0x00, 0x00, 0x0f, 0xf0, 0x00, 0x00, 0x0f, 0xf0, 0x00, 0x00, 0x0f, 0xf0, 0x00,
    0x00, 0x0f, 0xf0, 0x00, 0xbb, 0xbf, 0xfb, 0xbb, 0xff, 0xff, 0xff, 0xff, 0x0f, 0xff, 0xff, 0x80,
    0x00, 0x00, 0xbb, 0xbd, 0xf8, 0x00, 0x00, 0x00, 0x00, 0x8f, 0x80, 0x00, 0x00, 0x00, 0x08, 0xf8,
    0x00, 0x00, 0x00, 0x00, 0x8f, 0x80, 0x00, 0x00, 0x00, 0x08, 0xf8, 0x00, 0x00, 0x00, 0x00, 0x8f,
    0x80, 0x00, 0x00, 0x00, 0x08, 0xf8, 0x00, 0x00, 0x00, 0x00, 0x8f, 0x80, 0x00, 0x03, 0xbb, 0xbd,
    0xfd, 0xbb, 0xb0, 0x4f, 0xff, 0xff, 0xff, 0xff, 0x00, 0x28, 0x40, 0x00, 0x00, 0x00, 0x00, 0x68,
    0x04, 0xf8, 0x00, 0x00, 0x00, 0x00, 0x0b, 0xf0, 0x4f, 0x80, 0x00, 0x00, 0x00, 0x00, 0xbf, 0x04,
    0xf8, 0x00, 0x00, 0x00, 0x00, 0x0b, 0xf0, 0x4f, 0x80, 0x00, 0x00, 0x00, 0x00, 0xbf, 0x04, 0xf8,
    0x00, 0x00, 0x00, 0x00, 0x0b, 0xf0, 0x4f, 0x80, 0x00, 0x00, 0x00, 0x00, 0xbf, 0x04, 0xf8, 0x00,
    0x00, 0x00, 0x00, 0x0b, 0xf0, 0x4f, 0x80, 0x00, 0x00, 0x00, 0x00, 0xbf, 0x04, 0xf8, 0x00, 0x00,
    0x00, 0x00, 0x0b, 0xf0, 0x4f, 0x80, 0x0b, 0xf4, 0x00, 0x00, 0xbf, 0x04, 0xf8, 0x00, 0x9f, 0x40,
    0x00, 0x0d, 0xf0, 0x4f, 0x80, 0x06, 0xfa, 0x00, 0x04, 0xfc, 0x04, 0xf8, 0x00, 0x1c, 0xfb, 0x88,
    0xef, 0x50, 0x4f, 0x80, 0x00, 0x1b, 0xff, 0xfd, 0x50, 0x00, 0x00, 0x00, 0x00, 0x01, 0x42, 0x00,
    0x00, 0x00, 0x00, 0x00, 0x00, 0x8f, 0x60, 0x0a, 0xf5, 0xaf, 0x90, 0x0d, 0xf7, 0x14, 0x00, 0x01,
    0x40, 0x00, 0x00, 0x00, 0x00, 0x8f, 0x40, 0x08, 0xf4, 0x8f, 0x40, 0x08, 0xf4, 0x8f, 0x40, 0x08,
    0xf4, 0x8f, 0x40, 0x08, 0xf4, 0x8f, 0x40, 0x08, 0xf4, 0x8f, 0x40, 0x08, 0xf4, 0x8f, 0x40, 0x08,
    0xf4, 0x8f, 0x40, 0x08, 0xf4, 0x8f, 0x40, 0x08, 0xf4, 0x8f, 0x40, 0x08, 0xf4, 0x8f, 0x40, 0x08,
    0xf4, 0x00, 0x00, 0x08, 0xf4, 0x00, 0x00, 0x0c, 0xf1, 0x00, 0x04, 0x9f, 0xb0, 0x00, 0x08, 0xfb,
    0x30, 0x00, 0x00, 0x00, 0x00, 0x00, 0x00, 0x00, 0x06, 0xff, 0x60, 0x00, 0x00, 0x00, 0x06, 0xfc,
    0xaf, 0x60, 0x00, 0x00, 0x03, 0xb8, 0x00, 0x8b, 0x30, 0x00, 0x00, 0x00, 0x00, 0x00, 0x00, 0x00,
    0x00, 0x00, 0x00, 0x88, 0x00, 0x00, 0x00, 0x00, 0x00, 0x0f, 0xf0, 0x00, 0x00, 0x00, 0x00, 0x00,
    0xff, 0x00, 0x00, 0x00, 0x00, 0x00, 0x0f, 0xf0, 0x00, 0x00, 0x00, 0x00, 0x00, 0xff, 0x00, 0x00,
    0x00, 0x00, 0x00, 0x0f, 0xf0, 0x00, 0x00, 0x00, 0x00, 0x00, 0xff, 0x00, 0x00, 0x00, 0x00, 0x00,
    0x0f, 0xf0, 0x00, 0x00, 0x00, 0x00, 0x00, 0xff, 0x00, 0x00, 0x00, 0x00, 0x00, 0x0f, 0xf0, 0x00,
    0x14, 0x30, 0x00, 0x00, 0xff, 0x00, 0x02, 0xfd, 0x00, 0x00, 0x1f, 0xf0, 0x00, 0x0d, 0xf6, 0x00,
    0x08, 0xfa, 0x00, 0x00, 0x6f, 0xfa, 0x8c, 0xff, 0x30, 0x00, 0x00, 0x5d, 0xff, 0xfc, 0x30, 0x00,
    0x00, 0x00, 0x02, 0x42, 0x00, 0x00, 0x00, 0x00, 0x00, 0x06, 0xb8, 0x00, 0x00, 0x00, 0x06, 0xfb,
    0xf9, 0x00, 0x00, 0x06, 0xf9, 0x06, 0xf9, 0x00, 0x00, 0x00, 0x00, 0x00, 0x00, 0x00, 0x00, 0x00,
    0x00, 0x00, 0x04, 0xff, 0xff, 0xff, 0xb0, 0x00, 0x3b, 0xbb, 0xbc, 0xfb, 0x00, 0x00, 0x00, 0x00,
    0x4f, 0xb0, 0x00, 0x00, 0x00, 0x04, 0xfb, 0x00, 0x00, 0x00, 0x00, 0x4f, 0xb0, 0x00, 0x00, 0x00,
    0x04, 0xfb, 0x00, 0x00, 0x00, 0x00, 0x4f, 0xb0, 0x00, 0x00, 0x00, 0x04, 0xfb, 0x00, 0x00, 0x00,
    0x00, 0x4f, 0xb0, 0x00, 0x00, 0x00, 0x04, 0xfb, 0x00, 0x00, 0x00, 0x00, 0x4f, 0xb0, 0x00, 0x00,
    0x00, 0x06, 0xfa, 0x00, 0x01, 0x44, 0x46, 0xef, 0x50, 0x00, 0x4f, 0xff, 0xff, 0x80, 0x00, 0x02,
    0x88, 0x88, 0x30, 0x00, 0x00, 0x28, 0x60, 0x00, 0x02, 0x87, 0x04, 0xfb, 0x00, 0x00, 0x9f, 0x80,
    0x4f, 0xb0, 0x00, 0x2f, 0xe1, 0x04, 0xfb, 0x00, 0x09, 0xf8, 0x00, 0x4f, 0xb0, 0x02, 0xfe, 0x10,
    0x04, 0xfb, 0x00, 0x9f, 0x80, 0x00, 0x4f, 0xd8, 0x8f, 0xe1, 0x00, 0x04, 0xff, 0xff, 0xf9, 0x00,
    0x00, 0x4f, 0xc4, 0x5f, 0xe1, 0x00, 0x04, 0xfb, 0x00, 0xbf, 0x80, 0x00, 0x4f, 0xb0, 0x04, 0xfe,
    0x10, 0x04, 0xfb, 0x00, 0x0b, 0xf8, 0x00, 0x4f, 0xb0, 0x00, 0x4f, 0xe1, 0x04, 0xfb, 0x00, 0x00,
    0xbf, 0x80, 0x4f, 0xb0, 0x00, 0x04, 0xfe, 0x10, 0x00, 0x00, 0x00, 0x00, 0x00, 0x00, 0x00, 0x00,
    0x00, 0x00, 0x00, 0x00, 0x0b, 0xf7, 0x00, 0x00, 0x00, 0x07, 0xfb, 0x00, 0x00, 0x00, 0x01, 0xab,
    0x10, 0x00, 0x00, 0x28, 0x60, 0x00, 0x00, 0x00, 0x04, 0xfb, 0x00, 0x00, 0x00, 0x00, 0x4f, 0xb0,
    0x00, 0x00, 0x00, 0x04, 0xfb, 0x00, 0x00, 0x00, 0x00, 0x4f, 0xb0, 0x00, 0x08, 0xfb, 0x04, 0xfb,
    0x00, 0x03, 0xfe, 0x20, 0x4f, 0xb0, 0x00, 0xcf, 0x70, 0x04, 0xfb, 0x00, 0x8f, 0xb0, 0x00, 0x4f,
    0xd8, 0x8f, 0xe2, 0x00, 0x04, 0xff, 0xff, 0xfc, 0x00, 0x00, 0x4f, 0xc4, 0x4d, 0xf6, 0x00, 0x04,
    0xfb, 0x00, 0x4f, 0xe1, 0x00, 0x4f, 0xb0, 0x00, 0xaf, 0xa0, 0x04, 0xfb, 0x00, 0x01, 0xef, 0x40,
    0x4f, 0xb0, 0x00, 0x05, 0xfd, 0x10, 0x00, 0x00, 0x00, 0x00, 0x00, 0x00, 0x00, 0x00, 0x00, 0x00,
    0x00, 0x00, 0x0b, 0xf7, 0x00, 0x00, 0x00, 0x07, 0xfb, 0x00, 0x00, 0x00, 0x01, 0xab, 0x10, 0x00,
    0x00, 0x0f, 0xf0, 0x00, 0x07, 0xfc, 0x00, 0xff, 0x00, 0x02, 0xef, 0x30, 0x0f, 0xf0, 0x00, 0xbf,
    0x80, 0x00, 0xff, 0x00, 0x6f, 0xc0, 0x00, 0x0f, 0xf8, 0x8e, 0xf4, 0x00, 0x00, 0xff, 0xff, 0xfd,
    0x00, 0x00, 0x0f, 0xf4, 0x4c, 0xf8, 0x00, 0x00, 0xff, 0x00, 0x3f, 0xf2, 0x00, 0x0f, 0xf0, 0x00,
    0x8f, 0xb0, 0x00, 0xff, 0x00, 0x01, 0xdf, 0x70, 0x0f, 0xf0, 0x00, 0x04, 0xfe, 0x10, 0x01, 0xee,
    0x30, 0x00, 0x00, 0x0b, 0xf6, 0x00, 0x00, 0x00, 0x5b, 0x80, 0x00, 0x00, 0x00, 0x00, 0x00, 0x00,
    0x00, 0x00, 0x48, 0x40, 0x00, 0x00, 0x00, 0x8f, 0x80, 0x00, 0x00, 0x00, 0x8f, 0x80, 0x00, 0x00,
    0x00, 0x8f, 0x80, 0x00, 0x00, 0x00, 0x8f, 0x80, 0x00, 0x00, 0x00, 0x8f, 0x80, 0x00, 0x00, 0x00,
    0x8f, 0x80, 0x00, 0x00, 0x00, 0x8f, 0x80, 0x00, 0x00, 0x00, 0x8f, 0x80, 0x00, 0x00, 0x00, 0x8f,
    0x80, 0x00, 0x00, 0x00, 0x8f, 0x80, 0x00, 0x00, 0x00, 0x8f, 0x80, 0x00, 0x00, 0x00, 0x8f, 0x80,
    0x00, 0x00, 0x00, 0x8f, 0xdb, 0xbb, 0xbb, 0xb0, 0x8f, 0xff, 0xff, 0xff, 0xf0, 0x00, 0x00, 0x09,
    0xf8, 0x00, 0x00, 0x00, 0x00, 0x6f, 0xa0, 0x00, 0x00, 0x00, 0x01, 0xaa, 0x10, 0x00, 0x00, 0x00,
    0x00, 0x00, 0x00, 0x00, 0x00, 0x48, 0x88, 0x88, 0x20, 0x00, 0x00, 0x8f, 0xff, 0xff, 0x40, 0x00,
    0x00, 0x24, 0x44, 0xcf, 0x40, 0x00, 0x00, 0x00, 0x00, 0xbf, 0x40, 0x00, 0x00, 0x00, 0x00, 0xbf,
    0x40, 0x00, 0x00, 0x00, 0x00, 0xbf, 0x40, 0x00, 0x00, 0x00, 0x00, 0xbf, 0x40, 0x00, 0x00, 0x00,
    0x00, 0xbf, 0x40, 0x00, 0x00, 0x00, 0x00, 0xbf, 0x40, 0x00, 0x00, 0x00, 0x00, 0xbf, 0x40, 0x00,
    0x00, 0x00, 0x00, 0xbf, 0x40, 0x00, 0x00, 0x00, 0x00, 0xbf, 0x40, 0x00, 0x00, 0x00, 0x00, 0x8f,
    0x80, 0x00, 0x00, 0x00, 0x00, 0x4f, 0xfc, 0xbb, 0xb0, 0x00, 0x00, 0x05, 0xdf, 0xff, 0xf0, 0x48,
    0x40, 0x00, 0x00, 0x00, 0x8f, 0x80, 0x00, 0x00, 0x00, 0x8f, 0x80, 0x00, 0x00, 0x00, 0x8f, 0x80,
    0x00, 0x00, 0x00, 0x8f, 0x80, 0x00, 0x00, 0x00, 0x8f, 0x80, 0x00, 0x00, 0x00, 0x8f, 0x80, 0x00,
    0x00, 0x00, 0x8f, 0x80, 0x00, 0x00, 0x00, 0x8f, 0x80, 0x00, 0x00, 0x00, 0x8f, 0x80, 0x00, 0x00,
    0x00, 0x8f, 0x80, 0x00, 0x00, 0x00, 0x8f, 0x80, 0x00, 0x00, 0x00, 0x8f, 0x80, 0x00, 0x00, 0x00,
    0x8f, 0xdb, 0xbb, 0xbb, 0xb0, 0x8f, 0xff, 0xff, 0xff, 0xf0, 0x00, 0x00, 0x00, 0x00, 0x00, 0x00,
    0x00, 0x00, 0x00, 0x00, 0x00, 0x01, 0xdf, 0x40, 0x00, 0x00, 0x08, 0xf8, 0x00, 0x00, 0x00, 0x2b,
    0x90, 0x00, 0x00, 0x48, 0x88, 0x88, 0x20, 0x00, 0x00, 0x8f, 0xff, 0xff, 0x40, 0x00, 0x00, 0x24,
    0x44, 0xcf, 0x40, 0x00, 0x00, 0x00, 0x00, 0xbf, 0x40, 0x00, 0x00, 0x00, 0x00, 0xbf, 0x40, 0x00,
    0x00, 0x00, 0x00, 0xbf, 0x40, 0x00, 0x00, 0x00, 0x00, 0xbf, 0x40, 0x00, 0x00, 0x00, 0x00, 0xbf,
    0x40, 0x00, 0x00, 0x00, 0x00, 0xbf, 0x40, 0x00, 0x00, 0x00, 0x00, 0xbf, 0x40, 0x00, 0x00, 0x00,
    0x00, 0xbf, 0x40, 0x00, 0x00, 0x00, 0x00, 0xbf, 0x40, 0x00, 0x00, 0x00, 0x00, 0x8f, 0x80, 0x00,
    0x00, 0x00, 0x00, 0x4f, 0xfc, 0xbb, 0xb0, 0x00, 0x00, 0x05, 0xdf, 0xff, 0xf0, 0x00, 0x00, 0x00,
    0x00, 0x00, 0x00, 0x00, 0x00, 0x00, 0x00, 0x00, 0x00, 0x00, 0x00, 0x05, 0xfc, 0x10, 0x00, 0x00,
    0x00, 0x1e, 0xe3, 0x00, 0x00, 0x00, 0x00, 0x7b, 0x60, 0x00, 0x00, 0x48, 0x40, 0x06, 0x80, 0x00,
    0x8f, 0x80, 0x0f, 0xc0, 0x00, 0x8f, 0x80, 0x0f, 0xb0, 0x00, 0x8f, 0x80, 0x0f, 0x80, 0x00, 0x8f,
    0x80, 0x00, 0x00, 0x00, 0x8f, 0x80, 0x00, 0x00, 0x00, 0x8f, 0x80, 0x00, 0x00, 0x00, 0x8f, 0x80,
    0x00, 0x00, 0x00, 0x8f, 0x80, 0x00, 0x00, 0x00, 0x8f, 0x80, 0x00, 0x00, 0x00, 0x8f, 0x80, 0x00,
    0x00, 0x00, 0x8f, 0x80, 0x00, 0x00, 0x00, 0x8f, 0x80, 0x00, 0x00, 0x00, 0x8f, 0xdb, 0xbb, 0xbb,
    0xb0, 0x8f, 0xff, 0xff, 0xff, 0xf0, 0x48, 0x88, 0x88, 0x20, 0x48, 0x20, 0x8f, 0xff, 0xff, 0x40,
    0x8f, 0x40, 0x24, 0x44, 0xcf, 0x40, 0x9f, 0x00, 0x00, 0x00, 0xbf, 0x40, 0xbf, 0x00, 0x00, 0x00,
    0xbf, 0x40, 0x00, 0x00, 0x00, 0x00, 0xbf, 0x40, 0x00, 0x00, 0x00, 0x00, 0xbf, 0x40, 0x00, 0x00,
    0x00, 0x00, 0xbf, 0x40, 0x00, 0x00, 0x00, 0x00, 0xbf, 0x40, 0x00, 0x00, 0x00, 0x00, 0xbf, 0x40,
    0x00, 0x00, 0x00, 0x00, 0xbf, 0x40, 0x00, 0x00, 0x00, 0x00, 0xbf, 0x40, 0x00, 0x00, 0x00, 0x00,
    0x8f, 0x80, 0x00, 0x00, 0x00, 0x00, 0x4f, 0xfc, 0xbb, 0xb0, 0x00, 0x00, 0x05, 0xdf, 0xff, 0xf0,
    0x48, 0x40, 0x00, 0x00, 0x00, 0x8f, 0x80, 0x00, 0x00, 0x00, 0x8f, 0x80, 0x00, 0x00, 0x00, 0x8f,
    0x80, 0x00, 0x00, 0x00, 0x8f, 0x80, 0x00, 0x00, 0x00, 0x8f, 0x80, 0x00, 0x00, 0x00, 0x8f, 0x80,
    0x00, 0x6a, 0x50, 0x8f, 0x80, 0x03, 0xff, 0xe0, 0x8f, 0x80, 0x04, 0xff, 0xf0, 0x8f, 0x80, 0x00,
    0x8b, 0x50, 0x8f, 0x80, 0x00, 0x00, 0x00, 0x8f, 0x80, 0x00, 0x00, 0x00, 0x8f, 0x80, 0x00, 0x00,
    0x00, 0x8f, 0xdb, 0xbb, 0xbb, 0xb0, 0x8f, 0xff, 0xff, 0xff, 0xf0, 0x68, 0x88, 0x88, 0x00, 0x00,
    0x00, 0x0b, 0xff, 0xff, 0xf0, 0x00, 0x00, 0x00, 0x34, 0x44, 0xff, 0x00, 0x00, 0x00, 0x00, 0x00,
    0x0f, 0xf0, 0x00, 0x00, 0x00, 0x00, 0x00, 0xff, 0x00, 0x00, 0x00, 0x00, 0x00, 0x0f, 0xf0, 0x00,
    0x00, 0x00, 0x00, 0x00, 0xff, 0x00, 0x01, 0x99, 0x10, 0x00, 0x0f, 0xf0, 0x00, 0x9f, 0xf9, 0x00,
    0x00, 0xff, 0x00, 0x09, 0xff, 0x90, 0x00, 0x0f, 0xf0, 0x00, 0x19, 0x91, 0x00, 0x00, 0xff, 0x00,
    0x00, 0x00, 0x00, 0x00, 0x0f, 0xf0, 0x00, 0x00, 0x00, 0x00, 0x00, 0xff, 0x20, 0x00, 0x00, 0x00,
    0x00, 0x09, 0xfe, 0xbb, 0xb8, 0x00, 0x00, 0x00, 0x18, 0xef, 0xff, 0xb0, 0x00, 0x00, 0x48, 0x40,
    0x00, 0x00, 0x00, 0x00, 0x8f, 0x80, 0x00, 0x00, 0x00, 0x00, 0x8f, 0x80, 0x00, 0x00, 0x00, 0x00,
    0x8f, 0x80, 0x00, 0x00, 0x00, 0x00, 0x8f, 0x80, 0x5a, 0x00, 0x00, 0x00, 0x8f, 0x8a, 0xfa, 0x00,
    0x00, 0x00, 0x8f, 0xfe, 0x70, 0x00, 0x00, 0x02, 0xcf, 0xc2, 0x00, 0x00, 0x00, 0x5e, 0xff, 0x80,
    0x00, 0x00, 0x00, 0x8a, 0x8f, 0x80, 0x00, 0x00, 0x00, 0x10, 0x8f, 0x80, 0x00, 0x00, 0x00, 0x00,
    0x8f, 0x80, 0x00, 0x00, 0x00, 0x00, 0x8f, 0x80, 0x00, 0x00, 0x00, 0x00, 0x8f, 0xdb, 0xbb, 0xbb,
    0xb0, 0x00, 0x8f, 0xff, 0xff, 0xff, 0xf0, 0x48, 0x88, 0x88, 0x20, 0x00, 0x00, 0x8f, 0xff, 0xff,
    0x40, 0x00, 0x00, 0x24, 0x44, 0xcf, 0x40, 0x00, 0x00, 0x00, 0x00, 0xbf, 0x40, 0x01, 0x00, 0x00,
    0x00, 0xbf, 0x41, 0x88, 0x00, 0x00, 0x00, 0xbf, 0x8d, 0xf5, 0x00, 0x00, 0x00, 0xbf, 0xfc, 0x30,
    0x00, 0x00, 0x05, 0xef, 0x80, 0x00, 0x00, 0x00, 0xaf, 0xff, 0x40, 0x00, 0x00, 0x00, 0xe7, 0xbf,
    0x40, 0x00, 0x00, 0x00, 0x20, 0xbf, 0x40, 0x00, 0x00, 0x00, 0x00, 0xbf, 0x40, 0x00, 0x00, 0x00,
    0x00, 0x8f, 0x80, 0x00, 0x00, 0x00, 0x00, 0x4f, 0xfc, 0xbb, 0xb0, 0x00, 0x00, 0x05, 0xdf, 0xff,
    0xf0, 0x00, 0x00, 0x08, 0xf9, 0x00, 0x00, 0x00, 0x4f, 0xc0, 0x00, 0x00, 0x00, 0xab, 0x10, 0x00,
    0x00, 0x00, 0x00, 0x00, 0x00, 0x28, 0x83, 0x00, 0x04, 0x82, 0x4f, 0xfa, 0x00, 0x08, 0xf4, 0x4f,
    0xff, 0x10, 0x08, 0xf4, 0x4f, 0xcf, 0x60, 0x08, 0xf4, 0x4f, 0x8e, 0xa0, 0x08, 0xf4, 0x4f, 0x89,
    0xf2, 0x08, 0xf4, 0x4f, 0x85, 0xf7, 0x08, 0xf4, 0x4f, 0x80, 0xdc, 0x08, 0xf4, 0x4f, 0x80, 0x8f,
    0x28, 0xf4, 0x4f, 0x80, 0x3f, 0x88, 0xf4, 0x4f, 0x80, 0x0d, 0xd8, 0xf4, 0x4f, 0x80, 0x08, 0xfa,
    0xf4, 0x4f, 0x80, 0x02, 0xfe, 0xf4, 0x4f, 0x80, 0x00, 0xcf, 0xf4, 0x4f, 0x80, 0x00, 0x7f, 0xf4,
    0x00, 0x00, 0x03, 0xb9, 0x00, 0x00, 0x00, 0x1d, 0xe3, 0x00, 0x00, 0x00, 0xaf, 0x60, 0x00, 0x00,
    0x00, 0x00, 0x00, 0x00, 0x00, 0x00, 0x14, 0x20, 0x00, 0x4f, 0xb6, 0xff, 0xfb, 0x10, 0x4f, 0xde,
    0x88, 0xdf, 0xb0, 0x4f, 0xf3, 0x00, 0x1e, 0xf3, 0x4f, 0xb0, 0x00, 0x0b, 0xf4, 0x4f, 0xb0, 0x00,
    0x0b, 0xf4, 0x4f, 0xb0, 0x00, 0x0b, 0xf4, 0x4f, 0xb0, 0x00, 0x0b, 0xf4, 0x4f, 0xb0, 0x00, 0x0b,
    0xf4, 0x4f, 0xb0, 0x00, 0x0b, 0xf4, 0x4f, 0xb0, 0x00, 0x0b, 0xf4, 0x4f, 0xb0, 0x00, 0x0b, 0xf4,
    0x28, 0x83, 0x00, 0x04, 0x82, 0x4f, 0xfa, 0x00, 0x08, 0xf4, 0x4f, 0xff, 0x10, 0x08, 0xf4, 0x4f,
    0xcf, 0x60, 0x08, 0xf4, 0x4f, 0x8e, 0xa0, 0x08, 0xf4, 0x4f, 0x89, 0xf2, 0x08, 0xf4, 0x4f, 0x85,
    0xf7, 0x08, 0xf4, 0x4f, 0x80, 0xdc, 0x08, 0xf4, 0x4f, 0x80, 0x8f, 0x28, 0xf4, 0x4f, 0x80, 0x3f,
    0x88, 0xf4, 0x4f, 0x80, 0x0d, 0xd8, 0xf4, 0x4f, 0x80, 0x08, 0xfa, 0xf4, 0x4f, 0x80, 0x02, 0xfe,
    0xf4, 0x4f, 0x80, 0x00, 0xcf, 0xf4, 0x4f, 0x80, 0x00, 0x7f, 0xf4, 0x00, 0x00, 0x00, 0x00, 0x00,
    0x00, 0x00, 0x00, 0x00, 0x00, 0x00, 0x00, 0xbf, 0x70, 0x00, 0x00, 0x07, 0xfb, 0x00, 0x00, 0x00,
    0x1a, 0xb1, 0x00, 0x00, 0x00, 0x00, 0x14, 0x20, 0x00, 0x4f, 0xb6, 0xff, 0xfb, 0x10, 0x4f, 0xde,
    0x88, 0xdf, 0xb0, 0x4f, 0xf3, 0x00, 0x1e, 0xf3, 0x4f, 0xb0, 0x00, 0x0b, 0xf4, 0x4f, 0xb0, 0x00,
    0x0b, 0xf4, 0x4f, 0xb0, 0x00, 0x0b, 0xf4, 0x4f, 0xb0, 0x00, 0x0b, 0xf4, 0x4f, 0xb0, 0x00, 0x0b,
    0xf4, 0x4f, 0xb0, 0x00, 0x0b, 0xf4, 0x4f, 0xb0, 0x00, 0x0b, 0xf4, 0x4f, 0xb0, 0x00, 0x0b, 0xf4,
    0x00, 0x00, 0x00, 0x00, 0x00, 0x00, 0x00, 0x00, 0x00, 0x00, 0x00, 0x00, 0xbf, 0x70, 0x00, 0x00,
    0x07, 0xfb, 0x00, 0x00, 0x00, 0x1a, 0xb1, 0x00, 0x00, 0x03, 0xec, 0x11, 0xce, 0x30, 0x00, 0x3e,
    0xcc, 0xe3, 0x00, 0x00, 0x03, 0xbb, 0x30, 0x00, 0x00, 0x00, 0x00, 0x00, 0x00, 0x28, 0x83, 0x00,
    0x04, 0x82, 0x4f, 0xfa, 0x00, 0x08, 0xf4, 0x4f, 0xff, 0x10, 0x08, 0xf4, 0x4f, 0xcf, 0x60, 0x08,
    0xf4, 0x4f, 0x8e, 0xa0, 0x08, 0xf4, 0x4f, 0x89, 0xf2, 0x08, 0xf4, 0x4f, 0x85, 0xf7, 0x08, 0xf4,
    0x4f, 0x80, 0xdc, 0x08, 0xf4, 0x4f, 0x80, 0x8f, 0x28, 0xf4, 0x4f, 0x80, 0x3f, 0x88, 0xf4, 0x4f,
    0x80, 0x0d, 0xd8, 0xf4, 0x4f, 0x80, 0x08, 0xfa, 0xf4, 0x4f, 0x80, 0x02, 0xfe, 0xf4, 0x4f, 0x80,
    0x00, 0xcf, 0xf4, 0x4f, 0x80, 0x00, 0x7f, 0xf4, 0x03, 0xb8, 0x00, 0x8b, 0x60, 0x00, 0x6f, 0xa9,
    0xf9, 0x00, 0x00, 0x06, 0xff, 0x90, 0x00, 0x00, 0x00, 0x00, 0x00, 0x00, 0x00, 0x00, 0x14, 0x20,
    0x00, 0x4f, 0xb6, 0xff, 0xfb, 0x10, 0x4f, 0xde, 0x88, 0xdf, 0xb0, 0x4f, 0xf3, 0x00, 0x1e, 0xf3,
    0x4f, 0xb0, 0x00, 0x0b, 0xf4, 0x4f, 0xb0, 0x00, 0x0b, 0xf4, 0x4f, 0xb0, 0x00, 0x0b, 0xf4, 0x4f,
    0xb0, 0x00, 0x0b, 0xf4, 0x4f, 0xb0, 0x00, 0x0b, 0xf4, 0x4f, 0xb0, 0x00, 0x0b, 0xf4, 0x4f, 0xb0,
    0x00, 0x0b, 0xf4, 0x4f, 0xb0, 0x00, 0x0b, 0xf4, 0x00, 0x7b, 0x70, 0x00, 0x00, 0x00, 0x03, 0xfd,
    0x10, 0x00, 0x00, 0x00, 0x0c, 0xf3, 0x00, 0x00, 0x00, 0x00, 0x00, 0x00, 0x00, 0x00, 0x00, 0x00,
    0x00, 0x00, 0x00, 0x14, 0x20, 0x00, 0x00, 0x4f, 0xb6, 0xff, 0xfb, 0x10, 0x00, 0x4f, 0xde, 0x88,
    0xdf, 0xb0, 0x00, 0x4f, 0xf3, 0x00, 0x1e, 0xf3, 0x00, 0x4f, 0xb0, 0x00, 0x0b, 0xf4, 0x00, 0x4f,
    0xb0, 0x00, 0x0b, 0xf4, 0x00, 0x4f, 0xb0, 0x00, 0x0b, 0xf4, 0x00, 0x4f, 0xb0, 0x00, 0x0b, 0xf4,
    0x00, 0x4f, 0xb0, 0x00, 0x0b, 0xf4, 0x00, 0x4f, 0xb0, 0x00, 0x0b, 0xf4, 0x00, 0x4f, 0xb0, 0x00,
    0x0b, 0xf4, 0x00, 0x4f, 0xb0, 0x00, 0x0b, 0xf4, 0x28, 0x83, 0x00, 0x04, 0x82, 0x4f, 0xfb, 0x00,
    0x08, 0xf4, 0x4f, 0xff, 0x20, 0x08, 0xf4, 0x4f, 0xbf, 0x80, 0x08, 0xf4, 0x4f, 0x8d, 0xe0, 0x08,
    0xf4, 0x4f, 0x87, 0xf6, 0x08, 0xf4, 0x4f, 0x81, 0xeb, 0x08, 0xf4, 0x4f, 0x80, 0x9f, 0x28, 0xf4,
    0x4f, 0x80, 0x3f, 0x88, 0xf4, 0x4f, 0x80, 0x0c, 0xe8, 0xf4, 0x4f, 0x80, 0x06, 0xfd, 0xf4, 0x4f,
    0x80, 0x00, 0xef, 0xf4, 0x4f, 0x80, 0x00, 0x8f, 0xf4, 0x4f, 0x80, 0x00, 0x2f, 0xf4, 0x4f, 0x80,
    0x00, 0x0c, 0xf4, 0x00, 0x00, 0x00, 0x0d, 0xf4, 0x00, 0x01, 0x44, 0xaf, 0xd0, 0x00, 0x04, 0xff,
    0xfe, 0x30, 0x00, 0x02, 0x88, 0x71, 0x00, 0x00, 0x00, 0x14, 0x20, 0x00, 0x4f, 0xb6, 0xff, 0xfb,
    0x10, 0x4f, 0xce, 0x88, 0xdf, 0xb0, 0x4f, 0xf3, 0x00, 0x1f, 0xf2, 0x4f, 0xc0, 0x00, 0x0b, 0xf4,
    0x4f, 0xb0, 0x00, 0x0b, 0xf4, 0x4f, 0xb0, 0x00, 0x0b, 0xf4, 0x4f, 0xb0, 0x00, 0x0b, 0xf4, 0x4f,
    0xb0, 0x00, 0x0b, 0xf4, 0x4f, 0xb0, 0x00, 0x0b, 0xf4, 0x4f, 0xb0, 0x00, 0x0b, 0xf4, 0x4f, 0xb0,
    0x00, 0x0b, 0xf4, 0x00, 0x00, 0x00, 0x0d, 0xf3, 0x00, 0x01, 0x44, 0xaf, 0xd0, 0x00, 0x04, 0xff,
    0xfe, 0x30, 0x00, 0x02, 0x88, 0x61, 0x00, 0x01, 0x44, 0x44, 0x44, 0x10, 0x04, 0xff, 0xff, 0xff,
    0x40, 0x01, 0x44, 0x44, 0x44, 0x10, 0x00, 0x00, 0x00, 0x00, 0x00, 0x00, 0x29, 0xbb, 0x92, 0x00,
    0x05, 0xff, 0xff, 0xff, 0x50, 0x0d, 0xf7, 0x00, 0x7f, 0xe0, 0x4f, 0xc0, 0x00, 0x0c, 0xf4, 0x4f,
    0xb0, 0x00, 0x0b, 0xf4, 0x4f, 0xb0, 0x00, 0x0b, 0xf4, 0x4f, 0xb0, 0x00, 0x0b, 0xf4, 0x4f, 0xb0,
    0x00, 0x0b, 0xf4, 0x4f, 0xb0, 0x00, 0x0b, 0xf4, 0x4f, 0xb0, 0x00, 0x0b, 0xf4, 0x4f, 0xb0, 0x00,
    0x0b, 0xf4, 0x4f, 0xb0, 0x00, 0x0b, 0xf4, 0x1f, 0xe1, 0x00, 0x1e, 0xf1, 0x08, 0xfe, 0x88, 0xef,
    0x80, 0x00, 0x8e, 0xff, 0xe8, 0x00, 0x00, 0x00, 0x44, 0x00, 0x00, 0x04, 0xff, 0xff, 0xff, 0x40,
    0x03, 0xbb, 0xbb, 0xbb, 0x30, 0x00, 0x00, 0x00, 0x00, 0x00, 0x00, 0x00, 0x33, 0x00, 0x00, 0x00,
    0x8e, 0xff, 0xe8, 0x00, 0x08, 0xfe, 0x99, 0xef, 0x80, 0x2f, 0xe1, 0x00, 0x1e, 0xf2, 0x5f, 0x90,
    0x00, 0x09, 0xf5, 0x8f, 0x80, 0x00, 0x08, 0xf8, 0x8f, 0x80, 0x00, 0x08, 0xf8, 0x8f, 0x80, 0x00,
    0x08, 0xf8, 0x5f, 0x90, 0x00, 0x09, 0xf5, 0x2f, 0xe1, 0x00, 0x1e, 0xf2, 0x08, 0xfe, 0x99, 0xef,
    0x80, 0x00, 0x8e, 0xff, 0xe8, 0x00, 0x00, 0x00, 0x33, 0x00, 0x00, 0x04, 0xf6, 0x00, 0x6f, 0x40,
    0x00, 0xce, 0x66, 0xec, 0x00, 0x00, 0x19, 0xee, 0x91, 0x00, 0x00, 0x00, 0x00, 0x00, 0x00, 0x00,
    0x29, 0xbb, 0x92, 0x00, 0x05, 0xff, 0xff, 0xff, 0x50, 0x0d, 0xf7, 0x00, 0x7f, 0xe0, 0x4f, 0xc0,
    0x00, 0x0c, 0xf4, 0x4f, 0xb0, 0x00, 0x0b, 0xf4, 0x4f, 0xb0, 0x00, 0x0b, 0xf4, 0x4f, 0xb0, 0x00,
    0x0b, 0xf4, 0x4f, 0xb0, 0x00, 0x0b, 0xf4, 0x4f, 0xb0, 0x00, 0x0b, 0xf4, 0x4f, 0xb0, 0x00, 0x0b,
    0xf4, 0x4f, 0xb0, 0x00, 0x0b, 0xf4, 0x4f, 0xb0, 0x00, 0x0b, 0xf4, 0x1f, 0xe1, 0x00, 0x1e, 0xf1,
    0x08, 0xfe, 0x88, 0xef, 0x80, 0x00, 0x8e, 0xff, 0xe8, 0x00, 0x00, 0x00, 0x44, 0x00, 0x00, 0x03,
    0xb3, 0x00, 0x3b, 0x30, 0x01, 0xec, 0x22, 0xce, 0x10, 0x00, 0x5e, 0xff, 0xe5, 0x00, 0x00, 0x00,
    0x44, 0x00, 0x00, 0x00, 0x00, 0x33, 0x00, 0x00, 0x00, 0x8e, 0xff, 0xe8, 0x00, 0x08, 0xfe, 0x99,
    0xef, 0x80, 0x2f, 0xe1, 0x00, 0x1e, 0xf2, 0x5f, 0x90, 0x00, 0x09, 0xf5, 0x8f, 0x80, 0x00, 0x08,
    0xf8, 0x8f, 0x80, 0x00, 0x08, 0xf8, 0x8f, 0x80, 0x00, 0x08, 0xf8, 0x5f, 0x90, 0x00, 0x09, 0xf5,
    0x2f, 0xe1, 0x00, 0x1e, 0xf2, 0x08, 0xfe, 0x99, 0xef, 0x80, 0x00, 0x8e, 0xff, 0xe8, 0x00, 0x00,
    0x00, 0x33, 0x00, 0x00, 0x00, 0x06, 0xf9, 0x0a, 0xf4, 0x00, 0x3f, 0xb0, 0x8f, 0x70, 0x00, 0x9a,
    0x12, 0xb8, 0x00, 0x00, 0x00, 0x00, 0x00, 0x00, 0x00, 0x29, 0xbb, 0x92, 0x00, 0x05, 0xff, 0xff,
    0xff, 0x50, 0x0d, 0xf7, 0x00, 0x7f, 0xe0, 0x4f, 0xc0, 0x00, 0x0c, 0xf4, 0x4f, 0xb0, 0x00, 0x0b,
    0xf4, 0x4f, 0xb0, 0x00, 0x0b, 0xf4, 0x4f, 0xb0, 0x00, 0x0b, 0xf4, 0x4f, 0xb0, 0x00, 0x0b, 0xf4,
    0x4f, 0xb0, 0x00, 0x0b, 0xf4, 0x4f, 0xb0, 0x00, 0x0b, 0xf4, 0x4f, 0xb0, 0x00, 0x0b, 0xf4, 0x4f,
    0xb0, 0x00, 0x0b, 0xf4, 0x1f, 0xe1, 0x00, 0x1e, 0xf1, 0x08, 0xfe, 0x88, 0xef, 0x80, 0x00, 0x8e,
    0xff, 0xe8, 0x00, 0x00, 0x00, 0x44, 0x00, 0x00, 0x00, 0x03, 0xb8, 0x06, 0xb5, 0x00, 0x1d, 0xe1,
    0x4f, 0xa0, 0x00, 0xaf, 0x32, 0xec, 0x10, 0x00, 0x00, 0x00, 0x00, 0x00, 0x00, 0x00, 0x33, 0x00,
    0x00, 0x00, 0x8e, 0xff, 0xe8, 0x00, 0x08, 0xfe, 0x99, 0xef, 0x80, 0x2f, 0xe1, 0x00, 0x1e, 0xf2,
    0x5f, 0x90, 0x00, 0x09, 0xf5, 0x8f, 0x80, 0x00, 0x08, 0xf8, 0x8f, 0x80, 0x00, 0x08, 0xf8, 0x8f,
    0x80, 0x00, 0x08, 0xf8, 0x5f, 0x90, 0x00, 0x09, 0xf5, 0x2f, 0xe1, 0x00, 0x1e, 0xf2, 0x08, 0xfe,
    0x99, 0xef, 0x80, 0x00, 0x8e, 0xff, 0xe8, 0x00, 0x00, 0x00, 0x33, 0x00, 0x00, 0x00, 0x8b, 0xa3,
    0x68, 0x88, 0x84, 0x08, 0xff, 0xfd, 0xbf, 0xff, 0xf8, 0x0f, 0xf3, 0x06, 0xff, 0x44, 0x42, 0x4f,
    0xb0, 0x00, 0xff, 0x00, 0x00, 0x4f, 0xb0, 0x00, 0xff, 0x00, 0x00, 0x4f, 0xb0, 0x00, 0xff, 0x00,
    0x00, 0x4f, 0xb0, 0x00, 0xff, 0x88, 0x80, 0x4f, 0xb0, 0x00, 0xff, 0xff, 0xf0, 0x4f, 0xb0, 0x00,
    0xff, 0x44, 0x40, 0x4f, 0xb0, 0x00, 0xff, 0x00, 0x00, 0x4f, 0xb0, 0x00, 0xff, 0x00, 0x00, 0x4f,
    0xb0, 0x00, 0xff, 0x00, 0x00, 0x2f, 0xe1, 0x02, 0xff, 0x00, 0x00, 0x0b, 0xfd, 0x8d, 0xdf, 0xbb,
    0xb6, 0x03, 0xdf, 0xf6, 0xbf, 0xff, 0xf8, 0x00, 0x03, 0x20, 0x00, 0x00, 0x00, 0x00, 0x14, 0x10,
    0x01, 0x41, 0x00, 0x06, 0xef, 0xf6, 0x8f, 0xfe, 0x60, 0x1e, 0xe8, 0xaf, 0xfa, 0x8e, 0xe1, 0x4f,
    0x80, 0x0f, 0xf0, 0x08, 0xf4, 0x4f, 0x80, 0x0f, 0xf0, 0x08, 0xf4, 0x4f, 0x80, 0x0f, 0xf8, 0x8b,
    0xf4, 0x4f, 0x80, 0x0f, 0xff, 0xff, 0xf4, 0x4f, 0x80, 0x0f, 0xf0, 0x00, 0x00, 0x4f, 0x80, 0x0f,
    0xf0, 0x00, 0x00, 0x4f, 0x80, 0x0f, 0xf0, 0x05, 0x82, 0x1e, 0xe8, 0xaf, 0xfa, 0x8e, 0xe0, 0x06,
    0xef, 0xf6, 0x8f, 0xfe, 0x40, 0x00, 0x14, 0x10, 0x01, 0x40, 0x00, 0x00, 0x00, 0x08, 0xf9, 0x00,
    0x00, 0x00, 0x4f, 0xc0, 0x00, 0x00, 0x00, 0xab, 0x10, 0x00, 0x00, 0x00, 0x00, 0x00, 0x00, 0x28,
    0x88, 0x88, 0x82, 0x00, 0x4f, 0xff, 0xff, 0xff, 0x60, 0x4f, 0xc4, 0x44, 0x7f, 0xf4, 0x4f, 0xb0,
    0x00, 0x08, 0xf9, 0x4f, 0xb0, 0x00, 0x04, 0xfb, 0x4f, 0xb0, 0x00, 0x06, 0xfa, 0x4f, 0xb0, 0x00,
    0x2d, 0xf6, 0x4f, 0xeb, 0xbd, 0xff, 0xb0, 0x4f, 0xff, 0xff, 0xf8, 0x00, 0x4f, 0xb0, 0x0b, 0xf6,
    0x00, 0x4f, 0xb0, 0x04, 0xfd, 0x00, 0x4f, 0xb0, 0x00, 0xcf, 0x60, 0x4f, 0xb0, 0x00, 0x6f, 0xb0,
    0x4f, 0xb0, 0x00, 0x0d, 0xf4, 0x4f, 0xb0, 0x00, 0x07, 0xfb, 0x00, 0x00, 0x1a, 0xb2, 0x00, 0x00,
    0x09, 0xf7, 0x00, 0x00, 0x06, 0xf9, 0x00, 0x00, 0x00, 0x00, 0x00, 0x00, 0x00, 0x00, 0x34, 0x00,
    0x0b, 0xf2, 0xcf, 0xfe, 0x60, 0xbf, 0xaa, 0x8a, 0xff, 0x4b, 0xf8, 0x00, 0x09, 0xf8, 0xbf, 0x40,
    0x00, 0x4f, 0xbb, 0xf4, 0x00, 0x03, 0xb8, 0xbf, 0x40, 0x00, 0x00, 0x0b, 0xf4, 0x00, 0x00, 0x00,
    0xbf, 0x40, 0x00, 0x00, 0x0b, 0xf4, 0x00, 0x00, 0x00, 0xbf, 0x40, 0x00, 0x00, 0x0b, 0xf4, 0x00,
    0x00, 0x00, 0x28, 0x88, 0x88, 0x82, 0x00, 0x4f, 0xff, 0xff, 0xff, 0x60, 0x4f, 0xc4, 0x44, 0x7f,
    0xf4, 0x4f, 0xb0, 0x00, 0x08, 0xf9, 0x4f, 0xb0, 0x00, 0x04, 0xfb, 0x4f, 0xb0, 0x00, 0x06, 0xfa,
    0x4f, 0xb0, 0x00, 0x2d, 0xf6, 0x4f, 0xeb, 0xbd, 0xff, 0xb0, 0x4f, 0xff, 0xff, 0xf8, 0x00, 0x4f,
    0xb0, 0x0b, 0xf6, 0x00, 0x4f, 0xb0, 0x04, 0xfd, 0x00, 0x4f, 0xb0, 0x00, 0xcf, 0x60, 0x4f, 0xb0,
    0x00, 0x6f, 0xb0, 0x4f, 0xb0, 0x00, 0x0d, 0xf4, 0x4f, 0xb0, 0x00, 0x07, 0xfb, 0x00, 0x00, 0x00,
    0x00, 0x00, 0x00, 0x00, 0x00, 0x00, 0x00, 0x00, 0x00, 0xbf, 0x70, 0x00, 0x00, 0x07, 0xfb, 0x00,
    0x00, 0x00, 0x1a, 0xb1, 0x00, 0x00, 0x00, 0x00, 0x00, 0x34, 0x00, 0x00, 0x0b, 0xf2, 0xcf, 0xfe,
    0x60, 0x00, 0xbf, 0xaa, 0x8a, 0xff, 0x40, 0x0b, 0xf8, 0x00, 0x09, 0xf8, 0x00, 0xbf, 0x40, 0x00,
    0x4f, 0xb0, 0x0b, 0xf4, 0x00, 0x03, 0xb8, 0x00, 0xbf, 0x40, 0x00, 0x00, 0x00, 0x0b, 0xf4, 0x00,
    0x00, 0x00, 0x00, 0xbf, 0x40, 0x00, 0x00, 0x00, 0x0b, 0xf4, 0x00, 0x00, 0x00, 0x00, 0xbf, 0x40,
    0x00, 0x00, 0x00, 0x0b, 0xf4, 0x00, 0x00, 0x00, 0x00, 0x00, 0x00, 0x00, 0x00, 0x00, 0x00, 0x00,
    0x00, 0x00, 0x00, 0x00, 0xcf, 0x60, 0x00, 0x00, 0x00, 0x8f, 0x90, 0x00, 0x00, 0x00, 0x1b, 0xa1,
    0x00, 0x00, 0x00, 0x00, 0x03, 0xec, 0x11, 0xce, 0x30, 0x00, 0x3e, 0xcc, 0xe3, 0x00, 0x00, 0x03,
    0xbb, 0x30, 0x00, 0x00, 0x00, 0x00, 0x00, 0x00, 0x28, 0x88, 0x88, 0x82, 0x00, 0x4f, 0xff, 0xff,
    0xff, 0x60, 0x4f, 0xc4, 0x44, 0x7f, 0xf4, 0x4f, 0xb0, 0x00, 0x08, 0xf9, 0x4f, 0xb0, 0x00, 0x04,
    0xfb, 0x4f, 0xb0, 0x00, 0x06, 0xfa, 0x4f, 0xb0, 0x00, 0x2d, 0xf6, 0x4f, 0xeb, 0xbd, 0xff, 0xb0,
    0x4f, 0xff, 0xff, 0xf8, 0x00, 0x4f, 0xb0, 0x0b, 0xf6, 0x00, 0x4f, 0xb0, 0x04, 0xfd, 0x00, 0x4f,
    0xb0, 0x00, 0xcf, 0x60, 0x4f, 0xb0, 0x00, 0x6f, 0xb0, 0x4f, 0xb0, 0x00, 0x0d, 0xf4, 0x4f, 0xb0,
    0x00, 0x07, 0xfb, 0x1a, 0xb3, 0x03, 0xb8, 0x00, 0x3e, 0xe8, 0xfc, 0x10, 0x00, 0x3e, 0xfc, 0x10,
    0x00, 0x00, 0x00, 0x00, 0x00, 0x00, 0x00, 0x34, 0x00, 0x0b, 0xf2, 0xcf, 0xfe, 0x60, 0xbf, 0xaa,
    0x8a, 0xff, 0x4b, 0xf8, 0x00, 0x09, 0xf8, 0xbf, 0x40, 0x00, 0x4f, 0xbb, 0xf4, 0x00, 0x03, 0xb8,
    0xbf, 0x40, 0x00, 0x00, 0x0b, 0xf4, 0x00, 0x00, 0x00, 0xbf, 0x40, 0x00, 0x00, 0x0b, 0xf4, 0x00,
    0x00, 0x00, 0xbf, 0x40, 0x00, 0x00, 0x0b, 0xf4, 0x00, 0x00, 0x00, 0x00, 0x00, 0x08, 0xf9, 0x00,
    0x00, 0x00, 0x4f, 0xc0, 0x00, 0x00, 0x00, 0xab, 0x10, 0x00, 0x00, 0x00, 0x00, 0x00, 0x00, 0x00,
    0x39, 0xbb, 0x82, 0x00, 0x06, 0xff, 0xff, 0xfe, 0x50, 0x0e, 0xf7, 0x00, 0x7f, 0xd0, 0x4f, 0xb0,
    0x00, 0x0c, 0xf4, 0x4f, 0xb0, 0x00, 0x00, 0x00, 0x1f, 0xe3, 0x00, 0x00, 0x00, 0x08, 0xff, 0xc8,
    0x30, 0x00, 0x00, 0x8e, 0xff, 0xfc, 0x30, 0x00, 0x00, 0x48, 0xdf, 0xd1, 0x00, 0x00, 0x00, 0x0b,
    0xf7, 0x00, 0x00, 0x00, 0x05, 0xf9, 0x8f, 0x60, 0x00, 0x05, 0xf8, 0x6f, 0xc1, 0x00, 0x1b, 0xf6,
    0x1c, 0xfd, 0x88, 0xdf, 0xc1, 0x01, 0x9f, 0xff, 0xf9, 0x10, 0x00, 0x00, 0x44, 0x00, 0x00, 0x00,
    0x00, 0x05, 0xb8, 0x00, 0x00, 0x00, 0x2e, 0xe2, 0x00, 0x00, 0x00, 0xcf, 0x40, 0x00, 0x00, 0x00,
    0x00, 0x00, 0x00, 0x00, 0x01, 0x44, 0x00, 0x00, 0x03, 0xbf, 0xff, 0xfb, 0x20, 0x0d, 0xfa, 0x88,
    0xbf, 0xd0, 0x4f, 0xc0, 0x00, 0x09, 0xb3, 0x4f, 0xc0, 0x00, 0x00, 0x00, 0x0e, 0xfd, 0xb8, 0x73,
    0x00, 0x03, 0xcf, 0xff, 0xff, 0x80, 0x00, 0x00, 0x34, 0x8e, 0xf3, 0x00, 0x00, 0x00, 0x08, 0xf6,
    0x6f, 0x90, 0x00, 0x09, 0xf5, 0x1e, 0xfb, 0x88, 0xaf, 0xe1, 0x03, 0xcf, 0xff, 0xfc, 0x30, 0x00,
    0x01, 0x44, 0x10, 0x00, 0x00, 0x06, 0xff, 0x60, 0x00, 0x00, 0x6f, 0xca, 0xf6, 0x00, 0x03, 0xb8,
    0x00, 0x8b, 0x30, 0x00, 0x00, 0x00, 0x00, 0x00, 0x00, 0x39, 0xbb, 0x82, 0x00, 0x06, 0xff, 0xff,
    0xfe, 0x50, 0x0e, 0xf7, 0x00, 0x7f, 0xd0, 0x4f, 0xb0, 0x00, 0x0c, 0xf4, 0x4f, 0xb0, 0x00, 0x00,
    0x00, 0x1f, 0xe3, 0x00, 0x00, 0x00, 0x08, 0xff, 0xc8, 0x30, 0x00, 0x00, 0x8e, 0xff, 0xfc, 0x30,
    0x00, 0x00, 0x48, 0xdf, 0xd1, 0x00, 0x00, 0x00, 0x0b, 0xf7, 0x00, 0x00, 0x00, 0x05, 0xf9, 0x8f,
    0x60, 0x00, 0x05, 0xf8, 0x6f, 0xc1, 0x00, 0x1b, 0xf6, 0x1c, 0xfd, 0x88, 0xdf, 0xc1, 0x01, 0x9f,
    0xff, 0xf9, 0x10, 0x00, 0x00, 0x44, 0x00, 0x00, 0x00, 0x03, 0xbb, 0x30, 0x00, 0x00, 0x3e, 0xee,
    0xe3, 0x00, 0x03, 0xee, 0x33, 0xee, 0x30, 0x00, 0x00, 0x00, 0x00, 0x00, 0x00, 0x01, 0x44, 0x00,
    0x00, 0x03, 0xbf, 0xff, 0xfb, 0x20, 0x0d, 0xfa, 0x88, 0xbf, 0xd0, 0x4f, 0xc0, 0x00, 0x09, 0xb3,
    0x4f, 0xc0, 0x00, 0x00, 0x00, 0x0e, 0xfd, 0xb8, 0x73, 0x00, 0x03, 0xcf, 0xff, 0xff, 0x80, 0x00,
    0x00, 0x34, 0x8e, 0xf3, 0x00, 0x00, 0x00, 0x08, 0xf6, 0x6f, 0x90, 0x00, 0x09, 0xf5, 0x1e, 0xfb,
    0x88, 0xaf, 0xe1, 0x03, 0xcf, 0xff, 0xfc, 0x30, 0x00, 0x01, 0x44, 0x10, 0x00, 0x00, 0x39, 0xbb,
    0x82, 0x00, 0x06, 0xff, 0xff, 0xfe, 0x50, 0x0e, 0xf7, 0x00, 0x7f, 0xd0, 0x4f, 0xb0, 0x00, 0x0c,
    0xf4, 0x4f, 0xb0, 0x00, 0x00, 0x00, 0x1f, 0xe3, 0x00, 0x00, 0x00, 0x08, 0xff, 0xc8, 0x30, 0x00,
    0x00, 0x8e, 0xff, 0xfc, 0x30, 0x00, 0x00, 0x48, 0xdf, 0xd1, 0x00, 0x00, 0x00, 0x0b, 0xf7, 0x00,
    0x00, 0x00, 0x05, 0xf9, 0x8f, 0x60, 0x00, 0x05, 0xf8, 0x6f, 0xc1, 0x00, 0x1b, 0xf6, 0x0c, 0xfd,
    0x88, 0xdf, 0xc1, 0x01, 0x9f, 0xff, 0xf9, 0x10, 0x00, 0x05, 0xe7, 0x00, 0x00, 0x00, 0x05, 0x8e,
    0xb1, 0x00, 0x00, 0x00, 0x0a, 0xf4, 0x00, 0x00, 0x0f, 0xff, 0xb0, 0x00, 0x00, 0x00, 0x00, 0x00,
    0x00, 0x00, 0x01, 0x44, 0x00, 0x00, 0x03, 0xbf, 0xff, 0xfb, 0x20, 0x0d, 0xfa, 0x88, 0xbf, 0xd0,
    0x4f, 0xc0, 0x00, 0x09, 0xb3, 0x4f, 0xc0, 0x00, 0x00, 0x00, 0x0e, 0xfd, 0xb8, 0x73, 0x00, 0x03,
    0xcf, 0xff, 0xff, 0x80, 0x00, 0x00, 0x34, 0x8e, 0xf3, 0x00, 0x00, 0x00, 0x08, 0xf6, 0x6f, 0x90,
    0x00, 0x09, 0xf5, 0x1e, 0xfb, 0x88, 0xaf, 0xe1, 0x03, 0xcf, 0xff, 0xfc, 0x30, 0x00, 0x03, 0xf8,
    0x10, 0x00, 0x00, 0x03, 0x8d, 0xd2, 0x00, 0x00, 0x00, 0x07, 0xf8, 0x00, 0x00, 0x0b, 0xff, 0xc1,
    0x00, 0x00, 0x00, 0x00, 0x00, 0x00, 0x03, 0xec, 0x11, 0xce, 0x30, 0x00, 0x3e, 0xcc, 0xe3, 0x00,
    0x00, 0x03, 0xbb, 0x30, 0x00, 0x00, 0x00, 0x00, 0x00, 0x00, 0x00, 0x39, 0xbb, 0x82, 0x00, 0x06,
    0xff, 0xff, 0xfe, 0x50, 0x0e, 0xf7, 0x00, 0x7f, 0xd0, 0x4f, 0xb0, 0x00, 0x0c, 0xf4, 0x4f, 0xb0,
    0x00, 0x00, 0x00, 0x1f, 0xe3, 0x00, 0x00, 0x00, 0x08, 0xff, 0xc8, 0x30, 0x00, 0x00, 0x8e, 0xff,
    0xfc, 0x30, 0x00, 0x00, 0x48, 0xdf, 0xd1, 0x00, 0x00, 0x00, 0x0b, 0xf7, 0x00, 0x00, 0x00, 0x05,
    0xf9, 0x8f, 0x60, 0x00, 0x05, 0xf8, 0x6f, 0xc1, 0x00, 0x1b, 0xf6, 0x1c, 0xfd, 0x88, 0xdf, 0xc1,
    0x01, 0x9f, 0xff, 0xf9, 0x10, 0x00, 0x00, 0x44, 0x00, 0x00, 0x03, 0xb8, 0x00, 0x8b, 0x60, 0x00,
    0x6f, 0x99, 0xf9, 0x00, 0x00, 0x06, 0xff, 0x90, 0x00, 0x00, 0x00, 0x00, 0x00, 0x00, 0x00, 0x01,
    0x44, 0x00, 0x00, 0x03, 0xbf, 0xff, 0xfb, 0x20, 0x0d, 0xfa, 0x88, 0xbf, 0xd0, 0x4f, 0xc0, 0x00,
    0x09, 0xb3, 0x4f, 0xc0, 0x00, 0x00, 0x00, 0x0e, 0xfd, 0xb8, 0x73, 0x00, 0x03, 0xcf, 0xff, 0xff,
    0x80, 0x00, 0x00, 0x34, 0x8e, 0xf3, 0x00, 0x00, 0x00, 0x08, 0xf6, 0x6f, 0x90, 0x00, 0x09, 0xf5,
    0x1e, 0xfb, 0x88, 0xaf, 0xe1, 0x03, 0xcf, 0xff, 0xfc, 0x30, 0x00, 0x01, 0x44, 0x10, 0x00, 0x88,
    0x88, 0x88, 0x88, 0x88, 0xff, 0xff, 0xff, 0xff, 0xff, 0x44, 0x44, 0xff, 0x44, 0x44, 0x00, 0x00,
    0xff, 0x00, 0x00, 0x00, 0x00, 0xff, 0x00, 0x00, 0x00, 0x00, 0xff, 0x00, 0x00, 0x00, 0x00, 0xff,
    0x00, 0x00, 0x00, 0x00, 0xff, 0x00, 0x00, 0x00, 0x00, 0xff, 0x00, 0x00, 0x00, 0x00, 0xff, 0x00,
    0x00, 0x00, 0x00, 0xff, 0x00, 0x00, 0x00, 0x00, 0xff, 0x00, 0x00, 0x00, 0x00, 0xff, 0x00, 0x00,
    0x00, 0x00, 0xff, 0x00, 0x00, 0x00, 0x00, 0xff, 0x00, 0x00, 0x00, 0x00, 0x6d, 0x20, 0x00, 0x00,
    0x00, 0x68, 0xea, 0x00, 0x00, 0x00, 0x00, 0xaf, 0x40, 0x00, 0x00, 0xff, 0xf8, 0x00, 0x00, 0x00,
    0x00, 0x00, 0x00, 0x00, 0x00, 0x00, 0x00, 0x00, 0x00, 0x00, 0x0f, 0xf0, 0x00, 0x00, 0x00, 0x00,
    0xff, 0x00, 0x00, 0x00, 0x00, 0x0f, 0xf0, 0x00, 0x00, 0x0f, 0xff, 0xff, 0xff, 0xff, 0x80, 0xbb,
    0xbf, 0xfb, 0xbb, 0xb6, 0x00, 0x00, 0xff, 0x00, 0x00, 0x00, 0x00, 0x0f, 0xf0, 0x00, 0x00, 0x00,
    0x00, 0xff, 0x00, 0x00, 0x00, 0x00, 0x0f, 0xf0, 0x00, 0x00, 0x00, 0x00, 0xff, 0x00, 0x00, 0x00,
    0x00, 0x0f, 0xf0, 0x00, 0x00, 0x00, 0x00, 0xff, 0x20, 0x00, 0x00, 0x00, 0x09, 0xfe, 0xbb, 0xb3,
    0x00, 0x00, 0x19, 0xff, 0xff, 0x40, 0x00, 0x00, 0x2f, 0x50, 0x00, 0x00, 0x00, 0x03, 0x8d, 0xd2,
    0x00, 0x00, 0x00, 0x00, 0x7f, 0x80, 0x00, 0x00, 0x0b, 0xff, 0xc1, 0x00, 0x00, 0x00, 0x00, 0x00,
    0x00, 0x03, 0xec, 0x11, 0xce, 0x30, 0x00, 0x3e, 0xcc, 0xe3, 0x00, 0x00, 0x03, 0xbb, 0x30, 0x00,
    0x00, 0x00, 0x00, 0x00, 0x00, 0x88, 0x88, 0x88, 0x88, 0x88, 0xff, 0xff, 0xff, 0xff, 0xff, 0x44,
    0x44, 0xff, 0x44, 0x44, 0x00, 0x00, 0xff, 0x00, 0x00, 0x00, 0x00, 0xff, 0x00, 0x00, 0x00, 0x00,
    0xff, 0x00, 0x00, 0x00, 0x00, 0xff, 0x00, 0x00, 0x00, 0x00, 0xff, 0x00, 0x00, 0x00, 0x00, 0xff,
    0x00, 0x00, 0x00, 0x00, 0xff, 0x00, 0x00, 0x00, 0x00, 0xff, 0x00, 0x00, 0x00, 0x00, 0xff, 0x00,
    0x00, 0x00, 0x00, 0xff, 0x00, 0x00, 0x00, 0x00, 0xff, 0x00, 0x00, 0x00, 0x00, 0xff, 0x00, 0x00,
    0x00, 0x00, 0x00, 0x00, 0x00, 0x00, 0x00, 0x00, 0x00, 0x4f, 0x80, 0x00, 0x00, 0x00, 0x06, 0xf5,
    0x00, 0x00, 0x0f, 0xf0, 0x8f, 0x40, 0x00, 0x00, 0xff, 0x04, 0x81, 0x00, 0x00, 0x0f, 0xf0, 0x00,
    0x00, 0x0f, 0xff, 0xff, 0xff, 0xff, 0x80, 0xbb, 0xbf, 0xfb, 0xbb, 0xb6, 0x00, 0x00, 0xff, 0x00,
    0x00, 0x00, 0x00, 0x0f, 0xf0, 0x00, 0x00, 0x00, 0x00, 0xff, 0x00, 0x00, 0x00, 0x00, 0x0f, 0xf0,
    0x00, 0x00, 0x00, 0x00, 0xff, 0x00, 0x00, 0x00, 0x00, 0x0f, 0xf0, 0x00, 0x00, 0x00, 0x00, 0xff,
    0x20, 0x00, 0x00, 0x00, 0x09, 0xfe, 0xbb, 0xb3, 0x00, 0x00, 0x19, 0xff, 0xff, 0x40, 0x88, 0x88,
    0x88, 0x88, 0x88, 0xff, 0xff, 0xff, 0xff, 0xff, 0x44, 0x44, 0xff, 0x44, 0x44, 0x00, 0x00, 0xff,
    0x00, 0x00, 0x00, 0x00, 0xff, 0x00, 0x00, 0x00, 0x00, 0xff, 0x00, 0x00, 0x00, 0x00, 0xff, 0x00,
    0x00, 0x06, 0x88, 0xff, 0x88, 0x60, 0x0b, 0xff, 0xff, 0xff, 0xb0, 0x03, 0x44, 0xff, 0x44, 0x30,
    0x00, 0x00, 0xff, 0x00, 0x00, 0x00, 0x00, 0xff, 0x00, 0x00, 0x00, 0x00, 0xff, 0x00, 0x00, 0x00,
    0x00, 0xff, 0x00, 0x00, 0x00, 0x00, 0xff, 0x00, 0x00, 0x00, 0x00, 0x00, 0x00, 0x00, 0x00, 0x00,
    0x0f, 0xf0, 0x00, 0x00, 0x00, 0x00, 0xff, 0x00, 0x00, 0x00, 0x00, 0x0f, 0xf0, 0x00, 0x00, 0x0f,
    0xff, 0xff, 0xff, 0xff, 0x80, 0xbb, 0xbf, 0xfb, 0xbb, 0xb6, 0x00, 0x00, 0xff, 0x00, 0x00, 0x00,
    0x00, 0x0f, 0xf0, 0x00, 0x00, 0x01, 0x44, 0xff, 0x44, 0x42, 0x00, 0x4f, 0xff, 0xff, 0xff, 0x80,
    0x01, 0x44, 0xff, 0x44, 0x42, 0x00, 0x00, 0x0f, 0xf0, 0x00, 0x00, 0x00, 0x00, 0xff, 0x20, 0x00,
    0x00, 0x00, 0x09, 0xfe, 0xbb, 0xb3, 0x00, 0x00, 0x19, 0xff, 0xff, 0x40, 0x00, 0x8f, 0xb1, 0x0b,
    0x30, 0x03, 0xf8, 0xcd, 0xaf, 0x20, 0x03, 0xb0, 0x18, 0xb5, 0x00, 0x00, 0x00, 0x00, 0x00, 0x00,
    0x28, 0x60, 0x00, 0x06, 0x82, 0x4f, 0xb0, 0x00, 0x0b, 0xf4, 0x4f, 0xb0, 0x00, 0x0b, 0xf4, 0x4f,
    0xb0, 0x00, 0x0b, 0xf4, 0x4f, 0xb0, 0x00, 0x0b, 0xf4, 0x4f, 0xb0, 0x00, 0x0b, 0xf4, 0x4f, 0xb0,
    0x00, 0x0b, 0xf4, 0x4f, 0xb0, 0x00, 0x0b, 0xf4, 0x4f, 0xb0, 0x00, 0x0b, 0xf4, 0x4f, 0xb0, 0x00,
    0x0b, 0xf4, 0x4f, 0xb0, 0x00, 0x0b, 0xf4, 0x4f, 0xb0, 0x00, 0x0b, 0xf4, 0x1f, 0xf2, 0x00, 0x2f,
    0xf2, 0x08, 0xfe, 0x88, 0xef, 0x80, 0x00, 0x8f, 0xff, 0xf8, 0x10, 0x00, 0x00, 0x44, 0x00, 0x00,
    0x00, 0x5a, 0x70, 0x08, 0x20, 0x02, 0xfc, 0xea, 0x6f, 0x40, 0x04, 0xf0, 0x3d, 0xfb, 0x00, 0x00,
    0x00, 0x00, 0x00, 0x00, 0x00, 0x00, 0x00, 0x00, 0x00, 0x4f, 0xb0, 0x00, 0x0b, 0xf4, 0x4f, 0xb0,
    0x00, 0x0b, 0xf4, 0x4f, 0xb0, 0x00, 0x0b, 0xf4, 0x4f, 0xb0, 0x00, 0x0b, 0xf4, 0x4f, 0xb0, 0x00,
    0x0b, 0xf4, 0x4f, 0xb0, 0x00, 0x0b, 0xf4, 0x4f, 0xb0, 0x00, 0x0b, 0xf4, 0x4f, 0xb0, 0x00, 0x0b,
    0xf4, 0x1f, 0xf3, 0x00, 0x3f, 0xf1, 0x08, 0xfe, 0x88, 0xef, 0x80, 0x00, 0x8e, 0xff, 0xe8, 0x00,
    0x00, 0x00, 0x44, 0x00, 0x00, 0x01, 0x44, 0x44, 0x44, 0x10, 0x04, 0xff, 0xff, 0xff, 0x40, 0x01,
    0x44, 0x44, 0x44, 0x10, 0x00, 0x00, 0x00, 0x00, 0x00, 0x28, 0x60, 0x00, 0x06, 0x82, 0x4f, 0xb0,
    0x00, 0x0b, 0xf4, 0x4f, 0xb0, 0x00, 0x0b, 0xf4, 0x4f, 0xb0, 0x00, 0x0b, 0xf4, 0x4f, 0xb0, 0x00,
    0x0b, 0xf4, 0x4f, 0xb0, 0x00, 0x0b, 0xf4, 0x4f, 0xb0, 0x00, 0x0b, 0xf4, 0x4f, 0xb0, 0x00, 0x0b,
    0xf4, 0x4f, 0xb0, 0x00, 0x0b, 0xf4, 0x4f, 0xb0, 0x00, 0x0b, 0xf4, 0x4f, 0xb0, 0x00, 0x0b, 0xf4,
    0x4f, 0xb0, 0x00, 0x0b, 0xf4, 0x1f, 0xf2, 0x00, 0x2f, 0xf2, 0x08, 0xfe, 0x88, 0xef, 0x80, 0x00,
    0x8f, 0xff, 0xf8, 0x10, 0x00, 0x00, 0x44, 0x00, 0x00, 0x04, 0xff, 0xff, 0xff, 0x40, 0x03, 0xbb,
    0xbb, 0xbb, 0x30, 0x00, 0x00, 0x00, 0x00, 0x00, 0x00, 0x00, 0x00, 0x00, 0x00, 0x4f, 0xb0, 0x00,
    0x0b, 0xf4, 0x4f, 0xb0, 0x00, 0x0b, 0xf4, 0x4f, 0xb0, 0x00, 0x0b, 0xf4, 0x4f, 0xb0, 0x00, 0x0b,
    0xf4, 0x4f, 0xb0, 0x00, 0x0b, 0xf4, 0x4f, 0xb0, 0x00, 0x0b, 0xf4, 0x4f, 0xb0, 0x00, 0x0b, 0xf4,
    0x4f, 0xb0, 0x00, 0x0b, 0xf4, 0x1f, 0xf3, 0x00, 0x3f, 0xf1, 0x08, 0xfe, 0x88, 0xef, 0x80, 0x00,
    0x8e, 0xff, 0xe8, 0x00, 0x00, 0x00, 0x44, 0x00, 0x00, 0x04, 0xf6, 0x00, 0x6f, 0x40, 0x00, 0xce,
    0x66, 0xec, 0x00, 0x00, 0x19, 0xee, 0x91, 0x00, 0x00, 0x00, 0x00, 0x00, 0x00, 0x28, 0x60, 0x00,
    0x06, 0x82, 0x4f, 0xb0, 0x00, 0x0b, 0xf4, 0x4f, 0xb0, 0x00, 0x0b, 0xf4, 0x4f, 0xb0, 0x00, 0x0b,
    0xf4, 0x4f, 0xb0, 0x00, 0x0b, 0xf4, 0x4f, 0xb0, 0x00, 0x0b, 0xf4, 0x4f, 0xb0, 0x00, 0x0b, 0xf4,
    0x4f, 0xb0, 0x00, 0x0b, 0xf4, 0x4f, 0xb0, 0x00, 0x0b, 0xf4, 0x4f, 0xb0, 0x00, 0x0b, 0xf4, 0x4f,
    0xb0, 0x00, 0x0b, 0xf4, 0x4f, 0xb0, 0x00, 0x0b, 0xf4, 0x1f, 0xf2, 0x00, 0x2f, 0xf2, 0x08, 0xfe,
    0x88, 0xef, 0x80, 0x00, 0x8f, 0xff, 0xf8, 0x10, 0x00, 0x00, 0x44, 0x00, 0x00, 0x03, 0xb3, 0x00,
    0x3b, 0x30, 0x01, 0xec, 0x22, 0xce, 0x10, 0x00, 0x5e, 0xff, 0xe5, 0x00, 0x00, 0x00, 0x44, 0x00,
    0x00, 0x00, 0x00, 0x00, 0x00, 0x00, 0x4f, 0xb0, 0x00, 0x0b, 0xf4, 0x4f, 0xb0, 0x00, 0x0b, 0xf4,
    0x4f, 0xb0, 0x00, 0x0b, 0xf4, 0x4f, 0xb0, 0x00, 0x0b, 0xf4, 0x4f, 0xb0, 0x00, 0x0b, 0xf4, 0x4f,
    0xb0, 0x00, 0x0b, 0xf4, 0x4f, 0xb0, 0x00, 0x0b, 0xf4, 0x4f, 0xb0, 0x00, 0x0b, 0xf4, 0x1f, 0xf3,
    0x00, 0x3f, 0xf1, 0x08, 0xfe, 0x88, 0xef, 0x80, 0x00, 0x8e, 0xff, 0xe8, 0x00, 0x00, 0x00, 0x44,
    0x00, 0x00, 0x00, 0x08, 0xdd, 0x80, 0x00, 0x00, 0x4f, 0x55, 0xf4, 0x00, 0x00, 0x8c, 0x00, 0xc8,
    0x00, 0x00, 0x3f, 0x88, 0xf3, 0x00, 0x00, 0x05, 0xaa, 0x50, 0x00, 0x28, 0x60, 0x00, 0x06, 0x82,
    0x4f, 0xb0, 0x00, 0x0b, 0xf4, 0x4f, 0xb0, 0x00, 0x0b, 0xf4, 0x4f, 0xb0, 0x00, 0x0b, 0xf4, 0x4f,
    0xb0, 0x00, 0x0b, 0xf4, 0x4f, 0xb0, 0x00, 0x0b, 0xf4, 0x4f, 0xb0, 0x00, 0x0b, 0xf4, 0x4f, 0xb0,
    0x00, 0x0b, 0xf4, 0x4f, 0xb0, 0x00, 0x0b, 0xf4, 0x4f, 0xb0, 0x00, 0x0b, 0xf4, 0x4f, 0xb0, 0x00,
    0x0b, 0xf4, 0x4f, 0xb0, 0x00, 0x0b, 0xf4, 0x1f, 0xf2, 0x00, 0x2f, 0xf2, 0x08, 0xfe, 0x88, 0xef,
    0x80, 0x00, 0x8f, 0xff, 0xf8, 0x10, 0x00, 0x00, 0x44, 0x00, 0x00, 0x00, 0x05, 0xbb, 0x50, 0x00,
    0x00, 0x4f, 0x77, 0xf4, 0x00, 0x00, 0x8b, 0x00, 0xb8, 0x00, 0x00, 0x4f, 0x66, 0xf4, 0x00, 0x00,
    0x06, 0xbb, 0x60, 0x00, 0x00, 0x00, 0x00, 0x00, 0x00, 0x4f, 0xb0, 0x00, 0x0b, 0xf4, 0x4f, 0xb0,
    0x00, 0x0b, 0xf4, 0x4f, 0xb0, 0x00, 0x0b, 0xf4, 0x4f, 0xb0, 0x00, 0x0b, 0xf4, 0x4f, 0xb0, 0x00,
    0x0b, 0xf4, 0x4f, 0xb0, 0x00, 0x0b, 0xf4, 0x4f, 0xb0, 0x00, 0x0b, 0xf4, 0x4f, 0xb0, 0x00, 0x0b,
    0xf4, 0x1f, 0xf3, 0x00, 0x3f, 0xf1, 0x08, 0xfe, 0x88, 0xef, 0x80, 0x00, 0x8e, 0xff, 0xe8, 0x00,
    0x00, 0x00, 0x44, 0x00, 0x00, 0x00, 0x06, 0xf9, 0x0a, 0xf4, 0x00, 0x3f, 0xb0, 0x8f, 0x70, 0x00,
    0x9a, 0x12, 0xb8, 0x00, 0x00, 0x00, 0x00, 0x00, 0x00, 0x28, 0x60, 0x00, 0x06, 0x82, 0x4f, 0xb0,
    0x00, 0x0b, 0xf4, 0x4f, 0xb0, 0x00, 0x0b, 0xf4, 0x4f, 0xb0, 0x00, 0x0b, 0xf4, 0x4f, 0xb0, 0x00,
    0x0b, 0xf4, 0x4f, 0xb0, 0x00, 0x0b, 0xf4, 0x4f, 0xb0, 0x00, 0x0b, 0xf4, 0x4f, 0xb0, 0x00, 0x0b,
    0xf4, 0x4f, 0xb0, 0x00, 0x0b, 0xf4, 0x4f, 0xb0, 0x00, 0x0b, 0xf4, 0x4f, 0xb0, 0x00, 0x0b, 0xf4,
    0x4f, 0xb0, 0x00, 0x0b, 0xf4, 0x1f, 0xf2, 0x00, 0x2f, 0xf2, 0x08, 0xfe, 0x88, 0xef, 0x80, 0x00,
    0x8f, 0xff, 0xf8, 0x10, 0x00, 0x00, 0x44, 0x00, 0x00, 0x00, 0x03, 0xb8, 0x06, 0xb5, 0x00, 0x1d,
    0xe1, 0x4f, 0xa0, 0x00, 0xaf, 0x32, 0xec, 0x10, 0x00, 0x00, 0x00, 0x00, 0x00, 0x00, 0x00, 0x00,
    0x00, 0x00, 0x4f, 0xb0, 0x00, 0x0b, 0xf4, 0x4f, 0xb0, 0x00, 0x0b, 0xf4, 0x4f, 0xb0, 0x00, 0x0b,
    0xf4, 0x4f, 0xb0, 0x00, 0x0b, 0xf4, 0x4f, 0xb0, 0x00, 0x0b, 0xf4, 0x4f, 0xb0, 0x00, 0x0b, 0xf4,
    0x4f, 0xb0, 0x00, 0x0b, 0xf4, 0x4f, 0xb0, 0x00, 0x0b, 0xf4, 0x1f, 0xf3, 0x00, 0x3f, 0xf1, 0x08,
    0xfe, 0x88, 0xef, 0x80, 0x00, 0x8e, 0xff, 0xe8, 0x00, 0x00, 0x00, 0x44, 0x00, 0x00, 0x28, 0x60,
    0x00, 0x06, 0x82, 0x4f, 0xb0, 0x00, 0x0b, 0xf4, 0x4f, 0xb0, 0x00, 0x0b, 0xf4, 0x4f, 0xb0, 0x00,
    0x0b, 0xf4, 0x4f, 0xb0, 0x00, 0x0b, 0xf4, 0x4f, 0xb0, 0x00, 0x0b, 0xf4, 0x4f, 0xb0, 0x00, 0x0b,
    0xf4, 0x4f, 0xb0, 0x00, 0x0b, 0xf4, 0x4f, 0xb0, 0x00, 0x0b, 0xf4, 0x4f, 0xb0, 0x00, 0x0b, 0xf4,
    0x4f, 0xb0, 0x00, 0x0b, 0xf4, 0x4f, 0xb0, 0x00, 0x0b, 0xf4, 0x1f, 0xf2, 0x00, 0x2e, 0xf2, 0x08,
    0xfe, 0x88, 0xef, 0x80, 0x00, 0x8f, 0xff, 0xf9, 0x00, 0x00, 0x00, 0x7f, 0x80, 0x00, 0x00, 0x00,
    0xbe, 0x00, 0x00, 0x00, 0x00, 0xef, 0x54, 0x10, 0x00, 0x00, 0x6e, 0xff, 0x40, 0x00, 0x00, 0x00,
    0x00, 0x00, 0x4f, 0xb0, 0x00, 0x0b, 0xf4, 0x4f, 0xb0, 0x00, 0x0b, 0xf4, 0x4f, 0xb0, 0x00, 0x0b,
    0xf4, 0x4f, 0xb0, 0x00, 0x0b, 0xf4, 0x4f, 0xb0, 0x00, 0x0b, 0xf4, 0x4f, 0xb0, 0x00, 0x0b, 0xf4,
    0x4f, 0xb0, 0x00, 0x0b, 0xf4, 0x4f, 0xb0, 0x00, 0x0b, 0xf4, 0x1f, 0xf2, 0x00, 0x2f, 0xf1, 0x08,
    0xfe, 0x88, 0xef, 0x80, 0x00, 0x8f, 0xff, 0xf9, 0x00, 0x00, 0x00, 0x7f, 0x70, 0x00, 0x00, 0x00,
    0xdc, 0x00, 0x00, 0x00, 0x00, 0xfe, 0x54, 0x00, 0x00, 0x00, 0x6f, 0xff, 0x00, 0x00, 0x00, 0x00,
    0x00, 0x00, 0x00, 0x00, 0x6f, 0xf6, 0x00, 0x00, 0x00, 0x06, 0xfc, 0xaf, 0x60, 0x00, 0x00, 0x3b,
    0x80, 0x08, 0xb3, 0x00, 0x00, 0x00, 0x00, 0x00, 0x00, 0x00, 0x48, 0x20, 0x08, 0x80, 0x01, 0x84,
    0x8f, 0x40, 0x1f, 0xf4, 0x04, 0xf8, 0x6f, 0x50, 0x4f, 0xf4, 0x04, 0xf6, 0x4f, 0x80, 0x5e, 0xb7,
    0x07, 0xf4, 0x3f, 0x80, 0x8b, 0xb8, 0x08, 0xf3, 0x0f, 0xa0, 0x9a, 0x8a, 0x08, 0xf0, 0x0e, 0xb0,
    0xb8, 0x8b, 0x0b, 0xe0, 0x0b, 0xc0, 0xd7, 0x6e, 0x0b, 0xb0, 0x0b, 0xf0, 0xf4, 0x4f, 0x0f, 0xb0,
    0x08, 0xf2, 0xf3, 0x3f, 0x3f, 0x80, 0x08, 0xf8, 0xf0, 0x0f, 0x6f, 0x80, 0x05, 0xfa, 0xd0, 0x0e,
    0x9f, 0x40, 0x04, 0xfb, 0xb0, 0x0b, 0xbf, 0x40, 0x02, 0xff, 0x90, 0x0b, 0xdf, 0x00, 0x00, 0xff,
    0x80, 0x08, 0xff, 0x00, 0x00, 0x00, 0x3b, 0xb3, 0x00, 0x00, 0x00, 0x03, 0xee, 0xee, 0x30, 0x00,
    0x00, 0x3e, 0xe3, 0x3e, 0xe3, 0x00, 0x00, 0x00, 0x00, 0x00, 0x00, 0x00, 0x00, 0x00, 0x00, 0x00,
    0x00, 0x00, 0x6f, 0x40, 0x0f, 0xf0, 0x04, 0xf6, 0x4f, 0x80, 0x4f, 0xf4, 0x06, 0xf4, 0x0f, 0x80,
    0x6d, 0xd6, 0x08, 0xf0, 0x0d, 0xb0, 0x8b, 0xb8, 0x0a, 0xd0, 0x0b, 0xd0, 0xb8, 0x8b, 0x0b, 0xb0,
    0x08, 0xf0, 0xe7, 0x7e, 0x0f, 0x80, 0x07, 0xf4, 0xf4, 0x4f, 0x3f, 0x60, 0x04, 0xf8, 0xf0, 0x1f,
    0x8f, 0x40, 0x01, 0xfd, 0xd0, 0x0e, 0xcf, 0x00, 0x00, 0xef, 0xb0, 0x0b, 0xfc, 0x00, 0x00, 0xbf,
    0x80, 0x08, 0xfa, 0x00, 0x00, 0x00, 0x6f, 0xf6, 0x00, 0x00, 0x00, 0x06, 0xfc, 0xaf, 0x60, 0x00,
    0x00, 0x3b, 0x80, 0x08, 0xb3, 0x00, 0x00, 0x00, 0x00, 0x00, 0x00, 0x00, 0x28, 0x70, 0x00, 0x00,
    0x07, 0x82, 0x0d, 0xf4, 0x00, 0x00, 0x3f, 0xd0, 0x06, 0xfb, 0x00, 0x00, 0x9f, 0x60, 0x00, 0xdf,
    0x30, 0x02, 0xfd, 0x00, 0x00, 0x6f, 0x90, 0x09, 0xf6, 0x00, 0x00, 0x0d, 0xf2, 0x1f, 0xe0, 0x00,
    0x00, 0x08, 0xf9, 0x8f, 0x80, 0x00, 0x00, 0x01, 0xee, 0xde, 0x10, 0x00, 0x00, 0x00, 0x8f, 0xf8,
    0x00, 0x00, 0x00, 0x00, 0x1f, 0xf1, 0x00, 0x00, 0x00, 0x00, 0x0f, 0xf0, 0x00, 0x00, 0x00, 0x00,
    0x0f, 0xf0, 0x00, 0x00, 0x00, 0x00, 0x0f, 0xf0, 0x00, 0x00, 0x00, 0x00, 0x0f, 0xf0, 0x00, 0x00,
    0x00, 0x00, 0x0f, 0xf0, 0x00, 0x00, 0x00, 0x03, 0xbb, 0x30, 0x00, 0x00, 0x03, 0xee, 0xee, 0x30,
    0x00, 0x03, 0xee, 0x33, 0xee, 0x30, 0x00, 0x00, 0x00, 0x00, 0x00, 0x00, 0x00, 0x00, 0x00, 0x00,
    0x00, 0x0c, 0xf5, 0x00, 0x00, 0x4f, 0xd0, 0x6f, 0x90, 0x00, 0x09, 0xf7, 0x01, 0xef, 0x10, 0x00,
    0xef, 0x20, 0x09, 0xf7, 0x00, 0x5f, 0xa0, 0x00, 0x3f, 0xc0, 0x0a, 0xf6, 0x00, 0x00, 0xcf, 0x31,
    0xfe, 0x00, 0x00, 0x06, 0xf9, 0x6f, 0x90, 0x00, 0x00, 0x1f, 0xea, 0xf3, 0x00, 0x00, 0x00, 0x9f,
    0xed, 0x00, 0x00, 0x00, 0x04, 0xff, 0x70, 0x00, 0x00, 0x00, 0x0f, 0xf2, 0x00, 0x00, 0x00, 0x06,
    0xfa, 0x00, 0x00, 0x00, 0x00, 0xaf, 0x60, 0x00, 0x00, 0x00, 0x2f, 0xe0, 0x00, 0x00, 0x00, 0x03,
    0x86, 0x00, 0x00, 0x00, 0x00, 0x5e, 0xb0, 0x0b, 0xe5, 0x00, 0x00, 0x8f, 0xf0, 0x0f, 0xf8, 0x00,
    0x00, 0x3a, 0x80, 0x08, 0xa3, 0x00, 0x00, 0x00, 0x00, 0x00, 0x00, 0x00, 0x28, 0x70, 0x00, 0x00,
    0x07, 0x82, 0x0d, 0xf4, 0x00, 0x00, 0x3f, 0xd0, 0x06, 0xfb, 0x00, 0x00, 0x9f, 0x60, 0x00, 0xdf,
    0x30, 0x02, 0xfd, 0x00, 0x00, 0x6f, 0x90, 0x09, 0xf6, 0x00, 0x00, 0x0d, 0xf2, 0x1f, 0xe0, 0x00,
    0x00, 0x08, 0xf9, 0x8f, 0x80, 0x00, 0x00, 0x01, 0xee, 0xde, 0x10, 0x00, 0x00, 0x00, 0x8f, 0xf8,
    0x00, 0x00, 0x00, 0x00, 0x1f, 0xf1, 0x00, 0x00, 0x00, 0x00, 0x0f, 0xf0, 0x00, 0x00, 0x00, 0x00,
    0x0f, 0xf0, 0x00, 0x00, 0x00, 0x00, 0x0f, 0xf0, 0x00, 0x00, 0x00, 0x00, 0x0f, 0xf0, 0x00, 0x00,
    0x00, 0x00, 0x0f, 0xf0, 0x00, 0x00, 0x00, 0x00, 0x08, 0xf9, 0x00, 0x00, 0x00, 0x4f, 0xc0, 0x00,
    0x00, 0x00, 0xab, 0x10, 0x00, 0x00, 0x00, 0x00, 0x00, 0x00, 0x28, 0x88, 0x88, 0x88, 0x80, 0x4f,
    0xff, 0xff, 0xff, 0xf0, 0x14, 0x44, 0x44, 0x6f, 0xe0, 0x00, 0x00, 0x00, 0xbf, 0x70, 0x00, 0x00,
    0x04, 0xfd, 0x00, 0x00, 0x00, 0x0d, 0xf4, 0x00, 0x00, 0x00, 0x8f, 0xa0, 0x00, 0x00, 0x02, 0xee,
    0x20, 0x00, 0x00, 0x09, 0xf8, 0x00, 0x00, 0x00, 0x4f, 0xd0, 0x00, 0x00, 0x00, 0xcf, 0x50, 0x00,
    0x00, 0x06, 0xfb, 0x00, 0x00, 0x00, 0x1e, 0xf2, 0x00, 0x00, 0x00, 0x4f, 0xeb, 0xbb, 0xbb, 0xb3,
    0x4f, 0xff, 0xff, 0xff, 0xf4, 0x00, 0x00, 0x05, 0xb8, 0x00, 0x00, 0x00, 0x2e, 0xe2, 0x00, 0x00,
    0x00, 0xcf, 0x40, 0x00, 0x00, 0x00, 0x00, 0x00, 0x00, 0x00, 0x00, 0x00, 0x00, 0x00, 0x0f, 0xff,
    0xff, 0xff, 0xf0, 0x0b, 0xbb, 0xbb, 0xcf, 0xf0, 0x00, 0x00, 0x00, 0xcf, 0x80, 0x00, 0x00, 0x09,
    0xfa, 0x00, 0x00, 0x00, 0x7f, 0xc1, 0x00, 0x00, 0x05, 0xfe, 0x10, 0x00, 0x00, 0x3e, 0xe3, 0x00,
    0x00, 0x01, 0xdf, 0x60, 0x00, 0x00, 0x0c, 0xf8, 0x00, 0x00, 0x00, 0x4f, 0xfb, 0xbb, 0xbb, 0xb3,
    0x4f, 0xff, 0xff, 0xff, 0xf4, 0x00, 0x03, 0xdd, 0x30, 0x00, 0x00, 0x08, 0xff, 0x80, 0x00, 0x00,
    0x01, 0x99, 0x10, 0x00, 0x00, 0x00, 0x00, 0x00, 0x00, 0x28, 0x88, 0x88, 0x88, 0x80, 0x4f, 0xff,
    0xff, 0xff, 0xf0, 0x14, 0x44, 0x44, 0x6f, 0xe0, 0x00, 0x00, 0x00, 0xbf, 0x70, 0x00, 0x00, 0x04,
    0xfd, 0x00, 0x00, 0x00, 0x0d, 0xf4, 0x00, 0x00, 0x00, 0x8f, 0xa0, 0x00, 0x00, 0x02, 0xee, 0x20,
    0x00, 0x00, 0x09, 0xf8, 0x00, 0x00, 0x00, 0x4f, 0xd0, 0x00, 0x00, 0x00, 0xcf, 0x50, 0x00, 0x00,
    0x06, 0xfb, 0x00, 0x00, 0x00, 0x1e, 0xf2, 0x00, 0x00, 0x00, 0x4f, 0xeb, 0xbb, 0xbb, 0xb3, 0x4f,
    0xff, 0xff, 0xff, 0xf4, 0x00, 0x01, 0x77, 0x10, 0x00, 0x00, 0x07, 0xff, 0x70, 0x00, 0x00, 0x04,
    0xee, 0x40, 0x00, 0x00, 0x00, 0x00, 0x00, 0x00, 0x00, 0x00, 0x00, 0x00, 0x00, 0x0f, 0xff, 0xff,
    0xff, 0xf0, 0x0b, 0xbb, 0xbb, 0xcf, 0xf0, 0x00, 0x00, 0x00, 0xcf, 0x80, 0x00, 0x00, 0x09, 0xfa,
    0x00, 0x00, 0x00, 0x7f, 0xc1, 0x00, 0x00, 0x05, 0xfe, 0x10, 0x00, 0x00, 0x3e, 0xe3, 0x00, 0x00,
    0x01, 0xdf, 0x60, 0x00, 0x00, 0x0c, 0xf8, 0x00, 0x00, 0x00, 0x4f, 0xfb, 0xbb, 0xbb, 0xb3, 0x4f,
    0xff, 0xff, 0xff, 0xf4, 0x03, 0xec, 0x11, 0xce, 0x30, 0x00, 0x3e, 0xcc, 0xe3, 0x00, 0x00, 0x03,
    0xbb, 0x30, 0x00, 0x00, 0x00, 0x00, 0x00, 0x00, 0x28, 0x88, 0x88, 0x88, 0x80, 0x4f, 0xff, 0xff,
    0xff, 0xf0, 0x14, 0x44, 0x44, 0x6f, 0xe0, 0x00, 0x00, 0x00, 0xbf, 0x70, 0x00, 0x00, 0x04, 0xfd,
    0x00, 0x00, 0x00, 0x0d, 0xf4, 0x00, 0x00, 0x00, 0x8f, 0xa0, 0x00, 0x00, 0x02, 0xee, 0x20, 0x00,
    0x00, 0x09, 0xf8, 0x00, 0x00, 0x00, 0x4f, 0xd0, 0x00, 0x00, 0x00, 0xcf, 0x50, 0x00, 0x00, 0x06,
    0xfb, 0x00, 0x00, 0x00, 0x1e, 0xf2, 0x00, 0x00, 0x00, 0x4f, 0xeb, 0xbb, 0xbb, 0xb3, 0x4f, 0xff,
    0xff, 0xff, 0xf4, 0x03, 0xb8, 0x00, 0x8b, 0x60, 0x00, 0x6f, 0x99, 0xf9, 0x00, 0x00, 0x06, 0xff,
    0x90, 0x00, 0x00, 0x00, 0x00, 0x00, 0x00, 0x00, 0x00, 0x00, 0x00, 0x00, 0x0f, 0xff, 0xff, 0xff,
    0xf0, 0x0b, 0xbb, 0xbb, 0xcf, 0xf0, 0x00, 0x00, 0x00, 0xcf, 0x80, 0x00, 0x00, 0x09, 0xfa, 0x00,
    0x00, 0x00, 0x7f, 0xc1, 0x00, 0x00, 0x05, 0xfe, 0x10, 0x00, 0x00, 0x3e, 0xe3, 0x00, 0x00, 0x01,
    0xdf, 0x60, 0x00, 0x00, 0x0c, 0xf8, 0x00, 0x00, 0x00, 0x4f, 0xfb, 0xbb, 0xbb, 0xb3, 0x4f, 0xff,
    0xff, 0xff, 0xf4, 0x01, 0x78, 0x88, 0x82, 0x1d, 0xff, 0xff, 0xf4, 0x9f, 0xb4, 0x44, 0x41, 0xbf,
    0x40, 0x00, 0x00, 0xbf, 0x40, 0x00, 0x00, 0xbf, 0x40, 0x00, 0x00, 0xbf, 0x40, 0x00, 0x00, 0xbf,
    0x40, 0x00, 0x00, 0xbf, 0x40, 0x00, 0x00, 0xbf, 0x40, 0x00, 0x00, 0xbf, 0x40, 0x00, 0x00, 0xbf,
    0x40, 0x00, 0x00, 0xbf, 0x40, 0x00, 0x00, 0xbf, 0x40, 0x00, 0x00, 0xbf, 0x40, 0x00, 0x00, 0x00,
    0x00, 0x38, 0x84, 0x00, 0x00, 0x00, 0x00, 0x8f, 0xf9, 0x00, 0x00, 0x00, 0x00, 0xde, 0xed, 0x00,
    0x00, 0x00, 0x02, 0xfa, 0xaf, 0x20, 0x00, 0x00, 0x06, 0xf8, 0x8f, 0x60, 0x00, 0x00, 0x09, 0xf4,
    0x4f, 0x90, 0x00, 0x00, 0x0d, 0xf0, 0x0f, 0xd0, 0x00, 0x00, 0x2f, 0xb0, 0x0b, 0xf2, 0x00, 0x00,
    0x6f, 0x80, 0x08, 0xf6, 0x00, 0x00, 0x9f, 0x98, 0x89, 0xfa, 0x00, 0x00, 0xef, 0xff, 0xff, 0xfe,
    0x00, 0x03, 0xfc, 0x44, 0x44, 0xcf, 0x30, 0x07, 0xf8, 0x00, 0x00, 0x8f, 0x70, 0x0a, 0xf5, 0x00,
    0x00, 0x5f, 0xa0, 0x0e, 0xf1, 0x00, 0x00, 0x1f, 0xe0, 0x28, 0x88, 0x88, 0x71, 0x00, 0x4f, 0xff,
    0xff, 0xfe, 0x60, 0x4f, 0xc4, 0x44, 0x8f, 0xe1, 0x4f, 0xb0, 0x00, 0x0c, 0xf4, 0x4f, 0xb0, 0x00,
    0x0a, 0xf4, 0x4f, 0xb0, 0x00, 0x1d, 0xf2, 0x4f, 0xd8, 0x88, 0xdf, 0x60, 0x4f, 0xff, 0xff, 0xf8,
    0x10, 0x4f, 0xc4, 0x44, 0x9f, 0xc1, 0x4f, 0xb0, 0x00, 0x09, 0xf7, 0x4f, 0xb0, 0x00, 0x04, 0xfa,
    0x4f, 0xb0, 0x00, 0x06, 0xfa, 0x4f, 0xb0, 0x00, 0x1c, 0xf7, 0x4f, 0xeb, 0xbb, 0xff, 0xc1, 0x4f,
    0xff, 0xff, 0xd8, 0x10, 0x48, 0x88, 0x88, 0x88, 0x80, 0x8f, 0xff, 0xff, 0xff, 0xf0, 0x8f, 0x94,
    0x44, 0x44, 0x40, 0x8f, 0x80, 0x00, 0x00, 0x00, 0x8f, 0x80, 0x00, 0x00, 0x00, 0x8f, 0x80, 0x00,
    0x00, 0x00, 0x8f, 0x80, 0x00, 0x00, 0x00, 0x8f, 0x80, 0x00, 0x00, 0x00, 0x8f, 0x80, 0x00, 0x00,
    0x00, 0x8f, 0x80, 0x00, 0x00, 0x00, 0x8f, 0x80, 0x00, 0x00, 0x00, 0x8f, 0x80, 0x00, 0x00, 0x00,
    0x8f, 0x80, 0x00, 0x00, 0x00, 0x8f, 0x80, 0x00, 0x00, 0x00, 0x8f, 0x80, 0x00, 0x00, 0x00, 0x00,
    0x00, 0x38, 0x84, 0x00, 0x00, 0x00, 0x00, 0x8f, 0xf9, 0x00, 0x00, 0x00, 0x00, 0xdd, 0xed, 0x00,
    0x00, 0x00, 0x02, 0xfa, 0xbf, 0x20, 0x00, 0x00, 0x06, 0xf8, 0x8f, 0x60, 0x00, 0x00, 0x09, 0xf4,
    0x4f, 0x90, 0x00, 0x00, 0x0d, 0xf0, 0x0f, 0xd0, 0x00, 0x00, 0x2f, 0xb0, 0x0b, 0xf2, 0x00, 0x00,
    0x6f, 0x80, 0x08, 0xf6, 0x00, 0x00, 0x9f, 0x40, 0x04, 0xfa, 0x00, 0x00, 0xef, 0x00, 0x00, 0xfe,
    0x00, 0x03, 0xfb, 0x00, 0x00, 0xcf, 0x30, 0x07, 0xf8, 0x00, 0x00, 0x8f, 0x70, 0x0a, 0xfd, 0xbb,
    0xbb, 0xdf, 0xa0, 0x0e, 0xff, 0xff, 0xff, 0xff, 0xe0, 0x08, 0x88, 0x88, 0x88, 0x84, 0x0f, 0xff,
    0xff, 0xff, 0xf8, 0x0f, 0xf4, 0x44, 0x44, 0x42, 0x0f, 0xf0, 0x00, 0x00, 0x00, 0x0f, 0xf0, 0x00,
    0x00, 0x00, 0x0f, 0xf0, 0x00, 0x00, 0x00, 0x0f, 0xf8, 0x88, 0x88, 0x60, 0x0f, 0xff, 0xff, 0xff,
    0xb0, 0x0f, 0xf4, 0x44, 0x44, 0x30, 0x0f, 0xf0, 0x00, 0x00, 0x00, 0x0f, 0xf0, 0x00, 0x00, 0x00,
    0x0f, 0xf0, 0x00, 0x00, 0x00, 0x0f, 0xf0, 0x00, 0x00, 0x00, 0x0f, 0xfb, 0xbb, 0xbb, 0xb6, 0x0f,
    0xff, 0xff, 0xff, 0xf8, 0x28, 0x88, 0x88, 0x88, 0x80, 0x4f, 0xff, 0xff, 0xff, 0xf0, 0x14, 0x44,
    0x44, 0x6f, 0xe0, 0x00, 0x00, 0x00, 0xbf, 0x70, 0x00, 0x00, 0x04, 0xfd, 0x00, 0x00, 0x00, 0x0d,
    0xf4, 0x00, 0x00, 0x00, 0x8f, 0xa0, 0x00, 0x00, 0x02, 0xee, 0x20, 0x00, 0x00, 0x09, 0xf8, 0x00,
    0x00, 0x00, 0x4f, 0xd0, 0x00, 0x00, 0x00, 0xcf, 0x50, 0x00, 0x00, 0x06, 0xfb, 0x00, 0x00, 0x00,
    0x1e, 0xf2, 0x00, 0x00, 0x00, 0x4f, 0xeb, 0xbb, 0xbb, 0xb3, 0x4f, 0xff, 0xff, 0xff, 0xf4, 0x28,
    0x60, 0x00, 0x06, 0x82, 0x4f, 0xb0, 0x00, 0x0b, 0xf4, 0x4f, 0xb0, 0x00, 0x0b, 0xf4, 0x4f, 0xb0,
    0x00, 0x0b, 0xf4, 0x4f, 0xb0, 0x00, 0x0b, 0xf4, 0x4f, 0xb0, 0x00, 0x0b, 0xf4, 0x4f, 0xd8, 0x88,
    0x8d, 0xf4, 0x4f, 0xff, 0xff, 0xff, 0xf4, 0x4f, 0xc4, 0x44, 0x4c, 0xf4, 0x4f, 0xb0, 0x00, 0x0b,
    0xf4, 0x4f, 0xb0, 0x00, 0x0b, 0xf4, 0x4f, 0xb0, 0x00, 0x0b, 0xf4, 0x4f, 0xb0, 0x00, 0x0b, 0xf4,
    0x4f, 0xb0, 0x00, 0x0b, 0xf4, 0x4f, 0xb0, 0x00, 0x0b, 0xf4, 0x00, 0x39, 0xbb, 0x93, 0x00, 0x05,
    0xff, 0xff, 0xff, 0x50, 0x0e, 0xf7, 0x00, 0x7f, 0xe0, 0x4f, 0xc0, 0x00, 0x0c, 0xf4, 0x4f, 0xb0,
    0x00, 0x0b, 0xf4, 0x4f, 0xb0, 0x00, 0x0b, 0xf4, 0x4f, 0xb3, 0x44, 0x3b, 0xf4, 0x4f, 0xbb, 0xff,
    0xbb, 0xf4, 0x4f, 0xb6, 0x88, 0x6b, 0xf4, 0x4f, 0xb0, 0x00, 0x0b, 0xf4, 0x4f, 0xb0, 0x00, 0x0b,
    0xf4, 0x4f, 0xb0, 0x00, 0x0b, 0xf4, 0x2f, 0xe1, 0x00, 0x1e, 0xf2, 0x08, 0xfe, 0x88, 0xef, 0x80,
    0x00, 0x8f, 0xff, 0xf8, 0x00, 0x00, 0x00, 0x44, 0x00, 0x00, 0x88, 0x88, 0x88, 0x88, 0xff, 0xff,
    0xff, 0xff, 0x44, 0x4f, 0xf4, 0x44, 0x00, 0x0f, 0xf0, 0x00, 0x00, 0x0f, 0xf0, 0x00, 0x00, 0x0f,
    0xf0, 0x00, 0x00, 0x0f, 0xf0, 0x00, 0x00, 0x0f, 0xf0, 0x00, 0x00, 0x0f, 0xf0, 0x00, 0x00, 0x0f,
    0xf0, 0x00, 0x00, 0x0f, 0xf0, 0x00, 0x00, 0x0f, 0xf0, 0x00, 0x00, 0x0f, 0xf0, 0x00, 0xbb, 0xbf,
    0xfb, 0xbb, 0xff, 0xff, 0xff, 0xff, 0x28, 0x60, 0x00, 0x02, 0x87, 0x04, 0xfb, 0x00, 0x00, 0x9f,
    0x80, 0x4f, 0xb0, 0x00, 0x2f, 0xe1, 0x04, 0xfb, 0x00, 0x09, 0xf8, 0x00, 0x4f, 0xb0, 0x02, 0xfe,
    0x10, 0x04, 0xfb, 0x00, 0x9f, 0x80, 0x00, 0x4f, 0xd8, 0x8f, 0xe1, 0x00, 0x04, 0xff, 0xff, 0xf9,
    0x00, 0x00, 0x4f, 0xc4, 0x5f, 0xe1, 0x00, 0x04, 0xfb, 0x00, 0xbf, 0x80, 0x00, 0x4f, 0xb0, 0x04,
    0xfe, 0x10, 0x04, 0xfb, 0x00, 0x0b, 0xf8, 0x00, 0x4f, 0xb0, 0x00, 0x4f, 0xe1, 0x04, 0xfb, 0x00,
    0x00, 0xbf, 0x80, 0x4f, 0xb0, 0x00, 0x04, 0xfe, 0x10, 0x00, 0x00, 0x38, 0x84, 0x00, 0x00, 0x00,
    0x00, 0x8f, 0xf9, 0x00, 0x00, 0x00, 0x00, 0xde, 0xed, 0x00, 0x00, 0x00, 0x02, 0xfa, 0xaf, 0x20,
    0x00, 0x00, 0x06, 0xf8, 0x8f, 0x60, 0x00, 0x00, 0x09, 0xf4, 0x4f, 0x90, 0x00, 0x00, 0x0d, 0xf0,
    0x0f, 0xd0, 0x00, 0x00, 0x2f, 0xb0, 0x0b, 0xf2, 0x00, 0x00, 0x6f, 0x80, 0x08, 0xf6, 0x00, 0x00,
    0x9f, 0x40, 0x04, 0xfa, 0x00, 0x00, 0xef, 0x00, 0x00, 0xfe, 0x00, 0x03, 0xfc, 0x00, 0x00, 0xcf,
    0x30, 0x07, 0xf8, 0x00, 0x00, 0x8f, 0x70, 0x0a, 0xf5, 0x00, 0x00, 0x5f, 0xa0, 0x0e, 0xf1, 0x00,
    0x00, 0x1f, 0xe0, 0x68, 0x82, 0x00, 0x28, 0x86, 0xbf, 0xf7, 0x00, 0x8e, 0xfb, 0xbf, 0xab, 0x00,
    0xc9, 0xfb, 0xbf, 0x8f, 0x11, 0xf5, 0xfb, 0xbf, 0x6f, 0x56, 0xf4, 0xfb, 0xbf, 0x4c, 0x9a, 0xa4,
    0xfb, 0xbf, 0x48, 0xde, 0x64, 0xfb, 0xbf, 0x43, 0xff, 0x24, 0xfb, 0xbf, 0x40, 0x87, 0x04, 0xfb,
    0xbf, 0x40, 0x00, 0x04, 0xfb, 0xbf, 0x40, 0x00, 0x04, 0xfb, 0xbf, 0x40, 0x00, 0x04, 0xfb, 0xbf,
    0x40, 0x00, 0x04, 0xfb, 0xbf, 0x40, 0x00, 0x04, 0xfb, 0xbf, 0x40, 0x00, 0x04, 0xfb, 0x28, 0x83,
    0x00, 0x04, 0x82, 0x4f, 0xfa, 0x00, 0x08, 0xf4, 0x4f, 0xff, 0x10, 0x08, 0xf4, 0x4f, 0xcf, 0x60,
    0x08, 0xf4, 0x4f, 0x8e, 0xa0, 0x08, 0xf4, 0x4f, 0x89, 0xf2, 0x08, 0xf4, 0x4f, 0x85, 0xf7, 0x08,
    0xf4, 0x4f, 0x80, 0xdc, 0x08, 0xf4, 0x4f, 0x80, 0x8f, 0x28, 0xf4, 0x4f, 0x80, 0x3f, 0x88, 0xf4,
    0x4f, 0x80, 0x0d, 0xd8, 0xf4, 0x4f, 0x80, 0x08, 0xfa, 0xf4, 0x4f, 0x80, 0x02, 0xfe, 0xf4, 0x4f,
    0x80, 0x00, 0xcf, 0xf4, 0x4f, 0x80, 0x00, 0x7f, 0xf4, 0x48, 0x88, 0x88, 0x88, 0x84, 0x8f, 0xff,
    0xff, 0xff, 0xf8, 0x24, 0x44, 0x44, 0x44, 0x42, 0x00, 0x00, 0x00, 0x00, 0x00, 0x00, 0x00, 0x00,
    0x00, 0x00, 0x00, 0x00, 0x00, 0x00, 0x00, 0x03, 0x44, 0x44, 0x44, 0x30, 0x0b, 0xff, 0xff, 0xff,
    0xb0, 0x06, 0x88, 0x88, 0x88, 0x60, 0x00, 0x00, 0x00, 0x00, 0x00, 0x00, 0x00, 0x00, 0x00, 0x00,
    0x00, 0x00, 0x00, 0x00, 0x00, 0x00, 0x00, 0x00, 0x00, 0x00, 0x6b, 0xbb, 0xbb, 0xbb, 0xb6, 0x8f,
    0xff, 0xff, 0xff, 0xf8, 0x00, 0x29, 0xbb, 0x92, 0x00, 0x05, 0xff, 0xff, 0xff, 0x50, 0x0d, 0xf7,
    0x00, 0x7f, 0xe0, 0x4f, 0xc0, 0x00, 0x0c, 0xf4, 0x4f, 0xb0, 0x00, 0x0b, 0xf4, 0x4f, 0xb0, 0x00,
    0x0b, 0xf4, 0x4f, 0xb0, 0x00, 0x0b, 0xf4, 0x4f, 0xb0, 0x00, 0x0b, 0xf4, 0x4f, 0xb0, 0x00, 0x0b,
    0xf4, 0x4f, 0xb0, 0x00, 0x0b, 0xf4, 0x4f, 0xb0, 0x00, 0x0b, 0xf4, 0x4f, 0xb0, 0x00, 0x0b, 0xf4,
    0x1f, 0xe1, 0x00, 0x1e, 0xf1, 0x08, 0xfe, 0x88, 0xef, 0x80, 0x00, 0x8e, 0xff, 0xe8, 0x00, 0x00,
    0x00, 0x44, 0x00, 0x00, 0x28, 0x88, 0x88, 0x88, 0x82, 0x4f, 0xff, 0xff, 0xff, 0xf4, 0x4f, 0xc4,
    0x44, 0x4c, 0xf4, 0x4f, 0xb0, 0x00, 0x0b, 0xf4, 0x4f, 0xb0, 0x00, 0x0b, 0xf4, 0x4f, 0xb0, 0x00,
    0x0b, 0xf4, 0x4f, 0xb0, 0x00, 0x0b, 0xf4, 0x4f, 0xb0, 0x00, 0x0b, 0xf4, 0x4f, 0xb0, 0x00, 0x0b,
    0xf4, 0x4f, 0xb0, 0x00, 0x0b, 0xf4, 0x4f, 0xb0, 0x00, 0x0b, 0xf4, 0x4f, 0xb0, 0x00, 0x0b, 0xf4,
    0x4f, 0xb0, 0x00, 0x0b, 0xf4, 0x4f, 0xb0, 0x00, 0x0b, 0xf4, 0x4f, 0xb0, 0x00, 0x0b, 0xf4, 0x28,
    0x88, 0x88, 0x84, 0x00, 0x04, 0xff, 0xff, 0xff, 0xf9, 0x00, 0x4f, 0xc4, 0x44, 0x6e, 0xf8, 0x04,
    0xfb, 0x00, 0x00, 0x4f, 0xe0, 0x4f, 0xb0, 0x00, 0x00, 0xff, 0x04, 0xfb, 0x00, 0x00, 0x1f, 0xf0,
    0x4f, 0xb0, 0x00, 0x09, 0xfb, 0x04, 0xfe, 0xbb, 0xbd, 0xfe, 0x30, 0x4f, 0xff, 0xff, 0xfb, 0x30,
    0x04, 0xfb, 0x00, 0x00, 0x00, 0x00, 0x4f, 0xb0, 0x00, 0x00, 0x00, 0x04, 0xfb, 0x00, 0x00, 0x00,
    0x00, 0x4f, 0xb0, 0x00, 0x00, 0x00, 0x04, 0xfb, 0x00, 0x00, 0x00, 0x00, 0x4f, 0xb0, 0x00, 0x00,
    0x00, 0x00, 0x48, 0x88, 0x88, 0x88, 0x88, 0x8f, 0xff, 0xff, 0xff, 0xff, 0x3f, 0xf7, 0x44, 0x44,
    0x44, 0x06, 0xfd, 0x10, 0x00, 0x00, 0x00, 0x9f, 0xc1, 0x00, 0x00, 0x00, 0x0b, 0xf9, 0x00, 0x00,
    0x00, 0x01, 0xcf, 0x80, 0x00, 0x00, 0x00, 0x4f, 0xf2, 0x00, 0x00, 0x00, 0xbf, 0x80, 0x00, 0x00,
    0x08, 0xfb, 0x00, 0x00, 0x00, 0x6f, 0xe1, 0x00, 0x00, 0x03, 0xef, 0x30, 0x00, 0x00, 0x1d, 0xf6,
    0x00, 0x00, 0x00, 0x8f, 0xfb, 0xbb, 0xbb, 0xbb, 0x8f, 0xff, 0xff, 0xff, 0xff, 0x88, 0x88, 0x88,
    0x88, 0x88, 0xff, 0xff, 0xff, 0xff, 0xff, 0x44, 0x44, 0xff, 0x44, 0x44, 0x00, 0x00, 0xff, 0x00,
    0x00, 0x00, 0x00, 0xff, 0x00, 0x00, 0x00, 0x00, 0xff, 0x00, 0x00, 0x00, 0x00, 0xff, 0x00, 0x00,
    0x00, 0x00, 0xff, 0x00, 0x00, 0x00, 0x00, 0xff, 0x00, 0x00, 0x00, 0x00, 0xff, 0x00, 0x00, 0x00,
    0x00, 0xff, 0x00, 0x00, 0x00, 0x00, 0xff, 0x00, 0x00, 0x00, 0x00, 0xff, 0x00, 0x00, 0x00, 0x00,
    0xff, 0x00, 0x00, 0x00, 0x00, 0xff, 0x00, 0x00, 0x28, 0x70, 0x00, 0x00, 0x07, 0x82, 0x0d, 0xf4,
    0x00, 0x00, 0x3f, 0xd0, 0x06, 0xfb, 0x00, 0x00, 0x9f, 0x60, 0x00, 0xdf, 0x30, 0x02, 0xfd, 0x00,
    0x00, 0x6f, 0x90, 0x09, 0xf6, 0x00, 0x00, 0x0d, 0xf2, 0x1f, 0xe0, 0x00, 0x00, 0x08, 0xf9, 0x8f,
    0x80, 0x00, 0x00, 0x01, 0xee, 0xde, 0x10, 0x00, 0x00, 0x00, 0x8f, 0xf8, 0x00, 0x00, 0x00, 0x00,
    0x1f, 0xf1, 0x00, 0x00, 0x00, 0x00, 0x0f, 0xf0, 0x00, 0x00, 0x00, 0x00, 0x0f, 0xf0, 0x00, 0x00,
    0x00, 0x00, 0x0f, 0xf0, 0x00, 0x00, 0x00, 0x00, 0x0f, 0xf0, 0x00, 0x00, 0x00, 0x00, 0x0f, 0xf0,
    0x00, 0x00, 0x00, 0x00, 0x08, 0x80, 0x00, 0x00, 0x00, 0x00, 0x0f, 0xf0, 0x00, 0x00, 0x00, 0x39,
    0xdf, 0xfd, 0x93, 0x00, 0x03, 0xef, 0xce, 0xec, 0xfe, 0x30, 0x0b, 0xf6, 0x0b, 0xb0, 0x6f, 0xb0,
    0x0f, 0xc0, 0x0b, 0xb0, 0x0c, 0xf0, 0x4f, 0xb0, 0x0b, 0xb0, 0x0b, 0xf4, 0x4f, 0xb0, 0x0b, 0xb0,
    0x0b, 0xf4, 0x4f, 0xb0, 0x0b, 0xb0, 0x0b, 0xf4, 0x4f, 0xb0, 0x0b, 0xb0, 0x0b, 0xf4, 0x4f, 0xb0,
    0x0b, 0xb0, 0x0b, 0xf4, 0x0f, 0xc0, 0x0b, 0xb0, 0x0c, 0xf0, 0x0b, 0xf6, 0x0b, 0xb0, 0x6f, 0xb0,
    0x03, 0xef, 0xce, 0xec, 0xfe, 0x30, 0x00, 0x39, 0xdf, 0xfd, 0x93, 0x00, 0x00, 0x00, 0x0f, 0xf0,
    0x00, 0x00, 0x00, 0x00, 0x08, 0x80, 0x00, 0x00, 0x07, 0x83, 0x00, 0x00, 0x38, 0x70, 0x07, 0xfb,
    0x00, 0x00, 0xbf, 0x70, 0x00, 0xdf, 0x50, 0x04, 0xfd, 0x00, 0x00, 0x6f, 0xd0, 0x0b, 0xf5, 0x00,
    0x00, 0x0b, 0xf6, 0x4f, 0xb0, 0x00, 0x00, 0x04, 0xfd, 0xbf, 0x40, 0x00, 0x00, 0x00, 0xaf, 0xf9,
    0x00, 0x00, 0x00, 0x00, 0x4f, 0xf4, 0x00, 0x00, 0x00, 0x00, 0x9f, 0xf9, 0x00, 0x00, 0x00, 0x03,
    0xfd, 0xdf, 0x40, 0x00, 0x00, 0x0b, 0xf5, 0x6f, 0xb0, 0x00, 0x00, 0x4f, 0xb0, 0x0d, 0xf5, 0x00,
    0x00, 0xdf, 0x40, 0x05, 0xfd, 0x00, 0x07, 0xfb, 0x00, 0x00, 0xbf, 0x70, 0x1e, 0xf3, 0x00, 0x00,
    0x4f, 0xe1, 0x86, 0x00, 0x66, 0x00, 0x68, 0xfb, 0x00, 0xbb, 0x00, 0xbf, 0xfb, 0x00, 0xbb, 0x00,
    0xbf, 0xfb, 0x00, 0xbb, 0x00, 0xbf, 0xfb, 0x00, 0xbb, 0x00, 0xbf, 0xfb, 0x00, 0xbb, 0x00, 0xbf,
    0xfb, 0x00, 0xbb, 0x00, 0xbf, 0xfb, 0x00, 0xbb, 0x00, 0xbf, 0xdf, 0x10, 0xbb, 0x01, 0xfd, 0x8f,
    0xa3, 0xbb, 0x3a, 0xf8, 0x1b, 0xff, 0xff, 0xff, 0xb1, 0x00, 0x68, 0xff, 0x86, 0x00, 0x00, 0x00,
    0xff, 0x00, 0x00, 0x00, 0x00, 0xff, 0x00, 0x00, 0x00, 0x00, 0xff, 0x00, 0x00, 0x00, 0x49, 0xbb,
    0x94, 0x00, 0x00, 0x6f, 0xff, 0xff, 0xf6, 0x00, 0x2f, 0xf7, 0x00, 0x7f, 0xf2, 0x07, 0xf9, 0x00,
    0x00, 0x9f, 0x70, 0x8f, 0x80, 0x00, 0x08, 0xf8, 0x08, 0xf8, 0x00, 0x00, 0x8f, 0x80, 0x8f, 0x80,
    0x00, 0x08, 0xf8, 0x08, 0xf8, 0x00, 0x00, 0x8f, 0x80, 0x8f, 0x80, 0x00, 0x08, 0xf8, 0x08, 0xf8,
    0x00, 0x00, 0x8f, 0x80, 0x8f, 0x80, 0x00, 0x08, 0xf8, 0x03, 0xfc, 0x00, 0x00, 0xcf, 0x30, 0x06,
    0xfb, 0x22, 0xbe, 0x60, 0x0b, 0xbb, 0xf4, 0x4f, 0xbb, 0xb0, 0xff, 0xff, 0x44, 0xff, 0xff, 0x00,
    0x5e, 0xb0, 0x0b, 0xe5, 0x8f, 0xf0, 0x0f, 0xf8, 0x3a, 0x80, 0x08, 0xa3, 0x00, 0x00, 0x00, 0x00,
    0x88, 0x88, 0x88, 0x88, 0xff, 0xff, 0xff, 0xff, 0x44, 0x4f, 0xf4, 0x44, 0x00, 0x0f, 0xf0, 0x00,
    0x00, 0x0f, 0xf0, 0x00, 0x00, 0x0f, 0xf0, 0x00, 0x00, 0x0f, 0xf0, 0x00, 0x00, 0x0f, 0xf0, 0x00,
    0x00, 0x0f, 0xf0, 0x00, 0x00, 0x0f, 0xf0, 0x00, 0x00, 0x0f, 0xf0, 0x00, 0x00, 0x0f, 0xf0, 0x00,
    0x00, 0x0f, 0xf0, 0x00, 0xbb, 0xbf, 0xfb, 0xbb, 0xff, 0xff, 0xff, 0xff, 0x00, 0x5e, 0xb0, 0x0b,
    0xe5, 0x00, 0x00, 0x8f, 0xf0, 0x0f, 0xf8, 0x00, 0x00, 0x3a, 0x80, 0x08, 0xa3, 0x00, 0x00, 0x00,
    0x00, 0x00, 0x00, 0x00, 0x28, 0x70, 0x00, 0x00, 0x07, 0x82, 0x0d, 0xf4, 0x00, 0x00, 0x3f, 0xd0,
    0x06, 0xfb, 0x00, 0x00, 0x9f, 0x60, 0x00, 0xdf, 0x30, 0x02, 0xfd, 0x00, 0x00, 0x6f, 0x90, 0x09,
    0xf6, 0x00, 0x00, 0x0d, 0xf2, 0x1f, 0xe0, 0x00, 0x00, 0x08, 0xf9, 0x8f, 0x80, 0x00, 0x00, 0x01,
    0xee, 0xde, 0x10, 0x00, 0x00, 0x00, 0x8f, 0xf8, 0x00, 0x00, 0x00, 0x00, 0x1f, 0xf1, 0x00, 0x00,
    0x00, 0x00, 0x0f, 0xf0, 0x00, 0x00, 0x00, 0x00, 0x0f, 0xf0, 0x00, 0x00, 0x00, 0x00, 0x0f, 0xf0,
    0x00, 0x00, 0x00, 0x00, 0x0f, 0xf0, 0x00, 0x00, 0x00, 0x00, 0x0f, 0xf0, 0x00, 0x00, 0x00, 0x00,
    0x06, 0xb8, 0x00, 0x00, 0x00, 0x3f, 0xd1, 0x00, 0x00, 0x01, 0xde, 0x30, 0x00, 0x00, 0x00, 0x00,
    0x00, 0x00, 0x00, 0x02, 0x40, 0x00, 0x00, 0x01, 0xbf, 0xfe, 0x6b, 0xf4, 0x0b, 0xfd, 0x88, 0xed,
    0xf4, 0x3f, 0xe1, 0x00, 0x3f, 0xf4, 0x5f, 0x90, 0x00, 0x0b, 0xf4, 0x8f, 0x80, 0x00, 0x0b, 0xf4,
    0x8f, 0x80, 0x00, 0x0b, 0xf4, 0x8f, 0x80, 0x00, 0x0b, 0xf4, 0x5f, 0x90, 0x00, 0x0b, 0xf4, 0x3f,
    0xe1, 0x00, 0x3f, 0xf4, 0x0b, 0xfd, 0x88, 0xed, 0xf4, 0x01, 0xbf, 0xfe, 0x6b, 0xf4, 0x00, 0x02,
    0x40, 0x00, 0x00, 0x00, 0x00, 0x05, 0xb8, 0x00, 0x00, 0x00, 0x2e, 0xe2, 0x00, 0x00, 0x00, 0xcf,
    0x40, 0x00, 0x00, 0x00, 0x00, 0x00, 0x00, 0x00, 0x00, 0x34, 0x00, 0x00, 0x03, 0xbf, 0xff, 0xfd,
    0x50, 0x1e, 0xfc, 0x88, 0x9f, 0xf2, 0x4f, 0xc0, 0x00, 0x07, 0xb6, 0x3f, 0xc0, 0x00, 0x00, 0x00,
    0x06, 0xdb, 0x88, 0x80, 0x00, 0x07, 0xdf, 0xff, 0xf0, 0x00, 0x4f, 0xe6, 0x44, 0x40, 0x00, 0x8f,
    0x80, 0x00, 0x00, 0x00, 0x8f, 0xa0, 0x00, 0x07, 0xfa, 0x2e, 0xfc, 0x88, 0xaf, 0xf4, 0x03, 0xbf,
    0xff, 0xfd, 0x50, 0x00, 0x00, 0x44, 0x10, 0x00, 0x00, 0x00, 0x04, 0xb9, 0x00, 0x00, 0x00, 0x1e,
    0xe3, 0x00, 0x00, 0x00, 0xbf, 0x60, 0x00, 0x00, 0x00, 0x00, 0x00, 0x00, 0x00, 0x00, 0x14, 0x20,
    0x00, 0x4f, 0xb6, 0xff, 0xfb, 0x10, 0x4f, 0xde, 0x88, 0xdf, 0xb0, 0x4f, 0xf3, 0x00, 0x1e, 0xf3,
    0x4f, 0xb0, 0x00, 0x0b, 0xf4, 0x4f, 0xb0, 0x00, 0x0b, 0xf4, 0x4f, 0xb0, 0x00, 0x0b, 0xf4, 0x4f,
    0xb0, 0x00, 0x0b, 0xf4, 0x4f, 0xb0, 0x00, 0x0b, 0xf4, 0x4f, 0xb0, 0x00, 0x0b, 0xf4, 0x4f, 0xb0,
    0x00, 0x0b, 0xf4, 0x4f, 0xb0, 0x00, 0x0b, 0xf4, 0x00, 0x00, 0x06, 0xb8, 0x00, 0x00, 0x00, 0x03,
    0xfd, 0x10, 0x00, 0x00, 0x01, 0xde, 0x30, 0x00, 0x00, 0x00, 0x00, 0x00, 0x00, 0x00, 0x00, 0x00,
    0x00, 0x00, 0x00, 0x0f, 0xff, 0xff, 0xf0, 0x00, 0x00, 0xbb, 0xbb, 0xff, 0x00, 0x00, 0x00, 0x00,
    0x0f, 0xf0, 0x00, 0x00, 0x00, 0x00, 0xff, 0x00, 0x00, 0x00, 0x00, 0x0f, 0xf0, 0x00, 0x00, 0x00,
    0x00, 0xff, 0x00, 0x00, 0x00, 0x00, 0x0f, 0xf0, 0x00, 0x00, 0x00, 0x00, 0xff, 0x00, 0x00, 0x00,
    0x00, 0x0f, 0xf1, 0x00, 0x00, 0x00, 0x00, 0x9f, 0xeb, 0xbb, 0x00, 0x00, 0x01, 0x9e, 0xff, 0xf0,
    0x00, 0x00, 0x00, 0x00, 0x00, 0x00, 0x00, 0x0a, 0xe1, 0x00, 0x00, 0x00, 0x4f, 0x50, 0x00, 0x01,
    0x85, 0x67, 0x58, 0x10, 0x08, 0xff, 0x00, 0xff, 0x80, 0x05, 0xfc, 0x00, 0xcf, 0x50, 0x00, 0x00,
    0x00, 0x00, 0x00, 0x00, 0x00, 0x00, 0x00, 0x00, 0x4f, 0xb0, 0x00, 0x0b, 0xf4, 0x4f, 0xb0, 0x00,
    0x0b, 0xf4, 0x4f, 0xb0, 0x00, 0x0b, 0xf4, 0x4f, 0xb0, 0x00, 0x0b, 0xf4, 0x4f, 0xb0, 0x00, 0x0b,
    0xf4, 0x4f, 0xb0, 0x00, 0x0b, 0xf4, 0x4f, 0xb0, 0x00, 0x0b, 0xf4, 0x4f, 0xb0, 0x00, 0x0b, 0xf4,
    0x1f, 0xf3, 0x00, 0x3f, 0xf1, 0x08, 0xfe, 0x88, 0xef, 0x80, 0x00, 0x8e, 0xff, 0xe8, 0x00, 0x00,
    0x00, 0x44, 0x00, 0x00, 0x00, 0x02, 0x40, 0x00, 0x00, 0x01, 0xbf, 0xfe, 0x6b, 0xf4, 0x0b, 0xfd,
    0x88, 0xed, 0xf4, 0x3f, 0xe1, 0x00, 0x3f, 0xf4, 0x5f, 0x90, 0x00, 0x0b, 0xf4, 0x8f, 0x80, 0x00,
    0x0b, 0xf4, 0x8f, 0x80, 0x00, 0x0b, 0xf4, 0x8f, 0x80, 0x00, 0x0b, 0xf4, 0x5f, 0x90, 0x00, 0x0b,
    0xf4, 0x3f, 0xe1, 0x00, 0x3f, 0xf4, 0x0b, 0xfd, 0x88, 0xed, 0xf4, 0x01, 0xbf, 0xfe, 0x6b, 0xf4,
    0x00, 0x02, 0x40, 0x00, 0x00, 0x00, 0x28, 0xbb, 0x92, 0x00, 0x03, 0xef, 0xff, 0xff, 0x50, 0x0d,
    0xf8, 0x00, 0x7f, 0xd0, 0x3f, 0xd0, 0x00, 0x0d, 0xf3, 0x4f, 0xb0, 0x00, 0x0c, 0xf1, 0x4f, 0xb0,
    0x00, 0x3f, 0xb0, 0x4f, 0xb0, 0x8b, 0xf9, 0x10, 0x4f, 0xb0, 0xbf, 0xfd, 0x50, 0x4f, 0xb0, 0x00,
    0x4e, 0xf4, 0x4f, 0xb0, 0x00, 0x06, 0xfa, 0x4f, 0xb0, 0x00, 0x04, 0xfb, 0x4f, 0xc0, 0x00, 0x05,
    0xfb, 0x4f, 0xf6, 0x00, 0x1b, 0xf9, 0x4f, 0xdf, 0xba, 0xdf, 0xe2, 0x4f, 0xb6, 0xff, 0xfb, 0x30,
    0x4f, 0xb0, 0x14, 0x20, 0x00, 0x4f, 0xb0, 0x00, 0x00, 0x00, 0x4f, 0xb0, 0x00, 0x00, 0x00, 0x28,
    0x60, 0x00, 0x00, 0x00, 0xaf, 0x60, 0x00, 0x05, 0xfa, 0x6f, 0xa0, 0x00, 0x09, 0xf6, 0x1f, 0xf1,
    0x00, 0x0e, 0xf1, 0x09, 0xf6, 0x00, 0x5f, 0x90, 0x05, 0xfa, 0x00, 0x9f, 0x50, 0x00, 0xef, 0x10,
    0xee, 0x00, 0x00, 0x9f, 0x64, 0xf9, 0x00, 0x00, 0x3f, 0xa8, 0xf3, 0x00, 0x00, 0x0d, 0xeb, 0xd0,
    0x00, 0x00, 0x08, 0xff, 0x80, 0x00, 0x00, 0x02, 0xff, 0x30, 0x00, 0x00, 0x00, 0xff, 0x00, 0x00,
    0x00, 0x00, 0xff, 0x00, 0x00, 0x00, 0x00, 0xff, 0x00, 0x00, 0x00, 0x00, 0x88, 0x00, 0x00, 0x08,
    0x88, 0x88, 0x88, 0x80, 0x0f, 0xff, 0xff, 0xff, 0xf0, 0x07, 0xec, 0x30, 0x00, 0x00, 0x00, 0x3c,
    0xf7, 0x00, 0x00, 0x00, 0x03, 0xcf, 0x90, 0x00, 0x01, 0xbf, 0xff, 0xf9, 0x00, 0x0b, 0xfc, 0x74,
    0xaf, 0x70, 0x3f, 0xd1, 0x00, 0x1f, 0xe0, 0x6f, 0x80, 0x00, 0x0b, 0xf4, 0x8f, 0x80, 0x00, 0x0a,
    0xf6, 0x8f, 0x80, 0x00, 0x0a, 0xf7, 0x6f, 0x90, 0x00, 0x0b, 0xf4, 0x2f, 0xe1, 0x00, 0x3f, 0xf1,
    0x08, 0xfe, 0x89, 0xef, 0x80, 0x00, 0x8e, 0xff, 0xe8, 0x00, 0x00, 0x00, 0x44, 0x00, 0x00, 0x00,
    0x00, 0x34, 0x00, 0x00, 0x03, 0xbf, 0xff, 0xfd, 0x50, 0x1e, 0xfc, 0x88, 0x9f, 0xf2, 0x4f, 0xc0,
    0x00, 0x07, 0xb6, 0x3f, 0xc0, 0x00, 0x00, 0x00, 0x06, 0xdb, 0x88, 0x80, 0x00, 0x07, 0xdf, 0xff,
    0xf0, 0x00, 0x4f, 0xe6, 0x44, 0x40, 0x00, 0x8f, 0x80, 0x00, 0x00, 0x00, 0x8f, 0xa0, 0x00, 0x07,
    0xfa, 0x2e, 0xfc, 0x88, 0xaf, 0xf4, 0x03, 0xbf, 0xff, 0xfd, 0x50, 0x00, 0x00, 0x44, 0x10, 0x00,
    0x48, 0x88, 0x88, 0x88, 0x82, 0x8f, 0xff, 0xff, 0xff, 0xf4, 0x24, 0x44, 0x44, 0xcf, 0xc1, 0x00,
    0x00, 0x1c, 0xfc, 0x10, 0x00, 0x03, 0xdf, 0x90, 0x00, 0x00, 0x3e, 0xf8, 0x00, 0x00, 0x03, 0xef,
    0x60, 0x00, 0x00, 0x1d, 0xf7, 0x00, 0x00, 0x00, 0x8f, 0xb0, 0x00, 0x00, 0x00, 0xcf, 0x40, 0x00,
    0x00, 0x00, 0xff, 0x20, 0x00, 0x00, 0x00, 0xaf, 0x91, 0x00, 0x00, 0x00, 0x3e, 0xfe, 0x84, 0x00,
    0x00, 0x03, 0xbf, 0xff, 0xea, 0x30, 0x00, 0x03, 0x8c, 0xff, 0xe1, 0x00, 0x00, 0x00, 0x1d, 0xf4,
    0x00, 0x00, 0x00, 0x2e, 0xe1, 0x00, 0x00, 0x00, 0x9f, 0x70, 0x00, 0x00, 0x00, 0x18, 0x00, 0x00,
    0x00, 0x14, 0x20, 0x00, 0x4f, 0xb6, 0xff, 0xfb, 0x10, 0x4f, 0xde, 0x88, 0xdf, 0xb0, 0x4f, 0xf3,
    0x00, 0x1e, 0xf3, 0x4f, 0xb0, 0x00, 0x0b, 0xf4, 0x4f, 0xb0, 0x00, 0x0b, 0xf4, 0x4f, 0xb0, 0x00,
    0x0b, 0xf4, 0x4f, 0xb0, 0x00, 0x0b, 0xf4, 0x4f, 0xb0, 0x00, 0x0b, 0xf4, 0x4f, 0xb0, 0x00, 0x0b,
    0xf4, 0x4f, 0xb0, 0x00, 0x0b, 0xf4, 0x4f, 0xb0, 0x00, 0x0b, 0xf4, 0x00, 0x16, 0x88, 0x61, 0x00,
    0x03, 0xef, 0xff, 0xfe, 0x30, 0x0d, 0xf9, 0x44, 0x9f, 0xd0, 0x3f, 0xd0, 0x00, 0x0d, 0xf3, 0x4f,
    0xb0, 0x00, 0x0b, 0xf4, 0x4f, 0xb0, 0x00, 0x0b, 0xf4, 0x4f, 0xc4, 0x44, 0x4c, 0xf4, 0x4f, 0xff,
    0xff, 0xff, 0xf4, 0x4f, 0xd8, 0x88, 0x8d, 0xf4, 0x4f, 0xb0, 0x00, 0x0b, 0xf4, 0x4f, 0xb0, 0x00,
    0x0b, 0xf4, 0x4f, 0xb0, 0x00, 0x0b, 0xf4, 0x2f, 0xe1, 0x00, 0x1e, 0xf2, 0x08, 0xfe, 0x88, 0xef,
    0x80, 0x00, 0x8f, 0xff, 0xf8, 0x00, 0x00, 0x00, 0x44, 0x00, 0x00, 0xff, 0xff, 0xff, 0x00, 0x00,
    0x0b, 0xbb, 0xbf, 0xf0, 0x00, 0x00, 0x00, 0x00, 0xff, 0x00, 0x00, 0x00, 0x00, 0x0f, 0xf0, 0x00,
    0x00, 0x00, 0x00, 0xff, 0x00, 0x00, 0x00, 0x00, 0x0f, 0xf0, 0x00, 0x00, 0x00, 0x00, 0xff, 0x00,
    0x00, 0x00, 0x00, 0x0f, 0xf0, 0x00, 0x00, 0x00, 0x00, 0xff, 0x10, 0x00, 0x00, 0x00, 0x09, 0xfe,
    0xbb, 0xb0, 0x00, 0x00, 0x19, 0xef, 0xff, 0x00, 0x0f, 0xf0, 0x00, 0x07, 0xfc, 0x00, 0xff, 0x00,
    0x02, 0xef, 0x30, 0x0f, 0xf0, 0x00, 0xbf, 0x80, 0x00, 0xff, 0x00, 0x6f, 0xc0, 0x00, 0x0f, 0xf8,
    0x8e, 0xf4, 0x00, 0x00, 0xff, 0xff, 0xfd, 0x00, 0x00, 0x0f, 0xf4, 0x4c, 0xf8, 0x00, 0x00, 0xff,
    0x00, 0x3f, 0xf2, 0x00, 0x0f, 0xf0, 0x00, 0x8f, 0xb0, 0x00, 0xff, 0x00, 0x01, 0xdf, 0x70, 0x0f,
    0xf0, 0x00, 0x04, 0xfe, 0x10, 0x00, 0x02, 0x86, 0x00, 0x00, 0x00, 0x00, 0x01, 0xff, 0x10, 0x00,
    0x00, 0x00, 0x00, 0x9f, 0x70, 0x00, 0x00, 0x00, 0x00, 0x4f, 0xc0, 0x00, 0x00, 0x00, 0x00, 0x2f,
    0xf2, 0x00, 0x00, 0x00, 0x00, 0x8f, 0xf8, 0x00, 0x00, 0x00, 0x00, 0xdc, 0xfd, 0x00, 0x00, 0x00,
    0x04, 0xfa, 0xaf, 0x50, 0x00, 0x00, 0x09, 0xf6, 0x6f, 0x90, 0x00, 0x00, 0x1e, 0xe0, 0x1e, 0xf1,
    0x00, 0x00, 0x6f, 0x90, 0x09, 0xf6, 0x00, 0x00, 0xbf, 0x50, 0x05, 0xfc, 0x00, 0x02, 0xfe, 0x00,
    0x00, 0xdf, 0x20, 0x08, 0xf9, 0x00, 0x00, 0x8f, 0x80, 0x0d, 0xf3, 0x00, 0x00, 0x3f, 0xd0, 0x4f,
    0xb0, 0x00, 0x0b, 0xf4, 0x4f, 0xb0, 0x00, 0x0b, 0xf4, 0x4f, 0xb0, 0x00, 0x0b, 0xf4, 0x4f, 0xb0,
    0x00, 0x0b, 0xf4, 0x4f, 0xb0, 0x00, 0x0b, 0xf4, 0x4f, 0xb0, 0x00, 0x0b, 0xf4, 0x4f, 0xb0, 0x00,
    0x0b, 0xf4, 0x4f, 0xb0, 0x00, 0x0b, 0xf4, 0x4f, 0xf3, 0x00, 0x3f, 0xf4, 0x4f, 0xee, 0x88, 0xee,
    0xf4, 0x4f, 0xba, 0xff, 0x9b, 0xf4, 0x4f, 0xb0, 0x33, 0x00, 0x00, 0x4f, 0xb0, 0x00, 0x00, 0x00,
    0x4f, 0xb0, 0x00, 0x00, 0x00, 0x28, 0x60, 0x00, 0x00, 0x00, 0xcf, 0x50, 0x00, 0x03, 0xfd, 0x07,
    0xf9, 0x00, 0x00, 0x8f, 0x80, 0x2f, 0xd0, 0x00, 0x0d, 0xf3, 0x00, 0xcf, 0x30, 0x03, 0xfc, 0x00,
    0x07, 0xf8, 0x00, 0x8f, 0x70, 0x00, 0x2f, 0xd0, 0x0d, 0xf2, 0x00, 0x00, 0xcf, 0x33, 0xfc, 0x00,
    0x00, 0x07, 0xf8, 0x7f, 0x70, 0x00, 0x00, 0x2f, 0xcb, 0xf2, 0x00, 0x00, 0x00, 0xcf, 0xfc, 0x00,
    0x00, 0x00, 0x07, 0xff, 0x70, 0x00, 0x00, 0x00, 0x17, 0xbb, 0xb7, 0x00, 0x01, 0xcf, 0xff, 0xff,
    0xc1, 0x09, 0xfc, 0x20, 0x2c, 0xf8, 0x0e, 0xf3, 0x00, 0x03, 0xb8, 0x0d, 0xf2, 0x00, 0x00, 0x00,
    0x08, 0xf9, 0x00, 0x00, 0x00, 0x00, 0x8d, 0xeb, 0xbb, 0x60, 0x02, 0xbf, 0xff, 0xff, 0x80, 0x0c,
    0xf9, 0x10, 0x00, 0x00, 0x4f, 0xd0, 0x00, 0x00, 0x00, 0x5f, 0xb0, 0x00, 0x00, 0x00, 0x3f, 0xe3,
    0x00, 0x00, 0x00, 0x09, 0xff, 0x95, 0x00, 0x00, 0x00, 0x8e, 0xff, 0xea, 0x50, 0x00, 0x01, 0x6a,
    0xef, 0xf6, 0x00, 0x00, 0x00, 0x08, 0xfb, 0x00, 0x00, 0x00, 0x08, 0xf7, 0x00, 0x00, 0x00, 0x2e,
    0xe1, 0x00, 0x00, 0x00, 0x06, 0x50, 0x00, 0x00, 0x33, 0x00, 0x00, 0x00, 0x8e, 0xff, 0xe8, 0x00,
    0x08, 0xfe, 0x99, 0xef, 0x80, 0x2f, 0xe1, 0x00, 0x1e, 0xf2, 0x5f, 0x90, 0x00, 0x09, 0xf5, 0x8f,
    0x80, 0x00, 0x08, 0xf8, 0x8f, 0x80, 0x00, 0x08, 0xf8, 0x8f, 0x80, 0x00, 0x08, 0xf8, 0x5f, 0x90,
    0x00, 0x09, 0xf5, 0x2f, 0xe1, 0x00, 0x1e, 0xf2, 0x08, 0xfe, 0x99, 0xef, 0x80, 0x00, 0x8e, 0xff,
    0xe8, 0x00, 0x00, 0x00, 0x33, 0x00, 0x00, 0x8f, 0xff, 0xff, 0xff, 0xff, 0xf4, 0x6b, 0xff, 0xbb,
    0xbe, 0xfc, 0xb3, 0x00, 0xff, 0x00, 0x0b, 0xf4, 0x00, 0x00, 0xff, 0x00, 0x0b, 0xf4, 0x00, 0x00,
    0xff, 0x00, 0x0b, 0xf4, 0x00, 0x00, 0xff, 0x00, 0x0b, 0xf4, 0x00, 0x00, 0xff, 0x00, 0x0b, 0xf4,
    0x00, 0x00, 0xff, 0x00, 0x0b, 0xf4, 0x00, 0x00, 0xff, 0x00, 0x09, 0xf7, 0x00, 0x00, 0xff, 0x00,
    0x04, 0xff, 0xb3, 0x00, 0xff, 0x00, 0x00, 0x6e, 0xf4, 0x00, 0x00, 0x00, 0x00, 0x00, 0x00, 0x00,
    0x00, 0x44, 0x00, 0x00, 0x00, 0x8e, 0xff, 0xf8, 0x10, 0x08, 0xfe, 0x88, 0xdf, 0x80, 0x0e, 0xf3,
    0x00, 0x1e, 0xf2, 0x4f, 0xc0, 0x00, 0x0b, 0xf4, 0x4f, 0xb0, 0x00, 0x0b, 0xf4, 0x4f, 0xb0, 0x00,
    0x0b, 0xf4, 0x4f, 0xb0, 0x00, 0x0b, 0xf4, 0x4f, 0xc0, 0x00, 0x0b, 0xf4, 0x4f, 0xf3, 0x00, 0x1e,
    0xf2, 0x4f, 0xce, 0x88, 0xdf, 0xb0, 0x4f, 0xb6, 0xef, 0xfb, 0x10, 0x4f, 0xb0, 0x04, 0x20, 0x00,
    0x4f, 0xb0, 0x00, 0x00, 0x00, 0x4f, 0xb0, 0x00, 0x00, 0x00, 0x28, 0x60, 0x00, 0x00, 0x00, 0x00,
    0x00, 0x34, 0x10, 0x00, 0x00, 0x8e, 0xff, 0xfa, 0x10, 0x08, 0xfe, 0x98, 0xdf, 0xc0, 0x1f, 0xf3,
    0x00, 0x0b, 0xf6, 0x4f, 0xb0, 0x00, 0x06, 0xb6, 0x4f, 0xb0, 0x00, 0x00, 0x00, 0x4f, 0xb0, 0x00,
    0x00, 0x00, 0x4f, 0xb0, 0x00, 0x00, 0x00, 0x3f, 0xe1, 0x00, 0x00, 0x00, 0x0b, 0xfc, 0x61, 0x00,
    0x00, 0x01, 0xbf, 0xff, 0xb6, 0x00, 0x00, 0x04, 0x9e, 0xff, 0x80, 0x00, 0x00, 0x00, 0x5f, 0xb0,
    0x00, 0x00, 0x00, 0x6f, 0x90, 0x00, 0x00, 0x01, 0xdf, 0x20, 0x00, 0x00, 0x00, 0x46, 0x00, 0x00,
    0x5c, 0xff, 0xff, 0xff, 0x40, 0x8f, 0xfb, 0xcf, 0xdb, 0xb3, 0x1f, 0xf3, 0x00, 0x5f, 0x80, 0x04,
    0xfa, 0x00, 0x00, 0xcf, 0x20, 0x8f, 0x80, 0x00, 0x0b, 0xf4, 0x08, 0xf8, 0x00, 0x00, 0xbf, 0x40,
    0x8f, 0x80, 0x00, 0x0b, 0xf4, 0x05, 0xf9, 0x00, 0x00, 0xbf, 0x40, 0x2f, 0xe1, 0x00, 0x3f, 0xf1,
    0x00, 0x8f, 0xe8, 0x9e, 0xf8, 0x00, 0x00, 0x8f, 0xff, 0xe8, 0x00, 0x00, 0x00, 0x04, 0x40, 0x00,
    0x00, 0x0f, 0xff, 0xff, 0xff, 0xff, 0x80, 0xbb, 0xbe, 0xfc, 0xbb, 0xb6, 0x00, 0x00, 0xbf, 0x40,
    0x00, 0x00, 0x00, 0x0b, 0xf4, 0x00, 0x00, 0x00, 0x00, 0xbf, 0x40, 0x00, 0x00, 0x00, 0x0b, 0xf4,
    0x00, 0x00, 0x00, 0x00, 0xbf, 0x40, 0x00, 0x00, 0x00, 0x0b, 0xf4, 0x00, 0x00, 0x00, 0x00, 0xbf,
    0x50, 0x00, 0x00, 0x00, 0x07, 0xff, 0xbb, 0xb3, 0x00, 0x00, 0x08, 0xef, 0xff, 0x40, 0x4f, 0xb0,
    0x00, 0x0b, 0xf4, 0x4f, 0xb0, 0x00, 0x0b, 0xf4, 0x4f, 0xb0, 0x00, 0x0b, 0xf4, 0x4f, 0xb0, 0x00,
    0x0b, 0xf4, 0x4f, 0xb0, 0x00, 0x0b, 0xf4, 0x4f, 0xb0, 0x00, 0x0b, 0xf4, 0x4f, 0xb0, 0x00, 0x0b,
    0xf4, 0x4f, 0xb0, 0x00, 0x0b, 0xf4, 0x1f, 0xf3, 0x00, 0x3f, 0xf1, 0x08, 0xfe, 0x88, 0xef, 0x80,
    0x00, 0x8e, 0xff, 0xe8, 0x00, 0x00, 0x00, 0x44, 0x00, 0x00, 0x00, 0x00, 0x00, 0x00, 0x00, 0x08,
    0xb0, 0xbf, 0xfa, 0x30, 0x5f, 0xb0, 0xbd, 0x9e, 0xf3, 0xcf, 0x30, 0xbb, 0x04, 0xfa, 0xfd, 0x00,
    0xbb, 0x00, 0xcf, 0xfb, 0x00, 0xbb, 0x00, 0xbf, 0xfb, 0x00, 0xbb, 0x00, 0xbf, 0xfb, 0x00, 0xbb,
    0x00, 0xbf, 0xfd, 0x00, 0xbb, 0x00, 0xdf, 0xaf, 0x40, 0xbb, 0x04, 0xfa, 0x3e, 0xf9, 0xdd, 0x9f,
    0xe3, 0x03, 0xaf, 0xff, 0xfa, 0x30, 0x00, 0x00, 0xff, 0x00, 0x00, 0x00, 0x00, 0xff, 0x00, 0x00,
    0x00, 0x00, 0xff, 0x00, 0x00, 0x00, 0x00, 0x88, 0x00, 0x00, 0x08, 0xfc, 0x00, 0x00, 0xbf, 0x80,
    0x00, 0xcf, 0x70, 0x07, 0xfc, 0x00, 0x00, 0x2e, 0xe2, 0x2e, 0xf3, 0x00, 0x00, 0x07, 0xfb, 0x9f,
    0x80, 0x00, 0x00, 0x00, 0xbf, 0xfb, 0x00, 0x00, 0x00, 0x00, 0x6f, 0xf6, 0x00, 0x00, 0x00, 0x01,
    0xee, 0xee, 0x10, 0x00, 0x00, 0x0a, 0xf8, 0x8f, 0xa0, 0x00, 0x00, 0x5f, 0xc0, 0x0c, 0xf5, 0x00,
    0x02, 0xef, 0x40, 0x04, 0xfe, 0x20, 0x0b, 0xf8, 0x00, 0x00, 0x8f, 0xb0, 0xfb, 0x00, 0xbb, 0x00,
    0xbf, 0xfb, 0x00, 0xbb, 0x00, 0xbf, 0xfb, 0x00, 0xbb, 0x00, 0xbf, 0xfb, 0x00, 0xbb, 0x00, 0xbf,
    0xfb, 0x00, 0xbb, 0x00, 0xbf, 0xfb, 0x00, 0xbb, 0x00, 0xbf, 0xfb, 0x00, 0xbb, 0x00, 0xbf, 0xfd,
    0x00, 0xbb, 0x00, 0xdf, 0xaf, 0x40, 0xbb, 0x04, 0xfa, 0x4f, 0xf9, 0xdd, 0x9f, 0xf4, 0x04, 0xaf,
    0xff, 0xfa, 0x40, 0x00, 0x00, 0xff, 0x00, 0x00, 0x00, 0x00, 0xff, 0x00, 0x00, 0x00, 0x00, 0xff,
    0x00, 0x00, 0x00, 0x00, 0x88, 0x00, 0x00, 0x00, 0x20, 0x00, 0x00, 0x00, 0x08, 0xf0, 0x00, 0x0e,
    0x70, 0x6f, 0xe0, 0x00, 0x0f, 0xf5, 0xbf, 0x30, 0x00, 0x04, 0xfb, 0xfd, 0x00, 0x00, 0x00, 0xef,
    0xfb, 0x00, 0xbb, 0x00, 0xbf, 0xfb, 0x00, 0xbb, 0x00, 0xbf, 0xfb, 0x00, 0xbb, 0x00, 0xbf, 0xfb,
    0x00, 0xbb, 0x00, 0xbf, 0xfe, 0x00, 0xdd, 0x00, 0xef, 0xaf, 0xaa, 0xdd, 0xaa, 0xfa, 0x3d, 0xfe,
    0x55, 0xef, 0xd3, 0x00, 0x41, 0x00, 0x14, 0x00, 0x04, 0xaa, 0x40, 0x2f, 0xff, 0xf2, 0x8f, 0xff,
    0xf8, 0x5f, 0xff, 0xf5, 0x09, 0xff, 0x90, 0x00, 0x11, 0x00, 0x00, 0x6a, 0xa6, 0x00, 0x09, 0xfb,
    0xbf, 0x90, 0x2f, 0x80, 0x08, 0xf2, 0x4f, 0x40, 0x04, 0xf4, 0x4f, 0x40, 0x04, 0xf4, 0x4f, 0x40,
    0x04, 0xf4, 0x4f, 0x40, 0x04, 0xf4, 0x1f, 0xa0, 0x0a, 0xf1, 0x06, 0xff, 0xff, 0x60, 0x00, 0x27,
    0x72, 0x00, 0x22, 0xec, 0x43, 0x88, 0xbb, 0xbb, 0xbb, 0xbb, 0xbb, 0x33, 0x00, 0x00, 0x86, 0x00,
    0x00, 0x8f, 0x30, 0x00, 0x3f, 0x80, 0x00, 0x1c, 0xc0, 0x24, 0x08, 0xe3, 0x08, 0xf3, 0xf7, 0x00,
    0x8f, 0x4f, 0xff, 0xff, 0xf1, 0x44, 0x44, 0x9f, 0x00, 0x00, 0x08, 0xf0, 0x00, 0x00, 0x24, 0x06,
    0x88, 0x88, 0x80, 0x0b, 0xeb, 0xbb, 0xb0, 0x0b, 0xb0, 0x00, 0x00, 0x0b, 0xd8, 0x62, 0x00, 0x08,
    0xbb, 0xef, 0x80, 0x00, 0x00, 0x09, 0xf2, 0x28, 0x20, 0x04, 0xf4, 0x1f, 0x90, 0x09, 0xf2, 0x06,
    0xff, 0xff, 0x80, 0x00, 0x27, 0x83, 0x00, 0x00, 0x03, 0x82, 0x00, 0x00, 0x0c, 0xb0, 0x00, 0x00,
    0x8f, 0x20, 0x00, 0x02, 0xe9, 0x73, 0x00, 0x0b, 0xfb, 0xcf, 0x90, 0x3f, 0x70, 0x07, 0xf3, 0x4f,
    0x40, 0x04, 0xf4, 0x3f, 0x90, 0x09, 0xf3, 0x08, 0xff, 0xff, 0x80, 0x00, 0x37, 0x83, 0x00, 0x08,
    0x88, 0x88, 0x82, 0x0f, 0xdb, 0xbc, 0xf4, 0x0f, 0x80, 0x08, 0xe1, 0x04, 0x20, 0x1e, 0x90, 0x00,
    0x00, 0x8f, 0x20, 0x00, 0x00, 0xe9, 0x00, 0x00, 0x06, 0xf4, 0x00, 0x00, 0x0d, 0xb0, 0x00, 0x00,
    0x6f, 0x50, 0x00, 0x00, 0x34, 0x00, 0x00, 0x01, 0x7a, 0xb7, 0x10, 0x0b, 0xe8, 0x8e, 0xc0, 0x0f,
    0x60, 0x06, 0xf3, 0x0c, 0xa0, 0x09, 0xd0, 0x02, 0xbf, 0xfb, 0x20, 0x1c, 0xc5, 0x5c, 0xc1, 0x4f,
    0x40, 0x04, 0xf4, 0x3f, 0x70, 0x07, 0xf3, 0x09, 0xfc, 0xcf, 0x90, 0x00, 0x38, 0x83, 0x00, 0x00,
    0x6a, 0xa6, 0x00, 0x09, 0xfb, 0xbf, 0x90, 0x3f, 0x70, 0x07, 0xf3, 0x4f, 0x40, 0x04, 0xf4, 0x1f,
    0xa1, 0x1a, 0xf1, 0x06, 0xef, 0xdf, 0x80, 0x00, 0x04, 0x9e, 0x10, 0x00, 0x04, 0xf5, 0x00, 0x00,
    0x1d, 0xb0, 0x00, 0x00, 0x14, 0x10, 0x00, 0x00, 0x88, 0x00, 0x00, 0xbb, 0x00, 0x68, 0xdd, 0x86,
    0x8b, 0xee, 0xb8, 0x00, 0xbb, 0x00, 0x00, 0xbb, 0x00, 0x00, 0x00, 0x00, 0x0b, 0xff, 0xff, 0xf4,
    0x34, 0x44, 0x44, 0x10, 0xff, 0xff, 0xff, 0x08, 0x88, 0x88, 0x80, 0x00, 0x00, 0x00, 0x08, 0x88,
    0x88, 0x80, 0xbb, 0xbb, 0xbb, 0x00, 0x00, 0x42, 0x06, 0xf4, 0x0d, 0xc0, 0x3f, 0x80, 0x7f, 0x40,
    0x8f, 0x40, 0x8f, 0x40, 0x6f, 0x50, 0x2f, 0x90, 0x09, 0xf1, 0x01, 0xb5, 0x14, 0x20, 0x0d, 0xb0,
    0x07, 0xf4, 0x02, 0xf8, 0x00, 0xdb, 0x00, 0xbf, 0x00, 0xbf, 0x00, 0xfb, 0x05, 0xf7, 0x09, 0xe1,
    0x1b, 0x60, 0x88, 0x6b, 0xb8, 0x0b, 0xea, 0x8c, 0xf6, 0xbc, 0x00, 0x2f, 0x8b, 0xb0, 0x00, 0xf8,
    0xbb, 0x00, 0x0f, 0x8b, 0xb0, 0x00, 0xf8, 0x33, 0x00, 0x04, 0x20, 0x00, 0x26, 0x62, 0x00, 0x06,
    0xff, 0xff, 0x60, 0x1e, 0xa1, 0x1a, 0xe1, 0x4f, 0x40, 0x04, 0xf4, 0x4f, 0x40, 0x04, 0xf4, 0x4f,
    0x40, 0x04, 0xf4, 0x4f, 0x40, 0x04, 0xf4, 0x3f, 0x70, 0x07, 0xf3, 0x09, 0xf9, 0x9f, 0x90, 0x00,
    0x7b, 0xb7, 0x00, 0x00, 0x04, 0x41, 0x00, 0x03, 0xbf, 0xf4, 0x00, 0x0f, 0xb7, 0xf4, 0x00, 0x07,
    0x04, 0xf4, 0x00, 0x00, 0x04, 0xf4, 0x00, 0x00, 0x04, 0xf4, 0x00, 0x00, 0x04, 0xf4, 0x00, 0x00,
    0x04, 0xf4, 0x00, 0x0b, 0xbc, 0xfc, 0xb6, 0x0b, 0xbb, 0xbb, 0xb6, 0x00, 0x16, 0x62, 0x00, 0x03,
    0xef, 0xff, 0x60, 0x0d, 0xc1, 0x1a, 0xe0, 0x08, 0x40, 0x08, 0xf3, 0x00, 0x00, 0x1c, 0xd0, 0x00,
    0x01, 0xce, 0x30, 0x00, 0x3e, 0xc2, 0x00, 0x05, 0xeb, 0x10, 0x00, 0x0f, 0xfb, 0xbb, 0xb3, 0x0b,
    0xbb, 0xbb, 0xb3, 0x03, 0x44, 0x44, 0x40, 0x0b, 0xff, 0xff, 0xf0, 0x00, 0x00, 0x3e, 0x80, 0x00,
    0x06, 0xe5, 0x00, 0x00, 0x0b, 0xfd, 0x30, 0x00, 0x03, 0x4c, 0xe1, 0x14, 0x10, 0x04, 0xf4, 0x3f,
    0x70, 0x07, 0xf3, 0x0b, 0xf9, 0x9f, 0xb0, 0x00, 0x7b, 0xb7, 0x10, 0x00, 0x00, 0x33, 0x00, 0x00,
    0x4f, 0x70, 0x00, 0x1e, 0xb0, 0x00, 0x0a, 0xe1, 0x00, 0x05, 0xf5, 0x08, 0xf2, 0xea, 0x00, 0x8f,
    0x4f, 0xcb, 0xbd, 0xf2, 0x88, 0x88, 0xbf, 0x00, 0x00, 0x08, 0xf0, 0x00, 0x00, 0x6b, 0x03, 0x44,
    0x44, 0x40, 0x0b, 0xff, 0xff, 0xf0, 0x0b, 0xb0, 0x00, 0x00, 0x0b, 0xb0, 0x00, 0x00, 0x0b, 0xff,
    0xfd, 0x40, 0x03, 0x44, 0x4c, 0xe1, 0x14, 0x10, 0x04, 0xf4, 0x3f, 0x60, 0x06, 0xf3, 0x0b, 0xf9,
    0x9f, 0xb0, 0x00, 0x7b, 0xb8, 0x10, 0x00, 0x01, 0x42, 0x00, 0x00, 0x09, 0xe1, 0x00, 0x00, 0x4f,
    0x50, 0x00, 0x01, 0xda, 0x00, 0x00, 0x08, 0xfd, 0xfe, 0x60, 0x2f, 0x91, 0x19, 0xf2, 0x4f, 0x40,
    0x04, 0xf4, 0x4f, 0x60, 0x06, 0xf4, 0x0c, 0xf9, 0x9f, 0xc0, 0x01, 0x7b, 0xb7, 0x10, 0x04, 0x44,
    0x44, 0x41, 0x0f, 0xff, 0xff, 0xf4, 0x0f, 0x80, 0x06, 0xf2, 0x08, 0x40, 0x0d, 0xb0, 0x00, 0x00,
    0x6f, 0x40, 0x00, 0x00, 0xcc, 0x00, 0x00, 0x04, 0xf6, 0x00, 0x00, 0x0b, 0xd0, 0x00, 0x00, 0x3f,
    0x70, 0x00, 0x00, 0x7b, 0x10, 0x00, 0x00, 0x03, 0x40, 0x00, 0x06, 0xef, 0xfe, 0x60, 0x0e, 0xa1,
    0x1a, 0xf1, 0x0f, 0x60, 0x05, 0xf2, 0x06, 0xd8, 0x8d, 0x70, 0x06, 0xcc, 0xcc, 0x60, 0x3f, 0x70,
    0x07, 0xf3, 0x4f, 0x40, 0x04, 0xf4, 0x1e, 0xc5, 0x5c, 0xe1, 0x03, 0xaf, 0xfa, 0x30, 0x00, 0x26,
    0x62, 0x00, 0x06, 0xff, 0xff, 0x60, 0x1f, 0xa0, 0x0a, 0xf1, 0x4f, 0x40, 0x04, 0xf4, 0x2f, 0x80,
    0x08, 0xf2, 0x09, 0xfb, 0xbf, 0xb0, 0x00, 0x58, 0x8f, 0x30, 0x00, 0x02, 0xe8, 0x00, 0x00, 0x0a,
    0xd1, 0x00, 0x00, 0x3b, 0x40, 0x00, 0x00, 0x48, 0x00, 0x00, 0x08, 0xf0, 0x00, 0x34, 0x9f, 0x44,
    0x1b, 0xff, 0xff, 0xf4, 0x00, 0x8f, 0x00, 0x00, 0x08, 0xf0, 0x00, 0x00, 0x00, 0x00, 0x00, 0x34,
    0x44, 0x44, 0x1b, 0xff, 0xff, 0xf4, 0x00, 0x00, 0x00, 0x00, 0x48, 0x88, 0x88, 0x06, 0xbb, 0xbb,
    0xb0, 0x00, 0x00, 0x00, 0x08, 0xff, 0xff, 0xf0, 0x24, 0x44, 0x44, 0x00, 0x01, 0x84, 0x08, 0xf2,
    0x0e, 0xa0, 0x4f, 0x70, 0x8f, 0x40, 0x8f, 0x40, 0x8f, 0x40, 0x5f, 0x60, 0x0e, 0xb0, 0x08, 0xf2,
    0x00, 0x84, 0x18, 0x40, 0x0b, 0xd0, 0x06, 0xf6, 0x01, 0xfa, 0x00, 0xcd, 0x00, 0xbf, 0x00, 0xcd,
    0x01, 0xfa, 0x06, 0xf6, 0x0b, 0xd0, 0x18, 0x30, 0x00, 0x03, 0x20, 0x00, 0x6e, 0xff, 0xd3, 0x08,
    0x81, 0x1d, 0xc0, 0x27, 0x8b, 0xff, 0x2e, 0xc7, 0x4c, 0xf4, 0xf8, 0x04, 0xef, 0x09, 0xff, 0xbc,
    0xf0, 0x00, 0x00, 0x00, 0x00, 0x01, 0x30, 0x00, 0x03, 0xbf, 0xfe, 0x60, 0x0d, 0xd2, 0x18, 0xf4,
    0x3f, 0xdb, 0xbb, 0xf8, 0x2f, 0x94, 0x44, 0x42, 0x0c, 0xe5, 0x47, 0xa2, 0x01, 0xaf, 0xfe, 0x80,
    0x00, 0x00, 0x00, 0x00, 0x00, 0x01, 0x30, 0x00, 0x03, 0xbf, 0xfe, 0x80, 0x0c, 0xe5, 0x29, 0xf6,
    0x3f, 0x80, 0x01, 0xfb, 0x2f, 0x90, 0x01, 0xfa, 0x0b, 0xe6, 0x4a, 0xf5, 0x01, 0xaf, 0xfd, 0x60,
    0x00, 0x00, 0x00, 0x00, 0x00, 0x00, 0x00, 0x00, 0x1d, 0xd1, 0x1c, 0xd1, 0x03, 0xf9, 0x8f, 0x40,
    0x00, 0x8f, 0xf8, 0x00, 0x00, 0xae, 0xea, 0x00, 0x07, 0xf7, 0x7f, 0x70, 0x3e, 0x90, 0x09, 0xf3,
    0x06, 0xbb, 0xa4, 0x00, 0x8f, 0xcb, 0xef, 0x50, 0x18, 0x00, 0x1e, 0xe0, 0x88, 0x88, 0x8d, 0xf3,
    0xff, 0xff, 0xff, 0xf4, 0xcf, 0x00, 0x0c, 0xf0, 0x8f, 0x94, 0x8f, 0x80, 0x09, 0xff, 0xf8, 0x00,
    0x00, 0x24, 0x20, 0x00, 0xbb, 0x00, 0x00, 0x0b, 0xb0, 0x22, 0x00, 0xbb, 0x9f, 0xfb, 0x1b, 0xf7,
    0x49, 0xf7, 0xbb, 0x00, 0x1f, 0x8b, 0xb0, 0x00, 0xf8, 0xbb, 0x00, 0x0f, 0x8b, 0xb0, 0x00, 0xf8,
    0xbb, 0x00, 0x00, 0x0b, 0xb0, 0x00, 0x00, 0xbb, 0x03, 0xec, 0x1b, 0xb5, 0xec, 0x10, 0xbe, 0xfe,
    0x10, 0x0b, 0xfb, 0xf8, 0x00, 0xbb, 0x09, 0xf6, 0x0b, 0xb0, 0x0c, 0xf3, 0xbb, 0xbb, 0xbb, 0xbb,
    0xbb, 0xbb, 0xbb, 0xbb, 0x00, 0x02, 0x10, 0x02, 0x20, 0x0b, 0xbb, 0xff, 0x5b, 0xff, 0xb0, 0xbf,
    0x64, 0xdf, 0x74, 0xaf, 0x4b, 0xb0, 0x08, 0xf0, 0x04, 0xf4, 0xbb, 0x00, 0x8f, 0x00, 0x4f, 0x4b,
    0xb0, 0x08, 0xf0, 0x04, 0xf4, 0xbb, 0x00, 0x8f, 0x00, 0x4f, 0x40, 0x00, 0x02, 0x20, 0x0b, 0xb9,
    0xff, 0xb1, 0xbf, 0x74, 0x9f, 0x7b, 0xb0, 0x01, 0xf8, 0xbb, 0x00, 0x0f, 0x8b, 0xb0, 0x00, 0xf8,
    0xbb, 0x00, 0x0f, 0x80, 0x00, 0x02, 0x20, 0x0b, 0xb9, 0xff, 0xb1, 0xbf, 0x74, 0x7f, 0x9b, 0xc0,
    0x00, 0xde, 0xbd, 0x00, 0x0d, 0xdb, 0xe9, 0x49, 0xf9, 0xbb, 0x8f, 0xf9, 0x1b, 0xb0, 0x00, 0x00,
    0xbb, 0x00, 0x00, 0x03, 0x30, 0x00, 0x00, 0x00, 0x03, 0x30, 0x00, 0x06, 0xef, 0xfe, 0x30, 0x0f,
    0xc1, 0x18, 0x60, 0x0b, 0xfc, 0x97, 0x10, 0x00, 0x58, 0xaf, 0xc0, 0x1c, 0xa4, 0x4d, 0xe0, 0x06,
    0xdf, 0xfc, 0x30, 0x00, 0x00, 0x00, 0x00, 0x06, 0x80, 0x00, 0xbf, 0x00, 0xbf, 0xff, 0x43, 0xcf,
    0x41, 0x0b, 0xf0, 0x00, 0xbf, 0x00, 0x0b, 0xf4, 0x10, 0x5e, 0xf6, 0x00, 0x00, 0x00, 0x00, 0x00,
    0x24, 0x30, 0x00, 0x00, 0x00, 0x01, 0xdf, 0x50, 0x00, 0x00, 0x00, 0x0b, 0xf8, 0x00, 0x00, 0x00,
    0x00, 0x8f, 0xb0, 0x00, 0x00, 0x00, 0x05, 0xfd, 0x10, 0x00, 0x00, 0x00, 0x3e, 0xf9, 0x88, 0x88,
    0x88, 0x84, 0x8f, 0xff, 0xff, 0xff, 0xff, 0xf8, 0x1d, 0xf7, 0x44, 0x44, 0x44, 0x42, 0x03, 0xee,
    0x30, 0x00, 0x00, 0x00, 0x00, 0x6f, 0xc1, 0x00, 0x00, 0x00, 0x00, 0x08, 0xf9, 0x00, 0x00, 0x00,
    0x00, 0x00, 0xcf, 0x70, 0x00, 0x00, 0x00, 0x00, 0x00, 0x00, 0x00, 0x00, 0x00, 0x00, 0x06, 0x60,
    0x00, 0x00, 0x00, 0x00, 0x8f, 0xf8, 0x00, 0x00, 0x00, 0x09, 0xff, 0xff, 0x90, 0x00, 0x01, 0xbf,
    0xbf, 0xf9, 0xfb, 0x10, 0x1c, 0xf9, 0x0f, 0xf0, 0x9f, 0xc1, 0x4f, 0x90, 0x0f, 0xf0, 0x08, 0xf4,
    0x46, 0x00, 0x0f, 0xf0, 0x00, 0x64, 0x00, 0x00, 0x0f, 0xf0, 0x00, 0x00, 0x00, 0x00, 0x0f, 0xf0,
    0x00, 0x00, 0x00, 0x00, 0x0f, 0xf0, 0x00, 0x00, 0x00, 0x00, 0x0f, 0xf0, 0x00, 0x00, 0x00, 0x00,
    0x0f, 0xf0, 0x00, 0x00, 0x00, 0x00, 0x0f, 0xf0, 0x00, 0x00, 0x00, 0x00, 0x0f, 0xf0, 0x00, 0x00,
    0x00, 0x00, 0x0f, 0xf0, 0x00, 0x00, 0x00, 0x00, 0x03, 0x42, 0x00, 0x00, 0x00, 0x00, 0x05, 0xfd,
    0x10, 0x00, 0x00, 0x00, 0x00, 0x8f, 0xb0, 0x00, 0x00, 0x00, 0x00, 0x0b, 0xf8, 0x00, 0x00, 0x00,
    0x00, 0x01, 0xdf, 0x50, 0x48, 0x88, 0x88, 0x88, 0x9f, 0xe3, 0x8f, 0xff, 0xff, 0xff, 0xff, 0xf8,
    0x24, 0x44, 0x44, 0x44, 0x7f, 0xd1, 0x00, 0x00, 0x00, 0x03, 0xee, 0x30, 0x00, 0x00, 0x00, 0x1c,
    0xf6, 0x00, 0x00, 0x00, 0x00, 0x9f, 0x90, 0x00, 0x00, 0x00, 0x07, 0xfc, 0x00, 0x00, 0x00, 0x00,
    0x00, 0x00, 0x00, 0x00, 0x00, 0x00, 0x08, 0x80, 0x00, 0x00, 0x00, 0x00, 0x0f, 0xf0, 0x00, 0x00,
    0x00, 0x00, 0x0f, 0xf0, 0x00, 0x00, 0x00, 0x00, 0x0f, 0xf0, 0x00, 0x00, 0x00, 0x00, 0x0f, 0xf0,
    0x00, 0x00, 0x00, 0x00, 0x0f, 0xf0, 0x00, 0x00, 0x00, 0x00, 0x0f, 0xf0, 0x00, 0x00, 0x00, 0x00,
    0x0f, 0xf0, 0x00, 0x00, 0x23, 0x00, 0x0f, 0xf0, 0x00, 0x12, 0x4e, 0x30, 0x0f, 0xf0, 0x03, 0xd4,
    0x3f, 0xe5, 0x0f, 0xf0, 0x3e, 0xf3, 0x05, 0xef, 0x6f, 0xf6, 0xfe, 0x50, 0x00, 0x3e, 0xff, 0xff,
    0xe3, 0x00, 0x00, 0x02, 0xcf, 0xfc, 0x20, 0x00, 0x00, 0x00, 0x1c, 0xb1, 0x00, 0x00, 0x00, 0x00,
    0x00, 0x00, 0x00, 0x00, 0x00, 0x00, 0x14, 0x40, 0x04, 0x41, 0x00, 0x00, 0x00, 0x01, 0xcf, 0x70,
    0x07, 0xfc, 0x10, 0x00, 0x00, 0x09, 0xf9, 0x00, 0x00, 0x9f, 0x90, 0x00, 0x00, 0x6f, 0xc1, 0x00,
    0x00, 0x1c, 0xf6, 0x00, 0x03, 0xfe, 0x30, 0x00, 0x00, 0x03, 0xef, 0x30, 0x1d, 0xfa, 0x88, 0x88,
    0x88, 0x88, 0xaf, 0xd1, 0x8f, 0xff, 0xff, 0xff, 0xff, 0xff, 0xff, 0xf8, 0x0c, 0xf8, 0x44, 0x44,
    0x44, 0x44, 0x8f, 0xc0, 0x01, 0xef, 0x40, 0x00, 0x00, 0x04, 0xfe, 0x10, 0x00, 0x4f, 0xe1, 0x00,
    0x00, 0x1e, 0xf4, 0x00, 0x00, 0x07, 0xfc, 0x00, 0x00, 0xcf, 0x70, 0x00, 0x00, 0x00, 0x9f, 0x80,
    0x08, 0xf9, 0x00, 0x00, 0x00, 0x00, 0x00, 0x00, 0x00, 0x00, 0x00, 0x00, 0x00, 0x00, 0x09, 0x80,
    0x00, 0x00, 0x00, 0x01, 0xaf, 0xf9, 0x10, 0x00, 0x00, 0x1c, 0xff, 0xff, 0xc1, 0x00, 0x03, 0xdf,
    0x8f, 0xf8, 0xfd, 0x30, 0x2e, 0xf7, 0x0f, 0xf0, 0x6f, 0xe2, 0x4f, 0x60, 0x0f, 0xf0, 0x06, 0xe4,
    0x34, 0x00, 0x0f, 0xf0, 0x00, 0x33, 0x00, 0x00, 0x0f, 0xf0, 0x00, 0x00, 0x00, 0x00, 0x0f, 0xf0,
    0x00, 0x00, 0x00, 0x00, 0x0f, 0xf0, 0x00, 0x00, 0x00, 0x00, 0x0f, 0xf0, 0x00, 0x00, 0x00, 0x00,
    0x0f, 0xf0, 0x00, 0x00, 0x00, 0x00, 0x0f, 0xf0, 0x00, 0x00, 0x00, 0x00, 0x0f, 0xf0, 0x00, 0x00,
    0x21, 0x00, 0x0f, 0xf0, 0x00, 0x01, 0x4c, 0x10, 0x0f, 0xf0, 0x01, 0xc4, 0x4f, 0xc3, 0x0f, 0xf0,
    0x1c, 0xf4, 0x08, 0xfe, 0x3f, 0xf3, 0xef, 0x80, 0x00, 0x6f, 0xef, 0xfe, 0xf6, 0x00, 0x00, 0x03,
    0xef, 0xfe, 0x30, 0x00, 0x00, 0x00, 0x3d, 0xd3, 0x00, 0x00, 0x00, 0x00, 0x01, 0x10, 0x00, 0x00,
    0x68, 0x88, 0x88, 0x88, 0x30, 0x0b, 0xff, 0xff, 0xff, 0xfc, 0x10, 0xbf, 0xf9, 0x00, 0x00, 0x00,
    0x0b, 0xec, 0xf9, 0x00, 0x00, 0x00, 0xbf, 0x1c, 0xf9, 0x00, 0x00, 0x0b, 0xf0, 0x1c, 0xf9, 0x00,
    0x00, 0xbf, 0x00, 0x1c, 0xf9, 0x00, 0x0b, 0xf0, 0x00, 0x1c, 0xf9, 0x00, 0x8f, 0x00, 0x00, 0x1c,
    0xf9, 0x00, 0x50, 0x00, 0x00, 0x1c, 0x90, 0x00, 0x00, 0x00, 0x00, 0x10, 0x00, 0x00, 0x38, 0x88,
    0x88, 0x88, 0x60, 0x3e, 0xff, 0xff, 0xff, 0xfb, 0x00, 0x00, 0x00, 0x09, 0xff, 0xb0, 0x00, 0x00,
    0x09, 0xfc, 0xeb, 0x00, 0x00, 0x09, 0xfc, 0x1f, 0xb0, 0x00, 0x09, 0xfc, 0x10, 0xfb, 0x00, 0x09,
    0xfc, 0x10, 0x0f, 0xb0, 0x09, 0xfc, 0x10, 0x00, 0xfb, 0x09, 0xfc, 0x10, 0x00, 0x0f, 0x80, 0x9c,
    0x10, 0x00, 0x00, 0x90, 0x00, 0x10, 0x00, 0x00, 0x00, 0x00, 0x06, 0x90, 0x00, 0x00, 0x03, 0x00,
    0xcf, 0x90, 0x00, 0x00, 0xe3, 0x01, 0xcf, 0x90, 0x00, 0x0f, 0xb0, 0x01, 0xcf, 0x90, 0x00, 0xfb,
    0x00, 0x01, 0xcf, 0x90, 0x0f, 0xb0, 0x00, 0x01, 0xcf, 0x90, 0xfb, 0x00, 0x00, 0x01, 0xcf, 0x9f,
    0xb0, 0x00, 0x00, 0x01, 0xcf, 0xfb, 0x03, 0xbb, 0xbb, 0xbb, 0xff, 0xb0, 0x06, 0xff, 0xff, 0xff,
    0xfb, 0x03, 0x00, 0x00, 0x00, 0x96, 0x03, 0xe0, 0x00, 0x00, 0x9f, 0xc0, 0xbf, 0x00, 0x00, 0x9f,
    0xc1, 0x0b, 0xf0, 0x00, 0x9f, 0xc1, 0x00, 0xbf, 0x00, 0x9f, 0xc1, 0x00, 0x0b, 0xf0, 0x9f, 0xc1,
    0x00, 0x00, 0xbf, 0x9f, 0xc1, 0x00, 0x00, 0x0b, 0xff, 0xc1, 0x00, 0x00, 0x00, 0xbf, 0xfb, 0xbb,
    0xbb, 0xb3, 0x0b, 0xff, 0xff, 0xff, 0xf6, 0x00, 0x4f, 0xff, 0xff, 0xff, 0xf4, 0x3b, 0xbb, 0xbb,
    0xbb, 0xb3, 0x00, 0x00, 0x00, 0x00, 0x00, 0x00, 0x00, 0x00, 0x00, 0x00, 0x28, 0x88, 0x88, 0x88,
    0x82, 0x4f, 0xff, 0xff, 0xff, 0xf4, 0x14, 0x44, 0x44, 0x44, 0x41, 0x00, 0x00, 0x00, 0x00, 0x00,
    0x00, 0x00, 0x00, 0x00, 0x00, 0x4f, 0xff, 0xff, 0xff, 0xf4, 0x3b, 0xbb, 0xbb, 0xbb, 0xb3, 0x20,
    0x00, 0x00, 0x00, 0x00, 0x00, 0x0f, 0x92, 0x00, 0x00, 0x00, 0x00, 0x00, 0xff, 0xf9, 0x20, 0x00,
    0x00, 0x00, 0x0f, 0xff, 0xff, 0x92, 0x00, 0x00, 0x00, 0xff, 0xff, 0xff, 0xf9, 0x20, 0x00, 0x0f,
    0xff, 0xff, 0xff, 0xff, 0x92, 0x00, 0xff, 0xff, 0xff, 0xff, 0xff, 0xe8, 0x0f, 0xff, 0xff, 0xff,
    0xff, 0xf9, 0x20, 0xff, 0xff, 0xff, 0xff, 0x92, 0x00, 0x0f, 0xff, 0xff, 0xfb, 0x40, 0x00, 0x00,
    0xff, 0xff, 0xb4, 0x00, 0x00, 0x00, 0x0f, 0xfb, 0x40, 0x00, 0x00, 0x00, 0x00, 0xb4, 0x00, 0x00,
    0x00, 0x00, 0x00, 0x00, 0x20, 0x00, 0x00, 0x00, 0x00, 0x00, 0x0f, 0x92, 0x00, 0x00, 0x00, 0x00,
    0x00, 0xf8, 0xe9, 0x20, 0x00, 0x00, 0x00, 0x0f, 0x01, 0x8e, 0x92, 0x00, 0x00, 0x00, 0xf0, 0x00,
    0x18, 0xe9, 0x20, 0x00, 0x0f, 0x00, 0x00, 0x01, 0x8e, 0x92, 0x00, 0xf0, 0x00, 0x00, 0x00, 0x1a,
    0xe8, 0x0f, 0x00, 0x00, 0x00, 0x18, 0xe9, 0x20, 0xf0, 0x00, 0x01, 0x8e, 0x92, 0x00, 0x0f, 0x00,
    0x06, 0xeb, 0x40, 0x00, 0x00, 0xf0, 0x6d, 0xb4, 0x00, 0x00, 0x00, 0x0f, 0xdb, 0x40, 0x00, 0x00,
    0x00, 0x00, 0xb4, 0x00, 0x00, 0x00, 0x00, 0x00, 0x00, 0x00, 0x00, 0x04, 0x66, 0x40, 0x00, 0x00,
    0x00, 0x05, 0xdf, 0xff, 0xfd, 0x50, 0x00, 0x00, 0x9f, 0xff, 0xff, 0xff, 0xf9, 0x00, 0x05, 0xff,
    0xff, 0xff, 0xff, 0xff, 0x50, 0x0c, 0xff, 0xff, 0xff, 0xff, 0xff, 0xc0, 0x1f, 0xff, 0xff, 0xff,
    0xff, 0xff, 0xf1, 0x4f, 0xff, 0xff, 0xff, 0xff, 0xff, 0xf4, 0x3f, 0xff, 0xff, 0xff, 0xff, 0xff,
    0xf3, 0x0f, 0xff, 0xff, 0xff, 0xff, 0xff, 0xf0, 0x09, 0xff, 0xff, 0xff, 0xff, 0xff, 0x90, 0x02,
    0xef, 0xff, 0xff, 0xff, 0xfe, 0x20, 0x00, 0x3e, 0xff, 0xff, 0xff, 0xe3, 0x00, 0x00, 0x01, 0x8c,
    0xff, 0xc8, 0x10, 0x00,
};

static const prim_glyph_t ui_font_mono_20_glyphs[] = {
    {32, 0, 0, 0, 0, 0, 12},
    {33, 0, 4, 16, 4, 15, 12},
    {34, 32, 8, 7, 2, 15, 12},
    {35, 60, 12, 15, 0, 15, 12},
    {36, 150, 10, 21, 1, 18, 12},
    {37, 255, 12, 16, 0, 15, 12},
    {38, 351, 13, 16, 0, 15, 12},
    {39, 455, 4, 7, 4, 15, 12},
    {40, 469, 7, 20, 3, 17, 12},
    {41, 539, 7, 20, 2, 17, 12},
    {42, 609, 12, 11, 0, 13, 12},
    {43, 675, 10, 11, 1, 12, 12},
    {44, 730, 4, 7, 4, 3, 12},
    {45, 744, 8, 3, 2, 8, 12},
    {46, 756, 4, 5, 4, 4, 12},
    {47, 766, 10, 20, 1, 17, 12},
    {48, 866, 10, 16, 1, 15, 12},
    {49, 946, 10, 15, 1, 15, 12},
    {50, 1021, 10, 15, 1, 15, 12},
    {51, 1096, 10, 16, 1, 15, 12},
    {52, 1176, 9, 15, 1, 15, 12},
    {53, 1244, 10, 16, 1, 15, 12},
    {54, 1324, 10, 16, 1, 15, 12},
    {55, 1404, 10, 15, 1, 15, 12},
    {56, 1479, 10, 16, 1, 15, 12},
    {57, 1559, 10, 15, 1, 15, 12},
    {58, 1634, 4, 13, 4, 12, 12},
    {59, 1660, 4, 16, 4, 12, 12},
    {60, 1692, 10, 11, 1, 12, 12},
    {61, 1747, 10, 7, 1, 10, 12},
    {62, 1782, 10, 11, 1, 12, 12},
    {63, 1837, 8, 16, 2, 15, 12},
    {64, 1901, 12, 19, 0, 15, 12},
    {65, 2015, 12, 15, 0, 15, 12},
    {66, 2105, 10, 15, 1, 15, 12},
    {67, 2180, 10, 16, 1, 15, 12},
    {68, 2260, 10, 15, 1, 15, 12},
    {69, 2335, 10, 15, 1, 15, 12},
    {70, 2410, 10, 15, 1, 15, 12},
    {71, 2485, 10, 16, 1, 15, 12},
    {72, 2565, 10, 15, 1, 15, 12},
    {73, 2640, 8, 15, 2, 15, 12},
    {74, 2700, 10, 16, 0, 15, 12},
    {75, 2780, 11, 15, 1, 15, 12},
    {76, 2863, 10, 15, 2, 15, 12},
    {77, 2938, 10, 15, 1, 15, 12},
    {78, 3013, 10, 15, 1, 15, 12},
    {79, 3088, 10, 16, 1, 15, 12},
    {80, 3168, 11, 15, 1, 15, 12},
    {81, 3251, 10, 19, 1, 15, 12},
    {82, 3346, 10, 15, 1, 15, 12},
    {83, 3421, 10, 16, 1, 15, 12},
    {84, 3501, 10, 15, 1, 15, 12},
    {85, 3576, 10, 16, 1, 15, 12},
    {86, 3656, 12, 15, 0, 15, 12},
    {87, 3746, 12, 15, 0, 15, 12},
    {88, 3836, 12, 15, 0, 15, 12},
    {89, 3926, 12, 15, 0, 15, 12},
    {90, 4016, 10, 15, 1, 15, 12},
    {91, 4091, 6, 20, 4, 17, 12},
    {92, 4151, 10, 20, 1, 17, 12},
    {93, 4251, 6, 20, 2, 17, 12},
    {94, 4311, 10, 9, 1, 15, 12},
    {95, 4356, 10, 3, 1, 0, 12},
    {96, 4371, 5, 4, 3, 16, 12},
    {97, 4381, 10, 13, 1, 12, 12},
    {98, 4446, 10, 16, 1, 15, 12},
    {99, 4526, 10, 13, 1, 12, 12},
    {100, 4591, 10, 16, 1, 15, 12},
    {101, 4671, 10, 13, 1, 12, 12},
    {102, 4736, 10, 15, 1, 15, 12},
    {103, 4811, 10, 16, 1, 12, 12},
    {104, 4891, 10, 15, 1, 15, 12},
    {105, 4966, 11, 16, 1, 16, 12},
    {106, 5054, 9, 20, 1, 16, 12},
    {107, 5144, 11, 15, 1, 15, 12},
    {108, 5227, 12, 15, 0, 15, 12},
    {109, 5317, 10, 12, 1, 12, 12},
    {110, 5377, 10, 12, 1, 12, 12},
    {111, 5437, 10, 13, 1, 12, 12},
    {112, 5502, 10, 16, 1, 12, 12},
    {113, 5582, 10, 16, 1, 12, 12},
    {114, 5662, 9, 12, 2, 12, 12},
    {115, 5716, 10, 13, 1, 12, 12},
    {116, 5781, 11, 15, 0, 15, 12},
    {117, 5864, 10, 12, 1, 11, 12},
    {118, 5924, 11, 11, 1, 11, 12},
    {119, 5985, 12, 11, 0, 11, 12},
    {120, 6051, 12, 11, 0, 11, 12},
    {121, 6117, 11, 15, 1, 11, 12},
    {122, 6200, 10, 11, 1, 11, 12},
    {123, 6255, 10, 20, 1, 17, 12},
    {124, 6355, 2, 20, 5, 17, 12},
    {125, 6375, 10, 20, 1, 17, 12},
    {126, 6475, 10, 6, 1, 10, 12},
    {160, 6505, 0, 0, 0, 0, 12},
    {161, 6505, 4, 16, 4, 12, 12},
    {162, 6537, 10, 17, 1, 14, 12},
    {163, 6622, 10, 15, 1, 15, 12},
    {164, 6697, 12, 11, 0, 13, 12},
    {165, 6763, 12, 15, 0, 15, 12},
    {166, 6853, 2, 20, 5, 17, 12},
    {167, 6873, 10, 19, 1, 15, 12},
    {168, 6968, 8, 4, 2, 16, 12},
    {169, 6984, 12, 13, 0, 15, 12},
    {170, 7062, 6, 6, 3, 15, 12},
    {171, 7080, 12, 11, 0, 11, 12},
    {172, 7146, 8, 5, 2, 8, 12},
    {173, 7166, 8, 3, 2, 8, 12},
    {174, 7178, 12, 13, 0, 15, 12},
    {175, 7256, 8, 2, 2, 15, 12},
    {176, 7264, 8, 7, 2, 15, 12},
    {177, 7292, 10, 12, 1, 12, 12},
    {178, 7352, 8, 10, 2, 17, 12},
    {179, 7392, 8, 10, 2, 17, 12},
    {180, 7432, 5, 4, 4, 16, 12},
    {181, 7442, 10, 15, 1, 11, 12},
    {182, 7517, 10, 19, 1, 15, 12},
    {183, 7612, 4, 4, 4, 9, 12},
    {184, 7620, 5, 6, 4, 1, 12},
    {185, 7635, 8, 10, 2, 17, 12},
    {186, 7675, 6, 7, 3, 15, 12},
    {187, 7696, 12, 11, 0, 11, 12},
    {188, 7762, 12, 15, 0, 15, 12},
    {189, 7852, 12, 15, 0, 15, 12},
    {190, 7942, 12, 15, 0, 15, 12},
    {191, 8032, 8, 16, 2, 12, 12},
    {192, 8096, 12, 19, 0, 19, 12},
    {193, 8210, 12, 19, 0, 19, 12},
    {194, 8324, 12, 19, 0, 19, 12},
    {195, 8438, 12, 19, 0, 19, 12},
    {196, 8552, 12, 19, 0, 19, 12},
    {197, 8666, 12, 20, 0, 20, 12},
    {198, 8786, 12, 15, 0, 15, 12},
    {199, 8876, 10, 20, 1, 15, 12},
    {200, 8976, 10, 19, 1, 19, 12},
    {201, 9071, 10, 19, 1, 19, 12},
    {202, 9166, 10, 19, 1, 19, 12},
    {203, 9261, 10, 19, 1, 19, 12},
    {204, 9356, 8, 19, 2, 19, 12},
    {205, 9432, 8, 19, 2, 19, 12},
    {206, 9508, 8, 19, 2, 19, 12},
    {207, 9584, 8, 19, 2, 19, 12},
    {208, 9660, 11, 15, 0, 15, 12},
    {209, 9743, 10, 19, 1, 19, 12},
    {210, 9838, 10, 20, 1, 19, 12},
    {211, 9938, 10, 20, 1, 19, 12},
    {212, 10038, 10, 20, 1, 19, 12},
    {213, 10138, 10, 20, 1, 19, 12},
    {214, 10238, 10, 20, 1, 19, 12},
    {215, 10338, 8, 9, 2, 11, 12},
    {216, 10374, 12, 16, 0, 15, 12},
    {217, 10470, 10, 20, 1, 19, 12},
    {218, 10570, 10, 20, 1, 19, 12},
    {219, 10670, 10, 20, 1, 19, 12},
    {220, 10770, 10, 20, 1, 19, 12},
    {221, 10870, 12, 19, 0, 19, 12},
    {222, 10984, 11, 15, 1, 15, 12},
    {223, 11067, 10, 15, 1, 15, 12},
    {224, 11142, 10, 17, 1, 16, 12},
    {225, 11227, 10, 17, 1, 16, 12},
    {226, 11312, 10, 17, 1, 16, 12},
    {227, 11397, 10, 17, 1, 16, 12},
    {228, 11482, 10, 17, 1, 16, 12},
    {229, 11567, 10, 18, 1, 17, 12},
    {230, 11657, 12, 13, 0, 12, 12},
    {231, 11735, 10, 17, 1, 12, 12},
    {232, 11820, 10, 17, 1, 16, 12},
    {233, 11905, 10, 17, 1, 16, 12},
    {234, 11990, 10, 17, 1, 16, 12},
    {235, 12075, 10, 17, 1, 16, 12},
    {236, 12160, 11, 16, 1, 16, 12},
    {237, 12248, 11, 16, 1, 16, 12},
    {238, 12336, 11, 16, 1, 16, 12},
    {239, 12424, 11, 16, 1, 16, 12},
    {240, 12512, 10, 16, 1, 15, 12},
    {241, 12592, 10, 16, 1, 16, 12},
    {242, 12672, 10, 17, 1, 16, 12},
    {243, 12757, 10, 17, 1, 16, 12},
    {244, 12842, 10, 17, 1, 16, 12},
    {245, 12927, 10, 17, 1, 16, 12},
    {246, 13012, 10, 17, 1, 16, 12},
    {247, 13097, 8, 12, 2, 13, 12},
    {248, 13145, 12, 13, 0, 12, 12},
    {249, 13223, 10, 17, 1, 16, 12},
    {250, 13308, 10, 17, 1, 16, 12},
    {251, 13393, 10, 17, 1, 16, 12},
    {252, 13478, 10, 17, 1, 16, 12},
    {253, 13563, 11, 20, 1, 16, 12},
    {254, 13673, 10, 19, 1, 15, 12},
    {255, 13768, 11, 20, 1, 16, 12},
    {256, 13878, 12, 19, 0, 19, 12},
    {257, 13992, 10, 16, 1, 15, 12},
    {258, 14072, 12, 19, 0, 19, 12},
    {259, 14186, 10, 17, 1, 16, 12},
    {260, 14271, 12, 20, 0, 15, 12},
    {261, 14391, 11, 17, 1, 12, 12},
    {262, 14485, 10, 20, 1, 19, 12},
    {263, 14585, 10, 17, 1, 16, 12},
    {264, 14670, 10, 20, 1, 19, 12},
    {265, 14770, 10, 17, 1, 16, 12},
    {266, 14855, 10, 20, 1, 19, 12},
    {267, 14955, 10, 17, 1, 16, 12},
    {268, 15040, 10, 20, 1, 19, 12},
    {269, 15140, 10, 17, 1, 16, 12},
    {270, 15225, 10, 19, 1, 19, 12},
    {271, 15320, 12, 16, 1, 15, 12},
    {272, 15416, 11, 15, 0, 15, 12},
    {273, 15499, 11, 16, 1, 15, 12},
    {274, 15587, 10, 19, 1, 19, 12},
    {275, 15682, 10, 16, 1, 15, 12},
    {276, 15762, 10, 19, 1, 19, 12},
    {277, 15857, 10, 17, 1, 16, 12},
    {278, 15942, 10, 19, 1, 19, 12},
    {279, 16037, 10, 17, 1, 16, 12},
    {280, 16122, 10, 20, 1, 15, 12},
    {281, 16222, 10, 17, 1, 12, 12},
    {282, 16307, 10, 19, 1, 19, 12},
    {283, 16402, 10, 17, 1, 16, 12},
    {284, 16487, 10, 20, 1, 19, 12},
    {285, 16587, 10, 20, 1, 16, 12},
    {286, 16687, 10, 20, 1, 19, 12},
    {287, 16787, 10, 20, 1, 16, 12},
    {288, 16887, 10, 20, 1, 19, 12},
    {289, 16987, 10, 20, 1, 16, 12},
    {290, 17087, 10, 20, 1, 15, 12},
    {291, 17187, 10, 22, 1, 18, 12},
    {292, 17297, 10, 19, 1, 19, 12},
    {293, 17392, 12, 20, -1, 20, 12},
    {294, 17512, 12, 15, 0, 15, 12},
    {295, 17602, 11, 15, 0, 15, 12},
    {296, 17685, 8, 19, 2, 19, 12},
    {297, 17761, 11, 16, 1, 16, 12},
    {298, 17849, 8, 19, 2, 19, 12},
    {299, 17925, 11, 15, 1, 15, 12},
    {300, 18008, 8, 19, 2, 19, 12},
    {301, 18084, 11, 16, 1, 16, 12},
    {302, 18172, 8, 20, 2, 15, 12},
    {303, 18252, 11, 21, 1, 16, 12},
    {304, 18368, 8, 19, 2, 19, 12},
    {305, 18444, 11, 11, 1, 11, 12},
    {306, 18505, 15, 16, 1, 15, 17},
    {307, 18625, 8, 21, 1, 16, 10},
    {308, 18709, 13, 20, 0, 19, 12},
    {309, 18839, 11, 20, 1, 16, 12},
    {310, 18949, 11, 20, 1, 15, 12},
    {311, 19059, 11, 20, 1, 15, 12},
    {312, 19169, 11, 11, 1, 11, 12},
    {313, 19230, 10, 19, 2, 19, 12},
    {314, 19325, 12, 19, 0, 19, 12},
    {315, 19439, 10, 20, 2, 15, 12},
    {316, 19539, 12, 20, 0, 15, 12},
    {317, 19659, 10, 15, 2, 15, 12},
    {318, 19734, 12, 15, 0, 15, 12},
    {319, 19824, 10, 15, 2, 15, 12},
    {320, 19899, 13, 15, 0, 15, 12},
    {321, 19997, 12, 15, 0, 15, 12},
    {322, 20087, 12, 15, 0, 15, 12},
    {323, 20177, 10, 19, 1, 19, 12},
    {324, 20272, 10, 16, 1, 16, 12},
    {325, 20352, 10, 20, 1, 15, 12},
    {326, 20452, 10, 17, 1, 12, 12},
    {327, 20537, 10, 19, 1, 19, 12},
    {328, 20632, 10, 16, 1, 16, 12},
    {329, 20712, 12, 16, -1, 16, 12},
    {330, 20808, 10, 19, 1, 15, 12},
    {331, 20903, 10, 16, 1, 12, 12},
    {332, 20983, 10, 20, 1, 19, 12},
    {333, 21083, 10, 16, 1, 15, 12},
    {334, 21163, 10, 20, 1, 19, 12},
    {335, 21263, 10, 17, 1, 16, 12},
    {336, 21348, 10, 20, 1, 19, 12},
    {337, 21448, 10, 17, 1, 16, 12},
    {338, 21533, 12, 16, 0, 15, 12},
    {339, 21629, 12, 13, 0, 12, 12},
    {340, 21707, 10, 19, 1, 19, 12},
    {341, 21802, 9, 16, 2, 16, 12},
    {342, 21874, 10, 20, 1, 15, 12},
    {343, 21974, 11, 17, 0, 12, 12},
    {344, 22068, 10, 19, 1, 19, 12},
    {345, 22163, 9, 16, 2, 16, 12},
    {346, 22235, 10, 20, 1, 19, 12},
    {347, 22335, 10, 17, 1, 16, 12},
    {348, 22420, 10, 20, 1, 19, 12},
    {349, 22520, 10, 17, 1, 16, 12},
    {350, 22605, 10, 20, 1, 15, 12},
    {351, 22705, 10, 17, 1, 12, 12},
    {352, 22790, 10, 20, 1, 19, 12},
    {353, 22890, 10, 17, 1, 16, 12},
    {354, 22975, 10, 20, 1, 15, 12},
    {355, 23075, 11, 20, 0, 15, 12},
    {356, 23185, 10, 19, 1, 19, 12},
    {357, 23280, 11, 17, 0, 17, 12},
    {358, 23374, 10, 15, 1, 15, 12},
    {359, 23449, 11, 15, 0, 15, 12},
    {360, 23532, 10, 20, 1, 19, 12},
    {361, 23632, 10, 17, 1, 16, 12},
    {362, 23717, 10, 20, 1, 19, 12},
    {363, 23817, 10, 16, 1, 15, 12},
    {364, 23897, 10, 20, 1, 19, 12},
    {365, 23997, 10, 17, 1, 16, 12},
    {366, 24082, 10, 21, 1, 20, 12},
    {367, 24187, 10, 18, 1, 17, 12},
    {368, 24277, 10, 20, 1, 19, 12},
    {369, 24377, 10, 17, 1, 16, 12},
    {370, 24462, 10, 20, 1, 15, 12},
    {371, 24562, 10, 16, 1, 11, 12},
    {372, 24642, 12, 19, 0, 19, 12},
    {373, 24756, 12, 16, 0, 16, 12},
    {374, 24852, 12, 19, 0, 19, 12},
    {375, 24966, 11, 20, 1, 16, 12},
    {376, 25076, 12, 19, 0, 19, 12},
    {377, 25190, 10, 19, 1, 19, 12},
    {378, 25285, 10, 16, 1, 16, 12},
    {379, 25365, 10, 19, 1, 19, 12},
    {380, 25460, 10, 16, 1, 16, 12},
    {381, 25540, 10, 19, 1, 19, 12},
    {382, 25635, 10, 16, 1, 16, 12},
    {383, 25715, 8, 15, 3, 15, 12},
    {913, 25775, 12, 15, 0, 15, 12},
    {914, 25865, 10, 15, 1, 15, 12},
    {915, 25940, 10, 15, 2, 15, 12},
    {916, 26015, 12, 15, 0, 15, 12},
    {917, 26105, 10, 15, 1, 15, 12},
    {918, 26180, 10, 15, 1, 15, 12},
    {919, 26255, 10, 15, 1, 15, 12},
    {920, 26330, 10, 16, 1, 15, 12},
    {921, 26410, 8, 15, 2, 15, 12},
    {922, 26470, 11, 15, 1, 15, 12},
    {923, 26553, 12, 15, 0, 15, 12},
    {924, 26643, 10, 15, 1, 15, 12},
    {925, 26718, 10, 15, 1, 15, 12},
    {926, 26793, 10, 15, 1, 15, 12},
    {927, 26868, 10, 16, 1, 15, 12},
    {928, 26948, 10, 15, 1, 15, 12},
    {929, 27023, 11, 15, 1, 15, 12},
    {931, 27106, 10, 15, 1, 15, 12},
    {932, 27181, 10, 15, 1, 15, 12},
    {933, 27256, 12, 15, 0, 15, 12},
    {934, 27346, 12, 17, 0, 16, 12},
    {935, 27448, 12, 15, 0, 15, 12},
    {936, 27538, 10, 15, 1, 15, 12},
    {937, 27613, 11, 15, 1, 15, 12},
    {938, 27696, 8, 19, 2, 19, 12},
    {939, 27772, 12, 19, 0, 19, 12},
    {940, 27886, 10, 17, 1, 16, 12},
    {941, 27971, 10, 17, 1, 16, 12},
    {942, 28056, 10, 16, 1, 16, 12},
    {943, 28136, 11, 16, 1, 16, 12},
    {944, 28224, 10, 20, 1, 19, 12},
    {945, 28324, 10, 13, 1, 12, 12},
    {946, 28389, 10, 19, 1, 15, 12},
    {947, 28484, 10, 15, 1, 11, 12},
    {948, 28559, 10, 16, 1, 15, 12},
    {949, 28639, 10, 13, 1, 12, 12},
    {950, 28704, 10, 19, 2, 15, 12},
    {951, 28799, 10, 12, 1, 12, 12},
    {952, 28859, 10, 16, 1, 15, 12},
    {953, 28939, 11, 11, 1, 11, 12},
    {954, 29000, 11, 11, 1, 11, 12},
    {955, 29061, 12, 15, 0, 15, 12},
    {956, 29151, 10, 15, 1, 11, 12},
    {957, 29226, 11, 11, 1, 11, 12},
    {958, 29287, 10, 19, 1, 15, 12},
    {959, 29382, 10, 13, 1, 12, 12},
    {960, 29447, 12, 12, 0, 11, 12},
    {961, 29519, 10, 16, 1, 12, 12},
    {962, 29599, 10, 16, 1, 12, 12},
    {963, 29679, 11, 12, 1, 11, 12},
    {964, 29745, 11, 11, 0, 11, 12},
    {965, 29806, 10, 12, 1, 11, 12},
    {966, 29866, 10, 16, 1, 12, 12},
    {967, 29946, 12, 11, 0, 11, 12},
    {968, 30012, 10, 15, 1, 11, 12},
    {969, 30087, 10, 13, 1, 12, 12},
    {8226, 30152, 6, 6, 3, 10, 12},
    {8304, 30170, 8, 10, 2, 17, 12},
    {8305, 30210, 2, 10, 1, 18, 4},
    {8308, 30220, 7, 10, 2, 17, 12},
    {8309, 30255, 8, 10, 2, 17, 12},
    {8310, 30295, 8, 10, 2, 17, 12},
    {8311, 30335, 8, 10, 2, 17, 12},
    {8312, 30375, 8, 10, 2, 17, 12},
    {8313, 30415, 8, 10, 2, 17, 12},
    {8314, 30455, 6, 6, 3, 12, 12},
    {8315, 30473, 7, 3, 1, 14, 9},
    {8316, 30484, 7, 5, 3, 14, 12},
    {8317, 30502, 4, 11, 1, 18, 5},
    {8318, 30524, 4, 11, 0, 18, 5},
    {8319, 30546, 7, 7, 1, 15, 9},
    {8320, 30571, 8, 10, 2, 7, 12},
    {8321, 30611, 8, 10, 2, 7, 12},
    {8322, 30651, 8, 10, 2, 7, 12},
    {8323, 30691, 8, 10, 2, 7, 12},
    {8324, 30731, 7, 10, 2, 7, 12},
    {8325, 30766, 8, 10, 2, 7, 12},
    {8326, 30806, 8, 10, 2, 7, 12},
    {8327, 30846, 8, 10, 2, 7, 12},
    {8328, 30886, 8, 10, 2, 7, 12},
    {8329, 30926, 8, 10, 2, 7, 12},
    {8330, 30966, 7, 7, 1, 4, 9},
    {8331, 30991, 7, 3, 1, 2, 9},
    {8332, 31002, 7, 5, 1, 3, 9},
    {8333, 31020, 4, 11, 1, 6, 5},
    {8334, 31042, 4, 11, 0, 6, 5},
    {8336, 31064, 7, 8, 0, 4, 8},
    {8337, 31092, 8, 8, 0, 4, 8},
    {8338, 31124, 8, 8, 0, 4, 9},
    {8339, 31156, 8, 7, 0, 4, 8},
    {8340, 31184, 8, 9, 1, 4, 9},
    {8341, 31220, 7, 8, 1, 5, 9},
    {8342, 31248, 7, 8, 1, 5, 8},
    {8343, 31276, 2, 8, 1, 5, 4},
    {8344, 31284, 11, 7, 1, 4, 12},
    {8345, 31323, 7, 7, 1, 4, 9},
    {8346, 31348, 7, 10, 1, 4, 9},
    {8347, 31383, 8, 8, 0, 4, 8},
    {8348, 31415, 5, 9, 0, 5, 5},
    {8592, 31438, 12, 13, 0, 13, 12},
    {8593, 31516, 12, 15, 0, 15, 12},
    {8594, 31606, 12, 13, 0, 13, 12},
    {8595, 31684, 12, 16, 0, 15, 12},
    {8596, 31780, 16, 13, -2, 13, 12},
    {8597, 31884, 12, 22, 0, 18, 12},
    {8598, 32016, 11, 11, 1, 15, 12},
    {8599, 32077, 11, 11, 0, 15, 12},
    {8600, 32138, 11, 10, 0, 10, 12},
    {8601, 32193, 11, 10, 1, 10, 12},
    {8801, 32248, 10, 11, 1, 12, 12},
    {9654, 32303, 13, 13, 0, 14, 12},
    {9655, 32388, 13, 13, 0, 14, 12},
    {9679, 32473, 14, 13, -1, 14, 12},
};

const prim_font_t ui_font_mono_20 = {
    .bitmap_data = ui_font_mono_20_bmp,
    .glyphs = ui_font_mono_20_glyphs,
    .glyph_count = 432,
    .line_height = 26,
    .baseline = 20,
    .ascent = 20,
    .descent = 6,
    .bpp = 4,
};
