/* Auto-generated by tools/font_gen/gen_fonts.js. Do not edit. */
#include <prim/text.h>
#include <ui/fonts.h>   /* UI_API extern decl -> correct visibility */

static const uint8_t ui_font_mono_30_bmp[] = {
    0x0b, 0xff, 0xb0, 0x0b, 0xff, 0xb0, 0x0b, 0xff, 0xb0, 0x09, 0xff, 0x90, 0x08, 0xff, 0x80, 0x08,
    0xff, 0x80, 0x08, 0xff, 0x80, 0x08, 0xff, 0x80, 0x08, 0xff, 0x80, 0x08, 0xff, 0x80, 0x08, 0xff,
    0x80, 0x08, 0xff, 0x80, 0x08, 0xff, 0x80, 0x05, 0xff, 0x50, 0x04, 0xff, 0x40, 0x02, 0x88, 0x20,
    0x00, 0x00, 0x00, 0x00, 0x00, 0x00, 0x04, 0x88, 0x40, 0x2f, 0xff, 0xf2, 0x4f, 0xff, 0xf4, 0x1c,
    0xff, 0xc1, 0x00, 0x33, 0x00, 0xff, 0xf5, 0x00, 0x5f, 0xff, 0xef, 0xf4, 0x00, 0x4f, 0xff, 0xbf,
    0xf4, 0x00, 0x4f, 0xfb, 0xbf, 0xf4, 0x00, 0x4f, 0xfb, 0xbf, 0xf4, 0x00, 0x4f, 0xfb, 0xbf, 0xf4,
    0x00, 0x4f, 0xfb, 0xbf, 0xf4, 0x00, 0x4f, 0xfb, 0xbf, 0xf4, 0x00, 0x4f, 0xfb, 0xbf, 0xf4, 0x00,
    0x4f, 0xfb, 0x00, 0x00, 0x00, 0x00, 0x00, 0x00, 0x00, 0x0a, 0xf8, 0x00, 0x00, 0xbf, 0x80, 0x00,
    0x00, 0x0c, 0xf7, 0x00, 0x00, 0xef, 0x50, 0x00, 0x00, 0x0f, 0xf4, 0x00, 0x02, 0xff, 0x20, 0x00,
    0x00, 0x4f, 0xf0, 0x00, 0x05, 0xfe, 0x00, 0x00, 0x00, 0x6f, 0xd0, 0x00, 0x08, 0xfb, 0x00, 0x00,
    0x00, 0x8f, 0xa0, 0x00, 0x0a, 0xf8, 0x00, 0x0b, 0xbb, 0xef, 0xdb, 0xbb, 0xbe, 0xfd, 0xbb, 0x0f,
    0xff, 0xff, 0xff, 0xff, 0xff, 0xff, 0xff, 0x04, 0x46, 0xff, 0x54, 0x44, 0x7f, 0xf4, 0x44, 0x00,
    0x04, 0xff, 0x00, 0x00, 0x6f, 0xd0, 0x00, 0x00, 0x08, 0xfb, 0x00, 0x00, 0x8f, 0xa0, 0x00, 0x00,
    0x0a, 0xf8, 0x00, 0x00, 0xbf, 0x80, 0x00, 0x00, 0x0c, 0xf7, 0x00, 0x00, 0xef, 0x50, 0x00, 0x44,
    0x4f, 0xf7, 0x44, 0x45, 0xff, 0x64, 0x40, 0xff, 0xff, 0xff, 0xff, 0xff, 0xff, 0xff, 0xf0, 0xbb,
    0xdf, 0xeb, 0xbb, 0xbd, 0xfe, 0xbb, 0xb0, 0x00, 0x8f, 0xb0, 0x00, 0x09, 0xf8, 0x00, 0x00, 0x00,
    0xbf, 0x80, 0x00, 0x0c, 0xf7, 0x00, 0x00, 0x00, 0xef, 0x50, 0x00, 0x0f, 0xf4, 0x00, 0x00, 0x01,
    0xff, 0x20, 0x00, 0x3f, 0xf0, 0x00, 0x00, 0x04, 0xff, 0x00, 0x00, 0x6f, 0xd0, 0x00, 0x00, 0x08,
    0xfb, 0x00, 0x00, 0x8f, 0xa0, 0x00, 0x00, 0x00, 0x00, 0x00, 0x00, 0x00, 0x00, 0x00, 0x00, 0x00,
    0x00, 0xbf, 0x00, 0x00, 0x00, 0x00, 0x00, 0x00, 0xbf, 0x00, 0x00, 0x00, 0x00, 0x00, 0x00, 0xbf,
    0x00, 0x00, 0x00, 0x00, 0x00, 0x00, 0xcf, 0x10, 0x00, 0x00, 0x00, 0x06, 0xcf, 0xff, 0xfd, 0x81,
    0x00, 0x00, 0x9f, 0xff, 0xff, 0xff, 0xfc, 0x10, 0x08, 0xff, 0xf9, 0xdf, 0x9e, 0xff, 0xb0, 0x1e,
    0xff, 0x50, 0xbf, 0x03, 0xef, 0xf4, 0x4f, 0xfa, 0x00, 0xbf, 0x00, 0x8f, 0xf8, 0x7f, 0xf8, 0x00,
    0xbf, 0x00, 0x3b, 0xb8, 0x5f, 0xfb, 0x00, 0xbf, 0x00, 0x00, 0x00, 0x3f, 0xff, 0x30, 0xbf, 0x00,
    0x00, 0x00, 0x0b, 0xff, 0xe4, 0xbf, 0x00, 0x00, 0x00, 0x03, 0xff, 0xff, 0xff, 0x50, 0x00, 0x00,
    0x00, 0x6e, 0xff, 0xff, 0xfe, 0x81, 0x00, 0x00, 0x02, 0x9e, 0xff, 0xff, 0xfc, 0x10, 0x00, 0x00,
    0x00, 0xbf, 0xdf, 0xff, 0xc0, 0x00, 0x00, 0x00, 0xbf, 0x07, 0xff, 0xf6, 0x00, 0x00, 0x00, 0xbf,
    0x00, 0x8f, 0xfb, 0x00, 0x00, 0x00, 0xbf, 0x00, 0x1f, 0xff, 0xbb, 0xb0, 0x00, 0xbf, 0x00, 0x0f,
    0xff, 0xcf, 0xf4, 0x00, 0xbf, 0x00, 0x3f, 0xfc, 0x8f, 0xfc, 0x10, 0xbf, 0x01, 0xcf, 0xf8, 0x1e,
    0xff, 0xe8, 0xdf, 0x8d, 0xff, 0xe1, 0x03, 0xef, 0xff, 0xff, 0xff, 0xfe, 0x30, 0x00, 0x29, 0xef,
    0xff, 0xff, 0x92, 0x00, 0x00, 0x00, 0x03, 0xcf, 0x40, 0x00, 0x00, 0x00, 0x00, 0x00, 0xbf, 0x00,
    0x00, 0x00, 0x00, 0x00, 0x00, 0xbf, 0x00, 0x00, 0x00, 0x00, 0x00, 0x00, 0xbf, 0x00, 0x00, 0x00,
    0x00, 0x00, 0x00, 0x34, 0x00, 0x00, 0x00, 0x00, 0x00, 0x00, 0x00, 0x00, 0x00, 0x00, 0x00, 0x00,
    0x01, 0x9e, 0xff, 0xa2, 0x00, 0x00, 0x00, 0x1d, 0xf7, 0x1c, 0xff, 0xff, 0xfe, 0x20, 0x00, 0x00,
    0x9f, 0xb0, 0x6f, 0xf7, 0x04, 0xef, 0x80, 0x00, 0x05, 0xfe, 0x20, 0x8f, 0xc0, 0x00, 0x8f, 0xb0,
    0x00, 0x1e, 0xf5, 0x00, 0x8f, 0xb0, 0x00, 0x8f, 0xb0, 0x00, 0xaf, 0xa0, 0x00, 0x8f, 0xb0, 0x00,
    0x8f, 0xb0, 0x06, 0xfe, 0x10, 0x00, 0x8f, 0xc0, 0x00, 0x8f, 0xb0, 0x2e, 0xf5, 0x00, 0x00, 0x6f,
    0xf7, 0x15, 0xef, 0x80, 0xbf, 0x90, 0x00, 0x00, 0x0c, 0xff, 0xff, 0xfe, 0x27, 0xfd, 0x10, 0x00,
    0x00, 0x01, 0x9e, 0xfe, 0x92, 0x3e, 0xf4, 0x00, 0x00, 0x00, 0x00, 0x00, 0x00, 0x00, 0xcf, 0x80,
    0x00, 0x00, 0x00, 0x00, 0x00, 0x00, 0x08, 0xfc, 0x10, 0x00, 0x00, 0x00, 0x00, 0x00, 0x00, 0x3f,
    0xf3, 0x18, 0xcf, 0xb8, 0x00, 0x00, 0x00, 0x00, 0xcf, 0x81, 0xef, 0xff, 0xff, 0xb0, 0x00, 0x00,
    0x08, 0xfc, 0x08, 0xff, 0x74, 0x8f, 0xf5, 0x00, 0x00, 0x4f, 0xe3, 0x0b, 0xf9, 0x00, 0x0c, 0xf8,
    0x00, 0x01, 0xdf, 0x70, 0x0b, 0xf8, 0x00, 0x0b, 0xf8, 0x00, 0x08, 0xfb, 0x00, 0x0b, 0xf8, 0x00,
    0x0b, 0xf8, 0x00, 0x5f, 0xe2, 0x00, 0x0b, 0xf8, 0x00, 0x0b, 0xf8, 0x01, 0xef, 0x70, 0x00, 0x09,
    0xfe, 0x30, 0x4f, 0xf6, 0x0a, 0xfa, 0x00, 0x00, 0x03, 0xef, 0xff, 0xff, 0xd1, 0x5f, 0xe1, 0x00,
    0x00, 0x00, 0x3c, 0xff, 0xfb, 0x20, 0x00, 0x00, 0x00, 0x00, 0x00, 0x00, 0x14, 0x00, 0x00, 0x00,
    0x00, 0x00, 0x02, 0x42, 0x00, 0x00, 0x00, 0x00, 0x00, 0x00, 0x00, 0x8e, 0xff, 0xfd, 0x60, 0x00,
    0x00, 0x00, 0x00, 0x00, 0x9f, 0xff, 0xff, 0xff, 0x90, 0x00, 0x00, 0x00, 0x00, 0x6f, 0xfe, 0x84,
    0x8e, 0xff, 0x50, 0x00, 0x00, 0x00, 0x0a, 0xff, 0x60, 0x00, 0x5f, 0xfc, 0x00, 0x00, 0x00, 0x00,
    0xbf, 0xf0, 0x00, 0x00, 0xdf, 0xf0, 0x00, 0x00, 0x00, 0x0a, 0xff, 0x30, 0x00, 0x06, 0x88, 0x00,
    0x00, 0x00, 0x00, 0x6f, 0xfa, 0x00, 0x00, 0x00, 0x00, 0x00, 0x00, 0x00, 0x00, 0xcf, 0xf6, 0x00,
    0x00, 0x00, 0x00, 0x00, 0x00, 0x00, 0x03, 0xef, 0xe3, 0x00, 0x00, 0x00, 0x00, 0x00, 0x00, 0x02,
    0x8d, 0xff, 0xc1, 0x00, 0x00, 0x00, 0x00, 0x00, 0x08, 0xff, 0xff, 0xff, 0xa0, 0x00, 0x00, 0x00,
    0x00, 0x07, 0xff, 0xfc, 0x8c, 0xff, 0x70, 0x00, 0x3e, 0xfe, 0x30, 0xef, 0xf6, 0x00, 0x2e, 0xff,
    0x40, 0x1c, 0xff, 0x50, 0x4f, 0xfc, 0x00, 0x00, 0x4f, 0xfe, 0x1a, 0xff, 0x80, 0x04, 0xff, 0x80,
    0x00, 0x00, 0x8f, 0xfe, 0xff, 0xa0, 0x00, 0x4f, 0xf8, 0x00, 0x00, 0x00, 0xaf, 0xff, 0xc1, 0x00,
    0x04, 0xff, 0x80, 0x00, 0x00, 0x04, 0xff, 0xf7, 0x00, 0x00, 0x4f, 0xfa, 0x00, 0x00, 0x01, 0xdf,
    0xff, 0xe2, 0x00, 0x01, 0xff, 0xf3, 0x00, 0x01, 0xcf, 0xfa, 0xff, 0xc0, 0x00, 0x09, 0xff, 0xe8,
    0x57, 0xdf, 0xf9, 0x09, 0xff, 0x90, 0x00, 0x1c, 0xff, 0xff, 0xff, 0xfb, 0x10, 0x1c, 0xff, 0x60,
    0x00, 0x19, 0xff, 0xff, 0xd8, 0x00, 0x00, 0x3e, 0xfe, 0x30, 0x00, 0x00, 0x44, 0x30, 0x00, 0x00,
    0x00, 0x00, 0x00, 0xbf, 0xfb, 0x8f, 0xf8, 0x8f, 0xf8, 0x8f, 0xf8, 0x8f, 0xf8, 0x8f, 0xf8, 0x8f,
    0xf8, 0x8f, 0xf8, 0x8f, 0xf8, 0x00, 0x00, 0x00, 0x00, 0x00, 0x00, 0x01, 0x00, 0x00, 0x00, 0x28,
    0xe8, 0x00, 0x00, 0x18, 0xff, 0xf8, 0x00, 0x01, 0xcf, 0xff, 0xe6, 0x00, 0x1c, 0xff, 0xf8, 0x10,
    0x00, 0xaf, 0xfe, 0x30, 0x00, 0x04, 0xff, 0xf3, 0x00, 0x00, 0x0a, 0xff, 0x90, 0x00, 0x00, 0x1f,
    0xff, 0x20, 0x00, 0x00, 0x4f, 0xfc, 0x00, 0x00, 0x00, 0x8f, 0xf8, 0x00, 0x00, 0x00, 0x8f, 0xf8,
    0x00, 0x00, 0x00, 0x8f, 0xf8, 0x00, 0x00, 0x00, 0x8f, 0xf8, 0x00, 0x00, 0x00, 0x8f, 0xf8, 0x00,
    0x00, 0x00, 0x8f, 0xf8, 0x00, 0x00, 0x00, 0x8f, 0xf8, 0x00, 0x00, 0x00, 0x8f, 0xf8, 0x00, 0x00,
    0x00, 0x8f, 0xf8, 0x00, 0x00, 0x00, 0x8f, 0xf8, 0x00, 0x00, 0x00, 0x5f, 0xfa, 0x00, 0x00, 0x00,
    0x2f, 0xfe, 0x00, 0x00, 0x00, 0x0d, 0xff, 0x60, 0x00, 0x00, 0x06, 0xff, 0xd1, 0x00, 0x00, 0x00,
    0xdf, 0xfb, 0x00, 0x00, 0x00, 0x3f, 0xff, 0xc2, 0x00, 0x00, 0x06, 0xff, 0xff, 0x93, 0x00, 0x00,
    0x4e, 0xff, 0xf8, 0x00, 0x00, 0x01, 0x8e, 0xf8, 0x00, 0x00, 0x00, 0x00, 0x54, 0x10, 0x00, 0x00,
    0x00, 0x00, 0x8e, 0x82, 0x00, 0x00, 0x00, 0x8f, 0xff, 0x81, 0x00, 0x00, 0x6e, 0xff, 0xfc, 0x10,
    0x00, 0x01, 0x8f, 0xff, 0xc1, 0x00, 0x00, 0x03, 0xef, 0xfa, 0x00, 0x00, 0x00, 0x3f, 0xff, 0x40,
    0x00, 0x00, 0x08, 0xff, 0xa0, 0x00, 0x00, 0x02, 0xff, 0xf1, 0x00, 0x00, 0x00, 0xbf, 0xf4, 0x00,
    0x00, 0x00, 0x8f, 0xf8, 0x00, 0x00, 0x00, 0x8f, 0xf8, 0x00, 0x00, 0x00, 0x5f, 0xf8, 0x00, 0x00,
    0x00, 0x4f, 0xf8, 0x00, 0x00, 0x00, 0x4f, 0xf8, 0x00, 0x00, 0x00, 0x4f, 0xf8, 0x00, 0x00, 0x00,
    0x4f, 0xf8, 0x00, 0x00, 0x00, 0x4f, 0xf8, 0x00, 0x00, 0x00, 0x7f, 0xf8, 0x00, 0x00, 0x00, 0x8f,
    0xf8, 0x00, 0x00, 0x00, 0xaf, 0xf6, 0x00, 0x00, 0x00, 0xef, 0xf3, 0x00, 0x00, 0x06, 0xff, 0xd0,
    0x00, 0x00, 0x1d, 0xff, 0x70, 0x00, 0x00, 0xbf, 0xfd, 0x10, 0x00, 0x2c, 0xff, 0xf4, 0x00, 0x39,
    0xff, 0xff, 0x60, 0x00, 0x8f, 0xff, 0xe4, 0x00, 0x00, 0x8f, 0xe8, 0x10, 0x00, 0x00, 0x45, 0x00,
    0x00, 0x00, 0x00, 0x00, 0x00, 0x00, 0x28, 0x82, 0x00, 0x00, 0x00, 0x00, 0x00, 0x00, 0x4f, 0xf4,
    0x00, 0x00, 0x00, 0x00, 0x00, 0x00, 0x4f, 0xf4, 0x00, 0x00, 0x00, 0x00, 0x00, 0x00, 0x4f, 0xf4,
    0x00, 0x00, 0x00, 0x15, 0x00, 0x00, 0x4f, 0xf4, 0x00, 0x00, 0x51, 0x6f, 0xd8, 0x20, 0x4f, 0xf4,
    0x02, 0x8d, 0xf6, 0xcf, 0xff, 0xfb, 0x5f, 0xf5, 0xbf, 0xff, 0xfc, 0x38, 0xef, 0xff, 0xff, 0xff,
    0xff, 0xfe, 0x83, 0x00, 0x05, 0x8c, 0xff, 0xff, 0xc8, 0x50, 0x00, 0x00, 0x00, 0x03, 0xef, 0xfe,
    0x30, 0x00, 0x00, 0x00, 0x00, 0x1d, 0xfd, 0xdf, 0xd1, 0x00, 0x00, 0x00, 0x00, 0xcf, 0xf5, 0x5f,
    0xfc, 0x00, 0x00, 0x00, 0x08, 0xff, 0xb0, 0x0b, 0xff, 0x80, 0x00, 0x00, 0x3f, 0xfe, 0x20, 0x02,
    0xef, 0xf3, 0x00, 0x00, 0x8f, 0xf6, 0x00, 0x00, 0x6f, 0xf8, 0x00, 0x00, 0x05, 0x90, 0x00, 0x00,
    0x09, 0x50, 0x00, 0x00, 0x00, 0x00, 0x8f, 0xf8, 0x00, 0x00, 0x00, 0x00, 0x00, 0x00, 0x8f, 0xf8,
    0x00, 0x00, 0x00, 0x00, 0x00, 0x00, 0x8f, 0xf8, 0x00, 0x00, 0x00, 0x00, 0x00, 0x00, 0x8f, 0xf8,
    0x00, 0x00, 0x00, 0x00, 0x00, 0x00, 0x8f, 0xf8, 0x00, 0x00, 0x00, 0x04, 0x44, 0x44, 0x9f, 0xf9,
    0x44, 0x44, 0x40, 0x0f, 0xff, 0xff, 0xff, 0xff, 0xff, 0xff, 0xf0, 0x0f, 0xff, 0xff, 0xff, 0xff,
    0xff, 0xff, 0xf0, 0x08, 0x88, 0x88, 0xbf, 0xfb, 0x88, 0x88, 0x80, 0x00, 0x00, 0x00, 0x8f, 0xf8,
    0x00, 0x00, 0x00, 0x00, 0x00, 0x00, 0x8f, 0xf8, 0x00, 0x00, 0x00, 0x00, 0x00, 0x00, 0x8f, 0xf8,
    0x00, 0x00, 0x00, 0x00, 0x00, 0x00, 0x8f, 0xf8, 0x00, 0x00, 0x00, 0x00, 0x00, 0x00, 0x8f, 0xf8,
    0x00, 0x00, 0x00, 0x00, 0x00, 0x00, 0x24, 0x42, 0x00, 0x00, 0x00, 0x02, 0x88, 0x82, 0x06, 0xff,
    0xf1, 0x08, 0xff, 0xc0, 0x0b, 0xff, 0x90, 0x0e, 0xff, 0x60, 0x1f, 0xff, 0x20, 0x4f, 0xfe, 0x00,
    0x8f, 0xfa, 0x00, 0x9f, 0xf7, 0x00, 0x8b, 0xb3, 0x00, 0x34, 0x44, 0x44, 0x44, 0x43, 0xbf, 0xff,
    0xff, 0xff, 0xfb, 0xbf, 0xff, 0xff, 0xff, 0xfb, 0x68, 0x88, 0x88, 0x88, 0x86, 0x05, 0xaa, 0x50,
    0x4f, 0xff, 0xf4, 0x8f, 0xff, 0xf8, 0x7f, 0xff, 0xf7, 0x1c, 0xff, 0xc1, 0x00, 0x44, 0x00, 0x00,
    0x00, 0x00, 0x00, 0x00, 0x6f, 0xfa, 0x00, 0x00, 0x00, 0x00, 0x00, 0xcf, 0xf6, 0x00, 0x00, 0x00,
    0x00, 0x02, 0xff, 0xe0, 0x00, 0x00, 0x00, 0x00, 0x08, 0xff, 0x90, 0x00, 0x00, 0x00, 0x00, 0x0d,
    0xff, 0x30, 0x00, 0x00, 0x00, 0x00, 0x5f, 0xfd, 0x00, 0x00, 0x00, 0x00, 0x00, 0x9f, 0xf7, 0x00,
    0x00, 0x00, 0x00, 0x01, 0xff, 0xf2, 0x00, 0x00, 0x00, 0x00, 0x06, 0xff, 0xa0, 0x00, 0x00, 0x00,
    0x00, 0x0c, 0xff, 0x60, 0x00, 0x00, 0x00, 0x00, 0x2f, 0xfe, 0x00, 0x00, 0x00, 0x00, 0x00, 0x8f,
    0xf8, 0x00, 0x00, 0x00, 0x00, 0x00, 0xdf, 0xf3, 0x00, 0x00, 0x00, 0x00, 0x05, 0xff, 0xc0, 0x00,
    0x00, 0x00, 0x00, 0x0a, 0xff, 0x70, 0x00, 0x00, 0x00, 0x00, 0x1f, 0xff, 0x10, 0x00, 0x00, 0x00,
    0x00, 0x7f, 0xfa, 0x00, 0x00, 0x00, 0x00, 0x00, 0xcf, 0xf5, 0x00, 0x00, 0x00, 0x00, 0x03, 0xff,
    0xe0, 0x00, 0x00, 0x00, 0x00, 0x08, 0xff, 0x80, 0x00, 0x00, 0x00, 0x00, 0x0e, 0xff, 0x30, 0x00,
    0x00, 0x00, 0x00, 0x5f, 0xfc, 0x00, 0x00, 0x00, 0x00, 0x00, 0xaf, 0xf7, 0x00, 0x00, 0x00, 0x00,
    0x01, 0xff, 0xf1, 0x00, 0x00, 0x00, 0x00, 0x07, 0xff, 0xa0, 0x00, 0x00, 0x00, 0x00, 0x0c, 0xff,
    0x50, 0x00, 0x00, 0x00, 0x00, 0x3f, 0xfe, 0x00, 0x00, 0x00, 0x00, 0x00, 0x8f, 0xf8, 0x00, 0x00,
    0x00, 0x00, 0x00, 0x34, 0x41, 0x00, 0x00, 0x00, 0x00, 0x00, 0x00, 0x00, 0x01, 0x44, 0x10, 0x00,
    0x00, 0x00, 0x06, 0xdf, 0xff, 0xfd, 0x60, 0x00, 0x01, 0xcf, 0xff, 0xff, 0xff, 0xfc, 0x10, 0x0a,
    0xff, 0xf9, 0x66, 0x9f, 0xff, 0xa0, 0x3f, 0xfe, 0x30, 0x00, 0x03, 0xef, 0xf3, 0x8f, 0xf8, 0x00,
    0x00, 0x00, 0x8f, 0xf8, 0xaf, 0xf4, 0x00, 0x00, 0x00, 0x4f, 0xfa, 0xbf, 0xf4, 0x00, 0x00, 0x00,
    0x4f, 0xfb, 0xbf, 0xf4, 0x00, 0x00, 0x00, 0x4f, 0xfb, 0xbf, 0xf4, 0x00, 0x00, 0x00, 0x4f, 0xfb,
    0xbf, 0xf4, 0x03, 0xaa, 0x30, 0x4f, 0xfb, 0xbf, 0xf4, 0x0b, 0xff, 0xb0, 0x4f, 0xfb, 0xbf, 0xf4,
    0x0b, 0xff, 0xb0, 0x4f, 0xfb, 0xbf, 0xf4, 0x03, 0xaa, 0x30, 0x4f, 0xfb, 0xbf, 0xf4, 0x00, 0x00,
    0x00, 0x4f, 0xfb, 0xbf, 0xf4, 0x00, 0x00, 0x00, 0x4f, 0xfb, 0xbf, 0xf4, 0x00, 0x00, 0x00, 0x4f,
    0xfb, 0xaf, 0xf4, 0x00, 0x00, 0x00, 0x4f, 0xfa, 0x8f, 0xf8, 0x00, 0x00, 0x00, 0x8f, 0xf8, 0x3f,
    0xfe, 0x30, 0x00, 0x03, 0xef, 0xf3, 0x0b, 0xff, 0xe8, 0x44, 0x8e, 0xff, 0xa0, 0x01, 0xcf, 0xff,
    0xff, 0xff, 0xfc, 0x10, 0x00, 0x18, 0xef, 0xff, 0xfe, 0x81, 0x00, 0x00, 0x00, 0x03, 0x44, 0x30,
    0x00, 0x00, 0x00, 0x00, 0x2c, 0xff, 0xf8, 0x00, 0x00, 0x00, 0x00, 0x5e, 0xff, 0xff, 0x80, 0x00,
    0x00, 0x01, 0x8f, 0xff, 0xff, 0xf8, 0x00, 0x00, 0x02, 0xcf, 0xff, 0x88, 0xff, 0x80, 0x00, 0x00,
    0x4f, 0xfe, 0x40, 0x8f, 0xf8, 0x00, 0x00, 0x04, 0xfb, 0x10, 0x08, 0xff, 0x80, 0x00, 0x00, 0x48,
    0x00, 0x00, 0x8f, 0xf8, 0x00, 0x00, 0x00, 0x00, 0x00, 0x08, 0xff, 0x80, 0x00, 0x00, 0x00, 0x00,
    0x00, 0x8f, 0xf8, 0x00, 0x00, 0x00, 0x00, 0x00, 0x08, 0xff, 0x80, 0x00, 0x00, 0x00, 0x00, 0x00,
    0x8f, 0xf8, 0x00, 0x00, 0x00, 0x00, 0x00, 0x08, 0xff, 0x80, 0x00, 0x00, 0x00, 0x00, 0x00, 0x8f,
    0xf8, 0x00, 0x00, 0x00, 0x00, 0x00, 0x08, 0xff, 0x80, 0x00, 0x00, 0x00, 0x00, 0x00, 0x8f, 0xf8,
    0x00, 0x00, 0x00, 0x00, 0x00, 0x08, 0xff, 0x80, 0x00, 0x00, 0x00, 0x00, 0x00, 0x8f, 0xf8, 0x00,
    0x00, 0x00, 0x00, 0x00, 0x08, 0xff, 0x80, 0x00, 0x00, 0x00, 0x00, 0x00, 0x8f, 0xf8, 0x00, 0x00,
    0x03, 0xbb, 0xbb, 0xbd, 0xff, 0xdb, 0xbb, 0xb3, 0x4f, 0xff, 0xff, 0xff, 0xff, 0xff, 0xff, 0x44,
    0xff, 0xff, 0xff, 0xff, 0xff, 0xff, 0xf4, 0x00, 0x00, 0x01, 0x44, 0x00, 0x00, 0x00, 0x00, 0x06,
    0xdf, 0xff, 0xfc, 0x60, 0x00, 0x01, 0xcf, 0xff, 0xff, 0xff, 0xfa, 0x10, 0x0a, 0xff, 0xf9, 0x88,
    0xbf, 0xff, 0x80, 0x4f, 0xfe, 0x30, 0x00, 0x06, 0xff, 0xf2, 0x8f, 0xf8, 0x00, 0x00, 0x00, 0xbf,
    0xf7, 0xbf, 0xf4, 0x00, 0x00, 0x00, 0x8f, 0xf8, 0x34, 0x41, 0x00, 0x00, 0x00, 0x8f, 0xf8, 0x00,
    0x00, 0x00, 0x00, 0x00, 0x8f, 0xf8, 0x00, 0x00, 0x00, 0x00, 0x01, 0xef, 0xf3, 0x00, 0x00, 0x00,
    0x00, 0x08, 0xff, 0xb0, 0x00, 0x00, 0x00, 0x00, 0x4f, 0xff, 0x40, 0x00, 0x00, 0x00, 0x03, 0xef,
    0xf8, 0x00, 0x00, 0x00, 0x00, 0x3e, 0xff, 0x90, 0x00, 0x00, 0x00, 0x03, 0xef, 0xfa, 0x00, 0x00,
    0x00, 0x00, 0x1e, 0xff, 0xc1, 0x00, 0x00, 0x00, 0x01, 0xcf, 0xfc, 0x10, 0x00, 0x00, 0x00, 0x1c,
    0xff, 0xc1, 0x00, 0x00, 0x00, 0x01, 0xcf, 0xfc, 0x10, 0x00, 0x00, 0x00, 0x1c, 0xff, 0xc1, 0x00,
    0x00, 0x00, 0x00, 0x7f, 0xff, 0xcb, 0xbb, 0xbb, 0xbb, 0xbb, 0x8f, 0xff, 0xff, 0xff, 0xff, 0xff,
    0xff, 0x8f, 0xff, 0xff, 0xff, 0xff, 0xff, 0xff, 0x4f, 0xff, 0xff, 0xff, 0xff, 0xff, 0xf0, 0x4f,
    0xff, 0xff, 0xff, 0xff, 0xff, 0xf0, 0x3b, 0xbb, 0xbb, 0xbb, 0xbd, 0xff, 0xe0, 0x00, 0x00, 0x00,
    0x00, 0x3e, 0xfe, 0x30, 0x00, 0x00, 0x00, 0x03, 0xef, 0xe3, 0x00, 0x00, 0x00, 0x00, 0x3e, 0xff,
    0x60, 0x00, 0x00, 0x00, 0x03, 0xef, 0xf6, 0x00, 0x00, 0x00, 0x00, 0x1e, 0xff, 0x60, 0x00, 0x00,
    0x00, 0x00, 0xaf, 0xfe, 0xa6, 0x10, 0x00, 0x00, 0x00, 0xbf, 0xff, 0xff, 0xe4, 0x00, 0x00, 0x00,
    0x8b, 0xbc, 0xff, 0xff, 0x30, 0x00, 0x00, 0x00, 0x00, 0x2c, 0xff, 0xd0, 0x00, 0x00, 0x00, 0x00,
    0x01, 0xef, 0xf3, 0x00, 0x00, 0x00, 0x00, 0x00, 0x9f, 0xf6, 0x00, 0x00, 0x00, 0x00, 0x00, 0x8f,
    0xf8, 0x00, 0x00, 0x00, 0x00, 0x00, 0x8f, 0xf8, 0xff, 0xf0, 0x00, 0x00, 0x00, 0x8f, 0xf8, 0xdf,
    0xf4, 0x00, 0x00, 0x00, 0xcf, 0xf4, 0x8f, 0xfc, 0x10, 0x00, 0x06, 0xff, 0xe1, 0x2e, 0xff, 0xd8,
    0x57, 0xaf, 0xff, 0x80, 0x06, 0xef, 0xff, 0xff, 0xff, 0xf9, 0x00, 0x00, 0x3a, 0xff, 0xff, 0xfd,
    0x60, 0x00, 0x00, 0x00, 0x04, 0x44, 0x20, 0x00, 0x00, 0x00, 0x00, 0x00, 0x04, 0xff, 0xf2, 0x00,
    0x00, 0x00, 0x00, 0xdf, 0xf8, 0x00, 0x00, 0x00, 0x00, 0x8f, 0xfd, 0x00, 0x00, 0x00, 0x00, 0x2f,
    0xff, 0x40, 0x00, 0x00, 0x00, 0x0b, 0xff, 0x80, 0x00, 0x00, 0x00, 0x07, 0xff, 0xe1, 0x00, 0x00,
    0x00, 0x01, 0xef, 0xf5, 0x00, 0x00, 0x00, 0x00, 0xaf, 0xfb, 0x00, 0x00, 0x00, 0x00, 0x4f, 0xfe,
    0x20, 0x00, 0x00, 0x00, 0x1d, 0xff, 0x80, 0x00, 0x08, 0x86, 0x08, 0xff, 0xc0, 0x00, 0x00, 0xff,
    0xb3, 0xff, 0xf3, 0x00, 0x00, 0x0f, 0xfb, 0xcf, 0xf8, 0x00, 0x00, 0x00, 0xff, 0xbf, 0xff, 0x10,
    0x00, 0x00, 0x0f, 0xfb, 0xff, 0xf4, 0x44, 0x44, 0x44, 0xff, 0xbf, 0xff, 0xff, 0xff, 0xff, 0xff,
    0xfb, 0xff, 0xff, 0xff, 0xff, 0xff, 0xff, 0xb4, 0x44, 0x44, 0x44, 0x44, 0x4f, 0xfb, 0x00, 0x00,
    0x00, 0x00, 0x00, 0xff, 0xb0, 0x00, 0x00, 0x00, 0x00, 0x0f, 0xfb, 0x00, 0x00, 0x00, 0x00, 0x00,
    0xff, 0xb0, 0x00, 0x00, 0x00, 0x00, 0x0f, 0xfb, 0x0f, 0xff, 0xff, 0xff, 0xff, 0xff, 0xb0, 0x0f,
    0xff, 0xff, 0xff, 0xff, 0xff, 0xb0, 0x0f, 0xfe, 0xbb, 0xbb, 0xbb, 0xbb, 0x80, 0x0f, 0xfb, 0x00,
    0x00, 0x00, 0x00, 0x00, 0x0f, 0xfb, 0x00, 0x00, 0x00, 0x00, 0x00, 0x0f, 0xfb, 0x00, 0x00, 0x00,
    0x00, 0x00, 0x0f, 0xfb, 0x00, 0x00, 0x00, 0x00, 0x00, 0x0f, 0xfb, 0x00, 0x00, 0x00, 0x00, 0x00,
    0x0f, 0xfe, 0xbb, 0xbb, 0xa7, 0x20, 0x00, 0x0f, 0xff, 0xff, 0xff, 0xff, 0xe6, 0x00, 0x0f, 0xff,
    0xff, 0xff, 0xff, 0xff, 0x60, 0x00, 0x00, 0x00, 0x00, 0x2c, 0xff, 0xe1, 0x00, 0x00, 0x00, 0x00,
    0x01, 0xdf, 0xf5, 0x00, 0x00, 0x00, 0x00, 0x00, 0x8f, 0xf8, 0x00, 0x00, 0x00, 0x00, 0x00, 0x8f,
    0xf8, 0x00, 0x00, 0x00, 0x00, 0x00, 0x8f, 0xf8, 0xbf, 0xf4, 0x00, 0x00, 0x00, 0x8f, 0xf8, 0xaf,
    0xf6, 0x00, 0x00, 0x00, 0x9f, 0xf7, 0x7f, 0xfd, 0x10, 0x00, 0x05, 0xff, 0xf2, 0x1d, 0xff, 0xe8,
    0x56, 0x9f, 0xff, 0xa0, 0x03, 0xef, 0xff, 0xff, 0xff, 0xfc, 0x10, 0x00, 0x29, 0xff, 0xff, 0xfd,
    0x80, 0x00, 0x00, 0x00, 0x04, 0x44, 0x30, 0x00, 0x00, 0x00, 0x00, 0x00, 0x06, 0xff, 0xe1, 0x00,
    0x00, 0x00, 0x00, 0x00, 0x1d, 0xff, 0x60, 0x00, 0x00, 0x00, 0x00, 0x00, 0x8f, 0xfb, 0x00, 0x00,
    0x00, 0x00, 0x00, 0x01, 0xef, 0xf4, 0x00, 0x00, 0x00, 0x00, 0x00, 0x09, 0xff, 0x90, 0x00, 0x00,
    0x00, 0x00, 0x00, 0x2f, 0xfe, 0x20, 0x00, 0x00, 0x00, 0x00, 0x00, 0xbf, 0xf8, 0x00, 0x00, 0x00,
    0x00, 0x00, 0x04, 0xff, 0xd0, 0x00, 0x00, 0x00, 0x00, 0x00, 0x0c, 0xff, 0x66, 0x88, 0x50, 0x00,
    0x00, 0x00, 0x6f, 0xfe, 0xef, 0xff, 0xfe, 0x70, 0x00, 0x00, 0xdf, 0xff, 0xfb, 0xbf, 0xff, 0xf8,
    0x00, 0x05, 0xff, 0xf8, 0x10, 0x01, 0x8f, 0xff, 0x40, 0x0a, 0xff, 0x80, 0x00, 0x00, 0x08, 0xff,
    0xa0, 0x0f, 0xff, 0x10, 0x00, 0x00, 0x01, 0xff, 0xf0, 0x2f, 0xfc, 0x00, 0x00, 0x00, 0x00, 0xcf,
    0xf3, 0x4f, 0xfb, 0x00, 0x00, 0x00, 0x00, 0xbf, 0xf4, 0x1f, 0xfe, 0x00, 0x00, 0x00, 0x00, 0xef,
    0xf0, 0x0d, 0xff, 0x40, 0x00, 0x00, 0x04, 0xff, 0xd0, 0x08, 0xff, 0xe3, 0x00, 0x00, 0x3e, 0xff,
    0x80, 0x01, 0xcf, 0xfe, 0x85, 0x58, 0xef, 0xfc, 0x10, 0x00, 0x3d, 0xff, 0xff, 0xff, 0xff, 0xc3,
    0x00, 0x00, 0x01, 0x8e, 0xff, 0xff, 0xe8, 0x10, 0x00, 0x00, 0x00, 0x00, 0x34, 0x43, 0x00, 0x00,
    0x00, 0xbf, 0xff, 0xff, 0xff, 0xff, 0xff, 0xff, 0x8b, 0xff, 0xff, 0xff, 0xff, 0xff, 0xff, 0xf8,
    0xbf, 0xfc, 0xbb, 0xbb, 0xbb, 0xbe, 0xff, 0x8b, 0xff, 0x40, 0x00, 0x00, 0x01, 0xef, 0xf4, 0xbf,
    0xf4, 0x00, 0x00, 0x00, 0x6f, 0xfc, 0x0b, 0xff, 0x40, 0x00, 0x00, 0x0c, 0xff, 0x60, 0x34, 0x41,
    0x00, 0x00, 0x03, 0xff, 0xe1, 0x00, 0x00, 0x00, 0x00, 0x00, 0x9f, 0xf9, 0x00, 0x00, 0x00, 0x00,
    0x00, 0x1e, 0xff, 0x30, 0x00, 0x00, 0x00, 0x00, 0x07, 0xff, 0xc0, 0x00, 0x00, 0x00, 0x00, 0x00,
    0xdf, 0xf6, 0x00, 0x00, 0x00, 0x00, 0x00, 0x4f, 0xfe, 0x00, 0x00, 0x00, 0x00, 0x00, 0x09, 0xff,
    0x80, 0x00, 0x00, 0x00, 0x00, 0x01, 0xff, 0xf2, 0x00, 0x00, 0x00, 0x00, 0x00, 0x8f, 0xfb, 0x00,
    0x00, 0x00, 0x00, 0x00, 0x0d, 0xff, 0x60, 0x00, 0x00, 0x00, 0x00, 0x05, 0xff, 0xe0, 0x00, 0x00,
    0x00, 0x00, 0x00, 0xaf, 0xf8, 0x00, 0x00, 0x00, 0x00, 0x00, 0x2f, 0xff, 0x20, 0x00, 0x00, 0x00,
    0x00, 0x08, 0xff, 0xa0, 0x00, 0x00, 0x00, 0x00, 0x00, 0xef, 0xf5, 0x00, 0x00, 0x00, 0x00, 0x00,
    0x6f, 0xfd, 0x00, 0x00, 0x00, 0x00, 0x00, 0x00, 0x00, 0x14, 0x41, 0x00, 0x00, 0x00, 0x00, 0x00,
    0x6c, 0xff, 0xff, 0xc6, 0x00, 0x00, 0x00, 0x1b, 0xff, 0xff, 0xff, 0xff, 0xb1, 0x00, 0x00, 0x8f,
    0xff, 0x98, 0x89, 0xff, 0xf8, 0x00, 0x02, 0xff, 0xf6, 0x00, 0x00, 0x6f, 0xff, 0x20, 0x07, 0xff,
    0x90, 0x00, 0x00, 0x09, 0xff, 0x70, 0x08, 0xff, 0x80, 0x00, 0x00, 0x08, 0xff, 0x80, 0x07, 0xff,
    0x80, 0x00, 0x00, 0x08, 0xff, 0x70, 0x02, 0xff, 0xd0, 0x00, 0x00, 0x0d, 0xff, 0x20, 0x00, 0x8f,
    0xf9, 0x10, 0x01, 0x9f, 0xf8, 0x00, 0x00, 0x19, 0xff, 0xeb, 0xbe, 0xff, 0x91, 0x00, 0x00, 0x01,
    0x8f, 0xff, 0xff, 0xf8, 0x10, 0x00, 0x00, 0x3d, 0xff, 0xfc, 0xcf, 0xff, 0xd3, 0x00, 0x02, 0xef,
    0xf8, 0x10, 0x01, 0x8f, 0xfe, 0x20, 0x09, 0xff, 0x80, 0x00, 0x00, 0x08, 0xff, 0x90, 0x0e, 0xff,
    0x10, 0x00, 0x00, 0x01, 0xff, 0xe0, 0x0f, 0xfc, 0x00, 0x00, 0x00, 0x00, 0xcf, 0xf0, 0x0f, 0xfd,
    0x00, 0x00, 0x00, 0x00, 0xdf, 0xf0, 0x0e, 0xff, 0x40, 0x00, 0x00, 0x04, 0xff, 0xe0, 0x09, 0xff,
    0xc1, 0x00, 0x00, 0x1c, 0xff, 0x90, 0x01, 0xef, 0xfe, 0x85, 0x58, 0xef, 0xfe, 0x10, 0x00, 0x3e,
    0xff, 0xff, 0xff, 0xff, 0xe3, 0x00, 0x00, 0x01, 0x9e, 0xff, 0xff, 0xe9, 0x10, 0x00, 0x00, 0x00,
    0x00, 0x34, 0x43, 0x00, 0x00, 0x00, 0x00, 0x00, 0x00, 0x14, 0x41, 0x00, 0x00, 0x00, 0x00, 0x00,
    0x6d, 0xff, 0xff, 0xd7, 0x00, 0x00, 0x00, 0x1c, 0xff, 0xff, 0xff, 0xff, 0xc1, 0x00, 0x00, 0xcf,
    0xff, 0x98, 0x89, 0xff, 0xfc, 0x00, 0x06, 0xff, 0xe3, 0x00, 0x00, 0x3e, 0xff, 0x70, 0x0c, 0xff,
    0x60, 0x00, 0x00, 0x06, 0xff, 0xc0, 0x0f, 0xff, 0x00, 0x00, 0x00, 0x00, 0xff, 0xf0, 0x4f, 0xfb,
    0x00, 0x00, 0x00, 0x00, 0xbf, 0xf4, 0x3f, 0xfc, 0x00, 0x00, 0x00, 0x00, 0xcf, 0xf3, 0x0f, 0xff,
    0x10, 0x00, 0x00, 0x01, 0xff, 0xf0, 0x0b, 0xff, 0x80, 0x00, 0x00, 0x08, 0xff, 0xa0, 0x05, 0xff,
    0xf7, 0x00, 0x00, 0x7f, 0xff, 0x60, 0x00, 0x9f, 0xff, 0xdb, 0xbd, 0xff, 0xfd, 0x00, 0x00, 0x08,
    0xff, 0xff, 0xfe, 0xff, 0xf6, 0x00, 0x00, 0x00, 0x27, 0x9b, 0x88, 0xff, 0xd0, 0x00, 0x00, 0x00,
    0x00, 0x00, 0x1e, 0xff, 0x50, 0x00, 0x00, 0x00, 0x00, 0x00, 0x8f, 0xfb, 0x00, 0x00, 0x00, 0x00,
    0x00, 0x02, 0xff, 0xf4, 0x00, 0x00, 0x00, 0x00, 0x00, 0x0b, 0xff, 0x90, 0x00, 0x00, 0x00, 0x00,
    0x00, 0x4f, 0xff, 0x20, 0x00, 0x00, 0x00, 0x00, 0x00, 0xdf, 0xf8, 0x00, 0x00, 0x00, 0x00, 0x00,
    0x07, 0xff, 0xe1, 0x00, 0x00, 0x00, 0x00, 0x00, 0x1e, 0xff, 0x70, 0x00, 0x00, 0x00, 0x08, 0xbb,
    0x80, 0x6f, 0xff, 0xf6, 0x8f, 0xff, 0xf8, 0x6f, 0xff, 0xf6, 0x08, 0xbb, 0x80, 0x00, 0x00, 0x00,
    0x00, 0x00, 0x00, 0x00, 0x00, 0x00, 0x00, 0x00, 0x00, 0x00, 0x00, 0x00, 0x00, 0x00, 0x00, 0x00,
    0x00, 0x00, 0x01, 0x44, 0x10, 0x2e, 0xff, 0xe2, 0x8f, 0xff, 0xf8, 0x8f, 0xff, 0xf8, 0x2e, 0xff,
    0xe2, 0x01, 0x44, 0x10, 0x08, 0xbb, 0x80, 0x6f, 0xff, 0xf6, 0x8f, 0xff, 0xf8, 0x6f, 0xff, 0xf6,
    0x08, 0xbb, 0x80, 0x00, 0x00, 0x00, 0x00, 0x00, 0x00, 0x00, 0x00, 0x00, 0x00, 0x00, 0x00, 0x00,
    0x00, 0x00, 0x00, 0x00, 0x00, 0x00, 0x00, 0x00, 0x04, 0x88, 0x81, 0x08, 0xff, 0xe0, 0x0b, 0xff,
    0xa0, 0x0d, 0xff, 0x70, 0x1f, 0xff, 0x40, 0x4f, 0xff, 0x00, 0x7f, 0xfb, 0x00, 0x8f, 0xf8, 0x00,
    0xbf, 0xf5, 0x00, 0xbb, 0xb1, 0x00, 0x00, 0x00, 0x00, 0x00, 0x00, 0x00, 0x66, 0x00, 0x00, 0x00,
    0x00, 0x00, 0x6d, 0xf8, 0x00, 0x00, 0x00, 0x01, 0x7d, 0xff, 0xf8, 0x00, 0x00, 0x01, 0x8e, 0xff,
    0xfd, 0x60, 0x00, 0x01, 0x8e, 0xff, 0xfd, 0x60, 0x00, 0x01, 0x8e, 0xff, 0xfd, 0x60, 0x00, 0x00,
    0x5e, 0xff, 0xfb, 0x50, 0x00, 0x00, 0x00, 0x8f, 0xfa, 0x40, 0x00, 0x00, 0x00, 0x00, 0x8f, 0xe9,
    0x20, 0x00, 0x00, 0x00, 0x00, 0x7f, 0xff, 0xfa, 0x40, 0x00, 0x00, 0x00, 0x03, 0x9f, 0xff, 0xfb,
    0x40, 0x00, 0x00, 0x00, 0x02, 0x9f, 0xff, 0xfb, 0x40, 0x00, 0x00, 0x00, 0x02, 0x9f, 0xff, 0xfb,
    0x40, 0x00, 0x00, 0x00, 0x02, 0x9f, 0xff, 0xf7, 0x00, 0x00, 0x00, 0x00, 0x02, 0x9f, 0xf8, 0x00,
    0x00, 0x00, 0x00, 0x00, 0x02, 0x98, 0x00, 0x00, 0x00, 0x00, 0x00, 0x00, 0x00, 0x6b, 0xbb, 0xbb,
    0xbb, 0xbb, 0xbb, 0xb6, 0x8f, 0xff, 0xff, 0xff, 0xff, 0xff, 0xf8, 0x6b, 0xbb, 0xbb, 0xbb, 0xbb,
    0xbb, 0xb6, 0x00, 0x00, 0x00, 0x00, 0x00, 0x00, 0x00, 0x00, 0x00, 0x00, 0x00, 0x00, 0x00, 0x00,
    0x00, 0x00, 0x00, 0x00, 0x00, 0x00, 0x00, 0x00, 0x00, 0x00, 0x00, 0x00, 0x00, 0x00, 0x48, 0x88,
    0x88, 0x88, 0x88, 0x88, 0x84, 0x8f, 0xff, 0xff, 0xff, 0xff, 0xff, 0xf8, 0x8f, 0xff, 0xff, 0xff,
    0xff, 0xff, 0xf8, 0x00, 0x00, 0x00, 0x00, 0x00, 0x00, 0x00, 0x66, 0x00, 0x00, 0x00, 0x00, 0x00,
    0x00, 0x8f, 0xd6, 0x00, 0x00, 0x00, 0x00, 0x00, 0x8f, 0xff, 0xd7, 0x10, 0x00, 0x00, 0x00, 0x18,
    0xef, 0xff, 0xe8, 0x10, 0x00, 0x00, 0x00, 0x18, 0xef, 0xff, 0xe8, 0x10, 0x00, 0x00, 0x00, 0x16,
    0xdf, 0xff, 0xe8, 0x10, 0x00, 0x00, 0x00, 0x06, 0xdf, 0xff, 0xe5, 0x00, 0x00, 0x00, 0x00, 0x06,
    0xdf, 0xf8, 0x00, 0x00, 0x00, 0x00, 0x01, 0x8e, 0xf8, 0x00, 0x00, 0x00, 0x02, 0x9e, 0xff, 0xf7,
    0x00, 0x00, 0x02, 0x9f, 0xff, 0xf9, 0x30, 0x00, 0x02, 0x9f, 0xff, 0xf9, 0x20, 0x00, 0x04, 0x9f,
    0xff, 0xf9, 0x20, 0x00, 0x00, 0x7f, 0xff, 0xf9, 0x20, 0x00, 0x00, 0x00, 0x8f, 0xf9, 0x20, 0x00,
    0x00, 0x00, 0x00, 0x89, 0x20, 0x00, 0x00, 0x00, 0x00, 0x00, 0x00, 0x00, 0x00, 0x00, 0x00, 0x00,
    0x00, 0x4f, 0xff, 0xfc, 0xb7, 0x10, 0x00, 0x4f, 0xff, 0xff, 0xff, 0xe6, 0x00, 0x4f, 0xff, 0xff,
    0xff, 0xff, 0x60, 0x00, 0x00, 0x00, 0x3c, 0xff, 0xe1, 0x00, 0x00, 0x00, 0x01, 0xdf, 0xf6, 0x00,
    0x00, 0x00, 0x00, 0x7f, 0xf8, 0x00, 0x00, 0x00, 0x00, 0x4f, 0xfb, 0x00, 0x00, 0x00, 0x00, 0x7f,
    0xf9, 0x00, 0x00, 0x00, 0x00, 0xcf, 0xf6, 0x00, 0x00, 0x00, 0x2a, 0xff, 0xe1, 0x00, 0x0b, 0xbc,
    0xff, 0xff, 0x60, 0x00, 0x0f, 0xff, 0xff, 0xe6, 0x00, 0x00, 0x0f, 0xff, 0xa7, 0x10, 0x00, 0x00,
    0x0f, 0xff, 0x00, 0x00, 0x00, 0x00, 0x0f, 0xff, 0x00, 0x00, 0x00, 0x00, 0x08, 0x88, 0x00, 0x00,
    0x00, 0x00, 0x00, 0x00, 0x00, 0x00, 0x00, 0x00, 0x00, 0x00, 0x00, 0x00, 0x00, 0x00, 0x17, 0x87,
    0x10, 0x00, 0x00, 0x00, 0xaf, 0xff, 0x90, 0x00, 0x00, 0x00, 0xbf, 0xff, 0xb0, 0x00, 0x00, 0x00,
    0x6f, 0xff, 0x50, 0x00, 0x00, 0x00, 0x01, 0x41, 0x00, 0x00, 0x00, 0x00, 0x00, 0x00, 0x03, 0x43,
    0x00, 0x00, 0x00, 0x00, 0x00, 0x6c, 0xff, 0xff, 0xfa, 0x40, 0x00, 0x00, 0x1b, 0xff, 0xff, 0xff,
    0xff, 0xf8, 0x00, 0x01, 0xcf, 0xfb, 0x52, 0x02, 0x6d, 0xff, 0x80, 0x08, 0xff, 0x90, 0x00, 0x00,
    0x01, 0xcf, 0xf2, 0x1f, 0xfb, 0x00, 0x00, 0x00, 0x00, 0x4f, 0xf8, 0x6f, 0xf5, 0x00, 0x00, 0x00,
    0x00, 0x0d, 0xfb, 0x8f, 0xf0, 0x00, 0x00, 0x00, 0x00, 0x0b, 0xfc, 0xbf, 0xe0, 0x00, 0x00, 0x58,
    0x86, 0x1b, 0xff, 0xbf, 0xb0, 0x00, 0x09, 0xff, 0xff, 0xcb, 0xff, 0xbf, 0xb0, 0x00, 0x6f, 0xfd,
    0x88, 0xdf, 0xff, 0xbf, 0xb0, 0x00, 0xaf, 0xe1, 0x00, 0x1e, 0xff, 0xbf, 0xb0, 0x00, 0xbf, 0xb0,
    0x00, 0x0b, 0xff, 0xbf, 0xb0, 0x00, 0xbf, 0xb0, 0x00, 0x0b, 0xff, 0xbf, 0xb0, 0x00, 0xbf, 0xb0,
    0x00, 0x0b, 0xff, 0xbf, 0xb0, 0x00, 0xbf, 0xb0, 0x00, 0x0b, 0xff, 0xbf, 0xb0, 0x00, 0xbf, 0xb0,
    0x00, 0x0b, 0xfe, 0xbf, 0xb0, 0x00, 0xbf, 0xc0, 0x00, 0x0c, 0xfb, 0xbf, 0xb0, 0x00, 0x8f, 0xf6,
    0x00, 0x6f, 0xf8, 0xbf, 0xb0, 0x00, 0x1e, 0xff, 0xcc, 0xff, 0xe1, 0xbf, 0xd0, 0x00, 0x03, 0xbf,
    0xff, 0xfb, 0x30, 0x8f, 0xf0, 0x00, 0x00, 0x03, 0x44, 0x30, 0x00, 0x6f, 0xf5, 0x00, 0x00, 0x00,
    0x00, 0x00, 0x00, 0x2f, 0xfc, 0x00, 0x00, 0x00, 0x00, 0x00, 0x00, 0x09, 0xff, 0x90, 0x00, 0x00,
    0x00, 0x00, 0x00, 0x01, 0xcf, 0xfc, 0x61, 0x00, 0x00, 0x00, 0x00, 0x00, 0x1c, 0xff, 0xff, 0xff,
    0xff, 0x00, 0x00, 0x00, 0x00, 0x8d, 0xff, 0xff, 0xff, 0x00, 0x00, 0x00, 0x00, 0x00, 0x34, 0x88,
    0x88, 0x00, 0x00, 0x00, 0x00, 0x01, 0xff, 0xff, 0x10, 0x00, 0x00, 0x00, 0x00, 0x05, 0xff, 0xff,
    0x50, 0x00, 0x00, 0x00, 0x00, 0x08, 0xff, 0xff, 0x90, 0x00, 0x00, 0x00, 0x00, 0x0c, 0xfc, 0xcf,
    0xd0, 0x00, 0x00, 0x00, 0x00, 0x1f, 0xf9, 0x9f, 0xf2, 0x00, 0x00, 0x00, 0x00, 0x6f, 0xf6, 0x6f,
    0xf6, 0x00, 0x00, 0x00, 0x00, 0x9f, 0xf3, 0x2f, 0xf9, 0x00, 0x00, 0x00, 0x00, 0xdf, 0xe0, 0x0d,
    0xfd, 0x00, 0x00, 0x00, 0x02, 0xff, 0xa0, 0x0a, 0xff, 0x20, 0x00, 0x00, 0x06, 0xff, 0x70, 0x07,
    0xff, 0x60, 0x00, 0x00, 0x09, 0xff, 0x30, 0x03, 0xff, 0xa0, 0x00, 0x00, 0x0d, 0xfe, 0x00, 0x00,
    0xef, 0xe0, 0x00, 0x00, 0x3f, 0xfa, 0x00, 0x00, 0xaf, 0xf3, 0x00, 0x00, 0x7f, 0xf9, 0x44, 0x44,
    0x9f, 0xf7, 0x00, 0x00, 0xaf, 0xff, 0xff, 0xff, 0xff, 0xfa, 0x00, 0x00, 0xef, 0xff, 0xff, 0xff,
    0xff, 0xfe, 0x00, 0x03, 0xff, 0xc4, 0x44, 0x44, 0x4c, 0xff, 0x30, 0x07, 0xff, 0x80, 0x00, 0x00,
    0x08, 0xff, 0x70, 0x0a, 0xff, 0x40, 0x00, 0x00, 0x04, 0xff, 0xa0, 0x0f, 0xff, 0x00, 0x00, 0x00,
    0x00, 0xff, 0xf0, 0x4f, 0xfb, 0x00, 0x00, 0x00, 0x00, 0xbf, 0xf4, 0x8f, 0xf8, 0x00, 0x00, 0x00,
    0x00, 0x8f, 0xf8, 0x4f, 0xff, 0xff, 0xfe, 0xb8, 0x30, 0x00, 0x04, 0xff, 0xff, 0xff, 0xff, 0xff,
    0x80, 0x00, 0x4f, 0xfd, 0xbb, 0xbb, 0xef, 0xff, 0x80, 0x04, 0xff, 0x80, 0x00, 0x00, 0x8f, 0xff,
    0x20, 0x4f, 0xf8, 0x00, 0x00, 0x00, 0xbf, 0xf7, 0x04, 0xff, 0x80, 0x00, 0x00, 0x08, 0xff, 0x80,
    0x4f, 0xf8, 0x00, 0x00, 0x00, 0x8f, 0xf8, 0x04, 0xff, 0x80, 0x00, 0x00, 0x0b, 0xff, 0x30, 0x4f,
    0xf8, 0x00, 0x00, 0x07, 0xff, 0xa0, 0x04, 0xff, 0xdb, 0xbb, 0xbd, 0xff, 0xb1, 0x00, 0x4f, 0xff,
    0xff, 0xff, 0xff, 0x80, 0x00, 0x04, 0xff, 0xdb, 0xbb, 0xdf, 0xff, 0xc3, 0x00, 0x4f, 0xf8, 0x00,
    0x00, 0x18, 0xff, 0xe1, 0x04, 0xff, 0x80, 0x00, 0x00, 0x08, 0xff, 0x80, 0x4f, 0xf8, 0x00, 0x00,
    0x00, 0x1f, 0xfd, 0x04, 0xff, 0x80, 0x00, 0x00, 0x00, 0xff, 0xf0, 0x4f, 0xf8, 0x00, 0x00, 0x00,
    0x0f, 0xff, 0x04, 0xff, 0x80, 0x00, 0x00, 0x05, 0xff, 0xd0, 0x4f, 0xf8, 0x00, 0x00, 0x03, 0xef,
    0xf8, 0x04, 0xff, 0xb8, 0x88, 0x9c, 0xff, 0xfe, 0x10, 0x4f, 0xff, 0xff, 0xff, 0xff, 0xfd, 0x30,
    0x04, 0xff, 0xff, 0xff, 0xff, 0xb7, 0x10, 0x00, 0x00, 0x00, 0x00, 0x44, 0x20, 0x00, 0x00, 0x00,
    0x04, 0xbf, 0xff, 0xfd, 0x81, 0x00, 0x00, 0x9f, 0xff, 0xff, 0xff, 0xfc, 0x20, 0x06, 0xff, 0xfc,
    0x88, 0x9e, 0xff, 0xc0, 0x0d, 0xff, 0x80, 0x00, 0x03, 0xef, 0xf6, 0x3f, 0xfd, 0x00, 0x00, 0x00,
    0x7f, 0xf9, 0x4f, 0xfa, 0x00, 0x00, 0x00, 0x4f, 0xfb, 0x4f, 0xf8, 0x00, 0x00, 0x00, 0x14, 0x43,
    0x4f, 0xf8, 0x00, 0x00, 0x00, 0x00, 0x00, 0x4f, 0xf8, 0x00, 0x00, 0x00, 0x00, 0x00, 0x4f, 0xf8,
    0x00, 0x00, 0x00, 0x00, 0x00, 0x4f, 0xf8, 0x00, 0x00, 0x00, 0x00, 0x00, 0x4f, 0xf8, 0x00, 0x00,
    0x00, 0x00, 0x00, 0x4f, 0xf8, 0x00, 0x00, 0x00, 0x00, 0x00, 0x4f, 0xf8, 0x00, 0x00, 0x00, 0x00,
    0x00, 0x4f, 0xf8, 0x00, 0x00, 0x00, 0x00, 0x00, 0x4f, 0xf8, 0x00, 0x00, 0x00, 0x00, 0x00, 0x4f,
    0xf9, 0x00, 0x00, 0x00, 0x4f, 0xfb, 0x4f, 0xfd, 0x00, 0x00, 0x00, 0x6f, 0xfa, 0x0e, 0xff, 0x70,
    0x00, 0x01, 0xdf, 0xf6, 0x08, 0xff, 0xf9, 0x75, 0x8e, 0xff, 0xd0, 0x00, 0x9f, 0xff, 0xff, 0xff,
    0xfe, 0x30, 0x00, 0x06, 0xdf, 0xff, 0xff, 0x91, 0x00, 0x00, 0x00, 0x02, 0x44, 0x40, 0x00, 0x00,
    0x4f, 0xff, 0xff, 0xfc, 0xa6, 0x00, 0x00, 0x4f, 0xff, 0xff, 0xff, 0xff, 0xd3, 0x00, 0x4f, 0xfd,
    0xbb, 0xbc, 0xff, 0xfe, 0x30, 0x4f, 0xf8, 0x00, 0x00, 0x2c, 0xff, 0xc0, 0x4f, 0xf8, 0x00, 0x00,
    0x01, 0xef, 0xf3, 0x4f, 0xf8, 0x00, 0x00, 0x00, 0x8f, 0xf8, 0x4f, 0xf8, 0x00, 0x00, 0x00, 0x8f,
    0xf8, 0x4f, 0xf8, 0x00, 0x00, 0x00, 0x8f, 0xf8, 0x4f, 0xf8, 0x00, 0x00, 0x00, 0x8f, 0xf8, 0x4f,
    0xf8, 0x00, 0x00, 0x00, 0x8f, 0xf8, 0x4f, 0xf8, 0x00, 0x00, 0x00, 0x8f, 0xf8, 0x4f, 0xf8, 0x00,
    0x00, 0x00, 0x8f, 0xf8, 0x4f, 0xf8, 0x00, 0x00, 0x00, 0x8f, 0xf8, 0x4f, 0xf8, 0x00, 0x00, 0x00,
    0x8f, 0xf8, 0x4f, 0xf8, 0x00, 0x00, 0x00, 0x8f, 0xf8, 0x4f, 0xf8, 0x00, 0x00, 0x00, 0x8f, 0xf8,
    0x4f, 0xf8, 0x00, 0x00, 0x00, 0x8f, 0xf8, 0x4f, 0xf8, 0x00, 0x00, 0x01, 0xdf, 0xf3, 0x4f, 0xf8,
    0x00, 0x00, 0x1a, 0xff, 0xd0, 0x4f, 0xfd, 0xbb, 0xbb, 0xff, 0xff, 0x40, 0x4f, 0xff, 0xff, 0xff,
    0xff, 0xe5, 0x00, 0x4f, 0xff, 0xff, 0xff, 0xb8, 0x10, 0x00, 0x0f, 0xff, 0xff, 0xff, 0xff, 0xff,
    0xfb, 0x0f, 0xff, 0xff, 0xff, 0xff, 0xff, 0xfb, 0x0f, 0xfe, 0xbb, 0xbb, 0xbb, 0xbb, 0xb8, 0x0f,
    0xfb, 0x00, 0x00, 0x00, 0x00, 0x00, 0x0f, 0xfb, 0x00, 0x00, 0x00, 0x00, 0x00, 0x0f, 0xfb, 0x00,
    0x00, 0x00, 0x00, 0x00, 0x0f, 0xfb, 0x00, 0x00, 0x00, 0x00, 0x00, 0x0f, 0xfb, 0x00, 0x00, 0x00,
    0x00, 0x00, 0x0f, 0xfb, 0x00, 0x00, 0x00, 0x00, 0x00, 0x0f, 0xfe, 0xbb, 0xbb, 0xbb, 0xbb, 0x60,
    0x0f, 0xff, 0xff, 0xff, 0xff, 0xff, 0x80, 0x0f, 0xfe, 0xbb, 0xbb, 0xbb, 0xbb, 0x60, 0x0f, 0xfb,
    0x00, 0x00, 0x00, 0x00, 0x00, 0x0f, 0xfb, 0x00, 0x00, 0x00, 0x00, 0x00, 0x0f, 0xfb, 0x00, 0x00,
    0x00, 0x00, 0x00, 0x0f, 0xfb, 0x00, 0x00, 0x00, 0x00, 0x00, 0x0f, 0xfb, 0x00, 0x00, 0x00, 0x00,
    0x00, 0x0f, 0xfb, 0x00, 0x00, 0x00, 0x00, 0x00, 0x0f, 0xfb, 0x00, 0x00, 0x00, 0x00, 0x00, 0x0f,
    0xfe, 0xbb, 0xbb, 0xbb, 0xbb, 0xb8, 0x0f, 0xff, 0xff, 0xff, 0xff, 0xff, 0xfb, 0x0f, 0xff, 0xff,
    0xff, 0xff, 0xff, 0xfb, 0x4f, 0xff, 0xff, 0xff, 0xff, 0xff, 0xfb, 0x4f, 0xff, 0xff, 0xff, 0xff,
    0xff, 0xfb, 0x4f, 0xfe, 0xbb, 0xbb, 0xbb, 0xbb, 0xb8, 0x4f, 0xfb, 0x00, 0x00, 0x00, 0x00, 0x00,
    0x4f, 0xfb, 0x00, 0x00, 0x00, 0x00, 0x00, 0x4f, 0xfb, 0x00, 0x00, 0x00, 0x00, 0x00, 0x4f, 0xfb,
    0x00, 0x00, 0x00, 0x00, 0x00, 0x4f, 0xfb, 0x00, 0x00, 0x00, 0x00, 0x00, 0x4f, 0xfb, 0x00, 0x00,
    0x00, 0x00, 0x00, 0x4f, 0xfc, 0x44, 0x44, 0x44, 0x44, 0x40, 0x4f, 0xff, 0xff, 0xff, 0xff, 0xff,
    0xf0, 0x4f, 0xff, 0xff, 0xff, 0xff, 0xff, 0xf0, 0x4f, 0xfd, 0x88, 0x88, 0x88, 0x88, 0x80, 0x4f,
    0xfb, 0x00, 0x00, 0x00, 0x00, 0x00, 0x4f, 0xfb, 0x00, 0x00, 0x00, 0x00, 0x00, 0x4f, 0xfb, 0x00,
    0x00, 0x00, 0x00, 0x00, 0x4f, 0xfb, 0x00, 0x00, 0x00, 0x00, 0x00, 0x4f, 0xfb, 0x00, 0x00, 0x00,
    0x00, 0x00, 0x4f, 0xfb, 0x00, 0x00, 0x00, 0x00, 0x00, 0x4f, 0xfb, 0x00, 0x00, 0x00, 0x00, 0x00,
    0x4f, 0xfb, 0x00, 0x00, 0x00, 0x00, 0x00, 0x4f, 0xfb, 0x00, 0x00, 0x00, 0x00, 0x00, 0x00, 0x00,
    0x00, 0x44, 0x10, 0x00, 0x00, 0x00, 0x06, 0xcf, 0xff, 0xfd, 0x80, 0x00, 0x00, 0x9f, 0xff, 0xff,
    0xff, 0xfc, 0x10, 0x08, 0xff, 0xfb, 0x88, 0x9f, 0xff, 0xb0, 0x1e, 0xff, 0x60, 0x00, 0x03, 0xef,
    0xf3, 0x5f, 0xfc, 0x00, 0x00, 0x00, 0x8f, 0xf8, 0x8f, 0xf8, 0x00, 0x00, 0x00, 0x4f, 0xfb, 0x8f,
    0xf8, 0x00, 0x00, 0x00, 0x14, 0x43, 0x8f, 0xf8, 0x00, 0x00, 0x00, 0x00, 0x00, 0x8f, 0xf8, 0x00,
    0x00, 0x00, 0x00, 0x00, 0x8f, 0xf8, 0x00, 0x00, 0x00, 0x00, 0x00, 0x8f, 0xf8, 0x00, 0x48, 0x88,
    0x88, 0x86, 0x8f, 0xf8, 0x00, 0x8f, 0xff, 0xff, 0xfb, 0x8f, 0xf8, 0x00, 0x8f, 0xff, 0xff, 0xfb,
    0x8f, 0xf8, 0x00, 0x00, 0x00, 0x4f, 0xfb, 0x8f, 0xf8, 0x00, 0x00, 0x00, 0x4f, 0xfb, 0x8f, 0xf8,
    0x00, 0x00, 0x00, 0x4f, 0xfb, 0x8f, 0xf8, 0x00, 0x00, 0x00, 0x4f, 0xfb, 0x5f, 0xfa, 0x00, 0x00,
    0x00, 0x8f, 0xf8, 0x1f, 0xff, 0x60, 0x00, 0x03, 0xef, 0xf4, 0x08, 0xff, 0xf9, 0x65, 0x8e, 0xff,
    0xb0, 0x01, 0xcf, 0xff, 0xff, 0xff, 0xfc, 0x10, 0x00, 0x08, 0xdf, 0xff, 0xfe, 0x81, 0x00, 0x00,
    0x00, 0x03, 0x44, 0x40, 0x00, 0x00, 0x4f, 0xfb, 0x00, 0x00, 0x00, 0xbf, 0xf4, 0x4f, 0xfb, 0x00,
    0x00, 0x00, 0xbf, 0xf4, 0x4f, 0xfb, 0x00, 0x00, 0x00, 0xbf, 0xf4, 0x4f, 0xfb, 0x00, 0x00, 0x00,
    0xbf, 0xf4, 0x4f, 0xfb, 0x00, 0x00, 0x00, 0xbf, 0xf4, 0x4f, 0xfb, 0x00, 0x00, 0x00, 0xbf, 0xf4,
    0x4f, 0xfb, 0x00, 0x00, 0x00, 0xbf, 0xf4, 0x4f, 0xfb, 0x00, 0x00, 0x00, 0xbf, 0xf4, 0x4f, 0xfb,
    0x00, 0x00, 0x00, 0xbf, 0xf4, 0x4f, 0xfe, 0xbb, 0xbb, 0xbb, 0xef, 0xf4, 0x4f, 0xff, 0xff, 0xff,
    0xff, 0xff, 0xf4, 0x4f, 0xff, 0xff, 0xff, 0xff, 0xff, 0xf4, 0x4f, 0xfb, 0x00, 0x00, 0x00, 0xbf,
    0xf4, 0x4f, 0xfb, 0x00, 0x00, 0x00, 0xbf, 0xf4, 0x4f, 0xfb, 0x00, 0x00, 0x00, 0xbf, 0xf4, 0x4f,
    0xfb, 0x00, 0x00, 0x00, 0xbf, 0xf4, 0x4f, 0xfb, 0x00, 0x00, 0x00, 0xbf, 0xf4, 0x4f, 0xfb, 0x00,
    0x00, 0x00, 0xbf, 0xf4, 0x4f, 0xfb, 0x00, 0x00, 0x00, 0xbf, 0xf4, 0x4f, 0xfb, 0x00, 0x00, 0x00,
    0xbf, 0xf4, 0x4f, 0xfb, 0x00, 0x00, 0x00, 0xbf, 0xf4, 0x4f, 0xfb, 0x00, 0x00, 0x00, 0xbf, 0xf4,
    0xff, 0xff, 0xff, 0xff, 0xff, 0xff, 0xff, 0xff, 0xff, 0xff, 0xff, 0xff, 0xbb, 0xbb, 0xdf, 0xfd,
    0xbb, 0xbb, 0x00, 0x00, 0x8f, 0xf8, 0x00, 0x00, 0x00, 0x00, 0x8f, 0xf8, 0x00, 0x00, 0x00, 0x00,
    0x8f, 0xf8, 0x00, 0x00, 0x00, 0x00, 0x8f, 0xf8, 0x00, 0x00, 0x00, 0x00, 0x8f, 0xf8, 0x00, 0x00,
    0x00, 0x00, 0x8f, 0xf8, 0x00, 0x00, 0x00, 0x00, 0x8f, 0xf8, 0x00, 0x00, 0x00, 0x00, 0x8f, 0xf8,
    0x00, 0x00, 0x00, 0x00, 0x8f, 0xf8, 0x00, 0x00, 0x00, 0x00, 0x8f, 0xf8, 0x00, 0x00, 0x00, 0x00,
    0x8f, 0xf8, 0x00, 0x00, 0x00, 0x00, 0x8f, 0xf8, 0x00, 0x00, 0x00, 0x00, 0x8f, 0xf8, 0x00, 0x00,
    0x00, 0x00, 0x8f, 0xf8, 0x00, 0x00, 0x00, 0x00, 0x8f, 0xf8, 0x00, 0x00, 0x00, 0x00, 0x8f, 0xf8,
    0x00, 0x00, 0xbb, 0xbb, 0xdf, 0xfd, 0xbb, 0xbb, 0xff, 0xff, 0xff, 0xff, 0xff, 0xff, 0xff, 0xff,
    0xff, 0xff, 0xff, 0xff, 0x00, 0x00, 0x00, 0x00, 0x00, 0x0f, 0xff, 0x00, 0x00, 0x00, 0x00, 0x00,
    0x0f, 0xff, 0x00, 0x00, 0x00, 0x00, 0x00, 0x0f, 0xff, 0x00, 0x00, 0x00, 0x00, 0x00, 0x0f, 0xff,
    0x00, 0x00, 0x00, 0x00, 0x00, 0x0f, 0xff, 0x00, 0x00, 0x00, 0x00, 0x00, 0x0f, 0xff, 0x00, 0x00,
    0x00, 0x00, 0x00, 0x0f, 0xff, 0x00, 0x00, 0x00, 0x00, 0x00, 0x0f, 0xff, 0x00, 0x00, 0x00, 0x00,
    0x00, 0x0f, 0xff, 0x00, 0x00, 0x00, 0x00, 0x00, 0x0f, 0xff, 0x00, 0x00, 0x00, 0x00, 0x00, 0x0f,
    0xff, 0x00, 0x00, 0x00, 0x00, 0x00, 0x0f, 0xff, 0x00, 0x00, 0x00, 0x00, 0x00, 0x0f, 0xff, 0x00,
    0x00, 0x00, 0x00, 0x00, 0x0f, 0xff, 0x00, 0x00, 0x00, 0x00, 0x00, 0x0f, 0xff, 0x34, 0x41, 0x00,
    0x00, 0x00, 0x0f, 0xff, 0xbf, 0xf4, 0x00, 0x00, 0x00, 0x1f, 0xff, 0x8f, 0xf8, 0x00, 0x00, 0x00,
    0x5f, 0xfb, 0x4f, 0xfe, 0x30, 0x00, 0x01, 0xdf, 0xf7, 0x0b, 0xff, 0xf9, 0x65, 0x8e, 0xff, 0xd1,
    0x01, 0xcf, 0xff, 0xff, 0xff, 0xfe, 0x30, 0x00, 0x18, 0xef, 0xff, 0xff, 0x91, 0x00, 0x00, 0x00,
    0x03, 0x44, 0x40, 0x00, 0x00, 0x4f, 0xf8, 0x00, 0x00, 0x00, 0x0d, 0xff, 0x64, 0xff, 0x80, 0x00,
    0x00, 0x06, 0xff, 0xd0, 0x4f, 0xf8, 0x00, 0x00, 0x00, 0xdf, 0xf6, 0x04, 0xff, 0x80, 0x00, 0x00,
    0x6f, 0xfd, 0x00, 0x4f, 0xf8, 0x00, 0x00, 0x0d, 0xff, 0x60, 0x04, 0xff, 0x80, 0x00, 0x06, 0xff,
    0xd0, 0x00, 0x4f, 0xf8, 0x00, 0x00, 0xdf, 0xf6, 0x00, 0x04, 0xff, 0x80, 0x00, 0x6f, 0xfd, 0x00,
    0x00, 0x4f, 0xf8, 0x00, 0x0d, 0xff, 0x60, 0x00, 0x04, 0xff, 0xb8, 0x89, 0xff, 0xd0, 0x00, 0x00,
    0x4f, 0xff, 0xff, 0xff, 0xf7, 0x00, 0x00, 0x04, 0xff, 0xff, 0xff, 0xff, 0xb0, 0x00, 0x00, 0x4f,
    0xf8, 0x00, 0x2f, 0xff, 0x40, 0x00, 0x04, 0xff, 0x80, 0x00, 0x9f, 0xfa, 0x00, 0x00, 0x4f, 0xf8,
    0x00, 0x02, 0xff, 0xf2, 0x00, 0x04, 0xff, 0x80, 0x00, 0x09, 0xff, 0x90, 0x00, 0x4f, 0xf8, 0x00,
    0x00, 0x4f, 0xff, 0x20, 0x04, 0xff, 0x80, 0x00, 0x00, 0xbf, 0xf9, 0x00, 0x4f, 0xf8, 0x00, 0x00,
    0x04, 0xff, 0xf2, 0x04, 0xff, 0x80, 0x00, 0x00, 0x0b, 0xff, 0x90, 0x4f, 0xf8, 0x00, 0x00, 0x00,
    0x4f, 0xff, 0x24, 0xff, 0x80, 0x00, 0x00, 0x00, 0xbf, 0xf9, 0x4f, 0xfb, 0x00, 0x00, 0x00, 0x00,
    0x00, 0x4f, 0xfb, 0x00, 0x00, 0x00, 0x00, 0x00, 0x4f, 0xfb, 0x00, 0x00, 0x00, 0x00, 0x00, 0x4f,
    0xfb, 0x00, 0x00, 0x00, 0x00, 0x00, 0x4f, 0xfb, 0x00, 0x00, 0x00, 0x00, 0x00, 0x4f, 0xfb, 0x00,
    0x00, 0x00, 0x00, 0x00, 0x4f, 0xfb, 0x00, 0x00, 0x00, 0x00, 0x00, 0x4f, 0xfb, 0x00, 0x00, 0x00,
    0x00, 0x00, 0x4f, 0xfb, 0x00, 0x00, 0x00, 0x00, 0x00, 0x4f, 0xfb, 0x00, 0x00, 0x00, 0x00, 0x00,
    0x4f, 0xfb, 0x00, 0x00, 0x00, 0x00, 0x00, 0x4f, 0xfb, 0x00, 0x00, 0x00, 0x00, 0x00, 0x4f, 0xfb,
    0x00, 0x00, 0x00, 0x00, 0x00, 0x4f, 0xfb, 0x00, 0x00, 0x00, 0x00, 0x00, 0x4f, 0xfb, 0x00, 0x00,
    0x00, 0x00, 0x00, 0x4f, 0xfb, 0x00, 0x00, 0x00, 0x00, 0x00, 0x4f, 0xfb, 0x00, 0x00, 0x00, 0x00,
    0x00, 0x4f, 0xfb, 0x00, 0x00, 0x00, 0x00, 0x00, 0x4f, 0xfb, 0x00, 0x00, 0x00, 0x00, 0x00, 0x4f,
    0xfe, 0xbb, 0xbb, 0xbb, 0xbb, 0xb6, 0x4f, 0xff, 0xff, 0xff, 0xff, 0xff, 0xf8, 0x4f, 0xff, 0xff,
    0xff, 0xff, 0xff, 0xf8, 0xff, 0xff, 0x60, 0x00, 0x06, 0xff, 0xff, 0xff, 0xff, 0x90, 0x00, 0x09,
    0xfe, 0xff, 0xff, 0xcf, 0xe0, 0x00, 0x0e, 0xf9, 0xff, 0xff, 0x8f, 0xf3, 0x00, 0x4f, 0xd8, 0xff,
    0xff, 0xaa, 0xf8, 0x00, 0x8f, 0x8a, 0xff, 0xff, 0xb6, 0xfc, 0x00, 0xdf, 0x3b, 0xff, 0xff, 0xb2,
    0xff, 0x12, 0xfe, 0x0b, 0xff, 0xff, 0xb0, 0xcf, 0x67, 0xf9, 0x0b, 0xff, 0xff, 0xb0, 0x8f, 0x9b,
    0xf5, 0x0b, 0xff, 0xff, 0xb0, 0x3f, 0xef, 0xf1, 0x0b, 0xff, 0xff, 0xb0, 0x0d, 0xff, 0xa0, 0x0b,
    0xff, 0xff, 0xb0, 0x08, 0xff, 0x60, 0x0b, 0xff, 0xff, 0xb0, 0x02, 0x44, 0x10, 0x0b, 0xff, 0xff,
    0xb0, 0x00, 0x00, 0x00, 0x0b, 0xff, 0xff, 0xb0, 0x00, 0x00, 0x00, 0x0b, 0xff, 0xff, 0xb0, 0x00,
    0x00, 0x00, 0x0b, 0xff, 0xff, 0xb0, 0x00, 0x00, 0x00, 0x0b, 0xff, 0xff, 0xb0, 0x00, 0x00, 0x00,
    0x0b, 0xff, 0xff, 0xb0, 0x00, 0x00, 0x00, 0x0b, 0xff, 0xff, 0xb0, 0x00, 0x00, 0x00, 0x0b, 0xff,
    0xff, 0xb0, 0x00, 0x00, 0x00, 0x0b, 0xff, 0xff, 0xb0, 0x00, 0x00, 0x00, 0x0b, 0xff, 0x8f, 0xff,
    0x80, 0x00, 0x00, 0x4f, 0xf8, 0x8f, 0xff, 0xd0, 0x00, 0x00, 0x4f, 0xf8, 0x8f, 0xff, 0xf5, 0x00,
    0x00, 0x4f, 0xf8, 0x8f, 0xfe, 0xf9, 0x00, 0x00, 0x4f, 0xf8, 0x8f, 0xfc, 0xfe, 0x00, 0x00, 0x4f,
    0xf8, 0x8f, 0xf7, 0xff, 0x60, 0x00, 0x4f, 0xf8, 0x8f, 0xf4, 0xdf, 0xa0, 0x00, 0x4f, 0xf8, 0x8f,
    0xf4, 0x8f, 0xf1, 0x00, 0x4f, 0xf8, 0x8f, 0xf4, 0x2f, 0xf6, 0x00, 0x4f, 0xf8, 0x8f, 0xf4, 0x0c,
    0xfb, 0x00, 0x4f, 0xf8, 0x8f, 0xf4, 0x07, 0xff, 0x20, 0x4f, 0xf8, 0x8f, 0xf4, 0x02, 0xff, 0x70,
    0x4f, 0xf8, 0x8f, 0xf4, 0x00, 0xbf, 0xc0, 0x4f, 0xf8, 0x8f, 0xf4, 0x00, 0x6f, 0xf2, 0x4f, 0xf8,
    0x8f, 0xf4, 0x00, 0x1f, 0xf8, 0x4f, 0xf8, 0x8f, 0xf4, 0x00, 0x0a, 0xfd, 0x4f, 0xf8, 0x8f, 0xf4,
    0x00, 0x06, 0xff, 0x7f, 0xf8, 0x8f, 0xf4, 0x00, 0x01, 0xef, 0xbf, 0xf8, 0x8f, 0xf4, 0x00, 0x00,
    0x9f, 0xef, 0xf8, 0x8f, 0xf4, 0x00, 0x00, 0x5f, 0xff, 0xf8, 0x8f, 0xf4, 0x00, 0x00, 0x0e, 0xff,
    0xf8, 0x8f, 0xf4, 0x00, 0x00, 0x09, 0xff, 0xf8, 0x00, 0x00, 0x01, 0x44, 0x10, 0x00, 0x00, 0x00,
    0x06, 0xcf, 0xff, 0xfc, 0x60, 0x00, 0x00, 0x9f, 0xff, 0xff, 0xff, 0xf9, 0x00, 0x08, 0xff, 0xfa,
    0x88, 0xaf, 0xff, 0x80, 0x0e, 0xff, 0x60, 0x00, 0x06, 0xff, 0xe0, 0x4f, 0xfc, 0x00, 0x00, 0x00,
    0xcf, 0xf4, 0x8f, 0xf8, 0x00, 0x00, 0x00, 0x8f, 0xf8, 0x8f, 0xf8, 0x00, 0x00, 0x00, 0x8f, 0xf8,
    0x8f, 0xf8, 0x00, 0x00, 0x00, 0x8f, 0xf8, 0x8f, 0xf8, 0x00, 0x00, 0x00, 0x8f, 0xf8, 0x8f, 0xf8,
    0x00, 0x00, 0x00, 0x8f, 0xf8, 0x8f, 0xf8, 0x00, 0x00, 0x00, 0x8f, 0xf8, 0x8f, 0xf8, 0x00, 0x00,
    0x00, 0x8f, 0xf8, 0x8f, 0xf8, 0x00, 0x00, 0x00, 0x8f, 0xf8, 0x8f, 0xf8, 0x00, 0x00, 0x00, 0x8f,
    0xf8, 0x8f, 0xf8, 0x00, 0x00, 0x00, 0x8f, 0xf8, 0x8f, 0xf8, 0x00, 0x00, 0x00, 0x8f, 0xf8, 0x8f,
    0xf8, 0x00, 0x00, 0x00, 0x8f, 0xf8, 0x4f, 0xfa, 0x00, 0x00, 0x00, 0xaf, 0xf4, 0x1e, 0xff, 0x40,
    0x00, 0x04, 0xff, 0xe1, 0x08, 0xff, 0xf9, 0x66, 0x9f, 0xff, 0x80, 0x01, 0xcf, 0xff, 0xff, 0xff,
    0xfc, 0x10, 0x00, 0x08, 0xef, 0xff, 0xfe, 0x80, 0x00, 0x00, 0x00, 0x03, 0x44, 0x30, 0x00, 0x00,
    0x4f, 0xff, 0xff, 0xff, 0xdb, 0x71, 0x00, 0x04, 0xff, 0xff, 0xff, 0xff, 0xff, 0xe6, 0x00, 0x4f,
    0xfd, 0xbb, 0xbb, 0xbf, 0xff, 0xf5, 0x04, 0xff, 0x80, 0x00, 0x00, 0x2c, 0xff, 0xd0, 0x4f, 0xf8,
    0x00, 0x00, 0x00, 0x1e, 0xff, 0x54, 0xff, 0x80, 0x00, 0x00, 0x00, 0x8f, 0xf8, 0x4f, 0xf8, 0x00,
    0x00, 0x00, 0x08, 0xff, 0x84, 0xff, 0x80, 0x00, 0x00, 0x00, 0x8f, 0xf8, 0x4f, 0xf8, 0x00, 0x00,
    0x00, 0x0d, 0xff, 0x64, 0xff, 0x80, 0x00, 0x00, 0x09, 0xff, 0xe1, 0x4f, 0xfb, 0x88, 0x88, 0x8d,
    0xff, 0xf8, 0x04, 0xff, 0xff, 0xff, 0xff, 0xff, 0xf8, 0x00, 0x4f, 0xff, 0xff, 0xff, 0xff, 0xa4,
    0x00, 0x04, 0xff, 0x94, 0x44, 0x42, 0x00, 0x00, 0x00, 0x4f, 0xf8, 0x00, 0x00, 0x00, 0x00, 0x00,
    0x04, 0xff, 0x80, 0x00, 0x00, 0x00, 0x00, 0x00, 0x4f, 0xf8, 0x00, 0x00, 0x00, 0x00, 0x00, 0x04,
    0xff, 0x80, 0x00, 0x00, 0x00, 0x00, 0x00, 0x4f, 0xf8, 0x00, 0x00, 0x00, 0x00, 0x00, 0x04, 0xff,
    0x80, 0x00, 0x00, 0x00, 0x00, 0x00, 0x4f, 0xf8, 0x00, 0x00, 0x00, 0x00, 0x00, 0x04, 0xff, 0x80,
    0x00, 0x00, 0x00, 0x00, 0x00, 0x00, 0x00, 0x01, 0x44, 0x10, 0x00, 0x00, 0x00, 0x06, 0xdf, 0xff,
    0xfd, 0x60, 0x00, 0x01, 0xbf, 0xff, 0xff, 0xff, 0xfb, 0x10, 0x0a, 0xff, 0xf9, 0x88, 0x9f, 0xff,
    0xa0, 0x3f, 0xff, 0x60, 0x00, 0x06, 0xff, 0xf3, 0x8f, 0xf9, 0x00, 0x00, 0x00, 0x9f, 0xf8, 0xaf,
    0xf5, 0x00, 0x00, 0x00, 0x5f, 0xfa, 0xbf, 0xf4, 0x00, 0x00, 0x00, 0x4f, 0xfb, 0xbf, 0xf4, 0x00,
    0x00, 0x00, 0x4f, 0xfb, 0xbf, 0xf4, 0x00, 0x00, 0x00, 0x4f, 0xfb, 0xbf, 0xf4, 0x00, 0x00, 0x00,
    0x4f, 0xfb, 0xbf, 0xf4, 0x00, 0x00, 0x00, 0x4f, 0xfb, 0xbf, 0xf4, 0x00, 0x00, 0x00, 0x4f, 0xfb,
    0xbf, 0xf4, 0x00, 0x00, 0x00, 0x4f, 0xfb, 0xbf, 0xf4, 0x00, 0x00, 0x00, 0x4f, 0xfb, 0xbf, 0xf4,
    0x00, 0x00, 0x00, 0x4f, 0xfb, 0xbf, 0xf4, 0x00, 0x00, 0x00, 0x4f, 0xfb, 0xaf, 0xf5, 0x00, 0x00,
    0x00, 0x5f, 0xfa, 0x8f, 0xf8, 0x00, 0x00, 0x00, 0x8f, 0xf8, 0x3f, 0xff, 0x30, 0x00, 0x03, 0xff,
    0xf3, 0x0b, 0xff, 0xf9, 0x66, 0x9f, 0xff, 0xb0, 0x01, 0xcf, 0xff, 0xff, 0xff, 0xfc, 0x10, 0x00,
    0x18, 0xef, 0xff, 0xff, 0xa1, 0x00, 0x00, 0x00, 0x03, 0x48, 0xff, 0xd1, 0x00, 0x00, 0x00, 0x00,
    0x00, 0xcf, 0xf8, 0x00, 0x00, 0x00, 0x00, 0x00, 0x3f, 0xff, 0x30, 0x00, 0x00, 0x00, 0x00, 0x08,
    0xff, 0xb0, 0x00, 0x00, 0x00, 0x00, 0x01, 0xef, 0xf6, 0x00, 0x00, 0x00, 0x00, 0x00, 0x48, 0x87,
    0x4f, 0xff, 0xff, 0xff, 0xba, 0x50, 0x00, 0x04, 0xff, 0xff, 0xff, 0xff, 0xff, 0xb1, 0x00, 0x4f,
    0xfd, 0xbb, 0xbb, 0xdf, 0xff, 0xc1, 0x04, 0xff, 0x80, 0x00, 0x00, 0x4e, 0xff, 0x80, 0x4f, 0xf8,
    0x00, 0x00, 0x00, 0x6f, 0xfd, 0x04, 0xff, 0x80, 0x00, 0x00, 0x00, 0xff, 0xf0, 0x4f, 0xf8, 0x00,
    0x00, 0x00, 0x0f, 0xff, 0x44, 0xff, 0x80, 0x00, 0x00, 0x00, 0xff, 0xf0, 0x4f, 0xf8, 0x00, 0x00,
    0x00, 0x7f, 0xfd, 0x04, 0xff, 0x80, 0x00, 0x00, 0x5e, 0xff, 0x80, 0x4f, 0xfd, 0xbb, 0xbb, 0xef,
    0xff, 0xc0, 0x04, 0xff, 0xff, 0xff, 0xff, 0xff, 0xb1, 0x00, 0x4f, 0xfd, 0xbb, 0xbf, 0xff, 0x70,
    0x00, 0x04, 0xff, 0x80, 0x00, 0xaf, 0xf8, 0x00, 0x00, 0x4f, 0xf8, 0x00, 0x04, 0xff, 0xe1, 0x00,
    0x04, 0xff, 0x80, 0x00, 0x0b, 0xff, 0x60, 0x00, 0x4f, 0xf8, 0x00, 0x00, 0x6f, 0xfd, 0x00, 0x04,
    0xff, 0x80, 0x00, 0x00, 0xdf, 0xf6, 0x00, 0x4f, 0xf8, 0x00, 0x00, 0x06, 0xff, 0xc0, 0x04, 0xff,
    0x80, 0x00, 0x00, 0x1e, 0xff, 0x40, 0x4f, 0xf8, 0x00, 0x00, 0x00, 0x8f, 0xfb, 0x04, 0xff, 0x80,
    0x00, 0x00, 0x01, 0xff, 0xf4, 0x00, 0x00, 0x01, 0x44, 0x00, 0x00, 0x00, 0x00, 0x06, 0xdf, 0xff,
    0xfc, 0x50, 0x00, 0x01, 0xbf, 0xff, 0xff, 0xff, 0xf9, 0x00, 0x08, 0xff, 0xf9, 0x88, 0xbf, 0xff,
    0x80, 0x1f, 0xff, 0x30, 0x00, 0x06, 0xff, 0xe0, 0x5f, 0xf9, 0x00, 0x00, 0x00, 0xcf, 0xf4, 0x8f,
    0xf8, 0x00, 0x00, 0x00, 0x6b, 0xb3, 0x7f, 0xf8, 0x00, 0x00, 0x00, 0x00, 0x00, 0x3f, 0xfe, 0x10,
    0x00, 0x00, 0x00, 0x00, 0x0b, 0xff, 0xd6, 0x10, 0x00, 0x00, 0x00, 0x03, 0xef, 0xff, 0xfc, 0x85,
    0x00, 0x00, 0x00, 0x3d, 0xff, 0xff, 0xff, 0xd4, 0x00, 0x00, 0x00, 0x6a, 0xff, 0xff, 0xff, 0x60,
    0x00, 0x00, 0x00, 0x04, 0x8e, 0xff, 0xe2, 0x00, 0x00, 0x00, 0x00, 0x01, 0xcf, 0xf8, 0x00, 0x00,
    0x00, 0x00, 0x00, 0x4f, 0xfc, 0x00, 0x00, 0x00, 0x00, 0x00, 0x0f, 0xff, 0xff, 0xf0, 0x00, 0x00,
    0x00, 0x0f, 0xff, 0xbf, 0xf5, 0x00, 0x00, 0x00, 0x4f, 0xfb, 0x8f, 0xfd, 0x20, 0x00, 0x01, 0xcf,
    0xf8, 0x1e, 0xff, 0xe8, 0x65, 0x8e, 0xff, 0xe1, 0x03, 0xef, 0xff, 0xff, 0xff, 0xfe, 0x30, 0x00,
    0x19, 0xef, 0xff, 0xff, 0x92, 0x00, 0x00, 0x00, 0x03, 0x44, 0x40, 0x00, 0x00, 0x8f, 0xff, 0xff,
    0xff, 0xff, 0xff, 0xff, 0xf8, 0x8f, 0xff, 0xff, 0xff, 0xff, 0xff, 0xff, 0xf8, 0x6b, 0xbb, 0xbb,
    0xdf, 0xfd, 0xbb, 0xbb, 0xb6, 0x00, 0x00, 0x00, 0x8f, 0xf8, 0x00, 0x00, 0x00, 0x00, 0x00, 0x00,
    0x8f, 0xf8, 0x00, 0x00, 0x00, 0x00, 0x00, 0x00, 0x8f, 0xf8, 0x00, 0x00, 0x00, 0x00, 0x00, 0x00,
    0x8f, 0xf8, 0x00, 0x00, 0x00, 0x00, 0x00, 0x00, 0x8f, 0xf8, 0x00, 0x00, 0x00, 0x00, 0x00, 0x00,
    0x8f, 0xf8, 0x00, 0x00, 0x00, 0x00, 0x00, 0x00, 0x8f, 0xf8, 0x00, 0x00, 0x00, 0x00, 0x00, 0x00,
    0x8f, 0xf8, 0x00, 0x00, 0x00, 0x00, 0x00, 0x00, 0x8f, 0xf8, 0x00, 0x00, 0x00, 0x00, 0x00, 0x00,
    0x8f, 0xf8, 0x00, 0x00, 0x00, 0x00, 0x00, 0x00, 0x8f, 0xf8, 0x00, 0x00, 0x00, 0x00, 0x00, 0x00,
    0x8f, 0xf8, 0x00, 0x00, 0x00, 0x00, 0x00, 0x00, 0x8f, 0xf8, 0x00, 0x00, 0x00, 0x00, 0x00, 0x00,
    0x8f, 0xf8, 0x00, 0x00, 0x00, 0x00, 0x00, 0x00, 0x8f, 0xf8, 0x00, 0x00, 0x00, 0x00, 0x00, 0x00,
    0x8f, 0xf8, 0x00, 0x00, 0x00, 0x00, 0x00, 0x00, 0x8f, 0xf8, 0x00, 0x00, 0x00, 0x00, 0x00, 0x00,
    0x8f, 0xf8, 0x00, 0x00, 0x00, 0x00, 0x00, 0x00, 0x8f, 0xf8, 0x00, 0x00, 0x00, 0x8f, 0xf8, 0x00,
    0x00, 0x00, 0x8f, 0xf8, 0x8f, 0xf8, 0x00, 0x00, 0x00, 0x8f, 0xf8, 0x8f, 0xf8, 0x00, 0x00, 0x00,
    0x8f, 0xf8, 0x8f, 0xf8, 0x00, 0x00, 0x00, 0x8f, 0xf8, 0x8f, 0xf8, 0x00, 0x00, 0x00, 0x8f, 0xf8,
    0x8f, 0xf8, 0x00, 0x00, 0x00, 0x8f, 0xf8, 0x8f, 0xf8, 0x00, 0x00, 0x00, 0x8f, 0xf8, 0x8f, 0xf8,
    0x00, 0x00, 0x00, 0x8f, 0xf8, 0x8f, 0xf8, 0x00, 0x00, 0x00, 0x8f, 0xf8, 0x8f, 0xf8, 0x00, 0x00,
    0x00, 0x8f, 0xf8, 0x8f, 0xf8, 0x00, 0x00, 0x00, 0x8f, 0xf8, 0x8f, 0xf8, 0x00, 0x00, 0x00, 0x8f,
    0xf8, 0x8f, 0xf8, 0x00, 0x00, 0x00, 0x8f, 0xf8, 0x8f, 0xf8, 0x00, 0x00, 0x00, 0x8f, 0xf8, 0x8f,
    0xf8, 0x00, 0x00, 0x00, 0x8f, 0xf8, 0x8f, 0xf8, 0x00, 0x00, 0x00, 0x8f, 0xf8, 0x7f, 0xf8, 0x00,
    0x00, 0x00, 0x8f, 0xf8, 0x4f, 0xfc, 0x00, 0x00, 0x00, 0xcf, 0xf4, 0x1f, 0xff, 0x40, 0x00, 0x04,
    0xff, 0xf1, 0x08, 0xff, 0xf9, 0x66, 0x9f, 0xff, 0x90, 0x01, 0xcf, 0xff, 0xff, 0xff, 0xfc, 0x10,
    0x00, 0x18, 0xef, 0xff, 0xfe, 0x81, 0x00, 0x00, 0x00, 0x03, 0x44, 0x30, 0x00, 0x00, 0x8f, 0xf8,
    0x00, 0x00, 0x00, 0x00, 0x8f, 0xf8, 0x4f, 0xfc, 0x00, 0x00, 0x00, 0x00, 0xbf, 0xf4, 0x0f, 0xff,
    0x00, 0x00, 0x00, 0x00, 0xff, 0xf0, 0x0b, 0xff, 0x40, 0x00, 0x00, 0x04, 0xff, 0xb0, 0x08, 0xff,
    0x80, 0x00, 0x00, 0x08, 0xff, 0x80, 0x04, 0xff, 0xb0, 0x00, 0x00, 0x0b, 0xff, 0x40, 0x00, 0xff,
    0xf0, 0x00, 0x00, 0x0f, 0xff, 0x00, 0x00, 0xbf, 0xf4, 0x00, 0x00, 0x3f, 0xfa, 0x00, 0x00, 0x7f,
    0xf8, 0x00, 0x00, 0x7f, 0xf7, 0x00, 0x00, 0x3f, 0xfb, 0x00, 0x00, 0xaf, 0xf3, 0x00, 0x00, 0x0e,
    0xff, 0x00, 0x00, 0xef, 0xe0, 0x00, 0x00, 0x0a, 0xff, 0x40, 0x03, 0xff, 0xa0, 0x00, 0x00, 0x07,
    0xff, 0x80, 0x06, 0xff, 0x70, 0x00, 0x00, 0x03, 0xff, 0xb0, 0x09, 0xff, 0x30, 0x00, 0x00, 0x00,
    0xef, 0xf0, 0x0d, 0xfe, 0x00, 0x00, 0x00, 0x00, 0xaf, 0xf4, 0x2f, 0xf9, 0x00, 0x00, 0x00, 0x00,
    0x7f, 0xf8, 0x5f, 0xf6, 0x00, 0x00, 0x00, 0x00, 0x3f, 0xfa, 0x8f, 0xf2, 0x00, 0x00, 0x00, 0x00,
    0x0d, 0xfd, 0xbf, 0xd0, 0x00, 0x00, 0x00, 0x00, 0x09, 0xff, 0xef, 0x90, 0x00, 0x00, 0x00, 0x00,
    0x06, 0xff, 0xff, 0x60, 0x00, 0x00, 0x00, 0x00, 0x02, 0xff, 0xff, 0x20, 0x00, 0x00, 0x6f, 0xf4,
    0x00, 0x08, 0xff, 0x80, 0x00, 0x3f, 0xf7, 0x4f, 0xf5, 0x00, 0x08, 0xff, 0xb0, 0x00, 0x4f, 0xf4,
    0x3f, 0xf8, 0x00, 0x0b, 0xff, 0xc0, 0x00, 0x6f, 0xf4, 0x0f, 0xf8, 0x00, 0x0c, 0xfc, 0xf0, 0x00,
    0x8f, 0xf0, 0x0f, 0xfa, 0x00, 0x0f, 0xcb, 0xf1, 0x00, 0x8f, 0xf0, 0x0b, 0xfb, 0x00, 0x2f, 0xbb,
    0xf4, 0x00, 0xbf, 0xb0, 0x0b, 0xfc, 0x00, 0x4f, 0x98, 0xf5, 0x00, 0xbf, 0xb0, 0x08, 0xff, 0x00,
    0x6f, 0x88, 0xf8, 0x00, 0xdf, 0x80, 0x08, 0xff, 0x00, 0x8f, 0x64, 0xf8, 0x00, 0xff, 0x80, 0x05,
    0xff, 0x40, 0xaf, 0x44, 0xfb, 0x01, 0xff, 0x50, 0x04, 0xff, 0x40, 0xbf, 0x21, 0xfc, 0x04, 0xff,
    0x40, 0x02, 0xff, 0x60, 0xef, 0x00, 0xff, 0x04, 0xff, 0x10, 0x00, 0xff, 0x80, 0xfd, 0x00, 0xcf,
    0x07, 0xff, 0x00, 0x00, 0xdf, 0x83, 0xfb, 0x00, 0xbf, 0x48, 0xfd, 0x00, 0x00, 0xbf, 0xb4, 0xf9,
    0x00, 0x9f, 0x48, 0xfb, 0x00, 0x00, 0xaf, 0xb8, 0xf8, 0x00, 0x8f, 0x8b, 0xf9, 0x00, 0x00, 0x8f,
    0xd8, 0xf6, 0x00, 0x7f, 0x8b, 0xf8, 0x00, 0x00, 0x8f, 0xfb, 0xf4, 0x00, 0x4f, 0xae, 0xf6, 0x00,
    0x00, 0x4f, 0xfb, 0xf1, 0x00, 0x3f, 0xbf, 0xf4, 0x00, 0x00, 0x4f, 0xfd, 0xf0, 0x00, 0x0f, 0xdf,
    0xf3, 0x00, 0x00, 0x1f, 0xff, 0xc0, 0x00, 0x0f, 0xff, 0xf0, 0x00, 0x00, 0x0f, 0xff, 0xb0, 0x00,
    0x0b, 0xff, 0xe0, 0x00, 0x6f, 0xfe, 0x10, 0x00, 0x00, 0x00, 0xdf, 0xf6, 0x0b, 0xff, 0x80, 0x00,
    0x00, 0x08, 0xff, 0xb0, 0x04, 0xff, 0xf2, 0x00, 0x00, 0x1e, 0xff, 0x40, 0x00, 0xbf, 0xf9, 0x00,
    0x00, 0x8f, 0xfa, 0x00, 0x00, 0x2f, 0xff, 0x20, 0x01, 0xef, 0xf2, 0x00, 0x00, 0x09, 0xff, 0x90,
    0x08, 0xff, 0x80, 0x00, 0x00, 0x01, 0xef, 0xf2, 0x1e, 0xfe, 0x10, 0x00, 0x00, 0x00, 0x8f, 0xf9,
    0x8f, 0xf7, 0x00, 0x00, 0x00, 0x00, 0x1e, 0xff, 0xef, 0xd0, 0x00, 0x00, 0x00, 0x00, 0x06, 0xff,
    0xff, 0x50, 0x00, 0x00, 0x00, 0x00, 0x00, 0xdf, 0xfc, 0x00, 0x00, 0x00, 0x00, 0x00, 0x01, 0xef,
    0xfe, 0x20, 0x00, 0x00, 0x00, 0x00, 0x08, 0xff, 0xff, 0x90, 0x00, 0x00, 0x00, 0x00, 0x2f, 0xfd,
    0xdf, 0xf3, 0x00, 0x00, 0x00, 0x00, 0xaf, 0xf6, 0x7f, 0xfb, 0x00, 0x00, 0x00, 0x04, 0xff, 0xd0,
    0x1e, 0xff, 0x40, 0x00, 0x00, 0x0c, 0xff, 0x50, 0x06, 0xff, 0xd0, 0x00, 0x00, 0x6f, 0xfb, 0x00,
    0x00, 0xdf, 0xf6, 0x00, 0x01, 0xdf, 0xf4, 0x00, 0x00, 0x6f, 0xfe, 0x10, 0x08, 0xff, 0xb0, 0x00,
    0x00, 0x0c, 0xff, 0x80, 0x1e, 0xff, 0x30, 0x00, 0x00, 0x04, 0xff, 0xe2, 0x9f, 0xf9, 0x00, 0x00,
    0x00, 0x00, 0xbf, 0xf9, 0x0d, 0xff, 0x40, 0x00, 0x00, 0x00, 0x04, 0xff, 0xd0, 0x06, 0xff, 0xb0,
    0x00, 0x00, 0x00, 0x09, 0xff, 0x60, 0x00, 0xdf, 0xf4, 0x00, 0x00, 0x00, 0x2f, 0xfd, 0x00, 0x00,
    0x6f, 0xfb, 0x00, 0x00, 0x00, 0x9f, 0xf6, 0x00, 0x00, 0x0e, 0xff, 0x20, 0x00, 0x02, 0xff, 0xe1,
    0x00, 0x00, 0x08, 0xff, 0x90, 0x00, 0x08, 0xff, 0x80, 0x00, 0x00, 0x01, 0xef, 0xf2, 0x00, 0x1e,
    0xfe, 0x10, 0x00, 0x00, 0x00, 0x8f, 0xf9, 0x00, 0x8f, 0xf8, 0x00, 0x00, 0x00, 0x00, 0x1e, 0xfe,
    0x10, 0xdf, 0xe1, 0x00, 0x00, 0x00, 0x00, 0x08, 0xff, 0x86, 0xff, 0x90, 0x00, 0x00, 0x00, 0x00,
    0x02, 0xff, 0xdc, 0xff, 0x20, 0x00, 0x00, 0x00, 0x00, 0x00, 0x9f, 0xff, 0xf9, 0x00, 0x00, 0x00,
    0x00, 0x00, 0x00, 0x2f, 0xff, 0xf2, 0x00, 0x00, 0x00, 0x00, 0x00, 0x00, 0x09, 0xff, 0x90, 0x00,
    0x00, 0x00, 0x00, 0x00, 0x00, 0x08, 0xff, 0x80, 0x00, 0x00, 0x00, 0x00, 0x00, 0x00, 0x08, 0xff,
    0x80, 0x00, 0x00, 0x00, 0x00, 0x00, 0x00, 0x08, 0xff, 0x80, 0x00, 0x00, 0x00, 0x00, 0x00, 0x00,
    0x08, 0xff, 0x80, 0x00, 0x00, 0x00, 0x00, 0x00, 0x00, 0x08, 0xff, 0x80, 0x00, 0x00, 0x00, 0x00,
    0x00, 0x00, 0x08, 0xff, 0x80, 0x00, 0x00, 0x00, 0x00, 0x00, 0x00, 0x08, 0xff, 0x80, 0x00, 0x00,
    0x00, 0x00, 0x00, 0x00, 0x08, 0xff, 0x80, 0x00, 0x00, 0x00, 0x4f, 0xff, 0xff, 0xff, 0xff, 0xff,
    0xf4, 0x4f, 0xff, 0xff, 0xff, 0xff, 0xff, 0xf4, 0x3b, 0xbb, 0xbb, 0xbb, 0xbb, 0xff, 0xf4, 0x00,
    0x00, 0x00, 0x00, 0x05, 0xff, 0xd0, 0x00, 0x00, 0x00, 0x00, 0x1d, 0xff, 0x50, 0x00, 0x00, 0x00,
    0x00, 0x8f, 0xfb, 0x00, 0x00, 0x00, 0x00, 0x02, 0xef, 0xf2, 0x00, 0x00, 0x00, 0x00, 0x0a, 0xff,
    0x80, 0x00, 0x00, 0x00, 0x00, 0x4f, 0xfd, 0x10, 0x00, 0x00, 0x00, 0x00, 0xdf, 0xf6, 0x00, 0x00,
    0x00, 0x00, 0x07, 0xff, 0xb0, 0x00, 0x00, 0x00, 0x00, 0x1e, 0xff, 0x30, 0x00, 0x00, 0x00, 0x00,
    0x9f, 0xf8, 0x00, 0x00, 0x00, 0x00, 0x03, 0xff, 0xe1, 0x00, 0x00, 0x00, 0x00, 0x0b, 0xff, 0x70,
    0x00, 0x00, 0x00, 0x00, 0x6f, 0xfc, 0x00, 0x00, 0x00, 0x00, 0x01, 0xef, 0xf4, 0x00, 0x00, 0x00,
    0x00, 0x08, 0xff, 0x90, 0x00, 0x00, 0x00, 0x00, 0x2f, 0xfe, 0x20, 0x00, 0x00, 0x00, 0x00, 0x8f,
    0xfe, 0xbb, 0xbb, 0xbb, 0xbb, 0xb6, 0x8f, 0xff, 0xff, 0xff, 0xff, 0xff, 0xf8, 0x8f, 0xff, 0xff,
    0xff, 0xff, 0xff, 0xf8, 0xff, 0xff, 0xff, 0xf8, 0xff, 0xff, 0xff, 0xf8, 0xff, 0xfb, 0xbb, 0xb6,
    0xff, 0xf0, 0x00, 0x00, 0xff, 0xf0, 0x00, 0x00, 0xff, 0xf0, 0x00, 0x00, 0xff, 0xf0, 0x00, 0x00,
    0xff, 0xf0, 0x00, 0x00, 0xff, 0xf0, 0x00, 0x00, 0xff, 0xf0, 0x00, 0x00, 0xff, 0xf0, 0x00, 0x00,
    0xff, 0xf0, 0x00, 0x00, 0xff, 0xf0, 0x00, 0x00, 0xff, 0xf0, 0x00, 0x00, 0xff, 0xf0, 0x00, 0x00,
    0xff, 0xf0, 0x00, 0x00, 0xff, 0xf0, 0x00, 0x00, 0xff, 0xf0, 0x00, 0x00, 0xff, 0xf0, 0x00, 0x00,
    0xff, 0xf0, 0x00, 0x00, 0xff, 0xf0, 0x00, 0x00, 0xff, 0xf0, 0x00, 0x00, 0xff, 0xf0, 0x00, 0x00,
    0xff, 0xf0, 0x00, 0x00, 0xff, 0xf0, 0x00, 0x00, 0xff, 0xf4, 0x44, 0x42, 0xff, 0xff, 0xff, 0xf8,
    0xff, 0xff, 0xff, 0xf8, 0x44, 0x44, 0x44, 0x42, 0xaf, 0xf6, 0x00, 0x00, 0x00, 0x00, 0x00, 0x6f,
    0xfc, 0x00, 0x00, 0x00, 0x00, 0x00, 0x0e, 0xff, 0x20, 0x00, 0x00, 0x00, 0x00, 0x09, 0xff, 0x80,
    0x00, 0x00, 0x00, 0x00, 0x03, 0xff, 0xd0, 0x00, 0x00, 0x00, 0x00, 0x00, 0xdf, 0xf5, 0x00, 0x00,
    0x00, 0x00, 0x00, 0x7f, 0xf9, 0x00, 0x00, 0x00, 0x00, 0x00, 0x2f, 0xff, 0x10, 0x00, 0x00, 0x00,
    0x00, 0x0a, 0xff, 0x60, 0x00, 0x00, 0x00, 0x00, 0x06, 0xff, 0xc0, 0x00, 0x00, 0x00, 0x00, 0x00,
    0xef, 0xf2, 0x00, 0x00, 0x00, 0x00, 0x00, 0x8f, 0xf8, 0x00, 0x00, 0x00, 0x00, 0x00, 0x3f, 0xfd,
    0x00, 0x00, 0x00, 0x00, 0x00, 0x0c, 0xff, 0x50, 0x00, 0x00, 0x00, 0x00, 0x07, 0xff, 0xa0, 0x00,
    0x00, 0x00, 0x00, 0x01, 0xff, 0xf1, 0x00, 0x00, 0x00, 0x00, 0x00, 0xaf, 0xf7, 0x00, 0x00, 0x00,
    0x00, 0x00, 0x5f, 0xfc, 0x00, 0x00, 0x00, 0x00, 0x00, 0x0e, 0xff, 0x30, 0x00, 0x00, 0x00, 0x00,
    0x08, 0xff, 0x80, 0x00, 0x00, 0x00, 0x00, 0x03, 0xff, 0xe0, 0x00, 0x00, 0x00, 0x00, 0x00, 0xcf,
    0xf5, 0x00, 0x00, 0x00, 0x00, 0x00, 0x7f, 0xfa, 0x00, 0x00, 0x00, 0x00, 0x00, 0x1f, 0xff, 0x10,
    0x00, 0x00, 0x00, 0x00, 0x0a, 0xff, 0x70, 0x00, 0x00, 0x00, 0x00, 0x05, 0xff, 0xc0, 0x00, 0x00,
    0x00, 0x00, 0x00, 0xef, 0xf3, 0x00, 0x00, 0x00, 0x00, 0x00, 0x8f, 0xf8, 0x00, 0x00, 0x00, 0x00,
    0x00, 0x14, 0x43, 0x8f, 0xff, 0xff, 0xff, 0x8f, 0xff, 0xff, 0xff, 0x6b, 0xbb, 0xbf, 0xff, 0x00,
    0x00, 0x0f, 0xff, 0x00, 0x00, 0x0f, 0xff, 0x00, 0x00, 0x0f, 0xff, 0x00, 0x00, 0x0f, 0xff, 0x00,
    0x00, 0x0f, 0xff, 0x00, 0x00, 0x0f, 0xff, 0x00, 0x00, 0x0f, 0xff, 0x00, 0x00, 0x0f, 0xff, 0x00,
    0x00, 0x0f, 0xff, 0x00, 0x00, 0x0f, 0xff, 0x00, 0x00, 0x0f, 0xff, 0x00, 0x00, 0x0f, 0xff, 0x00,
    0x00, 0x0f, 0xff, 0x00, 0x00, 0x0f, 0xff, 0x00, 0x00, 0x0f, 0xff, 0x00, 0x00, 0x0f, 0xff, 0x00,
    0x00, 0x0f, 0xff, 0x00, 0x00, 0x0f, 0xff, 0x00, 0x00, 0x0f, 0xff, 0x00, 0x00, 0x0f, 0xff, 0x00,
    0x00, 0x0f, 0xff, 0x00, 0x00, 0x0f, 0xff, 0x24, 0x44, 0x4f, 0xff, 0x8f, 0xff, 0xff, 0xff, 0x8f,
    0xff, 0xff, 0xff, 0x24, 0x44, 0x44, 0x44, 0x00, 0x00, 0x08, 0xff, 0x90, 0x00, 0x00, 0x00, 0x00,
    0x1e, 0xff, 0xf1, 0x00, 0x00, 0x00, 0x00, 0x8f, 0xed, 0xf8, 0x00, 0x00, 0x00, 0x00, 0xdf, 0x98,
    0xfe, 0x10, 0x00, 0x00, 0x06, 0xff, 0x32, 0xff, 0x60, 0x00, 0x00, 0x0d, 0xfb, 0x00, 0xaf, 0xd0,
    0x00, 0x00, 0x4f, 0xf6, 0x00, 0x4f, 0xf5, 0x00, 0x00, 0xbf, 0xd0, 0x00, 0x0d, 0xfb, 0x00, 0x03,
    0xff, 0x70, 0x00, 0x06, 0xff, 0x40, 0x09, 0xfe, 0x10, 0x00, 0x01, 0xef, 0x90, 0x2f, 0xf9, 0x00,
    0x00, 0x00, 0x8f, 0xf2, 0x6b, 0xb2, 0x00, 0x00, 0x00, 0x2b, 0xb6, 0x14, 0x44, 0x44, 0x44, 0x44,
    0x44, 0x44, 0x41, 0x4f, 0xff, 0xff, 0xff, 0xff, 0xff, 0xff, 0xf4, 0x4f, 0xff, 0xff, 0xff, 0xff,
    0xff, 0xff, 0xf4, 0x14, 0x44, 0x44, 0x44, 0x44, 0x44, 0x44, 0x41, 0x18, 0x88, 0x20, 0x00, 0x06,
    0xff, 0xc0, 0x00, 0x00, 0x9f, 0xf9, 0x00, 0x00, 0x0b, 0xff, 0x60, 0x00, 0x01, 0xab, 0xa1, 0x00,
    0x00, 0x27, 0xab, 0xbb, 0x82, 0x00, 0x00, 0x00, 0x7f, 0xff, 0xff, 0xff, 0xf8, 0x00, 0x00, 0x7f,
    0xff, 0xdb, 0xbe, 0xff, 0xf8, 0x00, 0x1e, 0xff, 0x70, 0x00, 0x07, 0xff, 0xe0, 0x03, 0xbb, 0x80,
    0x00, 0x00, 0x0c, 0xff, 0x40, 0x00, 0x00, 0x00, 0x00, 0x00, 0x9f, 0xf4, 0x00, 0x00, 0x00, 0x00,
    0x00, 0x08, 0xff, 0x40, 0x00, 0x4a, 0xef, 0xff, 0xff, 0xff, 0xf4, 0x00, 0x9f, 0xff, 0xff, 0xff,
    0xff, 0xff, 0x40, 0x6f, 0xfe, 0x84, 0x44, 0x44, 0x9f, 0xf4, 0x0c, 0xff, 0x60, 0x00, 0x00, 0x08,
    0xff, 0x40, 0xff, 0xf0, 0x00, 0x00, 0x00, 0x8f, 0xf4, 0x0f, 0xff, 0x00, 0x00, 0x00, 0x0c, 0xff,
    0x40, 0xdf, 0xf7, 0x00, 0x00, 0x06, 0xff, 0xf4, 0x08, 0xff, 0xf8, 0x44, 0x59, 0xfb, 0xff, 0x40,
    0x1c, 0xff, 0xff, 0xff, 0xfc, 0x8f, 0xf4, 0x00, 0x19, 0xff, 0xff, 0xf9, 0x18, 0xff, 0x40, 0x00,
    0x01, 0x44, 0x41, 0x00, 0x00, 0x00, 0x4f, 0xf8, 0x00, 0x00, 0x00, 0x00, 0x00, 0x4f, 0xf8, 0x00,
    0x00, 0x00, 0x00, 0x00, 0x4f, 0xf8, 0x00, 0x00, 0x00, 0x00, 0x00, 0x4f, 0xf8, 0x00, 0x00, 0x00,
    0x00, 0x00, 0x4f, 0xf8, 0x00, 0x00, 0x00, 0x00, 0x00, 0x4f, 0xf8, 0x02, 0x8b, 0xb9, 0x40, 0x00,
    0x4f, 0xf8, 0x6f, 0xff, 0xff, 0xf9, 0x00, 0x4f, 0xf9, 0xef, 0xcb, 0xff, 0xff, 0x80, 0x4f, 0xfe,
    0xc2, 0x00, 0x19, 0xff, 0xe1, 0x4f, 0xff, 0x10, 0x00, 0x00, 0xcf, 0xf5, 0x4f, 0xfb, 0x00, 0x00,
    0x00, 0x8f, 0xf8, 0x4f, 0xf8, 0x00, 0x00, 0x00, 0x8f, 0xf8, 0x4f, 0xf8, 0x00, 0x00, 0x00, 0x8f,
    0xf8, 0x4f, 0xf8, 0x00, 0x00, 0x00, 0x8f, 0xf8, 0x4f, 0xf8, 0x00, 0x00, 0x00, 0x8f, 0xf8, 0x4f,
    0xf8, 0x00, 0x00, 0x00, 0x8f, 0xf8, 0x4f, 0xf9, 0x00, 0x00, 0x00, 0x8f, 0xf8, 0x4f, 0xfd, 0x00,
    0x00, 0x00, 0x9f, 0xf7, 0x4f, 0xff, 0x60, 0x00, 0x03, 0xef, 0xf3, 0x4f, 0xfa, 0xf9, 0x54, 0x8e,
    0xff, 0xb0, 0x4f, 0xf8, 0xbf, 0xff, 0xff, 0xfe, 0x30, 0x4f, 0xf8, 0x19, 0xff, 0xff, 0xb3, 0x00,
    0x00, 0x00, 0x00, 0x14, 0x42, 0x00, 0x00, 0x00, 0x00, 0x69, 0xbb, 0xb8, 0x20, 0x00, 0x00, 0x3d,
    0xff, 0xff, 0xff, 0xf8, 0x00, 0x03, 0xef, 0xff, 0xdb, 0xff, 0xff, 0x90, 0x0b, 0xff, 0xc2, 0x00,
    0x07, 0xff, 0xf4, 0x3f, 0xfe, 0x10, 0x00, 0x00, 0x8f, 0xf9, 0x6f, 0xf9, 0x00, 0x00, 0x00, 0x4f,
    0xfb, 0x8f, 0xf8, 0x00, 0x00, 0x00, 0x00, 0x00, 0x8f, 0xf8, 0x00, 0x00, 0x00, 0x00, 0x00, 0x8f,
    0xf8, 0x00, 0x00, 0x00, 0x00, 0x00, 0x8f, 0xf8, 0x00, 0x00, 0x00, 0x00, 0x00, 0x8f, 0xf8, 0x00,
    0x00, 0x00, 0x00, 0x00, 0x8f, 0xf8, 0x00, 0x00, 0x00, 0x28, 0x86, 0x4f, 0xfc, 0x00, 0x00, 0x00,
    0x5f, 0xfb, 0x1e, 0xff, 0x60, 0x00, 0x01, 0xcf, 0xf7, 0x08, 0xff, 0xf9, 0x75, 0x8d, 0xff, 0xe1,
    0x00, 0x9f, 0xff, 0xff, 0xff, 0xfe, 0x30, 0x00, 0x06, 0xdf, 0xff, 0xff, 0x92, 0x00, 0x00, 0x00,
    0x02, 0x44, 0x40, 0x00, 0x00, 0x00, 0x00, 0x00, 0x00, 0x00, 0x8f, 0xf4, 0x00, 0x00, 0x00, 0x00,
    0x00, 0x8f, 0xf4, 0x00, 0x00, 0x00, 0x00, 0x00, 0x8f, 0xf4, 0x00, 0x00, 0x00, 0x00, 0x00, 0x8f,
    0xf4, 0x00, 0x00, 0x00, 0x00, 0x00, 0x8f, 0xf4, 0x00, 0x04, 0x9b, 0xb9, 0x20, 0x8f, 0xf4, 0x00,
    0x9f, 0xff, 0xff, 0xf6, 0x8f, 0xf4, 0x08, 0xff, 0xff, 0xbc, 0xfe, 0x9f, 0xf4, 0x1e, 0xff, 0x91,
    0x00, 0x2c, 0xef, 0xf4, 0x5f, 0xfc, 0x00, 0x00, 0x01, 0xff, 0xf4, 0x8f, 0xf8, 0x00, 0x00, 0x00,
    0xbf, 0xf4, 0x8f, 0xf8, 0x00, 0x00, 0x00, 0x8f, 0xf4, 0x8f, 0xf8, 0x00, 0x00, 0x00, 0x8f, 0xf4,
    0x8f, 0xf8, 0x00, 0x00, 0x00, 0x8f, 0xf4, 0x8f, 0xf8, 0x00, 0x00, 0x00, 0x8f, 0xf4, 0x8f, 0xf8,
    0x00, 0x00, 0x00, 0x8f, 0xf4, 0x8f, 0xf8, 0x00, 0x00, 0x00, 0x9f, 0xf4, 0x7f, 0xf9, 0x00, 0x00,
    0x00, 0xdf, 0xf4, 0x3f, 0xfe, 0x30, 0x00, 0x06, 0xff, 0xf4, 0x0b, 0xff, 0xe8, 0x45, 0x9f, 0xaf,
    0xf4, 0x03, 0xef, 0xff, 0xff, 0xfb, 0x8f, 0xf4, 0x00, 0x3b, 0xff, 0xff, 0x91, 0x8f, 0xf4, 0x00,
    0x00, 0x24, 0x41, 0x00, 0x00, 0x00, 0x00, 0x01, 0x7a, 0xbb, 0xa6, 0x10, 0x00, 0x00, 0x5e, 0xff,
    0xff, 0xff, 0xe5, 0x00, 0x04, 0xff, 0xfd, 0x99, 0xdf, 0xff, 0x50, 0x0d, 0xff, 0x70, 0x00, 0x07,
    0xff, 0xd0, 0x5f, 0xfb, 0x00, 0x00, 0x00, 0xbf, 0xf5, 0x8f, 0xf6, 0x00, 0x00, 0x00, 0x6f, 0xf8,
    0x8f, 0xf4, 0x00, 0x00, 0x00, 0x4f, 0xf8, 0x8f, 0xfc, 0xbb, 0xbb, 0xbb, 0xcf, 0xf8, 0x8f, 0xff,
    0xff, 0xff, 0xff, 0xff, 0xf8, 0x8f, 0xf9, 0x88, 0x88, 0x88, 0x88, 0x84, 0x8f, 0xf4, 0x00, 0x00,
    0x00, 0x00, 0x00, 0x8f, 0xf5, 0x00, 0x00, 0x00, 0x00, 0x00, 0x7f, 0xf8, 0x00, 0x00, 0x00, 0x24,
    0x42, 0x2f, 0xfe, 0x30, 0x00, 0x01, 0xdf, 0xf5, 0x08, 0xff, 0xe8, 0x44, 0x6d, 0xff, 0xc0, 0x01,
    0xcf, 0xff, 0xff, 0xff, 0xfe, 0x30, 0x00, 0x08, 0xef, 0xff, 0xfe, 0x91, 0x00, 0x00, 0x00, 0x03,
    0x44, 0x30, 0x00, 0x00, 0x00, 0x00, 0x00, 0x05, 0xad, 0xff, 0xff, 0xf0, 0x00, 0x00, 0x09, 0xff,
    0xff, 0xff, 0xff, 0x00, 0x00, 0x04, 0xff, 0xfc, 0xbb, 0xbb, 0xb0, 0x00, 0x00, 0x8f, 0xf8, 0x00,
    0x00, 0x00, 0x00, 0x00, 0x0b, 0xff, 0x40, 0x00, 0x00, 0x00, 0x00, 0x00, 0xbf, 0xf4, 0x00, 0x00,
    0x00, 0x00, 0x00, 0x0b, 0xff, 0x40, 0x00, 0x00, 0x02, 0x44, 0x44, 0xcf, 0xf7, 0x44, 0x44, 0x44,
    0x8f, 0xff, 0xff, 0xff, 0xff, 0xff, 0xff, 0xf8, 0xff, 0xff, 0xff, 0xff, 0xff, 0xff, 0xff, 0x48,
    0x88, 0x8d, 0xff, 0x98, 0x88, 0x88, 0x80, 0x00, 0x00, 0xbf, 0xf4, 0x00, 0x00, 0x00, 0x00, 0x00,
    0x0b, 0xff, 0x40, 0x00, 0x00, 0x00, 0x00, 0x00, 0xbf, 0xf4, 0x00, 0x00, 0x00, 0x00, 0x00, 0x0b,
    0xff, 0x40, 0x00, 0x00, 0x00, 0x00, 0x00, 0xbf, 0xf4, 0x00, 0x00, 0x00, 0x00, 0x00, 0x0b, 0xff,
    0x40, 0x00, 0x00, 0x00, 0x00, 0x00, 0xbf, 0xf4, 0x00, 0x00, 0x00, 0x00, 0x00, 0x0b, 0xff, 0x40,
    0x00, 0x00, 0x00, 0x00, 0x00, 0xbf, 0xf4, 0x00, 0x00, 0x00, 0x00, 0x00, 0x0b, 0xff, 0x40, 0x00,
    0x00, 0x00, 0x00, 0x00, 0xbf, 0xf4, 0x00, 0x00, 0x00, 0x00, 0x04, 0x9b, 0xb9, 0x40, 0x48, 0x82,
    0x00, 0x9f, 0xff, 0xff, 0xf6, 0x8f, 0xf4, 0x08, 0xff, 0xff, 0xbc, 0xff, 0x9f, 0xf4, 0x1e, 0xff,
    0x91, 0x00, 0x2c, 0xef, 0xf4, 0x4f, 0xfd, 0x00, 0x00, 0x01, 0xef, 0xf4, 0x8f, 0xf8, 0x00, 0x00,
    0x00, 0xbf, 0xf4, 0x8f, 0xf8, 0x00, 0x00, 0x00, 0x8f, 0xf4, 0x8f, 0xf8, 0x00, 0x00, 0x00, 0x8f,
    0xf4, 0x8f, 0xf8, 0x00, 0x00, 0x00, 0x8f, 0xf4, 0x8f, 0xf8, 0x00, 0x00, 0x00, 0x8f, 0xf4, 0x8f,
    0xf8, 0x00, 0x00, 0x00, 0xbf, 0xf4, 0x5f, 0xfc, 0x00, 0x00, 0x01, 0xef, 0xf4, 0x1f, 0xff, 0x70,
    0x00, 0x09, 0xef, 0xf4, 0x08, 0xff, 0xfd, 0x99, 0xdf, 0x9f, 0xf4, 0x00, 0xbf, 0xff, 0xff, 0xf8,
    0x8f, 0xf4, 0x00, 0x06, 0xac, 0xda, 0x50, 0x8f, 0xf4, 0x00, 0x00, 0x00, 0x00, 0x00, 0x8f, 0xf4,
    0x00, 0x00, 0x00, 0x00, 0x00, 0xaf, 0xf4, 0x00, 0x00, 0x00, 0x00, 0x01, 0xef, 0xf2, 0x00, 0x14,
    0x44, 0x44, 0x6d, 0xff, 0xb0, 0x00, 0x4f, 0xff, 0xff, 0xff, 0xfe, 0x30, 0x00, 0x4f, 0xff, 0xff,
    0xff, 0xb3, 0x00, 0x00, 0x28, 0x88, 0x88, 0x42, 0x00, 0x00, 0x4f, 0xf8, 0x00, 0x00, 0x00, 0x00,
    0x00, 0x4f, 0xf8, 0x00, 0x00, 0x00, 0x00, 0x00, 0x4f, 0xf8, 0x00, 0x00, 0x00, 0x00, 0x00, 0x4f,
    0xf8, 0x00, 0x00, 0x00, 0x00, 0x00, 0x4f, 0xf8, 0x00, 0x00, 0x00, 0x00, 0x00, 0x4f, 0xf8, 0x04,
    0x9b, 0xb9, 0x40, 0x00, 0x4f, 0xf8, 0x6f, 0xff, 0xff, 0xf9, 0x00, 0x4f, 0xf9, 0xff, 0xbb, 0xef,
    0xff, 0x80, 0x4f, 0xfd, 0xc1, 0x00, 0x19, 0xff, 0xe1, 0x4f, 0xfe, 0x10, 0x00, 0x00, 0xdf, 0xf4,
    0x4f, 0xfb, 0x00, 0x00, 0x00, 0x9f, 0xf8, 0x4f, 0xf8, 0x00, 0x00, 0x00, 0x8f, 0xf8, 0x4f, 0xf8,
    0x00, 0x00, 0x00, 0x8f, 0xf8, 0x4f, 0xf8, 0x00, 0x00, 0x00, 0x8f, 0xf8, 0x4f, 0xf8, 0x00, 0x00,
    0x00, 0x8f, 0xf8, 0x4f, 0xf8, 0x00, 0x00, 0x00, 0x8f, 0xf8, 0x4f, 0xf8, 0x00, 0x00, 0x00, 0x8f,
    0xf8, 0x4f, 0xf8, 0x00, 0x00, 0x00, 0x8f, 0xf8, 0x4f, 0xf8, 0x00, 0x00, 0x00, 0x8f, 0xf8, 0x4f,
    0xf8, 0x00, 0x00, 0x00, 0x8f, 0xf8, 0x4f, 0xf8, 0x00, 0x00, 0x00, 0x8f, 0xf8, 0x4f, 0xf8, 0x00,
    0x00, 0x00, 0x8f, 0xf8, 0x00, 0x00, 0x00, 0x34, 0x30, 0x00, 0x00, 0x00, 0x00, 0x00, 0x5f, 0xff,
    0x50, 0x00, 0x00, 0x00, 0x00, 0x0b, 0xff, 0xfb, 0x00, 0x00, 0x00, 0x00, 0x00, 0x8f, 0xff, 0x80,
    0x00, 0x00, 0x00, 0x00, 0x00, 0x78, 0x60, 0x00, 0x00, 0x00, 0x00, 0x00, 0x00, 0x00, 0x00, 0x00,
    0x00, 0x00, 0x00, 0x00, 0x00, 0x00, 0x00, 0x00, 0x00, 0x88, 0x88, 0x88, 0x88, 0x20, 0x00, 0x00,
    0x0f, 0xff, 0xff, 0xff, 0xf4, 0x00, 0x00, 0x00, 0xff, 0xff, 0xff, 0xff, 0x40, 0x00, 0x00, 0x04,
    0x44, 0x44, 0xcf, 0xf4, 0x00, 0x00, 0x00, 0x00, 0x00, 0x0b, 0xff, 0x40, 0x00, 0x00, 0x00, 0x00,
    0x00, 0xbf, 0xf4, 0x00, 0x00, 0x00, 0x00, 0x00, 0x0b, 0xff, 0x40, 0x00, 0x00, 0x00, 0x00, 0x00,
    0xbf, 0xf4, 0x00, 0x00, 0x00, 0x00, 0x00, 0x0b, 0xff, 0x40, 0x00, 0x00, 0x00, 0x00, 0x00, 0xbf,
    0xf4, 0x00, 0x00, 0x00, 0x00, 0x00, 0x0b, 0xff, 0x40, 0x00, 0x00, 0x00, 0x00, 0x00, 0xbf, 0xf4,
    0x00, 0x00, 0x00, 0x00, 0x00, 0x0b, 0xff, 0x40, 0x00, 0x00, 0x00, 0x00, 0x00, 0xbf, 0xf4, 0x00,
    0x00, 0x06, 0xbb, 0xbb, 0xbe, 0xff, 0xcb, 0xbb, 0xb8, 0x8f, 0xff, 0xff, 0xff, 0xff, 0xff, 0xff,
    0xb8, 0xff, 0xff, 0xff, 0xff, 0xff, 0xff, 0xfb, 0x00, 0x00, 0x00, 0x00, 0x34, 0x30, 0x00, 0x00,
    0x00, 0x06, 0xff, 0xf5, 0x00, 0x00, 0x00, 0x0b, 0xff, 0xfb, 0x00, 0x00, 0x00, 0x08, 0xff, 0xf8,
    0x00, 0x00, 0x00, 0x00, 0x78, 0x60, 0x00, 0x00, 0x00, 0x00, 0x00, 0x00, 0x00, 0x00, 0x00, 0x00,
    0x00, 0x00, 0x48, 0x88, 0x88, 0x88, 0x88, 0x82, 0x8f, 0xff, 0xff, 0xff, 0xff, 0xf4, 0x8f, 0xff,
    0xff, 0xff, 0xff, 0xf4, 0x24, 0x44, 0x44, 0x44, 0xcf, 0xf4, 0x00, 0x00, 0x00, 0x00, 0xbf, 0xf4,
    0x00, 0x00, 0x00, 0x00, 0xbf, 0xf4, 0x00, 0x00, 0x00, 0x00, 0xbf, 0xf4, 0x00, 0x00, 0x00, 0x00,
    0xbf, 0xf4, 0x00, 0x00, 0x00, 0x00, 0xbf, 0xf4, 0x00, 0x00, 0x00, 0x00, 0xbf, 0xf4, 0x00, 0x00,
    0x00, 0x00, 0xbf, 0xf4, 0x00, 0x00, 0x00, 0x00, 0xbf, 0xf4, 0x00, 0x00, 0x00, 0x00, 0xbf, 0xf4,
    0x00, 0x00, 0x00, 0x00, 0xbf, 0xf4, 0x00, 0x00, 0x00, 0x00, 0xbf, 0xf4, 0x00, 0x00, 0x00, 0x00,
    0xbf, 0xf4, 0x00, 0x00, 0x00, 0x00, 0xbf, 0xf4, 0x00, 0x00, 0x00, 0x01, 0xff, 0xf0, 0x00, 0x00,
    0x00, 0x09, 0xff, 0xc0, 0x14, 0x44, 0x46, 0xbf, 0xff, 0x50, 0x4f, 0xff, 0xff, 0xff, 0xf9, 0x00,
    0x4f, 0xff, 0xff, 0xfd, 0x50, 0x00, 0x28, 0x88, 0x85, 0x30, 0x00, 0x00, 0x4f, 0xfb, 0x00, 0x00,
    0x00, 0x00, 0x00, 0x04, 0xff, 0xb0, 0x00, 0x00, 0x00, 0x00, 0x00, 0x4f, 0xfb, 0x00, 0x00, 0x00,
    0x00, 0x00, 0x04, 0xff, 0xb0, 0x00, 0x00, 0x00, 0x00, 0x00, 0x4f, 0xfb, 0x00, 0x00, 0x00, 0x00,
    0x00, 0x04, 0xff, 0xb0, 0x00, 0x00, 0x00, 0x78, 0x83, 0x4f, 0xfb, 0x00, 0x00, 0x00, 0x7f, 0xfd,
    0x14, 0xff, 0xb0, 0x00, 0x00, 0x2e, 0xff, 0x40, 0x4f, 0xfb, 0x00, 0x00, 0x0b, 0xff, 0x80, 0x04,
    0xff, 0xb0, 0x00, 0x07, 0xff, 0xe1, 0x00, 0x4f, 0xfb, 0x00, 0x02, 0xef, 0xf5, 0x00, 0x04, 0xff,
    0xb0, 0x00, 0xbf, 0xfa, 0x00, 0x00, 0x4f, 0xfe, 0xbb, 0xcf, 0xfe, 0x10, 0x00, 0x04, 0xff, 0xff,
    0xff, 0xff, 0x80, 0x00, 0x00, 0x4f, 0xfe, 0xbb, 0xbf, 0xfe, 0x20, 0x00, 0x04, 0xff, 0xb0, 0x00,
    0xbf, 0xfb, 0x00, 0x00, 0x4f, 0xfb, 0x00, 0x02, 0xef, 0xf6, 0x00, 0x04, 0xff, 0xb0, 0x00, 0x07,
    0xff, 0xe1, 0x00, 0x4f, 0xfb, 0x00, 0x00, 0x0c, 0xff, 0xa0, 0x04, 0xff, 0xb0, 0x00, 0x00, 0x3f,
    0xff, 0x40, 0x4f, 0xfb, 0x00, 0x00, 0x00, 0x8f, 0xfd, 0x14, 0xff, 0xb0, 0x00, 0x00, 0x00, 0xdf,
    0xf8, 0x4f, 0xff, 0xff, 0xff, 0xf8, 0x00, 0x00, 0x00, 0x04, 0xff, 0xff, 0xff, 0xff, 0x80, 0x00,
    0x00, 0x00, 0x3b, 0xbb, 0xbb, 0xdf, 0xf8, 0x00, 0x00, 0x00, 0x00, 0x00, 0x00, 0x08, 0xff, 0x80,
    0x00, 0x00, 0x00, 0x00, 0x00, 0x00, 0x8f, 0xf8, 0x00, 0x00, 0x00, 0x00, 0x00, 0x00, 0x08, 0xff,
    0x80, 0x00, 0x00, 0x00, 0x00, 0x00, 0x00, 0x8f, 0xf8, 0x00, 0x00, 0x00, 0x00, 0x00, 0x00, 0x08,
    0xff, 0x80, 0x00, 0x00, 0x00, 0x00, 0x00, 0x00, 0x8f, 0xf8, 0x00, 0x00, 0x00, 0x00, 0x00, 0x00,
    0x08, 0xff, 0x80, 0x00, 0x00, 0x00, 0x00, 0x00, 0x00, 0x8f, 0xf8, 0x00, 0x00, 0x00, 0x00, 0x00,
    0x00, 0x08, 0xff, 0x80, 0x00, 0x00, 0x00, 0x00, 0x00, 0x00, 0x8f, 0xf8, 0x00, 0x00, 0x00, 0x00,
    0x00, 0x00, 0x08, 0xff, 0x80, 0x00, 0x00, 0x00, 0x00, 0x00, 0x00, 0x8f, 0xf8, 0x00, 0x00, 0x00,
    0x00, 0x00, 0x00, 0x08, 0xff, 0x80, 0x00, 0x00, 0x00, 0x00, 0x00, 0x00, 0x8f, 0xf8, 0x00, 0x00,
    0x00, 0x00, 0x00, 0x00, 0x08, 0xff, 0x80, 0x00, 0x00, 0x00, 0x00, 0x00, 0x00, 0x5f, 0xfd, 0x10,
    0x00, 0x00, 0x00, 0x00, 0x00, 0x01, 0xef, 0xfe, 0xbb, 0xbb, 0xb6, 0x00, 0x00, 0x00, 0x05, 0xff,
    0xff, 0xff, 0xff, 0x80, 0x00, 0x00, 0x00, 0x03, 0xae, 0xff, 0xff, 0xf8, 0x28, 0x82, 0x5b, 0xb6,
    0x00, 0x8b, 0xb5, 0x00, 0x4f, 0xf8, 0xff, 0xff, 0x88, 0xff, 0xff, 0x60, 0x4f, 0xfd, 0x88, 0xef,
    0xee, 0x88, 0xff, 0xe0, 0x4f, 0xf9, 0x00, 0x6f, 0xf6, 0x00, 0x9f, 0xf4, 0x4f, 0xf8, 0x00, 0x4f,
    0xf4, 0x00, 0x8f, 0xf4, 0x4f, 0xf8, 0x00, 0x4f, 0xf4, 0x00, 0x8f, 0xf4, 0x4f, 0xf8, 0x00, 0x4f,
    0xf4, 0x00, 0x8f, 0xf4, 0x4f, 0xf8, 0x00, 0x4f, 0xf4, 0x00, 0x8f, 0xf4, 0x4f, 0xf8, 0x00, 0x4f,
    0xf4, 0x00, 0x8f, 0xf4, 0x4f, 0xf8, 0x00, 0x4f, 0xf4, 0x00, 0x8f, 0xf4, 0x4f, 0xf8, 0x00, 0x4f,
    0xf4, 0x00, 0x8f, 0xf4, 0x4f, 0xf8, 0x00, 0x4f, 0xf4, 0x00, 0x8f, 0xf4, 0x4f, 0xf8, 0x00, 0x4f,
    0xf4, 0x00, 0x8f, 0xf4, 0x4f, 0xf8, 0x00, 0x4f, 0xf4, 0x00, 0x8f, 0xf4, 0x4f, 0xf8, 0x00, 0x4f,
    0xf4, 0x00, 0x8f, 0xf4, 0x4f, 0xf8, 0x00, 0x4f, 0xf4, 0x00, 0x8f, 0xf4, 0x4f, 0xf8, 0x00, 0x4f,
    0xf4, 0x00, 0x8f, 0xf4, 0x28, 0x84, 0x04, 0x9b, 0xb9, 0x40, 0x00, 0x4f, 0xf8, 0x6f, 0xff, 0xff,
    0xf9, 0x00, 0x4f, 0xf9, 0xff, 0xbb, 0xef, 0xff, 0x80, 0x4f, 0xfd, 0xc1, 0x00, 0x19, 0xff, 0xe1,
    0x4f, 0xfe, 0x10, 0x00, 0x00, 0xdf, 0xf4, 0x4f, 0xfb, 0x00, 0x00, 0x00, 0x9f, 0xf8, 0x4f, 0xf8,
    0x00, 0x00, 0x00, 0x8f, 0xf8, 0x4f, 0xf8, 0x00, 0x00, 0x00, 0x8f, 0xf8, 0x4f, 0xf8, 0x00, 0x00,
    0x00, 0x8f, 0xf8, 0x4f, 0xf8, 0x00, 0x00, 0x00, 0x8f, 0xf8, 0x4f, 0xf8, 0x00, 0x00, 0x00, 0x8f,
    0xf8, 0x4f, 0xf8, 0x00, 0x00, 0x00, 0x8f, 0xf8, 0x4f, 0xf8, 0x00, 0x00, 0x00, 0x8f, 0xf8, 0x4f,
    0xf8, 0x00, 0x00, 0x00, 0x8f, 0xf8, 0x4f, 0xf8, 0x00, 0x00, 0x00, 0x8f, 0xf8, 0x4f, 0xf8, 0x00,
    0x00, 0x00, 0x8f, 0xf8, 0x4f, 0xf8, 0x00, 0x00, 0x00, 0x8f, 0xf8, 0x00, 0x01, 0x69, 0xbb, 0x96,
    0x10, 0x00, 0x00, 0x5e, 0xff, 0xff, 0xff, 0xe5, 0x00, 0x04, 0xff, 0xff, 0xee, 0xff, 0xff, 0x40,
    0x0d, 0xff, 0xa2, 0x00, 0x2a, 0xff, 0xd0, 0x5f, 0xfd, 0x00, 0x00, 0x00, 0xdf, 0xf5, 0x8f, 0xf8,
    0x00, 0x00, 0x00, 0x8f, 0xf8, 0x8f, 0xf6, 0x00, 0x00, 0x00, 0x6f, 0xf8, 0x8f, 0xf4, 0x00, 0x00,
    0x00, 0x4f, 0xf8, 0x8f, 0xf4, 0x00, 0x00, 0x00, 0x4f, 0xf8, 0x8f, 0xf4, 0x00, 0x00, 0x00, 0x4f,
    0xf8, 0x8f, 0xf4, 0x00, 0x00, 0x00, 0x4f, 0xf8, 0x8f, 0xf8, 0x00, 0x00, 0x00, 0x8f, 0xf8, 0x7f,
    0xf9, 0x00, 0x00, 0x00, 0x9f, 0xf7, 0x2f, 0xff, 0x30, 0x00, 0x03, 0xff, 0xf2, 0x08, 0xff, 0xf9,
    0x77, 0x9f, 0xff, 0x80, 0x01, 0xcf, 0xff, 0xff, 0xff, 0xfc, 0x10, 0x00, 0x08, 0xdf, 0xff, 0xfd,
    0x80, 0x00, 0x00, 0x00, 0x02, 0x44, 0x20, 0x00, 0x00, 0x28, 0x84, 0x02, 0x8b, 0xb9, 0x40, 0x00,
    0x4f, 0xf8, 0x6f, 0xff, 0xff, 0xf9, 0x00, 0x4f, 0xf8, 0xef, 0xcb, 0xff, 0xff, 0x80, 0x4f, 0xfd,
    0xc2, 0x00, 0x19, 0xff, 0xe1, 0x4f, 0xff, 0x10, 0x00, 0x00, 0xcf, 0xf5, 0x4f, 0xfb, 0x00, 0x00,
    0x00, 0x8f, 0xf8, 0x4f, 0xf8, 0x00, 0x00, 0x00, 0x8f, 0xf8, 0x4f, 0xf8, 0x00, 0x00, 0x00, 0x8f,
    0xf8, 0x4f, 0xf8, 0x00, 0x00, 0x00, 0x8f, 0xf8, 0x4f, 0xf8, 0x00, 0x00, 0x00, 0x8f, 0xf8, 0x4f,
    0xf8, 0x00, 0x00, 0x00, 0x8f, 0xf8, 0x4f, 0xf9, 0x00, 0x00, 0x00, 0x8f, 0xf8, 0x4f, 0xfd, 0x00,
    0x00, 0x00, 0x9f, 0xf7, 0x4f, 0xff, 0x60, 0x00, 0x03, 0xef, 0xf3, 0x4f, 0xfa, 0xf9, 0x54, 0x8e,
    0xff, 0xb0, 0x4f, 0xf8, 0xbf, 0xff, 0xff, 0xfe, 0x30, 0x4f, 0xf8, 0x19, 0xff, 0xff, 0xb3, 0x00,
    0x4f, 0xf8, 0x00, 0x14, 0x42, 0x00, 0x00, 0x4f, 0xf8, 0x00, 0x00, 0x00, 0x00, 0x00, 0x4f, 0xf8,
    0x00, 0x00, 0x00, 0x00, 0x00, 0x4f, 0xf8, 0x00, 0x00, 0x00, 0x00, 0x00, 0x4f, 0xf8, 0x00, 0x00,
    0x00, 0x00, 0x00, 0x28, 0x84, 0x00, 0x00, 0x00, 0x00, 0x00, 0x00, 0x04, 0x9b, 0xb8, 0x20, 0x48,
    0x82, 0x00, 0x9f, 0xff, 0xff, 0xf6, 0x8f, 0xf4, 0x08, 0xff, 0xff, 0xbc, 0xfe, 0x8f, 0xf4, 0x1e,
    0xff, 0x81, 0x00, 0x2c, 0xdf, 0xf4, 0x5f, 0xfc, 0x00, 0x00, 0x01, 0xff, 0xf4, 0x8f, 0xf8, 0x00,
    0x00, 0x00, 0xbf, 0xf4, 0x8f, 0xf8, 0x00, 0x00, 0x00, 0x8f, 0xf4, 0x8f, 0xf8, 0x00, 0x00, 0x00,
    0x8f, 0xf4, 0x8f, 0xf8, 0x00, 0x00, 0x00, 0x8f, 0xf4, 0x8f, 0xf8, 0x00, 0x00, 0x00, 0x8f, 0xf4,
    0x8f, 0xf8, 0x00, 0x00, 0x00, 0x8f, 0xf4, 0x8f, 0xf8, 0x00, 0x00, 0x00, 0x9f, 0xf4, 0x7f, 0xf9,
    0x00, 0x00, 0x00, 0xdf, 0xf4, 0x3f, 0xfe, 0x20, 0x00, 0x06, 0xff, 0xf4, 0x0b, 0xff, 0xe8, 0x45,
    0x9f, 0xaf, 0xf4, 0x03, 0xef, 0xff, 0xff, 0xfb, 0x8f, 0xf4, 0x00, 0x3b, 0xff, 0xff, 0x91, 0x8f,
    0xf4, 0x00, 0x00, 0x24, 0x41, 0x00, 0x8f, 0xf4, 0x00, 0x00, 0x00, 0x00, 0x00, 0x8f, 0xf4, 0x00,
    0x00, 0x00, 0x00, 0x00, 0x8f, 0xf4, 0x00, 0x00, 0x00, 0x00, 0x00, 0x8f, 0xf4, 0x00, 0x00, 0x00,
    0x00, 0x00, 0x8f, 0xf4, 0x00, 0x00, 0x00, 0x00, 0x00, 0x48, 0x82, 0x68, 0x82, 0x06, 0xab, 0xb8,
    0x20, 0x00, 0xbf, 0xf4, 0xcf, 0xff, 0xff, 0xf6, 0x00, 0xbf, 0xfa, 0xfe, 0xbc, 0xff, 0xff, 0x20,
    0xbf, 0xff, 0x70, 0x00, 0x2c, 0xff, 0x90, 0xbf, 0xf9, 0x00, 0x00, 0x04, 0xff, 0xe0, 0xbf, 0xf5,
    0x00, 0x00, 0x00, 0xff, 0xf0, 0xbf, 0xf4, 0x00, 0x00, 0x00, 0xff, 0xf0, 0xbf, 0xf4, 0x00, 0x00,
    0x00, 0xbb, 0xb0, 0xbf, 0xf4, 0x00, 0x00, 0x00, 0x00, 0x00, 0xbf, 0xf4, 0x00, 0x00, 0x00, 0x00,
    0x00, 0xbf, 0xf4, 0x00, 0x00, 0x00, 0x00, 0x00, 0xbf, 0xf4, 0x00, 0x00, 0x00, 0x00, 0x00, 0xbf,
    0xf4, 0x00, 0x00, 0x00, 0x00, 0x00, 0xbf, 0xf4, 0x00, 0x00, 0x00, 0x00, 0x00, 0xbf, 0xf4, 0x00,
    0x00, 0x00, 0x00, 0x00, 0xbf, 0xf4, 0x00, 0x00, 0x00, 0x00, 0x00, 0xbf, 0xf4, 0x00, 0x00, 0x00,
    0x00, 0x00, 0x00, 0x05, 0x8b, 0xbb, 0xb8, 0x30, 0x00, 0x01, 0xbf, 0xff, 0xff, 0xff, 0xfa, 0x10,
    0x0b, 0xff, 0xfb, 0xbb, 0xcf, 0xff, 0xa0, 0x3f, 0xfe, 0x30, 0x00, 0x03, 0xef, 0xf2, 0x6f, 0xf8,
    0x00, 0x00, 0x00, 0x8b, 0xb3, 0x6f, 0xf8, 0x00, 0x00, 0x00, 0x00, 0x00, 0x3f, 0xfe, 0x63, 0x00,
    0x00, 0x00, 0x00, 0x0b, 0xff, 0xff, 0xfd, 0xb8, 0x61, 0x00, 0x01, 0xcf, 0xff, 0xff, 0xff, 0xfd,
    0x30, 0x00, 0x05, 0x89, 0xbe, 0xff, 0xff, 0xd0, 0x00, 0x00, 0x00, 0x00, 0x15, 0xef, 0xf6, 0x00,
    0x00, 0x00, 0x00, 0x00, 0x6f, 0xf8, 0x48, 0x83, 0x00, 0x00, 0x00, 0x4f, 0xf8, 0x8f, 0xf9, 0x00,
    0x00, 0x00, 0x8f, 0xf8, 0x3f, 0xff, 0x95, 0x44, 0x59, 0xff, 0xf2, 0x08, 0xff, 0xff, 0xff, 0xff,
    0xff, 0x80, 0x00, 0x5c, 0xff, 0xff, 0xff, 0xc5, 0x00, 0x00, 0x00, 0x14, 0x44, 0x41, 0x00, 0x00,
    0x00, 0x00, 0x04, 0x44, 0x00, 0x00, 0x00, 0x00, 0x00, 0x00, 0xff, 0xf0, 0x00, 0x00, 0x00, 0x00,
    0x00, 0x0f, 0xff, 0x00, 0x00, 0x00, 0x00, 0x00, 0x00, 0xff, 0xf0, 0x00, 0x00, 0x00, 0x00, 0x00,
    0x0f, 0xff, 0x00, 0x00, 0x00, 0x06, 0x88, 0x88, 0xff, 0xf8, 0x88, 0x88, 0x86, 0xbf, 0xff, 0xff,
    0xff, 0xff, 0xff, 0xff, 0xbb, 0xff, 0xff, 0xff, 0xff, 0xff, 0xff, 0xfb, 0x34, 0x44, 0x4f, 0xff,
    0x44, 0x44, 0x44, 0x30, 0x00, 0x00, 0xff, 0xf0, 0x00, 0x00, 0x00, 0x00, 0x00, 0x0f, 0xff, 0x00,
    0x00, 0x00, 0x00, 0x00, 0x00, 0xff, 0xf0, 0x00, 0x00, 0x00, 0x00, 0x00, 0x0f, 0xff, 0x00, 0x00,
    0x00, 0x00, 0x00, 0x00, 0xff, 0xf0, 0x00, 0x00, 0x00, 0x00, 0x00, 0x0f, 0xff, 0x00, 0x00, 0x00,
    0x00, 0x00, 0x00, 0xff, 0xf0, 0x00, 0x00, 0x00, 0x00, 0x00, 0x0f, 0xff, 0x00, 0x00, 0x00, 0x00,
    0x00, 0x00, 0xff, 0xf0, 0x00, 0x00, 0x00, 0x00, 0x00, 0x0d, 0xff, 0x40, 0x00, 0x00, 0x00, 0x00,
    0x00, 0x9f, 0xff, 0xbb, 0xbb, 0xb6, 0x00, 0x00, 0x01, 0xcf, 0xff, 0xff, 0xff, 0x80, 0x00, 0x00,
    0x01, 0x9d, 0xff, 0xff, 0xf8, 0x48, 0x84, 0x00, 0x00, 0x00, 0x48, 0x84, 0x8f, 0xf8, 0x00, 0x00,
    0x00, 0x8f, 0xf8, 0x8f, 0xf8, 0x00, 0x00, 0x00, 0x8f, 0xf8, 0x8f, 0xf8, 0x00, 0x00, 0x00, 0x8f,
    0xf8, 0x8f, 0xf8, 0x00, 0x00, 0x00, 0x8f, 0xf8, 0x8f, 0xf8, 0x00, 0x00, 0x00, 0x8f, 0xf8, 0x8f,
    0xf8, 0x00, 0x00, 0x00, 0x8f, 0xf8, 0x8f, 0xf8, 0x00, 0x00, 0x00, 0x8f, 0xf8, 0x8f, 0xf8, 0x00,
    0x00, 0x00, 0x8f, 0xf8, 0x8f, 0xf8, 0x00, 0x00, 0x00, 0x8f, 0xf8, 0x8f, 0xf8, 0x00, 0x00, 0x00,
    0x8f, 0xf8, 0x7f, 0xf8, 0x00, 0x00, 0x00, 0x8f, 0xf7, 0x4f, 0xfc, 0x00, 0x00, 0x00, 0xcf, 0xf4,
    0x1e, 0xff, 0x60, 0x00, 0x06, 0xff, 0xe0, 0x08, 0xff, 0xf9, 0x55, 0x9f, 0xff, 0x80, 0x00, 0xbf,
    0xff, 0xff, 0xff, 0xfa, 0x00, 0x00, 0x08, 0xef, 0xff, 0xfd, 0x80, 0x00, 0x00, 0x00, 0x03, 0x44,
    0x30, 0x00, 0x00, 0x38, 0x86, 0x00, 0x00, 0x00, 0x00, 0x68, 0x84, 0x2f, 0xfe, 0x00, 0x00, 0x00,
    0x00, 0xef, 0xf3, 0x0c, 0xff, 0x50, 0x00, 0x00, 0x05, 0xff, 0xd0, 0x07, 0xff, 0x90, 0x00, 0x00,
    0x08, 0xff, 0x80, 0x02, 0xff, 0xe0, 0x00, 0x00, 0x0d, 0xff, 0x30, 0x00, 0xcf, 0xf5, 0x00, 0x00,
    0x3f, 0xfc, 0x00, 0x00, 0x7f, 0xf9, 0x00, 0x00, 0x8f, 0xf7, 0x00, 0x00, 0x2f, 0xfe, 0x00, 0x00,
    0xdf, 0xf2, 0x00, 0x00, 0x0c, 0xff, 0x30, 0x03, 0xff, 0xc0, 0x00, 0x00, 0x07, 0xff, 0x80, 0x08,
    0xff, 0x70, 0x00, 0x00, 0x02, 0xff, 0xd0, 0x0c, 0xff, 0x20, 0x00, 0x00, 0x00, 0xcf, 0xf3, 0x2f,
    0xfc, 0x00, 0x00, 0x00, 0x00, 0x7f, 0xf8, 0x7f, 0xf7, 0x00, 0x00, 0x00, 0x00, 0x2f, 0xfb, 0xaf,
    0xf2, 0x00, 0x00, 0x00, 0x00, 0x0c, 0xff, 0xef, 0xc0, 0x00, 0x00, 0x00, 0x00, 0x07, 0xff, 0xff,
    0x70, 0x00, 0x00, 0x00, 0x00, 0x02, 0xff, 0xff, 0x20, 0x00, 0x00, 0x28, 0x83, 0x00, 0x04, 0x88,
    0x40, 0x00, 0x28, 0x82, 0x0f, 0xf8, 0x00, 0x08, 0xff, 0x80, 0x00, 0x6f, 0xf0, 0x0d, 0xf9, 0x00,
    0x0b, 0xff, 0xb0, 0x00, 0x8f, 0xc0, 0x0b, 0xfb, 0x00, 0x0e, 0xee, 0xe0, 0x00, 0xaf, 0xa0, 0x08,
    0xfe, 0x00, 0x2f, 0xbb, 0xf2, 0x00, 0xbf, 0x80, 0x06, 0xff, 0x00, 0x4f, 0x9a, 0xf4, 0x00, 0xff,
    0x50, 0x04, 0xff, 0x40, 0x8f, 0x88, 0xf8, 0x01, 0xff, 0x30, 0x00, 0xff, 0x50, 0x9f, 0x45, 0xf9,
    0x04, 0xff, 0x00, 0x00, 0xef, 0x80, 0xcf, 0x23, 0xfc, 0x07, 0xfc, 0x00, 0x00, 0xbf, 0x90, 0xff,
    0x00, 0xff, 0x08, 0xfa, 0x00, 0x00, 0x8f, 0xb3, 0xfb, 0x00, 0xcf, 0x3b, 0xf8, 0x00, 0x00, 0x7f,
    0xe5, 0xf9, 0x00, 0xaf, 0x5c, 0xf5, 0x00, 0x00, 0x4f, 0xf8, 0xf8, 0x00, 0x8f, 0x8f, 0xf3, 0x00,
    0x00, 0x1f, 0xfc, 0xf4, 0x00, 0x6f, 0x9f, 0xf0, 0x00, 0x00, 0x0e, 0xff, 0xf2, 0x00, 0x4f, 0xff,
    0xc0, 0x00, 0x00, 0x0b, 0xff, 0xf0, 0x00, 0x0f, 0xff, 0xa0, 0x00, 0x00, 0x08, 0xff, 0xb0, 0x00,
    0x0d, 0xff, 0x80, 0x00, 0x18, 0x88, 0x30, 0x00, 0x00, 0x03, 0x88, 0x81, 0x08, 0xff, 0xc0, 0x00,
    0x00, 0x0c, 0xff, 0x80, 0x00, 0xcf, 0xf8, 0x00, 0x00, 0x8f, 0xfd, 0x10, 0x00, 0x3f, 0xff, 0x30,
    0x02, 0xef, 0xf4, 0x00, 0x00, 0x08, 0xff, 0xb0, 0x0b, 0xff, 0x80, 0x00, 0x00, 0x00, 0xcf, 0xf6,
    0x6f, 0xfc, 0x00, 0x00, 0x00, 0x00, 0x3f, 0xfd, 0xdf, 0xf3, 0x00, 0x00, 0x00, 0x00, 0x07, 0xff,
    0xff, 0x80, 0x00, 0x00, 0x00, 0x00, 0x00, 0xdf, 0xfe, 0x00, 0x00, 0x00, 0x00, 0x00, 0x07, 0xff,
    0xff, 0x70, 0x00, 0x00, 0x00, 0x00, 0x3f, 0xfe, 0xdf, 0xf3, 0x00, 0x00, 0x00, 0x00, 0xcf, 0xf7,
    0x6f, 0xfc, 0x00, 0x00, 0x00, 0x08, 0xff, 0xb0, 0x0b, 0xff, 0x80, 0x00, 0x00, 0x3f, 0xff, 0x20,
    0x02, 0xff, 0xf4, 0x00, 0x01, 0xdf, 0xf8, 0x00, 0x00, 0x8f, 0xfd, 0x10, 0x08, 0xff, 0xc0, 0x00,
    0x00, 0x0c, 0xff, 0x80, 0x4f, 0xff, 0x30, 0x00, 0x00, 0x03, 0xff, 0xf4, 0x38, 0x86, 0x00, 0x00,
    0x00, 0x00, 0x68, 0x84, 0x2f, 0xff, 0x10, 0x00, 0x00, 0x00, 0xef, 0xf2, 0x0a, 0xff, 0x60, 0x00,
    0x00, 0x05, 0xff, 0xc0, 0x05, 0xff, 0xc0, 0x00, 0x00, 0x0a, 0xff, 0x60, 0x00, 0xdf, 0xf3, 0x00,
    0x00, 0x1f, 0xff, 0x10, 0x00, 0x8f, 0xf8, 0x00, 0x00, 0x6f, 0xf9, 0x00, 0x00, 0x2f, 0xfe, 0x00,
    0x00, 0xbf, 0xf5, 0x00, 0x00, 0x0a, 0xff, 0x50, 0x02, 0xff, 0xd0, 0x00, 0x00, 0x06, 0xff, 0xa0,
    0x07, 0xff, 0x80, 0x00, 0x00, 0x00, 0xef, 0xf2, 0x0c, 0xff, 0x20, 0x00, 0x00, 0x00, 0x8f, 0xf7,
    0x2f, 0xfc, 0x00, 0x00, 0x00, 0x00, 0x2f, 0xfc, 0x7f, 0xf6, 0x00, 0x00, 0x00, 0x00, 0x0b, 0xff,
    0xdf, 0xf1, 0x00, 0x00, 0x00, 0x00, 0x06, 0xff, 0xff, 0x90, 0x00, 0x00, 0x00, 0x00, 0x00, 0xef,
    0xff, 0x50, 0x00, 0x00, 0x00, 0x00, 0x00, 0x8f, 0xfd, 0x00, 0x00, 0x00, 0x00, 0x00, 0x00, 0x8f,
    0xf8, 0x00, 0x00, 0x00, 0x00, 0x00, 0x00, 0xdf, 0xf3, 0x00, 0x00, 0x00, 0x00, 0x00, 0x05, 0xff,
    0xc0, 0x00, 0x00, 0x00, 0x00, 0x00, 0x09, 0xff, 0x70, 0x00, 0x00, 0x00, 0x00, 0x00, 0x1f, 0xff,
    0x10, 0x00, 0x00, 0x00, 0x00, 0x00, 0x6f, 0xfa, 0x00, 0x00, 0x00, 0x00, 0x00, 0x00, 0x68, 0x83,
    0x00, 0x00, 0x00, 0x00, 0x28, 0x88, 0x88, 0x88, 0x88, 0x88, 0x80, 0x4f, 0xff, 0xff, 0xff, 0xff,
    0xff, 0xf0, 0x4f, 0xff, 0xff, 0xff, 0xff, 0xff, 0xf0, 0x14, 0x44, 0x44, 0x44, 0x4c, 0xff, 0xd0,
    0x00, 0x00, 0x00, 0x00, 0x6f, 0xfe, 0x30, 0x00, 0x00, 0x00, 0x04, 0xff, 0xf5, 0x00, 0x00, 0x00,
    0x00, 0x3e, 0xff, 0x60, 0x00, 0x00, 0x00, 0x01, 0xcf, 0xf9, 0x00, 0x00, 0x00, 0x00, 0x0a, 0xff,
    0xb0, 0x00, 0x00, 0x00, 0x00, 0x8f, 0xfc, 0x10, 0x00, 0x00, 0x00, 0x06, 0xff, 0xe2, 0x00, 0x00,
    0x00, 0x00, 0x3f, 0xff, 0x30, 0x00, 0x00, 0x00, 0x02, 0xef, 0xf6, 0x00, 0x00, 0x00, 0x00, 0x1c,
    0xff, 0x80, 0x00, 0x00, 0x00, 0x00, 0x8f, 0xff, 0xbb, 0xbb, 0xbb, 0xbb, 0xb6, 0x8f, 0xff, 0xff,
    0xff, 0xff, 0xff, 0xf8, 0x8f, 0xff, 0xff, 0xff, 0xff, 0xff, 0xf8, 0x00, 0x00, 0x00, 0x00, 0x49,
    0xbf, 0xf4, 0x00, 0x00, 0x00, 0x09, 0xff, 0xff, 0xf4, 0x00, 0x00, 0x00, 0x6f, 0xff, 0xeb, 0xb3,
    0x00, 0x00, 0x00, 0xbf, 0xf9, 0x10, 0x00, 0x00, 0x00, 0x00, 0xef, 0xf2, 0x00, 0x00, 0x00, 0x00,
    0x00, 0xbf, 0xf2, 0x00, 0x00, 0x00, 0x00, 0x00, 0xbf, 0xf4, 0x00, 0x00, 0x00, 0x00, 0x00, 0xaf,
    0xf4, 0x00, 0x00, 0x00, 0x00, 0x00, 0x8f, 0xf7, 0x00, 0x00, 0x00, 0x00, 0x00, 0x8f, 0xf8, 0x00,
    0x00, 0x00, 0x00, 0x00, 0x8f, 0xf8, 0x00, 0x00, 0x00, 0x00, 0x00, 0x8f, 0xf7, 0x00, 0x00, 0x00,
    0x00, 0x46, 0xef, 0xe1, 0x00, 0x00, 0xbf, 0xff, 0xff, 0xf9, 0x20, 0x00, 0x00, 0xbf, 0xff, 0xfe,
    0xb6, 0x00, 0x00, 0x00, 0x68, 0x88, 0x8c, 0xff, 0xa0, 0x00, 0x00, 0x00, 0x00, 0x00, 0xaf, 0xf6,
    0x00, 0x00, 0x00, 0x00, 0x00, 0x8f, 0xf8, 0x00, 0x00, 0x00, 0x00, 0x00, 0x8f, 0xf8, 0x00, 0x00,
    0x00, 0x00, 0x00, 0x8f, 0xf8, 0x00, 0x00, 0x00, 0x00, 0x00, 0x9f, 0xf5, 0x00, 0x00, 0x00, 0x00,
    0x00, 0xbf, 0xf4, 0x00, 0x00, 0x00, 0x00, 0x00, 0xbf, 0xf4, 0x00, 0x00, 0x00, 0x00, 0x00, 0xef,
    0xf1, 0x00, 0x00, 0x00, 0x00, 0x00, 0xcf, 0xf6, 0x00, 0x00, 0x00, 0x00, 0x00, 0x9f, 0xff, 0x87,
    0x41, 0x00, 0x00, 0x00, 0x1e, 0xff, 0xff, 0xf4, 0x00, 0x00, 0x00, 0x01, 0x9f, 0xff, 0xf4, 0x00,
    0x00, 0x00, 0x00, 0x00, 0x44, 0x41, 0x8f, 0xf8, 0x8f, 0xf8, 0x8f, 0xf8, 0x8f, 0xf8, 0x8f, 0xf8,
    0x8f, 0xf8, 0x8f, 0xf8, 0x8f, 0xf8, 0x8f, 0xf8, 0x8f, 0xf8, 0x8f, 0xf8, 0x8f, 0xf8, 0x8f, 0xf8,
    0x8f, 0xf8, 0x8f, 0xf8, 0x8f, 0xf8, 0x8f, 0xf8, 0x8f, 0xf8, 0x8f, 0xf8, 0x8f, 0xf8, 0x8f, 0xf8,
    0x8f, 0xf8, 0x8f, 0xf8, 0x8f, 0xf8, 0x8f, 0xf8, 0x8f, 0xf8, 0x8f, 0xf8, 0x8f, 0xf8, 0x24, 0x42,
    0x4f, 0xfb, 0x94, 0x00, 0x00, 0x00, 0x00, 0x4f, 0xff, 0xff, 0x90, 0x00, 0x00, 0x00, 0x3b, 0xbe,
    0xff, 0xf8, 0x00, 0x00, 0x00, 0x00, 0x00, 0x9f, 0xfc, 0x00, 0x00, 0x00, 0x00, 0x00, 0x1f, 0xff,
    0x00, 0x00, 0x00, 0x00, 0x00, 0x2f, 0xfb, 0x00, 0x00, 0x00, 0x00, 0x00, 0x4f, 0xfa, 0x00, 0x00,
    0x00, 0x00, 0x00, 0x8f, 0xf8, 0x00, 0x00, 0x00, 0x00, 0x00, 0x8f, 0xf6, 0x00, 0x00, 0x00, 0x00,
    0x00, 0xbf, 0xf4, 0x00, 0x00, 0x00, 0x00, 0x00, 0xbf, 0xf1, 0x00, 0x00, 0x00, 0x00, 0x00, 0xbf,
    0xf3, 0x00, 0x00, 0x00, 0x00, 0x00, 0x5f, 0xfc, 0x53, 0x00, 0x00, 0x00, 0x00, 0x06, 0xdf, 0xff,
    0xff, 0xfb, 0x00, 0x00, 0x03, 0xaf, 0xff, 0xff, 0xfb, 0x00, 0x00, 0x3e, 0xff, 0xb8, 0x88, 0x86,
    0x00, 0x00, 0xaf, 0xf7, 0x00, 0x00, 0x00, 0x00, 0x00, 0xbf, 0xf1, 0x00, 0x00, 0x00, 0x00, 0x00,
    0xbf, 0xf3, 0x00, 0x00, 0x00, 0x00, 0x00, 0xaf, 0xf4, 0x00, 0x00, 0x00, 0x00, 0x00, 0x8f, 0xf8,
    0x00, 0x00, 0x00, 0x00, 0x00, 0x5f, 0xf9, 0x00, 0x00, 0x00, 0x00, 0x00, 0x4f, 0xfb, 0x00, 0x00,
    0x00, 0x00, 0x00, 0x0f, 0xfe, 0x00, 0x00, 0x00, 0x00, 0x00, 0x5f, 0xfd, 0x00, 0x00, 0x00, 0x14,
    0x78, 0xef, 0xf9, 0x00, 0x00, 0x00, 0x4f, 0xff, 0xff, 0xe2, 0x00, 0x00, 0x00, 0x4f, 0xff, 0xf9,
    0x20, 0x00, 0x00, 0x00, 0x14, 0x44, 0x00, 0x00, 0x00, 0x00, 0x00, 0x00, 0x28, 0xbb, 0x81, 0x00,
    0x00, 0x68, 0x80, 0x03, 0xef, 0xff, 0xfe, 0x30, 0x00, 0xbf, 0xf0, 0x0a, 0xff, 0xcc, 0xff, 0xc1,
    0x00, 0xbf, 0xf0, 0x0f, 0xfc, 0x00, 0x8f, 0xf9, 0x00, 0xdf, 0xf0, 0x0f, 0xfb, 0x00, 0x0b, 0xff,
    0xdd, 0xff, 0x90, 0x0f, 0xfb, 0x00, 0x01, 0xcf, 0xff, 0xfc, 0x10, 0x04, 0x43, 0x00, 0x00, 0x06,
    0x88, 0x61, 0x00, 0x05, 0xaa, 0x50, 0x3f, 0xff, 0xf3, 0x4f, 0xff, 0xf4, 0x0b, 0xff, 0xb0, 0x00,
    0x00, 0x00, 0x00, 0x00, 0x00, 0x00, 0x00, 0x00, 0x04, 0xff, 0x40, 0x04, 0xff, 0x40, 0x07, 0xff,
    0x70, 0x08, 0xff, 0x80, 0x08, 0xff, 0x80, 0x08, 0xff, 0x80, 0x08, 0xff, 0x80, 0x08, 0xff, 0x80,
    0x08, 0xff, 0x80, 0x08, 0xff, 0x80, 0x08, 0xff, 0x80, 0x08, 0xff, 0x80, 0x0b, 0xff, 0xb0, 0x0b,
    0xff, 0xb0, 0x0b, 0xff, 0xb0, 0x06, 0x88, 0x60, 0x00, 0x00, 0x00, 0x8b, 0x00, 0x00, 0x00, 0x00,
    0x00, 0x00, 0xbf, 0x00, 0x00, 0x00, 0x00, 0x00, 0x00, 0xbf, 0x00, 0x00, 0x00, 0x00, 0x00, 0x00,
    0xbf, 0x00, 0x00, 0x00, 0x00, 0x00, 0x69, 0xef, 0xb8, 0x20, 0x00, 0x00, 0x3d, 0xff, 0xff, 0xff,
    0xf8, 0x00, 0x03, 0xef, 0xff, 0xff, 0xff, 0xff, 0x90, 0x0b, 0xff, 0xc2, 0xbf, 0x07, 0xff, 0xf4,
    0x3f, 0xfe, 0x10, 0xbf, 0x00, 0x8f, 0xf9, 0x6f, 0xf9, 0x00, 0xbf, 0x00, 0x4f, 0xfb, 0x8f, 0xf8,
    0x00, 0xbf, 0x00, 0x00, 0x00, 0x8f, 0xf8, 0x00, 0xbf, 0x00, 0x00, 0x00, 0x8f, 0xf8, 0x00, 0xbf,
    0x00, 0x00, 0x00, 0x8f, 0xf8, 0x00, 0xbf, 0x00, 0x00, 0x00, 0x8f, 0xf8, 0x00, 0xbf, 0x00, 0x00,
    0x00, 0x8f, 0xf8, 0x00, 0xbf, 0x00, 0x28, 0x86, 0x4f, 0xfc, 0x00, 0xbf, 0x00, 0x5f, 0xfb, 0x1e,
    0xff, 0x60, 0xbf, 0x01, 0xcf, 0xf7, 0x08, 0xff, 0xf9, 0xdf, 0x8d, 0xff, 0xe1, 0x00, 0x9f, 0xff,
    0xff, 0xff, 0xfe, 0x30, 0x00, 0x06, 0xdf, 0xff, 0xff, 0x92, 0x00, 0x00, 0x00, 0x02, 0xcf, 0x40,
    0x00, 0x00, 0x00, 0x00, 0x00, 0xbf, 0x00, 0x00, 0x00, 0x00, 0x00, 0x00, 0xbf, 0x00, 0x00, 0x00,
    0x00, 0x00, 0x00, 0xbf, 0x00, 0x00, 0x00, 0x00, 0x00, 0x00, 0x34, 0x00, 0x00, 0x00, 0x00, 0x00,
    0x01, 0x44, 0x10, 0x00, 0x00, 0x00, 0x01, 0x8d, 0xff, 0xff, 0xd8, 0x10, 0x00, 0x01, 0xcf, 0xff,
    0xff, 0xff, 0xfc, 0x10, 0x00, 0xbf, 0xfe, 0x98, 0x8a, 0xff, 0xfb, 0x00, 0x3f, 0xfe, 0x30, 0x00,
    0x06, 0xff, 0xf3, 0x08, 0xff, 0x80, 0x00, 0x00, 0x0a, 0xff, 0x80, 0x8f, 0xf8, 0x00, 0x00, 0x00,
    0x48, 0x84, 0x08, 0xff, 0x80, 0x00, 0x00, 0x00, 0x00, 0x00, 0x3f, 0xfd, 0x00, 0x00, 0x00, 0x00,
    0x00, 0x00, 0xbf, 0xf8, 0x00, 0x00, 0x00, 0x00, 0x00, 0x02, 0xff, 0xf3, 0x00, 0x00, 0x00, 0x00,
    0x08, 0xbe, 0xff, 0xdb, 0xbb, 0xbb, 0x00, 0x00, 0xbf, 0xff, 0xff, 0xff, 0xff, 0xf0, 0x00, 0x0b,
    0xff, 0xff, 0xff, 0xff, 0xff, 0x00, 0x00, 0x00, 0x08, 0xff, 0x80, 0x00, 0x00, 0x00, 0x00, 0x00,
    0x8f, 0xf7, 0x00, 0x00, 0x00, 0x00, 0x00, 0x0c, 0xff, 0x30, 0x00, 0x00, 0x00, 0x00, 0x07, 0xff,
    0xb0, 0x00, 0x00, 0x00, 0x00, 0x06, 0xff, 0xe3, 0x00, 0x00, 0x00, 0x00, 0x06, 0xff, 0xe3, 0x00,
    0x00, 0x00, 0x00, 0x00, 0xbf, 0xfc, 0xbb, 0xbb, 0xbb, 0xbb, 0xbb, 0x0b, 0xff, 0xff, 0xff, 0xff,
    0xff, 0xff, 0xf0, 0xbf, 0xff, 0xff, 0xff, 0xff, 0xff, 0xff, 0x00, 0x00, 0x00, 0x00, 0x00, 0x00,
    0x00, 0x00, 0x00, 0x06, 0x90, 0x00, 0x00, 0x00, 0x00, 0x08, 0x30, 0x6f, 0xf9, 0x00, 0x14, 0x41,
    0x00, 0x8f, 0xe3, 0x3e, 0xff, 0xab, 0xff, 0xff, 0xb8, 0xff, 0xf6, 0x03, 0xef, 0xff, 0xff, 0xff,
    0xff, 0xff, 0x60, 0x00, 0x6f, 0xfc, 0x40, 0x04, 0xcf, 0xf8, 0x00, 0x00, 0xaf, 0xd1, 0x00, 0x00,
    0x1d, 0xfa, 0x00, 0x00, 0xff, 0x60, 0x00, 0x00, 0x06, 0xff, 0x00, 0x03, 0xff, 0x40, 0x00, 0x00,
    0x04, 0xff, 0x30, 0x01, 0xff, 0x40, 0x00, 0x00, 0x04, 0xff, 0x10, 0x00, 0xef, 0x80, 0x00, 0x00,
    0x08, 0xfe, 0x00, 0x00, 0x8f, 0xf4, 0x00, 0x00, 0x3f, 0xf8, 0x00, 0x00, 0x9f, 0xff, 0x95, 0x59,
    0xff, 0xf9, 0x00, 0x08, 0xff, 0xff, 0xff, 0xff, 0xff, 0xff, 0x90, 0x5f, 0xff, 0x66, 0xab, 0xba,
    0x66, 0xff, 0xf8, 0x1c, 0xf6, 0x00, 0x00, 0x00, 0x00, 0x6f, 0xc1, 0x01, 0x50, 0x00, 0x00, 0x00,
    0x00, 0x05, 0x10, 0x0d, 0xff, 0x40, 0x00, 0x00, 0x00, 0x04, 0xff, 0xd0, 0x06, 0xff, 0xb0, 0x00,
    0x00, 0x00, 0x09, 0xff, 0x60, 0x00, 0xdf, 0xf4, 0x00, 0x00, 0x00, 0x2f, 0xfd, 0x00, 0x00, 0x6f,
    0xfb, 0x00, 0x00, 0x00, 0x9f, 0xf6, 0x00, 0x00, 0x0e, 0xff, 0x20, 0x00, 0x02, 0xff, 0xe0, 0x00,
    0x00, 0x08, 0xff, 0x90, 0x00, 0x08, 0xff, 0x80, 0x00, 0x00, 0x01, 0xef, 0xf2, 0x00, 0x1e, 0xfe,
    0x10, 0x00, 0x00, 0x00, 0x8f, 0xf9, 0x00, 0x8f, 0xf8, 0x00, 0x00, 0x00, 0x00, 0x1e, 0xfe, 0x10,
    0xdf, 0xe1, 0x00, 0x00, 0x00, 0x00, 0x08, 0xff, 0x86, 0xff, 0x80, 0x00, 0x00, 0x00, 0x00, 0x02,
    0xff, 0xdc, 0xff, 0x20, 0x00, 0x00, 0x02, 0x88, 0x88, 0xdf, 0xff, 0xfd, 0x88, 0x88, 0x20, 0x04,
    0xff, 0xff, 0xff, 0xff, 0xff, 0xff, 0xff, 0x40, 0x04, 0xff, 0xff, 0xff, 0xff, 0xff, 0xff, 0xff,
    0x40, 0x00, 0x00, 0x00, 0x08, 0xff, 0x80, 0x00, 0x00, 0x00, 0x00, 0x00, 0x00, 0x08, 0xff, 0x80,
    0x00, 0x00, 0x00, 0x04, 0xff, 0xff, 0xff, 0xff, 0xff, 0xff, 0xff, 0x40, 0x04, 0xff, 0xff, 0xff,
    0xff, 0xff, 0xff, 0xff, 0x40, 0x02, 0x88, 0x88, 0x8b, 0xff, 0xb8, 0x88, 0x88, 0x20, 0x00, 0x00,
    0x00, 0x08, 0xff, 0x80, 0x00, 0x00, 0x00, 0x00, 0x00, 0x00, 0x08, 0xff, 0x80, 0x00, 0x00, 0x00,
    0x00, 0x00, 0x00, 0x08, 0xff, 0x80, 0x00, 0x00, 0x00, 0x8f, 0xf8, 0x8f, 0xf8, 0x8f, 0xf8, 0x8f,
    0xf8, 0x8f, 0xf8, 0x8f, 0xf8, 0x8f, 0xf8, 0x8f, 0xf8, 0x8f, 0xf8, 0x8f, 0xf8, 0x8f, 0xf8, 0x48,
    0x84, 0x00, 0x00, 0x00, 0x00, 0x00, 0x00, 0x00, 0x00, 0x00, 0x00, 0x8f, 0xf8, 0x8f, 0xf8, 0x8f,
    0xf8, 0x8f, 0xf8, 0x8f, 0xf8, 0x8f, 0xf8, 0x8f, 0xf8, 0x8f, 0xf8, 0x8f, 0xf8, 0x8f, 0xf8, 0x8f,
    0xf8, 0x24, 0x42, 0x00, 0x00, 0x03, 0x44, 0x40, 0x00, 0x00, 0x00, 0x3a, 0xff, 0xff, 0xff, 0xb4,
    0x00, 0x05, 0xff, 0xff, 0xff, 0xff, 0xff, 0x60, 0x1e, 0xff, 0xc8, 0x44, 0x7b, 0xff, 0xf2, 0x5f,
    0xfd, 0x00, 0x00, 0x00, 0xbf, 0xf8, 0x8f, 0xf8, 0x00, 0x00, 0x00, 0x24, 0x42, 0x6f, 0xf9, 0x00,
    0x00, 0x00, 0x00, 0x00, 0x2f, 0xff, 0x40, 0x00, 0x00, 0x00, 0x00, 0x08, 0xff, 0xfd, 0xa8, 0x41,
    0x00, 0x00, 0x00, 0x8e, 0xff, 0xff, 0xff, 0xa3, 0x00, 0x00, 0x7b, 0xfd, 0xef, 0xff, 0xff, 0x60,
    0x09, 0xff, 0x60, 0x01, 0x4a, 0xff, 0xe2, 0x3f, 0xf9, 0x00, 0x00, 0x00, 0xaf, 0xf8, 0x8f, 0xf8,
    0x00, 0x00, 0x00, 0x4f, 0xfb, 0x8f, 0xf8, 0x00, 0x00, 0x00, 0x4f, 0xfb, 0x6f, 0xfb, 0x00, 0x00,
    0x00, 0x6f, 0xf7, 0x1e, 0xff, 0x92, 0x00, 0x01, 0xdf, 0xc1, 0x05, 0xff, 0xff, 0xeb, 0xbe, 0xd9,
    0x10, 0x00, 0x4d, 0xff, 0xff, 0xff, 0xe8, 0x10, 0x00, 0x00, 0x48, 0x9b, 0xff, 0xff, 0xc0, 0x00,
    0x00, 0x00, 0x00, 0x06, 0xef, 0xf7, 0x00, 0x00, 0x00, 0x00, 0x00, 0x6f, 0xfb, 0x00, 0x00, 0x00,
    0x00, 0x00, 0x4f, 0xfb, 0xbf, 0xf6, 0x00, 0x00, 0x00, 0x5f, 0xfb, 0x8f, 0xfe, 0x50, 0x00, 0x05,
    0xef, 0xf7, 0x1e, 0xff, 0xff, 0xff, 0xff, 0xff, 0xc1, 0x03, 0xbf, 0xff, 0xff, 0xff, 0xfb, 0x10,
    0x00, 0x03, 0x88, 0x88, 0x87, 0x30, 0x00, 0x02, 0x43, 0x00, 0x00, 0x34, 0x20, 0x2e, 0xff, 0x50,
    0x05, 0xff, 0xe2, 0x4f, 0xff, 0x80, 0x08, 0xff, 0xf4, 0x3f, 0xff, 0x70, 0x07, 0xff, 0xf3, 0x05,
    0x87, 0x00, 0x00, 0x78, 0x50, 0x00, 0x00, 0x00, 0x14, 0x41, 0x00, 0x00, 0x00, 0x00, 0x01, 0x8d,
    0xff, 0xff, 0xd8, 0x10, 0x00, 0x00, 0x4e, 0xfb, 0x84, 0x48, 0xbf, 0xe4, 0x00, 0x03, 0xfe, 0x40,
    0x00, 0x00, 0x04, 0xef, 0x30, 0x0d, 0xe3, 0x00, 0x01, 0x30, 0x00, 0x3e, 0xd0, 0x5f, 0x80, 0x04,
    0xdf, 0xfe, 0x80, 0x08, 0xf5, 0x8f, 0x30, 0x2f, 0xfb, 0x9e, 0xf7, 0x03, 0xf8, 0xaf, 0x00, 0x8f,
    0x90, 0x05, 0xfc, 0x00, 0xfa, 0xbf, 0x00, 0xaf, 0x80, 0x00, 0x44, 0x00, 0xfb, 0xbf, 0x00, 0xbf,
    0x80, 0x00, 0x00, 0x00, 0xfb, 0xbf, 0x00, 0xbf, 0x80, 0x00, 0x00, 0x00, 0xfb, 0xbf, 0x00, 0xbf,
    0x80, 0x00, 0x00, 0x00, 0xfb, 0xbf, 0x00, 0x8f, 0x80, 0x02, 0xba, 0x00, 0xfb, 0x8f, 0x10, 0x6f,
    0xd4, 0x29, 0xfa, 0x01, 0xf8, 0x7f, 0x50, 0x0b, 0xff, 0xff, 0xe2, 0x05, 0xf7, 0x2f, 0xb0, 0x00,
    0x68, 0xa7, 0x10, 0x0b, 0xf2, 0x08, 0xf9, 0x00, 0x00, 0x00, 0x00, 0x9f, 0x80, 0x00, 0xbf, 0xb3,
    0x00, 0x00, 0x3b, 0xfb, 0x00, 0x00, 0x08, 0xef, 0xfb, 0xbf, 0xfe, 0x80, 0x00, 0x00, 0x00, 0x16,
    0x8b, 0xb8, 0x61, 0x00, 0x00, 0x00, 0x03, 0x40, 0x00, 0x06, 0xef, 0xff, 0x80, 0x2f, 0xb3, 0x18,
    0xf7, 0x14, 0x10, 0x00, 0xfb, 0x04, 0x8b, 0xbb, 0xfb, 0x5f, 0xc8, 0x88, 0xfb, 0xbd, 0x00, 0x00,
    0xfb, 0xae, 0x10, 0x07, 0xfb, 0x4e, 0xeb, 0xc8, 0xfb, 0x02, 0x78, 0x40, 0x43, 0x00, 0x00, 0x00,
    0x78, 0x85, 0x00, 0x05, 0x88, 0x50, 0x00, 0x00, 0x6f, 0xfd, 0x10, 0x03, 0xff, 0xe3, 0x00, 0x00,
    0x3f, 0xfe, 0x30, 0x01, 0xef, 0xf5, 0x00, 0x00, 0x1d, 0xff, 0x60, 0x00, 0xbf, 0xf8, 0x00, 0x00,
    0x0b, 0xff, 0x80, 0x00, 0x8f, 0xfa, 0x00, 0x00, 0x08, 0xff, 0xa0, 0x00, 0x5f, 0xfc, 0x10, 0x00,
    0x05, 0xff, 0xc1, 0x00, 0x3e, 0xfe, 0x30, 0x00, 0x01, 0xef, 0xf5, 0x00, 0x0b, 0xff, 0x70, 0x00,
    0x00, 0x07, 0xff, 0xc1, 0x00, 0x4f, 0xfe, 0x10, 0x00, 0x00, 0x0a, 0xff, 0x90, 0x00, 0x8f, 0xfc,
    0x00, 0x00, 0x00, 0x1c, 0xff, 0x70, 0x00, 0xaf, 0xf9, 0x00, 0x00, 0x00, 0x3e, 0xff, 0x30, 0x01,
    0xdf, 0xf6, 0x00, 0x00, 0x00, 0x6f, 0xfe, 0x10, 0x03, 0xef, 0xe3, 0x00, 0x00, 0x00, 0x8f, 0xfc,
    0x00, 0x06, 0xff, 0xd1, 0x00, 0x00, 0x00, 0xab, 0xb6, 0x00, 0x08, 0xbb, 0x80, 0xff, 0xff, 0xff,
    0xff, 0xff, 0xff, 0xff, 0xff, 0xff, 0xff, 0xff, 0xff, 0xbb, 0xbb, 0xbb, 0xbb, 0xbe, 0xff, 0x00,
    0x00, 0x00, 0x00, 0x0b, 0xff, 0x00, 0x00, 0x00, 0x00, 0x0b, 0xff, 0x00, 0x00, 0x00, 0x00, 0x0b,
    0xff, 0x00, 0x00, 0x00, 0x00, 0x06, 0x88, 0x34, 0x44, 0x44, 0x44, 0x43, 0xbf, 0xff, 0xff, 0xff,
    0xfb, 0xbf, 0xff, 0xff, 0xff, 0xfb, 0x68, 0x88, 0x88, 0x88, 0x86, 0x00, 0x00, 0x00, 0x14, 0x41,
    0x00, 0x00, 0x00, 0x00, 0x01, 0x8d, 0xff, 0xff, 0xd8, 0x10, 0x00, 0x00, 0x4e, 0xfb, 0x84, 0x48,
    0xbf, 0xe4, 0x00, 0x03, 0xfe, 0x40, 0x00, 0x00, 0x04, 0xef, 0x30, 0x0d, 0xe3, 0x00, 0x00, 0x00,
    0x00, 0x3e, 0xd0, 0x5f, 0x80, 0x4f, 0xff, 0xfc, 0x50, 0x08, 0xf5, 0x8f, 0x30, 0x4f, 0xb8, 0x8e,
    0xf4, 0x03, 0xf8, 0xaf, 0x00, 0x4f, 0x80, 0x06, 0xf9, 0x00, 0xfa, 0xbf, 0x00, 0x4f, 0x80, 0x04,
    0xfa, 0x00, 0xfb, 0xbf, 0x00, 0x4f, 0x94, 0x5c, 0xf7, 0x00, 0xfb, 0xbf, 0x00, 0x4f, 0xff, 0xff,
    0x90, 0x00, 0xfb, 0xbf, 0x00, 0x4f, 0x94, 0xdf, 0x20, 0x00, 0xfb, 0xbf, 0x00, 0x4f, 0x80, 0x6f,
    0x80, 0x00, 0xfb, 0x8f, 0x10, 0x4f, 0x80, 0x1e, 0xe1, 0x01, 0xf8, 0x7f, 0x50, 0x4f, 0x80, 0x08,
    0xf6, 0x05, 0xf7, 0x2f, 0xb0, 0x28, 0x40, 0x02, 0x86, 0x0b, 0xf2, 0x08, 0xf9, 0x00, 0x00, 0x00,
    0x00, 0x9f, 0x80, 0x00, 0xbf, 0xb3, 0x00, 0x00, 0x3b, 0xfb, 0x00, 0x00, 0x08, 0xef, 0xfb, 0xbf,
    0xfe, 0x80, 0x00, 0x00, 0x00, 0x16, 0x8b, 0xb8, 0x61, 0x00, 0x00, 0x88, 0x88, 0x88, 0x88, 0x88,
    0xff, 0xff, 0xff, 0xff, 0xff, 0xff, 0xff, 0xff, 0xff, 0xff, 0x00, 0x00, 0x44, 0x00, 0x00, 0x01,
    0x8f, 0xff, 0xf8, 0x10, 0x0b, 0xfe, 0xaa, 0xef, 0xb0, 0x4f, 0xe3, 0x00, 0x3e, 0xf4, 0x8f, 0x80,
    0x00, 0x08, 0xf8, 0x8f, 0x80, 0x00, 0x08, 0xf8, 0x7f, 0xc0, 0x00, 0x0c, 0xf7, 0x1e, 0xfa, 0x44,
    0xaf, 0xe1, 0x04, 0xef, 0xff, 0xfe, 0x40, 0x00, 0x27, 0xaa, 0x72, 0x00, 0x00, 0x00, 0x00, 0x00,
    0x00, 0x00, 0x00, 0x00, 0x00, 0x00, 0x00, 0x8f, 0xf8, 0x00, 0x00, 0x00, 0x00, 0x00, 0x00, 0x8f,
    0xf8, 0x00, 0x00, 0x00, 0x00, 0x00, 0x00, 0x8f, 0xf8, 0x00, 0x00, 0x00, 0x00, 0x00, 0x00, 0x8f,
    0xf8, 0x00, 0x00, 0x00, 0x00, 0x00, 0x00, 0x8f, 0xf8, 0x00, 0x00, 0x00, 0x04, 0x44, 0x44, 0x9f,
    0xf9, 0x44, 0x44, 0x40, 0x0f, 0xff, 0xff, 0xff, 0xff, 0xff, 0xff, 0xf0, 0x0f, 0xff, 0xff, 0xff,
    0xff, 0xff, 0xff, 0xf0, 0x04, 0x44, 0x44, 0x9f, 0xf9, 0x44, 0x44, 0x40, 0x00, 0x00, 0x00, 0x8f,
    0xf8, 0x00, 0x00, 0x00, 0x00, 0x00, 0x00, 0x8f, 0xf8, 0x00, 0x00, 0x00, 0x00, 0x00, 0x00, 0x8f,
    0xf8, 0x00, 0x00, 0x00, 0x00, 0x00, 0x00, 0x8f, 0xf8, 0x00, 0x00, 0x00, 0x00, 0x00, 0x00, 0x8f,
    0xf8, 0x00, 0x00, 0x00, 0x04, 0x44, 0x44, 0x9f, 0xf9, 0x44, 0x44, 0x40, 0x0f, 0xff, 0xff, 0xff,
    0xff, 0xff, 0xff, 0xf0, 0x0f, 0xff, 0xff, 0xff, 0xff, 0xff, 0xff, 0xf0, 0x00, 0x00, 0x00, 0x00,
    0x00, 0x00, 0x5c, 0xff, 0xd8, 0x00, 0x08, 0xff, 0xff, 0xff, 0x90, 0x2f, 0xf8, 0x00, 0x7f, 0xf6,
    0x8f, 0xc0, 0x00, 0x0a, 0xfa, 0x24, 0x30, 0x00, 0x08, 0xfb, 0x00, 0x00, 0x00, 0x1e, 0xf7, 0x00,
    0x00, 0x01, 0xcf, 0xc0, 0x00, 0x00, 0x3e, 0xfc, 0x10, 0x00, 0x05, 0xef, 0xb1, 0x00, 0x00, 0x6f,
    0xf9, 0x00, 0x00, 0x09, 0xff, 0x60, 0x00, 0x00, 0x4f, 0xfc, 0x88, 0x88, 0x86, 0x4f, 0xff, 0xff,
    0xff, 0xfb, 0x28, 0x88, 0x88, 0x88, 0x86, 0x4f, 0xff, 0xff, 0xff, 0xf8, 0x4f, 0xff, 0xff, 0xff,
    0xf8, 0x14, 0x44, 0x44, 0x9f, 0xe3, 0x00, 0x00, 0x08, 0xfc, 0x20, 0x00, 0x01, 0xcf, 0x91, 0x00,
    0x00, 0x04, 0xff, 0xe9, 0x10, 0x00, 0x03, 0xbb, 0xff, 0xc1, 0x00, 0x00, 0x00, 0x3e, 0xf9, 0x00,
    0x00, 0x00, 0x08, 0xfd, 0x9b, 0x50, 0x00, 0x06, 0xfe, 0xaf, 0xa0, 0x00, 0x0b, 0xfb, 0x5f, 0xfb,
    0x66, 0xbf, 0xf5, 0x06, 0xff, 0xff, 0xff, 0x60, 0x00, 0x28, 0xbb, 0x82, 0x00, 0x00, 0x02, 0x88,
    0x70, 0x00, 0x0c, 0xff, 0x60, 0x00, 0x8f, 0xf8, 0x00, 0x05, 0xff, 0xb0, 0x00, 0x1a, 0xba, 0x10,
    0x00, 0x28, 0x86, 0x00, 0x00, 0x00, 0x48, 0x82, 0x4f, 0xfb, 0x00, 0x00, 0x00, 0x8f, 0xf4, 0x4f,
    0xfb, 0x00, 0x00, 0x00, 0x8f, 0xf4, 0x4f, 0xfb, 0x00, 0x00, 0x00, 0x8f, 0xf4, 0x4f, 0xfb, 0x00,
    0x00, 0x00, 0x8f, 0xf4, 0x4f, 0xfb, 0x00, 0x00, 0x00, 0x8f, 0xf4, 0x4f, 0xfb, 0x00, 0x00, 0x00,
    0x8f, 0xf4, 0x4f, 0xfb, 0x00, 0x00, 0x00, 0x8f, 0xf4, 0x4f, 0xfb, 0x00, 0x00, 0x00, 0x8f, 0xf4,
    0x4f, 0xfb, 0x00, 0x00, 0x00, 0x8f, 0xf4, 0x4f, 0xfb, 0x00, 0x00, 0x00, 0x8f, 0xf4, 0x4f, 0xfb,
    0x00, 0x00, 0x00, 0x9f, 0xf4, 0x4f, 0xfd, 0x00, 0x00, 0x00, 0xcf, 0xf4, 0x4f, 0xfe, 0x60, 0x00,
    0x06, 0xff, 0xf4, 0x4f, 0xfb, 0xf8, 0x45, 0x9f, 0xbf, 0xf4, 0x4f, 0xf8, 0xef, 0xff, 0xfe, 0x8f,
    0xf4, 0x4f, 0xf8, 0x6f, 0xff, 0xe6, 0x8f, 0xf4, 0x4f, 0xfb, 0x01, 0x44, 0x10, 0x00, 0x00, 0x4f,
    0xfb, 0x00, 0x00, 0x00, 0x00, 0x00, 0x4f, 0xfb, 0x00, 0x00, 0x00, 0x00, 0x00, 0x4f, 0xfb, 0x00,
    0x00, 0x00, 0x00, 0x00, 0x4f, 0xfb, 0x00, 0x00, 0x00, 0x00, 0x00, 0x28, 0x86, 0x00, 0x00, 0x00,
    0x00, 0x00, 0x00, 0x04, 0x9b, 0xff, 0xf0, 0x04, 0xff, 0x40, 0x08, 0xff, 0xff, 0xff, 0x00, 0x4f,
    0xf4, 0x06, 0xff, 0xff, 0xff, 0xf0, 0x04, 0xff, 0x40, 0xdf, 0xff, 0xff, 0xff, 0x00, 0x4f, 0xf4,
    0x0f, 0xff, 0xff, 0xff, 0xf0, 0x04, 0xff, 0x40, 0xff, 0xff, 0xff, 0xff, 0x00, 0x4f, 0xf4, 0x0f,
    0xff, 0xff, 0xff, 0xf0, 0x04, 0xff, 0x40, 0xff, 0xff, 0xff, 0xff, 0x00, 0x4f, 0xf4, 0x0f, 0xff,
    0xff, 0xff, 0xf0, 0x04, 0xff, 0x40, 0xbf, 0xff, 0xff, 0xff, 0x00, 0x4f, 0xf4, 0x04, 0xff, 0xff,
    0xff, 0xf0, 0x04, 0xff, 0x40, 0x06, 0xef, 0xff, 0xff, 0x00, 0x4f, 0xf4, 0x00, 0x01, 0x79, 0xdf,
    0xf0, 0x04, 0xff, 0x40, 0x00, 0x00, 0x08, 0xff, 0x00, 0x4f, 0xf4, 0x00, 0x00, 0x00, 0x8f, 0xf0,
    0x04, 0xff, 0x40, 0x00, 0x00, 0x08, 0xff, 0x00, 0x4f, 0xf4, 0x00, 0x00, 0x00, 0x8f, 0xf0, 0x04,
    0xff, 0x40, 0x00, 0x00, 0x08, 0xff, 0x00, 0x4f, 0xf4, 0x00, 0x00, 0x00, 0x8f, 0xf0, 0x04, 0xff,
    0x40, 0x00, 0x00, 0x08, 0xff, 0x00, 0x4f, 0xf4, 0x00, 0x00, 0x00, 0x8f, 0xf0, 0x04, 0xff, 0x40,
    0x00, 0x00, 0x08, 0xff, 0x00, 0x4f, 0xf4, 0x00, 0x00, 0x00, 0x8f, 0xf0, 0x04, 0xff, 0x40, 0x00,
    0x00, 0x08, 0xff, 0x00, 0x4f, 0xf4, 0x00, 0x00, 0x00, 0x8f, 0xf0, 0x04, 0xff, 0x40, 0x00, 0x00,
    0x08, 0xff, 0x00, 0x4f, 0xf4, 0x00, 0x00, 0x00, 0x8f, 0xf0, 0x04, 0xff, 0x40, 0x00, 0x00, 0x04,
    0x88, 0x00, 0x28, 0x82, 0x05, 0xbb, 0x50, 0x4f, 0xff, 0xf4, 0x8f, 0xff, 0xf8, 0x7f, 0xff, 0xf7,
    0x1c, 0xff, 0xc1, 0x00, 0x33, 0x00, 0x07, 0xb3, 0x00, 0x00, 0xde, 0x00, 0x00, 0x4f, 0xfc, 0x81,
    0x00, 0x25, 0xcf, 0xe2, 0x00, 0x05, 0xff, 0x78, 0x88, 0xef, 0xf4, 0xff, 0xff, 0xd6, 0x04, 0x44,
    0x20, 0x00, 0x00, 0x18, 0xff, 0xf0, 0x00, 0x00, 0x5e, 0xff, 0xff, 0x00, 0x00, 0x7f, 0xfb, 0x7f,
    0xf0, 0x00, 0x08, 0xe6, 0x04, 0xff, 0x00, 0x00, 0x41, 0x00, 0x4f, 0xf0, 0x00, 0x00, 0x00, 0x04,
    0xff, 0x00, 0x00, 0x00, 0x00, 0x4f, 0xf0, 0x00, 0x00, 0x00, 0x04, 0xff, 0x00, 0x00, 0x00, 0x00,
    0x4f, 0xf0, 0x00, 0x00, 0x00, 0x04, 0xff, 0x00, 0x00, 0x00, 0x00, 0x4f, 0xf0, 0x00, 0x04, 0x88,
    0x89, 0xff, 0x88, 0x84, 0x8f, 0xff, 0xff, 0xff, 0xff, 0x84, 0x88, 0x88, 0x88, 0x88, 0x84, 0x00,
    0x00, 0x00, 0x00, 0x04, 0xdf, 0xfd, 0x40, 0x2e, 0xc5, 0x5c, 0xe2, 0x8f, 0x30, 0x03, 0xf8, 0x8f,
    0x00, 0x00, 0xf8, 0x8f, 0x00, 0x00, 0xf8, 0x8f, 0x10, 0x01, 0xf8, 0x6f, 0x70, 0x07, 0xf6, 0x0c,
    0xfb, 0xbf, 0xc0, 0x00, 0x68, 0x86, 0x00, 0x58, 0x85, 0x00, 0x05, 0x88, 0x70, 0x00, 0x00, 0x03,
    0xef, 0xf3, 0x00, 0x1d, 0xff, 0x60, 0x00, 0x00, 0x05, 0xff, 0xe1, 0x00, 0x3f, 0xff, 0x30, 0x00,
    0x00, 0x08, 0xff, 0xb0, 0x00, 0x6f, 0xfd, 0x10, 0x00, 0x00, 0x0b, 0xff, 0x80, 0x00, 0x9f, 0xfb,
    0x00, 0x00, 0x00, 0x1d, 0xff, 0x50, 0x00, 0xcf, 0xf8, 0x00, 0x00, 0x00, 0x3e, 0xfe, 0x30, 0x01,
    0xef, 0xf5, 0x00, 0x00, 0x00, 0x8f, 0xfb, 0x00, 0x06, 0xff, 0xe1, 0x00, 0x00, 0x2e, 0xff, 0x40,
    0x01, 0xcf, 0xf7, 0x00, 0x00, 0x0c, 0xff, 0x80, 0x00, 0xaf, 0xfa, 0x00, 0x00, 0x09, 0xff, 0xa0,
    0x00, 0x7f, 0xfc, 0x10, 0x00, 0x06, 0xff, 0xd1, 0x00, 0x4f, 0xfe, 0x30, 0x00, 0x03, 0xef, 0xe3,
    0x00, 0x1e, 0xff, 0x60, 0x00, 0x01, 0xdf, 0xf6, 0x00, 0x0c, 0xff, 0x80, 0x00, 0x00, 0x7b, 0xb8,
    0x00, 0x06, 0xbb, 0xa0, 0x00, 0x00, 0x00, 0x00, 0x1b, 0xff, 0x80, 0x00, 0x00, 0x00, 0x2e, 0xf9,
    0x02, 0xcf, 0xcf, 0x80, 0x00, 0x00, 0x00, 0xbf, 0xd1, 0x08, 0xf8, 0x8f, 0x80, 0x00, 0x00, 0x07,
    0xff, 0x40, 0x08, 0x60, 0x8f, 0x80, 0x00, 0x00, 0x3f, 0xf8, 0x00, 0x00, 0x00, 0x8f, 0x80, 0x00,
    0x00, 0xcf, 0xc1, 0x00, 0x00, 0x00, 0x8f, 0x80, 0x00, 0x08, 0xff, 0x30, 0x00, 0x00, 0x00, 0x8f,
    0x80, 0x00, 0x3f, 0xf8, 0x00, 0x00, 0x00, 0x00, 0x8f, 0x80, 0x01, 0xdf, 0xc0, 0x00, 0x00, 0x0b,
    0xbb, 0xdf, 0xdb, 0xbb, 0xfe, 0x20, 0x00, 0x00, 0x0b, 0xbb, 0xbb, 0xbb, 0xdf, 0xf7, 0x00, 0x00,
    0x00, 0x00, 0x00, 0x00, 0x01, 0xef, 0xb0, 0x00, 0x00, 0x00, 0x00, 0x00, 0x00, 0x0a, 0xfe, 0x20,
    0x00, 0x00, 0x00, 0x00, 0x00, 0x00, 0x5f, 0xf5, 0x00, 0x5b, 0x90, 0x00, 0x00, 0x00, 0x02, 0xef,
    0xa0, 0x02, 0xef, 0x30, 0x00, 0x00, 0x00, 0x0b, 0xfe, 0x10, 0x0b, 0xf8, 0x00, 0x00, 0x00, 0x00,
    0x7f, 0xf4, 0x00, 0x8f, 0xb0, 0x34, 0x10, 0x00, 0x03, 0xef, 0x80, 0x04, 0xfe, 0x10, 0xbf, 0x40,
    0x00, 0x0c, 0xfd, 0x10, 0x0d, 0xf5, 0x00, 0xbf, 0x40, 0x00, 0x8f, 0xf3, 0x00, 0x0f, 0xfb, 0xbb,
    0xef, 0x40, 0x03, 0xff, 0x80, 0x00, 0x0f, 0xff, 0xff, 0xff, 0x40, 0x1c, 0xfc, 0x00, 0x00, 0x00,
    0x00, 0x00, 0xbf, 0x40, 0x8f, 0xf3, 0x00, 0x00, 0x00, 0x00, 0x00, 0xbf, 0x40, 0x00, 0x1b, 0xff,
    0x80, 0x00, 0x00, 0x00, 0x2e, 0xf9, 0x02, 0xcf, 0xcf, 0x80, 0x00, 0x00, 0x00, 0xbf, 0xd1, 0x08,
    0xf8, 0x8f, 0x80, 0x00, 0x00, 0x07, 0xff, 0x40, 0x08, 0x60, 0x8f, 0x80, 0x00, 0x00, 0x3f, 0xf8,
    0x00, 0x00, 0x00, 0x8f, 0x80, 0x00, 0x00, 0xcf, 0xc1, 0x00, 0x00, 0x00, 0x8f, 0x80, 0x00, 0x08,
    0xff, 0x30, 0x00, 0x00, 0x00, 0x8f, 0x80, 0x00, 0x4f, 0xf8, 0x00, 0x00, 0x00, 0x00, 0x8f, 0x80,
    0x01, 0xdf, 0xc0, 0x00, 0x00, 0x0b, 0xbb, 0xdf, 0xdb, 0xbc, 0xfe, 0x20, 0x00, 0x00, 0x0b, 0xbb,
    0xbb, 0xbb, 0xdf, 0xf7, 0x00, 0x00, 0x00, 0x00, 0x00, 0x00, 0x01, 0xef, 0xb0, 0x00, 0x00, 0x00,
    0x00, 0x00, 0x00, 0x0a, 0xfe, 0x20, 0x00, 0x00, 0x00, 0x00, 0x00, 0x00, 0x5f, 0xf5, 0x19, 0xce,
    0xb5, 0x00, 0x00, 0x00, 0x02, 0xef, 0xa1, 0xcf, 0xcb, 0xef, 0x60, 0x00, 0x00, 0x0b, 0xfe, 0x16,
    0xfa, 0x00, 0x3f, 0xd0, 0x00, 0x00, 0x7f, 0xf4, 0x04, 0x84, 0x00, 0x0f, 0xf0, 0x00, 0x03, 0xef,
    0x80, 0x00, 0x00, 0x00, 0x4f, 0xb0, 0x00, 0x0c, 0xfd, 0x10, 0x00, 0x00, 0x07, 0xee, 0x30, 0x00,
    0x8f, 0xf3, 0x00, 0x00, 0x04, 0xbf, 0xb3, 0x00, 0x03, 0xff, 0x80, 0x00, 0x02, 0x9f, 0xd6, 0x00,
    0x00, 0x1c, 0xfc, 0x00, 0x00, 0x08, 0xfe, 0x88, 0x88, 0x82, 0x8f, 0xf3, 0x00, 0x00, 0x08, 0xff,
    0xff, 0xff, 0xf4, 0x08, 0xff, 0xff, 0xff, 0x00, 0x00, 0x00, 0x2e, 0xf9, 0x06, 0xbb, 0xbc, 0xff,
    0x00, 0x00, 0x00, 0xbf, 0xd1, 0x00, 0x00, 0x3c, 0xd3, 0x00, 0x00, 0x07, 0xff, 0x40, 0x00, 0x02,
    0xee, 0x20, 0x00, 0x00, 0x3f, 0xf8, 0x00, 0x00, 0x04, 0xff, 0xe6, 0x00, 0x00, 0xcf, 0xc1, 0x00,
    0x00, 0x01, 0x46, 0xef, 0x30, 0x08, 0xff, 0x30, 0x00, 0x14, 0x30, 0x00, 0x8f, 0x80, 0x3f, 0xf8,
    0x00, 0x00, 0x3f, 0xd0, 0x00, 0xaf, 0x71, 0xdf, 0xc0, 0x00, 0x00, 0x0b, 0xfd, 0x8c, 0xfe, 0x18,
    0xfe, 0x20, 0x00, 0x00, 0x01, 0x8d, 0xfe, 0x92, 0x4f, 0xf7, 0x00, 0x00, 0x00, 0x00, 0x00, 0x00,
    0x01, 0xef, 0xb0, 0x00, 0x00, 0x00, 0x00, 0x00, 0x00, 0x0a, 0xfe, 0x20, 0x00, 0x00, 0x00, 0x00,
    0x00, 0x00, 0x5f, 0xf5, 0x00, 0x5b, 0x90, 0x00, 0x00, 0x00, 0x02, 0xef, 0xa0, 0x02, 0xef, 0x30,
    0x00, 0x00, 0x00, 0x0b, 0xfe, 0x10, 0x0b, 0xf8, 0x00, 0x00, 0x00, 0x00, 0x7f, 0xf4, 0x00, 0x8f,
    0xb0, 0x34, 0x10, 0x00, 0x02, 0xef, 0x80, 0x04, 0xfe, 0x10, 0xbf, 0x40, 0x00, 0x0c, 0xfd, 0x10,
    0x0d, 0xf5, 0x00, 0xbf, 0x40, 0x00, 0x8f, 0xf3, 0x00, 0x0f, 0xfb, 0xbb, 0xef, 0x40, 0x03, 0xff,
    0x80, 0x00, 0x0f, 0xff, 0xff, 0xff, 0x40, 0x1c, 0xfc, 0x00, 0x00, 0x00, 0x00, 0x00, 0xbf, 0x40,
    0x8f, 0xf3, 0x00, 0x00, 0x00, 0x00, 0x00, 0xbf, 0x40, 0x00, 0x00, 0x01, 0x8b, 0x81, 0x00, 0x00,
    0x00, 0x09, 0xff, 0xfa, 0x00, 0x00, 0x00, 0x0b, 0xff, 0xfb, 0x00, 0x00, 0x00, 0x05, 0xef, 0xe6,
    0x00, 0x00, 0x00, 0x00, 0x00, 0x00, 0x00, 0x00, 0x00, 0x00, 0x00, 0x00, 0x00, 0x00, 0x00, 0x00,
    0x00, 0x00, 0x00, 0x00, 0x00, 0x00, 0xff, 0xf0, 0x00, 0x00, 0x00, 0x00, 0xff, 0xf0, 0x00, 0x00,
    0x00, 0x03, 0xff, 0xf0, 0x00, 0x00, 0x18, 0xef, 0xff, 0xf0, 0x00, 0x01, 0xcf, 0xff, 0xff, 0xf0,
    0x00, 0x0b, 0xff, 0xf9, 0x54, 0x40, 0x00, 0x3f, 0xff, 0x30, 0x00, 0x00, 0x00, 0x8f, 0xf8, 0x00,
    0x00, 0x00, 0x00, 0xbf, 0xf5, 0x00, 0x00, 0x00, 0x00, 0xaf, 0xf5, 0x00, 0x00, 0x00, 0x00, 0x8f,
    0xf9, 0x00, 0x00, 0x00, 0x00, 0x3f, 0xff, 0x60, 0x00, 0x00, 0x00, 0x0b, 0xff, 0xfa, 0x88, 0x88,
    0x82, 0x01, 0xcf, 0xff, 0xff, 0xff, 0xf4, 0x00, 0x18, 0xef, 0xff, 0xff, 0xf4, 0x00, 0x00, 0x04,
    0x58, 0x88, 0x82, 0x00, 0x03, 0x88, 0x70, 0x00, 0x00, 0x00, 0x00, 0x00, 0x00, 0xbf, 0xf8, 0x00,
    0x00, 0x00, 0x00, 0x00, 0x00, 0x1c, 0xff, 0x40, 0x00, 0x00, 0x00, 0x00, 0x00, 0x03, 0xef, 0xe2,
    0x00, 0x00, 0x00, 0x00, 0x00, 0x00, 0x5b, 0xb8, 0x00, 0x00, 0x00, 0x00, 0x00, 0x00, 0x00, 0x00,
    0x00, 0x00, 0x00, 0x00, 0x00, 0x00, 0x00, 0x00, 0x00, 0x00, 0x00, 0x00, 0x00, 0x01, 0xff, 0xff,
    0x10, 0x00, 0x00, 0x00, 0x00, 0x05, 0xff, 0xff, 0x50, 0x00, 0x00, 0x00, 0x00, 0x08, 0xff, 0xff,
    0x90, 0x00, 0x00, 0x00, 0x00, 0x0c, 0xfc, 0xcf, 0xd0, 0x00, 0x00, 0x00, 0x00, 0x1f, 0xf9, 0x9f,
    0xf2, 0x00, 0x00, 0x00, 0x00, 0x6f, 0xf6, 0x6f, 0xf6, 0x00, 0x00, 0x00, 0x00, 0x9f, 0xf3, 0x2f,
    0xf9, 0x00, 0x00, 0x00, 0x00, 0xdf, 0xe0, 0x0d, 0xfd, 0x00, 0x00, 0x00, 0x02, 0xff, 0xa0, 0x0a,
    0xff, 0x20, 0x00, 0x00, 0x06, 0xff, 0x70, 0x07, 0xff, 0x60, 0x00, 0x00, 0x09, 0xff, 0x30, 0x03,
    0xff, 0xa0, 0x00, 0x00, 0x0d, 0xfe, 0x00, 0x00, 0xef, 0xe0, 0x00, 0x00, 0x3f, 0xfa, 0x00, 0x00,
    0xaf, 0xf3, 0x00, 0x00, 0x7f, 0xf9, 0x44, 0x44, 0x9f, 0xf7, 0x00, 0x00, 0xaf, 0xff, 0xff, 0xff,
    0xff, 0xfa, 0x00, 0x00, 0xef, 0xff, 0xff, 0xff, 0xff, 0xfe, 0x00, 0x03, 0xff, 0xc4, 0x44, 0x44,
    0x4c, 0xff, 0x30, 0x07, 0xff, 0x80, 0x00, 0x00, 0x08, 0xff, 0x70, 0x0a, 0xff, 0x40, 0x00, 0x00,
    0x04, 0xff, 0xa0, 0x0f, 0xff, 0x00, 0x00, 0x00, 0x00, 0xff, 0xf0, 0x4f, 0xfb, 0x00, 0x00, 0x00,
    0x00, 0xbf, 0xf4, 0x8f, 0xf8, 0x00, 0x00, 0x00, 0x00, 0x8f, 0xf8, 0x00, 0x00, 0x00, 0x00, 0x07,
    0x88, 0x30, 0x00, 0x00, 0x00, 0x00, 0x00, 0x7f, 0xfa, 0x00, 0x00, 0x00, 0x00, 0x00, 0x03, 0xff,
    0xc1, 0x00, 0x00, 0x00, 0x00, 0x00, 0x1d, 0xfe, 0x30, 0x00, 0x00, 0x00, 0x00, 0x00, 0x7b, 0xb5,
    0x00, 0x00, 0x00, 0x00, 0x00, 0x00, 0x00, 0x00, 0x00, 0x00, 0x00, 0x00, 0x00, 0x00, 0x00, 0x00,
    0x00, 0x00, 0x00, 0x00, 0x00, 0x01, 0xff, 0xff, 0x10, 0x00, 0x00, 0x00, 0x00, 0x05, 0xff, 0xff,
    0x50, 0x00, 0x00, 0x00, 0x00, 0x08, 0xff, 0xff, 0x90, 0x00, 0x00, 0x00, 0x00, 0x0c, 0xfc, 0xcf,
    0xd0, 0x00, 0x00, 0x00, 0x00, 0x1f, 0xf9, 0x9f, 0xf2, 0x00, 0x00, 0x00, 0x00, 0x6f, 0xf6, 0x6f,
    0xf6, 0x00, 0x00, 0x00, 0x00, 0x9f, 0xf3, 0x2f, 0xf9, 0x00, 0x00, 0x00, 0x00, 0xdf, 0xe0, 0x0d,
    0xfd, 0x00, 0x00, 0x00, 0x02, 0xff, 0xa0, 0x0a, 0xff, 0x20, 0x00, 0x00, 0x06, 0xff, 0x70, 0x07,
    0xff, 0x60, 0x00, 0x00, 0x09, 0xff, 0x30, 0x03, 0xff, 0xa0, 0x00, 0x00, 0x0d, 0xfe, 0x00, 0x00,
    0xef, 0xe0, 0x00, 0x00, 0x3f, 0xfa, 0x00, 0x00, 0xaf, 0xf3, 0x00, 0x00, 0x7f, 0xf9, 0x44, 0x44,
    0x9f, 0xf7, 0x00, 0x00, 0xaf, 0xff, 0xff, 0xff, 0xff, 0xfa, 0x00, 0x00, 0xef, 0xff, 0xff, 0xff,
    0xff, 0xfe, 0x00, 0x03, 0xff, 0xc4, 0x44, 0x44, 0x4c, 0xff, 0x30, 0x07, 0xff, 0x80, 0x00, 0x00,
    0x08, 0xff, 0x70, 0x0a, 0xff, 0x40, 0x00, 0x00, 0x04, 0xff, 0xa0, 0x0f, 0xff, 0x00, 0x00, 0x00,
    0x00, 0xff, 0xf0, 0x4f, 0xfb, 0x00, 0x00, 0x00, 0x00, 0xbf, 0xf4, 0x8f, 0xf8, 0x00, 0x00, 0x00,
    0x00, 0x8f, 0xf8, 0x00, 0x00, 0x00, 0x58, 0x85, 0x00, 0x00, 0x00, 0x00, 0x00, 0x06, 0xff, 0xff,
    0x60, 0x00, 0x00, 0x00, 0x00, 0x6f, 0xfc, 0xcf, 0xf6, 0x00, 0x00, 0x00, 0x06, 0xff, 0xc1, 0x1c,
    0xff, 0x60, 0x00, 0x00, 0x3b, 0xba, 0x10, 0x01, 0xab, 0xb3, 0x00, 0x00, 0x00, 0x00, 0x00, 0x00,
    0x00, 0x00, 0x00, 0x00, 0x00, 0x00, 0x00, 0x00, 0x00, 0x00, 0x00, 0x00, 0x00, 0x01, 0xff, 0xff,
    0x10, 0x00, 0x00, 0x00, 0x00, 0x05, 0xff, 0xff, 0x50, 0x00, 0x00, 0x00, 0x00, 0x08, 0xff, 0xff,
    0x90, 0x00, 0x00, 0x00, 0x00, 0x0c, 0xfc, 0xcf, 0xd0, 0x00, 0x00, 0x00, 0x00, 0x1f, 0xf9, 0x9f,
    0xf2, 0x00, 0x00, 0x00, 0x00, 0x6f, 0xf6, 0x6f, 0xf6, 0x00, 0x00, 0x00, 0x00, 0x9f, 0xf3, 0x2f,
    0xf9, 0x00, 0x00, 0x00, 0x00, 0xdf, 0xe0, 0x0d, 0xfd, 0x00, 0x00, 0x00, 0x02, 0xff, 0xa0, 0x0a,
    0xff, 0x20, 0x00, 0x00, 0x06, 0xff, 0x70, 0x07, 0xff, 0x60, 0x00, 0x00, 0x09, 0xff, 0x30, 0x03,
    0xff, 0xa0, 0x00, 0x00, 0x0d, 0xfe, 0x00, 0x00, 0xef, 0xe0, 0x00, 0x00, 0x3f, 0xfa, 0x00, 0x00,
    0xaf, 0xf3, 0x00, 0x00, 0x7f, 0xf9, 0x44, 0x44, 0x9f, 0xf7, 0x00, 0x00, 0xaf, 0xff, 0xff, 0xff,
    0xff, 0xfa, 0x00, 0x00, 0xef, 0xff, 0xff, 0xff, 0xff, 0xfe, 0x00, 0x03, 0xff, 0xc4, 0x44, 0x44,
    0x4c, 0xff, 0x30, 0x07, 0xff, 0x80, 0x00, 0x00, 0x08, 0xff, 0x70, 0x0a, 0xff, 0x40, 0x00, 0x00,
    0x04, 0xff, 0xa0, 0x0f, 0xff, 0x00, 0x00, 0x00, 0x00, 0xff, 0xf0, 0x4f, 0xfb, 0x00, 0x00, 0x00,
    0x00, 0xbf, 0xf4, 0x8f, 0xf8, 0x00, 0x00, 0x00, 0x00, 0x8f, 0xf8, 0x00, 0x00, 0x26, 0x61, 0x00,
    0x14, 0x40, 0x00, 0x00, 0x04, 0xef, 0xfe, 0x30, 0x4f, 0xf0, 0x00, 0x00, 0x0b, 0xfb, 0x9f, 0xe8,
    0x9f, 0xb0, 0x00, 0x00, 0x0e, 0xf4, 0x06, 0xff, 0xff, 0x50, 0x00, 0x00, 0x08, 0x82, 0x00, 0x48,
    0x84, 0x00, 0x00, 0x00, 0x00, 0x00, 0x00, 0x00, 0x00, 0x00, 0x00, 0x00, 0x00, 0x00, 0x00, 0x00,
    0x00, 0x00, 0x00, 0x00, 0x00, 0x01, 0xff, 0xff, 0x10, 0x00, 0x00, 0x00, 0x00, 0x05, 0xff, 0xff,
    0x50, 0x00, 0x00, 0x00, 0x00, 0x08, 0xff, 0xff, 0x90, 0x00, 0x00, 0x00, 0x00, 0x0c, 0xfc, 0xcf,
    0xd0, 0x00, 0x00, 0x00, 0x00, 0x1f, 0xf9, 0x9f, 0xf2, 0x00, 0x00, 0x00, 0x00, 0x6f, 0xf6, 0x6f,
    0xf6, 0x00, 0x00, 0x00, 0x00, 0x9f, 0xf3, 0x2f, 0xf9, 0x00, 0x00, 0x00, 0x00, 0xdf, 0xe0, 0x0d,
    0xfd, 0x00, 0x00, 0x00, 0x02, 0xff, 0xa0, 0x0a, 0xff, 0x20, 0x00, 0x00, 0x06, 0xff, 0x70, 0x07,
    0xff, 0x60, 0x00, 0x00, 0x09, 0xff, 0x30, 0x03, 0xff, 0xa0, 0x00, 0x00, 0x0d, 0xfe, 0x00, 0x00,
    0xef, 0xe0, 0x00, 0x00, 0x3f, 0xfa, 0x00, 0x00, 0xaf, 0xf3, 0x00, 0x00, 0x7f, 0xf9, 0x44, 0x44,
    0x9f, 0xf7, 0x00, 0x00, 0xaf, 0xff, 0xff, 0xff, 0xff, 0xfa, 0x00, 0x00, 0xef, 0xff, 0xff, 0xff,
    0xff, 0xfe, 0x00, 0x03, 0xff, 0xc4, 0x44, 0x44, 0x4c, 0xff, 0x30, 0x07, 0xff, 0x80, 0x00, 0x00,
    0x08, 0xff, 0x70, 0x0a, 0xff, 0x40, 0x00, 0x00, 0x04, 0xff, 0xa0, 0x0f, 0xff, 0x00, 0x00, 0x00,
    0x00, 0xff, 0xf0, 0x4f, 0xfb, 0x00, 0x00, 0x00, 0x00, 0xbf, 0xf4, 0x8f, 0xf8, 0x00, 0x00, 0x00,
    0x00, 0x8f, 0xf8, 0x00, 0x02, 0x73, 0x00, 0x00, 0x37, 0x20, 0x00, 0x00, 0x2e, 0xff, 0x50, 0x05,
    0xff, 0xe2, 0x00, 0x00, 0x4f, 0xff, 0x80, 0x08, 0xff, 0xf4, 0x00, 0x00, 0x3f, 0xff, 0x70, 0x07,
    0xff, 0xf3, 0x00, 0x00, 0x04, 0x86, 0x00, 0x00, 0x68, 0x40, 0x00, 0x00, 0x00, 0x00, 0x00, 0x00,
    0x00, 0x00, 0x00, 0x00, 0x00, 0x00, 0x00, 0x00, 0x00, 0x00, 0x00, 0x00, 0x00, 0x01, 0xff, 0xff,
    0x10, 0x00, 0x00, 0x00, 0x00, 0x05, 0xff, 0xff, 0x50, 0x00, 0x00, 0x00, 0x00, 0x08, 0xff, 0xff,
    0x90, 0x00, 0x00, 0x00, 0x00, 0x0c, 0xfc, 0xcf, 0xd0, 0x00, 0x00, 0x00, 0x00, 0x1f, 0xf9, 0x9f,
    0xf2, 0x00, 0x00, 0x00, 0x00, 0x6f, 0xf6, 0x6f, 0xf6, 0x00, 0x00, 0x00, 0x00, 0x9f, 0xf3, 0x2f,
    0xf9, 0x00, 0x00, 0x00, 0x00, 0xdf, 0xe0, 0x0d, 0xfd, 0x00, 0x00, 0x00, 0x02, 0xff, 0xa0, 0x0a,
    0xff, 0x20, 0x00, 0x00, 0x06, 0xff, 0x70, 0x07, 0xff, 0x60, 0x00, 0x00, 0x09, 0xff, 0x30, 0x03,
    0xff, 0xa0, 0x00, 0x00, 0x0d, 0xfe, 0x00, 0x00, 0xef, 0xe0, 0x00, 0x00, 0x3f, 0xfa, 0x00, 0x00,
    0xaf, 0xf3, 0x00, 0x00, 0x7f, 0xf9, 0x44, 0x44, 0x9f, 0xf7, 0x00, 0x00, 0xaf, 0xff, 0xff, 0xff,
    0xff, 0xfa, 0x00, 0x00, 0xef, 0xff, 0xff, 0xff, 0xff, 0xfe, 0x00, 0x03, 0xff, 0xc4, 0x44, 0x44,
    0x4c, 0xff, 0x30, 0x07, 0xff, 0x80, 0x00, 0x00, 0x08, 0xff, 0x70, 0x0a, 0xff, 0x40, 0x00, 0x00,
    0x04, 0xff, 0xa0, 0x0f, 0xff, 0x00, 0x00, 0x00, 0x00, 0xff, 0xf0, 0x4f, 0xfb, 0x00, 0x00, 0x00,
    0x00, 0xbf, 0xf4, 0x8f, 0xf8, 0x00, 0x00, 0x00, 0x00, 0x8f, 0xf8, 0x00, 0x00, 0x02, 0x9c, 0xc9,
    0x20, 0x00, 0x00, 0x00, 0x00, 0x2e, 0xfc, 0xcf, 0xe2, 0x00, 0x00, 0x00, 0x00, 0x8f, 0x80, 0x08,
    0xf8, 0x00, 0x00, 0x00, 0x00, 0xbf, 0x40, 0x04, 0xfb, 0x00, 0x00, 0x00, 0x00, 0x8f, 0x70, 0x07,
    0xf8, 0x00, 0x00, 0x00, 0x00, 0x3f, 0xfa, 0xaf, 0xf3, 0x00, 0x00, 0x00, 0x00, 0x04, 0xdf, 0xfd,
    0x40, 0x00, 0x00, 0x00, 0x00, 0x00, 0x00, 0x00, 0x00, 0x00, 0x00, 0x00, 0x00, 0x01, 0xff, 0xff,
    0x10, 0x00, 0x00, 0x00, 0x00, 0x05, 0xff, 0xff, 0x50, 0x00, 0x00, 0x00, 0x00, 0x08, 0xff, 0xff,
    0x90, 0x00, 0x00, 0x00, 0x00, 0x0c, 0xfc, 0xcf, 0xd0, 0x00, 0x00, 0x00, 0x00, 0x1f, 0xf9, 0x9f,
    0xf2, 0x00, 0x00, 0x00, 0x00, 0x6f, 0xf6, 0x6f, 0xf6, 0x00, 0x00, 0x00, 0x00, 0x9f, 0xf3, 0x2f,
    0xf9, 0x00, 0x00, 0x00, 0x00, 0xdf, 0xe0, 0x0d, 0xfd, 0x00, 0x00, 0x00, 0x02, 0xff, 0xa0, 0x0a,
    0xff, 0x20, 0x00, 0x00, 0x06, 0xff, 0x70, 0x07, 0xff, 0x60, 0x00, 0x00, 0x09, 0xff, 0x30, 0x03,
    0xff, 0xa0, 0x00, 0x00, 0x0d, 0xfe, 0x00, 0x00, 0xef, 0xe0, 0x00, 0x00, 0x3f, 0xfa, 0x00, 0x00,
    0xaf, 0xf3, 0x00, 0x00, 0x7f, 0xf9, 0x44, 0x44, 0x9f, 0xf7, 0x00, 0x00, 0xaf, 0xff, 0xff, 0xff,
    0xff, 0xfa, 0x00, 0x00, 0xef, 0xff, 0xff, 0xff, 0xff, 0xfe, 0x00, 0x03, 0xff, 0xc4, 0x44, 0x44,
    0x4c, 0xff, 0x30, 0x07, 0xff, 0x80, 0x00, 0x00, 0x08, 0xff, 0x70, 0x0a, 0xff, 0x40, 0x00, 0x00,
    0x04, 0xff, 0xa0, 0x0f, 0xff, 0x00, 0x00, 0x00, 0x00, 0xff, 0xf0, 0x4f, 0xfb, 0x00, 0x00, 0x00,
    0x00, 0xbf, 0xf4, 0x8f, 0xf8, 0x00, 0x00, 0x00, 0x00, 0x8f, 0xf8, 0x00, 0x00, 0x0f, 0xff, 0xff,
    0xff, 0xff, 0xff, 0xf4, 0x00, 0x00, 0x4f, 0xff, 0xff, 0xff, 0xff, 0xff, 0xf4, 0x00, 0x00, 0x7f,
    0xfc, 0xbf, 0xfe, 0xbb, 0xbb, 0xb3, 0x00, 0x00, 0x8f, 0xf4, 0x0f, 0xfb, 0x00, 0x00, 0x00, 0x00,
    0x00, 0xbf, 0xf0, 0x0f, 0xfb, 0x00, 0x00, 0x00, 0x00, 0x00, 0xff, 0xc0, 0x0f, 0xfb, 0x00, 0x00,
    0x00, 0x00, 0x03, 0xff, 0xa0, 0x0f, 0xfb, 0x00, 0x00, 0x00, 0x00, 0x06, 0xff, 0x80, 0x0f, 0xfb,
    0x00, 0x00, 0x00, 0x00, 0x08, 0xff, 0x40, 0x0f, 0xfb, 0x00, 0x00, 0x00, 0x00, 0x0b, 0xff, 0x10,
    0x0f, 0xfe, 0xbb, 0xbb, 0x60, 0x00, 0x0f, 0xfe, 0x00, 0x0f, 0xff, 0xff, 0xff, 0x80, 0x00, 0x3f,
    0xfb, 0x00, 0x0f, 0xff, 0xff, 0xff, 0x80, 0x00, 0x6f, 0xf8, 0x00, 0x0f, 0xfb, 0x00, 0x00, 0x00,
    0x00, 0x8f, 0xf8, 0x44, 0x4f, 0xfb, 0x00, 0x00, 0x00, 0x00, 0xbf, 0xff, 0xff, 0xff, 0xfb, 0x00,
    0x00, 0x00, 0x00, 0xef, 0xff, 0xff, 0xff, 0xfb, 0x00, 0x00, 0x00, 0x02, 0xff, 0xb0, 0x00, 0x0f,
    0xfb, 0x00, 0x00, 0x00, 0x05, 0xff, 0x80, 0x00, 0x0f, 0xfb, 0x00, 0x00, 0x00, 0x08, 0xff, 0x60,
    0x00, 0x0f, 0xfb, 0x00, 0x00, 0x00, 0x0b, 0xff, 0x40, 0x00, 0x0f, 0xfe, 0xbb, 0xbb, 0xb3, 0x0e,
    0xff, 0x00, 0x00, 0x0f, 0xff, 0xff, 0xff, 0xf4, 0x2f, 0xfc, 0x00, 0x00, 0x0f, 0xff, 0xff, 0xff,
    0xf4, 0x00, 0x00, 0x00, 0x44, 0x20, 0x00, 0x00, 0x00, 0x04, 0xbf, 0xff, 0xfd, 0x81, 0x00, 0x00,
    0x9f, 0xff, 0xff, 0xff, 0xfc, 0x20, 0x06, 0xff, 0xfc, 0x88, 0x9e, 0xff, 0xc0, 0x0d, 0xff, 0x80,
    0x00, 0x03, 0xef, 0xf6, 0x3f, 0xfd, 0x00, 0x00, 0x00, 0x7f, 0xf9, 0x4f, 0xfa, 0x00, 0x00, 0x00,
    0x4f, 0xfb, 0x4f, 0xf8, 0x00, 0x00, 0x00, 0x14, 0x43, 0x4f, 0xf8, 0x00, 0x00, 0x00, 0x00, 0x00,
    0x4f, 0xf8, 0x00, 0x00, 0x00, 0x00, 0x00, 0x4f, 0xf8, 0x00, 0x00, 0x00, 0x00, 0x00, 0x4f, 0xf8,
    0x00, 0x00, 0x00, 0x00, 0x00, 0x4f, 0xf8, 0x00, 0x00, 0x00, 0x00, 0x00, 0x4f, 0xf8, 0x00, 0x00,
    0x00, 0x00, 0x00, 0x4f, 0xf8, 0x00, 0x00, 0x00, 0x00, 0x00, 0x4f, 0xf8, 0x00, 0x00, 0x00, 0x00,
    0x00, 0x4f, 0xf8, 0x00, 0x00, 0x00, 0x00, 0x00, 0x4f, 0xf9, 0x00, 0x00, 0x00, 0x4f, 0xfb, 0x4f,
    0xfd, 0x00, 0x00, 0x00, 0x6f, 0xfa, 0x0e, 0xff, 0x70, 0x00, 0x01, 0xdf, 0xf6, 0x08, 0xff, 0xf9,
    0x75, 0x8e, 0xff, 0xd0, 0x00, 0x9f, 0xff, 0xff, 0xff, 0xfe, 0x30, 0x00, 0x06, 0xdf, 0xff, 0xff,
    0x91, 0x00, 0x00, 0x00, 0x0a, 0xf5, 0x40, 0x00, 0x00, 0x00, 0x00, 0x2f, 0xfc, 0x82, 0x00, 0x00,
    0x00, 0x00, 0x01, 0x5b, 0xfe, 0x30, 0x00, 0x00, 0x00, 0x00, 0x03, 0xff, 0x80, 0x00, 0x00, 0x00,
    0x68, 0x8d, 0xff, 0x60, 0x00, 0x00, 0x00, 0xbf, 0xff, 0xe8, 0x00, 0x00, 0x00, 0x00, 0x34, 0x43,
    0x00, 0x00, 0x00, 0x00, 0x18, 0x88, 0x10, 0x00, 0x00, 0x00, 0x00, 0x08, 0xff, 0xb0, 0x00, 0x00,
    0x00, 0x00, 0x00, 0x9f, 0xf8, 0x00, 0x00, 0x00, 0x00, 0x00, 0x1c, 0xff, 0x50, 0x00, 0x00, 0x00,
    0x00, 0x01, 0xbb, 0xa1, 0x00, 0x00, 0x00, 0x00, 0x00, 0x00, 0x00, 0x00, 0x00, 0x00, 0x00, 0x00,
    0x00, 0x00, 0x00, 0x00, 0x0f, 0xff, 0xff, 0xff, 0xff, 0xff, 0xfb, 0x0f, 0xff, 0xff, 0xff, 0xff,
    0xff, 0xfb, 0x0f, 0xfe, 0xbb, 0xbb, 0xbb, 0xbb, 0xb8, 0x0f, 0xfb, 0x00, 0x00, 0x00, 0x00, 0x00,
    0x0f, 0xfb, 0x00, 0x00, 0x00, 0x00, 0x00, 0x0f, 0xfb, 0x00, 0x00, 0x00, 0x00, 0x00, 0x0f, 0xfb,
    0x00, 0x00, 0x00, 0x00, 0x00, 0x0f, 0xfb, 0x00, 0x00, 0x00, 0x00, 0x00, 0x0f, 0xfb, 0x00, 0x00,
    0x00, 0x00, 0x00, 0x0f, 0xfe, 0xbb, 0xbb, 0xbb, 0xbb, 0x60, 0x0f, 0xff, 0xff, 0xff, 0xff, 0xff,
    0x80, 0x0f, 0xfe, 0xbb, 0xbb, 0xbb, 0xbb, 0x60, 0x0f, 0xfb, 0x00, 0x00, 0x00, 0x00, 0x00, 0x0f,
    0xfb, 0x00, 0x00, 0x00, 0x00, 0x00, 0x0f, 0xfb, 0x00, 0x00, 0x00, 0x00, 0x00, 0x0f, 0xfb, 0x00,
    0x00, 0x00, 0x00, 0x00, 0x0f, 0xfb, 0x00, 0x00, 0x00, 0x00, 0x00, 0x0f, 0xfb, 0x00, 0x00, 0x00,
    0x00, 0x00, 0x0f, 0xfb, 0x00, 0x00, 0x00, 0x00, 0x00, 0x0f, 0xfe, 0xbb, 0xbb, 0xbb, 0xbb, 0xb8,
    0x0f, 0xff, 0xff, 0xff, 0xff, 0xff, 0xfb, 0x0f, 0xff, 0xff, 0xff, 0xff, 0xff, 0xfb, 0x00, 0x00,
    0x00, 0x00, 0x58, 0x85, 0x00, 0x00, 0x00, 0x00, 0x03, 0xff, 0xd1, 0x00, 0x00, 0x00, 0x00, 0x1d,
    0xfe, 0x30, 0x00, 0x00, 0x00, 0x00, 0xaf, 0xf6, 0x00, 0x00, 0x00, 0x00, 0x04, 0xbb, 0x80, 0x00,
    0x00, 0x00, 0x00, 0x00, 0x00, 0x00, 0x00, 0x00, 0x00, 0x00, 0x00, 0x00, 0x00, 0x00, 0x00, 0x0f,
    0xff, 0xff, 0xff, 0xff, 0xff, 0xfb, 0x0f, 0xff, 0xff, 0xff, 0xff, 0xff, 0xfb, 0x0f, 0xfe, 0xbb,
    0xbb, 0xbb, 0xbb, 0xb8, 0x0f, 0xfb, 0x00, 0x00, 0x00, 0x00, 0x00, 0x0f, 0xfb, 0x00, 0x00, 0x00,
    0x00, 0x00, 0x0f, 0xfb, 0x00, 0x00, 0x00, 0x00, 0x00, 0x0f, 0xfb, 0x00, 0x00, 0x00, 0x00, 0x00,
    0x0f, 0xfb, 0x00, 0x00, 0x00, 0x00, 0x00, 0x0f, 0xfb, 0x00, 0x00, 0x00, 0x00, 0x00, 0x0f, 0xfe,
    0xbb, 0xbb, 0xbb, 0xbb, 0x60, 0x0f, 0xff, 0xff, 0xff, 0xff, 0xff, 0x80, 0x0f, 0xfe, 0xbb, 0xbb,
    0xbb, 0xbb, 0x60, 0x0f, 0xfb, 0x00, 0x00, 0x00, 0x00, 0x00, 0x0f, 0xfb, 0x00, 0x00, 0x00, 0x00,
    0x00, 0x0f, 0xfb, 0x00, 0x00, 0x00, 0x00, 0x00, 0x0f, 0xfb, 0x00, 0x00, 0x00, 0x00, 0x00, 0x0f,
    0xfb, 0x00, 0x00, 0x00, 0x00, 0x00, 0x0f, 0xfb, 0x00, 0x00, 0x00, 0x00, 0x00, 0x0f, 0xfb, 0x00,
    0x00, 0x00, 0x00, 0x00, 0x0f, 0xfe, 0xbb, 0xbb, 0xbb, 0xbb, 0xb8, 0x0f, 0xff, 0xff, 0xff, 0xff,
    0xff, 0xfb, 0x0f, 0xff, 0xff, 0xff, 0xff, 0xff, 0xfb, 0x00, 0x00, 0x03, 0x88, 0x70, 0x00, 0x00,
    0x00, 0x00, 0x3e, 0xff, 0xf9, 0x00, 0x00, 0x00, 0x03, 0xef, 0xea, 0xff, 0x90, 0x00, 0x00, 0x3e,
    0xfe, 0x30, 0x9f, 0xf9, 0x00, 0x01, 0xab, 0xb3, 0x00, 0x08, 0xbb, 0x60, 0x00, 0x00, 0x00, 0x00,
    0x00, 0x00, 0x00, 0x00, 0x00, 0x00, 0x00, 0x00, 0x00, 0x00, 0x0f, 0xff, 0xff, 0xff, 0xff, 0xff,
    0xfb, 0x0f, 0xff, 0xff, 0xff, 0xff, 0xff, 0xfb, 0x0f, 0xfe, 0xbb, 0xbb, 0xbb, 0xbb, 0xb8, 0x0f,
    0xfb, 0x00, 0x00, 0x00, 0x00, 0x00, 0x0f, 0xfb, 0x00, 0x00, 0x00, 0x00, 0x00, 0x0f, 0xfb, 0x00,
    0x00, 0x00, 0x00, 0x00, 0x0f, 0xfb, 0x00, 0x00, 0x00, 0x00, 0x00, 0x0f, 0xfb, 0x00, 0x00, 0x00,
    0x00, 0x00, 0x0f, 0xfb, 0x00, 0x00, 0x00, 0x00, 0x00, 0x0f, 0xfe, 0xbb, 0xbb, 0xbb, 0xbb, 0x60,
    0x0f, 0xff, 0xff, 0xff, 0xff, 0xff, 0x80, 0x0f, 0xfe, 0xbb, 0xbb, 0xbb, 0xbb, 0x60, 0x0f, 0xfb,
    0x00, 0x00, 0x00, 0x00, 0x00, 0x0f, 0xfb, 0x00, 0x00, 0x00, 0x00, 0x00, 0x0f, 0xfb, 0x00, 0x00,
    0x00, 0x00, 0x00, 0x0f, 0xfb, 0x00, 0x00, 0x00, 0x00, 0x00, 0x0f, 0xfb, 0x00, 0x00, 0x00, 0x00,
    0x00, 0x0f, 0xfb, 0x00, 0x00, 0x00, 0x00, 0x00, 0x0f, 0xfb, 0x00, 0x00, 0x00, 0x00, 0x00, 0x0f,
    0xfe, 0xbb, 0xbb, 0xbb, 0xbb, 0xb8, 0x0f, 0xff, 0xff, 0xff, 0xff, 0xff, 0xfb, 0x0f, 0xff, 0xff,
    0xff, 0xff, 0xff, 0xfb, 0x00, 0x16, 0x50, 0x00, 0x02, 0x73, 0x00, 0x00, 0xcf, 0xf8, 0x00, 0x2e,
    0xff, 0x50, 0x00, 0xff, 0xfd, 0x00, 0x4f, 0xff, 0x90, 0x00, 0xdf, 0xfa, 0x00, 0x2f, 0xff, 0x70,
    0x00, 0x28, 0x71, 0x00, 0x04, 0x86, 0x00, 0x00, 0x00, 0x00, 0x00, 0x00, 0x00, 0x00, 0x00, 0x00,
    0x00, 0x00, 0x00, 0x00, 0x00, 0x0f, 0xff, 0xff, 0xff, 0xff, 0xff, 0xfb, 0x0f, 0xff, 0xff, 0xff,
    0xff, 0xff, 0xfb, 0x0f, 0xfe, 0xbb, 0xbb, 0xbb, 0xbb, 0xb8, 0x0f, 0xfb, 0x00, 0x00, 0x00, 0x00,
    0x00, 0x0f, 0xfb, 0x00, 0x00, 0x00, 0x00, 0x00, 0x0f, 0xfb, 0x00, 0x00, 0x00, 0x00, 0x00, 0x0f,
    0xfb, 0x00, 0x00, 0x00, 0x00, 0x00, 0x0f, 0xfb, 0x00, 0x00, 0x00, 0x00, 0x00, 0x0f, 0xfb, 0x00,
    0x00, 0x00, 0x00, 0x00, 0x0f, 0xfe, 0xbb, 0xbb, 0xbb, 0xbb, 0x60, 0x0f, 0xff, 0xff, 0xff, 0xff,
    0xff, 0x80, 0x0f, 0xfe, 0xbb, 0xbb, 0xbb, 0xbb, 0x60, 0x0f, 0xfb, 0x00, 0x00, 0x00, 0x00, 0x00,
    0x0f, 0xfb, 0x00, 0x00, 0x00, 0x00, 0x00, 0x0f, 0xfb, 0x00, 0x00, 0x00, 0x00, 0x00, 0x0f, 0xfb,
    0x00, 0x00, 0x00, 0x00, 0x00, 0x0f, 0xfb, 0x00, 0x00, 0x00, 0x00, 0x00, 0x0f, 0xfb, 0x00, 0x00,
    0x00, 0x00, 0x00, 0x0f, 0xfb, 0x00, 0x00, 0x00, 0x00, 0x00, 0x0f, 0xfe, 0xbb, 0xbb, 0xbb, 0xbb,
    0xb8, 0x0f, 0xff, 0xff, 0xff, 0xff, 0xff, 0xfb, 0x0f, 0xff, 0xff, 0xff, 0xff, 0xff, 0xfb, 0x03,
    0x88, 0x70, 0x00, 0x00, 0x00, 0x00, 0xbf, 0xf8, 0x00, 0x00, 0x00, 0x00, 0x1c, 0xff, 0x40, 0x00,
    0x00, 0x00, 0x03, 0xef, 0xe2, 0x00, 0x00, 0x00, 0x00, 0x5b, 0xb8, 0x00, 0x00, 0x00, 0x00, 0x00,
    0x00, 0x00, 0x00, 0x00, 0x00, 0x00, 0x00, 0x00, 0x00, 0xff, 0xff, 0xff, 0xff, 0xff, 0xff, 0xff,
    0xff, 0xff, 0xff, 0xff, 0xff, 0xbb, 0xbb, 0xdf, 0xfd, 0xbb, 0xbb, 0x00, 0x00, 0x8f, 0xf8, 0x00,
    0x00, 0x00, 0x00, 0x8f, 0xf8, 0x00, 0x00, 0x00, 0x00, 0x8f, 0xf8, 0x00, 0x00, 0x00, 0x00, 0x8f,
    0xf8, 0x00, 0x00, 0x00, 0x00, 0x8f, 0xf8, 0x00, 0x00, 0x00, 0x00, 0x8f, 0xf8, 0x00, 0x00, 0x00,
    0x00, 0x8f, 0xf8, 0x00, 0x00, 0x00, 0x00, 0x8f, 0xf8, 0x00, 0x00, 0x00, 0x00, 0x8f, 0xf8, 0x00,
    0x00, 0x00, 0x00, 0x8f, 0xf8, 0x00, 0x00, 0x00, 0x00, 0x8f, 0xf8, 0x00, 0x00, 0x00, 0x00, 0x8f,
    0xf8, 0x00, 0x00, 0x00, 0x00, 0x8f, 0xf8, 0x00, 0x00, 0x00, 0x00, 0x8f, 0xf8, 0x00, 0x00, 0x00,
    0x00, 0x8f, 0xf8, 0x00, 0x00, 0x00, 0x00, 0x8f, 0xf8, 0x00, 0x00, 0xbb, 0xbb, 0xdf, 0xfd, 0xbb,
    0xbb, 0xff, 0xff, 0xff, 0xff, 0xff, 0xff, 0xff, 0xff, 0xff, 0xff, 0xff, 0xff, 0x00, 0x00, 0x00,
    0x07, 0x88, 0x30, 0x00, 0x00, 0x00, 0x7f, 0xfa, 0x00, 0x00, 0x00, 0x03, 0xff, 0xc1, 0x00, 0x00,
    0x00, 0x1d, 0xfe, 0x30, 0x00, 0x00, 0x00, 0x7b, 0xb5, 0x00, 0x00, 0x00, 0x00, 0x00, 0x00, 0x00,
    0x00, 0x00, 0x00, 0x00, 0x00, 0x00, 0x00, 0xff, 0xff, 0xff, 0xff, 0xff, 0xff, 0xff, 0xff, 0xff,
    0xff, 0xff, 0xff, 0xbb, 0xbb, 0xdf, 0xfd, 0xbb, 0xbb, 0x00, 0x00, 0x8f, 0xf8, 0x00, 0x00, 0x00,
    0x00, 0x8f, 0xf8, 0x00, 0x00, 0x00, 0x00, 0x8f, 0xf8, 0x00, 0x00, 0x00, 0x00, 0x8f, 0xf8, 0x00,
    0x00, 0x00, 0x00, 0x8f, 0xf8, 0x00, 0x00, 0x00, 0x00, 0x8f, 0xf8, 0x00, 0x00, 0x00, 0x00, 0x8f,
    0xf8, 0x00, 0x00, 0x00, 0x00, 0x8f, 0xf8, 0x00, 0x00, 0x00, 0x00, 0x8f, 0xf8, 0x00, 0x00, 0x00,
    0x00, 0x8f, 0xf8, 0x00, 0x00, 0x00, 0x00, 0x8f, 0xf8, 0x00, 0x00, 0x00, 0x00, 0x8f, 0xf8, 0x00,
    0x00, 0x00, 0x00, 0x8f, 0xf8, 0x00, 0x00, 0x00, 0x00, 0x8f, 0xf8, 0x00, 0x00, 0x00, 0x00, 0x8f,
    0xf8, 0x00, 0x00, 0x00, 0x00, 0x8f, 0xf8, 0x00, 0x00, 0xbb, 0xbb, 0xdf, 0xfd, 0xbb, 0xbb, 0xff,
    0xff, 0xff, 0xff, 0xff, 0xff, 0xff, 0xff, 0xff, 0xff, 0xff, 0xff, 0x00, 0x00, 0x58, 0x85, 0x00,
    0x00, 0x00, 0x06, 0xff, 0xff, 0x60, 0x00, 0x00, 0x6f, 0xfc, 0xcf, 0xf6, 0x00, 0x06, 0xff, 0xc1,
    0x1c, 0xff, 0x60, 0x3b, 0xba, 0x10, 0x01, 0xab, 0xb3, 0x00, 0x00, 0x00, 0x00, 0x00, 0x00, 0x00,
    0x00, 0x00, 0x00, 0x00, 0x00, 0xff, 0xff, 0xff, 0xff, 0xff, 0xff, 0xff, 0xff, 0xff, 0xff, 0xff,
    0xff, 0xbb, 0xbb, 0xdf, 0xfd, 0xbb, 0xbb, 0x00, 0x00, 0x8f, 0xf8, 0x00, 0x00, 0x00, 0x00, 0x8f,
    0xf8, 0x00, 0x00, 0x00, 0x00, 0x8f, 0xf8, 0x00, 0x00, 0x00, 0x00, 0x8f, 0xf8, 0x00, 0x00, 0x00,
    0x00, 0x8f, 0xf8, 0x00, 0x00, 0x00, 0x00, 0x8f, 0xf8, 0x00, 0x00, 0x00, 0x00, 0x8f, 0xf8, 0x00,
    0x00, 0x00, 0x00, 0x8f, 0xf8, 0x00, 0x00, 0x00, 0x00, 0x8f, 0xf8, 0x00, 0x00, 0x00, 0x00, 0x8f,
    0xf8, 0x00, 0x00, 0x00, 0x00, 0x8f, 0xf8, 0x00, 0x00, 0x00, 0x00, 0x8f, 0xf8, 0x00, 0x00, 0x00,
    0x00, 0x8f, 0xf8, 0x00, 0x00, 0x00, 0x00, 0x8f, 0xf8, 0x00, 0x00, 0x00, 0x00, 0x8f, 0xf8, 0x00,
    0x00, 0x00, 0x00, 0x8f, 0xf8, 0x00, 0x00, 0xbb, 0xbb, 0xdf, 0xfd, 0xbb, 0xbb, 0xff, 0xff, 0xff,
    0xff, 0xff, 0xff, 0xff, 0xff, 0xff, 0xff, 0xff, 0xff, 0x02, 0x73, 0x00, 0x00, 0x37, 0x20, 0x2e,
    0xff, 0x50, 0x05, 0xff, 0xe2, 0x4f, 0xff, 0x80, 0x08, 0xff, 0xf4, 0x3f, 0xff, 0x70, 0x07, 0xff,
    0xf3, 0x04, 0x86, 0x00, 0x00, 0x68, 0x40, 0x00, 0x00, 0x00, 0x00, 0x00, 0x00, 0x00, 0x00, 0x00,
    0x00, 0x00, 0x00, 0xff, 0xff, 0xff, 0xff, 0xff, 0xff, 0xff, 0xff, 0xff, 0xff, 0xff, 0xff, 0xbb,
    0xbb, 0xdf, 0xfd, 0xbb, 0xbb, 0x00, 0x00, 0x8f, 0xf8, 0x00, 0x00, 0x00, 0x00, 0x8f, 0xf8, 0x00,
    0x00, 0x00, 0x00, 0x8f, 0xf8, 0x00, 0x00, 0x00, 0x00, 0x8f, 0xf8, 0x00, 0x00, 0x00, 0x00, 0x8f,
    0xf8, 0x00, 0x00, 0x00, 0x00, 0x8f, 0xf8, 0x00, 0x00, 0x00, 0x00, 0x8f, 0xf8, 0x00, 0x00, 0x00,
    0x00, 0x8f, 0xf8, 0x00, 0x00, 0x00, 0x00, 0x8f, 0xf8, 0x00, 0x00, 0x00, 0x00, 0x8f, 0xf8, 0x00,
    0x00, 0x00, 0x00, 0x8f, 0xf8, 0x00, 0x00, 0x00, 0x00, 0x8f, 0xf8, 0x00, 0x00, 0x00, 0x00, 0x8f,
    0xf8, 0x00, 0x00, 0x00, 0x00, 0x8f, 0xf8, 0x00, 0x00, 0x00, 0x00, 0x8f, 0xf8, 0x00, 0x00, 0x00,
    0x00, 0x8f, 0xf8, 0x00, 0x00, 0xbb, 0xbb, 0xdf, 0xfd, 0xbb, 0xbb, 0xff, 0xff, 0xff, 0xff, 0xff,
    0xff, 0xff, 0xff, 0xff, 0xff, 0xff, 0xff, 0x00, 0x4f, 0xff, 0xff, 0xfc, 0xa6, 0x00, 0x00, 0x00,
    0x4f, 0xff, 0xff, 0xff, 0xff, 0xd3, 0x00, 0x00, 0x4f, 0xfd, 0xbb, 0xbc, 0xff, 0xfe, 0x30, 0x00,
    0x4f, 0xf8, 0x00, 0x00, 0x2c, 0xff, 0xc0, 0x00, 0x4f, 0xf8, 0x00, 0x00, 0x01, 0xef, 0xf3, 0x00,
    0x4f, 0xf8, 0x00, 0x00, 0x00, 0x8f, 0xf8, 0x00, 0x4f, 0xf8, 0x00, 0x00, 0x00, 0x8f, 0xf8, 0x00,
    0x4f, 0xf8, 0x00, 0x00, 0x00, 0x8f, 0xf8, 0x00, 0x4f, 0xf8, 0x00, 0x00, 0x00, 0x8f, 0xf8, 0x34,
    0x7f, 0xf9, 0x44, 0x30, 0x00, 0x8f, 0xf8, 0xbf, 0xff, 0xff, 0xff, 0xb0, 0x00, 0x8f, 0xf8, 0xbf,
    0xff, 0xff, 0xff, 0xb0, 0x00, 0x8f, 0xf8, 0x00, 0x4f, 0xf8, 0x00, 0x00, 0x00, 0x8f, 0xf8, 0x00,
    0x4f, 0xf8, 0x00, 0x00, 0x00, 0x8f, 0xf8, 0x00, 0x4f, 0xf8, 0x00, 0x00, 0x00, 0x8f, 0xf8, 0x00,
    0x4f, 0xf8, 0x00, 0x00, 0x00, 0x8f, 0xf8, 0x00, 0x4f, 0xf8, 0x00, 0x00, 0x00, 0x8f, 0xf8, 0x00,
    0x4f, 0xf8, 0x00, 0x00, 0x01, 0xdf, 0xf3, 0x00, 0x4f, 0xf8, 0x00, 0x00, 0x1a, 0xff, 0xd0, 0x00,
    0x4f, 0xfd, 0xbb, 0xbb, 0xff, 0xff, 0x40, 0x00, 0x4f, 0xff, 0xff, 0xff, 0xff, 0xe5, 0x00, 0x00,
    0x4f, 0xff, 0xff, 0xff, 0xb8, 0x10, 0x00, 0x00, 0x02, 0x66, 0x10, 0x01, 0x44, 0x00, 0x00, 0x4e,
    0xff, 0xe3, 0x04, 0xff, 0x00, 0x00, 0xbf, 0xb9, 0xfe, 0x89, 0xfb, 0x00, 0x00, 0xef, 0x40, 0x6f,
    0xff, 0xf5, 0x00, 0x00, 0x88, 0x20, 0x04, 0x88, 0x40, 0x00, 0x00, 0x00, 0x00, 0x00, 0x00, 0x00,
    0x00, 0x00, 0x00, 0x00, 0x00, 0x00, 0x00, 0x00, 0x8f, 0xff, 0x80, 0x00, 0x00, 0x4f, 0xf8, 0x8f,
    0xff, 0xd0, 0x00, 0x00, 0x4f, 0xf8, 0x8f, 0xff, 0xf5, 0x00, 0x00, 0x4f, 0xf8, 0x8f, 0xfe, 0xf9,
    0x00, 0x00, 0x4f, 0xf8, 0x8f, 0xfc, 0xfe, 0x00, 0x00, 0x4f, 0xf8, 0x8f, 0xf7, 0xff, 0x60, 0x00,
    0x4f, 0xf8, 0x8f, 0xf4, 0xdf, 0xa0, 0x00, 0x4f, 0xf8, 0x8f, 0xf4, 0x8f, 0xf1, 0x00, 0x4f, 0xf8,
    0x8f, 0xf4, 0x2f, 0xf6, 0x00, 0x4f, 0xf8, 0x8f, 0xf4, 0x0c, 0xfb, 0x00, 0x4f, 0xf8, 0x8f, 0xf4,
    0x07, 0xff, 0x20, 0x4f, 0xf8, 0x8f, 0xf4, 0x02, 0xff, 0x70, 0x4f, 0xf8, 0x8f, 0xf4, 0x00, 0xbf,
    0xc0, 0x4f, 0xf8, 0x8f, 0xf4, 0x00, 0x6f, 0xf2, 0x4f, 0xf8, 0x8f, 0xf4, 0x00, 0x1f, 0xf8, 0x4f,
    0xf8, 0x8f, 0xf4, 0x00, 0x0a, 0xfd, 0x4f, 0xf8, 0x8f, 0xf4, 0x00, 0x06, 0xff, 0x7f, 0xf8, 0x8f,
    0xf4, 0x00, 0x01, 0xef, 0xbf, 0xf8, 0x8f, 0xf4, 0x00, 0x00, 0x9f, 0xef, 0xf8, 0x8f, 0xf4, 0x00,
    0x00, 0x5f, 0xff, 0xf8, 0x8f, 0xf4, 0x00, 0x00, 0x0e, 0xff, 0xf8, 0x8f, 0xf4, 0x00, 0x00, 0x09,
    0xff, 0xf8, 0x00, 0x38, 0x87, 0x00, 0x00, 0x00, 0x00, 0x00, 0x0b, 0xff, 0x80, 0x00, 0x00, 0x00,
    0x00, 0x01, 0xcf, 0xf4, 0x00, 0x00, 0x00, 0x00, 0x00, 0x3e, 0xfe, 0x20, 0x00, 0x00, 0x00, 0x00,
    0x05, 0xbb, 0x80, 0x00, 0x00, 0x00, 0x00, 0x00, 0x00, 0x00, 0x00, 0x00, 0x00, 0x00, 0x01, 0x44,
    0x10, 0x00, 0x00, 0x00, 0x06, 0xcf, 0xff, 0xfc, 0x60, 0x00, 0x00, 0x9f, 0xff, 0xff, 0xff, 0xf9,
    0x00, 0x08, 0xff, 0xfa, 0x88, 0xaf, 0xff, 0x80, 0x0e, 0xff, 0x60, 0x00, 0x06, 0xff, 0xe0, 0x4f,
    0xfc, 0x00, 0x00, 0x00, 0xcf, 0xf4, 0x8f, 0xf8, 0x00, 0x00, 0x00, 0x8f, 0xf8, 0x8f, 0xf8, 0x00,
    0x00, 0x00, 0x8f, 0xf8, 0x8f, 0xf8, 0x00, 0x00, 0x00, 0x8f, 0xf8, 0x8f, 0xf8, 0x00, 0x00, 0x00,
    0x8f, 0xf8, 0x8f, 0xf8, 0x00, 0x00, 0x00, 0x8f, 0xf8, 0x8f, 0xf8, 0x00, 0x00, 0x00, 0x8f, 0xf8,
    0x8f, 0xf8, 0x00, 0x00, 0x00, 0x8f, 0xf8, 0x8f, 0xf8, 0x00, 0x00, 0x00, 0x8f, 0xf8, 0x8f, 0xf8,
    0x00, 0x00, 0x00, 0x8f, 0xf8, 0x8f, 0xf8, 0x00, 0x00, 0x00, 0x8f, 0xf8, 0x8f, 0xf8, 0x00, 0x00,
    0x00, 0x8f, 0xf8, 0x8f, 0xf8, 0x00, 0x00, 0x00, 0x8f, 0xf8, 0x4f, 0xfa, 0x00, 0x00, 0x00, 0xaf,
    0xf4, 0x1e, 0xff, 0x40, 0x00, 0x04, 0xff, 0xe1, 0x08, 0xff, 0xf9, 0x66, 0x9f, 0xff, 0x80, 0x01,
    0xcf, 0xff, 0xff, 0xff, 0xfc, 0x10, 0x00, 0x08, 0xef, 0xff, 0xfe, 0x80, 0x00, 0x00, 0x00, 0x03,
    0x44, 0x30, 0x00, 0x00, 0x00, 0x00, 0x00, 0x00, 0x78, 0x83, 0x00, 0x00, 0x00, 0x00, 0x07, 0xff,
    0xa0, 0x00, 0x00, 0x00, 0x00, 0x3f, 0xfc, 0x10, 0x00, 0x00, 0x00, 0x01, 0xdf, 0xe3, 0x00, 0x00,
    0x00, 0x00, 0x07, 0xbb, 0x50, 0x00, 0x00, 0x00, 0x00, 0x00, 0x00, 0x00, 0x00, 0x00, 0x00, 0x00,
    0x01, 0x44, 0x10, 0x00, 0x00, 0x00, 0x06, 0xcf, 0xff, 0xfc, 0x60, 0x00, 0x00, 0x9f, 0xff, 0xff,
    0xff, 0xf9, 0x00, 0x08, 0xff, 0xfa, 0x88, 0xaf, 0xff, 0x80, 0x0e, 0xff, 0x60, 0x00, 0x06, 0xff,
    0xe0, 0x4f, 0xfc, 0x00, 0x00, 0x00, 0xcf, 0xf4, 0x8f, 0xf8, 0x00, 0x00, 0x00, 0x8f, 0xf8, 0x8f,
    0xf8, 0x00, 0x00, 0x00, 0x8f, 0xf8, 0x8f, 0xf8, 0x00, 0x00, 0x00, 0x8f, 0xf8, 0x8f, 0xf8, 0x00,
    0x00, 0x00, 0x8f, 0xf8, 0x8f, 0xf8, 0x00, 0x00, 0x00, 0x8f, 0xf8, 0x8f, 0xf8, 0x00, 0x00, 0x00,
    0x8f, 0xf8, 0x8f, 0xf8, 0x00, 0x00, 0x00, 0x8f, 0xf8, 0x8f, 0xf8, 0x00, 0x00, 0x00, 0x8f, 0xf8,
    0x8f, 0xf8, 0x00, 0x00, 0x00, 0x8f, 0xf8, 0x8f, 0xf8, 0x00, 0x00, 0x00, 0x8f, 0xf8, 0x8f, 0xf8,
    0x00, 0x00, 0x00, 0x8f, 0xf8, 0x8f, 0xf8, 0x00, 0x00, 0x00, 0x8f, 0xf8, 0x4f, 0xfa, 0x00, 0x00,
    0x00, 0xaf, 0xf4, 0x1e, 0xff, 0x40, 0x00, 0x04, 0xff, 0xe1, 0x08, 0xff, 0xf9, 0x66, 0x9f, 0xff,
    0x80, 0x01, 0xcf, 0xff, 0xff, 0xff, 0xfc, 0x10, 0x00, 0x08, 0xef, 0xff, 0xfe, 0x80, 0x00, 0x00,
    0x00, 0x03, 0x44, 0x30, 0x00, 0x00, 0x00, 0x00, 0x05, 0x88, 0x50, 0x00, 0x00, 0x00, 0x00, 0x6f,
    0xff, 0xf6, 0x00, 0x00, 0x00, 0x06, 0xff, 0xcc, 0xff, 0x60, 0x00, 0x00, 0x6f, 0xfc, 0x11, 0xcf,
    0xf6, 0x00, 0x03, 0xbb, 0xa1, 0x00, 0x1a, 0xbb, 0x30, 0x00, 0x00, 0x00, 0x00, 0x00, 0x00, 0x00,
    0x00, 0x00, 0x01, 0x44, 0x10, 0x00, 0x00, 0x00, 0x06, 0xcf, 0xff, 0xfc, 0x60, 0x00, 0x00, 0x9f,
    0xff, 0xff, 0xff, 0xf9, 0x00, 0x08, 0xff, 0xfa, 0x88, 0xaf, 0xff, 0x80, 0x0e, 0xff, 0x60, 0x00,
    0x06, 0xff, 0xe0, 0x4f, 0xfc, 0x00, 0x00, 0x00, 0xcf, 0xf4, 0x8f, 0xf8, 0x00, 0x00, 0x00, 0x8f,
    0xf8, 0x8f, 0xf8, 0x00, 0x00, 0x00, 0x8f, 0xf8, 0x8f, 0xf8, 0x00, 0x00, 0x00, 0x8f, 0xf8, 0x8f,
    0xf8, 0x00, 0x00, 0x00, 0x8f, 0xf8, 0x8f, 0xf8, 0x00, 0x00, 0x00, 0x8f, 0xf8, 0x8f, 0xf8, 0x00,
    0x00, 0x00, 0x8f, 0xf8, 0x8f, 0xf8, 0x00, 0x00, 0x00, 0x8f, 0xf8, 0x8f, 0xf8, 0x00, 0x00, 0x00,
    0x8f, 0xf8, 0x8f, 0xf8, 0x00, 0x00, 0x00, 0x8f, 0xf8, 0x8f, 0xf8, 0x00, 0x00, 0x00, 0x8f, 0xf8,
    0x8f, 0xf8, 0x00, 0x00, 0x00, 0x8f, 0xf8, 0x8f, 0xf8, 0x00, 0x00, 0x00, 0x8f, 0xf8, 0x4f, 0xfa,
    0x00, 0x00, 0x00, 0xaf, 0xf4, 0x1e, 0xff, 0x40, 0x00, 0x04, 0xff, 0xe1, 0x08, 0xff, 0xf9, 0x66,
    0x9f, 0xff, 0x80, 0x01, 0xcf, 0xff, 0xff, 0xff, 0xfc, 0x10, 0x00, 0x08, 0xef, 0xff, 0xfe, 0x80,
    0x00, 0x00, 0x00, 0x03, 0x44, 0x30, 0x00, 0x00, 0x00, 0x02, 0x66, 0x10, 0x01, 0x44, 0x00, 0x00,
    0x4e, 0xff, 0xe3, 0x04, 0xff, 0x00, 0x00, 0xbf, 0xb9, 0xfe, 0x89, 0xfb, 0x00, 0x00, 0xef, 0x40,
    0x6f, 0xff, 0xf5, 0x00, 0x00, 0x88, 0x20, 0x04, 0x88, 0x40, 0x00, 0x00, 0x00, 0x00, 0x00, 0x00,
    0x00, 0x00, 0x00, 0x00, 0x01, 0x44, 0x10, 0x00, 0x00, 0x00, 0x06, 0xcf, 0xff, 0xfc, 0x60, 0x00,
    0x00, 0x9f, 0xff, 0xff, 0xff, 0xf9, 0x00, 0x08, 0xff, 0xfa, 0x88, 0xaf, 0xff, 0x80, 0x0e, 0xff,
    0x60, 0x00, 0x06, 0xff, 0xe0, 0x4f, 0xfc, 0x00, 0x00, 0x00, 0xcf, 0xf4, 0x8f, 0xf8, 0x00, 0x00,
    0x00, 0x8f, 0xf8, 0x8f, 0xf8, 0x00, 0x00, 0x00, 0x8f, 0xf8, 0x8f, 0xf8, 0x00, 0x00, 0x00, 0x8f,
    0xf8, 0x8f, 0xf8, 0x00, 0x00, 0x00, 0x8f, 0xf8, 0x8f, 0xf8, 0x00, 0x00, 0x00, 0x8f, 0xf8, 0x8f,
    0xf8, 0x00, 0x00, 0x00, 0x8f, 0xf8, 0x8f, 0xf8, 0x00, 0x00, 0x00, 0x8f, 0xf8, 0x8f, 0xf8, 0x00,
    0x00, 0x00, 0x8f, 0xf8, 0x8f, 0xf8, 0x00, 0x00, 0x00, 0x8f, 0xf8, 0x8f, 0xf8, 0x00, 0x00, 0x00,
    0x8f, 0xf8, 0x8f, 0xf8, 0x00, 0x00, 0x00, 0x8f, 0xf8, 0x8f, 0xf8, 0x00, 0x00, 0x00, 0x8f, 0xf8,
    0x4f, 0xfa, 0x00, 0x00, 0x00, 0xaf, 0xf4, 0x1e, 0xff, 0x40, 0x00, 0x04, 0xff, 0xe1, 0x08, 0xff,
    0xf9, 0x66, 0x9f, 0xff, 0x80, 0x01, 0xcf, 0xff, 0xff, 0xff, 0xfc, 0x10, 0x00, 0x08, 0xef, 0xff,
    0xfe, 0x80, 0x00, 0x00, 0x00, 0x03, 0x44, 0x30, 0x00, 0x00, 0x00, 0x27, 0x30, 0x00, 0x03, 0x72,
    0x00, 0x02, 0xef, 0xf5, 0x00, 0x5f, 0xfe, 0x20, 0x04, 0xff, 0xf8, 0x00, 0x8f, 0xff, 0x40, 0x03,
    0xff, 0xf7, 0x00, 0x7f, 0xff, 0x30, 0x00, 0x48, 0x60, 0x00, 0x06, 0x84, 0x00, 0x00, 0x00, 0x00,
    0x00, 0x00, 0x00, 0x00, 0x00, 0x00, 0x01, 0x44, 0x10, 0x00, 0x00, 0x00, 0x06, 0xcf, 0xff, 0xfc,
    0x60, 0x00, 0x00, 0x9f, 0xff, 0xff, 0xff, 0xf9, 0x00, 0x08, 0xff, 0xfa, 0x88, 0xaf, 0xff, 0x80,
    0x0e, 0xff, 0x60, 0x00, 0x06, 0xff, 0xe0, 0x4f, 0xfc, 0x00, 0x00, 0x00, 0xcf, 0xf4, 0x8f, 0xf8,
    0x00, 0x00, 0x00, 0x8f, 0xf8, 0x8f, 0xf8, 0x00, 0x00, 0x00, 0x8f, 0xf8, 0x8f, 0xf8, 0x00, 0x00,
    0x00, 0x8f, 0xf8, 0x8f, 0xf8, 0x00, 0x00, 0x00, 0x8f, 0xf8, 0x8f, 0xf8, 0x00, 0x00, 0x00, 0x8f,
    0xf8, 0x8f, 0xf8, 0x00, 0x00, 0x00, 0x8f, 0xf8, 0x8f, 0xf8, 0x00, 0x00, 0x00, 0x8f, 0xf8, 0x8f,
    0xf8, 0x00, 0x00, 0x00, 0x8f, 0xf8, 0x8f, 0xf8, 0x00, 0x00, 0x00, 0x8f, 0xf8, 0x8f, 0xf8, 0x00,
    0x00, 0x00, 0x8f, 0xf8, 0x8f, 0xf8, 0x00, 0x00, 0x00, 0x8f, 0xf8, 0x8f, 0xf8, 0x00, 0x00, 0x00,
    0x8f, 0xf8, 0x4f, 0xfa, 0x00, 0x00, 0x00, 0xaf, 0xf4, 0x1e, 0xff, 0x40, 0x00, 0x04, 0xff, 0xe1,
    0x08, 0xff, 0xf9, 0x66, 0x9f, 0xff, 0x80, 0x01, 0xcf, 0xff, 0xff, 0xff, 0xfc, 0x10, 0x00, 0x08,
    0xef, 0xff, 0xfe, 0x80, 0x00, 0x00, 0x00, 0x03, 0x44, 0x30, 0x00, 0x00, 0x06, 0x30, 0x00, 0x00,
    0x03, 0x80, 0x6f, 0xe3, 0x00, 0x00, 0x3e, 0xf9, 0x6f, 0xfe, 0x30, 0x03, 0xef, 0xf6, 0x06, 0xff,
    0xe3, 0x3e, 0xff, 0x60, 0x00, 0x6f, 0xfe, 0xef, 0xf6, 0x00, 0x00, 0x06, 0xff, 0xff, 0x60, 0x00,
    0x00, 0x03, 0xef, 0xfe, 0x30, 0x00, 0x00, 0x3e, 0xff, 0xff, 0xe3, 0x00, 0x03, 0xef, 0xf6, 0x6f,
    0xfe, 0x30, 0x3e, 0xff, 0x60, 0x06, 0xff, 0xe3, 0xbf, 0xf6, 0x00, 0x00, 0x6f, 0xf8, 0x1c, 0x60,
    0x00, 0x00, 0x06, 0x90, 0x00, 0x00, 0x00, 0x00, 0x00, 0x00, 0x00, 0x00, 0x00, 0x01, 0x44, 0x10,
    0x00, 0x68, 0x70, 0x00, 0x00, 0x06, 0xcf, 0xff, 0xfd, 0x64, 0xff, 0x80, 0x00, 0x00, 0x9f, 0xff,
    0xff, 0xff, 0xfe, 0xfd, 0x00, 0x00, 0x08, 0xff, 0xfa, 0x88, 0xaf, 0xff, 0xf6, 0x00, 0x00, 0x1f,
    0xff, 0x60, 0x00, 0x06, 0xff, 0xf1, 0x00, 0x00, 0x5f, 0xfa, 0x00, 0x00, 0x08, 0xff, 0xf5, 0x00,
    0x00, 0x8f, 0xf8, 0x00, 0x00, 0x1e, 0xff, 0xf8, 0x00, 0x00, 0x8f, 0xf8, 0x00, 0x00, 0x9f, 0xff,
    0xf8, 0x00, 0x00, 0x8f, 0xf8, 0x00, 0x02, 0xff, 0xef, 0xf8, 0x00, 0x00, 0x8f, 0xf8, 0x00, 0x0b,
    0xfe, 0x8f, 0xf8, 0x00, 0x00, 0x8f, 0xf8, 0x00, 0x4f, 0xf6, 0x8f, 0xf8, 0x00, 0x00, 0x8f, 0xf8,
    0x00, 0xdf, 0xc0, 0x8f, 0xf8, 0x00, 0x00, 0x8f, 0xf8, 0x07, 0xff, 0x40, 0x8f, 0xf8, 0x00, 0x00,
    0x8f, 0xf8, 0x1e, 0xfa, 0x00, 0x8f, 0xf8, 0x00, 0x00, 0x8f, 0xf8, 0x8f, 0xf2, 0x00, 0x8f, 0xf8,
    0x00, 0x00, 0x8f, 0xf9, 0xff, 0x80, 0x00, 0x8f, 0xf8, 0x00, 0x00, 0x8f, 0xff, 0xfe, 0x10, 0x00,
    0x8f, 0xf8, 0x00, 0x00, 0x8f, 0xff, 0xf7, 0x00, 0x00, 0x8f, 0xf8, 0x00, 0x00, 0x5f, 0xff, 0xd0,
    0x00, 0x00, 0xaf, 0xf5, 0x00, 0x00, 0x1f, 0xff, 0x60, 0x00, 0x03, 0xff, 0xf1, 0x00, 0x00, 0x1d,
    0xff, 0xf9, 0x66, 0x9f, 0xff, 0x80, 0x00, 0x00, 0x8f, 0xff, 0xff, 0xff, 0xff, 0xfc, 0x10, 0x00,
    0x02, 0xef, 0xa8, 0xef, 0xff, 0xfe, 0x80, 0x00, 0x00, 0x09, 0xfe, 0x10, 0x03, 0x44, 0x30, 0x00,
    0x00, 0x00, 0x04, 0x43, 0x00, 0x00, 0x00, 0x00, 0x00, 0x00, 0x00, 0x00, 0x38, 0x87, 0x00, 0x00,
    0x00, 0x00, 0x00, 0x0b, 0xff, 0x80, 0x00, 0x00, 0x00, 0x00, 0x01, 0xcf, 0xf4, 0x00, 0x00, 0x00,
    0x00, 0x00, 0x3e, 0xfe, 0x20, 0x00, 0x00, 0x00, 0x00, 0x05, 0xbb, 0x80, 0x00, 0x00, 0x00, 0x00,
    0x00, 0x00, 0x00, 0x00, 0x00, 0x00, 0x00, 0x00, 0x00, 0x00, 0x00, 0x00, 0x8f, 0xf8, 0x00, 0x00,
    0x00, 0x8f, 0xf8, 0x8f, 0xf8, 0x00, 0x00, 0x00, 0x8f, 0xf8, 0x8f, 0xf8, 0x00, 0x00, 0x00, 0x8f,
    0xf8, 0x8f, 0xf8, 0x00, 0x00, 0x00, 0x8f, 0xf8, 0x8f, 0xf8, 0x00, 0x00, 0x00, 0x8f, 0xf8, 0x8f,
    0xf8, 0x00, 0x00, 0x00, 0x8f, 0xf8, 0x8f, 0xf8, 0x00, 0x00, 0x00, 0x8f, 0xf8, 0x8f, 0xf8, 0x00,
    0x00, 0x00, 0x8f, 0xf8, 0x8f, 0xf8, 0x00, 0x00, 0x00, 0x8f, 0xf8, 0x8f, 0xf8, 0x00, 0x00, 0x00,
    0x8f, 0xf8, 0x8f, 0xf8, 0x00, 0x00, 0x00, 0x8f, 0xf8, 0x8f, 0xf8, 0x00, 0x00, 0x00, 0x8f, 0xf8,
    0x8f, 0xf8, 0x00, 0x00, 0x00, 0x8f, 0xf8, 0x8f, 0xf8, 0x00, 0x00, 0x00, 0x8f, 0xf8, 0x8f, 0xf8,
    0x00, 0x00, 0x00, 0x8f, 0xf8, 0x8f, 0xf8, 0x00, 0x00, 0x00, 0x8f, 0xf8, 0x7f, 0xf8, 0x00, 0x00,
    0x00, 0x8f, 0xf8, 0x4f, 0xfc, 0x00, 0x00, 0x00, 0xcf, 0xf4, 0x1f, 0xff, 0x40, 0x00, 0x04, 0xff,
    0xf1, 0x08, 0xff, 0xf9, 0x66, 0x9f, 0xff, 0x90, 0x01, 0xcf, 0xff, 0xff, 0xff, 0xfc, 0x10, 0x00,
    0x18, 0xef, 0xff, 0xfe, 0x81, 0x00, 0x00, 0x00, 0x03, 0x44, 0x30, 0x00, 0x00, 0x00, 0x00, 0x00,
    0x00, 0x78, 0x83, 0x00, 0x00, 0x00, 0x00, 0x07, 0xff, 0xa0, 0x00, 0x00, 0x00, 0x00, 0x3f, 0xfc,
    0x10, 0x00, 0x00, 0x00, 0x01, 0xdf, 0xe3, 0x00, 0x00, 0x00, 0x00, 0x07, 0xbb, 0x50, 0x00, 0x00,
    0x00, 0x00, 0x00, 0x00, 0x00, 0x00, 0x00, 0x00, 0x00, 0x00, 0x00, 0x00, 0x00, 0x00, 0x8f, 0xf8,
    0x00, 0x00, 0x00, 0x8f, 0xf8, 0x8f, 0xf8, 0x00, 0x00, 0x00, 0x8f, 0xf8, 0x8f, 0xf8, 0x00, 0x00,
    0x00, 0x8f, 0xf8, 0x8f, 0xf8, 0x00, 0x00, 0x00, 0x8f, 0xf8, 0x8f, 0xf8, 0x00, 0x00, 0x00, 0x8f,
    0xf8, 0x8f, 0xf8, 0x00, 0x00, 0x00, 0x8f, 0xf8, 0x8f, 0xf8, 0x00, 0x00, 0x00, 0x8f, 0xf8, 0x8f,
    0xf8, 0x00, 0x00, 0x00, 0x8f, 0xf8, 0x8f, 0xf8, 0x00, 0x00, 0x00, 0x8f, 0xf8, 0x8f, 0xf8, 0x00,
    0x00, 0x00, 0x8f, 0xf8, 0x8f, 0xf8, 0x00, 0x00, 0x00, 0x8f, 0xf8, 0x8f, 0xf8, 0x00, 0x00, 0x00,
    0x8f, 0xf8, 0x8f, 0xf8, 0x00, 0x00, 0x00, 0x8f, 0xf8, 0x8f, 0xf8, 0x00, 0x00, 0x00, 0x8f, 0xf8,
    0x8f, 0xf8, 0x00, 0x00, 0x00, 0x8f, 0xf8, 0x8f, 0xf8, 0x00, 0x00, 0x00, 0x8f, 0xf8, 0x7f, 0xf8,
    0x00, 0x00, 0x00, 0x8f, 0xf8, 0x4f, 0xfc, 0x00, 0x00, 0x00, 0xcf, 0xf4, 0x1f, 0xff, 0x40, 0x00,
    0x04, 0xff, 0xf1, 0x08, 0xff, 0xf9, 0x66, 0x9f, 0xff, 0x90, 0x01, 0xcf, 0xff, 0xff, 0xff, 0xfc,
    0x10, 0x00, 0x18, 0xef, 0xff, 0xfe, 0x81, 0x00, 0x00, 0x00, 0x03, 0x44, 0x30, 0x00, 0x00, 0x00,
    0x00, 0x05, 0x88, 0x50, 0x00, 0x00, 0x00, 0x00, 0x6f, 0xff, 0xf6, 0x00, 0x00, 0x00, 0x06, 0xff,
    0xcc, 0xff, 0x60, 0x00, 0x00, 0x6f, 0xfc, 0x11, 0xcf, 0xf6, 0x00, 0x03, 0xbb, 0xa1, 0x00, 0x1a,
    0xbb, 0x30, 0x00, 0x00, 0x00, 0x00, 0x00, 0x00, 0x00, 0x00, 0x00, 0x00, 0x00, 0x00, 0x00, 0x00,
    0x8f, 0xf8, 0x00, 0x00, 0x00, 0x8f, 0xf8, 0x8f, 0xf8, 0x00, 0x00, 0x00, 0x8f, 0xf8, 0x8f, 0xf8,
    0x00, 0x00, 0x00, 0x8f, 0xf8, 0x8f, 0xf8, 0x00, 0x00, 0x00, 0x8f, 0xf8, 0x8f, 0xf8, 0x00, 0x00,
    0x00, 0x8f, 0xf8, 0x8f, 0xf8, 0x00, 0x00, 0x00, 0x8f, 0xf8, 0x8f, 0xf8, 0x00, 0x00, 0x00, 0x8f,
    0xf8, 0x8f, 0xf8, 0x00, 0x00, 0x00, 0x8f, 0xf8, 0x8f, 0xf8, 0x00, 0x00, 0x00, 0x8f, 0xf8, 0x8f,
    0xf8, 0x00, 0x00, 0x00, 0x8f, 0xf8, 0x8f, 0xf8, 0x00, 0x00, 0x00, 0x8f, 0xf8, 0x8f, 0xf8, 0x00,
    0x00, 0x00, 0x8f, 0xf8, 0x8f, 0xf8, 0x00, 0x00, 0x00, 0x8f, 0xf8, 0x8f, 0xf8, 0x00, 0x00, 0x00,
    0x8f, 0xf8, 0x8f, 0xf8, 0x00, 0x00, 0x00, 0x8f, 0xf8, 0x8f, 0xf8, 0x00, 0x00, 0x00, 0x8f, 0xf8,
    0x7f, 0xf8, 0x00, 0x00, 0x00, 0x8f, 0xf8, 0x4f, 0xfc, 0x00, 0x00, 0x00, 0xcf, 0xf4, 0x1f, 0xff,
    0x40, 0x00, 0x04, 0xff, 0xf1, 0x08, 0xff, 0xf9, 0x66, 0x9f, 0xff, 0x90, 0x01, 0xcf, 0xff, 0xff,
    0xff, 0xfc, 0x10, 0x00, 0x18, 0xef, 0xff, 0xfe, 0x81, 0x00, 0x00, 0x00, 0x03, 0x44, 0x30, 0x00,
    0x00, 0x00, 0x27, 0x30, 0x00, 0x03, 0x72, 0x00, 0x02, 0xef, 0xf5, 0x00, 0x5f, 0xfe, 0x20, 0x04,
    0xff, 0xf8, 0x00, 0x8f, 0xff, 0x40, 0x03, 0xff, 0xf7, 0x00, 0x7f, 0xff, 0x30, 0x00, 0x48, 0x60,
    0x00, 0x06, 0x84, 0x00, 0x00, 0x00, 0x00, 0x00, 0x00, 0x00, 0x00, 0x00, 0x00, 0x00, 0x00, 0x00,
    0x00, 0x00, 0x8f, 0xf8, 0x00, 0x00, 0x00, 0x8f, 0xf8, 0x8f, 0xf8, 0x00, 0x00, 0x00, 0x8f, 0xf8,
    0x8f, 0xf8, 0x00, 0x00, 0x00, 0x8f, 0xf8, 0x8f, 0xf8, 0x00, 0x00, 0x00, 0x8f, 0xf8, 0x8f, 0xf8,
    0x00, 0x00, 0x00, 0x8f, 0xf8, 0x8f, 0xf8, 0x00, 0x00, 0x00, 0x8f, 0xf8, 0x8f, 0xf8, 0x00, 0x00,
    0x00, 0x8f, 0xf8, 0x8f, 0xf8, 0x00, 0x00, 0x00, 0x8f, 0xf8, 0x8f, 0xf8, 0x00, 0x00, 0x00, 0x8f,
    0xf8, 0x8f, 0xf8, 0x00, 0x00, 0x00, 0x8f, 0xf8, 0x8f, 0xf8, 0x00, 0x00, 0x00, 0x8f, 0xf8, 0x8f,
    0xf8, 0x00, 0x00, 0x00, 0x8f, 0xf8, 0x8f, 0xf8, 0x00, 0x00, 0x00, 0x8f, 0xf8, 0x8f, 0xf8, 0x00,
    0x00, 0x00, 0x8f, 0xf8, 0x8f, 0xf8, 0x00, 0x00, 0x00, 0x8f, 0xf8, 0x8f, 0xf8, 0x00, 0x00, 0x00,
    0x8f, 0xf8, 0x7f, 0xf8, 0x00, 0x00, 0x00, 0x8f, 0xf8, 0x4f, 0xfc, 0x00, 0x00, 0x00, 0xcf, 0xf4,
    0x1f, 0xff, 0x40, 0x00, 0x04, 0xff, 0xf1, 0x08, 0xff, 0xf9, 0x66, 0x9f, 0xff, 0x90, 0x01, 0xcf,
    0xff, 0xff, 0xff, 0xfc, 0x10, 0x00, 0x18, 0xef, 0xff, 0xfe, 0x81, 0x00, 0x00, 0x00, 0x03, 0x44,
    0x30, 0x00, 0x00, 0x00, 0x00, 0x00, 0x00, 0x00, 0x78, 0x83, 0x00, 0x00, 0x00, 0x00, 0x00, 0x00,
    0x07, 0xff, 0xa0, 0x00, 0x00, 0x00, 0x00, 0x00, 0x00, 0x3f, 0xfc, 0x10, 0x00, 0x00, 0x00, 0x00,
    0x00, 0x01, 0xdf, 0xe3, 0x00, 0x00, 0x00, 0x00, 0x00, 0x00, 0x07, 0xbb, 0x50, 0x00, 0x00, 0x00,
    0x00, 0x00, 0x00, 0x00, 0x00, 0x00, 0x00, 0x00, 0x00, 0x00, 0x00, 0x00, 0x00, 0x00, 0x00, 0x00,
    0x00, 0x00, 0x0d, 0xff, 0x40, 0x00, 0x00, 0x00, 0x04, 0xff, 0xd0, 0x06, 0xff, 0xb0, 0x00, 0x00,
    0x00, 0x09, 0xff, 0x60, 0x00, 0xdf, 0xf4, 0x00, 0x00, 0x00, 0x2f, 0xfd, 0x00, 0x00, 0x6f, 0xfb,
    0x00, 0x00, 0x00, 0x9f, 0xf6, 0x00, 0x00, 0x0e, 0xff, 0x20, 0x00, 0x02, 0xff, 0xe1, 0x00, 0x00,
    0x08, 0xff, 0x90, 0x00, 0x08, 0xff, 0x80, 0x00, 0x00, 0x01, 0xef, 0xf2, 0x00, 0x1e, 0xfe, 0x10,
    0x00, 0x00, 0x00, 0x8f, 0xf9, 0x00, 0x8f, 0xf8, 0x00, 0x00, 0x00, 0x00, 0x1e, 0xfe, 0x10, 0xdf,
    0xe1, 0x00, 0x00, 0x00, 0x00, 0x08, 0xff, 0x86, 0xff, 0x90, 0x00, 0x00, 0x00, 0x00, 0x02, 0xff,
    0xdc, 0xff, 0x20, 0x00, 0x00, 0x00, 0x00, 0x00, 0x9f, 0xff, 0xf9, 0x00, 0x00, 0x00, 0x00, 0x00,
    0x00, 0x2f, 0xff, 0xf2, 0x00, 0x00, 0x00, 0x00, 0x00, 0x00, 0x09, 0xff, 0x90, 0x00, 0x00, 0x00,
    0x00, 0x00, 0x00, 0x08, 0xff, 0x80, 0x00, 0x00, 0x00, 0x00, 0x00, 0x00, 0x08, 0xff, 0x80, 0x00,
    0x00, 0x00, 0x00, 0x00, 0x00, 0x08, 0xff, 0x80, 0x00, 0x00, 0x00, 0x00, 0x00, 0x00, 0x08, 0xff,
    0x80, 0x00, 0x00, 0x00, 0x00, 0x00, 0x00, 0x08, 0xff, 0x80, 0x00, 0x00, 0x00, 0x00, 0x00, 0x00,
    0x08, 0xff, 0x80, 0x00, 0x00, 0x00, 0x00, 0x00, 0x00, 0x08, 0xff, 0x80, 0x00, 0x00, 0x00, 0x00,
    0x00, 0x00, 0x08, 0xff, 0x80, 0x00, 0x00, 0x00, 0x8f, 0xf8, 0x00, 0x00, 0x00, 0x00, 0x00, 0x08,
    0xff, 0x80, 0x00, 0x00, 0x00, 0x00, 0x00, 0x8f, 0xf8, 0x00, 0x00, 0x00, 0x00, 0x00, 0x08, 0xff,
    0x80, 0x00, 0x00, 0x00, 0x00, 0x00, 0x8f, 0xfb, 0x88, 0x88, 0x85, 0x20, 0x00, 0x08, 0xff, 0xff,
    0xff, 0xff, 0xff, 0xb2, 0x00, 0x8f, 0xff, 0xff, 0xff, 0xff, 0xff, 0xe3, 0x08, 0xff, 0x80, 0x00,
    0x04, 0x6e, 0xff, 0xc0, 0x8f, 0xf8, 0x00, 0x00, 0x00, 0x2e, 0xff, 0x58, 0xff, 0x80, 0x00, 0x00,
    0x00, 0x9f, 0xf8, 0x8f, 0xf8, 0x00, 0x00, 0x00, 0x08, 0xff, 0x88, 0xff, 0x80, 0x00, 0x00, 0x00,
    0x8f, 0xf8, 0x8f, 0xf8, 0x00, 0x00, 0x00, 0x1d, 0xff, 0x58, 0xff, 0x80, 0x00, 0x00, 0x4c, 0xff,
    0xe1, 0x8f, 0xff, 0xff, 0xff, 0xff, 0xff, 0xf5, 0x08, 0xff, 0xff, 0xff, 0xff, 0xff, 0xd5, 0x00,
    0x8f, 0xfd, 0xbb, 0xbb, 0xa8, 0x50, 0x00, 0x08, 0xff, 0x80, 0x00, 0x00, 0x00, 0x00, 0x00, 0x8f,
    0xf8, 0x00, 0x00, 0x00, 0x00, 0x00, 0x08, 0xff, 0x80, 0x00, 0x00, 0x00, 0x00, 0x00, 0x8f, 0xf8,
    0x00, 0x00, 0x00, 0x00, 0x00, 0x08, 0xff, 0x80, 0x00, 0x00, 0x00, 0x00, 0x00, 0x00, 0x00, 0x00,
    0x44, 0x10, 0x00, 0x00, 0x00, 0x00, 0x4b, 0xff, 0xff, 0xd8, 0x00, 0x00, 0x00, 0x8f, 0xff, 0xff,
    0xff, 0xfc, 0x10, 0x00, 0x5f, 0xff, 0xb8, 0x89, 0xff, 0xfb, 0x00, 0x0d, 0xff, 0x80, 0x00, 0x06,
    0xff, 0xf3, 0x04, 0xff, 0xd0, 0x00, 0x00, 0x09, 0xff, 0x80, 0x6f, 0xf9, 0x00, 0x00, 0x00, 0x8f,
    0xf8, 0x08, 0xff, 0x80, 0x00, 0x00, 0x08, 0xff, 0x70, 0x8f, 0xf8, 0x00, 0x00, 0x00, 0xcf, 0xf2,
    0x08, 0xff, 0x80, 0x00, 0x01, 0x9f, 0xf8, 0x00, 0x8f, 0xf8, 0x03, 0xbb, 0xef, 0xf8, 0x00, 0x08,
    0xff, 0x80, 0x4f, 0xff, 0xf9, 0x20, 0x00, 0x8f, 0xf8, 0x03, 0xbb, 0xff, 0xff, 0x60, 0x08, 0xff,
    0x80, 0x00, 0x00, 0x7e, 0xff, 0x40, 0x8f, 0xf8, 0x00, 0x00, 0x00, 0x7f, 0xfb, 0x08, 0xff, 0x80,
    0x00, 0x00, 0x00, 0xff, 0xf1, 0x8f, 0xf8, 0x00, 0x00, 0x00, 0x0b, 0xff, 0x48, 0xff, 0x80, 0x00,
    0x00, 0x00, 0xef, 0xf4, 0x8f, 0xf8, 0x00, 0x00, 0x00, 0x6f, 0xff, 0x08, 0xff, 0x80, 0x00, 0x00,
    0x4e, 0xff, 0x90, 0x8f, 0xf8, 0x03, 0xbb, 0xdf, 0xff, 0xe2, 0x08, 0xff, 0x80, 0x4f, 0xff, 0xff,
    0xd3, 0x00, 0x8f, 0xf8, 0x04, 0xff, 0xfb, 0x71, 0x00, 0x00, 0x00, 0x01, 0x88, 0x81, 0x00, 0x00,
    0x00, 0x00, 0x00, 0x09, 0xff, 0xa0, 0x00, 0x00, 0x00, 0x00, 0x00, 0x0b, 0xff, 0x70, 0x00, 0x00,
    0x00, 0x00, 0x00, 0x1c, 0xff, 0x40, 0x00, 0x00, 0x00, 0x00, 0x00, 0x3b, 0xba, 0x00, 0x00, 0x00,
    0x00, 0x00, 0x00, 0x00, 0x00, 0x00, 0x00, 0x00, 0x00, 0x00, 0x00, 0x00, 0x00, 0x00, 0x00, 0x00,
    0x02, 0x7a, 0xbb, 0xb8, 0x20, 0x00, 0x00, 0x07, 0xff, 0xff, 0xff, 0xff, 0x80, 0x00, 0x07, 0xff,
    0xfd, 0xbb, 0xef, 0xff, 0x80, 0x01, 0xef, 0xf7, 0x00, 0x00, 0x7f, 0xfe, 0x00, 0x3b, 0xb8, 0x00,
    0x00, 0x00, 0xcf, 0xf4, 0x00, 0x00, 0x00, 0x00, 0x00, 0x09, 0xff, 0x40, 0x00, 0x00, 0x00, 0x00,
    0x00, 0x8f, 0xf4, 0x00, 0x04, 0xae, 0xff, 0xff, 0xff, 0xff, 0x40, 0x09, 0xff, 0xff, 0xff, 0xff,
    0xff, 0xf4, 0x06, 0xff, 0xe8, 0x44, 0x44, 0x49, 0xff, 0x40, 0xcf, 0xf6, 0x00, 0x00, 0x00, 0x8f,
    0xf4, 0x0f, 0xff, 0x00, 0x00, 0x00, 0x08, 0xff, 0x40, 0xff, 0xf0, 0x00, 0x00, 0x00, 0xcf, 0xf4,
    0x0d, 0xff, 0x70, 0x00, 0x00, 0x6f, 0xff, 0x40, 0x8f, 0xff, 0x84, 0x45, 0x9f, 0xbf, 0xf4, 0x01,
    0xcf, 0xff, 0xff, 0xff, 0xc8, 0xff, 0x40, 0x01, 0x9f, 0xff, 0xff, 0x91, 0x8f, 0xf4, 0x00, 0x00,
    0x14, 0x44, 0x10, 0x00, 0x00, 0x00, 0x00, 0x00, 0x00, 0x00, 0x07, 0x88, 0x30, 0x00, 0x00, 0x00,
    0x00, 0x06, 0xff, 0xc0, 0x00, 0x00, 0x00, 0x00, 0x03, 0xef, 0xe1, 0x00, 0x00, 0x00, 0x00, 0x01,
    0xcf, 0xf3, 0x00, 0x00, 0x00, 0x00, 0x00, 0x6b, 0xb6, 0x00, 0x00, 0x00, 0x00, 0x00, 0x00, 0x00,
    0x00, 0x00, 0x00, 0x00, 0x00, 0x00, 0x00, 0x00, 0x00, 0x00, 0x00, 0x00, 0x02, 0x7a, 0xbb, 0xb8,
    0x20, 0x00, 0x00, 0x07, 0xff, 0xff, 0xff, 0xff, 0x80, 0x00, 0x07, 0xff, 0xfd, 0xbb, 0xef, 0xff,
    0x80, 0x01, 0xef, 0xf7, 0x00, 0x00, 0x7f, 0xfe, 0x00, 0x3b, 0xb8, 0x00, 0x00, 0x00, 0xcf, 0xf4,
    0x00, 0x00, 0x00, 0x00, 0x00, 0x09, 0xff, 0x40, 0x00, 0x00, 0x00, 0x00, 0x00, 0x8f, 0xf4, 0x00,
    0x04, 0xae, 0xff, 0xff, 0xff, 0xff, 0x40, 0x09, 0xff, 0xff, 0xff, 0xff, 0xff, 0xf4, 0x06, 0xff,
    0xe8, 0x44, 0x44, 0x49, 0xff, 0x40, 0xcf, 0xf6, 0x00, 0x00, 0x00, 0x8f, 0xf4, 0x0f, 0xff, 0x00,
    0x00, 0x00, 0x08, 0xff, 0x40, 0xff, 0xf0, 0x00, 0x00, 0x00, 0xcf, 0xf4, 0x0d, 0xff, 0x70, 0x00,
    0x00, 0x6f, 0xff, 0x40, 0x8f, 0xff, 0x84, 0x45, 0x9f, 0xbf, 0xf4, 0x01, 0xcf, 0xff, 0xff, 0xff,
    0xc8, 0xff, 0x40, 0x01, 0x9f, 0xff, 0xff, 0x91, 0x8f, 0xf4, 0x00, 0x00, 0x14, 0x44, 0x10, 0x00,
    0x00, 0x00, 0x00, 0x00, 0x00, 0x58, 0x87, 0x00, 0x00, 0x00, 0x00, 0x00, 0x6f, 0xff, 0xf9, 0x00,
    0x00, 0x00, 0x00, 0x6f, 0xfc, 0x9f, 0xf9, 0x00, 0x00, 0x00, 0x6f, 0xfc, 0x10, 0x9f, 0xf9, 0x00,
    0x00, 0x3b, 0xba, 0x10, 0x00, 0x8b, 0xb6, 0x00, 0x00, 0x00, 0x00, 0x00, 0x00, 0x00, 0x00, 0x00,
    0x00, 0x00, 0x00, 0x00, 0x00, 0x00, 0x00, 0x00, 0x02, 0x7a, 0xbb, 0xb8, 0x20, 0x00, 0x00, 0x07,
    0xff, 0xff, 0xff, 0xff, 0x80, 0x00, 0x07, 0xff, 0xfd, 0xbb, 0xef, 0xff, 0x80, 0x01, 0xef, 0xf7,
    0x00, 0x00, 0x7f, 0xfe, 0x00, 0x3b, 0xb8, 0x00, 0x00, 0x00, 0xcf, 0xf4, 0x00, 0x00, 0x00, 0x00,
    0x00, 0x09, 0xff, 0x40, 0x00, 0x00, 0x00, 0x00, 0x00, 0x8f, 0xf4, 0x00, 0x04, 0xae, 0xff, 0xff,
    0xff, 0xff, 0x40, 0x09, 0xff, 0xff, 0xff, 0xff, 0xff, 0xf4, 0x06, 0xff, 0xe8, 0x44, 0x44, 0x49,
    0xff, 0x40, 0xcf, 0xf6, 0x00, 0x00, 0x00, 0x8f, 0xf4, 0x0f, 0xff, 0x00, 0x00, 0x00, 0x08, 0xff,
    0x40, 0xff, 0xf0, 0x00, 0x00, 0x00, 0xcf, 0xf4, 0x0d, 0xff, 0x70, 0x00, 0x00, 0x6f, 0xff, 0x40,
    0x8f, 0xff, 0x84, 0x45, 0x9f, 0xbf, 0xf4, 0x01, 0xcf, 0xff, 0xff, 0xff, 0xc8, 0xff, 0x40, 0x01,
    0x9f, 0xff, 0xff, 0x91, 0x8f, 0xf4, 0x00, 0x00, 0x14, 0x44, 0x10, 0x00, 0x00, 0x00, 0x00, 0x00,
    0x27, 0x82, 0x00, 0x04, 0x40, 0x00, 0x00, 0x3e, 0xff, 0xf6, 0x00, 0xff, 0x00, 0x00, 0x09, 0xfc,
    0x8e, 0xf8, 0x8f, 0xe0, 0x00, 0x00, 0xbf, 0x40, 0x3e, 0xff, 0xf8, 0x00, 0x00, 0x06, 0x82, 0x00,
    0x28, 0x84, 0x00, 0x00, 0x00, 0x00, 0x00, 0x00, 0x00, 0x00, 0x00, 0x00, 0x00, 0x00, 0x00, 0x00,
    0x00, 0x00, 0x00, 0x00, 0x02, 0x7a, 0xbb, 0xb8, 0x20, 0x00, 0x00, 0x07, 0xff, 0xff, 0xff, 0xff,
    0x80, 0x00, 0x07, 0xff, 0xfd, 0xbb, 0xef, 0xff, 0x80, 0x01, 0xef, 0xf7, 0x00, 0x00, 0x7f, 0xfe,
    0x00, 0x3b, 0xb8, 0x00, 0x00, 0x00, 0xcf, 0xf4, 0x00, 0x00, 0x00, 0x00, 0x00, 0x09, 0xff, 0x40,
    0x00, 0x00, 0x00, 0x00, 0x00, 0x8f, 0xf4, 0x00, 0x04, 0xae, 0xff, 0xff, 0xff, 0xff, 0x40, 0x09,
    0xff, 0xff, 0xff, 0xff, 0xff, 0xf4, 0x06, 0xff, 0xe8, 0x44, 0x44, 0x49, 0xff, 0x40, 0xcf, 0xf6,
    0x00, 0x00, 0x00, 0x8f, 0xf4, 0x0f, 0xff, 0x00, 0x00, 0x00, 0x08, 0xff, 0x40, 0xff, 0xf0, 0x00,
    0x00, 0x00, 0xcf, 0xf4, 0x0d, 0xff, 0x70, 0x00, 0x00, 0x6f, 0xff, 0x40, 0x8f, 0xff, 0x84, 0x45,
    0x9f, 0xbf, 0xf4, 0x01, 0xcf, 0xff, 0xff, 0xff, 0xc8, 0xff, 0x40, 0x01, 0x9f, 0xff, 0xff, 0x91,
    0x8f, 0xf4, 0x00, 0x00, 0x14, 0x44, 0x10, 0x00, 0x00, 0x00, 0x00, 0x01, 0x43, 0x00, 0x00, 0x24,
    0x20, 0x00, 0x00, 0xdf, 0xf8, 0x00, 0x2f, 0xff, 0x40, 0x00, 0x4f, 0xff, 0xb0, 0x08, 0xff, 0xf8,
    0x00, 0x01, 0xef, 0xf9, 0x00, 0x4f, 0xff, 0x60, 0x00, 0x03, 0x87, 0x10, 0x00, 0x58, 0x60, 0x00,
    0x00, 0x00, 0x00, 0x00, 0x00, 0x00, 0x00, 0x00, 0x00, 0x00, 0x00, 0x00, 0x00, 0x00, 0x00, 0x00,
    0x02, 0x7a, 0xbb, 0xb8, 0x20, 0x00, 0x00, 0x07, 0xff, 0xff, 0xff, 0xff, 0x80, 0x00, 0x07, 0xff,
    0xfd, 0xbb, 0xef, 0xff, 0x80, 0x01, 0xef, 0xf7, 0x00, 0x00, 0x7f, 0xfe, 0x00, 0x3b, 0xb8, 0x00,
    0x00, 0x00, 0xcf, 0xf4, 0x00, 0x00, 0x00, 0x00, 0x00, 0x09, 0xff, 0x40, 0x00, 0x00, 0x00, 0x00,
    0x00, 0x8f, 0xf4, 0x00, 0x04, 0xae, 0xff, 0xff, 0xff, 0xff, 0x40, 0x09, 0xff, 0xff, 0xff, 0xff,
    0xff, 0xf4, 0x06, 0xff, 0xe8, 0x44, 0x44, 0x49, 0xff, 0x40, 0xcf, 0xf6, 0x00, 0x00, 0x00, 0x8f,
    0xf4, 0x0f, 0xff, 0x00, 0x00, 0x00, 0x08, 0xff, 0x40, 0xff, 0xf0, 0x00, 0x00, 0x00, 0xcf, 0xf4,
    0x0d, 0xff, 0x70, 0x00, 0x00, 0x6f, 0xff, 0x40, 0x8f, 0xff, 0x84, 0x45, 0x9f, 0xbf, 0xf4, 0x01,
    0xcf, 0xff, 0xff, 0xff, 0xc8, 0xff, 0x40, 0x01, 0x9f, 0xff, 0xff, 0x91, 0x8f, 0xf4, 0x00, 0x00,
    0x14, 0x44, 0x10, 0x00, 0x00, 0x00, 0x00, 0x00, 0x00, 0x02, 0x30, 0x00, 0x00, 0x00, 0x00, 0x00,
    0x3d, 0xff, 0xe8, 0x00, 0x00, 0x00, 0x00, 0x2e, 0xf9, 0x8e, 0xf6, 0x00, 0x00, 0x00, 0x07, 0xf8,
    0x00, 0x4f, 0xb0, 0x00, 0x00, 0x00, 0x8f, 0x50, 0x00, 0xfb, 0x00, 0x00, 0x00, 0x06, 0xfb, 0x10,
    0x7f, 0x90, 0x00, 0x00, 0x00, 0x0c, 0xff, 0xdf, 0xe3, 0x00, 0x00, 0x00, 0x00, 0x17, 0xbb, 0x92,
    0x00, 0x00, 0x00, 0x00, 0x00, 0x00, 0x00, 0x00, 0x00, 0x00, 0x00, 0x02, 0x7a, 0xbb, 0xb8, 0x20,
    0x00, 0x00, 0x07, 0xff, 0xff, 0xff, 0xff, 0x80, 0x00, 0x07, 0xff, 0xfd, 0xbb, 0xef, 0xff, 0x80,
    0x01, 0xef, 0xf7, 0x00, 0x00, 0x7f, 0xfe, 0x00, 0x3b, 0xb8, 0x00, 0x00, 0x00, 0xcf, 0xf4, 0x00,
    0x00, 0x00, 0x00, 0x00, 0x09, 0xff, 0x40, 0x00, 0x00, 0x00, 0x00, 0x00, 0x8f, 0xf4, 0x00, 0x04,
    0xae, 0xff, 0xff, 0xff, 0xff, 0x40, 0x09, 0xff, 0xff, 0xff, 0xff, 0xff, 0xf4, 0x06, 0xff, 0xe8,
    0x44, 0x44, 0x49, 0xff, 0x40, 0xcf, 0xf6, 0x00, 0x00, 0x00, 0x8f, 0xf4, 0x0f, 0xff, 0x00, 0x00,
    0x00, 0x08, 0xff, 0x40, 0xff, 0xf0, 0x00, 0x00, 0x00, 0xcf, 0xf4, 0x0d, 0xff, 0x70, 0x00, 0x00,
    0x6f, 0xff, 0x40, 0x8f, 0xff, 0x84, 0x45, 0x9f, 0xbf, 0xf4, 0x01, 0xcf, 0xff, 0xff, 0xff, 0xc8,
    0xff, 0x40, 0x01, 0x9f, 0xff, 0xff, 0x91, 0x8f, 0xf4, 0x00, 0x00, 0x14, 0x44, 0x10, 0x00, 0x00,
    0x00, 0x00, 0x05, 0xab, 0xa5, 0x00, 0x4a, 0xbb, 0x60, 0x00, 0x08, 0xff, 0xff, 0xf8, 0x5f, 0xff,
    0xff, 0x90, 0x03, 0xff, 0xe8, 0x9f, 0xfc, 0xfb, 0x8d, 0xff, 0x60, 0x8f, 0xf3, 0x00, 0x8f, 0xfb,
    0x00, 0x1e, 0xfc, 0x08, 0xbb, 0x00, 0x04, 0xff, 0x80, 0x00, 0xbf, 0xf0, 0x00, 0x00, 0x00, 0x4f,
    0xf8, 0x00, 0x0b, 0xff, 0x00, 0x00, 0x00, 0x04, 0xff, 0x80, 0x00, 0xbf, 0xf0, 0x00, 0x59, 0xbb,
    0xcf, 0xfd, 0xbb, 0xbe, 0xff, 0x00, 0x9f, 0xff, 0xff, 0xff, 0xff, 0xff, 0xff, 0xf0, 0x6f, 0xfb,
    0x54, 0x7f, 0xf9, 0x44, 0x44, 0x44, 0x0c, 0xfd, 0x10, 0x04, 0xff, 0x80, 0x00, 0x00, 0x00, 0xff,
    0xa0, 0x00, 0x4f, 0xf8, 0x00, 0x00, 0x00, 0x0f, 0xf8, 0x00, 0x04, 0xff, 0x80, 0x00, 0x34, 0x40,
    0xff, 0xc0, 0x00, 0x6f, 0xf8, 0x00, 0x0c, 0xff, 0x09, 0xff, 0x71, 0x3c, 0xfd, 0xe4, 0x07, 0xff,
    0xa0, 0x3e, 0xff, 0xff, 0xfb, 0x8f, 0xff, 0xff, 0xf4, 0x00, 0x3d, 0xff, 0xfb, 0x11, 0xaf, 0xff,
    0xd5, 0x00, 0x00, 0x04, 0x43, 0x00, 0x00, 0x24, 0x40, 0x00, 0x00, 0x00, 0x69, 0xbb, 0xb8, 0x20,
    0x00, 0x00, 0x3d, 0xff, 0xff, 0xff, 0xf8, 0x00, 0x03, 0xef, 0xff, 0xdb, 0xff, 0xff, 0x90, 0x0b,
    0xff, 0xc2, 0x00, 0x07, 0xff, 0xf4, 0x3f, 0xfe, 0x10, 0x00, 0x00, 0x8f, 0xf9, 0x6f, 0xf9, 0x00,
    0x00, 0x00, 0x4f, 0xfb, 0x8f, 0xf8, 0x00, 0x00, 0x00, 0x00, 0x00, 0x8f, 0xf8, 0x00, 0x00, 0x00,
    0x00, 0x00, 0x8f, 0xf8, 0x00, 0x00, 0x00, 0x00, 0x00, 0x8f, 0xf8, 0x00, 0x00, 0x00, 0x00, 0x00,
    0x8f, 0xf8, 0x00, 0x00, 0x00, 0x00, 0x00, 0x8f, 0xf8, 0x00, 0x00, 0x00, 0x28, 0x86, 0x4f, 0xfc,
    0x00, 0x00, 0x00, 0x5f, 0xfb, 0x1e, 0xff, 0x60, 0x00, 0x01, 0xcf, 0xf7, 0x08, 0xff, 0xf9, 0x75,
    0x8d, 0xff, 0xe1, 0x00, 0x9f, 0xff, 0xff, 0xff, 0xfe, 0x30, 0x00, 0x06, 0xdf, 0xff, 0xff, 0x92,
    0x00, 0x00, 0x00, 0x0b, 0xf4, 0x40, 0x00, 0x00, 0x00, 0x00, 0x2f, 0xfc, 0x82, 0x00, 0x00, 0x00,
    0x00, 0x01, 0x5c, 0xfe, 0x20, 0x00, 0x00, 0x00, 0x00, 0x04, 0xff, 0x80, 0x00, 0x00, 0x00, 0x68,
    0x8d, 0xff, 0x60, 0x00, 0x00, 0x00, 0xbf, 0xff, 0xe7, 0x00, 0x00, 0x00, 0x00, 0x34, 0x43, 0x00,
    0x00, 0x00, 0x00, 0x38, 0x87, 0x00, 0x00, 0x00, 0x00, 0x00, 0x0a, 0xff, 0x80, 0x00, 0x00, 0x00,
    0x00, 0x01, 0xcf, 0xf5, 0x00, 0x00, 0x00, 0x00, 0x00, 0x2e, 0xfe, 0x30, 0x00, 0x00, 0x00, 0x00,
    0x04, 0xbb, 0x80, 0x00, 0x00, 0x00, 0x00, 0x00, 0x00, 0x00, 0x00, 0x00, 0x00, 0x00, 0x00, 0x00,
    0x00, 0x00, 0x00, 0x00, 0x01, 0x7a, 0xbb, 0xa6, 0x10, 0x00, 0x00, 0x5e, 0xff, 0xff, 0xff, 0xe5,
    0x00, 0x04, 0xff, 0xfd, 0x99, 0xdf, 0xff, 0x50, 0x0d, 0xff, 0x70, 0x00, 0x07, 0xff, 0xd0, 0x5f,
    0xfb, 0x00, 0x00, 0x00, 0xbf, 0xf5, 0x8f, 0xf6, 0x00, 0x00, 0x00, 0x6f, 0xf8, 0x8f, 0xf4, 0x00,
    0x00, 0x00, 0x4f, 0xf8, 0x8f, 0xfc, 0xbb, 0xbb, 0xbb, 0xcf, 0xf8, 0x8f, 0xff, 0xff, 0xff, 0xff,
    0xff, 0xf8, 0x8f, 0xf9, 0x88, 0x88, 0x88, 0x88, 0x84, 0x8f, 0xf4, 0x00, 0x00, 0x00, 0x00, 0x00,
    0x8f, 0xf5, 0x00, 0x00, 0x00, 0x00, 0x00, 0x7f, 0xf8, 0x00, 0x00, 0x00, 0x24, 0x42, 0x2f, 0xfe,
    0x30, 0x00, 0x01, 0xdf, 0xf5, 0x08, 0xff, 0xe8, 0x44, 0x6d, 0xff, 0xc0, 0x01, 0xcf, 0xff, 0xff,
    0xff, 0xfe, 0x30, 0x00, 0x08, 0xef, 0xff, 0xfe, 0x91, 0x00, 0x00, 0x00, 0x03, 0x44, 0x30, 0x00,
    0x00, 0x00, 0x00, 0x00, 0x00, 0x78, 0x82, 0x00, 0x00, 0x00, 0x00, 0x08, 0xff, 0x90, 0x00, 0x00,
    0x00, 0x00, 0x4f, 0xfc, 0x10, 0x00, 0x00, 0x00, 0x01, 0xef, 0xe2, 0x00, 0x00, 0x00, 0x00, 0x08,
    0xbb, 0x40, 0x00, 0x00, 0x00, 0x00, 0x00, 0x00, 0x00, 0x00, 0x00, 0x00, 0x00, 0x00, 0x00, 0x00,
    0x00, 0x00, 0x00, 0x01, 0x7a, 0xbb, 0xa6, 0x10, 0x00, 0x00, 0x5e, 0xff, 0xff, 0xff, 0xe5, 0x00,
    0x04, 0xff, 0xfd, 0x99, 0xdf, 0xff, 0x50, 0x0d, 0xff, 0x70, 0x00, 0x07, 0xff, 0xd0, 0x5f, 0xfb,
    0x00, 0x00, 0x00, 0xbf, 0xf5, 0x8f, 0xf6, 0x00, 0x00, 0x00, 0x6f, 0xf8, 0x8f, 0xf4, 0x00, 0x00,
    0x00, 0x4f, 0xf8, 0x8f, 0xfc, 0xbb, 0xbb, 0xbb, 0xcf, 0xf8, 0x8f, 0xff, 0xff, 0xff, 0xff, 0xff,
    0xf8, 0x8f, 0xf9, 0x88, 0x88, 0x88, 0x88, 0x84, 0x8f, 0xf4, 0x00, 0x00, 0x00, 0x00, 0x00, 0x8f,
    0xf5, 0x00, 0x00, 0x00, 0x00, 0x00, 0x7f, 0xf8, 0x00, 0x00, 0x00, 0x24, 0x42, 0x2f, 0xfe, 0x30,
    0x00, 0x01, 0xdf, 0xf5, 0x08, 0xff, 0xe8, 0x44, 0x6d, 0xff, 0xc0, 0x01, 0xcf, 0xff, 0xff, 0xff,
    0xfe, 0x30, 0x00, 0x08, 0xef, 0xff, 0xfe, 0x91, 0x00, 0x00, 0x00, 0x03, 0x44, 0x30, 0x00, 0x00,
    0x00, 0x00, 0x05, 0x88, 0x50, 0x00, 0x00, 0x00, 0x00, 0x6f, 0xff, 0xf6, 0x00, 0x00, 0x00, 0x06,
    0xff, 0xcc, 0xff, 0x60, 0x00, 0x00, 0x6f, 0xfc, 0x11, 0xcf, 0xf6, 0x00, 0x03, 0xbb, 0xa1, 0x00,
    0x1a, 0xbb, 0x30, 0x00, 0x00, 0x00, 0x00, 0x00, 0x00, 0x00, 0x00, 0x00, 0x00, 0x00, 0x00, 0x00,
    0x00, 0x00, 0x01, 0x7a, 0xbb, 0xa6, 0x10, 0x00, 0x00, 0x5e, 0xff, 0xff, 0xff, 0xe5, 0x00, 0x04,
    0xff, 0xfd, 0x99, 0xdf, 0xff, 0x50, 0x0d, 0xff, 0x70, 0x00, 0x07, 0xff, 0xd0, 0x5f, 0xfb, 0x00,
    0x00, 0x00, 0xbf, 0xf5, 0x8f, 0xf6, 0x00, 0x00, 0x00, 0x6f, 0xf8, 0x8f, 0xf4, 0x00, 0x00, 0x00,
    0x4f, 0xf8, 0x8f, 0xfc, 0xbb, 0xbb, 0xbb, 0xcf, 0xf8, 0x8f, 0xff, 0xff, 0xff, 0xff, 0xff, 0xf8,
    0x8f, 0xf9, 0x88, 0x88, 0x88, 0x88, 0x84, 0x8f, 0xf4, 0x00, 0x00, 0x00, 0x00, 0x00, 0x8f, 0xf5,
    0x00, 0x00, 0x00, 0x00, 0x00, 0x7f, 0xf8, 0x00, 0x00, 0x00, 0x24, 0x42, 0x2f, 0xfe, 0x30, 0x00,
    0x01, 0xdf, 0xf5, 0x08, 0xff, 0xe8, 0x44, 0x6d, 0xff, 0xc0, 0x01, 0xcf, 0xff, 0xff, 0xff, 0xfe,
    0x30, 0x00, 0x08, 0xef, 0xff, 0xfe, 0x91, 0x00, 0x00, 0x00, 0x03, 0x44, 0x30, 0x00, 0x00, 0x00,
    0x24, 0x30, 0x00, 0x03, 0x42, 0x00, 0x02, 0xef, 0xf5, 0x00, 0x5f, 0xfe, 0x20, 0x04, 0xff, 0xf8,
    0x00, 0x8f, 0xff, 0x40, 0x03, 0xff, 0xf7, 0x00, 0x7f, 0xff, 0x30, 0x00, 0x58, 0x70, 0x00, 0x07,
    0x85, 0x00, 0x00, 0x00, 0x00, 0x00, 0x00, 0x00, 0x00, 0x00, 0x00, 0x00, 0x00, 0x00, 0x00, 0x00,
    0x00, 0x01, 0x7a, 0xbb, 0xa6, 0x10, 0x00, 0x00, 0x5e, 0xff, 0xff, 0xff, 0xe5, 0x00, 0x04, 0xff,
    0xfd, 0x99, 0xdf, 0xff, 0x50, 0x0d, 0xff, 0x70, 0x00, 0x07, 0xff, 0xd0, 0x5f, 0xfb, 0x00, 0x00,
    0x00, 0xbf, 0xf5, 0x8f, 0xf6, 0x00, 0x00, 0x00, 0x6f, 0xf8, 0x8f, 0xf4, 0x00, 0x00, 0x00, 0x4f,
    0xf8, 0x8f, 0xfc, 0xbb, 0xbb, 0xbb, 0xcf, 0xf8, 0x8f, 0xff, 0xff, 0xff, 0xff, 0xff, 0xf8, 0x8f,
    0xf9, 0x88, 0x88, 0x88, 0x88, 0x84, 0x8f, 0xf4, 0x00, 0x00, 0x00, 0x00, 0x00, 0x8f, 0xf5, 0x00,
    0x00, 0x00, 0x00, 0x00, 0x7f, 0xf8, 0x00, 0x00, 0x00, 0x24, 0x42, 0x2f, 0xfe, 0x30, 0x00, 0x01,
    0xdf, 0xf5, 0x08, 0xff, 0xe8, 0x44, 0x6d, 0xff, 0xc0, 0x01, 0xcf, 0xff, 0xff, 0xff, 0xfe, 0x30,
    0x00, 0x08, 0xef, 0xff, 0xfe, 0x91, 0x00, 0x00, 0x00, 0x03, 0x44, 0x30, 0x00, 0x00, 0x00, 0x07,
    0x88, 0x30, 0x00, 0x00, 0x00, 0x00, 0x00, 0x4f, 0xfe, 0x10, 0x00, 0x00, 0x00, 0x00, 0x00, 0x6f,
    0xfc, 0x00, 0x00, 0x00, 0x00, 0x00, 0x00, 0x9f, 0xf8, 0x00, 0x00, 0x00, 0x00, 0x00, 0x00, 0x9b,
    0xb3, 0x00, 0x00, 0x00, 0x00, 0x00, 0x00, 0x00, 0x00, 0x00, 0x00, 0x00, 0x00, 0x00, 0x00, 0x00,
    0x00, 0x00, 0x00, 0x88, 0x88, 0x88, 0x88, 0x20, 0x00, 0x00, 0x0f, 0xff, 0xff, 0xff, 0xf4, 0x00,
    0x00, 0x00, 0xff, 0xff, 0xff, 0xff, 0x40, 0x00, 0x00, 0x04, 0x44, 0x44, 0xcf, 0xf4, 0x00, 0x00,
    0x00, 0x00, 0x00, 0x0b, 0xff, 0x40, 0x00, 0x00, 0x00, 0x00, 0x00, 0xbf, 0xf4, 0x00, 0x00, 0x00,
    0x00, 0x00, 0x0b, 0xff, 0x40, 0x00, 0x00, 0x00, 0x00, 0x00, 0xbf, 0xf4, 0x00, 0x00, 0x00, 0x00,
    0x00, 0x0b, 0xff, 0x40, 0x00, 0x00, 0x00, 0x00, 0x00, 0xbf, 0xf4, 0x00, 0x00, 0x00, 0x00, 0x00,
    0x0b, 0xff, 0x40, 0x00, 0x00, 0x00, 0x00, 0x00, 0xbf, 0xf4, 0x00, 0x00, 0x00, 0x00, 0x00, 0x0b,
    0xff, 0x40, 0x00, 0x00, 0x00, 0x00, 0x00, 0xbf, 0xf4, 0x00, 0x00, 0x06, 0xbb, 0xbb, 0xbe, 0xff,
    0xcb, 0xbb, 0xb8, 0x8f, 0xff, 0xff, 0xff, 0xff, 0xff, 0xff, 0xb8, 0xff, 0xff, 0xff, 0xff, 0xff,
    0xff, 0xfb, 0x00, 0x00, 0x00, 0x00, 0x38, 0x86, 0x00, 0x00, 0x00, 0x00, 0x00, 0x1e, 0xfe, 0x30,
    0x00, 0x00, 0x00, 0x00, 0x0b, 0xff, 0x60, 0x00, 0x00, 0x00, 0x00, 0x08, 0xff, 0x80, 0x00, 0x00,
    0x00, 0x00, 0x02, 0xbb, 0x90, 0x00, 0x00, 0x00, 0x00, 0x00, 0x00, 0x00, 0x00, 0x00, 0x00, 0x00,
    0x00, 0x00, 0x00, 0x00, 0x00, 0x00, 0x00, 0x88, 0x88, 0x88, 0x88, 0x20, 0x00, 0x00, 0x0f, 0xff,
    0xff, 0xff, 0xf4, 0x00, 0x00, 0x00, 0xff, 0xff, 0xff, 0xff, 0x40, 0x00, 0x00, 0x04, 0x44, 0x44,
    0xcf, 0xf4, 0x00, 0x00, 0x00, 0x00, 0x00, 0x0b, 0xff, 0x40, 0x00, 0x00, 0x00, 0x00, 0x00, 0xbf,
    0xf4, 0x00, 0x00, 0x00, 0x00, 0x00, 0x0b, 0xff, 0x40, 0x00, 0x00, 0x00, 0x00, 0x00, 0xbf, 0xf4,
    0x00, 0x00, 0x00, 0x00, 0x00, 0x0b, 0xff, 0x40, 0x00, 0x00, 0x00, 0x00, 0x00, 0xbf, 0xf4, 0x00,
    0x00, 0x00, 0x00, 0x00, 0x0b, 0xff, 0x40, 0x00, 0x00, 0x00, 0x00, 0x00, 0xbf, 0xf4, 0x00, 0x00,
    0x00, 0x00, 0x00, 0x0b, 0xff, 0x40, 0x00, 0x00, 0x00, 0x00, 0x00, 0xbf, 0xf4, 0x00, 0x00, 0x06,
    0xbb, 0xbb, 0xbe, 0xff, 0xcb, 0xbb, 0xb8, 0x8f, 0xff, 0xff, 0xff, 0xff, 0xff, 0xff, 0xb8, 0xff,
    0xff, 0xff, 0xff, 0xff, 0xff, 0xfb, 0x00, 0x00, 0x01, 0x88, 0x81, 0x00, 0x00, 0x00, 0x00, 0x01,
    0xcf, 0xff, 0xc1, 0x00, 0x00, 0x00, 0x01, 0xcf, 0xf9, 0xff, 0xc1, 0x00, 0x00, 0x01, 0xcf, 0xf6,
    0x06, 0xff, 0xc1, 0x00, 0x00, 0x8b, 0xb6, 0x00, 0x06, 0xbb, 0x80, 0x00, 0x00, 0x00, 0x00, 0x00,
    0x00, 0x00, 0x00, 0x00, 0x00, 0x00, 0x00, 0x00, 0x00, 0x00, 0x00, 0x88, 0x88, 0x88, 0x88, 0x20,
    0x00, 0x00, 0x0f, 0xff, 0xff, 0xff, 0xf4, 0x00, 0x00, 0x00, 0xff, 0xff, 0xff, 0xff, 0x40, 0x00,
    0x00, 0x04, 0x44, 0x44, 0xcf, 0xf4, 0x00, 0x00, 0x00, 0x00, 0x00, 0x0b, 0xff, 0x40, 0x00, 0x00,
    0x00, 0x00, 0x00, 0xbf, 0xf4, 0x00, 0x00, 0x00, 0x00, 0x00, 0x0b, 0xff, 0x40, 0x00, 0x00, 0x00,
    0x00, 0x00, 0xbf, 0xf4, 0x00, 0x00, 0x00, 0x00, 0x00, 0x0b, 0xff, 0x40, 0x00, 0x00, 0x00, 0x00,
    0x00, 0xbf, 0xf4, 0x00, 0x00, 0x00, 0x00, 0x00, 0x0b, 0xff, 0x40, 0x00, 0x00, 0x00, 0x00, 0x00,
    0xbf, 0xf4, 0x00, 0x00, 0x00, 0x00, 0x00, 0x0b, 0xff, 0x40, 0x00, 0x00, 0x00, 0x00, 0x00, 0xbf,
    0xf4, 0x00, 0x00, 0x06, 0xbb, 0xbb, 0xbe, 0xff, 0xcb, 0xbb, 0xb8, 0x8f, 0xff, 0xff, 0xff, 0xff,
    0xff, 0xff, 0xb8, 0xff, 0xff, 0xff, 0xff, 0xff, 0xff, 0xfb, 0x00, 0x04, 0x41, 0x00, 0x01, 0x44,
    0x00, 0x00, 0x08, 0xff, 0xc0, 0x00, 0xcf, 0xf8, 0x00, 0x00, 0xef, 0xff, 0x00, 0x3f, 0xff, 0xb0,
    0x00, 0x0a, 0xff, 0xe0, 0x00, 0xef, 0xfa, 0x00, 0x00, 0x18, 0x82, 0x00, 0x03, 0x87, 0x10, 0x00,
    0x00, 0x00, 0x00, 0x00, 0x00, 0x00, 0x00, 0x00, 0x00, 0x00, 0x00, 0x00, 0x00, 0x00, 0x00, 0x88,
    0x88, 0x88, 0x88, 0x20, 0x00, 0x00, 0x0f, 0xff, 0xff, 0xff, 0xf4, 0x00, 0x00, 0x00, 0xff, 0xff,
    0xff, 0xff, 0x40, 0x00, 0x00, 0x04, 0x44, 0x44, 0xcf, 0xf4, 0x00, 0x00, 0x00, 0x00, 0x00, 0x0b,
    0xff, 0x40, 0x00, 0x00, 0x00, 0x00, 0x00, 0xbf, 0xf4, 0x00, 0x00, 0x00, 0x00, 0x00, 0x0b, 0xff,
    0x40, 0x00, 0x00, 0x00, 0x00, 0x00, 0xbf, 0xf4, 0x00, 0x00, 0x00, 0x00, 0x00, 0x0b, 0xff, 0x40,
    0x00, 0x00, 0x00, 0x00, 0x00, 0xbf, 0xf4, 0x00, 0x00, 0x00, 0x00, 0x00, 0x0b, 0xff, 0x40, 0x00,
    0x00, 0x00, 0x00, 0x00, 0xbf, 0xf4, 0x00, 0x00, 0x00, 0x00, 0x00, 0x0b, 0xff, 0x40, 0x00, 0x00,
    0x00, 0x00, 0x00, 0xbf, 0xf4, 0x00, 0x00, 0x06, 0xbb, 0xbb, 0xbe, 0xff, 0xcb, 0xbb, 0xb8, 0x8f,
    0xff, 0xff, 0xff, 0xff, 0xff, 0xff, 0xb8, 0xff, 0xff, 0xff, 0xff, 0xff, 0xff, 0xfb, 0x00, 0x00,
    0x00, 0x00, 0x00, 0x00, 0x00, 0x00, 0x00, 0x01, 0xdf, 0xf8, 0x00, 0x17, 0xd0, 0x00, 0x00, 0x00,
    0x3f, 0xff, 0x58, 0xef, 0xf0, 0x00, 0x00, 0x00, 0x07, 0xff, 0xff, 0xff, 0x90, 0x00, 0x00, 0x00,
    0x6b, 0xff, 0xfe, 0x82, 0x00, 0x00, 0x00, 0x4d, 0xff, 0xff, 0xff, 0x50, 0x00, 0x00, 0x00, 0x8f,
    0xfb, 0x54, 0xff, 0xe1, 0x00, 0x00, 0x00, 0x89, 0x30, 0x00, 0x8f, 0xfa, 0x00, 0x00, 0x00, 0x00,
    0x00, 0x00, 0x0c, 0xff, 0x70, 0x00, 0x00, 0x00, 0x00, 0x24, 0x03, 0xef, 0xe1, 0x00, 0x00, 0x02,
    0x9e, 0xff, 0xf8, 0x7f, 0xf8, 0x00, 0x00, 0x3e, 0xff, 0xff, 0xff, 0xbe, 0xfe, 0x10, 0x01, 0xef,
    0xfe, 0x84, 0x48, 0xef, 0xff, 0x60, 0x08, 0xff, 0xe1, 0x00, 0x00, 0x1d, 0xff, 0xa0, 0x0c, 0xff,
    0x60, 0x00, 0x00, 0x05, 0xff, 0xe0, 0x0f, 0xff, 0x00, 0x00, 0x00, 0x00, 0xff, 0xf0, 0x0f, 0xff,
    0x00, 0x00, 0x00, 0x00, 0xff, 0xf0, 0x0f, 0xff, 0x10, 0x00, 0x00, 0x00, 0xff, 0xf0, 0x0b, 0xff,
    0x60, 0x00, 0x00, 0x06, 0xff, 0xa0, 0x06, 0xff, 0xe3, 0x00, 0x00, 0x3e, 0xff, 0x60, 0x00, 0xcf,
    0xfe, 0x86, 0x68, 0xef, 0xfc, 0x00, 0x00, 0x1c, 0xff, 0xff, 0xff, 0xff, 0xc1, 0x00, 0x00, 0x01,
    0x8d, 0xff, 0xff, 0xd8, 0x00, 0x00, 0x00, 0x00, 0x00, 0x24, 0x42, 0x00, 0x00, 0x00, 0x00, 0x02,
    0x78, 0x20, 0x00, 0x44, 0x00, 0x00, 0x3e, 0xff, 0xf6, 0x00, 0xff, 0x00, 0x00, 0x9f, 0xc8, 0xef,
    0x88, 0xfe, 0x00, 0x00, 0xbf, 0x40, 0x3e, 0xff, 0xf8, 0x00, 0x00, 0x68, 0x20, 0x02, 0x88, 0x40,
    0x00, 0x00, 0x00, 0x00, 0x00, 0x00, 0x00, 0x00, 0x00, 0x00, 0x00, 0x00, 0x00, 0x00, 0x00, 0x28,
    0x84, 0x04, 0x9b, 0xb9, 0x40, 0x00, 0x4f, 0xf8, 0x6f, 0xff, 0xff, 0xf9, 0x00, 0x4f, 0xf9, 0xff,
    0xbb, 0xef, 0xff, 0x80, 0x4f, 0xfd, 0xc1, 0x00, 0x19, 0xff, 0xe1, 0x4f, 0xfe, 0x10, 0x00, 0x00,
    0xdf, 0xf4, 0x4f, 0xfb, 0x00, 0x00, 0x00, 0x9f, 0xf8, 0x4f, 0xf8, 0x00, 0x00, 0x00, 0x8f, 0xf8,
    0x4f, 0xf8, 0x00, 0x00, 0x00, 0x8f, 0xf8, 0x4f, 0xf8, 0x00, 0x00, 0x00, 0x8f, 0xf8, 0x4f, 0xf8,
    0x00, 0x00, 0x00, 0x8f, 0xf8, 0x4f, 0xf8, 0x00, 0x00, 0x00, 0x8f, 0xf8, 0x4f, 0xf8, 0x00, 0x00,
    0x00, 0x8f, 0xf8, 0x4f, 0xf8, 0x00, 0x00, 0x00, 0x8f, 0xf8, 0x4f, 0xf8, 0x00, 0x00, 0x00, 0x8f,
    0xf8, 0x4f, 0xf8, 0x00, 0x00, 0x00, 0x8f, 0xf8, 0x4f, 0xf8, 0x00, 0x00, 0x00, 0x8f, 0xf8, 0x4f,
    0xf8, 0x00, 0x00, 0x00, 0x8f, 0xf8, 0x00, 0x38, 0x87, 0x00, 0x00, 0x00, 0x00, 0x00, 0x0a, 0xff,
    0x80, 0x00, 0x00, 0x00, 0x00, 0x01, 0xcf, 0xf5, 0x00, 0x00, 0x00, 0x00, 0x00, 0x2e, 0xfe, 0x30,
    0x00, 0x00, 0x00, 0x00, 0x04, 0xbb, 0x80, 0x00, 0x00, 0x00, 0x00, 0x00, 0x00, 0x00, 0x00, 0x00,
    0x00, 0x00, 0x00, 0x00, 0x00, 0x00, 0x00, 0x00, 0x01, 0x69, 0xbb, 0x96, 0x10, 0x00, 0x00, 0x5e,
    0xff, 0xff, 0xff, 0xe5, 0x00, 0x04, 0xff, 0xff, 0xee, 0xff, 0xff, 0x40, 0x0d, 0xff, 0xa2, 0x00,
    0x2a, 0xff, 0xd0, 0x5f, 0xfd, 0x00, 0x00, 0x00, 0xdf, 0xf5, 0x8f, 0xf8, 0x00, 0x00, 0x00, 0x8f,
    0xf8, 0x8f, 0xf6, 0x00, 0x00, 0x00, 0x6f, 0xf8, 0x8f, 0xf4, 0x00, 0x00, 0x00, 0x4f, 0xf8, 0x8f,
    0xf4, 0x00, 0x00, 0x00, 0x4f, 0xf8, 0x8f, 0xf4, 0x00, 0x00, 0x00, 0x4f, 0xf8, 0x8f, 0xf4, 0x00,
    0x00, 0x00, 0x4f, 0xf8, 0x8f, 0xf8, 0x00, 0x00, 0x00, 0x8f, 0xf8, 0x7f, 0xf9, 0x00, 0x00, 0x00,
    0x9f, 0xf7, 0x2f, 0xff, 0x30, 0x00, 0x03, 0xff, 0xf2, 0x08, 0xff, 0xf9, 0x77, 0x9f, 0xff, 0x80,
    0x01, 0xcf, 0xff, 0xff, 0xff, 0xfc, 0x10, 0x00, 0x08, 0xdf, 0xff, 0xfd, 0x80, 0x00, 0x00, 0x00,
    0x02, 0x44, 0x20, 0x00, 0x00, 0x00, 0x00, 0x00, 0x00, 0x78, 0x82, 0x00, 0x00, 0x00, 0x00, 0x08,
    0xff, 0x90, 0x00, 0x00, 0x00, 0x00, 0x4f, 0xfc, 0x10, 0x00, 0x00, 0x00, 0x01, 0xef, 0xe2, 0x00,
    0x00, 0x00, 0x00, 0x08, 0xbb, 0x40, 0x00, 0x00, 0x00, 0x00, 0x00, 0x00, 0x00, 0x00, 0x00, 0x00,
    0x00, 0x00, 0x00, 0x00, 0x00, 0x00, 0x00, 0x01, 0x69, 0xbb, 0x96, 0x10, 0x00, 0x00, 0x5e, 0xff,
    0xff, 0xff, 0xe5, 0x00, 0x04, 0xff, 0xff, 0xee, 0xff, 0xff, 0x40, 0x0d, 0xff, 0xa2, 0x00, 0x2a,
    0xff, 0xd0, 0x5f, 0xfd, 0x00, 0x00, 0x00, 0xdf, 0xf5, 0x8f, 0xf8, 0x00, 0x00, 0x00, 0x8f, 0xf8,
    0x8f, 0xf6, 0x00, 0x00, 0x00, 0x6f, 0xf8, 0x8f, 0xf4, 0x00, 0x00, 0x00, 0x4f, 0xf8, 0x8f, 0xf4,
    0x00, 0x00, 0x00, 0x4f, 0xf8, 0x8f, 0xf4, 0x00, 0x00, 0x00, 0x4f, 0xf8, 0x8f, 0xf4, 0x00, 0x00,
    0x00, 0x4f, 0xf8, 0x8f, 0xf8, 0x00, 0x00, 0x00, 0x8f, 0xf8, 0x7f, 0xf9, 0x00, 0x00, 0x00, 0x9f,
    0xf7, 0x2f, 0xff, 0x30, 0x00, 0x03, 0xff, 0xf2, 0x08, 0xff, 0xf9, 0x77, 0x9f, 0xff, 0x80, 0x01,
    0xcf, 0xff, 0xff, 0xff, 0xfc, 0x10, 0x00, 0x08, 0xdf, 0xff, 0xfd, 0x80, 0x00, 0x00, 0x00, 0x02,
    0x44, 0x20, 0x00, 0x00, 0x00, 0x00, 0x05, 0x88, 0x50, 0x00, 0x00, 0x00, 0x00, 0x6f, 0xff, 0xf6,
    0x00, 0x00, 0x00, 0x06, 0xff, 0xcc, 0xff, 0x60, 0x00, 0x00, 0x6f, 0xfc, 0x11, 0xcf, 0xf6, 0x00,
    0x03, 0xbb, 0xa1, 0x00, 0x1a, 0xbb, 0x30, 0x00, 0x00, 0x00, 0x00, 0x00, 0x00, 0x00, 0x00, 0x00,
    0x00, 0x00, 0x00, 0x00, 0x00, 0x00, 0x01, 0x69, 0xbb, 0x96, 0x10, 0x00, 0x00, 0x5e, 0xff, 0xff,
    0xff, 0xe5, 0x00, 0x04, 0xff, 0xff, 0xee, 0xff, 0xff, 0x40, 0x0d, 0xff, 0xa2, 0x00, 0x2a, 0xff,
    0xd0, 0x5f, 0xfd, 0x00, 0x00, 0x00, 0xdf, 0xf5, 0x8f, 0xf8, 0x00, 0x00, 0x00, 0x8f, 0xf8, 0x8f,
    0xf6, 0x00, 0x00, 0x00, 0x6f, 0xf8, 0x8f, 0xf4, 0x00, 0x00, 0x00, 0x4f, 0xf8, 0x8f, 0xf4, 0x00,
    0x00, 0x00, 0x4f, 0xf8, 0x8f, 0xf4, 0x00, 0x00, 0x00, 0x4f, 0xf8, 0x8f, 0xf4, 0x00, 0x00, 0x00,
    0x4f, 0xf8, 0x8f, 0xf8, 0x00, 0x00, 0x00, 0x8f, 0xf8, 0x7f, 0xf9, 0x00, 0x00, 0x00, 0x9f, 0xf7,
    0x2f, 0xff, 0x30, 0x00, 0x03, 0xff, 0xf2, 0x08, 0xff, 0xf9, 0x77, 0x9f, 0xff, 0x80, 0x01, 0xcf,
    0xff, 0xff, 0xff, 0xfc, 0x10, 0x00, 0x08, 0xdf, 0xff, 0xfd, 0x80, 0x00, 0x00, 0x00, 0x02, 0x44,
    0x20, 0x00, 0x00, 0x00, 0x02, 0x77, 0x20, 0x01, 0x44, 0x00, 0x00, 0x4f, 0xff, 0xe6, 0x04, 0xff,
    0x00, 0x00, 0xbf, 0xa9, 0xff, 0x8a, 0xfb, 0x00, 0x00, 0xff, 0x40, 0x6f, 0xff, 0xf5, 0x00, 0x00,
    0x88, 0x20, 0x02, 0x88, 0x40, 0x00, 0x00, 0x00, 0x00, 0x00, 0x00, 0x00, 0x00, 0x00, 0x00, 0x00,
    0x00, 0x00, 0x00, 0x00, 0x00, 0x01, 0x69, 0xbb, 0x96, 0x10, 0x00, 0x00, 0x5e, 0xff, 0xff, 0xff,
    0xe5, 0x00, 0x04, 0xff, 0xff, 0xee, 0xff, 0xff, 0x40, 0x0d, 0xff, 0xa2, 0x00, 0x2a, 0xff, 0xd0,
    0x5f, 0xfd, 0x00, 0x00, 0x00, 0xdf, 0xf5, 0x8f, 0xf8, 0x00, 0x00, 0x00, 0x8f, 0xf8, 0x8f, 0xf6,
    0x00, 0x00, 0x00, 0x6f, 0xf8, 0x8f, 0xf4, 0x00, 0x00, 0x00, 0x4f, 0xf8, 0x8f, 0xf4, 0x00, 0x00,
    0x00, 0x4f, 0xf8, 0x8f, 0xf4, 0x00, 0x00, 0x00, 0x4f, 0xf8, 0x8f, 0xf4, 0x00, 0x00, 0x00, 0x4f,
    0xf8, 0x8f, 0xf8, 0x00, 0x00, 0x00, 0x8f, 0xf8, 0x7f, 0xf9, 0x00, 0x00, 0x00, 0x9f, 0xf7, 0x2f,
    0xff, 0x30, 0x00, 0x03, 0xff, 0xf2, 0x08, 0xff, 0xf9, 0x77, 0x9f, 0xff, 0x80, 0x01, 0xcf, 0xff,
    0xff, 0xff, 0xfc, 0x10, 0x00, 0x08, 0xdf, 0xff, 0xfd, 0x80, 0x00, 0x00, 0x00, 0x02, 0x44, 0x20,
    0x00, 0x00, 0x00, 0x24, 0x30, 0x00, 0x03, 0x42, 0x00, 0x02, 0xef, 0xf5, 0x00, 0x5f, 0xfe, 0x20,
    0x04, 0xff, 0xf8, 0x00, 0x8f, 0xff, 0x40, 0x03, 0xff, 0xf7, 0x00, 0x7f, 0xff, 0x30, 0x00, 0x58,
    0x70, 0x00, 0x07, 0x85, 0x00, 0x00, 0x00, 0x00, 0x00, 0x00, 0x00, 0x00, 0x00, 0x00, 0x00, 0x00,
    0x00, 0x00, 0x00, 0x00, 0x01, 0x69, 0xbb, 0x96, 0x10, 0x00, 0x00, 0x5e, 0xff, 0xff, 0xff, 0xe5,
    0x00, 0x04, 0xff, 0xff, 0xee, 0xff, 0xff, 0x40, 0x0d, 0xff, 0xa2, 0x00, 0x2a, 0xff, 0xd0, 0x5f,
    0xfd, 0x00, 0x00, 0x00, 0xdf, 0xf5, 0x8f, 0xf8, 0x00, 0x00, 0x00, 0x8f, 0xf8, 0x8f, 0xf6, 0x00,
    0x00, 0x00, 0x6f, 0xf8, 0x8f, 0xf4, 0x00, 0x00, 0x00, 0x4f, 0xf8, 0x8f, 0xf4, 0x00, 0x00, 0x00,
    0x4f, 0xf8, 0x8f, 0xf4, 0x00, 0x00, 0x00, 0x4f, 0xf8, 0x8f, 0xf4, 0x00, 0x00, 0x00, 0x4f, 0xf8,
    0x8f, 0xf8, 0x00, 0x00, 0x00, 0x8f, 0xf8, 0x7f, 0xf9, 0x00, 0x00, 0x00, 0x9f, 0xf7, 0x2f, 0xff,
    0x30, 0x00, 0x03, 0xff, 0xf2, 0x08, 0xff, 0xf9, 0x77, 0x9f, 0xff, 0x80, 0x01, 0xcf, 0xff, 0xff,
    0xff, 0xfc, 0x10, 0x00, 0x08, 0xdf, 0xff, 0xfd, 0x80, 0x00, 0x00, 0x00, 0x02, 0x44, 0x20, 0x00,
    0x00, 0x00, 0x00, 0x27, 0x72, 0x00, 0x00, 0x00, 0x02, 0xef, 0xfe, 0x20, 0x00, 0x00, 0x08, 0xff,
    0xff, 0x80, 0x00, 0x00, 0x08, 0xff, 0xff, 0x80, 0x00, 0x00, 0x01, 0xcf, 0xfc, 0x10, 0x00, 0x00,
    0x00, 0x03, 0x30, 0x00, 0x00, 0x00, 0x00, 0x00, 0x00, 0x00, 0x00, 0x44, 0x44, 0x44, 0x44, 0x44,
    0x44, 0xff, 0xff, 0xff, 0xff, 0xff, 0xff, 0xff, 0xff, 0xff, 0xff, 0xff, 0xff, 0x44, 0x44, 0x44,
    0x44, 0x44, 0x44, 0x00, 0x00, 0x00, 0x00, 0x00, 0x00, 0x00, 0x00, 0x00, 0x00, 0x00, 0x00, 0x00,
    0x01, 0xbf, 0xfb, 0x10, 0x00, 0x00, 0x07, 0xff, 0xff, 0x70, 0x00, 0x00, 0x08, 0xff, 0xff, 0x80,
    0x00, 0x00, 0x03, 0xef, 0xfe, 0x30, 0x00, 0x00, 0x00, 0x28, 0x82, 0x00, 0x00, 0x00, 0x00, 0x00,
    0x00, 0x00, 0x00, 0x1b, 0xb8, 0x00, 0x00, 0x01, 0x7a, 0xbb, 0xa7, 0x1a, 0xff, 0x30, 0x00, 0x05,
    0xef, 0xff, 0xff, 0xfe, 0xff, 0x70, 0x00, 0x04, 0xff, 0xff, 0xcc, 0xff, 0xff, 0xa0, 0x00, 0x00,
    0xdf, 0xf9, 0x10, 0x01, 0xef, 0xfd, 0x00, 0x00, 0x3f, 0xfb, 0x00, 0x00, 0x8f, 0xff, 0xf3, 0x00,
    0x07, 0xff, 0x70, 0x00, 0x4f, 0xfd, 0xff, 0x70, 0x00, 0x8f, 0xf4, 0x00, 0x1d, 0xfd, 0x5f, 0xf8,
    0x00, 0x08, 0xff, 0x40, 0x0a, 0xff, 0x34, 0xff, 0x80, 0x00, 0x8f, 0xf4, 0x05, 0xff, 0x80, 0x4f,
    0xf8, 0x00, 0x08, 0xff, 0x42, 0xef, 0xb0, 0x04, 0xff, 0x80, 0x00, 0x8f, 0xf4, 0xbf, 0xe2, 0x00,
    0x4f, 0xf8, 0x00, 0x08, 0xff, 0xbf, 0xf5, 0x00, 0x05, 0xff, 0x80, 0x00, 0x5f, 0xff, 0xfa, 0x00,
    0x00, 0x8f, 0xf5, 0x00, 0x01, 0xff, 0xfd, 0x10, 0x00, 0x3e, 0xff, 0x10, 0x00, 0x0b, 0xff, 0xe8,
    0x66, 0x8e, 0xff, 0x80, 0x00, 0x05, 0xff, 0xff, 0xff, 0xff, 0xff, 0xc1, 0x00, 0x01, 0xef, 0xc8,
    0xef, 0xff, 0xfe, 0x80, 0x00, 0x00, 0xaf, 0xe2, 0x00, 0x34, 0x43, 0x00, 0x00, 0x00, 0x00, 0x00,
    0x38, 0x87, 0x00, 0x00, 0x00, 0x00, 0x00, 0x0a, 0xff, 0x80, 0x00, 0x00, 0x00, 0x00, 0x01, 0xcf,
    0xf5, 0x00, 0x00, 0x00, 0x00, 0x00, 0x2e, 0xfe, 0x30, 0x00, 0x00, 0x00, 0x00, 0x04, 0xbb, 0x80,
    0x00, 0x00, 0x00, 0x00, 0x00, 0x00, 0x00, 0x00, 0x00, 0x00, 0x00, 0x00, 0x00, 0x00, 0x00, 0x00,
    0x48, 0x84, 0x00, 0x00, 0x00, 0x48, 0x84, 0x8f, 0xf8, 0x00, 0x00, 0x00, 0x8f, 0xf8, 0x8f, 0xf8,
    0x00, 0x00, 0x00, 0x8f, 0xf8, 0x8f, 0xf8, 0x00, 0x00, 0x00, 0x8f, 0xf8, 0x8f, 0xf8, 0x00, 0x00,
    0x00, 0x8f, 0xf8, 0x8f, 0xf8, 0x00, 0x00, 0x00, 0x8f, 0xf8, 0x8f, 0xf8, 0x00, 0x00, 0x00, 0x8f,
    0xf8, 0x8f, 0xf8, 0x00, 0x00, 0x00, 0x8f, 0xf8, 0x8f, 0xf8, 0x00, 0x00, 0x00, 0x8f, 0xf8, 0x8f,
    0xf8, 0x00, 0x00, 0x00, 0x8f, 0xf8, 0x8f, 0xf8, 0x00, 0x00, 0x00, 0x8f, 0xf8, 0x7f, 0xf8, 0x00,
    0x00, 0x00, 0x8f, 0xf7, 0x4f, 0xfc, 0x00, 0x00, 0x00, 0xcf, 0xf4, 0x1e, 0xff, 0x60, 0x00, 0x06,
    0xff, 0xe0, 0x08, 0xff, 0xf9, 0x55, 0x9f, 0xff, 0x80, 0x00, 0xbf, 0xff, 0xff, 0xff, 0xfa, 0x00,
    0x00, 0x08, 0xef, 0xff, 0xfd, 0x80, 0x00, 0x00, 0x00, 0x03, 0x44, 0x30, 0x00, 0x00, 0x00, 0x00,
    0x00, 0x00, 0x78, 0x82, 0x00, 0x00, 0x00, 0x00, 0x08, 0xff, 0x90, 0x00, 0x00, 0x00, 0x00, 0x4f,
    0xfc, 0x10, 0x00, 0x00, 0x00, 0x01, 0xef, 0xe2, 0x00, 0x00, 0x00, 0x00, 0x08, 0xbb, 0x40, 0x00,
    0x00, 0x00, 0x00, 0x00, 0x00, 0x00, 0x00, 0x00, 0x00, 0x00, 0x00, 0x00, 0x00, 0x00, 0x00, 0x48,
    0x84, 0x00, 0x00, 0x00, 0x48, 0x84, 0x8f, 0xf8, 0x00, 0x00, 0x00, 0x8f, 0xf8, 0x8f, 0xf8, 0x00,
    0x00, 0x00, 0x8f, 0xf8, 0x8f, 0xf8, 0x00, 0x00, 0x00, 0x8f, 0xf8, 0x8f, 0xf8, 0x00, 0x00, 0x00,
    0x8f, 0xf8, 0x8f, 0xf8, 0x00, 0x00, 0x00, 0x8f, 0xf8, 0x8f, 0xf8, 0x00, 0x00, 0x00, 0x8f, 0xf8,
    0x8f, 0xf8, 0x00, 0x00, 0x00, 0x8f, 0xf8, 0x8f, 0xf8, 0x00, 0x00, 0x00, 0x8f, 0xf8, 0x8f, 0xf8,
    0x00, 0x00, 0x00, 0x8f, 0xf8, 0x8f, 0xf8, 0x00, 0x00, 0x00, 0x8f, 0xf8, 0x7f, 0xf8, 0x00, 0x00,
    0x00, 0x8f, 0xf7, 0x4f, 0xfc, 0x00, 0x00, 0x00, 0xcf, 0xf4, 0x1e, 0xff, 0x60, 0x00, 0x06, 0xff,
    0xe0, 0x08, 0xff, 0xf9, 0x55, 0x9f, 0xff, 0x80, 0x00, 0xbf, 0xff, 0xff, 0xff, 0xfa, 0x00, 0x00,
    0x08, 0xef, 0xff, 0xfd, 0x80, 0x00, 0x00, 0x00, 0x03, 0x44, 0x30, 0x00, 0x00, 0x00, 0x00, 0x05,
    0x88, 0x50, 0x00, 0x00, 0x00, 0x00, 0x6f, 0xff, 0xf6, 0x00, 0x00, 0x00, 0x06, 0xff, 0xcc, 0xff,
    0x60, 0x00, 0x00, 0x6f, 0xfc, 0x11, 0xcf, 0xf6, 0x00, 0x03, 0xbb, 0xa1, 0x00, 0x1a, 0xbb, 0x30,
    0x00, 0x00, 0x00, 0x00, 0x00, 0x00, 0x00, 0x00, 0x00, 0x00, 0x00, 0x00, 0x00, 0x00, 0x48, 0x84,
    0x00, 0x00, 0x00, 0x48, 0x84, 0x8f, 0xf8, 0x00, 0x00, 0x00, 0x8f, 0xf8, 0x8f, 0xf8, 0x00, 0x00,
    0x00, 0x8f, 0xf8, 0x8f, 0xf8, 0x00, 0x00, 0x00, 0x8f, 0xf8, 0x8f, 0xf8, 0x00, 0x00, 0x00, 0x8f,
    0xf8, 0x8f, 0xf8, 0x00, 0x00, 0x00, 0x8f, 0xf8, 0x8f, 0xf8, 0x00, 0x00, 0x00, 0x8f, 0xf8, 0x8f,
    0xf8, 0x00, 0x00, 0x00, 0x8f, 0xf8, 0x8f, 0xf8, 0x00, 0x00, 0x00, 0x8f, 0xf8, 0x8f, 0xf8, 0x00,
    0x00, 0x00, 0x8f, 0xf8, 0x8f, 0xf8, 0x00, 0x00, 0x00, 0x8f, 0xf8, 0x7f, 0xf8, 0x00, 0x00, 0x00,
    0x8f, 0xf7, 0x4f, 0xfc, 0x00, 0x00, 0x00, 0xcf, 0xf4, 0x1e, 0xff, 0x60, 0x00, 0x06, 0xff, 0xe0,
    0x08, 0xff, 0xf9, 0x55, 0x9f, 0xff, 0x80, 0x00, 0xbf, 0xff, 0xff, 0xff, 0xfa, 0x00, 0x00, 0x08,
    0xef, 0xff, 0xfd, 0x80, 0x00, 0x00, 0x00, 0x03, 0x44, 0x30, 0x00, 0x00, 0x00, 0x24, 0x30, 0x00,
    0x03, 0x42, 0x00, 0x02, 0xef, 0xf5, 0x00, 0x5f, 0xfe, 0x20, 0x04, 0xff, 0xf8, 0x00, 0x8f, 0xff,
    0x40, 0x03, 0xff, 0xf7, 0x00, 0x7f, 0xff, 0x30, 0x00, 0x58, 0x70, 0x00, 0x07, 0x85, 0x00, 0x00,
    0x00, 0x00, 0x00, 0x00, 0x00, 0x00, 0x00, 0x00, 0x00, 0x00, 0x00, 0x00, 0x00, 0x48, 0x84, 0x00,
    0x00, 0x00, 0x48, 0x84, 0x8f, 0xf8, 0x00, 0x00, 0x00, 0x8f, 0xf8, 0x8f, 0xf8, 0x00, 0x00, 0x00,
    0x8f, 0xf8, 0x8f, 0xf8, 0x00, 0x00, 0x00, 0x8f, 0xf8, 0x8f, 0xf8, 0x00, 0x00, 0x00, 0x8f, 0xf8,
    0x8f, 0xf8, 0x00, 0x00, 0x00, 0x8f, 0xf8, 0x8f, 0xf8, 0x00, 0x00, 0x00, 0x8f, 0xf8, 0x8f, 0xf8,
    0x00, 0x00, 0x00, 0x8f, 0xf8, 0x8f, 0xf8, 0x00, 0x00, 0x00, 0x8f, 0xf8, 0x8f, 0xf8, 0x00, 0x00,
    0x00, 0x8f, 0xf8, 0x8f, 0xf8, 0x00, 0x00, 0x00, 0x8f, 0xf8, 0x7f, 0xf8, 0x00, 0x00, 0x00, 0x8f,
    0xf7, 0x4f, 0xfc, 0x00, 0x00, 0x00, 0xcf, 0xf4, 0x1e, 0xff, 0x60, 0x00, 0x06, 0xff, 0xe0, 0x08,
    0xff, 0xf9, 0x55, 0x9f, 0xff, 0x80, 0x00, 0xbf, 0xff, 0xff, 0xff, 0xfa, 0x00, 0x00, 0x08, 0xef,
    0xff, 0xfd, 0x80, 0x00, 0x00, 0x00, 0x03, 0x44, 0x30, 0x00, 0x00, 0x00, 0x00, 0x00, 0x00, 0x07,
    0x88, 0x20, 0x00, 0x00, 0x00, 0x00, 0x00, 0x8f, 0xf9, 0x00, 0x00, 0x00, 0x00, 0x00, 0x04, 0xff,
    0xc1, 0x00, 0x00, 0x00, 0x00, 0x00, 0x1e, 0xfe, 0x20, 0x00, 0x00, 0x00, 0x00, 0x00, 0x8b, 0xb4,
    0x00, 0x00, 0x00, 0x00, 0x00, 0x00, 0x00, 0x00, 0x00, 0x00, 0x00, 0x00, 0x00, 0x00, 0x00, 0x00,
    0x00, 0x00, 0x00, 0x38, 0x86, 0x00, 0x00, 0x00, 0x00, 0x68, 0x84, 0x2f, 0xff, 0x10, 0x00, 0x00,
    0x00, 0xef, 0xf2, 0x0a, 0xff, 0x60, 0x00, 0x00, 0x05, 0xff, 0xc0, 0x05, 0xff, 0xc0, 0x00, 0x00,
    0x0a, 0xff, 0x60, 0x00, 0xdf, 0xf3, 0x00, 0x00, 0x1f, 0xff, 0x10, 0x00, 0x8f, 0xf8, 0x00, 0x00,
    0x6f, 0xf9, 0x00, 0x00, 0x2f, 0xfe, 0x00, 0x00, 0xbf, 0xf5, 0x00, 0x00, 0x0a, 0xff, 0x50, 0x02,
    0xff, 0xd0, 0x00, 0x00, 0x06, 0xff, 0xa0, 0x07, 0xff, 0x80, 0x00, 0x00, 0x00, 0xef, 0xf2, 0x0c,
    0xff, 0x20, 0x00, 0x00, 0x00, 0x8f, 0xf7, 0x2f, 0xfc, 0x00, 0x00, 0x00, 0x00, 0x2f, 0xfc, 0x7f,
    0xf6, 0x00, 0x00, 0x00, 0x00, 0x0b, 0xff, 0xdf, 0xf1, 0x00, 0x00, 0x00, 0x00, 0x06, 0xff, 0xff,
    0x90, 0x00, 0x00, 0x00, 0x00, 0x00, 0xef, 0xff, 0x50, 0x00, 0x00, 0x00, 0x00, 0x00, 0x8f, 0xfd,
    0x00, 0x00, 0x00, 0x00, 0x00, 0x00, 0x8f, 0xf8, 0x00, 0x00, 0x00, 0x00, 0x00, 0x00, 0xdf, 0xf3,
    0x00, 0x00, 0x00, 0x00, 0x00, 0x05, 0xff, 0xc0, 0x00, 0x00, 0x00, 0x00, 0x00, 0x09, 0xff, 0x70,
    0x00, 0x00, 0x00, 0x00, 0x00, 0x1f, 0xff, 0x10, 0x00, 0x00, 0x00, 0x00, 0x00, 0x6f, 0xfa, 0x00,
    0x00, 0x00, 0x00, 0x00, 0x00, 0x68, 0x83, 0x00, 0x00, 0x00, 0x00, 0x8f, 0xf8, 0x00, 0x00, 0x00,
    0x00, 0x00, 0x8f, 0xf8, 0x00, 0x00, 0x00, 0x00, 0x00, 0x8f, 0xf8, 0x00, 0x00, 0x00, 0x00, 0x00,
    0x8f, 0xf8, 0x00, 0x00, 0x00, 0x00, 0x00, 0x8f, 0xf8, 0x00, 0x00, 0x00, 0x00, 0x00, 0x8f, 0xf8,
    0x04, 0x9b, 0xb9, 0x40, 0x00, 0x8f, 0xf8, 0x7f, 0xff, 0xff, 0xf8, 0x00, 0x8f, 0xfa, 0xff, 0xbb,
    0xff, 0xff, 0x60, 0x8f, 0xff, 0x91, 0x00, 0x19, 0xff, 0xd0, 0x8f, 0xfd, 0x10, 0x00, 0x00, 0xdf,
    0xf3, 0x8f, 0xf8, 0x00, 0x00, 0x00, 0xaf, 0xf4, 0x8f, 0xf8, 0x00, 0x00, 0x00, 0x8f, 0xf8, 0x8f,
    0xf8, 0x00, 0x00, 0x00, 0x8f, 0xf8, 0x8f, 0xf8, 0x00, 0x00, 0x00, 0x8f, 0xf8, 0x8f, 0xf8, 0x00,
    0x00, 0x00, 0x8f, 0xf8, 0x8f, 0xf8, 0x00, 0x00, 0x00, 0x8f, 0xf8, 0x8f, 0xf8, 0x00, 0x00, 0x00,
    0x8f, 0xf6, 0x8f, 0xfa, 0x00, 0x00, 0x00, 0xbf, 0xf4, 0x8f, 0xff, 0x40, 0x00, 0x03, 0xff, 0xf1,
    0x8f, 0xfd, 0xe8, 0x44, 0x8e, 0xff, 0x90, 0x8f, 0xf8, 0xcf, 0xff, 0xff, 0xfe, 0x10, 0x8f, 0xf8,
    0x1b, 0xff, 0xff, 0xb2, 0x00, 0x8f, 0xf8, 0x00, 0x24, 0x42, 0x00, 0x00, 0x8f, 0xf8, 0x00, 0x00,
    0x00, 0x00, 0x00, 0x8f, 0xf8, 0x00, 0x00, 0x00, 0x00, 0x00, 0x8f, 0xf8, 0x00, 0x00, 0x00, 0x00,
    0x00, 0x8f, 0xf8, 0x00, 0x00, 0x00, 0x00, 0x00, 0x00, 0x00, 0x00, 0x00, 0x00, 0x00, 0x00, 0x00,
    0x02, 0x43, 0x00, 0x00, 0x34, 0x20, 0x00, 0x00, 0x2e, 0xff, 0x50, 0x05, 0xff, 0xe2, 0x00, 0x00,
    0x4f, 0xff, 0x80, 0x08, 0xff, 0xf4, 0x00, 0x00, 0x3f, 0xff, 0x70, 0x07, 0xff, 0xf3, 0x00, 0x00,
    0x05, 0x87, 0x00, 0x00, 0x78, 0x50, 0x00, 0x00, 0x00, 0x00, 0x00, 0x00, 0x00, 0x00, 0x00, 0x00,
    0x00, 0x00, 0x00, 0x00, 0x00, 0x00, 0x00, 0x38, 0x86, 0x00, 0x00, 0x00, 0x00, 0x68, 0x84, 0x2f,
    0xff, 0x10, 0x00, 0x00, 0x00, 0xef, 0xf2, 0x0a, 0xff, 0x60, 0x00, 0x00, 0x05, 0xff, 0xc0, 0x05,
    0xff, 0xc0, 0x00, 0x00, 0x0a, 0xff, 0x60, 0x00, 0xdf, 0xf3, 0x00, 0x00, 0x1f, 0xff, 0x10, 0x00,
    0x8f, 0xf8, 0x00, 0x00, 0x6f, 0xf9, 0x00, 0x00, 0x2f, 0xfe, 0x00, 0x00, 0xbf, 0xf5, 0x00, 0x00,
    0x0a, 0xff, 0x50, 0x02, 0xff, 0xd0, 0x00, 0x00, 0x06, 0xff, 0xa0, 0x07, 0xff, 0x80, 0x00, 0x00,
    0x00, 0xef, 0xf2, 0x0c, 0xff, 0x20, 0x00, 0x00, 0x00, 0x8f, 0xf7, 0x2f, 0xfc, 0x00, 0x00, 0x00,
    0x00, 0x2f, 0xfc, 0x7f, 0xf6, 0x00, 0x00, 0x00, 0x00, 0x0b, 0xff, 0xdf, 0xf1, 0x00, 0x00, 0x00,
    0x00, 0x06, 0xff, 0xff, 0x90, 0x00, 0x00, 0x00, 0x00, 0x00, 0xef, 0xff, 0x50, 0x00, 0x00, 0x00,
    0x00, 0x00, 0x8f, 0xfd, 0x00, 0x00, 0x00, 0x00, 0x00, 0x00, 0x8f, 0xf8, 0x00, 0x00, 0x00, 0x00,
    0x00, 0x00, 0xdf, 0xf3, 0x00, 0x00, 0x00, 0x00, 0x00, 0x05, 0xff, 0xc0, 0x00, 0x00, 0x00, 0x00,
    0x00, 0x09, 0xff, 0x70, 0x00, 0x00, 0x00, 0x00, 0x00, 0x1f, 0xff, 0x10, 0x00, 0x00, 0x00, 0x00,
    0x00, 0x6f, 0xfa, 0x00, 0x00, 0x00, 0x00, 0x00, 0x00, 0x68, 0x83, 0x00, 0x00, 0x00, 0x00, 0x00,
    0x08, 0x88, 0x88, 0x88, 0x88, 0x80, 0x00, 0x00, 0x0f, 0xff, 0xff, 0xff, 0xff, 0xf0, 0x00, 0x00,
    0x0f, 0xff, 0xff, 0xff, 0xff, 0xf0, 0x00, 0x00, 0x00, 0x00, 0x00, 0x00, 0x00, 0x00, 0x00, 0x00,
    0x00, 0x00, 0x00, 0x00, 0x00, 0x00, 0x00, 0x00, 0x00, 0x00, 0x00, 0x00, 0x00, 0x00, 0x00, 0x00,
    0x00, 0x01, 0xff, 0xff, 0x10, 0x00, 0x00, 0x00, 0x00, 0x05, 0xff, 0xff, 0x50, 0x00, 0x00, 0x00,
    0x00, 0x08, 0xff, 0xff, 0x90, 0x00, 0x00, 0x00, 0x00, 0x0c, 0xfc, 0xcf, 0xd0, 0x00, 0x00, 0x00,
    0x00, 0x1f, 0xf9, 0x9f, 0xf2, 0x00, 0x00, 0x00, 0x00, 0x6f, 0xf6, 0x6f, 0xf6, 0x00, 0x00, 0x00,
    0x00, 0x9f, 0xf3, 0x2f, 0xf9, 0x00, 0x00, 0x00, 0x00, 0xdf, 0xe0, 0x0d, 0xfd, 0x00, 0x00, 0x00,
    0x02, 0xff, 0xa0, 0x0a, 0xff, 0x20, 0x00, 0x00, 0x06, 0xff, 0x70, 0x07, 0xff, 0x60, 0x00, 0x00,
    0x09, 0xff, 0x30, 0x03, 0xff, 0xa0, 0x00, 0x00, 0x0d, 0xfe, 0x00, 0x00, 0xef, 0xe0, 0x00, 0x00,
    0x3f, 0xfa, 0x00, 0x00, 0xaf, 0xf3, 0x00, 0x00, 0x7f, 0xf9, 0x44, 0x44, 0x9f, 0xf7, 0x00, 0x00,
    0xaf, 0xff, 0xff, 0xff, 0xff, 0xfa, 0x00, 0x00, 0xef, 0xff, 0xff, 0xff, 0xff, 0xfe, 0x00, 0x03,
    0xff, 0xc4, 0x44, 0x44, 0x4c, 0xff, 0x30, 0x07, 0xff, 0x80, 0x00, 0x00, 0x08, 0xff, 0x70, 0x0a,
    0xff, 0x40, 0x00, 0x00, 0x04, 0xff, 0xa0, 0x0f, 0xff, 0x00, 0x00, 0x00, 0x00, 0xff, 0xf0, 0x4f,
    0xfb, 0x00, 0x00, 0x00, 0x00, 0xbf, 0xf4, 0x8f, 0xf8, 0x00, 0x00, 0x00, 0x00, 0x8f, 0xf8, 0x00,
    0x06, 0x88, 0x88, 0x88, 0x88, 0x80, 0x00, 0x00, 0xbf, 0xff, 0xff, 0xff, 0xff, 0x00, 0x00, 0x0b,
    0xff, 0xff, 0xff, 0xff, 0xf0, 0x00, 0x00, 0x00, 0x00, 0x00, 0x00, 0x00, 0x00, 0x00, 0x00, 0x00,
    0x00, 0x00, 0x00, 0x00, 0x00, 0x00, 0x00, 0x00, 0x00, 0x00, 0x00, 0x00, 0x00, 0x00, 0x27, 0xab,
    0xbb, 0x82, 0x00, 0x00, 0x00, 0x7f, 0xff, 0xff, 0xff, 0xf8, 0x00, 0x00, 0x7f, 0xff, 0xdb, 0xbe,
    0xff, 0xf8, 0x00, 0x1e, 0xff, 0x70, 0x00, 0x07, 0xff, 0xe0, 0x03, 0xbb, 0x80, 0x00, 0x00, 0x0c,
    0xff, 0x40, 0x00, 0x00, 0x00, 0x00, 0x00, 0x9f, 0xf4, 0x00, 0x00, 0x00, 0x00, 0x00, 0x08, 0xff,
    0x40, 0x00, 0x4a, 0xef, 0xff, 0xff, 0xff, 0xf4, 0x00, 0x9f, 0xff, 0xff, 0xff, 0xff, 0xff, 0x40,
    0x6f, 0xfe, 0x84, 0x44, 0x44, 0x9f, 0xf4, 0x0c, 0xff, 0x60, 0x00, 0x00, 0x08, 0xff, 0x40, 0xff,
    0xf0, 0x00, 0x00, 0x00, 0x8f, 0xf4, 0x0f, 0xff, 0x00, 0x00, 0x00, 0x0c, 0xff, 0x40, 0xdf, 0xf7,
    0x00, 0x00, 0x06, 0xff, 0xf4, 0x08, 0xff, 0xf8, 0x44, 0x59, 0xfb, 0xff, 0x40, 0x1c, 0xff, 0xff,
    0xff, 0xfc, 0x8f, 0xf4, 0x00, 0x19, 0xff, 0xff, 0xf9, 0x18, 0xff, 0x40, 0x00, 0x01, 0x44, 0x41,
    0x00, 0x00, 0x00, 0x00, 0x08, 0x84, 0x00, 0x00, 0x48, 0x80, 0x00, 0x00, 0x0c, 0xf9, 0x00, 0x00,
    0x9f, 0xc0, 0x00, 0x00, 0x08, 0xff, 0x70, 0x17, 0xff, 0x80, 0x00, 0x00, 0x00, 0xbf, 0xff, 0xff,
    0xfb, 0x00, 0x00, 0x00, 0x00, 0x06, 0xac, 0xca, 0x60, 0x00, 0x00, 0x00, 0x00, 0x00, 0x00, 0x00,
    0x00, 0x00, 0x00, 0x00, 0x00, 0x00, 0x00, 0x00, 0x00, 0x00, 0x00, 0x00, 0x00, 0x01, 0xff, 0xff,
    0x10, 0x00, 0x00, 0x00, 0x00, 0x05, 0xff, 0xff, 0x50, 0x00, 0x00, 0x00, 0x00, 0x08, 0xff, 0xff,
    0x90, 0x00, 0x00, 0x00, 0x00, 0x0c, 0xfc, 0xcf, 0xd0, 0x00, 0x00, 0x00, 0x00, 0x1f, 0xf9, 0x9f,
    0xf2, 0x00, 0x00, 0x00, 0x00, 0x6f, 0xf6, 0x6f, 0xf6, 0x00, 0x00, 0x00, 0x00, 0x9f, 0xf3, 0x2f,
    0xf9, 0x00, 0x00, 0x00, 0x00, 0xdf, 0xe0, 0x0d, 0xfd, 0x00, 0x00, 0x00, 0x02, 0xff, 0xa0, 0x0a,
    0xff, 0x20, 0x00, 0x00, 0x06, 0xff, 0x70, 0x07, 0xff, 0x60, 0x00, 0x00, 0x09, 0xff, 0x30, 0x03,
    0xff, 0xa0, 0x00, 0x00, 0x0d, 0xfe, 0x00, 0x00, 0xef, 0xe0, 0x00, 0x00, 0x3f, 0xfa, 0x00, 0x00,
    0xaf, 0xf3, 0x00, 0x00, 0x7f, 0xf9, 0x44, 0x44, 0x9f, 0xf7, 0x00, 0x00, 0xaf, 0xff, 0xff, 0xff,
    0xff, 0xfa, 0x00, 0x00, 0xef, 0xff, 0xff, 0xff, 0xff, 0xfe, 0x00, 0x03, 0xff, 0xc4, 0x44, 0x44,
    0x4c, 0xff, 0x30, 0x07, 0xff, 0x80, 0x00, 0x00, 0x08, 0xff, 0x70, 0x0a, 0xff, 0x40, 0x00, 0x00,
    0x04, 0xff, 0xa0, 0x0f, 0xff, 0x00, 0x00, 0x00, 0x00, 0xff, 0xf0, 0x4f, 0xfb, 0x00, 0x00, 0x00,
    0x00, 0xbf, 0xf4, 0x8f, 0xf8, 0x00, 0x00, 0x00, 0x00, 0x8f, 0xf8, 0x00, 0x06, 0x84, 0x00, 0x00,
    0x28, 0x80, 0x00, 0x00, 0xaf, 0xc0, 0x00, 0x08, 0xfe, 0x00, 0x00, 0x04, 0xff, 0x92, 0x17, 0xef,
    0x90, 0x00, 0x00, 0x08, 0xff, 0xff, 0xff, 0xc1, 0x00, 0x00, 0x00, 0x04, 0x9b, 0xba, 0x60, 0x00,
    0x00, 0x00, 0x00, 0x00, 0x00, 0x00, 0x00, 0x00, 0x00, 0x00, 0x00, 0x00, 0x00, 0x00, 0x00, 0x00,
    0x00, 0x02, 0x7a, 0xbb, 0xb8, 0x20, 0x00, 0x00, 0x07, 0xff, 0xff, 0xff, 0xff, 0x80, 0x00, 0x07,
    0xff, 0xfd, 0xbb, 0xef, 0xff, 0x80, 0x01, 0xef, 0xf7, 0x00, 0x00, 0x7f, 0xfe, 0x00, 0x3b, 0xb8,
    0x00, 0x00, 0x00, 0xcf, 0xf4, 0x00, 0x00, 0x00, 0x00, 0x00, 0x09, 0xff, 0x40, 0x00, 0x00, 0x00,
    0x00, 0x00, 0x8f, 0xf4, 0x00, 0x04, 0xae, 0xff, 0xff, 0xff, 0xff, 0x40, 0x09, 0xff, 0xff, 0xff,
    0xff, 0xff, 0xf4, 0x06, 0xff, 0xe8, 0x44, 0x44, 0x49, 0xff, 0x40, 0xcf, 0xf6, 0x00, 0x00, 0x00,
    0x8f, 0xf4, 0x0f, 0xff, 0x00, 0x00, 0x00, 0x08, 0xff, 0x40, 0xff, 0xf0, 0x00, 0x00, 0x00, 0xcf,
    0xf4, 0x0d, 0xff, 0x70, 0x00, 0x00, 0x6f, 0xff, 0x40, 0x8f, 0xff, 0x84, 0x45, 0x9f, 0xbf, 0xf4,
    0x01, 0xcf, 0xff, 0xff, 0xff, 0xc8, 0xff, 0x40, 0x01, 0x9f, 0xff, 0xff, 0x91, 0x8f, 0xf4, 0x00,
    0x00, 0x14, 0x44, 0x10, 0x00, 0x00, 0x00, 0x00, 0x00, 0x01, 0xff, 0xff, 0x10, 0x00, 0x00, 0x00,
    0x00, 0x00, 0x5f, 0xff, 0xf5, 0x00, 0x00, 0x00, 0x00, 0x00, 0x08, 0xff, 0xff, 0x90, 0x00, 0x00,
    0x00, 0x00, 0x00, 0xcf, 0xcc, 0xfd, 0x00, 0x00, 0x00, 0x00, 0x00, 0x1f, 0xf9, 0x9f, 0xf2, 0x00,
    0x00, 0x00, 0x00, 0x06, 0xff, 0x66, 0xff, 0x60, 0x00, 0x00, 0x00, 0x00, 0x9f, 0xf3, 0x2f, 0xf9,
    0x00, 0x00, 0x00, 0x00, 0x0d, 0xfe, 0x00, 0xdf, 0xd0, 0x00, 0x00, 0x00, 0x02, 0xff, 0xa0, 0x0a,
    0xff, 0x20, 0x00, 0x00, 0x00, 0x6f, 0xf7, 0x00, 0x7f, 0xf6, 0x00, 0x00, 0x00, 0x09, 0xff, 0x30,
    0x03, 0xff, 0xa0, 0x00, 0x00, 0x00, 0xdf, 0xe0, 0x00, 0x0e, 0xfe, 0x00, 0x00, 0x00, 0x3f, 0xfa,
    0x00, 0x00, 0xaf, 0xf3, 0x00, 0x00, 0x07, 0xff, 0x94, 0x44, 0x49, 0xff, 0x70, 0x00, 0x00, 0xaf,
    0xff, 0xff, 0xff, 0xff, 0xfa, 0x00, 0x00, 0x0e, 0xff, 0xff, 0xff, 0xff, 0xff, 0xe0, 0x00, 0x03,
    0xff, 0xc4, 0x44, 0x44, 0x4c, 0xff, 0x30, 0x00, 0x7f, 0xf8, 0x00, 0x00, 0x00, 0x8f, 0xf7, 0x00,
    0x0a, 0xff, 0x40, 0x00, 0x00, 0x04, 0xff, 0xa0, 0x00, 0xff, 0xf0, 0x00, 0x00, 0x00, 0x0f, 0xff,
    0x00, 0x4f, 0xfb, 0x00, 0x00, 0x00, 0x00, 0xbf, 0xf4, 0x08, 0xff, 0x80, 0x00, 0x00, 0x00, 0x08,
    0xff, 0x80, 0x00, 0x00, 0x00, 0x00, 0x00, 0x03, 0xdf, 0x60, 0x00, 0x00, 0x00, 0x00, 0x00, 0x02,
    0xef, 0x80, 0x00, 0x00, 0x00, 0x00, 0x00, 0x00, 0x8f, 0xf1, 0x00, 0x00, 0x00, 0x00, 0x00, 0x00,
    0x0b, 0xff, 0x40, 0x00, 0x00, 0x00, 0x00, 0x00, 0x00, 0x6f, 0xff, 0xbb, 0x60, 0x00, 0x00, 0x00,
    0x00, 0x00, 0x8e, 0xff, 0xf8, 0x00, 0x00, 0x00, 0x00, 0x00, 0x00, 0x03, 0x44, 0x20, 0x00, 0x00,
    0x27, 0xab, 0xbb, 0x82, 0x00, 0x00, 0x00, 0x07, 0xff, 0xff, 0xff, 0xff, 0x80, 0x00, 0x00, 0x7f,
    0xff, 0xdb, 0xbe, 0xff, 0xf8, 0x00, 0x01, 0xef, 0xf7, 0x00, 0x00, 0x7f, 0xfe, 0x00, 0x03, 0xbb,
    0x80, 0x00, 0x00, 0x0c, 0xff, 0x40, 0x00, 0x00, 0x00, 0x00, 0x00, 0x09, 0xff, 0x40, 0x00, 0x00,
    0x00, 0x00, 0x00, 0x08, 0xff, 0x40, 0x00, 0x04, 0xae, 0xff, 0xff, 0xff, 0xff, 0x40, 0x00, 0x9f,
    0xff, 0xff, 0xff, 0xff, 0xff, 0x40, 0x06, 0xff, 0xe8, 0x44, 0x44, 0x49, 0xff, 0x40, 0x0c, 0xff,
    0x60, 0x00, 0x00, 0x08, 0xff, 0x40, 0x0f, 0xff, 0x00, 0x00, 0x00, 0x08, 0xff, 0x40, 0x0f, 0xff,
    0x00, 0x00, 0x00, 0x0c, 0xff, 0x40, 0x0d, 0xff, 0x70, 0x00, 0x00, 0x6f, 0xff, 0x40, 0x08, 0xff,
    0xf8, 0x44, 0x59, 0xfb, 0xff, 0x40, 0x01, 0xcf, 0xff, 0xff, 0xff, 0xc8, 0xff, 0x40, 0x00, 0x19,
    0xff, 0xff, 0xf9, 0x18, 0xff, 0x40, 0x00, 0x00, 0x14, 0x44, 0x10, 0x09, 0xfc, 0x10, 0x00, 0x00,
    0x00, 0x00, 0x00, 0x8f, 0xd1, 0x00, 0x00, 0x00, 0x00, 0x00, 0x01, 0xff, 0x80, 0x00, 0x00, 0x00,
    0x00, 0x00, 0x04, 0xff, 0xb0, 0x00, 0x00, 0x00, 0x00, 0x00, 0x00, 0xdf, 0xfd, 0xbb, 0x00, 0x00,
    0x00, 0x00, 0x00, 0x3b, 0xff, 0xff, 0x00, 0x00, 0x00, 0x00, 0x00, 0x00, 0x14, 0x44, 0x00, 0x00,
    0x00, 0x00, 0x68, 0x83, 0x00, 0x00, 0x00, 0x00, 0x05, 0xff, 0xc1, 0x00, 0x00, 0x00, 0x00, 0x2e,
    0xfe, 0x20, 0x00, 0x00, 0x00, 0x00, 0xcf, 0xf4, 0x00, 0x00, 0x00, 0x00, 0x06, 0xbb, 0x60, 0x00,
    0x00, 0x00, 0x00, 0x00, 0x00, 0x00, 0x00, 0x00, 0x00, 0x00, 0x00, 0x44, 0x20, 0x00, 0x00, 0x00,
    0x04, 0xbf, 0xff, 0xfd, 0x81, 0x00, 0x00, 0x9f, 0xff, 0xff, 0xff, 0xfc, 0x20, 0x06, 0xff, 0xfc,
    0x88, 0x9e, 0xff, 0xc0, 0x0d, 0xff, 0x80, 0x00, 0x03, 0xef, 0xf6, 0x3f, 0xfd, 0x00, 0x00, 0x00,
    0x7f, 0xf9, 0x4f, 0xfa, 0x00, 0x00, 0x00, 0x4f, 0xfb, 0x4f, 0xf8, 0x00, 0x00, 0x00, 0x14, 0x43,
    0x4f, 0xf8, 0x00, 0x00, 0x00, 0x00, 0x00, 0x4f, 0xf8, 0x00, 0x00, 0x00, 0x00, 0x00, 0x4f, 0xf8,
    0x00, 0x00, 0x00, 0x00, 0x00, 0x4f, 0xf8, 0x00, 0x00, 0x00, 0x00, 0x00, 0x4f, 0xf8, 0x00, 0x00,
    0x00, 0x00, 0x00, 0x4f, 0xf8, 0x00, 0x00, 0x00, 0x00, 0x00, 0x4f, 0xf8, 0x00, 0x00, 0x00, 0x00,
    0x00, 0x4f, 0xf8, 0x00, 0x00, 0x00, 0x00, 0x00, 0x4f, 0xf8, 0x00, 0x00, 0x00, 0x00, 0x00, 0x4f,
    0xf9, 0x00, 0x00, 0x00, 0x4f, 0xfb, 0x4f, 0xfd, 0x00, 0x00, 0x00, 0x6f, 0xfa, 0x0e, 0xff, 0x70,
    0x00, 0x01, 0xdf, 0xf6, 0x08, 0xff, 0xf9, 0x75, 0x8e, 0xff, 0xd0, 0x00, 0x9f, 0xff, 0xff, 0xff,
    0xfe, 0x30, 0x00, 0x06, 0xdf, 0xff, 0xff, 0x91, 0x00, 0x00, 0x00, 0x02, 0x44, 0x40, 0x00, 0x00,
    0x00, 0x00, 0x00, 0x00, 0x58, 0x84, 0x00, 0x00, 0x00, 0x00, 0x04, 0xff, 0xc1, 0x00, 0x00, 0x00,
    0x00, 0x1e, 0xfe, 0x30, 0x00, 0x00, 0x00, 0x00, 0xbf, 0xf5, 0x00, 0x00, 0x00, 0x00, 0x05, 0xbb,
    0x70, 0x00, 0x00, 0x00, 0x00, 0x00, 0x00, 0x00, 0x00, 0x00, 0x00, 0x00, 0x00, 0x00, 0x00, 0x00,
    0x00, 0x00, 0x00, 0x69, 0xbb, 0xb8, 0x20, 0x00, 0x00, 0x3d, 0xff, 0xff, 0xff, 0xf8, 0x00, 0x03,
    0xef, 0xff, 0xdb, 0xff, 0xff, 0x90, 0x0b, 0xff, 0xc2, 0x00, 0x07, 0xff, 0xf4, 0x3f, 0xfe, 0x10,
    0x00, 0x00, 0x8f, 0xf9, 0x6f, 0xf9, 0x00, 0x00, 0x00, 0x4f, 0xfb, 0x8f, 0xf8, 0x00, 0x00, 0x00,
    0x00, 0x00, 0x8f, 0xf8, 0x00, 0x00, 0x00, 0x00, 0x00, 0x8f, 0xf8, 0x00, 0x00, 0x00, 0x00, 0x00,
    0x8f, 0xf8, 0x00, 0x00, 0x00, 0x00, 0x00, 0x8f, 0xf8, 0x00, 0x00, 0x00, 0x00, 0x00, 0x8f, 0xf8,
    0x00, 0x00, 0x00, 0x28, 0x86, 0x4f, 0xfc, 0x00, 0x00, 0x00, 0x5f, 0xfb, 0x1e, 0xff, 0x60, 0x00,
    0x01, 0xcf, 0xf7, 0x08, 0xff, 0xf9, 0x75, 0x8d, 0xff, 0xe1, 0x00, 0x9f, 0xff, 0xff, 0xff, 0xfe,
    0x30, 0x00, 0x06, 0xdf, 0xff, 0xff, 0x92, 0x00, 0x00, 0x00, 0x02, 0x44, 0x40, 0x00, 0x00, 0x00,
    0x00, 0x03, 0x88, 0x50, 0x00, 0x00, 0x00, 0x00, 0x3e, 0xff, 0xf6, 0x00, 0x00, 0x00, 0x03, 0xef,
    0xea, 0xff, 0x60, 0x00, 0x00, 0x3e, 0xfe, 0x30, 0x9f, 0xf6, 0x00, 0x01, 0xab, 0xb3, 0x00, 0x08,
    0xbb, 0x30, 0x00, 0x00, 0x00, 0x00, 0x00, 0x00, 0x00, 0x00, 0x00, 0x00, 0x44, 0x20, 0x00, 0x00,
    0x00, 0x04, 0xbf, 0xff, 0xfd, 0x81, 0x00, 0x00, 0x9f, 0xff, 0xff, 0xff, 0xfc, 0x20, 0x06, 0xff,
    0xfc, 0x88, 0x9e, 0xff, 0xc0, 0x0d, 0xff, 0x80, 0x00, 0x03, 0xef, 0xf6, 0x3f, 0xfd, 0x00, 0x00,
    0x00, 0x7f, 0xf9, 0x4f, 0xfa, 0x00, 0x00, 0x00, 0x4f, 0xfb, 0x4f, 0xf8, 0x00, 0x00, 0x00, 0x14,
    0x43, 0x4f, 0xf8, 0x00, 0x00, 0x00, 0x00, 0x00, 0x4f, 0xf8, 0x00, 0x00, 0x00, 0x00, 0x00, 0x4f,
    0xf8, 0x00, 0x00, 0x00, 0x00, 0x00, 0x4f, 0xf8, 0x00, 0x00, 0x00, 0x00, 0x00, 0x4f, 0xf8, 0x00,
    0x00, 0x00, 0x00, 0x00, 0x4f, 0xf8, 0x00, 0x00, 0x00, 0x00, 0x00, 0x4f, 0xf8, 0x00, 0x00, 0x00,
    0x00, 0x00, 0x4f, 0xf8, 0x00, 0x00, 0x00, 0x00, 0x00, 0x4f, 0xf8, 0x00, 0x00, 0x00, 0x00, 0x00,
    0x4f, 0xf9, 0x00, 0x00, 0x00, 0x4f, 0xfb, 0x4f, 0xfd, 0x00, 0x00, 0x00, 0x6f, 0xfa, 0x0e, 0xff,
    0x70, 0x00, 0x01, 0xdf, 0xf6, 0x08, 0xff, 0xf9, 0x75, 0x8e, 0xff, 0xd0, 0x00, 0x9f, 0xff, 0xff,
    0xff, 0xfe, 0x30, 0x00, 0x06, 0xdf, 0xff, 0xff, 0x91, 0x00, 0x00, 0x00, 0x02, 0x44, 0x40, 0x00,
    0x00, 0x00, 0x00, 0x03, 0x88, 0x70, 0x00, 0x00, 0x00, 0x00, 0x3e, 0xff, 0xf9, 0x00, 0x00, 0x00,
    0x03, 0xef, 0xea, 0xff, 0x90, 0x00, 0x00, 0x3e, 0xfe, 0x30, 0x9f, 0xf9, 0x00, 0x01, 0xab, 0xb3,
    0x00, 0x08, 0xbb, 0x60, 0x00, 0x00, 0x00, 0x00, 0x00, 0x00, 0x00, 0x00, 0x00, 0x00, 0x00, 0x00,
    0x00, 0x00, 0x00, 0x00, 0x69, 0xbb, 0xb8, 0x20, 0x00, 0x00, 0x3d, 0xff, 0xff, 0xff, 0xf8, 0x00,
    0x03, 0xef, 0xff, 0xdb, 0xff, 0xff, 0x90, 0x0b, 0xff, 0xc2, 0x00, 0x07, 0xff, 0xf4, 0x3f, 0xfe,
    0x10, 0x00, 0x00, 0x8f, 0xf9, 0x6f, 0xf9, 0x00, 0x00, 0x00, 0x4f, 0xfb, 0x8f, 0xf8, 0x00, 0x00,
    0x00, 0x00, 0x00, 0x8f, 0xf8, 0x00, 0x00, 0x00, 0x00, 0x00, 0x8f, 0xf8, 0x00, 0x00, 0x00, 0x00,
    0x00, 0x8f, 0xf8, 0x00, 0x00, 0x00, 0x00, 0x00, 0x8f, 0xf8, 0x00, 0x00, 0x00, 0x00, 0x00, 0x8f,
    0xf8, 0x00, 0x00, 0x00, 0x28, 0x86, 0x4f, 0xfc, 0x00, 0x00, 0x00, 0x5f, 0xfb, 0x1e, 0xff, 0x60,
    0x00, 0x01, 0xcf, 0xf7, 0x08, 0xff, 0xf9, 0x75, 0x8d, 0xff, 0xe1, 0x00, 0x9f, 0xff, 0xff, 0xff,
    0xfe, 0x30, 0x00, 0x06, 0xdf, 0xff, 0xff, 0x92, 0x00, 0x00, 0x00, 0x02, 0x44, 0x40, 0x00, 0x00,
    0x00, 0x00, 0x00, 0x45, 0x10, 0x00, 0x00, 0x00, 0x00, 0x0b, 0xff, 0xe2, 0x00, 0x00, 0x00, 0x00,
    0x0f, 0xff, 0xf4, 0x00, 0x00, 0x00, 0x00, 0x0d, 0xff, 0xf2, 0x00, 0x00, 0x00, 0x00, 0x01, 0x88,
    0x40, 0x00, 0x00, 0x00, 0x00, 0x00, 0x00, 0x00, 0x00, 0x00, 0x00, 0x00, 0x00, 0x44, 0x20, 0x00,
    0x00, 0x00, 0x04, 0xbf, 0xff, 0xfd, 0x81, 0x00, 0x00, 0x9f, 0xff, 0xff, 0xff, 0xfc, 0x20, 0x06,
    0xff, 0xfc, 0x88, 0x9e, 0xff, 0xc0, 0x0d, 0xff, 0x80, 0x00, 0x03, 0xef, 0xf6, 0x3f, 0xfd, 0x00,
    0x00, 0x00, 0x7f, 0xf9, 0x4f, 0xfa, 0x00, 0x00, 0x00, 0x4f, 0xfb, 0x4f, 0xf8, 0x00, 0x00, 0x00,
    0x14, 0x43, 0x4f, 0xf8, 0x00, 0x00, 0x00, 0x00, 0x00, 0x4f, 0xf8, 0x00, 0x00, 0x00, 0x00, 0x00,
    0x4f, 0xf8, 0x00, 0x00, 0x00, 0x00, 0x00, 0x4f, 0xf8, 0x00, 0x00, 0x00, 0x00, 0x00, 0x4f, 0xf8,
    0x00, 0x00, 0x00, 0x00, 0x00, 0x4f, 0xf8, 0x00, 0x00, 0x00, 0x00, 0x00, 0x4f, 0xf8, 0x00, 0x00,
    0x00, 0x00, 0x00, 0x4f, 0xf8, 0x00, 0x00, 0x00, 0x00, 0x00, 0x4f, 0xf8, 0x00, 0x00, 0x00, 0x00,
    0x00, 0x4f, 0xf9, 0x00, 0x00, 0x00, 0x4f, 0xfb, 0x4f, 0xfd, 0x00, 0x00, 0x00, 0x6f, 0xfa, 0x0e,
    0xff, 0x70, 0x00, 0x01, 0xdf, 0xf6, 0x08, 0xff, 0xf9, 0x75, 0x8e, 0xff, 0xd0, 0x00, 0x9f, 0xff,
    0xff, 0xff, 0xfe, 0x30, 0x00, 0x06, 0xdf, 0xff, 0xff, 0x91, 0x00, 0x00, 0x00, 0x02, 0x44, 0x40,
    0x00, 0x00, 0x00, 0x00, 0x00, 0x44, 0x20, 0x00, 0x00, 0x00, 0x00, 0x08, 0xff, 0xe2, 0x00, 0x00,
    0x00, 0x00, 0x0f, 0xff, 0xf8, 0x00, 0x00, 0x00, 0x00, 0x0b, 0xff, 0xf4, 0x00, 0x00, 0x00, 0x00,
    0x01, 0x88, 0x40, 0x00, 0x00, 0x00, 0x00, 0x00, 0x00, 0x00, 0x00, 0x00, 0x00, 0x00, 0x00, 0x00,
    0x00, 0x00, 0x00, 0x00, 0x00, 0x69, 0xbb, 0xb8, 0x20, 0x00, 0x00, 0x3d, 0xff, 0xff, 0xff, 0xf8,
    0x00, 0x03, 0xef, 0xff, 0xdb, 0xff, 0xff, 0x90, 0x0b, 0xff, 0xc2, 0x00, 0x07, 0xff, 0xf4, 0x3f,
    0xfe, 0x10, 0x00, 0x00, 0x8f, 0xf9, 0x6f, 0xf9, 0x00, 0x00, 0x00, 0x4f, 0xfb, 0x8f, 0xf8, 0x00,
    0x00, 0x00, 0x00, 0x00, 0x8f, 0xf8, 0x00, 0x00, 0x00, 0x00, 0x00, 0x8f, 0xf8, 0x00, 0x00, 0x00,
    0x00, 0x00, 0x8f, 0xf8, 0x00, 0x00, 0x00, 0x00, 0x00, 0x8f, 0xf8, 0x00, 0x00, 0x00, 0x00, 0x00,
    0x8f, 0xf8, 0x00, 0x00, 0x00, 0x28, 0x86, 0x4f, 0xfc, 0x00, 0x00, 0x00, 0x5f, 0xfb, 0x1e, 0xff,
    0x60, 0x00, 0x01, 0xcf, 0xf7, 0x08, 0xff, 0xf9, 0x75, 0x8d, 0xff, 0xe1, 0x00, 0x9f, 0xff, 0xff,
    0xff, 0xfe, 0x30, 0x00, 0x06, 0xdf, 0xff, 0xff, 0x92, 0x00, 0x00, 0x00, 0x02, 0x44, 0x40, 0x00,
    0x00, 0x01, 0x88, 0x81, 0x00, 0x07, 0x88, 0x30, 0x00, 0x6f, 0xfc, 0x10, 0x9f, 0xf9, 0x00, 0x00,
    0x06, 0xff, 0xc9, 0xff, 0x90, 0x00, 0x00, 0x00, 0x6f, 0xff, 0xf9, 0x00, 0x00, 0x00, 0x00, 0x06,
    0xbb, 0x80, 0x00, 0x00, 0x00, 0x00, 0x00, 0x00, 0x00, 0x00, 0x00, 0x00, 0x00, 0x00, 0x44, 0x20,
    0x00, 0x00, 0x00, 0x04, 0xbf, 0xff, 0xfd, 0x81, 0x00, 0x00, 0x9f, 0xff, 0xff, 0xff, 0xfc, 0x20,
    0x06, 0xff, 0xfc, 0x88, 0x9e, 0xff, 0xc0, 0x0d, 0xff, 0x80, 0x00, 0x03, 0xef, 0xf6, 0x3f, 0xfd,
    0x00, 0x00, 0x00, 0x7f, 0xf9, 0x4f, 0xfa, 0x00, 0x00, 0x00, 0x4f, 0xfb, 0x4f, 0xf8, 0x00, 0x00,
    0x00, 0x14, 0x43, 0x4f, 0xf8, 0x00, 0x00, 0x00, 0x00, 0x00, 0x4f, 0xf8, 0x00, 0x00, 0x00, 0x00,
    0x00, 0x4f, 0xf8, 0x00, 0x00, 0x00, 0x00, 0x00, 0x4f, 0xf8, 0x00, 0x00, 0x00, 0x00, 0x00, 0x4f,
    0xf8, 0x00, 0x00, 0x00, 0x00, 0x00, 0x4f, 0xf8, 0x00, 0x00, 0x00, 0x00, 0x00, 0x4f, 0xf8, 0x00,
    0x00, 0x00, 0x00, 0x00, 0x4f, 0xf8, 0x00, 0x00, 0x00, 0x00, 0x00, 0x4f, 0xf8, 0x00, 0x00, 0x00,
    0x00, 0x00, 0x4f, 0xf9, 0x00, 0x00, 0x00, 0x4f, 0xfb, 0x4f, 0xfd, 0x00, 0x00, 0x00, 0x6f, 0xfa,
    0x0e, 0xff, 0x70, 0x00, 0x01, 0xdf, 0xf6, 0x08, 0xff, 0xf9, 0x75, 0x8e, 0xff, 0xd0, 0x00, 0x9f,
    0xff, 0xff, 0xff, 0xfe, 0x30, 0x00, 0x06, 0xdf, 0xff, 0xff, 0x91, 0x00, 0x00, 0x00, 0x02, 0x44,
    0x40, 0x00, 0x00, 0x01, 0x88, 0x81, 0x00, 0x05, 0x88, 0x30, 0x00, 0x6f, 0xfc, 0x10, 0x6f, 0xfa,
    0x00, 0x00, 0x06, 0xff, 0xc7, 0xff, 0xc1, 0x00, 0x00, 0x00, 0x6f, 0xff, 0xfc, 0x10, 0x00, 0x00,
    0x00, 0x06, 0xbb, 0xa1, 0x00, 0x00, 0x00, 0x00, 0x00, 0x00, 0x00, 0x00, 0x00, 0x00, 0x00, 0x00,
    0x00, 0x00, 0x00, 0x00, 0x00, 0x00, 0x69, 0xbb, 0xb8, 0x20, 0x00, 0x00, 0x3d, 0xff, 0xff, 0xff,
    0xf8, 0x00, 0x03, 0xef, 0xff, 0xdb, 0xff, 0xff, 0x90, 0x0b, 0xff, 0xc2, 0x00, 0x07, 0xff, 0xf4,
    0x3f, 0xfe, 0x10, 0x00, 0x00, 0x8f, 0xf9, 0x6f, 0xf9, 0x00, 0x00, 0x00, 0x4f, 0xfb, 0x8f, 0xf8,
    0x00, 0x00, 0x00, 0x00, 0x00, 0x8f, 0xf8, 0x00, 0x00, 0x00, 0x00, 0x00, 0x8f, 0xf8, 0x00, 0x00,
    0x00, 0x00, 0x00, 0x8f, 0xf8, 0x00, 0x00, 0x00, 0x00, 0x00, 0x8f, 0xf8, 0x00, 0x00, 0x00, 0x00,
    0x00, 0x8f, 0xf8, 0x00, 0x00, 0x00, 0x28, 0x86, 0x4f, 0xfc, 0x00, 0x00, 0x00, 0x5f, 0xfb, 0x1e,
    0xff, 0x60, 0x00, 0x01, 0xcf, 0xf7, 0x08, 0xff, 0xf9, 0x75, 0x8d, 0xff, 0xe1, 0x00, 0x9f, 0xff,
    0xff, 0xff, 0xfe, 0x30, 0x00, 0x06, 0xdf, 0xff, 0xff, 0x92, 0x00, 0x00, 0x00, 0x02, 0x44, 0x40,
    0x00, 0x00, 0x03, 0x88, 0x70, 0x00, 0x07, 0x88, 0x30, 0x00, 0x9f, 0xf9, 0x00, 0x9f, 0xf9, 0x00,
    0x00, 0x09, 0xff, 0x99, 0xff, 0x90, 0x00, 0x00, 0x00, 0x9f, 0xff, 0xf9, 0x00, 0x00, 0x00, 0x00,
    0x08, 0xbb, 0x80, 0x00, 0x00, 0x00, 0x00, 0x00, 0x00, 0x00, 0x00, 0x00, 0x00, 0x00, 0x00, 0x00,
    0x00, 0x00, 0x00, 0x4f, 0xff, 0xff, 0xfc, 0xa6, 0x00, 0x00, 0x4f, 0xff, 0xff, 0xff, 0xff, 0xd3,
    0x00, 0x4f, 0xfd, 0xbb, 0xbc, 0xff, 0xfe, 0x30, 0x4f, 0xf8, 0x00, 0x00, 0x2c, 0xff, 0xc0, 0x4f,
    0xf8, 0x00, 0x00, 0x01, 0xef, 0xf3, 0x4f, 0xf8, 0x00, 0x00, 0x00, 0x8f, 0xf8, 0x4f, 0xf8, 0x00,
    0x00, 0x00, 0x8f, 0xf8, 0x4f, 0xf8, 0x00, 0x00, 0x00, 0x8f, 0xf8, 0x4f, 0xf8, 0x00, 0x00, 0x00,
    0x8f, 0xf8, 0x4f, 0xf8, 0x00, 0x00, 0x00, 0x8f, 0xf8, 0x4f, 0xf8, 0x00, 0x00, 0x00, 0x8f, 0xf8,
    0x4f, 0xf8, 0x00, 0x00, 0x00, 0x8f, 0xf8, 0x4f, 0xf8, 0x00, 0x00, 0x00, 0x8f, 0xf8, 0x4f, 0xf8,
    0x00, 0x00, 0x00, 0x8f, 0xf8, 0x4f, 0xf8, 0x00, 0x00, 0x00, 0x8f, 0xf8, 0x4f, 0xf8, 0x00, 0x00,
    0x00, 0x8f, 0xf8, 0x4f, 0xf8, 0x00, 0x00, 0x00, 0x8f, 0xf8, 0x4f, 0xf8, 0x00, 0x00, 0x01, 0xdf,
    0xf3, 0x4f, 0xf8, 0x00, 0x00, 0x1a, 0xff, 0xd0, 0x4f, 0xfd, 0xbb, 0xbb, 0xff, 0xff, 0x40, 0x4f,
    0xff, 0xff, 0xff, 0xff, 0xe5, 0x00, 0x4f, 0xff, 0xff, 0xff, 0xb8, 0x10, 0x00, 0x00, 0x00, 0x00,
    0x00, 0x04, 0xff, 0xb0, 0x8f, 0xf3, 0x00, 0x00, 0x00, 0x00, 0x04, 0xff, 0xb0, 0x8f, 0xf0, 0x00,
    0x00, 0x00, 0x00, 0x04, 0xff, 0xb0, 0xbf, 0xd0, 0x00, 0x00, 0x00, 0x00, 0x04, 0xff, 0xb0, 0xbf,
    0xb0, 0x00, 0x00, 0x00, 0x00, 0x04, 0xff, 0xb0, 0xcf, 0x90, 0x00, 0x04, 0xab, 0xb7, 0x04, 0xff,
    0xb0, 0x88, 0x40, 0x00, 0x9f, 0xff, 0xff, 0xc4, 0xff, 0xb0, 0x00, 0x00, 0x05, 0xff, 0xfe, 0xbc,
    0xf9, 0xff, 0xb0, 0x00, 0x00, 0x0c, 0xff, 0x91, 0x00, 0x6e, 0xff, 0xb0, 0x00, 0x00, 0x0f, 0xff,
    0x10, 0x00, 0x09, 0xff, 0xb0, 0x00, 0x00, 0x4f, 0xfb, 0x00, 0x00, 0x05, 0xff, 0xb0, 0x00, 0x00,
    0x4f, 0xfb, 0x00, 0x00, 0x04, 0xff, 0xb0, 0x00, 0x00, 0x4f, 0xfb, 0x00, 0x00, 0x04, 0xff, 0xb0,
    0x00, 0x00, 0x4f, 0xfb, 0x00, 0x00, 0x04, 0xff, 0xb0, 0x00, 0x00, 0x4f, 0xfb, 0x00, 0x00, 0x04,
    0xff, 0xb0, 0x00, 0x00, 0x4f, 0xfb, 0x00, 0x00, 0x04, 0xff, 0xb0, 0x00, 0x00, 0x4f, 0xfb, 0x00,
    0x00, 0x04, 0xff, 0xb0, 0x00, 0x00, 0x2f, 0xfd, 0x00, 0x00, 0x07, 0xff, 0xb0, 0x00, 0x00, 0x0e,
    0xff, 0x40, 0x00, 0x1d, 0xff, 0xb0, 0x00, 0x00, 0x09, 0xff, 0xe8, 0x45, 0xcc, 0xff, 0xb0, 0x00,
    0x00, 0x01, 0xef, 0xff, 0xff, 0xf6, 0xff, 0xb0, 0x00, 0x00, 0x00, 0x3b, 0xff, 0xfe, 0x54, 0xff,
    0xb0, 0x00, 0x00, 0x00, 0x00, 0x34, 0x40, 0x00, 0x00, 0x00, 0x00, 0x00, 0x00, 0x4f, 0xff, 0xff,
    0xfc, 0xa6, 0x00, 0x00, 0x00, 0x4f, 0xff, 0xff, 0xff, 0xff, 0xd3, 0x00, 0x00, 0x4f, 0xfd, 0xbb,
    0xbc, 0xff, 0xfe, 0x30, 0x00, 0x4f, 0xf8, 0x00, 0x00, 0x2c, 0xff, 0xc0, 0x00, 0x4f, 0xf8, 0x00,
    0x00, 0x01, 0xef, 0xf3, 0x00, 0x4f, 0xf8, 0x00, 0x00, 0x00, 0x8f, 0xf8, 0x00, 0x4f, 0xf8, 0x00,
    0x00, 0x00, 0x8f, 0xf8, 0x00, 0x4f, 0xf8, 0x00, 0x00, 0x00, 0x8f, 0xf8, 0x00, 0x4f, 0xf8, 0x00,
    0x00, 0x00, 0x8f, 0xf8, 0x34, 0x7f, 0xf9, 0x44, 0x30, 0x00, 0x8f, 0xf8, 0xbf, 0xff, 0xff, 0xff,
    0xb0, 0x00, 0x8f, 0xf8, 0xbf, 0xff, 0xff, 0xff, 0xb0, 0x00, 0x8f, 0xf8, 0x00, 0x4f, 0xf8, 0x00,
    0x00, 0x00, 0x8f, 0xf8, 0x00, 0x4f, 0xf8, 0x00, 0x00, 0x00, 0x8f, 0xf8, 0x00, 0x4f, 0xf8, 0x00,
    0x00, 0x00, 0x8f, 0xf8, 0x00, 0x4f, 0xf8, 0x00, 0x00, 0x00, 0x8f, 0xf8, 0x00, 0x4f, 0xf8, 0x00,
    0x00, 0x00, 0x8f, 0xf8, 0x00, 0x4f, 0xf8, 0x00, 0x00, 0x01, 0xdf, 0xf3, 0x00, 0x4f, 0xf8, 0x00,
    0x00, 0x1a, 0xff, 0xd0, 0x00, 0x4f, 0xfd, 0xbb, 0xbb, 0xff, 0xff, 0x40, 0x00, 0x4f, 0xff, 0xff,
    0xff, 0xff, 0xe5, 0x00, 0x00, 0x4f, 0xff, 0xff, 0xff, 0xb8, 0x10, 0x00, 0x00, 0x00, 0x00, 0x00,
    0x00, 0xbf, 0xf4, 0x00, 0x00, 0x00, 0x00, 0x00, 0x00, 0xbf, 0xf4, 0x00, 0x00, 0x00, 0x02, 0x44,
    0x44, 0xcf, 0xf7, 0x44, 0x00, 0x00, 0x08, 0xff, 0xff, 0xff, 0xff, 0xff, 0x00, 0x00, 0x08, 0xff,
    0xff, 0xff, 0xff, 0xff, 0x00, 0x00, 0x00, 0x00, 0x00, 0xbf, 0xf4, 0x00, 0x00, 0x00, 0x00, 0x00,
    0x00, 0xbf, 0xf4, 0x00, 0x00, 0x08, 0xcf, 0xfc, 0x50, 0xbf, 0xf4, 0x00, 0x01, 0xcf, 0xff, 0xff,
    0xf8, 0x9f, 0xf4, 0x00, 0x08, 0xff, 0xfc, 0x89, 0xdf, 0x8f, 0xf4, 0x00, 0x1f, 0xff, 0x80, 0x00,
    0x09, 0xdf, 0xf4, 0x00, 0x4f, 0xfd, 0x00, 0x00, 0x01, 0xef, 0xf4, 0x00, 0x7f, 0xf8, 0x00, 0x00,
    0x00, 0xbf, 0xf4, 0x00, 0x8f, 0xf8, 0x00, 0x00, 0x00, 0xbf, 0xf4, 0x00, 0x8f, 0xf8, 0x00, 0x00,
    0x00, 0xbf, 0xf4, 0x00, 0x8f, 0xf8, 0x00, 0x00, 0x00, 0xbf, 0xf4, 0x00, 0x8f, 0xf8, 0x00, 0x00,
    0x00, 0xbf, 0xf4, 0x00, 0x4f, 0xfc, 0x00, 0x00, 0x00, 0xdf, 0xf4, 0x00, 0x2f, 0xff, 0x40, 0x00,
    0x07, 0xff, 0xf4, 0x00, 0x0b, 0xff, 0xe8, 0x45, 0x9f, 0xef, 0xf4, 0x00, 0x03, 0xef, 0xff, 0xff,
    0xfb, 0xbf, 0xf4, 0x00, 0x00, 0x3b, 0xff, 0xff, 0x91, 0xbf, 0xf4, 0x00, 0x00, 0x00, 0x24, 0x42,
    0x00, 0x00, 0x00, 0x00, 0x00, 0x48, 0x88, 0x88, 0x88, 0x88, 0x20, 0x00, 0x8f, 0xff, 0xff, 0xff,
    0xff, 0x40, 0x00, 0x8f, 0xff, 0xff, 0xff, 0xff, 0x40, 0x00, 0x00, 0x00, 0x00, 0x00, 0x00, 0x00,
    0x00, 0x00, 0x00, 0x00, 0x00, 0x00, 0x00, 0x00, 0x00, 0x00, 0x00, 0x00, 0x00, 0x00, 0x0f, 0xff,
    0xff, 0xff, 0xff, 0xff, 0xfb, 0x0f, 0xff, 0xff, 0xff, 0xff, 0xff, 0xfb, 0x0f, 0xfe, 0xbb, 0xbb,
    0xbb, 0xbb, 0xb8, 0x0f, 0xfb, 0x00, 0x00, 0x00, 0x00, 0x00, 0x0f, 0xfb, 0x00, 0x00, 0x00, 0x00,
    0x00, 0x0f, 0xfb, 0x00, 0x00, 0x00, 0x00, 0x00, 0x0f, 0xfb, 0x00, 0x00, 0x00, 0x00, 0x00, 0x0f,
    0xfb, 0x00, 0x00, 0x00, 0x00, 0x00, 0x0f, 0xfb, 0x00, 0x00, 0x00, 0x00, 0x00, 0x0f, 0xfe, 0xbb,
    0xbb, 0xbb, 0xbb, 0x60, 0x0f, 0xff, 0xff, 0xff, 0xff, 0xff, 0x80, 0x0f, 0xfe, 0xbb, 0xbb, 0xbb,
    0xbb, 0x60, 0x0f, 0xfb, 0x00, 0x00, 0x00, 0x00, 0x00, 0x0f, 0xfb, 0x00, 0x00, 0x00, 0x00, 0x00,
    0x0f, 0xfb, 0x00, 0x00, 0x00, 0x00, 0x00, 0x0f, 0xfb, 0x00, 0x00, 0x00, 0x00, 0x00, 0x0f, 0xfb,
    0x00, 0x00, 0x00, 0x00, 0x00, 0x0f, 0xfb, 0x00, 0x00, 0x00, 0x00, 0x00, 0x0f, 0xfb, 0x00, 0x00,
    0x00, 0x00, 0x00, 0x0f, 0xfe, 0xbb, 0xbb, 0xbb, 0xbb, 0xb8, 0x0f, 0xff, 0xff, 0xff, 0xff, 0xff,
    0xfb, 0x0f, 0xff, 0xff, 0xff, 0xff, 0xff, 0xfb, 0x00, 0x88, 0x88, 0x88, 0x88, 0x88, 0x00, 0x00,
    0xff, 0xff, 0xff, 0xff, 0xff, 0x00, 0x00, 0xff, 0xff, 0xff, 0xff, 0xff, 0x00, 0x00, 0x00, 0x00,
    0x00, 0x00, 0x00, 0x00, 0x00, 0x00, 0x00, 0x00, 0x00, 0x00, 0x00, 0x00, 0x00, 0x00, 0x00, 0x00,
    0x00, 0x00, 0x00, 0x01, 0x7a, 0xbb, 0xa6, 0x10, 0x00, 0x00, 0x5e, 0xff, 0xff, 0xff, 0xe5, 0x00,
    0x04, 0xff, 0xfd, 0x99, 0xdf, 0xff, 0x50, 0x0d, 0xff, 0x70, 0x00, 0x07, 0xff, 0xd0, 0x5f, 0xfb,
    0x00, 0x00, 0x00, 0xbf, 0xf5, 0x8f, 0xf6, 0x00, 0x00, 0x00, 0x6f, 0xf8, 0x8f, 0xf4, 0x00, 0x00,
    0x00, 0x4f, 0xf8, 0x8f, 0xfc, 0xbb, 0xbb, 0xbb, 0xcf, 0xf8, 0x8f, 0xff, 0xff, 0xff, 0xff, 0xff,
    0xf8, 0x8f, 0xf9, 0x88, 0x88, 0x88, 0x88, 0x84, 0x8f, 0xf4, 0x00, 0x00, 0x00, 0x00, 0x00, 0x8f,
    0xf5, 0x00, 0x00, 0x00, 0x00, 0x00, 0x7f, 0xf8, 0x00, 0x00, 0x00, 0x24, 0x42, 0x2f, 0xfe, 0x30,
    0x00, 0x01, 0xdf, 0xf5, 0x08, 0xff, 0xe8, 0x44, 0x6d, 0xff, 0xc0, 0x01, 0xcf, 0xff, 0xff, 0xff,
    0xfe, 0x30, 0x00, 0x08, 0xef, 0xff, 0xfe, 0x91, 0x00, 0x00, 0x00, 0x03, 0x44, 0x30, 0x00, 0x00,
    0x00, 0x68, 0x60, 0x00, 0x02, 0x88, 0x20, 0x00, 0x8f, 0xd0, 0x00, 0x06, 0xff, 0x10, 0x00, 0x3f,
    0xf9, 0x20, 0x5e, 0xfb, 0x00, 0x00, 0x06, 0xff, 0xff, 0xff, 0xd2, 0x00, 0x00, 0x00, 0x49, 0xbc,
    0xb7, 0x10, 0x00, 0x00, 0x00, 0x00, 0x00, 0x00, 0x00, 0x00, 0x00, 0x00, 0x00, 0x00, 0x00, 0x00,
    0x00, 0x0f, 0xff, 0xff, 0xff, 0xff, 0xff, 0xfb, 0x0f, 0xff, 0xff, 0xff, 0xff, 0xff, 0xfb, 0x0f,
    0xfe, 0xbb, 0xbb, 0xbb, 0xbb, 0xb8, 0x0f, 0xfb, 0x00, 0x00, 0x00, 0x00, 0x00, 0x0f, 0xfb, 0x00,
    0x00, 0x00, 0x00, 0x00, 0x0f, 0xfb, 0x00, 0x00, 0x00, 0x00, 0x00, 0x0f, 0xfb, 0x00, 0x00, 0x00,
    0x00, 0x00, 0x0f, 0xfb, 0x00, 0x00, 0x00, 0x00, 0x00, 0x0f, 0xfb, 0x00, 0x00, 0x00, 0x00, 0x00,
    0x0f, 0xfe, 0xbb, 0xbb, 0xbb, 0xbb, 0x60, 0x0f, 0xff, 0xff, 0xff, 0xff, 0xff, 0x80, 0x0f, 0xfe,
    0xbb, 0xbb, 0xbb, 0xbb, 0x60, 0x0f, 0xfb, 0x00, 0x00, 0x00, 0x00, 0x00, 0x0f, 0xfb, 0x00, 0x00,
    0x00, 0x00, 0x00, 0x0f, 0xfb, 0x00, 0x00, 0x00, 0x00, 0x00, 0x0f, 0xfb, 0x00, 0x00, 0x00, 0x00,
    0x00, 0x0f, 0xfb, 0x00, 0x00, 0x00, 0x00, 0x00, 0x0f, 0xfb, 0x00, 0x00, 0x00, 0x00, 0x00, 0x0f,
    0xfb, 0x00, 0x00, 0x00, 0x00, 0x00, 0x0f, 0xfe, 0xbb, 0xbb, 0xbb, 0xbb, 0xb8, 0x0f, 0xff, 0xff,
    0xff, 0xff, 0xff, 0xfb, 0x0f, 0xff, 0xff, 0xff, 0xff, 0xff, 0xfb, 0x00, 0x88, 0x40, 0x00, 0x04,
    0x88, 0x00, 0x00, 0xbf, 0x90, 0x00, 0x09, 0xfb, 0x00, 0x00, 0x7f, 0xf8, 0x11, 0x8f, 0xf7, 0x00,
    0x00, 0x09, 0xff, 0xff, 0xff, 0x90, 0x00, 0x00, 0x00, 0x6a, 0xbb, 0xa6, 0x00, 0x00, 0x00, 0x00,
    0x00, 0x00, 0x00, 0x00, 0x00, 0x00, 0x00, 0x00, 0x00, 0x00, 0x00, 0x00, 0x00, 0x01, 0x7a, 0xbb,
    0xa6, 0x10, 0x00, 0x00, 0x5e, 0xff, 0xff, 0xff, 0xe5, 0x00, 0x04, 0xff, 0xfd, 0x99, 0xdf, 0xff,
    0x50, 0x0d, 0xff, 0x70, 0x00, 0x07, 0xff, 0xd0, 0x5f, 0xfb, 0x00, 0x00, 0x00, 0xbf, 0xf5, 0x8f,
    0xf6, 0x00, 0x00, 0x00, 0x6f, 0xf8, 0x8f, 0xf4, 0x00, 0x00, 0x00, 0x4f, 0xf8, 0x8f, 0xfc, 0xbb,
    0xbb, 0xbb, 0xcf, 0xf8, 0x8f, 0xff, 0xff, 0xff, 0xff, 0xff, 0xf8, 0x8f, 0xf9, 0x88, 0x88, 0x88,
    0x88, 0x84, 0x8f, 0xf4, 0x00, 0x00, 0x00, 0x00, 0x00, 0x8f, 0xf5, 0x00, 0x00, 0x00, 0x00, 0x00,
    0x7f, 0xf8, 0x00, 0x00, 0x00, 0x24, 0x42, 0x2f, 0xfe, 0x30, 0x00, 0x01, 0xdf, 0xf5, 0x08, 0xff,
    0xe8, 0x44, 0x6d, 0xff, 0xc0, 0x01, 0xcf, 0xff, 0xff, 0xff, 0xfe, 0x30, 0x00, 0x08, 0xef, 0xff,
    0xfe, 0x91, 0x00, 0x00, 0x00, 0x03, 0x44, 0x30, 0x00, 0x00, 0x00, 0x00, 0x00, 0x46, 0x20, 0x00,
    0x00, 0x00, 0x00, 0x08, 0xff, 0xe2, 0x00, 0x00, 0x00, 0x00, 0x0f, 0xff, 0xf8, 0x00, 0x00, 0x00,
    0x00, 0x0b, 0xff, 0xf4, 0x00, 0x00, 0x00, 0x00, 0x01, 0x78, 0x40, 0x00, 0x00, 0x00, 0x00, 0x00,
    0x00, 0x00, 0x00, 0x00, 0x00, 0x00, 0x00, 0x00, 0x00, 0x00, 0x00, 0x0f, 0xff, 0xff, 0xff, 0xff,
    0xff, 0xfb, 0x0f, 0xff, 0xff, 0xff, 0xff, 0xff, 0xfb, 0x0f, 0xfe, 0xbb, 0xbb, 0xbb, 0xbb, 0xb8,
    0x0f, 0xfb, 0x00, 0x00, 0x00, 0x00, 0x00, 0x0f, 0xfb, 0x00, 0x00, 0x00, 0x00, 0x00, 0x0f, 0xfb,
    0x00, 0x00, 0x00, 0x00, 0x00, 0x0f, 0xfb, 0x00, 0x00, 0x00, 0x00, 0x00, 0x0f, 0xfb, 0x00, 0x00,
    0x00, 0x00, 0x00, 0x0f, 0xfb, 0x00, 0x00, 0x00, 0x00, 0x00, 0x0f, 0xfe, 0xbb, 0xbb, 0xbb, 0xbb,
    0x60, 0x0f, 0xff, 0xff, 0xff, 0xff, 0xff, 0x80, 0x0f, 0xfe, 0xbb, 0xbb, 0xbb, 0xbb, 0x60, 0x0f,
    0xfb, 0x00, 0x00, 0x00, 0x00, 0x00, 0x0f, 0xfb, 0x00, 0x00, 0x00, 0x00, 0x00, 0x0f, 0xfb, 0x00,
    0x00, 0x00, 0x00, 0x00, 0x0f, 0xfb, 0x00, 0x00, 0x00, 0x00, 0x00, 0x0f, 0xfb, 0x00, 0x00, 0x00,
    0x00, 0x00, 0x0f, 0xfb, 0x00, 0x00, 0x00, 0x00, 0x00, 0x0f, 0xfb, 0x00, 0x00, 0x00, 0x00, 0x00,
    0x0f, 0xfe, 0xbb, 0xbb, 0xbb, 0xbb, 0xb8, 0x0f, 0xff, 0xff, 0xff, 0xff, 0xff, 0xfb, 0x0f, 0xff,
    0xff, 0xff, 0xff, 0xff, 0xfb, 0x00, 0x00, 0x01, 0x44, 0x10, 0x00, 0x00, 0x00, 0x00, 0x0c, 0xff,
    0xc0, 0x00, 0x00, 0x00, 0x00, 0x4f, 0xff, 0xf4, 0x00, 0x00, 0x00, 0x00, 0x1e, 0xff, 0xe1, 0x00,
    0x00, 0x00, 0x00, 0x03, 0x88, 0x30, 0x00, 0x00, 0x00, 0x00, 0x00, 0x00, 0x00, 0x00, 0x00, 0x00,
    0x00, 0x00, 0x00, 0x00, 0x00, 0x00, 0x00, 0x01, 0x7a, 0xbb, 0xa6, 0x10, 0x00, 0x00, 0x5e, 0xff,
    0xff, 0xff, 0xe5, 0x00, 0x04, 0xff, 0xfd, 0x99, 0xdf, 0xff, 0x50, 0x0d, 0xff, 0x70, 0x00, 0x07,
    0xff, 0xd0, 0x5f, 0xfb, 0x00, 0x00, 0x00, 0xbf, 0xf5, 0x8f, 0xf6, 0x00, 0x00, 0x00, 0x6f, 0xf8,
    0x8f, 0xf4, 0x00, 0x00, 0x00, 0x4f, 0xf8, 0x8f, 0xfc, 0xbb, 0xbb, 0xbb, 0xcf, 0xf8, 0x8f, 0xff,
    0xff, 0xff, 0xff, 0xff, 0xf8, 0x8f, 0xf9, 0x88, 0x88, 0x88, 0x88, 0x84, 0x8f, 0xf4, 0x00, 0x00,
    0x00, 0x00, 0x00, 0x8f, 0xf5, 0x00, 0x00, 0x00, 0x00, 0x00, 0x7f, 0xf8, 0x00, 0x00, 0x00, 0x24,
    0x42, 0x2f, 0xfe, 0x30, 0x00, 0x01, 0xdf, 0xf5, 0x08, 0xff, 0xe8, 0x44, 0x6d, 0xff, 0xc0, 0x01,
    0xcf, 0xff, 0xff, 0xff, 0xfe, 0x30, 0x00, 0x08, 0xef, 0xff, 0xfe, 0x91, 0x00, 0x00, 0x00, 0x03,
    0x44, 0x30, 0x00, 0x00, 0x0f, 0xff, 0xff, 0xff, 0xff, 0xff, 0xfb, 0x0f, 0xff, 0xff, 0xff, 0xff,
    0xff, 0xfb, 0x0f, 0xfe, 0xbb, 0xbb, 0xbb, 0xbb, 0xb8, 0x0f, 0xfb, 0x00, 0x00, 0x00, 0x00, 0x00,
    0x0f, 0xfb, 0x00, 0x00, 0x00, 0x00, 0x00, 0x0f, 0xfb, 0x00, 0x00, 0x00, 0x00, 0x00, 0x0f, 0xfb,
    0x00, 0x00, 0x00, 0x00, 0x00, 0x0f, 0xfb, 0x00, 0x00, 0x00, 0x00, 0x00, 0x0f, 0xfb, 0x00, 0x00,
    0x00, 0x00, 0x00, 0x0f, 0xfe, 0xbb, 0xbb, 0xbb, 0xbb, 0x60, 0x0f, 0xff, 0xff, 0xff, 0xff, 0xff,
    0x80, 0x0f, 0xfe, 0xbb, 0xbb, 0xbb, 0xbb, 0x60, 0x0f, 0xfb, 0x00, 0x00, 0x00, 0x00, 0x00, 0x0f,
    0xfb, 0x00, 0x00, 0x00, 0x00, 0x00, 0x0f, 0xfb, 0x00, 0x00, 0x00, 0x00, 0x00, 0x0f, 0xfb, 0x00,
    0x00, 0x00, 0x00, 0x00, 0x0f, 0xfb, 0x00, 0x00, 0x00, 0x00, 0x00, 0x0f, 0xfb, 0x00, 0x00, 0x00,
    0x00, 0x00, 0x0f, 0xfb, 0x00, 0x00, 0x00, 0x00, 0x00, 0x0f, 0xfe, 0xbb, 0xbb, 0xbb, 0xbb, 0xb8,
    0x0f, 0xff, 0xff, 0xff, 0xff, 0xff, 0xfb, 0x0f, 0xff, 0xff, 0xff, 0xff, 0xff, 0xfb, 0x00, 0x00,
    0x00, 0x00, 0x1b, 0xf9, 0x00, 0x00, 0x00, 0x00, 0x00, 0xbf, 0xb0, 0x00, 0x00, 0x00, 0x00, 0x03,
    0xff, 0x50, 0x00, 0x00, 0x00, 0x00, 0x04, 0xff, 0x90, 0x00, 0x00, 0x00, 0x00, 0x02, 0xef, 0xfd,
    0xb8, 0x00, 0x00, 0x00, 0x00, 0x4d, 0xff, 0xfb, 0x00, 0x00, 0x00, 0x00, 0x00, 0x24, 0x43, 0x00,
    0x01, 0x7a, 0xbb, 0xa7, 0x10, 0x00, 0x00, 0x4e, 0xff, 0xff, 0xff, 0xe4, 0x00, 0x03, 0xff, 0xfd,
    0xbb, 0xdf, 0xff, 0x30, 0x0d, 0xff, 0x70, 0x00, 0x07, 0xff, 0xd0, 0x3f, 0xfb, 0x00, 0x00, 0x00,
    0xbf, 0xf3, 0x7f, 0xf8, 0x00, 0x00, 0x00, 0x8f, 0xf7, 0x8f, 0xf8, 0x00, 0x00, 0x00, 0x8f, 0xf8,
    0x8f, 0xfd, 0xbb, 0xbb, 0xbb, 0xdf, 0xf8, 0x8f, 0xff, 0xff, 0xff, 0xff, 0xff, 0xf8, 0x8f, 0xfb,
    0x88, 0x88, 0x88, 0x88, 0x84, 0x8f, 0xf8, 0x00, 0x00, 0x00, 0x00, 0x00, 0x8f, 0xf8, 0x00, 0x00,
    0x00, 0x00, 0x00, 0x5f, 0xf8, 0x00, 0x00, 0x00, 0x24, 0x42, 0x1f, 0xfe, 0x20, 0x00, 0x00, 0xdf,
    0xf3, 0x08, 0xff, 0xd6, 0x44, 0x6c, 0xff, 0xc0, 0x00, 0xbf, 0xff, 0xff, 0xff, 0xfd, 0x30, 0x00,
    0x08, 0xef, 0xff, 0xff, 0x91, 0x00, 0x00, 0x00, 0x03, 0x5e, 0xf7, 0x00, 0x00, 0x00, 0x00, 0x00,
    0xcf, 0x90, 0x00, 0x00, 0x00, 0x00, 0x06, 0xff, 0x40, 0x00, 0x00, 0x00, 0x00, 0x08, 0xff, 0x70,
    0x00, 0x00, 0x00, 0x00, 0x04, 0xff, 0xfc, 0xb6, 0x00, 0x00, 0x00, 0x00, 0x6e, 0xff, 0xf8, 0x00,
    0x00, 0x00, 0x00, 0x00, 0x34, 0x42, 0x00, 0x01, 0x88, 0x81, 0x00, 0x05, 0x88, 0x50, 0x00, 0x6f,
    0xfc, 0x10, 0x6f, 0xfc, 0x10, 0x00, 0x06, 0xff, 0xc7, 0xff, 0xc1, 0x00, 0x00, 0x00, 0x6f, 0xff,
    0xfc, 0x10, 0x00, 0x00, 0x00, 0x06, 0xbb, 0xa1, 0x00, 0x00, 0x00, 0x00, 0x00, 0x00, 0x00, 0x00,
    0x00, 0x00, 0x00, 0x00, 0x00, 0x00, 0x00, 0x00, 0x0f, 0xff, 0xff, 0xff, 0xff, 0xff, 0xfb, 0x0f,
    0xff, 0xff, 0xff, 0xff, 0xff, 0xfb, 0x0f, 0xfe, 0xbb, 0xbb, 0xbb, 0xbb, 0xb8, 0x0f, 0xfb, 0x00,
    0x00, 0x00, 0x00, 0x00, 0x0f, 0xfb, 0x00, 0x00, 0x00, 0x00, 0x00, 0x0f, 0xfb, 0x00, 0x00, 0x00,
    0x00, 0x00, 0x0f, 0xfb, 0x00, 0x00, 0x00, 0x00, 0x00, 0x0f, 0xfb, 0x00, 0x00, 0x00, 0x00, 0x00,
    0x0f, 0xfb, 0x00, 0x00, 0x00, 0x00, 0x00, 0x0f, 0xfe, 0xbb, 0xbb, 0xbb, 0xbb, 0x60, 0x0f, 0xff,
    0xff, 0xff, 0xff, 0xff, 0x80, 0x0f, 0xfe, 0xbb, 0xbb, 0xbb, 0xbb, 0x60, 0x0f, 0xfb, 0x00, 0x00,
    0x00, 0x00, 0x00, 0x0f, 0xfb, 0x00, 0x00, 0x00, 0x00, 0x00, 0x0f, 0xfb, 0x00, 0x00, 0x00, 0x00,
    0x00, 0x0f, 0xfb, 0x00, 0x00, 0x00, 0x00, 0x00, 0x0f, 0xfb, 0x00, 0x00, 0x00, 0x00, 0x00, 0x0f,
    0xfb, 0x00, 0x00, 0x00, 0x00, 0x00, 0x0f, 0xfb, 0x00, 0x00, 0x00, 0x00, 0x00, 0x0f, 0xfe, 0xbb,
    0xbb, 0xbb, 0xbb, 0xb8, 0x0f, 0xff, 0xff, 0xff, 0xff, 0xff, 0xfb, 0x0f, 0xff, 0xff, 0xff, 0xff,
    0xff, 0xfb, 0x02, 0x88, 0x70, 0x00, 0x07, 0x88, 0x30, 0x00, 0x9f, 0xf9, 0x00, 0x9f, 0xf9, 0x00,
    0x00, 0x09, 0xff, 0x99, 0xff, 0x90, 0x00, 0x00, 0x00, 0x9f, 0xff, 0xf9, 0x00, 0x00, 0x00, 0x00,
    0x08, 0xbb, 0x80, 0x00, 0x00, 0x00, 0x00, 0x00, 0x00, 0x00, 0x00, 0x00, 0x00, 0x00, 0x00, 0x00,
    0x00, 0x00, 0x00, 0x00, 0x01, 0x7a, 0xbb, 0xa6, 0x10, 0x00, 0x00, 0x5e, 0xff, 0xff, 0xff, 0xe5,
    0x00, 0x04, 0xff, 0xfd, 0x99, 0xdf, 0xff, 0x50, 0x0d, 0xff, 0x70, 0x00, 0x07, 0xff, 0xd0, 0x5f,
    0xfb, 0x00, 0x00, 0x00, 0xbf, 0xf5, 0x8f, 0xf6, 0x00, 0x00, 0x00, 0x6f, 0xf8, 0x8f, 0xf4, 0x00,
    0x00, 0x00, 0x4f, 0xf8, 0x8f, 0xfc, 0xbb, 0xbb, 0xbb, 0xcf, 0xf8, 0x8f, 0xff, 0xff, 0xff, 0xff,
    0xff, 0xf8, 0x8f, 0xf9, 0x88, 0x88, 0x88, 0x88, 0x84, 0x8f, 0xf4, 0x00, 0x00, 0x00, 0x00, 0x00,
    0x8f, 0xf5, 0x00, 0x00, 0x00, 0x00, 0x00, 0x7f, 0xf8, 0x00, 0x00, 0x00, 0x24, 0x42, 0x2f, 0xfe,
    0x30, 0x00, 0x01, 0xdf, 0xf5, 0x08, 0xff, 0xe8, 0x44, 0x6d, 0xff, 0xc0, 0x01, 0xcf, 0xff, 0xff,
    0xff, 0xfe, 0x30, 0x00, 0x08, 0xef, 0xff, 0xfe, 0x91, 0x00, 0x00, 0x00, 0x03, 0x44, 0x30, 0x00,
    0x00, 0x00, 0x00, 0x05, 0x88, 0x50, 0x00, 0x00, 0x00, 0x00, 0x6f, 0xff, 0xf6, 0x00, 0x00, 0x00,
    0x06, 0xff, 0xcc, 0xff, 0x60, 0x00, 0x00, 0x6f, 0xfc, 0x11, 0xcf, 0xf6, 0x00, 0x03, 0xbb, 0xa1,
    0x00, 0x1a, 0xbb, 0x30, 0x00, 0x00, 0x00, 0x00, 0x00, 0x00, 0x00, 0x00, 0x00, 0x00, 0x44, 0x10,
    0x00, 0x00, 0x00, 0x06, 0xcf, 0xff, 0xfd, 0x80, 0x00, 0x00, 0x9f, 0xff, 0xff, 0xff, 0xfc, 0x10,
    0x08, 0xff, 0xfb, 0x88, 0x9f, 0xff, 0xb0, 0x1e, 0xff, 0x60, 0x00, 0x03, 0xef, 0xf3, 0x5f, 0xfc,
    0x00, 0x00, 0x00, 0x8f, 0xf8, 0x8f, 0xf8, 0x00, 0x00, 0x00, 0x4f, 0xfb, 0x8f, 0xf8, 0x00, 0x00,
    0x00, 0x14, 0x43, 0x8f, 0xf8, 0x00, 0x00, 0x00, 0x00, 0x00, 0x8f, 0xf8, 0x00, 0x00, 0x00, 0x00,
    0x00, 0x8f, 0xf8, 0x00, 0x00, 0x00, 0x00, 0x00, 0x8f, 0xf8, 0x00, 0x48, 0x88, 0x88, 0x86, 0x8f,
    0xf8, 0x00, 0x8f, 0xff, 0xff, 0xfb, 0x8f, 0xf8, 0x00, 0x8f, 0xff, 0xff, 0xfb, 0x8f, 0xf8, 0x00,
    0x00, 0x00, 0x4f, 0xfb, 0x8f, 0xf8, 0x00, 0x00, 0x00, 0x4f, 0xfb, 0x8f, 0xf8, 0x00, 0x00, 0x00,
    0x4f, 0xfb, 0x8f, 0xf8, 0x00, 0x00, 0x00, 0x4f, 0xfb, 0x5f, 0xfa, 0x00, 0x00, 0x00, 0x8f, 0xf8,
    0x1f, 0xff, 0x60, 0x00, 0x03, 0xef, 0xf4, 0x08, 0xff, 0xf9, 0x65, 0x8e, 0xff, 0xb0, 0x01, 0xcf,
    0xff, 0xff, 0xff, 0xfc, 0x10, 0x00, 0x08, 0xdf, 0xff, 0xfe, 0x81, 0x00, 0x00, 0x00, 0x03, 0x44,
    0x40, 0x00, 0x00, 0x00, 0x00, 0x07, 0x88, 0x50, 0x00, 0x00, 0x00, 0x00, 0x9f, 0xff, 0xf6, 0x00,
    0x00, 0x00, 0x09, 0xff, 0x9c, 0xff, 0x60, 0x00, 0x00, 0x7f, 0xf9, 0x01, 0xcf, 0xf6, 0x00, 0x03,
    0xbb, 0x80, 0x00, 0x1a, 0xbb, 0x30, 0x00, 0x00, 0x00, 0x00, 0x00, 0x00, 0x00, 0x00, 0x00, 0x00,
    0x00, 0x00, 0x00, 0x00, 0x00, 0x04, 0x9b, 0xb9, 0x40, 0x48, 0x82, 0x00, 0x9f, 0xff, 0xff, 0xf6,
    0x8f, 0xf4, 0x08, 0xff, 0xff, 0xbc, 0xff, 0x9f, 0xf4, 0x1e, 0xff, 0x91, 0x00, 0x2c, 0xef, 0xf4,
    0x4f, 0xfd, 0x00, 0x00, 0x01, 0xef, 0xf4, 0x8f, 0xf8, 0x00, 0x00, 0x00, 0xbf, 0xf4, 0x8f, 0xf8,
    0x00, 0x00, 0x00, 0x8f, 0xf4, 0x8f, 0xf8, 0x00, 0x00, 0x00, 0x8f, 0xf4, 0x8f, 0xf8, 0x00, 0x00,
    0x00, 0x8f, 0xf4, 0x8f, 0xf8, 0x00, 0x00, 0x00, 0x8f, 0xf4, 0x8f, 0xf8, 0x00, 0x00, 0x00, 0xbf,
    0xf4, 0x5f, 0xfc, 0x00, 0x00, 0x01, 0xef, 0xf4, 0x1f, 0xff, 0x70, 0x00, 0x09, 0xef, 0xf4, 0x08,
    0xff, 0xfd, 0x99, 0xdf, 0x9f, 0xf4, 0x00, 0xbf, 0xff, 0xff, 0xf8, 0x8f, 0xf4, 0x00, 0x06, 0xac,
    0xda, 0x50, 0x8f, 0xf4, 0x00, 0x00, 0x00, 0x00, 0x00, 0x8f, 0xf4, 0x00, 0x00, 0x00, 0x00, 0x00,
    0xaf, 0xf4, 0x00, 0x00, 0x00, 0x00, 0x01, 0xef, 0xf2, 0x00, 0x14, 0x44, 0x44, 0x6d, 0xff, 0xb0,
    0x00, 0x4f, 0xff, 0xff, 0xff, 0xfe, 0x30, 0x00, 0x4f, 0xff, 0xff, 0xff, 0xb3, 0x00, 0x00, 0x28,
    0x88, 0x88, 0x42, 0x00, 0x00, 0x00, 0x88, 0x40, 0x00, 0x04, 0x88, 0x00, 0x00, 0xcf, 0x90, 0x00,
    0x09, 0xfc, 0x00, 0x00, 0x8f, 0xf7, 0x01, 0x7f, 0xf8, 0x00, 0x00, 0x0b, 0xff, 0xff, 0xff, 0xb0,
    0x00, 0x00, 0x00, 0x6a, 0xcc, 0xa6, 0x00, 0x00, 0x00, 0x00, 0x00, 0x00, 0x00, 0x00, 0x00, 0x00,
    0x00, 0x00, 0x44, 0x10, 0x00, 0x00, 0x00, 0x06, 0xcf, 0xff, 0xfd, 0x80, 0x00, 0x00, 0x9f, 0xff,
    0xff, 0xff, 0xfc, 0x10, 0x08, 0xff, 0xfb, 0x88, 0x9f, 0xff, 0xb0, 0x1e, 0xff, 0x60, 0x00, 0x03,
    0xef, 0xf3, 0x5f, 0xfc, 0x00, 0x00, 0x00, 0x8f, 0xf8, 0x8f, 0xf8, 0x00, 0x00, 0x00, 0x4f, 0xfb,
    0x8f, 0xf8, 0x00, 0x00, 0x00, 0x14, 0x43, 0x8f, 0xf8, 0x00, 0x00, 0x00, 0x00, 0x00, 0x8f, 0xf8,
    0x00, 0x00, 0x00, 0x00, 0x00, 0x8f, 0xf8, 0x00, 0x00, 0x00, 0x00, 0x00, 0x8f, 0xf8, 0x00, 0x48,
    0x88, 0x88, 0x86, 0x8f, 0xf8, 0x00, 0x8f, 0xff, 0xff, 0xfb, 0x8f, 0xf8, 0x00, 0x8f, 0xff, 0xff,
    0xfb, 0x8f, 0xf8, 0x00, 0x00, 0x00, 0x4f, 0xfb, 0x8f, 0xf8, 0x00, 0x00, 0x00, 0x4f, 0xfb, 0x8f,
    0xf8, 0x00, 0x00, 0x00, 0x4f, 0xfb, 0x8f, 0xf8, 0x00, 0x00, 0x00, 0x4f, 0xfb, 0x5f, 0xfa, 0x00,
    0x00, 0x00, 0x8f, 0xf8, 0x1f, 0xff, 0x60, 0x00, 0x03, 0xef, 0xf4, 0x08, 0xff, 0xf9, 0x65, 0x8e,
    0xff, 0xb0, 0x01, 0xcf, 0xff, 0xff, 0xff, 0xfc, 0x10, 0x00, 0x08, 0xdf, 0xff, 0xfe, 0x81, 0x00,
    0x00, 0x00, 0x03, 0x44, 0x40, 0x00, 0x00, 0x00, 0x88, 0x20, 0x00, 0x04, 0x86, 0x00, 0x00, 0xdf,
    0x80, 0x00, 0x0b, 0xfa, 0x00, 0x00, 0x8f, 0xf7, 0x12, 0x8f, 0xf6, 0x00, 0x00, 0x1b, 0xff, 0xff,
    0xff, 0x90, 0x00, 0x00, 0x00, 0x6a, 0xbb, 0x94, 0x00, 0x00, 0x00, 0x00, 0x00, 0x00, 0x00, 0x00,
    0x00, 0x00, 0x00, 0x00, 0x00, 0x00, 0x00, 0x00, 0x00, 0x04, 0x9b, 0xb9, 0x40, 0x48, 0x82, 0x00,
    0x9f, 0xff, 0xff, 0xf6, 0x8f, 0xf4, 0x08, 0xff, 0xff, 0xbc, 0xff, 0x9f, 0xf4, 0x1e, 0xff, 0x91,
    0x00, 0x2c, 0xef, 0xf4, 0x4f, 0xfd, 0x00, 0x00, 0x01, 0xef, 0xf4, 0x8f, 0xf8, 0x00, 0x00, 0x00,
    0xbf, 0xf4, 0x8f, 0xf8, 0x00, 0x00, 0x00, 0x8f, 0xf4, 0x8f, 0xf8, 0x00, 0x00, 0x00, 0x8f, 0xf4,
    0x8f, 0xf8, 0x00, 0x00, 0x00, 0x8f, 0xf4, 0x8f, 0xf8, 0x00, 0x00, 0x00, 0x8f, 0xf4, 0x8f, 0xf8,
    0x00, 0x00, 0x00, 0xbf, 0xf4, 0x5f, 0xfc, 0x00, 0x00, 0x01, 0xef, 0xf4, 0x1f, 0xff, 0x70, 0x00,
    0x09, 0xef, 0xf4, 0x08, 0xff, 0xfd, 0x99, 0xdf, 0x9f, 0xf4, 0x00, 0xbf, 0xff, 0xff, 0xf8, 0x8f,
    0xf4, 0x00, 0x06, 0xac, 0xda, 0x50, 0x8f, 0xf4, 0x00, 0x00, 0x00, 0x00, 0x00, 0x8f, 0xf4, 0x00,
    0x00, 0x00, 0x00, 0x00, 0xaf, 0xf4, 0x00, 0x00, 0x00, 0x00, 0x01, 0xef, 0xf2, 0x00, 0x14, 0x44,
    0x44, 0x6d, 0xff, 0xb0, 0x00, 0x4f, 0xff, 0xff, 0xff, 0xfe, 0x30, 0x00, 0x4f, 0xff, 0xff, 0xff,
    0xb3, 0x00, 0x00, 0x28, 0x88, 0x88, 0x42, 0x00, 0x00, 0x00, 0x00, 0x01, 0x55, 0x10, 0x00, 0x00,
    0x00, 0x00, 0x0c, 0xff, 0xc0, 0x00, 0x00, 0x00, 0x00, 0x4f, 0xff, 0xf4, 0x00, 0x00, 0x00, 0x00,
    0x1e, 0xff, 0xe1, 0x00, 0x00, 0x00, 0x00, 0x02, 0x88, 0x20, 0x00, 0x00, 0x00, 0x00, 0x00, 0x00,
    0x00, 0x00, 0x00, 0x00, 0x00, 0x00, 0x44, 0x10, 0x00, 0x00, 0x00, 0x06, 0xcf, 0xff, 0xfd, 0x80,
    0x00, 0x00, 0x9f, 0xff, 0xff, 0xff, 0xfc, 0x10, 0x08, 0xff, 0xfb, 0x88, 0x9f, 0xff, 0xb0, 0x1e,
    0xff, 0x60, 0x00, 0x03, 0xef, 0xf3, 0x5f, 0xfc, 0x00, 0x00, 0x00, 0x8f, 0xf8, 0x8f, 0xf8, 0x00,
    0x00, 0x00, 0x4f, 0xfb, 0x8f, 0xf8, 0x00, 0x00, 0x00, 0x14, 0x43, 0x8f, 0xf8, 0x00, 0x00, 0x00,
    0x00, 0x00, 0x8f, 0xf8, 0x00, 0x00, 0x00, 0x00, 0x00, 0x8f, 0xf8, 0x00, 0x00, 0x00, 0x00, 0x00,
    0x8f, 0xf8, 0x00, 0x48, 0x88, 0x88, 0x86, 0x8f, 0xf8, 0x00, 0x8f, 0xff, 0xff, 0xfb, 0x8f, 0xf8,
    0x00, 0x8f, 0xff, 0xff, 0xfb, 0x8f, 0xf8, 0x00, 0x00, 0x00, 0x4f, 0xfb, 0x8f, 0xf8, 0x00, 0x00,
    0x00, 0x4f, 0xfb, 0x8f, 0xf8, 0x00, 0x00, 0x00, 0x4f, 0xfb, 0x8f, 0xf8, 0x00, 0x00, 0x00, 0x4f,
    0xfb, 0x5f, 0xfa, 0x00, 0x00, 0x00, 0x8f, 0xf8, 0x1f, 0xff, 0x60, 0x00, 0x03, 0xef, 0xf4, 0x08,
    0xff, 0xf9, 0x65, 0x8e, 0xff, 0xb0, 0x01, 0xcf, 0xff, 0xff, 0xff, 0xfc, 0x10, 0x00, 0x08, 0xdf,
    0xff, 0xfe, 0x81, 0x00, 0x00, 0x00, 0x03, 0x44, 0x40, 0x00, 0x00, 0x00, 0x00, 0x01, 0x44, 0x00,
    0x00, 0x00, 0x00, 0x00, 0x1e, 0xff, 0xc0, 0x00, 0x00, 0x00, 0x00, 0x4f, 0xff, 0xf1, 0x00, 0x00,
    0x00, 0x00, 0x2f, 0xff, 0xe0, 0x00, 0x00, 0x00, 0x00, 0x04, 0x88, 0x20, 0x00, 0x00, 0x00, 0x00,
    0x00, 0x00, 0x00, 0x00, 0x00, 0x00, 0x00, 0x00, 0x00, 0x00, 0x00, 0x00, 0x00, 0x04, 0x9b, 0xb9,
    0x40, 0x48, 0x82, 0x00, 0x9f, 0xff, 0xff, 0xf6, 0x8f, 0xf4, 0x08, 0xff, 0xff, 0xbc, 0xff, 0x9f,
    0xf4, 0x1e, 0xff, 0x91, 0x00, 0x2c, 0xef, 0xf4, 0x4f, 0xfd, 0x00, 0x00, 0x01, 0xef, 0xf4, 0x8f,
    0xf8, 0x00, 0x00, 0x00, 0xbf, 0xf4, 0x8f, 0xf8, 0x00, 0x00, 0x00, 0x8f, 0xf4, 0x8f, 0xf8, 0x00,
    0x00, 0x00, 0x8f, 0xf4, 0x8f, 0xf8, 0x00, 0x00, 0x00, 0x8f, 0xf4, 0x8f, 0xf8, 0x00, 0x00, 0x00,
    0x8f, 0xf4, 0x8f, 0xf8, 0x00, 0x00, 0x00, 0xbf, 0xf4, 0x5f, 0xfc, 0x00, 0x00, 0x01, 0xef, 0xf4,
    0x1f, 0xff, 0x70, 0x00, 0x09, 0xef, 0xf4, 0x08, 0xff, 0xfd, 0x99, 0xdf, 0x9f, 0xf4, 0x00, 0xbf,
    0xff, 0xff, 0xf8, 0x8f, 0xf4, 0x00, 0x06, 0xac, 0xda, 0x50, 0x8f, 0xf4, 0x00, 0x00, 0x00, 0x00,
    0x00, 0x8f, 0xf4, 0x00, 0x00, 0x00, 0x00, 0x00, 0xaf, 0xf4, 0x00, 0x00, 0x00, 0x00, 0x01, 0xef,
    0xf2, 0x00, 0x14, 0x44, 0x44, 0x6d, 0xff, 0xb0, 0x00, 0x4f, 0xff, 0xff, 0xff, 0xfe, 0x30, 0x00,
    0x4f, 0xff, 0xff, 0xff, 0xb3, 0x00, 0x00, 0x28, 0x88, 0x88, 0x42, 0x00, 0x00, 0x00, 0x00, 0x00,
    0x44, 0x10, 0x00, 0x00, 0x00, 0x06, 0xcf, 0xff, 0xfd, 0x80, 0x00, 0x00, 0x9f, 0xff, 0xff, 0xff,
    0xfc, 0x10, 0x08, 0xff, 0xfb, 0x88, 0x9f, 0xff, 0xb0, 0x1e, 0xff, 0x60, 0x00, 0x03, 0xef, 0xf3,
    0x5f, 0xfc, 0x00, 0x00, 0x00, 0x8f, 0xf8, 0x8f, 0xf8, 0x00, 0x00, 0x00, 0x4f, 0xfb, 0x8f, 0xf8,
    0x00, 0x00, 0x00, 0x14, 0x43, 0x8f, 0xf8, 0x00, 0x00, 0x00, 0x00, 0x00, 0x8f, 0xf8, 0x00, 0x00,
    0x00, 0x00, 0x00, 0x8f, 0xf8, 0x00, 0x00, 0x00, 0x00, 0x00, 0x8f, 0xf8, 0x00, 0x48, 0x88, 0x88,
    0x86, 0x8f, 0xf8, 0x00, 0x8f, 0xff, 0xff, 0xfb, 0x8f, 0xf8, 0x00, 0x8f, 0xff, 0xff, 0xfb, 0x8f,
    0xf8, 0x00, 0x00, 0x00, 0x4f, 0xfb, 0x8f, 0xf8, 0x00, 0x00, 0x00, 0x4f, 0xfb, 0x8f, 0xf8, 0x00,
    0x00, 0x00, 0x4f, 0xfb, 0x8f, 0xf8, 0x00, 0x00, 0x00, 0x4f, 0xfb, 0x5f, 0xfa, 0x00, 0x00, 0x00,
    0x8f, 0xf8, 0x1f, 0xff, 0x60, 0x00, 0x03, 0xef, 0xf4, 0x08, 0xff, 0xf9, 0x65, 0x8e, 0xff, 0xb0,
    0x01, 0xcf, 0xff, 0xff, 0xff, 0xfc, 0x10, 0x00, 0x08, 0xdf, 0xff, 0xfe, 0x81, 0x00, 0x00, 0x00,
    0x03, 0x44, 0x40, 0x00, 0x00, 0x00, 0x00, 0x00, 0x00, 0x00, 0x00, 0x00, 0x00, 0x00, 0x00, 0x24,
    0x44, 0x00, 0x00, 0x00, 0x00, 0x00, 0xcf, 0xf8, 0x00, 0x00, 0x00, 0x00, 0x08, 0xff, 0xb0, 0x00,
    0x00, 0x00, 0x00, 0x2f, 0xfe, 0x10, 0x00, 0x00, 0x00, 0x00, 0xbf, 0xf4, 0x00, 0x00, 0x00, 0x00,
    0x01, 0x44, 0x30, 0x00, 0x00, 0x00, 0x00, 0x00, 0x00, 0x01, 0x88, 0x40, 0x00, 0x00, 0x00, 0x00,
    0x08, 0xff, 0x30, 0x00, 0x00, 0x00, 0x00, 0x1e, 0xfd, 0x00, 0x00, 0x00, 0x00, 0x00, 0x9f, 0xf7,
    0x00, 0x00, 0x00, 0x00, 0x02, 0xff, 0xf2, 0x00, 0x00, 0x00, 0x00, 0x0a, 0xff, 0xc0, 0x00, 0x00,
    0x00, 0x00, 0x4f, 0xff, 0x70, 0x00, 0x00, 0x00, 0x00, 0x8b, 0xbb, 0x20, 0x00, 0x00, 0x00, 0x00,
    0x00, 0x00, 0x00, 0x00, 0x00, 0x00, 0x00, 0x00, 0x00, 0x00, 0x00, 0x00, 0x00, 0x04, 0x9b, 0xb9,
    0x40, 0x48, 0x82, 0x00, 0x9f, 0xff, 0xff, 0xf6, 0x8f, 0xf4, 0x08, 0xff, 0xff, 0xbc, 0xff, 0x9f,
    0xf4, 0x1e, 0xff, 0x91, 0x00, 0x2c, 0xef, 0xf4, 0x4f, 0xfd, 0x00, 0x00, 0x01, 0xef, 0xf4, 0x8f,
    0xf8, 0x00, 0x00, 0x00, 0xbf, 0xf4, 0x8f, 0xf8, 0x00, 0x00, 0x00, 0x8f, 0xf4, 0x8f, 0xf8, 0x00,
    0x00, 0x00, 0x8f, 0xf4, 0x8f, 0xf8, 0x00, 0x00, 0x00, 0x8f, 0xf4, 0x8f, 0xf8, 0x00, 0x00, 0x00,
    0x8f, 0xf4, 0x8f, 0xf8, 0x00, 0x00, 0x00, 0xbf, 0xf4, 0x5f, 0xfc, 0x00, 0x00, 0x01, 0xef, 0xf4,
    0x1f, 0xff, 0x70, 0x00, 0x09, 0xef, 0xf4, 0x08, 0xff, 0xfd, 0x99, 0xdf, 0x9f, 0xf4, 0x00, 0xbf,
    0xff, 0xff, 0xf8, 0x8f, 0xf4, 0x00, 0x06, 0xac, 0xda, 0x50, 0x8f, 0xf4, 0x00, 0x00, 0x00, 0x00,
    0x00, 0x8f, 0xf4, 0x00, 0x00, 0x00, 0x00, 0x00, 0xaf, 0xf4, 0x00, 0x00, 0x00, 0x00, 0x01, 0xef,
    0xf2, 0x00, 0x14, 0x44, 0x44, 0x6d, 0xff, 0xb0, 0x00, 0x4f, 0xff, 0xff, 0xff, 0xfe, 0x30, 0x00,
    0x4f, 0xff, 0xff, 0xff, 0xb3, 0x00, 0x00, 0x28, 0x88, 0x88, 0x42, 0x00, 0x00, 0x00, 0x00, 0x05,
    0x88, 0x50, 0x00, 0x00, 0x00, 0x00, 0x6f, 0xff, 0xf6, 0x00, 0x00, 0x00, 0x06, 0xff, 0xcc, 0xff,
    0x60, 0x00, 0x00, 0x6f, 0xfc, 0x11, 0xcf, 0xf6, 0x00, 0x03, 0xbb, 0xa1, 0x00, 0x1a, 0xbb, 0x30,
    0x00, 0x00, 0x00, 0x00, 0x00, 0x00, 0x00, 0x00, 0x00, 0x00, 0x00, 0x00, 0x00, 0x00, 0x4f, 0xfb,
    0x00, 0x00, 0x00, 0xbf, 0xf4, 0x4f, 0xfb, 0x00, 0x00, 0x00, 0xbf, 0xf4, 0x4f, 0xfb, 0x00, 0x00,
    0x00, 0xbf, 0xf4, 0x4f, 0xfb, 0x00, 0x00, 0x00, 0xbf, 0xf4, 0x4f, 0xfb, 0x00, 0x00, 0x00, 0xbf,
    0xf4, 0x4f, 0xfb, 0x00, 0x00, 0x00, 0xbf, 0xf4, 0x4f, 0xfb, 0x00, 0x00, 0x00, 0xbf, 0xf4, 0x4f,
    0xfb, 0x00, 0x00, 0x00, 0xbf, 0xf4, 0x4f, 0xfb, 0x00, 0x00, 0x00, 0xbf, 0xf4, 0x4f, 0xfe, 0xbb,
    0xbb, 0xbb, 0xef, 0xf4, 0x4f, 0xff, 0xff, 0xff, 0xff, 0xff, 0xf4, 0x4f, 0xff, 0xff, 0xff, 0xff,
    0xff, 0xf4, 0x4f, 0xfb, 0x00, 0x00, 0x00, 0xbf, 0xf4, 0x4f, 0xfb, 0x00, 0x00, 0x00, 0xbf, 0xf4,
    0x4f, 0xfb, 0x00, 0x00, 0x00, 0xbf, 0xf4, 0x4f, 0xfb, 0x00, 0x00, 0x00, 0xbf, 0xf4, 0x4f, 0xfb,
    0x00, 0x00, 0x00, 0xbf, 0xf4, 0x4f, 0xfb, 0x00, 0x00, 0x00, 0xbf, 0xf4, 0x4f, 0xfb, 0x00, 0x00,
    0x00, 0xbf, 0xf4, 0x4f, 0xfb, 0x00, 0x00, 0x00, 0xbf, 0xf4, 0x4f, 0xfb, 0x00, 0x00, 0x00, 0xbf,
    0xf4, 0x4f, 0xfb, 0x00, 0x00, 0x00, 0xbf, 0xf4, 0x00, 0x00, 0x9f, 0xfc, 0x10, 0x00, 0x00, 0x00,
    0x00, 0x00, 0x09, 0xff, 0xff, 0xc1, 0x00, 0x00, 0x00, 0x00, 0x00, 0x9f, 0xf9, 0x6f, 0xfc, 0x10,
    0x00, 0x00, 0x00, 0x09, 0xff, 0x90, 0x04, 0xef, 0xc1, 0x00, 0x00, 0x00, 0x14, 0x44, 0x00, 0x00,
    0x24, 0x42, 0x00, 0x00, 0x00, 0x00, 0x00, 0x00, 0x00, 0x00, 0x00, 0x00, 0x00, 0x00, 0x00, 0x00,
    0x00, 0x00, 0x00, 0x00, 0x00, 0x00, 0x00, 0x00, 0x00, 0x4f, 0xf8, 0x00, 0x00, 0x00, 0x00, 0x00,
    0x00, 0x00, 0x4f, 0xf8, 0x00, 0x00, 0x00, 0x00, 0x00, 0x00, 0x00, 0x4f, 0xf8, 0x00, 0x00, 0x00,
    0x00, 0x00, 0x00, 0x00, 0x4f, 0xf8, 0x00, 0x00, 0x00, 0x00, 0x00, 0x00, 0x00, 0x4f, 0xf8, 0x00,
    0x00, 0x00, 0x00, 0x00, 0x00, 0x00, 0x4f, 0xf8, 0x04, 0x9b, 0xb9, 0x40, 0x00, 0x00, 0x00, 0x4f,
    0xf8, 0x6f, 0xff, 0xff, 0xf9, 0x00, 0x00, 0x00, 0x4f, 0xf9, 0xff, 0xbb, 0xef, 0xff, 0x80, 0x00,
    0x00, 0x4f, 0xfd, 0xc1, 0x00, 0x19, 0xff, 0xe1, 0x00, 0x00, 0x4f, 0xfe, 0x10, 0x00, 0x00, 0xdf,
    0xf4, 0x00, 0x00, 0x4f, 0xfb, 0x00, 0x00, 0x00, 0x9f, 0xf8, 0x00, 0x00, 0x4f, 0xf8, 0x00, 0x00,
    0x00, 0x8f, 0xf8, 0x00, 0x00, 0x4f, 0xf8, 0x00, 0x00, 0x00, 0x8f, 0xf8, 0x00, 0x00, 0x4f, 0xf8,
    0x00, 0x00, 0x00, 0x8f, 0xf8, 0x00, 0x00, 0x4f, 0xf8, 0x00, 0x00, 0x00, 0x8f, 0xf8, 0x00, 0x00,
    0x4f, 0xf8, 0x00, 0x00, 0x00, 0x8f, 0xf8, 0x00, 0x00, 0x4f, 0xf8, 0x00, 0x00, 0x00, 0x8f, 0xf8,
    0x00, 0x00, 0x4f, 0xf8, 0x00, 0x00, 0x00, 0x8f, 0xf8, 0x00, 0x00, 0x4f, 0xf8, 0x00, 0x00, 0x00,
    0x8f, 0xf8, 0x00, 0x00, 0x4f, 0xf8, 0x00, 0x00, 0x00, 0x8f, 0xf8, 0x00, 0x00, 0x4f, 0xf8, 0x00,
    0x00, 0x00, 0x8f, 0xf8, 0x00, 0x00, 0x4f, 0xf8, 0x00, 0x00, 0x00, 0x8f, 0xf8, 0x00, 0x4f, 0xfb,
    0x00, 0x00, 0x00, 0xbf, 0xf4, 0x00, 0x00, 0x4f, 0xfb, 0x00, 0x00, 0x00, 0xbf, 0xf4, 0x00, 0x00,
    0x4f, 0xfb, 0x00, 0x00, 0x00, 0xbf, 0xf4, 0x00, 0x00, 0x4f, 0xfb, 0x00, 0x00, 0x00, 0xbf, 0xf4,
    0x00, 0xbf, 0xff, 0xff, 0xff, 0xff, 0xff, 0xff, 0xff, 0xfb, 0xbf, 0xff, 0xff, 0xff, 0xff, 0xff,
    0xff, 0xff, 0xfb, 0x34, 0x7f, 0xfc, 0x44, 0x44, 0x44, 0xcf, 0xf7, 0x43, 0x00, 0x4f, 0xfb, 0x00,
    0x00, 0x00, 0xbf, 0xf4, 0x00, 0x00, 0x4f, 0xfb, 0x00, 0x00, 0x00, 0xbf, 0xf4, 0x00, 0x00, 0x4f,
    0xfe, 0xbb, 0xbb, 0xbb, 0xef, 0xf4, 0x00, 0x00, 0x4f, 0xff, 0xff, 0xff, 0xff, 0xff, 0xf4, 0x00,
    0x00, 0x4f, 0xff, 0xff, 0xff, 0xff, 0xff, 0xf4, 0x00, 0x00, 0x4f, 0xfb, 0x00, 0x00, 0x00, 0xbf,
    0xf4, 0x00, 0x00, 0x4f, 0xfb, 0x00, 0x00, 0x00, 0xbf, 0xf4, 0x00, 0x00, 0x4f, 0xfb, 0x00, 0x00,
    0x00, 0xbf, 0xf4, 0x00, 0x00, 0x4f, 0xfb, 0x00, 0x00, 0x00, 0xbf, 0xf4, 0x00, 0x00, 0x4f, 0xfb,
    0x00, 0x00, 0x00, 0xbf, 0xf4, 0x00, 0x00, 0x4f, 0xfb, 0x00, 0x00, 0x00, 0xbf, 0xf4, 0x00, 0x00,
    0x4f, 0xfb, 0x00, 0x00, 0x00, 0xbf, 0xf4, 0x00, 0x00, 0x4f, 0xfb, 0x00, 0x00, 0x00, 0xbf, 0xf4,
    0x00, 0x00, 0x4f, 0xfb, 0x00, 0x00, 0x00, 0xbf, 0xf4, 0x00, 0x00, 0x4f, 0xfb, 0x00, 0x00, 0x00,
    0xbf, 0xf4, 0x00, 0x00, 0x4f, 0xf8, 0x00, 0x00, 0x00, 0x00, 0x00, 0x00, 0x4f, 0xf8, 0x00, 0x00,
    0x00, 0x00, 0x00, 0x44, 0x7f, 0xf9, 0x44, 0x44, 0x20, 0x00, 0x00, 0xff, 0xff, 0xff, 0xff, 0xff,
    0x80, 0x00, 0x00, 0xff, 0xff, 0xff, 0xff, 0xff, 0x80, 0x00, 0x00, 0x00, 0x4f, 0xf8, 0x00, 0x00,
    0x00, 0x00, 0x00, 0x00, 0x4f, 0xf8, 0x00, 0x00, 0x00, 0x00, 0x00, 0x00, 0x4f, 0xf8, 0x06, 0xcf,
    0xfc, 0x81, 0x00, 0x00, 0x4f, 0xf8, 0x8f, 0xff, 0xff, 0xfc, 0x10, 0x00, 0x4f, 0xf9, 0xfd, 0x88,
    0xcf, 0xff, 0x90, 0x00, 0x4f, 0xfd, 0x90, 0x00, 0x07, 0xff, 0xf1, 0x00, 0x4f, 0xfe, 0x00, 0x00,
    0x00, 0xcf, 0xf4, 0x00, 0x4f, 0xfb, 0x00, 0x00, 0x00, 0x8f, 0xf8, 0x00, 0x4f, 0xf8, 0x00, 0x00,
    0x00, 0x8f, 0xf8, 0x00, 0x4f, 0xf8, 0x00, 0x00, 0x00, 0x8f, 0xf8, 0x00, 0x4f, 0xf8, 0x00, 0x00,
    0x00, 0x8f, 0xf8, 0x00, 0x4f, 0xf8, 0x00, 0x00, 0x00, 0x8f, 0xf8, 0x00, 0x4f, 0xf8, 0x00, 0x00,
    0x00, 0x8f, 0xf8, 0x00, 0x4f, 0xf8, 0x00, 0x00, 0x00, 0x8f, 0xf8, 0x00, 0x4f, 0xf8, 0x00, 0x00,
    0x00, 0x8f, 0xf8, 0x00, 0x4f, 0xf8, 0x00, 0x00, 0x00, 0x8f, 0xf8, 0x00, 0x4f, 0xf8, 0x00, 0x00,
    0x00, 0x8f, 0xf8, 0x00, 0x26, 0x61, 0x00, 0x14, 0x40, 0x04, 0xef, 0xfe, 0x30, 0x4f, 0xf0, 0x0b,
    0xfb, 0x9f, 0xe8, 0x9f, 0xb0, 0x0e, 0xf4, 0x06, 0xff, 0xff, 0x50, 0x08, 0x82, 0x00, 0x48, 0x84,
    0x00, 0x00, 0x00, 0x00, 0x00, 0x00, 0x00, 0x00, 0x00, 0x00, 0x00, 0x00, 0x00, 0xff, 0xff, 0xff,
    0xff, 0xff, 0xff, 0xff, 0xff, 0xff, 0xff, 0xff, 0xff, 0xbb, 0xbb, 0xdf, 0xfd, 0xbb, 0xbb, 0x00,
    0x00, 0x8f, 0xf8, 0x00, 0x00, 0x00, 0x00, 0x8f, 0xf8, 0x00, 0x00, 0x00, 0x00, 0x8f, 0xf8, 0x00,
    0x00, 0x00, 0x00, 0x8f, 0xf8, 0x00, 0x00, 0x00, 0x00, 0x8f, 0xf8, 0x00, 0x00, 0x00, 0x00, 0x8f,
    0xf8, 0x00, 0x00, 0x00, 0x00, 0x8f, 0xf8, 0x00, 0x00, 0x00, 0x00, 0x8f, 0xf8, 0x00, 0x00, 0x00,
    0x00, 0x8f, 0xf8, 0x00, 0x00, 0x00, 0x00, 0x8f, 0xf8, 0x00, 0x00, 0x00, 0x00, 0x8f, 0xf8, 0x00,
    0x00, 0x00, 0x00, 0x8f, 0xf8, 0x00, 0x00, 0x00, 0x00, 0x8f, 0xf8, 0x00, 0x00, 0x00, 0x00, 0x8f,
    0xf8, 0x00, 0x00, 0x00, 0x00, 0x8f, 0xf8, 0x00, 0x00, 0x00, 0x00, 0x8f, 0xf8, 0x00, 0x00, 0xbb,
    0xbb, 0xdf, 0xfd, 0xbb, 0xbb, 0xff, 0xff, 0xff, 0xff, 0xff, 0xff, 0xff, 0xff, 0xff, 0xff, 0xff,
    0xff, 0x00, 0x00, 0x68, 0x50, 0x00, 0x34, 0x10, 0x00, 0x00, 0xcf, 0xff, 0x90, 0x0b, 0xf4, 0x00,
    0x00, 0x4f, 0xe8, 0xdf, 0xc8, 0xef, 0x40, 0x00, 0x08, 0xfb, 0x01, 0xcf, 0xff, 0xc0, 0x00, 0x00,
    0x48, 0x60, 0x01, 0x78, 0x71, 0x00, 0x00, 0x00, 0x00, 0x00, 0x00, 0x00, 0x00, 0x00, 0x00, 0x00,
    0x00, 0x00, 0x00, 0x00, 0x00, 0x00, 0x88, 0x88, 0x88, 0x88, 0x20, 0x00, 0x00, 0x0f, 0xff, 0xff,
    0xff, 0xf4, 0x00, 0x00, 0x00, 0xff, 0xff, 0xff, 0xff, 0x40, 0x00, 0x00, 0x04, 0x44, 0x44, 0xcf,
    0xf4, 0x00, 0x00, 0x00, 0x00, 0x00, 0x0b, 0xff, 0x40, 0x00, 0x00, 0x00, 0x00, 0x00, 0xbf, 0xf4,
    0x00, 0x00, 0x00, 0x00, 0x00, 0x0b, 0xff, 0x40, 0x00, 0x00, 0x00, 0x00, 0x00, 0xbf, 0xf4, 0x00,
    0x00, 0x00, 0x00, 0x00, 0x0b, 0xff, 0x40, 0x00, 0x00, 0x00, 0x00, 0x00, 0xbf, 0xf4, 0x00, 0x00,
    0x00, 0x00, 0x00, 0x0b, 0xff, 0x40, 0x00, 0x00, 0x00, 0x00, 0x00, 0xbf, 0xf4, 0x00, 0x00, 0x00,
    0x00, 0x00, 0x0b, 0xff, 0x40, 0x00, 0x00, 0x00, 0x00, 0x00, 0xbf, 0xf4, 0x00, 0x00, 0x06, 0xbb,
    0xbb, 0xbe, 0xff, 0xcb, 0xbb, 0xb8, 0x8f, 0xff, 0xff, 0xff, 0xff, 0xff, 0xff, 0xb8, 0xff, 0xff,
    0xff, 0xff, 0xff, 0xff, 0xfb, 0x08, 0x88, 0x88, 0x88, 0x88, 0x80, 0x0f, 0xff, 0xff, 0xff, 0xff,
    0xf0, 0x0f, 0xff, 0xff, 0xff, 0xff, 0xf0, 0x00, 0x00, 0x00, 0x00, 0x00, 0x00, 0x00, 0x00, 0x00,
    0x00, 0x00, 0x00, 0x00, 0x00, 0x00, 0x00, 0x00, 0x00, 0xff, 0xff, 0xff, 0xff, 0xff, 0xff, 0xff,
    0xff, 0xff, 0xff, 0xff, 0xff, 0xbb, 0xbb, 0xdf, 0xfd, 0xbb, 0xbb, 0x00, 0x00, 0x8f, 0xf8, 0x00,
    0x00, 0x00, 0x00, 0x8f, 0xf8, 0x00, 0x00, 0x00, 0x00, 0x8f, 0xf8, 0x00, 0x00, 0x00, 0x00, 0x8f,
    0xf8, 0x00, 0x00, 0x00, 0x00, 0x8f, 0xf8, 0x00, 0x00, 0x00, 0x00, 0x8f, 0xf8, 0x00, 0x00, 0x00,
    0x00, 0x8f, 0xf8, 0x00, 0x00, 0x00, 0x00, 0x8f, 0xf8, 0x00, 0x00, 0x00, 0x00, 0x8f, 0xf8, 0x00,
    0x00, 0x00, 0x00, 0x8f, 0xf8, 0x00, 0x00, 0x00, 0x00, 0x8f, 0xf8, 0x00, 0x00, 0x00, 0x00, 0x8f,
    0xf8, 0x00, 0x00, 0x00, 0x00, 0x8f, 0xf8, 0x00, 0x00, 0x00, 0x00, 0x8f, 0xf8, 0x00, 0x00, 0x00,
    0x00, 0x8f, 0xf8, 0x00, 0x00, 0x00, 0x00, 0x8f, 0xf8, 0x00, 0x00, 0xbb, 0xbb, 0xdf, 0xfd, 0xbb,
    0xbb, 0xff, 0xff, 0xff, 0xff, 0xff, 0xff, 0xff, 0xff, 0xff, 0xff, 0xff, 0xff, 0x00, 0x48, 0x88,
    0x88, 0x88, 0x88, 0x20, 0x00, 0x08, 0xff, 0xff, 0xff, 0xff, 0xf4, 0x00, 0x00, 0x8f, 0xff, 0xff,
    0xff, 0xff, 0x40, 0x00, 0x00, 0x00, 0x00, 0x00, 0x00, 0x00, 0x00, 0x00, 0x00, 0x00, 0x00, 0x00,
    0x00, 0x00, 0x00, 0x00, 0x00, 0x00, 0x00, 0x00, 0x00, 0x00, 0x08, 0x88, 0x88, 0x88, 0x82, 0x00,
    0x00, 0x00, 0xff, 0xff, 0xff, 0xff, 0x40, 0x00, 0x00, 0x0f, 0xff, 0xff, 0xff, 0xf4, 0x00, 0x00,
    0x00, 0x44, 0x44, 0x4c, 0xff, 0x40, 0x00, 0x00, 0x00, 0x00, 0x00, 0xbf, 0xf4, 0x00, 0x00, 0x00,
    0x00, 0x00, 0x0b, 0xff, 0x40, 0x00, 0x00, 0x00, 0x00, 0x00, 0xbf, 0xf4, 0x00, 0x00, 0x00, 0x00,
    0x00, 0x0b, 0xff, 0x40, 0x00, 0x00, 0x00, 0x00, 0x00, 0xbf, 0xf4, 0x00, 0x00, 0x00, 0x00, 0x00,
    0x0b, 0xff, 0x40, 0x00, 0x00, 0x00, 0x00, 0x00, 0xbf, 0xf4, 0x00, 0x00, 0x00, 0x00, 0x00, 0x0b,
    0xff, 0x40, 0x00, 0x00, 0x00, 0x00, 0x00, 0xbf, 0xf4, 0x00, 0x00, 0x00, 0x00, 0x00, 0x0b, 0xff,
    0x40, 0x00, 0x00, 0x6b, 0xbb, 0xbb, 0xef, 0xfc, 0xbb, 0xbb, 0x88, 0xff, 0xff, 0xff, 0xff, 0xff,
    0xff, 0xfb, 0x8f, 0xff, 0xff, 0xff, 0xff, 0xff, 0xff, 0xb0, 0x08, 0x84, 0x00, 0x00, 0x48, 0x80,
    0x0c, 0xf9, 0x00, 0x00, 0x9f, 0xc0, 0x08, 0xff, 0x70, 0x17, 0xff, 0x80, 0x00, 0xbf, 0xff, 0xff,
    0xfb, 0x00, 0x00, 0x06, 0xac, 0xca, 0x60, 0x00, 0x00, 0x00, 0x00, 0x00, 0x00, 0x00, 0x00, 0x00,
    0x00, 0x00, 0x00, 0x00, 0xff, 0xff, 0xff, 0xff, 0xff, 0xff, 0xff, 0xff, 0xff, 0xff, 0xff, 0xff,
    0xbb, 0xbb, 0xdf, 0xfd, 0xbb, 0xbb, 0x00, 0x00, 0x8f, 0xf8, 0x00, 0x00, 0x00, 0x00, 0x8f, 0xf8,
    0x00, 0x00, 0x00, 0x00, 0x8f, 0xf8, 0x00, 0x00, 0x00, 0x00, 0x8f, 0xf8, 0x00, 0x00, 0x00, 0x00,
    0x8f, 0xf8, 0x00, 0x00, 0x00, 0x00, 0x8f, 0xf8, 0x00, 0x00, 0x00, 0x00, 0x8f, 0xf8, 0x00, 0x00,
    0x00, 0x00, 0x8f, 0xf8, 0x00, 0x00, 0x00, 0x00, 0x8f, 0xf8, 0x00, 0x00, 0x00, 0x00, 0x8f, 0xf8,
    0x00, 0x00, 0x00, 0x00, 0x8f, 0xf8, 0x00, 0x00, 0x00, 0x00, 0x8f, 0xf8, 0x00, 0x00, 0x00, 0x00,
    0x8f, 0xf8, 0x00, 0x00, 0x00, 0x00, 0x8f, 0xf8, 0x00, 0x00, 0x00, 0x00, 0x8f, 0xf8, 0x00, 0x00,
    0x00, 0x00, 0x8f, 0xf8, 0x00, 0x00, 0xbb, 0xbb, 0xdf, 0xfd, 0xbb, 0xbb, 0xff, 0xff, 0xff, 0xff,
    0xff, 0xff, 0xff, 0xff, 0xff, 0xff, 0xff, 0xff, 0x00, 0x48, 0x80, 0x00, 0x00, 0x88, 0x40, 0x00,
    0x05, 0xff, 0x20, 0x00, 0x2f, 0xf4, 0x00, 0x00, 0x1e, 0xfc, 0x30, 0x5c, 0xfd, 0x00, 0x00, 0x00,
    0x3e, 0xff, 0xff, 0xfe, 0x30, 0x00, 0x00, 0x00, 0x28, 0xbb, 0xb8, 0x10, 0x00, 0x00, 0x00, 0x00,
    0x00, 0x00, 0x00, 0x00, 0x00, 0x00, 0x00, 0x00, 0x00, 0x00, 0x00, 0x00, 0x00, 0x88, 0x88, 0x88,
    0x88, 0x20, 0x00, 0x00, 0x0f, 0xff, 0xff, 0xff, 0xf4, 0x00, 0x00, 0x00, 0xff, 0xff, 0xff, 0xff,
    0x40, 0x00, 0x00, 0x04, 0x44, 0x44, 0xcf, 0xf4, 0x00, 0x00, 0x00, 0x00, 0x00, 0x0b, 0xff, 0x40,
    0x00, 0x00, 0x00, 0x00, 0x00, 0xbf, 0xf4, 0x00, 0x00, 0x00, 0x00, 0x00, 0x0b, 0xff, 0x40, 0x00,
    0x00, 0x00, 0x00, 0x00, 0xbf, 0xf4, 0x00, 0x00, 0x00, 0x00, 0x00, 0x0b, 0xff, 0x40, 0x00, 0x00,
    0x00, 0x00, 0x00, 0xbf, 0xf4, 0x00, 0x00, 0x00, 0x00, 0x00, 0x0b, 0xff, 0x40, 0x00, 0x00, 0x00,
    0x00, 0x00, 0xbf, 0xf4, 0x00, 0x00, 0x00, 0x00, 0x00, 0x0b, 0xff, 0x40, 0x00, 0x00, 0x00, 0x00,
    0x00, 0xbf, 0xf4, 0x00, 0x00, 0x06, 0xbb, 0xbb, 0xbe, 0xff, 0xcb, 0xbb, 0xb8, 0x8f, 0xff, 0xff,
    0xff, 0xff, 0xff, 0xff, 0xb8, 0xff, 0xff, 0xff, 0xff, 0xff, 0xff, 0xfb, 0xff, 0xff, 0xff, 0xff,
    0xff, 0xff, 0xff, 0xff, 0xff, 0xff, 0xff, 0xff, 0xbb, 0xbb, 0xdf, 0xfd, 0xbb, 0xbb, 0x00, 0x00,
    0x8f, 0xf8, 0x00, 0x00, 0x00, 0x00, 0x8f, 0xf8, 0x00, 0x00, 0x00, 0x00, 0x8f, 0xf8, 0x00, 0x00,
    0x00, 0x00, 0x8f, 0xf8, 0x00, 0x00, 0x00, 0x00, 0x8f, 0xf8, 0x00, 0x00, 0x00, 0x00, 0x8f, 0xf8,
    0x00, 0x00, 0x00, 0x00, 0x8f, 0xf8, 0x00, 0x00, 0x00, 0x00, 0x8f, 0xf8, 0x00, 0x00, 0x00, 0x00,
    0x8f, 0xf8, 0x00, 0x00, 0x00, 0x00, 0x8f, 0xf8, 0x00, 0x00, 0x00, 0x00, 0x8f, 0xf8, 0x00, 0x00,
    0x00, 0x00, 0x8f, 0xf8, 0x00, 0x00, 0x00, 0x00, 0x8f, 0xf8, 0x00, 0x00, 0x00, 0x00, 0x8f, 0xf8,
    0x00, 0x00, 0x00, 0x00, 0x8f, 0xf8, 0x00, 0x00, 0x00, 0x00, 0x8f, 0xf8, 0x00, 0x00, 0xbb, 0xbb,
    0xdf, 0xfd, 0xbb, 0xbb, 0xff, 0xff, 0xff, 0xff, 0xff, 0xff, 0xff, 0xff, 0xff, 0xff, 0xff, 0xff,
    0x00, 0x01, 0xcf, 0x80, 0x00, 0x00, 0x00, 0x1c, 0xfa, 0x00, 0x00, 0x00, 0x00, 0x6f, 0xf4, 0x00,
    0x00, 0x00, 0x00, 0x8f, 0xf7, 0x00, 0x00, 0x00, 0x00, 0x4f, 0xff, 0xcb, 0x80, 0x00, 0x00, 0x06,
    0xef, 0xff, 0xb0, 0x00, 0x00, 0x00, 0x03, 0x44, 0x30, 0x00, 0x00, 0x00, 0x00, 0x34, 0x30, 0x00,
    0x00, 0x00, 0x00, 0x00, 0x5f, 0xff, 0x50, 0x00, 0x00, 0x00, 0x00, 0x0b, 0xff, 0xfb, 0x00, 0x00,
    0x00, 0x00, 0x00, 0x8f, 0xff, 0x80, 0x00, 0x00, 0x00, 0x00, 0x00, 0x78, 0x60, 0x00, 0x00, 0x00,
    0x00, 0x00, 0x00, 0x00, 0x00, 0x00, 0x00, 0x00, 0x00, 0x00, 0x00, 0x00, 0x00, 0x00, 0x00, 0x88,
    0x88, 0x88, 0x88, 0x20, 0x00, 0x00, 0x0f, 0xff, 0xff, 0xff, 0xf4, 0x00, 0x00, 0x00, 0xff, 0xff,
    0xff, 0xff, 0x40, 0x00, 0x00, 0x04, 0x44, 0x44, 0xcf, 0xf4, 0x00, 0x00, 0x00, 0x00, 0x00, 0x0b,
    0xff, 0x40, 0x00, 0x00, 0x00, 0x00, 0x00, 0xbf, 0xf4, 0x00, 0x00, 0x00, 0x00, 0x00, 0x0b, 0xff,
    0x40, 0x00, 0x00, 0x00, 0x00, 0x00, 0xbf, 0xf4, 0x00, 0x00, 0x00, 0x00, 0x00, 0x0b, 0xff, 0x40,
    0x00, 0x00, 0x00, 0x00, 0x00, 0xbf, 0xf4, 0x00, 0x00, 0x00, 0x00, 0x00, 0x0b, 0xff, 0x40, 0x00,
    0x00, 0x00, 0x00, 0x00, 0xbf, 0xf4, 0x00, 0x00, 0x00, 0x00, 0x00, 0x0b, 0xff, 0x40, 0x00, 0x00,
    0x00, 0x00, 0x00, 0xbf, 0xf4, 0x00, 0x00, 0x06, 0xbb, 0xbb, 0xbe, 0xff, 0xcb, 0xbb, 0xb8, 0x8f,
    0xff, 0xff, 0xff, 0xff, 0xff, 0xff, 0xb8, 0xff, 0xff, 0xff, 0xff, 0xff, 0xff, 0xfb, 0x00, 0x00,
    0x07, 0xfc, 0x20, 0x00, 0x00, 0x00, 0x00, 0x06, 0xff, 0x30, 0x00, 0x00, 0x00, 0x00, 0x00, 0xef,
    0xb0, 0x00, 0x00, 0x00, 0x00, 0x00, 0x0f, 0xfd, 0x10, 0x00, 0x00, 0x00, 0x00, 0x00, 0xbf, 0xfe,
    0xbb, 0x00, 0x00, 0x00, 0x00, 0x01, 0xbf, 0xff, 0xf0, 0x00, 0x00, 0x00, 0x00, 0x00, 0x14, 0x44,
    0x00, 0x00, 0x00, 0x00, 0x00, 0x15, 0x51, 0x00, 0x00, 0x00, 0x00, 0xcf, 0xfc, 0x00, 0x00, 0x00,
    0x04, 0xff, 0xff, 0x40, 0x00, 0x00, 0x01, 0xef, 0xfe, 0x10, 0x00, 0x00, 0x00, 0x28, 0x82, 0x00,
    0x00, 0x00, 0x00, 0x00, 0x00, 0x00, 0x00, 0x00, 0x00, 0x00, 0x00, 0x00, 0x00, 0xff, 0xff, 0xff,
    0xff, 0xff, 0xff, 0xff, 0xff, 0xff, 0xff, 0xff, 0xff, 0xbb, 0xbb, 0xdf, 0xfd, 0xbb, 0xbb, 0x00,
    0x00, 0x8f, 0xf8, 0x00, 0x00, 0x00, 0x00, 0x8f, 0xf8, 0x00, 0x00, 0x00, 0x00, 0x8f, 0xf8, 0x00,
    0x00, 0x00, 0x00, 0x8f, 0xf8, 0x00, 0x00, 0x00, 0x00, 0x8f, 0xf8, 0x00, 0x00, 0x00, 0x00, 0x8f,
    0xf8, 0x00, 0x00, 0x00, 0x00, 0x8f, 0xf8, 0x00, 0x00, 0x00, 0x00, 0x8f, 0xf8, 0x00, 0x00, 0x00,
    0x00, 0x8f, 0xf8, 0x00, 0x00, 0x00, 0x00, 0x8f, 0xf8, 0x00, 0x00, 0x00, 0x00, 0x8f, 0xf8, 0x00,
    0x00, 0x00, 0x00, 0x8f, 0xf8, 0x00, 0x00, 0x00, 0x00, 0x8f, 0xf8, 0x00, 0x00, 0x00, 0x00, 0x8f,
    0xf8, 0x00, 0x00, 0x00, 0x00, 0x8f, 0xf8, 0x00, 0x00, 0x00, 0x00, 0x8f, 0xf8, 0x00, 0x00, 0xbb,
    0xbb, 0xdf, 0xfd, 0xbb, 0xbb, 0xff, 0xff, 0xff, 0xff, 0xff, 0xff, 0xff, 0xff, 0xff, 0xff, 0xff,
    0xff, 0x08, 0x88, 0x88, 0x88, 0x82, 0x00, 0x00, 0x00, 0xff, 0xff, 0xff, 0xff, 0x40, 0x00, 0x00,
    0x0f, 0xff, 0xff, 0xff, 0xf4, 0x00, 0x00, 0x00, 0x44, 0x44, 0x4c, 0xff, 0x40, 0x00, 0x00, 0x00,
    0x00, 0x00, 0xbf, 0xf4, 0x00, 0x00, 0x00, 0x00, 0x00, 0x0b, 0xff, 0x40, 0x00, 0x00, 0x00, 0x00,
    0x00, 0xbf, 0xf4, 0x00, 0x00, 0x00, 0x00, 0x00, 0x0b, 0xff, 0x40, 0x00, 0x00, 0x00, 0x00, 0x00,
    0xbf, 0xf4, 0x00, 0x00, 0x00, 0x00, 0x00, 0x0b, 0xff, 0x40, 0x00, 0x00, 0x00, 0x00, 0x00, 0xbf,
    0xf4, 0x00, 0x00, 0x00, 0x00, 0x00, 0x0b, 0xff, 0x40, 0x00, 0x00, 0x00, 0x00, 0x00, 0xbf, 0xf4,
    0x00, 0x00, 0x00, 0x00, 0x00, 0x0b, 0xff, 0x40, 0x00, 0x00, 0x6b, 0xbb, 0xbb, 0xef, 0xfc, 0xbb,
    0xbb, 0x88, 0xff, 0xff, 0xff, 0xff, 0xff, 0xff, 0xfb, 0x8f, 0xff, 0xff, 0xff, 0xff, 0xff, 0xff,
    0xb0, 0x3b, 0xb6, 0x00, 0x00, 0x00, 0x00, 0x00, 0x00, 0x03, 0xbb, 0x64, 0xff, 0x80, 0x00, 0x00,
    0x00, 0x00, 0x00, 0x00, 0x4f, 0xf8, 0x4f, 0xf8, 0x00, 0x00, 0x00, 0x00, 0x00, 0x00, 0x04, 0xff,
    0x84, 0xff, 0x80, 0x00, 0x00, 0x00, 0x00, 0x00, 0x00, 0x4f, 0xf8, 0x4f, 0xf8, 0x00, 0x00, 0x00,
    0x00, 0x00, 0x00, 0x04, 0xff, 0x84, 0xff, 0x80, 0x00, 0x00, 0x00, 0x00, 0x00, 0x00, 0x4f, 0xf8,
    0x4f, 0xf8, 0x00, 0x00, 0x00, 0x00, 0x00, 0x00, 0x04, 0xff, 0x84, 0xff, 0x80, 0x00, 0x00, 0x00,
    0x00, 0x00, 0x00, 0x4f, 0xf8, 0x4f, 0xf8, 0x00, 0x00, 0x00, 0x00, 0x00, 0x00, 0x04, 0xff, 0x84,
    0xff, 0x80, 0x00, 0x00, 0x00, 0x00, 0x00, 0x00, 0x4f, 0xf8, 0x4f, 0xf8, 0x00, 0x00, 0x00, 0x00,
    0x00, 0x00, 0x04, 0xff, 0x84, 0xff, 0x80, 0x00, 0x00, 0x00, 0x00, 0x00, 0x00, 0x4f, 0xf8, 0x4f,
    0xf8, 0x00, 0x00, 0x00, 0x00, 0x00, 0x00, 0x04, 0xff, 0x84, 0xff, 0x80, 0x00, 0x00, 0x00, 0x00,
    0x00, 0x00, 0x4f, 0xf8, 0x4f, 0xf8, 0x00, 0x04, 0x88, 0x20, 0x00, 0x00, 0x04, 0xff, 0x84, 0xff,
    0x80, 0x00, 0x8f, 0xf4, 0x00, 0x00, 0x00, 0x4f, 0xf8, 0x4f, 0xf8, 0x00, 0x08, 0xff, 0x50, 0x00,
    0x00, 0x04, 0xff, 0x84, 0xff, 0x80, 0x00, 0x5f, 0xf8, 0x00, 0x00, 0x00, 0x8f, 0xf6, 0x4f, 0xf8,
    0x00, 0x01, 0xff, 0xe3, 0x00, 0x00, 0x1e, 0xff, 0x24, 0xff, 0x80, 0x00, 0x08, 0xff, 0xe7, 0x44,
    0x6e, 0xff, 0x80, 0x4f, 0xf8, 0x00, 0x00, 0x0a, 0xff, 0xff, 0xff, 0xff, 0xc1, 0x04, 0xff, 0x80,
    0x00, 0x00, 0x07, 0xdf, 0xff, 0xfe, 0x80, 0x00, 0x00, 0x00, 0x00, 0x00, 0x00, 0x00, 0x34, 0x43,
    0x00, 0x00, 0x00, 0x03, 0x85, 0x00, 0x00, 0x18, 0x70, 0x1e, 0xff, 0x50, 0x00, 0xbf, 0xf8, 0x3f,
    0xff, 0x70, 0x00, 0xef, 0xfa, 0x08, 0xeb, 0x10, 0x00, 0x6d, 0xd3, 0x00, 0x00, 0x00, 0x00, 0x00,
    0x00, 0x00, 0x00, 0x00, 0x00, 0x00, 0x00, 0x06, 0x88, 0x00, 0x00, 0x48, 0x82, 0x0b, 0xff, 0x00,
    0x00, 0x8f, 0xf4, 0x0b, 0xff, 0x00, 0x00, 0x8f, 0xf4, 0x0b, 0xff, 0x00, 0x00, 0x8f, 0xf4, 0x0b,
    0xff, 0x00, 0x00, 0x8f, 0xf4, 0x0b, 0xff, 0x00, 0x00, 0x8f, 0xf4, 0x0b, 0xff, 0x00, 0x00, 0x8f,
    0xf4, 0x0b, 0xff, 0x00, 0x00, 0x8f, 0xf4, 0x0b, 0xff, 0x00, 0x00, 0x8f, 0xf4, 0x0b, 0xff, 0x00,
    0x00, 0x8f, 0xf4, 0x0b, 0xff, 0x00, 0x00, 0x8f, 0xf4, 0x0b, 0xff, 0x00, 0x00, 0x8f, 0xf4, 0x0b,
    0xff, 0x00, 0x00, 0x8f, 0xf4, 0x0b, 0xff, 0x00, 0x00, 0x8f, 0xf4, 0x0b, 0xff, 0x00, 0x00, 0x8f,
    0xf4, 0x0b, 0xff, 0x00, 0x00, 0x8f, 0xf4, 0x0b, 0xff, 0x00, 0x00, 0x8f, 0xf4, 0x00, 0x00, 0x00,
    0x00, 0x8f, 0xf4, 0x00, 0x00, 0x00, 0x00, 0x8f, 0xf4, 0x00, 0x00, 0x00, 0x00, 0x9f, 0xf2, 0x00,
    0x00, 0x00, 0x48, 0xff, 0xd0, 0x00, 0x00, 0x00, 0xff, 0xff, 0x40, 0x00, 0x00, 0x00, 0xff, 0xc4,
    0x00, 0x00, 0x00, 0x00, 0x00, 0x00, 0x00, 0x00, 0x00, 0x00, 0x00, 0x00, 0x18, 0x88, 0x10, 0x00,
    0x00, 0x00, 0x00, 0x00, 0x00, 0x1c, 0xff, 0xfc, 0x10, 0x00, 0x00, 0x00, 0x00, 0x00, 0x1c, 0xff,
    0x9f, 0xfc, 0x10, 0x00, 0x00, 0x00, 0x00, 0x1c, 0xff, 0x60, 0x6f, 0xfc, 0x10, 0x00, 0x00, 0x00,
    0x08, 0xbb, 0x60, 0x00, 0x6b, 0xb8, 0x00, 0x00, 0x00, 0x00, 0x00, 0x00, 0x00, 0x00, 0x00, 0x00,
    0x00, 0x00, 0x00, 0x00, 0x00, 0x00, 0x00, 0x00, 0x00, 0x00, 0x00, 0x00, 0x00, 0x00, 0x00, 0xff,
    0xf0, 0x00, 0x00, 0x00, 0x00, 0x00, 0x00, 0x00, 0x0f, 0xff, 0x00, 0x00, 0x00, 0x00, 0x00, 0x00,
    0x00, 0x00, 0xff, 0xf0, 0x00, 0x00, 0x00, 0x00, 0x00, 0x00, 0x00, 0x0f, 0xff, 0x00, 0x00, 0x00,
    0x00, 0x00, 0x00, 0x00, 0x00, 0xff, 0xf0, 0x00, 0x00, 0x00, 0x00, 0x00, 0x00, 0x00, 0x0f, 0xff,
    0x00, 0x00, 0x00, 0x00, 0x00, 0x00, 0x00, 0x00, 0xff, 0xf0, 0x00, 0x00, 0x00, 0x00, 0x00, 0x00,
    0x00, 0x0f, 0xff, 0x00, 0x00, 0x00, 0x00, 0x00, 0x00, 0x00, 0x00, 0xff, 0xf0, 0x00, 0x00, 0x00,
    0x00, 0x00, 0x00, 0x00, 0x0f, 0xff, 0x00, 0x00, 0x00, 0x00, 0x00, 0x00, 0x00, 0x00, 0xff, 0xf0,
    0x00, 0x00, 0x00, 0x00, 0x00, 0x00, 0x00, 0x0f, 0xff, 0x00, 0x00, 0x00, 0x00, 0x00, 0x00, 0x00,
    0x00, 0xff, 0xf0, 0x00, 0x00, 0x00, 0x00, 0x00, 0x00, 0x00, 0x0f, 0xff, 0x00, 0x00, 0x00, 0x00,
    0x00, 0x00, 0x00, 0x00, 0xff, 0xf0, 0x00, 0x00, 0x34, 0x41, 0x00, 0x00, 0x00, 0x0f, 0xff, 0x00,
    0x00, 0x0b, 0xff, 0x40, 0x00, 0x00, 0x01, 0xff, 0xf0, 0x00, 0x00, 0x8f, 0xf8, 0x00, 0x00, 0x00,
    0x5f, 0xfb, 0x00, 0x00, 0x04, 0xff, 0xe3, 0x00, 0x00, 0x1d, 0xff, 0x70, 0x00, 0x00, 0x0b, 0xff,
    0xf9, 0x65, 0x8e, 0xff, 0xd1, 0x00, 0x00, 0x00, 0x1c, 0xff, 0xff, 0xff, 0xff, 0xe3, 0x00, 0x00,
    0x00, 0x00, 0x18, 0xef, 0xff, 0xff, 0x91, 0x00, 0x00, 0x00, 0x00, 0x00, 0x00, 0x34, 0x44, 0x00,
    0x00, 0x00, 0x00, 0x00, 0x00, 0x00, 0x00, 0x01, 0x88, 0x81, 0x00, 0x00, 0x00, 0x00, 0x00, 0x1c,
    0xff, 0xfc, 0x10, 0x00, 0x00, 0x00, 0x01, 0xcf, 0xf9, 0xff, 0xc1, 0x00, 0x00, 0x00, 0x1c, 0xff,
    0x60, 0x6f, 0xfc, 0x10, 0x00, 0x00, 0x8b, 0xb6, 0x00, 0x06, 0xbb, 0x80, 0x00, 0x00, 0x00, 0x00,
    0x00, 0x00, 0x00, 0x00, 0x00, 0x00, 0x00, 0x00, 0x00, 0x00, 0x00, 0x00, 0x48, 0x88, 0x88, 0x88,
    0x88, 0x82, 0x00, 0x00, 0x8f, 0xff, 0xff, 0xff, 0xff, 0xf4, 0x00, 0x00, 0x8f, 0xff, 0xff, 0xff,
    0xff, 0xf4, 0x00, 0x00, 0x24, 0x44, 0x44, 0x44, 0xcf, 0xf4, 0x00, 0x00, 0x00, 0x00, 0x00, 0x00,
    0xbf, 0xf4, 0x00, 0x00, 0x00, 0x00, 0x00, 0x00, 0xbf, 0xf4, 0x00, 0x00, 0x00, 0x00, 0x00, 0x00,
    0xbf, 0xf4, 0x00, 0x00, 0x00, 0x00, 0x00, 0x00, 0xbf, 0xf4, 0x00, 0x00, 0x00, 0x00, 0x00, 0x00,
    0xbf, 0xf4, 0x00, 0x00, 0x00, 0x00, 0x00, 0x00, 0xbf, 0xf4, 0x00, 0x00, 0x00, 0x00, 0x00, 0x00,
    0xbf, 0xf4, 0x00, 0x00, 0x00, 0x00, 0x00, 0x00, 0xbf, 0xf4, 0x00, 0x00, 0x00, 0x00, 0x00, 0x00,
    0xbf, 0xf4, 0x00, 0x00, 0x00, 0x00, 0x00, 0x00, 0xbf, 0xf4, 0x00, 0x00, 0x00, 0x00, 0x00, 0x00,
    0xbf, 0xf4, 0x00, 0x00, 0x00, 0x00, 0x00, 0x00, 0xbf, 0xf4, 0x00, 0x00, 0x00, 0x00, 0x00, 0x00,
    0xbf, 0xf4, 0x00, 0x00, 0x00, 0x00, 0x00, 0x01, 0xff, 0xf0, 0x00, 0x00, 0x00, 0x00, 0x00, 0x09,
    0xff, 0xc0, 0x00, 0x00, 0x14, 0x44, 0x46, 0xbf, 0xff, 0x50, 0x00, 0x00, 0x4f, 0xff, 0xff, 0xff,
    0xf9, 0x00, 0x00, 0x00, 0x4f, 0xff, 0xff, 0xfd, 0x50, 0x00, 0x00, 0x00, 0x28, 0x88, 0x85, 0x30,
    0x00, 0x00, 0x00, 0x00, 0x4f, 0xf8, 0x00, 0x00, 0x00, 0x0d, 0xff, 0x64, 0xff, 0x80, 0x00, 0x00,
    0x06, 0xff, 0xd0, 0x4f, 0xf8, 0x00, 0x00, 0x00, 0xdf, 0xf6, 0x04, 0xff, 0x80, 0x00, 0x00, 0x6f,
    0xfd, 0x00, 0x4f, 0xf8, 0x00, 0x00, 0x0d, 0xff, 0x60, 0x04, 0xff, 0x80, 0x00, 0x06, 0xff, 0xd0,
    0x00, 0x4f, 0xf8, 0x00, 0x00, 0xdf, 0xf6, 0x00, 0x04, 0xff, 0x80, 0x00, 0x6f, 0xfd, 0x00, 0x00,
    0x4f, 0xf8, 0x00, 0x0d, 0xff, 0x60, 0x00, 0x04, 0xff, 0xb8, 0x89, 0xff, 0xd0, 0x00, 0x00, 0x4f,
    0xff, 0xff, 0xff, 0xf7, 0x00, 0x00, 0x04, 0xff, 0xff, 0xff, 0xff, 0xb0, 0x00, 0x00, 0x4f, 0xf8,
    0x00, 0x2f, 0xff, 0x40, 0x00, 0x04, 0xff, 0x80, 0x00, 0x9f, 0xfa, 0x00, 0x00, 0x4f, 0xf8, 0x00,
    0x02, 0xff, 0xf2, 0x00, 0x04, 0xff, 0x80, 0x00, 0x09, 0xff, 0x90, 0x00, 0x4f, 0xf8, 0x00, 0x00,
    0x4f, 0xff, 0x20, 0x04, 0xff, 0x80, 0x00, 0x00, 0xbf, 0xf9, 0x00, 0x4f, 0xf8, 0x00, 0x00, 0x04,
    0xff, 0xf2, 0x04, 0xff, 0x80, 0x00, 0x00, 0x0b, 0xff, 0x90, 0x4f, 0xf8, 0x00, 0x00, 0x00, 0x4f,
    0xff, 0x24, 0xff, 0x80, 0x00, 0x00, 0x00, 0xbf, 0xf9, 0x00, 0x00, 0x00, 0x00, 0x00, 0x00, 0x00,
    0x00, 0x00, 0x00, 0x00, 0x00, 0x00, 0x00, 0x00, 0x00, 0x00, 0x00, 0x24, 0x43, 0x00, 0x00, 0x00,
    0x00, 0x00, 0x1d, 0xff, 0x60, 0x00, 0x00, 0x00, 0x00, 0x08, 0xff, 0x90, 0x00, 0x00, 0x00, 0x00,
    0x04, 0xff, 0xc1, 0x00, 0x00, 0x00, 0x00, 0x01, 0xdf, 0xf3, 0x00, 0x00, 0x00, 0x00, 0x00, 0x14,
    0x43, 0x00, 0x00, 0x00, 0x00, 0x4f, 0xfb, 0x00, 0x00, 0x00, 0x00, 0x00, 0x04, 0xff, 0xb0, 0x00,
    0x00, 0x00, 0x00, 0x00, 0x4f, 0xfb, 0x00, 0x00, 0x00, 0x00, 0x00, 0x04, 0xff, 0xb0, 0x00, 0x00,
    0x00, 0x00, 0x00, 0x4f, 0xfb, 0x00, 0x00, 0x00, 0x00, 0x00, 0x04, 0xff, 0xb0, 0x00, 0x00, 0x00,
    0x78, 0x83, 0x4f, 0xfb, 0x00, 0x00, 0x00, 0x7f, 0xfd, 0x14, 0xff, 0xb0, 0x00, 0x00, 0x2e, 0xff,
    0x40, 0x4f, 0xfb, 0x00, 0x00, 0x0b, 0xff, 0x80, 0x04, 0xff, 0xb0, 0x00, 0x07, 0xff, 0xe1, 0x00,
    0x4f, 0xfb, 0x00, 0x02, 0xef, 0xf5, 0x00, 0x04, 0xff, 0xb0, 0x00, 0xbf, 0xfa, 0x00, 0x00, 0x4f,
    0xfe, 0xbb, 0xcf, 0xfe, 0x10, 0x00, 0x04, 0xff, 0xff, 0xff, 0xff, 0x80, 0x00, 0x00, 0x4f, 0xfe,
    0xbb, 0xbf, 0xfe, 0x20, 0x00, 0x04, 0xff, 0xb0, 0x00, 0xbf, 0xfb, 0x00, 0x00, 0x4f, 0xfb, 0x00,
    0x02, 0xef, 0xf6, 0x00, 0x04, 0xff, 0xb0, 0x00, 0x07, 0xff, 0xe1, 0x00, 0x4f, 0xfb, 0x00, 0x00,
    0x0c, 0xff, 0xa0, 0x04, 0xff, 0xb0, 0x00, 0x00, 0x3f, 0xff, 0x40, 0x4f, 0xfb, 0x00, 0x00, 0x00,
    0x8f, 0xfd, 0x14, 0xff, 0xb0, 0x00, 0x00, 0x00, 0xdf, 0xf8, 0x00, 0x00, 0x00, 0x00, 0x00, 0x00,
    0x00, 0x00, 0x00, 0x00, 0x00, 0x00, 0x00, 0x00, 0x00, 0x00, 0x00, 0x00, 0x24, 0x43, 0x00, 0x00,
    0x00, 0x00, 0x00, 0x1d, 0xff, 0x60, 0x00, 0x00, 0x00, 0x00, 0x08, 0xff, 0x90, 0x00, 0x00, 0x00,
    0x00, 0x04, 0xff, 0xc1, 0x00, 0x00, 0x00, 0x00, 0x01, 0xdf, 0xf3, 0x00, 0x00, 0x00, 0x00, 0x00,
    0x14, 0x43, 0x00, 0x00, 0x00, 0x00, 0x08, 0x88, 0x00, 0x00, 0x00, 0x07, 0x88, 0x50, 0x0f, 0xff,
    0x00, 0x00, 0x00, 0x5f, 0xfe, 0x20, 0x0f, 0xff, 0x00, 0x00, 0x01, 0xdf, 0xf7, 0x00, 0x0f, 0xff,
    0x00, 0x00, 0x08, 0xff, 0xb0, 0x00, 0x0f, 0xff, 0x00, 0x00, 0x4f, 0xfe, 0x20, 0x00, 0x0f, 0xff,
    0x00, 0x01, 0xdf, 0xf8, 0x00, 0x00, 0x0f, 0xff, 0x00, 0x08, 0xff, 0xc0, 0x00, 0x00, 0x0f, 0xff,
    0xbb, 0xbf, 0xff, 0x30, 0x00, 0x00, 0x0f, 0xff, 0xff, 0xff, 0xfa, 0x00, 0x00, 0x00, 0x0f, 0xff,
    0xff, 0xff, 0xff, 0x40, 0x00, 0x00, 0x0f, 0xff, 0x00, 0x08, 0xff, 0xd0, 0x00, 0x00, 0x0f, 0xff,
    0x00, 0x01, 0xdf, 0xf8, 0x00, 0x00, 0x0f, 0xff, 0x00, 0x00, 0x5f, 0xff, 0x30, 0x00, 0x0f, 0xff,
    0x00, 0x00, 0x0a, 0xff, 0xc0, 0x00, 0x0f, 0xff, 0x00, 0x00, 0x01, 0xef, 0xf7, 0x00, 0x0f, 0xff,
    0x00, 0x00, 0x00, 0x6f, 0xfe, 0x20, 0x0f, 0xff, 0x00, 0x00, 0x00, 0x0b, 0xff, 0xb0, 0x00, 0x05,
    0x88, 0x50, 0x00, 0x00, 0x00, 0x00, 0x3e, 0xfe, 0x10, 0x00, 0x00, 0x00, 0x01, 0xcf, 0xf3, 0x00,
    0x00, 0x00, 0x00, 0x09, 0xff, 0x60, 0x00, 0x00, 0x00, 0x00, 0x3b, 0xb8, 0x00, 0x00, 0x00, 0x00,
    0x00, 0x00, 0x00, 0x00, 0x00, 0x00, 0x00, 0x00, 0x00, 0x00, 0x00, 0x00, 0x00, 0x00, 0x00, 0x4f,
    0xfb, 0x00, 0x00, 0x00, 0x00, 0x00, 0x4f, 0xfb, 0x00, 0x00, 0x00, 0x00, 0x00, 0x4f, 0xfb, 0x00,
    0x00, 0x00, 0x00, 0x00, 0x4f, 0xfb, 0x00, 0x00, 0x00, 0x00, 0x00, 0x4f, 0xfb, 0x00, 0x00, 0x00,
    0x00, 0x00, 0x4f, 0xfb, 0x00, 0x00, 0x00, 0x00, 0x00, 0x4f, 0xfb, 0x00, 0x00, 0x00, 0x00, 0x00,
    0x4f, 0xfb, 0x00, 0x00, 0x00, 0x00, 0x00, 0x4f, 0xfb, 0x00, 0x00, 0x00, 0x00, 0x00, 0x4f, 0xfb,
    0x00, 0x00, 0x00, 0x00, 0x00, 0x4f, 0xfb, 0x00, 0x00, 0x00, 0x00, 0x00, 0x4f, 0xfb, 0x00, 0x00,
    0x00, 0x00, 0x00, 0x4f, 0xfb, 0x00, 0x00, 0x00, 0x00, 0x00, 0x4f, 0xfb, 0x00, 0x00, 0x00, 0x00,
    0x00, 0x4f, 0xfb, 0x00, 0x00, 0x00, 0x00, 0x00, 0x4f, 0xfb, 0x00, 0x00, 0x00, 0x00, 0x00, 0x4f,
    0xfb, 0x00, 0x00, 0x00, 0x00, 0x00, 0x4f, 0xfb, 0x00, 0x00, 0x00, 0x00, 0x00, 0x4f, 0xfb, 0x00,
    0x00, 0x00, 0x00, 0x00, 0x4f, 0xfe, 0xbb, 0xbb, 0xbb, 0xbb, 0xb6, 0x4f, 0xff, 0xff, 0xff, 0xff,
    0xff, 0xf8, 0x4f, 0xff, 0xff, 0xff, 0xff, 0xff, 0xf8, 0x00, 0x00, 0x00, 0x00, 0x58, 0x85, 0x00,
    0x00, 0x00, 0x00, 0x00, 0x00, 0x3e, 0xfe, 0x20, 0x00, 0x00, 0x00, 0x00, 0x00, 0x1c, 0xff, 0x40,
    0x00, 0x00, 0x00, 0x00, 0x00, 0x09, 0xff, 0x70, 0x00, 0x00, 0x00, 0x00, 0x00, 0x03, 0xbb, 0x80,
    0x00, 0x00, 0x00, 0x00, 0x00, 0x00, 0x00, 0x00, 0x00, 0x00, 0x00, 0x00, 0x00, 0x00, 0x00, 0x00,
    0x00, 0x00, 0x00, 0x00, 0x04, 0xff, 0xff, 0xff, 0xff, 0x80, 0x00, 0x00, 0x00, 0x4f, 0xff, 0xff,
    0xff, 0xf8, 0x00, 0x00, 0x00, 0x03, 0xbb, 0xbb, 0xbd, 0xff, 0x80, 0x00, 0x00, 0x00, 0x00, 0x00,
    0x00, 0x8f, 0xf8, 0x00, 0x00, 0x00, 0x00, 0x00, 0x00, 0x08, 0xff, 0x80, 0x00, 0x00, 0x00, 0x00,
    0x00, 0x00, 0x8f, 0xf8, 0x00, 0x00, 0x00, 0x00, 0x00, 0x00, 0x08, 0xff, 0x80, 0x00, 0x00, 0x00,
    0x00, 0x00, 0x00, 0x8f, 0xf8, 0x00, 0x00, 0x00, 0x00, 0x00, 0x00, 0x08, 0xff, 0x80, 0x00, 0x00,
    0x00, 0x00, 0x00, 0x00, 0x8f, 0xf8, 0x00, 0x00, 0x00, 0x00, 0x00, 0x00, 0x08, 0xff, 0x80, 0x00,
    0x00, 0x00, 0x00, 0x00, 0x00, 0x8f, 0xf8, 0x00, 0x00, 0x00, 0x00, 0x00, 0x00, 0x08, 0xff, 0x80,
    0x00, 0x00, 0x00, 0x00, 0x00, 0x00, 0x8f, 0xf8, 0x00, 0x00, 0x00, 0x00, 0x00, 0x00, 0x08, 0xff,
    0x80, 0x00, 0x00, 0x00, 0x00, 0x00, 0x00, 0x8f, 0xf8, 0x00, 0x00, 0x00, 0x00, 0x00, 0x00, 0x08,
    0xff, 0x80, 0x00, 0x00, 0x00, 0x00, 0x00, 0x00, 0x8f, 0xf8, 0x00, 0x00, 0x00, 0x00, 0x00, 0x00,
    0x05, 0xff, 0xd1, 0x00, 0x00, 0x00, 0x00, 0x00, 0x00, 0x1e, 0xff, 0xeb, 0xbb, 0xbb, 0x60, 0x00,
    0x00, 0x00, 0x5f, 0xff, 0xff, 0xff, 0xf8, 0x00, 0x00, 0x00, 0x00, 0x3a, 0xef, 0xff, 0xff, 0x80,
    0x4f, 0xfb, 0x00, 0x00, 0x00, 0x00, 0x00, 0x4f, 0xfb, 0x00, 0x00, 0x00, 0x00, 0x00, 0x4f, 0xfb,
    0x00, 0x00, 0x00, 0x00, 0x00, 0x4f, 0xfb, 0x00, 0x00, 0x00, 0x00, 0x00, 0x4f, 0xfb, 0x00, 0x00,
    0x00, 0x00, 0x00, 0x4f, 0xfb, 0x00, 0x00, 0x00, 0x00, 0x00, 0x4f, 0xfb, 0x00, 0x00, 0x00, 0x00,
    0x00, 0x4f, 0xfb, 0x00, 0x00, 0x00, 0x00, 0x00, 0x4f, 0xfb, 0x00, 0x00, 0x00, 0x00, 0x00, 0x4f,
    0xfb, 0x00, 0x00, 0x00, 0x00, 0x00, 0x4f, 0xfb, 0x00, 0x00, 0x00, 0x00, 0x00, 0x4f, 0xfb, 0x00,
    0x00, 0x00, 0x00, 0x00, 0x4f, 0xfb, 0x00, 0x00, 0x00, 0x00, 0x00, 0x4f, 0xfb, 0x00, 0x00, 0x00,
    0x00, 0x00, 0x4f, 0xfb, 0x00, 0x00, 0x00, 0x00, 0x00, 0x4f, 0xfb, 0x00, 0x00, 0x00, 0x00, 0x00,
    0x4f, 0xfb, 0x00, 0x00, 0x00, 0x00, 0x00, 0x4f, 0xfb, 0x00, 0x00, 0x00, 0x00, 0x00, 0x4f, 0xfb,
    0x00, 0x00, 0x00, 0x00, 0x00, 0x4f, 0xfe, 0xbb, 0xbb, 0xbb, 0xbb, 0xb6, 0x4f, 0xff, 0xff, 0xff,
    0xff, 0xff, 0xf8, 0x4f, 0xff, 0xff, 0xff, 0xff, 0xff, 0xf8, 0x00, 0x00, 0x00, 0x00, 0x00, 0x00,
    0x00, 0x00, 0x00, 0x00, 0x00, 0x00, 0x00, 0x00, 0x00, 0x00, 0x00, 0x14, 0x44, 0x00, 0x00, 0x00,
    0x00, 0x00, 0xbf, 0xf8, 0x00, 0x00, 0x00, 0x00, 0x07, 0xff, 0xc0, 0x00, 0x00, 0x00, 0x00, 0x2e,
    0xfe, 0x20, 0x00, 0x00, 0x00, 0x00, 0xaf, 0xf6, 0x00, 0x00, 0x00, 0x00, 0x00, 0x44, 0x40, 0x00,
    0x00, 0x00, 0x4f, 0xff, 0xff, 0xff, 0xf8, 0x00, 0x00, 0x00, 0x04, 0xff, 0xff, 0xff, 0xff, 0x80,
    0x00, 0x00, 0x00, 0x3b, 0xbb, 0xbb, 0xdf, 0xf8, 0x00, 0x00, 0x00, 0x00, 0x00, 0x00, 0x08, 0xff,
    0x80, 0x00, 0x00, 0x00, 0x00, 0x00, 0x00, 0x8f, 0xf8, 0x00, 0x00, 0x00, 0x00, 0x00, 0x00, 0x08,
    0xff, 0x80, 0x00, 0x00, 0x00, 0x00, 0x00, 0x00, 0x8f, 0xf8, 0x00, 0x00, 0x00, 0x00, 0x00, 0x00,
    0x08, 0xff, 0x80, 0x00, 0x00, 0x00, 0x00, 0x00, 0x00, 0x8f, 0xf8, 0x00, 0x00, 0x00, 0x00, 0x00,
    0x00, 0x08, 0xff, 0x80, 0x00, 0x00, 0x00, 0x00, 0x00, 0x00, 0x8f, 0xf8, 0x00, 0x00, 0x00, 0x00,
    0x00, 0x00, 0x08, 0xff, 0x80, 0x00, 0x00, 0x00, 0x00, 0x00, 0x00, 0x8f, 0xf8, 0x00, 0x00, 0x00,
    0x00, 0x00, 0x00, 0x08, 0xff, 0x80, 0x00, 0x00, 0x00, 0x00, 0x00, 0x00, 0x8f, 0xf8, 0x00, 0x00,
    0x00, 0x00, 0x00, 0x00, 0x08, 0xff, 0x80, 0x00, 0x00, 0x00, 0x00, 0x00, 0x00, 0x8f, 0xf8, 0x00,
    0x00, 0x00, 0x00, 0x00, 0x00, 0x08, 0xff, 0x80, 0x00, 0x00, 0x00, 0x00, 0x00, 0x00, 0x5f, 0xfd,
    0x10, 0x00, 0x00, 0x00, 0x00, 0x00, 0x01, 0xef, 0xfe, 0xbb, 0xbb, 0xb6, 0x00, 0x00, 0x00, 0x05,
    0xff, 0xff, 0xff, 0xff, 0x80, 0x00, 0x00, 0x00, 0x03, 0xae, 0xff, 0xff, 0xf8, 0x00, 0x00, 0x00,
    0x00, 0x00, 0x00, 0x00, 0x00, 0x00, 0x00, 0x00, 0x00, 0x00, 0x00, 0x00, 0x00, 0x00, 0x00, 0x00,
    0x00, 0x00, 0x04, 0x44, 0x20, 0x00, 0x00, 0x00, 0x00, 0x00, 0x05, 0xff, 0xe1, 0x00, 0x00, 0x00,
    0x00, 0x00, 0x01, 0xef, 0xf4, 0x00, 0x00, 0x00, 0x00, 0x00, 0x00, 0xaf, 0xf8, 0x00, 0x00, 0x00,
    0x00, 0x00, 0x00, 0x5f, 0xfb, 0x00, 0x00, 0x00, 0x00, 0x00, 0x00, 0x03, 0x44, 0x10, 0x00, 0x00,
    0x00, 0x4f, 0xfb, 0x00, 0x04, 0xff, 0x70, 0x00, 0x4f, 0xfb, 0x00, 0x05, 0xff, 0x40, 0x00, 0x4f,
    0xfb, 0x00, 0x08, 0xff, 0x30, 0x00, 0x4f, 0xfb, 0x00, 0x08, 0xff, 0x00, 0x00, 0x4f, 0xfb, 0x00,
    0x08, 0xfd, 0x00, 0x00, 0x4f, 0xfb, 0x00, 0x06, 0x86, 0x00, 0x00, 0x4f, 0xfb, 0x00, 0x00, 0x00,
    0x00, 0x00, 0x4f, 0xfb, 0x00, 0x00, 0x00, 0x00, 0x00, 0x4f, 0xfb, 0x00, 0x00, 0x00, 0x00, 0x00,
    0x4f, 0xfb, 0x00, 0x00, 0x00, 0x00, 0x00, 0x4f, 0xfb, 0x00, 0x00, 0x00, 0x00, 0x00, 0x4f, 0xfb,
    0x00, 0x00, 0x00, 0x00, 0x00, 0x4f, 0xfb, 0x00, 0x00, 0x00, 0x00, 0x00, 0x4f, 0xfb, 0x00, 0x00,
    0x00, 0x00, 0x00, 0x4f, 0xfb, 0x00, 0x00, 0x00, 0x00, 0x00, 0x4f, 0xfb, 0x00, 0x00, 0x00, 0x00,
    0x00, 0x4f, 0xfb, 0x00, 0x00, 0x00, 0x00, 0x00, 0x4f, 0xfb, 0x00, 0x00, 0x00, 0x00, 0x00, 0x4f,
    0xfb, 0x00, 0x00, 0x00, 0x00, 0x00, 0x4f, 0xfe, 0xbb, 0xbb, 0xbb, 0xbb, 0xb6, 0x4f, 0xff, 0xff,
    0xff, 0xff, 0xff, 0xf8, 0x4f, 0xff, 0xff, 0xff, 0xff, 0xff, 0xf8, 0x4f, 0xff, 0xff, 0xff, 0xf8,
    0x00, 0x4f, 0xf8, 0x04, 0xff, 0xff, 0xff, 0xff, 0x80, 0x04, 0xff, 0x40, 0x3b, 0xbb, 0xbb, 0xdf,
    0xf8, 0x00, 0x7f, 0xf4, 0x00, 0x00, 0x00, 0x08, 0xff, 0x80, 0x08, 0xff, 0x00, 0x00, 0x00, 0x00,
    0x8f, 0xf8, 0x00, 0x8f, 0xe0, 0x00, 0x00, 0x00, 0x08, 0xff, 0x80, 0x05, 0x86, 0x00, 0x00, 0x00,
    0x00, 0x8f, 0xf8, 0x00, 0x00, 0x00, 0x00, 0x00, 0x00, 0x08, 0xff, 0x80, 0x00, 0x00, 0x00, 0x00,
    0x00, 0x00, 0x8f, 0xf8, 0x00, 0x00, 0x00, 0x00, 0x00, 0x00, 0x08, 0xff, 0x80, 0x00, 0x00, 0x00,
    0x00, 0x00, 0x00, 0x8f, 0xf8, 0x00, 0x00, 0x00, 0x00, 0x00, 0x00, 0x08, 0xff, 0x80, 0x00, 0x00,
    0x00, 0x00, 0x00, 0x00, 0x8f, 0xf8, 0x00, 0x00, 0x00, 0x00, 0x00, 0x00, 0x08, 0xff, 0x80, 0x00,
    0x00, 0x00, 0x00, 0x00, 0x00, 0x8f, 0xf8, 0x00, 0x00, 0x00, 0x00, 0x00, 0x00, 0x08, 0xff, 0x80,
    0x00, 0x00, 0x00, 0x00, 0x00, 0x00, 0x8f, 0xf8, 0x00, 0x00, 0x00, 0x00, 0x00, 0x00, 0x08, 0xff,
    0x80, 0x00, 0x00, 0x00, 0x00, 0x00, 0x00, 0x5f, 0xfd, 0x10, 0x00, 0x00, 0x00, 0x00, 0x00, 0x01,
    0xef, 0xfe, 0xbb, 0xbb, 0xb6, 0x00, 0x00, 0x00, 0x05, 0xff, 0xff, 0xff, 0xff, 0x80, 0x00, 0x00,
    0x00, 0x03, 0xae, 0xff, 0xff, 0xf8, 0x4f, 0xfb, 0x00, 0x00, 0x00, 0x00, 0x00, 0x4f, 0xfb, 0x00,
    0x00, 0x00, 0x00, 0x00, 0x4f, 0xfb, 0x00, 0x00, 0x00, 0x00, 0x00, 0x4f, 0xfb, 0x00, 0x00, 0x00,
    0x00, 0x00, 0x4f, 0xfb, 0x00, 0x00, 0x00, 0x00, 0x00, 0x4f, 0xfb, 0x00, 0x00, 0x00, 0x00, 0x00,
    0x4f, 0xfb, 0x00, 0x00, 0x00, 0x00, 0x00, 0x4f, 0xfb, 0x00, 0x00, 0x00, 0x00, 0x00, 0x4f, 0xfb,
    0x00, 0x00, 0x00, 0x00, 0x00, 0x4f, 0xfb, 0x00, 0x00, 0x08, 0xef, 0x80, 0x4f, 0xfb, 0x00, 0x00,
    0x4f, 0xff, 0xf6, 0x4f, 0xfb, 0x00, 0x00, 0x8f, 0xff, 0xf8, 0x4f, 0xfb, 0x00, 0x00, 0x5f, 0xff,
    0xf7, 0x4f, 0xfb, 0x00, 0x00, 0x08, 0xff, 0x90, 0x4f, 0xfb, 0x00, 0x00, 0x00, 0x00, 0x00, 0x4f,
    0xfb, 0x00, 0x00, 0x00, 0x00, 0x00, 0x4f, 0xfb, 0x00, 0x00, 0x00, 0x00, 0x00, 0x4f, 0xfb, 0x00,
    0x00, 0x00, 0x00, 0x00, 0x4f, 0xfb, 0x00, 0x00, 0x00, 0x00, 0x00, 0x4f, 0xfe, 0xbb, 0xbb, 0xbb,
    0xbb, 0xb6, 0x4f, 0xff, 0xff, 0xff, 0xff, 0xff, 0xf8, 0x4f, 0xff, 0xff, 0xff, 0xff, 0xff, 0xf8,
    0xbf, 0xff, 0xff, 0xff, 0xf0, 0x00, 0x00, 0x00, 0x00, 0x00, 0xbf, 0xff, 0xff, 0xff, 0xf0, 0x00,
    0x00, 0x00, 0x00, 0x00, 0x8b, 0xbb, 0xbb, 0xff, 0xf0, 0x00, 0x00, 0x00, 0x00, 0x00, 0x00, 0x00,
    0x00, 0xff, 0xf0, 0x00, 0x00, 0x00, 0x00, 0x00, 0x00, 0x00, 0x00, 0xff, 0xf0, 0x00, 0x00, 0x00,
    0x00, 0x00, 0x00, 0x00, 0x00, 0xff, 0xf0, 0x00, 0x00, 0x00, 0x00, 0x00, 0x00, 0x00, 0x00, 0xff,
    0xf0, 0x00, 0x00, 0x00, 0x00, 0x00, 0x00, 0x00, 0x00, 0xff, 0xf0, 0x00, 0x00, 0x00, 0x00, 0x00,
    0x00, 0x00, 0x00, 0xff, 0xf0, 0x00, 0x00, 0x00, 0x00, 0x00, 0x00, 0x00, 0x00, 0xff, 0xf0, 0x00,
    0x00, 0x3c, 0xfc, 0x30, 0x00, 0x00, 0x00, 0xff, 0xf0, 0x00, 0x00, 0xdf, 0xff, 0xd0, 0x00, 0x00,
    0x00, 0xff, 0xf0, 0x00, 0x00, 0xff, 0xff, 0xf0, 0x00, 0x00, 0x00, 0xff, 0xf0, 0x00, 0x00, 0xdf,
    0xff, 0xd0, 0x00, 0x00, 0x00, 0xff, 0xf0, 0x00, 0x00, 0x3d, 0xfd, 0x30, 0x00, 0x00, 0x00, 0xff,
    0xf0, 0x00, 0x00, 0x00, 0x00, 0x00, 0x00, 0x00, 0x00, 0xff, 0xf0, 0x00, 0x00, 0x00, 0x00, 0x00,
    0x00, 0x00, 0x00, 0xff, 0xf0, 0x00, 0x00, 0x00, 0x00, 0x00, 0x00, 0x00, 0x00, 0xff, 0xf0, 0x00,
    0x00, 0x00, 0x00, 0x00, 0x00, 0x00, 0x00, 0xef, 0xf4, 0x00, 0x00, 0x00, 0x00, 0x00, 0x00, 0x00,
    0x00, 0x9f, 0xff, 0xbb, 0xbb, 0xbb, 0x00, 0x00, 0x00, 0x00, 0x00, 0x1c, 0xff, 0xff, 0xff, 0xff,
    0x00, 0x00, 0x00, 0x00, 0x00, 0x01, 0x8d, 0xff, 0xff, 0xff, 0x00, 0x00, 0x00, 0x04, 0xff, 0xb0,
    0x00, 0x00, 0x00, 0x00, 0x00, 0x00, 0x4f, 0xfb, 0x00, 0x00, 0x00, 0x00, 0x00, 0x00, 0x04, 0xff,
    0xb0, 0x00, 0x00, 0x00, 0x00, 0x00, 0x00, 0x4f, 0xfb, 0x00, 0x00, 0x00, 0x00, 0x00, 0x00, 0x04,
    0xff, 0xb0, 0x00, 0x00, 0x00, 0x00, 0x00, 0x00, 0x4f, 0xfb, 0x00, 0x01, 0x70, 0x00, 0x00, 0x00,
    0x04, 0xff, 0xb0, 0x05, 0xeb, 0x00, 0x00, 0x00, 0x00, 0x4f, 0xfb, 0x2a, 0xff, 0xb0, 0x00, 0x00,
    0x00, 0x04, 0xff, 0xee, 0xff, 0xa1, 0x00, 0x00, 0x00, 0x00, 0x4f, 0xff, 0xfe, 0x50, 0x00, 0x00,
    0x00, 0x00, 0x08, 0xff, 0xf9, 0x10, 0x00, 0x00, 0x00, 0x00, 0x3c, 0xff, 0xfb, 0x00, 0x00, 0x00,
    0x00, 0x00, 0x5f, 0xff, 0xff, 0xb0, 0x00, 0x00, 0x00, 0x00, 0x08, 0xfc, 0x8f, 0xfb, 0x00, 0x00,
    0x00, 0x00, 0x00, 0x88, 0x04, 0xff, 0xb0, 0x00, 0x00, 0x00, 0x00, 0x00, 0x00, 0x4f, 0xfb, 0x00,
    0x00, 0x00, 0x00, 0x00, 0x00, 0x04, 0xff, 0xb0, 0x00, 0x00, 0x00, 0x00, 0x00, 0x00, 0x4f, 0xfb,
    0x00, 0x00, 0x00, 0x00, 0x00, 0x00, 0x04, 0xff, 0xb0, 0x00, 0x00, 0x00, 0x00, 0x00, 0x00, 0x4f,
    0xfe, 0xbb, 0xbb, 0xbb, 0xbb, 0xb6, 0x00, 0x04, 0xff, 0xff, 0xff, 0xff, 0xff, 0xff, 0x80, 0x00,
    0x4f, 0xff, 0xff, 0xff, 0xff, 0xff, 0xf8, 0x4f, 0xff, 0xff, 0xff, 0xf8, 0x00, 0x00, 0x00, 0x04,
    0xff, 0xff, 0xff, 0xff, 0x80, 0x00, 0x00, 0x00, 0x3b, 0xbb, 0xbb, 0xdf, 0xf8, 0x00, 0x00, 0x00,
    0x00, 0x00, 0x00, 0x08, 0xff, 0x80, 0x00, 0x00, 0x00, 0x00, 0x00, 0x00, 0x8f, 0xf8, 0x00, 0x00,
    0x00, 0x00, 0x00, 0x00, 0x08, 0xff, 0x80, 0x00, 0x63, 0x00, 0x00, 0x00, 0x00, 0x8f, 0xf8, 0x02,
    0xbf, 0x40, 0x00, 0x00, 0x00, 0x08, 0xff, 0x87, 0xef, 0xf4, 0x00, 0x00, 0x00, 0x00, 0x8f, 0xfe,
    0xff, 0xd5, 0x00, 0x00, 0x00, 0x00, 0x08, 0xff, 0xff, 0x81, 0x00, 0x00, 0x00, 0x00, 0x03, 0xcf,
    0xfd, 0x40, 0x00, 0x00, 0x00, 0x00, 0x18, 0xff, 0xff, 0x80, 0x00, 0x00, 0x00, 0x00, 0x0d, 0xff,
    0xff, 0xf8, 0x00, 0x00, 0x00, 0x00, 0x00, 0xff, 0x88, 0xff, 0x80, 0x00, 0x00, 0x00, 0x00, 0x0b,
    0x20, 0x8f, 0xf8, 0x00, 0x00, 0x00, 0x00, 0x00, 0x00, 0x08, 0xff, 0x80, 0x00, 0x00, 0x00, 0x00,
    0x00, 0x00, 0x8f, 0xf8, 0x00, 0x00, 0x00, 0x00, 0x00, 0x00, 0x08, 0xff, 0x80, 0x00, 0x00, 0x00,
    0x00, 0x00, 0x00, 0x5f, 0xfd, 0x10, 0x00, 0x00, 0x00, 0x00, 0x00, 0x01, 0xef, 0xfe, 0xbb, 0xbb,
    0xb6, 0x00, 0x00, 0x00, 0x05, 0xff, 0xff, 0xff, 0xff, 0x80, 0x00, 0x00, 0x00, 0x03, 0xae, 0xff,
    0xff, 0xf8, 0x00, 0x00, 0x00, 0x00, 0x78, 0x83, 0x00, 0x00, 0x00, 0x00, 0x07, 0xff, 0xa0, 0x00,
    0x00, 0x00, 0x00, 0x3f, 0xfc, 0x10, 0x00, 0x00, 0x00, 0x01, 0xdf, 0xe3, 0x00, 0x00, 0x00, 0x00,
    0x07, 0xbb, 0x50, 0x00, 0x00, 0x00, 0x00, 0x00, 0x00, 0x00, 0x00, 0x00, 0x00, 0x00, 0x00, 0x00,
    0x00, 0x00, 0x00, 0x8f, 0xff, 0x80, 0x00, 0x00, 0x4f, 0xf8, 0x8f, 0xff, 0xd0, 0x00, 0x00, 0x4f,
    0xf8, 0x8f, 0xff, 0xf5, 0x00, 0x00, 0x4f, 0xf8, 0x8f, 0xfe, 0xf9, 0x00, 0x00, 0x4f, 0xf8, 0x8f,
    0xfc, 0xfe, 0x00, 0x00, 0x4f, 0xf8, 0x8f, 0xf7, 0xff, 0x60, 0x00, 0x4f, 0xf8, 0x8f, 0xf4, 0xdf,
    0xa0, 0x00, 0x4f, 0xf8, 0x8f, 0xf4, 0x8f, 0xf1, 0x00, 0x4f, 0xf8, 0x8f, 0xf4, 0x2f, 0xf6, 0x00,
    0x4f, 0xf8, 0x8f, 0xf4, 0x0c, 0xfb, 0x00, 0x4f, 0xf8, 0x8f, 0xf4, 0x07, 0xff, 0x20, 0x4f, 0xf8,
    0x8f, 0xf4, 0x02, 0xff, 0x70, 0x4f, 0xf8, 0x8f, 0xf4, 0x00, 0xbf, 0xc0, 0x4f, 0xf8, 0x8f, 0xf4,
    0x00, 0x6f, 0xf2, 0x4f, 0xf8, 0x8f, 0xf4, 0x00, 0x1f, 0xf8, 0x4f, 0xf8, 0x8f, 0xf4, 0x00, 0x0a,
    0xfd, 0x4f, 0xf8, 0x8f, 0xf4, 0x00, 0x06, 0xff, 0x7f, 0xf8, 0x8f, 0xf4, 0x00, 0x01, 0xef, 0xbf,
    0xf8, 0x8f, 0xf4, 0x00, 0x00, 0x9f, 0xef, 0xf8, 0x8f, 0xf4, 0x00, 0x00, 0x5f, 0xff, 0xf8, 0x8f,
    0xf4, 0x00, 0x00, 0x0e, 0xff, 0xf8, 0x8f, 0xf4, 0x00, 0x00, 0x09, 0xff, 0xf8, 0x00, 0x00, 0x00,
    0x00, 0x78, 0x83, 0x00, 0x00, 0x00, 0x00, 0x06, 0xff, 0xc0, 0x00, 0x00, 0x00, 0x00, 0x3e, 0xfe,
    0x10, 0x00, 0x00, 0x00, 0x01, 0xcf, 0xf3, 0x00, 0x00, 0x00, 0x00, 0x06, 0xbb, 0x60, 0x00, 0x00,
    0x00, 0x00, 0x00, 0x00, 0x00, 0x00, 0x00, 0x00, 0x00, 0x00, 0x00, 0x00, 0x00, 0x00, 0x28, 0x84,
    0x04, 0x9b, 0xb9, 0x40, 0x00, 0x4f, 0xf8, 0x6f, 0xff, 0xff, 0xf9, 0x00, 0x4f, 0xf9, 0xff, 0xbb,
    0xef, 0xff, 0x80, 0x4f, 0xfd, 0xc1, 0x00, 0x19, 0xff, 0xe1, 0x4f, 0xfe, 0x10, 0x00, 0x00, 0xdf,
    0xf4, 0x4f, 0xfb, 0x00, 0x00, 0x00, 0x9f, 0xf8, 0x4f, 0xf8, 0x00, 0x00, 0x00, 0x8f, 0xf8, 0x4f,
    0xf8, 0x00, 0x00, 0x00, 0x8f, 0xf8, 0x4f, 0xf8, 0x00, 0x00, 0x00, 0x8f, 0xf8, 0x4f, 0xf8, 0x00,
    0x00, 0x00, 0x8f, 0xf8, 0x4f, 0xf8, 0x00, 0x00, 0x00, 0x8f, 0xf8, 0x4f, 0xf8, 0x00, 0x00, 0x00,
    0x8f, 0xf8, 0x4f, 0xf8, 0x00, 0x00, 0x00, 0x8f, 0xf8, 0x4f, 0xf8, 0x00, 0x00, 0x00, 0x8f, 0xf8,
    0x4f, 0xf8, 0x00, 0x00, 0x00, 0x8f, 0xf8, 0x4f, 0xf8, 0x00, 0x00, 0x00, 0x8f, 0xf8, 0x4f, 0xf8,
    0x00, 0x00, 0x00, 0x8f, 0xf8, 0x8f, 0xff, 0x80, 0x00, 0x00, 0x4f, 0xf8, 0x8f, 0xff, 0xd0, 0x00,
    0x00, 0x4f, 0xf8, 0x8f, 0xff, 0xf5, 0x00, 0x00, 0x4f, 0xf8, 0x8f, 0xfe, 0xf9, 0x00, 0x00, 0x4f,
    0xf8, 0x8f, 0xfc, 0xfe, 0x00, 0x00, 0x4f, 0xf8, 0x8f, 0xf7, 0xff, 0x60, 0x00, 0x4f, 0xf8, 0x8f,
    0xf4, 0xdf, 0xa0, 0x00, 0x4f, 0xf8, 0x8f, 0xf4, 0x8f, 0xf1, 0x00, 0x4f, 0xf8, 0x8f, 0xf4, 0x2f,
    0xf6, 0x00, 0x4f, 0xf8, 0x8f, 0xf4, 0x0c, 0xfb, 0x00, 0x4f, 0xf8, 0x8f, 0xf4, 0x07, 0xff, 0x20,
    0x4f, 0xf8, 0x8f, 0xf4, 0x02, 0xff, 0x70, 0x4f, 0xf8, 0x8f, 0xf4, 0x00, 0xbf, 0xc0, 0x4f, 0xf8,
    0x8f, 0xf4, 0x00, 0x6f, 0xf2, 0x4f, 0xf8, 0x8f, 0xf4, 0x00, 0x1f, 0xf8, 0x4f, 0xf8, 0x8f, 0xf4,
    0x00, 0x0a, 0xfd, 0x4f, 0xf8, 0x8f, 0xf4, 0x00, 0x06, 0xff, 0x7f, 0xf8, 0x8f, 0xf4, 0x00, 0x01,
    0xef, 0xbf, 0xf8, 0x8f, 0xf4, 0x00, 0x00, 0x9f, 0xef, 0xf8, 0x8f, 0xf4, 0x00, 0x00, 0x5f, 0xff,
    0xf8, 0x8f, 0xf4, 0x00, 0x00, 0x0e, 0xff, 0xf8, 0x8f, 0xf4, 0x00, 0x00, 0x09, 0xff, 0xf8, 0x00,
    0x00, 0x00, 0x00, 0x00, 0x00, 0x00, 0x00, 0x00, 0x00, 0x00, 0x00, 0x00, 0x00, 0x00, 0x00, 0x00,
    0x24, 0x43, 0x00, 0x00, 0x00, 0x00, 0x01, 0xdf, 0xf6, 0x00, 0x00, 0x00, 0x00, 0x08, 0xff, 0x90,
    0x00, 0x00, 0x00, 0x00, 0x4f, 0xfc, 0x10, 0x00, 0x00, 0x00, 0x01, 0xdf, 0xf3, 0x00, 0x00, 0x00,
    0x00, 0x01, 0x44, 0x30, 0x00, 0x00, 0x00, 0x28, 0x84, 0x04, 0x9b, 0xb9, 0x40, 0x00, 0x4f, 0xf8,
    0x6f, 0xff, 0xff, 0xf9, 0x00, 0x4f, 0xf9, 0xff, 0xbb, 0xef, 0xff, 0x80, 0x4f, 0xfd, 0xc1, 0x00,
    0x19, 0xff, 0xe1, 0x4f, 0xfe, 0x10, 0x00, 0x00, 0xdf, 0xf4, 0x4f, 0xfb, 0x00, 0x00, 0x00, 0x9f,
    0xf8, 0x4f, 0xf8, 0x00, 0x00, 0x00, 0x8f, 0xf8, 0x4f, 0xf8, 0x00, 0x00, 0x00, 0x8f, 0xf8, 0x4f,
    0xf8, 0x00, 0x00, 0x00, 0x8f, 0xf8, 0x4f, 0xf8, 0x00, 0x00, 0x00, 0x8f, 0xf8, 0x4f, 0xf8, 0x00,
    0x00, 0x00, 0x8f, 0xf8, 0x4f, 0xf8, 0x00, 0x00, 0x00, 0x8f, 0xf8, 0x4f, 0xf8, 0x00, 0x00, 0x00,
    0x8f, 0xf8, 0x4f, 0xf8, 0x00, 0x00, 0x00, 0x8f, 0xf8, 0x4f, 0xf8, 0x00, 0x00, 0x00, 0x8f, 0xf8,
    0x4f, 0xf8, 0x00, 0x00, 0x00, 0x8f, 0xf8, 0x4f, 0xf8, 0x00, 0x00, 0x00, 0x8f, 0xf8, 0x00, 0x00,
    0x00, 0x00, 0x00, 0x00, 0x00, 0x00, 0x00, 0x00, 0x00, 0x00, 0x00, 0x00, 0x00, 0x00, 0x00, 0x24,
    0x43, 0x00, 0x00, 0x00, 0x00, 0x01, 0xdf, 0xf6, 0x00, 0x00, 0x00, 0x00, 0x08, 0xff, 0x90, 0x00,
    0x00, 0x00, 0x00, 0x4f, 0xfc, 0x10, 0x00, 0x00, 0x00, 0x01, 0xdf, 0xf3, 0x00, 0x00, 0x00, 0x00,
    0x01, 0x44, 0x30, 0x00, 0x00, 0x00, 0x03, 0x88, 0x70, 0x00, 0x07, 0x88, 0x30, 0x00, 0x9f, 0xf9,
    0x00, 0x9f, 0xf9, 0x00, 0x00, 0x09, 0xff, 0x99, 0xff, 0x90, 0x00, 0x00, 0x00, 0x9f, 0xff, 0xf9,
    0x00, 0x00, 0x00, 0x00, 0x08, 0xbb, 0x80, 0x00, 0x00, 0x00, 0x00, 0x00, 0x00, 0x00, 0x00, 0x00,
    0x00, 0x00, 0x00, 0x00, 0x00, 0x00, 0x00, 0x8f, 0xff, 0x80, 0x00, 0x00, 0x4f, 0xf8, 0x8f, 0xff,
    0xd0, 0x00, 0x00, 0x4f, 0xf8, 0x8f, 0xff, 0xf5, 0x00, 0x00, 0x4f, 0xf8, 0x8f, 0xfe, 0xf9, 0x00,
    0x00, 0x4f, 0xf8, 0x8f, 0xfc, 0xfe, 0x00, 0x00, 0x4f, 0xf8, 0x8f, 0xf7, 0xff, 0x60, 0x00, 0x4f,
    0xf8, 0x8f, 0xf4, 0xdf, 0xa0, 0x00, 0x4f, 0xf8, 0x8f, 0xf4, 0x8f, 0xf1, 0x00, 0x4f, 0xf8, 0x8f,
    0xf4, 0x2f, 0xf6, 0x00, 0x4f, 0xf8, 0x8f, 0xf4, 0x0c, 0xfb, 0x00, 0x4f, 0xf8, 0x8f, 0xf4, 0x07,
    0xff, 0x20, 0x4f, 0xf8, 0x8f, 0xf4, 0x02, 0xff, 0x70, 0x4f, 0xf8, 0x8f, 0xf4, 0x00, 0xbf, 0xc0,
    0x4f, 0xf8, 0x8f, 0xf4, 0x00, 0x6f, 0xf2, 0x4f, 0xf8, 0x8f, 0xf4, 0x00, 0x1f, 0xf8, 0x4f, 0xf8,
    0x8f, 0xf4, 0x00, 0x0a, 0xfd, 0x4f, 0xf8, 0x8f, 0xf4, 0x00, 0x06, 0xff, 0x7f, 0xf8, 0x8f, 0xf4,
    0x00, 0x01, 0xef, 0xbf, 0xf8, 0x8f, 0xf4, 0x00, 0x00, 0x9f, 0xef, 0xf8, 0x8f, 0xf4, 0x00, 0x00,
    0x5f, 0xff, 0xf8, 0x8f, 0xf4, 0x00, 0x00, 0x0e, 0xff, 0xf8, 0x8f, 0xf4, 0x00, 0x00, 0x09, 0xff,
    0xf8, 0x01, 0x88, 0x81, 0x00, 0x07, 0x88, 0x30, 0x00, 0x6f, 0xfc, 0x10, 0x9f, 0xf9, 0x00, 0x00,
    0x06, 0xff, 0xc9, 0xff, 0x90, 0x00, 0x00, 0x00, 0x6f, 0xff, 0xf9, 0x00, 0x00, 0x00, 0x00, 0x06,
    0xbb, 0x80, 0x00, 0x00, 0x00, 0x00, 0x00, 0x00, 0x00, 0x00, 0x00, 0x00, 0x00, 0x00, 0x00, 0x00,
    0x00, 0x00, 0x28, 0x84, 0x04, 0x9b, 0xb9, 0x40, 0x00, 0x4f, 0xf8, 0x6f, 0xff, 0xff, 0xf9, 0x00,
    0x4f, 0xf9, 0xff, 0xbb, 0xef, 0xff, 0x80, 0x4f, 0xfd, 0xc1, 0x00, 0x19, 0xff, 0xe1, 0x4f, 0xfe,
    0x10, 0x00, 0x00, 0xdf, 0xf4, 0x4f, 0xfb, 0x00, 0x00, 0x00, 0x9f, 0xf8, 0x4f, 0xf8, 0x00, 0x00,
    0x00, 0x8f, 0xf8, 0x4f, 0xf8, 0x00, 0x00, 0x00, 0x8f, 0xf8, 0x4f, 0xf8, 0x00, 0x00, 0x00, 0x8f,
    0xf8, 0x4f, 0xf8, 0x00, 0x00, 0x00, 0x8f, 0xf8, 0x4f, 0xf8, 0x00, 0x00, 0x00, 0x8f, 0xf8, 0x4f,
    0xf8, 0x00, 0x00, 0x00, 0x8f, 0xf8, 0x4f, 0xf8, 0x00, 0x00, 0x00, 0x8f, 0xf8, 0x4f, 0xf8, 0x00,
    0x00, 0x00, 0x8f, 0xf8, 0x4f, 0xf8, 0x00, 0x00, 0x00, 0x8f, 0xf8, 0x4f, 0xf8, 0x00, 0x00, 0x00,
    0x8f, 0xf8, 0x4f, 0xf8, 0x00, 0x00, 0x00, 0x8f, 0xf8, 0x00, 0x08, 0xbb, 0x70, 0x00, 0x00, 0x00,
    0x00, 0x00, 0x05, 0xff, 0xd1, 0x00, 0x00, 0x00, 0x00, 0x00, 0x01, 0xdf, 0xf4, 0x00, 0x00, 0x00,
    0x00, 0x00, 0x00, 0x8f, 0xf8, 0x00, 0x00, 0x00, 0x00, 0x00, 0x00, 0x2b, 0xb9, 0x00, 0x00, 0x00,
    0x00, 0x00, 0x00, 0x00, 0x00, 0x00, 0x00, 0x00, 0x00, 0x00, 0x00, 0x00, 0x00, 0x00, 0x00, 0x00,
    0x00, 0x00, 0x00, 0x00, 0x00, 0x00, 0x28, 0x84, 0x04, 0x9b, 0xb9, 0x40, 0x00, 0x00, 0x04, 0xff,
    0x86, 0xff, 0xff, 0xff, 0x90, 0x00, 0x00, 0x4f, 0xf9, 0xff, 0xbb, 0xef, 0xff, 0x80, 0x00, 0x04,
    0xff, 0xdc, 0x10, 0x01, 0x9f, 0xfe, 0x10, 0x00, 0x4f, 0xfe, 0x10, 0x00, 0x00, 0xdf, 0xf4, 0x00,
    0x04, 0xff, 0xb0, 0x00, 0x00, 0x09, 0xff, 0x80, 0x00, 0x4f, 0xf8, 0x00, 0x00, 0x00, 0x8f, 0xf8,
    0x00, 0x04, 0xff, 0x80, 0x00, 0x00, 0x08, 0xff, 0x80, 0x00, 0x4f, 0xf8, 0x00, 0x00, 0x00, 0x8f,
    0xf8, 0x00, 0x04, 0xff, 0x80, 0x00, 0x00, 0x08, 0xff, 0x80, 0x00, 0x4f, 0xf8, 0x00, 0x00, 0x00,
    0x8f, 0xf8, 0x00, 0x04, 0xff, 0x80, 0x00, 0x00, 0x08, 0xff, 0x80, 0x00, 0x4f, 0xf8, 0x00, 0x00,
    0x00, 0x8f, 0xf8, 0x00, 0x04, 0xff, 0x80, 0x00, 0x00, 0x08, 0xff, 0x80, 0x00, 0x4f, 0xf8, 0x00,
    0x00, 0x00, 0x8f, 0xf8, 0x00, 0x04, 0xff, 0x80, 0x00, 0x00, 0x08, 0xff, 0x80, 0x00, 0x4f, 0xf8,
    0x00, 0x00, 0x00, 0x8f, 0xf8, 0x8f, 0xff, 0x90, 0x00, 0x00, 0x4f, 0xf8, 0x8f, 0xff, 0xe1, 0x00,
    0x00, 0x4f, 0xf8, 0x8f, 0xff, 0xf6, 0x00, 0x00, 0x4f, 0xf8, 0x8f, 0xfe, 0xfc, 0x00, 0x00, 0x4f,
    0xf8, 0x8f, 0xfb, 0xff, 0x30, 0x00, 0x4f, 0xf8, 0x8f, 0xf6, 0xff, 0x90, 0x00, 0x4f, 0xf8, 0x8f,
    0xf4, 0x9f, 0xe1, 0x00, 0x4f, 0xf8, 0x8f, 0xf4, 0x4f, 0xf6, 0x00, 0x4f, 0xf8, 0x8f, 0xf4, 0x0d,
    0xfd, 0x00, 0x4f, 0xf8, 0x8f, 0xf4, 0x07, 0xff, 0x40, 0x4f, 0xf8, 0x8f, 0xf4, 0x01, 0xef, 0x90,
    0x4f, 0xf8, 0x8f, 0xf4, 0x00, 0x9f, 0xf1, 0x4f, 0xf8, 0x8f, 0xf4, 0x00, 0x3f, 0xf7, 0x4f, 0xf8,
    0x8f, 0xf4, 0x00, 0x0c, 0xfd, 0x4f, 0xf8, 0x8f, 0xf4, 0x00, 0x06, 0xff, 0x8f, 0xf8, 0x8f, 0xf4,
    0x00, 0x00, 0xef, 0xaf, 0xf8, 0x8f, 0xf4, 0x00, 0x00, 0x8f, 0xff, 0xf8, 0x8f, 0xf4, 0x00, 0x00,
    0x2f, 0xff, 0xf8, 0x8f, 0xf4, 0x00, 0x00, 0x0b, 0xff, 0xf8, 0x8f, 0xf4, 0x00, 0x00, 0x05, 0xff,
    0xf8, 0x8f, 0xf4, 0x00, 0x00, 0x00, 0xdf, 0xf8, 0x8f, 0xf4, 0x00, 0x00, 0x00, 0x8f, 0xf8, 0x00,
    0x00, 0x00, 0x00, 0x00, 0xaf, 0xf6, 0x00, 0x00, 0x00, 0x00, 0x03, 0xff, 0xf2, 0x00, 0x00, 0x03,
    0x45, 0x8e, 0xff, 0xb0, 0x00, 0x00, 0x0b, 0xff, 0xff, 0xfc, 0x10, 0x00, 0x00, 0x0b, 0xff, 0xff,
    0x91, 0x00, 0x00, 0x00, 0x06, 0x87, 0x41, 0x00, 0x00, 0x28, 0x86, 0x04, 0x9b, 0xb9, 0x40, 0x00,
    0x4f, 0xfb, 0x6f, 0xff, 0xff, 0xf9, 0x00, 0x4f, 0xfc, 0xef, 0xbb, 0xef, 0xff, 0x80, 0x4f, 0xff,
    0xc1, 0x00, 0x19, 0xff, 0xe0, 0x4f, 0xff, 0x20, 0x00, 0x01, 0xef, 0xf4, 0x4f, 0xfb, 0x00, 0x00,
    0x00, 0xaf, 0xf4, 0x4f, 0xfb, 0x00, 0x00, 0x00, 0x8f, 0xf4, 0x4f, 0xfb, 0x00, 0x00, 0x00, 0x8f,
    0xf4, 0x4f, 0xfb, 0x00, 0x00, 0x00, 0x8f, 0xf4, 0x4f, 0xfb, 0x00, 0x00, 0x00, 0x8f, 0xf4, 0x4f,
    0xfb, 0x00, 0x00, 0x00, 0x8f, 0xf4, 0x4f, 0xfb, 0x00, 0x00, 0x00, 0x8f, 0xf4, 0x4f, 0xfb, 0x00,
    0x00, 0x00, 0x8f, 0xf4, 0x4f, 0xfb, 0x00, 0x00, 0x00, 0x8f, 0xf4, 0x4f, 0xfb, 0x00, 0x00, 0x00,
    0x8f, 0xf4, 0x4f, 0xfb, 0x00, 0x00, 0x00, 0x8f, 0xf4, 0x4f, 0xfb, 0x00, 0x00, 0x00, 0x8f, 0xf4,
    0x00, 0x00, 0x00, 0x00, 0x00, 0xcf, 0xf4, 0x00, 0x00, 0x00, 0x00, 0x04, 0xff, 0xf1, 0x00, 0x00,
    0x03, 0x45, 0x8f, 0xff, 0x90, 0x00, 0x00, 0x0b, 0xff, 0xff, 0xfc, 0x10, 0x00, 0x00, 0x0b, 0xff,
    0xff, 0x81, 0x00, 0x00, 0x00, 0x06, 0x87, 0x41, 0x00, 0x00, 0x00, 0x88, 0x88, 0x88, 0x88, 0x88,
    0x00, 0x00, 0xff, 0xff, 0xff, 0xff, 0xff, 0x00, 0x00, 0xff, 0xff, 0xff, 0xff, 0xff, 0x00, 0x00,
    0x00, 0x00, 0x00, 0x00, 0x00, 0x00, 0x00, 0x00, 0x00, 0x00, 0x00, 0x00, 0x00, 0x00, 0x00, 0x01,
    0x44, 0x10, 0x00, 0x00, 0x00, 0x06, 0xcf, 0xff, 0xfc, 0x60, 0x00, 0x00, 0x9f, 0xff, 0xff, 0xff,
    0xf9, 0x00, 0x08, 0xff, 0xfa, 0x88, 0xaf, 0xff, 0x80, 0x0e, 0xff, 0x60, 0x00, 0x06, 0xff, 0xe0,
    0x4f, 0xfc, 0x00, 0x00, 0x00, 0xcf, 0xf4, 0x8f, 0xf8, 0x00, 0x00, 0x00, 0x8f, 0xf8, 0x8f, 0xf8,
    0x00, 0x00, 0x00, 0x8f, 0xf8, 0x8f, 0xf8, 0x00, 0x00, 0x00, 0x8f, 0xf8, 0x8f, 0xf8, 0x00, 0x00,
    0x00, 0x8f, 0xf8, 0x8f, 0xf8, 0x00, 0x00, 0x00, 0x8f, 0xf8, 0x8f, 0xf8, 0x00, 0x00, 0x00, 0x8f,
    0xf8, 0x8f, 0xf8, 0x00, 0x00, 0x00, 0x8f, 0xf8, 0x8f, 0xf8, 0x00, 0x00, 0x00, 0x8f, 0xf8, 0x8f,
    0xf8, 0x00, 0x00, 0x00, 0x8f, 0xf8, 0x8f, 0xf8, 0x00, 0x00, 0x00, 0x8f, 0xf8, 0x8f, 0xf8, 0x00,
    0x00, 0x00, 0x8f, 0xf8, 0x8f, 0xf8, 0x00, 0x00, 0x00, 0x8f, 0xf8, 0x4f, 0xfa, 0x00, 0x00, 0x00,
    0xaf, 0xf4, 0x1e, 0xff, 0x40, 0x00, 0x04, 0xff, 0xe1, 0x08, 0xff, 0xf9, 0x66, 0x9f, 0xff, 0x80,
    0x01, 0xcf, 0xff, 0xff, 0xff, 0xfc, 0x10, 0x00, 0x08, 0xef, 0xff, 0xfe, 0x80, 0x00, 0x00, 0x00,
    0x03, 0x44, 0x30, 0x00, 0x00, 0x00, 0x88, 0x88, 0x88, 0x88, 0x88, 0x00, 0x00, 0xff, 0xff, 0xff,
    0xff, 0xff, 0x00, 0x00, 0xff, 0xff, 0xff, 0xff, 0xff, 0x00, 0x00, 0x00, 0x00, 0x00, 0x00, 0x00,
    0x00, 0x00, 0x00, 0x00, 0x00, 0x00, 0x00, 0x00, 0x00, 0x00, 0x00, 0x00, 0x00, 0x00, 0x00, 0x00,
    0x01, 0x69, 0xbb, 0x96, 0x10, 0x00, 0x00, 0x5e, 0xff, 0xff, 0xff, 0xe5, 0x00, 0x04, 0xff, 0xff,
    0xee, 0xff, 0xff, 0x40, 0x0d, 0xff, 0xa2, 0x00, 0x2a, 0xff, 0xd0, 0x5f, 0xfd, 0x00, 0x00, 0x00,
    0xdf, 0xf5, 0x8f, 0xf8, 0x00, 0x00, 0x00, 0x8f, 0xf8, 0x8f, 0xf6, 0x00, 0x00, 0x00, 0x6f, 0xf8,
    0x8f, 0xf4, 0x00, 0x00, 0x00, 0x4f, 0xf8, 0x8f, 0xf4, 0x00, 0x00, 0x00, 0x4f, 0xf8, 0x8f, 0xf4,
    0x00, 0x00, 0x00, 0x4f, 0xf8, 0x8f, 0xf4, 0x00, 0x00, 0x00, 0x4f, 0xf8, 0x8f, 0xf8, 0x00, 0x00,
    0x00, 0x8f, 0xf8, 0x7f, 0xf9, 0x00, 0x00, 0x00, 0x9f, 0xf7, 0x2f, 0xff, 0x30, 0x00, 0x03, 0xff,
    0xf2, 0x08, 0xff, 0xf9, 0x77, 0x9f, 0xff, 0x80, 0x01, 0xcf, 0xff, 0xff, 0xff, 0xfc, 0x10, 0x00,
    0x08, 0xdf, 0xff, 0xfd, 0x80, 0x00, 0x00, 0x00, 0x02, 0x44, 0x20, 0x00, 0x00, 0x00, 0x88, 0x40,
    0x00, 0x04, 0x88, 0x00, 0x00, 0xcf, 0x90, 0x00, 0x09, 0xfc, 0x00, 0x00, 0x8f, 0xf7, 0x01, 0x7f,
    0xf8, 0x00, 0x00, 0x0b, 0xff, 0xff, 0xff, 0xb0, 0x00, 0x00, 0x00, 0x6a, 0xcc, 0xa6, 0x00, 0x00,
    0x00, 0x00, 0x00, 0x00, 0x00, 0x00, 0x00, 0x00, 0x00, 0x01, 0x44, 0x10, 0x00, 0x00, 0x00, 0x06,
    0xcf, 0xff, 0xfc, 0x60, 0x00, 0x00, 0x9f, 0xff, 0xff, 0xff, 0xf9, 0x00, 0x08, 0xff, 0xfa, 0x88,
    0xaf, 0xff, 0x80, 0x0e, 0xff, 0x60, 0x00, 0x06, 0xff, 0xe0, 0x4f, 0xfc, 0x00, 0x00, 0x00, 0xcf,
    0xf4, 0x8f, 0xf8, 0x00, 0x00, 0x00, 0x8f, 0xf8, 0x8f, 0xf8, 0x00, 0x00, 0x00, 0x8f, 0xf8, 0x8f,
    0xf8, 0x00, 0x00, 0x00, 0x8f, 0xf8, 0x8f, 0xf8, 0x00, 0x00, 0x00, 0x8f, 0xf8, 0x8f, 0xf8, 0x00,
    0x00, 0x00, 0x8f, 0xf8, 0x8f, 0xf8, 0x00, 0x00, 0x00, 0x8f, 0xf8, 0x8f, 0xf8, 0x00, 0x00, 0x00,
    0x8f, 0xf8, 0x8f, 0xf8, 0x00, 0x00, 0x00, 0x8f, 0xf8, 0x8f, 0xf8, 0x00, 0x00, 0x00, 0x8f, 0xf8,
    0x8f, 0xf8, 0x00, 0x00, 0x00, 0x8f, 0xf8, 0x8f, 0xf8, 0x00, 0x00, 0x00, 0x8f, 0xf8, 0x8f, 0xf8,
    0x00, 0x00, 0x00, 0x8f, 0xf8, 0x4f, 0xfa, 0x00, 0x00, 0x00, 0xaf, 0xf4, 0x1e, 0xff, 0x40, 0x00,
    0x04, 0xff, 0xe1, 0x08, 0xff, 0xf9, 0x66, 0x9f, 0xff, 0x80, 0x01, 0xcf, 0xff, 0xff, 0xff, 0xfc,
    0x10, 0x00, 0x08, 0xef, 0xff, 0xfe, 0x80, 0x00, 0x00, 0x00, 0x03, 0x44, 0x30, 0x00, 0x00, 0x00,
    0x88, 0x40, 0x00, 0x04, 0x88, 0x00, 0x00, 0xbf, 0x90, 0x00, 0x09, 0xfb, 0x00, 0x00, 0x7f, 0xf8,
    0x11, 0x8f, 0xf7, 0x00, 0x00, 0x09, 0xff, 0xff, 0xff, 0x90, 0x00, 0x00, 0x00, 0x6a, 0xbb, 0xa6,
    0x00, 0x00, 0x00, 0x00, 0x00, 0x00, 0x00, 0x00, 0x00, 0x00, 0x00, 0x00, 0x00, 0x00, 0x00, 0x00,
    0x00, 0x01, 0x69, 0xbb, 0x96, 0x10, 0x00, 0x00, 0x5e, 0xff, 0xff, 0xff, 0xe5, 0x00, 0x04, 0xff,
    0xff, 0xee, 0xff, 0xff, 0x40, 0x0d, 0xff, 0xa2, 0x00, 0x2a, 0xff, 0xd0, 0x5f, 0xfd, 0x00, 0x00,
    0x00, 0xdf, 0xf5, 0x8f, 0xf8, 0x00, 0x00, 0x00, 0x8f, 0xf8, 0x8f, 0xf6, 0x00, 0x00, 0x00, 0x6f,
    0xf8, 0x8f, 0xf4, 0x00, 0x00, 0x00, 0x4f, 0xf8, 0x8f, 0xf4, 0x00, 0x00, 0x00, 0x4f, 0xf8, 0x8f,
    0xf4, 0x00, 0x00, 0x00, 0x4f, 0xf8, 0x8f, 0xf4, 0x00, 0x00, 0x00, 0x4f, 0xf8, 0x8f, 0xf8, 0x00,
    0x00, 0x00, 0x8f, 0xf8, 0x7f, 0xf9, 0x00, 0x00, 0x00, 0x9f, 0xf7, 0x2f, 0xff, 0x30, 0x00, 0x03,
    0xff, 0xf2, 0x08, 0xff, 0xf9, 0x77, 0x9f, 0xff, 0x80, 0x01, 0xcf, 0xff, 0xff, 0xff, 0xfc, 0x10,
    0x00, 0x08, 0xdf, 0xff, 0xfd, 0x80, 0x00, 0x00, 0x00, 0x02, 0x44, 0x20, 0x00, 0x00, 0x00, 0x00,
    0x05, 0x88, 0x30, 0x18, 0x87, 0x00, 0x00, 0x05, 0xff, 0x90, 0x0b, 0xff, 0x30, 0x00, 0x02, 0xef,
    0xc1, 0x08, 0xff, 0x60, 0x00, 0x01, 0xcf, 0xe2, 0x05, 0xff, 0x80, 0x00, 0x00, 0x6b, 0xb3, 0x01,
    0xab, 0x90, 0x00, 0x00, 0x00, 0x00, 0x00, 0x00, 0x00, 0x00, 0x00, 0x00, 0x00, 0x01, 0x44, 0x10,
    0x00, 0x00, 0x00, 0x00, 0x6c, 0xff, 0xff, 0xc6, 0x00, 0x00, 0x00, 0x9f, 0xff, 0xff, 0xff, 0xf9,
    0x00, 0x00, 0x8f, 0xff, 0xa8, 0x8a, 0xff, 0xf8, 0x00, 0x0e, 0xff, 0x60, 0x00, 0x06, 0xff, 0xe0,
    0x04, 0xff, 0xc0, 0x00, 0x00, 0x0c, 0xff, 0x40, 0x8f, 0xf8, 0x00, 0x00, 0x00, 0x8f, 0xf8, 0x08,
    0xff, 0x80, 0x00, 0x00, 0x08, 0xff, 0x80, 0x8f, 0xf8, 0x00, 0x00, 0x00, 0x8f, 0xf8, 0x08, 0xff,
    0x80, 0x00, 0x00, 0x08, 0xff, 0x80, 0x8f, 0xf8, 0x00, 0x00, 0x00, 0x8f, 0xf8, 0x08, 0xff, 0x80,
    0x00, 0x00, 0x08, 0xff, 0x80, 0x8f, 0xf8, 0x00, 0x00, 0x00, 0x8f, 0xf8, 0x08, 0xff, 0x80, 0x00,
    0x00, 0x08, 0xff, 0x80, 0x8f, 0xf8, 0x00, 0x00, 0x00, 0x8f, 0xf8, 0x08, 0xff, 0x80, 0x00, 0x00,
    0x08, 0xff, 0x80, 0x8f, 0xf8, 0x00, 0x00, 0x00, 0x8f, 0xf8, 0x08, 0xff, 0x80, 0x00, 0x00, 0x08,
    0xff, 0x80, 0x4f, 0xfa, 0x00, 0x00, 0x00, 0xaf, 0xf4, 0x01, 0xef, 0xf4, 0x00, 0x00, 0x4f, 0xfe,
    0x10, 0x08, 0xff, 0xf9, 0x66, 0x9f, 0xff, 0x80, 0x00, 0x1c, 0xff, 0xff, 0xff, 0xff, 0xc1, 0x00,
    0x00, 0x08, 0xef, 0xff, 0xfe, 0x80, 0x00, 0x00, 0x00, 0x00, 0x34, 0x43, 0x00, 0x00, 0x00, 0x00,
    0x00, 0x06, 0x88, 0x20, 0x18, 0x87, 0x00, 0x00, 0x05, 0xff, 0x90, 0x0b, 0xfe, 0x30, 0x00, 0x03,
    0xef, 0xc0, 0x08, 0xff, 0x60, 0x00, 0x01, 0xcf, 0xe1, 0x06, 0xff, 0x80, 0x00, 0x00, 0x6b, 0xb3,
    0x01, 0xab, 0x80, 0x00, 0x00, 0x00, 0x00, 0x00, 0x00, 0x00, 0x00, 0x00, 0x00, 0x00, 0x00, 0x00,
    0x00, 0x00, 0x00, 0x00, 0x00, 0x16, 0x9b, 0xb9, 0x61, 0x00, 0x00, 0x00, 0x5e, 0xff, 0xff, 0xff,
    0xe5, 0x00, 0x00, 0x4f, 0xff, 0xfe, 0xef, 0xff, 0xf4, 0x00, 0x0d, 0xff, 0xa2, 0x00, 0x2a, 0xff,
    0xd0, 0x05, 0xff, 0xd0, 0x00, 0x00, 0x0d, 0xff, 0x50, 0x8f, 0xf8, 0x00, 0x00, 0x00, 0x8f, 0xf8,
    0x08, 0xff, 0x60, 0x00, 0x00, 0x06, 0xff, 0x80, 0x8f, 0xf4, 0x00, 0x00, 0x00, 0x4f, 0xf8, 0x08,
    0xff, 0x40, 0x00, 0x00, 0x04, 0xff, 0x80, 0x8f, 0xf4, 0x00, 0x00, 0x00, 0x4f, 0xf8, 0x08, 0xff,
    0x40, 0x00, 0x00, 0x04, 0xff, 0x80, 0x8f, 0xf8, 0x00, 0x00, 0x00, 0x8f, 0xf8, 0x07, 0xff, 0x90,
    0x00, 0x00, 0x09, 0xff, 0x70, 0x2f, 0xff, 0x30, 0x00, 0x03, 0xff, 0xf2, 0x00, 0x8f, 0xff, 0x97,
    0x79, 0xff, 0xf8, 0x00, 0x01, 0xcf, 0xff, 0xff, 0xff, 0xfc, 0x10, 0x00, 0x00, 0x8d, 0xff, 0xff,
    0xd8, 0x00, 0x00, 0x00, 0x00, 0x02, 0x44, 0x20, 0x00, 0x00, 0x00, 0x00, 0x00, 0x42, 0x00, 0x00,
    0x00, 0x00, 0x00, 0x00, 0x18, 0xff, 0xfb, 0x1b, 0xff, 0xff, 0xff, 0xf4, 0x0a, 0xff, 0xff, 0xfb,
    0xbf, 0xff, 0xff, 0xff, 0x44, 0xff, 0xfa, 0x88, 0xfd, 0xff, 0xbb, 0xbb, 0xb3, 0x9f, 0xf9, 0x00,
    0x05, 0xff, 0xf0, 0x00, 0x00, 0x0b, 0xff, 0x30, 0x00, 0x0e, 0xff, 0x00, 0x00, 0x00, 0xbf, 0xf0,
    0x00, 0x00, 0xbf, 0xf0, 0x00, 0x00, 0x0b, 0xff, 0x00, 0x00, 0x0b, 0xff, 0x00, 0x00, 0x00, 0xbf,
    0xf0, 0x00, 0x00, 0xbf, 0xf0, 0x00, 0x00, 0x0b, 0xff, 0x00, 0x00, 0x0b, 0xff, 0x00, 0x00, 0x00,
    0xbf, 0xf0, 0x00, 0x00, 0xbf, 0xfb, 0xbb, 0xb6, 0x0b, 0xff, 0x00, 0x00, 0x0b, 0xff, 0xff, 0xff,
    0x80, 0xbf, 0xf0, 0x00, 0x00, 0xbf, 0xff, 0xff, 0xf8, 0x0b, 0xff, 0x00, 0x00, 0x0b, 0xff, 0x00,
    0x00, 0x00, 0xbf, 0xf0, 0x00, 0x00, 0xbf, 0xf0, 0x00, 0x00, 0x0b, 0xff, 0x00, 0x00, 0x0b, 0xff,
    0x00, 0x00, 0x00, 0xbf, 0xf0, 0x00, 0x00, 0xbf, 0xf0, 0x00, 0x00, 0x0b, 0xff, 0x00, 0x00, 0x0b,
    0xff, 0x00, 0x00, 0x00, 0xbf, 0xf3, 0x00, 0x00, 0xef, 0xf0, 0x00, 0x00, 0x09, 0xff, 0x80, 0x00,
    0x4f, 0xff, 0x00, 0x00, 0x00, 0x5f, 0xff, 0x95, 0x8e, 0xdf, 0xfb, 0xbb, 0xbb, 0x30, 0xbf, 0xff,
    0xff, 0xbb, 0xff, 0xff, 0xff, 0xf4, 0x01, 0xaf, 0xff, 0xc1, 0xbf, 0xff, 0xff, 0xff, 0x40, 0x00,
    0x24, 0x30, 0x00, 0x00, 0x00, 0x00, 0x00, 0x00, 0x6b, 0xba, 0x50, 0x05, 0xab, 0xb6, 0x00, 0x0c,
    0xff, 0xff, 0xf8, 0x8f, 0xff, 0xff, 0xc0, 0x7f, 0xfe, 0x9c, 0xfe, 0xef, 0xc9, 0xef, 0xf7, 0xbf,
    0xf2, 0x00, 0xaf, 0xfa, 0x00, 0x2f, 0xfb, 0xff, 0xb0, 0x00, 0x6f, 0xf6, 0x00, 0x0b, 0xff, 0xff,
    0xb0, 0x00, 0x4f, 0xf4, 0x00, 0x0b, 0xff, 0xff, 0xb0, 0x00, 0x4f, 0xf4, 0x00, 0x0b, 0xff, 0xff,
    0xb0, 0x00, 0x4f, 0xfc, 0xbb, 0xbe, 0xff, 0xff, 0xb0, 0x00, 0x4f, 0xff, 0xff, 0xff, 0xff, 0xff,
    0xb0, 0x00, 0x4f, 0xf9, 0x88, 0x88, 0x88, 0xff, 0xb0, 0x00, 0x4f, 0xf4, 0x00, 0x00, 0x00, 0xff,
    0xb0, 0x00, 0x4f, 0xf4, 0x00, 0x00, 0x00, 0xff, 0xb0, 0x00, 0x4f, 0xf4, 0x00, 0x00, 0x00, 0xdf,
    0xd0, 0x00, 0x8f, 0xf8, 0x00, 0x0a, 0xb8, 0x9f, 0xf8, 0x25, 0xef, 0xfe, 0x52, 0x9f, 0xf8, 0x3f,
    0xff, 0xff, 0xfb, 0xbf, 0xff, 0xff, 0xe1, 0x05, 0xdf, 0xff, 0xc3, 0x3c, 0xff, 0xfd, 0x30, 0x00,
    0x04, 0x43, 0x00, 0x00, 0x34, 0x30, 0x00, 0x00, 0x00, 0x00, 0x00, 0x78, 0x83, 0x00, 0x00, 0x00,
    0x00, 0x00, 0x7f, 0xfa, 0x00, 0x00, 0x00, 0x00, 0x00, 0x3f, 0xfc, 0x10, 0x00, 0x00, 0x00, 0x00,
    0x1d, 0xfe, 0x30, 0x00, 0x00, 0x00, 0x00, 0x07, 0xbb, 0x50, 0x00, 0x00, 0x00, 0x00, 0x00, 0x00,
    0x00, 0x00, 0x00, 0x00, 0x00, 0x00, 0x00, 0x00, 0x00, 0x00, 0x00, 0x04, 0xff, 0xff, 0xff, 0xfb,
    0xa5, 0x00, 0x00, 0x4f, 0xff, 0xff, 0xff, 0xff, 0xfb, 0x10, 0x04, 0xff, 0xdb, 0xbb, 0xbd, 0xff,
    0xfc, 0x10, 0x4f, 0xf8, 0x00, 0x00, 0x04, 0xef, 0xf8, 0x04, 0xff, 0x80, 0x00, 0x00, 0x06, 0xff,
    0xd0, 0x4f, 0xf8, 0x00, 0x00, 0x00, 0x0f, 0xff, 0x04, 0xff, 0x80, 0x00, 0x00, 0x00, 0xff, 0xf4,
    0x4f, 0xf8, 0x00, 0x00, 0x00, 0x0f, 0xff, 0x04, 0xff, 0x80, 0x00, 0x00, 0x07, 0xff, 0xd0, 0x4f,
    0xf8, 0x00, 0x00, 0x05, 0xef, 0xf8, 0x04, 0xff, 0xdb, 0xbb, 0xbe, 0xff, 0xfc, 0x00, 0x4f, 0xff,
    0xff, 0xff, 0xff, 0xfb, 0x10, 0x04, 0xff, 0xdb, 0xbb, 0xff, 0xf7, 0x00, 0x00, 0x4f, 0xf8, 0x00,
    0x0a, 0xff, 0x80, 0x00, 0x04, 0xff, 0x80, 0x00, 0x4f, 0xfe, 0x10, 0x00, 0x4f, 0xf8, 0x00, 0x00,
    0xbf, 0xf6, 0x00, 0x04, 0xff, 0x80, 0x00, 0x06, 0xff, 0xd0, 0x00, 0x4f, 0xf8, 0x00, 0x00, 0x0d,
    0xff, 0x60, 0x04, 0xff, 0x80, 0x00, 0x00, 0x6f, 0xfc, 0x00, 0x4f, 0xf8, 0x00, 0x00, 0x01, 0xef,
    0xf4, 0x04, 0xff, 0x80, 0x00, 0x00, 0x08, 0xff, 0xb0, 0x4f, 0xf8, 0x00, 0x00, 0x00, 0x1f, 0xff,
    0x40, 0x00, 0x00, 0x00, 0x03, 0x88, 0x70, 0x00, 0x00, 0x00, 0x00, 0x1c, 0xff, 0x40, 0x00, 0x00,
    0x00, 0x00, 0x9f, 0xf7, 0x00, 0x00, 0x00, 0x00, 0x06, 0xff, 0x90, 0x00, 0x00, 0x00, 0x00, 0x1a,
    0xba, 0x10, 0x00, 0x00, 0x00, 0x00, 0x00, 0x00, 0x00, 0x00, 0x00, 0x00, 0x00, 0x00, 0x00, 0x00,
    0x00, 0x00, 0x68, 0x82, 0x06, 0xab, 0xb8, 0x20, 0x00, 0xbf, 0xf4, 0xcf, 0xff, 0xff, 0xf6, 0x00,
    0xbf, 0xfa, 0xfe, 0xbc, 0xff, 0xff, 0x20, 0xbf, 0xff, 0x70, 0x00, 0x2c, 0xff, 0x90, 0xbf, 0xf9,
    0x00, 0x00, 0x04, 0xff, 0xe0, 0xbf, 0xf5, 0x00, 0x00, 0x00, 0xff, 0xf0, 0xbf, 0xf4, 0x00, 0x00,
    0x00, 0xff, 0xf0, 0xbf, 0xf4, 0x00, 0x00, 0x00, 0xbb, 0xb0, 0xbf, 0xf4, 0x00, 0x00, 0x00, 0x00,
    0x00, 0xbf, 0xf4, 0x00, 0x00, 0x00, 0x00, 0x00, 0xbf, 0xf4, 0x00, 0x00, 0x00, 0x00, 0x00, 0xbf,
    0xf4, 0x00, 0x00, 0x00, 0x00, 0x00, 0xbf, 0xf4, 0x00, 0x00, 0x00, 0x00, 0x00, 0xbf, 0xf4, 0x00,
    0x00, 0x00, 0x00, 0x00, 0xbf, 0xf4, 0x00, 0x00, 0x00, 0x00, 0x00, 0xbf, 0xf4, 0x00, 0x00, 0x00,
    0x00, 0x00, 0xbf, 0xf4, 0x00, 0x00, 0x00, 0x00, 0x00, 0x4f, 0xff, 0xff, 0xff, 0xba, 0x50, 0x00,
    0x04, 0xff, 0xff, 0xff, 0xff, 0xff, 0xb1, 0x00, 0x4f, 0xfd, 0xbb, 0xbb, 0xdf, 0xff, 0xc1, 0x04,
    0xff, 0x80, 0x00, 0x00, 0x4e, 0xff, 0x80, 0x4f, 0xf8, 0x00, 0x00, 0x00, 0x6f, 0xfd, 0x04, 0xff,
    0x80, 0x00, 0x00, 0x00, 0xff, 0xf0, 0x4f, 0xf8, 0x00, 0x00, 0x00, 0x0f, 0xff, 0x44, 0xff, 0x80,
    0x00, 0x00, 0x00, 0xff, 0xf0, 0x4f, 0xf8, 0x00, 0x00, 0x00, 0x7f, 0xfd, 0x04, 0xff, 0x80, 0x00,
    0x00, 0x5e, 0xff, 0x80, 0x4f, 0xfd, 0xbb, 0xbb, 0xef, 0xff, 0xc0, 0x04, 0xff, 0xff, 0xff, 0xff,
    0xff, 0xb1, 0x00, 0x4f, 0xfd, 0xbb, 0xbf, 0xff, 0x70, 0x00, 0x04, 0xff, 0x80, 0x00, 0xaf, 0xf8,
    0x00, 0x00, 0x4f, 0xf8, 0x00, 0x04, 0xff, 0xe1, 0x00, 0x04, 0xff, 0x80, 0x00, 0x0b, 0xff, 0x60,
    0x00, 0x4f, 0xf8, 0x00, 0x00, 0x6f, 0xfd, 0x00, 0x04, 0xff, 0x80, 0x00, 0x00, 0xdf, 0xf6, 0x00,
    0x4f, 0xf8, 0x00, 0x00, 0x06, 0xff, 0xc0, 0x04, 0xff, 0x80, 0x00, 0x00, 0x1e, 0xff, 0x40, 0x4f,
    0xf8, 0x00, 0x00, 0x00, 0x8f, 0xfb, 0x04, 0xff, 0x80, 0x00, 0x00, 0x01, 0xff, 0xf4, 0x00, 0x00,
    0x00, 0x00, 0x00, 0x00, 0x00, 0x00, 0x00, 0x00, 0x00, 0x00, 0x00, 0x00, 0x00, 0x00, 0x00, 0x00,
    0x24, 0x43, 0x00, 0x00, 0x00, 0x00, 0x00, 0x1d, 0xff, 0x60, 0x00, 0x00, 0x00, 0x00, 0x08, 0xff,
    0x90, 0x00, 0x00, 0x00, 0x00, 0x04, 0xff, 0xc1, 0x00, 0x00, 0x00, 0x00, 0x01, 0xdf, 0xf3, 0x00,
    0x00, 0x00, 0x00, 0x00, 0x14, 0x43, 0x00, 0x00, 0x00, 0x00, 0x00, 0x06, 0x88, 0x20, 0x6a, 0xbb,
    0x82, 0x00, 0x00, 0x00, 0xbf, 0xf4, 0xcf, 0xff, 0xff, 0xf6, 0x00, 0x00, 0x0b, 0xff, 0xaf, 0xeb,
    0xcf, 0xff, 0xf2, 0x00, 0x00, 0xbf, 0xff, 0x70, 0x00, 0x2c, 0xff, 0x90, 0x00, 0x0b, 0xff, 0x90,
    0x00, 0x00, 0x4f, 0xfe, 0x00, 0x00, 0xbf, 0xf5, 0x00, 0x00, 0x00, 0xff, 0xf0, 0x00, 0x0b, 0xff,
    0x40, 0x00, 0x00, 0x0f, 0xff, 0x00, 0x00, 0xbf, 0xf4, 0x00, 0x00, 0x00, 0xbb, 0xb0, 0x00, 0x0b,
    0xff, 0x40, 0x00, 0x00, 0x00, 0x00, 0x00, 0x00, 0xbf, 0xf4, 0x00, 0x00, 0x00, 0x00, 0x00, 0x00,
    0x0b, 0xff, 0x40, 0x00, 0x00, 0x00, 0x00, 0x00, 0x00, 0xbf, 0xf4, 0x00, 0x00, 0x00, 0x00, 0x00,
    0x00, 0x0b, 0xff, 0x40, 0x00, 0x00, 0x00, 0x00, 0x00, 0x00, 0xbf, 0xf4, 0x00, 0x00, 0x00, 0x00,
    0x00, 0x00, 0x0b, 0xff, 0x40, 0x00, 0x00, 0x00, 0x00, 0x00, 0x00, 0xbf, 0xf4, 0x00, 0x00, 0x00,
    0x00, 0x00, 0x00, 0x0b, 0xff, 0x40, 0x00, 0x00, 0x00, 0x00, 0x00, 0x00, 0x00, 0x00, 0x00, 0x00,
    0x00, 0x00, 0x00, 0x00, 0x00, 0x00, 0x00, 0x00, 0x00, 0x00, 0x00, 0x00, 0x00, 0x14, 0x44, 0x10,
    0x00, 0x00, 0x00, 0x00, 0x00, 0x08, 0xff, 0xb0, 0x00, 0x00, 0x00, 0x00, 0x00, 0x04, 0xff, 0xe1,
    0x00, 0x00, 0x00, 0x00, 0x00, 0x01, 0xdf, 0xf4, 0x00, 0x00, 0x00, 0x00, 0x00, 0x00, 0x8f, 0xf8,
    0x00, 0x00, 0x00, 0x00, 0x00, 0x00, 0x04, 0x44, 0x00, 0x00, 0x00, 0x00, 0x00, 0x00, 0x00, 0x03,
    0x88, 0x70, 0x00, 0x07, 0x88, 0x30, 0x00, 0x09, 0xff, 0x90, 0x09, 0xff, 0x90, 0x00, 0x00, 0x09,
    0xff, 0x99, 0xff, 0x90, 0x00, 0x00, 0x00, 0x09, 0xff, 0xff, 0x90, 0x00, 0x00, 0x00, 0x00, 0x08,
    0xbb, 0x80, 0x00, 0x00, 0x00, 0x00, 0x00, 0x00, 0x00, 0x00, 0x00, 0x00, 0x00, 0x00, 0x00, 0x00,
    0x00, 0x00, 0x00, 0x04, 0xff, 0xff, 0xff, 0xfb, 0xa5, 0x00, 0x00, 0x4f, 0xff, 0xff, 0xff, 0xff,
    0xfb, 0x10, 0x04, 0xff, 0xdb, 0xbb, 0xbd, 0xff, 0xfc, 0x10, 0x4f, 0xf8, 0x00, 0x00, 0x04, 0xef,
    0xf8, 0x04, 0xff, 0x80, 0x00, 0x00, 0x06, 0xff, 0xd0, 0x4f, 0xf8, 0x00, 0x00, 0x00, 0x0f, 0xff,
    0x04, 0xff, 0x80, 0x00, 0x00, 0x00, 0xff, 0xf4, 0x4f, 0xf8, 0x00, 0x00, 0x00, 0x0f, 0xff, 0x04,
    0xff, 0x80, 0x00, 0x00, 0x07, 0xff, 0xd0, 0x4f, 0xf8, 0x00, 0x00, 0x05, 0xef, 0xf8, 0x04, 0xff,
    0xdb, 0xbb, 0xbe, 0xff, 0xfc, 0x00, 0x4f, 0xff, 0xff, 0xff, 0xff, 0xfb, 0x10, 0x04, 0xff, 0xdb,
    0xbb, 0xff, 0xf7, 0x00, 0x00, 0x4f, 0xf8, 0x00, 0x0a, 0xff, 0x80, 0x00, 0x04, 0xff, 0x80, 0x00,
    0x4f, 0xfe, 0x10, 0x00, 0x4f, 0xf8, 0x00, 0x00, 0xbf, 0xf6, 0x00, 0x04, 0xff, 0x80, 0x00, 0x06,
    0xff, 0xd0, 0x00, 0x4f, 0xf8, 0x00, 0x00, 0x0d, 0xff, 0x60, 0x04, 0xff, 0x80, 0x00, 0x00, 0x6f,
    0xfc, 0x00, 0x4f, 0xf8, 0x00, 0x00, 0x01, 0xef, 0xf4, 0x04, 0xff, 0x80, 0x00, 0x00, 0x08, 0xff,
    0xb0, 0x4f, 0xf8, 0x00, 0x00, 0x00, 0x1f, 0xff, 0x40, 0x05, 0x88, 0x50, 0x00, 0x38, 0x87, 0x00,
    0x01, 0xcf, 0xf6, 0x03, 0xef, 0xe3, 0x00, 0x00, 0x1c, 0xff, 0x8e, 0xfe, 0x30, 0x00, 0x00, 0x01,
    0xcf, 0xff, 0xe3, 0x00, 0x00, 0x00, 0x00, 0x1a, 0xbb, 0x30, 0x00, 0x00, 0x00, 0x00, 0x00, 0x00,
    0x00, 0x00, 0x00, 0x00, 0x00, 0x00, 0x00, 0x00, 0x00, 0x00, 0x68, 0x82, 0x06, 0xab, 0xb8, 0x20,
    0x00, 0xbf, 0xf4, 0xcf, 0xff, 0xff, 0xf6, 0x00, 0xbf, 0xfa, 0xfe, 0xbc, 0xff, 0xff, 0x20, 0xbf,
    0xff, 0x70, 0x00, 0x2c, 0xff, 0x90, 0xbf, 0xf9, 0x00, 0x00, 0x04, 0xff, 0xe0, 0xbf, 0xf5, 0x00,
    0x00, 0x00, 0xff, 0xf0, 0xbf, 0xf4, 0x00, 0x00, 0x00, 0xff, 0xf0, 0xbf, 0xf4, 0x00, 0x00, 0x00,
    0xbb, 0xb0, 0xbf, 0xf4, 0x00, 0x00, 0x00, 0x00, 0x00, 0xbf, 0xf4, 0x00, 0x00, 0x00, 0x00, 0x00,
    0xbf, 0xf4, 0x00, 0x00, 0x00, 0x00, 0x00, 0xbf, 0xf4, 0x00, 0x00, 0x00, 0x00, 0x00, 0xbf, 0xf4,
    0x00, 0x00, 0x00, 0x00, 0x00, 0xbf, 0xf4, 0x00, 0x00, 0x00, 0x00, 0x00, 0xbf, 0xf4, 0x00, 0x00,
    0x00, 0x00, 0x00, 0xbf, 0xf4, 0x00, 0x00, 0x00, 0x00, 0x00, 0xbf, 0xf4, 0x00, 0x00, 0x00, 0x00,
    0x00, 0x00, 0x00, 0x00, 0x00, 0x78, 0x83, 0x00, 0x00, 0x00, 0x00, 0x07, 0xff, 0xa0, 0x00, 0x00,
    0x00, 0x00, 0x3f, 0xfc, 0x10, 0x00, 0x00, 0x00, 0x01, 0xdf, 0xe3, 0x00, 0x00, 0x00, 0x00, 0x07,
    0xbb, 0x50, 0x00, 0x00, 0x00, 0x00, 0x00, 0x00, 0x00, 0x00, 0x00, 0x00, 0x00, 0x01, 0x44, 0x00,
    0x00, 0x00, 0x00, 0x06, 0xdf, 0xff, 0xfc, 0x50, 0x00, 0x01, 0xbf, 0xff, 0xff, 0xff, 0xf9, 0x00,
    0x08, 0xff, 0xf9, 0x88, 0xbf, 0xff, 0x80, 0x1f, 0xff, 0x30, 0x00, 0x06, 0xff, 0xe0, 0x5f, 0xf9,
    0x00, 0x00, 0x00, 0xcf, 0xf4, 0x8f, 0xf8, 0x00, 0x00, 0x00, 0x6b, 0xb3, 0x7f, 0xf8, 0x00, 0x00,
    0x00, 0x00, 0x00, 0x3f, 0xfe, 0x10, 0x00, 0x00, 0x00, 0x00, 0x0b, 0xff, 0xd6, 0x10, 0x00, 0x00,
    0x00, 0x03, 0xef, 0xff, 0xfc, 0x85, 0x00, 0x00, 0x00, 0x3d, 0xff, 0xff, 0xff, 0xd4, 0x00, 0x00,
    0x00, 0x6a, 0xff, 0xff, 0xff, 0x60, 0x00, 0x00, 0x00, 0x04, 0x8e, 0xff, 0xe2, 0x00, 0x00, 0x00,
    0x00, 0x01, 0xcf, 0xf8, 0x00, 0x00, 0x00, 0x00, 0x00, 0x4f, 0xfc, 0x00, 0x00, 0x00, 0x00, 0x00,
    0x0f, 0xff, 0xff, 0xf0, 0x00, 0x00, 0x00, 0x0f, 0xff, 0xbf, 0xf5, 0x00, 0x00, 0x00, 0x4f, 0xfb,
    0x8f, 0xfd, 0x20, 0x00, 0x01, 0xcf, 0xf8, 0x1e, 0xff, 0xe8, 0x65, 0x8e, 0xff, 0xe1, 0x03, 0xef,
    0xff, 0xff, 0xff, 0xfe, 0x30, 0x00, 0x19, 0xef, 0xff, 0xff, 0x92, 0x00, 0x00, 0x00, 0x03, 0x44,
    0x40, 0x00, 0x00, 0x00, 0x00, 0x00, 0x00, 0x78, 0x82, 0x00, 0x00, 0x00, 0x00, 0x08, 0xff, 0x90,
    0x00, 0x00, 0x00, 0x00, 0x4f, 0xfc, 0x10, 0x00, 0x00, 0x00, 0x01, 0xef, 0xe2, 0x00, 0x00, 0x00,
    0x00, 0x08, 0xbb, 0x40, 0x00, 0x00, 0x00, 0x00, 0x00, 0x00, 0x00, 0x00, 0x00, 0x00, 0x00, 0x00,
    0x00, 0x00, 0x00, 0x00, 0x00, 0x05, 0x8b, 0xbb, 0xb8, 0x30, 0x00, 0x01, 0xbf, 0xff, 0xff, 0xff,
    0xfa, 0x10, 0x0b, 0xff, 0xfb, 0xbb, 0xcf, 0xff, 0xa0, 0x3f, 0xfe, 0x30, 0x00, 0x03, 0xef, 0xf2,
    0x6f, 0xf8, 0x00, 0x00, 0x00, 0x8b, 0xb3, 0x6f, 0xf8, 0x00, 0x00, 0x00, 0x00, 0x00, 0x3f, 0xfe,
    0x63, 0x00, 0x00, 0x00, 0x00, 0x0b, 0xff, 0xff, 0xfd, 0xb8, 0x61, 0x00, 0x01, 0xcf, 0xff, 0xff,
    0xff, 0xfd, 0x30, 0x00, 0x05, 0x89, 0xbe, 0xff, 0xff, 0xd0, 0x00, 0x00, 0x00, 0x00, 0x15, 0xef,
    0xf6, 0x00, 0x00, 0x00, 0x00, 0x00, 0x6f, 0xf8, 0x48, 0x83, 0x00, 0x00, 0x00, 0x4f, 0xf8, 0x8f,
    0xf9, 0x00, 0x00, 0x00, 0x8f, 0xf8, 0x3f, 0xff, 0x95, 0x44, 0x59, 0xff, 0xf2, 0x08, 0xff, 0xff,
    0xff, 0xff, 0xff, 0x80, 0x00, 0x5c, 0xff, 0xff, 0xff, 0xc5, 0x00, 0x00, 0x00, 0x14, 0x44, 0x41,
    0x00, 0x00, 0x00, 0x00, 0x05, 0x88, 0x50, 0x00, 0x00, 0x00, 0x00, 0x6f, 0xff, 0xf6, 0x00, 0x00,
    0x00, 0x06, 0xff, 0xcc, 0xff, 0x60, 0x00, 0x00, 0x6f, 0xfc, 0x11, 0xcf, 0xf6, 0x00, 0x03, 0xbb,
    0xa1, 0x00, 0x1a, 0xbb, 0x30, 0x00, 0x00, 0x00, 0x00, 0x00, 0x00, 0x00, 0x00, 0x00, 0x01, 0x44,
    0x00, 0x00, 0x00, 0x00, 0x06, 0xdf, 0xff, 0xfc, 0x50, 0x00, 0x01, 0xbf, 0xff, 0xff, 0xff, 0xf9,
    0x00, 0x08, 0xff, 0xf9, 0x88, 0xbf, 0xff, 0x80, 0x1f, 0xff, 0x30, 0x00, 0x06, 0xff, 0xe0, 0x5f,
    0xf9, 0x00, 0x00, 0x00, 0xcf, 0xf4, 0x8f, 0xf8, 0x00, 0x00, 0x00, 0x6b, 0xb3, 0x7f, 0xf8, 0x00,
    0x00, 0x00, 0x00, 0x00, 0x3f, 0xfe, 0x10, 0x00, 0x00, 0x00, 0x00, 0x0b, 0xff, 0xd6, 0x10, 0x00,
    0x00, 0x00, 0x03, 0xef, 0xff, 0xfc, 0x85, 0x00, 0x00, 0x00, 0x3d, 0xff, 0xff, 0xff, 0xd4, 0x00,
    0x00, 0x00, 0x6a, 0xff, 0xff, 0xff, 0x60, 0x00, 0x00, 0x00, 0x04, 0x8e, 0xff, 0xe2, 0x00, 0x00,
    0x00, 0x00, 0x01, 0xcf, 0xf8, 0x00, 0x00, 0x00, 0x00, 0x00, 0x4f, 0xfc, 0x00, 0x00, 0x00, 0x00,
    0x00, 0x0f, 0xff, 0xff, 0xf0, 0x00, 0x00, 0x00, 0x0f, 0xff, 0xbf, 0xf5, 0x00, 0x00, 0x00, 0x4f,
    0xfb, 0x8f, 0xfd, 0x20, 0x00, 0x01, 0xcf, 0xf8, 0x1e, 0xff, 0xe8, 0x65, 0x8e, 0xff, 0xe1, 0x03,
    0xef, 0xff, 0xff, 0xff, 0xfe, 0x30, 0x00, 0x19, 0xef, 0xff, 0xff, 0x92, 0x00, 0x00, 0x00, 0x03,
    0x44, 0x40, 0x00, 0x00, 0x00, 0x00, 0x05, 0x88, 0x50, 0x00, 0x00, 0x00, 0x00, 0x6f, 0xff, 0xf6,
    0x00, 0x00, 0x00, 0x06, 0xff, 0xcc, 0xff, 0x60, 0x00, 0x00, 0x6f, 0xfc, 0x11, 0xcf, 0xf6, 0x00,
    0x03, 0xbb, 0xa1, 0x00, 0x1a, 0xbb, 0x30, 0x00, 0x00, 0x00, 0x00, 0x00, 0x00, 0x00, 0x00, 0x00,
    0x00, 0x00, 0x00, 0x00, 0x00, 0x00, 0x05, 0x8b, 0xbb, 0xb8, 0x30, 0x00, 0x01, 0xbf, 0xff, 0xff,
    0xff, 0xfa, 0x10, 0x0b, 0xff, 0xfb, 0xbb, 0xcf, 0xff, 0xa0, 0x3f, 0xfe, 0x30, 0x00, 0x03, 0xef,
    0xf2, 0x6f, 0xf8, 0x00, 0x00, 0x00, 0x8b, 0xb3, 0x6f, 0xf8, 0x00, 0x00, 0x00, 0x00, 0x00, 0x3f,
    0xfe, 0x63, 0x00, 0x00, 0x00, 0x00, 0x0b, 0xff, 0xff, 0xfd, 0xb8, 0x61, 0x00, 0x01, 0xcf, 0xff,
    0xff, 0xff, 0xfd, 0x30, 0x00, 0x05, 0x89, 0xbe, 0xff, 0xff, 0xd0, 0x00, 0x00, 0x00, 0x00, 0x15,
    0xef, 0xf6, 0x00, 0x00, 0x00, 0x00, 0x00, 0x6f, 0xf8, 0x48, 0x83, 0x00, 0x00, 0x00, 0x4f, 0xf8,
    0x8f, 0xf9, 0x00, 0x00, 0x00, 0x8f, 0xf8, 0x3f, 0xff, 0x95, 0x44, 0x59, 0xff, 0xf2, 0x08, 0xff,
    0xff, 0xff, 0xff, 0xff, 0x80, 0x00, 0x5c, 0xff, 0xff, 0xff, 0xc5, 0x00, 0x00, 0x00, 0x14, 0x44,
    0x41, 0x00, 0x00, 0x00, 0x00, 0x01, 0x44, 0x00, 0x00, 0x00, 0x00, 0x06, 0xdf, 0xff, 0xfc, 0x50,
    0x00, 0x01, 0xbf, 0xff, 0xff, 0xff, 0xf9, 0x00, 0x08, 0xff, 0xf9, 0x88, 0xbf, 0xff, 0x80, 0x1f,
    0xff, 0x30, 0x00, 0x06, 0xff, 0xe0, 0x5f, 0xf9, 0x00, 0x00, 0x00, 0xcf, 0xf4, 0x8f, 0xf8, 0x00,
    0x00, 0x00, 0x6b, 0xb3, 0x7f, 0xf8, 0x00, 0x00, 0x00, 0x00, 0x00, 0x3f, 0xfe, 0x10, 0x00, 0x00,
    0x00, 0x00, 0x0b, 0xff, 0xd6, 0x10, 0x00, 0x00, 0x00, 0x03, 0xef, 0xff, 0xfc, 0x85, 0x00, 0x00,
    0x00, 0x3d, 0xff, 0xff, 0xff, 0xd4, 0x00, 0x00, 0x00, 0x6a, 0xff, 0xff, 0xff, 0x60, 0x00, 0x00,
    0x00, 0x04, 0x8e, 0xff, 0xe2, 0x00, 0x00, 0x00, 0x00, 0x01, 0xcf, 0xf8, 0x00, 0x00, 0x00, 0x00,
    0x00, 0x4f, 0xfc, 0x00, 0x00, 0x00, 0x00, 0x00, 0x0f, 0xff, 0xff, 0xf0, 0x00, 0x00, 0x00, 0x0f,
    0xff, 0xbf, 0xf5, 0x00, 0x00, 0x00, 0x4f, 0xfb, 0x8f, 0xfd, 0x20, 0x00, 0x01, 0xcf, 0xf8, 0x1e,
    0xff, 0xe8, 0x65, 0x8e, 0xff, 0xe1, 0x03, 0xef, 0xff, 0xff, 0xff, 0xfe, 0x30, 0x00, 0x19, 0xef,
    0xff, 0xff, 0x92, 0x00, 0x00, 0x00, 0x0d, 0xe4, 0x40, 0x00, 0x00, 0x00, 0x00, 0x4f, 0xfc, 0x81,
    0x00, 0x00, 0x00, 0x00, 0x02, 0x5c, 0xfe, 0x20, 0x00, 0x00, 0x00, 0x00, 0x05, 0xff, 0x80, 0x00,
    0x00, 0x00, 0x88, 0x8e, 0xff, 0x40, 0x00, 0x00, 0x00, 0xff, 0xff, 0xe6, 0x00, 0x00, 0x00, 0x00,
    0x44, 0x42, 0x00, 0x00, 0x00, 0x00, 0x05, 0x8b, 0xbb, 0xb8, 0x30, 0x00, 0x01, 0xbf, 0xff, 0xff,
    0xff, 0xfa, 0x10, 0x0b, 0xff, 0xfb, 0xbb, 0xcf, 0xff, 0xa0, 0x3f, 0xfe, 0x30, 0x00, 0x03, 0xef,
    0xf2, 0x6f, 0xf8, 0x00, 0x00, 0x00, 0x8b, 0xb3, 0x6f, 0xf8, 0x00, 0x00, 0x00, 0x00, 0x00, 0x3f,
    0xfe, 0x63, 0x00, 0x00, 0x00, 0x00, 0x0b, 0xff, 0xff, 0xfd, 0xb8, 0x61, 0x00, 0x01, 0xcf, 0xff,
    0xff, 0xff, 0xfd, 0x30, 0x00, 0x05, 0x89, 0xbe, 0xff, 0xff, 0xd0, 0x00, 0x00, 0x00, 0x00, 0x15,
    0xef, 0xf6, 0x00, 0x00, 0x00, 0x00, 0x00, 0x6f, 0xf8, 0x48, 0x83, 0x00, 0x00, 0x00, 0x4f, 0xf8,
    0x8f, 0xf9, 0x00, 0x00, 0x00, 0x8f, 0xf8, 0x3f, 0xff, 0x95, 0x44, 0x59, 0xff, 0xf2, 0x08, 0xff,
    0xff, 0xff, 0xff, 0xff, 0x80, 0x00, 0x5c, 0xff, 0xff, 0xff, 0xc5, 0x00, 0x00, 0x00, 0x1a, 0xf6,
    0x41, 0x00, 0x00, 0x00, 0x00, 0x0e, 0xfd, 0x92, 0x00, 0x00, 0x00, 0x00, 0x01, 0x4a, 0xff, 0x50,
    0x00, 0x00, 0x00, 0x00, 0x01, 0xff, 0xb0, 0x00, 0x00, 0x00, 0x48, 0x8c, 0xff, 0x80, 0x00, 0x00,
    0x00, 0x8f, 0xff, 0xf8, 0x00, 0x00, 0x00, 0x00, 0x24, 0x44, 0x00, 0x00, 0x00, 0x03, 0x88, 0x70,
    0x00, 0x07, 0x88, 0x30, 0x00, 0x9f, 0xf9, 0x00, 0x9f, 0xf9, 0x00, 0x00, 0x09, 0xff, 0x99, 0xff,
    0x90, 0x00, 0x00, 0x00, 0x9f, 0xff, 0xf9, 0x00, 0x00, 0x00, 0x00, 0x08, 0xbb, 0x80, 0x00, 0x00,
    0x00, 0x00, 0x00, 0x00, 0x00, 0x00, 0x00, 0x00, 0x00, 0x01, 0x44, 0x00, 0x00, 0x00, 0x00, 0x06,
    0xdf, 0xff, 0xfc, 0x50, 0x00, 0x01, 0xbf, 0xff, 0xff, 0xff, 0xf9, 0x00, 0x08, 0xff, 0xf9, 0x88,
    0xbf, 0xff, 0x80, 0x1f, 0xff, 0x30, 0x00, 0x06, 0xff, 0xe0, 0x5f, 0xf9, 0x00, 0x00, 0x00, 0xcf,
    0xf4, 0x8f, 0xf8, 0x00, 0x00, 0x00, 0x6b, 0xb3, 0x7f, 0xf8, 0x00, 0x00, 0x00, 0x00, 0x00, 0x3f,
    0xfe, 0x10, 0x00, 0x00, 0x00, 0x00, 0x0b, 0xff, 0xd6, 0x10, 0x00, 0x00, 0x00, 0x03, 0xef, 0xff,
    0xfc, 0x85, 0x00, 0x00, 0x00, 0x3d, 0xff, 0xff, 0xff, 0xd4, 0x00, 0x00, 0x00, 0x6a, 0xff, 0xff,
    0xff, 0x60, 0x00, 0x00, 0x00, 0x04, 0x8e, 0xff, 0xe2, 0x00, 0x00, 0x00, 0x00, 0x01, 0xcf, 0xf8,
    0x00, 0x00, 0x00, 0x00, 0x00, 0x4f, 0xfc, 0x00, 0x00, 0x00, 0x00, 0x00, 0x0f, 0xff, 0xff, 0xf0,
    0x00, 0x00, 0x00, 0x0f, 0xff, 0xbf, 0xf5, 0x00, 0x00, 0x00, 0x4f, 0xfb, 0x8f, 0xfd, 0x20, 0x00,
    0x01, 0xcf, 0xf8, 0x1e, 0xff, 0xe8, 0x65, 0x8e, 0xff, 0xe1, 0x03, 0xef, 0xff, 0xff, 0xff, 0xfe,
    0x30, 0x00, 0x19, 0xef, 0xff, 0xff, 0x92, 0x00, 0x00, 0x00, 0x03, 0x44, 0x40, 0x00, 0x00, 0x02,
    0x88, 0x70, 0x00, 0x07, 0x88, 0x30, 0x00, 0x9f, 0xf9, 0x00, 0x9f, 0xf9, 0x00, 0x00, 0x09, 0xff,
    0x99, 0xff, 0x90, 0x00, 0x00, 0x00, 0x9f, 0xff, 0xf9, 0x00, 0x00, 0x00, 0x00, 0x08, 0xbb, 0x80,
    0x00, 0x00, 0x00, 0x00, 0x00, 0x00, 0x00, 0x00, 0x00, 0x00, 0x00, 0x00, 0x00, 0x00, 0x00, 0x00,
    0x00, 0x05, 0x8b, 0xbb, 0xb8, 0x30, 0x00, 0x01, 0xbf, 0xff, 0xff, 0xff, 0xfa, 0x10, 0x0b, 0xff,
    0xfb, 0xbb, 0xcf, 0xff, 0xa0, 0x3f, 0xfe, 0x30, 0x00, 0x03, 0xef, 0xf2, 0x6f, 0xf8, 0x00, 0x00,
    0x00, 0x8b, 0xb3, 0x6f, 0xf8, 0x00, 0x00, 0x00, 0x00, 0x00, 0x3f, 0xfe, 0x63, 0x00, 0x00, 0x00,
    0x00, 0x0b, 0xff, 0xff, 0xfd, 0xb8, 0x61, 0x00, 0x01, 0xcf, 0xff, 0xff, 0xff, 0xfd, 0x30, 0x00,
    0x05, 0x89, 0xbe, 0xff, 0xff, 0xd0, 0x00, 0x00, 0x00, 0x00, 0x15, 0xef, 0xf6, 0x00, 0x00, 0x00,
    0x00, 0x00, 0x6f, 0xf8, 0x48, 0x83, 0x00, 0x00, 0x00, 0x4f, 0xf8, 0x8f, 0xf9, 0x00, 0x00, 0x00,
    0x8f, 0xf8, 0x3f, 0xff, 0x95, 0x44, 0x59, 0xff, 0xf2, 0x08, 0xff, 0xff, 0xff, 0xff, 0xff, 0x80,
    0x00, 0x5c, 0xff, 0xff, 0xff, 0xc5, 0x00, 0x00, 0x00, 0x14, 0x44, 0x41, 0x00, 0x00, 0x8f, 0xff,
    0xff, 0xff, 0xff, 0xff, 0xff, 0xf8, 0x8f, 0xff, 0xff, 0xff, 0xff, 0xff, 0xff, 0xf8, 0x6b, 0xbb,
    0xbb, 0xdf, 0xfd, 0xbb, 0xbb, 0xb6, 0x00, 0x00, 0x00, 0x8f, 0xf8, 0x00, 0x00, 0x00, 0x00, 0x00,
    0x00, 0x8f, 0xf8, 0x00, 0x00, 0x00, 0x00, 0x00, 0x00, 0x8f, 0xf8, 0x00, 0x00, 0x00, 0x00, 0x00,
    0x00, 0x8f, 0xf8, 0x00, 0x00, 0x00, 0x00, 0x00, 0x00, 0x8f, 0xf8, 0x00, 0x00, 0x00, 0x00, 0x00,
    0x00, 0x8f, 0xf8, 0x00, 0x00, 0x00, 0x00, 0x00, 0x00, 0x8f, 0xf8, 0x00, 0x00, 0x00, 0x00, 0x00,
    0x00, 0x8f, 0xf8, 0x00, 0x00, 0x00, 0x00, 0x00, 0x00, 0x8f, 0xf8, 0x00, 0x00, 0x00, 0x00, 0x00,
    0x00, 0x8f, 0xf8, 0x00, 0x00, 0x00, 0x00, 0x00, 0x00, 0x8f, 0xf8, 0x00, 0x00, 0x00, 0x00, 0x00,
    0x00, 0x8f, 0xf8, 0x00, 0x00, 0x00, 0x00, 0x00, 0x00, 0x8f, 0xf8, 0x00, 0x00, 0x00, 0x00, 0x00,
    0x00, 0x8f, 0xf8, 0x00, 0x00, 0x00, 0x00, 0x00, 0x00, 0x8f, 0xf8, 0x00, 0x00, 0x00, 0x00, 0x00,
    0x00, 0x8f, 0xf8, 0x00, 0x00, 0x00, 0x00, 0x00, 0x00, 0x8f, 0xf8, 0x00, 0x00, 0x00, 0x00, 0x00,
    0x00, 0x8f, 0xf8, 0x00, 0x00, 0x00, 0x00, 0x00, 0x00, 0x8f, 0xf8, 0x00, 0x00, 0x00, 0x00, 0x00,
    0x00, 0x08, 0xf5, 0x00, 0x00, 0x00, 0x00, 0x00, 0x00, 0x0d, 0xfd, 0x94, 0x00, 0x00, 0x00, 0x00,
    0x00, 0x00, 0x49, 0xff, 0x60, 0x00, 0x00, 0x00, 0x00, 0x00, 0x00, 0xff, 0xb0, 0x00, 0x00, 0x00,
    0x00, 0x48, 0x8b, 0xff, 0x90, 0x00, 0x00, 0x00, 0x00, 0x8f, 0xff, 0xf9, 0x10, 0x00, 0x00, 0x00,
    0x00, 0x24, 0x44, 0x00, 0x00, 0x00, 0x00, 0x00, 0x04, 0x44, 0x00, 0x00, 0x00, 0x00, 0x00, 0x00,
    0xff, 0xf0, 0x00, 0x00, 0x00, 0x00, 0x00, 0x0f, 0xff, 0x00, 0x00, 0x00, 0x00, 0x00, 0x00, 0xff,
    0xf0, 0x00, 0x00, 0x00, 0x00, 0x00, 0x0f, 0xff, 0x00, 0x00, 0x00, 0x06, 0x88, 0x88, 0xff, 0xf8,
    0x88, 0x88, 0x86, 0xbf, 0xff, 0xff, 0xff, 0xff, 0xff, 0xff, 0xbb, 0xff, 0xff, 0xff, 0xff, 0xff,
    0xff, 0xfb, 0x34, 0x44, 0x4f, 0xff, 0x44, 0x44, 0x44, 0x30, 0x00, 0x00, 0xff, 0xf0, 0x00, 0x00,
    0x00, 0x00, 0x00, 0x0f, 0xff, 0x00, 0x00, 0x00, 0x00, 0x00, 0x00, 0xff, 0xf0, 0x00, 0x00, 0x00,
    0x00, 0x00, 0x0f, 0xff, 0x00, 0x00, 0x00, 0x00, 0x00, 0x00, 0xff, 0xf0, 0x00, 0x00, 0x00, 0x00,
    0x00, 0x0f, 0xff, 0x00, 0x00, 0x00, 0x00, 0x00, 0x00, 0xff, 0xf0, 0x00, 0x00, 0x00, 0x00, 0x00,
    0x0f, 0xff, 0x00, 0x00, 0x00, 0x00, 0x00, 0x00, 0xff, 0xf0, 0x00, 0x00, 0x00, 0x00, 0x00, 0x0d,
    0xff, 0x40, 0x00, 0x00, 0x00, 0x00, 0x00, 0x9f, 0xff, 0xbb, 0xbb, 0xb6, 0x00, 0x00, 0x01, 0xcf,
    0xff, 0xff, 0xff, 0x80, 0x00, 0x00, 0x01, 0x9e, 0xff, 0xff, 0xf8, 0x00, 0x00, 0x00, 0x01, 0xfa,
    0x00, 0x00, 0x00, 0x00, 0x00, 0x00, 0x7f, 0xfb, 0x60, 0x00, 0x00, 0x00, 0x00, 0x00, 0x36, 0xef,
    0xc0, 0x00, 0x00, 0x00, 0x00, 0x00, 0x08, 0xff, 0x40, 0x00, 0x00, 0x00, 0x08, 0x88, 0xff, 0xe1,
    0x00, 0x00, 0x00, 0x00, 0xff, 0xff, 0xd3, 0x00, 0x00, 0x00, 0x00, 0x04, 0x44, 0x20, 0x00, 0x00,
    0x00, 0x38, 0x87, 0x00, 0x00, 0x78, 0x83, 0x00, 0x00, 0x09, 0xff, 0x90, 0x09, 0xff, 0x90, 0x00,
    0x00, 0x00, 0x9f, 0xf9, 0x9f, 0xf9, 0x00, 0x00, 0x00, 0x00, 0x09, 0xff, 0xff, 0x90, 0x00, 0x00,
    0x00, 0x00, 0x00, 0x8b, 0xb8, 0x00, 0x00, 0x00, 0x00, 0x00, 0x00, 0x00, 0x00, 0x00, 0x00, 0x00,
    0x00, 0x00, 0x00, 0x00, 0x00, 0x00, 0x00, 0x00, 0x8f, 0xff, 0xff, 0xff, 0xff, 0xff, 0xff, 0xf8,
    0x8f, 0xff, 0xff, 0xff, 0xff, 0xff, 0xff, 0xf8, 0x6b, 0xbb, 0xbb, 0xdf, 0xfd, 0xbb, 0xbb, 0xb6,
    0x00, 0x00, 0x00, 0x8f, 0xf8, 0x00, 0x00, 0x00, 0x00, 0x00, 0x00, 0x8f, 0xf8, 0x00, 0x00, 0x00,
    0x00, 0x00, 0x00, 0x8f, 0xf8, 0x00, 0x00, 0x00, 0x00, 0x00, 0x00, 0x8f, 0xf8, 0x00, 0x00, 0x00,
    0x00, 0x00, 0x00, 0x8f, 0xf8, 0x00, 0x00, 0x00, 0x00, 0x00, 0x00, 0x8f, 0xf8, 0x00, 0x00, 0x00,
    0x00, 0x00, 0x00, 0x8f, 0xf8, 0x00, 0x00, 0x00, 0x00, 0x00, 0x00, 0x8f, 0xf8, 0x00, 0x00, 0x00,
    0x00, 0x00, 0x00, 0x8f, 0xf8, 0x00, 0x00, 0x00, 0x00, 0x00, 0x00, 0x8f, 0xf8, 0x00, 0x00, 0x00,
    0x00, 0x00, 0x00, 0x8f, 0xf8, 0x00, 0x00, 0x00, 0x00, 0x00, 0x00, 0x8f, 0xf8, 0x00, 0x00, 0x00,
    0x00, 0x00, 0x00, 0x8f, 0xf8, 0x00, 0x00, 0x00, 0x00, 0x00, 0x00, 0x8f, 0xf8, 0x00, 0x00, 0x00,
    0x00, 0x00, 0x00, 0x8f, 0xf8, 0x00, 0x00, 0x00, 0x00, 0x00, 0x00, 0x8f, 0xf8, 0x00, 0x00, 0x00,
    0x00, 0x00, 0x00, 0x8f, 0xf8, 0x00, 0x00, 0x00, 0x00, 0x00, 0x00, 0x8f, 0xf8, 0x00, 0x00, 0x00,
    0x00, 0x00, 0x00, 0x8f, 0xf8, 0x00, 0x00, 0x00, 0x00, 0x00, 0x00, 0x00, 0x00, 0x00, 0x00, 0x00,
    0x00, 0x00, 0x00, 0x00, 0x07, 0xff, 0x40, 0x00, 0x00, 0x00, 0x00, 0x00, 0x8f, 0xf2, 0x00, 0x00,
    0x00, 0x44, 0x40, 0x08, 0xff, 0x00, 0x00, 0x00, 0x0f, 0xff, 0x00, 0xaf, 0xd0, 0x00, 0x00, 0x00,
    0xff, 0xf0, 0x0b, 0xfb, 0x00, 0x00, 0x00, 0x0f, 0xff, 0x00, 0x34, 0x30, 0x00, 0x00, 0x00, 0xff,
    0xf0, 0x00, 0x00, 0x00, 0x68, 0x88, 0x8f, 0xff, 0x88, 0x88, 0x88, 0x6b, 0xff, 0xff, 0xff, 0xff,
    0xff, 0xff, 0xfb, 0xbf, 0xff, 0xff, 0xff, 0xff, 0xff, 0xff, 0xb3, 0x44, 0x44, 0xff, 0xf4, 0x44,
    0x44, 0x43, 0x00, 0x00, 0x0f, 0xff, 0x00, 0x00, 0x00, 0x00, 0x00, 0x00, 0xff, 0xf0, 0x00, 0x00,
    0x00, 0x00, 0x00, 0x0f, 0xff, 0x00, 0x00, 0x00, 0x00, 0x00, 0x00, 0xff, 0xf0, 0x00, 0x00, 0x00,
    0x00, 0x00, 0x0f, 0xff, 0x00, 0x00, 0x00, 0x00, 0x00, 0x00, 0xff, 0xf0, 0x00, 0x00, 0x00, 0x00,
    0x00, 0x0f, 0xff, 0x00, 0x00, 0x00, 0x00, 0x00, 0x00, 0xff, 0xf0, 0x00, 0x00, 0x00, 0x00, 0x00,
    0x0f, 0xff, 0x00, 0x00, 0x00, 0x00, 0x00, 0x00, 0xdf, 0xf4, 0x00, 0x00, 0x00, 0x00, 0x00, 0x09,
    0xff, 0xfb, 0xbb, 0xbb, 0x60, 0x00, 0x00, 0x1c, 0xff, 0xff, 0xff, 0xf8, 0x00, 0x00, 0x00, 0x19,
    0xdf, 0xff, 0xff, 0x80, 0x8f, 0xff, 0xff, 0xff, 0xff, 0xff, 0xff, 0xf8, 0x8f, 0xff, 0xff, 0xff,
    0xff, 0xff, 0xff, 0xf8, 0x6b, 0xbb, 0xbb, 0xdf, 0xfd, 0xbb, 0xbb, 0xb6, 0x00, 0x00, 0x00, 0x8f,
    0xf8, 0x00, 0x00, 0x00, 0x00, 0x00, 0x00, 0x8f, 0xf8, 0x00, 0x00, 0x00, 0x00, 0x00, 0x00, 0x8f,
    0xf8, 0x00, 0x00, 0x00, 0x00, 0x00, 0x00, 0x8f, 0xf8, 0x00, 0x00, 0x00, 0x00, 0x00, 0x00, 0x8f,
    0xf8, 0x00, 0x00, 0x00, 0x00, 0x00, 0x00, 0x8f, 0xf8, 0x00, 0x00, 0x00, 0x00, 0x00, 0x00, 0x8f,
    0xf8, 0x00, 0x00, 0x00, 0x00, 0x34, 0x44, 0x9f, 0xf9, 0x44, 0x43, 0x00, 0x00, 0xbf, 0xff, 0xff,
    0xff, 0xff, 0xfb, 0x00, 0x00, 0xbf, 0xff, 0xff, 0xff, 0xff, 0xfb, 0x00, 0x00, 0x34, 0x44, 0x9f,
    0xf9, 0x44, 0x43, 0x00, 0x00, 0x00, 0x00, 0x8f, 0xf8, 0x00, 0x00, 0x00, 0x00, 0x00, 0x00, 0x8f,
    0xf8, 0x00, 0x00, 0x00, 0x00, 0x00, 0x00, 0x8f, 0xf8, 0x00, 0x00, 0x00, 0x00, 0x00, 0x00, 0x8f,
    0xf8, 0x00, 0x00, 0x00, 0x00, 0x00, 0x00, 0x8f, 0xf8, 0x00, 0x00, 0x00, 0x00, 0x00, 0x00, 0x8f,
    0xf8, 0x00, 0x00, 0x00, 0x00, 0x00, 0x00, 0x8f, 0xf8, 0x00, 0x00, 0x00, 0x00, 0x00, 0x00, 0x8f,
    0xf8, 0x00, 0x00, 0x00, 0x00, 0x00, 0x04, 0x44, 0x00, 0x00, 0x00, 0x00, 0x00, 0x00, 0xff, 0xf0,
    0x00, 0x00, 0x00, 0x00, 0x00, 0x0f, 0xff, 0x00, 0x00, 0x00, 0x00, 0x00, 0x00, 0xff, 0xf0, 0x00,
    0x00, 0x00, 0x00, 0x00, 0x0f, 0xff, 0x00, 0x00, 0x00, 0x06, 0x88, 0x88, 0xff, 0xf8, 0x88, 0x88,
    0x86, 0xbf, 0xff, 0xff, 0xff, 0xff, 0xff, 0xff, 0xbb, 0xff, 0xff, 0xff, 0xff, 0xff, 0xff, 0xfb,
    0x34, 0x44, 0x4f, 0xff, 0x44, 0x44, 0x44, 0x30, 0x00, 0x00, 0xff, 0xf0, 0x00, 0x00, 0x00, 0x00,
    0x00, 0x0f, 0xff, 0x00, 0x00, 0x00, 0x00, 0x00, 0x00, 0xff, 0xf0, 0x00, 0x00, 0x00, 0x04, 0x88,
    0x8f, 0xff, 0x88, 0x88, 0x82, 0x00, 0x8f, 0xff, 0xff, 0xff, 0xff, 0xff, 0x40, 0x08, 0xff, 0xff,
    0xff, 0xff, 0xff, 0xf4, 0x00, 0x00, 0x00, 0xff, 0xf0, 0x00, 0x00, 0x00, 0x00, 0x00, 0x0f, 0xff,
    0x00, 0x00, 0x00, 0x00, 0x00, 0x00, 0xff, 0xf0, 0x00, 0x00, 0x00, 0x00, 0x00, 0x0d, 0xff, 0x40,
    0x00, 0x00, 0x00, 0x00, 0x00, 0x9f, 0xff, 0xbb, 0xbb, 0xb6, 0x00, 0x00, 0x01, 0xcf, 0xff, 0xff,
    0xff, 0x80, 0x00, 0x00, 0x01, 0x9d, 0xff, 0xff, 0xf8, 0x00, 0x02, 0x66, 0x10, 0x01, 0x44, 0x00,
    0x00, 0x4e, 0xff, 0xe3, 0x04, 0xff, 0x00, 0x00, 0xbf, 0xb9, 0xfe, 0x89, 0xfb, 0x00, 0x00, 0xef,
    0x40, 0x6f, 0xff, 0xf5, 0x00, 0x00, 0x88, 0x20, 0x04, 0x88, 0x40, 0x00, 0x00, 0x00, 0x00, 0x00,
    0x00, 0x00, 0x00, 0x00, 0x00, 0x00, 0x00, 0x00, 0x00, 0x00, 0x8f, 0xf8, 0x00, 0x00, 0x00, 0x8f,
    0xf8, 0x8f, 0xf8, 0x00, 0x00, 0x00, 0x8f, 0xf8, 0x8f, 0xf8, 0x00, 0x00, 0x00, 0x8f, 0xf8, 0x8f,
    0xf8, 0x00, 0x00, 0x00, 0x8f, 0xf8, 0x8f, 0xf8, 0x00, 0x00, 0x00, 0x8f, 0xf8, 0x8f, 0xf8, 0x00,
    0x00, 0x00, 0x8f, 0xf8, 0x8f, 0xf8, 0x00, 0x00, 0x00, 0x8f, 0xf8, 0x8f, 0xf8, 0x00, 0x00, 0x00,
    0x8f, 0xf8, 0x8f, 0xf8, 0x00, 0x00, 0x00, 0x8f, 0xf8, 0x8f, 0xf8, 0x00, 0x00, 0x00, 0x8f, 0xf8,
    0x8f, 0xf8, 0x00, 0x00, 0x00, 0x8f, 0xf8, 0x8f, 0xf8, 0x00, 0x00, 0x00, 0x8f, 0xf8, 0x8f, 0xf8,
    0x00, 0x00, 0x00, 0x8f, 0xf8, 0x8f, 0xf8, 0x00, 0x00, 0x00, 0x8f, 0xf8, 0x8f, 0xf8, 0x00, 0x00,
    0x00, 0x8f, 0xf8, 0x8f, 0xf8, 0x00, 0x00, 0x00, 0x8f, 0xf8, 0x7f, 0xf8, 0x00, 0x00, 0x00, 0x8f,
    0xf8, 0x4f, 0xfc, 0x00, 0x00, 0x00, 0xcf, 0xf4, 0x1f, 0xff, 0x40, 0x00, 0x04, 0xff, 0xf1, 0x08,
    0xff, 0xf9, 0x66, 0x9f, 0xff, 0x90, 0x01, 0xcf, 0xff, 0xff, 0xff, 0xfc, 0x10, 0x00, 0x18, 0xef,
    0xff, 0xfe, 0x81, 0x00, 0x00, 0x00, 0x03, 0x44, 0x30, 0x00, 0x00, 0x00, 0x02, 0x77, 0x20, 0x01,
    0x44, 0x00, 0x00, 0x4f, 0xff, 0xe6, 0x04, 0xff, 0x00, 0x00, 0xbf, 0xa9, 0xff, 0x8a, 0xfb, 0x00,
    0x00, 0xff, 0x40, 0x6f, 0xff, 0xf5, 0x00, 0x00, 0x88, 0x20, 0x02, 0x88, 0x40, 0x00, 0x00, 0x00,
    0x00, 0x00, 0x00, 0x00, 0x00, 0x00, 0x00, 0x00, 0x00, 0x00, 0x00, 0x00, 0x48, 0x84, 0x00, 0x00,
    0x00, 0x48, 0x84, 0x8f, 0xf8, 0x00, 0x00, 0x00, 0x8f, 0xf8, 0x8f, 0xf8, 0x00, 0x00, 0x00, 0x8f,
    0xf8, 0x8f, 0xf8, 0x00, 0x00, 0x00, 0x8f, 0xf8, 0x8f, 0xf8, 0x00, 0x00, 0x00, 0x8f, 0xf8, 0x8f,
    0xf8, 0x00, 0x00, 0x00, 0x8f, 0xf8, 0x8f, 0xf8, 0x00, 0x00, 0x00, 0x8f, 0xf8, 0x8f, 0xf8, 0x00,
    0x00, 0x00, 0x8f, 0xf8, 0x8f, 0xf8, 0x00, 0x00, 0x00, 0x8f, 0xf8, 0x8f, 0xf8, 0x00, 0x00, 0x00,
    0x8f, 0xf8, 0x8f, 0xf8, 0x00, 0x00, 0x00, 0x8f, 0xf8, 0x7f, 0xf8, 0x00, 0x00, 0x00, 0x8f, 0xf7,
    0x4f, 0xfc, 0x00, 0x00, 0x00, 0xcf, 0xf4, 0x1e, 0xff, 0x60, 0x00, 0x06, 0xff, 0xe0, 0x08, 0xff,
    0xf9, 0x55, 0x9f, 0xff, 0x80, 0x00, 0xbf, 0xff, 0xff, 0xff, 0xfa, 0x00, 0x00, 0x08, 0xef, 0xff,
    0xfd, 0x80, 0x00, 0x00, 0x00, 0x03, 0x44, 0x30, 0x00, 0x00, 0x00, 0x88, 0x88, 0x88, 0x88, 0x88,
    0x00, 0x00, 0xff, 0xff, 0xff, 0xff, 0xff, 0x00, 0x00, 0xff, 0xff, 0xff, 0xff, 0xff, 0x00, 0x00,
    0x00, 0x00, 0x00, 0x00, 0x00, 0x00, 0x00, 0x00, 0x00, 0x00, 0x00, 0x00, 0x00, 0x00, 0x00, 0x00,
    0x00, 0x00, 0x00, 0x00, 0x8f, 0xf8, 0x00, 0x00, 0x00, 0x8f, 0xf8, 0x8f, 0xf8, 0x00, 0x00, 0x00,
    0x8f, 0xf8, 0x8f, 0xf8, 0x00, 0x00, 0x00, 0x8f, 0xf8, 0x8f, 0xf8, 0x00, 0x00, 0x00, 0x8f, 0xf8,
    0x8f, 0xf8, 0x00, 0x00, 0x00, 0x8f, 0xf8, 0x8f, 0xf8, 0x00, 0x00, 0x00, 0x8f, 0xf8, 0x8f, 0xf8,
    0x00, 0x00, 0x00, 0x8f, 0xf8, 0x8f, 0xf8, 0x00, 0x00, 0x00, 0x8f, 0xf8, 0x8f, 0xf8, 0x00, 0x00,
    0x00, 0x8f, 0xf8, 0x8f, 0xf8, 0x00, 0x00, 0x00, 0x8f, 0xf8, 0x8f, 0xf8, 0x00, 0x00, 0x00, 0x8f,
    0xf8, 0x8f, 0xf8, 0x00, 0x00, 0x00, 0x8f, 0xf8, 0x8f, 0xf8, 0x00, 0x00, 0x00, 0x8f, 0xf8, 0x8f,
    0xf8, 0x00, 0x00, 0x00, 0x8f, 0xf8, 0x8f, 0xf8, 0x00, 0x00, 0x00, 0x8f, 0xf8, 0x8f, 0xf8, 0x00,
    0x00, 0x00, 0x8f, 0xf8, 0x7f, 0xf8, 0x00, 0x00, 0x00, 0x8f, 0xf8, 0x4f, 0xfc, 0x00, 0x00, 0x00,
    0xcf, 0xf4, 0x1f, 0xff, 0x40, 0x00, 0x04, 0xff, 0xf1, 0x08, 0xff, 0xf9, 0x66, 0x9f, 0xff, 0x90,
    0x01, 0xcf, 0xff, 0xff, 0xff, 0xfc, 0x10, 0x00, 0x18, 0xef, 0xff, 0xfe, 0x81, 0x00, 0x00, 0x00,
    0x03, 0x44, 0x30, 0x00, 0x00, 0x00, 0x88, 0x88, 0x88, 0x88, 0x88, 0x00, 0x00, 0xff, 0xff, 0xff,
    0xff, 0xff, 0x00, 0x00, 0xff, 0xff, 0xff, 0xff, 0xff, 0x00, 0x00, 0x00, 0x00, 0x00, 0x00, 0x00,
    0x00, 0x00, 0x00, 0x00, 0x00, 0x00, 0x00, 0x00, 0x00, 0x00, 0x00, 0x00, 0x00, 0x00, 0x00, 0x48,
    0x84, 0x00, 0x00, 0x00, 0x48, 0x84, 0x8f, 0xf8, 0x00, 0x00, 0x00, 0x8f, 0xf8, 0x8f, 0xf8, 0x00,
    0x00, 0x00, 0x8f, 0xf8, 0x8f, 0xf8, 0x00, 0x00, 0x00, 0x8f, 0xf8, 0x8f, 0xf8, 0x00, 0x00, 0x00,
    0x8f, 0xf8, 0x8f, 0xf8, 0x00, 0x00, 0x00, 0x8f, 0xf8, 0x8f, 0xf8, 0x00, 0x00, 0x00, 0x8f, 0xf8,
    0x8f, 0xf8, 0x00, 0x00, 0x00, 0x8f, 0xf8, 0x8f, 0xf8, 0x00, 0x00, 0x00, 0x8f, 0xf8, 0x8f, 0xf8,
    0x00, 0x00, 0x00, 0x8f, 0xf8, 0x8f, 0xf8, 0x00, 0x00, 0x00, 0x8f, 0xf8, 0x7f, 0xf8, 0x00, 0x00,
    0x00, 0x8f, 0xf7, 0x4f, 0xfc, 0x00, 0x00, 0x00, 0xcf, 0xf4, 0x1e, 0xff, 0x60, 0x00, 0x06, 0xff,
    0xe0, 0x08, 0xff, 0xf9, 0x55, 0x9f, 0xff, 0x80, 0x00, 0xbf, 0xff, 0xff, 0xff, 0xfa, 0x00, 0x00,
    0x08, 0xef, 0xff, 0xfd, 0x80, 0x00, 0x00, 0x00, 0x03, 0x44, 0x30, 0x00, 0x00, 0x00, 0x88, 0x40,
    0x00, 0x04, 0x88, 0x00, 0x00, 0xcf, 0x90, 0x00, 0x09, 0xfc, 0x00, 0x00, 0x8f, 0xf7, 0x01, 0x7f,
    0xf8, 0x00, 0x00, 0x0b, 0xff, 0xff, 0xff, 0xb0, 0x00, 0x00, 0x00, 0x6a, 0xcc, 0xa6, 0x00, 0x00,
    0x00, 0x00, 0x00, 0x00, 0x00, 0x00, 0x00, 0x00, 0x00, 0x00, 0x00, 0x00, 0x00, 0x00, 0x8f, 0xf8,
    0x00, 0x00, 0x00, 0x8f, 0xf8, 0x8f, 0xf8, 0x00, 0x00, 0x00, 0x8f, 0xf8, 0x8f, 0xf8, 0x00, 0x00,
    0x00, 0x8f, 0xf8, 0x8f, 0xf8, 0x00, 0x00, 0x00, 0x8f, 0xf8, 0x8f, 0xf8, 0x00, 0x00, 0x00, 0x8f,
    0xf8, 0x8f, 0xf8, 0x00, 0x00, 0x00, 0x8f, 0xf8, 0x8f, 0xf8, 0x00, 0x00, 0x00, 0x8f, 0xf8, 0x8f,
    0xf8, 0x00, 0x00, 0x00, 0x8f, 0xf8, 0x8f, 0xf8, 0x00, 0x00, 0x00, 0x8f, 0xf8, 0x8f, 0xf8, 0x00,
    0x00, 0x00, 0x8f, 0xf8, 0x8f, 0xf8, 0x00, 0x00, 0x00, 0x8f, 0xf8, 0x8f, 0xf8, 0x00, 0x00, 0x00,
    0x8f, 0xf8, 0x8f, 0xf8, 0x00, 0x00, 0x00, 0x8f, 0xf8, 0x8f, 0xf8, 0x00, 0x00, 0x00, 0x8f, 0xf8,
    0x8f, 0xf8, 0x00, 0x00, 0x00, 0x8f, 0xf8, 0x8f, 0xf8, 0x00, 0x00, 0x00, 0x8f, 0xf8, 0x7f, 0xf8,
    0x00, 0x00, 0x00, 0x8f, 0xf8, 0x4f, 0xfc, 0x00, 0x00, 0x00, 0xcf, 0xf4, 0x1f, 0xff, 0x40, 0x00,
    0x04, 0xff, 0xf1, 0x08, 0xff, 0xf9, 0x66, 0x9f, 0xff, 0x90, 0x01, 0xcf, 0xff, 0xff, 0xff, 0xfc,
    0x10, 0x00, 0x18, 0xef, 0xff, 0xfe, 0x81, 0x00, 0x00, 0x00, 0x03, 0x44, 0x30, 0x00, 0x00, 0x00,
    0x88, 0x40, 0x00, 0x04, 0x88, 0x00, 0x00, 0xbf, 0x90, 0x00, 0x09, 0xfb, 0x00, 0x00, 0x7f, 0xf8,
    0x11, 0x8f, 0xf7, 0x00, 0x00, 0x09, 0xff, 0xff, 0xff, 0x90, 0x00, 0x00, 0x00, 0x6a, 0xbb, 0xa6,
    0x00, 0x00, 0x00, 0x00, 0x00, 0x00, 0x00, 0x00, 0x00, 0x00, 0x00, 0x00, 0x00, 0x00, 0x00, 0x00,
    0x48, 0x84, 0x00, 0x00, 0x00, 0x48, 0x84, 0x8f, 0xf8, 0x00, 0x00, 0x00, 0x8f, 0xf8, 0x8f, 0xf8,
    0x00, 0x00, 0x00, 0x8f, 0xf8, 0x8f, 0xf8, 0x00, 0x00, 0x00, 0x8f, 0xf8, 0x8f, 0xf8, 0x00, 0x00,
    0x00, 0x8f, 0xf8, 0x8f, 0xf8, 0x00, 0x00, 0x00, 0x8f, 0xf8, 0x8f, 0xf8, 0x00, 0x00, 0x00, 0x8f,
    0xf8, 0x8f, 0xf8, 0x00, 0x00, 0x00, 0x8f, 0xf8, 0x8f, 0xf8, 0x00, 0x00, 0x00, 0x8f, 0xf8, 0x8f,
    0xf8, 0x00, 0x00, 0x00, 0x8f, 0xf8, 0x8f, 0xf8, 0x00, 0x00, 0x00, 0x8f, 0xf8, 0x7f, 0xf8, 0x00,
    0x00, 0x00, 0x8f, 0xf7, 0x4f, 0xfc, 0x00, 0x00, 0x00, 0xcf, 0xf4, 0x1e, 0xff, 0x60, 0x00, 0x06,
    0xff, 0xe0, 0x08, 0xff, 0xf9, 0x55, 0x9f, 0xff, 0x80, 0x00, 0xbf, 0xff, 0xff, 0xff, 0xfa, 0x00,
    0x00, 0x08, 0xef, 0xff, 0xfd, 0x80, 0x00, 0x00, 0x00, 0x03, 0x44, 0x30, 0x00, 0x00, 0x00, 0x00,
    0x29, 0xcc, 0x92, 0x00, 0x00, 0x00, 0x02, 0xef, 0xcc, 0xfe, 0x20, 0x00, 0x00, 0x08, 0xf8, 0x00,
    0x8f, 0x80, 0x00, 0x00, 0x0b, 0xf4, 0x00, 0x4f, 0xb0, 0x00, 0x00, 0x08, 0xf7, 0x00, 0x7f, 0x80,
    0x00, 0x00, 0x03, 0xff, 0xaa, 0xff, 0x30, 0x00, 0x00, 0x00, 0x4d, 0xff, 0xd4, 0x00, 0x00, 0x00,
    0x00, 0x00, 0x00, 0x00, 0x00, 0x00, 0x8f, 0xf8, 0x00, 0x00, 0x00, 0x8f, 0xf8, 0x8f, 0xf8, 0x00,
    0x00, 0x00, 0x8f, 0xf8, 0x8f, 0xf8, 0x00, 0x00, 0x00, 0x8f, 0xf8, 0x8f, 0xf8, 0x00, 0x00, 0x00,
    0x8f, 0xf8, 0x8f, 0xf8, 0x00, 0x00, 0x00, 0x8f, 0xf8, 0x8f, 0xf8, 0x00, 0x00, 0x00, 0x8f, 0xf8,
    0x8f, 0xf8, 0x00, 0x00, 0x00, 0x8f, 0xf8, 0x8f, 0xf8, 0x00, 0x00, 0x00, 0x8f, 0xf8, 0x8f, 0xf8,
    0x00, 0x00, 0x00, 0x8f, 0xf8, 0x8f, 0xf8, 0x00, 0x00, 0x00, 0x8f, 0xf8, 0x8f, 0xf8, 0x00, 0x00,
    0x00, 0x8f, 0xf8, 0x8f, 0xf8, 0x00, 0x00, 0x00, 0x8f, 0xf8, 0x8f, 0xf8, 0x00, 0x00, 0x00, 0x8f,
    0xf8, 0x8f, 0xf8, 0x00, 0x00, 0x00, 0x8f, 0xf8, 0x8f, 0xf8, 0x00, 0x00, 0x00, 0x8f, 0xf8, 0x8f,
    0xf8, 0x00, 0x00, 0x00, 0x8f, 0xf8, 0x7f, 0xf8, 0x00, 0x00, 0x00, 0x8f, 0xf8, 0x4f, 0xfc, 0x00,
    0x00, 0x00, 0xcf, 0xf4, 0x1f, 0xff, 0x40, 0x00, 0x04, 0xff, 0xf1, 0x08, 0xff, 0xf9, 0x66, 0x9f,
    0xff, 0x90, 0x01, 0xcf, 0xff, 0xff, 0xff, 0xfc, 0x10, 0x00, 0x18, 0xef, 0xff, 0xfe, 0x81, 0x00,
    0x00, 0x00, 0x03, 0x44, 0x30, 0x00, 0x00, 0x00, 0x00, 0x00, 0x33, 0x00, 0x00, 0x00, 0x00, 0x00,
    0x6d, 0xff, 0xd6, 0x00, 0x00, 0x00, 0x04, 0xfe, 0x88, 0xef, 0x40, 0x00, 0x00, 0x09, 0xf6, 0x00,
    0x6f, 0x90, 0x00, 0x00, 0x0b, 0xf4, 0x00, 0x4f, 0xb0, 0x00, 0x00, 0x07, 0xf9, 0x00, 0x9f, 0x70,
    0x00, 0x00, 0x01, 0xcf, 0xee, 0xfc, 0x10, 0x00, 0x00, 0x00, 0x18, 0xbb, 0x81, 0x00, 0x00, 0x00,
    0x00, 0x00, 0x00, 0x00, 0x00, 0x00, 0x48, 0x84, 0x00, 0x00, 0x00, 0x48, 0x84, 0x8f, 0xf8, 0x00,
    0x00, 0x00, 0x8f, 0xf8, 0x8f, 0xf8, 0x00, 0x00, 0x00, 0x8f, 0xf8, 0x8f, 0xf8, 0x00, 0x00, 0x00,
    0x8f, 0xf8, 0x8f, 0xf8, 0x00, 0x00, 0x00, 0x8f, 0xf8, 0x8f, 0xf8, 0x00, 0x00, 0x00, 0x8f, 0xf8,
    0x8f, 0xf8, 0x00, 0x00, 0x00, 0x8f, 0xf8, 0x8f, 0xf8, 0x00, 0x00, 0x00, 0x8f, 0xf8, 0x8f, 0xf8,
    0x00, 0x00, 0x00, 0x8f, 0xf8, 0x8f, 0xf8, 0x00, 0x00, 0x00, 0x8f, 0xf8, 0x8f, 0xf8, 0x00, 0x00,
    0x00, 0x8f, 0xf8, 0x7f, 0xf8, 0x00, 0x00, 0x00, 0x8f, 0xf7, 0x4f, 0xfc, 0x00, 0x00, 0x00, 0xcf,
    0xf4, 0x1e, 0xff, 0x60, 0x00, 0x06, 0xff, 0xe0, 0x08, 0xff, 0xf9, 0x55, 0x9f, 0xff, 0x80, 0x00,
    0xbf, 0xff, 0xff, 0xff, 0xfa, 0x00, 0x00, 0x08, 0xef, 0xff, 0xfd, 0x80, 0x00, 0x00, 0x00, 0x03,
    0x44, 0x30, 0x00, 0x00, 0x00, 0x00, 0x05, 0x88, 0x30, 0x18, 0x87, 0x00, 0x00, 0x05, 0xff, 0x90,
    0x0b, 0xff, 0x30, 0x00, 0x02, 0xef, 0xc1, 0x08, 0xff, 0x60, 0x00, 0x01, 0xcf, 0xe2, 0x05, 0xff,
    0x80, 0x00, 0x00, 0x6b, 0xb3, 0x01, 0xab, 0x90, 0x00, 0x00, 0x00, 0x00, 0x00, 0x00, 0x00, 0x00,
    0x00, 0x00, 0x00, 0x00, 0x00, 0x00, 0x00, 0x00, 0x08, 0xff, 0x80, 0x00, 0x00, 0x08, 0xff, 0x80,
    0x8f, 0xf8, 0x00, 0x00, 0x00, 0x8f, 0xf8, 0x08, 0xff, 0x80, 0x00, 0x00, 0x08, 0xff, 0x80, 0x8f,
    0xf8, 0x00, 0x00, 0x00, 0x8f, 0xf8, 0x08, 0xff, 0x80, 0x00, 0x00, 0x08, 0xff, 0x80, 0x8f, 0xf8,
    0x00, 0x00, 0x00, 0x8f, 0xf8, 0x08, 0xff, 0x80, 0x00, 0x00, 0x08, 0xff, 0x80, 0x8f, 0xf8, 0x00,
    0x00, 0x00, 0x8f, 0xf8, 0x08, 0xff, 0x80, 0x00, 0x00, 0x08, 0xff, 0x80, 0x8f, 0xf8, 0x00, 0x00,
    0x00, 0x8f, 0xf8, 0x08, 0xff, 0x80, 0x00, 0x00, 0x08, 0xff, 0x80, 0x8f, 0xf8, 0x00, 0x00, 0x00,
    0x8f, 0xf8, 0x08, 0xff, 0x80, 0x00, 0x00, 0x08, 0xff, 0x80, 0x8f, 0xf8, 0x00, 0x00, 0x00, 0x8f,
    0xf8, 0x08, 0xff, 0x80, 0x00, 0x00, 0x08, 0xff, 0x80, 0x8f, 0xf8, 0x00, 0x00, 0x00, 0x8f, 0xf8,
    0x07, 0xff, 0x80, 0x00, 0x00, 0x08, 0xff, 0x80, 0x4f, 0xfc, 0x00, 0x00, 0x00, 0xcf, 0xf4, 0x01,
    0xff, 0xf4, 0x00, 0x00, 0x4f, 0xff, 0x10, 0x08, 0xff, 0xf9, 0x66, 0x9f, 0xff, 0x90, 0x00, 0x1c,
    0xff, 0xff, 0xff, 0xff, 0xc1, 0x00, 0x00, 0x18, 0xef, 0xff, 0xfe, 0x81, 0x00, 0x00, 0x00, 0x00,
    0x34, 0x43, 0x00, 0x00, 0x00, 0x00, 0x00, 0x06, 0x88, 0x20, 0x18, 0x87, 0x00, 0x00, 0x05, 0xff,
    0x90, 0x0b, 0xfe, 0x30, 0x00, 0x03, 0xef, 0xc0, 0x08, 0xff, 0x60, 0x00, 0x01, 0xcf, 0xe1, 0x06,
    0xff, 0x80, 0x00, 0x00, 0x6b, 0xb3, 0x01, 0xab, 0x80, 0x00, 0x00, 0x00, 0x00, 0x00, 0x00, 0x00,
    0x00, 0x00, 0x00, 0x00, 0x00, 0x00, 0x00, 0x00, 0x00, 0x04, 0x88, 0x40, 0x00, 0x00, 0x04, 0x88,
    0x40, 0x8f, 0xf8, 0x00, 0x00, 0x00, 0x8f, 0xf8, 0x08, 0xff, 0x80, 0x00, 0x00, 0x08, 0xff, 0x80,
    0x8f, 0xf8, 0x00, 0x00, 0x00, 0x8f, 0xf8, 0x08, 0xff, 0x80, 0x00, 0x00, 0x08, 0xff, 0x80, 0x8f,
    0xf8, 0x00, 0x00, 0x00, 0x8f, 0xf8, 0x08, 0xff, 0x80, 0x00, 0x00, 0x08, 0xff, 0x80, 0x8f, 0xf8,
    0x00, 0x00, 0x00, 0x8f, 0xf8, 0x08, 0xff, 0x80, 0x00, 0x00, 0x08, 0xff, 0x80, 0x8f, 0xf8, 0x00,
    0x00, 0x00, 0x8f, 0xf8, 0x08, 0xff, 0x80, 0x00, 0x00, 0x08, 0xff, 0x80, 0x7f, 0xf8, 0x00, 0x00,
    0x00, 0x8f, 0xf7, 0x04, 0xff, 0xc0, 0x00, 0x00, 0x0c, 0xff, 0x40, 0x1e, 0xff, 0x60, 0x00, 0x06,
    0xff, 0xe0, 0x00, 0x8f, 0xff, 0x95, 0x59, 0xff, 0xf8, 0x00, 0x00, 0xbf, 0xff, 0xff, 0xff, 0xfa,
    0x00, 0x00, 0x00, 0x8e, 0xff, 0xff, 0xd8, 0x00, 0x00, 0x00, 0x00, 0x03, 0x44, 0x30, 0x00, 0x00,
    0x00, 0x8f, 0xf8, 0x00, 0x00, 0x00, 0x8f, 0xf8, 0x8f, 0xf8, 0x00, 0x00, 0x00, 0x8f, 0xf8, 0x8f,
    0xf8, 0x00, 0x00, 0x00, 0x8f, 0xf8, 0x8f, 0xf8, 0x00, 0x00, 0x00, 0x8f, 0xf8, 0x8f, 0xf8, 0x00,
    0x00, 0x00, 0x8f, 0xf8, 0x8f, 0xf8, 0x00, 0x00, 0x00, 0x8f, 0xf8, 0x8f, 0xf8, 0x00, 0x00, 0x00,
    0x8f, 0xf8, 0x8f, 0xf8, 0x00, 0x00, 0x00, 0x8f, 0xf8, 0x8f, 0xf8, 0x00, 0x00, 0x00, 0x8f, 0xf8,
    0x8f, 0xf8, 0x00, 0x00, 0x00, 0x8f, 0xf8, 0x8f, 0xf8, 0x00, 0x00, 0x00, 0x8f, 0xf8, 0x8f, 0xf8,
    0x00, 0x00, 0x00, 0x8f, 0xf8, 0x8f, 0xf8, 0x00, 0x00, 0x00, 0x8f, 0xf8, 0x8f, 0xf8, 0x00, 0x00,
    0x00, 0x8f, 0xf8, 0x8f, 0xf8, 0x00, 0x00, 0x00, 0x8f, 0xf8, 0x8f, 0xf8, 0x00, 0x00, 0x00, 0x8f,
    0xf8, 0x7f, 0xf8, 0x00, 0x00, 0x00, 0x8f, 0xf8, 0x4f, 0xfc, 0x00, 0x00, 0x00, 0xcf, 0xf4, 0x1e,
    0xff, 0x40, 0x00, 0x04, 0xff, 0xf1, 0x08, 0xff, 0xf9, 0x66, 0x9f, 0xff, 0x90, 0x01, 0xcf, 0xff,
    0xff, 0xff, 0xfc, 0x10, 0x00, 0x08, 0xef, 0xff, 0xff, 0x91, 0x00, 0x00, 0x00, 0x03, 0x5e, 0xf7,
    0x00, 0x00, 0x00, 0x00, 0x00, 0xaf, 0xa0, 0x00, 0x00, 0x00, 0x00, 0x04, 0xff, 0x50, 0x00, 0x00,
    0x00, 0x00, 0x08, 0xff, 0x80, 0x00, 0x00, 0x00, 0x00, 0x02, 0xff, 0xfc, 0xb8, 0x00, 0x00, 0x00,
    0x00, 0x5d, 0xff, 0xfb, 0x00, 0x00, 0x00, 0x00, 0x00, 0x24, 0x43, 0x00, 0x48, 0x84, 0x00, 0x00,
    0x00, 0x48, 0x84, 0x8f, 0xf8, 0x00, 0x00, 0x00, 0x8f, 0xf8, 0x8f, 0xf8, 0x00, 0x00, 0x00, 0x8f,
    0xf8, 0x8f, 0xf8, 0x00, 0x00, 0x00, 0x8f, 0xf8, 0x8f, 0xf8, 0x00, 0x00, 0x00, 0x8f, 0xf8, 0x8f,
    0xf8, 0x00, 0x00, 0x00, 0x8f, 0xf8, 0x8f, 0xf8, 0x00, 0x00, 0x00, 0x8f, 0xf8, 0x8f, 0xf8, 0x00,
    0x00, 0x00, 0x8f, 0xf8, 0x8f, 0xf8, 0x00, 0x00, 0x00, 0x8f, 0xf8, 0x8f, 0xf8, 0x00, 0x00, 0x00,
    0x8f, 0xf8, 0x8f, 0xf8, 0x00, 0x00, 0x00, 0x8f, 0xf8, 0x7f, 0xf8, 0x00, 0x00, 0x00, 0x8f, 0xf8,
    0x4f, 0xfc, 0x00, 0x00, 0x00, 0xcf, 0xf4, 0x1e, 0xff, 0x40, 0x00, 0x04, 0xff, 0xf1, 0x08, 0xff,
    0xf9, 0x66, 0x9f, 0xff, 0x80, 0x01, 0xcf, 0xff, 0xff, 0xff, 0xfc, 0x10, 0x00, 0x08, 0xef, 0xff,
    0xff, 0x90, 0x00, 0x00, 0x00, 0x03, 0x5e, 0xf6, 0x00, 0x00, 0x00, 0x00, 0x01, 0xcf, 0x80, 0x00,
    0x00, 0x00, 0x00, 0x07, 0xff, 0x40, 0x00, 0x00, 0x00, 0x00, 0x08, 0xff, 0x70, 0x00, 0x00, 0x00,
    0x00, 0x04, 0xff, 0xfc, 0xb6, 0x00, 0x00, 0x00, 0x00, 0x6e, 0xff, 0xf8, 0x00, 0x00, 0x00, 0x00,
    0x00, 0x34, 0x42, 0x00, 0x00, 0x00, 0x00, 0x05, 0x88, 0x50, 0x00, 0x00, 0x00, 0x00, 0x00, 0x00,
    0x6f, 0xff, 0xf6, 0x00, 0x00, 0x00, 0x00, 0x00, 0x06, 0xff, 0xcc, 0xff, 0x60, 0x00, 0x00, 0x00,
    0x00, 0x6f, 0xfc, 0x11, 0xcf, 0xf6, 0x00, 0x00, 0x00, 0x03, 0xbb, 0xa1, 0x00, 0x1a, 0xbb, 0x30,
    0x00, 0x00, 0x00, 0x00, 0x00, 0x00, 0x00, 0x00, 0x00, 0x00, 0x00, 0x00, 0x00, 0x00, 0x00, 0x00,
    0x00, 0x00, 0x00, 0x6f, 0xf4, 0x00, 0x08, 0xff, 0x80, 0x00, 0x3f, 0xf7, 0x4f, 0xf5, 0x00, 0x08,
    0xff, 0xb0, 0x00, 0x4f, 0xf4, 0x3f, 0xf8, 0x00, 0x0b, 0xff, 0xc0, 0x00, 0x6f, 0xf4, 0x0f, 0xf8,
    0x00, 0x0c, 0xfc, 0xf0, 0x00, 0x8f, 0xf0, 0x0f, 0xfa, 0x00, 0x0f, 0xcb, 0xf1, 0x00, 0x8f, 0xf0,
    0x0b, 0xfb, 0x00, 0x2f, 0xbb, 0xf4, 0x00, 0xbf, 0xb0, 0x0b, 0xfc, 0x00, 0x4f, 0x98, 0xf5, 0x00,
    0xbf, 0xb0, 0x08, 0xff, 0x00, 0x6f, 0x88, 0xf8, 0x00, 0xdf, 0x80, 0x08, 0xff, 0x00, 0x8f, 0x64,
    0xf8, 0x00, 0xff, 0x80, 0x05, 0xff, 0x40, 0xaf, 0x44, 0xfb, 0x01, 0xff, 0x50, 0x04, 0xff, 0x40,
    0xbf, 0x21, 0xfc, 0x04, 0xff, 0x40, 0x02, 0xff, 0x60, 0xef, 0x00, 0xff, 0x04, 0xff, 0x10, 0x00,
    0xff, 0x80, 0xfd, 0x00, 0xcf, 0x07, 0xff, 0x00, 0x00, 0xdf, 0x83, 0xfb, 0x00, 0xbf, 0x48, 0xfd,
    0x00, 0x00, 0xbf, 0xb4, 0xf9, 0x00, 0x9f, 0x48, 0xfb, 0x00, 0x00, 0xaf, 0xb8, 0xf8, 0x00, 0x8f,
    0x8b, 0xf9, 0x00, 0x00, 0x8f, 0xd8, 0xf6, 0x00, 0x7f, 0x8b, 0xf8, 0x00, 0x00, 0x8f, 0xfb, 0xf4,
    0x00, 0x4f, 0xae, 0xf6, 0x00, 0x00, 0x4f, 0xfb, 0xf1, 0x00, 0x3f, 0xbf, 0xf4, 0x00, 0x00, 0x4f,
    0xfd, 0xf0, 0x00, 0x0f, 0xdf, 0xf3, 0x00, 0x00, 0x1f, 0xff, 0xc0, 0x00, 0x0f, 0xff, 0xf0, 0x00,
    0x00, 0x0f, 0xff, 0xb0, 0x00, 0x0b, 0xff, 0xe0, 0x00, 0x00, 0x00, 0x00, 0x05, 0x88, 0x50, 0x00,
    0x00, 0x00, 0x00, 0x00, 0x00, 0x6f, 0xff, 0xf6, 0x00, 0x00, 0x00, 0x00, 0x00, 0x06, 0xff, 0xcc,
    0xff, 0x60, 0x00, 0x00, 0x00, 0x00, 0x6f, 0xfc, 0x11, 0xcf, 0xf6, 0x00, 0x00, 0x00, 0x03, 0xbb,
    0xa1, 0x00, 0x1a, 0xbb, 0x30, 0x00, 0x00, 0x00, 0x00, 0x00, 0x00, 0x00, 0x00, 0x00, 0x00, 0x00,
    0x00, 0x00, 0x00, 0x00, 0x00, 0x00, 0x00, 0x00, 0x28, 0x83, 0x00, 0x04, 0x88, 0x40, 0x00, 0x28,
    0x82, 0x0f, 0xf8, 0x00, 0x08, 0xff, 0x80, 0x00, 0x6f, 0xf0, 0x0d, 0xf9, 0x00, 0x0b, 0xff, 0xb0,
    0x00, 0x8f, 0xc0, 0x0b, 0xfb, 0x00, 0x0e, 0xee, 0xe0, 0x00, 0xaf, 0xa0, 0x08, 0xfe, 0x00, 0x2f,
    0xbb, 0xf2, 0x00, 0xbf, 0x80, 0x06, 0xff, 0x00, 0x4f, 0x9a, 0xf4, 0x00, 0xff, 0x50, 0x04, 0xff,
    0x40, 0x8f, 0x88, 0xf8, 0x01, 0xff, 0x30, 0x00, 0xff, 0x50, 0x9f, 0x45, 0xf9, 0x04, 0xff, 0x00,
    0x00, 0xef, 0x80, 0xcf, 0x23, 0xfc, 0x07, 0xfc, 0x00, 0x00, 0xbf, 0x90, 0xff, 0x00, 0xff, 0x08,
    0xfa, 0x00, 0x00, 0x8f, 0xb3, 0xfb, 0x00, 0xcf, 0x3b, 0xf8, 0x00, 0x00, 0x7f, 0xe5, 0xf9, 0x00,
    0xaf, 0x5c, 0xf5, 0x00, 0x00, 0x4f, 0xf8, 0xf8, 0x00, 0x8f, 0x8f, 0xf3, 0x00, 0x00, 0x1f, 0xfc,
    0xf4, 0x00, 0x6f, 0x9f, 0xf0, 0x00, 0x00, 0x0e, 0xff, 0xf2, 0x00, 0x4f, 0xff, 0xc0, 0x00, 0x00,
    0x0b, 0xff, 0xf0, 0x00, 0x0f, 0xff, 0xa0, 0x00, 0x00, 0x08, 0xff, 0xb0, 0x00, 0x0d, 0xff, 0x80,
    0x00, 0x00, 0x00, 0x00, 0x05, 0x88, 0x50, 0x00, 0x00, 0x00, 0x00, 0x00, 0x00, 0x6f, 0xff, 0xf6,
    0x00, 0x00, 0x00, 0x00, 0x00, 0x06, 0xff, 0xcc, 0xff, 0x60, 0x00, 0x00, 0x00, 0x00, 0x6f, 0xfc,
    0x11, 0xcf, 0xf6, 0x00, 0x00, 0x00, 0x03, 0xbb, 0xa1, 0x00, 0x1a, 0xbb, 0x30, 0x00, 0x00, 0x00,
    0x00, 0x00, 0x00, 0x00, 0x00, 0x00, 0x00, 0x00, 0x00, 0x00, 0x00, 0x00, 0x00, 0x00, 0x00, 0x00,
    0x0d, 0xff, 0x40, 0x00, 0x00, 0x00, 0x04, 0xff, 0xd0, 0x06, 0xff, 0xb0, 0x00, 0x00, 0x00, 0x09,
    0xff, 0x60, 0x00, 0xdf, 0xf4, 0x00, 0x00, 0x00, 0x2f, 0xfd, 0x00, 0x00, 0x6f, 0xfb, 0x00, 0x00,
    0x00, 0x9f, 0xf6, 0x00, 0x00, 0x0e, 0xff, 0x20, 0x00, 0x02, 0xff, 0xe1, 0x00, 0x00, 0x08, 0xff,
    0x90, 0x00, 0x08, 0xff, 0x80, 0x00, 0x00, 0x01, 0xef, 0xf2, 0x00, 0x1e, 0xfe, 0x10, 0x00, 0x00,
    0x00, 0x8f, 0xf9, 0x00, 0x8f, 0xf8, 0x00, 0x00, 0x00, 0x00, 0x1e, 0xfe, 0x10, 0xdf, 0xe1, 0x00,
    0x00, 0x00, 0x00, 0x08, 0xff, 0x86, 0xff, 0x90, 0x00, 0x00, 0x00, 0x00, 0x02, 0xff, 0xdc, 0xff,
    0x20, 0x00, 0x00, 0x00, 0x00, 0x00, 0x9f, 0xff, 0xf9, 0x00, 0x00, 0x00, 0x00, 0x00, 0x00, 0x2f,
    0xff, 0xf2, 0x00, 0x00, 0x00, 0x00, 0x00, 0x00, 0x09, 0xff, 0x90, 0x00, 0x00, 0x00, 0x00, 0x00,
    0x00, 0x08, 0xff, 0x80, 0x00, 0x00, 0x00, 0x00, 0x00, 0x00, 0x08, 0xff, 0x80, 0x00, 0x00, 0x00,
    0x00, 0x00, 0x00, 0x08, 0xff, 0x80, 0x00, 0x00, 0x00, 0x00, 0x00, 0x00, 0x08, 0xff, 0x80, 0x00,
    0x00, 0x00, 0x00, 0x00, 0x00, 0x08, 0xff, 0x80, 0x00, 0x00, 0x00, 0x00, 0x00, 0x00, 0x08, 0xff,
    0x80, 0x00, 0x00, 0x00, 0x00, 0x00, 0x00, 0x08, 0xff, 0x80, 0x00, 0x00, 0x00, 0x00, 0x00, 0x00,
    0x08, 0xff, 0x80, 0x00, 0x00, 0x00, 0x00, 0x00, 0x00, 0x58, 0x85, 0x00, 0x00, 0x00, 0x00, 0x00,
    0x06, 0xff, 0xff, 0x60, 0x00, 0x00, 0x00, 0x00, 0x6f, 0xfc, 0xcf, 0xf6, 0x00, 0x00, 0x00, 0x06,
    0xff, 0xc1, 0x1c, 0xff, 0x60, 0x00, 0x00, 0x3b, 0xba, 0x10, 0x01, 0xab, 0xb3, 0x00, 0x00, 0x00,
    0x00, 0x00, 0x00, 0x00, 0x00, 0x00, 0x00, 0x00, 0x00, 0x00, 0x00, 0x00, 0x00, 0x00, 0x38, 0x86,
    0x00, 0x00, 0x00, 0x00, 0x68, 0x84, 0x2f, 0xff, 0x10, 0x00, 0x00, 0x00, 0xef, 0xf2, 0x0a, 0xff,
    0x60, 0x00, 0x00, 0x05, 0xff, 0xc0, 0x05, 0xff, 0xc0, 0x00, 0x00, 0x0a, 0xff, 0x60, 0x00, 0xdf,
    0xf3, 0x00, 0x00, 0x1f, 0xff, 0x10, 0x00, 0x8f, 0xf8, 0x00, 0x00, 0x6f, 0xf9, 0x00, 0x00, 0x2f,
    0xfe, 0x00, 0x00, 0xbf, 0xf5, 0x00, 0x00, 0x0a, 0xff, 0x50, 0x02, 0xff, 0xd0, 0x00, 0x00, 0x06,
    0xff, 0xa0, 0x07, 0xff, 0x80, 0x00, 0x00, 0x00, 0xef, 0xf2, 0x0c, 0xff, 0x20, 0x00, 0x00, 0x00,
    0x8f, 0xf7, 0x2f, 0xfc, 0x00, 0x00, 0x00, 0x00, 0x2f, 0xfc, 0x7f, 0xf6, 0x00, 0x00, 0x00, 0x00,
    0x0b, 0xff, 0xdf, 0xf1, 0x00, 0x00, 0x00, 0x00, 0x06, 0xff, 0xff, 0x90, 0x00, 0x00, 0x00, 0x00,
    0x00, 0xef, 0xff, 0x50, 0x00, 0x00, 0x00, 0x00, 0x00, 0x8f, 0xfd, 0x00, 0x00, 0x00, 0x00, 0x00,
    0x00, 0x8f, 0xf8, 0x00, 0x00, 0x00, 0x00, 0x00, 0x00, 0xdf, 0xf3, 0x00, 0x00, 0x00, 0x00, 0x00,
    0x05, 0xff, 0xc0, 0x00, 0x00, 0x00, 0x00, 0x00, 0x09, 0xff, 0x70, 0x00, 0x00, 0x00, 0x00, 0x00,
    0x1f, 0xff, 0x10, 0x00, 0x00, 0x00, 0x00, 0x00, 0x6f, 0xfa, 0x00, 0x00, 0x00, 0x00, 0x00, 0x00,
    0x68, 0x83, 0x00, 0x00, 0x00, 0x00, 0x00, 0x00, 0x27, 0x30, 0x00, 0x03, 0x72, 0x00, 0x00, 0x00,
    0x02, 0xef, 0xf5, 0x00, 0x5f, 0xfe, 0x20, 0x00, 0x00, 0x04, 0xff, 0xf8, 0x00, 0x8f, 0xff, 0x40,
    0x00, 0x00, 0x03, 0xff, 0xf7, 0x00, 0x7f, 0xff, 0x30, 0x00, 0x00, 0x00, 0x48, 0x60, 0x00, 0x06,
    0x84, 0x00, 0x00, 0x00, 0x00, 0x00, 0x00, 0x00, 0x00, 0x00, 0x00, 0x00, 0x00, 0x00, 0x00, 0x00,
    0x00, 0x00, 0x00, 0x00, 0x00, 0x0d, 0xff, 0x40, 0x00, 0x00, 0x00, 0x04, 0xff, 0xd0, 0x06, 0xff,
    0xb0, 0x00, 0x00, 0x00, 0x09, 0xff, 0x60, 0x00, 0xdf, 0xf4, 0x00, 0x00, 0x00, 0x2f, 0xfd, 0x00,
    0x00, 0x6f, 0xfb, 0x00, 0x00, 0x00, 0x9f, 0xf6, 0x00, 0x00, 0x0e, 0xff, 0x20, 0x00, 0x02, 0xff,
    0xe1, 0x00, 0x00, 0x08, 0xff, 0x90, 0x00, 0x08, 0xff, 0x80, 0x00, 0x00, 0x01, 0xef, 0xf2, 0x00,
    0x1e, 0xfe, 0x10, 0x00, 0x00, 0x00, 0x8f, 0xf9, 0x00, 0x8f, 0xf8, 0x00, 0x00, 0x00, 0x00, 0x1e,
    0xfe, 0x10, 0xdf, 0xe1, 0x00, 0x00, 0x00, 0x00, 0x08, 0xff, 0x86, 0xff, 0x90, 0x00, 0x00, 0x00,
    0x00, 0x02, 0xff, 0xdc, 0xff, 0x20, 0x00, 0x00, 0x00, 0x00, 0x00, 0x9f, 0xff, 0xf9, 0x00, 0x00,
    0x00, 0x00, 0x00, 0x00, 0x2f, 0xff, 0xf2, 0x00, 0x00, 0x00, 0x00, 0x00, 0x00, 0x09, 0xff, 0x90,
    0x00, 0x00, 0x00, 0x00, 0x00, 0x00, 0x08, 0xff, 0x80, 0x00, 0x00, 0x00, 0x00, 0x00, 0x00, 0x08,
    0xff, 0x80, 0x00, 0x00, 0x00, 0x00, 0x00, 0x00, 0x08, 0xff, 0x80, 0x00, 0x00, 0x00, 0x00, 0x00,
    0x00, 0x08, 0xff, 0x80, 0x00, 0x00, 0x00, 0x00, 0x00, 0x00, 0x08, 0xff, 0x80, 0x00, 0x00, 0x00,
    0x00, 0x00, 0x00, 0x08, 0xff, 0x80, 0x00, 0x00, 0x00, 0x00, 0x00, 0x00, 0x08, 0xff, 0x80, 0x00,
    0x00, 0x00, 0x00, 0x00, 0x00, 0x08, 0xff, 0x80, 0x00, 0x00, 0x00, 0x00, 0x00, 0x00, 0x00, 0x78,
    0x83, 0x00, 0x00, 0x00, 0x00, 0x07, 0xff, 0xa0, 0x00, 0x00, 0x00, 0x00, 0x3f, 0xfc, 0x10, 0x00,
    0x00, 0x00, 0x01, 0xdf, 0xe3, 0x00, 0x00, 0x00, 0x00, 0x07, 0xbb, 0x50, 0x00, 0x00, 0x00, 0x00,
    0x00, 0x00, 0x00, 0x00, 0x00, 0x00, 0x00, 0x00, 0x00, 0x00, 0x00, 0x00, 0x4f, 0xff, 0xff, 0xff,
    0xff, 0xff, 0xf4, 0x4f, 0xff, 0xff, 0xff, 0xff, 0xff, 0xf4, 0x3b, 0xbb, 0xbb, 0xbb, 0xbb, 0xff,
    0xf4, 0x00, 0x00, 0x00, 0x00, 0x05, 0xff, 0xd0, 0x00, 0x00, 0x00, 0x00, 0x1d, 0xff, 0x50, 0x00,
    0x00, 0x00, 0x00, 0x8f, 0xfb, 0x00, 0x00, 0x00, 0x00, 0x02, 0xef, 0xf2, 0x00, 0x00, 0x00, 0x00,
    0x0a, 0xff, 0x80, 0x00, 0x00, 0x00, 0x00, 0x4f, 0xfd, 0x10, 0x00, 0x00, 0x00, 0x00, 0xdf, 0xf6,
    0x00, 0x00, 0x00, 0x00, 0x07, 0xff, 0xb0, 0x00, 0x00, 0x00, 0x00, 0x1e, 0xff, 0x30, 0x00, 0x00,
    0x00, 0x00, 0x9f, 0xf8, 0x00, 0x00, 0x00, 0x00, 0x03, 0xff, 0xe1, 0x00, 0x00, 0x00, 0x00, 0x0b,
    0xff, 0x70, 0x00, 0x00, 0x00, 0x00, 0x6f, 0xfc, 0x00, 0x00, 0x00, 0x00, 0x01, 0xef, 0xf4, 0x00,
    0x00, 0x00, 0x00, 0x08, 0xff, 0x90, 0x00, 0x00, 0x00, 0x00, 0x2f, 0xfe, 0x20, 0x00, 0x00, 0x00,
    0x00, 0x8f, 0xfe, 0xbb, 0xbb, 0xbb, 0xbb, 0xb6, 0x8f, 0xff, 0xff, 0xff, 0xff, 0xff, 0xf8, 0x8f,
    0xff, 0xff, 0xff, 0xff, 0xff, 0xf8, 0x00, 0x00, 0x00, 0x00, 0x78, 0x82, 0x00, 0x00, 0x00, 0x00,
    0x08, 0xff, 0x90, 0x00, 0x00, 0x00, 0x00, 0x4f, 0xfc, 0x10, 0x00, 0x00, 0x00, 0x01, 0xef, 0xe2,
    0x00, 0x00, 0x00, 0x00, 0x08, 0xbb, 0x40, 0x00, 0x00, 0x00, 0x00, 0x00, 0x00, 0x00, 0x00, 0x00,
    0x00, 0x00, 0x00, 0x00, 0x00, 0x00, 0x00, 0x28, 0x88, 0x88, 0x88, 0x88, 0x88, 0x80, 0x4f, 0xff,
    0xff, 0xff, 0xff, 0xff, 0xf0, 0x4f, 0xff, 0xff, 0xff, 0xff, 0xff, 0xf0, 0x14, 0x44, 0x44, 0x44,
    0x4c, 0xff, 0xd0, 0x00, 0x00, 0x00, 0x00, 0x6f, 0xfe, 0x30, 0x00, 0x00, 0x00, 0x04, 0xff, 0xf5,
    0x00, 0x00, 0x00, 0x00, 0x3e, 0xff, 0x60, 0x00, 0x00, 0x00, 0x01, 0xcf, 0xf9, 0x00, 0x00, 0x00,
    0x00, 0x0a, 0xff, 0xb0, 0x00, 0x00, 0x00, 0x00, 0x8f, 0xfc, 0x10, 0x00, 0x00, 0x00, 0x06, 0xff,
    0xe2, 0x00, 0x00, 0x00, 0x00, 0x3f, 0xff, 0x30, 0x00, 0x00, 0x00, 0x02, 0xef, 0xf6, 0x00, 0x00,
    0x00, 0x00, 0x1c, 0xff, 0x80, 0x00, 0x00, 0x00, 0x00, 0x8f, 0xff, 0xbb, 0xbb, 0xbb, 0xbb, 0xb6,
    0x8f, 0xff, 0xff, 0xff, 0xff, 0xff, 0xf8, 0x8f, 0xff, 0xff, 0xff, 0xff, 0xff, 0xf8, 0x00, 0x00,
    0x01, 0x55, 0x10, 0x00, 0x00, 0x00, 0x00, 0x0c, 0xff, 0xc0, 0x00, 0x00, 0x00, 0x00, 0x4f, 0xff,
    0xf4, 0x00, 0x00, 0x00, 0x00, 0x1e, 0xff, 0xe1, 0x00, 0x00, 0x00, 0x00, 0x02, 0x88, 0x20, 0x00,
    0x00, 0x00, 0x00, 0x00, 0x00, 0x00, 0x00, 0x00, 0x00, 0x00, 0x00, 0x00, 0x00, 0x00, 0x00, 0x4f,
    0xff, 0xff, 0xff, 0xff, 0xff, 0xf4, 0x4f, 0xff, 0xff, 0xff, 0xff, 0xff, 0xf4, 0x3b, 0xbb, 0xbb,
    0xbb, 0xbb, 0xff, 0xf4, 0x00, 0x00, 0x00, 0x00, 0x05, 0xff, 0xd0, 0x00, 0x00, 0x00, 0x00, 0x1d,
    0xff, 0x50, 0x00, 0x00, 0x00, 0x00, 0x8f, 0xfb, 0x00, 0x00, 0x00, 0x00, 0x02, 0xef, 0xf2, 0x00,
    0x00, 0x00, 0x00, 0x0a, 0xff, 0x80, 0x00, 0x00, 0x00, 0x00, 0x4f, 0xfd, 0x10, 0x00, 0x00, 0x00,
    0x00, 0xdf, 0xf6, 0x00, 0x00, 0x00, 0x00, 0x07, 0xff, 0xb0, 0x00, 0x00, 0x00, 0x00, 0x1e, 0xff,
    0x30, 0x00, 0x00, 0x00, 0x00, 0x9f, 0xf8, 0x00, 0x00, 0x00, 0x00, 0x03, 0xff, 0xe1, 0x00, 0x00,
    0x00, 0x00, 0x0b, 0xff, 0x70, 0x00, 0x00, 0x00, 0x00, 0x6f, 0xfc, 0x00, 0x00, 0x00, 0x00, 0x01,
    0xef, 0xf4, 0x00, 0x00, 0x00, 0x00, 0x08, 0xff, 0x90, 0x00, 0x00, 0x00, 0x00, 0x2f, 0xfe, 0x20,
    0x00, 0x00, 0x00, 0x00, 0x8f, 0xfe, 0xbb, 0xbb, 0xbb, 0xbb, 0xb6, 0x8f, 0xff, 0xff, 0xff, 0xff,
    0xff, 0xf8, 0x8f, 0xff, 0xff, 0xff, 0xff, 0xff, 0xf8, 0x00, 0x00, 0x01, 0x44, 0x10, 0x00, 0x00,
    0x00, 0x00, 0x0c, 0xff, 0xc0, 0x00, 0x00, 0x00, 0x00, 0x4f, 0xff, 0xf4, 0x00, 0x00, 0x00, 0x00,
    0x1e, 0xff, 0xe1, 0x00, 0x00, 0x00, 0x00, 0x03, 0x88, 0x30, 0x00, 0x00, 0x00, 0x00, 0x00, 0x00,
    0x00, 0x00, 0x00, 0x00, 0x00, 0x00, 0x00, 0x00, 0x00, 0x00, 0x28, 0x88, 0x88, 0x88, 0x88, 0x88,
    0x80, 0x4f, 0xff, 0xff, 0xff, 0xff, 0xff, 0xf0, 0x4f, 0xff, 0xff, 0xff, 0xff, 0xff, 0xf0, 0x14,
    0x44, 0x44, 0x44, 0x4c, 0xff, 0xd0, 0x00, 0x00, 0x00, 0x00, 0x6f, 0xfe, 0x30, 0x00, 0x00, 0x00,
    0x04, 0xff, 0xf5, 0x00, 0x00, 0x00, 0x00, 0x3e, 0xff, 0x60, 0x00, 0x00, 0x00, 0x01, 0xcf, 0xf9,
    0x00, 0x00, 0x00, 0x00, 0x0a, 0xff, 0xb0, 0x00, 0x00, 0x00, 0x00, 0x8f, 0xfc, 0x10, 0x00, 0x00,
    0x00, 0x06, 0xff, 0xe2, 0x00, 0x00, 0x00, 0x00, 0x3f, 0xff, 0x30, 0x00, 0x00, 0x00, 0x02, 0xef,
    0xf6, 0x00, 0x00, 0x00, 0x00, 0x1c, 0xff, 0x80, 0x00, 0x00, 0x00, 0x00, 0x8f, 0xff, 0xbb, 0xbb,
    0xbb, 0xbb, 0xb6, 0x8f, 0xff, 0xff, 0xff, 0xff, 0xff, 0xf8, 0x8f, 0xff, 0xff, 0xff, 0xff, 0xff,
    0xf8, 0x03, 0x88, 0x70, 0x00, 0x07, 0x88, 0x30, 0x00, 0x9f, 0xf9, 0x00, 0x9f, 0xf9, 0x00, 0x00,
    0x09, 0xff, 0x99, 0xff, 0x90, 0x00, 0x00, 0x00, 0x9f, 0xff, 0xf9, 0x00, 0x00, 0x00, 0x00, 0x08,
    0xbb, 0x80, 0x00, 0x00, 0x00, 0x00, 0x00, 0x00, 0x00, 0x00, 0x00, 0x00, 0x00, 0x00, 0x00, 0x00,
    0x00, 0x00, 0x4f, 0xff, 0xff, 0xff, 0xff, 0xff, 0xf4, 0x4f, 0xff, 0xff, 0xff, 0xff, 0xff, 0xf4,
    0x3b, 0xbb, 0xbb, 0xbb, 0xbb, 0xff, 0xf4, 0x00, 0x00, 0x00, 0x00, 0x05, 0xff, 0xd0, 0x00, 0x00,
    0x00, 0x00, 0x1d, 0xff, 0x50, 0x00, 0x00, 0x00, 0x00, 0x8f, 0xfb, 0x00, 0x00, 0x00, 0x00, 0x02,
    0xef, 0xf2, 0x00, 0x00, 0x00, 0x00, 0x0a, 0xff, 0x80, 0x00, 0x00, 0x00, 0x00, 0x4f, 0xfd, 0x10,
    0x00, 0x00, 0x00, 0x00, 0xdf, 0xf6, 0x00, 0x00, 0x00, 0x00, 0x07, 0xff, 0xb0, 0x00, 0x00, 0x00,
    0x00, 0x1e, 0xff, 0x30, 0x00, 0x00, 0x00, 0x00, 0x9f, 0xf8, 0x00, 0x00, 0x00, 0x00, 0x03, 0xff,
    0xe1, 0x00, 0x00, 0x00, 0x00, 0x0b, 0xff, 0x70, 0x00, 0x00, 0x00, 0x00, 0x6f, 0xfc, 0x00, 0x00,
    0x00, 0x00, 0x01, 0xef, 0xf4, 0x00, 0x00, 0x00, 0x00, 0x08, 0xff, 0x90, 0x00, 0x00, 0x00, 0x00,
    0x2f, 0xfe, 0x20, 0x00, 0x00, 0x00, 0x00, 0x8f, 0xfe, 0xbb, 0xbb, 0xbb, 0xbb, 0xb6, 0x8f, 0xff,
    0xff, 0xff, 0xff, 0xff, 0xf8, 0x8f, 0xff, 0xff, 0xff, 0xff, 0xff, 0xf8, 0x02, 0x88, 0x70, 0x00,
    0x07, 0x88, 0x30, 0x00, 0x9f, 0xf9, 0x00, 0x9f, 0xf9, 0x00, 0x00, 0x09, 0xff, 0x99, 0xff, 0x90,
    0x00, 0x00, 0x00, 0x9f, 0xff, 0xf9, 0x00, 0x00, 0x00, 0x00, 0x08, 0xbb, 0x80, 0x00, 0x00, 0x00,
    0x00, 0x00, 0x00, 0x00, 0x00, 0x00, 0x00, 0x00, 0x00, 0x00, 0x00, 0x00, 0x00, 0x28, 0x88, 0x88,
    0x88, 0x88, 0x88, 0x80, 0x4f, 0xff, 0xff, 0xff, 0xff, 0xff, 0xf0, 0x4f, 0xff, 0xff, 0xff, 0xff,
    0xff, 0xf0, 0x14, 0x44, 0x44, 0x44, 0x4c, 0xff, 0xd0, 0x00, 0x00, 0x00, 0x00, 0x6f, 0xfe, 0x30,
    0x00, 0x00, 0x00, 0x04, 0xff, 0xf5, 0x00, 0x00, 0x00, 0x00, 0x3e, 0xff, 0x60, 0x00, 0x00, 0x00,
    0x01, 0xcf, 0xf9, 0x00, 0x00, 0x00, 0x00, 0x0a, 0xff, 0xb0, 0x00, 0x00, 0x00, 0x00, 0x8f, 0xfc,
    0x10, 0x00, 0x00, 0x00, 0x06, 0xff, 0xe2, 0x00, 0x00, 0x00, 0x00, 0x3f, 0xff, 0x30, 0x00, 0x00,
    0x00, 0x02, 0xef, 0xf6, 0x00, 0x00, 0x00, 0x00, 0x1c, 0xff, 0x80, 0x00, 0x00, 0x00, 0x00, 0x8f,
    0xff, 0xbb, 0xbb, 0xbb, 0xbb, 0xb6, 0x8f, 0xff, 0xff, 0xff, 0xff, 0xff, 0xf8, 0x8f, 0xff, 0xff,
    0xff, 0xff, 0xff, 0xf8, 0x00, 0x06, 0xad, 0xff, 0xff, 0xf8, 0x00, 0xaf, 0xff, 0xff, 0xff, 0xf8,
    0x08, 0xff, 0xfc, 0xbb, 0xbb, 0xb6, 0x0e, 0xff, 0x60, 0x00, 0x00, 0x00, 0x3f, 0xfd, 0x00, 0x00,
    0x00, 0x00, 0x4f, 0xfb, 0x00, 0x00, 0x00, 0x00, 0x4f, 0xfb, 0x00, 0x00, 0x00, 0x00, 0x4f, 0xfb,
    0x00, 0x00, 0x00, 0x00, 0x4f, 0xfb, 0x00, 0x00, 0x00, 0x00, 0x4f, 0xfb, 0x00, 0x00, 0x00, 0x00,
    0x4f, 0xfb, 0x00, 0x00, 0x00, 0x00, 0x4f, 0xfb, 0x00, 0x00, 0x00, 0x00, 0x4f, 0xfb, 0x00, 0x00,
    0x00, 0x00, 0x4f, 0xfb, 0x00, 0x00, 0x00, 0x00, 0x4f, 0xfb, 0x00, 0x00, 0x00, 0x00, 0x4f, 0xfb,
    0x00, 0x00, 0x00, 0x00, 0x4f, 0xfb, 0x00, 0x00, 0x00, 0x00, 0x4f, 0xfb, 0x00, 0x00, 0x00, 0x00,
    0x4f, 0xfb, 0x00, 0x00, 0x00, 0x00, 0x4f, 0xfb, 0x00, 0x00, 0x00, 0x00, 0x4f, 0xfb, 0x00, 0x00,
    0x00, 0x00, 0x4f, 0xfb, 0x00, 0x00, 0x00, 0x00, 0x00, 0x00, 0x01, 0xff, 0xff, 0x10, 0x00, 0x00,
    0x00, 0x00, 0x05, 0xff, 0xff, 0x50, 0x00, 0x00, 0x00, 0x00, 0x08, 0xff, 0xff, 0x90, 0x00, 0x00,
    0x00, 0x00, 0x0c, 0xfc, 0xcf, 0xd0, 0x00, 0x00, 0x00, 0x00, 0x1f, 0xf9, 0x9f, 0xf2, 0x00, 0x00,
    0x00, 0x00, 0x6f, 0xf6, 0x6f, 0xf6, 0x00, 0x00, 0x00, 0x00, 0x9f, 0xf3, 0x2f, 0xf9, 0x00, 0x00,
    0x00, 0x00, 0xdf, 0xe0, 0x0d, 0xfd, 0x00, 0x00, 0x00, 0x02, 0xff, 0xa0, 0x0a, 0xff, 0x20, 0x00,
    0x00, 0x06, 0xff, 0x70, 0x07, 0xff, 0x60, 0x00, 0x00, 0x09, 0xff, 0x30, 0x03, 0xff, 0xa0, 0x00,
    0x00, 0x0d, 0xfe, 0x00, 0x00, 0xef, 0xe0, 0x00, 0x00, 0x3f, 0xfa, 0x00, 0x00, 0xaf, 0xf3, 0x00,
    0x00, 0x7f, 0xf9, 0x44, 0x44, 0x9f, 0xf7, 0x00, 0x00, 0xaf, 0xff, 0xff, 0xff, 0xff, 0xfa, 0x00,
    0x00, 0xef, 0xff, 0xff, 0xff, 0xff, 0xfe, 0x00, 0x03, 0xff, 0xc4, 0x44, 0x44, 0x4c, 0xff, 0x30,
    0x07, 0xff, 0x80, 0x00, 0x00, 0x08, 0xff, 0x70, 0x0a, 0xff, 0x40, 0x00, 0x00, 0x04, 0xff, 0xa0,
    0x0f, 0xff, 0x00, 0x00, 0x00, 0x00, 0xff, 0xf0, 0x4f, 0xfb, 0x00, 0x00, 0x00, 0x00, 0xbf, 0xf4,
    0x8f, 0xf8, 0x00, 0x00, 0x00, 0x00, 0x8f, 0xf8, 0x4f, 0xff, 0xff, 0xfe, 0xb8, 0x30, 0x00, 0x04,
    0xff, 0xff, 0xff, 0xff, 0xff, 0x80, 0x00, 0x4f, 0xfd, 0xbb, 0xbb, 0xef, 0xff, 0x80, 0x04, 0xff,
    0x80, 0x00, 0x00, 0x8f, 0xff, 0x20, 0x4f, 0xf8, 0x00, 0x00, 0x00, 0xbf, 0xf7, 0x04, 0xff, 0x80,
    0x00, 0x00, 0x08, 0xff, 0x80, 0x4f, 0xf8, 0x00, 0x00, 0x00, 0x8f, 0xf8, 0x04, 0xff, 0x80, 0x00,
    0x00, 0x0b, 0xff, 0x30, 0x4f, 0xf8, 0x00, 0x00, 0x07, 0xff, 0xa0, 0x04, 0xff, 0xdb, 0xbb, 0xbd,
    0xff, 0xb1, 0x00, 0x4f, 0xff, 0xff, 0xff, 0xff, 0x80, 0x00, 0x04, 0xff, 0xdb, 0xbb, 0xdf, 0xff,
    0xc3, 0x00, 0x4f, 0xf8, 0x00, 0x00, 0x18, 0xff, 0xe1, 0x04, 0xff, 0x80, 0x00, 0x00, 0x08, 0xff,
    0x80, 0x4f, 0xf8, 0x00, 0x00, 0x00, 0x1f, 0xfd, 0x04, 0xff, 0x80, 0x00, 0x00, 0x00, 0xff, 0xf0,
    0x4f, 0xf8, 0x00, 0x00, 0x00, 0x0f, 0xff, 0x04, 0xff, 0x80, 0x00, 0x00, 0x05, 0xff, 0xd0, 0x4f,
    0xf8, 0x00, 0x00, 0x03, 0xef, 0xf8, 0x04, 0xff, 0xb8, 0x88, 0x9c, 0xff, 0xfe, 0x10, 0x4f, 0xff,
    0xff, 0xff, 0xff, 0xfd, 0x30, 0x04, 0xff, 0xff, 0xff, 0xff, 0xb7, 0x10, 0x00, 0x4f, 0xff, 0xff,
    0xff, 0xff, 0xff, 0xfb, 0x4f, 0xff, 0xff, 0xff, 0xff, 0xff, 0xfb, 0x4f, 0xfe, 0xbb, 0xbb, 0xbb,
    0xbb, 0xb8, 0x4f, 0xfb, 0x00, 0x00, 0x00, 0x00, 0x00, 0x4f, 0xfb, 0x00, 0x00, 0x00, 0x00, 0x00,
    0x4f, 0xfb, 0x00, 0x00, 0x00, 0x00, 0x00, 0x4f, 0xfb, 0x00, 0x00, 0x00, 0x00, 0x00, 0x4f, 0xfb,
    0x00, 0x00, 0x00, 0x00, 0x00, 0x4f, 0xfb, 0x00, 0x00, 0x00, 0x00, 0x00, 0x4f, 0xfb, 0x00, 0x00,
    0x00, 0x00, 0x00, 0x4f, 0xfb, 0x00, 0x00, 0x00, 0x00, 0x00, 0x4f, 0xfb, 0x00, 0x00, 0x00, 0x00,
    0x00, 0x4f, 0xfb, 0x00, 0x00, 0x00, 0x00, 0x00, 0x4f, 0xfb, 0x00, 0x00, 0x00, 0x00, 0x00, 0x4f,
    0xfb, 0x00, 0x00, 0x00, 0x00, 0x00, 0x4f, 0xfb, 0x00, 0x00, 0x00, 0x00, 0x00, 0x4f, 0xfb, 0x00,
    0x00, 0x00, 0x00, 0x00, 0x4f, 0xfb, 0x00, 0x00, 0x00, 0x00, 0x00, 0x4f, 0xfb, 0x00, 0x00, 0x00,
    0x00, 0x00, 0x4f, 0xfb, 0x00, 0x00, 0x00, 0x00, 0x00, 0x4f, 0xfb, 0x00, 0x00, 0x00, 0x00, 0x00,
    0x4f, 0xfb, 0x00, 0x00, 0x00, 0x00, 0x00, 0x00, 0x00, 0x01, 0xff, 0xff, 0x10, 0x00, 0x00, 0x00,
    0x00, 0x05, 0xff, 0xff, 0x50, 0x00, 0x00, 0x00, 0x00, 0x08, 0xff, 0xff, 0x90, 0x00, 0x00, 0x00,
    0x00, 0x0c, 0xfb, 0xcf, 0xd0, 0x00, 0x00, 0x00, 0x00, 0x1f, 0xf8, 0x9f, 0xf2, 0x00, 0x00, 0x00,
    0x00, 0x6f, 0xf6, 0x7f, 0xf6, 0x00, 0x00, 0x00, 0x00, 0x9f, 0xf3, 0x3f, 0xf9, 0x00, 0x00, 0x00,
    0x00, 0xdf, 0xe0, 0x0e, 0xfd, 0x00, 0x00, 0x00, 0x02, 0xff, 0xa0, 0x0a, 0xff, 0x20, 0x00, 0x00,
    0x06, 0xff, 0x70, 0x07, 0xff, 0x60, 0x00, 0x00, 0x09, 0xff, 0x30, 0x03, 0xff, 0xa0, 0x00, 0x00,
    0x0d, 0xfe, 0x00, 0x00, 0xef, 0xe0, 0x00, 0x00, 0x3f, 0xfa, 0x00, 0x00, 0xaf, 0xf3, 0x00, 0x00,
    0x7f, 0xf7, 0x00, 0x00, 0x8f, 0xf7, 0x00, 0x00, 0xaf, 0xf4, 0x00, 0x00, 0x4f, 0xfa, 0x00, 0x00,
    0xef, 0xf0, 0x00, 0x00, 0x0f, 0xfe, 0x00, 0x03, 0xff, 0xb0, 0x00, 0x00, 0x0b, 0xff, 0x30, 0x07,
    0xff, 0x80, 0x00, 0x00, 0x08, 0xff, 0x70, 0x0a, 0xff, 0x40, 0x00, 0x00, 0x04, 0xff, 0xa0, 0x0f,
    0xff, 0xbb, 0xbb, 0xbb, 0xbb, 0xff, 0xf0, 0x4f, 0xff, 0xff, 0xff, 0xff, 0xff, 0xff, 0xf4, 0x8f,
    0xff, 0xff, 0xff, 0xff, 0xff, 0xff, 0xf8, 0x0f, 0xff, 0xff, 0xff, 0xff, 0xff, 0xfb, 0x0f, 0xff,
    0xff, 0xff, 0xff, 0xff, 0xfb, 0x0f, 0xfe, 0xbb, 0xbb, 0xbb, 0xbb, 0xb8, 0x0f, 0xfb, 0x00, 0x00,
    0x00, 0x00, 0x00, 0x0f, 0xfb, 0x00, 0x00, 0x00, 0x00, 0x00, 0x0f, 0xfb, 0x00, 0x00, 0x00, 0x00,
    0x00, 0x0f, 0xfb, 0x00, 0x00, 0x00, 0x00, 0x00, 0x0f, 0xfb, 0x00, 0x00, 0x00, 0x00, 0x00, 0x0f,
    0xfb, 0x00, 0x00, 0x00, 0x00, 0x00, 0x0f, 0xfe, 0xbb, 0xbb, 0xbb, 0xbb, 0x60, 0x0f, 0xff, 0xff,
    0xff, 0xff, 0xff, 0x80, 0x0f, 0xfe, 0xbb, 0xbb, 0xbb, 0xbb, 0x60, 0x0f, 0xfb, 0x00, 0x00, 0x00,
    0x00, 0x00, 0x0f, 0xfb, 0x00, 0x00, 0x00, 0x00, 0x00, 0x0f, 0xfb, 0x00, 0x00, 0x00, 0x00, 0x00,
    0x0f, 0xfb, 0x00, 0x00, 0x00, 0x00, 0x00, 0x0f, 0xfb, 0x00, 0x00, 0x00, 0x00, 0x00, 0x0f, 0xfb,
    0x00, 0x00, 0x00, 0x00, 0x00, 0x0f, 0xfb, 0x00, 0x00, 0x00, 0x00, 0x00, 0x0f, 0xfe, 0xbb, 0xbb,
    0xbb, 0xbb, 0xb8, 0x0f, 0xff, 0xff, 0xff, 0xff, 0xff, 0xfb, 0x0f, 0xff, 0xff, 0xff, 0xff, 0xff,
    0xfb, 0x4f, 0xff, 0xff, 0xff, 0xff, 0xff, 0xf4, 0x4f, 0xff, 0xff, 0xff, 0xff, 0xff, 0xf4, 0x3b,
    0xbb, 0xbb, 0xbb, 0xbb, 0xff, 0xf4, 0x00, 0x00, 0x00, 0x00, 0x05, 0xff, 0xd0, 0x00, 0x00, 0x00,
    0x00, 0x1d, 0xff, 0x50, 0x00, 0x00, 0x00, 0x00, 0x8f, 0xfb, 0x00, 0x00, 0x00, 0x00, 0x02, 0xef,
    0xf2, 0x00, 0x00, 0x00, 0x00, 0x0a, 0xff, 0x80, 0x00, 0x00, 0x00, 0x00, 0x4f, 0xfd, 0x10, 0x00,
    0x00, 0x00, 0x00, 0xdf, 0xf6, 0x00, 0x00, 0x00, 0x00, 0x07, 0xff, 0xb0, 0x00, 0x00, 0x00, 0x00,
    0x1e, 0xff, 0x30, 0x00, 0x00, 0x00, 0x00, 0x9f, 0xf8, 0x00, 0x00, 0x00, 0x00, 0x03, 0xff, 0xe1,
    0x00, 0x00, 0x00, 0x00, 0x0b, 0xff, 0x70, 0x00, 0x00, 0x00, 0x00, 0x6f, 0xfc, 0x00, 0x00, 0x00,
    0x00, 0x01, 0xef, 0xf4, 0x00, 0x00, 0x00, 0x00, 0x08, 0xff, 0x90, 0x00, 0x00, 0x00, 0x00, 0x2f,
    0xfe, 0x20, 0x00, 0x00, 0x00, 0x00, 0x8f, 0xfe, 0xbb, 0xbb, 0xbb, 0xbb, 0xb6, 0x8f, 0xff, 0xff,
    0xff, 0xff, 0xff, 0xf8, 0x8f, 0xff, 0xff, 0xff, 0xff, 0xff, 0xf8, 0x4f, 0xfb, 0x00, 0x00, 0x00,
    0xbf, 0xf4, 0x4f, 0xfb, 0x00, 0x00, 0x00, 0xbf, 0xf4, 0x4f, 0xfb, 0x00, 0x00, 0x00, 0xbf, 0xf4,
    0x4f, 0xfb, 0x00, 0x00, 0x00, 0xbf, 0xf4, 0x4f, 0xfb, 0x00, 0x00, 0x00, 0xbf, 0xf4, 0x4f, 0xfb,
    0x00, 0x00, 0x00, 0xbf, 0xf4, 0x4f, 0xfb, 0x00, 0x00, 0x00, 0xbf, 0xf4, 0x4f, 0xfb, 0x00, 0x00,
    0x00, 0xbf, 0xf4, 0x4f, 0xfb, 0x00, 0x00, 0x00, 0xbf, 0xf4, 0x4f, 0xfe, 0xbb, 0xbb, 0xbb, 0xef,
    0xf4, 0x4f, 0xff, 0xff, 0xff, 0xff, 0xff, 0xf4, 0x4f, 0xff, 0xff, 0xff, 0xff, 0xff, 0xf4, 0x4f,
    0xfb, 0x00, 0x00, 0x00, 0xbf, 0xf4, 0x4f, 0xfb, 0x00, 0x00, 0x00, 0xbf, 0xf4, 0x4f, 0xfb, 0x00,
    0x00, 0x00, 0xbf, 0xf4, 0x4f, 0xfb, 0x00, 0x00, 0x00, 0xbf, 0xf4, 0x4f, 0xfb, 0x00, 0x00, 0x00,
    0xbf, 0xf4, 0x4f, 0xfb, 0x00, 0x00, 0x00, 0xbf, 0xf4, 0x4f, 0xfb, 0x00, 0x00, 0x00, 0xbf, 0xf4,
    0x4f, 0xfb, 0x00, 0x00, 0x00, 0xbf, 0xf4, 0x4f, 0xfb, 0x00, 0x00, 0x00, 0xbf, 0xf4, 0x4f, 0xfb,
    0x00, 0x00, 0x00, 0xbf, 0xf4, 0x00, 0x00, 0x01, 0x44, 0x10, 0x00, 0x00, 0x00, 0x06, 0xcf, 0xff,
    0xfc, 0x60, 0x00, 0x00, 0x9f, 0xff, 0xff, 0xff, 0xf9, 0x00, 0x08, 0xff, 0xfa, 0x88, 0xaf, 0xff,
    0x80, 0x1f, 0xff, 0x60, 0x00, 0x06, 0xff, 0xf1, 0x5f, 0xfc, 0x00, 0x00, 0x00, 0xcf, 0xf5, 0x8f,
    0xf8, 0x00, 0x00, 0x00, 0x8f, 0xf8, 0x8f, 0xf8, 0x00, 0x00, 0x00, 0x8f, 0xf8, 0x8f, 0xf8, 0x00,
    0x00, 0x00, 0x8f, 0xf8, 0x8f, 0xf8, 0x00, 0x00, 0x00, 0x8f, 0xf8, 0x8f, 0xf8, 0x48, 0x88, 0x84,
    0x8f, 0xf8, 0x8f, 0xf8, 0x8f, 0xff, 0xf8, 0x8f, 0xf8, 0x8f, 0xf8, 0x8f, 0xff, 0xf8, 0x8f, 0xf8,
    0x8f, 0xf8, 0x24, 0x44, 0x42, 0x8f, 0xf8, 0x8f, 0xf8, 0x00, 0x00, 0x00, 0x8f, 0xf8, 0x8f, 0xf8,
    0x00, 0x00, 0x00, 0x8f, 0xf8, 0x8f, 0xf8, 0x00, 0x00, 0x00, 0x8f, 0xf8, 0x8f, 0xf8, 0x00, 0x00,
    0x00, 0x8f, 0xf8, 0x5f, 0xfa, 0x00, 0x00, 0x00, 0xaf, 0xf5, 0x1f, 0xff, 0x40, 0x00, 0x04, 0xff,
    0xf1, 0x08, 0xff, 0xf9, 0x66, 0x9f, 0xff, 0x80, 0x01, 0xcf, 0xff, 0xff, 0xff, 0xfc, 0x10, 0x00,
    0x08, 0xef, 0xff, 0xfe, 0x80, 0x00, 0x00, 0x00, 0x03, 0x44, 0x30, 0x00, 0x00, 0xff, 0xff, 0xff,
    0xff, 0xff, 0xff, 0xff, 0xff, 0xff, 0xff, 0xff, 0xff, 0xbb, 0xbb, 0xdf, 0xfd, 0xbb, 0xbb, 0x00,
    0x00, 0x8f, 0xf8, 0x00, 0x00, 0x00, 0x00, 0x8f, 0xf8, 0x00, 0x00, 0x00, 0x00, 0x8f, 0xf8, 0x00,
    0x00, 0x00, 0x00, 0x8f, 0xf8, 0x00, 0x00, 0x00, 0x00, 0x8f, 0xf8, 0x00, 0x00, 0x00, 0x00, 0x8f,
    0xf8, 0x00, 0x00, 0x00, 0x00, 0x8f, 0xf8, 0x00, 0x00, 0x00, 0x00, 0x8f, 0xf8, 0x00, 0x00, 0x00,
    0x00, 0x8f, 0xf8, 0x00, 0x00, 0x00, 0x00, 0x8f, 0xf8, 0x00, 0x00, 0x00, 0x00, 0x8f, 0xf8, 0x00,
    0x00, 0x00, 0x00, 0x8f, 0xf8, 0x00, 0x00, 0x00, 0x00, 0x8f, 0xf8, 0x00, 0x00, 0x00, 0x00, 0x8f,
    0xf8, 0x00, 0x00, 0x00, 0x00, 0x8f, 0xf8, 0x00, 0x00, 0x00, 0x00, 0x8f, 0xf8, 0x00, 0x00, 0xbb,
    0xbb, 0xdf, 0xfd, 0xbb, 0xbb, 0xff, 0xff, 0xff, 0xff, 0xff, 0xff, 0xff, 0xff, 0xff, 0xff, 0xff,
    0xff, 0x4f, 0xf8, 0x00, 0x00, 0x00, 0x0d, 0xff, 0x64, 0xff, 0x80, 0x00, 0x00, 0x06, 0xff, 0xd0,
    0x4f, 0xf8, 0x00, 0x00, 0x00, 0xdf, 0xf6, 0x04, 0xff, 0x80, 0x00, 0x00, 0x6f, 0xfd, 0x00, 0x4f,
    0xf8, 0x00, 0x00, 0x0d, 0xff, 0x60, 0x04, 0xff, 0x80, 0x00, 0x06, 0xff, 0xd0, 0x00, 0x4f, 0xf8,
    0x00, 0x00, 0xdf, 0xf6, 0x00, 0x04, 0xff, 0x80, 0x00, 0x6f, 0xfd, 0x00, 0x00, 0x4f, 0xf8, 0x00,
    0x0d, 0xff, 0x60, 0x00, 0x04, 0xff, 0xb8, 0x89, 0xff, 0xd0, 0x00, 0x00, 0x4f, 0xff, 0xff, 0xff,
    0xf7, 0x00, 0x00, 0x04, 0xff, 0xff, 0xff, 0xff, 0xb0, 0x00, 0x00, 0x4f, 0xf8, 0x00, 0x2f, 0xff,
    0x40, 0x00, 0x04, 0xff, 0x80, 0x00, 0x9f, 0xfa, 0x00, 0x00, 0x4f, 0xf8, 0x00, 0x02, 0xff, 0xf2,
    0x00, 0x04, 0xff, 0x80, 0x00, 0x09, 0xff, 0x90, 0x00, 0x4f, 0xf8, 0x00, 0x00, 0x4f, 0xff, 0x20,
    0x04, 0xff, 0x80, 0x00, 0x00, 0xbf, 0xf9, 0x00, 0x4f, 0xf8, 0x00, 0x00, 0x04, 0xff, 0xf2, 0x04,
    0xff, 0x80, 0x00, 0x00, 0x0b, 0xff, 0x90, 0x4f, 0xf8, 0x00, 0x00, 0x00, 0x4f, 0xff, 0x24, 0xff,
    0x80, 0x00, 0x00, 0x00, 0xbf, 0xf9, 0x00, 0x00, 0x01, 0xff, 0xff, 0x10, 0x00, 0x00, 0x00, 0x00,
    0x05, 0xff, 0xff, 0x50, 0x00, 0x00, 0x00, 0x00, 0x08, 0xff, 0xff, 0x90, 0x00, 0x00, 0x00, 0x00,
    0x0c, 0xfc, 0xcf, 0xd0, 0x00, 0x00, 0x00, 0x00, 0x1f, 0xf9, 0x9f, 0xf2, 0x00, 0x00, 0x00, 0x00,
    0x6f, 0xf6, 0x6f, 0xf6, 0x00, 0x00, 0x00, 0x00, 0x9f, 0xf3, 0x3f, 0xf9, 0x00, 0x00, 0x00, 0x00,
    0xdf, 0xe0, 0x0e, 0xfd, 0x00, 0x00, 0x00, 0x02, 0xff, 0xa0, 0x0a, 0xff, 0x20, 0x00, 0x00, 0x06,
    0xff, 0x70, 0x07, 0xff, 0x60, 0x00, 0x00, 0x09, 0xff, 0x30, 0x03, 0xff, 0xa0, 0x00, 0x00, 0x0d,
    0xfe, 0x00, 0x00, 0xef, 0xe0, 0x00, 0x00, 0x3f, 0xfa, 0x00, 0x00, 0xbf, 0xf3, 0x00, 0x00, 0x7f,
    0xf8, 0x00, 0x00, 0x8f, 0xf7, 0x00, 0x00, 0xaf, 0xf4, 0x00, 0x00, 0x4f, 0xfa, 0x00, 0x00, 0xef,
    0xf0, 0x00, 0x00, 0x0f, 0xfe, 0x00, 0x03, 0xff, 0xb0, 0x00, 0x00, 0x0b, 0xff, 0x30, 0x07, 0xff,
    0x80, 0x00, 0x00, 0x08, 0xff, 0x70, 0x0a, 0xff, 0x40, 0x00, 0x00, 0x04, 0xff, 0xa0, 0x0f, 0xff,
    0x00, 0x00, 0x00, 0x00, 0xff, 0xf0, 0x4f, 0xfb, 0x00, 0x00, 0x00, 0x00, 0xbf, 0xf4, 0x8f, 0xf8,
    0x00, 0x00, 0x00, 0x00, 0x8f, 0xf8, 0xff, 0xff, 0x60, 0x00, 0x06, 0xff, 0xff, 0xff, 0xff, 0x90,
    0x00, 0x09, 0xfe, 0xff, 0xff, 0xcf, 0xe0, 0x00, 0x0e, 0xf9, 0xff, 0xff, 0x8f, 0xf3, 0x00, 0x4f,
    0xd8, 0xff, 0xff, 0xaa, 0xf8, 0x00, 0x8f, 0x8a, 0xff, 0xff, 0xb6, 0xfc, 0x00, 0xdf, 0x3b, 0xff,
    0xff, 0xb2, 0xff, 0x12, 0xfe, 0x0b, 0xff, 0xff, 0xb0, 0xcf, 0x67, 0xf9, 0x0b, 0xff, 0xff, 0xb0,
    0x8f, 0x9b, 0xf5, 0x0b, 0xff, 0xff, 0xb0, 0x3f, 0xef, 0xf1, 0x0b, 0xff, 0xff, 0xb0, 0x0d, 0xff,
    0xa0, 0x0b, 0xff, 0xff, 0xb0, 0x08, 0xff, 0x60, 0x0b, 0xff, 0xff, 0xb0, 0x02, 0x44, 0x10, 0x0b,
    0xff, 0xff, 0xb0, 0x00, 0x00, 0x00, 0x0b, 0xff, 0xff, 0xb0, 0x00, 0x00, 0x00, 0x0b, 0xff, 0xff,
    0xb0, 0x00, 0x00, 0x00, 0x0b, 0xff, 0xff, 0xb0, 0x00, 0x00, 0x00, 0x0b, 0xff, 0xff, 0xb0, 0x00,
    0x00, 0x00, 0x0b, 0xff, 0xff, 0xb0, 0x00, 0x00, 0x00, 0x0b, 0xff, 0xff, 0xb0, 0x00, 0x00, 0x00,
    0x0b, 0xff, 0xff, 0xb0, 0x00, 0x00, 0x00, 0x0b, 0xff, 0xff, 0xb0, 0x00, 0x00, 0x00, 0x0b, 0xff,
    0x8f, 0xff, 0x80, 0x00, 0x00, 0x4f, 0xf8, 0x8f, 0xff, 0xd0, 0x00, 0x00, 0x4f, 0xf8, 0x8f, 0xff,
    0xf5, 0x00, 0x00, 0x4f, 0xf8, 0x8f, 0xfe, 0xf9, 0x00, 0x00, 0x4f, 0xf8, 0x8f, 0xfc, 0xfe, 0x00,
    0x00, 0x4f, 0xf8, 0x8f, 0xf7, 0xff, 0x60, 0x00, 0x4f, 0xf8, 0x8f, 0xf4, 0xdf, 0xa0, 0x00, 0x4f,
    0xf8, 0x8f, 0xf4, 0x8f, 0xf1, 0x00, 0x4f, 0xf8, 0x8f, 0xf4, 0x2f, 0xf6, 0x00, 0x4f, 0xf8, 0x8f,
    0xf4, 0x0c, 0xfb, 0x00, 0x4f, 0xf8, 0x8f, 0xf4, 0x07, 0xff, 0x20, 0x4f, 0xf8, 0x8f, 0xf4, 0x02,
    0xff, 0x70, 0x4f, 0xf8, 0x8f, 0xf4, 0x00, 0xbf, 0xc0, 0x4f, 0xf8, 0x8f, 0xf4, 0x00, 0x6f, 0xf2,
    0x4f, 0xf8, 0x8f, 0xf4, 0x00, 0x1f, 0xf8, 0x4f, 0xf8, 0x8f, 0xf4, 0x00, 0x0a, 0xfd, 0x4f, 0xf8,
    0x8f, 0xf4, 0x00, 0x06, 0xff, 0x7f, 0xf8, 0x8f, 0xf4, 0x00, 0x01, 0xef, 0xbf, 0xf8, 0x8f, 0xf4,
    0x00, 0x00, 0x9f, 0xef, 0xf8, 0x8f, 0xf4, 0x00, 0x00, 0x5f, 0xff, 0xf8, 0x8f, 0xf4, 0x00, 0x00,
    0x0e, 0xff, 0xf8, 0x8f, 0xf4, 0x00, 0x00, 0x09, 0xff, 0xf8, 0xbf, 0xff, 0xff, 0xff, 0xff, 0xff,
    0xfb, 0xbf, 0xff, 0xff, 0xff, 0xff, 0xff, 0xfb, 0x8b, 0xbb, 0xbb, 0xbb, 0xbb, 0xbb, 0xb8, 0x00,
    0x00, 0x00, 0x00, 0x00, 0x00, 0x00, 0x00, 0x00, 0x00, 0x00, 0x00, 0x00, 0x00, 0x00, 0x00, 0x00,
    0x00, 0x00, 0x00, 0x00, 0x00, 0x00, 0x00, 0x00, 0x00, 0x00, 0x00, 0x00, 0x00, 0x00, 0x00, 0x00,
    0x00, 0x00, 0x00, 0x00, 0x00, 0x00, 0x00, 0x00, 0x00, 0x06, 0x88, 0x88, 0x88, 0x88, 0x88, 0x60,
    0x0b, 0xff, 0xff, 0xff, 0xff, 0xff, 0xb0, 0x0b, 0xff, 0xff, 0xff, 0xff, 0xff, 0xb0, 0x03, 0x44,
    0x44, 0x44, 0x44, 0x44, 0x30, 0x00, 0x00, 0x00, 0x00, 0x00, 0x00, 0x00, 0x00, 0x00, 0x00, 0x00,
    0x00, 0x00, 0x00, 0x00, 0x00, 0x00, 0x00, 0x00, 0x00, 0x00, 0x00, 0x00, 0x00, 0x00, 0x00, 0x00,
    0x00, 0x00, 0x00, 0x00, 0x00, 0x00, 0x00, 0x00, 0x00, 0x00, 0x00, 0x00, 0x00, 0x00, 0x00, 0x8b,
    0xbb, 0xbb, 0xbb, 0xbb, 0xbb, 0xb8, 0xbf, 0xff, 0xff, 0xff, 0xff, 0xff, 0xfb, 0xbf, 0xff, 0xff,
    0xff, 0xff, 0xff, 0xfb, 0x00, 0x00, 0x01, 0x44, 0x10, 0x00, 0x00, 0x00, 0x06, 0xcf, 0xff, 0xfc,
    0x60, 0x00, 0x00, 0x9f, 0xff, 0xff, 0xff, 0xf9, 0x00, 0x08, 0xff, 0xfa, 0x88, 0xaf, 0xff, 0x80,
    0x0e, 0xff, 0x60, 0x00, 0x06, 0xff, 0xe0, 0x4f, 0xfc, 0x00, 0x00, 0x00, 0xcf, 0xf4, 0x8f, 0xf8,
    0x00, 0x00, 0x00, 0x8f, 0xf8, 0x8f, 0xf8, 0x00, 0x00, 0x00, 0x8f, 0xf8, 0x8f, 0xf8, 0x00, 0x00,
    0x00, 0x8f, 0xf8, 0x8f, 0xf8, 0x00, 0x00, 0x00, 0x8f, 0xf8, 0x8f, 0xf8, 0x00, 0x00, 0x00, 0x8f,
    0xf8, 0x8f, 0xf8, 0x00, 0x00, 0x00, 0x8f, 0xf8, 0x8f, 0xf8, 0x00, 0x00, 0x00, 0x8f, 0xf8, 0x8f,
    0xf8, 0x00, 0x00, 0x00, 0x8f, 0xf8, 0x8f, 0xf8, 0x00, 0x00, 0x00, 0x8f, 0xf8, 0x8f, 0xf8, 0x00,
    0x00, 0x00, 0x8f, 0xf8, 0x8f, 0xf8, 0x00, 0x00, 0x00, 0x8f, 0xf8, 0x8f, 0xf8, 0x00, 0x00, 0x00,
    0x8f, 0xf8, 0x4f, 0xfa, 0x00, 0x00, 0x00, 0xaf, 0xf4, 0x1e, 0xff, 0x40, 0x00, 0x04, 0xff, 0xe1,
    0x08, 0xff, 0xf9, 0x66, 0x9f, 0xff, 0x80, 0x01, 0xcf, 0xff, 0xff, 0xff, 0xfc, 0x10, 0x00, 0x08,
    0xef, 0xff, 0xfe, 0x80, 0x00, 0x00, 0x00, 0x03, 0x44, 0x30, 0x00, 0x00, 0x4f, 0xff, 0xff, 0xff,
    0xff, 0xff, 0xf4, 0x4f, 0xff, 0xff, 0xff, 0xff, 0xff, 0xf4, 0x4f, 0xfe, 0xbb, 0xbb, 0xbb, 0xef,
    0xf4, 0x4f, 0xfb, 0x00, 0x00, 0x00, 0xbf, 0xf4, 0x4f, 0xfb, 0x00, 0x00, 0x00, 0xbf, 0xf4, 0x4f,
    0xfb, 0x00, 0x00, 0x00, 0xbf, 0xf4, 0x4f, 0xfb, 0x00, 0x00, 0x00, 0xbf, 0xf4, 0x4f, 0xfb, 0x00,
    0x00, 0x00, 0xbf, 0xf4, 0x4f, 0xfb, 0x00, 0x00, 0x00, 0xbf, 0xf4, 0x4f, 0xfb, 0x00, 0x00, 0x00,
    0xbf, 0xf4, 0x4f, 0xfb, 0x00, 0x00, 0x00, 0xbf, 0xf4, 0x4f, 0xfb, 0x00, 0x00, 0x00, 0xbf, 0xf4,
    0x4f, 0xfb, 0x00, 0x00, 0x00, 0xbf, 0xf4, 0x4f, 0xfb, 0x00, 0x00, 0x00, 0xbf, 0xf4, 0x4f, 0xfb,
    0x00, 0x00, 0x00, 0xbf, 0xf4, 0x4f, 0xfb, 0x00, 0x00, 0x00, 0xbf, 0xf4, 0x4f, 0xfb, 0x00, 0x00,
    0x00, 0xbf, 0xf4, 0x4f, 0xfb, 0x00, 0x00, 0x00, 0xbf, 0xf4, 0x4f, 0xfb, 0x00, 0x00, 0x00, 0xbf,
    0xf4, 0x4f, 0xfb, 0x00, 0x00, 0x00, 0xbf, 0xf4, 0x4f, 0xfb, 0x00, 0x00, 0x00, 0xbf, 0xf4, 0x4f,
    0xfb, 0x00, 0x00, 0x00, 0xbf, 0xf4, 0x4f, 0xff, 0xff, 0xff, 0xdb, 0x71, 0x00, 0x04, 0xff, 0xff,
    0xff, 0xff, 0xff, 0xe6, 0x00, 0x4f, 0xfd, 0xbb, 0xbb, 0xbf, 0xff, 0xf5, 0x04, 0xff, 0x80, 0x00,
    0x00, 0x2c, 0xff, 0xd0, 0x4f, 0xf8, 0x00, 0x00, 0x00, 0x1e, 0xff, 0x54, 0xff, 0x80, 0x00, 0x00,
    0x00, 0x8f, 0xf8, 0x4f, 0xf8, 0x00, 0x00, 0x00, 0x08, 0xff, 0x84, 0xff, 0x80, 0x00, 0x00, 0x00,
    0x8f, 0xf8, 0x4f, 0xf8, 0x00, 0x00, 0x00, 0x0d, 0xff, 0x64, 0xff, 0x80, 0x00, 0x00, 0x09, 0xff,
    0xe1, 0x4f, 0xfb, 0x88, 0x88, 0x8d, 0xff, 0xf8, 0x04, 0xff, 0xff, 0xff, 0xff, 0xff, 0xf8, 0x00,
    0x4f, 0xff, 0xff, 0xff, 0xff, 0xa4, 0x00, 0x04, 0xff, 0x94, 0x44, 0x42, 0x00, 0x00, 0x00, 0x4f,
    0xf8, 0x00, 0x00, 0x00, 0x00, 0x00, 0x04, 0xff, 0x80, 0x00, 0x00, 0x00, 0x00, 0x00, 0x4f, 0xf8,
    0x00, 0x00, 0x00, 0x00, 0x00, 0x04, 0xff, 0x80, 0x00, 0x00, 0x00, 0x00, 0x00, 0x4f, 0xf8, 0x00,
    0x00, 0x00, 0x00, 0x00, 0x04, 0xff, 0x80, 0x00, 0x00, 0x00, 0x00, 0x00, 0x4f, 0xf8, 0x00, 0x00,
    0x00, 0x00, 0x00, 0x04, 0xff, 0x80, 0x00, 0x00, 0x00, 0x00, 0x00, 0xbf, 0xff, 0xff, 0xff, 0xff,
    0xff, 0xff, 0x8b, 0xff, 0xff, 0xff, 0xff, 0xff, 0xff, 0xf8, 0xbf, 0xfe, 0xbb, 0xbb, 0xbb, 0xbb,
    0xbb, 0x63, 0xef, 0xf6, 0x00, 0x00, 0x00, 0x00, 0x00, 0x05, 0xff, 0xf3, 0x00, 0x00, 0x00, 0x00,
    0x00, 0x07, 0xff, 0xe3, 0x00, 0x00, 0x00, 0x00, 0x00, 0x09, 0xff, 0xc1, 0x00, 0x00, 0x00, 0x00,
    0x00, 0x1c, 0xff, 0xc0, 0x00, 0x00, 0x00, 0x00, 0x00, 0x1e, 0xff, 0x90, 0x00, 0x00, 0x00, 0x00,
    0x00, 0x3e, 0xff, 0x70, 0x00, 0x00, 0x00, 0x00, 0x00, 0x6f, 0xff, 0x50, 0x00, 0x00, 0x00, 0x00,
    0x08, 0xff, 0xd1, 0x00, 0x00, 0x00, 0x00, 0x05, 0xff, 0xe3, 0x00, 0x00, 0x00, 0x00, 0x03, 0xef,
    0xf6, 0x00, 0x00, 0x00, 0x00, 0x01, 0xcf, 0xf8, 0x00, 0x00, 0x00, 0x00, 0x00, 0xaf, 0xfb, 0x00,
    0x00, 0x00, 0x00, 0x00, 0x8f, 0xfd, 0x10, 0x00, 0x00, 0x00, 0x00, 0x5f, 0xff, 0x30, 0x00, 0x00,
    0x00, 0x00, 0x3e, 0xff, 0x60, 0x00, 0x00, 0x00, 0x00, 0x0a, 0xff, 0xfb, 0xbb, 0xbb, 0xbb, 0xbb,
    0xb6, 0xbf, 0xff, 0xff, 0xff, 0xff, 0xff, 0xff, 0x8b, 0xff, 0xff, 0xff, 0xff, 0xff, 0xff, 0xf8,
    0x8f, 0xff, 0xff, 0xff, 0xff, 0xff, 0xff, 0xf8, 0x8f, 0xff, 0xff, 0xff, 0xff, 0xff, 0xff, 0xf8,
    0x6b, 0xbb, 0xbb, 0xdf, 0xfd, 0xbb, 0xbb, 0xb6, 0x00, 0x00, 0x00, 0x8f, 0xf8, 0x00, 0x00, 0x00,
    0x00, 0x00, 0x00, 0x8f, 0xf8, 0x00, 0x00, 0x00, 0x00, 0x00, 0x00, 0x8f, 0xf8, 0x00, 0x00, 0x00,
    0x00, 0x00, 0x00, 0x8f, 0xf8, 0x00, 0x00, 0x00, 0x00, 0x00, 0x00, 0x8f, 0xf8, 0x00, 0x00, 0x00,
    0x00, 0x00, 0x00, 0x8f, 0xf8, 0x00, 0x00, 0x00, 0x00, 0x00, 0x00, 0x8f, 0xf8, 0x00, 0x00, 0x00,
    0x00, 0x00, 0x00, 0x8f, 0xf8, 0x00, 0x00, 0x00, 0x00, 0x00, 0x00, 0x8f, 0xf8, 0x00, 0x00, 0x00,
    0x00, 0x00, 0x00, 0x8f, 0xf8, 0x00, 0x00, 0x00, 0x00, 0x00, 0x00, 0x8f, 0xf8, 0x00, 0x00, 0x00,
    0x00, 0x00, 0x00, 0x8f, 0xf8, 0x00, 0x00, 0x00, 0x00, 0x00, 0x00, 0x8f, 0xf8, 0x00, 0x00, 0x00,
    0x00, 0x00, 0x00, 0x8f, 0xf8, 0x00, 0x00, 0x00, 0x00, 0x00, 0x00, 0x8f, 0xf8, 0x00, 0x00, 0x00,
    0x00, 0x00, 0x00, 0x8f, 0xf8, 0x00, 0x00, 0x00, 0x00, 0x00, 0x00, 0x8f, 0xf8, 0x00, 0x00, 0x00,
    0x00, 0x00, 0x00, 0x8f, 0xf8, 0x00, 0x00, 0x00, 0x00, 0x00, 0x00, 0x8f, 0xf8, 0x00, 0x00, 0x00,
    0x0d, 0xff, 0x40, 0x00, 0x00, 0x00, 0x04, 0xff, 0xd0, 0x06, 0xff, 0xb0, 0x00, 0x00, 0x00, 0x09,
    0xff, 0x60, 0x00, 0xdf, 0xf4, 0x00, 0x00, 0x00, 0x2f, 0xfd, 0x00, 0x00, 0x6f, 0xfb, 0x00, 0x00,
    0x00, 0x9f, 0xf6, 0x00, 0x00, 0x0e, 0xff, 0x20, 0x00, 0x02, 0xff, 0xe1, 0x00, 0x00, 0x08, 0xff,
    0x90, 0x00, 0x08, 0xff, 0x80, 0x00, 0x00, 0x01, 0xef, 0xf2, 0x00, 0x1e, 0xfe, 0x10, 0x00, 0x00,
    0x00, 0x8f, 0xf9, 0x00, 0x8f, 0xf8, 0x00, 0x00, 0x00, 0x00, 0x1e, 0xfe, 0x10, 0xdf, 0xe1, 0x00,
    0x00, 0x00, 0x00, 0x08, 0xff, 0x86, 0xff, 0x90, 0x00, 0x00, 0x00, 0x00, 0x02, 0xff, 0xdc, 0xff,
    0x20, 0x00, 0x00, 0x00, 0x00, 0x00, 0x9f, 0xff, 0xf9, 0x00, 0x00, 0x00, 0x00, 0x00, 0x00, 0x2f,
    0xff, 0xf2, 0x00, 0x00, 0x00, 0x00, 0x00, 0x00, 0x09, 0xff, 0x90, 0x00, 0x00, 0x00, 0x00, 0x00,
    0x00, 0x08, 0xff, 0x80, 0x00, 0x00, 0x00, 0x00, 0x00, 0x00, 0x08, 0xff, 0x80, 0x00, 0x00, 0x00,
    0x00, 0x00, 0x00, 0x08, 0xff, 0x80, 0x00, 0x00, 0x00, 0x00, 0x00, 0x00, 0x08, 0xff, 0x80, 0x00,
    0x00, 0x00, 0x00, 0x00, 0x00, 0x08, 0xff, 0x80, 0x00, 0x00, 0x00, 0x00, 0x00, 0x00, 0x08, 0xff,
    0x80, 0x00, 0x00, 0x00, 0x00, 0x00, 0x00, 0x08, 0xff, 0x80, 0x00, 0x00, 0x00, 0x00, 0x00, 0x00,
    0x08, 0xff, 0x80, 0x00, 0x00, 0x00, 0x00, 0x00, 0x00, 0x00, 0x00, 0x00, 0x00, 0x00, 0x00, 0x00,
    0x00, 0x8f, 0xf8, 0x00, 0x00, 0x00, 0x00, 0x00, 0x00, 0x8f, 0xf8, 0x00, 0x00, 0x00, 0x00, 0x02,
    0x8b, 0xdf, 0xfd, 0xb8, 0x20, 0x00, 0x00, 0x8f, 0xff, 0xff, 0xff, 0xff, 0xf8, 0x00, 0x08, 0xff,
    0xfc, 0xaf, 0xfa, 0xcf, 0xff, 0x80, 0x2f, 0xfe, 0x40, 0x4f, 0xf4, 0x04, 0xef, 0xf2, 0x7f, 0xf8,
    0x00, 0x4f, 0xf4, 0x00, 0x8f, 0xf7, 0xaf, 0xf1, 0x00, 0x4f, 0xf4, 0x00, 0x1f, 0xfa, 0xbf, 0xf0,
    0x00, 0x4f, 0xf4, 0x00, 0x0f, 0xfb, 0xbf, 0xf0, 0x00, 0x4f, 0xf4, 0x00, 0x0f, 0xfb, 0xbf, 0xf0,
    0x00, 0x4f, 0xf4, 0x00, 0x0f, 0xfb, 0xbf, 0xf0, 0x00, 0x4f, 0xf4, 0x00, 0x0f, 0xfb, 0xbf, 0xf0,
    0x00, 0x4f, 0xf4, 0x00, 0x0f, 0xfb, 0xbf, 0xf0, 0x00, 0x4f, 0xf4, 0x00, 0x0f, 0xfb, 0xbf, 0xf0,
    0x00, 0x4f, 0xf4, 0x00, 0x0f, 0xfb, 0xbf, 0xf0, 0x00, 0x4f, 0xf4, 0x00, 0x0f, 0xfb, 0x8f, 0xf3,
    0x00, 0x4f, 0xf4, 0x00, 0x3f, 0xf8, 0x5f, 0xfa, 0x00, 0x4f, 0xf4, 0x00, 0xaf, 0xf5, 0x0c, 0xff,
    0xb5, 0x5f, 0xf5, 0x5b, 0xff, 0xc0, 0x03, 0xef, 0xff, 0xff, 0xff, 0xff, 0xfe, 0x30, 0x00, 0x19,
    0xff, 0xff, 0xff, 0xff, 0x92, 0x00, 0x00, 0x00, 0x14, 0x9f, 0xf9, 0x41, 0x00, 0x00, 0x00, 0x00,
    0x00, 0x8f, 0xf8, 0x00, 0x00, 0x00, 0x00, 0x00, 0x00, 0x6b, 0xb6, 0x00, 0x00, 0x00, 0x6f, 0xfe,
    0x10, 0x00, 0x00, 0x00, 0xdf, 0xf6, 0x0b, 0xff, 0x80, 0x00, 0x00, 0x08, 0xff, 0xb0, 0x04, 0xff,
    0xf2, 0x00, 0x00, 0x1e, 0xff, 0x40, 0x00, 0xbf, 0xf9, 0x00, 0x00, 0x8f, 0xfa, 0x00, 0x00, 0x2f,
    0xff, 0x20, 0x01, 0xef, 0xf2, 0x00, 0x00, 0x09, 0xff, 0x90, 0x08, 0xff, 0x80, 0x00, 0x00, 0x01,
    0xef, 0xf2, 0x1e, 0xfe, 0x10, 0x00, 0x00, 0x00, 0x8f, 0xf9, 0x8f, 0xf7, 0x00, 0x00, 0x00, 0x00,
    0x1e, 0xff, 0xef, 0xd0, 0x00, 0x00, 0x00, 0x00, 0x06, 0xff, 0xff, 0x50, 0x00, 0x00, 0x00, 0x00,
    0x00, 0xdf, 0xfc, 0x00, 0x00, 0x00, 0x00, 0x00, 0x01, 0xef, 0xfe, 0x20, 0x00, 0x00, 0x00, 0x00,
    0x08, 0xff, 0xff, 0x90, 0x00, 0x00, 0x00, 0x00, 0x2f, 0xfd, 0xdf, 0xf3, 0x00, 0x00, 0x00, 0x00,
    0xaf, 0xf6, 0x7f, 0xfb, 0x00, 0x00, 0x00, 0x04, 0xff, 0xd0, 0x1e, 0xff, 0x40, 0x00, 0x00, 0x0c,
    0xff, 0x50, 0x06, 0xff, 0xd0, 0x00, 0x00, 0x6f, 0xfb, 0x00, 0x00, 0xdf, 0xf6, 0x00, 0x01, 0xdf,
    0xf4, 0x00, 0x00, 0x6f, 0xfe, 0x10, 0x08, 0xff, 0xb0, 0x00, 0x00, 0x0c, 0xff, 0x80, 0x1e, 0xff,
    0x30, 0x00, 0x00, 0x04, 0xff, 0xe2, 0x9f, 0xf9, 0x00, 0x00, 0x00, 0x00, 0xbf, 0xf9, 0x8f, 0xf4,
    0x00, 0x4f, 0xf4, 0x00, 0x4f, 0xf8, 0x8f, 0xf4, 0x00, 0x4f, 0xf4, 0x00, 0x4f, 0xf8, 0x8f, 0xf4,
    0x00, 0x4f, 0xf4, 0x00, 0x4f, 0xf8, 0x8f, 0xf4, 0x00, 0x4f, 0xf4, 0x00, 0x4f, 0xf8, 0x8f, 0xf4,
    0x00, 0x4f, 0xf4, 0x00, 0x4f, 0xf8, 0x8f, 0xf4, 0x00, 0x4f, 0xf4, 0x00, 0x4f, 0xf8, 0x8f, 0xf4,
    0x00, 0x4f, 0xf4, 0x00, 0x4f, 0xf8, 0x8f, 0xf4, 0x00, 0x4f, 0xf4, 0x00, 0x4f, 0xf8, 0x8f, 0xf4,
    0x00, 0x4f, 0xf4, 0x00, 0x4f, 0xf8, 0x8f, 0xf4, 0x00, 0x4f, 0xf4, 0x00, 0x4f, 0xf8, 0x8f, 0xf4,
    0x00, 0x4f, 0xf4, 0x00, 0x4f, 0xf8, 0x8f, 0xf4, 0x00, 0x4f, 0xf4, 0x00, 0x4f, 0xf8, 0x4f, 0xf9,
    0x00, 0x4f, 0xf4, 0x00, 0x9f, 0xf4, 0x0d, 0xff, 0x60, 0x4f, 0xf4, 0x06, 0xff, 0xd0, 0x05, 0xff,
    0xfc, 0xbf, 0xfb, 0xcf, 0xff, 0x50, 0x00, 0x6f, 0xff, 0xff, 0xff, 0xff, 0xf6, 0x00, 0x00, 0x02,
    0x8b, 0xff, 0xff, 0xb8, 0x20, 0x00, 0x00, 0x00, 0x00, 0x8f, 0xf8, 0x00, 0x00, 0x00, 0x00, 0x00,
    0x00, 0x8f, 0xf8, 0x00, 0x00, 0x00, 0x00, 0x00, 0x00, 0x8f, 0xf8, 0x00, 0x00, 0x00, 0x00, 0x00,
    0x00, 0x8f, 0xf8, 0x00, 0x00, 0x00, 0x00, 0x00, 0x00, 0x8f, 0xf8, 0x00, 0x00, 0x00, 0x00, 0x00,
    0x00, 0x14, 0x41, 0x00, 0x00, 0x00, 0x00, 0x00, 0x6d, 0xff, 0xff, 0xd6, 0x00, 0x00, 0x00, 0x1c,
    0xff, 0xff, 0xff, 0xff, 0xc1, 0x00, 0x00, 0xaf, 0xff, 0x98, 0x89, 0xff, 0xfa, 0x00, 0x03, 0xff,
    0xf4, 0x00, 0x00, 0x4f, 0xff, 0x30, 0x08, 0xff, 0x80, 0x00, 0x00, 0x08, 0xff, 0x80, 0x0b, 0xff,
    0x40, 0x00, 0x00, 0x04, 0xff, 0xb0, 0x0b, 0xff, 0x40, 0x00, 0x00, 0x04, 0xff, 0xb0, 0x0b, 0xff,
    0x40, 0x00, 0x00, 0x04, 0xff, 0xb0, 0x0b, 0xff, 0x40, 0x00, 0x00, 0x04, 0xff, 0xb0, 0x0b, 0xff,
    0x40, 0x00, 0x00, 0x04, 0xff, 0xb0, 0x0b, 0xff, 0x40, 0x00, 0x00, 0x04, 0xff, 0xb0, 0x0b, 0xff,
    0x40, 0x00, 0x00, 0x04, 0xff, 0xb0, 0x0b, 0xff, 0x40, 0x00, 0x00, 0x04, 0xff, 0xb0, 0x0b, 0xff,
    0x40, 0x00, 0x00, 0x04, 0xff, 0xb0, 0x0b, 0xff, 0x40, 0x00, 0x00, 0x04, 0xff, 0xb0, 0x0a, 0xff,
    0x50, 0x00, 0x00, 0x05, 0xff, 0xa0, 0x06, 0xff, 0x90, 0x00, 0x00, 0x09, 0xff, 0x60, 0x00, 0xcf,
    0xf4, 0x00, 0x00, 0x4f, 0xfc, 0x00, 0x00, 0x1b, 0xff, 0xa0, 0x0a, 0xff, 0x91, 0x00, 0x6b, 0xbb,
    0xdf, 0xb0, 0x0b, 0xfc, 0xbb, 0xb6, 0x8f, 0xff, 0xff, 0xb0, 0x0b, 0xff, 0xff, 0xf8, 0x8f, 0xff,
    0xff, 0xb0, 0x0b, 0xff, 0xff, 0xf8, 0x02, 0x73, 0x00, 0x00, 0x37, 0x20, 0x2e, 0xff, 0x50, 0x05,
    0xff, 0xe2, 0x4f, 0xff, 0x80, 0x08, 0xff, 0xf4, 0x3f, 0xff, 0x70, 0x07, 0xff, 0xf3, 0x04, 0x86,
    0x00, 0x00, 0x68, 0x40, 0x00, 0x00, 0x00, 0x00, 0x00, 0x00, 0x00, 0x00, 0x00, 0x00, 0x00, 0x00,
    0xff, 0xff, 0xff, 0xff, 0xff, 0xff, 0xff, 0xff, 0xff, 0xff, 0xff, 0xff, 0xbb, 0xbb, 0xdf, 0xfd,
    0xbb, 0xbb, 0x00, 0x00, 0x8f, 0xf8, 0x00, 0x00, 0x00, 0x00, 0x8f, 0xf8, 0x00, 0x00, 0x00, 0x00,
    0x8f, 0xf8, 0x00, 0x00, 0x00, 0x00, 0x8f, 0xf8, 0x00, 0x00, 0x00, 0x00, 0x8f, 0xf8, 0x00, 0x00,
    0x00, 0x00, 0x8f, 0xf8, 0x00, 0x00, 0x00, 0x00, 0x8f, 0xf8, 0x00, 0x00, 0x00, 0x00, 0x8f, 0xf8,
    0x00, 0x00, 0x00, 0x00, 0x8f, 0xf8, 0x00, 0x00, 0x00, 0x00, 0x8f, 0xf8, 0x00, 0x00, 0x00, 0x00,
    0x8f, 0xf8, 0x00, 0x00, 0x00, 0x00, 0x8f, 0xf8, 0x00, 0x00, 0x00, 0x00, 0x8f, 0xf8, 0x00, 0x00,
    0x00, 0x00, 0x8f, 0xf8, 0x00, 0x00, 0x00, 0x00, 0x8f, 0xf8, 0x00, 0x00, 0x00, 0x00, 0x8f, 0xf8,
    0x00, 0x00, 0xbb, 0xbb, 0xdf, 0xfd, 0xbb, 0xbb, 0xff, 0xff, 0xff, 0xff, 0xff, 0xff, 0xff, 0xff,
    0xff, 0xff, 0xff, 0xff, 0x00, 0x00, 0x27, 0x30, 0x00, 0x03, 0x72, 0x00, 0x00, 0x00, 0x02, 0xef,
    0xf5, 0x00, 0x5f, 0xfe, 0x20, 0x00, 0x00, 0x04, 0xff, 0xf8, 0x00, 0x8f, 0xff, 0x40, 0x00, 0x00,
    0x03, 0xff, 0xf7, 0x00, 0x7f, 0xff, 0x30, 0x00, 0x00, 0x00, 0x48, 0x60, 0x00, 0x06, 0x84, 0x00,
    0x00, 0x00, 0x00, 0x00, 0x00, 0x00, 0x00, 0x00, 0x00, 0x00, 0x00, 0x00, 0x00, 0x00, 0x00, 0x00,
    0x00, 0x00, 0x00, 0x0d, 0xff, 0x40, 0x00, 0x00, 0x00, 0x04, 0xff, 0xd0, 0x06, 0xff, 0xb0, 0x00,
    0x00, 0x00, 0x09, 0xff, 0x60, 0x00, 0xdf, 0xf4, 0x00, 0x00, 0x00, 0x2f, 0xfd, 0x00, 0x00, 0x6f,
    0xfb, 0x00, 0x00, 0x00, 0x9f, 0xf6, 0x00, 0x00, 0x0e, 0xff, 0x20, 0x00, 0x02, 0xff, 0xe1, 0x00,
    0x00, 0x08, 0xff, 0x90, 0x00, 0x08, 0xff, 0x80, 0x00, 0x00, 0x01, 0xef, 0xf2, 0x00, 0x1e, 0xfe,
    0x10, 0x00, 0x00, 0x00, 0x8f, 0xf9, 0x00, 0x8f, 0xf8, 0x00, 0x00, 0x00, 0x00, 0x1e, 0xfe, 0x10,
    0xdf, 0xe1, 0x00, 0x00, 0x00, 0x00, 0x08, 0xff, 0x86, 0xff, 0x90, 0x00, 0x00, 0x00, 0x00, 0x02,
    0xff, 0xdc, 0xff, 0x20, 0x00, 0x00, 0x00, 0x00, 0x00, 0x9f, 0xff, 0xf9, 0x00, 0x00, 0x00, 0x00,
    0x00, 0x00, 0x2f, 0xff, 0xf2, 0x00, 0x00, 0x00, 0x00, 0x00, 0x00, 0x09, 0xff, 0x90, 0x00, 0x00,
    0x00, 0x00, 0x00, 0x00, 0x08, 0xff, 0x80, 0x00, 0x00, 0x00, 0x00, 0x00, 0x00, 0x08, 0xff, 0x80,
    0x00, 0x00, 0x00, 0x00, 0x00, 0x00, 0x08, 0xff, 0x80, 0x00, 0x00, 0x00, 0x00, 0x00, 0x00, 0x08,
    0xff, 0x80, 0x00, 0x00, 0x00, 0x00, 0x00, 0x00, 0x08, 0xff, 0x80, 0x00, 0x00, 0x00, 0x00, 0x00,
    0x00, 0x08, 0xff, 0x80, 0x00, 0x00, 0x00, 0x00, 0x00, 0x00, 0x08, 0xff, 0x80, 0x00, 0x00, 0x00,
    0x00, 0x00, 0x00, 0x08, 0xff, 0x80, 0x00, 0x00, 0x00, 0x00, 0x00, 0x00, 0x01, 0x88, 0x81, 0x00,
    0x00, 0x00, 0x00, 0x0b, 0xff, 0x80, 0x00, 0x00, 0x00, 0x00, 0x8f, 0xfa, 0x00, 0x00, 0x00, 0x00,
    0x04, 0xff, 0xc1, 0x00, 0x00, 0x00, 0x00, 0x0a, 0xbb, 0x30, 0x00, 0x00, 0x00, 0x00, 0x00, 0x00,
    0x00, 0x00, 0x00, 0x00, 0x00, 0x00, 0x00, 0x00, 0x00, 0x00, 0x00, 0x04, 0x9b, 0xb8, 0x20, 0x48,
    0x82, 0x00, 0x9f, 0xff, 0xff, 0xf6, 0x8f, 0xf4, 0x08, 0xff, 0xff, 0xbc, 0xfe, 0x8f, 0xf4, 0x1f,
    0xff, 0x91, 0x00, 0x2c, 0xdf, 0xf4, 0x6f, 0xfd, 0x00, 0x00, 0x01, 0xff, 0xf4, 0x8f, 0xf8, 0x00,
    0x00, 0x00, 0xbf, 0xf4, 0x8f, 0xf8, 0x00, 0x00, 0x00, 0x8f, 0xf4, 0x8f, 0xf8, 0x00, 0x00, 0x00,
    0x8f, 0xf4, 0x8f, 0xf8, 0x00, 0x00, 0x00, 0x8f, 0xf4, 0x8f, 0xf8, 0x00, 0x00, 0x00, 0x8f, 0xf4,
    0x8f, 0xf8, 0x00, 0x00, 0x00, 0x8f, 0xf4, 0x8f, 0xf8, 0x00, 0x00, 0x00, 0x9f, 0xf4, 0x8f, 0xf9,
    0x00, 0x00, 0x00, 0xdf, 0xf4, 0x3f, 0xff, 0x30, 0x00, 0x06, 0xff, 0xf4, 0x0d, 0xff, 0xe8, 0x45,
    0x9f, 0xaf, 0xf4, 0x03, 0xef, 0xff, 0xff, 0xfb, 0x8f, 0xf4, 0x00, 0x3b, 0xff, 0xff, 0x91, 0x8f,
    0xf4, 0x00, 0x00, 0x24, 0x41, 0x00, 0x00, 0x00, 0x00, 0x00, 0x00, 0x00, 0x88, 0x83, 0x00, 0x00,
    0x00, 0x00, 0x00, 0x8f, 0xfa, 0x00, 0x00, 0x00, 0x00, 0x00, 0x5f, 0xfc, 0x10, 0x00, 0x00, 0x00,
    0x00, 0x2e, 0xfe, 0x30, 0x00, 0x00, 0x00, 0x00, 0x08, 0xbb, 0x50, 0x00, 0x00, 0x00, 0x00, 0x00,
    0x00, 0x00, 0x00, 0x00, 0x00, 0x00, 0x00, 0x00, 0x00, 0x00, 0x00, 0x00, 0x00, 0x00, 0x48, 0xbb,
    0xbb, 0x86, 0x00, 0x00, 0x03, 0xcf, 0xff, 0xff, 0xff, 0xfd, 0x30, 0x00, 0xdf, 0xff, 0xeb, 0xbc,
    0xff, 0xfe, 0x20, 0x6f, 0xff, 0x50, 0x00, 0x02, 0xcf, 0xf8, 0x08, 0xff, 0x90, 0x00, 0x00, 0x03,
    0xbb, 0x80, 0x6f, 0xf9, 0x00, 0x00, 0x00, 0x00, 0x00, 0x00, 0xcf, 0xf4, 0x00, 0x00, 0x00, 0x00,
    0x00, 0x01, 0x9e, 0xfd, 0xbb, 0xbb, 0x00, 0x00, 0x00, 0x19, 0xcf, 0xff, 0xff, 0xf0, 0x00, 0x00,
    0x1e, 0xff, 0xfb, 0xbb, 0xbb, 0x00, 0x00, 0x08, 0xff, 0xc2, 0x00, 0x00, 0x00, 0x00, 0x00, 0xbf,
    0xf5, 0x00, 0x00, 0x00, 0x00, 0x00, 0x0b, 0xff, 0x40, 0x00, 0x00, 0x00, 0x88, 0x80, 0xaf, 0xf9,
    0x00, 0x00, 0x00, 0x3f, 0xfe, 0x05, 0xff, 0xfb, 0x85, 0x47, 0x8e, 0xff, 0x90, 0x09, 0xff, 0xff,
    0xff, 0xff, 0xff, 0xc1, 0x00, 0x05, 0xcf, 0xff, 0xff, 0xfd, 0x81, 0x00, 0x00, 0x00, 0x04, 0x44,
    0x42, 0x00, 0x00, 0x00, 0x00, 0x00, 0x00, 0x00, 0x78, 0x83, 0x00, 0x00, 0x00, 0x00, 0x07, 0xff,
    0xc1, 0x00, 0x00, 0x00, 0x00, 0x3f, 0xfe, 0x20, 0x00, 0x00, 0x00, 0x01, 0xdf, 0xf4, 0x00, 0x00,
    0x00, 0x00, 0x07, 0xbb, 0x60, 0x00, 0x00, 0x00, 0x00, 0x00, 0x00, 0x00, 0x00, 0x00, 0x00, 0x00,
    0x00, 0x00, 0x00, 0x00, 0x00, 0x28, 0x84, 0x04, 0x9b, 0xb9, 0x40, 0x00, 0x4f, 0xf8, 0x6f, 0xff,
    0xff, 0xf9, 0x00, 0x4f, 0xf9, 0xff, 0xbb, 0xef, 0xff, 0x80, 0x4f, 0xfd, 0xc1, 0x00, 0x19, 0xff,
    0xe1, 0x4f, 0xfe, 0x10, 0x00, 0x00, 0xdf, 0xf4, 0x4f, 0xfb, 0x00, 0x00, 0x00, 0x9f, 0xf8, 0x4f,
    0xf8, 0x00, 0x00, 0x00, 0x8f, 0xf8, 0x4f, 0xf8, 0x00, 0x00, 0x00, 0x8f, 0xf8, 0x4f, 0xf8, 0x00,
    0x00, 0x00, 0x8f, 0xf8, 0x4f, 0xf8, 0x00, 0x00, 0x00, 0x8f, 0xf8, 0x4f, 0xf8, 0x00, 0x00, 0x00,
    0x8f, 0xf8, 0x4f, 0xf8, 0x00, 0x00, 0x00, 0x8f, 0xf8, 0x4f, 0xf8, 0x00, 0x00, 0x00, 0x8f, 0xf8,
    0x4f, 0xf8, 0x00, 0x00, 0x00, 0x8f, 0xf8, 0x4f, 0xf8, 0x00, 0x00, 0x00, 0x8f, 0xf8, 0x4f, 0xf8,
    0x00, 0x00, 0x00, 0x8f, 0xf8, 0x4f, 0xf8, 0x00, 0x00, 0x00, 0x8f, 0xf8, 0x00, 0x00, 0x00, 0x00,
    0x18, 0x88, 0x10, 0x00, 0x00, 0x00, 0x00, 0x00, 0xaf, 0xf8, 0x00, 0x00, 0x00, 0x00, 0x00, 0x07,
    0xff, 0xb0, 0x00, 0x00, 0x00, 0x00, 0x00, 0x3f, 0xfd, 0x10, 0x00, 0x00, 0x00, 0x00, 0x00, 0x9b,
    0xb3, 0x00, 0x00, 0x00, 0x00, 0x00, 0x00, 0x00, 0x00, 0x00, 0x00, 0x00, 0x00, 0x00, 0x00, 0x00,
    0x00, 0x00, 0x00, 0x00, 0x48, 0x88, 0x88, 0x88, 0x82, 0x00, 0x00, 0x00, 0x8f, 0xff, 0xff, 0xff,
    0xf4, 0x00, 0x00, 0x00, 0x8f, 0xff, 0xff, 0xff, 0xf4, 0x00, 0x00, 0x00, 0x24, 0x44, 0x44, 0xcf,
    0xf4, 0x00, 0x00, 0x00, 0x00, 0x00, 0x00, 0xbf, 0xf4, 0x00, 0x00, 0x00, 0x00, 0x00, 0x00, 0xbf,
    0xf4, 0x00, 0x00, 0x00, 0x00, 0x00, 0x00, 0xbf, 0xf4, 0x00, 0x00, 0x00, 0x00, 0x00, 0x00, 0xbf,
    0xf4, 0x00, 0x00, 0x00, 0x00, 0x00, 0x00, 0xbf, 0xf4, 0x00, 0x00, 0x00, 0x00, 0x00, 0x00, 0xbf,
    0xf4, 0x00, 0x00, 0x00, 0x00, 0x00, 0x00, 0xbf, 0xf4, 0x00, 0x00, 0x00, 0x00, 0x00, 0x00, 0xbf,
    0xf4, 0x00, 0x00, 0x00, 0x00, 0x00, 0x00, 0xaf, 0xf5, 0x00, 0x00, 0x00, 0x00, 0x00, 0x00, 0x8f,
    0xfa, 0x00, 0x00, 0x00, 0x00, 0x00, 0x00, 0x2f, 0xff, 0xdb, 0xbb, 0xb6, 0x00, 0x00, 0x00, 0x06,
    0xff, 0xff, 0xff, 0xf8, 0x00, 0x00, 0x00, 0x00, 0x4a, 0xff, 0xff, 0xf8, 0x00, 0x00, 0x00, 0x00,
    0x00, 0x00, 0x00, 0x00, 0x00, 0x00, 0x06, 0xff, 0x30, 0x00, 0x00, 0x00, 0x00, 0x1e, 0xf8, 0x00,
    0x00, 0x00, 0x00, 0x00, 0x8f, 0xc0, 0x00, 0x00, 0x00, 0x24, 0x31, 0xbb, 0x33, 0x42, 0x00, 0x02,
    0xef, 0xf5, 0x00, 0x5f, 0xfe, 0x20, 0x04, 0xff, 0xf8, 0x00, 0x8f, 0xff, 0x40, 0x03, 0xff, 0xf7,
    0x00, 0x7f, 0xff, 0x30, 0x00, 0x58, 0x70, 0x00, 0x07, 0x85, 0x00, 0x00, 0x00, 0x00, 0x00, 0x00,
    0x00, 0x00, 0x00, 0x00, 0x00, 0x00, 0x00, 0x00, 0x00, 0x48, 0x84, 0x00, 0x00, 0x00, 0x48, 0x84,
    0x8f, 0xf8, 0x00, 0x00, 0x00, 0x8f, 0xf8, 0x8f, 0xf8, 0x00, 0x00, 0x00, 0x8f, 0xf8, 0x8f, 0xf8,
    0x00, 0x00, 0x00, 0x8f, 0xf8, 0x8f, 0xf8, 0x00, 0x00, 0x00, 0x8f, 0xf8, 0x8f, 0xf8, 0x00, 0x00,
    0x00, 0x8f, 0xf8, 0x8f, 0xf8, 0x00, 0x00, 0x00, 0x8f, 0xf8, 0x8f, 0xf8, 0x00, 0x00, 0x00, 0x8f,
    0xf8, 0x8f, 0xf8, 0x00, 0x00, 0x00, 0x8f, 0xf8, 0x8f, 0xf8, 0x00, 0x00, 0x00, 0x8f, 0xf8, 0x8f,
    0xf8, 0x00, 0x00, 0x00, 0x8f, 0xf8, 0x7f, 0xf8, 0x00, 0x00, 0x00, 0x8f, 0xf7, 0x4f, 0xfc, 0x00,
    0x00, 0x00, 0xcf, 0xf4, 0x1e, 0xff, 0x60, 0x00, 0x06, 0xff, 0xe0, 0x08, 0xff, 0xf9, 0x55, 0x9f,
    0xff, 0x80, 0x00, 0xbf, 0xff, 0xff, 0xff, 0xfa, 0x00, 0x00, 0x08, 0xef, 0xff, 0xfd, 0x80, 0x00,
    0x00, 0x00, 0x03, 0x44, 0x30, 0x00, 0x00, 0x00, 0x04, 0x9b, 0xb8, 0x20, 0x48, 0x82, 0x00, 0x9f,
    0xff, 0xff, 0xf6, 0x8f, 0xf4, 0x08, 0xff, 0xff, 0xbc, 0xfe, 0x8f, 0xf4, 0x1f, 0xff, 0x91, 0x00,
    0x2c, 0xdf, 0xf4, 0x6f, 0xfd, 0x00, 0x00, 0x01, 0xff, 0xf4, 0x8f, 0xf8, 0x00, 0x00, 0x00, 0xbf,
    0xf4, 0x8f, 0xf8, 0x00, 0x00, 0x00, 0x8f, 0xf4, 0x8f, 0xf8, 0x00, 0x00, 0x00, 0x8f, 0xf4, 0x8f,
    0xf8, 0x00, 0x00, 0x00, 0x8f, 0xf4, 0x8f, 0xf8, 0x00, 0x00, 0x00, 0x8f, 0xf4, 0x8f, 0xf8, 0x00,
    0x00, 0x00, 0x8f, 0xf4, 0x8f, 0xf8, 0x00, 0x00, 0x00, 0x9f, 0xf4, 0x8f, 0xf9, 0x00, 0x00, 0x00,
    0xdf, 0xf4, 0x3f, 0xff, 0x30, 0x00, 0x06, 0xff, 0xf4, 0x0d, 0xff, 0xe8, 0x45, 0x9f, 0xaf, 0xf4,
    0x03, 0xef, 0xff, 0xff, 0xfb, 0x8f, 0xf4, 0x00, 0x3b, 0xff, 0xff, 0x91, 0x8f, 0xf4, 0x00, 0x00,
    0x24, 0x41, 0x00, 0x00, 0x00, 0x00, 0x00, 0x00, 0x44, 0x10, 0x00, 0x00, 0x00, 0x00, 0x4c, 0xff,
    0xff, 0xc6, 0x00, 0x00, 0x00, 0x8f, 0xff, 0xff, 0xff, 0xf9, 0x00, 0x00, 0x5f, 0xff, 0xb8, 0x8b,
    0xff, 0xf8, 0x00, 0x0d, 0xff, 0x80, 0x00, 0x07, 0xff, 0xe0, 0x03, 0xff, 0xd0, 0x00, 0x00, 0x0d,
    0xff, 0x40, 0x5f, 0xf9, 0x00, 0x00, 0x00, 0xbf, 0xf4, 0x08, 0xff, 0x80, 0x00, 0x00, 0x0b, 0xff,
    0x10, 0x8f, 0xf8, 0x00, 0x00, 0x03, 0xff, 0xb0, 0x08, 0xff, 0x80, 0x00, 0x05, 0xef, 0xe2, 0x00,
    0x8f, 0xf8, 0x04, 0xff, 0xfe, 0x91, 0x00, 0x08, 0xff, 0x80, 0x4f, 0xff, 0xfe, 0x80, 0x00, 0x8f,
    0xf8, 0x02, 0x88, 0x8d, 0xff, 0xa0, 0x08, 0xff, 0x80, 0x00, 0x00, 0x1c, 0xff, 0x80, 0x8f, 0xf8,
    0x00, 0x00, 0x00, 0x2f, 0xfe, 0x08, 0xff, 0x80, 0x00, 0x00, 0x00, 0xcf, 0xf3, 0x8f, 0xf8, 0x00,
    0x00, 0x00, 0x0b, 0xff, 0x48, 0xff, 0xa0, 0x00, 0x00, 0x00, 0xcf, 0xf4, 0x8f, 0xfe, 0x10, 0x00,
    0x00, 0x2f, 0xff, 0x28, 0xff, 0xfa, 0x10, 0x00, 0x1c, 0xff, 0xb0, 0x8f, 0xfc, 0xfd, 0x88, 0x8e,
    0xff, 0xf4, 0x08, 0xff, 0x8c, 0xff, 0xff, 0xff, 0xf6, 0x00, 0x8f, 0xf8, 0x1b, 0xff, 0xff, 0xc5,
    0x00, 0x08, 0xff, 0x80, 0x02, 0x44, 0x20, 0x00, 0x00, 0x8f, 0xf8, 0x00, 0x00, 0x00, 0x00, 0x00,
    0x08, 0xff, 0x80, 0x00, 0x00, 0x00, 0x00, 0x00, 0x8f, 0xf8, 0x00, 0x00, 0x00, 0x00, 0x00, 0x08,
    0xff, 0x80, 0x00, 0x00, 0x00, 0x00, 0x00, 0x48, 0x84, 0x00, 0x00, 0x00, 0x00, 0x00, 0x00, 0x28,
    0x87, 0x00, 0x00, 0x00, 0x00, 0x68, 0x82, 0x1e, 0xff, 0x20, 0x00, 0x00, 0x01, 0xff, 0xe1, 0x09,
    0xff, 0x70, 0x00, 0x00, 0x06, 0xff, 0x90, 0x05, 0xff, 0xc0, 0x00, 0x00, 0x09, 0xff, 0x50, 0x00,
    0xef, 0xf2, 0x00, 0x00, 0x0e, 0xfe, 0x00, 0x00, 0x8f, 0xf7, 0x00, 0x00, 0x5f, 0xf8, 0x00, 0x00,
    0x3f, 0xfc, 0x00, 0x00, 0x9f, 0xf3, 0x00, 0x00, 0x0d, 0xff, 0x20, 0x00, 0xef, 0xd0, 0x00, 0x00,
    0x08, 0xff, 0x70, 0x05, 0xff, 0x80, 0x00, 0x00, 0x02, 0xff, 0xc0, 0x09, 0xff, 0x20, 0x00, 0x00,
    0x00, 0xcf, 0xf2, 0x0e, 0xfc, 0x00, 0x00, 0x00, 0x00, 0x7f, 0xf7, 0x5f, 0xf7, 0x00, 0x00, 0x00,
    0x00, 0x1f, 0xfb, 0x8f, 0xf2, 0x00, 0x00, 0x00, 0x00, 0x0a, 0xff, 0xbf, 0xa0, 0x00, 0x00, 0x00,
    0x00, 0x06, 0xff, 0xef, 0x60, 0x00, 0x00, 0x00, 0x00, 0x01, 0xef, 0xff, 0x10, 0x00, 0x00, 0x00,
    0x00, 0x00, 0x9f, 0xfa, 0x00, 0x00, 0x00, 0x00, 0x00, 0x00, 0x8f, 0xf8, 0x00, 0x00, 0x00, 0x00,
    0x00, 0x00, 0x8f, 0xf8, 0x00, 0x00, 0x00, 0x00, 0x00, 0x00, 0x8f, 0xf8, 0x00, 0x00, 0x00, 0x00,
    0x00, 0x00, 0x8f, 0xf8, 0x00, 0x00, 0x00, 0x00, 0x00, 0x00, 0x8f, 0xf8, 0x00, 0x00, 0x00, 0x00,
    0x00, 0x00, 0x48, 0x84, 0x00, 0x00, 0x00, 0x0f, 0xff, 0xff, 0xff, 0xff, 0xff, 0xf4, 0x0f, 0xff,
    0xff, 0xff, 0xff, 0xff, 0xf4, 0x0d, 0xff, 0xe8, 0x88, 0x88, 0x88, 0x82, 0x01, 0xaf, 0xfc, 0x30,
    0x00, 0x00, 0x00, 0x00, 0x06, 0xef, 0xe6, 0x00, 0x00, 0x00, 0x00, 0x00, 0x3c, 0xff, 0x90, 0x00,
    0x00, 0x00, 0x00, 0x25, 0xcf, 0xfc, 0x10, 0x00, 0x00, 0x2b, 0xff, 0xff, 0xff, 0xc1, 0x00, 0x02,
    0xef, 0xff, 0xff, 0xff, 0xf9, 0x00, 0x0b, 0xff, 0xd5, 0x10, 0x0b, 0xff, 0x40, 0x3f, 0xfe, 0x20,
    0x00, 0x04, 0xff, 0xc0, 0x8f, 0xf8, 0x00, 0x00, 0x00, 0xcf, 0xf3, 0x8f, 0xf7, 0x00, 0x00, 0x00,
    0x8f, 0xf7, 0x8f, 0xf4, 0x00, 0x00, 0x00, 0x8f, 0xf8, 0x8f, 0xf4, 0x00, 0x00, 0x00, 0x8f, 0xf8,
    0x8f, 0xf4, 0x00, 0x00, 0x00, 0x8f, 0xf8, 0x8f, 0xf8, 0x00, 0x00, 0x00, 0x8f, 0xf8, 0x7f, 0xf9,
    0x00, 0x00, 0x00, 0xdf, 0xf4, 0x2f, 0xff, 0x30, 0x00, 0x07, 0xff, 0xe0, 0x08, 0xff, 0xf9, 0x66,
    0x9f, 0xff, 0x80, 0x01, 0xcf, 0xff, 0xff, 0xff, 0xf9, 0x00, 0x00, 0x08, 0xef, 0xff, 0xfd, 0x80,
    0x00, 0x00, 0x00, 0x03, 0x44, 0x30, 0x00, 0x00, 0x00, 0x04, 0x8b, 0xbb, 0xb8, 0x60, 0x00, 0x00,
    0x3c, 0xff, 0xff, 0xff, 0xff, 0xd3, 0x00, 0x0d, 0xff, 0xfe, 0xbb, 0xcf, 0xff, 0xe2, 0x06, 0xff,
    0xf5, 0x00, 0x00, 0x2c, 0xff, 0x80, 0x8f, 0xf9, 0x00, 0x00, 0x00, 0x3b, 0xb8, 0x06, 0xff, 0x90,
    0x00, 0x00, 0x00, 0x00, 0x00, 0x0c, 0xff, 0x40, 0x00, 0x00, 0x00, 0x00, 0x00, 0x19, 0xef, 0xdb,
    0xbb, 0xb0, 0x00, 0x00, 0x01, 0x9c, 0xff, 0xff, 0xff, 0x00, 0x00, 0x01, 0xef, 0xff, 0xbb, 0xbb,
    0xb0, 0x00, 0x00, 0x8f, 0xfc, 0x20, 0x00, 0x00, 0x00, 0x00, 0x0b, 0xff, 0x50, 0x00, 0x00, 0x00,
    0x00, 0x00, 0xbf, 0xf4, 0x00, 0x00, 0x00, 0x08, 0x88, 0x0a, 0xff, 0x90, 0x00, 0x00, 0x03, 0xff,
    0xe0, 0x5f, 0xff, 0xb8, 0x54, 0x78, 0xef, 0xf9, 0x00, 0x9f, 0xff, 0xff, 0xff, 0xff, 0xfc, 0x10,
    0x00, 0x5c, 0xff, 0xff, 0xff, 0xd8, 0x10, 0x00, 0x00, 0x00, 0x44, 0x44, 0x20, 0x00, 0x00, 0x8f,
    0xff, 0xff, 0xff, 0xff, 0xff, 0xfb, 0x8f, 0xff, 0xff, 0xff, 0xff, 0xff, 0xfb, 0x6b, 0xbb, 0xbb,
    0xbb, 0xbb, 0xff, 0xfb, 0x00, 0x00, 0x00, 0x00, 0x1a, 0xff, 0xe3, 0x00, 0x00, 0x00, 0x03, 0xcf,
    0xfc, 0x30, 0x00, 0x00, 0x00, 0x4e, 0xff, 0xc1, 0x00, 0x00, 0x00, 0x06, 0xff, 0xf9, 0x10, 0x00,
    0x00, 0x00, 0x7f, 0xff, 0x90, 0x00, 0x00, 0x00, 0x08, 0xff, 0xf7, 0x00, 0x00, 0x00, 0x00, 0x6f,
    0xff, 0x60, 0x00, 0x00, 0x00, 0x04, 0xff, 0xf6, 0x00, 0x00, 0x00, 0x00, 0x0d, 0xff, 0x90, 0x00,
    0x00, 0x00, 0x00, 0x6f, 0xfd, 0x10, 0x00, 0x00, 0x00, 0x00, 0xaf, 0xf6, 0x00, 0x00, 0x00, 0x00,
    0x00, 0xcf, 0xf4, 0x00, 0x00, 0x00, 0x00, 0x00, 0xbf, 0xf4, 0x00, 0x00, 0x00, 0x00, 0x00, 0xaf,
    0xfc, 0x10, 0x00, 0x00, 0x00, 0x00, 0x4f, 0xff, 0xc5, 0x00, 0x00, 0x00, 0x00, 0x09, 0xff, 0xff,
    0xd9, 0x51, 0x00, 0x00, 0x00, 0x8e, 0xff, 0xff, 0xff, 0xb6, 0x00, 0x00, 0x01, 0x8d, 0xff, 0xff,
    0xff, 0xc1, 0x00, 0x00, 0x00, 0x27, 0xaf, 0xff, 0xf9, 0x00, 0x00, 0x00, 0x00, 0x00, 0x8f, 0xfb,
    0x00, 0x00, 0x00, 0x00, 0x00, 0x4f, 0xfb, 0x00, 0x00, 0x00, 0x00, 0x00, 0xbf, 0xf6, 0x00, 0x00,
    0x00, 0x00, 0x06, 0xff, 0xc0, 0x00, 0x00, 0x00, 0x00, 0x05, 0xef, 0x30, 0x00, 0x00, 0x00, 0x00,
    0x00, 0x15, 0x00, 0x28, 0x84, 0x04, 0x9b, 0xb9, 0x40, 0x00, 0x4f, 0xf8, 0x6f, 0xff, 0xff, 0xf9,
    0x00, 0x4f, 0xf9, 0xff, 0xbb, 0xef, 0xff, 0x80, 0x4f, 0xfd, 0xc1, 0x00, 0x19, 0xff, 0xe1, 0x4f,
    0xfe, 0x10, 0x00, 0x00, 0xdf, 0xf4, 0x4f, 0xfb, 0x00, 0x00, 0x00, 0x9f, 0xf8, 0x4f, 0xf8, 0x00,
    0x00, 0x00, 0x8f, 0xf8, 0x4f, 0xf8, 0x00, 0x00, 0x00, 0x8f, 0xf8, 0x4f, 0xf8, 0x00, 0x00, 0x00,
    0x8f, 0xf8, 0x4f, 0xf8, 0x00, 0x00, 0x00, 0x8f, 0xf8, 0x4f, 0xf8, 0x00, 0x00, 0x00, 0x8f, 0xf8,
    0x4f, 0xf8, 0x00, 0x00, 0x00, 0x8f, 0xf8, 0x4f, 0xf8, 0x00, 0x00, 0x00, 0x8f, 0xf8, 0x4f, 0xf8,
    0x00, 0x00, 0x00, 0x8f, 0xf8, 0x4f, 0xf8, 0x00, 0x00, 0x00, 0x8f, 0xf8, 0x4f, 0xf8, 0x00, 0x00,
    0x00, 0x8f, 0xf8, 0x4f, 0xf8, 0x00, 0x00, 0x00, 0x8f, 0xf8, 0x00, 0x02, 0x8b, 0xee, 0xb8, 0x20,
    0x00, 0x00, 0x6f, 0xff, 0xff, 0xff, 0xf6, 0x00, 0x05, 0xff, 0xfe, 0xbb, 0xef, 0xff, 0x50, 0x0d,
    0xff, 0x91, 0x00, 0x19, 0xff, 0xd0, 0x4f, 0xfd, 0x00, 0x00, 0x00, 0xdf, 0xf4, 0x8f, 0xf8, 0x00,
    0x00, 0x00, 0x8f, 0xf8, 0x8f, 0xf8, 0x00, 0x00, 0x00, 0x8f, 0xf8, 0x8f, 0xf8, 0x00, 0x00, 0x00,
    0x8f, 0xf8, 0x8f, 0xf8, 0x00, 0x00, 0x00, 0x8f, 0xf8, 0x8f, 0xf9, 0x44, 0x44, 0x44, 0x9f, 0xf8,
    0x8f, 0xff, 0xff, 0xff, 0xff, 0xff, 0xf8, 0x8f, 0xff, 0xff, 0xff, 0xff, 0xff, 0xf8, 0x8f, 0xf9,
    0x44, 0x44, 0x44, 0x9f, 0xf8, 0x8f, 0xf8, 0x00, 0x00, 0x00, 0x8f, 0xf8, 0x8f, 0xf8, 0x00, 0x00,
    0x00, 0x8f, 0xf8, 0x8f, 0xf8, 0x00, 0x00, 0x00, 0x8f, 0xf8, 0x8f, 0xf8, 0x00, 0x00, 0x00, 0x8f,
    0xf8, 0x5f, 0xfa, 0x00, 0x00, 0x00, 0xaf, 0xf5, 0x1f, 0xff, 0x40, 0x00, 0x04, 0xff, 0xf1, 0x08,
    0xff, 0xf9, 0x66, 0x9f, 0xff, 0x80, 0x01, 0xcf, 0xff, 0xff, 0xff, 0xfc, 0x10, 0x00, 0x08, 0xef,
    0xff, 0xfe, 0x80, 0x00, 0x00, 0x00, 0x03, 0x44, 0x30, 0x00, 0x00, 0x48, 0x88, 0x88, 0x88, 0x82,
    0x00, 0x00, 0x00, 0x8f, 0xff, 0xff, 0xff, 0xf4, 0x00, 0x00, 0x00, 0x8f, 0xff, 0xff, 0xff, 0xf4,
    0x00, 0x00, 0x00, 0x24, 0x44, 0x44, 0xcf, 0xf4, 0x00, 0x00, 0x00, 0x00, 0x00, 0x00, 0xbf, 0xf4,
    0x00, 0x00, 0x00, 0x00, 0x00, 0x00, 0xbf, 0xf4, 0x00, 0x00, 0x00, 0x00, 0x00, 0x00, 0xbf, 0xf4,
    0x00, 0x00, 0x00, 0x00, 0x00, 0x00, 0xbf, 0xf4, 0x00, 0x00, 0x00, 0x00, 0x00, 0x00, 0xbf, 0xf4,
    0x00, 0x00, 0x00, 0x00, 0x00, 0x00, 0xbf, 0xf4, 0x00, 0x00, 0x00, 0x00, 0x00, 0x00, 0xbf, 0xf4,
    0x00, 0x00, 0x00, 0x00, 0x00, 0x00, 0xbf, 0xf4, 0x00, 0x00, 0x00, 0x00, 0x00, 0x00, 0xaf, 0xf5,
    0x00, 0x00, 0x00, 0x00, 0x00, 0x00, 0x8f, 0xfa, 0x00, 0x00, 0x00, 0x00, 0x00, 0x00, 0x2f, 0xff,
    0xdb, 0xbb, 0xb6, 0x00, 0x00, 0x00, 0x06, 0xff, 0xff, 0xff, 0xf8, 0x00, 0x00, 0x00, 0x00, 0x4a,
    0xff, 0xff, 0xf8, 0x08, 0x88, 0x00, 0x00, 0x00, 0x07, 0x88, 0x50, 0x0f, 0xff, 0x00, 0x00, 0x00,
    0x5f, 0xfe, 0x20, 0x0f, 0xff, 0x00, 0x00, 0x01, 0xdf, 0xf7, 0x00, 0x0f, 0xff, 0x00, 0x00, 0x08,
    0xff, 0xb0, 0x00, 0x0f, 0xff, 0x00, 0x00, 0x4f, 0xfe, 0x20, 0x00, 0x0f, 0xff, 0x00, 0x01, 0xdf,
    0xf8, 0x00, 0x00, 0x0f, 0xff, 0x00, 0x08, 0xff, 0xc0, 0x00, 0x00, 0x0f, 0xff, 0xbb, 0xbf, 0xff,
    0x30, 0x00, 0x00, 0x0f, 0xff, 0xff, 0xff, 0xfa, 0x00, 0x00, 0x00, 0x0f, 0xff, 0xff, 0xff, 0xff,
    0x40, 0x00, 0x00, 0x0f, 0xff, 0x00, 0x08, 0xff, 0xd0, 0x00, 0x00, 0x0f, 0xff, 0x00, 0x01, 0xdf,
    0xf8, 0x00, 0x00, 0x0f, 0xff, 0x00, 0x00, 0x5f, 0xff, 0x30, 0x00, 0x0f, 0xff, 0x00, 0x00, 0x0a,
    0xff, 0xc0, 0x00, 0x0f, 0xff, 0x00, 0x00, 0x01, 0xef, 0xf7, 0x00, 0x0f, 0xff, 0x00, 0x00, 0x00,
    0x6f, 0xfe, 0x20, 0x0f, 0xff, 0x00, 0x00, 0x00, 0x0b, 0xff, 0xb0, 0x00, 0x00, 0x8f, 0xf9, 0x00,
    0x00, 0x00, 0x00, 0x00, 0x00, 0x2f, 0xfe, 0x00, 0x00, 0x00, 0x00, 0x00, 0x00, 0x0b, 0xff, 0x60,
    0x00, 0x00, 0x00, 0x00, 0x00, 0x06, 0xff, 0xa0, 0x00, 0x00, 0x00, 0x00, 0x00, 0x00, 0xef, 0xf2,
    0x00, 0x00, 0x00, 0x00, 0x00, 0x00, 0x8f, 0xf7, 0x00, 0x00, 0x00, 0x00, 0x00, 0x00, 0xbf, 0xfd,
    0x00, 0x00, 0x00, 0x00, 0x00, 0x02, 0xff, 0xff, 0x30, 0x00, 0x00, 0x00, 0x00, 0x08, 0xfd, 0xff,
    0x90, 0x00, 0x00, 0x00, 0x00, 0x0d, 0xfb, 0xdf, 0xe0, 0x00, 0x00, 0x00, 0x00, 0x5f, 0xf8, 0x9f,
    0xf6, 0x00, 0x00, 0x00, 0x00, 0x9f, 0xf5, 0x5f, 0xfa, 0x00, 0x00, 0x00, 0x01, 0xff, 0xe0, 0x0e,
    0xff, 0x20, 0x00, 0x00, 0x06, 0xff, 0x80, 0x09, 0xff, 0x70, 0x00, 0x00, 0x0c, 0xff, 0x30, 0x03,
    0xff, 0xc0, 0x00, 0x00, 0x2f, 0xfd, 0x00, 0x00, 0xdf, 0xf3, 0x00, 0x00, 0x8f, 0xf8, 0x00, 0x00,
    0x8f, 0xf8, 0x00, 0x00, 0xdf, 0xf2, 0x00, 0x00, 0x2f, 0xfe, 0x00, 0x05, 0xff, 0xc0, 0x00, 0x00,
    0x0c, 0xff, 0x50, 0x0a, 0xff, 0x70, 0x00, 0x00, 0x07, 0xff, 0xa0, 0x1f, 0xff, 0x20, 0x00, 0x00,
    0x01, 0xff, 0xf1, 0x7f, 0xfc, 0x00, 0x00, 0x00, 0x00, 0xaf, 0xf7, 0x28, 0x86, 0x00, 0x00, 0x00,
    0x48, 0x82, 0x4f, 0xfb, 0x00, 0x00, 0x00, 0x8f, 0xf4, 0x4f, 0xfb, 0x00, 0x00, 0x00, 0x8f, 0xf4,
    0x4f, 0xfb, 0x00, 0x00, 0x00, 0x8f, 0xf4, 0x4f, 0xfb, 0x00, 0x00, 0x00, 0x8f, 0xf4, 0x4f, 0xfb,
    0x00, 0x00, 0x00, 0x8f, 0xf4, 0x4f, 0xfb, 0x00, 0x00, 0x00, 0x8f, 0xf4, 0x4f, 0xfb, 0x00, 0x00,
    0x00, 0x8f, 0xf4, 0x4f, 0xfb, 0x00, 0x00, 0x00, 0x8f, 0xf4, 0x4f, 0xfb, 0x00, 0x00, 0x00, 0x8f,
    0xf4, 0x4f, 0xfb, 0x00, 0x00, 0x00, 0x8f, 0xf4, 0x4f, 0xfb, 0x00, 0x00, 0x00, 0x9f, 0xf4, 0x4f,
    0xfd, 0x00, 0x00, 0x00, 0xcf, 0xf4, 0x4f, 0xfe, 0x60, 0x00, 0x06, 0xff, 0xf4, 0x4f, 0xfb, 0xf8,
    0x45, 0x9f, 0xbf, 0xf4, 0x4f, 0xf8, 0xef, 0xff, 0xfe, 0x8f, 0xf4, 0x4f, 0xf8, 0x6f, 0xff, 0xe6,
    0x8f, 0xf4, 0x4f, 0xfb, 0x01, 0x44, 0x10, 0x00, 0x00, 0x4f, 0xfb, 0x00, 0x00, 0x00, 0x00, 0x00,
    0x4f, 0xfb, 0x00, 0x00, 0x00, 0x00, 0x00, 0x4f, 0xfb, 0x00, 0x00, 0x00, 0x00, 0x00, 0x4f, 0xfb,
    0x00, 0x00, 0x00, 0x00, 0x00, 0x28, 0x86, 0x00, 0x00, 0x00, 0x00, 0x00, 0x38, 0x86, 0x00, 0x00,
    0x00, 0x00, 0x68, 0x84, 0x2f, 0xfe, 0x00, 0x00, 0x00, 0x00, 0xef, 0xf3, 0x0c, 0xff, 0x50, 0x00,
    0x00, 0x05, 0xff, 0xd0, 0x07, 0xff, 0x90, 0x00, 0x00, 0x08, 0xff, 0x80, 0x02, 0xff, 0xe0, 0x00,
    0x00, 0x0d, 0xff, 0x30, 0x00, 0xcf, 0xf5, 0x00, 0x00, 0x3f, 0xfc, 0x00, 0x00, 0x7f, 0xf9, 0x00,
    0x00, 0x8f, 0xf7, 0x00, 0x00, 0x2f, 0xfe, 0x00, 0x00, 0xdf, 0xf2, 0x00, 0x00, 0x0c, 0xff, 0x30,
    0x03, 0xff, 0xc0, 0x00, 0x00, 0x07, 0xff, 0x80, 0x08, 0xff, 0x70, 0x00, 0x00, 0x02, 0xff, 0xd0,
    0x0c, 0xff, 0x20, 0x00, 0x00, 0x00, 0xcf, 0xf3, 0x2f, 0xfc, 0x00, 0x00, 0x00, 0x00, 0x7f, 0xf8,
    0x7f, 0xf7, 0x00, 0x00, 0x00, 0x00, 0x2f, 0xfb, 0xaf, 0xf2, 0x00, 0x00, 0x00, 0x00, 0x0c, 0xff,
    0xef, 0xc0, 0x00, 0x00, 0x00, 0x00, 0x07, 0xff, 0xff, 0x70, 0x00, 0x00, 0x00, 0x00, 0x02, 0xff,
    0xff, 0x20, 0x00, 0x00, 0x00, 0x00, 0x00, 0x24, 0x40, 0x00, 0x00, 0x00, 0x00, 0x29, 0xef, 0xff,
    0xfa, 0x40, 0x00, 0x00, 0x3e, 0xff, 0xff, 0xff, 0xff, 0x90, 0x00, 0x2e, 0xff, 0xe9, 0x88, 0xcf,
    0xff, 0x70, 0x08, 0xff, 0xe3, 0x00, 0x00, 0x8f, 0xfd, 0x00, 0xbf, 0xf6, 0x00, 0x00, 0x00, 0xdf,
    0xf3, 0x0c, 0xff, 0x40, 0x00, 0x00, 0x00, 0x00, 0x00, 0xbf, 0xf4, 0x00, 0x00, 0x00, 0x00, 0x00,
    0x06, 0xff, 0xa0, 0x00, 0x00, 0x00, 0x00, 0x00, 0x09, 0xff, 0xb5, 0x44, 0x44, 0x41, 0x00, 0x00,
    0x06, 0xcf, 0xff, 0xff, 0xff, 0x40, 0x00, 0x03, 0xbf, 0xff, 0xff, 0xff, 0xf4, 0x00, 0x04, 0xff,
    0xfd, 0x88, 0x88, 0x88, 0x20, 0x01, 0xef, 0xf9, 0x10, 0x00, 0x00, 0x00, 0x00, 0x6f, 0xfd, 0x00,
    0x00, 0x00, 0x00, 0x00, 0x08, 0xff, 0x80, 0x00, 0x00, 0x00, 0x00, 0x00, 0x8f, 0xf8, 0x00, 0x00,
    0x00, 0x00, 0x00, 0x06, 0xff, 0xe1, 0x00, 0x00, 0x00, 0x00, 0x00, 0x1e, 0xff, 0xc4, 0x00, 0x00,
    0x00, 0x00, 0x00, 0x5f, 0xff, 0xfc, 0x83, 0x00, 0x00, 0x00, 0x00, 0x4d, 0xff, 0xff, 0xfd, 0x95,
    0x00, 0x00, 0x00, 0x16, 0xcf, 0xff, 0xff, 0xfc, 0x10, 0x00, 0x00, 0x00, 0x27, 0xbf, 0xff, 0xfb,
    0x00, 0x00, 0x00, 0x00, 0x00, 0x17, 0xff, 0xf0, 0x00, 0x00, 0x00, 0x00, 0x00, 0x0f, 0xfe, 0x00,
    0x00, 0x00, 0x00, 0x00, 0x06, 0xff, 0x90, 0x00, 0x00, 0x00, 0x00, 0x01, 0xef, 0xe2, 0x00, 0x00,
    0x00, 0x00, 0x00, 0x3d, 0xf8, 0x00, 0x00, 0x00, 0x00, 0x00, 0x00, 0x06, 0x00, 0x00, 0x00, 0x01,
    0x69, 0xbb, 0x96, 0x10, 0x00, 0x00, 0x5e, 0xff, 0xff, 0xff, 0xe5, 0x00, 0x04, 0xff, 0xff, 0xee,
    0xff, 0xff, 0x40, 0x0d, 0xff, 0xa2, 0x00, 0x2a, 0xff, 0xd0, 0x5f, 0xfd, 0x00, 0x00, 0x00, 0xdf,
    0xf5, 0x8f, 0xf8, 0x00, 0x00, 0x00, 0x8f, 0xf8, 0x8f, 0xf6, 0x00, 0x00, 0x00, 0x6f, 0xf8, 0x8f,
    0xf4, 0x00, 0x00, 0x00, 0x4f, 0xf8, 0x8f, 0xf4, 0x00, 0x00, 0x00, 0x4f, 0xf8, 0x8f, 0xf4, 0x00,
    0x00, 0x00, 0x4f, 0xf8, 0x8f, 0xf4, 0x00, 0x00, 0x00, 0x4f, 0xf8, 0x8f, 0xf8, 0x00, 0x00, 0x00,
    0x8f, 0xf8, 0x7f, 0xf9, 0x00, 0x00, 0x00, 0x9f, 0xf7, 0x2f, 0xff, 0x30, 0x00, 0x03, 0xff, 0xf2,
    0x08, 0xff, 0xf9, 0x77, 0x9f, 0xff, 0x80, 0x01, 0xcf, 0xff, 0xff, 0xff, 0xfc, 0x10, 0x00, 0x08,
    0xdf, 0xff, 0xfd, 0x80, 0x00, 0x00, 0x00, 0x02, 0x44, 0x20, 0x00, 0x00, 0x28, 0x88, 0x88, 0x88,
    0x88, 0x88, 0x88, 0x88, 0x64, 0xff, 0xff, 0xff, 0xff, 0xff, 0xff, 0xff, 0xfb, 0x4f, 0xff, 0xff,
    0xff, 0xff, 0xff, 0xff, 0xff, 0xb0, 0x00, 0xbf, 0xf0, 0x00, 0x00, 0xff, 0xb0, 0x00, 0x00, 0x0b,
    0xff, 0x00, 0x00, 0x0f, 0xfb, 0x00, 0x00, 0x00, 0xbf, 0xf0, 0x00, 0x00, 0xff, 0xb0, 0x00, 0x00,
    0x0b, 0xff, 0x00, 0x00, 0x0f, 0xfb, 0x00, 0x00, 0x00, 0xbf, 0xf0, 0x00, 0x00, 0xff, 0xb0, 0x00,
    0x00, 0x0b, 0xff, 0x00, 0x00, 0x0f, 0xfb, 0x00, 0x00, 0x00, 0xbf, 0xf0, 0x00, 0x00, 0xff, 0xb0,
    0x00, 0x00, 0x0b, 0xff, 0x00, 0x00, 0x0f, 0xfb, 0x00, 0x00, 0x00, 0xbf, 0xf0, 0x00, 0x00, 0xff,
    0xb0, 0x00, 0x00, 0x0b, 0xff, 0x00, 0x00, 0x0f, 0xfc, 0x00, 0x00, 0x00, 0xbf, 0xf0, 0x00, 0x00,
    0xdf, 0xf3, 0x00, 0x00, 0x0b, 0xff, 0x00, 0x00, 0x08, 0xff, 0xfa, 0x60, 0x00, 0xbf, 0xf0, 0x00,
    0x00, 0x0c, 0xff, 0xfb, 0x00, 0x0b, 0xff, 0x00, 0x00, 0x00, 0x18, 0xef, 0xb0, 0x00, 0x00, 0x00,
    0x00, 0x00, 0x00, 0x00, 0x23, 0x00, 0x01, 0x6a, 0xbb, 0xa7, 0x10, 0x00, 0x00, 0x3d, 0xff, 0xff,
    0xff, 0xe6, 0x00, 0x03, 0xef, 0xff, 0xcb, 0xff, 0xff, 0x50, 0x0b, 0xff, 0xc2, 0x00, 0x19, 0xff,
    0xd0, 0x1f, 0xff, 0x10, 0x00, 0x01, 0xdf, 0xf3, 0x4f, 0xfb, 0x00, 0x00, 0x00, 0x9f, 0xf7, 0x4f,
    0xfb, 0x00, 0x00, 0x00, 0x8f, 0xf8, 0x4f, 0xfb, 0x00, 0x00, 0x00, 0x8f, 0xf8, 0x4f, 0xfb, 0x00,
    0x00, 0x00, 0x8f, 0xf8, 0x4f, 0xfb, 0x00, 0x00, 0x00, 0x8f, 0xf8, 0x4f, 0xfb, 0x00, 0x00, 0x00,
    0x8f, 0xf8, 0x4f, 0xfb, 0x00, 0x00, 0x00, 0x8f, 0xf8, 0x4f, 0xfd, 0x00, 0x00, 0x00, 0xbf, 0xf5,
    0x4f, 0xfe, 0x70, 0x00, 0x04, 0xff, 0xf2, 0x4f, 0xfa, 0xf9, 0x54, 0x8e, 0xff, 0xb0, 0x4f, 0xf8,
    0xbf, 0xff, 0xff, 0xfe, 0x30, 0x4f, 0xfb, 0x19, 0xff, 0xff, 0xb3, 0x00, 0x4f, 0xfb, 0x00, 0x14,
    0x42, 0x00, 0x00, 0x4f, 0xfb, 0x00, 0x00, 0x00, 0x00, 0x00, 0x4f, 0xfb, 0x00, 0x00, 0x00, 0x00,
    0x00, 0x4f, 0xfb, 0x00, 0x00, 0x00, 0x00, 0x00, 0x4f, 0xfb, 0x00, 0x00, 0x00, 0x00, 0x00, 0x28,
    0x86, 0x00, 0x00, 0x00, 0x00, 0x00, 0x00, 0x00, 0x69, 0xbb, 0xb8, 0x20, 0x00, 0x00, 0x3d, 0xff,
    0xff, 0xff, 0xf8, 0x00, 0x03, 0xef, 0xff, 0xdb, 0xff, 0xff, 0x90, 0x0b, 0xff, 0xc2, 0x00, 0x07,
    0xff, 0xf4, 0x2f, 0xfe, 0x10, 0x00, 0x00, 0x8f, 0xf9, 0x5f, 0xfa, 0x00, 0x00, 0x00, 0x4f, 0xfb,
    0x8f, 0xf8, 0x00, 0x00, 0x00, 0x00, 0x00, 0x8f, 0xf8, 0x00, 0x00, 0x00, 0x00, 0x00, 0x8f, 0xf8,
    0x00, 0x00, 0x00, 0x00, 0x00, 0x8f, 0xf8, 0x00, 0x00, 0x00, 0x00, 0x00, 0x8f, 0xf8, 0x00, 0x00,
    0x00, 0x00, 0x00, 0x4f, 0xfc, 0x00, 0x00, 0x00, 0x00, 0x00, 0x1e, 0xff, 0x90, 0x00, 0x00, 0x00,
    0x00, 0x08, 0xff, 0xfd, 0x72, 0x00, 0x00, 0x00, 0x00, 0x9f, 0xff, 0xff, 0xd8, 0x30, 0x00, 0x00,
    0x05, 0xcf, 0xff, 0xff, 0xf9, 0x00, 0x00, 0x00, 0x03, 0x8c, 0xff, 0xff, 0x80, 0x00, 0x00, 0x00,
    0x00, 0x29, 0xff, 0xb0, 0x00, 0x00, 0x00, 0x00, 0x04, 0xff, 0xa0, 0x00, 0x00, 0x00, 0x00, 0x09,
    0xff, 0x60, 0x00, 0x00, 0x00, 0x00, 0x4f, 0xfc, 0x00, 0x00, 0x00, 0x00, 0x00, 0x6e, 0xf4, 0x00,
    0x00, 0x00, 0x00, 0x00, 0x01, 0x50, 0x00, 0x00, 0x00, 0x26, 0x88, 0x88, 0x88, 0x88, 0x80, 0x00,
    0x1b, 0xff, 0xff, 0xff, 0xff, 0xff, 0xf0, 0x02, 0xef, 0xff, 0xff, 0xff, 0xff, 0xff, 0xf0, 0x0b,
    0xff, 0xd6, 0x23, 0x6e, 0xe9, 0x44, 0x40, 0x3f, 0xfe, 0x10, 0x00, 0x03, 0xff, 0x80, 0x00, 0x8f,
    0xf8, 0x00, 0x00, 0x00, 0xbf, 0xf2, 0x00, 0x8f, 0xf8, 0x00, 0x00, 0x00, 0x8f, 0xf6, 0x00, 0x8f,
    0xf8, 0x00, 0x00, 0x00, 0x8f, 0xf8, 0x00, 0x8f, 0xf8, 0x00, 0x00, 0x00, 0x8f, 0xf8, 0x00, 0x8f,
    0xf8, 0x00, 0x00, 0x00, 0x8f, 0xf8, 0x00, 0x8f, 0xf8, 0x00, 0x00, 0x00, 0x8f, 0xf8, 0x00, 0x8f,
    0xf8, 0x00, 0x00, 0x00, 0x8f, 0xf7, 0x00, 0x7f, 0xf9, 0x00, 0x00, 0x00, 0xcf, 0xf4, 0x00, 0x2f,
    0xff, 0x30, 0x00, 0x06, 0xff, 0xe0, 0x00, 0x08, 0xff, 0xf8, 0x56, 0x9f, 0xff, 0x80, 0x00, 0x01,
    0xcf, 0xff, 0xff, 0xff, 0xf9, 0x00, 0x00, 0x00, 0x08, 0xef, 0xff, 0xfd, 0x60, 0x00, 0x00, 0x00,
    0x00, 0x03, 0x44, 0x30, 0x00, 0x00, 0x00, 0x68, 0x88, 0x88, 0x88, 0x88, 0x88, 0x88, 0x6b, 0xff,
    0xff, 0xff, 0xff, 0xff, 0xff, 0xfb, 0xbf, 0xff, 0xff, 0xff, 0xff, 0xff, 0xff, 0xb3, 0x44, 0x44,
    0xcf, 0xf7, 0x44, 0x44, 0x43, 0x00, 0x00, 0x0b, 0xff, 0x40, 0x00, 0x00, 0x00, 0x00, 0x00, 0xbf,
    0xf4, 0x00, 0x00, 0x00, 0x00, 0x00, 0x0b, 0xff, 0x40, 0x00, 0x00, 0x00, 0x00, 0x00, 0xbf, 0xf4,
    0x00, 0x00, 0x00, 0x00, 0x00, 0x0b, 0xff, 0x40, 0x00, 0x00, 0x00, 0x00, 0x00, 0xbf, 0xf4, 0x00,
    0x00, 0x00, 0x00, 0x00, 0x0b, 0xff, 0x40, 0x00, 0x00, 0x00, 0x00, 0x00, 0xbf, 0xf4, 0x00, 0x00,
    0x00, 0x00, 0x00, 0x0b, 0xff, 0x40, 0x00, 0x00, 0x00, 0x00, 0x00, 0x8f, 0xf9, 0x00, 0x00, 0x00,
    0x00, 0x00, 0x04, 0xff, 0xfc, 0xbb, 0xbb, 0x60, 0x00, 0x00, 0x09, 0xff, 0xff, 0xff, 0xf8, 0x00,
    0x00, 0x00, 0x07, 0xcf, 0xff, 0xff, 0x80, 0x48, 0x84, 0x00, 0x00, 0x00, 0x48, 0x84, 0x8f, 0xf8,
    0x00, 0x00, 0x00, 0x8f, 0xf8, 0x8f, 0xf8, 0x00, 0x00, 0x00, 0x8f, 0xf8, 0x8f, 0xf8, 0x00, 0x00,
    0x00, 0x8f, 0xf8, 0x8f, 0xf8, 0x00, 0x00, 0x00, 0x8f, 0xf8, 0x8f, 0xf8, 0x00, 0x00, 0x00, 0x8f,
    0xf8, 0x8f, 0xf8, 0x00, 0x00, 0x00, 0x8f, 0xf8, 0x8f, 0xf8, 0x00, 0x00, 0x00, 0x8f, 0xf8, 0x8f,
    0xf8, 0x00, 0x00, 0x00, 0x8f, 0xf8, 0x8f, 0xf8, 0x00, 0x00, 0x00, 0x8f, 0xf8, 0x8f, 0xf8, 0x00,
    0x00, 0x00, 0x8f, 0xf8, 0x7f, 0xf8, 0x00, 0x00, 0x00, 0x8f, 0xf7, 0x4f, 0xfc, 0x00, 0x00, 0x00,
    0xcf, 0xf4, 0x1e, 0xff, 0x60, 0x00, 0x06, 0xff, 0xe0, 0x08, 0xff, 0xf9, 0x55, 0x9f, 0xff, 0x80,
    0x00, 0xbf, 0xff, 0xff, 0xff, 0xfa, 0x00, 0x00, 0x08, 0xef, 0xff, 0xfd, 0x80, 0x00, 0x00, 0x00,
    0x03, 0x44, 0x30, 0x00, 0x00, 0x00, 0x04, 0x60, 0x28, 0x88, 0x73, 0x00, 0x00, 0x00, 0x8f, 0xb0,
    0x4f, 0xff, 0xff, 0xb3, 0x00, 0x05, 0xff, 0xb0, 0x4f, 0xfc, 0xff, 0xfe, 0x30, 0x0d, 0xff, 0x70,
    0x4f, 0xf4, 0x08, 0xff, 0xb0, 0x4f, 0xf9, 0x00, 0x4f, 0xf4, 0x00, 0xaf, 0xf3, 0x8f, 0xf5, 0x00,
    0x4f, 0xf4, 0x00, 0x5f, 0xf7, 0x8f, 0xf4, 0x00, 0x4f, 0xf4, 0x00, 0x4f, 0xf8, 0x8f, 0xf4, 0x00,
    0x4f, 0xf4, 0x00, 0x4f, 0xf8, 0x8f, 0xf4, 0x00, 0x4f, 0xf4, 0x00, 0x4f, 0xf8, 0x8f, 0xf4, 0x00,
    0x4f, 0xf4, 0x00, 0x4f, 0xf8, 0x8f, 0xf4, 0x00, 0x4f, 0xf4, 0x00, 0x4f, 0xf8, 0x8f, 0xf4, 0x00,
    0x4f, 0xf4, 0x00, 0x4f, 0xf8, 0x5f, 0xf8, 0x00, 0x4f, 0xf4, 0x00, 0x8f, 0xf5, 0x1e, 0xfe, 0x30,
    0x4f, 0xf4, 0x03, 0xef, 0xe1, 0x07, 0xff, 0xe8, 0x8f, 0xf8, 0x8e, 0xff, 0x70, 0x00, 0x8f, 0xff,
    0xff, 0xff, 0xff, 0xf8, 0x00, 0x00, 0x04, 0xae, 0xff, 0xff, 0xea, 0x40, 0x00, 0x00, 0x00, 0x00,
    0x8f, 0xf8, 0x00, 0x00, 0x00, 0x00, 0x00, 0x00, 0x8f, 0xf8, 0x00, 0x00, 0x00, 0x00, 0x00, 0x00,
    0x8f, 0xf8, 0x00, 0x00, 0x00, 0x00, 0x00, 0x00, 0x8f, 0xf8, 0x00, 0x00, 0x00, 0x00, 0x00, 0x00,
    0x8f, 0xf8, 0x00, 0x00, 0x00, 0x00, 0x00, 0x00, 0x48, 0x84, 0x00, 0x00, 0x00, 0x18, 0x88, 0x30,
    0x00, 0x00, 0x03, 0x88, 0x81, 0x08, 0xff, 0xc0, 0x00, 0x00, 0x0c, 0xff, 0x80, 0x00, 0xcf, 0xf8,
    0x00, 0x00, 0x8f, 0xfd, 0x10, 0x00, 0x3f, 0xff, 0x30, 0x02, 0xef, 0xf4, 0x00, 0x00, 0x08, 0xff,
    0xb0, 0x0b, 0xff, 0x80, 0x00, 0x00, 0x00, 0xcf, 0xf6, 0x6f, 0xfc, 0x00, 0x00, 0x00, 0x00, 0x3f,
    0xfd, 0xdf, 0xf3, 0x00, 0x00, 0x00, 0x00, 0x07, 0xff, 0xff, 0x80, 0x00, 0x00, 0x00, 0x00, 0x00,
    0xdf, 0xfe, 0x00, 0x00, 0x00, 0x00, 0x00, 0x07, 0xff, 0xff, 0x70, 0x00, 0x00, 0x00, 0x00, 0x3f,
    0xfe, 0xdf, 0xf3, 0x00, 0x00, 0x00, 0x00, 0xcf, 0xf7, 0x6f, 0xfc, 0x00, 0x00, 0x00, 0x08, 0xff,
    0xb0, 0x0b, 0xff, 0x80, 0x00, 0x00, 0x3f, 0xff, 0x20, 0x02, 0xff, 0xf4, 0x00, 0x01, 0xdf, 0xf8,
    0x00, 0x00, 0x8f, 0xfd, 0x10, 0x08, 0xff, 0xc0, 0x00, 0x00, 0x0c, 0xff, 0x80, 0x4f, 0xff, 0x30,
    0x00, 0x00, 0x03, 0xff, 0xf4, 0x48, 0x82, 0x00, 0x28, 0x82, 0x00, 0x28, 0x84, 0x8f, 0xf4, 0x00,
    0x4f, 0xf4, 0x00, 0x4f, 0xf8, 0x8f, 0xf4, 0x00, 0x4f, 0xf4, 0x00, 0x4f, 0xf8, 0x8f, 0xf4, 0x00,
    0x4f, 0xf4, 0x00, 0x4f, 0xf8, 0x8f, 0xf4, 0x00, 0x4f, 0xf4, 0x00, 0x4f, 0xf8, 0x8f, 0xf4, 0x00,
    0x4f, 0xf4, 0x00, 0x4f, 0xf8, 0x8f, 0xf4, 0x00, 0x4f, 0xf4, 0x00, 0x4f, 0xf8, 0x8f, 0xf4, 0x00,
    0x4f, 0xf4, 0x00, 0x4f, 0xf8, 0x8f, 0xf4, 0x00, 0x4f, 0xf4, 0x00, 0x4f, 0xf8, 0x8f, 0xf4, 0x00,
    0x4f, 0xf4, 0x00, 0x4f, 0xf8, 0x8f, 0xf4, 0x00, 0x4f, 0xf4, 0x00, 0x4f, 0xf8, 0x8f, 0xf4, 0x00,
    0x4f, 0xf4, 0x00, 0x4f, 0xf8, 0x5f, 0xf7, 0x00, 0x4f, 0xf4, 0x00, 0x7f, 0xf5, 0x1f, 0xfe, 0x10,
    0x4f, 0xf4, 0x01, 0xef, 0xf1, 0x08, 0xff, 0xe8, 0x8f, 0xf8, 0x8e, 0xff, 0x80, 0x00, 0x9f, 0xff,
    0xff, 0xff, 0xff, 0xf9, 0x00, 0x00, 0x05, 0xae, 0xff, 0xff, 0xea, 0x50, 0x00, 0x00, 0x00, 0x00,
    0x8f, 0xf8, 0x00, 0x00, 0x00, 0x00, 0x00, 0x00, 0x8f, 0xf8, 0x00, 0x00, 0x00, 0x00, 0x00, 0x00,
    0x8f, 0xf8, 0x00, 0x00, 0x00, 0x00, 0x00, 0x00, 0x8f, 0xf8, 0x00, 0x00, 0x00, 0x00, 0x00, 0x00,
    0x8f, 0xf8, 0x00, 0x00, 0x00, 0x00, 0x00, 0x00, 0x48, 0x84, 0x00, 0x00, 0x00, 0x00, 0x06, 0xa0,
    0x00, 0x00, 0x08, 0x20, 0x00, 0x00, 0x9f, 0xf0, 0x00, 0x00, 0x0f, 0xf7, 0x00, 0x07, 0xff, 0xf0,
    0x00, 0x00, 0x0f, 0xff, 0x50, 0x0e, 0xff, 0x70, 0x00, 0x00, 0x0a, 0xff, 0xd0, 0x4f, 0xf9, 0x00,
    0x00, 0x00, 0x00, 0xbf, 0xf3, 0x7f, 0xf6, 0x00, 0x00, 0x00, 0x00, 0x6f, 0xf7, 0x8f, 0xf4, 0x00,
    0x14, 0x41, 0x00, 0x4f, 0xf8, 0x8f, 0xf4, 0x00, 0x4f, 0xf4, 0x00, 0x4f, 0xf8, 0x8f, 0xf4, 0x00,
    0x4f, 0xf4, 0x00, 0x4f, 0xf8, 0x8f, 0xf4, 0x00, 0x4f, 0xf4, 0x00, 0x4f, 0xf8, 0x8f, 0xf4, 0x00,
    0x4f, 0xf4, 0x00, 0x4f, 0xf8, 0x8f, 0xf4, 0x00, 0x4f, 0xf4, 0x00, 0x4f, 0xf8, 0x8f, 0xf4, 0x00,
    0x4f, 0xf4, 0x00, 0x4f, 0xf8, 0x6f, 0xf7, 0x00, 0x6f, 0xf6, 0x00, 0x7f, 0xf6, 0x2f, 0xfe, 0x55,
    0xdc, 0xdd, 0x55, 0xef, 0xf2, 0x0a, 0xff, 0xff, 0xf8, 0x8f, 0xff, 0xff, 0xa0, 0x01, 0xbf, 0xff,
    0x90, 0x09, 0xff, 0xfb, 0x10, 0x00, 0x03, 0x42, 0x00, 0x00, 0x24, 0x30, 0x00, 0x00, 0x68, 0x86,
    0x00, 0x09, 0xff, 0xff, 0x90, 0x6f, 0xff, 0xff, 0xf6, 0x9f, 0xff, 0xff, 0xf9, 0x9f, 0xff, 0xff,
    0xf9, 0x6f, 0xff, 0xff, 0xf6, 0x0c, 0xff, 0xff, 0xc0, 0x00, 0x7a, 0xa7, 0x00, 0x00, 0x00, 0x00,
    0x00, 0x00, 0x00, 0x8d, 0xff, 0xd8, 0x00, 0x0a, 0xff, 0xff, 0xff, 0xa0, 0x6f, 0xf7, 0x00, 0x7f,
    0xf6, 0xbf, 0x90, 0x00, 0x09, 0xfb, 0xff, 0x40, 0x00, 0x04, 0xff, 0xff, 0x40, 0x00, 0x04, 0xff,
    0xff, 0x40, 0x00, 0x04, 0xff, 0xff, 0x40, 0x00, 0x04, 0xff, 0xff, 0x40, 0x00, 0x04, 0xff, 0xef,
    0x60, 0x00, 0x06, 0xfe, 0xaf, 0xb0, 0x00, 0x0b, 0xfa, 0x4f, 0xfb, 0x66, 0xbf, 0xf4, 0x06, 0xff,
    0xff, 0xff, 0x60, 0x00, 0x28, 0xbb, 0x82, 0x00, 0x1a, 0xa1, 0x7f, 0xf4, 0x07, 0x70, 0x14, 0x41,
    0x4f, 0xf4, 0x4f, 0xf4, 0x4f, 0xf4, 0x4f, 0xf4, 0x4f, 0xf4, 0x4f, 0xf4, 0x4f, 0xf4, 0x4f, 0xf4,
    0x3b, 0xb3, 0x00, 0x00, 0x0c, 0xfa, 0x00, 0x00, 0x00, 0x8f, 0xe1, 0x00, 0x00, 0x04, 0xff, 0x40,
    0x00, 0x00, 0x1d, 0xf8, 0x00, 0x00, 0x00, 0x9f, 0xd1, 0x00, 0x00, 0x05, 0xff, 0x40, 0x0b, 0xf8,
    0x1e, 0xf8, 0x00, 0x0b, 0xf8, 0xaf, 0xc0, 0x00, 0x0b, 0xf8, 0xbf, 0xb8, 0x88, 0x8d, 0xf8, 0xbf,
    0xff, 0xff, 0xff, 0xf8, 0x68, 0x88, 0x88, 0x8d, 0xf8, 0x00, 0x00, 0x00, 0x0b, 0xf8, 0x00, 0x00,
    0x00, 0x0b, 0xf8, 0x00, 0x00, 0x00, 0x06, 0x84, 0x4f, 0xff, 0xff, 0xff, 0xf8, 0x4f, 0xff, 0xff,
    0xff, 0xf8, 0x4f, 0xf0, 0x00, 0x00, 0x00, 0x4f, 0xf0, 0x00, 0x00, 0x00, 0x4f, 0xf0, 0x00, 0x00,
    0x00, 0x4f, 0xff, 0xff, 0xe9, 0x20, 0x3b, 0xbb, 0xbc, 0xff, 0xe2, 0x00, 0x00, 0x00, 0x3e, 0xf9,
    0x00, 0x00, 0x00, 0x07, 0xfe, 0x8b, 0x60, 0x00, 0x05, 0xff, 0xaf, 0xa0, 0x00, 0x0a, 0xfb, 0x4f,
    0xfa, 0x65, 0xaf, 0xf5, 0x06, 0xff, 0xff, 0xff, 0x80, 0x00, 0x28, 0xbb, 0x83, 0x00, 0x00, 0x00,
    0x07, 0xfe, 0x10, 0x00, 0x00, 0x00, 0x2e, 0xf5, 0x00, 0x00, 0x00, 0x00, 0xbf, 0xa0, 0x00, 0x00,
    0x00, 0x05, 0xfe, 0x10, 0x00, 0x00, 0x00, 0x1e, 0xf6, 0x00, 0x00, 0x00, 0x00, 0xaf, 0xdc, 0xff,
    0xc4, 0x00, 0x04, 0xff, 0xd9, 0x9d, 0xff, 0x40, 0x0a, 0xfc, 0x10, 0x01, 0xcf, 0xb0, 0x0f, 0xf5,
    0x00, 0x00, 0x5f, 0xf0, 0x0f, 0xf4, 0x00, 0x00, 0x4f, 0xf0, 0x0d, 0xfa, 0x00, 0x00, 0xaf, 0xd0,
    0x06, 0xff, 0xa5, 0x5a, 0xff, 0x60, 0x00, 0x8f, 0xff, 0xff, 0xf8, 0x00, 0x00, 0x02, 0x8b, 0xb8,
    0x20, 0x00, 0x8f, 0xff, 0xff, 0xff, 0xff, 0x8f, 0xff, 0xff, 0xff, 0xff, 0x8f, 0x94, 0x44, 0x4a,
    0xfd, 0x8f, 0x80, 0x00, 0x0e, 0xf7, 0x48, 0x40, 0x00, 0x6f, 0xe1, 0x00, 0x00, 0x00, 0xdf, 0x80,
    0x00, 0x00, 0x06, 0xff, 0x20, 0x00, 0x00, 0x0b, 0xf9, 0x00, 0x00, 0x00, 0x4f, 0xf2, 0x00, 0x00,
    0x00, 0xbf, 0xb0, 0x00, 0x00, 0x03, 0xff, 0x40, 0x00, 0x00, 0x09, 0xfc, 0x00, 0x00, 0x00, 0x2f,
    0xf6, 0x00, 0x00, 0x00, 0x48, 0x80, 0x00, 0x00, 0x00, 0x00, 0x00, 0x00, 0x00, 0x00, 0x00, 0x19,
    0xdf, 0xfe, 0x91, 0x00, 0x01, 0xef, 0xfc, 0xcf, 0xfe, 0x20, 0x08, 0xfe, 0x30, 0x03, 0xdf, 0x90,
    0x0b, 0xf8, 0x00, 0x00, 0x8f, 0xb0, 0x07, 0xfa, 0x00, 0x00, 0xaf, 0x80, 0x00, 0x9f, 0xa6, 0x6a,
    0xfa, 0x10, 0x00, 0x28, 0xff, 0xfe, 0x82, 0x00, 0x03, 0xef, 0xb8, 0x8b, 0xfe, 0x30, 0x0c, 0xf9,
    0x00, 0x00, 0x9f, 0xb0, 0x0f, 0xf4, 0x00, 0x00, 0x4f, 0xf0, 0x0e, 0xf7, 0x00, 0x00, 0x7f, 0xe0,
    0x08, 0xff, 0x84, 0x48, 0xff, 0x80, 0x00, 0x9f, 0xff, 0xff, 0xf9, 0x00, 0x00, 0x04, 0x8b, 0xb8,
    0x40, 0x00, 0x00, 0x00, 0x00, 0x00, 0x00, 0x01, 0x8d, 0xff, 0xd8, 0x10, 0x1c, 0xff, 0xff, 0xff,
    0xc0, 0x8f, 0xf6, 0x00, 0x6f, 0xf8, 0xbf, 0x80, 0x00, 0x08, 0xfb, 0xef, 0x60, 0x00, 0x06, 0xfe,
    0xbf, 0x80, 0x00, 0x08, 0xfb, 0x8f, 0xe6, 0x00, 0x7f, 0xf8, 0x0c, 0xff, 0xff, 0xef, 0xe1, 0x00,
    0x7a, 0xb8, 0xdf, 0x70, 0x00, 0x00, 0x08, 0xfc, 0x00, 0x00, 0x00, 0x4f, 0xf3, 0x00, 0x00, 0x00,
    0xcf, 0x80, 0x00, 0x00, 0x08, 0xfd, 0x10, 0x00, 0x00, 0x08, 0x83, 0x00, 0x00, 0x00, 0x02, 0x88,
    0x20, 0x00, 0x00, 0x04, 0xff, 0x40, 0x00, 0x00, 0x04, 0xff, 0x40, 0x00, 0x28, 0x89, 0xff, 0x98,
    0x82, 0x4f, 0xff, 0xff, 0xff, 0xf4, 0x3b, 0xbc, 0xff, 0xcb, 0xb3, 0x00, 0x04, 0xff, 0x40, 0x00,
    0x00, 0x04, 0xff, 0x40, 0x00, 0x00, 0x03, 0xbb, 0x30, 0x00, 0x88, 0x88, 0x88, 0x88, 0x6f, 0xff,
    0xff, 0xff, 0xfb, 0x88, 0x88, 0x88, 0x88, 0x60, 0x6b, 0xbb, 0xbb, 0xbb, 0xb6, 0x8f, 0xff, 0xff,
    0xff, 0xf8, 0x00, 0x00, 0x00, 0x00, 0x00, 0x00, 0x00, 0x00, 0x00, 0x00, 0x00, 0x00, 0x00, 0x00,
    0x00, 0x6b, 0xbb, 0xbb, 0xbb, 0xb6, 0x8f, 0xff, 0xff, 0xff, 0xf8, 0x24, 0x44, 0x44, 0x44, 0x42,
    0x00, 0x8b, 0x80, 0x4f, 0xf4, 0x0a, 0xfc, 0x01, 0xff, 0x70, 0x6f, 0xf3, 0x09, 0xff, 0x00, 0xbf,
    0xb0, 0x0b, 0xfb, 0x00, 0xbf, 0xb0, 0x0b, 0xfc, 0x00, 0x8f, 0xf1, 0x03, 0xff, 0x60, 0x0d, 0xfb,
    0x00, 0x5f, 0xf3, 0x00, 0xbf, 0x90, 0x00, 0x00, 0x7b, 0x80, 0x02, 0xff, 0x40, 0x0b, 0xfb, 0x00,
    0x6f, 0xf2, 0x02, 0xff, 0x70, 0x0d, 0xfa, 0x00, 0xbf, 0xb0, 0x0b, 0xff, 0x00, 0xbf, 0xe0, 0x0b,
    0xfb, 0x00, 0xff, 0x80, 0x5f, 0xf5, 0x09, 0xfd, 0x02, 0xff, 0x60, 0x9f, 0xc0, 0x00, 0x00, 0x00,
    0x14, 0x40, 0x03, 0x44, 0x00, 0x04, 0xff, 0x1b, 0xff, 0xfd, 0x30, 0x4f, 0xfb, 0xdb, 0xdf, 0xfe,
    0x14, 0xff, 0x90, 0x00, 0x8f, 0xf4, 0x4f, 0xf4, 0x00, 0x04, 0xff, 0x44, 0xff, 0x40, 0x00, 0x4f,
    0xf4, 0x4f, 0xf4, 0x00, 0x04, 0xff, 0x44, 0xff, 0x40, 0x00, 0x4f, 0xf4, 0x4f, 0xf4, 0x00, 0x04,
    0xff, 0x43, 0xbb, 0x30, 0x00, 0x3b, 0xb3, 0x00, 0x17, 0x88, 0x71, 0x00, 0x06, 0xef, 0xff, 0xfe,
    0x60, 0x3f, 0xfd, 0x88, 0xdf, 0xf3, 0x9f, 0xc1, 0x00, 0x1c, 0xf9, 0xef, 0x60, 0x00, 0x06, 0xfe,
    0xff, 0x40, 0x00, 0x04, 0xff, 0xff, 0x40, 0x00, 0x04, 0xff, 0xff, 0x40, 0x00, 0x04, 0xff, 0xff,
    0x40, 0x00, 0x04, 0xff, 0xff, 0x40, 0x00, 0x04, 0xff, 0xcf, 0x80, 0x00, 0x08, 0xfc, 0x8f, 0xf5,
    0x00, 0x5f, 0xf8, 0x0c, 0xff, 0xff, 0xff, 0xc0, 0x01, 0x8e, 0xff, 0xe8, 0x10, 0x00, 0x00, 0x22,
    0x00, 0x00, 0x00, 0x02, 0x88, 0x80, 0x00, 0x00, 0x18, 0xff, 0xff, 0x00, 0x00, 0x3d, 0xff, 0xbf,
    0xf0, 0x00, 0x08, 0xfc, 0x44, 0xff, 0x00, 0x00, 0x77, 0x00, 0x4f, 0xf0, 0x00, 0x00, 0x00, 0x04,
    0xff, 0x00, 0x00, 0x00, 0x00, 0x4f, 0xf0, 0x00, 0x00, 0x00, 0x04, 0xff, 0x00, 0x00, 0x00, 0x00,
    0x4f, 0xf0, 0x00, 0x00, 0x00, 0x04, 0xff, 0x00, 0x00, 0x00, 0x00, 0x4f, 0xf0, 0x00, 0x00, 0x00,
    0x04, 0xff, 0x00, 0x00, 0x8f, 0xff, 0xff, 0xff, 0xff, 0x88, 0xff, 0xff, 0xff, 0xff, 0xf8, 0x00,
    0x06, 0x88, 0x71, 0x00, 0x03, 0xdf, 0xff, 0xfe, 0x50, 0x1d, 0xfd, 0x88, 0xdf, 0xf2, 0x6f, 0xe1,
    0x00, 0x1d, 0xf8, 0x6b, 0x80, 0x00, 0x08, 0xfb, 0x00, 0x00, 0x00, 0x0b, 0xf9, 0x00, 0x00, 0x00,
    0x6f, 0xf2, 0x00, 0x00, 0x08, 0xff, 0x60, 0x00, 0x01, 0x9f, 0xf6, 0x00, 0x00, 0x1c, 0xfe, 0x30,
    0x00, 0x03, 0xef, 0xc2, 0x00, 0x00, 0x2e, 0xfa, 0x10, 0x00, 0x00, 0x4f, 0xff, 0xff, 0xff, 0xfb,
    0x4f, 0xff, 0xff, 0xff, 0xfb, 0x28, 0x88, 0x88, 0x88, 0x84, 0x4f, 0xff, 0xff, 0xff, 0xf8, 0x28,
    0x88, 0x88, 0x8f, 0xf7, 0x00, 0x00, 0x03, 0xcf, 0x80, 0x00, 0x00, 0x6e, 0xe5, 0x00, 0x00, 0x04,
    0xff, 0x92, 0x00, 0x00, 0x04, 0xff, 0xff, 0x80, 0x00, 0x01, 0x44, 0x9f, 0xf5, 0x00, 0x00, 0x00,
    0x0a, 0xfb, 0x44, 0x10, 0x00, 0x05, 0xff, 0xbf, 0x80, 0x00, 0x08, 0xfc, 0x8f, 0xe4, 0x00, 0x4e,
    0xf8, 0x1c, 0xff, 0xee, 0xff, 0xc1, 0x01, 0x9e, 0xff, 0xe9, 0x10, 0x00, 0x00, 0x22, 0x00, 0x00,
    0x00, 0x00, 0x06, 0x87, 0x00, 0x00, 0x00, 0x4f, 0xf4, 0x00, 0x00, 0x01, 0xdf, 0x80, 0x00, 0x00,
    0x09, 0xfd, 0x10, 0x00, 0x00, 0x5f, 0xf4, 0x00, 0x00, 0x01, 0xef, 0x80, 0x06, 0x84, 0x0a, 0xfc,
    0x00, 0x0b, 0xf8, 0x7f, 0xf3, 0x00, 0x0b, 0xf8, 0xbf, 0xa4, 0x44, 0x4c, 0xf8, 0xbf, 0xff, 0xff,
    0xff, 0xf8, 0xbf, 0xff, 0xff, 0xff, 0xf8, 0x00, 0x00, 0x00, 0x0b, 0xf8, 0x00, 0x00, 0x00, 0x0b,
    0xf8, 0x00, 0x00, 0x00, 0x0b, 0xf8, 0x28, 0x88, 0x88, 0x88, 0x84, 0x4f, 0xff, 0xff, 0xff, 0xf8,
    0x4f, 0xf8, 0x88, 0x88, 0x84, 0x4f, 0xf0, 0x00, 0x00, 0x00, 0x4f, 0xf0, 0x00, 0x00, 0x00, 0x4f,
    0xfb, 0xba, 0x83, 0x00, 0x4f, 0xff, 0xff, 0xff, 0x80, 0x14, 0x44, 0x44, 0x9f, 0xf6, 0x00, 0x00,
    0x00, 0x09, 0xfc, 0x34, 0x20, 0x00, 0x05, 0xff, 0xbf, 0x80, 0x00, 0x07, 0xfd, 0x8f, 0xe4, 0x00,
    0x4e, 0xf9, 0x1c, 0xff, 0xfe, 0xff, 0xe1, 0x01, 0x9e, 0xff, 0xf9, 0x10, 0x00, 0x00, 0x12, 0x00,
    0x00, 0x00, 0x00, 0x02, 0x88, 0x10, 0x00, 0x00, 0x00, 0x0b, 0xf9, 0x00, 0x00, 0x00, 0x00, 0x7f,
    0xe1, 0x00, 0x00, 0x00, 0x02, 0xef, 0x50, 0x00, 0x00, 0x00, 0x0b, 0xfa, 0x00, 0x00, 0x00, 0x00,
    0x6f, 0xe7, 0x98, 0x60, 0x00, 0x01, 0xef, 0xef, 0xff, 0xfc, 0x10, 0x08, 0xfe, 0x71, 0x16, 0xef,
    0x80, 0x0d, 0xf8, 0x00, 0x00, 0x8f, 0xe0, 0x0f, 0xf4, 0x00, 0x00, 0x4f, 0xf0, 0x0e, 0xf6, 0x00,
    0x00, 0x6f, 0xe0, 0x09, 0xfe, 0x40, 0x04, 0xef, 0x90, 0x01, 0xef, 0xfe, 0xef, 0xfe, 0x10, 0x00,
    0x19, 0xef, 0xfe, 0x91, 0x00, 0x00, 0x00, 0x02, 0x20, 0x00, 0x00, 0x48, 0x88, 0x88, 0x88, 0x88,
    0x8f, 0xff, 0xff, 0xff, 0xff, 0x8f, 0xb8, 0x88, 0x8a, 0xff, 0x8f, 0x80, 0x00, 0x0b, 0xf9, 0x8f,
    0x80, 0x00, 0x3f, 0xf3, 0x00, 0x00, 0x00, 0x9f, 0xb0, 0x00, 0x00, 0x02, 0xff, 0x40, 0x00, 0x00,
    0x09, 0xfd, 0x00, 0x00, 0x00, 0x1f, 0xf6, 0x00, 0x00, 0x00, 0x8f, 0xd0, 0x00, 0x00, 0x01, 0xef,
    0x80, 0x00, 0x00, 0x07, 0xfe, 0x10, 0x00, 0x00, 0x0d, 0xf8, 0x00, 0x00, 0x00, 0x6f, 0xf2, 0x00,
    0x00, 0x00, 0x00, 0x24, 0x43, 0x00, 0x00, 0x00, 0x4d, 0xff, 0xff, 0xd4, 0x00, 0x03, 0xff, 0xd8,
    0x8d, 0xff, 0x40, 0x08, 0xfc, 0x10, 0x01, 0xbf, 0xa0, 0x0a, 0xf8, 0x00, 0x00, 0x8f, 0xb0, 0x05,
    0xfc, 0x10, 0x01, 0xcf, 0x60, 0x00, 0x6d, 0xd9, 0x9d, 0xd7, 0x00, 0x00, 0x5a, 0xff, 0xfe, 0xa5,
    0x00, 0x06, 0xff, 0x84, 0x48, 0xff, 0x50, 0x0d, 0xf7, 0x00, 0x00, 0x7f, 0xd0, 0x0f, 0xf4, 0x00,
    0x00, 0x4f, 0xf0, 0x0d, 0xf9, 0x00, 0x00, 0x9f, 0xd0, 0x06, 0xff, 0xb8, 0x8b, 0xff, 0x60, 0x00,
    0x6e, 0xff, 0xff, 0xe6, 0x00, 0x00, 0x01, 0x48, 0x84, 0x10, 0x00, 0x00, 0x27, 0x88, 0x71, 0x00,
    0x06, 0xef, 0xff, 0xfe, 0x60, 0x4f, 0xfb, 0x88, 0xbf, 0xf4, 0xaf, 0xb0, 0x00, 0x0b, 0xfa, 0xdf,
    0x70, 0x00, 0x07, 0xfd, 0xcf, 0x70, 0x00, 0x07, 0xfc, 0x9f, 0xc1, 0x00, 0x1c, 0xf9, 0x3f, 0xfd,
    0x88, 0xdf, 0xf4, 0x04, 0xdf, 0xfd, 0xdf, 0xb0, 0x00, 0x02, 0x45, 0xfe, 0x20, 0x00, 0x00, 0x1d,
    0xf8, 0x00, 0x00, 0x00, 0x8f, 0xc0, 0x00, 0x00, 0x04, 0xff, 0x40, 0x00, 0x00, 0x0c, 0xf8, 0x00,
    0x00, 0x00, 0x00, 0x00, 0x00, 0x00, 0x00, 0x8f, 0x80, 0x00, 0x00, 0x08, 0xf8, 0x00, 0x00, 0x00,
    0x8f, 0x80, 0x00, 0xff, 0xff, 0xff, 0xff, 0xbf, 0xff, 0xff, 0xff, 0xfb, 0x00, 0x08, 0xf8, 0x00,
    0x00, 0x00, 0x8f, 0x80, 0x00, 0x00, 0x08, 0xf8, 0x00, 0x00, 0x00, 0x00, 0x00, 0x00, 0x00, 0x00,
    0x00, 0x00, 0x0f, 0xff, 0xff, 0xff, 0xfb, 0xff, 0xff, 0xff, 0xff, 0xb0, 0x00, 0x00, 0x00, 0x00,
    0xbf, 0xff, 0xff, 0xff, 0xbb, 0xff, 0xff, 0xff, 0xfb, 0x00, 0x00, 0x00, 0x00, 0x00, 0x00, 0x00,
    0x00, 0x00, 0xbf, 0xff, 0xff, 0xff, 0xbb, 0xff, 0xff, 0xff, 0xfb, 0x00, 0x24, 0x30, 0x0d, 0xf8,
    0x06, 0xff, 0x10, 0xdf, 0x90, 0x3f, 0xf5, 0x08, 0xff, 0x10, 0xaf, 0xd0, 0x0b, 0xfb, 0x00, 0xbf,
    0xb0, 0x0b, 0xfb, 0x00, 0x9f, 0xe0, 0x06, 0xff, 0x30, 0x1f, 0xf8, 0x00, 0x9f, 0xe0, 0x02, 0xef,
    0x60, 0x05, 0x86, 0x34, 0x20, 0x08, 0xfe, 0x10, 0x1e, 0xf8, 0x00, 0x9f, 0xe0, 0x05, 0xff, 0x50,
    0x0f, 0xf8, 0x00, 0xbf, 0xb0, 0x0b, 0xfd, 0x00, 0xbf, 0xf0, 0x0b, 0xfd, 0x00, 0xdf, 0xb0, 0x2f,
    0xf7, 0x07, 0xff, 0x20, 0xdf, 0xb0, 0x5f, 0xf2, 0x05, 0x85, 0x00, 0x00, 0x59, 0xbb, 0x83, 0x00,
    0x1b, 0xff, 0xff, 0xff, 0x80, 0x7c, 0xe5, 0x01, 0x9f, 0xf3, 0x00, 0x00, 0x00, 0x6f, 0xf4, 0x04,
    0x9b, 0xef, 0xff, 0xf4, 0x8f, 0xfc, 0x88, 0x7f, 0xf4, 0xef, 0x80, 0x00, 0x5f, 0xf4, 0xef, 0xc3,
    0x05, 0xcf, 0xf4, 0x6f, 0xff, 0xff, 0x8f, 0xf4, 0x02, 0x88, 0x83, 0x08, 0x82, 0x00, 0x27, 0xbb,
    0x96, 0x00, 0x00, 0x6e, 0xff, 0xff, 0xfc, 0x10, 0x2f, 0xfa, 0x30, 0x5c, 0xfb, 0x08, 0xfd, 0x00,
    0x00, 0x4f, 0xf3, 0xbf, 0xff, 0xff, 0xff, 0xff, 0x4b, 0xfd, 0x88, 0x88, 0x88, 0x82, 0x8f, 0xe1,
    0x00, 0x01, 0x10, 0x02, 0xef, 0xc6, 0x45, 0xcf, 0xc0, 0x03, 0xdf, 0xff, 0xff, 0xe3, 0x00, 0x00,
    0x58, 0x88, 0x61, 0x00, 0x00, 0x17, 0xab, 0xa7, 0x10, 0x00, 0x6e, 0xff, 0xff, 0xfd, 0x30, 0x2f,
    0xfc, 0x54, 0x6e, 0xfd, 0x18, 0xff, 0x20, 0x00, 0x5f, 0xf6, 0xbf, 0xc0, 0x00, 0x00, 0xff, 0x8b,
    0xfc, 0x00, 0x00, 0x0f, 0xf8, 0x8f, 0xf3, 0x00, 0x06, 0xff, 0x61, 0xef, 0xe7, 0x48, 0xef, 0xc0,
    0x03, 0xdf, 0xff, 0xff, 0xc1, 0x00, 0x00, 0x58, 0x88, 0x50, 0x00, 0x09, 0xba, 0x00, 0x00, 0x8b,
    0xa0, 0x03, 0xff, 0x90, 0x08, 0xff, 0x40, 0x00, 0x8f, 0xf5, 0x4f, 0xf8, 0x00, 0x00, 0x0b, 0xfd,
    0xdf, 0xb0, 0x00, 0x00, 0x01, 0xff, 0xff, 0x20, 0x00, 0x00, 0x06, 0xff, 0xff, 0x50, 0x00, 0x00,
    0x2e, 0xf9, 0x9f, 0xe2, 0x00, 0x00, 0xcf, 0xd1, 0x1e, 0xfc, 0x00, 0x08, 0xfe, 0x30, 0x03, 0xef,
    0x80, 0x18, 0x85, 0x00, 0x00, 0x58, 0x81, 0x00, 0x17, 0xab, 0xa7, 0x10, 0x00, 0x03, 0xef, 0xff,
    0xff, 0xe5, 0x00, 0x0c, 0xff, 0x98, 0x9f, 0xff, 0x40, 0x01, 0xb3, 0x00, 0x03, 0xff, 0xb0, 0x00,
    0x00, 0x00, 0x00, 0x9f, 0xf2, 0x6b, 0xbb, 0xbb, 0xbb, 0xdf, 0xf4, 0x8f, 0xff, 0xff, 0xff, 0xff,
    0xf4, 0x4f, 0xf9, 0x88, 0x88, 0xbf, 0xf3, 0x3f, 0xf8, 0x00, 0x00, 0xcf, 0xe0, 0x0d, 0xfe, 0x30,
    0x08, 0xff, 0x80, 0x04, 0xff, 0xff, 0xff, 0xfc, 0x00, 0x00, 0x5d, 0xff, 0xff, 0x81, 0x00, 0x00,
    0x00, 0x46, 0x52, 0x00, 0x00, 0x28, 0x82, 0x00, 0x00, 0x00, 0x04, 0xff, 0x40, 0x00, 0x00, 0x00,
    0x4f, 0xf4, 0x00, 0x00, 0x00, 0x04, 0xff, 0x44, 0x9b, 0x95, 0x00, 0x4f, 0xf8, 0xff, 0xff, 0xf9,
    0x04, 0xff, 0xe8, 0x47, 0xef, 0xf2, 0x4f, 0xf5, 0x00, 0x05, 0xff, 0x44, 0xff, 0x40, 0x00, 0x4f,
    0xf4, 0x4f, 0xf4, 0x00, 0x04, 0xff, 0x44, 0xff, 0x40, 0x00, 0x4f, 0xf4, 0x4f, 0xf4, 0x00, 0x04,
    0xff, 0x44, 0xff, 0x40, 0x00, 0x4f, 0xf4, 0x28, 0x82, 0x00, 0x02, 0x88, 0x20, 0x28, 0x82, 0x00,
    0x00, 0x00, 0x04, 0xff, 0x40, 0x00, 0x00, 0x00, 0x4f, 0xf4, 0x00, 0x00, 0x00, 0x04, 0xff, 0x40,
    0x01, 0xab, 0xa1, 0x4f, 0xf4, 0x03, 0xcf, 0xd3, 0x04, 0xff, 0x43, 0xef, 0xc1, 0x00, 0x4f, 0xf8,
    0xef, 0xc1, 0x00, 0x04, 0xff, 0xff, 0xf6, 0x00, 0x00, 0x4f, 0xff, 0xef, 0xe3, 0x00, 0x04, 0xff,
    0x73, 0xef, 0xc1, 0x00, 0x4f, 0xf4, 0x05, 0xff, 0xb0, 0x04, 0xff, 0x40, 0x06, 0xff, 0x90, 0x28,
    0x82, 0x00, 0x06, 0x88, 0x10, 0x28, 0x82, 0x4f, 0xf4, 0x4f, 0xf4, 0x4f, 0xf4, 0x4f, 0xf4, 0x4f,
    0xf4, 0x4f, 0xf4, 0x4f, 0xf4, 0x4f, 0xf4, 0x4f, 0xf4, 0x4f, 0xf4, 0x4f, 0xf4, 0x28, 0x82, 0x3b,
    0xb0, 0x5a, 0xb8, 0x10, 0x49, 0xba, 0x40, 0x04, 0xff, 0x7f, 0xff, 0xf8, 0x6f, 0xff, 0xff, 0x60,
    0x4f, 0xfe, 0x64, 0xaf, 0xfe, 0x84, 0x8e, 0xfe, 0x04, 0xff, 0x50, 0x00, 0xdf, 0x90, 0x00, 0x8f,
    0xf0, 0x4f, 0xf4, 0x00, 0x0b, 0xf8, 0x00, 0x08, 0xff, 0x04, 0xff, 0x40, 0x00, 0xbf, 0x80, 0x00,
    0x8f, 0xf0, 0x4f, 0xf4, 0x00, 0x0b, 0xf8, 0x00, 0x08, 0xff, 0x04, 0xff, 0x40, 0x00, 0xbf, 0x80,
    0x00, 0x8f, 0xf0, 0x4f, 0xf4, 0x00, 0x0b, 0xf8, 0x00, 0x08, 0xff, 0x02, 0x88, 0x20, 0x00, 0x68,
    0x40, 0x00, 0x48, 0x80, 0x3b, 0xb0, 0x49, 0xb9, 0x50, 0x04, 0xff, 0x5f, 0xff, 0xff, 0x90, 0x4f,
    0xfd, 0x84, 0x7e, 0xff, 0x24, 0xff, 0x50, 0x00, 0x5f, 0xf4, 0x4f, 0xf4, 0x00, 0x04, 0xff, 0x44,
    0xff, 0x40, 0x00, 0x4f, 0xf4, 0x4f, 0xf4, 0x00, 0x04, 0xff, 0x44, 0xff, 0x40, 0x00, 0x4f, 0xf4,
    0x4f, 0xf4, 0x00, 0x04, 0xff, 0x42, 0x88, 0x20, 0x00, 0x28, 0x82, 0x3b, 0xb3, 0x49, 0xb9, 0x60,
    0x04, 0xff, 0x8f, 0xff, 0xff, 0x90, 0x4f, 0xff, 0x84, 0x5c, 0xff, 0x64, 0xff, 0x80, 0x00, 0x1f,
    0xfb, 0x4f, 0xf4, 0x00, 0x00, 0xbf, 0xb4, 0xff, 0x40, 0x00, 0x0b, 0xfb, 0x4f, 0xf9, 0x00, 0x03,
    0xff, 0xa4, 0xff, 0xfa, 0x88, 0xef, 0xf4, 0x4f, 0xf7, 0xef, 0xff, 0xf6, 0x04, 0xff, 0x42, 0x78,
    0x72, 0x00, 0x4f, 0xf4, 0x00, 0x00, 0x00, 0x04, 0xff, 0x40, 0x00, 0x00, 0x00, 0x3b, 0xb3, 0x00,
    0x00, 0x00, 0x00, 0x00, 0x69, 0xbb, 0x84, 0x00, 0x1c, 0xff, 0xff, 0xff, 0x90, 0x7f, 0xf5, 0x00,
    0x7e, 0xb1, 0x7f, 0xf8, 0x20, 0x00, 0x00, 0x1c, 0xff, 0xff, 0xb8, 0x20, 0x00, 0x69, 0xbf, 0xff,
    0xe3, 0x14, 0x50, 0x00, 0x4f, 0xf8, 0x9f, 0xf8, 0x44, 0x8f, 0xf6, 0x1b, 0xff, 0xff, 0xff, 0x80,
    0x00, 0x38, 0x88, 0x72, 0x00, 0x00, 0xbb, 0x60, 0x00, 0x0f, 0xf8, 0x00, 0x6b, 0xff, 0xdb, 0x68,
    0xff, 0xff, 0xf8, 0x24, 0xff, 0x94, 0x20, 0x0f, 0xf8, 0x00, 0x00, 0xff, 0x80, 0x00, 0x0f, 0xf8,
    0x00, 0x00, 0xff, 0x80, 0x00, 0x0f, 0xfb, 0x82, 0x00, 0x9f, 0xff, 0x80, 0x00, 0x68, 0x85, 0x00,
    0x00, 0x00, 0x14, 0x44, 0x10, 0x00, 0x00, 0x00, 0x00, 0x00, 0x00, 0xbf, 0xf9, 0x00, 0x00, 0x00,
    0x00, 0x00, 0x00, 0x08, 0xff, 0xc1, 0x00, 0x00, 0x00, 0x00, 0x00, 0x00, 0x5f, 0xfe, 0x30, 0x00,
    0x00, 0x00, 0x00, 0x00, 0x03, 0xef, 0xf5, 0x00, 0x00, 0x00, 0x00, 0x00, 0x00, 0x1c, 0xff, 0x80,
    0x00, 0x00, 0x00, 0x00, 0x00, 0x00, 0xaf, 0xfb, 0x00, 0x00, 0x00, 0x00, 0x00, 0x00, 0x07, 0xff,
    0xd5, 0x44, 0x44, 0x44, 0x44, 0x44, 0x42, 0x4f, 0xff, 0xff, 0xff, 0xff, 0xff, 0xff, 0xff, 0xf8,
    0x6f, 0xff, 0xff, 0xff, 0xff, 0xff, 0xff, 0xff, 0xf8, 0x08, 0xff, 0xd8, 0x88, 0x88, 0x88, 0x88,
    0x88, 0x84, 0x00, 0xcf, 0xf8, 0x00, 0x00, 0x00, 0x00, 0x00, 0x00, 0x00, 0x1e, 0xff, 0x50, 0x00,
    0x00, 0x00, 0x00, 0x00, 0x00, 0x04, 0xff, 0xe3, 0x00, 0x00, 0x00, 0x00, 0x00, 0x00, 0x00, 0x7f,
    0xfc, 0x10, 0x00, 0x00, 0x00, 0x00, 0x00, 0x00, 0x09, 0xff, 0xa0, 0x00, 0x00, 0x00, 0x00, 0x00,
    0x00, 0x01, 0xcf, 0xf8, 0x00, 0x00, 0x00, 0x00, 0x00, 0x00, 0x00, 0x38, 0x88, 0x10, 0x00, 0x00,
    0x00, 0x00, 0x00, 0x00, 0x00, 0x00, 0x00, 0x00, 0x00, 0x00, 0x00, 0x00, 0x1c, 0xb1, 0x00, 0x00,
    0x00, 0x00, 0x00, 0x02, 0xcf, 0xfc, 0x10, 0x00, 0x00, 0x00, 0x00, 0x3e, 0xff, 0xff, 0xe3, 0x00,
    0x00, 0x00, 0x05, 0xef, 0xff, 0xff, 0xfe, 0x50, 0x00, 0x00, 0x6f, 0xff, 0x8f, 0xf8, 0xff, 0xf6,
    0x00, 0x09, 0xff, 0xf6, 0x4f, 0xf4, 0x6e, 0xff, 0x90, 0x8f, 0xfe, 0x50, 0x4f, 0xf4, 0x03, 0xef,
    0xf8, 0xbf, 0xe3, 0x00, 0x4f, 0xf4, 0x00, 0x3d, 0xfb, 0xbc, 0x30, 0x00, 0x4f, 0xf4, 0x00, 0x01,
    0xcb, 0x81, 0x00, 0x00, 0x4f, 0xf4, 0x00, 0x00, 0x18, 0x00, 0x00, 0x00, 0x4f, 0xf4, 0x00, 0x00,
    0x00, 0x00, 0x00, 0x00, 0x4f, 0xf4, 0x00, 0x00, 0x00, 0x00, 0x00, 0x00, 0x4f, 0xf4, 0x00, 0x00,
    0x00, 0x00, 0x00, 0x00, 0x4f, 0xf4, 0x00, 0x00, 0x00, 0x00, 0x00, 0x00, 0x4f, 0xf4, 0x00, 0x00,
    0x00, 0x00, 0x00, 0x00, 0x4f, 0xf4, 0x00, 0x00, 0x00, 0x00, 0x00, 0x00, 0x4f, 0xf4, 0x00, 0x00,
    0x00, 0x00, 0x00, 0x00, 0x4f, 0xf4, 0x00, 0x00, 0x00, 0x00, 0x00, 0x00, 0x4f, 0xf4, 0x00, 0x00,
    0x00, 0x00, 0x00, 0x00, 0x4f, 0xf4, 0x00, 0x00, 0x00, 0x00, 0x00, 0x00, 0x4f, 0xf4, 0x00, 0x00,
    0x00, 0x00, 0x00, 0x00, 0x4f, 0xf4, 0x00, 0x00, 0x00, 0x00, 0x00, 0x00, 0x01, 0x44, 0x41, 0x00,
    0x00, 0x00, 0x00, 0x00, 0x00, 0x00, 0x9f, 0xfb, 0x00, 0x00, 0x00, 0x00, 0x00, 0x00, 0x00, 0x1c,
    0xff, 0x80, 0x00, 0x00, 0x00, 0x00, 0x00, 0x00, 0x03, 0xef, 0xf5, 0x00, 0x00, 0x00, 0x00, 0x00,
    0x00, 0x00, 0x5f, 0xfe, 0x30, 0x00, 0x00, 0x00, 0x00, 0x00, 0x00, 0x08, 0xff, 0xc1, 0x00, 0x00,
    0x00, 0x00, 0x00, 0x00, 0x00, 0xbf, 0xfa, 0x00, 0x24, 0x44, 0x44, 0x44, 0x44, 0x44, 0x5d, 0xff,
    0x70, 0x8f, 0xff, 0xff, 0xff, 0xff, 0xff, 0xff, 0xff, 0xf4, 0x8f, 0xff, 0xff, 0xff, 0xff, 0xff,
    0xff, 0xff, 0xf6, 0x48, 0x88, 0x88, 0x88, 0x88, 0x88, 0x8d, 0xff, 0x90, 0x00, 0x00, 0x00, 0x00,
    0x00, 0x00, 0x8f, 0xfc, 0x00, 0x00, 0x00, 0x00, 0x00, 0x00, 0x05, 0xff, 0xe1, 0x00, 0x00, 0x00,
    0x00, 0x00, 0x00, 0x3e, 0xff, 0x40, 0x00, 0x00, 0x00, 0x00, 0x00, 0x01, 0xcf, 0xf7, 0x00, 0x00,
    0x00, 0x00, 0x00, 0x00, 0x0a, 0xff, 0xa0, 0x00, 0x00, 0x00, 0x00, 0x00, 0x00, 0x8f, 0xfc, 0x10,
    0x00, 0x00, 0x00, 0x00, 0x00, 0x01, 0x88, 0x83, 0x00, 0x00, 0x00, 0x00, 0x00, 0x00, 0x4f, 0xf4,
    0x00, 0x00, 0x00, 0x00, 0x00, 0x00, 0x4f, 0xf4, 0x00, 0x00, 0x00, 0x00, 0x00, 0x00, 0x4f, 0xf4,
    0x00, 0x00, 0x00, 0x00, 0x00, 0x00, 0x4f, 0xf4, 0x00, 0x00, 0x00, 0x00, 0x00, 0x00, 0x4f, 0xf4,
    0x00, 0x00, 0x00, 0x00, 0x00, 0x00, 0x4f, 0xf4, 0x00, 0x00, 0x00, 0x00, 0x00, 0x00, 0x4f, 0xf4,
    0x00, 0x00, 0x00, 0x00, 0x00, 0x00, 0x4f, 0xf4, 0x00, 0x00, 0x00, 0x00, 0x00, 0x00, 0x4f, 0xf4,
    0x00, 0x00, 0x00, 0x00, 0x00, 0x00, 0x4f, 0xf4, 0x00, 0x00, 0x00, 0x00, 0x00, 0x00, 0x4f, 0xf4,
    0x00, 0x00, 0x00, 0x00, 0x00, 0x00, 0x4f, 0xf4, 0x00, 0x00, 0x00, 0x71, 0x00, 0x00, 0x4f, 0xf4,
    0x00, 0x00, 0x06, 0xbc, 0x10, 0x00, 0x4f, 0xf4, 0x00, 0x01, 0xbb, 0xbf, 0xc3, 0x00, 0x4f, 0xf4,
    0x00, 0x1c, 0xfb, 0xaf, 0xfe, 0x30, 0x4f, 0xf4, 0x03, 0xdf, 0xfa, 0x09, 0xff, 0xe5, 0x4f, 0xf4,
    0x3e, 0xff, 0x90, 0x00, 0x8f, 0xff, 0x7f, 0xf7, 0xef, 0xf8, 0x00, 0x00, 0x06, 0xff, 0xef, 0xfe,
    0xff, 0x60, 0x00, 0x00, 0x00, 0x5e, 0xff, 0xff, 0xe4, 0x00, 0x00, 0x00, 0x00, 0x03, 0xef, 0xfd,
    0x30, 0x00, 0x00, 0x00, 0x00, 0x00, 0x2c, 0xc1, 0x00, 0x00, 0x00, 0x00, 0x00, 0x00, 0x01, 0x10,
    0x00, 0x00, 0x00, 0x00, 0x00, 0x00, 0x04, 0x44, 0x10, 0x01, 0x44, 0x40, 0x00, 0x00, 0x00, 0x00,
    0x00, 0x00, 0x8f, 0xfc, 0x00, 0x00, 0xcf, 0xf8, 0x00, 0x00, 0x00, 0x00, 0x00, 0x06, 0xff, 0xe2,
    0x00, 0x00, 0x2e, 0xff, 0x60, 0x00, 0x00, 0x00, 0x00, 0x3e, 0xff, 0x50, 0x00, 0x00, 0x05, 0xff,
    0xe3, 0x00, 0x00, 0x00, 0x01, 0xcf, 0xf8, 0x00, 0x00, 0x00, 0x00, 0x8f, 0xfc, 0x10, 0x00, 0x00,
    0x0a, 0xff, 0xb0, 0x00, 0x00, 0x00, 0x00, 0x0b, 0xff, 0xa0, 0x00, 0x00, 0x8f, 0xfd, 0x10, 0x00,
    0x00, 0x00, 0x00, 0x01, 0xdf, 0xf8, 0x00, 0x04, 0xff, 0xe7, 0x44, 0x44, 0x44, 0x44, 0x44, 0x44,
    0x7e, 0xff, 0x40, 0x2e, 0xff, 0xff, 0xff, 0xff, 0xff, 0xff, 0xff, 0xff, 0xff, 0xff, 0xe2, 0x3e,
    0xff, 0xff, 0xff, 0xff, 0xff, 0xff, 0xff, 0xff, 0xff, 0xff, 0xe3, 0x06, 0xff, 0xe8, 0x88, 0x88,
    0x88, 0x88, 0x88, 0x88, 0x8e, 0xff, 0x60, 0x00, 0x9f, 0xfb, 0x00, 0x00, 0x00, 0x00, 0x00, 0x00,
    0xbf, 0xf9, 0x00, 0x00, 0x0c, 0xff, 0x80, 0x00, 0x00, 0x00, 0x00, 0x08, 0xff, 0xc0, 0x00, 0x00,
    0x02, 0xef, 0xf5, 0x00, 0x00, 0x00, 0x00, 0x5f, 0xfe, 0x20, 0x00, 0x00, 0x00, 0x4f, 0xfe, 0x30,
    0x00, 0x00, 0x03, 0xef, 0xf4, 0x00, 0x00, 0x00, 0x00, 0x07, 0xff, 0xc1, 0x00, 0x00, 0x1c, 0xff,
    0x70, 0x00, 0x00, 0x00, 0x00, 0x00, 0xaf, 0xfa, 0x00, 0x00, 0xaf, 0xfa, 0x00, 0x00, 0x00, 0x00,
    0x00, 0x00, 0x18, 0x88, 0x20, 0x02, 0x88, 0x81, 0x00, 0x00, 0x00, 0x00, 0x00, 0x00, 0x09, 0x80,
    0x00, 0x00, 0x00, 0x00, 0x00, 0x01, 0xaf, 0xf9, 0x10, 0x00, 0x00, 0x00, 0x00, 0x1c, 0xff, 0xff,
    0xc1, 0x00, 0x00, 0x00, 0x03, 0xdf, 0xff, 0xff, 0xfd, 0x30, 0x00, 0x00, 0x3e, 0xff, 0xaf, 0xf9,
    0xff, 0xe3, 0x00, 0x06, 0xff, 0xf9, 0x4f, 0xf4, 0x8f, 0xff, 0x60, 0x6f, 0xff, 0x70, 0x4f, 0xf4,
    0x06, 0xff, 0xf7, 0xbf, 0xf6, 0x00, 0x4f, 0xf4, 0x00, 0x5e, 0xfb, 0xbe, 0x40, 0x00, 0x4f, 0xf4,
    0x00, 0x03, 0xeb, 0xa3, 0x00, 0x00, 0x4f, 0xf4, 0x00, 0x00, 0x38, 0x10, 0x00, 0x00, 0x4f, 0xf4,
    0x00, 0x00, 0x00, 0x00, 0x00, 0x00, 0x4f, 0xf4, 0x00, 0x00, 0x00, 0x00, 0x00, 0x00, 0x4f, 0xf4,
    0x00, 0x00, 0x00, 0x00, 0x00, 0x00, 0x4f, 0xf4, 0x00, 0x00, 0x00, 0x00, 0x00, 0x00, 0x4f, 0xf4,
    0x00, 0x00, 0x00, 0x00, 0x00, 0x00, 0x4f, 0xf4, 0x00, 0x00, 0x00, 0x00, 0x00, 0x00, 0x4f, 0xf4,
    0x00, 0x00, 0x00, 0x00, 0x00, 0x00, 0x4f, 0xf4, 0x00, 0x00, 0x00, 0x00, 0x00, 0x00, 0x4f, 0xf4,
    0x00, 0x00, 0x00, 0x00, 0x00, 0x00, 0x4f, 0xf4, 0x00, 0x00, 0x00, 0x00, 0x00, 0x00, 0x4f, 0xf4,
    0x00, 0x00, 0x00, 0x00, 0x00, 0x00, 0x4f, 0xf4, 0x00, 0x00, 0x00, 0x82, 0x00, 0x00, 0x4f, 0xf4,
    0x00, 0x00, 0x18, 0xbe, 0x30, 0x00, 0x4f, 0xf4, 0x00, 0x03, 0xcb, 0xbf, 0xe4, 0x00, 0x4f, 0xf4,
    0x00, 0x3e, 0xfb, 0x8f, 0xff, 0x60, 0x4f, 0xf4, 0x06, 0xef, 0xf8, 0x06, 0xff, 0xf6, 0x4f, 0xf4,
    0x6f, 0xff, 0x70, 0x00, 0x6e, 0xff, 0x8f, 0xf8, 0xff, 0xe6, 0x00, 0x00, 0x03, 0xef, 0xff, 0xff,
    0xfe, 0x30, 0x00, 0x00, 0x00, 0x3c, 0xff, 0xff, 0xc3, 0x00, 0x00, 0x00, 0x00, 0x01, 0xcf, 0xfc,
    0x10, 0x00, 0x00, 0x00, 0x00, 0x00, 0x19, 0x90, 0x00, 0x00, 0x00, 0x00, 0x00, 0x00, 0x00, 0x00,
    0x00, 0x00, 0x00, 0x4f, 0xff, 0xff, 0xff, 0xff, 0xff, 0xc1, 0x00, 0x4f, 0xff, 0xff, 0xff, 0xff,
    0xff, 0xfa, 0x00, 0x4f, 0xff, 0xfb, 0xbb, 0xbb, 0xbb, 0xbb, 0x40, 0x4f, 0xff, 0xfe, 0x30, 0x00,
    0x00, 0x00, 0x00, 0x4f, 0xfd, 0xff, 0xe3, 0x00, 0x00, 0x00, 0x00, 0x4f, 0xf8, 0x9f, 0xfe, 0x30,
    0x00, 0x00, 0x00, 0x4f, 0xf8, 0x09, 0xff, 0xe3, 0x00, 0x00, 0x00, 0x4f, 0xf8, 0x00, 0x9f, 0xfe,
    0x30, 0x00, 0x00, 0x4f, 0xf8, 0x00, 0x09, 0xff, 0xe3, 0x00, 0x00, 0x4f, 0xf8, 0x00, 0x00, 0x9f,
    0xfe, 0x30, 0x00, 0x4f, 0xf8, 0x00, 0x00, 0x09, 0xff, 0xe3, 0x00, 0x4f, 0xf8, 0x00, 0x00, 0x00,
    0x9f, 0xfe, 0x30, 0x08, 0xf8, 0x00, 0x00, 0x00, 0x09, 0xff, 0xe3, 0x00, 0x57, 0x00, 0x00, 0x00,
    0x00, 0x9f, 0xf6, 0x00, 0x00, 0x00, 0x00, 0x00, 0x00, 0x09, 0x60, 0x00, 0x1c, 0xff, 0xff, 0xff,
    0xff, 0xff, 0xf4, 0x01, 0xcf, 0xff, 0xff, 0xff, 0xff, 0xff, 0xf4, 0x08, 0xbb, 0xbb, 0xbb, 0xbb,
    0xbf, 0xff, 0xf4, 0x00, 0x00, 0x00, 0x00, 0x03, 0xef, 0xff, 0xf4, 0x00, 0x00, 0x00, 0x00, 0x3e,
    0xff, 0xdf, 0xf4, 0x00, 0x00, 0x00, 0x03, 0xef, 0xf9, 0x8f, 0xf4, 0x00, 0x00, 0x00, 0x3e, 0xff,
    0x90, 0x8f, 0xf4, 0x00, 0x00, 0x03, 0xef, 0xf9, 0x00, 0x8f, 0xf4, 0x00, 0x00, 0x3e, 0xff, 0x90,
    0x00, 0x8f, 0xf4, 0x00, 0x03, 0xef, 0xf9, 0x00, 0x00, 0x8f, 0xf4, 0x00, 0x3e, 0xff, 0x90, 0x00,
    0x00, 0x8f, 0xf4, 0x03, 0xef, 0xf9, 0x00, 0x00, 0x00, 0x8f, 0xf4, 0x3e, 0xff, 0x90, 0x00, 0x00,
    0x00, 0x8f, 0x90, 0x6f, 0xf9, 0x00, 0x00, 0x00, 0x00, 0x89, 0x00, 0x06, 0x80, 0x00, 0x00, 0x00,
    0x00, 0x30, 0x00, 0x03, 0x80, 0x00, 0x00, 0x00, 0x00, 0x10, 0x00, 0x3e, 0xf9, 0x00, 0x00, 0x00,
    0x00, 0x86, 0x00, 0x3e, 0xff, 0x90, 0x00, 0x00, 0x00, 0x8f, 0x60, 0x03, 0xef, 0xf9, 0x00, 0x00,
    0x00, 0x8f, 0xf3, 0x00, 0x3e, 0xff, 0x90, 0x00, 0x00, 0x8f, 0xf4, 0x00, 0x03, 0xef, 0xf9, 0x00,
    0x00, 0x8f, 0xf4, 0x00, 0x00, 0x3e, 0xff, 0x90, 0x00, 0x8f, 0xf4, 0x00, 0x00, 0x03, 0xef, 0xf9,
    0x00, 0x8f, 0xf4, 0x00, 0x00, 0x00, 0x3e, 0xff, 0x90, 0x8f, 0xf4, 0x00, 0x00, 0x00, 0x03, 0xef,
    0xf9, 0x8f, 0xf4, 0x00, 0x00, 0x00, 0x00, 0x3e, 0xff, 0xdf, 0xf4, 0x00, 0x00, 0x00, 0x00, 0x03,
    0xef, 0xff, 0xf4, 0x05, 0x88, 0x88, 0x88, 0x88, 0x9f, 0xff, 0xf4, 0x01, 0xcf, 0xff, 0xff, 0xff,
    0xff, 0xff, 0xf4, 0x00, 0x1c, 0xff, 0xff, 0xff, 0xff, 0xff, 0xf4, 0x00, 0x01, 0x00, 0x00, 0x00,
    0x00, 0x08, 0x30, 0x00, 0x68, 0x00, 0x00, 0x00, 0x00, 0x9f, 0xe3, 0x06, 0xf8, 0x00, 0x00, 0x00,
    0x09, 0xff, 0xe3, 0x3f, 0xf8, 0x00, 0x00, 0x00, 0x9f, 0xfe, 0x30, 0x4f, 0xf8, 0x00, 0x00, 0x09,
    0xff, 0xe3, 0x00, 0x4f, 0xf8, 0x00, 0x00, 0x9f, 0xfe, 0x30, 0x00, 0x4f, 0xf8, 0x00, 0x09, 0xff,
    0xe3, 0x00, 0x00, 0x4f, 0xf8, 0x00, 0x9f, 0xfe, 0x30, 0x00, 0x00, 0x4f, 0xf8, 0x09, 0xff, 0xe3,
    0x00, 0x00, 0x00, 0x4f, 0xf8, 0x9f, 0xfe, 0x30, 0x00, 0x00, 0x00, 0x4f, 0xfd, 0xff, 0xe3, 0x00,
    0x00, 0x00, 0x00, 0x4f, 0xff, 0xfe, 0x30, 0x00, 0x00, 0x00, 0x00, 0x4f, 0xff, 0xf9, 0x88, 0x88,
    0x88, 0x88, 0x50, 0x4f, 0xff, 0xff, 0xff, 0xff, 0xff, 0xfc, 0x10, 0x4f, 0xff, 0xff, 0xff, 0xff,
    0xff, 0xc1, 0x00, 0x6b, 0xbb, 0xbb, 0xbb, 0xbb, 0xbb, 0xb6, 0x8f, 0xff, 0xff, 0xff, 0xff, 0xff,
    0xf8, 0x6b, 0xbb, 0xbb, 0xbb, 0xbb, 0xbb, 0xb6, 0x00, 0x00, 0x00, 0x00, 0x00, 0x00, 0x00, 0x00,
    0x00, 0x00, 0x00, 0x00, 0x00, 0x00, 0x00, 0x00, 0x00, 0x00, 0x00, 0x00, 0x00, 0x24, 0x44, 0x44,
    0x44, 0x44, 0x44, 0x42, 0x8f, 0xff, 0xff, 0xff, 0xff, 0xff, 0xf8, 0x8f, 0xff, 0xff, 0xff, 0xff,
    0xff, 0xf8, 0x24, 0x44, 0x44, 0x44, 0x44, 0x44, 0x42, 0x00, 0x00, 0x00, 0x00, 0x00, 0x00, 0x00,
    0x00, 0x00, 0x00, 0x00, 0x00, 0x00, 0x00, 0x00, 0x00, 0x00, 0x00, 0x00, 0x00, 0x00, 0x48, 0x88,
    0x88, 0x88, 0x88, 0x88, 0x84, 0x8f, 0xff, 0xff, 0xff, 0xff, 0xff, 0xf8, 0x8f, 0xff, 0xff, 0xff,
    0xff, 0xff, 0xf8, 0x00, 0x00, 0x00, 0x00, 0x00, 0x00, 0x00, 0x00, 0x00, 0x00, 0x00, 0x00, 0x00,
    0x00, 0x00, 0x00, 0x0d, 0x60, 0x00, 0x00, 0x00, 0x00, 0x00, 0x00, 0x00, 0x00, 0xff, 0xd6, 0x00,
    0x00, 0x00, 0x00, 0x00, 0x00, 0x00, 0x0f, 0xff, 0xfc, 0x40, 0x00, 0x00, 0x00, 0x00, 0x00, 0x00,
    0xff, 0xff, 0xff, 0xb4, 0x00, 0x00, 0x00, 0x00, 0x00, 0x0f, 0xff, 0xff, 0xff, 0xfb, 0x40, 0x00,
    0x00, 0x00, 0x00, 0xff, 0xff, 0xff, 0xff, 0xff, 0xb4, 0x00, 0x00, 0x00, 0x0f, 0xff, 0xff, 0xff,
    0xff, 0xff, 0xfb, 0x40, 0x00, 0x00, 0xff, 0xff, 0xff, 0xff, 0xff, 0xff, 0xff, 0xb4, 0x00, 0x0f,
    0xff, 0xff, 0xff, 0xff, 0xff, 0xff, 0xff, 0xfb, 0x40, 0xff, 0xff, 0xff, 0xff, 0xff, 0xff, 0xff,
    0xff, 0xf9, 0x1f, 0xff, 0xff, 0xff, 0xff, 0xff, 0xff, 0xff, 0x92, 0x00, 0xff, 0xff, 0xff, 0xff,
    0xff, 0xff, 0xf9, 0x20, 0x00, 0x0f, 0xff, 0xff, 0xff, 0xff, 0xff, 0x92, 0x00, 0x00, 0x00, 0xff,
    0xff, 0xff, 0xff, 0xf9, 0x20, 0x00, 0x00, 0x00, 0x0f, 0xff, 0xff, 0xff, 0xb2, 0x00, 0x00, 0x00,
    0x00, 0x00, 0xff, 0xff, 0xfb, 0x40, 0x00, 0x00, 0x00, 0x00, 0x00, 0x0f, 0xff, 0xb4, 0x00, 0x00,
    0x00, 0x00, 0x00, 0x00, 0x00, 0xfb, 0x40, 0x00, 0x00, 0x00, 0x00, 0x00, 0x00, 0x00, 0x04, 0x00,
    0x00, 0x00, 0x00, 0x00, 0x00, 0x00, 0x00, 0x00, 0x00, 0x00, 0x00, 0x00, 0x00, 0x00, 0x00, 0x00,
    0x00, 0x0d, 0x60, 0x00, 0x00, 0x00, 0x00, 0x00, 0x00, 0x00, 0x00, 0xff, 0xd6, 0x00, 0x00, 0x00,
    0x00, 0x00, 0x00, 0x00, 0x0f, 0xbd, 0xfc, 0x40, 0x00, 0x00, 0x00, 0x00, 0x00, 0x00, 0xf8, 0x06,
    0xdf, 0xb4, 0x00, 0x00, 0x00, 0x00, 0x00, 0x0f, 0x80, 0x00, 0x6d, 0xfb, 0x40, 0x00, 0x00, 0x00,
    0x00, 0xf8, 0x00, 0x00, 0x06, 0xdf, 0xb4, 0x00, 0x00, 0x00, 0x0f, 0x80, 0x00, 0x00, 0x01, 0x8e,
    0xfb, 0x40, 0x00, 0x00, 0xf8, 0x00, 0x00, 0x00, 0x00, 0x18, 0xef, 0xb4, 0x00, 0x0f, 0x80, 0x00,
    0x00, 0x00, 0x00, 0x01, 0x8e, 0xfb, 0x40, 0xf8, 0x00, 0x00, 0x00, 0x00, 0x00, 0x02, 0xaf, 0xf9,
    0x1f, 0x80, 0x00, 0x00, 0x00, 0x00, 0x18, 0xff, 0x92, 0x00, 0xf8, 0x00, 0x00, 0x00, 0x01, 0x8e,
    0xf9, 0x20, 0x00, 0x0f, 0x80, 0x00, 0x00, 0x18, 0xef, 0x92, 0x00, 0x00, 0x00, 0xf8, 0x00, 0x01,
    0x8e, 0xf9, 0x20, 0x00, 0x00, 0x00, 0x0f, 0x80, 0x18, 0xef, 0xb2, 0x00, 0x00, 0x00, 0x00, 0x00,
    0xf8, 0x8e, 0xfb, 0x40, 0x00, 0x00, 0x00, 0x00, 0x00, 0x0f, 0xff, 0xb4, 0x00, 0x00, 0x00, 0x00,
    0x00, 0x00, 0x00, 0xfb, 0x40, 0x00, 0x00, 0x00, 0x00, 0x00, 0x00, 0x00, 0x04, 0x00, 0x00, 0x00,
    0x00, 0x00, 0x00, 0x00, 0x00, 0x00, 0x00, 0x00, 0x00, 0x00, 0x00, 0x00, 0x00, 0x00, 0x00, 0x00,
    0x00, 0x00, 0x01, 0x7c, 0xff, 0xff, 0xc7, 0x10, 0x00, 0x00, 0x00, 0x00, 0x7e, 0xff, 0xff, 0xff,
    0xff, 0xe7, 0x00, 0x00, 0x00, 0x09, 0xff, 0xff, 0xff, 0xff, 0xff, 0xff, 0x90, 0x00, 0x00, 0x7f,
    0xff, 0xff, 0xff, 0xff, 0xff, 0xff, 0xf7, 0x00, 0x02, 0xff, 0xff, 0xff, 0xff, 0xff, 0xff, 0xff,
    0xff, 0x20, 0x09, 0xff, 0xff, 0xff, 0xff, 0xff, 0xff, 0xff, 0xff, 0x90, 0x0e, 0xff, 0xff, 0xff,
    0xff, 0xff, 0xff, 0xff, 0xff, 0xe0, 0x3f, 0xff, 0xff, 0xff, 0xff, 0xff, 0xff, 0xff, 0xff, 0xf3,
    0x4f, 0xff, 0xff, 0xff, 0xff, 0xff, 0xff, 0xff, 0xff, 0xf4, 0x4f, 0xff, 0xff, 0xff, 0xff, 0xff,
    0xff, 0xff, 0xff, 0xf4, 0x4f, 0xff, 0xff, 0xff, 0xff, 0xff, 0xff, 0xff, 0xff, 0xf4, 0x0f, 0xff,
    0xff, 0xff, 0xff, 0xff, 0xff, 0xff, 0xff, 0xf0, 0x0a, 0xff, 0xff, 0xff, 0xff, 0xff, 0xff, 0xff,
    0xff, 0xa0, 0x06, 0xff, 0xff, 0xff, 0xff, 0xff, 0xff, 0xff, 0xff, 0x60, 0x00, 0xbf, 0xff, 0xff,
    0xff, 0xff, 0xff, 0xff, 0xfb, 0x00, 0x00, 0x1c, 0xff, 0xff, 0xff, 0xff, 0xff, 0xff, 0xc1, 0x00,
    0x00, 0x01, 0xcf, 0xff, 0xff, 0xff, 0xff, 0xfc, 0x10, 0x00, 0x00, 0x00, 0x06, 0xdf, 0xff, 0xff,
    0xfd, 0x60, 0x00, 0x00, 0x00, 0x00, 0x00, 0x03, 0x68, 0x86, 0x30, 0x00, 0x00, 0x00,
};

static const prim_glyph_t ui_font_mono_30_glyphs[] = {
    {32, 0, 0, 0, 0, 0, 18},
    {33, 0, 6, 23, 6, 22, 18},
    {34, 69, 10, 10, 4, 22, 18},
    {35, 119, 16, 22, 1, 22, 18},
    {36, 295, 14, 32, 2, 27, 18},
    {37, 519, 18, 24, 0, 23, 18},
    {38, 735, 19, 24, 0, 23, 18},
    {39, 963, 4, 10, 7, 22, 18},
    {40, 983, 10, 30, 5, 26, 18},
    {41, 1133, 10, 30, 3, 26, 18},
    {42, 1283, 16, 16, 1, 19, 18},
    {43, 1411, 16, 15, 1, 17, 18},
    {44, 1531, 6, 10, 6, 5, 18},
    {45, 1561, 10, 4, 4, 12, 18},
    {46, 1581, 6, 6, 6, 5, 18},
    {47, 1599, 14, 29, 2, 25, 18},
    {48, 1802, 14, 24, 2, 23, 18},
    {49, 1970, 15, 22, 2, 22, 18},
    {50, 2135, 14, 23, 2, 23, 18},
    {51, 2296, 14, 23, 2, 22, 18},
    {52, 2457, 13, 22, 2, 22, 18},
    {53, 2600, 14, 23, 2, 22, 18},
    {54, 2761, 16, 23, 1, 22, 18},
    {55, 2945, 15, 22, 2, 22, 18},
    {56, 3110, 16, 24, 1, 23, 18},
    {57, 3302, 16, 23, 1, 23, 18},
    {58, 3486, 6, 18, 6, 17, 18},
    {59, 3540, 6, 22, 6, 17, 18},
    {60, 3606, 14, 17, 2, 18, 18},
    {61, 3725, 14, 11, 2, 15, 18},
    {62, 3802, 14, 17, 2, 18, 18},
    {63, 3921, 12, 23, 3, 22, 18},
    {64, 4059, 16, 29, 1, 23, 18},
    {65, 4291, 16, 22, 1, 22, 18},
    {66, 4467, 15, 22, 2, 22, 18},
    {67, 4632, 14, 24, 2, 23, 18},
    {68, 4800, 14, 22, 2, 22, 18},
    {69, 4954, 14, 22, 2, 22, 18},
    {70, 5108, 14, 22, 2, 22, 18},
    {71, 5262, 14, 24, 2, 23, 18},
    {72, 5430, 14, 22, 2, 22, 18},
    {73, 5584, 12, 22, 3, 22, 18},
    {74, 5716, 14, 23, 1, 22, 18},
    {75, 5877, 15, 22, 2, 22, 18},
    {76, 6042, 14, 22, 3, 22, 18},
    {77, 6196, 14, 22, 2, 22, 18},
    {78, 6350, 14, 22, 2, 22, 18},
    {79, 6504, 14, 24, 2, 23, 18},
    {80, 6672, 15, 22, 2, 22, 18},
    {81, 6837, 14, 29, 2, 23, 18},
    {82, 7040, 15, 22, 2, 22, 18},
    {83, 7205, 14, 24, 2, 23, 18},
    {84, 7373, 16, 22, 1, 22, 18},
    {85, 7549, 14, 23, 2, 22, 18},
    {86, 7710, 16, 22, 1, 22, 18},
    {87, 7886, 18, 22, 0, 22, 18},
    {88, 8084, 16, 22, 1, 22, 18},
    {89, 8260, 18, 22, 0, 22, 18},
    {90, 8458, 14, 22, 2, 22, 18},
    {91, 8612, 8, 29, 6, 25, 18},
    {92, 8728, 14, 29, 2, 25, 18},
    {93, 8931, 8, 29, 4, 25, 18},
    {94, 9047, 14, 12, 2, 22, 18},
    {95, 9131, 16, 4, 1, 0, 18},
    {96, 9163, 8, 5, 4, 24, 18},
    {97, 9183, 15, 18, 1, 17, 18},
    {98, 9318, 14, 23, 2, 22, 18},
    {99, 9479, 14, 18, 2, 17, 18},
    {100, 9605, 14, 23, 2, 22, 18},
    {101, 9766, 14, 18, 2, 17, 18},
    {102, 9892, 15, 22, 1, 22, 18},
    {103, 10057, 14, 23, 2, 17, 18},
    {104, 10218, 14, 22, 2, 22, 18},
    {105, 10372, 15, 24, 2, 24, 18},
    {106, 10552, 12, 30, 2, 24, 18},
    {107, 10732, 15, 22, 2, 22, 18},
    {108, 10897, 17, 22, 0, 22, 18},
    {109, 11084, 16, 17, 1, 17, 18},
    {110, 11220, 14, 17, 2, 17, 18},
    {111, 11339, 14, 18, 2, 17, 18},
    {112, 11465, 14, 23, 2, 17, 18},
    {113, 11626, 14, 23, 2, 17, 18},
    {114, 11787, 14, 17, 3, 17, 18},
    {115, 11906, 14, 18, 2, 17, 18},
    {116, 12032, 15, 22, 1, 22, 18},
    {117, 12197, 14, 18, 2, 17, 18},
    {118, 12323, 16, 17, 1, 17, 18},
    {119, 12459, 18, 17, 0, 17, 18},
    {120, 12612, 16, 17, 1, 17, 18},
    {121, 12748, 16, 23, 1, 17, 18},
    {122, 12932, 14, 17, 2, 17, 18},
    {123, 13051, 14, 29, 2, 25, 18},
    {124, 13254, 4, 29, 7, 25, 18},
    {125, 13312, 14, 29, 2, 25, 18},
    {126, 13515, 16, 7, 1, 14, 18},
    {160, 13571, 0, 0, 0, 0, 18},
    {161, 13571, 6, 23, 6, 17, 18},
    {162, 13640, 14, 26, 2, 21, 18},
    {163, 13822, 15, 23, 2, 23, 18},
    {164, 13995, 16, 17, 1, 20, 18},
    {165, 14131, 18, 22, 0, 22, 18},
    {166, 14329, 4, 29, 7, 25, 18},
    {167, 14387, 14, 28, 2, 23, 18},
    {168, 14583, 12, 5, 3, 24, 18},
    {169, 14613, 16, 20, 1, 23, 18},
    {170, 14773, 8, 10, 5, 23, 18},
    {171, 14813, 17, 15, 0, 16, 18},
    {172, 14941, 12, 7, 3, 12, 18},
    {173, 14983, 10, 4, 4, 12, 18},
    {174, 15003, 16, 20, 1, 23, 18},
    {175, 15163, 10, 3, 4, 23, 18},
    {176, 15178, 10, 10, 4, 23, 18},
    {177, 15228, 16, 18, 1, 18, 18},
    {178, 15372, 10, 15, 4, 26, 18},
    {179, 15447, 10, 14, 4, 25, 18},
    {180, 15517, 8, 5, 6, 24, 18},
    {181, 15537, 14, 23, 2, 17, 18},
    {182, 15698, 15, 28, 1, 22, 18},
    {183, 15908, 6, 6, 6, 13, 18},
    {184, 15926, 7, 8, 6, 1, 18},
    {185, 15954, 11, 14, 4, 25, 18},
    {186, 16031, 8, 10, 5, 23, 18},
    {187, 16071, 17, 15, 1, 16, 18},
    {188, 16199, 18, 22, 0, 22, 18},
    {189, 16397, 18, 22, 0, 22, 18},
    {190, 16595, 18, 22, 0, 22, 18},
    {191, 16793, 12, 23, 3, 17, 18},
    {192, 16931, 16, 29, 1, 29, 18},
    {193, 17163, 16, 29, 1, 29, 18},
    {194, 17395, 16, 29, 1, 29, 18},
    {195, 17627, 16, 29, 1, 29, 18},
    {196, 17859, 16, 29, 1, 29, 18},
    {197, 18091, 16, 30, 1, 30, 18},
    {198, 18331, 18, 22, 0, 22, 18},
    {199, 18529, 14, 30, 2, 23, 18},
    {200, 18739, 14, 29, 2, 29, 18},
    {201, 18942, 14, 29, 2, 29, 18},
    {202, 19145, 14, 29, 2, 29, 18},
    {203, 19348, 14, 29, 2, 29, 18},
    {204, 19551, 12, 29, 3, 29, 18},
    {205, 19725, 12, 29, 3, 29, 18},
    {206, 19899, 12, 29, 3, 29, 18},
    {207, 20073, 12, 29, 3, 29, 18},
    {208, 20247, 16, 22, 0, 22, 18},
    {209, 20423, 14, 29, 2, 29, 18},
    {210, 20626, 14, 30, 2, 29, 18},
    {211, 20836, 14, 30, 2, 29, 18},
    {212, 21046, 14, 30, 2, 29, 18},
    {213, 21256, 14, 30, 2, 29, 18},
    {214, 21466, 14, 30, 2, 29, 18},
    {215, 21676, 12, 13, 3, 16, 18},
    {216, 21754, 18, 25, 0, 23, 18},
    {217, 21979, 14, 30, 2, 29, 18},
    {218, 22189, 14, 30, 2, 29, 18},
    {219, 22399, 14, 30, 2, 29, 18},
    {220, 22609, 14, 30, 2, 29, 18},
    {221, 22819, 18, 29, 0, 29, 18},
    {222, 23080, 15, 22, 2, 22, 18},
    {223, 23245, 15, 23, 2, 23, 18},
    {224, 23418, 15, 25, 1, 24, 18},
    {225, 23606, 15, 25, 1, 24, 18},
    {226, 23794, 15, 25, 1, 24, 18},
    {227, 23982, 15, 25, 1, 24, 18},
    {228, 24170, 15, 25, 1, 24, 18},
    {229, 24358, 15, 27, 1, 26, 18},
    {230, 24561, 17, 18, 0, 17, 18},
    {231, 24714, 14, 24, 2, 17, 18},
    {232, 24882, 14, 25, 2, 24, 18},
    {233, 25057, 14, 25, 2, 24, 18},
    {234, 25232, 14, 25, 2, 24, 18},
    {235, 25407, 14, 25, 2, 24, 18},
    {236, 25582, 15, 24, 2, 24, 18},
    {237, 25762, 15, 24, 2, 24, 18},
    {238, 25942, 15, 24, 2, 24, 18},
    {239, 26122, 15, 24, 2, 24, 18},
    {240, 26302, 16, 24, 1, 23, 18},
    {241, 26494, 14, 24, 2, 24, 18},
    {242, 26662, 14, 25, 2, 24, 18},
    {243, 26837, 14, 25, 2, 24, 18},
    {244, 27012, 14, 25, 2, 24, 18},
    {245, 27187, 14, 25, 2, 24, 18},
    {246, 27362, 14, 25, 2, 24, 18},
    {247, 27537, 12, 18, 3, 19, 18},
    {248, 27645, 17, 19, 1, 18, 18},
    {249, 27807, 14, 25, 2, 24, 18},
    {250, 27982, 14, 25, 2, 24, 18},
    {251, 28157, 14, 25, 2, 24, 18},
    {252, 28332, 14, 25, 2, 24, 18},
    {253, 28507, 16, 30, 1, 24, 18},
    {254, 28747, 14, 28, 2, 22, 18},
    {255, 28943, 16, 30, 1, 24, 18},
    {256, 29183, 16, 28, 1, 28, 18},
    {257, 29407, 15, 24, 1, 23, 18},
    {258, 29587, 16, 29, 1, 29, 18},
    {259, 29819, 15, 25, 1, 24, 18},
    {260, 30007, 17, 29, 1, 22, 18},
    {261, 30254, 16, 24, 1, 17, 18},
    {262, 30446, 14, 30, 2, 29, 18},
    {263, 30656, 14, 25, 2, 24, 18},
    {264, 30831, 14, 30, 2, 29, 18},
    {265, 31041, 14, 25, 2, 24, 18},
    {266, 31216, 14, 30, 2, 29, 18},
    {267, 31426, 14, 25, 2, 24, 18},
    {268, 31601, 14, 30, 2, 29, 18},
    {269, 31811, 14, 25, 2, 24, 18},
    {270, 31986, 14, 29, 2, 29, 18},
    {271, 32189, 18, 23, 1, 22, 18},
    {272, 32396, 16, 22, 0, 22, 18},
    {273, 32572, 16, 23, 2, 22, 18},
    {274, 32756, 14, 28, 2, 28, 18},
    {275, 32952, 14, 24, 2, 23, 18},
    {276, 33120, 14, 29, 2, 29, 18},
    {277, 33323, 14, 25, 2, 24, 18},
    {278, 33498, 14, 29, 2, 29, 18},
    {279, 33701, 14, 25, 2, 24, 18},
    {280, 33876, 14, 29, 2, 22, 18},
    {281, 34079, 14, 24, 2, 17, 18},
    {282, 34247, 14, 29, 2, 29, 18},
    {283, 34450, 14, 25, 2, 24, 18},
    {284, 34625, 14, 30, 2, 29, 18},
    {285, 34835, 14, 30, 2, 24, 18},
    {286, 35045, 14, 30, 2, 29, 18},
    {287, 35255, 14, 30, 2, 24, 18},
    {288, 35465, 14, 30, 2, 29, 18},
    {289, 35675, 14, 30, 2, 24, 18},
    {290, 35885, 14, 31, 2, 23, 18},
    {291, 36102, 14, 33, 2, 27, 18},
    {292, 36333, 14, 29, 2, 29, 18},
    {293, 36536, 18, 29, -2, 29, 18},
    {294, 36797, 18, 22, 0, 22, 18},
    {295, 36995, 16, 22, 0, 22, 18},
    {296, 37171, 12, 29, 3, 29, 18},
    {297, 37345, 15, 24, 2, 24, 18},
    {298, 37525, 12, 28, 3, 28, 18},
    {299, 37693, 15, 23, 2, 23, 18},
    {300, 37866, 12, 29, 3, 29, 18},
    {301, 38040, 15, 24, 2, 24, 18},
    {302, 38220, 12, 29, 3, 22, 18},
    {303, 38394, 15, 31, 2, 24, 18},
    {304, 38627, 12, 29, 3, 29, 18},
    {305, 38801, 15, 17, 2, 17, 18},
    {306, 38929, 21, 23, 2, 22, 25},
    {307, 39171, 12, 30, 1, 23, 15},
    {308, 39351, 19, 30, 1, 29, 18},
    {309, 39636, 16, 30, 2, 24, 18},
    {310, 39876, 15, 30, 2, 22, 18},
    {311, 40101, 15, 30, 2, 22, 18},
    {312, 40326, 16, 17, 2, 17, 18},
    {313, 40462, 14, 29, 3, 29, 18},
    {314, 40665, 17, 29, 0, 29, 18},
    {315, 40912, 14, 30, 3, 22, 18},
    {316, 41122, 17, 30, 0, 22, 18},
    {317, 41377, 14, 22, 3, 22, 18},
    {318, 41531, 17, 22, 0, 22, 18},
    {319, 41718, 14, 22, 3, 22, 18},
    {320, 41872, 20, 22, 0, 22, 18},
    {321, 42092, 17, 22, 0, 22, 18},
    {322, 42279, 17, 22, 0, 22, 18},
    {323, 42466, 14, 29, 2, 29, 18},
    {324, 42669, 14, 24, 2, 24, 18},
    {325, 42837, 14, 30, 2, 22, 18},
    {326, 43047, 14, 25, 2, 17, 18},
    {327, 43222, 14, 29, 2, 29, 18},
    {328, 43425, 14, 24, 2, 24, 18},
    {329, 43593, 17, 24, -1, 24, 18},
    {330, 43797, 14, 28, 2, 22, 18},
    {331, 43993, 14, 23, 2, 17, 18},
    {332, 44154, 14, 29, 2, 28, 18},
    {333, 44357, 14, 24, 2, 23, 18},
    {334, 44525, 14, 30, 2, 29, 18},
    {335, 44735, 14, 25, 2, 24, 18},
    {336, 44910, 15, 30, 2, 29, 18},
    {337, 45135, 15, 25, 2, 24, 18},
    {338, 45323, 17, 24, 1, 23, 18},
    {339, 45527, 16, 18, 1, 17, 18},
    {340, 45671, 15, 29, 2, 29, 18},
    {341, 45889, 14, 24, 3, 24, 18},
    {342, 46057, 15, 30, 2, 22, 18},
    {343, 46282, 17, 25, 0, 17, 18},
    {344, 46495, 15, 29, 2, 29, 18},
    {345, 46713, 14, 24, 3, 24, 18},
    {346, 46881, 14, 30, 2, 29, 18},
    {347, 47091, 14, 25, 2, 24, 18},
    {348, 47266, 14, 30, 2, 29, 18},
    {349, 47476, 14, 25, 2, 24, 18},
    {350, 47651, 14, 30, 2, 23, 18},
    {351, 47861, 14, 24, 2, 17, 18},
    {352, 48029, 14, 30, 2, 29, 18},
    {353, 48239, 14, 25, 2, 24, 18},
    {354, 48414, 16, 29, 1, 22, 18},
    {355, 48646, 15, 29, 1, 22, 18},
    {356, 48864, 16, 29, 1, 29, 18},
    {357, 49096, 15, 25, 1, 25, 18},
    {358, 49284, 16, 22, 1, 22, 18},
    {359, 49460, 15, 22, 1, 22, 18},
    {360, 49625, 14, 30, 2, 29, 18},
    {361, 49835, 14, 25, 2, 24, 18},
    {362, 50010, 14, 29, 2, 28, 18},
    {363, 50213, 14, 24, 2, 23, 18},
    {364, 50381, 14, 30, 2, 29, 18},
    {365, 50591, 14, 25, 2, 24, 18},
    {366, 50766, 14, 31, 2, 30, 18},
    {367, 50983, 14, 27, 2, 26, 18},
    {368, 51172, 15, 30, 2, 29, 18},
    {369, 51397, 15, 25, 2, 24, 18},
    {370, 51585, 14, 29, 2, 22, 18},
    {371, 51788, 14, 24, 2, 17, 18},
    {372, 51956, 18, 29, 0, 29, 18},
    {373, 52217, 18, 24, 0, 24, 18},
    {374, 52433, 18, 29, 0, 29, 18},
    {375, 52694, 16, 30, 1, 24, 18},
    {376, 52934, 18, 29, 0, 29, 18},
    {377, 53195, 14, 29, 2, 29, 18},
    {378, 53398, 14, 24, 2, 24, 18},
    {379, 53566, 14, 29, 2, 29, 18},
    {380, 53769, 14, 24, 2, 24, 18},
    {381, 53937, 14, 29, 2, 29, 18},
    {382, 54140, 14, 24, 2, 24, 18},
    {383, 54308, 12, 22, 4, 22, 18},
    {913, 54440, 16, 22, 1, 22, 18},
    {914, 54616, 15, 22, 2, 22, 18},
    {915, 54781, 14, 22, 3, 22, 18},
    {916, 54935, 16, 22, 1, 22, 18},
    {917, 55111, 14, 22, 2, 22, 18},
    {918, 55265, 14, 22, 2, 22, 18},
    {919, 55419, 14, 22, 2, 22, 18},
    {920, 55573, 14, 24, 2, 23, 18},
    {921, 55741, 12, 22, 3, 22, 18},
    {922, 55873, 15, 22, 2, 22, 18},
    {923, 56038, 16, 22, 1, 22, 18},
    {924, 56214, 14, 22, 2, 22, 18},
    {925, 56368, 14, 22, 2, 22, 18},
    {926, 56522, 14, 22, 2, 22, 18},
    {927, 56676, 14, 24, 2, 23, 18},
    {928, 56844, 14, 22, 2, 22, 18},
    {929, 56998, 15, 22, 2, 22, 18},
    {931, 57163, 15, 22, 2, 22, 18},
    {932, 57328, 16, 22, 1, 22, 18},
    {933, 57504, 18, 22, 0, 22, 18},
    {934, 57702, 16, 25, 1, 24, 18},
    {935, 57902, 16, 22, 1, 22, 18},
    {936, 58078, 16, 22, 1, 22, 18},
    {937, 58254, 16, 23, 1, 23, 18},
    {938, 58438, 12, 29, 3, 29, 18},
    {939, 58612, 18, 29, 0, 29, 18},
    {940, 58873, 14, 25, 2, 24, 18},
    {941, 59048, 15, 25, 2, 24, 18},
    {942, 59236, 14, 24, 2, 24, 18},
    {943, 59404, 16, 24, 1, 24, 18},
    {944, 59596, 14, 29, 2, 28, 18},
    {945, 59799, 14, 18, 2, 17, 18},
    {946, 59925, 15, 29, 2, 23, 18},
    {947, 60143, 16, 23, 1, 17, 18},
    {948, 60327, 14, 23, 2, 22, 18},
    {949, 60488, 15, 18, 2, 17, 18},
    {950, 60623, 14, 28, 3, 22, 18},
    {951, 60819, 14, 17, 2, 17, 18},
    {952, 60938, 14, 23, 2, 22, 18},
    {953, 61099, 16, 17, 1, 17, 18},
    {954, 61235, 16, 17, 2, 17, 18},
    {955, 61371, 16, 22, 1, 22, 18},
    {956, 61547, 14, 23, 2, 17, 18},
    {957, 61708, 16, 17, 1, 17, 18},
    {958, 61844, 15, 29, 2, 23, 18},
    {959, 62062, 14, 18, 2, 17, 18},
    {960, 62188, 17, 18, 0, 17, 18},
    {961, 62341, 14, 23, 2, 17, 18},
    {962, 62502, 14, 23, 2, 17, 18},
    {963, 62663, 16, 18, 2, 17, 18},
    {964, 62807, 15, 17, 1, 17, 18},
    {965, 62935, 14, 18, 2, 17, 18},
    {966, 63061, 16, 23, 1, 17, 18},
    {967, 63245, 16, 17, 1, 17, 18},
    {968, 63381, 16, 23, 1, 17, 18},
    {969, 63565, 16, 18, 1, 17, 18},
    {8226, 63709, 8, 8, 5, 15, 18},
    {8304, 63741, 10, 15, 4, 26, 18},
    {8305, 63816, 4, 13, 1, 26, 6},
    {8308, 63842, 10, 14, 4, 25, 18},
    {8309, 63912, 10, 14, 4, 25, 18},
    {8310, 63982, 12, 14, 3, 25, 18},
    {8311, 64066, 10, 14, 4, 25, 18},
    {8312, 64136, 12, 15, 3, 26, 18},
    {8313, 64226, 10, 15, 4, 26, 18},
    {8314, 64301, 10, 9, 4, 18, 18},
    {8315, 64346, 9, 3, 2, 20, 13},
    {8316, 64360, 10, 8, 4, 21, 18},
    {8317, 64400, 5, 16, 2, 26, 8},
    {8318, 64440, 5, 16, 1, 26, 8},
    {8319, 64480, 11, 10, 1, 23, 13},
    {8320, 64535, 10, 15, 4, 10, 18},
    {8321, 64610, 11, 14, 4, 10, 18},
    {8322, 64687, 10, 14, 4, 10, 18},
    {8323, 64757, 10, 15, 4, 10, 18},
    {8324, 64832, 10, 14, 4, 10, 18},
    {8325, 64902, 10, 15, 4, 10, 18},
    {8326, 64977, 12, 15, 3, 10, 18},
    {8327, 65067, 10, 14, 4, 10, 18},
    {8328, 65137, 12, 15, 3, 10, 18},
    {8329, 65227, 10, 14, 4, 10, 18},
    {8330, 65297, 9, 10, 2, 6, 13},
    {8331, 65342, 9, 4, 2, 3, 13},
    {8332, 65360, 9, 6, 2, 4, 13},
    {8333, 65387, 5, 16, 2, 9, 8},
    {8334, 65427, 5, 16, 1, 9, 8},
    {8336, 65467, 10, 10, 1, 5, 12},
    {8337, 65517, 11, 10, 1, 5, 13},
    {8338, 65572, 11, 10, 1, 5, 13},
    {8339, 65627, 12, 10, 0, 5, 12},
    {8340, 65687, 12, 13, 1, 6, 14},
    {8341, 65765, 11, 13, 1, 8, 13},
    {8342, 65837, 11, 13, 1, 8, 12},
    {8343, 65909, 4, 13, 1, 8, 6},
    {8344, 65935, 17, 10, 1, 5, 19},
    {8345, 66020, 11, 10, 1, 5, 13},
    {8346, 66075, 11, 13, 1, 5, 13},
    {8347, 66147, 10, 10, 1, 5, 12},
    {8348, 66197, 7, 12, 0, 7, 7},
    {8592, 66239, 18, 18, 0, 19, 18},
    {8593, 66401, 16, 23, 1, 23, 18},
    {8594, 66585, 18, 18, 0, 19, 18},
    {8595, 66747, 16, 23, 1, 22, 18},
    {8596, 66931, 24, 18, -3, 19, 18},
    {8597, 67147, 16, 33, 1, 27, 18},
    {8598, 67411, 16, 15, 1, 22, 18},
    {8599, 67531, 16, 15, 1, 22, 18},
    {8600, 67651, 16, 15, 1, 15, 18},
    {8601, 67771, 16, 15, 1, 15, 18},
    {8801, 67891, 14, 17, 2, 18, 18},
    {9654, 68010, 19, 20, 0, 21, 18},
    {9655, 68200, 19, 20, 0, 21, 18},
    {9679, 68390, 20, 20, -1, 21, 18},
};

const prim_font_t ui_font_mono_30 = {
    .bitmap_data = ui_font_mono_30_bmp,
    .glyphs = ui_font_mono_30_glyphs,
    .glyph_count = 432,
    .line_height = 40,
    .baseline = 31,
    .ascent = 31,
    .descent = 9,
    .bpp = 4,
};
