/* Auto-generated by tools/font_gen/gen_fonts.js. Do not edit. */
#include <prim/text.h>
#include <ui/fonts.h>   /* UI_API extern decl -> correct visibility */

static const uint8_t ui_font_mono_18_bmp[] = {
    0x34, 0x28, 0xf8, 0x8f, 0x78, 0xf4, 0x8f, 0x48, 0xf4, 0x8f, 0x48, 0xf4, 0x8f, 0x48, 0xf4, 0x00,
    0x00, 0x00, 0xcf, 0xac, 0xf8, 0x00, 0x00, 0x24, 0x20, 0x34, 0x18, 0xf8, 0x08, 0xf4, 0x8f, 0x80,
    0x8f, 0x48, 0xf5, 0x08, 0xf4, 0x8f, 0x40, 0x8f, 0x48, 0xf4, 0x08, 0xf4, 0x24, 0x10, 0x24, 0x10,
    0x00, 0x01, 0x41, 0x00, 0x41, 0x00, 0x00, 0x4f, 0x10, 0x2f, 0x40, 0x00, 0x08, 0xd0, 0x05, 0xf0,
    0x00, 0x00, 0x9b, 0x00, 0x8d, 0x00, 0x06, 0x8d, 0xb8, 0x8c, 0xd8, 0x20, 0x8b, 0xfc, 0xbb, 0xfd,
    0xb3, 0x00, 0x3f, 0x30, 0x0f, 0x50, 0x00, 0x06, 0xf0, 0x04, 0xf2, 0x00, 0x00, 0x8c, 0x00, 0x7f,
    0x00, 0x04, 0xff, 0xff, 0xff, 0xff, 0x80, 0x14, 0xe9, 0x44, 0xc9, 0x42, 0x00, 0x1f, 0x40, 0x0e,
    0x70, 0x00, 0x04, 0xf1, 0x02, 0xf4, 0x00, 0x00, 0x7e, 0x00, 0x4f, 0x00, 0x00, 0x00, 0x00, 0xb0,
    0x00, 0x00, 0x00, 0x0f, 0x00, 0x00, 0x00, 0x04, 0xf4, 0x00, 0x00, 0x3d, 0xff, 0xfd, 0x30, 0x1e,
    0xe6, 0xf8, 0xee, 0x16, 0xf7, 0x0f, 0x08, 0xf5, 0x8f, 0x60, 0xf0, 0x24, 0x23, 0xfc, 0x1f, 0x00,
    0x00, 0x0b, 0xfe, 0xf5, 0x00, 0x00, 0x18, 0xef, 0xfd, 0x30, 0x00, 0x00, 0xf9, 0xfe, 0x10, 0x00,
    0x0f, 0x08, 0xf7, 0x68, 0x00, 0xf0, 0x4f, 0x89, 0xf4, 0x0f, 0x07, 0xf7, 0x4f, 0xe8, 0xf8, 0xfe,
    0x10, 0x5d, 0xff, 0xfb, 0x30, 0x00, 0x02, 0xf1, 0x00, 0x00, 0x00, 0x0f, 0x00, 0x00, 0x00, 0x00,
    0x80, 0x00, 0x00, 0x00, 0x42, 0x00, 0x00, 0x03, 0x23, 0xef, 0xf9, 0x00, 0x04, 0xf3, 0xad, 0x17,
    0xf3, 0x01, 0xd8, 0x0b, 0xb0, 0x0f, 0x40, 0x8c, 0x00, 0xbb, 0x02, 0xf4, 0x5e, 0x30, 0x08, 0xe8,
    0xae, 0x2e, 0x70, 0x00, 0x18, 0xba, 0x3a, 0xb0, 0x00, 0x00, 0x00, 0x05, 0xe2, 0x00, 0x00, 0x00,
    0x02, 0xe6, 0x8e, 0xe8, 0x00, 0x00, 0xba, 0x6f, 0x87, 0xf6, 0x00, 0x7e, 0x18, 0xf0, 0x0b, 0x80,
    0x2e, 0x50, 0x8f, 0x00, 0xb8, 0x0c, 0x90, 0x06, 0xf5, 0x5f, 0x78, 0xd1, 0x00, 0x09, 0xff, 0xb1,
    0x00, 0x00, 0x00, 0x00, 0x00, 0x00, 0x00, 0x01, 0x44, 0x10, 0x00, 0x00, 0x00, 0x3e, 0xff, 0xe6,
    0x00, 0x00, 0x00, 0xde, 0x55, 0xcf, 0x20, 0x00, 0x00, 0xfb, 0x00, 0x5f, 0x70, 0x00, 0x00, 0xdd,
    0x00, 0x00, 0x00, 0x00, 0x00, 0x5f, 0x80, 0x00, 0x00, 0x00, 0x01, 0x7e, 0xf6, 0x00, 0x00, 0x00,
    0x1c, 0xfc, 0xde, 0x30, 0x18, 0x70, 0x7f, 0x70, 0x2e, 0xc1, 0xaf, 0x30, 0x8f, 0x40, 0x05, 0xfd,
    0xf6, 0x00, 0x8f, 0x40, 0x00, 0x9f, 0xb0, 0x00, 0x8f, 0x50, 0x03, 0xef, 0xf3, 0x00, 0x2f, 0xe8,
    0x8e, 0xe2, 0xdd, 0x10, 0x06, 0xef, 0xfb, 0x30, 0x3f, 0xb0, 0x00, 0x03, 0x20, 0x00, 0x00, 0x00,
    0x24, 0x28, 0xf6, 0x8f, 0x48, 0xf4, 0x8f, 0x48, 0xf4, 0x24, 0x10, 0x00, 0x00, 0x00, 0x00, 0x04,
    0xbb, 0x00, 0x8f, 0xf8, 0x07, 0xfc, 0x20, 0x1e, 0xe1, 0x00, 0x7f, 0x80, 0x00, 0x9f, 0x30, 0x00,
    0xbf, 0x00, 0x00, 0xbf, 0x00, 0x00, 0xbf, 0x00, 0x00, 0xbf, 0x00, 0x00, 0xbf, 0x00, 0x00, 0x9f,
    0x30, 0x00, 0x7f, 0x70, 0x00, 0x1e, 0xe1, 0x00, 0x08, 0xfc, 0x20, 0x00, 0x9f, 0xf8, 0x00, 0x04,
    0xbb, 0x00, 0x00, 0x01, 0x00, 0x00, 0x00, 0xf9, 0x20, 0x00, 0xaf, 0xf6, 0x00, 0x04, 0xef, 0x40,
    0x00, 0x3f, 0xd0, 0x00, 0x09, 0xf3, 0x00, 0x06, 0xf8, 0x00, 0x04, 0xf8, 0x00, 0x04, 0xf8, 0x00,
    0x04, 0xf8, 0x00, 0x04, 0xf8, 0x00, 0x04, 0xf8, 0x00, 0x06, 0xf8, 0x00, 0x09, 0xf3, 0x00, 0x3f,
    0xd0, 0x03, 0xef, 0x40, 0xaf, 0xf6, 0x00, 0xfa, 0x30, 0x00, 0x10, 0x00, 0x00, 0x00, 0x00, 0x24,
    0x10, 0x00, 0x00, 0x00, 0x08, 0xf4, 0x00, 0x00, 0x00, 0x00, 0x8f, 0x40, 0x00, 0x00, 0x83, 0x06,
    0xf4, 0x05, 0x70, 0x3f, 0xfc, 0x8f, 0x7d, 0xff, 0x00, 0x28, 0xcf, 0xff, 0xb7, 0x10, 0x00, 0x02,
    0xee, 0xc1, 0x00, 0x00, 0x01, 0xce, 0x4f, 0xa0, 0x00, 0x00, 0x8f, 0x60, 0x8f, 0x60, 0x00, 0x0a,
    0xa0, 0x01, 0xc7, 0x00, 0x00, 0x00, 0x00, 0x01, 0x00, 0x00, 0x00, 0x02, 0x41, 0x00, 0x00, 0x00,
    0x8f, 0x40, 0x00, 0x00, 0x08, 0xf4, 0x00, 0x00, 0x00, 0x8f, 0x40, 0x00, 0x8b, 0xbd, 0xfc, 0xbb,
    0x88, 0xbb, 0xdf, 0xcb, 0xb8, 0x00, 0x08, 0xf4, 0x00, 0x00, 0x00, 0x8f, 0x40, 0x00, 0x00, 0x08,
    0xf4, 0x00, 0x00, 0x00, 0x24, 0x10, 0x00, 0x05, 0xb8, 0x08, 0xf8, 0x0b, 0xf4, 0x0d, 0xf1, 0x1f,
    0xc0, 0x4f, 0x80, 0x6b, 0xbb, 0xbb, 0x36, 0xbb, 0xbb, 0xb3, 0x08, 0xb6, 0x1f, 0xfe, 0x0c, 0xfb,
    0x00, 0x30, 0x00, 0x00, 0x00, 0x8f, 0x60, 0x00, 0x00, 0x0d, 0xe0, 0x00, 0x00, 0x05, 0xf9, 0x00,
    0x00, 0x00, 0x9f, 0x30, 0x00, 0x00, 0x1f, 0xd0, 0x00, 0x00, 0x06, 0xf7, 0x00, 0x00, 0x00, 0xcf,
    0x20, 0x00, 0x00, 0x2f, 0xa0, 0x00, 0x00, 0x08, 0xf6, 0x00, 0x00, 0x00, 0xde, 0x00, 0x00, 0x00,
    0x5f, 0x90, 0x00, 0x00, 0x09, 0xf3, 0x00, 0x00, 0x01, 0xfd, 0x00, 0x00, 0x00, 0x6f, 0x70, 0x00,
    0x00, 0x0c, 0xf2, 0x00, 0x00, 0x02, 0xfa, 0x00, 0x00, 0x00, 0x8f, 0x60, 0x00, 0x00, 0x00, 0x00,
    0x04, 0x43, 0x00, 0x00, 0x5e, 0xff, 0xfd, 0x30, 0x2e, 0xe6, 0x48, 0xfd, 0x08, 0xf5, 0x00, 0x08,
    0xf4, 0x8f, 0x10, 0x00, 0x4f, 0x88, 0xf0, 0x00, 0x04, 0xf8, 0x8f, 0x04, 0xa3, 0x4f, 0x88, 0xf0,
    0xaf, 0x84, 0xf8, 0x8f, 0x02, 0x71, 0x4f, 0x88, 0xf0, 0x00, 0x04, 0xf8, 0x8f, 0x10, 0x00, 0x4f,
    0x87, 0xf6, 0x00, 0x09, 0xf4, 0x1e, 0xe8, 0x59, 0xfc, 0x00, 0x3c, 0xff, 0xfb, 0x10, 0x00, 0x02,
    0x41, 0x00, 0x00, 0x00, 0x02, 0x44, 0x00, 0x00, 0x05, 0xef, 0xf0, 0x00, 0x19, 0xfd, 0xff, 0x00,
    0x08, 0xfa, 0x1f, 0xf0, 0x00, 0x77, 0x00, 0xff, 0x00, 0x00, 0x00, 0x0f, 0xf0, 0x00, 0x00, 0x00,
    0xff, 0x00, 0x00, 0x00, 0x0f, 0xf0, 0x00, 0x00, 0x00, 0xff, 0x00, 0x00, 0x00, 0x0f, 0xf0, 0x00,
    0x00, 0x00, 0xff, 0x00, 0x00, 0x00, 0x0f, 0xf0, 0x00, 0x48, 0x88, 0xff, 0x88, 0x68, 0xff, 0xff,
    0xff, 0xfb, 0x00, 0x04, 0x43, 0x00, 0x00, 0x5e, 0xff, 0xfc, 0x30, 0x2f, 0xe6, 0x48, 0xfd, 0x08,
    0xf5, 0x00, 0x09, 0xf4, 0x68, 0x10, 0x00, 0x8f, 0x40, 0x00, 0x00, 0x09, 0xf4, 0x00, 0x00, 0x02,
    0xfd, 0x00, 0x00, 0x01, 0xcf, 0x40, 0x00, 0x01, 0xcf, 0x60, 0x00, 0x01, 0xcf, 0x60, 0x00, 0x00,
    0xbf, 0x70, 0x00, 0x00, 0x9f, 0x90, 0x00, 0x00, 0x7f, 0xe8, 0x88, 0x88, 0x48, 0xff, 0xff, 0xff,
    0xf8, 0x24, 0x44, 0x44, 0x44, 0x08, 0xff, 0xff, 0xff, 0xf0, 0x48, 0x88, 0x8a, 0xfc, 0x00, 0x00,
    0x03, 0xec, 0x10, 0x00, 0x03, 0xec, 0x10, 0x00, 0x01, 0xdf, 0x50, 0x00, 0x00, 0x4f, 0xff, 0xb1,
    0x00, 0x01, 0x44, 0x9f, 0xb0, 0x00, 0x00, 0x00, 0xbf, 0x30, 0x00, 0x00, 0x08, 0xf4, 0x68, 0x00,
    0x00, 0x8f, 0x4a, 0xf4, 0x00, 0x0b, 0xf2, 0x4f, 0xe8, 0x8b, 0xfb, 0x00, 0x5d, 0xff, 0xf9, 0x10,
    0x00, 0x02, 0x40, 0x00, 0x00, 0x00, 0x00, 0x04, 0x40, 0x00, 0x00, 0x7f, 0x90, 0x00, 0x01, 0xee,
    0x10, 0x00, 0x0a, 0xf6, 0x00, 0x00, 0x4f, 0xb0, 0x00, 0x01, 0xde, 0x20, 0x00, 0x08, 0xf8, 0x00,
    0x68, 0x3f, 0xc0, 0x00, 0xbf, 0xaf, 0x40, 0x00, 0xbf, 0xbf, 0x88, 0x88, 0xdf, 0xbf, 0xff, 0xff,
    0xff, 0x34, 0x44, 0x44, 0xcf, 0x00, 0x00, 0x00, 0xbf, 0x00, 0x00, 0x00, 0xbf, 0x14, 0x44, 0x44,
    0x43, 0x04, 0xff, 0xff, 0xff, 0xb0, 0x4f, 0xb8, 0x88, 0x86, 0x04, 0xf8, 0x00, 0x00, 0x00, 0x4f,
    0x80, 0x00, 0x00, 0x04, 0xf9, 0x44, 0x30, 0x00, 0x4f, 0xff, 0xff, 0xc3, 0x01, 0x44, 0x45, 0x9f,
    0xd0, 0x00, 0x00, 0x00, 0x9f, 0x40, 0x00, 0x00, 0x08, 0xf4, 0x68, 0x00, 0x00, 0x8f, 0x48, 0xf6,
    0x00, 0x0a, 0xf3, 0x2f, 0xe8, 0x8a, 0xfb, 0x00, 0x4d, 0xff, 0xfa, 0x10, 0x00, 0x02, 0x40, 0x00,
    0x00, 0x00, 0x00, 0x34, 0x10, 0x00, 0x00, 0x1e, 0xd1, 0x00, 0x00, 0x09, 0xf6, 0x00, 0x00, 0x02,
    0xfb, 0x00, 0x00, 0x00, 0xbf, 0x40, 0x00, 0x00, 0x4f, 0x90, 0x00, 0x00, 0x0c, 0xfc, 0xff, 0xb3,
    0x05, 0xfe, 0x64, 0x8f, 0xe1, 0xaf, 0x40, 0x00, 0x7f, 0x7d, 0xf0, 0x00, 0x01, 0xfb, 0xdf, 0x00,
    0x00, 0x2f, 0xa9, 0xf4, 0x00, 0x08, 0xf7, 0x3e, 0xe8, 0x89, 0xfd, 0x10, 0x3c, 0xff, 0xfb, 0x20,
    0x00, 0x01, 0x41, 0x00, 0x00, 0x24, 0x44, 0x44, 0x44, 0x48, 0xff, 0xff, 0xff, 0xff, 0x8f, 0x98,
    0x88, 0x8f, 0xd8, 0xf4, 0x00, 0x07, 0xf8, 0x48, 0x20, 0x00, 0xdf, 0x20, 0x00, 0x00, 0x4f, 0xa0,
    0x00, 0x00, 0x09, 0xf4, 0x00, 0x00, 0x01, 0xfd, 0x00, 0x00, 0x00, 0x8f, 0x70, 0x00, 0x00, 0x0d,
    0xf1, 0x00, 0x00, 0x05, 0xf9, 0x00, 0x00, 0x00, 0xaf, 0x40, 0x00, 0x00, 0x2f, 0xd0, 0x00, 0x00,
    0x08, 0xf6, 0x00, 0x00, 0x00, 0x04, 0x43, 0x00, 0x00, 0x5e, 0xff, 0xfc, 0x30, 0x2e, 0xe6, 0x48,
    0xfd, 0x07, 0xf6, 0x00, 0x09, 0xf4, 0x8f, 0x40, 0x00, 0x8f, 0x43, 0xfa, 0x00, 0x1c, 0xe1, 0x06,
    0xec, 0xbd, 0xd4, 0x00, 0x7d, 0xff, 0xfc, 0x50, 0x5f, 0x91, 0x02, 0xcf, 0x3b, 0xf1, 0x00, 0x04,
    0xf8, 0xbf, 0x00, 0x00, 0x1f, 0xba, 0xf4, 0x00, 0x07, 0xf7, 0x3f, 0xe8, 0x89, 0xfe, 0x10, 0x4d,
    0xff, 0xfb, 0x30, 0x00, 0x02, 0x41, 0x00, 0x00, 0x00, 0x04, 0x43, 0x00, 0x00, 0x5e, 0xff, 0xfd,
    0x30, 0x4f, 0xe6, 0x48, 0xfe, 0x1a, 0xf4, 0x00, 0x07, 0xf7, 0xdf, 0x00, 0x00, 0x1f, 0xbd, 0xf0,
    0x00, 0x02, 0xfa, 0x9f, 0x50, 0x00, 0x8f, 0x72, 0xef, 0x88, 0x9f, 0xe1, 0x03, 0xaf, 0xed, 0xf8,
    0x00, 0x00, 0x01, 0xee, 0x10, 0x00, 0x00, 0x8f, 0x70, 0x00, 0x00, 0x2f, 0xd0, 0x00, 0x00, 0x0b,
    0xf5, 0x00, 0x00, 0x04, 0xfb, 0x00, 0x00, 0x00, 0x00, 0x0c, 0xf9, 0x2f, 0xfe, 0x07, 0xb5, 0x00,
    0x00, 0x00, 0x00, 0x00, 0x00, 0x00, 0x00, 0x05, 0x83, 0x2f, 0xfe, 0x0e, 0xfb, 0x00, 0x40, 0x00,
    0x00, 0x0c, 0xf9, 0x3f, 0xfe, 0x08, 0xb5, 0x00, 0x00, 0x00, 0x00, 0x00, 0x00, 0x00, 0x00, 0x06,
    0xb7, 0x09, 0xf7, 0x0b, 0xf3, 0x0f, 0xe0, 0x3f, 0xb0, 0x5f, 0x80, 0x00, 0x00, 0x00, 0x06, 0x30,
    0x00, 0x00, 0x6d, 0xf4, 0x00, 0x06, 0xdf, 0xd6, 0x00, 0x6d, 0xfb, 0x50, 0x00, 0x8f, 0xb4, 0x00,
    0x00, 0x08, 0xfa, 0x40, 0x00, 0x00, 0x18, 0xef, 0xb4, 0x00, 0x00, 0x01, 0x8e, 0xfb, 0x40, 0x00,
    0x00, 0x18, 0xef, 0x40, 0x00, 0x00, 0x01, 0x83, 0x8f, 0xff, 0xff, 0xff, 0x46, 0xbb, 0xbb, 0xbb,
    0xb3, 0x00, 0x00, 0x00, 0x00, 0x00, 0x00, 0x00, 0x00, 0x00, 0x48, 0x88, 0x88, 0x88, 0x28, 0xff,
    0xff, 0xff, 0xf4, 0x00, 0x00, 0x00, 0x00, 0x00, 0x54, 0x00, 0x00, 0x00, 0x08, 0xfb, 0x40, 0x00,
    0x00, 0x18, 0xef, 0xb4, 0x00, 0x00, 0x01, 0x8e, 0xfb, 0x40, 0x00, 0x00, 0x16, 0xdf, 0x40, 0x00,
    0x00, 0x4a, 0xf4, 0x00, 0x04, 0xbf, 0xd6, 0x00, 0x5b, 0xfd, 0x60, 0x00, 0x8f, 0xd6, 0x00, 0x00,
    0x06, 0x60, 0x00, 0x00, 0x00, 0x34, 0x40, 0x00, 0x0b, 0xff, 0xfc, 0x30, 0x68, 0x89, 0xfe, 0x30,
    0x00, 0x07, 0xf9, 0x00, 0x00, 0x0f, 0xb0, 0x00, 0x02, 0xfb, 0x00, 0x03, 0xcf, 0x60, 0x8f, 0xff,
    0x90, 0x05, 0xf9, 0x30, 0x00, 0x4f, 0x40, 0x00, 0x00, 0x00, 0x00, 0x00, 0x00, 0x00, 0x00, 0x0b,
    0xfa, 0x00, 0x00, 0xbf, 0xa0, 0x00, 0x00, 0x00, 0x00, 0x00, 0x00, 0x00, 0x44, 0x41, 0x00, 0x00,
    0x05, 0xdf, 0xff, 0xf8, 0x00, 0x04, 0xfb, 0x30, 0x28, 0xf7, 0x00, 0xcd, 0x10, 0x00, 0x0b, 0xd0,
    0x2f, 0x80, 0x00, 0x00, 0x8f, 0x14, 0xf4, 0x00, 0x8b, 0x98, 0xf4, 0x4f, 0x40, 0x6f, 0xa8, 0xef,
    0x44, 0xf4, 0x0a, 0xd0, 0x08, 0xf4, 0x4f, 0x40, 0xbb, 0x00, 0x8f, 0x44, 0xf4, 0x0b, 0xb0, 0x08,
    0xf4, 0x4f, 0x40, 0xbc, 0x00, 0x8f, 0x14, 0xf4, 0x06, 0xf7, 0x5d, 0xb0, 0x4f, 0x40, 0x08, 0xef,
    0xb3, 0x01, 0xf8, 0x00, 0x00, 0x00, 0x00, 0x0b, 0xe1, 0x00, 0x00, 0x00, 0x00, 0x3e, 0xd6, 0x44,
    0x30, 0x00, 0x00, 0x3b, 0xff, 0xfb, 0x00, 0x00, 0x00, 0x02, 0x44, 0x30, 0x00, 0x00, 0x00, 0x34,
    0x20, 0x00, 0x00, 0x00, 0xef, 0xb0, 0x00, 0x00, 0x03, 0xfd, 0xf0, 0x00, 0x00, 0x07, 0xf8, 0xf4,
    0x00, 0x00, 0x0a, 0xe2, 0xf8, 0x00, 0x00, 0x0e, 0xa0, 0xdc, 0x00, 0x00, 0x4f, 0x70, 0xaf, 0x10,
    0x00, 0x8f, 0x40, 0x7f, 0x50, 0x00, 0xbf, 0x00, 0x3f, 0x80, 0x00, 0xff, 0xff, 0xff, 0xc0, 0x04,
    0xfb, 0x88, 0x8c, 0xf1, 0x08, 0xf4, 0x00, 0x07, 0xf5, 0x0c, 0xf0, 0x00, 0x03, 0xf8, 0x1f, 0xb0,
    0x00, 0x00, 0xfd, 0x24, 0x44, 0x30, 0x00, 0x08, 0xff, 0xff, 0xfb, 0x20, 0x8f, 0x98, 0x8a, 0xfc,
    0x08, 0xf4, 0x00, 0x0a, 0xf4, 0x8f, 0x40, 0x00, 0x8f, 0x48, 0xf4, 0x00, 0x0b, 0xe1, 0x8f, 0x98,
    0x8d, 0xe5, 0x08, 0xff, 0xff, 0xfb, 0x30, 0x8f, 0x40, 0x02, 0xce, 0x28, 0xf4, 0x00, 0x05, 0xf8,
    0x8f, 0x40, 0x00, 0x4f, 0x88, 0xf4, 0x00, 0x08, 0xf7, 0x8f, 0x98, 0x8b, 0xfe, 0x18, 0xff, 0xff,
    0xe9, 0x20, 0x00, 0x04, 0x44, 0x00, 0x00, 0x3d, 0xff, 0xfd, 0x30, 0x1e, 0xf8, 0x48, 0xee, 0x15,
    0xf8, 0x00, 0x08, 0xf6, 0x8f, 0x50, 0x00, 0x28, 0x48, 0xf4, 0x00, 0x00, 0x00, 0x8f, 0x40, 0x00,
    0x00, 0x08, 0xf4, 0x00, 0x00, 0x00, 0x8f, 0x40, 0x00, 0x00, 0x08, 0xf4, 0x00, 0x00, 0x00, 0x8f,
    0x50, 0x00, 0x3b, 0x64, 0xf9, 0x00, 0x08, 0xf6, 0x0c, 0xf9, 0x88, 0xfd, 0x10, 0x2b, 0xff, 0xfb,
    0x30, 0x00, 0x01, 0x41, 0x00, 0x00, 0x24, 0x44, 0x20, 0x00, 0x08, 0xff, 0xff, 0xe8, 0x00, 0x8f,
    0x98, 0x8b, 0xf8, 0x08, 0xf4, 0x00, 0x0b, 0xf2, 0x8f, 0x40, 0x00, 0x8f, 0x48, 0xf4, 0x00, 0x08,
    0xf4, 0x8f, 0x40, 0x00, 0x8f, 0x48, 0xf4, 0x00, 0x08, 0xf4, 0x8f, 0x40, 0x00, 0x8f, 0x48, 0xf4,
    0x00, 0x08, 0xf4, 0x8f, 0x40, 0x00, 0x8f, 0x48, 0xf4, 0x00, 0x1d, 0xf1, 0x8f, 0x98, 0x8d, 0xf8,
    0x08, 0xff, 0xff, 0xc6, 0x00, 0x14, 0x44, 0x44, 0x44, 0x24, 0xff, 0xff, 0xff, 0xf8, 0x4f, 0xb8,
    0x88, 0x88, 0x44, 0xf8, 0x00, 0x00, 0x00, 0x4f, 0x80, 0x00, 0x00, 0x04, 0xf8, 0x00, 0x00, 0x00,
    0x4f, 0xdb, 0xbb, 0xb8, 0x04, 0xff, 0xff, 0xff, 0xb0, 0x4f, 0x80, 0x00, 0x00, 0x04, 0xf8, 0x00,
    0x00, 0x00, 0x4f, 0x80, 0x00, 0x00, 0x04, 0xf8, 0x00, 0x00, 0x00, 0x4f, 0xb8, 0x88, 0x88, 0x44,
    0xff, 0xff, 0xff, 0xf8, 0x14, 0x44, 0x44, 0x44, 0x24, 0xff, 0xff, 0xff, 0xf8, 0x4f, 0xb8, 0x88,
    0x88, 0x44, 0xf8, 0x00, 0x00, 0x00, 0x4f, 0x80, 0x00, 0x00, 0x04, 0xf8, 0x00, 0x00, 0x00, 0x4f,
    0x94, 0x44, 0x44, 0x04, 0xff, 0xff, 0xff, 0xf0, 0x4f, 0x94, 0x44, 0x44, 0x04, 0xf8, 0x00, 0x00,
    0x00, 0x4f, 0x80, 0x00, 0x00, 0x04, 0xf8, 0x00, 0x00, 0x00, 0x4f, 0x80, 0x00, 0x00, 0x04, 0xf8,
    0x00, 0x00, 0x00, 0x00, 0x04, 0x44, 0x00, 0x00, 0x3d, 0xff, 0xfd, 0x30, 0x1e, 0xe8, 0x48, 0xfe,
    0x16, 0xf8, 0x00, 0x08, 0xf5, 0x8f, 0x40, 0x00, 0x38, 0x48, 0xf4, 0x00, 0x00, 0x00, 0x8f, 0x40,
    0x00, 0x00, 0x08, 0xf4, 0x0f, 0xff, 0xf8, 0x8f, 0x40, 0xbb, 0xcf, 0x88, 0xf4, 0x00, 0x04, 0xf8,
    0x8f, 0x40, 0x00, 0x6f, 0x86, 0xf8, 0x00, 0x09, 0xf4, 0x1d, 0xf8, 0x89, 0xfc, 0x00, 0x3b, 0xff,
    0xfb, 0x10, 0x00, 0x01, 0x41, 0x00, 0x00, 0x24, 0x20, 0x00, 0x24, 0x18, 0xf8, 0x00, 0x08, 0xf4,
    0x8f, 0x80, 0x00, 0x8f, 0x48, 0xf8, 0x00, 0x08, 0xf4, 0x8f, 0x80, 0x00, 0x8f, 0x48, 0xf8, 0x00,
    0x08, 0xf4, 0x8f, 0xb8, 0x88, 0xbf, 0x48, 0xff, 0xff, 0xff, 0xf4, 0x8f, 0x80, 0x00, 0x8f, 0x48,
    0xf8, 0x00, 0x08, 0xf4, 0x8f, 0x80, 0x00, 0x8f, 0x48, 0xf8, 0x00, 0x08, 0xf4, 0x8f, 0x80, 0x00,
    0x8f, 0x48, 0xf8, 0x00, 0x08, 0xf4, 0x14, 0x44, 0x44, 0x44, 0x4f, 0xff, 0xff, 0xff, 0x28, 0x8b,
    0xf9, 0x88, 0x00, 0x08, 0xf4, 0x00, 0x00, 0x08, 0xf4, 0x00, 0x00, 0x08, 0xf4, 0x00, 0x00, 0x08,
    0xf4, 0x00, 0x00, 0x08, 0xf4, 0x00, 0x00, 0x08, 0xf4, 0x00, 0x00, 0x08, 0xf4, 0x00, 0x00, 0x08,
    0xf4, 0x00, 0x00, 0x08, 0xf4, 0x00, 0x28, 0x8b, 0xf9, 0x88, 0x4f, 0xff, 0xff, 0xff, 0x00, 0x00,
    0x00, 0x03, 0x40, 0x00, 0x00, 0x00, 0xbf, 0x00, 0x00, 0x00, 0x0b, 0xf0, 0x00, 0x00, 0x00, 0xbf,
    0x00, 0x00, 0x00, 0x0b, 0xf0, 0x00, 0x00, 0x00, 0xbf, 0x00, 0x00, 0x00, 0x0b, 0xf0, 0x00, 0x00,
    0x00, 0xbf, 0x00, 0x00, 0x00, 0x0b, 0xf0, 0x00, 0x00, 0x00, 0xbf, 0x3b, 0x60, 0x00, 0x0b, 0xf2,
    0xfc, 0x00, 0x02, 0xfc, 0x09, 0xfb, 0x88, 0xdf, 0x50, 0x18, 0xff, 0xfe, 0x60, 0x00, 0x00, 0x43,
    0x00, 0x00, 0x24, 0x10, 0x00, 0x04, 0x40, 0x8f, 0x40, 0x00, 0x4f, 0x90, 0x8f, 0x40, 0x00, 0xdf,
    0x20, 0x8f, 0x40, 0x06, 0xf9, 0x00, 0x8f, 0x40, 0x0d, 0xf2, 0x00, 0x8f, 0x40, 0x6f, 0x90, 0x00,
    0x8f, 0x98, 0xdf, 0x20, 0x00, 0x8f, 0xff, 0xfd, 0x00, 0x00, 0x8f, 0x40, 0x9f, 0x60, 0x00, 0x8f,
    0x40, 0x2f, 0xd0, 0x00, 0x8f, 0x40, 0x09, 0xf6, 0x00, 0x8f, 0x40, 0x02, 0xfd, 0x00, 0x8f, 0x40,
    0x00, 0x9f, 0x60, 0x8f, 0x40, 0x00, 0x2f, 0xd0, 0x34, 0x00, 0x00, 0x00, 0xbf, 0x00, 0x00, 0x00,
    0xbf, 0x00, 0x00, 0x00, 0xbf, 0x00, 0x00, 0x00, 0xbf, 0x00, 0x00, 0x00, 0xbf, 0x00, 0x00, 0x00,
    0xbf, 0x00, 0x00, 0x00, 0xbf, 0x00, 0x00, 0x00, 0xbf, 0x00, 0x00, 0x00, 0xbf, 0x00, 0x00, 0x00,
    0xbf, 0x00, 0x00, 0x00, 0xbf, 0x00, 0x00, 0x00, 0xbf, 0x88, 0x88, 0x88, 0xbf, 0xff, 0xff, 0xff,
    0x34, 0x30, 0x00, 0x44, 0x2b, 0xfe, 0x00, 0x2f, 0xe8, 0xbd, 0xf3, 0x07, 0xcf, 0x8b, 0xbc, 0x80,
    0xa8, 0xf8, 0xbb, 0x8c, 0x1f, 0x3f, 0x8b, 0xe3, 0xf6, 0xe0, 0xf8, 0xbf, 0x0e, 0xd9, 0x0f, 0x8b,
    0xf0, 0x9f, 0x50, 0xf8, 0xbf, 0x02, 0x40, 0x0f, 0x8b, 0xf0, 0x00, 0x00, 0xf8, 0xbf, 0x00, 0x00,
    0x0f, 0x8b, 0xf0, 0x00, 0x00, 0xf8, 0xbf, 0x00, 0x00, 0x0f, 0x8b, 0xf0, 0x00, 0x00, 0xf8, 0x24,
    0x30, 0x00, 0x24, 0x18, 0xff, 0x10, 0x08, 0xf4, 0x8f, 0xf7, 0x00, 0x8f, 0x48, 0xfa, 0xc0, 0x08,
    0xf4, 0x8f, 0x9f, 0x20, 0x8f, 0x48, 0xf5, 0xf8, 0x08, 0xf4, 0x8f, 0x4a, 0xd0, 0x8f, 0x48, 0xf4,
    0x6f, 0x38, 0xf4, 0x8f, 0x40, 0xe8, 0x8f, 0x48, 0xf4, 0x09, 0xd7, 0xf4, 0x8f, 0x40, 0x5f, 0x8f,
    0x48, 0xf4, 0x00, 0xed, 0xf4, 0x8f, 0x40, 0x08, 0xff, 0x48, 0xf4, 0x00, 0x3f, 0xf4, 0x00, 0x04,
    0x43, 0x00, 0x00, 0x3d, 0xff, 0xfc, 0x30, 0x1e, 0xe6, 0x48, 0xfc, 0x06, 0xf7, 0x00, 0x09, 0xf3,
    0x8f, 0x40, 0x00, 0x8f, 0x48, 0xf4, 0x00, 0x08, 0xf4, 0x8f, 0x40, 0x00, 0x8f, 0x48, 0xf4, 0x00,
    0x08, 0xf4, 0x8f, 0x40, 0x00, 0x8f, 0x48, 0xf4, 0x00, 0x08, 0xf4, 0x8f, 0x40, 0x00, 0x8f, 0x45,
    0xf8, 0x00, 0x0b, 0xf2, 0x0d, 0xf8, 0x8a, 0xfb, 0x00, 0x3b, 0xff, 0xf9, 0x10, 0x00, 0x01, 0x41,
    0x00, 0x00, 0x24, 0x44, 0x41, 0x00, 0x08, 0xff, 0xff, 0xfd, 0x50, 0x8f, 0x98, 0x88, 0xef, 0x58,
    0xf4, 0x00, 0x03, 0xfb, 0x8f, 0x40, 0x00, 0x0f, 0xf8, 0xf4, 0x00, 0x00, 0xfe, 0x8f, 0x40, 0x00,
    0x9f, 0x98, 0xff, 0xff, 0xff, 0xc1, 0x8f, 0xcb, 0xba, 0x71, 0x08, 0xf4, 0x00, 0x00, 0x00, 0x8f,
    0x40, 0x00, 0x00, 0x08, 0xf4, 0x00, 0x00, 0x00, 0x8f, 0x40, 0x00, 0x00, 0x08, 0xf4, 0x00, 0x00,
    0x00, 0x00, 0x04, 0x43, 0x00, 0x00, 0x5e, 0xff, 0xfd, 0x30, 0x2e, 0xe6, 0x48, 0xfd, 0x08, 0xf6,
    0x00, 0x08, 0xf4, 0x8f, 0x40, 0x00, 0x6f, 0x88, 0xf4, 0x00, 0x04, 0xf8, 0x8f, 0x40, 0x00, 0x4f,
    0x88, 0xf4, 0x00, 0x04, 0xf8, 0x8f, 0x40, 0x00, 0x4f, 0x88, 0xf4, 0x00, 0x04, 0xf8, 0x8f, 0x40,
    0x00, 0x6f, 0x87, 0xf7, 0x00, 0x0a, 0xf4, 0x1e, 0xf8, 0x8a, 0xfc, 0x00, 0x3b, 0xff, 0xfc, 0x10,
    0x00, 0x01, 0x5f, 0xd0, 0x00, 0x00, 0x00, 0x8f, 0x80, 0x00, 0x00, 0x01, 0xdf, 0x20, 0x00, 0x00,
    0x02, 0x42, 0x24, 0x44, 0x40, 0x00, 0x08, 0xff, 0xff, 0xfb, 0x30, 0x8f, 0x98, 0x89, 0xfe, 0x28,
    0xf4, 0x00, 0x07, 0xf8, 0x8f, 0x40, 0x00, 0x4f, 0xb8, 0xf4, 0x00, 0x05, 0xf9, 0x8f, 0x40, 0x04,
    0xcf, 0x48, 0xff, 0xff, 0xff, 0x80, 0x8f, 0x98, 0xbf, 0x70, 0x08, 0xf4, 0x02, 0xfb, 0x00, 0x8f,
    0x40, 0x0a, 0xf4, 0x08, 0xf4, 0x00, 0x4f, 0xb0, 0x8f, 0x40, 0x00, 0xbf, 0x28, 0xf4, 0x00, 0x06,
    0xf9, 0x00, 0x04, 0x43, 0x00, 0x00, 0x5e, 0xff, 0xfc, 0x10, 0x2e, 0xe6, 0x48, 0xfc, 0x07, 0xf6,
    0x00, 0x09, 0xf3, 0x8f, 0x50, 0x00, 0x24, 0x13, 0xfc, 0x10, 0x00, 0x00, 0x09, 0xff, 0xb7, 0x20,
    0x00, 0x08, 0xcf, 0xff, 0x60, 0x00, 0x00, 0x26, 0xef, 0x20, 0x00, 0x00, 0x06, 0xf8, 0x8b, 0x00,
    0x00, 0x4f, 0x89, 0xf4, 0x00, 0x07, 0xf7, 0x3f, 0xe8, 0x89, 0xfe, 0x10, 0x4d, 0xff, 0xfb, 0x30,
    0x00, 0x01, 0x41, 0x00, 0x00, 0x04, 0x44, 0x44, 0x44, 0x43, 0x0f, 0xff, 0xff, 0xff, 0xfb, 0x08,
    0x88, 0xbf, 0x98, 0x86, 0x00, 0x00, 0x8f, 0x40, 0x00, 0x00, 0x00, 0x8f, 0x40, 0x00, 0x00, 0x00,
    0x8f, 0x40, 0x00, 0x00, 0x00, 0x8f, 0x40, 0x00, 0x00, 0x00, 0x8f, 0x40, 0x00, 0x00, 0x00, 0x8f,
    0x40, 0x00, 0x00, 0x00, 0x8f, 0x40, 0x00, 0x00, 0x00, 0x8f, 0x40, 0x00, 0x00, 0x00, 0x8f, 0x40,
    0x00, 0x00, 0x00, 0x8f, 0x40, 0x00, 0x00, 0x00, 0x8f, 0x40, 0x00, 0x24, 0x10, 0x00, 0x24, 0x18,
    0xf4, 0x00, 0x08, 0xf4, 0x8f, 0x40, 0x00, 0x8f, 0x48, 0xf4, 0x00, 0x08, 0xf4, 0x8f, 0x40, 0x00,
    0x8f, 0x48, 0xf4, 0x00, 0x08, 0xf4, 0x8f, 0x40, 0x00, 0x8f, 0x48, 0xf4, 0x00, 0x08, 0xf4, 0x8f,
    0x40, 0x00, 0x8f, 0x48, 0xf4, 0x00, 0x08, 0xf4, 0x8f, 0x40, 0x00, 0x8f, 0x45, 0xf8, 0x00, 0x0b,
    0xf2, 0x1d, 0xf8, 0x8a, 0xfb, 0x00, 0x3b, 0xff, 0xfb, 0x10, 0x00, 0x02, 0x41, 0x00, 0x00, 0x14,
    0x30, 0x00, 0x00, 0x34, 0x0f, 0xc0, 0x00, 0x00, 0xfc, 0x0b, 0xf1, 0x00, 0x04, 0xf8, 0x08, 0xf5,
    0x00, 0x08, 0xf5, 0x04, 0xf8, 0x00, 0x0b, 0xf1, 0x00, 0xfc, 0x00, 0x0f, 0xb0, 0x00, 0xbf, 0x10,
    0x3f, 0x80, 0x00, 0x8f, 0x50, 0x7f, 0x40, 0x00, 0x3f, 0x80, 0xaf, 0x00, 0x00, 0x0e, 0xc0, 0xeb,
    0x00, 0x00, 0x0a, 0xf3, 0xf8, 0x00, 0x00, 0x07, 0xf9, 0xf4, 0x00, 0x00, 0x03, 0xfe, 0xf0, 0x00,
    0x00, 0x00, 0xef, 0xa0, 0x00, 0x34, 0x00, 0x24, 0x10, 0x04, 0x28, 0xf0, 0x08, 0xf7, 0x03, 0xf7,
    0x8f, 0x10, 0xae, 0x80, 0x4f, 0x45, 0xf4, 0x0b, 0xba, 0x05, 0xf3, 0x4f, 0x40, 0xf8, 0xb0, 0x8f,
    0x02, 0xf7, 0x0f, 0x5e, 0x08, 0xf0, 0x0f, 0x84, 0xf2, 0xf0, 0xab, 0x00, 0xe8, 0x4b, 0x0f, 0x3b,
    0xb0, 0x0b, 0xb8, 0xb0, 0xe4, 0xc8, 0x00, 0xab, 0x88, 0x0b, 0x7f, 0x80, 0x08, 0xeb, 0x80, 0xa8,
    0xf4, 0x00, 0x8f, 0xb4, 0x08, 0xcf, 0x40, 0x04, 0xff, 0x40, 0x8f, 0xf1, 0x00, 0x4f, 0xf0, 0x04,
    0xff, 0x00, 0x14, 0x40, 0x00, 0x00, 0x44, 0x00, 0xbf, 0x40, 0x00, 0x6f, 0x80, 0x04, 0xfb, 0x00,
    0x0d, 0xe1, 0x00, 0x0a, 0xf4, 0x06, 0xf8, 0x00, 0x00, 0x2f, 0xb0, 0xdd, 0x00, 0x00, 0x00, 0x9f,
    0x9f, 0x60, 0x00, 0x00, 0x01, 0xef, 0xb0, 0x00, 0x00, 0x00, 0x0b, 0xf8, 0x00, 0x00, 0x00, 0x04,
    0xfe, 0xf2, 0x00, 0x00, 0x00, 0xce, 0x5f, 0x90, 0x00, 0x00, 0x6f, 0x80, 0xbf, 0x40, 0x00, 0x1d,
    0xe1, 0x04, 0xfb, 0x00, 0x08, 0xf7, 0x00, 0x0a, 0xf4, 0x01, 0xed, 0x00, 0x00, 0x2f, 0xd0, 0x24,
    0x20, 0x00, 0x00, 0x24, 0x12, 0xfb, 0x00, 0x00, 0x0d, 0xd0, 0x09, 0xf4, 0x00, 0x06, 0xf7, 0x00,
    0x2f, 0xb0, 0x00, 0xde, 0x10, 0x00, 0xaf, 0x20, 0x5f, 0x80, 0x00, 0x04, 0xf9, 0x0b, 0xe1, 0x00,
    0x00, 0x0b, 0xf6, 0xf8, 0x00, 0x00, 0x00, 0x4f, 0xef, 0x20, 0x00, 0x00, 0x00, 0xbf, 0x90, 0x00,
    0x00, 0x00, 0x08, 0xf4, 0x00, 0x00, 0x00, 0x00, 0x8f, 0x40, 0x00, 0x00, 0x00, 0x08, 0xf4, 0x00,
    0x00, 0x00, 0x00, 0x8f, 0x40, 0x00, 0x00, 0x00, 0x08, 0xf4, 0x00, 0x00, 0x24, 0x44, 0x44, 0x44,
    0x08, 0xff, 0xff, 0xff, 0xf0, 0x48, 0x88, 0x88, 0xef, 0x00, 0x00, 0x00, 0x5f, 0x80, 0x00, 0x00,
    0x1d, 0xe1, 0x00, 0x00, 0x08, 0xf6, 0x00, 0x00, 0x02, 0xfc, 0x00, 0x00, 0x00, 0xaf, 0x40, 0x00,
    0x00, 0x4f, 0x90, 0x00, 0x00, 0x0d, 0xe1, 0x00, 0x00, 0x08, 0xf8, 0x00, 0x00, 0x01, 0xed, 0x00,
    0x00, 0x00, 0x8f, 0xa8, 0x88, 0x88, 0x28, 0xff, 0xff, 0xff, 0xf4, 0x8f, 0xff, 0xf4, 0x8f, 0xdb,
    0xb3, 0x8f, 0x80, 0x00, 0x8f, 0x80, 0x00, 0x8f, 0x80, 0x00, 0x8f, 0x80, 0x00, 0x8f, 0x80, 0x00,
    0x8f, 0x80, 0x00, 0x8f, 0x80, 0x00, 0x8f, 0x80, 0x00, 0x8f, 0x80, 0x00, 0x8f, 0x80, 0x00, 0x8f,
    0x80, 0x00, 0x8f, 0x80, 0x00, 0x8f, 0x80, 0x00, 0x8f, 0xb8, 0x82, 0x8f, 0xff, 0xf4, 0x8f, 0x50,
    0x00, 0x00, 0x03, 0xfa, 0x00, 0x00, 0x00, 0x0c, 0xf1, 0x00, 0x00, 0x00, 0x7f, 0x70, 0x00, 0x00,
    0x01, 0xfc, 0x00, 0x00, 0x00, 0x0a, 0xf3, 0x00, 0x00, 0x00, 0x5f, 0x80, 0x00, 0x00, 0x00, 0xde,
    0x00, 0x00, 0x00, 0x08, 0xf6, 0x00, 0x00, 0x00, 0x2f, 0xa0, 0x00, 0x00, 0x00, 0xcf, 0x20, 0x00,
    0x00, 0x06, 0xf7, 0x00, 0x00, 0x00, 0x1f, 0xd0, 0x00, 0x00, 0x00, 0x9f, 0x30, 0x00, 0x00, 0x05,
    0xf9, 0x00, 0x00, 0x00, 0x0d, 0xe0, 0x00, 0x00, 0x00, 0x8f, 0x60, 0x4f, 0xff, 0xf4, 0x3b, 0xbd,
    0xf4, 0x00, 0x08, 0xf4, 0x00, 0x08, 0xf4, 0x00, 0x08, 0xf4, 0x00, 0x08, 0xf4, 0x00, 0x08, 0xf4,
    0x00, 0x08, 0xf4, 0x00, 0x08, 0xf4, 0x00, 0x08, 0xf4, 0x00, 0x08, 0xf4, 0x00, 0x08, 0xf4, 0x00,
    0x08, 0xf4, 0x00, 0x08, 0xf4, 0x00, 0x08, 0xf4, 0x28, 0x8b, 0xf4, 0x4f, 0xff, 0xf4, 0x00, 0x02,
    0x41, 0x00, 0x00, 0x00, 0xbf, 0x80, 0x00, 0x00, 0x2f, 0xbe, 0x10, 0x00, 0x09, 0xd2, 0xf7, 0x00,
    0x02, 0xf8, 0x09, 0xd0, 0x00, 0x8f, 0x10, 0x4f, 0x60, 0x1e, 0x90, 0x00, 0xcc, 0x07, 0xf2, 0x00,
    0x06, 0xf4, 0x88, 0x88, 0x88, 0x88, 0x6f, 0xff, 0xff, 0xff, 0xfb, 0x14, 0x30, 0x00, 0x9f, 0x50,
    0x01, 0xce, 0x20, 0x01, 0x85, 0x00, 0x00, 0x00, 0x00, 0x00, 0x3b, 0xff, 0xf9, 0x10, 0x1e, 0xe8,
    0x89, 0xfb, 0x03, 0xb6, 0x00, 0x0a, 0xf3, 0x00, 0x00, 0x00, 0x8f, 0x40, 0x7d, 0xff, 0xff, 0xf4,
    0x6f, 0xb5, 0x44, 0x9f, 0x4b, 0xf1, 0x00, 0x08, 0xf4, 0xbf, 0x10, 0x00, 0xbf, 0x48, 0xfc, 0x55,
    0xad, 0xf4, 0x19, 0xff, 0xf8, 0x8f, 0x40, 0x01, 0x41, 0x00, 0x00, 0x24, 0x10, 0x00, 0x00, 0x08,
    0xf4, 0x00, 0x00, 0x00, 0x8f, 0x40, 0x00, 0x00, 0x08, 0xf4, 0x00, 0x00, 0x00, 0x8f, 0x5b, 0xff,
    0xb2, 0x08, 0xfb, 0xa8, 0xaf, 0xc0, 0x8f, 0x90, 0x00, 0xaf, 0x38, 0xf6, 0x00, 0x08, 0xf4, 0x8f,
    0x40, 0x00, 0x8f, 0x48, 0xf4, 0x00, 0x08, 0xf4, 0x8f, 0x50, 0x00, 0x8f, 0x48, 0xf9, 0x00, 0x09,
    0xf3, 0x8f, 0xc8, 0x69, 0xfd, 0x08, 0xf5, 0xbf, 0xfd, 0x30, 0x00, 0x00, 0x23, 0x00, 0x00, 0x00,
    0x00, 0x00, 0x00, 0x00, 0x19, 0xff, 0xfa, 0x20, 0x0c, 0xfb, 0x89, 0xfd, 0x15, 0xf9, 0x00, 0x08,
    0xf6, 0x8f, 0x40, 0x00, 0x28, 0x48, 0xf4, 0x00, 0x00, 0x00, 0x8f, 0x40, 0x00, 0x00, 0x08, 0xf4,
    0x00, 0x01, 0x42, 0x5f, 0x80, 0x00, 0x8f, 0x60, 0xdf, 0x98, 0x8f, 0xe1, 0x02, 0xbf, 0xff, 0xb3,
    0x00, 0x00, 0x14, 0x10, 0x00, 0x00, 0x00, 0x00, 0x24, 0x10, 0x00, 0x00, 0x08, 0xf4, 0x00, 0x00,
    0x00, 0x8f, 0x40, 0x00, 0x00, 0x08, 0xf4, 0x03, 0xdf, 0xf8, 0x8f, 0x41, 0xef, 0x98, 0xbd, 0xf4,
    0x6f, 0x80, 0x00, 0xdf, 0x48, 0xf4, 0x00, 0x08, 0xf4, 0x8f, 0x40, 0x00, 0x8f, 0x48, 0xf4, 0x00,
    0x08, 0xf4, 0x8f, 0x40, 0x00, 0x8f, 0x47, 0xf7, 0x00, 0x0c, 0xf4, 0x2e, 0xe8, 0x7a, 0xdf, 0x40,
    0x6e, 0xff, 0x98, 0xf4, 0x00, 0x04, 0x20, 0x00, 0x00, 0x00, 0x00, 0x00, 0x00, 0x00, 0x1a, 0xff,
    0xe8, 0x10, 0x1c, 0xe8, 0x59, 0xfb, 0x06, 0xf7, 0x00, 0x09, 0xf3, 0x8f, 0x40, 0x00, 0x8f, 0x48,
    0xfc, 0xbb, 0xbd, 0xf4, 0x8f, 0x98, 0x88, 0x88, 0x28, 0xf4, 0x00, 0x00, 0x00, 0x6f, 0x70, 0x00,
    0x58, 0x21, 0xee, 0x84, 0x8f, 0xd0, 0x03, 0xbf, 0xff, 0xb2, 0x00, 0x00, 0x14, 0x10, 0x00, 0x00,
    0x00, 0x00, 0x34, 0x42, 0x00, 0x00, 0x6e, 0xff, 0xf8, 0x00, 0x01, 0xfe, 0x88, 0x84, 0x00, 0x04,
    0xf8, 0x00, 0x00, 0x00, 0x04, 0xf8, 0x00, 0x00, 0x08, 0x89, 0xfb, 0x88, 0x84, 0x0f, 0xff, 0xff,
    0xff, 0xf8, 0x00, 0x04, 0xf8, 0x00, 0x00, 0x00, 0x04, 0xf8, 0x00, 0x00, 0x00, 0x04, 0xf8, 0x00,
    0x00, 0x00, 0x04, 0xf8, 0x00, 0x00, 0x00, 0x04, 0xf8, 0x00, 0x00, 0x00, 0x04, 0xf8, 0x00, 0x00,
    0x00, 0x04, 0xf8, 0x00, 0x00, 0x00, 0x00, 0x00, 0x00, 0x00, 0x3d, 0xff, 0x88, 0xf4, 0x1e, 0xf9,
    0x8b, 0xdf, 0x46, 0xf8, 0x00, 0x0d, 0xf4, 0x8f, 0x40, 0x00, 0x8f, 0x48, 0xf4, 0x00, 0x08, 0xf4,
    0x8f, 0x40, 0x00, 0x8f, 0x47, 0xf6, 0x00, 0x0a, 0xf4, 0x2f, 0xe5, 0x48, 0xef, 0x40, 0x6f, 0xff,
    0xc8, 0xf4, 0x00, 0x24, 0x40, 0x8f, 0x40, 0x00, 0x00, 0x09, 0xf3, 0x01, 0x44, 0x48, 0xfd, 0x00,
    0x4f, 0xff, 0xfd, 0x30, 0x01, 0x44, 0x43, 0x00, 0x00, 0x24, 0x10, 0x00, 0x00, 0x08, 0xf4, 0x00,
    0x00, 0x00, 0x8f, 0x40, 0x00, 0x00, 0x08, 0xf4, 0x00, 0x00, 0x00, 0x8f, 0x5b, 0xff, 0xb3, 0x08,
    0xfa, 0x98, 0xaf, 0xc0, 0x8f, 0x90, 0x00, 0xbf, 0x38, 0xf6, 0x00, 0x08, 0xf4, 0x8f, 0x40, 0x00,
    0x8f, 0x48, 0xf4, 0x00, 0x08, 0xf4, 0x8f, 0x40, 0x00, 0x8f, 0x48, 0xf4, 0x00, 0x08, 0xf4, 0x8f,
    0x40, 0x00, 0x8f, 0x48, 0xf4, 0x00, 0x08, 0xf4, 0x00, 0x00, 0x00, 0x00, 0x00, 0x00, 0x05, 0xfc,
    0x00, 0x00, 0x00, 0x09, 0xfe, 0x00, 0x00, 0x00, 0x01, 0x42, 0x00, 0x00, 0x00, 0x00, 0x00, 0x00,
    0x00, 0x4f, 0xff, 0xfb, 0x00, 0x00, 0x3b, 0xbb, 0xfb, 0x00, 0x00, 0x00, 0x00, 0xfb, 0x00, 0x00,
    0x00, 0x00, 0xfb, 0x00, 0x00, 0x00, 0x00, 0xfb, 0x00, 0x00, 0x00, 0x00, 0xfb, 0x00, 0x00, 0x00,
    0x00, 0xfb, 0x00, 0x00, 0x00, 0x00, 0xfb, 0x00, 0x00, 0x48, 0x88, 0xfd, 0x88, 0x80, 0x8f, 0xff,
    0xff, 0xff, 0xf0, 0x00, 0x00, 0x00, 0x00, 0x00, 0x00, 0x4e, 0xd1, 0x00, 0x00, 0x7f, 0xf3, 0x00,
    0x00, 0x04, 0x30, 0x00, 0x00, 0x00, 0x00, 0x8f, 0xff, 0xff, 0xf0, 0x6b, 0xbb, 0xbe, 0xf0, 0x00,
    0x00, 0x0b, 0xf0, 0x00, 0x00, 0x0b, 0xf0, 0x00, 0x00, 0x0b, 0xf0, 0x00, 0x00, 0x0b, 0xf0, 0x00,
    0x00, 0x0b, 0xf0, 0x00, 0x00, 0x0b, 0xf0, 0x00, 0x00, 0x0b, 0xf0, 0x00, 0x00, 0x0c, 0xf0, 0x00,
    0x00, 0x2f, 0xb0, 0x48, 0x88, 0xdf, 0x60, 0x8f, 0xff, 0xe8, 0x00, 0x24, 0x44, 0x00, 0x00, 0x14,
    0x20, 0x00, 0x00, 0x00, 0x4f, 0x80, 0x00, 0x00, 0x00, 0x4f, 0x80, 0x00, 0x00, 0x00, 0x4f, 0x80,
    0x00, 0x00, 0x00, 0x4f, 0x80, 0x00, 0x5f, 0xa0, 0x4f, 0x80, 0x01, 0xee, 0x10, 0x4f, 0x80, 0x0a,
    0xf6, 0x00, 0x4f, 0x80, 0x5f, 0xb0, 0x00, 0x4f, 0xdb, 0xee, 0x20, 0x00, 0x4f, 0xdb, 0xdf, 0x40,
    0x00, 0x4f, 0x80, 0x3f, 0xd1, 0x00, 0x4f, 0x80, 0x08, 0xf8, 0x00, 0x4f, 0x80, 0x01, 0xdf, 0x30,
    0x4f, 0x80, 0x00, 0x4f, 0xc0, 0x24, 0x44, 0x43, 0x00, 0x00, 0x8f, 0xff, 0xfb, 0x00, 0x00, 0x48,
    0x88, 0xfb, 0x00, 0x00, 0x00, 0x00, 0xfb, 0x00, 0x00, 0x00, 0x00, 0xfb, 0x00, 0x00, 0x00, 0x00,
    0xfb, 0x00, 0x00, 0x00, 0x00, 0xfb, 0x00, 0x00, 0x00, 0x00, 0xfb, 0x00, 0x00, 0x00, 0x00, 0xfb,
    0x00, 0x00, 0x00, 0x00, 0xfb, 0x00, 0x00, 0x00, 0x00, 0xfb, 0x00, 0x00, 0x00, 0x00, 0xfc, 0x00,
    0x00, 0x00, 0x00, 0xbf, 0xb8, 0x88, 0x00, 0x00, 0x1a, 0xff, 0xff, 0x00, 0x00, 0x00, 0x00, 0x0f,
    0x9d, 0xf8, 0x8f, 0xd2, 0xfd, 0x5a, 0xf8, 0x6f, 0x9f, 0xb0, 0x4f, 0x10, 0xcb, 0xfb, 0x04, 0xf0,
    0x0b, 0xbf, 0xb0, 0x4f, 0x00, 0xbb, 0xfb, 0x04, 0xf0, 0x0b, 0xbf, 0xb0, 0x4f, 0x00, 0xbb, 0xfb,
    0x04, 0xf0, 0x0b, 0xbf, 0xb0, 0x4f, 0x00, 0xbb, 0xfb, 0x04, 0xf0, 0x0b, 0xb0, 0x00, 0x00, 0x00,
    0x00, 0x08, 0xf5, 0xbf, 0xfb, 0x30, 0x8f, 0xa9, 0x8a, 0xfc, 0x08, 0xf9, 0x00, 0x0b, 0xf3, 0x8f,
    0x60, 0x00, 0x8f, 0x48, 0xf4, 0x00, 0x08, 0xf4, 0x8f, 0x40, 0x00, 0x8f, 0x48, 0xf4, 0x00, 0x08,
    0xf4, 0x8f, 0x40, 0x00, 0x8f, 0x48, 0xf4, 0x00, 0x08, 0xf4, 0x8f, 0x40, 0x00, 0x8f, 0x40, 0x00,
    0x00, 0x00, 0x00, 0x00, 0x19, 0xff, 0xe8, 0x10, 0x1c, 0xfa, 0x8b, 0xfa, 0x06, 0xf8, 0x00, 0x0b,
    0xf3, 0x8f, 0x40, 0x00, 0x8f, 0x48, 0xf4, 0x00, 0x08, 0xf4, 0x8f, 0x40, 0x00, 0x8f, 0x48, 0xf4,
    0x00, 0x08, 0xf4, 0x6f, 0x80, 0x00, 0xaf, 0x31, 0xef, 0x88, 0xaf, 0xb0, 0x03, 0xbf, 0xff, 0x91,
    0x00, 0x00, 0x03, 0x00, 0x00, 0x00, 0x00, 0x00, 0x00, 0x08, 0xf5, 0xaf, 0xfb, 0x20, 0x8f, 0xaa,
    0x8a, 0xfc, 0x08, 0xf9, 0x00, 0x0a, 0xf3, 0x8f, 0x60, 0x00, 0x8f, 0x48, 0xf4, 0x00, 0x08, 0xf4,
    0x8f, 0x40, 0x00, 0x8f, 0x48, 0xf5, 0x00, 0x08, 0xf4, 0x8f, 0x90, 0x00, 0x9f, 0x38, 0xfc, 0x86,
    0x9f, 0xd0, 0x8f, 0x5b, 0xff, 0xd3, 0x08, 0xf4, 0x02, 0x30, 0x00, 0x8f, 0x40, 0x00, 0x00, 0x08,
    0xf4, 0x00, 0x00, 0x00, 0x24, 0x10, 0x00, 0x00, 0x00, 0x00, 0x00, 0x00, 0x00, 0x00, 0x3d, 0xff,
    0x88, 0xf4, 0x1e, 0xf9, 0x8b, 0xcf, 0x46, 0xf8, 0x00, 0x0d, 0xf4, 0x8f, 0x40, 0x00, 0x8f, 0x48,
    0xf4, 0x00, 0x08, 0xf4, 0x8f, 0x40, 0x00, 0x8f, 0x48, 0xf4, 0x00, 0x08, 0xf4, 0x7f, 0x70, 0x00,
    0xcf, 0x42, 0xee, 0x87, 0xad, 0xf4, 0x06, 0xef, 0xf9, 0x8f, 0x40, 0x00, 0x42, 0x08, 0xf4, 0x00,
    0x00, 0x00, 0x8f, 0x40, 0x00, 0x00, 0x08, 0xf4, 0x00, 0x00, 0x00, 0x24, 0x10, 0x00, 0x00, 0x00,
    0x00, 0x00, 0xfb, 0x6e, 0xfe, 0x60, 0x0f, 0xdd, 0x88, 0xef, 0x30, 0xfe, 0x10, 0x06, 0xf8, 0x0f,
    0xb0, 0x00, 0x4f, 0xa0, 0xfb, 0x00, 0x02, 0x86, 0x0f, 0xb0, 0x00, 0x00, 0x00, 0xfb, 0x00, 0x00,
    0x00, 0x0f, 0xb0, 0x00, 0x00, 0x00, 0xfb, 0x00, 0x00, 0x00, 0x0f, 0xb0, 0x00, 0x00, 0x00, 0x00,
    0x00, 0x00, 0x00, 0x00, 0x5d, 0xff, 0xfa, 0x30, 0x2f, 0xe8, 0x88, 0xfd, 0x08, 0xf5, 0x00, 0x05,
    0x82, 0x6f, 0x91, 0x00, 0x00, 0x01, 0xcf, 0xff, 0xb9, 0x20, 0x01, 0x78, 0xbd, 0xfe, 0x10, 0x00,
    0x00, 0x08, 0xf4, 0x6b, 0x30, 0x00, 0x7f, 0x44, 0xfc, 0x64, 0x7e, 0xf2, 0x08, 0xef, 0xff, 0xd5,
    0x00, 0x00, 0x24, 0x10, 0x00, 0x00, 0x06, 0xb6, 0x00, 0x00, 0x00, 0x08, 0xf8, 0x00, 0x00, 0x00,
    0x08, 0xf8, 0x00, 0x00, 0x4f, 0xff, 0xff, 0xff, 0xf8, 0x3b, 0xbd, 0xfd, 0xbb, 0xb6, 0x00, 0x08,
    0xf8, 0x00, 0x00, 0x00, 0x08, 0xf8, 0x00, 0x00, 0x00, 0x08, 0xf8, 0x00, 0x00, 0x00, 0x08, 0xf8,
    0x00, 0x00, 0x00, 0x08, 0xf8, 0x00, 0x00, 0x00, 0x06, 0xf8, 0x00, 0x00, 0x00, 0x02, 0xfe, 0x88,
    0x82, 0x00, 0x00, 0x6d, 0xff, 0xf4, 0x8f, 0x40, 0x00, 0x8f, 0x48, 0xf4, 0x00, 0x08, 0xf4, 0x8f,
    0x40, 0x00, 0x8f, 0x48, 0xf4, 0x00, 0x08, 0xf4, 0x8f, 0x40, 0x00, 0x8f, 0x48, 0xf4, 0x00, 0x08,
    0xf4, 0x8f, 0x40, 0x00, 0x8f, 0x45, 0xf8, 0x00, 0x0b, 0xf2, 0x0d, 0xf8, 0x8a, 0xfb, 0x00, 0x3b,
    0xff, 0xf9, 0x10, 0x00, 0x01, 0x41, 0x00, 0x00, 0x0e, 0xe0, 0x00, 0x02, 0xfc, 0x09, 0xf3, 0x00,
    0x07, 0xf7, 0x05, 0xf8, 0x00, 0x0a, 0xf2, 0x00, 0xed, 0x00, 0x1f, 0xc0, 0x00, 0x9f, 0x30, 0x6f,
    0x70, 0x00, 0x5f, 0x80, 0xaf, 0x10, 0x00, 0x0e, 0xd1, 0xfa, 0x00, 0x00, 0x09, 0xf8, 0xf6, 0x00,
    0x00, 0x05, 0xfe, 0xf1, 0x00, 0x00, 0x00, 0xef, 0xa0, 0x00, 0x8f, 0x00, 0x8f, 0x50, 0x4f, 0x44,
    0xf4, 0x0b, 0xe8, 0x05, 0xf1, 0x2f, 0x50, 0xdb, 0xa0, 0x8e, 0x00, 0xf8, 0x0f, 0x7c, 0x09, 0xb0,
    0x0b, 0x94, 0xf3, 0xf0, 0xb8, 0x00, 0x9b, 0x6b, 0x0f, 0x4f, 0x70, 0x08, 0xe8, 0x90, 0xc7, 0xf4,
    0x00, 0x5f, 0xb8, 0x0a, 0xbf, 0x10, 0x03, 0xfe, 0x40, 0x8e, 0xd0, 0x00, 0x0f, 0xf1, 0x05, 0xfb,
    0x00, 0x0a, 0xf7, 0x00, 0x08, 0xf8, 0x01, 0xee, 0x10, 0x4f, 0xc0, 0x00, 0x5f, 0xa0, 0xce, 0x30,
    0x00, 0x09, 0xf9, 0xf7, 0x00, 0x00, 0x01, 0xdf, 0xb0, 0x00, 0x00, 0x02, 0xef, 0xc1, 0x00, 0x00,
    0x0b, 0xf8, 0xf8, 0x00, 0x00, 0x7f, 0x80, 0xbf, 0x40, 0x03, 0xfd, 0x10, 0x2e, 0xd1, 0x0c, 0xf4,
    0x00, 0x07, 0xf9, 0x0e, 0xe0, 0x00, 0x02, 0xfc, 0x08, 0xf5, 0x00, 0x07, 0xf6, 0x02, 0xfa, 0x00,
    0x0c, 0xf1, 0x00, 0xbf, 0x20, 0x3f, 0x90, 0x00, 0x6f, 0x70, 0x8f, 0x50, 0x00, 0x0e, 0xd0, 0xdd,
    0x00, 0x00, 0x08, 0xf6, 0xf8, 0x00, 0x00, 0x02, 0xff, 0xf2, 0x00, 0x00, 0x00, 0xbf, 0xc0, 0x00,
    0x00, 0x00, 0x8f, 0x60, 0x00, 0x00, 0x00, 0xcf, 0x10, 0x00, 0x00, 0x03, 0xf9, 0x00, 0x00, 0x00,
    0x08, 0xf5, 0x00, 0x00, 0x00, 0x03, 0x40, 0x00, 0x00, 0x4f, 0xff, 0xff, 0xff, 0x03, 0xbb, 0xbb,
    0xbf, 0xf0, 0x00, 0x00, 0x09, 0xf7, 0x00, 0x00, 0x07, 0xf9, 0x00, 0x00, 0x05, 0xfc, 0x00, 0x00,
    0x03, 0xec, 0x10, 0x00, 0x01, 0xde, 0x30, 0x00, 0x00, 0xcf, 0x40, 0x00, 0x00, 0x7f, 0xc8, 0x88,
    0x88, 0x28, 0xff, 0xff, 0xff, 0xf4, 0x00, 0x00, 0x19, 0xef, 0x40, 0x00, 0x0c, 0xfc, 0xb3, 0x00,
    0x02, 0xfc, 0x00, 0x00, 0x00, 0x0f, 0xb0, 0x00, 0x00, 0x00, 0xfb, 0x00, 0x00, 0x00, 0x0e, 0xd0,
    0x00, 0x00, 0x00, 0xcf, 0x00, 0x03, 0x44, 0x8f, 0x80, 0x00, 0xbf, 0xff, 0x80, 0x00, 0x03, 0x44,
    0x8f, 0x80, 0x00, 0x00, 0x00, 0xcf, 0x00, 0x00, 0x00, 0x0e, 0xd0, 0x00, 0x00, 0x00, 0xfb, 0x00,
    0x00, 0x00, 0x0f, 0xb0, 0x00, 0x00, 0x02, 0xfc, 0x00, 0x00, 0x00, 0x0c, 0xfc, 0x82, 0x00, 0x00,
    0x29, 0xef, 0x40, 0x8f, 0x48, 0xf4, 0x8f, 0x48, 0xf4, 0x8f, 0x48, 0xf4, 0x8f, 0x48, 0xf4, 0x8f,
    0x48, 0xf4, 0x8f, 0x48, 0xf4, 0x8f, 0x48, 0xf4, 0x8f, 0x48, 0xf4, 0x8f, 0x40, 0x4f, 0xd8, 0x10,
    0x00, 0x03, 0xbd, 0xf9, 0x00, 0x00, 0x00, 0x0d, 0xf0, 0x00, 0x00, 0x00, 0xed, 0x00, 0x00, 0x00,
    0x0f, 0xb0, 0x00, 0x00, 0x04, 0xf8, 0x00, 0x00, 0x00, 0x4f, 0x80, 0x00, 0x00, 0x01, 0xec, 0x54,
    0x42, 0x00, 0x03, 0xef, 0xff, 0x80, 0x01, 0xed, 0x64, 0x42, 0x00, 0x4f, 0x80, 0x00, 0x00, 0x04,
    0xf8, 0x00, 0x00, 0x00, 0x0f, 0xb0, 0x00, 0x00, 0x00, 0xed, 0x00, 0x00, 0x00, 0x0d, 0xf0, 0x00,
    0x02, 0x9d, 0xf9, 0x00, 0x00, 0x4f, 0xe9, 0x10, 0x00, 0x00, 0x01, 0x42, 0x00, 0x00, 0x04, 0xef,
    0xf6, 0x00, 0xfb, 0xbe, 0x49, 0xf4, 0x1f, 0x8b, 0xb0, 0x1c, 0xff, 0xf4, 0x66, 0x00, 0x17, 0x84,
    0x00, 0xcf, 0x8e, 0xfa, 0x14, 0x10, 0x00, 0x8f, 0x48, 0xf4, 0x8f, 0x48, 0xf4, 0x8f, 0x48, 0xf4,
    0x8f, 0x48, 0xf7, 0x8f, 0x82, 0x42, 0x00, 0x00, 0x80, 0x00, 0x00, 0x00, 0x0f, 0x00, 0x00, 0x00,
    0x00, 0xf0, 0x00, 0x00, 0x19, 0xff, 0xfa, 0x20, 0x0c, 0xfb, 0xf9, 0xfd, 0x15, 0xf9, 0x0f, 0x08,
    0xf6, 0x8f, 0x40, 0xf0, 0x28, 0x48, 0xf4, 0x0f, 0x00, 0x00, 0x8f, 0x40, 0xf0, 0x00, 0x08, 0xf4,
    0x0f, 0x01, 0x42, 0x5f, 0x80, 0xf0, 0x8f, 0x60, 0xdf, 0x9f, 0x8f, 0xe1, 0x02, 0xbf, 0xff, 0xb3,
    0x00, 0x00, 0x1f, 0x10, 0x00, 0x00, 0x00, 0xf0, 0x00, 0x00, 0x00, 0x08, 0x00, 0x00, 0x00, 0x04,
    0x44, 0x00, 0x00, 0x6e, 0xff, 0xfd, 0x30, 0x2f, 0xe6, 0x48, 0xfe, 0x08, 0xf6, 0x00, 0x09, 0xf4,
    0x8f, 0x40, 0x00, 0x24, 0x14, 0xfa, 0x00, 0x00, 0x00, 0x0a, 0xf5, 0x00, 0x00, 0x0b, 0xff, 0xff,
    0xfb, 0x00, 0x68, 0xdf, 0x88, 0x60, 0x00, 0x0b, 0xf0, 0x00, 0x00, 0x03, 0xfb, 0x00, 0x00, 0x03,
    0xde, 0x30, 0x00, 0x00, 0xbf, 0x98, 0x88, 0x88, 0x6b, 0xff, 0xff, 0xff, 0xfb, 0x03, 0x10, 0x00,
    0x00, 0x10, 0x01, 0xec, 0x14, 0x43, 0x1c, 0x90, 0x06, 0xff, 0xff, 0xfe, 0xf6, 0x00, 0x0d, 0xc2,
    0x04, 0xea, 0x00, 0x03, 0xf5, 0x00, 0x07, 0xf0, 0x00, 0x4f, 0x20, 0x00, 0x5f, 0x00, 0x02, 0xf7,
    0x00, 0x0a, 0xd0, 0x00, 0x1d, 0xf8, 0x8a, 0xfa, 0x00, 0x1c, 0xf8, 0xcf, 0xba, 0xf9, 0x00, 0x96,
    0x00, 0x00, 0x09, 0x60, 0x24, 0x20, 0x00, 0x00, 0x24, 0x12, 0xfb, 0x00, 0x00, 0x0d, 0xd0, 0x09,
    0xf4, 0x00, 0x06, 0xf7, 0x00, 0x2f, 0xb0, 0x00, 0xde, 0x10, 0x00, 0xaf, 0x20, 0x5f, 0x80, 0x00,
    0x04, 0xf9, 0x0b, 0xe1, 0x00, 0x00, 0x0b, 0xf6, 0xf8, 0x00, 0x00, 0x44, 0x8f, 0xef, 0x54, 0x30,
    0x0f, 0xff, 0xff, 0xff, 0xfb, 0x00, 0x44, 0x49, 0xf7, 0x44, 0x30, 0x08, 0x88, 0xbf, 0x98, 0x86,
    0x00, 0xff, 0xff, 0xff, 0xff, 0xb0, 0x00, 0x00, 0x8f, 0x40, 0x00, 0x00, 0x00, 0x08, 0xf4, 0x00,
    0x00, 0x8f, 0x48, 0xf4, 0x8f, 0x48, 0xf4, 0x8f, 0x48, 0xf4, 0x8f, 0x40, 0x00, 0x00, 0x00, 0x00,
    0x6b, 0x38, 0xf4, 0x8f, 0x48, 0xf4, 0x8f, 0x48, 0xf4, 0x8f, 0x40, 0x00, 0x24, 0x44, 0x10, 0x00,
    0x8f, 0xff, 0xff, 0x60, 0x4f, 0xc4, 0x45, 0xdf, 0x38, 0xf5, 0x00, 0x02, 0x41, 0x6f, 0x90, 0x00,
    0x00, 0x00, 0xbf, 0xeb, 0x83, 0x00, 0x05, 0xeb, 0xcf, 0xf9, 0x04, 0xf8, 0x00, 0x1b, 0xf3, 0x8f,
    0x40, 0x00, 0x5f, 0x87, 0xf8, 0x00, 0x07, 0xf5, 0x1c, 0xfa, 0x88, 0xd8, 0x00, 0x19, 0xdf, 0xfe,
    0x60, 0x00, 0x00, 0x05, 0xcf, 0x40, 0x00, 0x00, 0x05, 0xf8, 0x9f, 0x60, 0x00, 0x8f, 0x73, 0xff,
    0xcb, 0xcf, 0xc1, 0x02, 0x8b, 0xbb, 0x71, 0x00, 0x00, 0x00, 0x00, 0x08, 0xf5, 0x08, 0xf5, 0xbf,
    0x80, 0xaf, 0x82, 0x41, 0x01, 0x41, 0x00, 0x00, 0x44, 0x40, 0x00, 0x00, 0x8d, 0xa8, 0xbd, 0x50,
    0x07, 0xc1, 0x00, 0x03, 0xe4, 0x0e, 0x21, 0xad, 0xa1, 0x5a, 0x3c, 0x0a, 0xa4, 0xa9, 0x0f, 0x4b,
    0x0b, 0x80, 0x23, 0x0f, 0x4b, 0x0b, 0x80, 0x00, 0x0f, 0x4b, 0x0b, 0x80, 0x46, 0x0f, 0x2d, 0x08,
    0xd8, 0xe8, 0x1e, 0x0d, 0x40, 0x68, 0x60, 0x89, 0x04, 0xd6, 0x00, 0x07, 0xe2, 0x00, 0x3a, 0xff,
    0xe9, 0x10, 0x00, 0x00, 0x00, 0x00, 0x00, 0x02, 0x42, 0x05, 0xc8, 0xc5, 0x24, 0x49, 0x88, 0xa8,
    0xb8, 0xb3, 0x08, 0x86, 0xca, 0x66, 0x00, 0x01, 0x43, 0x00, 0x44, 0x00, 0x00, 0xcf, 0x30, 0x8f,
    0x80, 0x00, 0x8f, 0x60, 0x4f, 0xa0, 0x00, 0x6f, 0x90, 0x2e, 0xc1, 0x00, 0x3e, 0xc0, 0x0c, 0xe3,
    0x00, 0x02, 0xec, 0x10, 0xbf, 0x30, 0x00, 0x05, 0xfa, 0x01, 0xee, 0x10, 0x00, 0x08, 0xf8, 0x03,
    0xfc, 0x00, 0x00, 0x0b, 0xf5, 0x07, 0xf8, 0x00, 0x00, 0x14, 0x30, 0x04, 0x40, 0x14, 0x44, 0x44,
    0x44, 0x04, 0xff, 0xff, 0xff, 0xf0, 0x28, 0x88, 0x88, 0xdf, 0x00, 0x00, 0x00, 0x0b, 0xf0, 0x00,
    0x00, 0x00, 0x8b, 0x00, 0x6b, 0xbb, 0xbb, 0x36, 0xbb, 0xbb, 0xb3, 0x00, 0x00, 0x44, 0x40, 0x00,
    0x00, 0x8d, 0xa8, 0xbd, 0x50, 0x07, 0xc1, 0x00, 0x03, 0xe4, 0x0e, 0x26, 0xbb, 0x91, 0x5a, 0x3c,
    0x08, 0x82, 0xb7, 0x0f, 0x4b, 0x08, 0x80, 0xa8, 0x0f, 0x4b, 0x08, 0xff, 0xc2, 0x0f, 0x4b, 0x08,
    0x86, 0xd0, 0x0f, 0x2d, 0x08, 0x80, 0xd4, 0x1e, 0x0d, 0x44, 0x40, 0x55, 0x89, 0x04, 0xd6, 0x00,
    0x07, 0xe2, 0x00, 0x3a, 0xff, 0xe9, 0x10, 0x00, 0x00, 0x00, 0x00, 0x00, 0x48, 0x88, 0x88, 0x28,
    0xff, 0xff, 0xf4, 0x00, 0x34, 0x20, 0x00, 0x9e, 0xbf, 0x60, 0x3f, 0x30, 0x6f, 0x04, 0xf0, 0x02,
    0xf3, 0x2f, 0x71, 0x9d, 0x00, 0x5d, 0xfc, 0x30, 0x00, 0x00, 0x00, 0x00, 0x00, 0x02, 0x41, 0x00,
    0x00, 0x00, 0x8f, 0x40, 0x00, 0x00, 0x08, 0xf4, 0x00, 0x00, 0x00, 0x8f, 0x40, 0x00, 0x8b, 0xbd,
    0xfc, 0xbb, 0x88, 0xbb, 0xdf, 0xcb, 0xb8, 0x00, 0x08, 0xf4, 0x00, 0x00, 0x00, 0x8f, 0x40, 0x00,
    0x00, 0x08, 0xf4, 0x00, 0x03, 0x44, 0x9f, 0x74, 0x42, 0xbf, 0xff, 0xff, 0xff, 0x80, 0x00, 0x00,
    0x00, 0x00, 0x5d, 0xfd, 0x30, 0x2f, 0x84, 0x9e, 0x12, 0x80, 0x04, 0xf4, 0x00, 0x00, 0x9e, 0x10,
    0x00, 0x9e, 0x30, 0x01, 0xcc, 0x30, 0x02, 0xcb, 0x10, 0x00, 0x4f, 0xff, 0xff, 0x40, 0x00, 0x00,
    0x00, 0x4f, 0xff, 0xff, 0x01, 0x44, 0x4c, 0xc0, 0x00, 0x1c, 0x91, 0x00, 0x04, 0xfd, 0x60, 0x00,
    0x00, 0x8f, 0x24, 0x60, 0x00, 0xf4, 0x6f, 0x40, 0x8f, 0x30, 0x9f, 0xff, 0x60, 0x00, 0x24, 0x10,
    0x00, 0x00, 0x44, 0x08, 0xf6, 0x4f, 0x90, 0x78, 0x00, 0x8f, 0x80, 0x00, 0x8f, 0x48, 0xf8, 0x00,
    0x08, 0xf4, 0x8f, 0x80, 0x00, 0x8f, 0x48, 0xf8, 0x00, 0x08, 0xf4, 0x8f, 0x80, 0x00, 0x8f, 0x48,
    0xf8, 0x00, 0x08, 0xf4, 0x8f, 0x80, 0x00, 0x8f, 0x48, 0xf9, 0x00, 0x0c, 0xf4, 0x8f, 0xb8, 0x7a,
    0xdf, 0x48, 0xf8, 0xef, 0xd8, 0xf4, 0x8f, 0x81, 0x40, 0x00, 0x08, 0xf8, 0x00, 0x00, 0x00, 0x8f,
    0x80, 0x00, 0x00, 0x02, 0x42, 0x00, 0x00, 0x00, 0x00, 0x03, 0x40, 0x14, 0x10, 0x8f, 0xff, 0x04,
    0xf4, 0x8f, 0xff, 0xf0, 0x4f, 0x4b, 0xff, 0xff, 0x04, 0xf4, 0xbf, 0xff, 0xf0, 0x4f, 0x4b, 0xff,
    0xff, 0x04, 0xf4, 0x9f, 0xff, 0xf0, 0x4f, 0x42, 0xcf, 0xff, 0x04, 0xf4, 0x00, 0x4b, 0xf0, 0x4f,
    0x40, 0x00, 0x8f, 0x04, 0xf4, 0x00, 0x08, 0xf0, 0x4f, 0x40, 0x00, 0x8f, 0x04, 0xf4, 0x00, 0x08,
    0xf0, 0x4f, 0x40, 0x00, 0x8f, 0x04, 0xf4, 0x00, 0x08, 0xf0, 0x4f, 0x40, 0x00, 0x8f, 0x04, 0xf4,
    0x00, 0x08, 0xf0, 0x4f, 0x40, 0x00, 0x24, 0x01, 0x41, 0x05, 0xb3, 0x1f, 0xfd, 0x0e, 0xfb, 0x02,
    0x41, 0x04, 0x40, 0x00, 0xc8, 0x10, 0x04, 0xae, 0x31, 0x48, 0xf7, 0x3b, 0xb7, 0x00, 0x02, 0xbf,
    0x80, 0x03, 0xfa, 0xc8, 0x00, 0x34, 0x0b, 0x80, 0x00, 0x00, 0xb8, 0x00, 0x00, 0x0b, 0x80, 0x00,
    0x00, 0xb8, 0x00, 0x00, 0x0b, 0x80, 0x04, 0xff, 0xff, 0xfb, 0x00, 0x00, 0x00, 0x00, 0x02, 0x41,
    0x05, 0xd8, 0xd2, 0xb5, 0x08, 0x8b, 0x40, 0x88, 0xa6, 0x08, 0x73, 0xcc, 0xb1, 0x14, 0x30, 0x04,
    0x40, 0x00, 0x00, 0xaf, 0x50, 0x7f, 0x90, 0x00, 0x01, 0xce, 0x20, 0x9f, 0x60, 0x00, 0x03, 0xec,
    0x11, 0xce, 0x30, 0x00, 0x06, 0xf9, 0x02, 0xed, 0x10, 0x00, 0x7f, 0x80, 0x3e, 0xc1, 0x00, 0x3f,
    0xb0, 0x1c, 0xe3, 0x00, 0x1e, 0xe1, 0x0a, 0xf5, 0x00, 0x0b, 0xf3, 0x08, 0xf8, 0x00, 0x01, 0x43,
    0x00, 0x44, 0x00, 0x00, 0x00, 0x33, 0x00, 0x00, 0x04, 0x30, 0x8e, 0xb0, 0x00, 0x05, 0xf5, 0x0c,
    0x5b, 0x00, 0x01, 0xe8, 0x00, 0x14, 0xb0, 0x00, 0xad, 0x10, 0x00, 0x4b, 0x00, 0x7f, 0x40, 0x02,
    0x47, 0xc4, 0x4e, 0x80, 0x00, 0x6b, 0xbb, 0xbf, 0xc0, 0x00, 0x00, 0x00, 0x08, 0xf3, 0x00, 0x00,
    0x00, 0x03, 0xf8, 0x07, 0x80, 0x00, 0x00, 0xcb, 0x04, 0xe2, 0x00, 0x00, 0x8e, 0x21, 0xe6, 0x68,
    0x00, 0x4f, 0x70, 0x8c, 0x49, 0xb0, 0x1d, 0xa0, 0x06, 0xbb, 0xdb, 0x08, 0xe1, 0x00, 0x00, 0x08,
    0xb0, 0x00, 0x33, 0x00, 0x00, 0x04, 0x30, 0x8e, 0xb0, 0x00, 0x05, 0xf5, 0x0c, 0x5b, 0x00, 0x01,
    0xe8, 0x00, 0x14, 0xb0, 0x00, 0xad, 0x10, 0x00, 0x4b, 0x00, 0x7f, 0x40, 0x02, 0x47, 0xc4, 0x5e,
    0x80, 0x00, 0x6b, 0xbb, 0xbf, 0xc0, 0x00, 0x00, 0x00, 0x08, 0xf3, 0x00, 0x00, 0x00, 0x03, 0xf8,
    0x8e, 0xd6, 0x00, 0x00, 0xcb, 0x3e, 0x23, 0xf2, 0x00, 0x8e, 0x20, 0x00, 0x1f, 0x20, 0x4f, 0x70,
    0x00, 0x4d, 0x60, 0x1d, 0xa0, 0x01, 0xbb, 0x30, 0x08, 0xe1, 0x00, 0x4f, 0xef, 0xf4, 0x04, 0x44,
    0x30, 0x00, 0x04, 0x30, 0xbb, 0xdb, 0x00, 0x05, 0xf5, 0x00, 0x5b, 0x30, 0x01, 0xe8, 0x00, 0x0b,
    0xe6, 0x00, 0xad, 0x10, 0x00, 0x03, 0xf0, 0x7f, 0x40, 0x07, 0xd4, 0x7e, 0x2e, 0x80, 0x00, 0x08,
    0xba, 0x3b, 0xc0, 0x00, 0x00, 0x00, 0x07, 0xf3, 0x00, 0x00, 0x00, 0x03, 0xf8, 0x07, 0x80, 0x00,
    0x00, 0xcb, 0x04, 0xe2, 0x00, 0x00, 0x8e, 0x21, 0xe6, 0x68, 0x00, 0x4f, 0x70, 0x8c, 0x49, 0xb0,
    0x1d, 0xa0, 0x06, 0xbb, 0xdb, 0x08, 0xe1, 0x00, 0x00, 0x08, 0xb0, 0x00, 0x00, 0xcf, 0x80, 0x00,
    0x00, 0xef, 0x90, 0x00, 0x00, 0x24, 0x00, 0x00, 0x00, 0x00, 0x00, 0x00, 0x00, 0x8f, 0x40, 0x00,
    0x03, 0x9f, 0x40, 0x01, 0xaf, 0xff, 0x40, 0x08, 0xfa, 0x44, 0x10, 0x0e, 0xe1, 0x00, 0x00, 0x0f,
    0xb0, 0x00, 0x00, 0x0d, 0xf2, 0x00, 0x00, 0x07, 0xfd, 0x88, 0x84, 0x00, 0x8e, 0xff, 0xf8, 0x00,
    0x00, 0x44, 0x42, 0x00, 0x00, 0x00, 0x00, 0x00, 0x00, 0x1c, 0xe3, 0x00, 0x00, 0x00, 0x02, 0xec,
    0x10, 0x00, 0x00, 0x00, 0x38, 0x30, 0x00, 0x00, 0x00, 0x34, 0x20, 0x00, 0x00, 0x00, 0xef, 0xb0,
    0x00, 0x00, 0x03, 0xfd, 0xf0, 0x00, 0x00, 0x07, 0xf8, 0xf4, 0x00, 0x00, 0x0a, 0xe2, 0xf8, 0x00,
    0x00, 0x0e, 0xa0, 0xdc, 0x00, 0x00, 0x4f, 0x70, 0xaf, 0x10, 0x00, 0x8f, 0x40, 0x7f, 0x50, 0x00,
    0xbf, 0x00, 0x3f, 0x80, 0x00, 0xff, 0xff, 0xff, 0xc0, 0x04, 0xfb, 0x88, 0x8c, 0xf1, 0x08, 0xf4,
    0x00, 0x07, 0xf5, 0x0c, 0xf0, 0x00, 0x03, 0xf8, 0x1f, 0xb0, 0x00, 0x00, 0xfd, 0x00, 0x00, 0x00,
    0x00, 0x00, 0x00, 0x00, 0x04, 0xf9, 0x00, 0x00, 0x00, 0x1e, 0xc0, 0x00, 0x00, 0x00, 0x58, 0x10,
    0x00, 0x00, 0x00, 0x34, 0x20, 0x00, 0x00, 0x00, 0xef, 0xb0, 0x00, 0x00, 0x03, 0xfd, 0xf0, 0x00,
    0x00, 0x07, 0xf8, 0xf4, 0x00, 0x00, 0x0a, 0xe2, 0xf8, 0x00, 0x00, 0x0e, 0xa0, 0xdc, 0x00, 0x00,
    0x4f, 0x70, 0xaf, 0x10, 0x00, 0x8f, 0x40, 0x7f, 0x50, 0x00, 0xbf, 0x00, 0x3f, 0x80, 0x00, 0xff,
    0xff, 0xff, 0xc0, 0x04, 0xfb, 0x88, 0x8c, 0xf1, 0x08, 0xf4, 0x00, 0x07, 0xf5, 0x0c, 0xf0, 0x00,
    0x03, 0xf8, 0x1f, 0xb0, 0x00, 0x00, 0xfd, 0x00, 0x00, 0x00, 0x00, 0x00, 0x00, 0x03, 0xef, 0xc1,
    0x00, 0x00, 0x3e, 0xc4, 0xec, 0x10, 0x00, 0x78, 0x10, 0x38, 0x50, 0x00, 0x00, 0x34, 0x20, 0x00,
    0x00, 0x00, 0xef, 0xb0, 0x00, 0x00, 0x03, 0xfd, 0xf0, 0x00, 0x00, 0x07, 0xf8, 0xf4, 0x00, 0x00,
    0x0a, 0xe2, 0xf8, 0x00, 0x00, 0x0e, 0xa0, 0xdc, 0x00, 0x00, 0x4f, 0x70, 0xaf, 0x10, 0x00, 0x8f,
    0x40, 0x7f, 0x50, 0x00, 0xbf, 0x00, 0x3f, 0x80, 0x00, 0xff, 0xff, 0xff, 0xc0, 0x04, 0xfb, 0x88,
    0x8c, 0xf1, 0x08, 0xf4, 0x00, 0x07, 0xf5, 0x0c, 0xf0, 0x00, 0x03, 0xf8, 0x1f, 0xb0, 0x00, 0x00,
    0xfd, 0x00, 0x00, 0x00, 0x00, 0x00, 0x00, 0x3e, 0xf8, 0x0f, 0x40, 0x00, 0x8c, 0x5e, 0xdf, 0x20,
    0x00, 0x23, 0x01, 0x42, 0x00, 0x00, 0x00, 0x34, 0x20, 0x00, 0x00, 0x00, 0xef, 0xb0, 0x00, 0x00,
    0x03, 0xfd, 0xf0, 0x00, 0x00, 0x07, 0xf8, 0xf4, 0x00, 0x00, 0x0a, 0xe2, 0xf8, 0x00, 0x00, 0x0e,
    0xa0, 0xdc, 0x00, 0x00, 0x4f, 0x70, 0xaf, 0x10, 0x00, 0x8f, 0x40, 0x7f, 0x50, 0x00, 0xbf, 0x00,
    0x3f, 0x80, 0x00, 0xff, 0xff, 0xff, 0xc0, 0x04, 0xfb, 0x88, 0x8c, 0xf1, 0x08, 0xf4, 0x00, 0x07,
    0xf5, 0x0c, 0xf0, 0x00, 0x03, 0xf8, 0x1f, 0xb0, 0x00, 0x00, 0xfd, 0x00, 0x00, 0x00, 0x00, 0x00,
    0x00, 0x8f, 0x50, 0x8f, 0x60, 0x00, 0xaf, 0x70, 0xaf, 0x80, 0x00, 0x14, 0x00, 0x14, 0x10, 0x00,
    0x00, 0x34, 0x20, 0x00, 0x00, 0x00, 0xef, 0xb0, 0x00, 0x00, 0x03, 0xfd, 0xf0, 0x00, 0x00, 0x07,
    0xf8, 0xf4, 0x00, 0x00, 0x0a, 0xe2, 0xf8, 0x00, 0x00, 0x0e, 0xa0, 0xdc, 0x00, 0x00, 0x4f, 0x70,
    0xaf, 0x10, 0x00, 0x8f, 0x40, 0x7f, 0x50, 0x00, 0xbf, 0x00, 0x3f, 0x80, 0x00, 0xff, 0xff, 0xff,
    0xc0, 0x04, 0xfb, 0x88, 0x8c, 0xf1, 0x08, 0xf4, 0x00, 0x07, 0xf5, 0x0c, 0xf0, 0x00, 0x03, 0xf8,
    0x1f, 0xb0, 0x00, 0x00, 0xfd, 0x00, 0x03, 0xbf, 0xa1, 0x00, 0x00, 0x0a, 0x81, 0xb7, 0x00, 0x00,
    0x0b, 0x60, 0x88, 0x00, 0x00, 0x05, 0xeb, 0xe3, 0x00, 0x00, 0x00, 0x58, 0x30, 0x00, 0x00, 0x00,
    0xef, 0xb0, 0x00, 0x00, 0x03, 0xfd, 0xf0, 0x00, 0x00, 0x07, 0xf8, 0xf4, 0x00, 0x00, 0x0a, 0xe2,
    0xf8, 0x00, 0x00, 0x0e, 0xa0, 0xdc, 0x00, 0x00, 0x4f, 0x70, 0xaf, 0x10, 0x00, 0x8f, 0x40, 0x7f,
    0x50, 0x00, 0xbf, 0x00, 0x3f, 0x80, 0x00, 0xff, 0xff, 0xff, 0xc0, 0x04, 0xfb, 0x88, 0x8c, 0xf1,
    0x08, 0xf4, 0x00, 0x07, 0xf5, 0x0c, 0xf0, 0x00, 0x03, 0xf8, 0x1f, 0xb0, 0x00, 0x00, 0xfd, 0x00,
    0x04, 0x44, 0x44, 0x44, 0x10, 0x01, 0xff, 0xff, 0xff, 0xf4, 0x00, 0x4f, 0xab, 0xf8, 0x88, 0x20,
    0x08, 0xf4, 0x8f, 0x00, 0x00, 0x00, 0xaf, 0x08, 0xf0, 0x00, 0x00, 0x0d, 0xc0, 0x8f, 0x00, 0x00,
    0x01, 0xfa, 0x08, 0xf8, 0x86, 0x00, 0x4f, 0x80, 0x8f, 0xff, 0xb0, 0x08, 0xf4, 0x08, 0xf0, 0x00,
    0x00, 0xaf, 0xff, 0xff, 0x00, 0x00, 0x0c, 0xe8, 0x8b, 0xf0, 0x00, 0x00, 0xfb, 0x00, 0x8f, 0x00,
    0x00, 0x4f, 0x80, 0x08, 0xf8, 0x88, 0x27, 0xf5, 0x00, 0x8f, 0xff, 0xf4, 0x00, 0x04, 0x44, 0x00,
    0x00, 0x3d, 0xff, 0xfd, 0x30, 0x1e, 0xf8, 0x48, 0xee, 0x15, 0xf8, 0x00, 0x08, 0xf6, 0x8f, 0x50,
    0x00, 0x28, 0x48, 0xf4, 0x00, 0x00, 0x00, 0x8f, 0x40, 0x00, 0x00, 0x08, 0xf4, 0x00, 0x00, 0x00,
    0x8f, 0x40, 0x00, 0x00, 0x08, 0xf4, 0x00, 0x00, 0x00, 0x8f, 0x50, 0x00, 0x3b, 0x64, 0xf9, 0x00,
    0x08, 0xf6, 0x0c, 0xf9, 0x88, 0xfd, 0x10, 0x1b, 0xff, 0xfb, 0x30, 0x00, 0x0a, 0xa2, 0x00, 0x00,
    0x00, 0x48, 0xe5, 0x00, 0x00, 0x14, 0x7f, 0x70, 0x00, 0x03, 0xbb, 0x81, 0x00, 0x00, 0x00, 0x00,
    0x00, 0x00, 0x0a, 0xf4, 0x00, 0x00, 0x00, 0x1c, 0xe2, 0x00, 0x00, 0x00, 0x28, 0x50, 0x00, 0x14,
    0x44, 0x44, 0x44, 0x24, 0xff, 0xff, 0xff, 0xf8, 0x4f, 0xb8, 0x88, 0x88, 0x44, 0xf8, 0x00, 0x00,
    0x00, 0x4f, 0x80, 0x00, 0x00, 0x04, 0xf8, 0x00, 0x00, 0x00, 0x4f, 0xdb, 0xbb, 0xb8, 0x04, 0xff,
    0xff, 0xff, 0xb0, 0x4f, 0x80, 0x00, 0x00, 0x04, 0xf8, 0x00, 0x00, 0x00, 0x4f, 0x80, 0x00, 0x00,
    0x04, 0xf8, 0x00, 0x00, 0x00, 0x4f, 0xb8, 0x88, 0x88, 0x44, 0xff, 0xff, 0xff, 0xf8, 0x00, 0x00,
    0x00, 0x00, 0x00, 0x00, 0x03, 0xec, 0x00, 0x00, 0x01, 0xce, 0x10, 0x00, 0x00, 0x38, 0x30, 0x00,
    0x14, 0x44, 0x44, 0x44, 0x24, 0xff, 0xff, 0xff, 0xf8, 0x4f, 0xb8, 0x88, 0x88, 0x44, 0xf8, 0x00,
    0x00, 0x00, 0x4f, 0x80, 0x00, 0x00, 0x04, 0xf8, 0x00, 0x00, 0x00, 0x4f, 0xdb, 0xbb, 0xb8, 0x04,
    0xff, 0xff, 0xff, 0xb0, 0x4f, 0x80, 0x00, 0x00, 0x04, 0xf8, 0x00, 0x00, 0x00, 0x4f, 0x80, 0x00,
    0x00, 0x04, 0xf8, 0x00, 0x00, 0x00, 0x4f, 0xb8, 0x88, 0x88, 0x44, 0xff, 0xff, 0xff, 0xf8, 0x00,
    0x00, 0x00, 0x00, 0x00, 0x01, 0xcf, 0xc1, 0x00, 0x01, 0xce, 0x4c, 0xc1, 0x00, 0x58, 0x30, 0x18,
    0x50, 0x14, 0x44, 0x44, 0x44, 0x24, 0xff, 0xff, 0xff, 0xf8, 0x4f, 0xb8, 0x88, 0x88, 0x44, 0xf8,
    0x00, 0x00, 0x00, 0x4f, 0x80, 0x00, 0x00, 0x04, 0xf8, 0x00, 0x00, 0x00, 0x4f, 0xdb, 0xbb, 0xb8,
    0x04, 0xff, 0xff, 0xff, 0xb0, 0x4f, 0x80, 0x00, 0x00, 0x04, 0xf8, 0x00, 0x00, 0x00, 0x4f, 0x80,
    0x00, 0x00, 0x04, 0xf8, 0x00, 0x00, 0x00, 0x4f, 0xb8, 0x88, 0x88, 0x44, 0xff, 0xff, 0xff, 0xf8,
    0x00, 0x00, 0x00, 0x00, 0x00, 0x8f, 0x80, 0x5f, 0x80, 0x09, 0xfa, 0x08, 0xfa, 0x00, 0x14, 0x10,
    0x14, 0x10, 0x14, 0x44, 0x44, 0x44, 0x24, 0xff, 0xff, 0xff, 0xf8, 0x4f, 0xb8, 0x88, 0x88, 0x44,
    0xf8, 0x00, 0x00, 0x00, 0x4f, 0x80, 0x00, 0x00, 0x04, 0xf8, 0x00, 0x00, 0x00, 0x4f, 0xdb, 0xbb,
    0xb8, 0x04, 0xff, 0xff, 0xff, 0xb0, 0x4f, 0x80, 0x00, 0x00, 0x04, 0xf8, 0x00, 0x00, 0x00, 0x4f,
    0x80, 0x00, 0x00, 0x04, 0xf8, 0x00, 0x00, 0x00, 0x4f, 0xb8, 0x88, 0x88, 0x44, 0xff, 0xff, 0xff,
    0xf8, 0x00, 0x00, 0x00, 0x00, 0x01, 0xce, 0x30, 0x00, 0x00, 0x2e, 0xc1, 0x00, 0x00, 0x03, 0x83,
    0x00, 0x14, 0x44, 0x44, 0x44, 0x4f, 0xff, 0xff, 0xff, 0x28, 0x8b, 0xf9, 0x88, 0x00, 0x08, 0xf4,
    0x00, 0x00, 0x08, 0xf4, 0x00, 0x00, 0x08, 0xf4, 0x00, 0x00, 0x08, 0xf4, 0x00, 0x00, 0x08, 0xf4,
    0x00, 0x00, 0x08, 0xf4, 0x00, 0x00, 0x08, 0xf4, 0x00, 0x00, 0x08, 0xf4, 0x00, 0x00, 0x08, 0xf4,
    0x00, 0x28, 0x8b, 0xf9, 0x88, 0x4f, 0xff, 0xff, 0xff, 0x00, 0x00, 0x00, 0x00, 0x00, 0x00, 0x4f,
    0x90, 0x00, 0x01, 0xec, 0x00, 0x00, 0x05, 0x81, 0x00, 0x14, 0x44, 0x44, 0x44, 0x4f, 0xff, 0xff,
    0xff, 0x28, 0x8b, 0xf9, 0x88, 0x00, 0x08, 0xf4, 0x00, 0x00, 0x08, 0xf4, 0x00, 0x00, 0x08, 0xf4,
    0x00, 0x00, 0x08, 0xf4, 0x00, 0x00, 0x08, 0xf4, 0x00, 0x00, 0x08, 0xf4, 0x00, 0x00, 0x08, 0xf4,
    0x00, 0x00, 0x08, 0xf4, 0x00, 0x00, 0x08, 0xf4, 0x00, 0x28, 0x8b, 0xf9, 0x88, 0x4f, 0xff, 0xff,
    0xff, 0x00, 0x00, 0x00, 0x00, 0x00, 0x3e, 0xfc, 0x10, 0x03, 0xec, 0x4e, 0xc1, 0x07, 0x81, 0x03,
    0x85, 0x14, 0x44, 0x44, 0x44, 0x4f, 0xff, 0xff, 0xff, 0x28, 0x8b, 0xf9, 0x88, 0x00, 0x08, 0xf4,
    0x00, 0x00, 0x08, 0xf4, 0x00, 0x00, 0x08, 0xf4, 0x00, 0x00, 0x08, 0xf4, 0x00, 0x00, 0x08, 0xf4,
    0x00, 0x00, 0x08, 0xf4, 0x00, 0x00, 0x08, 0xf4, 0x00, 0x00, 0x08, 0xf4, 0x00, 0x00, 0x08, 0xf4,
    0x00, 0x28, 0x8b, 0xf9, 0x88, 0x4f, 0xff, 0xff, 0xff, 0x00, 0x00, 0x00, 0x00, 0x08, 0xf5, 0x08,
    0xf6, 0x0a, 0xf7, 0x0a, 0xf8, 0x01, 0x40, 0x01, 0x41, 0x14, 0x44, 0x44, 0x44, 0x4f, 0xff, 0xff,
    0xff, 0x28, 0x8b, 0xf9, 0x88, 0x00, 0x08, 0xf4, 0x00, 0x00, 0x08, 0xf4, 0x00, 0x00, 0x08, 0xf4,
    0x00, 0x00, 0x08, 0xf4, 0x00, 0x00, 0x08, 0xf4, 0x00, 0x00, 0x08, 0xf4, 0x00, 0x00, 0x08, 0xf4,
    0x00, 0x00, 0x08, 0xf4, 0x00, 0x00, 0x08, 0xf4, 0x00, 0x28, 0x8b, 0xf9, 0x88, 0x4f, 0xff, 0xff,
    0xff, 0x02, 0x44, 0x42, 0x00, 0x00, 0x08, 0xff, 0xff, 0xe8, 0x00, 0x08, 0xf9, 0x88, 0xbf, 0x80,
    0x08, 0xf4, 0x00, 0x0b, 0xf2, 0x08, 0xf4, 0x00, 0x08, 0xf4, 0x08, 0xf4, 0x00, 0x08, 0xf4, 0x6b,
    0xf9, 0x82, 0x08, 0xf4, 0xbf, 0xff, 0xf4, 0x08, 0xf4, 0x08, 0xf4, 0x00, 0x08, 0xf4, 0x08, 0xf4,
    0x00, 0x08, 0xf4, 0x08, 0xf4, 0x00, 0x08, 0xf4, 0x08, 0xf4, 0x00, 0x1d, 0xf1, 0x08, 0xf9, 0x88,
    0xdf, 0x80, 0x08, 0xff, 0xff, 0xc6, 0x00, 0x00, 0x00, 0x00, 0x00, 0x00, 0x3e, 0xf8, 0x0f, 0x40,
    0x08, 0xc5, 0xed, 0xf2, 0x00, 0x23, 0x01, 0x42, 0x00, 0x24, 0x30, 0x00, 0x24, 0x18, 0xff, 0x10,
    0x08, 0xf4, 0x8f, 0xf7, 0x00, 0x8f, 0x48, 0xfa, 0xc0, 0x08, 0xf4, 0x8f, 0x9f, 0x20, 0x8f, 0x48,
    0xf5, 0xf8, 0x08, 0xf4, 0x8f, 0x4a, 0xd0, 0x8f, 0x48, 0xf4, 0x6f, 0x38, 0xf4, 0x8f, 0x40, 0xe8,
    0x8f, 0x48, 0xf4, 0x09, 0xd7, 0xf4, 0x8f, 0x40, 0x5f, 0x8f, 0x48, 0xf4, 0x00, 0xed, 0xf4, 0x8f,
    0x40, 0x08, 0xff, 0x48, 0xf4, 0x00, 0x3f, 0xf4, 0x00, 0x00, 0x00, 0x00, 0x00, 0x1c, 0xe3, 0x00,
    0x00, 0x00, 0x2e, 0xc1, 0x00, 0x00, 0x00, 0x38, 0x30, 0x00, 0x00, 0x04, 0x43, 0x00, 0x00, 0x3d,
    0xff, 0xfc, 0x30, 0x1e, 0xe6, 0x48, 0xfc, 0x06, 0xf7, 0x00, 0x09, 0xf3, 0x8f, 0x40, 0x00, 0x8f,
    0x48, 0xf4, 0x00, 0x08, 0xf4, 0x8f, 0x40, 0x00, 0x8f, 0x48, 0xf4, 0x00, 0x08, 0xf4, 0x8f, 0x40,
    0x00, 0x8f, 0x48, 0xf4, 0x00, 0x08, 0xf4, 0x8f, 0x40, 0x00, 0x8f, 0x45, 0xf8, 0x00, 0x0b, 0xf2,
    0x0d, 0xf8, 0x8a, 0xfb, 0x00, 0x3b, 0xff, 0xf9, 0x10, 0x00, 0x01, 0x41, 0x00, 0x00, 0x00, 0x00,
    0x00, 0x00, 0x00, 0x00, 0x04, 0xf9, 0x00, 0x00, 0x01, 0xec, 0x00, 0x00, 0x00, 0x58, 0x10, 0x00,
    0x00, 0x04, 0x43, 0x00, 0x00, 0x3d, 0xff, 0xfc, 0x30, 0x1e, 0xe6, 0x48, 0xfc, 0x06, 0xf7, 0x00,
    0x09, 0xf3, 0x8f, 0x40, 0x00, 0x8f, 0x48, 0xf4, 0x00, 0x08, 0xf4, 0x8f, 0x40, 0x00, 0x8f, 0x48,
    0xf4, 0x00, 0x08, 0xf4, 0x8f, 0x40, 0x00, 0x8f, 0x48, 0xf4, 0x00, 0x08, 0xf4, 0x8f, 0x40, 0x00,
    0x8f, 0x45, 0xf8, 0x00, 0x0b, 0xf2, 0x0d, 0xf8, 0x8a, 0xfb, 0x00, 0x3b, 0xff, 0xf9, 0x10, 0x00,
    0x01, 0x41, 0x00, 0x00, 0x00, 0x00, 0x00, 0x00, 0x00, 0x03, 0xef, 0xc1, 0x00, 0x03, 0xec, 0x4e,
    0xc1, 0x00, 0x78, 0x10, 0x38, 0x50, 0x00, 0x04, 0x43, 0x00, 0x00, 0x3d, 0xff, 0xfc, 0x30, 0x1e,
    0xe6, 0x48, 0xfc, 0x06, 0xf7, 0x00, 0x09, 0xf3, 0x8f, 0x40, 0x00, 0x8f, 0x48, 0xf4, 0x00, 0x08,
    0xf4, 0x8f, 0x40, 0x00, 0x8f, 0x48, 0xf4, 0x00, 0x08, 0xf4, 0x8f, 0x40, 0x00, 0x8f, 0x48, 0xf4,
    0x00, 0x08, 0xf4, 0x8f, 0x40, 0x00, 0x8f, 0x45, 0xf8, 0x00, 0x0b, 0xf2, 0x0d, 0xf8, 0x8a, 0xfb,
    0x00, 0x3b, 0xff, 0xf9, 0x10, 0x00, 0x01, 0x41, 0x00, 0x00, 0x00, 0x00, 0x00, 0x00, 0x00, 0x3e,
    0xf8, 0x0f, 0x40, 0x08, 0xc5, 0xed, 0xf2, 0x00, 0x23, 0x01, 0x42, 0x00, 0x00, 0x04, 0x43, 0x00,
    0x00, 0x3d, 0xff, 0xfc, 0x30, 0x1e, 0xe6, 0x48, 0xfc, 0x06, 0xf7, 0x00, 0x09, 0xf3, 0x8f, 0x40,
    0x00, 0x8f, 0x48, 0xf4, 0x00, 0x08, 0xf4, 0x8f, 0x40, 0x00, 0x8f, 0x48, 0xf4, 0x00, 0x08, 0xf4,
    0x8f, 0x40, 0x00, 0x8f, 0x48, 0xf4, 0x00, 0x08, 0xf4, 0x8f, 0x40, 0x00, 0x8f, 0x45, 0xf8, 0x00,
    0x0b, 0xf2, 0x0d, 0xf8, 0x8a, 0xfb, 0x00, 0x3b, 0xff, 0xf9, 0x10, 0x00, 0x01, 0x41, 0x00, 0x00,
    0x00, 0x00, 0x00, 0x00, 0x00, 0x8f, 0x50, 0x8f, 0x60, 0x0a, 0xf7, 0x0a, 0xf8, 0x00, 0x14, 0x00,
    0x14, 0x10, 0x00, 0x04, 0x43, 0x00, 0x00, 0x3d, 0xff, 0xfc, 0x30, 0x1e, 0xe6, 0x48, 0xfc, 0x06,
    0xf7, 0x00, 0x09, 0xf3, 0x8f, 0x40, 0x00, 0x8f, 0x48, 0xf4, 0x00, 0x08, 0xf4, 0x8f, 0x40, 0x00,
    0x8f, 0x48, 0xf4, 0x00, 0x08, 0xf4, 0x8f, 0x40, 0x00, 0x8f, 0x48, 0xf4, 0x00, 0x08, 0xf4, 0x8f,
    0x40, 0x00, 0x8f, 0x45, 0xf8, 0x00, 0x0b, 0xf2, 0x0d, 0xf8, 0x8a, 0xfb, 0x00, 0x3b, 0xff, 0xf9,
    0x10, 0x00, 0x01, 0x41, 0x00, 0x00, 0x03, 0x10, 0x00, 0x31, 0x1e, 0xc1, 0x03, 0xeb, 0x06, 0xfc,
    0x4e, 0xe3, 0x00, 0x6f, 0xfe, 0x30, 0x00, 0x3e, 0xfc, 0x10, 0x03, 0xee, 0x8f, 0xc1, 0x1e, 0xe3,
    0x06, 0xfb, 0x06, 0x30, 0x00, 0x51, 0x00, 0x00, 0x44, 0x30, 0x48, 0x10, 0x03, 0xef, 0xff, 0xce,
    0x90, 0x01, 0xee, 0x64, 0x8f, 0xf2, 0x00, 0x6f, 0x70, 0x02, 0xef, 0x30, 0x08, 0xf4, 0x00, 0x9f,
    0xf4, 0x00, 0x8f, 0x40, 0x4f, 0xdf, 0x40, 0x08, 0xf4, 0x0b, 0xc8, 0xf4, 0x00, 0x8f, 0x46, 0xf4,
    0x8f, 0x40, 0x08, 0xf4, 0xdb, 0x08, 0xf4, 0x00, 0x8f, 0xbf, 0x20, 0x8f, 0x40, 0x08, 0xff, 0x80,
    0x08, 0xf4, 0x00, 0x6f, 0xe1, 0x00, 0xbf, 0x30, 0x03, 0xff, 0x88, 0xaf, 0xb0, 0x00, 0xbd, 0xbf,
    0xff, 0xb1, 0x00, 0x2b, 0x50, 0x24, 0x10, 0x00, 0x00, 0x00, 0x00, 0x00, 0x00, 0x00, 0x1c, 0xe3,
    0x00, 0x00, 0x00, 0x2e, 0xc1, 0x00, 0x00, 0x00, 0x38, 0x30, 0x00, 0x24, 0x10, 0x00, 0x24, 0x18,
    0xf4, 0x00, 0x08, 0xf4, 0x8f, 0x40, 0x00, 0x8f, 0x48, 0xf4, 0x00, 0x08, 0xf4, 0x8f, 0x40, 0x00,
    0x8f, 0x48, 0xf4, 0x00, 0x08, 0xf4, 0x8f, 0x40, 0x00, 0x8f, 0x48, 0xf4, 0x00, 0x08, 0xf4, 0x8f,
    0x40, 0x00, 0x8f, 0x48, 0xf4, 0x00, 0x08, 0xf4, 0x8f, 0x40, 0x00, 0x8f, 0x45, 0xf8, 0x00, 0x0b,
    0xf2, 0x1d, 0xf8, 0x8a, 0xfb, 0x00, 0x3b, 0xff, 0xfb, 0x10, 0x00, 0x02, 0x41, 0x00, 0x00, 0x00,
    0x00, 0x00, 0x00, 0x00, 0x00, 0x04, 0xf9, 0x00, 0x00, 0x01, 0xec, 0x00, 0x00, 0x00, 0x58, 0x10,
    0x00, 0x24, 0x10, 0x00, 0x24, 0x18, 0xf4, 0x00, 0x08, 0xf4, 0x8f, 0x40, 0x00, 0x8f, 0x48, 0xf4,
    0x00, 0x08, 0xf4, 0x8f, 0x40, 0x00, 0x8f, 0x48, 0xf4, 0x00, 0x08, 0xf4, 0x8f, 0x40, 0x00, 0x8f,
    0x48, 0xf4, 0x00, 0x08, 0xf4, 0x8f, 0x40, 0x00, 0x8f, 0x48, 0xf4, 0x00, 0x08, 0xf4, 0x8f, 0x40,
    0x00, 0x8f, 0x45, 0xf8, 0x00, 0x0b, 0xf2, 0x1d, 0xf8, 0x8a, 0xfb, 0x00, 0x3b, 0xff, 0xfb, 0x10,
    0x00, 0x02, 0x41, 0x00, 0x00, 0x00, 0x00, 0x00, 0x00, 0x00, 0x03, 0xef, 0xc1, 0x00, 0x03, 0xec,
    0x4e, 0xc1, 0x00, 0x78, 0x10, 0x38, 0x50, 0x24, 0x10, 0x00, 0x24, 0x18, 0xf4, 0x00, 0x08, 0xf4,
    0x8f, 0x40, 0x00, 0x8f, 0x48, 0xf4, 0x00, 0x08, 0xf4, 0x8f, 0x40, 0x00, 0x8f, 0x48, 0xf4, 0x00,
    0x08, 0xf4, 0x8f, 0x40, 0x00, 0x8f, 0x48, 0xf4, 0x00, 0x08, 0xf4, 0x8f, 0x40, 0x00, 0x8f, 0x48,
    0xf4, 0x00, 0x08, 0xf4, 0x8f, 0x40, 0x00, 0x8f, 0x45, 0xf8, 0x00, 0x0b, 0xf2, 0x1d, 0xf8, 0x8a,
    0xfb, 0x00, 0x3b, 0xff, 0xfb, 0x10, 0x00, 0x02, 0x41, 0x00, 0x00, 0x00, 0x00, 0x00, 0x00, 0x00,
    0x8f, 0x50, 0x8f, 0x60, 0x0a, 0xf7, 0x0a, 0xf8, 0x00, 0x14, 0x00, 0x14, 0x10, 0x24, 0x10, 0x00,
    0x24, 0x18, 0xf4, 0x00, 0x08, 0xf4, 0x8f, 0x40, 0x00, 0x8f, 0x48, 0xf4, 0x00, 0x08, 0xf4, 0x8f,
    0x40, 0x00, 0x8f, 0x48, 0xf4, 0x00, 0x08, 0xf4, 0x8f, 0x40, 0x00, 0x8f, 0x48, 0xf4, 0x00, 0x08,
    0xf4, 0x8f, 0x40, 0x00, 0x8f, 0x48, 0xf4, 0x00, 0x08, 0xf4, 0x8f, 0x40, 0x00, 0x8f, 0x45, 0xf8,
    0x00, 0x0b, 0xf2, 0x1d, 0xf8, 0x8a, 0xfb, 0x00, 0x3b, 0xff, 0xfb, 0x10, 0x00, 0x02, 0x41, 0x00,
    0x00, 0x00, 0x00, 0x00, 0x00, 0x00, 0x00, 0x00, 0x00, 0x4f, 0x90, 0x00, 0x00, 0x00, 0x1e, 0xc0,
    0x00, 0x00, 0x00, 0x05, 0x81, 0x00, 0x00, 0x24, 0x20, 0x00, 0x00, 0x24, 0x12, 0xfb, 0x00, 0x00,
    0x0d, 0xd0, 0x09, 0xf4, 0x00, 0x06, 0xf7, 0x00, 0x2f, 0xb0, 0x00, 0xde, 0x10, 0x00, 0xaf, 0x20,
    0x5f, 0x80, 0x00, 0x04, 0xf9, 0x0b, 0xe1, 0x00, 0x00, 0x0b, 0xf6, 0xf8, 0x00, 0x00, 0x00, 0x4f,
    0xef, 0x20, 0x00, 0x00, 0x00, 0xbf, 0x90, 0x00, 0x00, 0x00, 0x08, 0xf4, 0x00, 0x00, 0x00, 0x00,
    0x8f, 0x40, 0x00, 0x00, 0x00, 0x08, 0xf4, 0x00, 0x00, 0x00, 0x00, 0x8f, 0x40, 0x00, 0x00, 0x00,
    0x08, 0xf4, 0x00, 0x00, 0x24, 0x10, 0x00, 0x00, 0x08, 0xf4, 0x00, 0x00, 0x00, 0x8f, 0x40, 0x00,
    0x00, 0x08, 0xf9, 0x88, 0x84, 0x00, 0x8f, 0xff, 0xff, 0xfb, 0x18, 0xf4, 0x00, 0x29, 0xf9, 0x8f,
    0x40, 0x00, 0x0f, 0xe8, 0xf4, 0x00, 0x00, 0xff, 0x8f, 0x40, 0x00, 0x6f, 0xa8, 0xfc, 0xbb, 0xcf,
    0xe3, 0x8f, 0xcb, 0xbb, 0x82, 0x08, 0xf4, 0x00, 0x00, 0x00, 0x8f, 0x40, 0x00, 0x00, 0x08, 0xf4,
    0x00, 0x00, 0x00, 0x00, 0x04, 0x44, 0x00, 0x00, 0x3d, 0xff, 0xfd, 0x30, 0x1d, 0xf8, 0x48, 0xfe,
    0x15, 0xf8, 0x00, 0x09, 0xf4, 0x8f, 0x40, 0x00, 0x8f, 0x48, 0xf4, 0x00, 0x1c, 0xe1, 0x8f, 0x43,
    0xbd, 0xd3, 0x08, 0xf4, 0x4f, 0xfe, 0x60, 0x8f, 0x40, 0x01, 0xbf, 0x48, 0xf4, 0x00, 0x03, 0xf9,
    0x8f, 0x40, 0x00, 0x2f, 0xb8, 0xf4, 0x00, 0x09, 0xf8, 0x8f, 0x42, 0x8c, 0xfe, 0x18, 0xf4, 0x4f,
    0xe9, 0x20, 0x01, 0x43, 0x00, 0x00, 0x00, 0x0b, 0xf3, 0x00, 0x00, 0x00, 0x1c, 0xe1, 0x00, 0x00,
    0x00, 0x38, 0x50, 0x00, 0x00, 0x00, 0x00, 0x00, 0x00, 0x3b, 0xff, 0xf9, 0x10, 0x1e, 0xe8, 0x89,
    0xfb, 0x03, 0xb6, 0x00, 0x0a, 0xf3, 0x00, 0x00, 0x00, 0x8f, 0x40, 0x7d, 0xff, 0xff, 0xf4, 0x6f,
    0xb5, 0x44, 0x9f, 0x4b, 0xf1, 0x00, 0x08, 0xf4, 0xbf, 0x10, 0x00, 0xbf, 0x48, 0xfc, 0x55, 0xad,
    0xf4, 0x19, 0xff, 0xf8, 0x8f, 0x40, 0x01, 0x41, 0x00, 0x00, 0x00, 0x00, 0x03, 0x41, 0x00, 0x00,
    0x03, 0xfa, 0x00, 0x00, 0x01, 0xdc, 0x10, 0x00, 0x00, 0x48, 0x30, 0x00, 0x00, 0x00, 0x00, 0x00,
    0x00, 0x3b, 0xff, 0xf9, 0x10, 0x1e, 0xe8, 0x89, 0xfb, 0x03, 0xb6, 0x00, 0x0a, 0xf3, 0x00, 0x00,
    0x00, 0x8f, 0x40, 0x7d, 0xff, 0xff, 0xf4, 0x6f, 0xb5, 0x44, 0x9f, 0x4b, 0xf1, 0x00, 0x08, 0xf4,
    0xbf, 0x10, 0x00, 0xbf, 0x48, 0xfc, 0x55, 0xad, 0xf4, 0x19, 0xff, 0xf8, 0x8f, 0x40, 0x01, 0x41,
    0x00, 0x00, 0x00, 0x01, 0x41, 0x00, 0x00, 0x01, 0xcf, 0xc1, 0x00, 0x01, 0xcc, 0x3c, 0xc1, 0x00,
    0x58, 0x10, 0x18, 0x50, 0x00, 0x00, 0x00, 0x00, 0x00, 0x3b, 0xff, 0xf9, 0x10, 0x1e, 0xe8, 0x89,
    0xfb, 0x03, 0xb6, 0x00, 0x0a, 0xf3, 0x00, 0x00, 0x00, 0x8f, 0x40, 0x7d, 0xff, 0xff, 0xf4, 0x6f,
    0xb5, 0x44, 0x9f, 0x4b, 0xf1, 0x00, 0x08, 0xf4, 0xbf, 0x10, 0x00, 0xbf, 0x48, 0xfc, 0x55, 0xad,
    0xf4, 0x19, 0xff, 0xf8, 0x8f, 0x40, 0x01, 0x41, 0x00, 0x00, 0x00, 0x00, 0x00, 0x00, 0x00, 0x2e,
    0xf9, 0x0b, 0x80, 0x08, 0xc3, 0xce, 0xf3, 0x00, 0x23, 0x01, 0x43, 0x00, 0x00, 0x00, 0x00, 0x00,
    0x00, 0x3b, 0xff, 0xf9, 0x10, 0x1e, 0xe8, 0x89, 0xfb, 0x03, 0xb6, 0x00, 0x0a, 0xf3, 0x00, 0x00,
    0x00, 0x8f, 0x40, 0x7d, 0xff, 0xff, 0xf4, 0x6f, 0xb5, 0x44, 0x9f, 0x4b, 0xf1, 0x00, 0x08, 0xf4,
    0xbf, 0x10, 0x00, 0xbf, 0x48, 0xfc, 0x55, 0xad, 0xf4, 0x19, 0xff, 0xf8, 0x8f, 0x40, 0x01, 0x41,
    0x00, 0x00, 0x00, 0x00, 0x00, 0x00, 0x00, 0x8f, 0x70, 0x7f, 0x80, 0x0a, 0xf9, 0x09, 0xfa, 0x00,
    0x14, 0x10, 0x14, 0x10, 0x00, 0x00, 0x00, 0x00, 0x00, 0x3b, 0xff, 0xf9, 0x10, 0x1e, 0xe8, 0x89,
    0xfb, 0x03, 0xb6, 0x00, 0x0a, 0xf3, 0x00, 0x00, 0x00, 0x8f, 0x40, 0x7d, 0xff, 0xff, 0xf4, 0x6f,
    0xb5, 0x44, 0x9f, 0x4b, 0xf1, 0x00, 0x08, 0xf4, 0xbf, 0x10, 0x00, 0xbf, 0x48, 0xfc, 0x55, 0xad,
    0xf4, 0x19, 0xff, 0xf8, 0x8f, 0x40, 0x01, 0x41, 0x00, 0x00, 0x00, 0x00, 0x00, 0x00, 0x00, 0x03,
    0xdf, 0xd3, 0x00, 0x00, 0xa8, 0x08, 0xa0, 0x00, 0x0a, 0x80, 0x89, 0x00, 0x00, 0x3d, 0xfd, 0x30,
    0x00, 0x00, 0x00, 0x00, 0x00, 0x03, 0xbf, 0xff, 0x91, 0x01, 0xee, 0x88, 0x9f, 0xb0, 0x3b, 0x60,
    0x00, 0xaf, 0x30, 0x00, 0x00, 0x08, 0xf4, 0x07, 0xdf, 0xff, 0xff, 0x46, 0xfb, 0x54, 0x49, 0xf4,
    0xbf, 0x10, 0x00, 0x8f, 0x4b, 0xf1, 0x00, 0x0b, 0xf4, 0x8f, 0xc5, 0x5a, 0xdf, 0x41, 0x9f, 0xff,
    0x88, 0xf4, 0x00, 0x14, 0x10, 0x00, 0x00, 0x00, 0x00, 0x00, 0x00, 0x00, 0x00, 0x6e, 0xfb, 0x3c,
    0xfe, 0x30, 0x0e, 0xc5, 0xce, 0xc5, 0xde, 0x02, 0x83, 0x05, 0xf4, 0x08, 0xf4, 0x00, 0x00, 0x4f,
    0x40, 0x8f, 0x40, 0x3a, 0xbc, 0xfc, 0xbd, 0xf4, 0x1e, 0xc8, 0x9f, 0x98, 0x88, 0x26, 0xf4, 0x04,
    0xf4, 0x00, 0x00, 0x8f, 0x40, 0x5f, 0x40, 0x48, 0x23, 0xfa, 0x4c, 0xfa, 0x4c, 0xe1, 0x08, 0xff,
    0xc3, 0xdf, 0xe6, 0x00, 0x01, 0x30, 0x00, 0x41, 0x00, 0x00, 0x00, 0x00, 0x00, 0x00, 0x19, 0xff,
    0xfa, 0x20, 0x0c, 0xfb, 0x89, 0xfd, 0x15, 0xf9, 0x00, 0x08, 0xf6, 0x8f, 0x40, 0x00, 0x28, 0x48,
    0xf4, 0x00, 0x00, 0x00, 0x8f, 0x40, 0x00, 0x00, 0x08, 0xf4, 0x00, 0x01, 0x42, 0x5f, 0x80, 0x00,
    0x8f, 0x60, 0xdf, 0x98, 0x8f, 0xe1, 0x03, 0xbf, 0xff, 0xb3, 0x00, 0x00, 0xba, 0x20, 0x00, 0x00,
    0x04, 0x8e, 0x40, 0x00, 0x01, 0x47, 0xf7, 0x00, 0x00, 0x3b, 0xb7, 0x00, 0x00, 0x01, 0x43, 0x00,
    0x00, 0x00, 0x1c, 0xe3, 0x00, 0x00, 0x00, 0x1e, 0xc1, 0x00, 0x00, 0x00, 0x38, 0x40, 0x00, 0x00,
    0x00, 0x00, 0x00, 0x00, 0x1a, 0xff, 0xe8, 0x10, 0x1c, 0xe8, 0x59, 0xfb, 0x06, 0xf7, 0x00, 0x09,
    0xf3, 0x8f, 0x40, 0x00, 0x8f, 0x48, 0xfc, 0xbb, 0xbd, 0xf4, 0x8f, 0x98, 0x88, 0x88, 0x28, 0xf4,
    0x00, 0x00, 0x00, 0x6f, 0x70, 0x00, 0x58, 0x21, 0xee, 0x84, 0x8f, 0xd0, 0x03, 0xbf, 0xff, 0xb2,
    0x00, 0x00, 0x14, 0x10, 0x00, 0x00, 0x00, 0x03, 0x40, 0x00, 0x00, 0x05, 0xf9, 0x00, 0x00, 0x02,
    0xec, 0x00, 0x00, 0x00, 0x58, 0x10, 0x00, 0x00, 0x00, 0x00, 0x00, 0x00, 0x1a, 0xff, 0xe8, 0x10,
    0x1c, 0xe8, 0x59, 0xfb, 0x06, 0xf7, 0x00, 0x09, 0xf3, 0x8f, 0x40, 0x00, 0x8f, 0x48, 0xfc, 0xbb,
    0xbd, 0xf4, 0x8f, 0x98, 0x88, 0x88, 0x28, 0xf4, 0x00, 0x00, 0x00, 0x6f, 0x70, 0x00, 0x58, 0x21,
    0xee, 0x84, 0x8f, 0xd0, 0x03, 0xbf, 0xff, 0xb2, 0x00, 0x00, 0x14, 0x10, 0x00, 0x00, 0x02, 0x41,
    0x00, 0x00, 0x03, 0xef, 0xc1, 0x00, 0x03, 0xec, 0x4e, 0xc1, 0x00, 0x78, 0x10, 0x38, 0x50, 0x00,
    0x00, 0x00, 0x00, 0x00, 0x1a, 0xff, 0xe8, 0x10, 0x1c, 0xe8, 0x59, 0xfb, 0x06, 0xf7, 0x00, 0x09,
    0xf3, 0x8f, 0x40, 0x00, 0x8f, 0x48, 0xfc, 0xbb, 0xbd, 0xf4, 0x8f, 0x98, 0x88, 0x88, 0x28, 0xf4,
    0x00, 0x00, 0x00, 0x6f, 0x70, 0x00, 0x58, 0x21, 0xee, 0x84, 0x8f, 0xd0, 0x03, 0xbf, 0xff, 0xb2,
    0x00, 0x00, 0x14, 0x10, 0x00, 0x00, 0x00, 0x00, 0x00, 0x00, 0x8f, 0x50, 0x8f, 0x50, 0x0b, 0xf8,
    0x0a, 0xf8, 0x00, 0x24, 0x10, 0x14, 0x10, 0x00, 0x00, 0x00, 0x00, 0x00, 0x1a, 0xff, 0xe8, 0x10,
    0x1c, 0xe8, 0x59, 0xfb, 0x06, 0xf7, 0x00, 0x09, 0xf3, 0x8f, 0x40, 0x00, 0x8f, 0x48, 0xfc, 0xbb,
    0xbd, 0xf4, 0x8f, 0x98, 0x88, 0x88, 0x28, 0xf4, 0x00, 0x00, 0x00, 0x6f, 0x70, 0x00, 0x58, 0x21,
    0xee, 0x84, 0x8f, 0xd0, 0x03, 0xbf, 0xff, 0xb2, 0x00, 0x00, 0x14, 0x10, 0x00, 0x00, 0x44, 0x00,
    0x00, 0x00, 0x00, 0x8f, 0x60, 0x00, 0x00, 0x00, 0x0a, 0xf3, 0x00, 0x00, 0x00, 0x01, 0x86, 0x00,
    0x00, 0x00, 0x00, 0x00, 0x00, 0x00, 0x4f, 0xff, 0xfb, 0x00, 0x00, 0x3b, 0xbb, 0xfb, 0x00, 0x00,
    0x00, 0x00, 0xfb, 0x00, 0x00, 0x00, 0x00, 0xfb, 0x00, 0x00, 0x00, 0x00, 0xfb, 0x00, 0x00, 0x00,
    0x00, 0xfb, 0x00, 0x00, 0x00, 0x00, 0xfb, 0x00, 0x00, 0x00, 0x00, 0xfb, 0x00, 0x00, 0x48, 0x88,
    0xfd, 0x88, 0x80, 0x8f, 0xff, 0xff, 0xff, 0xf0, 0x00, 0x00, 0x02, 0x42, 0x00, 0x00, 0x00, 0x1e,
    0xc1, 0x00, 0x00, 0x00, 0xbe, 0x30, 0x00, 0x00, 0x03, 0x84, 0x00, 0x00, 0x00, 0x00, 0x00, 0x00,
    0x00, 0x4f, 0xff, 0xfb, 0x00, 0x00, 0x3b, 0xbb, 0xfb, 0x00, 0x00, 0x00, 0x00, 0xfb, 0x00, 0x00,
    0x00, 0x00, 0xfb, 0x00, 0x00, 0x00, 0x00, 0xfb, 0x00, 0x00, 0x00, 0x00, 0xfb, 0x00, 0x00, 0x00,
    0x00, 0xfb, 0x00, 0x00, 0x00, 0x00, 0xfb, 0x00, 0x00, 0x48, 0x88, 0xfd, 0x88, 0x80, 0x8f, 0xff,
    0xff, 0xff, 0xf0, 0x00, 0x01, 0x42, 0x00, 0x00, 0x00, 0x1c, 0xfe, 0x30, 0x00, 0x01, 0xce, 0x4c,
    0xe3, 0x00, 0x05, 0x83, 0x01, 0x87, 0x00, 0x00, 0x00, 0x00, 0x00, 0x00, 0x4f, 0xff, 0xfb, 0x00,
    0x00, 0x3b, 0xbb, 0xfb, 0x00, 0x00, 0x00, 0x00, 0xfb, 0x00, 0x00, 0x00, 0x00, 0xfb, 0x00, 0x00,
    0x00, 0x00, 0xfb, 0x00, 0x00, 0x00, 0x00, 0xfb, 0x00, 0x00, 0x00, 0x00, 0xfb, 0x00, 0x00, 0x00,
    0x00, 0xfb, 0x00, 0x00, 0x48, 0x88, 0xfd, 0x88, 0x80, 0x8f, 0xff, 0xff, 0xff, 0xf0, 0x00, 0x00,
    0x00, 0x00, 0x00, 0x05, 0xf8, 0x05, 0xfa, 0x00, 0x07, 0xfb, 0x07, 0xfd, 0x00, 0x00, 0x42, 0x00,
    0x42, 0x00, 0x00, 0x00, 0x00, 0x00, 0x00, 0x4f, 0xff, 0xfb, 0x00, 0x00, 0x3b, 0xbb, 0xfb, 0x00,
    0x00, 0x00, 0x00, 0xfb, 0x00, 0x00, 0x00, 0x00, 0xfb, 0x00, 0x00, 0x00, 0x00, 0xfb, 0x00, 0x00,
    0x00, 0x00, 0xfb, 0x00, 0x00, 0x00, 0x00, 0xfb, 0x00, 0x00, 0x00, 0x00, 0xfb, 0x00, 0x00, 0x48,
    0x88, 0xfd, 0x88, 0x80, 0x8f, 0xff, 0xff, 0xff, 0xf0, 0x00, 0x44, 0x00, 0x02, 0x00, 0x0a, 0xf6,
    0x6d, 0x80, 0x00, 0x3e, 0xff, 0x92, 0x00, 0x9f, 0xef, 0xb0, 0x00, 0x0d, 0x61, 0x8f, 0x80, 0x00,
    0x00, 0x00, 0xbf, 0x30, 0x02, 0x9d, 0xc8, 0xeb, 0x02, 0xef, 0xa8, 0xce, 0xf2, 0x8f, 0x70, 0x00,
    0xaf, 0x7b, 0xf0, 0x00, 0x04, 0xf8, 0xbf, 0x00, 0x00, 0x4f, 0x89, 0xf6, 0x00, 0x08, 0xf6, 0x2e,
    0xf8, 0x89, 0xfc, 0x00, 0x3b, 0xff, 0xf9, 0x10, 0x00, 0x00, 0x30, 0x00, 0x00, 0x00, 0x00, 0x00,
    0x00, 0x00, 0x2e, 0xf9, 0x0b, 0x80, 0x08, 0xc3, 0xce, 0xf3, 0x00, 0x23, 0x01, 0x43, 0x00, 0x00,
    0x00, 0x00, 0x00, 0x08, 0xf5, 0xbf, 0xfb, 0x30, 0x8f, 0xa9, 0x8a, 0xfc, 0x08, 0xf9, 0x00, 0x0b,
    0xf3, 0x8f, 0x60, 0x00, 0x8f, 0x48, 0xf4, 0x00, 0x08, 0xf4, 0x8f, 0x40, 0x00, 0x8f, 0x48, 0xf4,
    0x00, 0x08, 0xf4, 0x8f, 0x40, 0x00, 0x8f, 0x48, 0xf4, 0x00, 0x08, 0xf4, 0x8f, 0x40, 0x00, 0x8f,
    0x40, 0x01, 0x43, 0x00, 0x00, 0x00, 0x1c, 0xe3, 0x00, 0x00, 0x00, 0x1e, 0xc1, 0x00, 0x00, 0x00,
    0x38, 0x40, 0x00, 0x00, 0x00, 0x00, 0x00, 0x00, 0x19, 0xff, 0xe8, 0x10, 0x1c, 0xfa, 0x8b, 0xfa,
    0x06, 0xf8, 0x00, 0x0b, 0xf3, 0x8f, 0x40, 0x00, 0x8f, 0x48, 0xf4, 0x00, 0x08, 0xf4, 0x8f, 0x40,
    0x00, 0x8f, 0x48, 0xf4, 0x00, 0x08, 0xf4, 0x6f, 0x80, 0x00, 0xaf, 0x31, 0xef, 0x88, 0xaf, 0xb0,
    0x03, 0xbf, 0xff, 0x91, 0x00, 0x00, 0x03, 0x00, 0x00, 0x00, 0x00, 0x03, 0x40, 0x00, 0x00, 0x05,
    0xf9, 0x00, 0x00, 0x02, 0xec, 0x00, 0x00, 0x00, 0x58, 0x10, 0x00, 0x00, 0x00, 0x00, 0x00, 0x00,
    0x19, 0xff, 0xe8, 0x10, 0x1c, 0xfa, 0x8b, 0xfa, 0x06, 0xf8, 0x00, 0x0b, 0xf3, 0x8f, 0x40, 0x00,
    0x8f, 0x48, 0xf4, 0x00, 0x08, 0xf4, 0x8f, 0x40, 0x00, 0x8f, 0x48, 0xf4, 0x00, 0x08, 0xf4, 0x6f,
    0x80, 0x00, 0xaf, 0x31, 0xef, 0x88, 0xaf, 0xb0, 0x03, 0xbf, 0xff, 0x91, 0x00, 0x00, 0x03, 0x00,
    0x00, 0x00, 0x02, 0x41, 0x00, 0x00, 0x03, 0xef, 0xc1, 0x00, 0x03, 0xec, 0x4e, 0xc1, 0x00, 0x78,
    0x10, 0x38, 0x50, 0x00, 0x00, 0x00, 0x00, 0x00, 0x19, 0xff, 0xe8, 0x10, 0x1c, 0xfa, 0x8b, 0xfa,
    0x06, 0xf8, 0x00, 0x0b, 0xf3, 0x8f, 0x40, 0x00, 0x8f, 0x48, 0xf4, 0x00, 0x08, 0xf4, 0x8f, 0x40,
    0x00, 0x8f, 0x48, 0xf4, 0x00, 0x08, 0xf4, 0x6f, 0x80, 0x00, 0xaf, 0x31, 0xef, 0x88, 0xaf, 0xb0,
    0x03, 0xbf, 0xff, 0x91, 0x00, 0x00, 0x03, 0x00, 0x00, 0x00, 0x00, 0x00, 0x00, 0x00, 0x3e, 0xf8,
    0x0f, 0x40, 0x08, 0xc3, 0xed, 0xe2, 0x00, 0x23, 0x01, 0x42, 0x00, 0x00, 0x00, 0x00, 0x00, 0x00,
    0x19, 0xff, 0xe8, 0x10, 0x1c, 0xfa, 0x8b, 0xfa, 0x06, 0xf8, 0x00, 0x0b, 0xf3, 0x8f, 0x40, 0x00,
    0x8f, 0x48, 0xf4, 0x00, 0x08, 0xf4, 0x8f, 0x40, 0x00, 0x8f, 0x48, 0xf4, 0x00, 0x08, 0xf4, 0x6f,
    0x80, 0x00, 0xaf, 0x31, 0xef, 0x88, 0xaf, 0xb0, 0x03, 0xbf, 0xff, 0x91, 0x00, 0x00, 0x03, 0x00,
    0x00, 0x00, 0x00, 0x00, 0x00, 0x00, 0x8f, 0x50, 0x8f, 0x50, 0x0b, 0xf8, 0x0a, 0xf8, 0x00, 0x24,
    0x10, 0x14, 0x10, 0x00, 0x00, 0x00, 0x00, 0x00, 0x19, 0xff, 0xe8, 0x10, 0x1c, 0xfa, 0x8b, 0xfa,
    0x06, 0xf8, 0x00, 0x0b, 0xf3, 0x8f, 0x40, 0x00, 0x8f, 0x48, 0xf4, 0x00, 0x08, 0xf4, 0x8f, 0x40,
    0x00, 0x8f, 0x48, 0xf4, 0x00, 0x08, 0xf4, 0x6f, 0x80, 0x00, 0xaf, 0x31, 0xef, 0x88, 0xaf, 0xb0,
    0x03, 0xbf, 0xff, 0x91, 0x00, 0x00, 0x03, 0x00, 0x00, 0x00, 0x00, 0x00, 0x00, 0x00, 0x00, 0xcf,
    0x90, 0x00, 0x00, 0x2f, 0xfe, 0x00, 0x00, 0x00, 0x8b, 0x50, 0x00, 0x00, 0x00, 0x00, 0x00, 0x03,
    0xbb, 0xbb, 0xbb, 0xb0, 0x3b, 0xbb, 0xbb, 0xbb, 0x00, 0x00, 0x00, 0x00, 0x00, 0x00, 0x06, 0xa5,
    0x00, 0x00, 0x02, 0xff, 0xe0, 0x00, 0x00, 0x0c, 0xf9, 0x00, 0x00, 0x00, 0x00, 0x00, 0x00, 0x00,
    0x00, 0x00, 0x00, 0x67, 0x00, 0x01, 0xaf, 0xfe, 0xaf, 0x70, 0x00, 0xcf, 0x98, 0xbf, 0xd0, 0x00,
    0x5f, 0x80, 0x0a, 0xff, 0x20, 0x08, 0xf4, 0x07, 0xfb, 0xf4, 0x00, 0x8f, 0x43, 0xe8, 0x8f, 0x40,
    0x08, 0xf4, 0xcc, 0x18, 0xf4, 0x00, 0x8f, 0xcf, 0x30, 0x8f, 0x40, 0x06, 0xff, 0x70, 0x09, 0xf3,
    0x00, 0x2f, 0xf8, 0x89, 0xfb, 0x00, 0x0a, 0xeb, 0xff, 0xfb, 0x10, 0x01, 0x84, 0x01, 0x41, 0x00,
    0x00, 0x01, 0x43, 0x00, 0x00, 0x00, 0x1c, 0xe3, 0x00, 0x00, 0x00, 0x1e, 0xc1, 0x00, 0x00, 0x00,
    0x38, 0x40, 0x00, 0x00, 0x00, 0x00, 0x00, 0x08, 0xf4, 0x00, 0x08, 0xf4, 0x8f, 0x40, 0x00, 0x8f,
    0x48, 0xf4, 0x00, 0x08, 0xf4, 0x8f, 0x40, 0x00, 0x8f, 0x48, 0xf4, 0x00, 0x08, 0xf4, 0x8f, 0x40,
    0x00, 0x8f, 0x48, 0xf4, 0x00, 0x08, 0xf4, 0x5f, 0x80, 0x00, 0xbf, 0x20, 0xdf, 0x88, 0xaf, 0xb0,
    0x03, 0xbf, 0xff, 0x91, 0x00, 0x00, 0x14, 0x10, 0x00, 0x00, 0x00, 0x03, 0x40, 0x00, 0x00, 0x05,
    0xf9, 0x00, 0x00, 0x02, 0xec, 0x00, 0x00, 0x00, 0x58, 0x10, 0x00, 0x00, 0x00, 0x00, 0x00, 0x08,
    0xf4, 0x00, 0x08, 0xf4, 0x8f, 0x40, 0x00, 0x8f, 0x48, 0xf4, 0x00, 0x08, 0xf4, 0x8f, 0x40, 0x00,
    0x8f, 0x48, 0xf4, 0x00, 0x08, 0xf4, 0x8f, 0x40, 0x00, 0x8f, 0x48, 0xf4, 0x00, 0x08, 0xf4, 0x5f,
    0x80, 0x00, 0xbf, 0x20, 0xdf, 0x88, 0xaf, 0xb0, 0x03, 0xbf, 0xff, 0x91, 0x00, 0x00, 0x14, 0x10,
    0x00, 0x00, 0x02, 0x41, 0x00, 0x00, 0x03, 0xef, 0xc1, 0x00, 0x03, 0xec, 0x4e, 0xc1, 0x00, 0x78,
    0x10, 0x38, 0x50, 0x00, 0x00, 0x00, 0x00, 0x08, 0xf4, 0x00, 0x08, 0xf4, 0x8f, 0x40, 0x00, 0x8f,
    0x48, 0xf4, 0x00, 0x08, 0xf4, 0x8f, 0x40, 0x00, 0x8f, 0x48, 0xf4, 0x00, 0x08, 0xf4, 0x8f, 0x40,
    0x00, 0x8f, 0x48, 0xf4, 0x00, 0x08, 0xf4, 0x5f, 0x80, 0x00, 0xbf, 0x20, 0xdf, 0x88, 0xaf, 0xb0,
    0x03, 0xbf, 0xff, 0x91, 0x00, 0x00, 0x14, 0x10, 0x00, 0x00, 0x00, 0x00, 0x00, 0x00, 0x8f, 0x50,
    0x8f, 0x50, 0x0b, 0xf8, 0x0a, 0xf8, 0x00, 0x24, 0x10, 0x14, 0x10, 0x00, 0x00, 0x00, 0x00, 0x08,
    0xf4, 0x00, 0x08, 0xf4, 0x8f, 0x40, 0x00, 0x8f, 0x48, 0xf4, 0x00, 0x08, 0xf4, 0x8f, 0x40, 0x00,
    0x8f, 0x48, 0xf4, 0x00, 0x08, 0xf4, 0x8f, 0x40, 0x00, 0x8f, 0x48, 0xf4, 0x00, 0x08, 0xf4, 0x5f,
    0x80, 0x00, 0xbf, 0x20, 0xdf, 0x88, 0xaf, 0xb0, 0x03, 0xbf, 0xff, 0x91, 0x00, 0x00, 0x14, 0x10,
    0x00, 0x00, 0x00, 0x00, 0x34, 0x00, 0x00, 0x00, 0x05, 0xf9, 0x00, 0x00, 0x00, 0x2e, 0xc0, 0x00,
    0x00, 0x00, 0x58, 0x10, 0x00, 0x00, 0x00, 0x00, 0x00, 0x00, 0x0e, 0xe0, 0x00, 0x02, 0xfc, 0x08,
    0xf5, 0x00, 0x07, 0xf6, 0x02, 0xfa, 0x00, 0x0c, 0xf1, 0x00, 0xbf, 0x20, 0x3f, 0x90, 0x00, 0x6f,
    0x70, 0x8f, 0x50, 0x00, 0x0e, 0xd0, 0xdd, 0x00, 0x00, 0x08, 0xf6, 0xf8, 0x00, 0x00, 0x02, 0xff,
    0xf2, 0x00, 0x00, 0x00, 0xbf, 0xc0, 0x00, 0x00, 0x00, 0x8f, 0x60, 0x00, 0x00, 0x00, 0xcf, 0x10,
    0x00, 0x00, 0x03, 0xf9, 0x00, 0x00, 0x00, 0x08, 0xf5, 0x00, 0x00, 0x00, 0x03, 0x40, 0x00, 0x00,
    0x24, 0x10, 0x00, 0x00, 0x08, 0xf4, 0x00, 0x00, 0x00, 0x8f, 0x40, 0x00, 0x00, 0x08, 0xf4, 0x00,
    0x00, 0x00, 0x8f, 0x5b, 0xff, 0xb1, 0x08, 0xfd, 0x98, 0xbf, 0xb0, 0x8f, 0x80, 0x00, 0xbf, 0x28,
    0xf4, 0x00, 0x08, 0xf4, 0x8f, 0x40, 0x00, 0x8f, 0x48, 0xf4, 0x00, 0x08, 0xf4, 0x8f, 0x40, 0x00,
    0x8f, 0x48, 0xf8, 0x00, 0x0b, 0xf2, 0x8f, 0xd8, 0x79, 0xfb, 0x08, 0xf5, 0xcf, 0xfc, 0x30, 0x8f,
    0x40, 0x32, 0x00, 0x08, 0xf4, 0x00, 0x00, 0x00, 0x8f, 0x40, 0x00, 0x00, 0x00, 0x00, 0x00, 0x00,
    0x00, 0x00, 0x00, 0x00, 0x00, 0x00, 0x00, 0x8f, 0x50, 0x8f, 0x50, 0x00, 0xbf, 0x80, 0xaf, 0x80,
    0x00, 0x24, 0x10, 0x14, 0x10, 0x00, 0x00, 0x00, 0x00, 0x00, 0x0e, 0xe0, 0x00, 0x02, 0xfc, 0x08,
    0xf5, 0x00, 0x07, 0xf6, 0x02, 0xfa, 0x00, 0x0c, 0xf1, 0x00, 0xbf, 0x20, 0x3f, 0x90, 0x00, 0x6f,
    0x70, 0x8f, 0x50, 0x00, 0x0e, 0xd0, 0xdd, 0x00, 0x00, 0x08, 0xf6, 0xf8, 0x00, 0x00, 0x02, 0xff,
    0xf2, 0x00, 0x00, 0x00, 0xbf, 0xc0, 0x00, 0x00, 0x00, 0x8f, 0x60, 0x00, 0x00, 0x00, 0xcf, 0x10,
    0x00, 0x00, 0x03, 0xf9, 0x00, 0x00, 0x00, 0x08, 0xf5, 0x00, 0x00, 0x00, 0x03, 0x40, 0x00, 0x00,
    0x00, 0x48, 0x88, 0x88, 0x20, 0x00, 0x8f, 0xff, 0xff, 0x40, 0x00, 0x00, 0x00, 0x00, 0x00, 0x00,
    0x00, 0x34, 0x20, 0x00, 0x00, 0x00, 0xef, 0xb0, 0x00, 0x00, 0x03, 0xfd, 0xf0, 0x00, 0x00, 0x07,
    0xf8, 0xf4, 0x00, 0x00, 0x0a, 0xe2, 0xf8, 0x00, 0x00, 0x0e, 0xa0, 0xdc, 0x00, 0x00, 0x4f, 0x70,
    0xaf, 0x10, 0x00, 0x8f, 0x40, 0x7f, 0x50, 0x00, 0xbf, 0x00, 0x3f, 0x80, 0x00, 0xff, 0xff, 0xff,
    0xc0, 0x04, 0xfb, 0x88, 0x8c, 0xf1, 0x08, 0xf4, 0x00, 0x07, 0xf5, 0x0c, 0xf0, 0x00, 0x03, 0xf8,
    0x1f, 0xb0, 0x00, 0x00, 0xfd, 0x04, 0x88, 0x88, 0x84, 0x00, 0x8f, 0xff, 0xff, 0x80, 0x00, 0x00,
    0x00, 0x00, 0x00, 0x00, 0x00, 0x00, 0x00, 0x03, 0xbf, 0xff, 0x91, 0x01, 0xee, 0x88, 0x9f, 0xb0,
    0x3b, 0x60, 0x00, 0xaf, 0x30, 0x00, 0x00, 0x08, 0xf4, 0x07, 0xdf, 0xff, 0xff, 0x46, 0xfb, 0x54,
    0x49, 0xf4, 0xbf, 0x10, 0x00, 0x8f, 0x4b, 0xf1, 0x00, 0x0b, 0xf4, 0x8f, 0xc5, 0x5a, 0xdf, 0x41,
    0x9f, 0xff, 0x88, 0xf4, 0x00, 0x14, 0x10, 0x00, 0x00, 0x00, 0x00, 0x00, 0x00, 0x00, 0x00, 0x8e,
    0x10, 0x3f, 0x40, 0x00, 0x1e, 0xd8, 0xec, 0x00, 0x00, 0x01, 0x78, 0x60, 0x00, 0x00, 0x00, 0x34,
    0x20, 0x00, 0x00, 0x00, 0xef, 0xb0, 0x00, 0x00, 0x03, 0xfd, 0xf0, 0x00, 0x00, 0x07, 0xf8, 0xf4,
    0x00, 0x00, 0x0a, 0xe2, 0xf8, 0x00, 0x00, 0x0e, 0xa0, 0xdc, 0x00, 0x00, 0x4f, 0x70, 0xaf, 0x10,
    0x00, 0x8f, 0x40, 0x7f, 0x50, 0x00, 0xbf, 0x00, 0x3f, 0x80, 0x00, 0xff, 0xff, 0xff, 0xc0, 0x04,
    0xfb, 0x88, 0x8c, 0xf1, 0x08, 0xf4, 0x00, 0x07, 0xf5, 0x0c, 0xf0, 0x00, 0x03, 0xf8, 0x1f, 0xb0,
    0x00, 0x00, 0xfd, 0x02, 0x40, 0x00, 0x42, 0x00, 0x6f, 0x10, 0x2f, 0x60, 0x01, 0xcd, 0xbd, 0xc1,
    0x00, 0x01, 0x68, 0x61, 0x00, 0x00, 0x00, 0x00, 0x00, 0x00, 0x3b, 0xff, 0xf9, 0x10, 0x1e, 0xe8,
    0x89, 0xfb, 0x03, 0xb6, 0x00, 0x0a, 0xf3, 0x00, 0x00, 0x00, 0x8f, 0x40, 0x7d, 0xff, 0xff, 0xf4,
    0x6f, 0xb5, 0x44, 0x9f, 0x4b, 0xf1, 0x00, 0x08, 0xf4, 0xbf, 0x10, 0x00, 0xbf, 0x48, 0xfc, 0x55,
    0xad, 0xf4, 0x19, 0xff, 0xf8, 0x8f, 0x40, 0x01, 0x41, 0x00, 0x00, 0x00, 0x00, 0x34, 0x20, 0x00,
    0x00, 0x00, 0x0e, 0xfb, 0x00, 0x00, 0x00, 0x03, 0xfd, 0xf0, 0x00, 0x00, 0x00, 0x7f, 0x8f, 0x40,
    0x00, 0x00, 0x0a, 0xe2, 0xf8, 0x00, 0x00, 0x00, 0xea, 0x0d, 0xc0, 0x00, 0x00, 0x4f, 0x70, 0xaf,
    0x10, 0x00, 0x08, 0xf4, 0x07, 0xf5, 0x00, 0x00, 0xbf, 0x00, 0x3f, 0x80, 0x00, 0x0f, 0xff, 0xff,
    0xfc, 0x00, 0x04, 0xfb, 0x88, 0x8c, 0xf1, 0x00, 0x8f, 0x40, 0x00, 0x7f, 0x50, 0x0c, 0xf0, 0x00,
    0x03, 0xf8, 0x01, 0xfb, 0x00, 0x00, 0x0e, 0xd0, 0x00, 0x00, 0x00, 0x06, 0xe3, 0x00, 0x00, 0x00,
    0x02, 0xf8, 0x00, 0x00, 0x00, 0x00, 0x2f, 0xc8, 0x40, 0x00, 0x00, 0x00, 0x5a, 0xb6, 0x00, 0x00,
    0x00, 0x00, 0x00, 0x03, 0xbf, 0xff, 0x91, 0x00, 0x1e, 0xe8, 0x89, 0xfb, 0x00, 0x3b, 0x60, 0x00,
    0xaf, 0x30, 0x00, 0x00, 0x00, 0x8f, 0x40, 0x07, 0xdf, 0xff, 0xff, 0x40, 0x6f, 0xb5, 0x44, 0x9f,
    0x40, 0xbf, 0x10, 0x00, 0x8f, 0x40, 0xbf, 0x10, 0x00, 0xbf, 0x40, 0x8f, 0xc5, 0x5a, 0xdf, 0x40,
    0x19, 0xff, 0xf8, 0x8f, 0x40, 0x00, 0x14, 0x10, 0xba, 0x00, 0x00, 0x00, 0x07, 0xf3, 0x00, 0x00,
    0x00, 0x07, 0xfa, 0x82, 0x00, 0x00, 0x00, 0x7b, 0xb3, 0x00, 0x00, 0x00, 0x00, 0x00, 0x00, 0x03,
    0xfa, 0x00, 0x00, 0x01, 0xdc, 0x10, 0x00, 0x00, 0x48, 0x30, 0x00, 0x00, 0x04, 0x44, 0x00, 0x00,
    0x3d, 0xff, 0xfd, 0x30, 0x1e, 0xf8, 0x48, 0xee, 0x15, 0xf8, 0x00, 0x08, 0xf6, 0x8f, 0x50, 0x00,
    0x28, 0x48, 0xf4, 0x00, 0x00, 0x00, 0x8f, 0x40, 0x00, 0x00, 0x08, 0xf4, 0x00, 0x00, 0x00, 0x8f,
    0x40, 0x00, 0x00, 0x08, 0xf4, 0x00, 0x00, 0x00, 0x8f, 0x50, 0x00, 0x3b, 0x64, 0xf9, 0x00, 0x08,
    0xf6, 0x0c, 0xf9, 0x88, 0xfd, 0x10, 0x2b, 0xff, 0xfb, 0x30, 0x00, 0x01, 0x41, 0x00, 0x00, 0x00,
    0x00, 0x03, 0x41, 0x00, 0x00, 0x03, 0xeb, 0x00, 0x00, 0x01, 0xcd, 0x10, 0x00, 0x00, 0x38, 0x30,
    0x00, 0x00, 0x00, 0x00, 0x00, 0x00, 0x19, 0xff, 0xfa, 0x20, 0x0c, 0xfb, 0x89, 0xfd, 0x15, 0xf9,
    0x00, 0x08, 0xf6, 0x8f, 0x40, 0x00, 0x28, 0x48, 0xf4, 0x00, 0x00, 0x00, 0x8f, 0x40, 0x00, 0x00,
    0x08, 0xf4, 0x00, 0x01, 0x42, 0x5f, 0x80, 0x00, 0x8f, 0x60, 0xdf, 0x98, 0x8f, 0xe1, 0x02, 0xbf,
    0xff, 0xb3, 0x00, 0x00, 0x14, 0x10, 0x00, 0x00, 0x00, 0x00, 0x00, 0x00, 0x01, 0xcf, 0xc1, 0x00,
    0x01, 0xce, 0x6e, 0xc1, 0x00, 0x58, 0x30, 0x28, 0x50, 0x00, 0x04, 0x44, 0x00, 0x00, 0x3d, 0xff,
    0xfd, 0x30, 0x1e, 0xf8, 0x48, 0xee, 0x15, 0xf8, 0x00, 0x08, 0xf6, 0x8f, 0x50, 0x00, 0x28, 0x48,
    0xf4, 0x00, 0x00, 0x00, 0x8f, 0x40, 0x00, 0x00, 0x08, 0xf4, 0x00, 0x00, 0x00, 0x8f, 0x40, 0x00,
    0x00, 0x08, 0xf4, 0x00, 0x00, 0x00, 0x8f, 0x50, 0x00, 0x3b, 0x64, 0xf9, 0x00, 0x08, 0xf6, 0x0c,
    0xf9, 0x88, 0xfd, 0x10, 0x2b, 0xff, 0xfb, 0x30, 0x00, 0x01, 0x41, 0x00, 0x00, 0x00, 0x01, 0x41,
    0x00, 0x00, 0x01, 0xcf, 0xc1, 0x00, 0x01, 0xce, 0x4c, 0xc1, 0x00, 0x58, 0x30, 0x18, 0x50, 0x00,
    0x00, 0x00, 0x00, 0x00, 0x19, 0xff, 0xfa, 0x20, 0x0c, 0xfb, 0x89, 0xfd, 0x15, 0xf9, 0x00, 0x08,
    0xf6, 0x8f, 0x40, 0x00, 0x28, 0x48, 0xf4, 0x00, 0x00, 0x00, 0x8f, 0x40, 0x00, 0x00, 0x08, 0xf4,
    0x00, 0x01, 0x42, 0x5f, 0x80, 0x00, 0x8f, 0x60, 0xdf, 0x98, 0x8f, 0xe1, 0x02, 0xbf, 0xff, 0xb3,
    0x00, 0x00, 0x14, 0x10, 0x00, 0x00, 0x00, 0x00, 0x00, 0x00, 0x00, 0x8f, 0x80, 0x00, 0x00, 0x0a,
    0xfa, 0x00, 0x00, 0x00, 0x14, 0x10, 0x00, 0x00, 0x04, 0x44, 0x00, 0x00, 0x3d, 0xff, 0xfd, 0x30,
    0x1e, 0xf8, 0x48, 0xee, 0x15, 0xf8, 0x00, 0x08, 0xf6, 0x8f, 0x50, 0x00, 0x28, 0x48, 0xf4, 0x00,
    0x00, 0x00, 0x8f, 0x40, 0x00, 0x00, 0x08, 0xf4, 0x00, 0x00, 0x00, 0x8f, 0x40, 0x00, 0x00, 0x08,
    0xf4, 0x00, 0x00, 0x00, 0x8f, 0x50, 0x00, 0x3b, 0x64, 0xf9, 0x00, 0x08, 0xf6, 0x0c, 0xf9, 0x88,
    0xfd, 0x10, 0x2b, 0xff, 0xfb, 0x30, 0x00, 0x01, 0x41, 0x00, 0x00, 0x00, 0x00, 0x00, 0x00, 0x00,
    0x00, 0x8f, 0x80, 0x00, 0x00, 0x0a, 0xfb, 0x00, 0x00, 0x00, 0x14, 0x20, 0x00, 0x00, 0x00, 0x00,
    0x00, 0x00, 0x19, 0xff, 0xfa, 0x20, 0x0c, 0xfb, 0x89, 0xfd, 0x15, 0xf9, 0x00, 0x08, 0xf6, 0x8f,
    0x40, 0x00, 0x28, 0x48, 0xf4, 0x00, 0x00, 0x00, 0x8f, 0x40, 0x00, 0x00, 0x08, 0xf4, 0x00, 0x01,
    0x42, 0x5f, 0x80, 0x00, 0x8f, 0x60, 0xdf, 0x98, 0x8f, 0xe1, 0x02, 0xbf, 0xff, 0xb3, 0x00, 0x00,
    0x14, 0x10, 0x00, 0x00, 0x00, 0x00, 0x00, 0x00, 0x3e, 0x90, 0x9e, 0x30, 0x00, 0x3e, 0xde, 0x30,
    0x00, 0x00, 0x38, 0x30, 0x00, 0x00, 0x04, 0x44, 0x00, 0x00, 0x3d, 0xff, 0xfd, 0x30, 0x1e, 0xf8,
    0x48, 0xee, 0x15, 0xf8, 0x00, 0x08, 0xf6, 0x8f, 0x50, 0x00, 0x28, 0x48, 0xf4, 0x00, 0x00, 0x00,
    0x8f, 0x40, 0x00, 0x00, 0x08, 0xf4, 0x00, 0x00, 0x00, 0x8f, 0x40, 0x00, 0x00, 0x08, 0xf4, 0x00,
    0x00, 0x00, 0x8f, 0x50, 0x00, 0x3b, 0x64, 0xf9, 0x00, 0x08, 0xf6, 0x0c, 0xf9, 0x88, 0xfd, 0x10,
    0x2b, 0xff, 0xfb, 0x30, 0x00, 0x01, 0x41, 0x00, 0x00, 0x03, 0x40, 0x00, 0x43, 0x00, 0x3e, 0xb1,
    0x9f, 0x30, 0x00, 0x3e, 0xef, 0x60, 0x00, 0x00, 0x38, 0x50, 0x00, 0x00, 0x00, 0x00, 0x00, 0x00,
    0x19, 0xff, 0xfa, 0x20, 0x0c, 0xfb, 0x89, 0xfd, 0x15, 0xf9, 0x00, 0x08, 0xf6, 0x8f, 0x40, 0x00,
    0x28, 0x48, 0xf4, 0x00, 0x00, 0x00, 0x8f, 0x40, 0x00, 0x00, 0x08, 0xf4, 0x00, 0x01, 0x42, 0x5f,
    0x80, 0x00, 0x8f, 0x60, 0xdf, 0x98, 0x8f, 0xe1, 0x02, 0xbf, 0xff, 0xb3, 0x00, 0x00, 0x14, 0x10,
    0x00, 0x00, 0x00, 0x00, 0x00, 0x00, 0x6f, 0x91, 0xce, 0x30, 0x00, 0x6f, 0xee, 0x30, 0x00, 0x00,
    0x58, 0x30, 0x00, 0x24, 0x44, 0x20, 0x00, 0x08, 0xff, 0xff, 0xe8, 0x00, 0x8f, 0x98, 0x8b, 0xf8,
    0x08, 0xf4, 0x00, 0x0b, 0xf2, 0x8f, 0x40, 0x00, 0x8f, 0x48, 0xf4, 0x00, 0x08, 0xf4, 0x8f, 0x40,
    0x00, 0x8f, 0x48, 0xf4, 0x00, 0x08, 0xf4, 0x8f, 0x40, 0x00, 0x8f, 0x48, 0xf4, 0x00, 0x08, 0xf4,
    0x8f, 0x40, 0x00, 0x8f, 0x48, 0xf4, 0x00, 0x1d, 0xf1, 0x8f, 0x98, 0x8d, 0xf8, 0x08, 0xff, 0xff,
    0xc6, 0x00, 0x00, 0x00, 0x02, 0x41, 0x34, 0x00, 0x00, 0x08, 0xf4, 0xbc, 0x00, 0x00, 0x08, 0xf4,
    0xbb, 0x00, 0x00, 0x08, 0xf4, 0xf8, 0x08, 0xff, 0x88, 0xf4, 0x00, 0x8f, 0xc8, 0xac, 0xf4, 0x00,
    0xcf, 0x10, 0x0c, 0xf4, 0x00, 0xfb, 0x00, 0x08, 0xf4, 0x00, 0xfb, 0x00, 0x08, 0xf4, 0x00, 0xfb,
    0x00, 0x08, 0xf4, 0x00, 0xfb, 0x00, 0x08, 0xf4, 0x00, 0xcf, 0x10, 0x0c, 0xf4, 0x00, 0x8f, 0xa5,
    0x8d, 0xf4, 0x00, 0x1b, 0xff, 0xb8, 0xf4, 0x00, 0x00, 0x22, 0x00, 0x00, 0x00, 0x02, 0x44, 0x42,
    0x00, 0x00, 0x08, 0xff, 0xff, 0xe8, 0x00, 0x08, 0xf9, 0x88, 0xbf, 0x80, 0x08, 0xf4, 0x00, 0x0b,
    0xf2, 0x08, 0xf4, 0x00, 0x08, 0xf4, 0x08, 0xf4, 0x00, 0x08, 0xf4, 0x6b, 0xf9, 0x82, 0x08, 0xf4,
    0xbf, 0xff, 0xf4, 0x08, 0xf4, 0x08, 0xf4, 0x00, 0x08, 0xf4, 0x08, 0xf4, 0x00, 0x08, 0xf4, 0x08,
    0xf4, 0x00, 0x08, 0xf4, 0x08, 0xf4, 0x00, 0x1d, 0xf1, 0x08, 0xf9, 0x88, 0xdf, 0x80, 0x08, 0xff,
    0xff, 0xc6, 0x00, 0x00, 0x00, 0x00, 0x24, 0x10, 0x00, 0x00, 0x00, 0x8f, 0x40, 0x00, 0x04, 0x88,
    0xbf, 0x96, 0x00, 0x06, 0xbb, 0xdf, 0xc8, 0x00, 0x00, 0x00, 0x8f, 0x40, 0x03, 0xbf, 0xe8, 0x8f,
    0x40, 0x1d, 0xfb, 0x8d, 0xaf, 0x40, 0x5f, 0x90, 0x01, 0xdf, 0x40, 0x8f, 0x50, 0x00, 0x9f, 0x40,
    0x8f, 0x40, 0x00, 0x8f, 0x40, 0x8f, 0x40, 0x00, 0x8f, 0x40, 0x6f, 0x80, 0x00, 0xcf, 0x40, 0x1e,
    0xf8, 0x7a, 0xcf, 0x40, 0x05, 0xef, 0xf9, 0x8f, 0x40, 0x00, 0x04, 0x20, 0x00, 0x00, 0x02, 0x88,
    0x88, 0x84, 0x00, 0x4f, 0xff, 0xff, 0x80, 0x00, 0x00, 0x00, 0x00, 0x01, 0x44, 0x44, 0x44, 0x42,
    0x4f, 0xff, 0xff, 0xff, 0x84, 0xfb, 0x88, 0x88, 0x84, 0x4f, 0x80, 0x00, 0x00, 0x04, 0xf8, 0x00,
    0x00, 0x00, 0x4f, 0x80, 0x00, 0x00, 0x04, 0xfd, 0xbb, 0xbb, 0x80, 0x4f, 0xff, 0xff, 0xfb, 0x04,
    0xf8, 0x00, 0x00, 0x00, 0x4f, 0x80, 0x00, 0x00, 0x04, 0xf8, 0x00, 0x00, 0x00, 0x4f, 0x80, 0x00,
    0x00, 0x04, 0xfb, 0x88, 0x88, 0x84, 0x4f, 0xff, 0xff, 0xff, 0x80, 0x04, 0x88, 0x88, 0x82, 0x00,
    0x8f, 0xff, 0xff, 0x40, 0x00, 0x00, 0x00, 0x00, 0x00, 0x00, 0x00, 0x00, 0x00, 0x01, 0xaf, 0xfe,
    0x81, 0x01, 0xce, 0x85, 0x9f, 0xb0, 0x6f, 0x70, 0x00, 0x9f, 0x38, 0xf4, 0x00, 0x08, 0xf4, 0x8f,
    0xcb, 0xbb, 0xdf, 0x48, 0xf9, 0x88, 0x88, 0x82, 0x8f, 0x40, 0x00, 0x00, 0x06, 0xf7, 0x00, 0x05,
    0x82, 0x1e, 0xe8, 0x48, 0xfd, 0x00, 0x3b, 0xff, 0xfb, 0x20, 0x00, 0x01, 0x41, 0x00, 0x00, 0x00,
    0x00, 0x00, 0x00, 0x00, 0x5f, 0x20, 0x1f, 0x70, 0x00, 0xcd, 0x9d, 0xd1, 0x00, 0x01, 0x68, 0x71,
    0x00, 0x14, 0x44, 0x44, 0x44, 0x24, 0xff, 0xff, 0xff, 0xf8, 0x4f, 0xb8, 0x88, 0x88, 0x44, 0xf8,
    0x00, 0x00, 0x00, 0x4f, 0x80, 0x00, 0x00, 0x04, 0xf8, 0x00, 0x00, 0x00, 0x4f, 0xdb, 0xbb, 0xb8,
    0x04, 0xff, 0xff, 0xff, 0xb0, 0x4f, 0x80, 0x00, 0x00, 0x04, 0xf8, 0x00, 0x00, 0x00, 0x4f, 0x80,
    0x00, 0x00, 0x04, 0xf8, 0x00, 0x00, 0x00, 0x4f, 0xb8, 0x88, 0x88, 0x44, 0xff, 0xff, 0xff, 0xf8,
    0x02, 0x30, 0x00, 0x41, 0x00, 0x7e, 0x10, 0x4f, 0x40, 0x01, 0xdd, 0xbe, 0xc0, 0x00, 0x01, 0x68,
    0x60, 0x00, 0x00, 0x00, 0x00, 0x00, 0x00, 0x1a, 0xff, 0xe8, 0x10, 0x1c, 0xe8, 0x59, 0xfb, 0x06,
    0xf7, 0x00, 0x09, 0xf3, 0x8f, 0x40, 0x00, 0x8f, 0x48, 0xfc, 0xbb, 0xbd, 0xf4, 0x8f, 0x98, 0x88,
    0x88, 0x28, 0xf4, 0x00, 0x00, 0x00, 0x6f, 0x70, 0x00, 0x58, 0x21, 0xee, 0x84, 0x8f, 0xd0, 0x03,
    0xbf, 0xff, 0xb2, 0x00, 0x00, 0x14, 0x10, 0x00, 0x00, 0x00, 0x00, 0x00, 0x00, 0x00, 0x8f, 0x80,
    0x00, 0x00, 0x0a, 0xfd, 0x00, 0x00, 0x00, 0x14, 0x20, 0x00, 0x14, 0x44, 0x44, 0x44, 0x24, 0xff,
    0xff, 0xff, 0xf8, 0x4f, 0xb8, 0x88, 0x88, 0x44, 0xf8, 0x00, 0x00, 0x00, 0x4f, 0x80, 0x00, 0x00,
    0x04, 0xf8, 0x00, 0x00, 0x00, 0x4f, 0xdb, 0xbb, 0xb8, 0x04, 0xff, 0xff, 0xff, 0xb0, 0x4f, 0x80,
    0x00, 0x00, 0x04, 0xf8, 0x00, 0x00, 0x00, 0x4f, 0x80, 0x00, 0x00, 0x04, 0xf8, 0x00, 0x00, 0x00,
    0x4f, 0xb8, 0x88, 0x88, 0x44, 0xff, 0xff, 0xff, 0xf8, 0x00, 0x00, 0x00, 0x00, 0x00, 0x00, 0xaf,
    0x70, 0x00, 0x00, 0x0d, 0xfa, 0x00, 0x00, 0x00, 0x24, 0x10, 0x00, 0x00, 0x00, 0x00, 0x00, 0x00,
    0x1a, 0xff, 0xe8, 0x10, 0x1c, 0xe8, 0x59, 0xfb, 0x06, 0xf7, 0x00, 0x09, 0xf3, 0x8f, 0x40, 0x00,
    0x8f, 0x48, 0xfc, 0xbb, 0xbd, 0xf4, 0x8f, 0x98, 0x88, 0x88, 0x28, 0xf4, 0x00, 0x00, 0x00, 0x6f,
    0x70, 0x00, 0x58, 0x21, 0xee, 0x84, 0x8f, 0xd0, 0x03, 0xbf, 0xff, 0xb2, 0x00, 0x00, 0x14, 0x10,
    0x00, 0x14, 0x44, 0x44, 0x44, 0x24, 0xff, 0xff, 0xff, 0xf8, 0x4f, 0xb8, 0x88, 0x88, 0x44, 0xf8,
    0x00, 0x00, 0x00, 0x4f, 0x80, 0x00, 0x00, 0x04, 0xf8, 0x00, 0x00, 0x00, 0x4f, 0xdb, 0xbb, 0xb8,
    0x04, 0xff, 0xff, 0xff, 0xb0, 0x4f, 0x80, 0x00, 0x00, 0x04, 0xf8, 0x00, 0x00, 0x00, 0x4f, 0x80,
    0x00, 0x00, 0x04, 0xf8, 0x00, 0x00, 0x00, 0x4f, 0xb8, 0x88, 0x88, 0x44, 0xff, 0xff, 0xff, 0xf8,
    0x00, 0x00, 0x06, 0xd2, 0x00, 0x00, 0x02, 0xf8, 0x00, 0x00, 0x00, 0x2f, 0xc8, 0x40, 0x00, 0x00,
    0x5a, 0xb6, 0x00, 0x00, 0x00, 0x00, 0x00, 0x1a, 0xff, 0xe8, 0x10, 0x0c, 0xf8, 0x89, 0xfa, 0x05,
    0xf8, 0x00, 0x09, 0xf2, 0x8f, 0x40, 0x00, 0x8f, 0x48, 0xfc, 0xbb, 0xbd, 0xf4, 0x8f, 0x98, 0x88,
    0x88, 0x28, 0xf4, 0x00, 0x00, 0x00, 0x6f, 0x60, 0x00, 0x58, 0x21, 0xde, 0x74, 0x8e, 0xd0, 0x03,
    0xbf, 0xff, 0xb2, 0x00, 0x00, 0x1e, 0x90, 0x00, 0x00, 0x07, 0xf3, 0x00, 0x00, 0x00, 0x7f, 0xa8,
    0x20, 0x00, 0x00, 0x7b, 0xb3, 0x00, 0x00, 0x00, 0x00, 0x00, 0x00, 0x3e, 0xa1, 0x9f, 0x60, 0x00,
    0x3e, 0xef, 0x60, 0x00, 0x00, 0x38, 0x50, 0x00, 0x14, 0x44, 0x44, 0x44, 0x24, 0xff, 0xff, 0xff,
    0xf8, 0x4f, 0xb8, 0x88, 0x88, 0x44, 0xf8, 0x00, 0x00, 0x00, 0x4f, 0x80, 0x00, 0x00, 0x04, 0xf8,
    0x00, 0x00, 0x00, 0x4f, 0xdb, 0xbb, 0xb8, 0x04, 0xff, 0xff, 0xff, 0xb0, 0x4f, 0x80, 0x00, 0x00,
    0x04, 0xf8, 0x00, 0x00, 0x00, 0x4f, 0x80, 0x00, 0x00, 0x04, 0xf8, 0x00, 0x00, 0x00, 0x4f, 0xb8,
    0x88, 0x88, 0x44, 0xff, 0xff, 0xff, 0xf8, 0x04, 0x40, 0x01, 0x43, 0x00, 0x6f, 0x91, 0xce, 0x30,
    0x00, 0x6f, 0xee, 0x30, 0x00, 0x00, 0x58, 0x30, 0x00, 0x00, 0x00, 0x00, 0x00, 0x00, 0x1a, 0xff,
    0xe8, 0x10, 0x1c, 0xe8, 0x59, 0xfb, 0x06, 0xf7, 0x00, 0x09, 0xf3, 0x8f, 0x40, 0x00, 0x8f, 0x48,
    0xfc, 0xbb, 0xbd, 0xf4, 0x8f, 0x98, 0x88, 0x88, 0x28, 0xf4, 0x00, 0x00, 0x00, 0x6f, 0x70, 0x00,
    0x58, 0x21, 0xee, 0x84, 0x8f, 0xd0, 0x03, 0xbf, 0xff, 0xb2, 0x00, 0x00, 0x14, 0x10, 0x00, 0x00,
    0x00, 0x00, 0x00, 0x00, 0x03, 0xef, 0xc1, 0x00, 0x03, 0xec, 0x4e, 0xc1, 0x00, 0x78, 0x10, 0x38,
    0x50, 0x00, 0x04, 0x44, 0x00, 0x00, 0x3d, 0xff, 0xfd, 0x30, 0x1e, 0xe8, 0x48, 0xfe, 0x16, 0xf8,
    0x00, 0x08, 0xf5, 0x8f, 0x40, 0x00, 0x38, 0x48, 0xf4, 0x00, 0x00, 0x00, 0x8f, 0x40, 0x00, 0x00,
    0x08, 0xf4, 0x0f, 0xff, 0xf8, 0x8f, 0x40, 0xbb, 0xcf, 0x88, 0xf4, 0x00, 0x04, 0xf8, 0x8f, 0x40,
    0x00, 0x6f, 0x86, 0xf8, 0x00, 0x09, 0xf4, 0x1d, 0xf8, 0x89, 0xfc, 0x00, 0x3b, 0xff, 0xfb, 0x10,
    0x00, 0x01, 0x41, 0x00, 0x00, 0x00, 0x02, 0x41, 0x00, 0x00, 0x03, 0xef, 0xc1, 0x00, 0x03, 0xec,
    0x4e, 0xc1, 0x00, 0x78, 0x10, 0x38, 0x50, 0x00, 0x00, 0x00, 0x00, 0x00, 0x3d, 0xff, 0x88, 0xf4,
    0x1e, 0xf9, 0x8b, 0xdf, 0x46, 0xf8, 0x00, 0x0d, 0xf4, 0x8f, 0x40, 0x00, 0x8f, 0x48, 0xf4, 0x00,
    0x08, 0xf4, 0x8f, 0x40, 0x00, 0x8f, 0x47, 0xf6, 0x00, 0x0a, 0xf4, 0x2f, 0xe5, 0x48, 0xef, 0x40,
    0x6f, 0xff, 0xc8, 0xf4, 0x00, 0x24, 0x40, 0x8f, 0x40, 0x00, 0x00, 0x09, 0xf3, 0x01, 0x44, 0x48,
    0xfd, 0x00, 0x4f, 0xff, 0xfd, 0x30, 0x01, 0x44, 0x43, 0x00, 0x00, 0x00, 0x00, 0x00, 0x00, 0x00,
    0x8e, 0x10, 0x3f, 0x40, 0x01, 0xed, 0x8e, 0xc0, 0x00, 0x01, 0x78, 0x60, 0x00, 0x00, 0x04, 0x44,
    0x00, 0x00, 0x3d, 0xff, 0xfd, 0x30, 0x1e, 0xe8, 0x48, 0xfe, 0x16, 0xf8, 0x00, 0x08, 0xf5, 0x8f,
    0x40, 0x00, 0x38, 0x48, 0xf4, 0x00, 0x00, 0x00, 0x8f, 0x40, 0x00, 0x00, 0x08, 0xf4, 0x0f, 0xff,
    0xf8, 0x8f, 0x40, 0xbb, 0xcf, 0x88, 0xf4, 0x00, 0x04, 0xf8, 0x8f, 0x40, 0x00, 0x6f, 0x86, 0xf8,
    0x00, 0x09, 0xf4, 0x1d, 0xf8, 0x89, 0xfc, 0x00, 0x3b, 0xff, 0xfb, 0x10, 0x00, 0x01, 0x41, 0x00,
    0x00, 0x02, 0x30, 0x00, 0x41, 0x00, 0x8d, 0x10, 0x4f, 0x30, 0x02, 0xed, 0xbe, 0xa0, 0x00, 0x01,
    0x78, 0x50, 0x00, 0x00, 0x00, 0x00, 0x00, 0x00, 0x3d, 0xff, 0x88, 0xf4, 0x1e, 0xf9, 0x8b, 0xdf,
    0x46, 0xf8, 0x00, 0x0d, 0xf4, 0x8f, 0x40, 0x00, 0x8f, 0x48, 0xf4, 0x00, 0x08, 0xf4, 0x8f, 0x40,
    0x00, 0x8f, 0x47, 0xf6, 0x00, 0x0a, 0xf4, 0x2f, 0xe5, 0x48, 0xef, 0x40, 0x6f, 0xff, 0xc8, 0xf4,
    0x00, 0x24, 0x40, 0x8f, 0x40, 0x00, 0x00, 0x09, 0xf3, 0x01, 0x44, 0x48, 0xfd, 0x00, 0x4f, 0xff,
    0xfd, 0x30, 0x01, 0x44, 0x43, 0x00, 0x00, 0x00, 0x00, 0x00, 0x00, 0x00, 0x00, 0xaf, 0x70, 0x00,
    0x00, 0x0d, 0xfa, 0x00, 0x00, 0x00, 0x24, 0x10, 0x00, 0x00, 0x04, 0x44, 0x00, 0x00, 0x3d, 0xff,
    0xfd, 0x30, 0x1e, 0xe8, 0x48, 0xfe, 0x16, 0xf8, 0x00, 0x08, 0xf5, 0x8f, 0x40, 0x00, 0x38, 0x48,
    0xf4, 0x00, 0x00, 0x00, 0x8f, 0x40, 0x00, 0x00, 0x08, 0xf4, 0x0f, 0xff, 0xf8, 0x8f, 0x40, 0xbb,
    0xcf, 0x88, 0xf4, 0x00, 0x04, 0xf8, 0x8f, 0x40, 0x00, 0x6f, 0x86, 0xf8, 0x00, 0x09, 0xf4, 0x1d,
    0xf8, 0x89, 0xfc, 0x00, 0x3b, 0xff, 0xfb, 0x10, 0x00, 0x01, 0x41, 0x00, 0x00, 0x00, 0x00, 0x00,
    0x00, 0x00, 0x00, 0xaf, 0x70, 0x00, 0x00, 0x0e, 0xf9, 0x00, 0x00, 0x00, 0x24, 0x10, 0x00, 0x00,
    0x00, 0x00, 0x00, 0x00, 0x3d, 0xff, 0x88, 0xf4, 0x1e, 0xf9, 0x8b, 0xdf, 0x46, 0xf8, 0x00, 0x0d,
    0xf4, 0x8f, 0x40, 0x00, 0x8f, 0x48, 0xf4, 0x00, 0x08, 0xf4, 0x8f, 0x40, 0x00, 0x8f, 0x47, 0xf6,
    0x00, 0x0a, 0xf4, 0x2f, 0xe5, 0x48, 0xef, 0x40, 0x6f, 0xff, 0xc8, 0xf4, 0x00, 0x24, 0x40, 0x8f,
    0x40, 0x00, 0x00, 0x09, 0xf3, 0x01, 0x44, 0x48, 0xfd, 0x00, 0x4f, 0xff, 0xfd, 0x30, 0x01, 0x44,
    0x43, 0x00, 0x00, 0x00, 0x04, 0x44, 0x00, 0x00, 0x3d, 0xff, 0xfd, 0x30, 0x1e, 0xe8, 0x48, 0xfe,
    0x16, 0xf8, 0x00, 0x08, 0xf5, 0x8f, 0x40, 0x00, 0x38, 0x48, 0xf4, 0x00, 0x00, 0x00, 0x8f, 0x40,
    0x00, 0x00, 0x08, 0xf4, 0x0f, 0xff, 0xf8, 0x8f, 0x40, 0xbb, 0xcf, 0x88, 0xf4, 0x00, 0x04, 0xf8,
    0x8f, 0x40, 0x00, 0x6f, 0x86, 0xf8, 0x00, 0x09, 0xf4, 0x1d, 0xf8, 0x89, 0xfc, 0x00, 0x3b, 0xff,
    0xfb, 0x10, 0x00, 0x01, 0x41, 0x00, 0x00, 0x00, 0x04, 0x40, 0x00, 0x00, 0x05, 0xf9, 0x00, 0x00,
    0x01, 0xec, 0x10, 0x00, 0x00, 0x24, 0x20, 0x00, 0x00, 0x00, 0x00, 0x3b, 0x40, 0x00, 0x00, 0x0b,
    0xf1, 0x00, 0x00, 0x04, 0xfa, 0x00, 0x00, 0x00, 0xdf, 0x60, 0x00, 0x00, 0x28, 0x81, 0x00, 0x00,
    0x00, 0x00, 0x00, 0x00, 0x03, 0xdf, 0xf8, 0x8f, 0x41, 0xef, 0x98, 0xbd, 0xf4, 0x6f, 0x80, 0x00,
    0xdf, 0x48, 0xf4, 0x00, 0x08, 0xf4, 0x8f, 0x40, 0x00, 0x8f, 0x48, 0xf4, 0x00, 0x08, 0xf4, 0x7f,
    0x60, 0x00, 0xaf, 0x42, 0xfe, 0x54, 0x8e, 0xf4, 0x06, 0xff, 0xfc, 0x8f, 0x40, 0x02, 0x44, 0x08,
    0xf4, 0x00, 0x00, 0x00, 0x9f, 0x30, 0x14, 0x44, 0x8f, 0xd0, 0x04, 0xff, 0xff, 0xd3, 0x00, 0x14,
    0x44, 0x30, 0x00, 0x00, 0x00, 0x00, 0x00, 0x00, 0x03, 0xef, 0xc1, 0x00, 0x03, 0xec, 0x4e, 0xc1,
    0x00, 0x78, 0x10, 0x38, 0x50, 0x24, 0x20, 0x00, 0x24, 0x18, 0xf8, 0x00, 0x08, 0xf4, 0x8f, 0x80,
    0x00, 0x8f, 0x48, 0xf8, 0x00, 0x08, 0xf4, 0x8f, 0x80, 0x00, 0x8f, 0x48, 0xf8, 0x00, 0x08, 0xf4,
    0x8f, 0xb8, 0x88, 0xbf, 0x48, 0xff, 0xff, 0xff, 0xf4, 0x8f, 0x80, 0x00, 0x8f, 0x48, 0xf8, 0x00,
    0x08, 0xf4, 0x8f, 0x80, 0x00, 0x8f, 0x48, 0xf8, 0x00, 0x08, 0xf4, 0x8f, 0x80, 0x00, 0x8f, 0x48,
    0xf8, 0x00, 0x08, 0xf4, 0x00, 0x24, 0x20, 0x00, 0x00, 0x00, 0x3e, 0xee, 0x30, 0x00, 0x00, 0x3e,
    0x91, 0xae, 0x30, 0x00, 0x03, 0x40, 0x00, 0x43, 0x00, 0x00, 0x00, 0x24, 0x10, 0x00, 0x00, 0x00,
    0x08, 0xf4, 0x00, 0x00, 0x00, 0x00, 0x8f, 0x40, 0x00, 0x00, 0x00, 0x08, 0xf4, 0x00, 0x00, 0x00,
    0x00, 0x8f, 0x5b, 0xff, 0xb3, 0x00, 0x08, 0xfa, 0x98, 0xaf, 0xc0, 0x00, 0x8f, 0x90, 0x00, 0xbf,
    0x30, 0x08, 0xf6, 0x00, 0x08, 0xf4, 0x00, 0x8f, 0x40, 0x00, 0x8f, 0x40, 0x08, 0xf4, 0x00, 0x08,
    0xf4, 0x00, 0x8f, 0x40, 0x00, 0x8f, 0x40, 0x08, 0xf4, 0x00, 0x08, 0xf4, 0x00, 0x8f, 0x40, 0x00,
    0x8f, 0x40, 0x08, 0xf4, 0x00, 0x08, 0xf4, 0x02, 0x42, 0x00, 0x02, 0x41, 0x00, 0x8f, 0x80, 0x00,
    0x8f, 0x40, 0x08, 0xf8, 0x00, 0x08, 0xf4, 0x08, 0xdf, 0xdb, 0xbb, 0xdf, 0xc6, 0x6b, 0xfb, 0x88,
    0x8b, 0xf9, 0x40, 0x8f, 0x80, 0x00, 0x8f, 0x40, 0x08, 0xfb, 0x88, 0x8b, 0xf4, 0x00, 0x8f, 0xff,
    0xff, 0xff, 0x40, 0x08, 0xf8, 0x00, 0x08, 0xf4, 0x00, 0x8f, 0x80, 0x00, 0x8f, 0x40, 0x08, 0xf8,
    0x00, 0x08, 0xf4, 0x00, 0x8f, 0x80, 0x00, 0x8f, 0x40, 0x08, 0xf8, 0x00, 0x08, 0xf4, 0x00, 0x8f,
    0x80, 0x00, 0x8f, 0x40, 0x02, 0x41, 0x00, 0x00, 0x00, 0x08, 0xf4, 0x00, 0x00, 0x00, 0x8b, 0xf9,
    0x88, 0x20, 0x00, 0xbd, 0xfc, 0xbb, 0x30, 0x00, 0x08, 0xf4, 0x00, 0x00, 0x00, 0x08, 0xf5, 0x9f,
    0xfa, 0x10, 0x08, 0xfa, 0xb8, 0xbf, 0xb0, 0x08, 0xfa, 0x00, 0x0c, 0xf3, 0x08, 0xf6, 0x00, 0x08,
    0xf4, 0x08, 0xf4, 0x00, 0x08, 0xf4, 0x08, 0xf4, 0x00, 0x08, 0xf4, 0x08, 0xf4, 0x00, 0x08, 0xf4,
    0x08, 0xf4, 0x00, 0x08, 0xf4, 0x08, 0xf4, 0x00, 0x08, 0xf4, 0x00, 0x00, 0x00, 0x00, 0x03, 0xef,
    0x80, 0xf4, 0x08, 0xc5, 0xed, 0xf2, 0x02, 0x30, 0x14, 0x20, 0x14, 0x44, 0x44, 0x44, 0x4f, 0xff,
    0xff, 0xff, 0x28, 0x8b, 0xf9, 0x88, 0x00, 0x08, 0xf4, 0x00, 0x00, 0x08, 0xf4, 0x00, 0x00, 0x08,
    0xf4, 0x00, 0x00, 0x08, 0xf4, 0x00, 0x00, 0x08, 0xf4, 0x00, 0x00, 0x08, 0xf4, 0x00, 0x00, 0x08,
    0xf4, 0x00, 0x00, 0x08, 0xf4, 0x00, 0x00, 0x08, 0xf4, 0x00, 0x28, 0x8b, 0xf9, 0x88, 0x4f, 0xff,
    0xff, 0xff, 0x00, 0x00, 0x00, 0x00, 0x00, 0x00, 0xcf, 0xb1, 0x88, 0x00, 0x04, 0xf3, 0x9e, 0xf6,
    0x00, 0x01, 0x40, 0x04, 0x30, 0x00, 0x00, 0x00, 0x00, 0x00, 0x00, 0x4f, 0xff, 0xfb, 0x00, 0x00,
    0x3b, 0xbb, 0xfb, 0x00, 0x00, 0x00, 0x00, 0xfb, 0x00, 0x00, 0x00, 0x00, 0xfb, 0x00, 0x00, 0x00,
    0x00, 0xfb, 0x00, 0x00, 0x00, 0x00, 0xfb, 0x00, 0x00, 0x00, 0x00, 0xfb, 0x00, 0x00, 0x00, 0x00,
    0xfb, 0x00, 0x00, 0x48, 0x88, 0xfd, 0x88, 0x80, 0x8f, 0xff, 0xff, 0xff, 0xf0, 0x04, 0x88, 0x88,
    0x82, 0x08, 0xff, 0xff, 0xf4, 0x00, 0x00, 0x00, 0x00, 0x14, 0x44, 0x44, 0x44, 0x4f, 0xff, 0xff,
    0xff, 0x28, 0x8b, 0xf9, 0x88, 0x00, 0x08, 0xf4, 0x00, 0x00, 0x08, 0xf4, 0x00, 0x00, 0x08, 0xf4,
    0x00, 0x00, 0x08, 0xf4, 0x00, 0x00, 0x08, 0xf4, 0x00, 0x00, 0x08, 0xf4, 0x00, 0x00, 0x08, 0xf4,
    0x00, 0x00, 0x08, 0xf4, 0x00, 0x00, 0x08, 0xf4, 0x00, 0x28, 0x8b, 0xf9, 0x88, 0x4f, 0xff, 0xff,
    0xff, 0x02, 0x88, 0x88, 0x84, 0x00, 0x04, 0xff, 0xff, 0xf8, 0x00, 0x00, 0x00, 0x00, 0x00, 0x00,
    0x00, 0x00, 0x00, 0x00, 0x00, 0x4f, 0xff, 0xfb, 0x00, 0x00, 0x3b, 0xbb, 0xfb, 0x00, 0x00, 0x00,
    0x00, 0xfb, 0x00, 0x00, 0x00, 0x00, 0xfb, 0x00, 0x00, 0x00, 0x00, 0xfb, 0x00, 0x00, 0x00, 0x00,
    0xfb, 0x00, 0x00, 0x00, 0x00, 0xfb, 0x00, 0x00, 0x00, 0x00, 0xfb, 0x00, 0x00, 0x48, 0x88, 0xfd,
    0x88, 0x80, 0x8f, 0xff, 0xff, 0xff, 0xf0, 0x00, 0x00, 0x00, 0x00, 0x08, 0xe1, 0x03, 0xf4, 0x01,
    0xed, 0x8e, 0xc0, 0x00, 0x17, 0x86, 0x00, 0x14, 0x44, 0x44, 0x44, 0x4f, 0xff, 0xff, 0xff, 0x28,
    0x8b, 0xf9, 0x88, 0x00, 0x08, 0xf4, 0x00, 0x00, 0x08, 0xf4, 0x00, 0x00, 0x08, 0xf4, 0x00, 0x00,
    0x08, 0xf4, 0x00, 0x00, 0x08, 0xf4, 0x00, 0x00, 0x08, 0xf4, 0x00, 0x00, 0x08, 0xf4, 0x00, 0x00,
    0x08, 0xf4, 0x00, 0x00, 0x08, 0xf4, 0x00, 0x28, 0x8b, 0xf9, 0x88, 0x4f, 0xff, 0xff, 0xff, 0x01,
    0x41, 0x00, 0x33, 0x00, 0x03, 0xf5, 0x01, 0xd8, 0x00, 0x00, 0x9e, 0xbd, 0xe2, 0x00, 0x00, 0x05,
    0x87, 0x10, 0x00, 0x00, 0x00, 0x00, 0x00, 0x00, 0x4f, 0xff, 0xfb, 0x00, 0x00, 0x3b, 0xbb, 0xfb,
    0x00, 0x00, 0x00, 0x00, 0xfb, 0x00, 0x00, 0x00, 0x00, 0xfb, 0x00, 0x00, 0x00, 0x00, 0xfb, 0x00,
    0x00, 0x00, 0x00, 0xfb, 0x00, 0x00, 0x00, 0x00, 0xfb, 0x00, 0x00, 0x00, 0x00, 0xfb, 0x00, 0x00,
    0x48, 0x88, 0xfd, 0x88, 0x80, 0x8f, 0xff, 0xff, 0xff, 0xf0, 0x14, 0x44, 0x44, 0x44, 0x4f, 0xff,
    0xff, 0xff, 0x28, 0x8b, 0xf9, 0x88, 0x00, 0x08, 0xf4, 0x00, 0x00, 0x08, 0xf4, 0x00, 0x00, 0x08,
    0xf4, 0x00, 0x00, 0x08, 0xf4, 0x00, 0x00, 0x08, 0xf4, 0x00, 0x00, 0x08, 0xf4, 0x00, 0x00, 0x08,
    0xf4, 0x00, 0x00, 0x08, 0xf4, 0x00, 0x00, 0x08, 0xf4, 0x00, 0x28, 0x8b, 0xf9, 0x88, 0x4f, 0xff,
    0xff, 0xff, 0x00, 0x1c, 0x80, 0x00, 0x00, 0x9f, 0x00, 0x00, 0x00, 0x9f, 0x88, 0x00, 0x00, 0x18,
    0xbb, 0x00, 0x00, 0x00, 0x00, 0x00, 0x00, 0x00, 0x05, 0xfc, 0x00, 0x00, 0x00, 0x09, 0xfe, 0x00,
    0x00, 0x00, 0x01, 0x42, 0x00, 0x00, 0x00, 0x00, 0x00, 0x00, 0x00, 0x4f, 0xff, 0xfb, 0x00, 0x00,
    0x3b, 0xbb, 0xfb, 0x00, 0x00, 0x00, 0x00, 0xfb, 0x00, 0x00, 0x00, 0x00, 0xfb, 0x00, 0x00, 0x00,
    0x00, 0xfb, 0x00, 0x00, 0x00, 0x00, 0xfb, 0x00, 0x00, 0x00, 0x00, 0xfb, 0x00, 0x00, 0x00, 0x00,
    0xfb, 0x00, 0x00, 0x48, 0x88, 0xfd, 0x88, 0x80, 0x8f, 0xff, 0xff, 0xff, 0xf0, 0x00, 0x09, 0xc1,
    0x00, 0x00, 0x00, 0x6f, 0x40, 0x00, 0x00, 0x00, 0x6f, 0xa8, 0x20, 0x00, 0x00, 0x06, 0xbb, 0x30,
    0x00, 0x00, 0x00, 0x00, 0x00, 0x00, 0x0a, 0xf7, 0x00, 0x00, 0x0d, 0xfa, 0x00, 0x00, 0x02, 0x41,
    0x00, 0x14, 0x44, 0x44, 0x44, 0x4f, 0xff, 0xff, 0xff, 0x28, 0x8b, 0xf9, 0x88, 0x00, 0x08, 0xf4,
    0x00, 0x00, 0x08, 0xf4, 0x00, 0x00, 0x08, 0xf4, 0x00, 0x00, 0x08, 0xf4, 0x00, 0x00, 0x08, 0xf4,
    0x00, 0x00, 0x08, 0xf4, 0x00, 0x00, 0x08, 0xf4, 0x00, 0x00, 0x08, 0xf4, 0x00, 0x00, 0x08, 0xf4,
    0x00, 0x28, 0x8b, 0xf9, 0x88, 0x4f, 0xff, 0xff, 0xff, 0x4f, 0xff, 0xfb, 0x00, 0x00, 0x3b, 0xbb,
    0xfb, 0x00, 0x00, 0x00, 0x00, 0xfb, 0x00, 0x00, 0x00, 0x00, 0xfb, 0x00, 0x00, 0x00, 0x00, 0xfb,
    0x00, 0x00, 0x00, 0x00, 0xfb, 0x00, 0x00, 0x00, 0x00, 0xfb, 0x00, 0x00, 0x00, 0x00, 0xfb, 0x00,
    0x00, 0x48, 0x88, 0xfd, 0x88, 0x80, 0x8f, 0xff, 0xff, 0xff, 0xf0, 0x00, 0x00, 0x00, 0x00, 0x00,
    0x00, 0x08, 0xf4, 0x00, 0x00, 0x00, 0x04, 0xf8, 0x8f, 0x40, 0x00, 0x00, 0x00, 0x4f, 0x88, 0xf4,
    0x00, 0x00, 0x00, 0x04, 0xf8, 0x8f, 0x40, 0x00, 0x00, 0x00, 0x4f, 0x88, 0xf4, 0x00, 0x00, 0x00,
    0x04, 0xf8, 0x8f, 0x40, 0x00, 0x00, 0x00, 0x4f, 0x88, 0xf4, 0x00, 0x00, 0x00, 0x04, 0xf8, 0x8f,
    0x40, 0x00, 0x00, 0x00, 0x4f, 0x88, 0xf4, 0x02, 0x84, 0x00, 0x04, 0xf8, 0x8f, 0x40, 0x4f, 0x80,
    0x00, 0x4f, 0x88, 0xf4, 0x02, 0xf9, 0x00, 0x06, 0xf6, 0x8f, 0x40, 0x0b, 0xf8, 0x48, 0xee, 0x18,
    0xf4, 0x00, 0x19, 0xff, 0xfb, 0x30, 0x00, 0x00, 0x00, 0x00, 0x41, 0x00, 0x00, 0x57, 0x00, 0x18,
    0x2d, 0xf4, 0x08, 0xf9, 0x57, 0x00, 0x18, 0x30, 0x00, 0x00, 0x00, 0x6b, 0x00, 0x3b, 0x38, 0xf0,
    0x04, 0xf4, 0x8f, 0x00, 0x4f, 0x48, 0xf0, 0x04, 0xf4, 0x8f, 0x00, 0x4f, 0x48, 0xf0, 0x04, 0xf4,
    0x8f, 0x00, 0x4f, 0x48, 0xf0, 0x04, 0xf4, 0x8f, 0x00, 0x4f, 0x48, 0xf0, 0x04, 0xf4, 0x00, 0x00,
    0x4f, 0x40, 0x00, 0x07, 0xf4, 0x00, 0x08, 0xfc, 0x00, 0x00, 0x88, 0x10, 0x00, 0x00, 0x00, 0x00,
    0x00, 0x00, 0x00, 0x00, 0x00, 0x6f, 0xf9, 0x00, 0x00, 0x00, 0x06, 0xf9, 0x6f, 0x90, 0x00, 0x00,
    0x18, 0x70, 0x05, 0x83, 0x00, 0x00, 0x00, 0x03, 0x40, 0x00, 0x00, 0x00, 0x00, 0x0b, 0xf0, 0x00,
    0x00, 0x00, 0x00, 0x0b, 0xf0, 0x00, 0x00, 0x00, 0x00, 0x0b, 0xf0, 0x00, 0x00, 0x00, 0x00, 0x0b,
    0xf0, 0x00, 0x00, 0x00, 0x00, 0x0b, 0xf0, 0x00, 0x00, 0x00, 0x00, 0x0b, 0xf0, 0x00, 0x00, 0x00,
    0x00, 0x0b, 0xf0, 0x00, 0x00, 0x00, 0x00, 0x0b, 0xf0, 0x00, 0x00, 0x00, 0x00, 0x0b, 0xf0, 0x00,
    0x3b, 0x60, 0x00, 0x0b, 0xf0, 0x00, 0x2f, 0xc0, 0x00, 0x2f, 0xc0, 0x00, 0x09, 0xfb, 0x88, 0xdf,
    0x50, 0x00, 0x01, 0x8f, 0xff, 0xe6, 0x00, 0x00, 0x00, 0x00, 0x43, 0x00, 0x00, 0x00, 0x00, 0x00,
    0x04, 0x30, 0x00, 0x00, 0x00, 0x9f, 0xf6, 0x00, 0x00, 0x09, 0xf6, 0x9f, 0x60, 0x00, 0x38, 0x50,
    0x07, 0x81, 0x00, 0x00, 0x00, 0x00, 0x00, 0x8f, 0xff, 0xff, 0xf0, 0x00, 0x6b, 0xbb, 0xbe, 0xf0,
    0x00, 0x00, 0x00, 0x0b, 0xf0, 0x00, 0x00, 0x00, 0x0b, 0xf0, 0x00, 0x00, 0x00, 0x0b, 0xf0, 0x00,
    0x00, 0x00, 0x0b, 0xf0, 0x00, 0x00, 0x00, 0x0b, 0xf0, 0x00, 0x00, 0x00, 0x0b, 0xf0, 0x00, 0x00,
    0x00, 0x0b, 0xf0, 0x00, 0x00, 0x00, 0x0c, 0xf0, 0x00, 0x00, 0x00, 0x2f, 0xb0, 0x00, 0x48, 0x88,
    0xdf, 0x60, 0x00, 0x8f, 0xff, 0xe8, 0x00, 0x00, 0x24, 0x44, 0x00, 0x00, 0x00, 0x24, 0x10, 0x00,
    0x04, 0x40, 0x8f, 0x40, 0x00, 0x4f, 0x90, 0x8f, 0x40, 0x00, 0xdf, 0x20, 0x8f, 0x40, 0x06, 0xf9,
    0x00, 0x8f, 0x40, 0x0d, 0xf2, 0x00, 0x8f, 0x40, 0x6f, 0x90, 0x00, 0x8f, 0x98, 0xdf, 0x20, 0x00,
    0x8f, 0xff, 0xfd, 0x00, 0x00, 0x8f, 0x40, 0x9f, 0x60, 0x00, 0x8f, 0x40, 0x2f, 0xd0, 0x00, 0x8f,
    0x40, 0x09, 0xf6, 0x00, 0x8f, 0x40, 0x02, 0xfd, 0x00, 0x8f, 0x40, 0x00, 0x9f, 0x60, 0x8f, 0x40,
    0x00, 0x2f, 0xd0, 0x00, 0x00, 0x00, 0x00, 0x00, 0x00, 0x00, 0x44, 0x00, 0x00, 0x00, 0x07, 0xf8,
    0x00, 0x00, 0x00, 0x2e, 0xc0, 0x00, 0x00, 0x00, 0x24, 0x10, 0x00, 0x00, 0x14, 0x20, 0x00, 0x00,
    0x00, 0x4f, 0x80, 0x00, 0x00, 0x00, 0x4f, 0x80, 0x00, 0x00, 0x00, 0x4f, 0x80, 0x00, 0x00, 0x00,
    0x4f, 0x80, 0x00, 0x5f, 0xa0, 0x4f, 0x80, 0x01, 0xee, 0x10, 0x4f, 0x80, 0x0a, 0xf6, 0x00, 0x4f,
    0x80, 0x5f, 0xb0, 0x00, 0x4f, 0xdb, 0xee, 0x20, 0x00, 0x4f, 0xdb, 0xdf, 0x40, 0x00, 0x4f, 0x80,
    0x3f, 0xd1, 0x00, 0x4f, 0x80, 0x08, 0xf8, 0x00, 0x4f, 0x80, 0x01, 0xdf, 0x30, 0x4f, 0x80, 0x00,
    0x4f, 0xc0, 0x00, 0x00, 0x00, 0x00, 0x00, 0x00, 0x00, 0x44, 0x00, 0x00, 0x00, 0x07, 0xf8, 0x00,
    0x00, 0x00, 0x2e, 0xc0, 0x00, 0x00, 0x00, 0x24, 0x10, 0x00, 0x00, 0x4f, 0x80, 0x00, 0x4f, 0xb0,
    0x4f, 0x80, 0x01, 0xdf, 0x20, 0x4f, 0x80, 0x08, 0xf8, 0x00, 0x4f, 0x80, 0x3f, 0xc0, 0x00, 0x4f,
    0xff, 0xff, 0x30, 0x00, 0x4f, 0xdb, 0xdf, 0x50, 0x00, 0x4f, 0x80, 0x2e, 0xe1, 0x00, 0x4f, 0x80,
    0x07, 0xf9, 0x00, 0x4f, 0x80, 0x00, 0xcf, 0x40, 0x4f, 0x80, 0x00, 0x3f, 0xd1, 0x00, 0x00, 0x00,
    0x00, 0x08, 0xf6, 0x00, 0x00, 0x4f, 0x90, 0x00, 0x00, 0x78, 0x00, 0x00, 0x00, 0x34, 0x00, 0x00,
    0x00, 0xbf, 0x00, 0x00, 0x00, 0xbf, 0x00, 0x00, 0x00, 0xbf, 0x00, 0x00, 0x00, 0xbf, 0x00, 0x00,
    0x00, 0xbf, 0x00, 0x00, 0x00, 0xbf, 0x00, 0x00, 0x00, 0xbf, 0x00, 0x00, 0x00, 0xbf, 0x00, 0x00,
    0x00, 0xbf, 0x00, 0x00, 0x00, 0xbf, 0x00, 0x00, 0x00, 0xbf, 0x00, 0x00, 0x00, 0xbf, 0x88, 0x88,
    0x88, 0xbf, 0xff, 0xff, 0xff, 0x00, 0x00, 0x00, 0x00, 0x00, 0x00, 0x00, 0x4f, 0x90, 0x00, 0x00,
    0x01, 0xec, 0x10, 0x00, 0x00, 0x05, 0x82, 0x00, 0x00, 0x24, 0x44, 0x43, 0x00, 0x00, 0x8f, 0xff,
    0xfb, 0x00, 0x00, 0x48, 0x88, 0xfb, 0x00, 0x00, 0x00, 0x00, 0xfb, 0x00, 0x00, 0x00, 0x00, 0xfb,
    0x00, 0x00, 0x00, 0x00, 0xfb, 0x00, 0x00, 0x00, 0x00, 0xfb, 0x00, 0x00, 0x00, 0x00, 0xfb, 0x00,
    0x00, 0x00, 0x00, 0xfb, 0x00, 0x00, 0x00, 0x00, 0xfb, 0x00, 0x00, 0x00, 0x00, 0xfb, 0x00, 0x00,
    0x00, 0x00, 0xfc, 0x00, 0x00, 0x00, 0x00, 0xbf, 0xb8, 0x88, 0x00, 0x00, 0x1a, 0xff, 0xff, 0x34,
    0x00, 0x00, 0x00, 0xbf, 0x00, 0x00, 0x00, 0xbf, 0x00, 0x00, 0x00, 0xbf, 0x00, 0x00, 0x00, 0xbf,
    0x00, 0x00, 0x00, 0xbf, 0x00, 0x00, 0x00, 0xbf, 0x00, 0x00, 0x00, 0xbf, 0x00, 0x00, 0x00, 0xbf,
    0x00, 0x00, 0x00, 0xbf, 0x00, 0x00, 0x00, 0xbf, 0x00, 0x00, 0x00, 0xbf, 0x00, 0x00, 0x00, 0xbf,
    0x88, 0x88, 0x88, 0xbf, 0xff, 0xff, 0xff, 0x00, 0x00, 0x00, 0x00, 0x00, 0x01, 0x43, 0x00, 0x00,
    0x0a, 0xf4, 0x00, 0x00, 0x5f, 0x80, 0x00, 0x00, 0x34, 0x00, 0x00, 0x24, 0x44, 0x43, 0x00, 0x00,
    0x8f, 0xff, 0xfb, 0x00, 0x00, 0x48, 0x88, 0xfb, 0x00, 0x00, 0x00, 0x00, 0xfb, 0x00, 0x00, 0x00,
    0x00, 0xfb, 0x00, 0x00, 0x00, 0x00, 0xfb, 0x00, 0x00, 0x00, 0x00, 0xfb, 0x00, 0x00, 0x00, 0x00,
    0xfb, 0x00, 0x00, 0x00, 0x00, 0xfb, 0x00, 0x00, 0x00, 0x00, 0xfb, 0x00, 0x00, 0x00, 0x00, 0xfb,
    0x00, 0x00, 0x00, 0x00, 0xfc, 0x00, 0x00, 0x00, 0x00, 0xbf, 0xb8, 0x88, 0x00, 0x00, 0x1a, 0xff,
    0xff, 0x00, 0x00, 0x00, 0x00, 0x00, 0x00, 0x00, 0x03, 0x41, 0x00, 0x00, 0x00, 0x2e, 0xc1, 0x00,
    0x00, 0x00, 0xbe, 0x30, 0x00, 0x00, 0x01, 0x43, 0x00, 0x00, 0x34, 0x00, 0x24, 0x00, 0xbf, 0x00,
    0x8f, 0x00, 0xbf, 0x00, 0xbd, 0x00, 0xbf, 0x00, 0xbb, 0x00, 0xbf, 0x00, 0x00, 0x00, 0xbf, 0x00,
    0x00, 0x00, 0xbf, 0x00, 0x00, 0x00, 0xbf, 0x00, 0x00, 0x00, 0xbf, 0x00, 0x00, 0x00, 0xbf, 0x00,
    0x00, 0x00, 0xbf, 0x00, 0x00, 0x00, 0xbf, 0x00, 0x00, 0x00, 0xbf, 0x88, 0x88, 0x88, 0xbf, 0xff,
    0xff, 0xff, 0x24, 0x44, 0x43, 0x01, 0x41, 0x8f, 0xff, 0xfb, 0x06, 0xf4, 0x48, 0x88, 0xfb, 0x08,
    0xf1, 0x00, 0x00, 0xfb, 0x08, 0xf0, 0x00, 0x00, 0xfb, 0x00, 0x00, 0x00, 0x00, 0xfb, 0x00, 0x00,
    0x00, 0x00, 0xfb, 0x00, 0x00, 0x00, 0x00, 0xfb, 0x00, 0x00, 0x00, 0x00, 0xfb, 0x00, 0x00, 0x00,
    0x00, 0xfb, 0x00, 0x00, 0x00, 0x00, 0xfb, 0x00, 0x00, 0x00, 0x00, 0xfc, 0x00, 0x00, 0x00, 0x00,
    0xbf, 0xb8, 0x88, 0x00, 0x00, 0x1a, 0xff, 0xff, 0x34, 0x00, 0x00, 0x00, 0xbf, 0x00, 0x00, 0x00,
    0xbf, 0x00, 0x00, 0x00, 0xbf, 0x00, 0x00, 0x00, 0xbf, 0x00, 0x00, 0x00, 0xbf, 0x00, 0x00, 0x00,
    0xbf, 0x00, 0x07, 0xb6, 0xbf, 0x00, 0x0f, 0xfe, 0xbf, 0x00, 0x0c, 0xfb, 0xbf, 0x00, 0x01, 0x40,
    0xbf, 0x00, 0x00, 0x00, 0xbf, 0x00, 0x00, 0x00, 0xbf, 0x88, 0x88, 0x88, 0xbf, 0xff, 0xff, 0xff,
    0x34, 0x44, 0x41, 0x00, 0x00, 0x00, 0xbf, 0xff, 0xf4, 0x00, 0x00, 0x00, 0x68, 0x8b, 0xf4, 0x00,
    0x00, 0x00, 0x00, 0x08, 0xf4, 0x00, 0x00, 0x00, 0x00, 0x08, 0xf4, 0x00, 0x00, 0x00, 0x00, 0x08,
    0xf4, 0x00, 0x00, 0x00, 0x00, 0x08, 0xf4, 0x00, 0x3a, 0xa1, 0x00, 0x08, 0xf4, 0x00, 0x8f, 0xf7,
    0x00, 0x08, 0xf4, 0x00, 0x6f, 0xf4, 0x00, 0x08, 0xf4, 0x00, 0x03, 0x20, 0x00, 0x08, 0xf4, 0x00,
    0x00, 0x00, 0x00, 0x07, 0xf6, 0x00, 0x00, 0x00, 0x00, 0x02, 0xfe, 0x98, 0x84, 0x00, 0x00, 0x00,
    0x5d, 0xff, 0xf8, 0x00, 0x00, 0x34, 0x00, 0x00, 0x00, 0x00, 0xbf, 0x00, 0x00, 0x00, 0x00, 0xbf,
    0x00, 0x00, 0x00, 0x00, 0xbf, 0x00, 0x00, 0x00, 0x00, 0xbf, 0x02, 0xb0, 0x00, 0x00, 0xbf, 0x7e,
    0xd0, 0x00, 0x00, 0xbf, 0xf8, 0x00, 0x00, 0x08, 0xff, 0x30, 0x00, 0x00, 0xae, 0xef, 0x00, 0x00,
    0x00, 0x82, 0xbf, 0x00, 0x00, 0x00, 0x00, 0xbf, 0x00, 0x00, 0x00, 0x00, 0xbf, 0x00, 0x00, 0x00,
    0x00, 0xbf, 0x88, 0x88, 0x88, 0x00, 0xbf, 0xff, 0xff, 0xff, 0x24, 0x44, 0x43, 0x00, 0x00, 0x8f,
    0xff, 0xfb, 0x00, 0x00, 0x48, 0x88, 0xfb, 0x00, 0x00, 0x00, 0x00, 0xfb, 0x00, 0x00, 0x00, 0x00,
    0xfb, 0x07, 0x70, 0x00, 0x00, 0xfd, 0xbf, 0x50, 0x00, 0x00, 0xff, 0xc3, 0x00, 0x00, 0x3c, 0xfc,
    0x00, 0x00, 0x03, 0xfb, 0xfb, 0x00, 0x00, 0x03, 0x70, 0xfb, 0x00, 0x00, 0x00, 0x00, 0xfb, 0x00,
    0x00, 0x00, 0x00, 0xfc, 0x00, 0x00, 0x00, 0x00, 0xbf, 0xb8, 0x88, 0x00, 0x00, 0x1a, 0xff, 0xff,
    0x00, 0x00, 0x00, 0x00, 0x00, 0x00, 0x04, 0xf9, 0x00, 0x00, 0x01, 0xec, 0x00, 0x00, 0x00, 0x58,
    0x10, 0x00, 0x24, 0x30, 0x00, 0x24, 0x18, 0xff, 0x10, 0x08, 0xf4, 0x8f, 0xf7, 0x00, 0x8f, 0x48,
    0xfa, 0xc0, 0x08, 0xf4, 0x8f, 0x9f, 0x20, 0x8f, 0x48, 0xf5, 0xf8, 0x08, 0xf4, 0x8f, 0x4a, 0xd0,
    0x8f, 0x48, 0xf4, 0x6f, 0x38, 0xf4, 0x8f, 0x40, 0xe8, 0x8f, 0x48, 0xf4, 0x09, 0xd7, 0xf4, 0x8f,
    0x40, 0x5f, 0x8f, 0x48, 0xf4, 0x00, 0xed, 0xf4, 0x8f, 0x40, 0x08, 0xff, 0x48, 0xf4, 0x00, 0x3f,
    0xf4, 0x00, 0x00, 0x03, 0x41, 0x00, 0x00, 0x03, 0xfa, 0x00, 0x00, 0x01, 0xdc, 0x10, 0x00, 0x00,
    0x48, 0x30, 0x00, 0x00, 0x00, 0x00, 0x00, 0x08, 0xf5, 0xbf, 0xfb, 0x30, 0x8f, 0xa9, 0x8a, 0xfc,
    0x08, 0xf9, 0x00, 0x0b, 0xf3, 0x8f, 0x60, 0x00, 0x8f, 0x48, 0xf4, 0x00, 0x08, 0xf4, 0x8f, 0x40,
    0x00, 0x8f, 0x48, 0xf4, 0x00, 0x08, 0xf4, 0x8f, 0x40, 0x00, 0x8f, 0x48, 0xf4, 0x00, 0x08, 0xf4,
    0x8f, 0x40, 0x00, 0x8f, 0x40, 0x24, 0x30, 0x00, 0x24, 0x18, 0xff, 0x10, 0x08, 0xf4, 0x8f, 0xf7,
    0x00, 0x8f, 0x48, 0xfa, 0xc0, 0x08, 0xf4, 0x8f, 0x9f, 0x20, 0x8f, 0x48, 0xf5, 0xf8, 0x08, 0xf4,
    0x8f, 0x4a, 0xd0, 0x8f, 0x48, 0xf4, 0x6f, 0x38, 0xf4, 0x8f, 0x40, 0xe8, 0x8f, 0x48, 0xf4, 0x09,
    0xd7, 0xf4, 0x8f, 0x40, 0x5f, 0x8f, 0x48, 0xf4, 0x00, 0xed, 0xf4, 0x8f, 0x40, 0x08, 0xff, 0x48,
    0xf4, 0x00, 0x3f, 0xf4, 0x00, 0x00, 0x00, 0x00, 0x00, 0x00, 0x04, 0x40, 0x00, 0x00, 0x07, 0xf8,
    0x00, 0x00, 0x02, 0xec, 0x00, 0x00, 0x00, 0x24, 0x10, 0x00, 0x00, 0x00, 0x00, 0x00, 0x00, 0x08,
    0xf5, 0xbf, 0xfb, 0x30, 0x8f, 0xa9, 0x8a, 0xfc, 0x08, 0xf9, 0x00, 0x0b, 0xf3, 0x8f, 0x60, 0x00,
    0x8f, 0x48, 0xf4, 0x00, 0x08, 0xf4, 0x8f, 0x40, 0x00, 0x8f, 0x48, 0xf4, 0x00, 0x08, 0xf4, 0x8f,
    0x40, 0x00, 0x8f, 0x48, 0xf4, 0x00, 0x08, 0xf4, 0x8f, 0x40, 0x00, 0x8f, 0x40, 0x00, 0x00, 0x00,
    0x00, 0x00, 0x00, 0x44, 0x00, 0x00, 0x00, 0x7f, 0x80, 0x00, 0x00, 0x2e, 0xc0, 0x00, 0x00, 0x02,
    0x41, 0x00, 0x00, 0x00, 0x00, 0x00, 0x00, 0x00, 0x6f, 0x91, 0xce, 0x30, 0x00, 0x6f, 0xee, 0x30,
    0x00, 0x00, 0x58, 0x30, 0x00, 0x24, 0x30, 0x00, 0x24, 0x18, 0xff, 0x10, 0x08, 0xf4, 0x8f, 0xf7,
    0x00, 0x8f, 0x48, 0xfa, 0xc0, 0x08, 0xf4, 0x8f, 0x9f, 0x20, 0x8f, 0x48, 0xf5, 0xf8, 0x08, 0xf4,
    0x8f, 0x4a, 0xd0, 0x8f, 0x48, 0xf4, 0x6f, 0x38, 0xf4, 0x8f, 0x40, 0xe8, 0x8f, 0x48, 0xf4, 0x09,
    0xd7, 0xf4, 0x8f, 0x40, 0x5f, 0x8f, 0x48, 0xf4, 0x00, 0xed, 0xf4, 0x8f, 0x40, 0x08, 0xff, 0x48,
    0xf4, 0x00, 0x3f, 0xf4, 0x03, 0x40, 0x00, 0x43, 0x00, 0x3e, 0x90, 0x9e, 0x30, 0x00, 0x3e, 0xee,
    0x30, 0x00, 0x00, 0x38, 0x30, 0x00, 0x00, 0x00, 0x00, 0x00, 0x08, 0xf5, 0xbf, 0xfb, 0x30, 0x8f,
    0xa9, 0x8a, 0xfc, 0x08, 0xf9, 0x00, 0x0b, 0xf3, 0x8f, 0x60, 0x00, 0x8f, 0x48, 0xf4, 0x00, 0x08,
    0xf4, 0x8f, 0x40, 0x00, 0x8f, 0x48, 0xf4, 0x00, 0x08, 0xf4, 0x8f, 0x40, 0x00, 0x8f, 0x48, 0xf4,
    0x00, 0x08, 0xf4, 0x8f, 0x40, 0x00, 0x8f, 0x40, 0x00, 0x24, 0x20, 0x00, 0x00, 0x00, 0x1e, 0xe1,
    0x00, 0x00, 0x00, 0x0a, 0xf4, 0x00, 0x00, 0x00, 0x01, 0x85, 0x00, 0x00, 0x00, 0x00, 0x00, 0x00,
    0x00, 0x00, 0x00, 0x00, 0x08, 0xf5, 0xbf, 0xfb, 0x30, 0x00, 0x8f, 0xa9, 0x8a, 0xfc, 0x00, 0x08,
    0xf9, 0x00, 0x0b, 0xf3, 0x00, 0x8f, 0x60, 0x00, 0x8f, 0x40, 0x08, 0xf4, 0x00, 0x08, 0xf4, 0x00,
    0x8f, 0x40, 0x00, 0x8f, 0x40, 0x08, 0xf4, 0x00, 0x08, 0xf4, 0x00, 0x8f, 0x40, 0x00, 0x8f, 0x40,
    0x08, 0xf4, 0x00, 0x08, 0xf4, 0x00, 0x8f, 0x40, 0x00, 0x8f, 0x40, 0x24, 0x30, 0x00, 0x24, 0x18,
    0xff, 0x20, 0x08, 0xf4, 0x8f, 0xf8, 0x00, 0x8f, 0x48, 0xfa, 0xd0, 0x08, 0xf4, 0x8f, 0x8f, 0x60,
    0x8f, 0x48, 0xf4, 0xdb, 0x08, 0xf4, 0x8f, 0x47, 0xf2, 0x8f, 0x48, 0xf4, 0x1f, 0x88, 0xf4, 0x8f,
    0x40, 0x9e, 0x6f, 0x48, 0xf4, 0x04, 0xf9, 0xf4, 0x8f, 0x40, 0x0c, 0xef, 0x48, 0xf4, 0x00, 0x6f,
    0xf4, 0x8f, 0x40, 0x01, 0xef, 0x48, 0xf4, 0x00, 0x09, 0xf4, 0x00, 0x00, 0x00, 0x9f, 0x30, 0x00,
    0x68, 0x9f, 0xc0, 0x00, 0x0b, 0xff, 0xb1, 0x00, 0x00, 0x34, 0x20, 0x00, 0x00, 0x00, 0x00, 0x00,
    0x08, 0xf8, 0xbf, 0xfb, 0x10, 0x8f, 0xe9, 0x8a, 0xfb, 0x08, 0xf9, 0x00, 0x0c, 0xf2, 0x8f, 0x80,
    0x00, 0x8f, 0x48, 0xf8, 0x00, 0x08, 0xf4, 0x8f, 0x80, 0x00, 0x8f, 0x48, 0xf8, 0x00, 0x08, 0xf4,
    0x8f, 0x80, 0x00, 0x8f, 0x48, 0xf8, 0x00, 0x08, 0xf4, 0x8f, 0x80, 0x00, 0x8f, 0x40, 0x00, 0x00,
    0x0b, 0xf2, 0x00, 0x06, 0x8a, 0xfb, 0x00, 0x00, 0xbf, 0xfb, 0x10, 0x00, 0x03, 0x42, 0x00, 0x00,
    0x04, 0x88, 0x88, 0x82, 0x00, 0x8f, 0xff, 0xff, 0x40, 0x00, 0x00, 0x00, 0x00, 0x00, 0x00, 0x44,
    0x30, 0x00, 0x03, 0xdf, 0xff, 0xc3, 0x01, 0xee, 0x64, 0x8f, 0xc0, 0x6f, 0x70, 0x00, 0x9f, 0x38,
    0xf4, 0x00, 0x08, 0xf4, 0x8f, 0x40, 0x00, 0x8f, 0x48, 0xf4, 0x00, 0x08, 0xf4, 0x8f, 0x40, 0x00,
    0x8f, 0x48, 0xf4, 0x00, 0x08, 0xf4, 0x8f, 0x40, 0x00, 0x8f, 0x48, 0xf4, 0x00, 0x08, 0xf4, 0x5f,
    0x80, 0x00, 0xbf, 0x20, 0xdf, 0x88, 0xaf, 0xb0, 0x03, 0xbf, 0xff, 0x91, 0x00, 0x00, 0x14, 0x10,
    0x00, 0x04, 0x88, 0x88, 0x82, 0x00, 0x8f, 0xff, 0xff, 0x40, 0x00, 0x00, 0x00, 0x00, 0x00, 0x00,
    0x00, 0x00, 0x00, 0x01, 0x9f, 0xfe, 0x81, 0x01, 0xcf, 0xa8, 0xbf, 0xa0, 0x6f, 0x80, 0x00, 0xbf,
    0x38, 0xf4, 0x00, 0x08, 0xf4, 0x8f, 0x40, 0x00, 0x8f, 0x48, 0xf4, 0x00, 0x08, 0xf4, 0x8f, 0x40,
    0x00, 0x8f, 0x46, 0xf8, 0x00, 0x0a, 0xf3, 0x1e, 0xf8, 0x8a, 0xfb, 0x00, 0x3b, 0xff, 0xf9, 0x10,
    0x00, 0x00, 0x30, 0x00, 0x00, 0x00, 0x00, 0x00, 0x00, 0x00, 0x8e, 0x10, 0x3f, 0x40, 0x01, 0xed,
    0x8e, 0xc0, 0x00, 0x01, 0x78, 0x60, 0x00, 0x00, 0x04, 0x43, 0x00, 0x00, 0x3d, 0xff, 0xfc, 0x30,
    0x1e, 0xe6, 0x48, 0xfc, 0x06, 0xf7, 0x00, 0x09, 0xf3, 0x8f, 0x40, 0x00, 0x8f, 0x48, 0xf4, 0x00,
    0x08, 0xf4, 0x8f, 0x40, 0x00, 0x8f, 0x48, 0xf4, 0x00, 0x08, 0xf4, 0x8f, 0x40, 0x00, 0x8f, 0x48,
    0xf4, 0x00, 0x08, 0xf4, 0x8f, 0x40, 0x00, 0x8f, 0x45, 0xf8, 0x00, 0x0b, 0xf2, 0x0d, 0xf8, 0x8a,
    0xfb, 0x00, 0x3b, 0xff, 0xf9, 0x10, 0x00, 0x01, 0x41, 0x00, 0x00, 0x02, 0x30, 0x00, 0x41, 0x00,
    0x7e, 0x10, 0x4f, 0x40, 0x01, 0xdd, 0xbe, 0xc0, 0x00, 0x01, 0x68, 0x60, 0x00, 0x00, 0x00, 0x00,
    0x00, 0x00, 0x19, 0xff, 0xe8, 0x10, 0x1c, 0xfa, 0x8b, 0xfa, 0x06, 0xf8, 0x00, 0x0b, 0xf3, 0x8f,
    0x40, 0x00, 0x8f, 0x48, 0xf4, 0x00, 0x08, 0xf4, 0x8f, 0x40, 0x00, 0x8f, 0x48, 0xf4, 0x00, 0x08,
    0xf4, 0x6f, 0x80, 0x00, 0xaf, 0x31, 0xef, 0x88, 0xaf, 0xb0, 0x03, 0xbf, 0xff, 0x91, 0x00, 0x00,
    0x03, 0x00, 0x00, 0x00, 0x00, 0x00, 0x00, 0x00, 0x01, 0xdc, 0x09, 0xe3, 0x00, 0xbe, 0x17, 0xf5,
    0x00, 0x38, 0x30, 0x85, 0x00, 0x00, 0x04, 0x43, 0x00, 0x00, 0x3d, 0xff, 0xfc, 0x30, 0x1e, 0xe6,
    0x48, 0xfc, 0x06, 0xf7, 0x00, 0x09, 0xf3, 0x8f, 0x40, 0x00, 0x8f, 0x48, 0xf4, 0x00, 0x08, 0xf4,
    0x8f, 0x40, 0x00, 0x8f, 0x48, 0xf4, 0x00, 0x08, 0xf4, 0x8f, 0x40, 0x00, 0x8f, 0x48, 0xf4, 0x00,
    0x08, 0xf4, 0x8f, 0x40, 0x00, 0x8f, 0x45, 0xf8, 0x00, 0x0b, 0xf2, 0x0d, 0xf8, 0x8a, 0xfb, 0x00,
    0x3b, 0xff, 0xf9, 0x10, 0x00, 0x01, 0x41, 0x00, 0x00, 0x00, 0x02, 0x41, 0x14, 0x20, 0x01, 0xec,
    0x09, 0xe3, 0x00, 0xbd, 0x17, 0xf5, 0x00, 0x38, 0x31, 0x85, 0x00, 0x00, 0x00, 0x00, 0x00, 0x00,
    0x19, 0xff, 0xe8, 0x10, 0x1c, 0xfa, 0x8b, 0xfa, 0x06, 0xf8, 0x00, 0x0b, 0xf3, 0x8f, 0x40, 0x00,
    0x8f, 0x48, 0xf4, 0x00, 0x08, 0xf4, 0x8f, 0x40, 0x00, 0x8f, 0x48, 0xf4, 0x00, 0x08, 0xf4, 0x6f,
    0x80, 0x00, 0xaf, 0x31, 0xef, 0x88, 0xaf, 0xb0, 0x03, 0xbf, 0xff, 0x91, 0x00, 0x00, 0x03, 0x00,
    0x00, 0x00, 0x24, 0x22, 0x44, 0x44, 0x10, 0x6f, 0xfe, 0x9f, 0xff, 0xf4, 0x1f, 0xe5, 0x6e, 0xf9,
    0x88, 0x24, 0xf8, 0x00, 0x8f, 0x40, 0x00, 0x4f, 0x80, 0x08, 0xf4, 0x00, 0x04, 0xf8, 0x00, 0x8f,
    0x40, 0x00, 0x4f, 0x80, 0x08, 0xf9, 0x88, 0x04, 0xf8, 0x00, 0x8f, 0xff, 0xf0, 0x4f, 0x80, 0x08,
    0xf4, 0x00, 0x04, 0xf8, 0x00, 0x8f, 0x40, 0x00, 0x4f, 0x80, 0x08, 0xf4, 0x00, 0x04, 0xf8, 0x00,
    0x9f, 0x40, 0x00, 0x0e, 0xf8, 0x8e, 0xf9, 0x88, 0x20, 0x6e, 0xfc, 0x8f, 0xff, 0xf4, 0x00, 0x04,
    0x00, 0x00, 0x00, 0x00, 0x00, 0x00, 0x00, 0x00, 0x00, 0x00, 0x6e, 0xfb, 0x4d, 0xfe, 0x40, 0x2f,
    0xc6, 0xde, 0xc7, 0xde, 0x04, 0xf4, 0x08, 0xf4, 0x08, 0xf3, 0x4f, 0x40, 0x8f, 0x40, 0x8f, 0x44,
    0xf4, 0x08, 0xfc, 0xbd, 0xf4, 0x4f, 0x40, 0x8f, 0x98, 0x88, 0x24, 0xf4, 0x08, 0xf4, 0x00, 0x00,
    0x4f, 0x40, 0x8f, 0x40, 0x24, 0x03, 0xfb, 0x4c, 0xe9, 0x4c, 0xe0, 0x08, 0xff, 0xd4, 0xef, 0xe5,
    0x00, 0x01, 0x30, 0x00, 0x40, 0x00, 0x00, 0x00, 0x00, 0x00, 0x00, 0x00, 0x04, 0xf9, 0x00, 0x00,
    0x01, 0xec, 0x00, 0x00, 0x00, 0x58, 0x10, 0x00, 0x24, 0x44, 0x40, 0x00, 0x08, 0xff, 0xff, 0xfb,
    0x30, 0x8f, 0x98, 0x89, 0xfe, 0x28, 0xf4, 0x00, 0x07, 0xf8, 0x8f, 0x40, 0x00, 0x4f, 0xb8, 0xf4,
    0x00, 0x05, 0xf9, 0x8f, 0x40, 0x04, 0xcf, 0x48, 0xff, 0xff, 0xff, 0x80, 0x8f, 0x98, 0xbf, 0x70,
    0x08, 0xf4, 0x02, 0xfb, 0x00, 0x8f, 0x40, 0x0a, 0xf4, 0x08, 0xf4, 0x00, 0x4f, 0xb0, 0x8f, 0x40,
    0x00, 0xbf, 0x28, 0xf4, 0x00, 0x06, 0xf9, 0x00, 0x00, 0x02, 0x42, 0x00, 0x00, 0x01, 0xdd, 0x10,
    0x00, 0x00, 0xae, 0x30, 0x00, 0x00, 0x28, 0x50, 0x00, 0x00, 0x00, 0x00, 0x00, 0x00, 0xfb, 0x6e,
    0xfe, 0x60, 0x0f, 0xdd, 0x88, 0xef, 0x30, 0xfe, 0x10, 0x06, 0xf8, 0x0f, 0xb0, 0x00, 0x4f, 0xa0,
    0xfb, 0x00, 0x02, 0x86, 0x0f, 0xb0, 0x00, 0x00, 0x00, 0xfb, 0x00, 0x00, 0x00, 0x0f, 0xb0, 0x00,
    0x00, 0x00, 0xfb, 0x00, 0x00, 0x00, 0x0f, 0xb0, 0x00, 0x00, 0x00, 0x24, 0x44, 0x40, 0x00, 0x08,
    0xff, 0xff, 0xfb, 0x30, 0x8f, 0x98, 0x89, 0xfe, 0x28, 0xf4, 0x00, 0x07, 0xf8, 0x8f, 0x40, 0x00,
    0x4f, 0xb8, 0xf4, 0x00, 0x05, 0xf9, 0x8f, 0x40, 0x04, 0xcf, 0x48, 0xff, 0xff, 0xff, 0x80, 0x8f,
    0x98, 0xbf, 0x70, 0x08, 0xf4, 0x02, 0xfb, 0x00, 0x8f, 0x40, 0x0a, 0xf4, 0x08, 0xf4, 0x00, 0x4f,
    0xb0, 0x8f, 0x40, 0x00, 0xbf, 0x28, 0xf4, 0x00, 0x06, 0xf9, 0x00, 0x00, 0x00, 0x00, 0x00, 0x00,
    0x04, 0x40, 0x00, 0x00, 0x07, 0xf8, 0x00, 0x00, 0x02, 0xec, 0x00, 0x00, 0x00, 0x24, 0x10, 0x00,
    0x00, 0x00, 0x00, 0x00, 0x00, 0x00, 0x00, 0xfb, 0x6e, 0xfe, 0x60, 0x00, 0xfd, 0xd8, 0x8e, 0xf3,
    0x00, 0xfe, 0x10, 0x06, 0xf8, 0x00, 0xfb, 0x00, 0x04, 0xfa, 0x00, 0xfb, 0x00, 0x02, 0x86, 0x00,
    0xfb, 0x00, 0x00, 0x00, 0x00, 0xfb, 0x00, 0x00, 0x00, 0x00, 0xfb, 0x00, 0x00, 0x00, 0x00, 0xfb,
    0x00, 0x00, 0x00, 0x00, 0xfb, 0x00, 0x00, 0x00, 0x00, 0x00, 0x00, 0x00, 0x00, 0x00, 0x34, 0x10,
    0x00, 0x00, 0x04, 0xfb, 0x00, 0x00, 0x00, 0x0c, 0xe1, 0x00, 0x00, 0x00, 0x14, 0x20, 0x00, 0x00,
    0x00, 0x00, 0x00, 0x00, 0x00, 0x00, 0x6f, 0x91, 0xce, 0x30, 0x00, 0x6f, 0xee, 0x30, 0x00, 0x00,
    0x58, 0x30, 0x00, 0x24, 0x44, 0x40, 0x00, 0x08, 0xff, 0xff, 0xfb, 0x30, 0x8f, 0x98, 0x89, 0xfe,
    0x28, 0xf4, 0x00, 0x07, 0xf8, 0x8f, 0x40, 0x00, 0x4f, 0xb8, 0xf4, 0x00, 0x05, 0xf9, 0x8f, 0x40,
    0x04, 0xcf, 0x48, 0xff, 0xff, 0xff, 0x80, 0x8f, 0x98, 0xbf, 0x70, 0x08, 0xf4, 0x02, 0xfb, 0x00,
    0x8f, 0x40, 0x0a, 0xf4, 0x08, 0xf4, 0x00, 0x4f, 0xb0, 0x8f, 0x40, 0x00, 0xbf, 0x28, 0xf4, 0x00,
    0x06, 0xf9, 0x02, 0x41, 0x00, 0x34, 0x00, 0x1c, 0xc1, 0x6f, 0x60, 0x00, 0x1c, 0xdf, 0x60, 0x00,
    0x00, 0x18, 0x50, 0x00, 0x00, 0x00, 0x00, 0x00, 0x00, 0xfb, 0x6e, 0xfe, 0x60, 0x0f, 0xdd, 0x88,
    0xef, 0x30, 0xfe, 0x10, 0x06, 0xf8, 0x0f, 0xb0, 0x00, 0x4f, 0xa0, 0xfb, 0x00, 0x02, 0x86, 0x0f,
    0xb0, 0x00, 0x00, 0x00, 0xfb, 0x00, 0x00, 0x00, 0x0f, 0xb0, 0x00, 0x00, 0x00, 0xfb, 0x00, 0x00,
    0x00, 0x0f, 0xb0, 0x00, 0x00, 0x00, 0x00, 0x00, 0x00, 0x00, 0x00, 0x00, 0x04, 0xf9, 0x00, 0x00,
    0x01, 0xec, 0x00, 0x00, 0x00, 0x58, 0x10, 0x00, 0x00, 0x04, 0x43, 0x00, 0x00, 0x5e, 0xff, 0xfc,
    0x10, 0x2e, 0xe6, 0x48, 0xfc, 0x07, 0xf6, 0x00, 0x09, 0xf3, 0x8f, 0x50, 0x00, 0x24, 0x13, 0xfc,
    0x10, 0x00, 0x00, 0x09, 0xff, 0xb7, 0x20, 0x00, 0x08, 0xcf, 0xff, 0x60, 0x00, 0x00, 0x26, 0xef,
    0x20, 0x00, 0x00, 0x06, 0xf8, 0x8b, 0x00, 0x00, 0x4f, 0x89, 0xf4, 0x00, 0x07, 0xf7, 0x3f, 0xe8,
    0x89, 0xfe, 0x10, 0x4d, 0xff, 0xfb, 0x30, 0x00, 0x01, 0x41, 0x00, 0x00, 0x00, 0x00, 0x03, 0x40,
    0x00, 0x00, 0x05, 0xf9, 0x00, 0x00, 0x02, 0xec, 0x00, 0x00, 0x00, 0x58, 0x10, 0x00, 0x00, 0x00,
    0x00, 0x00, 0x00, 0x5d, 0xff, 0xfa, 0x30, 0x2f, 0xe8, 0x88, 0xfd, 0x08, 0xf5, 0x00, 0x05, 0x82,
    0x6f, 0x91, 0x00, 0x00, 0x01, 0xcf, 0xff, 0xb9, 0x20, 0x01, 0x78, 0xbd, 0xfe, 0x10, 0x00, 0x00,
    0x08, 0xf4, 0x6b, 0x30, 0x00, 0x7f, 0x44, 0xfc, 0x64, 0x7e, 0xf2, 0x08, 0xef, 0xff, 0xd5, 0x00,
    0x00, 0x24, 0x10, 0x00, 0x00, 0x00, 0x00, 0x00, 0x00, 0x03, 0xef, 0xc1, 0x00, 0x03, 0xec, 0x4e,
    0xc1, 0x00, 0x78, 0x10, 0x38, 0x50, 0x00, 0x04, 0x43, 0x00, 0x00, 0x5e, 0xff, 0xfc, 0x10, 0x2e,
    0xe6, 0x48, 0xfc, 0x07, 0xf6, 0x00, 0x09, 0xf3, 0x8f, 0x50, 0x00, 0x24, 0x13, 0xfc, 0x10, 0x00,
    0x00, 0x09, 0xff, 0xb7, 0x20, 0x00, 0x08, 0xcf, 0xff, 0x60, 0x00, 0x00, 0x26, 0xef, 0x20, 0x00,
    0x00, 0x06, 0xf8, 0x8b, 0x00, 0x00, 0x4f, 0x89, 0xf4, 0x00, 0x07, 0xf7, 0x3f, 0xe8, 0x89, 0xfe,
    0x10, 0x4d, 0xff, 0xfb, 0x30, 0x00, 0x01, 0x41, 0x00, 0x00, 0x00, 0x02, 0x41, 0x00, 0x00, 0x03,
    0xef, 0xc1, 0x00, 0x03, 0xec, 0x4e, 0xc1, 0x00, 0x78, 0x10, 0x38, 0x50, 0x00, 0x00, 0x00, 0x00,
    0x00, 0x5d, 0xff, 0xfa, 0x30, 0x2f, 0xe8, 0x88, 0xfd, 0x08, 0xf5, 0x00, 0x05, 0x82, 0x6f, 0x91,
    0x00, 0x00, 0x01, 0xcf, 0xff, 0xb9, 0x20, 0x01, 0x78, 0xbd, 0xfe, 0x10, 0x00, 0x00, 0x08, 0xf4,
    0x6b, 0x30, 0x00, 0x7f, 0x44, 0xfc, 0x64, 0x7e, 0xf2, 0x08, 0xef, 0xff, 0xd5, 0x00, 0x00, 0x24,
    0x10, 0x00, 0x00, 0x04, 0x43, 0x00, 0x00, 0x5e, 0xff, 0xfc, 0x10, 0x2e, 0xe6, 0x48, 0xfc, 0x07,
    0xf6, 0x00, 0x09, 0xf3, 0x8f, 0x50, 0x00, 0x24, 0x13, 0xfc, 0x10, 0x00, 0x00, 0x09, 0xff, 0xb7,
    0x20, 0x00, 0x08, 0xcf, 0xff, 0x60, 0x00, 0x00, 0x26, 0xef, 0x20, 0x00, 0x00, 0x06, 0xf8, 0x8b,
    0x00, 0x00, 0x4f, 0x89, 0xf4, 0x00, 0x07, 0xf7, 0x3f, 0xe8, 0x89, 0xfe, 0x10, 0x4d, 0xff, 0xfb,
    0x30, 0x00, 0x0c, 0x92, 0x00, 0x00, 0x00, 0x4a, 0xe3, 0x00, 0x00, 0x14, 0x8f, 0x70, 0x00, 0x03,
    0xbb, 0x70, 0x00, 0x00, 0x00, 0x00, 0x00, 0x00, 0x5d, 0xff, 0xfa, 0x30, 0x2f, 0xe8, 0x88, 0xfd,
    0x08, 0xf5, 0x00, 0x05, 0x82, 0x6f, 0x91, 0x00, 0x00, 0x01, 0xcf, 0xff, 0xb9, 0x20, 0x01, 0x78,
    0xbd, 0xfe, 0x10, 0x00, 0x00, 0x08, 0xf4, 0x6b, 0x30, 0x00, 0x7f, 0x44, 0xfc, 0x64, 0x7e, 0xf2,
    0x08, 0xef, 0xff, 0xd5, 0x00, 0x00, 0x9b, 0x30, 0x00, 0x00, 0x03, 0x8f, 0x50, 0x00, 0x01, 0x47,
    0xf9, 0x00, 0x00, 0x3b, 0xb8, 0x10, 0x00, 0x00, 0x00, 0x00, 0x00, 0x00, 0x6f, 0x91, 0xce, 0x30,
    0x00, 0x6f, 0xee, 0x30, 0x00, 0x00, 0x58, 0x30, 0x00, 0x00, 0x04, 0x43, 0x00, 0x00, 0x5e, 0xff,
    0xfc, 0x10, 0x2e, 0xe6, 0x48, 0xfc, 0x07, 0xf6, 0x00, 0x09, 0xf3, 0x8f, 0x50, 0x00, 0x24, 0x13,
    0xfc, 0x10, 0x00, 0x00, 0x09, 0xff, 0xb7, 0x20, 0x00, 0x08, 0xcf, 0xff, 0x60, 0x00, 0x00, 0x26,
    0xef, 0x20, 0x00, 0x00, 0x06, 0xf8, 0x8b, 0x00, 0x00, 0x4f, 0x89, 0xf4, 0x00, 0x07, 0xf7, 0x3f,
    0xe8, 0x89, 0xfe, 0x10, 0x4d, 0xff, 0xfb, 0x30, 0x00, 0x01, 0x41, 0x00, 0x00, 0x04, 0x40, 0x01,
    0x43, 0x00, 0x6f, 0x91, 0xce, 0x30, 0x00, 0x6f, 0xee, 0x30, 0x00, 0x00, 0x58, 0x30, 0x00, 0x00,
    0x00, 0x00, 0x00, 0x00, 0x5d, 0xff, 0xfa, 0x30, 0x2f, 0xe8, 0x88, 0xfd, 0x08, 0xf5, 0x00, 0x05,
    0x82, 0x6f, 0x91, 0x00, 0x00, 0x01, 0xcf, 0xff, 0xb9, 0x20, 0x01, 0x78, 0xbd, 0xfe, 0x10, 0x00,
    0x00, 0x08, 0xf4, 0x6b, 0x30, 0x00, 0x7f, 0x44, 0xfc, 0x64, 0x7e, 0xf2, 0x08, 0xef, 0xff, 0xd5,
    0x00, 0x00, 0x24, 0x10, 0x00, 0x04, 0x44, 0x44, 0x44, 0x43, 0x0f, 0xff, 0xff, 0xff, 0xfb, 0x08,
    0x88, 0xbf, 0x98, 0x86, 0x00, 0x00, 0x8f, 0x40, 0x00, 0x00, 0x00, 0x8f, 0x40, 0x00, 0x00, 0x00,
    0x8f, 0x40, 0x00, 0x00, 0x00, 0x8f, 0x40, 0x00, 0x00, 0x00, 0x8f, 0x40, 0x00, 0x00, 0x00, 0x8f,
    0x40, 0x00, 0x00, 0x00, 0x8f, 0x40, 0x00, 0x00, 0x00, 0x8f, 0x40, 0x00, 0x00, 0x00, 0x8f, 0x40,
    0x00, 0x00, 0x00, 0x8f, 0x40, 0x00, 0x00, 0x00, 0x8f, 0x40, 0x00, 0x00, 0x00, 0x0e, 0x60, 0x00,
    0x00, 0x00, 0x14, 0xad, 0x20, 0x00, 0x00, 0x24, 0x9f, 0x30, 0x00, 0x00, 0x6b, 0xa5, 0x00, 0x00,
    0x06, 0xb6, 0x00, 0x00, 0x00, 0x08, 0xf8, 0x00, 0x00, 0x00, 0x08, 0xf8, 0x00, 0x00, 0x4f, 0xff,
    0xff, 0xff, 0xf8, 0x3b, 0xbd, 0xfd, 0xbb, 0xb6, 0x00, 0x08, 0xf8, 0x00, 0x00, 0x00, 0x08, 0xf8,
    0x00, 0x00, 0x00, 0x08, 0xf8, 0x00, 0x00, 0x00, 0x08, 0xf8, 0x00, 0x00, 0x00, 0x08, 0xf8, 0x00,
    0x00, 0x00, 0x06, 0xf8, 0x00, 0x00, 0x00, 0x02, 0xfe, 0x88, 0x82, 0x00, 0x00, 0x6d, 0xff, 0xf4,
    0x00, 0x00, 0x0a, 0x81, 0x00, 0x00, 0x00, 0x04, 0x8e, 0x50, 0x00, 0x00, 0x14, 0x7f, 0x70, 0x00,
    0x00, 0x3b, 0xb7, 0x00, 0x00, 0x00, 0x00, 0x00, 0x00, 0x00, 0x6f, 0x91, 0xce, 0x30, 0x00, 0x06,
    0xfe, 0xe3, 0x00, 0x00, 0x00, 0x58, 0x30, 0x00, 0x04, 0x44, 0x44, 0x44, 0x43, 0x0f, 0xff, 0xff,
    0xff, 0xfb, 0x08, 0x88, 0xbf, 0x98, 0x86, 0x00, 0x00, 0x8f, 0x40, 0x00, 0x00, 0x00, 0x8f, 0x40,
    0x00, 0x00, 0x00, 0x8f, 0x40, 0x00, 0x00, 0x00, 0x8f, 0x40, 0x00, 0x00, 0x00, 0x8f, 0x40, 0x00,
    0x00, 0x00, 0x8f, 0x40, 0x00, 0x00, 0x00, 0x8f, 0x40, 0x00, 0x00, 0x00, 0x8f, 0x40, 0x00, 0x00,
    0x00, 0x8f, 0x40, 0x00, 0x00, 0x00, 0x8f, 0x40, 0x00, 0x00, 0x00, 0x8f, 0x40, 0x00, 0x00, 0x00,
    0x00, 0x08, 0x40, 0x00, 0x00, 0x00, 0x0f, 0x80, 0x00, 0x06, 0xb6, 0x4f, 0x50, 0x00, 0x08, 0xf8,
    0x3b, 0x30, 0x00, 0x08, 0xf8, 0x00, 0x00, 0x4f, 0xff, 0xff, 0xff, 0xf8, 0x3b, 0xbd, 0xfd, 0xbb,
    0xb6, 0x00, 0x08, 0xf8, 0x00, 0x00, 0x00, 0x08, 0xf8, 0x00, 0x00, 0x00, 0x08, 0xf8, 0x00, 0x00,
    0x00, 0x08, 0xf8, 0x00, 0x00, 0x00, 0x08, 0xf8, 0x00, 0x00, 0x00, 0x06, 0xf8, 0x00, 0x00, 0x00,
    0x02, 0xfe, 0x88, 0x82, 0x00, 0x00, 0x6d, 0xff, 0xf4, 0x04, 0x44, 0x44, 0x44, 0x43, 0x0f, 0xff,
    0xff, 0xff, 0xfb, 0x08, 0x88, 0xbf, 0x98, 0x86, 0x00, 0x00, 0x8f, 0x40, 0x00, 0x00, 0x00, 0x8f,
    0x40, 0x00, 0x00, 0x00, 0x8f, 0x40, 0x00, 0x00, 0x00, 0x8f, 0x40, 0x00, 0x00, 0xbb, 0xdf, 0xcb,
    0x80, 0x00, 0xbb, 0xdf, 0xcb, 0x80, 0x00, 0x00, 0x8f, 0x40, 0x00, 0x00, 0x00, 0x8f, 0x40, 0x00,
    0x00, 0x00, 0x8f, 0x40, 0x00, 0x00, 0x00, 0x8f, 0x40, 0x00, 0x00, 0x00, 0x8f, 0x40, 0x00, 0x00,
    0x06, 0xb6, 0x00, 0x00, 0x00, 0x08, 0xf8, 0x00, 0x00, 0x00, 0x08, 0xf8, 0x00, 0x00, 0x4f, 0xff,
    0xff, 0xff, 0xf8, 0x3b, 0xbd, 0xfd, 0xbb, 0xb6, 0x00, 0x08, 0xf8, 0x00, 0x00, 0x00, 0x08, 0xf8,
    0x00, 0x00, 0x06, 0xbd, 0xfd, 0xbb, 0x60, 0x06, 0xbd, 0xfd, 0xbb, 0x60, 0x00, 0x08, 0xf8, 0x00,
    0x00, 0x00, 0x06, 0xf8, 0x00, 0x00, 0x00, 0x02, 0xfe, 0x88, 0x82, 0x00, 0x00, 0x6d, 0xff, 0xf4,
    0x00, 0x00, 0x00, 0x00, 0x00, 0x3e, 0xf8, 0x0f, 0x40, 0x08, 0xc5, 0xed, 0xf2, 0x00, 0x23, 0x01,
    0x42, 0x00, 0x24, 0x10, 0x00, 0x24, 0x18, 0xf4, 0x00, 0x08, 0xf4, 0x8f, 0x40, 0x00, 0x8f, 0x48,
    0xf4, 0x00, 0x08, 0xf4, 0x8f, 0x40, 0x00, 0x8f, 0x48, 0xf4, 0x00, 0x08, 0xf4, 0x8f, 0x40, 0x00,
    0x8f, 0x48, 0xf4, 0x00, 0x08, 0xf4, 0x8f, 0x40, 0x00, 0x8f, 0x48, 0xf4, 0x00, 0x08, 0xf4, 0x8f,
    0x40, 0x00, 0x8f, 0x45, 0xf8, 0x00, 0x0b, 0xf2, 0x1d, 0xf8, 0x8a, 0xfb, 0x00, 0x3b, 0xff, 0xfb,
    0x10, 0x00, 0x02, 0x41, 0x00, 0x00, 0x00, 0x00, 0x00, 0x00, 0x00, 0x3e, 0xf8, 0x0f, 0x40, 0x08,
    0xc3, 0xed, 0xe2, 0x00, 0x23, 0x01, 0x42, 0x00, 0x00, 0x00, 0x00, 0x00, 0x08, 0xf4, 0x00, 0x08,
    0xf4, 0x8f, 0x40, 0x00, 0x8f, 0x48, 0xf4, 0x00, 0x08, 0xf4, 0x8f, 0x40, 0x00, 0x8f, 0x48, 0xf4,
    0x00, 0x08, 0xf4, 0x8f, 0x40, 0x00, 0x8f, 0x48, 0xf4, 0x00, 0x08, 0xf4, 0x5f, 0x80, 0x00, 0xbf,
    0x20, 0xdf, 0x88, 0xaf, 0xb0, 0x03, 0xbf, 0xff, 0x91, 0x00, 0x00, 0x14, 0x10, 0x00, 0x04, 0x88,
    0x88, 0x82, 0x00, 0x8f, 0xff, 0xff, 0x40, 0x00, 0x00, 0x00, 0x00, 0x02, 0x41, 0x00, 0x02, 0x41,
    0x8f, 0x40, 0x00, 0x8f, 0x48, 0xf4, 0x00, 0x08, 0xf4, 0x8f, 0x40, 0x00, 0x8f, 0x48, 0xf4, 0x00,
    0x08, 0xf4, 0x8f, 0x40, 0x00, 0x8f, 0x48, 0xf4, 0x00, 0x08, 0xf4, 0x8f, 0x40, 0x00, 0x8f, 0x48,
    0xf4, 0x00, 0x08, 0xf4, 0x8f, 0x40, 0x00, 0x8f, 0x48, 0xf4, 0x00, 0x08, 0xf4, 0x5f, 0x80, 0x00,
    0xbf, 0x21, 0xdf, 0x88, 0xaf, 0xb0, 0x03, 0xbf, 0xff, 0xb1, 0x00, 0x00, 0x24, 0x10, 0x00, 0x04,
    0x88, 0x88, 0x82, 0x00, 0x8f, 0xff, 0xff, 0x40, 0x00, 0x00, 0x00, 0x00, 0x00, 0x00, 0x00, 0x00,
    0x00, 0x8f, 0x40, 0x00, 0x8f, 0x48, 0xf4, 0x00, 0x08, 0xf4, 0x8f, 0x40, 0x00, 0x8f, 0x48, 0xf4,
    0x00, 0x08, 0xf4, 0x8f, 0x40, 0x00, 0x8f, 0x48, 0xf4, 0x00, 0x08, 0xf4, 0x8f, 0x40, 0x00, 0x8f,
    0x45, 0xf8, 0x00, 0x0b, 0xf2, 0x0d, 0xf8, 0x8a, 0xfb, 0x00, 0x3b, 0xff, 0xf9, 0x10, 0x00, 0x01,
    0x41, 0x00, 0x00, 0x00, 0x00, 0x00, 0x00, 0x00, 0x8e, 0x10, 0x3f, 0x40, 0x01, 0xed, 0x8e, 0xc0,
    0x00, 0x01, 0x78, 0x60, 0x00, 0x24, 0x10, 0x00, 0x24, 0x18, 0xf4, 0x00, 0x08, 0xf4, 0x8f, 0x40,
    0x00, 0x8f, 0x48, 0xf4, 0x00, 0x08, 0xf4, 0x8f, 0x40, 0x00, 0x8f, 0x48, 0xf4, 0x00, 0x08, 0xf4,
    0x8f, 0x40, 0x00, 0x8f, 0x48, 0xf4, 0x00, 0x08, 0xf4, 0x8f, 0x40, 0x00, 0x8f, 0x48, 0xf4, 0x00,
    0x08, 0xf4, 0x8f, 0x40, 0x00, 0x8f, 0x45, 0xf8, 0x00, 0x0b, 0xf2, 0x1d, 0xf8, 0x8a, 0xfb, 0x00,
    0x3b, 0xff, 0xfb, 0x10, 0x00, 0x02, 0x41, 0x00, 0x00, 0x02, 0x30, 0x00, 0x41, 0x00, 0x7e, 0x10,
    0x4f, 0x40, 0x01, 0xdd, 0xbe, 0xc0, 0x00, 0x01, 0x68, 0x60, 0x00, 0x00, 0x00, 0x00, 0x00, 0x08,
    0xf4, 0x00, 0x08, 0xf4, 0x8f, 0x40, 0x00, 0x8f, 0x48, 0xf4, 0x00, 0x08, 0xf4, 0x8f, 0x40, 0x00,
    0x8f, 0x48, 0xf4, 0x00, 0x08, 0xf4, 0x8f, 0x40, 0x00, 0x8f, 0x48, 0xf4, 0x00, 0x08, 0xf4, 0x5f,
    0x80, 0x00, 0xbf, 0x20, 0xdf, 0x88, 0xaf, 0xb0, 0x03, 0xbf, 0xff, 0x91, 0x00, 0x00, 0x14, 0x10,
    0x00, 0x00, 0x3b, 0xfa, 0x10, 0x00, 0x0a, 0x81, 0xb7, 0x00, 0x00, 0xb6, 0x08, 0x80, 0x00, 0x05,
    0xeb, 0xe3, 0x00, 0x24, 0x12, 0x41, 0x24, 0x18, 0xf4, 0x00, 0x08, 0xf4, 0x8f, 0x40, 0x00, 0x8f,
    0x48, 0xf4, 0x00, 0x08, 0xf4, 0x8f, 0x40, 0x00, 0x8f, 0x48, 0xf4, 0x00, 0x08, 0xf4, 0x8f, 0x40,
    0x00, 0x8f, 0x48, 0xf4, 0x00, 0x08, 0xf4, 0x8f, 0x40, 0x00, 0x8f, 0x48, 0xf4, 0x00, 0x08, 0xf4,
    0x8f, 0x40, 0x00, 0x8f, 0x45, 0xf8, 0x00, 0x0b, 0xf2, 0x1d, 0xf8, 0x8a, 0xfb, 0x00, 0x3b, 0xff,
    0xfb, 0x10, 0x00, 0x02, 0x41, 0x00, 0x00, 0x00, 0x00, 0x00, 0x00, 0x00, 0x03, 0xef, 0xd2, 0x00,
    0x00, 0xb7, 0x0a, 0x80, 0x00, 0x0b, 0x70, 0xa8, 0x00, 0x00, 0x3e, 0xfc, 0x10, 0x00, 0x00, 0x00,
    0x00, 0x00, 0x8f, 0x40, 0x00, 0x8f, 0x48, 0xf4, 0x00, 0x08, 0xf4, 0x8f, 0x40, 0x00, 0x8f, 0x48,
    0xf4, 0x00, 0x08, 0xf4, 0x8f, 0x40, 0x00, 0x8f, 0x48, 0xf4, 0x00, 0x08, 0xf4, 0x8f, 0x40, 0x00,
    0x8f, 0x45, 0xf8, 0x00, 0x0b, 0xf2, 0x0d, 0xf8, 0x8a, 0xfb, 0x00, 0x3b, 0xff, 0xf9, 0x10, 0x00,
    0x01, 0x41, 0x00, 0x00, 0x00, 0x00, 0x00, 0x00, 0x00, 0x01, 0xdc, 0x09, 0xe3, 0x00, 0xbe, 0x17,
    0xf5, 0x00, 0x38, 0x30, 0x85, 0x00, 0x24, 0x10, 0x00, 0x24, 0x18, 0xf4, 0x00, 0x08, 0xf4, 0x8f,
    0x40, 0x00, 0x8f, 0x48, 0xf4, 0x00, 0x08, 0xf4, 0x8f, 0x40, 0x00, 0x8f, 0x48, 0xf4, 0x00, 0x08,
    0xf4, 0x8f, 0x40, 0x00, 0x8f, 0x48, 0xf4, 0x00, 0x08, 0xf4, 0x8f, 0x40, 0x00, 0x8f, 0x48, 0xf4,
    0x00, 0x08, 0xf4, 0x8f, 0x40, 0x00, 0x8f, 0x45, 0xf8, 0x00, 0x0b, 0xf2, 0x1d, 0xf8, 0x8a, 0xfb,
    0x00, 0x3b, 0xff, 0xfb, 0x10, 0x00, 0x02, 0x41, 0x00, 0x00, 0x00, 0x02, 0x41, 0x14, 0x20, 0x01,
    0xec, 0x09, 0xe3, 0x00, 0xbd, 0x17, 0xf5, 0x00, 0x38, 0x31, 0x85, 0x00, 0x00, 0x00, 0x00, 0x00,
    0x08, 0xf4, 0x00, 0x08, 0xf4, 0x8f, 0x40, 0x00, 0x8f, 0x48, 0xf4, 0x00, 0x08, 0xf4, 0x8f, 0x40,
    0x00, 0x8f, 0x48, 0xf4, 0x00, 0x08, 0xf4, 0x8f, 0x40, 0x00, 0x8f, 0x48, 0xf4, 0x00, 0x08, 0xf4,
    0x5f, 0x80, 0x00, 0xbf, 0x20, 0xdf, 0x88, 0xaf, 0xb0, 0x03, 0xbf, 0xff, 0x91, 0x00, 0x00, 0x14,
    0x10, 0x00, 0x24, 0x10, 0x00, 0x24, 0x18, 0xf4, 0x00, 0x08, 0xf4, 0x8f, 0x40, 0x00, 0x8f, 0x48,
    0xf4, 0x00, 0x08, 0xf4, 0x8f, 0x40, 0x00, 0x8f, 0x48, 0xf4, 0x00, 0x08, 0xf4, 0x8f, 0x40, 0x00,
    0x8f, 0x48, 0xf4, 0x00, 0x08, 0xf4, 0x8f, 0x40, 0x00, 0x8f, 0x48, 0xf4, 0x00, 0x08, 0xf4, 0x8f,
    0x40, 0x00, 0x8f, 0x45, 0xf8, 0x00, 0x0b, 0xf2, 0x0d, 0xf8, 0x8a, 0xfb, 0x00, 0x3b, 0xff, 0xfc,
    0x10, 0x00, 0x02, 0xca, 0x00, 0x00, 0x00, 0x6f, 0x40, 0x00, 0x00, 0x06, 0xfa, 0x82, 0x00, 0x00,
    0x07, 0xbb, 0x30, 0x8f, 0x40, 0x00, 0x8f, 0x48, 0xf4, 0x00, 0x08, 0xf4, 0x8f, 0x40, 0x00, 0x8f,
    0x48, 0xf4, 0x00, 0x08, 0xf4, 0x8f, 0x40, 0x00, 0x8f, 0x48, 0xf4, 0x00, 0x08, 0xf4, 0x8f, 0x40,
    0x00, 0x8f, 0x45, 0xf8, 0x00, 0x0b, 0xf2, 0x0d, 0xf8, 0x8a, 0xfb, 0x00, 0x3b, 0xff, 0xfb, 0x10,
    0x00, 0x03, 0xd9, 0x00, 0x00, 0x00, 0x7f, 0x10, 0x00, 0x00, 0x07, 0xfa, 0x82, 0x00, 0x00, 0x07,
    0xbb, 0x30, 0x00, 0x00, 0x00, 0x00, 0x00, 0x00, 0x00, 0x3e, 0xfc, 0x10, 0x00, 0x00, 0x3e, 0xc4,
    0xec, 0x10, 0x00, 0x07, 0x81, 0x03, 0x85, 0x00, 0x34, 0x00, 0x24, 0x10, 0x04, 0x28, 0xf0, 0x08,
    0xf7, 0x03, 0xf7, 0x8f, 0x10, 0xae, 0x80, 0x4f, 0x45, 0xf4, 0x0b, 0xba, 0x05, 0xf3, 0x4f, 0x40,
    0xf8, 0xb0, 0x8f, 0x02, 0xf7, 0x0f, 0x5e, 0x08, 0xf0, 0x0f, 0x84, 0xf2, 0xf0, 0xab, 0x00, 0xe8,
    0x4b, 0x0f, 0x3b, 0xb0, 0x0b, 0xb8, 0xb0, 0xe4, 0xc8, 0x00, 0xab, 0x88, 0x0b, 0x7f, 0x80, 0x08,
    0xeb, 0x80, 0xa8, 0xf4, 0x00, 0x8f, 0xb4, 0x08, 0xcf, 0x40, 0x04, 0xff, 0x40, 0x8f, 0xf1, 0x00,
    0x4f, 0xf0, 0x04, 0xff, 0x00, 0x00, 0x00, 0x24, 0x10, 0x00, 0x00, 0x00, 0x3e, 0xfc, 0x10, 0x00,
    0x00, 0x3e, 0xc4, 0xec, 0x10, 0x00, 0x07, 0x81, 0x03, 0x85, 0x00, 0x00, 0x00, 0x00, 0x00, 0x00,
    0x08, 0xf0, 0x08, 0xf5, 0x04, 0xf4, 0x4f, 0x40, 0xbe, 0x80, 0x5f, 0x12, 0xf5, 0x0d, 0xba, 0x08,
    0xe0, 0x0f, 0x80, 0xf7, 0xc0, 0x9b, 0x00, 0xb9, 0x4f, 0x3f, 0x0b, 0x80, 0x09, 0xb6, 0xb0, 0xf4,
    0xf7, 0x00, 0x8e, 0x89, 0x0c, 0x7f, 0x40, 0x05, 0xfb, 0x80, 0xab, 0xf1, 0x00, 0x3f, 0xe4, 0x08,
    0xed, 0x00, 0x00, 0xff, 0x10, 0x5f, 0xb0, 0x00, 0x00, 0x00, 0x00, 0x00, 0x00, 0x00, 0x00, 0x3e,
    0xfc, 0x10, 0x00, 0x00, 0x3e, 0xc4, 0xec, 0x10, 0x00, 0x07, 0x81, 0x03, 0x85, 0x00, 0x24, 0x20,
    0x00, 0x00, 0x24, 0x12, 0xfb, 0x00, 0x00, 0x0d, 0xd0, 0x09, 0xf4, 0x00, 0x06, 0xf7, 0x00, 0x2f,
    0xb0, 0x00, 0xde, 0x10, 0x00, 0xaf, 0x20, 0x5f, 0x80, 0x00, 0x04, 0xf9, 0x0b, 0xe1, 0x00, 0x00,
    0x0b, 0xf6, 0xf8, 0x00, 0x00, 0x00, 0x4f, 0xef, 0x20, 0x00, 0x00, 0x00, 0xbf, 0x90, 0x00, 0x00,
    0x00, 0x08, 0xf4, 0x00, 0x00, 0x00, 0x00, 0x8f, 0x40, 0x00, 0x00, 0x00, 0x08, 0xf4, 0x00, 0x00,
    0x00, 0x00, 0x8f, 0x40, 0x00, 0x00, 0x00, 0x08, 0xf4, 0x00, 0x00, 0x00, 0x00, 0x24, 0x10, 0x00,
    0x00, 0x03, 0xef, 0xc1, 0x00, 0x00, 0x3e, 0xc4, 0xec, 0x10, 0x00, 0x78, 0x10, 0x38, 0x50, 0x00,
    0x00, 0x00, 0x00, 0x00, 0x0e, 0xe0, 0x00, 0x02, 0xfc, 0x08, 0xf5, 0x00, 0x07, 0xf6, 0x02, 0xfa,
    0x00, 0x0c, 0xf1, 0x00, 0xbf, 0x20, 0x3f, 0x90, 0x00, 0x6f, 0x70, 0x8f, 0x50, 0x00, 0x0e, 0xd0,
    0xdd, 0x00, 0x00, 0x08, 0xf6, 0xf8, 0x00, 0x00, 0x02, 0xff, 0xf2, 0x00, 0x00, 0x00, 0xbf, 0xc0,
    0x00, 0x00, 0x00, 0x8f, 0x60, 0x00, 0x00, 0x00, 0xcf, 0x10, 0x00, 0x00, 0x03, 0xf9, 0x00, 0x00,
    0x00, 0x08, 0xf5, 0x00, 0x00, 0x00, 0x03, 0x40, 0x00, 0x00, 0x00, 0x00, 0x00, 0x00, 0x00, 0x00,
    0x08, 0xf5, 0x08, 0xf6, 0x00, 0x00, 0xaf, 0x70, 0xaf, 0x80, 0x00, 0x01, 0x40, 0x01, 0x41, 0x00,
    0x24, 0x20, 0x00, 0x00, 0x24, 0x12, 0xfb, 0x00, 0x00, 0x0d, 0xd0, 0x09, 0xf4, 0x00, 0x06, 0xf7,
    0x00, 0x2f, 0xb0, 0x00, 0xde, 0x10, 0x00, 0xaf, 0x20, 0x5f, 0x80, 0x00, 0x04, 0xf9, 0x0b, 0xe1,
    0x00, 0x00, 0x0b, 0xf6, 0xf8, 0x00, 0x00, 0x00, 0x4f, 0xef, 0x20, 0x00, 0x00, 0x00, 0xbf, 0x90,
    0x00, 0x00, 0x00, 0x08, 0xf4, 0x00, 0x00, 0x00, 0x00, 0x8f, 0x40, 0x00, 0x00, 0x00, 0x08, 0xf4,
    0x00, 0x00, 0x00, 0x00, 0x8f, 0x40, 0x00, 0x00, 0x00, 0x08, 0xf4, 0x00, 0x00, 0x00, 0x00, 0x00,
    0x00, 0x00, 0x00, 0x04, 0xf9, 0x00, 0x00, 0x01, 0xec, 0x00, 0x00, 0x00, 0x58, 0x10, 0x00, 0x24,
    0x44, 0x44, 0x44, 0x08, 0xff, 0xff, 0xff, 0xf0, 0x48, 0x88, 0x88, 0xef, 0x00, 0x00, 0x00, 0x5f,
    0x80, 0x00, 0x00, 0x1d, 0xe1, 0x00, 0x00, 0x08, 0xf6, 0x00, 0x00, 0x02, 0xfc, 0x00, 0x00, 0x00,
    0xaf, 0x40, 0x00, 0x00, 0x4f, 0x90, 0x00, 0x00, 0x0d, 0xe1, 0x00, 0x00, 0x08, 0xf8, 0x00, 0x00,
    0x01, 0xed, 0x00, 0x00, 0x00, 0x8f, 0xa8, 0x88, 0x88, 0x28, 0xff, 0xff, 0xff, 0xf4, 0x00, 0x00,
    0x03, 0x40, 0x00, 0x00, 0x05, 0xf9, 0x00, 0x00, 0x02, 0xec, 0x00, 0x00, 0x00, 0x58, 0x10, 0x00,
    0x00, 0x00, 0x00, 0x00, 0x04, 0xff, 0xff, 0xff, 0xf0, 0x3b, 0xbb, 0xbb, 0xff, 0x00, 0x00, 0x00,
    0x9f, 0x70, 0x00, 0x00, 0x7f, 0x90, 0x00, 0x00, 0x5f, 0xc0, 0x00, 0x00, 0x3e, 0xc1, 0x00, 0x00,
    0x1d, 0xe3, 0x00, 0x00, 0x0c, 0xf4, 0x00, 0x00, 0x07, 0xfc, 0x88, 0x88, 0x82, 0x8f, 0xff, 0xff,
    0xff, 0x40, 0x00, 0x00, 0x00, 0x00, 0x00, 0x00, 0xaf, 0x70, 0x00, 0x00, 0x0d, 0xfa, 0x00, 0x00,
    0x00, 0x24, 0x10, 0x00, 0x24, 0x44, 0x44, 0x44, 0x08, 0xff, 0xff, 0xff, 0xf0, 0x48, 0x88, 0x88,
    0xef, 0x00, 0x00, 0x00, 0x5f, 0x80, 0x00, 0x00, 0x1d, 0xe1, 0x00, 0x00, 0x08, 0xf6, 0x00, 0x00,
    0x02, 0xfc, 0x00, 0x00, 0x00, 0xaf, 0x40, 0x00, 0x00, 0x4f, 0x90, 0x00, 0x00, 0x0d, 0xe1, 0x00,
    0x00, 0x08, 0xf8, 0x00, 0x00, 0x01, 0xed, 0x00, 0x00, 0x00, 0x8f, 0xa8, 0x88, 0x88, 0x28, 0xff,
    0xff, 0xff, 0xf4, 0x00, 0x00, 0x00, 0x00, 0x00, 0x00, 0xaf, 0x70, 0x00, 0x00, 0x0d, 0xfa, 0x00,
    0x00, 0x00, 0x24, 0x10, 0x00, 0x00, 0x00, 0x00, 0x00, 0x04, 0xff, 0xff, 0xff, 0xf0, 0x3b, 0xbb,
    0xbb, 0xff, 0x00, 0x00, 0x00, 0x9f, 0x70, 0x00, 0x00, 0x7f, 0x90, 0x00, 0x00, 0x5f, 0xc0, 0x00,
    0x00, 0x3e, 0xc1, 0x00, 0x00, 0x1d, 0xe3, 0x00, 0x00, 0x0c, 0xf4, 0x00, 0x00, 0x07, 0xfc, 0x88,
    0x88, 0x82, 0x8f, 0xff, 0xff, 0xff, 0x40, 0x00, 0x00, 0x00, 0x00, 0x00, 0x6f, 0x91, 0xce, 0x30,
    0x00, 0x6f, 0xee, 0x30, 0x00, 0x00, 0x58, 0x30, 0x00, 0x24, 0x44, 0x44, 0x44, 0x08, 0xff, 0xff,
    0xff, 0xf0, 0x48, 0x88, 0x88, 0xef, 0x00, 0x00, 0x00, 0x5f, 0x80, 0x00, 0x00, 0x1d, 0xe1, 0x00,
    0x00, 0x08, 0xf6, 0x00, 0x00, 0x02, 0xfc, 0x00, 0x00, 0x00, 0xaf, 0x40, 0x00, 0x00, 0x4f, 0x90,
    0x00, 0x00, 0x0d, 0xe1, 0x00, 0x00, 0x08, 0xf8, 0x00, 0x00, 0x01, 0xed, 0x00, 0x00, 0x00, 0x8f,
    0xa8, 0x88, 0x88, 0x28, 0xff, 0xff, 0xff, 0xf4, 0x04, 0x40, 0x01, 0x43, 0x00, 0x6f, 0x91, 0xce,
    0x30, 0x00, 0x6f, 0xee, 0x30, 0x00, 0x00, 0x58, 0x30, 0x00, 0x00, 0x00, 0x00, 0x00, 0x04, 0xff,
    0xff, 0xff, 0xf0, 0x3b, 0xbb, 0xbb, 0xff, 0x00, 0x00, 0x00, 0x9f, 0x70, 0x00, 0x00, 0x7f, 0x90,
    0x00, 0x00, 0x5f, 0xc0, 0x00, 0x00, 0x3e, 0xc1, 0x00, 0x00, 0x1d, 0xe3, 0x00, 0x00, 0x0c, 0xf4,
    0x00, 0x00, 0x07, 0xfc, 0x88, 0x88, 0x82, 0x8f, 0xff, 0xff, 0xff, 0x40, 0x00, 0x01, 0x44, 0x41,
    0x03, 0xcf, 0xff, 0xf4, 0x0c, 0xf8, 0x88, 0x82, 0x0f, 0xb0, 0x00, 0x00, 0x0f, 0xb0, 0x00, 0x00,
    0x0f, 0xb0, 0x00, 0x00, 0x0f, 0xb0, 0x00, 0x00, 0x0f, 0xb0, 0x00, 0x00, 0x0f, 0xb0, 0x00, 0x00,
    0x0f, 0xb0, 0x00, 0x00, 0x0f, 0xb0, 0x00, 0x00, 0x0f, 0xb0, 0x00, 0x00, 0x0f, 0xb0, 0x00, 0x00,
    0x0f, 0xb0, 0x00, 0x00, 0x00, 0x00, 0x34, 0x20, 0x00, 0x00, 0x00, 0xef, 0xb0, 0x00, 0x00, 0x03,
    0xfd, 0xf0, 0x00, 0x00, 0x07, 0xf8, 0xf4, 0x00, 0x00, 0x0a, 0xe2, 0xf8, 0x00, 0x00, 0x0e, 0xa0,
    0xdc, 0x00, 0x00, 0x4f, 0x70, 0xaf, 0x10, 0x00, 0x8f, 0x40, 0x7f, 0x50, 0x00, 0xbf, 0x00, 0x3f,
    0x80, 0x00, 0xff, 0xff, 0xff, 0xc0, 0x04, 0xfb, 0x88, 0x8c, 0xf1, 0x08, 0xf4, 0x00, 0x07, 0xf5,
    0x0c, 0xf0, 0x00, 0x03, 0xf8, 0x1f, 0xb0, 0x00, 0x00, 0xfd, 0x24, 0x44, 0x30, 0x00, 0x08, 0xff,
    0xff, 0xfb, 0x20, 0x8f, 0x98, 0x8a, 0xfc, 0x08, 0xf4, 0x00, 0x0a, 0xf4, 0x8f, 0x40, 0x00, 0x8f,
    0x48, 0xf4, 0x00, 0x0b, 0xe1, 0x8f, 0x98, 0x8d, 0xe5, 0x08, 0xff, 0xff, 0xfb, 0x30, 0x8f, 0x40,
    0x02, 0xce, 0x28, 0xf4, 0x00, 0x05, 0xf8, 0x8f, 0x40, 0x00, 0x4f, 0x88, 0xf4, 0x00, 0x08, 0xf7,
    0x8f, 0x98, 0x8b, 0xfe, 0x18, 0xff, 0xff, 0xe9, 0x20, 0x34, 0x44, 0x44, 0x44, 0x0b, 0xff, 0xff,
    0xff, 0xf0, 0xbf, 0x88, 0x88, 0x88, 0x0b, 0xf0, 0x00, 0x00, 0x00, 0xbf, 0x00, 0x00, 0x00, 0x0b,
    0xf0, 0x00, 0x00, 0x00, 0xbf, 0x00, 0x00, 0x00, 0x0b, 0xf0, 0x00, 0x00, 0x00, 0xbf, 0x00, 0x00,
    0x00, 0x0b, 0xf0, 0x00, 0x00, 0x00, 0xbf, 0x00, 0x00, 0x00, 0x0b, 0xf0, 0x00, 0x00, 0x00, 0xbf,
    0x00, 0x00, 0x00, 0x0b, 0xf0, 0x00, 0x00, 0x00, 0x00, 0x00, 0x34, 0x20, 0x00, 0x00, 0x00, 0xef,
    0xb0, 0x00, 0x00, 0x03, 0xfd, 0xf0, 0x00, 0x00, 0x07, 0xf8, 0xf4, 0x00, 0x00, 0x0a, 0xe2, 0xf8,
    0x00, 0x00, 0x0e, 0xa0, 0xec, 0x00, 0x00, 0x4f, 0x70, 0xaf, 0x10, 0x00, 0x8f, 0x40, 0x7f, 0x50,
    0x00, 0xbf, 0x00, 0x3f, 0x80, 0x00, 0xfb, 0x00, 0x0e, 0xc0, 0x04, 0xf8, 0x00, 0x0a, 0xf1, 0x08,
    0xf4, 0x00, 0x07, 0xf5, 0x0c, 0xf8, 0x88, 0x89, 0xf8, 0x1f, 0xff, 0xff, 0xff, 0xfd, 0x14, 0x44,
    0x44, 0x44, 0x24, 0xff, 0xff, 0xff, 0xf8, 0x4f, 0xb8, 0x88, 0x88, 0x44, 0xf8, 0x00, 0x00, 0x00,
    0x4f, 0x80, 0x00, 0x00, 0x04, 0xf8, 0x00, 0x00, 0x00, 0x4f, 0xdb, 0xbb, 0xb8, 0x04, 0xff, 0xff,
    0xff, 0xb0, 0x4f, 0x80, 0x00, 0x00, 0x04, 0xf8, 0x00, 0x00, 0x00, 0x4f, 0x80, 0x00, 0x00, 0x04,
    0xf8, 0x00, 0x00, 0x00, 0x4f, 0xb8, 0x88, 0x88, 0x44, 0xff, 0xff, 0xff, 0xf8, 0x24, 0x44, 0x44,
    0x44, 0x08, 0xff, 0xff, 0xff, 0xf0, 0x48, 0x88, 0x88, 0xef, 0x00, 0x00, 0x00, 0x5f, 0x80, 0x00,
    0x00, 0x1d, 0xe1, 0x00, 0x00, 0x08, 0xf6, 0x00, 0x00, 0x02, 0xfc, 0x00, 0x00, 0x00, 0xaf, 0x40,
    0x00, 0x00, 0x4f, 0x90, 0x00, 0x00, 0x0d, 0xe1, 0x00, 0x00, 0x08, 0xf8, 0x00, 0x00, 0x01, 0xed,
    0x00, 0x00, 0x00, 0x8f, 0xa8, 0x88, 0x88, 0x28, 0xff, 0xff, 0xff, 0xf4, 0x24, 0x20, 0x00, 0x24,
    0x18, 0xf8, 0x00, 0x08, 0xf4, 0x8f, 0x80, 0x00, 0x8f, 0x48, 0xf8, 0x00, 0x08, 0xf4, 0x8f, 0x80,
    0x00, 0x8f, 0x48, 0xf8, 0x00, 0x08, 0xf4, 0x8f, 0xb8, 0x88, 0xbf, 0x48, 0xff, 0xff, 0xff, 0xf4,
    0x8f, 0x80, 0x00, 0x8f, 0x48, 0xf8, 0x00, 0x08, 0xf4, 0x8f, 0x80, 0x00, 0x8f, 0x48, 0xf8, 0x00,
    0x08, 0xf4, 0x8f, 0x80, 0x00, 0x8f, 0x48, 0xf8, 0x00, 0x08, 0xf4, 0x00, 0x04, 0x43, 0x00, 0x00,
    0x3e, 0xff, 0xfc, 0x30, 0x1e, 0xe6, 0x48, 0xfc, 0x06, 0xf7, 0x00, 0x09, 0xf3, 0x8f, 0x40, 0x00,
    0x8f, 0x48, 0xf4, 0x00, 0x08, 0xf4, 0x8f, 0x68, 0x88, 0x8f, 0x48, 0xf8, 0xff, 0xf8, 0xf4, 0x8f,
    0x54, 0x44, 0x8f, 0x48, 0xf4, 0x00, 0x08, 0xf4, 0x8f, 0x40, 0x00, 0x8f, 0x46, 0xf8, 0x00, 0x0b,
    0xf3, 0x1e, 0xf8, 0x8a, 0xfb, 0x00, 0x3b, 0xff, 0xfb, 0x10, 0x00, 0x02, 0x41, 0x00, 0x00, 0x14,
    0x44, 0x44, 0x44, 0x4f, 0xff, 0xff, 0xff, 0x28, 0x8b, 0xf9, 0x88, 0x00, 0x08, 0xf4, 0x00, 0x00,
    0x08, 0xf4, 0x00, 0x00, 0x08, 0xf4, 0x00, 0x00, 0x08, 0xf4, 0x00, 0x00, 0x08, 0xf4, 0x00, 0x00,
    0x08, 0xf4, 0x00, 0x00, 0x08, 0xf4, 0x00, 0x00, 0x08, 0xf4, 0x00, 0x00, 0x08, 0xf4, 0x00, 0x28,
    0x8b, 0xf9, 0x88, 0x4f, 0xff, 0xff, 0xff, 0x24, 0x10, 0x00, 0x04, 0x40, 0x8f, 0x40, 0x00, 0x4f,
    0x90, 0x8f, 0x40, 0x00, 0xdf, 0x20, 0x8f, 0x40, 0x06, 0xf9, 0x00, 0x8f, 0x40, 0x0d, 0xf2, 0x00,
    0x8f, 0x40, 0x6f, 0x90, 0x00, 0x8f, 0x98, 0xdf, 0x20, 0x00, 0x8f, 0xff, 0xfd, 0x00, 0x00, 0x8f,
    0x40, 0x9f, 0x60, 0x00, 0x8f, 0x40, 0x2f, 0xd0, 0x00, 0x8f, 0x40, 0x09, 0xf6, 0x00, 0x8f, 0x40,
    0x02, 0xfd, 0x00, 0x8f, 0x40, 0x00, 0x9f, 0x60, 0x8f, 0x40, 0x00, 0x2f, 0xd0, 0x00, 0x00, 0x34,
    0x20, 0x00, 0x00, 0x00, 0xef, 0xb0, 0x00, 0x00, 0x03, 0xfd, 0xf0, 0x00, 0x00, 0x07, 0xf8, 0xf4,
    0x00, 0x00, 0x0a, 0xe2, 0xf8, 0x00, 0x00, 0x0e, 0xa0, 0xec, 0x00, 0x00, 0x4f, 0x70, 0xaf, 0x10,
    0x00, 0x8f, 0x40, 0x7f, 0x50, 0x00, 0xbf, 0x00, 0x3f, 0x80, 0x00, 0xfb, 0x00, 0x0e, 0xc0, 0x04,
    0xf8, 0x00, 0x0a, 0xf1, 0x08, 0xf4, 0x00, 0x07, 0xf5, 0x0c, 0xf0, 0x00, 0x03, 0xf8, 0x1f, 0xb0,
    0x00, 0x00, 0xfd, 0x34, 0x30, 0x00, 0x44, 0x2b, 0xfe, 0x00, 0x2f, 0xe8, 0xbd, 0xf3, 0x07, 0xcf,
    0x8b, 0xbc, 0x80, 0xa8, 0xf8, 0xbb, 0x8c, 0x1f, 0x3f, 0x8b, 0xe3, 0xf6, 0xe0, 0xf8, 0xbf, 0x0e,
    0xd9, 0x0f, 0x8b, 0xf0, 0x9f, 0x50, 0xf8, 0xbf, 0x02, 0x40, 0x0f, 0x8b, 0xf0, 0x00, 0x00, 0xf8,
    0xbf, 0x00, 0x00, 0x0f, 0x8b, 0xf0, 0x00, 0x00, 0xf8, 0xbf, 0x00, 0x00, 0x0f, 0x8b, 0xf0, 0x00,
    0x00, 0xf8, 0x24, 0x30, 0x00, 0x24, 0x18, 0xff, 0x10, 0x08, 0xf4, 0x8f, 0xf7, 0x00, 0x8f, 0x48,
    0xfa, 0xc0, 0x08, 0xf4, 0x8f, 0x9f, 0x20, 0x8f, 0x48, 0xf5, 0xf8, 0x08, 0xf4, 0x8f, 0x4a, 0xd0,
    0x8f, 0x48, 0xf4, 0x6f, 0x38, 0xf4, 0x8f, 0x40, 0xe8, 0x8f, 0x48, 0xf4, 0x09, 0xd7, 0xf4, 0x8f,
    0x40, 0x5f, 0x8f, 0x48, 0xf4, 0x00, 0xed, 0xf4, 0x8f, 0x40, 0x08, 0xff, 0x48, 0xf4, 0x00, 0x3f,
    0xf4, 0x24, 0x44, 0x44, 0x44, 0x28, 0xff, 0xff, 0xff, 0xf8, 0x48, 0x88, 0x88, 0x88, 0x40, 0x00,
    0x00, 0x00, 0x00, 0x00, 0x00, 0x00, 0x00, 0x00, 0x00, 0x00, 0x00, 0x00, 0x08, 0x88, 0x88, 0x86,
    0x00, 0xff, 0xff, 0xff, 0xb0, 0x04, 0x44, 0x44, 0x43, 0x00, 0x00, 0x00, 0x00, 0x00, 0x00, 0x00,
    0x00, 0x00, 0x00, 0x00, 0x00, 0x00, 0x00, 0x6b, 0xbb, 0xbb, 0xbb, 0x68, 0xff, 0xff, 0xff, 0xf8,
    0x00, 0x04, 0x43, 0x00, 0x00, 0x3d, 0xff, 0xfc, 0x30, 0x1e, 0xe6, 0x48, 0xfc, 0x06, 0xf7, 0x00,
    0x09, 0xf3, 0x8f, 0x40, 0x00, 0x8f, 0x48, 0xf4, 0x00, 0x08, 0xf4, 0x8f, 0x40, 0x00, 0x8f, 0x48,
    0xf4, 0x00, 0x08, 0xf4, 0x8f, 0x40, 0x00, 0x8f, 0x48, 0xf4, 0x00, 0x08, 0xf4, 0x8f, 0x40, 0x00,
    0x8f, 0x45, 0xf8, 0x00, 0x0b, 0xf2, 0x0d, 0xf8, 0x8a, 0xfb, 0x00, 0x3b, 0xff, 0xf9, 0x10, 0x00,
    0x01, 0x41, 0x00, 0x00, 0x24, 0x44, 0x44, 0x44, 0x18, 0xff, 0xff, 0xff, 0xf4, 0x8f, 0xb8, 0x88,
    0xbf, 0x48, 0xf8, 0x00, 0x08, 0xf4, 0x8f, 0x80, 0x00, 0x8f, 0x48, 0xf8, 0x00, 0x08, 0xf4, 0x8f,
    0x80, 0x00, 0x8f, 0x48, 0xf8, 0x00, 0x08, 0xf4, 0x8f, 0x80, 0x00, 0x8f, 0x48, 0xf8, 0x00, 0x08,
    0xf4, 0x8f, 0x80, 0x00, 0x8f, 0x48, 0xf8, 0x00, 0x08, 0xf4, 0x8f, 0x80, 0x00, 0x8f, 0x48, 0xf8,
    0x00, 0x08, 0xf4, 0x24, 0x44, 0x41, 0x00, 0x08, 0xff, 0xff, 0xfd, 0x50, 0x8f, 0x98, 0x88, 0xef,
    0x58, 0xf4, 0x00, 0x03, 0xfb, 0x8f, 0x40, 0x00, 0x0f, 0xf8, 0xf4, 0x00, 0x00, 0xfe, 0x8f, 0x40,
    0x00, 0x9f, 0x98, 0xff, 0xff, 0xff, 0xc1, 0x8f, 0xcb, 0xba, 0x71, 0x08, 0xf4, 0x00, 0x00, 0x00,
    0x8f, 0x40, 0x00, 0x00, 0x08, 0xf4, 0x00, 0x00, 0x00, 0x8f, 0x40, 0x00, 0x00, 0x08, 0xf4, 0x00,
    0x00, 0x00, 0x34, 0x44, 0x44, 0x44, 0x4b, 0xff, 0xff, 0xff, 0xff, 0x8f, 0xc8, 0x88, 0x88, 0x80,
    0xcf, 0x60, 0x00, 0x00, 0x01, 0xde, 0x30, 0x00, 0x00, 0x03, 0xee, 0x20, 0x00, 0x00, 0x05, 0xfc,
    0x10, 0x00, 0x00, 0x0c, 0xf5, 0x00, 0x00, 0x08, 0xf8, 0x00, 0x00, 0x06, 0xfb, 0x00, 0x00, 0x03,
    0xed, 0x10, 0x00, 0x01, 0xde, 0x30, 0x00, 0x00, 0xaf, 0xc8, 0x88, 0x88, 0x8b, 0xff, 0xff, 0xff,
    0xff, 0x04, 0x44, 0x44, 0x44, 0x43, 0x0f, 0xff, 0xff, 0xff, 0xfb, 0x08, 0x88, 0xbf, 0x98, 0x86,
    0x00, 0x00, 0x8f, 0x40, 0x00, 0x00, 0x00, 0x8f, 0x40, 0x00, 0x00, 0x00, 0x8f, 0x40, 0x00, 0x00,
    0x00, 0x8f, 0x40, 0x00, 0x00, 0x00, 0x8f, 0x40, 0x00, 0x00, 0x00, 0x8f, 0x40, 0x00, 0x00, 0x00,
    0x8f, 0x40, 0x00, 0x00, 0x00, 0x8f, 0x40, 0x00, 0x00, 0x00, 0x8f, 0x40, 0x00, 0x00, 0x00, 0x8f,
    0x40, 0x00, 0x00, 0x00, 0x8f, 0x40, 0x00, 0x24, 0x20, 0x00, 0x00, 0x24, 0x12, 0xfb, 0x00, 0x00,
    0x0d, 0xd0, 0x09, 0xf4, 0x00, 0x06, 0xf7, 0x00, 0x2f, 0xb0, 0x00, 0xde, 0x10, 0x00, 0xaf, 0x20,
    0x5f, 0x80, 0x00, 0x04, 0xf9, 0x0b, 0xe1, 0x00, 0x00, 0x0b, 0xf6, 0xf8, 0x00, 0x00, 0x00, 0x4f,
    0xef, 0x20, 0x00, 0x00, 0x00, 0xbf, 0x90, 0x00, 0x00, 0x00, 0x08, 0xf4, 0x00, 0x00, 0x00, 0x00,
    0x8f, 0x40, 0x00, 0x00, 0x00, 0x08, 0xf4, 0x00, 0x00, 0x00, 0x00, 0x8f, 0x40, 0x00, 0x00, 0x00,
    0x08, 0xf4, 0x00, 0x00, 0x00, 0x00, 0x6b, 0x30, 0x00, 0x00, 0x01, 0x6b, 0xf9, 0x60, 0x00, 0x03,
    0xef, 0xff, 0xff, 0xc1, 0x00, 0xde, 0x44, 0xf4, 0x7f, 0x90, 0x3f, 0x80, 0x4f, 0x40, 0xbe, 0x04,
    0xf8, 0x04, 0xf4, 0x08, 0xf0, 0x4f, 0x80, 0x4f, 0x40, 0x8f, 0x04, 0xf8, 0x04, 0xf4, 0x08, 0xf0,
    0x4f, 0x80, 0x4f, 0x40, 0x8f, 0x04, 0xf8, 0x04, 0xf4, 0x08, 0xf0, 0x1f, 0xb0, 0x4f, 0x41, 0xdd,
    0x00, 0x8f, 0xb9, 0xf9, 0xdf, 0x50, 0x00, 0x8d, 0xff, 0xfd, 0x50, 0x00, 0x00, 0x08, 0xf4, 0x00,
    0x00, 0x00, 0x00, 0x48, 0x20, 0x00, 0x00, 0x14, 0x40, 0x00, 0x00, 0x44, 0x00, 0xbf, 0x40, 0x00,
    0x6f, 0x80, 0x04, 0xfb, 0x00, 0x0d, 0xe1, 0x00, 0x0a, 0xf4, 0x06, 0xf8, 0x00, 0x00, 0x2f, 0xb0,
    0xdd, 0x00, 0x00, 0x00, 0x9f, 0x9f, 0x60, 0x00, 0x00, 0x01, 0xef, 0xb0, 0x00, 0x00, 0x00, 0x0b,
    0xf8, 0x00, 0x00, 0x00, 0x04, 0xfe, 0xf2, 0x00, 0x00, 0x00, 0xce, 0x5f, 0x90, 0x00, 0x00, 0x6f,
    0x80, 0xbf, 0x40, 0x00, 0x1d, 0xe1, 0x04, 0xfb, 0x00, 0x08, 0xf7, 0x00, 0x0a, 0xf4, 0x01, 0xed,
    0x00, 0x00, 0x2f, 0xd0, 0x04, 0x20, 0x14, 0x10, 0x34, 0x0f, 0x80, 0x4f, 0x40, 0xbf, 0x0f, 0x80,
    0x4f, 0x40, 0xbf, 0x0f, 0x80, 0x4f, 0x40, 0xbf, 0x0f, 0x80, 0x4f, 0x40, 0xbf, 0x0f, 0x80, 0x4f,
    0x40, 0xbf, 0x0f, 0x80, 0x4f, 0x40, 0xbf, 0x0f, 0x80, 0x4f, 0x40, 0xbe, 0x0d, 0xd1, 0x4f, 0x42,
    0xfa, 0x06, 0xfd, 0x9f, 0xae, 0xf3, 0x00, 0x5c, 0xff, 0xfa, 0x40, 0x00, 0x00, 0x8f, 0x40, 0x00,
    0x00, 0x00, 0x8f, 0x40, 0x00, 0x00, 0x00, 0x8f, 0x40, 0x00, 0x00, 0x00, 0x44, 0x30, 0x00, 0x00,
    0x5e, 0xff, 0xfd, 0x30, 0x02, 0xfe, 0x64, 0x8f, 0xd1, 0x08, 0xf6, 0x00, 0x08, 0xf5, 0x0b, 0xf4,
    0x00, 0x04, 0xf8, 0x0b, 0xf4, 0x00, 0x04, 0xf8, 0x0b, 0xf4, 0x00, 0x04, 0xf8, 0x0b, 0xf4, 0x00,
    0x04, 0xf8, 0x0b, 0xf4, 0x00, 0x04, 0xf8, 0x0b, 0xf4, 0x00, 0x04, 0xf8, 0x07, 0xf5, 0x00, 0x08,
    0xf5, 0x01, 0xcc, 0x40, 0x6e, 0x90, 0x08, 0x8d, 0xb0, 0xfb, 0x88, 0x0f, 0xff, 0xb0, 0xff, 0xff,
    0x00, 0x00, 0x00, 0x00, 0x08, 0xf5, 0x08, 0xf6, 0x0a, 0xf7, 0x0a, 0xf8, 0x01, 0x40, 0x01, 0x41,
    0x14, 0x44, 0x44, 0x44, 0x4f, 0xff, 0xff, 0xff, 0x28, 0x8b, 0xf9, 0x88, 0x00, 0x08, 0xf4, 0x00,
    0x00, 0x08, 0xf4, 0x00, 0x00, 0x08, 0xf4, 0x00, 0x00, 0x08, 0xf4, 0x00, 0x00, 0x08, 0xf4, 0x00,
    0x00, 0x08, 0xf4, 0x00, 0x00, 0x08, 0xf4, 0x00, 0x00, 0x08, 0xf4, 0x00, 0x00, 0x08, 0xf4, 0x00,
    0x28, 0x8b, 0xf9, 0x88, 0x4f, 0xff, 0xff, 0xff, 0x00, 0x00, 0x00, 0x00, 0x00, 0x00, 0x08, 0xf5,
    0x08, 0xf6, 0x00, 0x00, 0xaf, 0x70, 0xaf, 0x80, 0x00, 0x01, 0x40, 0x01, 0x41, 0x00, 0x24, 0x20,
    0x00, 0x00, 0x24, 0x12, 0xfb, 0x00, 0x00, 0x0d, 0xd0, 0x09, 0xf4, 0x00, 0x06, 0xf7, 0x00, 0x2f,
    0xb0, 0x00, 0xde, 0x10, 0x00, 0xaf, 0x20, 0x5f, 0x80, 0x00, 0x04, 0xf9, 0x0b, 0xe1, 0x00, 0x00,
    0x0b, 0xf6, 0xf8, 0x00, 0x00, 0x00, 0x4f, 0xef, 0x20, 0x00, 0x00, 0x00, 0xbf, 0x90, 0x00, 0x00,
    0x00, 0x08, 0xf4, 0x00, 0x00, 0x00, 0x00, 0x8f, 0x40, 0x00, 0x00, 0x00, 0x08, 0xf4, 0x00, 0x00,
    0x00, 0x00, 0x8f, 0x40, 0x00, 0x00, 0x00, 0x08, 0xf4, 0x00, 0x00, 0x00, 0x00, 0x04, 0x40, 0x00,
    0x00, 0x07, 0xf8, 0x00, 0x00, 0x03, 0xfa, 0x00, 0x00, 0x00, 0x68, 0x10, 0x00, 0x00, 0x00, 0x00,
    0x00, 0x00, 0x3d, 0xff, 0x88, 0xf4, 0x1e, 0xf9, 0x8b, 0xcf, 0x47, 0xf8, 0x00, 0x0d, 0xf4, 0x8f,
    0x40, 0x00, 0x8f, 0x48, 0xf4, 0x00, 0x08, 0xf4, 0x8f, 0x40, 0x00, 0x8f, 0x48, 0xf4, 0x00, 0x08,
    0xf4, 0x7f, 0x80, 0x00, 0xcf, 0x42, 0xff, 0x87, 0xad, 0xf4, 0x06, 0xef, 0xf9, 0x8f, 0x40, 0x00,
    0x42, 0x00, 0x00, 0x00, 0x00, 0x03, 0x40, 0x00, 0x00, 0x05, 0xf9, 0x00, 0x00, 0x02, 0xec, 0x00,
    0x00, 0x00, 0x58, 0x10, 0x00, 0x00, 0x00, 0x00, 0x00, 0x00, 0x5c, 0xff, 0xfc, 0x50, 0x4f, 0xe8,
    0x88, 0xef, 0x28, 0xf6, 0x00, 0x04, 0x84, 0x4f, 0xa0, 0x00, 0x00, 0x00, 0x6d, 0xfb, 0xb3, 0x00,
    0x3e, 0xeb, 0xbb, 0x30, 0x0a, 0xf5, 0x00, 0x00, 0x00, 0xbf, 0x30, 0x00, 0x3b, 0x66, 0xfd, 0x88,
    0x8d, 0xf5, 0x08, 0xef, 0xff, 0xe8, 0x00, 0x00, 0x04, 0x00, 0x00, 0x00, 0x00, 0x03, 0x41, 0x00,
    0x00, 0x04, 0xfa, 0x00, 0x00, 0x01, 0xec, 0x10, 0x00, 0x00, 0x58, 0x30, 0x00, 0x00, 0x00, 0x00,
    0x00, 0x08, 0xf5, 0xbf, 0xfb, 0x30, 0x8f, 0xa9, 0x8a, 0xfc, 0x08, 0xf9, 0x00, 0x0b, 0xf3, 0x8f,
    0x60, 0x00, 0x8f, 0x48, 0xf4, 0x00, 0x08, 0xf4, 0x8f, 0x40, 0x00, 0x8f, 0x48, 0xf4, 0x00, 0x08,
    0xf4, 0x8f, 0x40, 0x00, 0x8f, 0x48, 0xf4, 0x00, 0x08, 0xf4, 0x8f, 0x40, 0x00, 0x8f, 0x40, 0x00,
    0x00, 0x00, 0x44, 0x00, 0x00, 0x00, 0x07, 0xf8, 0x00, 0x00, 0x00, 0x3f, 0xa0, 0x00, 0x00, 0x00,
    0x68, 0x10, 0x00, 0x00, 0x00, 0x00, 0x00, 0x00, 0x0f, 0xff, 0xff, 0x40, 0x00, 0x0b, 0xbb, 0xdf,
    0x40, 0x00, 0x00, 0x00, 0x8f, 0x40, 0x00, 0x00, 0x00, 0x8f, 0x40, 0x00, 0x00, 0x00, 0x8f, 0x40,
    0x00, 0x00, 0x00, 0x8f, 0x40, 0x00, 0x00, 0x00, 0x8f, 0x40, 0x00, 0x00, 0x00, 0x8f, 0x50, 0x00,
    0x00, 0x00, 0x4f, 0xd8, 0x88, 0x00, 0x00, 0x06, 0xdf, 0xff, 0x00, 0x00, 0x04, 0x20, 0x00, 0x00,
    0x08, 0xe2, 0x00, 0x00, 0x02, 0xe7, 0x00, 0x00, 0x8f, 0x50, 0x8f, 0x50, 0x0b, 0xf8, 0x0a, 0xf8,
    0x00, 0x24, 0x10, 0x14, 0x10, 0x00, 0x00, 0x00, 0x00, 0x08, 0xf4, 0x00, 0x08, 0xf4, 0x8f, 0x40,
    0x00, 0x8f, 0x48, 0xf4, 0x00, 0x08, 0xf4, 0x8f, 0x40, 0x00, 0x8f, 0x48, 0xf4, 0x00, 0x08, 0xf4,
    0x8f, 0x40, 0x00, 0x8f, 0x48, 0xf4, 0x00, 0x08, 0xf4, 0x5f, 0x80, 0x00, 0xbf, 0x20, 0xdf, 0x88,
    0xaf, 0xb0, 0x03, 0xbf, 0xff, 0x91, 0x00, 0x00, 0x14, 0x10, 0x00, 0x00, 0x00, 0x00, 0x00, 0x00,
    0x3d, 0xff, 0x88, 0xf4, 0x1e, 0xf9, 0x8b, 0xcf, 0x47, 0xf8, 0x00, 0x0d, 0xf4, 0x8f, 0x40, 0x00,
    0x8f, 0x48, 0xf4, 0x00, 0x08, 0xf4, 0x8f, 0x40, 0x00, 0x8f, 0x48, 0xf4, 0x00, 0x08, 0xf4, 0x7f,
    0x80, 0x00, 0xcf, 0x42, 0xff, 0x87, 0xad, 0xf4, 0x06, 0xef, 0xf9, 0x8f, 0x40, 0x00, 0x42, 0x00,
    0x00, 0x00, 0x04, 0x43, 0x00, 0x00, 0x3d, 0xff, 0xfc, 0x30, 0x0d, 0xf8, 0x48, 0xfb, 0x05, 0xf8,
    0x00, 0x0c, 0xf2, 0x8f, 0x40, 0x00, 0x9f, 0x18, 0xf4, 0x00, 0x3e, 0xb0, 0x8f, 0x43, 0xbf, 0x91,
    0x08, 0xf4, 0x3b, 0xcf, 0x90, 0x8f, 0x40, 0x00, 0x8f, 0x68, 0xf4, 0x00, 0x01, 0xfb, 0x8f, 0x60,
    0x00, 0x1f, 0xb8, 0xfb, 0x00, 0x07, 0xf9, 0x8f, 0xcb, 0x89, 0xff, 0x28, 0xf5, 0xcf, 0xfd, 0x50,
    0x8f, 0x40, 0x33, 0x00, 0x08, 0xf4, 0x00, 0x00, 0x00, 0x8f, 0x40, 0x00, 0x00, 0x02, 0x41, 0x00,
    0x00, 0x00, 0x0d, 0xe0, 0x00, 0x02, 0xf9, 0x08, 0xf5, 0x00, 0x07, 0xf5, 0x02, 0xfa, 0x00, 0x0c,
    0xe0, 0x00, 0xcf, 0x10, 0x2f, 0x90, 0x00, 0x7f, 0x60, 0x7f, 0x40, 0x00, 0x2f, 0xa0, 0xcd, 0x00,
    0x00, 0x0a, 0xf3, 0xf8, 0x00, 0x00, 0x06, 0xf9, 0xf3, 0x00, 0x00, 0x01, 0xff, 0xd0, 0x00, 0x00,
    0x00, 0x9f, 0x70, 0x00, 0x00, 0x00, 0x8f, 0x40, 0x00, 0x00, 0x00, 0x8f, 0x40, 0x00, 0x00, 0x00,
    0x8f, 0x40, 0x00, 0x00, 0x00, 0x24, 0x10, 0x00, 0x14, 0x44, 0x44, 0x44, 0x04, 0xff, 0xff, 0xff,
    0xf0, 0x2c, 0xf8, 0x44, 0x44, 0x00, 0x18, 0xf8, 0x00, 0x00, 0x00, 0x08, 0xfc, 0x10, 0x00, 0x3d,
    0xff, 0xfc, 0x10, 0x2e, 0xe6, 0x46, 0xf8, 0x07, 0xf6, 0x00, 0x0c, 0xf1, 0x8f, 0x40, 0x00, 0x8f,
    0x48, 0xf4, 0x00, 0x08, 0xf4, 0x8f, 0x40, 0x00, 0x8f, 0x46, 0xf8, 0x00, 0x0c, 0xf2, 0x1e, 0xf8,
    0x8b, 0xfb, 0x00, 0x3b, 0xff, 0xf9, 0x10, 0x00, 0x01, 0x41, 0x00, 0x00, 0x00, 0x00, 0x00, 0x00,
    0x00, 0x5c, 0xff, 0xfc, 0x50, 0x4f, 0xe8, 0x88, 0xef, 0x28, 0xf6, 0x00, 0x04, 0x84, 0x4f, 0xa0,
    0x00, 0x00, 0x00, 0x6d, 0xfb, 0xb3, 0x00, 0x3e, 0xeb, 0xbb, 0x30, 0x0a, 0xf5, 0x00, 0x00, 0x00,
    0xbf, 0x30, 0x00, 0x3b, 0x66, 0xfd, 0x88, 0x8d, 0xf5, 0x08, 0xef, 0xff, 0xe8, 0x00, 0x00, 0x04,
    0x00, 0x00, 0x03, 0x44, 0x44, 0x44, 0x40, 0x0b, 0xff, 0xff, 0xff, 0xf0, 0x06, 0x88, 0x88, 0xbf,
    0xe0, 0x00, 0x00, 0x06, 0xfc, 0x30, 0x00, 0x00, 0x9f, 0xc1, 0x00, 0x00, 0x09, 0xf9, 0x10, 0x00,
    0x00, 0x9f, 0x90, 0x00, 0x00, 0x06, 0xfa, 0x00, 0x00, 0x00, 0x0d, 0xe1, 0x00, 0x00, 0x00, 0x0f,
    0xb0, 0x00, 0x00, 0x00, 0x0f, 0xd1, 0x00, 0x00, 0x00, 0x09, 0xfd, 0x62, 0x00, 0x00, 0x01, 0x8f,
    0xff, 0xc8, 0x10, 0x00, 0x02, 0x7a, 0xff, 0xc0, 0x00, 0x00, 0x00, 0x1c, 0xf0, 0x00, 0x00, 0x00,
    0x1e, 0xd0, 0x00, 0x00, 0x00, 0x6f, 0x40, 0x00, 0x00, 0x00, 0x02, 0x00, 0x00, 0x00, 0x00, 0x00,
    0x08, 0xf5, 0xbf, 0xfb, 0x30, 0x8f, 0xa9, 0x8a, 0xfc, 0x08, 0xf9, 0x00, 0x0b, 0xf3, 0x8f, 0x60,
    0x00, 0x8f, 0x48, 0xf4, 0x00, 0x08, 0xf4, 0x8f, 0x40, 0x00, 0x8f, 0x48, 0xf4, 0x00, 0x08, 0xf4,
    0x8f, 0x40, 0x00, 0x8f, 0x48, 0xf4, 0x00, 0x08, 0xf4, 0x8f, 0x40, 0x00, 0x8f, 0x40, 0x00, 0x00,
    0x30, 0x00, 0x00, 0x3b, 0xff, 0xf9, 0x10, 0x1d, 0xf9, 0x8a, 0xfb, 0x06, 0xf8, 0x00, 0x0b, 0xf2,
    0x8f, 0x40, 0x00, 0x8f, 0x48, 0xf4, 0x00, 0x08, 0xf4, 0x8f, 0x74, 0x44, 0x9f, 0x48, 0xff, 0xff,
    0xff, 0xf4, 0x8f, 0x74, 0x44, 0x9f, 0x48, 0xf4, 0x00, 0x08, 0xf4, 0x8f, 0x40, 0x00, 0x8f, 0x46,
    0xf8, 0x00, 0x0b, 0xf3, 0x1e, 0xf8, 0x8a, 0xfb, 0x00, 0x3b, 0xff, 0xfb, 0x10, 0x00, 0x02, 0x41,
    0x00, 0x00, 0x0f, 0xff, 0xff, 0x40, 0x00, 0x0b, 0xbb, 0xdf, 0x40, 0x00, 0x00, 0x00, 0x8f, 0x40,
    0x00, 0x00, 0x00, 0x8f, 0x40, 0x00, 0x00, 0x00, 0x8f, 0x40, 0x00, 0x00, 0x00, 0x8f, 0x40, 0x00,
    0x00, 0x00, 0x8f, 0x40, 0x00, 0x00, 0x00, 0x8f, 0x50, 0x00, 0x00, 0x00, 0x4f, 0xd8, 0x88, 0x00,
    0x00, 0x06, 0xdf, 0xff, 0x4f, 0x80, 0x00, 0x4f, 0xb0, 0x4f, 0x80, 0x01, 0xdf, 0x20, 0x4f, 0x80,
    0x08, 0xf8, 0x00, 0x4f, 0x80, 0x3f, 0xc0, 0x00, 0x4f, 0xff, 0xff, 0x30, 0x00, 0x4f, 0xdb, 0xdf,
    0x50, 0x00, 0x4f, 0x80, 0x2e, 0xe1, 0x00, 0x4f, 0x80, 0x07, 0xf9, 0x00, 0x4f, 0x80, 0x00, 0xcf,
    0x40, 0x4f, 0x80, 0x00, 0x3f, 0xd1, 0x00, 0x03, 0x40, 0x00, 0x00, 0x00, 0x08, 0xf5, 0x00, 0x00,
    0x00, 0x02, 0xfa, 0x00, 0x00, 0x00, 0x00, 0xcf, 0x10, 0x00, 0x00, 0x00, 0x9f, 0x70, 0x00, 0x00,
    0x00, 0xef, 0xc0, 0x00, 0x00, 0x06, 0xfb, 0xf3, 0x00, 0x00, 0x0a, 0xf4, 0xf8, 0x00, 0x00, 0x2f,
    0xa0, 0xde, 0x00, 0x00, 0x7f, 0x60, 0x8f, 0x50, 0x00, 0xde, 0x00, 0x3f, 0x90, 0x03, 0xf9, 0x00,
    0x0c, 0xf1, 0x09, 0xf5, 0x00, 0x07, 0xf6, 0x0e, 0xe0, 0x00, 0x02, 0xfc, 0x8f, 0x80, 0x00, 0x8f,
    0x48, 0xf8, 0x00, 0x08, 0xf4, 0x8f, 0x80, 0x00, 0x8f, 0x48, 0xf8, 0x00, 0x08, 0xf4, 0x8f, 0x80,
    0x00, 0x8f, 0x48, 0xf8, 0x00, 0x08, 0xf4, 0x8f, 0x80, 0x00, 0x8f, 0x48, 0xf9, 0x00, 0x0c, 0xf4,
    0x8f, 0xb8, 0x7a, 0xdf, 0x48, 0xf8, 0xef, 0xd8, 0xf4, 0x8f, 0x81, 0x40, 0x00, 0x08, 0xf8, 0x00,
    0x00, 0x00, 0x8f, 0x80, 0x00, 0x00, 0x02, 0x42, 0x00, 0x00, 0x00, 0x0e, 0xe0, 0x00, 0x02, 0xfc,
    0x09, 0xf3, 0x00, 0x07, 0xf7, 0x05, 0xf8, 0x00, 0x0a, 0xf2, 0x00, 0xed, 0x00, 0x1f, 0xc0, 0x00,
    0x9f, 0x30, 0x6f, 0x70, 0x00, 0x5f, 0x80, 0xaf, 0x10, 0x00, 0x0e, 0xd1, 0xfa, 0x00, 0x00, 0x09,
    0xf8, 0xf6, 0x00, 0x00, 0x05, 0xfe, 0xf1, 0x00, 0x00, 0x00, 0xef, 0xa0, 0x00, 0x00, 0x03, 0x44,
    0x10, 0x00, 0x1b, 0xff, 0xff, 0x80, 0x0b, 0xfa, 0x45, 0xcf, 0x60, 0xfd, 0x00, 0x02, 0xb8, 0x0f,
    0xb0, 0x00, 0x00, 0x00, 0xaf, 0x40, 0x00, 0x00, 0x01, 0x9f, 0xff, 0xf8, 0x00, 0x8f, 0xeb, 0xbb,
    0x60, 0x4f, 0xc1, 0x00, 0x00, 0x08, 0xf5, 0x00, 0x00, 0x00, 0x7f, 0x80, 0x00, 0x00, 0x02, 0xef,
    0x82, 0x00, 0x00, 0x03, 0xdf, 0xfd, 0x83, 0x00, 0x00, 0x59, 0xdf, 0xf5, 0x00, 0x00, 0x00, 0x6f,
    0x80, 0x00, 0x00, 0x07, 0xf6, 0x00, 0x00, 0x00, 0xcc, 0x00, 0x00, 0x00, 0x00, 0x20, 0x00, 0x00,
    0x00, 0x00, 0x00, 0x19, 0xff, 0xe8, 0x10, 0x1c, 0xfa, 0x8b, 0xfa, 0x06, 0xf8, 0x00, 0x0b, 0xf3,
    0x8f, 0x40, 0x00, 0x8f, 0x48, 0xf4, 0x00, 0x08, 0xf4, 0x8f, 0x40, 0x00, 0x8f, 0x48, 0xf4, 0x00,
    0x08, 0xf4, 0x6f, 0x80, 0x00, 0xaf, 0x31, 0xef, 0x88, 0xaf, 0xb0, 0x03, 0xbf, 0xff, 0x91, 0x00,
    0x00, 0x03, 0x00, 0x00, 0x8f, 0xff, 0xff, 0xff, 0xff, 0x06, 0xbf, 0xdb, 0xbd, 0xfc, 0xb0, 0x00,
    0xf8, 0x00, 0x8f, 0x40, 0x00, 0x0f, 0x80, 0x08, 0xf4, 0x00, 0x00, 0xf8, 0x00, 0x8f, 0x40, 0x00,
    0x0f, 0x80, 0x08, 0xf4, 0x00, 0x00, 0xf8, 0x00, 0x8f, 0x40, 0x00, 0x0f, 0x80, 0x06, 0xf6, 0x00,
    0x00, 0xf8, 0x00, 0x2e, 0xe8, 0x00, 0x0f, 0x80, 0x00, 0x5d, 0xf0, 0x00, 0x00, 0x00, 0x00, 0x00,
    0x00, 0x00, 0x00, 0x00, 0x00, 0x00, 0x19, 0xff, 0xf9, 0x10, 0x0c, 0xf9, 0x8b, 0xfb, 0x04, 0xf9,
    0x00, 0x0b, 0xf2, 0x6f, 0x80, 0x00, 0x8f, 0x48, 0xf8, 0x00, 0x08, 0xf4, 0x8f, 0x80, 0x00, 0x8f,
    0x48, 0xf8, 0x00, 0x08, 0xf4, 0x8f, 0x90, 0x00, 0xbf, 0x38, 0xfa, 0x87, 0x9f, 0xd0, 0x8f, 0x8b,
    0xff, 0xd3, 0x08, 0xf8, 0x02, 0x30, 0x00, 0x8f, 0x80, 0x00, 0x00, 0x08, 0xf8, 0x00, 0x00, 0x00,
    0x24, 0x20, 0x00, 0x00, 0x00, 0x00, 0x00, 0x00, 0x00, 0x00, 0x19, 0xff, 0xfa, 0x20, 0x0c, 0xfb,
    0x89, 0xfd, 0x15, 0xfa, 0x00, 0x08, 0xf6, 0x8f, 0x50, 0x00, 0x28, 0x48, 0xf4, 0x00, 0x00, 0x00,
    0x8f, 0x40, 0x00, 0x00, 0x07, 0xf6, 0x00, 0x00, 0x00, 0x2f, 0xe5, 0x00, 0x00, 0x00, 0x6f, 0xfe,
    0x95, 0x00, 0x00, 0x28, 0xcf, 0xf8, 0x00, 0x00, 0x00, 0x2f, 0xb0, 0x00, 0x00, 0x03, 0xf9, 0x00,
    0x00, 0x00, 0x8e, 0x10, 0x00, 0x00, 0x00, 0x30, 0x00, 0x01, 0x8c, 0xff, 0xff, 0xf4, 0x0b, 0xfc,
    0xbe, 0xeb, 0xb3, 0x5f, 0xa0, 0x01, 0xda, 0x00, 0x8f, 0x40, 0x00, 0x8f, 0x30, 0x8f, 0x40, 0x00,
    0x8f, 0x40, 0x8f, 0x40, 0x00, 0x8f, 0x40, 0x8f, 0x40, 0x00, 0x8f, 0x40, 0x6f, 0x80, 0x00, 0xbf,
    0x20, 0x1e, 0xf8, 0x8a, 0xfa, 0x00, 0x03, 0xbf, 0xff, 0x91, 0x00, 0x00, 0x02, 0x40, 0x00, 0x00,
    0x4f, 0xff, 0xff, 0xff, 0xf8, 0x3b, 0xbc, 0xfd, 0xbb, 0xb6, 0x00, 0x04, 0xf8, 0x00, 0x00, 0x00,
    0x04, 0xf8, 0x00, 0x00, 0x00, 0x04, 0xf8, 0x00, 0x00, 0x00, 0x04, 0xf8, 0x00, 0x00, 0x00, 0x04,
    0xf8, 0x00, 0x00, 0x00, 0x04, 0xf8, 0x00, 0x00, 0x00, 0x00, 0xef, 0x98, 0x82, 0x00, 0x00, 0x3d,
    0xff, 0xf4, 0x8f, 0x40, 0x00, 0x8f, 0x48, 0xf4, 0x00, 0x08, 0xf4, 0x8f, 0x40, 0x00, 0x8f, 0x48,
    0xf4, 0x00, 0x08, 0xf4, 0x8f, 0x40, 0x00, 0x8f, 0x48, 0xf4, 0x00, 0x08, 0xf4, 0x8f, 0x40, 0x00,
    0x8f, 0x45, 0xf8, 0x00, 0x0b, 0xf2, 0x0d, 0xf8, 0x8a, 0xfb, 0x00, 0x3b, 0xff, 0xf9, 0x10, 0x00,
    0x01, 0x41, 0x00, 0x00, 0x00, 0x88, 0x4f, 0xea, 0x40, 0x08, 0xf7, 0x4f, 0x8d, 0xf4, 0x0e, 0xc0,
    0x4f, 0x01, 0xea, 0x0f, 0x80, 0x4f, 0x00, 0xbe, 0x0f, 0x80, 0x4f, 0x00, 0xbf, 0x0f, 0x80, 0x4f,
    0x00, 0xbf, 0x0f, 0x80, 0x4f, 0x00, 0xbe, 0x0e, 0xc0, 0x4f, 0x01, 0xea, 0x07, 0xfb, 0x9f, 0x8c,
    0xf4, 0x00, 0x7d, 0xff, 0xfc, 0x50, 0x00, 0x00, 0x8f, 0x40, 0x00, 0x00, 0x00, 0x8f, 0x40, 0x00,
    0x00, 0x00, 0x8f, 0x40, 0x00, 0x00, 0x00, 0x24, 0x10, 0x00, 0x0a, 0xf7, 0x00, 0x08, 0xf8, 0x01,
    0xee, 0x10, 0x4f, 0xc0, 0x00, 0x5f, 0xa0, 0xce, 0x30, 0x00, 0x09, 0xf9, 0xf7, 0x00, 0x00, 0x01,
    0xdf, 0xb0, 0x00, 0x00, 0x02, 0xef, 0xc1, 0x00, 0x00, 0x0b, 0xf8, 0xf8, 0x00, 0x00, 0x7f, 0x80,
    0xbf, 0x40, 0x03, 0xfd, 0x10, 0x2e, 0xd1, 0x0c, 0xf4, 0x00, 0x07, 0xf9, 0x0f, 0x80, 0x4f, 0x40,
    0xbf, 0x0f, 0x80, 0x4f, 0x40, 0xbf, 0x0f, 0x80, 0x4f, 0x40, 0xbf, 0x0f, 0x80, 0x4f, 0x40, 0xbf,
    0x0f, 0x80, 0x4f, 0x40, 0xbf, 0x0f, 0x80, 0x4f, 0x40, 0xbf, 0x0f, 0x80, 0x4f, 0x40, 0xbe, 0x0e,
    0xc0, 0x4f, 0x41, 0xeb, 0x08, 0xfa, 0x9f, 0x9c, 0xf5, 0x00, 0x8d, 0xff, 0xfc, 0x50, 0x00, 0x00,
    0x8f, 0x40, 0x00, 0x00, 0x00, 0x8f, 0x40, 0x00, 0x00, 0x00, 0x8f, 0x40, 0x00, 0x00, 0x00, 0x24,
    0x10, 0x00, 0x00, 0x00, 0x00, 0x00, 0x00, 0x01, 0xa8, 0x00, 0x0a, 0x70, 0x08, 0xf7, 0x00, 0x0b,
    0xf5, 0x0e, 0xc0, 0x00, 0x01, 0xfa, 0x0f, 0x80, 0x14, 0x10, 0xbd, 0x0f, 0x80, 0x4f, 0x40, 0xbf,
    0x0f, 0x80, 0x4f, 0x40, 0xbf, 0x0f, 0x80, 0x4f, 0x40, 0xbf, 0x0f, 0x80, 0x6f, 0x40, 0xbc, 0x0d,
    0xe5, 0xcb, 0x96, 0xfa, 0x05, 0xff, 0xb1, 0xdf, 0xe3, 0x00, 0x13, 0x00, 0x04, 0x00, 0x19, 0xb8,
    0x09, 0xff, 0xf6, 0xbf, 0xff, 0x88, 0xff, 0xf5, 0x07, 0x85, 0x00, 0x00, 0x00, 0x00, 0x00, 0x6e,
    0xfd, 0x40, 0x4f, 0x74, 0x9e, 0x18, 0xc0, 0x01, 0xf4, 0x8b, 0x00, 0x0f, 0x48, 0xb0, 0x00, 0xf4,
    0x8b, 0x00, 0x0f, 0x46, 0xf4, 0x08, 0xf2, 0x08, 0xff, 0xf6, 0x00, 0x02, 0x41, 0x00, 0x07, 0x30,
    0xd7, 0x04, 0x20, 0xf8, 0x0f, 0x80, 0xf8, 0x0f, 0x80, 0xf8, 0x00, 0x00, 0x00, 0x0a, 0xc0, 0x00,
    0x05, 0xf3, 0x00, 0x02, 0xe8, 0x00, 0x00, 0xbc, 0x04, 0xf0, 0x6f, 0x20, 0x4f, 0x08, 0xff, 0xff,
    0xf0, 0x24, 0x44, 0x7f, 0x00, 0x00, 0x04, 0xf0, 0x00, 0x00, 0x00, 0x00, 0x0f, 0xff, 0xff, 0x00,
    0xf7, 0x44, 0x40, 0x0f, 0x40, 0x00, 0x00, 0xff, 0xfe, 0x60, 0x00, 0x00, 0x8f, 0x34, 0x60, 0x00,
    0xf4, 0x6f, 0x40, 0x6f, 0x30, 0x9f, 0xff, 0x80, 0x00, 0x24, 0x10, 0x00, 0x00, 0x1e, 0x80, 0x00,
    0x09, 0xc0, 0x00, 0x04, 0xf3, 0x00, 0x01, 0xdd, 0xff, 0x80, 0x7e, 0x30, 0x6f, 0x38, 0xb0, 0x00,
    0xf8, 0x7e, 0x40, 0x6f, 0x30, 0x9f, 0xff, 0x80, 0x00, 0x24, 0x10, 0x00, 0x4f, 0xff, 0xff, 0x44,
    0xf4, 0x46, 0xf4, 0x3b, 0x00, 0x8d, 0x00, 0x00, 0x1e, 0x70, 0x00, 0x08, 0xe1, 0x00, 0x00, 0xe8,
    0x00, 0x00, 0x6f, 0x10, 0x00, 0x0d, 0x90, 0x00, 0x00, 0x00, 0x00, 0x00, 0x00, 0x00, 0x00, 0x00,
    0x8e, 0xfd, 0x60, 0x5f, 0x51, 0x8f, 0x26, 0xf0, 0x02, 0xf3, 0x08, 0xc9, 0xc5, 0x03, 0xea, 0x8b,
    0xc1, 0x8c, 0x00, 0x0f, 0x67, 0xd2, 0x04, 0xf5, 0x1b, 0xff, 0xf8, 0x00, 0x02, 0x41, 0x00, 0x00,
    0x00, 0x00, 0x00, 0x7e, 0xfd, 0x50, 0x4f, 0x74, 0x9e, 0x28, 0xc0, 0x00, 0xf4, 0x7e, 0x10, 0x4f,
    0x31, 0xce, 0xbe, 0xc0, 0x00, 0x46, 0xf4, 0x00, 0x00, 0xc8, 0x00, 0x00, 0x8d, 0x10, 0x00, 0x00,
    0x00, 0x00, 0x00, 0x28, 0x00, 0x00, 0x4f, 0x00, 0x0b, 0xcf, 0xbb, 0x08, 0x9f, 0x88, 0x00, 0x4f,
    0x00, 0x00, 0x28, 0x00, 0x8b, 0xbb, 0xb6, 0x68, 0x88, 0x84, 0x28, 0x88, 0x88, 0x23, 0xbb, 0xbb,
    0xb3, 0x00, 0x00, 0x00, 0x02, 0x88, 0x88, 0x82, 0x3b, 0xbb, 0xbb, 0x30, 0x03, 0x80, 0x0d, 0x90,
    0x3f, 0x50, 0x8f, 0x00, 0xbc, 0x00, 0xbc, 0x00, 0x8f, 0x00, 0x4f, 0x50, 0x0b, 0xb0, 0x03, 0x81,
    0x18, 0x20, 0x0c, 0x90, 0x07, 0xf1, 0x03, 0xf6, 0x00, 0xf8, 0x00, 0xf8, 0x02, 0xf6, 0x07, 0xf2,
    0x0d, 0x90, 0x28, 0x10, 0x42, 0x26, 0x30, 0xfc, 0xde, 0xf8, 0xfa, 0x00, 0xcb, 0xf8, 0x00, 0xbb,
    0xf8, 0x00, 0xbb, 0xf8, 0x00, 0xbb, 0x00, 0x00, 0x00, 0x03, 0x9b, 0x91, 0x02, 0xeb, 0x8c, 0xc0,
    0x8d, 0x00, 0x2f, 0x48, 0xb0, 0x00, 0xf4, 0x8b, 0x00, 0x0f, 0x48, 0xb0, 0x00, 0xf4, 0x7e, 0x10,
    0x4f, 0x31, 0xce, 0xbf, 0x90, 0x01, 0x68, 0x50, 0x00, 0x00, 0x8b, 0x60, 0x02, 0xdd, 0xd8, 0x00,
    0x48, 0x1b, 0x80, 0x00, 0x00, 0xb8, 0x00, 0x00, 0x0b, 0x80, 0x00, 0x00, 0xb8, 0x00, 0x00, 0x0b,
    0x80, 0x03, 0xbb, 0xed, 0xb8, 0x28, 0x88, 0x88, 0x60, 0x02, 0x9b, 0x91, 0x01, 0xeb, 0x8c, 0xc0,
    0x3b, 0x10, 0x4f, 0x40, 0x00, 0x06, 0xf2, 0x00, 0x06, 0xf6, 0x00, 0x08, 0xf6, 0x00, 0x09, 0xe3,
    0x00, 0x04, 0xfd, 0xbb, 0xb3, 0x28, 0x88, 0x88, 0x20, 0x3b, 0xbb, 0xbb, 0x02, 0x88, 0x8c, 0xe0,
    0x00, 0x08, 0xc3, 0x00, 0x04, 0xfa, 0x20, 0x00, 0x15, 0xae, 0x12, 0x30, 0x01, 0xf4, 0x7e, 0x10,
    0x4f, 0x41, 0xce, 0xbe, 0xa0, 0x01, 0x68, 0x50, 0x00, 0x00, 0x07, 0xa1, 0x00, 0x03, 0xf5, 0x00,
    0x00, 0xca, 0x00, 0x00, 0x8e, 0x13, 0xb0, 0x4f, 0x50, 0x4f, 0x08, 0xfb, 0xbc, 0xf0, 0x48, 0x88,
    0x9f, 0x00, 0x00, 0x04, 0xf0, 0x00, 0x00, 0x28, 0x00, 0x0b, 0xbb, 0xbb, 0x00, 0xf9, 0x88, 0x80,
    0x0f, 0x40, 0x00, 0x00, 0xfc, 0xb9, 0x30, 0x04, 0x45, 0xae, 0x12, 0x30, 0x01, 0xf4, 0x7e, 0x10,
    0x3f, 0x41, 0xce, 0xbe, 0xc0, 0x01, 0x68, 0x60, 0x00, 0x00, 0x0a, 0x70, 0x00, 0x07, 0xe1, 0x00,
    0x02, 0xe5, 0x00, 0x00, 0xbd, 0xbb, 0x40, 0x6f, 0x74, 0x9f, 0x28, 0xb0, 0x00, 0xf7, 0x8d, 0x10,
    0x3f, 0x51, 0xdd, 0xbe, 0xc0, 0x01, 0x68, 0x50, 0x00, 0x3b, 0xbb, 0xbb, 0x34, 0xf8, 0x88, 0xf4,
    0x4f, 0x00, 0x6e, 0x10, 0x00, 0x0d, 0x80, 0x00, 0x06, 0xf2, 0x00, 0x00, 0xd9, 0x00, 0x00, 0x4f,
    0x30, 0x00, 0x0b, 0xb0, 0x00, 0x01, 0x83, 0x00, 0x00, 0x02, 0x88, 0x71, 0x02, 0xeb, 0x8d, 0xc1,
    0x6f, 0x00, 0x1f, 0x42, 0xe7, 0x48, 0xc1, 0x08, 0xff, 0xf5, 0x07, 0xd2, 0x04, 0xf3, 0x8c, 0x00,
    0x0f, 0x74, 0xfa, 0x8b, 0xe2, 0x03, 0x8b, 0x82, 0x00, 0x03, 0xab, 0x92, 0x02, 0xea, 0x8c, 0xd1,
    0x8d, 0x00, 0x1f, 0x48, 0xd0, 0x02, 0xf4, 0x2e, 0xb8, 0xde, 0x00, 0x28, 0x8e, 0x60, 0x00, 0x0a,
    0xb0, 0x00, 0x05, 0xf2, 0x00, 0x00, 0x75, 0x00, 0x00, 0x00, 0x00, 0x00, 0x00, 0xb8, 0x00, 0x34,
    0xc9, 0x42, 0xbf, 0xff, 0xf8, 0x00, 0xb8, 0x00, 0x00, 0x86, 0x00, 0x34, 0x44, 0x42, 0xbf, 0xff,
    0xf8, 0x00, 0x00, 0x00, 0x34, 0x44, 0x42, 0x8b, 0xbb, 0xb6, 0x00, 0x00, 0x00, 0xbf, 0xff, 0xf8,
    0x34, 0x44, 0x42, 0x08, 0xd0, 0x1e, 0x70, 0x6f, 0x20, 0x9f, 0x00, 0xbb, 0x00, 0xad, 0x00, 0x7f,
    0x20, 0x2f, 0x80, 0x08, 0xd0, 0x2f, 0x60, 0x09, 0xd0, 0x05, 0xf3, 0x01, 0xf8, 0x00, 0xf8, 0x00,
    0xf8, 0x05, 0xf5, 0x09, 0xd0, 0x2f, 0x60, 0x04, 0xab, 0xa4, 0x00, 0xb8, 0x49, 0xf2, 0x02, 0x88,
    0xcf, 0x43, 0xf8, 0x57, 0xf4, 0x5f, 0x74, 0xcf, 0x40, 0x8b, 0xa6, 0xb3, 0x01, 0x9b, 0xb6, 0x00,
    0xcc, 0x46, 0xe8, 0x4f, 0x98, 0x8d, 0xb4, 0xf7, 0x44, 0x43, 0x0c, 0xc6, 0x6c, 0x60, 0x18, 0xbb,
    0x70, 0x01, 0x9b, 0xb8, 0x00, 0xcc, 0x57, 0xf8, 0x4f, 0x50, 0x09, 0xe3, 0xf6, 0x00, 0xae, 0x0c,
    0xe8, 0x8f, 0x80, 0x18, 0xbb, 0x60, 0x1b, 0x60, 0x3b, 0x40, 0x8f, 0x4e, 0xa0, 0x00, 0xbe, 0xe1,
    0x00, 0x1d, 0xcf, 0x30, 0x0a, 0xd1, 0xcc, 0x14, 0xb3, 0x01, 0xb6, 0x00, 0x38, 0x72, 0x00, 0x08,
    0xff, 0xff, 0x60, 0x03, 0x70, 0x1b, 0xf2, 0x08, 0x88, 0x8a, 0xf4, 0x0f, 0xdb, 0xbc, 0xf4, 0x0d,
    0xa0, 0x08, 0xf3, 0x08, 0xf9, 0x8f, 0x90, 0x00, 0x8b, 0xb8, 0x00, 0x84, 0x00, 0x00, 0xf8, 0x00,
    0x00, 0xf8, 0x9b, 0xa1, 0xfd, 0x88, 0xea, 0xf8, 0x00, 0xbb, 0xf8, 0x00, 0xbb, 0xf8, 0x00, 0xbb,
    0xb6, 0x00, 0x88, 0x84, 0x00, 0x00, 0xf8, 0x00, 0x00, 0xf8, 0x06, 0xb3, 0xf8, 0x7f, 0x60, 0xfe,
    0xf8, 0x00, 0xfc, 0xce, 0x20, 0xf8, 0x1d, 0xc1, 0xb6, 0x03, 0xb6, 0x84, 0xf8, 0xf8, 0xf8, 0xf8,
    0xf8, 0xf8, 0xb6, 0xb7, 0xab, 0x63, 0xbb, 0x60, 0xfe, 0x8a, 0xfb, 0x8c, 0xf2, 0xf8, 0x01, 0xf4,
    0x04, 0xf4, 0xf8, 0x00, 0xf4, 0x04, 0xf4, 0xf8, 0x00, 0xf4, 0x04, 0xf4, 0xb6, 0x00, 0xb3, 0x03,
    0xb3, 0xb7, 0x9b, 0xa1, 0xfd, 0x88, 0xea, 0xf8, 0x00, 0xbb, 0xf8, 0x00, 0xbb, 0xf8, 0x00, 0xbb,
    0xb6, 0x00, 0x88, 0xb7, 0x9b, 0xa2, 0x0f, 0xd6, 0x6e, 0xc0, 0xf8, 0x00, 0x8f, 0x0f, 0x80, 0x08,
    0xf0, 0xfe, 0x88, 0xeb, 0x0f, 0x88, 0xb8, 0x10, 0xf8, 0x00, 0x00, 0x0b, 0x60, 0x00, 0x00, 0x05,
    0xbb, 0xb5, 0x00, 0xfa, 0x47, 0xa0, 0x0c, 0xea, 0x83, 0x00, 0x15, 0x8c, 0xf3, 0x1f, 0xa4, 0x8f,
    0x30, 0x4a, 0xb9, 0x40, 0x00, 0x00, 0x00, 0xbb, 0x00, 0x8e, 0xe8, 0x03, 0xcc, 0x30, 0x0b, 0xb0,
    0x00, 0xbb, 0x00, 0x0b, 0xd6, 0x00, 0x3a, 0xb0, 0x00, 0x00, 0x00, 0x00, 0x00, 0x00, 0x00, 0x4f,
    0xc0, 0x00, 0x00, 0x00, 0x2e, 0xe1, 0x00, 0x00, 0x00, 0x0c, 0xf4, 0x00, 0x00, 0x00, 0x09, 0xf6,
    0x00, 0x00, 0x00, 0x06, 0xfe, 0xbb, 0xbb, 0xbb, 0xb6, 0x7f, 0xdb, 0xbb, 0xbb, 0xbb, 0x60, 0xaf,
    0x50, 0x00, 0x00, 0x00, 0x01, 0xce, 0x30, 0x00, 0x00, 0x00, 0x03, 0xec, 0x10, 0x00, 0x00, 0x00,
    0x05, 0xfa, 0x00, 0x00, 0x00, 0x00, 0x03, 0x41, 0x00, 0x00, 0x00, 0x00, 0x01, 0x00, 0x00, 0x00,
    0x00, 0x09, 0xf6, 0x00, 0x00, 0x00, 0x19, 0xff, 0xf8, 0x00, 0x00, 0x1c, 0xfc, 0xfc, 0xf9, 0x00,
    0x2c, 0xf6, 0x8f, 0x48, 0xfb, 0x04, 0xe5, 0x08, 0xf4, 0x06, 0xf0, 0x33, 0x00, 0x8f, 0x40, 0x05,
    0x00, 0x00, 0x08, 0xf4, 0x00, 0x00, 0x00, 0x00, 0x8f, 0x40, 0x00, 0x00, 0x00, 0x08, 0xf4, 0x00,
    0x00, 0x00, 0x00, 0x8f, 0x40, 0x00, 0x00, 0x00, 0x08, 0xf4, 0x00, 0x00, 0x00, 0x00, 0x8f, 0x40,
    0x00, 0x00, 0x00, 0x08, 0xf4, 0x00, 0x00, 0x00, 0x00, 0x00, 0x00, 0x00, 0x00, 0x00, 0x01, 0xee,
    0x20, 0x00, 0x00, 0x00, 0x03, 0xfc, 0x10, 0x00, 0x00, 0x00, 0x07, 0xf9, 0x00, 0x00, 0x00, 0x00,
    0x09, 0xf6, 0x08, 0xbb, 0xbb, 0xbb, 0xbf, 0xf3, 0x8b, 0xbb, 0xbb, 0xbb, 0xef, 0x40, 0x00, 0x00,
    0x00, 0x8f, 0x80, 0x00, 0x00, 0x00, 0x5f, 0xa0, 0x00, 0x00, 0x00, 0x3e, 0xd1, 0x00, 0x00, 0x00,
    0x1c, 0xe3, 0x00, 0x00, 0x00, 0x02, 0x43, 0x00, 0x00, 0x00, 0x00, 0x24, 0x10, 0x00, 0x00, 0x00,
    0x08, 0xf4, 0x00, 0x00, 0x00, 0x00, 0x8f, 0x40, 0x00, 0x00, 0x00, 0x08, 0xf4, 0x00, 0x00, 0x00,
    0x00, 0x8f, 0x40, 0x00, 0x00, 0x00, 0x08, 0xf4, 0x00, 0x00, 0x00, 0x00, 0x8f, 0x40, 0x00, 0x00,
    0x00, 0x08, 0xf4, 0x00, 0x00, 0x36, 0x00, 0x8f, 0x40, 0x06, 0x04, 0xf6, 0x08, 0xf4, 0x09, 0xf0,
    0x1c, 0xf8, 0x8f, 0x49, 0xf9, 0x00, 0x09, 0xfe, 0xfc, 0xf8, 0x00, 0x00, 0x08, 0xff, 0xf6, 0x00,
    0x00, 0x00, 0x06, 0xe3, 0x00, 0x00, 0x00, 0x00, 0x01, 0x00, 0x00, 0x00, 0x00, 0x00, 0x00, 0x00,
    0x00, 0x00, 0x00, 0x00, 0x00, 0x1d, 0xe3, 0x05, 0xfb, 0x00, 0x00, 0x00, 0x0a, 0xf5, 0x00, 0x08,
    0xf8, 0x00, 0x00, 0x08, 0xf8, 0x00, 0x00, 0x0b, 0xf5, 0x00, 0x05, 0xfb, 0x00, 0x00, 0x00, 0x1d,
    0xe3, 0x02, 0xef, 0xcb, 0xbb, 0xbb, 0xbb, 0xcf, 0xc1, 0x3e, 0xeb, 0xbb, 0xbb, 0xbb, 0xbb, 0xfd,
    0x10, 0x6f, 0x90, 0x00, 0x00, 0x01, 0xce, 0x30, 0x00, 0x8f, 0x70, 0x00, 0x00, 0x9f, 0x60, 0x00,
    0x00, 0xcf, 0x30, 0x00, 0x6f, 0x90, 0x00, 0x00, 0x01, 0xee, 0x10, 0x3f, 0xc0, 0x00, 0x00, 0x00,
    0x02, 0x42, 0x03, 0x41, 0x00, 0x00, 0x00, 0x00, 0x01, 0x00, 0x00, 0x00, 0x00, 0x06, 0xe4, 0x00,
    0x00, 0x00, 0x09, 0xff, 0xf6, 0x00, 0x00, 0x19, 0xfd, 0xfc, 0xf8, 0x00, 0x1c, 0xf8, 0x8f, 0x49,
    0xf9, 0x04, 0xf6, 0x08, 0xf4, 0x08, 0xf0, 0x35, 0x00, 0x8f, 0x40, 0x06, 0x00, 0x00, 0x08, 0xf4,
    0x00, 0x00, 0x00, 0x00, 0x8f, 0x40, 0x00, 0x00, 0x00, 0x08, 0xf4, 0x00, 0x00, 0x00, 0x00, 0x8f,
    0x40, 0x00, 0x00, 0x00, 0x08, 0xf4, 0x00, 0x00, 0x00, 0x00, 0x8f, 0x40, 0x00, 0x00, 0x00, 0x08,
    0xf4, 0x00, 0x00, 0x46, 0x00, 0x8f, 0x40, 0x09, 0x04, 0xf8, 0x08, 0xf4, 0x09, 0xf0, 0x09, 0xf9,
    0x8f, 0x5c, 0xf8, 0x00, 0x08, 0xfe, 0xfe, 0xf6, 0x00, 0x00, 0x06, 0xff, 0xe3, 0x00, 0x00, 0x00,
    0x05, 0xc3, 0x00, 0x00, 0x00, 0x00, 0x00, 0x00, 0x00, 0x00, 0x44, 0x44, 0x44, 0x41, 0x00, 0xff,
    0xff, 0xff, 0xf9, 0x00, 0xff, 0xe8, 0x88, 0x88, 0x20, 0xfd, 0xfc, 0x10, 0x00, 0x00, 0xfb, 0x6f,
    0xc1, 0x00, 0x00, 0xfb, 0x06, 0xfc, 0x10, 0x00, 0xfb, 0x00, 0x6f, 0xc1, 0x00, 0xfb, 0x00, 0x06,
    0xfc, 0x10, 0x5a, 0x00, 0x00, 0x6f, 0xb0, 0x01, 0x00, 0x00, 0x06, 0x30, 0x00, 0x14, 0x44, 0x44,
    0x43, 0x01, 0xcf, 0xff, 0xff, 0xfb, 0x05, 0x88, 0x88, 0x9f, 0xfb, 0x00, 0x00, 0x03, 0xee, 0xdb,
    0x00, 0x00, 0x3e, 0xe3, 0xfb, 0x00, 0x03, 0xee, 0x30, 0xfb, 0x00, 0x3e, 0xe3, 0x00, 0xfb, 0x03,
    0xee, 0x30, 0x00, 0xfb, 0x1e, 0xe3, 0x00, 0x00, 0xe3, 0x06, 0x30, 0x00, 0x00, 0x30, 0x08, 0x60,
    0x00, 0x00, 0x30, 0x1c, 0xf6, 0x00, 0x00, 0xe6, 0x01, 0xcf, 0x60, 0x00, 0xfb, 0x00, 0x1c, 0xf6,
    0x00, 0xfb, 0x00, 0x01, 0xcf, 0x60, 0xfb, 0x00, 0x00, 0x1c, 0xf6, 0xfb, 0x00, 0x00, 0x01, 0xcf,
    0xeb, 0x03, 0x88, 0x88, 0x8f, 0xfb, 0x00, 0x9f, 0xff, 0xff, 0xfb, 0x03, 0x00, 0x00, 0x09, 0x60,
    0x6b, 0x00, 0x00, 0x9f, 0x90, 0xfb, 0x00, 0x09, 0xf9, 0x00, 0xfb, 0x00, 0x9f, 0x90, 0x00, 0xfb,
    0x09, 0xf9, 0x00, 0x00, 0xfb, 0x9f, 0x90, 0x00, 0x00, 0xff, 0xf9, 0x00, 0x00, 0x00, 0xff, 0xe8,
    0x88, 0x88, 0x30, 0xff, 0xff, 0xff, 0xf9, 0x00, 0x6b, 0xbb, 0xbb, 0xbb, 0x36, 0xbb, 0xbb, 0xbb,
    0xb3, 0x00, 0x00, 0x00, 0x00, 0x00, 0x00, 0x00, 0x00, 0x00, 0x6b, 0xbb, 0xbb, 0xbb, 0x36, 0xbb,
    0xbb, 0xbb, 0xb3, 0x00, 0x00, 0x00, 0x00, 0x00, 0x00, 0x00, 0x00, 0x00, 0x6b, 0xbb, 0xbb, 0xbb,
    0x36, 0xbb, 0xbb, 0xbb, 0xb3, 0x00, 0x00, 0x00, 0x00, 0x00, 0x0b, 0x40, 0x00, 0x00, 0x00, 0x00,
    0xff, 0xb4, 0x00, 0x00, 0x00, 0x0f, 0xff, 0xfb, 0x40, 0x00, 0x00, 0xff, 0xff, 0xff, 0xb4, 0x00,
    0x0f, 0xff, 0xff, 0xff, 0xfb, 0x40, 0xff, 0xff, 0xff, 0xff, 0xff, 0x8f, 0xff, 0xff, 0xff, 0xfb,
    0x40, 0xff, 0xff, 0xff, 0xb4, 0x00, 0x0f, 0xff, 0xfc, 0x40, 0x00, 0x00, 0xff, 0xd6, 0x00, 0x00,
    0x00, 0x0d, 0x60, 0x00, 0x00, 0x00, 0x00, 0x00, 0x00, 0x00, 0x00, 0x00, 0x00, 0x00, 0x00, 0x00,
    0x00, 0x00, 0x0b, 0x40, 0x00, 0x00, 0x00, 0x00, 0xfb, 0xb4, 0x00, 0x00, 0x00, 0x0f, 0x04, 0xbb,
    0x40, 0x00, 0x00, 0xf0, 0x00, 0x4b, 0xb4, 0x00, 0x0f, 0x00, 0x00, 0x04, 0xbb, 0x40, 0xf0, 0x00,
    0x00, 0x00, 0x8f, 0x8f, 0x00, 0x00, 0x04, 0xbb, 0x40, 0xf0, 0x00, 0x4b, 0xb4, 0x00, 0x0f, 0x04,
    0xbc, 0x40, 0x00, 0x00, 0xfb, 0xd6, 0x00, 0x00, 0x00, 0x0d, 0x60, 0x00, 0x00, 0x00, 0x00, 0x00,
    0x00, 0x00, 0x00, 0x00, 0x00, 0x00, 0x00, 0x00, 0x00, 0x00, 0x00, 0x00, 0x04, 0xaf, 0xff, 0xa3,
    0x00, 0x00, 0x9f, 0xff, 0xff, 0xff, 0x60, 0x05, 0xff, 0xff, 0xff, 0xff, 0xf2, 0x0d, 0xff, 0xff,
    0xff, 0xff, 0xf9, 0x1f, 0xff, 0xff, 0xff, 0xff, 0xfe, 0x4f, 0xff, 0xff, 0xff, 0xff, 0xff, 0x1f,
    0xff, 0xff, 0xff, 0xff, 0xfe, 0x0d, 0xff, 0xff, 0xff, 0xff, 0xf9, 0x05, 0xff, 0xff, 0xff, 0xff,
    0xf3, 0x00, 0x9f, 0xff, 0xff, 0xff, 0x60, 0x00, 0x05, 0xcf, 0xff, 0xa4, 0x00, 0x00, 0x00, 0x00,
    0x00, 0x00, 0x00,
};

static const prim_glyph_t ui_font_mono_18_glyphs[] = {
    {32, 0, 0, 0, 0, 0, 11},
    {33, 0, 3, 15, 4, 14, 11},
    {34, 23, 7, 7, 2, 14, 11},
    {35, 48, 11, 14, 0, 14, 11},
    {36, 125, 9, 19, 1, 16, 11},
    {37, 211, 11, 15, 0, 14, 11},
    {38, 294, 12, 15, 0, 14, 11},
    {39, 384, 3, 7, 4, 14, 11},
    {40, 395, 6, 19, 3, 16, 11},
    {41, 452, 6, 19, 2, 16, 11},
    {42, 509, 11, 11, 0, 12, 11},
    {43, 570, 9, 10, 1, 11, 11},
    {44, 615, 4, 6, 3, 3, 11},
    {45, 627, 7, 2, 2, 7, 11},
    {46, 634, 4, 4, 3, 3, 11},
    {47, 642, 9, 17, 1, 15, 11},
    {48, 719, 9, 15, 1, 14, 11},
    {49, 787, 9, 14, 1, 14, 11},
    {50, 850, 9, 14, 1, 14, 11},
    {51, 913, 9, 15, 1, 14, 11},
    {52, 981, 8, 14, 1, 14, 11},
    {53, 1037, 9, 15, 1, 14, 11},
    {54, 1105, 9, 15, 1, 14, 11},
    {55, 1173, 9, 14, 1, 14, 11},
    {56, 1236, 9, 15, 1, 14, 11},
    {57, 1304, 9, 14, 1, 14, 11},
    {58, 1367, 4, 12, 3, 11, 11},
    {59, 1391, 4, 14, 3, 11, 11},
    {60, 1419, 9, 10, 1, 11, 11},
    {61, 1464, 9, 7, 1, 9, 11},
    {62, 1496, 9, 10, 1, 11, 11},
    {63, 1541, 7, 15, 2, 14, 11},
    {64, 1594, 11, 18, 0, 14, 11},
    {65, 1693, 10, 14, 0, 14, 11},
    {66, 1763, 9, 14, 1, 14, 11},
    {67, 1826, 9, 15, 1, 14, 11},
    {68, 1894, 9, 14, 1, 14, 11},
    {69, 1957, 9, 14, 1, 14, 11},
    {70, 2020, 9, 14, 1, 14, 11},
    {71, 2083, 9, 15, 1, 14, 11},
    {72, 2151, 9, 14, 1, 14, 11},
    {73, 2214, 8, 14, 1, 14, 11},
    {74, 2270, 9, 15, 0, 14, 11},
    {75, 2338, 10, 14, 1, 14, 11},
    {76, 2408, 8, 14, 2, 14, 11},
    {77, 2464, 9, 14, 1, 14, 11},
    {78, 2527, 9, 14, 1, 14, 11},
    {79, 2590, 9, 15, 1, 14, 11},
    {80, 2658, 9, 14, 1, 14, 11},
    {81, 2721, 9, 18, 1, 14, 11},
    {82, 2802, 9, 14, 1, 14, 11},
    {83, 2865, 9, 15, 1, 14, 11},
    {84, 2933, 10, 14, 0, 14, 11},
    {85, 3003, 9, 15, 1, 14, 11},
    {86, 3071, 10, 14, 0, 14, 11},
    {87, 3141, 11, 14, 0, 14, 11},
    {88, 3218, 11, 14, 0, 14, 11},
    {89, 3295, 11, 14, 0, 14, 11},
    {90, 3372, 9, 14, 1, 14, 11},
    {91, 3435, 6, 17, 3, 15, 11},
    {92, 3486, 9, 17, 1, 15, 11},
    {93, 3563, 6, 17, 2, 15, 11},
    {94, 3614, 9, 8, 1, 14, 11},
    {95, 3650, 9, 2, 1, 0, 11},
    {96, 3659, 5, 4, 2, 15, 11},
    {97, 3669, 9, 12, 1, 11, 11},
    {98, 3723, 9, 15, 1, 14, 11},
    {99, 3791, 9, 12, 1, 11, 11},
    {100, 3845, 9, 15, 1, 14, 11},
    {101, 3913, 9, 12, 1, 11, 11},
    {102, 3967, 10, 14, 0, 14, 11},
    {103, 4037, 9, 15, 1, 11, 11},
    {104, 4105, 9, 14, 1, 14, 11},
    {105, 4168, 10, 15, 1, 15, 11},
    {106, 4243, 8, 19, 1, 15, 11},
    {107, 4319, 10, 14, 1, 14, 11},
    {108, 4389, 10, 14, 0, 14, 11},
    {109, 4459, 9, 11, 1, 11, 11},
    {110, 4509, 9, 11, 1, 11, 11},
    {111, 4559, 9, 12, 1, 11, 11},
    {112, 4613, 9, 15, 1, 11, 11},
    {113, 4681, 9, 15, 1, 11, 11},
    {114, 4749, 9, 11, 1, 11, 11},
    {115, 4799, 9, 12, 1, 11, 11},
    {116, 4853, 10, 13, 0, 13, 11},
    {117, 4918, 9, 11, 1, 10, 11},
    {118, 4968, 10, 10, 0, 10, 11},
    {119, 5018, 11, 10, 0, 10, 11},
    {120, 5073, 10, 10, 0, 10, 11},
    {121, 5123, 10, 14, 0, 10, 11},
    {122, 5193, 9, 10, 1, 10, 11},
    {123, 5238, 9, 17, 1, 15, 11},
    {124, 5315, 3, 17, 4, 15, 11},
    {125, 5341, 9, 17, 1, 15, 11},
    {126, 5418, 9, 5, 1, 9, 11},
    {160, 5441, 0, 0, 0, 0, 11},
    {161, 5441, 3, 14, 4, 10, 11},
    {162, 5462, 9, 16, 1, 13, 11},
    {163, 5534, 9, 14, 1, 14, 11},
    {164, 5597, 11, 10, 0, 12, 11},
    {165, 5652, 11, 14, 0, 14, 11},
    {166, 5729, 3, 17, 4, 15, 11},
    {167, 5755, 9, 17, 1, 14, 11},
    {168, 5832, 7, 4, 2, 15, 11},
    {169, 5846, 10, 13, 0, 14, 11},
    {170, 5911, 5, 6, 3, 14, 11},
    {171, 5926, 11, 10, 0, 10, 11},
    {172, 5981, 9, 5, 1, 8, 11},
    {173, 6004, 7, 2, 2, 7, 11},
    {174, 6011, 10, 13, 0, 14, 11},
    {175, 6076, 7, 2, 2, 14, 11},
    {176, 6083, 7, 7, 2, 14, 11},
    {177, 6108, 9, 11, 1, 11, 11},
    {178, 6158, 7, 10, 2, 16, 11},
    {179, 6193, 7, 9, 2, 15, 11},
    {180, 6225, 4, 4, 4, 15, 11},
    {181, 6233, 9, 14, 1, 10, 11},
    {182, 6296, 9, 18, 1, 14, 11},
    {183, 6377, 4, 4, 3, 8, 11},
    {184, 6385, 5, 5, 3, 1, 11},
    {185, 6398, 7, 9, 2, 15, 11},
    {186, 6430, 5, 6, 3, 14, 11},
    {187, 6445, 11, 10, 0, 10, 11},
    {188, 6500, 11, 14, 0, 14, 11},
    {189, 6577, 11, 14, 0, 14, 11},
    {190, 6654, 11, 14, 0, 14, 11},
    {191, 6731, 8, 14, 1, 10, 11},
    {192, 6787, 10, 18, 0, 18, 11},
    {193, 6877, 10, 18, 0, 18, 11},
    {194, 6967, 10, 18, 0, 18, 11},
    {195, 7057, 10, 18, 0, 18, 11},
    {196, 7147, 10, 18, 0, 18, 11},
    {197, 7237, 10, 18, 0, 18, 11},
    {198, 7327, 11, 14, 0, 14, 11},
    {199, 7404, 9, 18, 1, 14, 11},
    {200, 7485, 9, 18, 1, 18, 11},
    {201, 7566, 9, 18, 1, 18, 11},
    {202, 7647, 9, 18, 1, 18, 11},
    {203, 7728, 9, 18, 1, 18, 11},
    {204, 7809, 8, 18, 1, 18, 11},
    {205, 7881, 8, 18, 1, 18, 11},
    {206, 7953, 8, 18, 1, 18, 11},
    {207, 8025, 8, 18, 1, 18, 11},
    {208, 8097, 10, 14, 0, 14, 11},
    {209, 8167, 9, 18, 1, 18, 11},
    {210, 8248, 9, 19, 1, 18, 11},
    {211, 8334, 9, 19, 1, 18, 11},
    {212, 8420, 9, 19, 1, 18, 11},
    {213, 8506, 9, 19, 1, 18, 11},
    {214, 8592, 9, 19, 1, 18, 11},
    {215, 8678, 8, 8, 1, 10, 11},
    {216, 8710, 11, 15, 0, 14, 11},
    {217, 8793, 9, 19, 1, 18, 11},
    {218, 8879, 9, 19, 1, 18, 11},
    {219, 8965, 9, 19, 1, 18, 11},
    {220, 9051, 9, 19, 1, 18, 11},
    {221, 9137, 11, 18, 0, 18, 11},
    {222, 9236, 9, 14, 1, 14, 11},
    {223, 9299, 9, 14, 1, 14, 11},
    {224, 9362, 9, 16, 1, 15, 11},
    {225, 9434, 9, 16, 1, 15, 11},
    {226, 9506, 9, 16, 1, 15, 11},
    {227, 9578, 9, 16, 1, 15, 11},
    {228, 9650, 9, 16, 1, 15, 11},
    {229, 9722, 9, 17, 1, 16, 11},
    {230, 9799, 11, 12, 0, 11, 11},
    {231, 9865, 9, 15, 1, 11, 11},
    {232, 9933, 9, 16, 1, 15, 11},
    {233, 10005, 9, 16, 1, 15, 11},
    {234, 10077, 9, 16, 1, 15, 11},
    {235, 10149, 9, 16, 1, 15, 11},
    {236, 10221, 10, 15, 1, 15, 11},
    {237, 10296, 10, 15, 1, 15, 11},
    {238, 10371, 10, 15, 1, 15, 11},
    {239, 10446, 10, 15, 1, 15, 11},
    {240, 10521, 9, 15, 1, 14, 11},
    {241, 10589, 9, 15, 1, 15, 11},
    {242, 10657, 9, 16, 1, 15, 11},
    {243, 10729, 9, 16, 1, 15, 11},
    {244, 10801, 9, 16, 1, 15, 11},
    {245, 10873, 9, 16, 1, 15, 11},
    {246, 10945, 9, 16, 1, 15, 11},
    {247, 11017, 9, 12, 1, 12, 11},
    {248, 11071, 11, 12, 0, 11, 11},
    {249, 11137, 9, 16, 1, 15, 11},
    {250, 11209, 9, 16, 1, 15, 11},
    {251, 11281, 9, 16, 1, 15, 11},
    {252, 11353, 9, 16, 1, 15, 11},
    {253, 11425, 10, 19, 0, 15, 11},
    {254, 11520, 9, 18, 1, 14, 11},
    {255, 11601, 10, 19, 0, 15, 11},
    {256, 11696, 10, 17, 0, 17, 11},
    {257, 11781, 9, 15, 1, 14, 11},
    {258, 11849, 10, 18, 0, 18, 11},
    {259, 11939, 9, 16, 1, 15, 11},
    {260, 12011, 11, 18, 0, 14, 11},
    {261, 12110, 10, 15, 1, 11, 11},
    {262, 12185, 9, 19, 1, 18, 11},
    {263, 12271, 9, 16, 1, 15, 11},
    {264, 12343, 9, 19, 1, 18, 11},
    {265, 12429, 9, 16, 1, 15, 11},
    {266, 12501, 9, 19, 1, 18, 11},
    {267, 12587, 9, 16, 1, 15, 11},
    {268, 12659, 9, 19, 1, 18, 11},
    {269, 12745, 9, 16, 1, 15, 11},
    {270, 12817, 9, 18, 1, 18, 11},
    {271, 12898, 10, 15, 1, 14, 11},
    {272, 12973, 10, 14, 0, 14, 11},
    {273, 13043, 10, 15, 1, 14, 11},
    {274, 13118, 9, 17, 1, 17, 11},
    {275, 13195, 9, 15, 1, 14, 11},
    {276, 13263, 9, 18, 1, 18, 11},
    {277, 13344, 9, 16, 1, 15, 11},
    {278, 13416, 9, 18, 1, 18, 11},
    {279, 13497, 9, 16, 1, 15, 11},
    {280, 13569, 9, 18, 1, 14, 11},
    {281, 13650, 9, 15, 1, 11, 11},
    {282, 13718, 9, 18, 1, 18, 11},
    {283, 13799, 9, 16, 1, 15, 11},
    {284, 13871, 9, 19, 1, 18, 11},
    {285, 13957, 9, 19, 1, 15, 11},
    {286, 14043, 9, 19, 1, 18, 11},
    {287, 14129, 9, 19, 1, 15, 11},
    {288, 14215, 9, 19, 1, 18, 11},
    {289, 14301, 9, 19, 1, 15, 11},
    {290, 14387, 9, 19, 1, 14, 11},
    {291, 14473, 9, 20, 1, 16, 11},
    {292, 14563, 9, 18, 1, 18, 11},
    {293, 14644, 11, 18, -1, 18, 11},
    {294, 14743, 11, 14, 0, 14, 11},
    {295, 14820, 10, 14, 0, 14, 11},
    {296, 14890, 8, 18, 1, 18, 11},
    {297, 14962, 10, 15, 1, 15, 11},
    {298, 15037, 8, 17, 1, 17, 11},
    {299, 15105, 10, 14, 1, 14, 11},
    {300, 15175, 8, 18, 1, 18, 11},
    {301, 15247, 10, 15, 1, 15, 11},
    {302, 15322, 8, 18, 1, 14, 11},
    {303, 15394, 10, 19, 1, 15, 11},
    {304, 15489, 8, 18, 1, 18, 11},
    {305, 15561, 10, 10, 1, 10, 11},
    {306, 15611, 13, 15, 1, 14, 15},
    {307, 15709, 7, 18, 1, 14, 9},
    {308, 15772, 12, 19, 0, 18, 11},
    {309, 15886, 10, 19, 1, 15, 11},
    {310, 15981, 10, 19, 1, 14, 11},
    {311, 16076, 10, 19, 1, 14, 11},
    {312, 16171, 10, 10, 1, 10, 11},
    {313, 16221, 8, 18, 2, 18, 11},
    {314, 16293, 10, 18, 0, 18, 11},
    {315, 16383, 8, 19, 2, 14, 11},
    {316, 16459, 10, 19, 0, 14, 11},
    {317, 16554, 8, 14, 2, 14, 11},
    {318, 16610, 10, 14, 0, 14, 11},
    {319, 16680, 8, 14, 2, 14, 11},
    {320, 16736, 12, 14, 0, 14, 11},
    {321, 16820, 10, 14, 0, 14, 11},
    {322, 16890, 10, 14, 0, 14, 11},
    {323, 16960, 9, 18, 1, 18, 11},
    {324, 17041, 9, 15, 1, 15, 11},
    {325, 17109, 9, 19, 1, 14, 11},
    {326, 17195, 9, 16, 1, 11, 11},
    {327, 17267, 9, 18, 1, 18, 11},
    {328, 17348, 9, 15, 1, 15, 11},
    {329, 17416, 11, 15, -1, 15, 11},
    {330, 17499, 9, 18, 1, 14, 11},
    {331, 17580, 9, 15, 1, 11, 11},
    {332, 17648, 9, 18, 1, 17, 11},
    {333, 17729, 9, 15, 1, 14, 11},
    {334, 17797, 9, 19, 1, 18, 11},
    {335, 17883, 9, 16, 1, 15, 11},
    {336, 17955, 9, 19, 1, 18, 11},
    {337, 18041, 9, 16, 1, 15, 11},
    {338, 18113, 11, 15, 0, 14, 11},
    {339, 18196, 11, 12, 0, 11, 11},
    {340, 18262, 9, 18, 1, 18, 11},
    {341, 18343, 9, 15, 1, 15, 11},
    {342, 18411, 9, 19, 1, 14, 11},
    {343, 18497, 10, 16, 0, 11, 11},
    {344, 18577, 9, 18, 1, 18, 11},
    {345, 18658, 9, 15, 1, 15, 11},
    {346, 18726, 9, 19, 1, 18, 11},
    {347, 18812, 9, 16, 1, 15, 11},
    {348, 18884, 9, 19, 1, 18, 11},
    {349, 18970, 9, 16, 1, 15, 11},
    {350, 19042, 9, 18, 1, 14, 11},
    {351, 19123, 9, 15, 1, 11, 11},
    {352, 19191, 9, 19, 1, 18, 11},
    {353, 19277, 9, 16, 1, 15, 11},
    {354, 19349, 10, 18, 0, 14, 11},
    {355, 19439, 10, 17, 0, 13, 11},
    {356, 19524, 10, 18, 0, 18, 11},
    {357, 19614, 10, 15, 0, 15, 11},
    {358, 19689, 10, 14, 0, 14, 11},
    {359, 19759, 10, 13, 0, 13, 11},
    {360, 19824, 9, 19, 1, 18, 11},
    {361, 19910, 9, 16, 1, 15, 11},
    {362, 19982, 9, 18, 1, 17, 11},
    {363, 20063, 9, 15, 1, 14, 11},
    {364, 20131, 9, 19, 1, 18, 11},
    {365, 20217, 9, 16, 1, 15, 11},
    {366, 20289, 9, 19, 1, 18, 11},
    {367, 20375, 9, 17, 1, 16, 11},
    {368, 20452, 9, 19, 1, 18, 11},
    {369, 20538, 9, 16, 1, 15, 11},
    {370, 20610, 9, 18, 1, 14, 11},
    {371, 20691, 9, 14, 1, 10, 11},
    {372, 20754, 11, 18, 0, 18, 11},
    {373, 20853, 11, 15, 0, 15, 11},
    {374, 20936, 11, 18, 0, 18, 11},
    {375, 21035, 10, 19, 0, 15, 11},
    {376, 21130, 11, 18, 0, 18, 11},
    {377, 21229, 9, 18, 1, 18, 11},
    {378, 21310, 9, 15, 1, 15, 11},
    {379, 21378, 9, 18, 1, 18, 11},
    {380, 21459, 9, 15, 1, 15, 11},
    {381, 21527, 9, 18, 1, 18, 11},
    {382, 21608, 9, 15, 1, 15, 11},
    {383, 21676, 8, 14, 2, 14, 11},
    {913, 21732, 10, 14, 0, 14, 11},
    {914, 21802, 9, 14, 1, 14, 11},
    {915, 21865, 9, 14, 2, 14, 11},
    {916, 21928, 10, 14, 0, 14, 11},
    {917, 21998, 9, 14, 1, 14, 11},
    {918, 22061, 9, 14, 1, 14, 11},
    {919, 22124, 9, 14, 1, 14, 11},
    {920, 22187, 9, 15, 1, 14, 11},
    {921, 22255, 8, 14, 1, 14, 11},
    {922, 22311, 10, 14, 1, 14, 11},
    {923, 22381, 10, 14, 0, 14, 11},
    {924, 22451, 9, 14, 1, 14, 11},
    {925, 22514, 9, 14, 1, 14, 11},
    {926, 22577, 9, 14, 1, 14, 11},
    {927, 22640, 9, 15, 1, 14, 11},
    {928, 22708, 9, 14, 1, 14, 11},
    {929, 22771, 9, 14, 1, 14, 11},
    {931, 22834, 9, 14, 1, 14, 11},
    {932, 22897, 10, 14, 0, 14, 11},
    {933, 22967, 11, 14, 0, 14, 11},
    {934, 23044, 11, 15, 0, 14, 11},
    {935, 23127, 11, 14, 0, 14, 11},
    {936, 23204, 10, 14, 0, 14, 11},
    {937, 23274, 10, 14, 0, 14, 11},
    {938, 23344, 8, 18, 1, 18, 11},
    {939, 23416, 11, 18, 0, 18, 11},
    {940, 23515, 9, 16, 1, 15, 11},
    {941, 23587, 9, 16, 1, 15, 11},
    {942, 23659, 9, 15, 1, 15, 11},
    {943, 23727, 10, 15, 0, 15, 11},
    {944, 23802, 9, 18, 1, 17, 11},
    {945, 23883, 9, 12, 1, 11, 11},
    {946, 23937, 9, 18, 1, 14, 11},
    {947, 24018, 10, 14, 0, 10, 11},
    {948, 24088, 9, 15, 1, 14, 11},
    {949, 24156, 9, 12, 1, 11, 11},
    {950, 24210, 10, 18, 1, 14, 11},
    {951, 24300, 9, 11, 1, 11, 11},
    {952, 24350, 9, 15, 1, 14, 11},
    {953, 24418, 10, 10, 0, 10, 11},
    {954, 24468, 10, 10, 1, 10, 11},
    {955, 24518, 10, 14, 0, 14, 11},
    {956, 24588, 9, 14, 1, 10, 11},
    {957, 24651, 10, 10, 0, 10, 11},
    {958, 24701, 9, 18, 1, 14, 11},
    {959, 24782, 9, 12, 1, 11, 11},
    {960, 24836, 11, 11, 0, 10, 11},
    {961, 24897, 9, 15, 1, 11, 11},
    {962, 24965, 9, 15, 1, 11, 11},
    {963, 25033, 10, 11, 1, 10, 11},
    {964, 25088, 10, 10, 0, 10, 11},
    {965, 25138, 9, 11, 1, 10, 11},
    {966, 25188, 10, 14, 0, 10, 11},
    {967, 25258, 10, 10, 0, 10, 11},
    {968, 25308, 10, 14, 0, 10, 11},
    {969, 25378, 10, 12, 0, 11, 11},
    {8226, 25438, 5, 5, 3, 9, 11},
    {8304, 25451, 7, 10, 2, 16, 11},
    {8305, 25486, 3, 9, 0, 16, 4},
    {8308, 25500, 7, 9, 2, 15, 11},
    {8309, 25532, 7, 9, 2, 15, 11},
    {8310, 25564, 7, 9, 2, 15, 11},
    {8311, 25596, 7, 9, 2, 15, 11},
    {8312, 25628, 7, 10, 2, 16, 11},
    {8313, 25663, 7, 10, 2, 16, 11},
    {8314, 25698, 6, 6, 2, 11, 11},
    {8315, 25716, 6, 2, 1, 12, 8},
    {8316, 25722, 7, 5, 2, 13, 11},
    {8317, 25740, 4, 10, 1, 16, 5},
    {8318, 25760, 4, 10, 0, 16, 5},
    {8319, 25780, 6, 7, 1, 14, 8},
    {8320, 25801, 7, 9, 2, 6, 11},
    {8321, 25833, 7, 9, 2, 6, 11},
    {8322, 25865, 7, 9, 2, 6, 11},
    {8323, 25897, 7, 9, 2, 6, 11},
    {8324, 25929, 7, 9, 2, 6, 11},
    {8325, 25961, 7, 9, 2, 6, 11},
    {8326, 25993, 7, 9, 2, 6, 11},
    {8327, 26025, 7, 9, 2, 6, 11},
    {8328, 26057, 7, 9, 2, 6, 11},
    {8329, 26089, 7, 9, 2, 6, 11},
    {8330, 26121, 6, 6, 1, 4, 8},
    {8331, 26139, 6, 3, 1, 2, 8},
    {8332, 26148, 6, 5, 1, 3, 8},
    {8333, 26163, 4, 9, 1, 5, 5},
    {8334, 26181, 4, 9, 0, 5, 5},
    {8336, 26199, 7, 6, 0, 3, 7},
    {8337, 26220, 7, 6, 0, 3, 8},
    {8338, 26241, 7, 6, 0, 3, 8},
    {8339, 26262, 7, 6, 0, 3, 7},
    {8340, 26283, 8, 8, 0, 4, 8},
    {8341, 26315, 6, 8, 1, 5, 8},
    {8342, 26339, 6, 8, 1, 5, 7},
    {8343, 26363, 2, 8, 1, 5, 4},
    {8344, 26371, 10, 6, 1, 3, 11},
    {8345, 26401, 6, 6, 1, 3, 8},
    {8346, 26419, 7, 8, 1, 3, 8},
    {8347, 26447, 7, 6, 0, 3, 7},
    {8348, 26468, 5, 8, 0, 5, 4},
    {8592, 26488, 11, 12, 0, 12, 11},
    {8593, 26554, 11, 14, 0, 14, 11},
    {8594, 26631, 11, 12, 0, 12, 11},
    {8595, 26697, 11, 15, 0, 14, 11},
    {8596, 26780, 15, 12, -2, 12, 11},
    {8597, 26870, 11, 21, 0, 17, 11},
    {8598, 26986, 10, 10, 1, 14, 11},
    {8599, 27036, 10, 10, 0, 14, 11},
    {8600, 27086, 10, 9, 0, 9, 11},
    {8601, 27131, 10, 9, 1, 9, 11},
    {8801, 27176, 9, 10, 1, 11, 11},
    {9654, 27221, 11, 13, 0, 13, 11},
    {9655, 27293, 11, 13, 0, 13, 11},
    {9679, 27365, 12, 13, -1, 13, 11},
};

const prim_font_t ui_font_mono_18 = {
    .bitmap_data = ui_font_mono_18_bmp,
    .glyphs = ui_font_mono_18_glyphs,
    .glyph_count = 432,
    .line_height = 23,
    .baseline = 18,
    .ascent = 18,
    .descent = 5,
    .bpp = 4,
};
